ISO-10303-21;
HEADER;
/* Generated by software containing ST-Developer
 * from STEP Tools, Inc. (www.steptools.com) 
 */

FILE_DESCRIPTION(
/* description */ (''),
/* implementation_level */ '2;1');

FILE_NAME(
/* name */ 'Cablechain-L-support Part-1.step',
/* time_stamp */ '2026-04-07T14:07:22+02:00',
/* author */ (''),
/* organization */ (''),
/* preprocessor_version */ 'ST-DEVELOPER v20.1',
/* originating_system */ 'Autodesk Translation Framework v14.24.0.0',
/* authorisation */ '');

FILE_SCHEMA (('AUTOMOTIVE_DESIGN { 1 0 10303 214 3 1 1 }'));
ENDSEC;

DATA;
#10=MECHANICAL_DESIGN_GEOMETRIC_PRESENTATION_REPRESENTATION('',(#13),#3192);
#11=SHAPE_REPRESENTATION_RELATIONSHIP('SRR','None',#3198,#12);
#12=ADVANCED_BREP_SHAPE_REPRESENTATION('',(#14),#3191);
#13=STYLED_ITEM('',(#3213),#14);
#14=MANIFOLD_SOLID_BREP('Cablechain-L-support Part-1',#1080);
#15=TOROIDAL_SURFACE('',#1165,75.4,3.);
#16=ELLIPSE('',#1149,315.854396834997,70.);
#17=ELLIPSE('',#1155,315.853511126031,70.0000000000109);
#18=ELLIPSE('',#1164,3.050475645215,3.);
#19=ELLIPSE('',#1179,3.050475645215,3.);
#20=FACE_BOUND('',#272,.T.);
#21=FACE_BOUND('',#280,.T.);
#22=PLANE('',#1122);
#23=PLANE('',#1129);
#24=PLANE('',#1131);
#25=PLANE('',#1132);
#26=PLANE('',#1135);
#27=PLANE('',#1137);
#28=PLANE('',#1138);
#29=PLANE('',#1142);
#30=PLANE('',#1151);
#31=PLANE('',#1154);
#32=PLANE('',#1157);
#33=PLANE('',#1167);
#34=PLANE('',#1168);
#35=PLANE('',#1181);
#36=PLANE('',#1182);
#37=PLANE('',#1183);
#38=PLANE('',#1184);
#39=PLANE('',#1185);
#40=PLANE('',#1186);
#41=LINE('',#2763,#105);
#42=LINE('',#2766,#106);
#43=LINE('',#2769,#107);
#44=LINE('',#2771,#108);
#45=LINE('',#2772,#109);
#46=LINE('',#2778,#110);
#47=LINE('',#2781,#111);
#48=LINE('',#2787,#112);
#49=LINE('',#2791,#113);
#50=LINE('',#2793,#114);
#51=LINE('',#2795,#115);
#52=LINE('',#2796,#116);
#53=LINE('',#2799,#117);
#54=LINE('',#2801,#118);
#55=LINE('',#2802,#119);
#56=LINE('',#2805,#120);
#57=LINE('',#2807,#121);
#58=LINE('',#2808,#122);
#59=LINE('',#2813,#123);
#60=LINE('',#2815,#124);
#61=LINE('',#2824,#125);
#62=LINE('',#2825,#126);
#63=LINE('',#2829,#127);
#64=LINE('',#2837,#128);
#65=LINE('',#2839,#129);
#66=LINE('',#2840,#130);
#67=LINE('',#2844,#131);
#68=LINE('',#2917,#132);
#69=LINE('',#2919,#133);
#70=LINE('',#2923,#134);
#71=LINE('',#2925,#135);
#72=LINE('',#2927,#136);
#73=LINE('',#2933,#137);
#74=LINE('',#2939,#138);
#75=LINE('',#2940,#139);
#76=LINE('',#2943,#140);
#77=LINE('',#2944,#141);
#78=LINE('',#2948,#142);
#79=LINE('',#2951,#143);
#80=LINE('',#2952,#144);
#81=LINE('',#2956,#145);
#82=LINE('',#2957,#146);
#83=LINE('',#3059,#147);
#84=LINE('',#3061,#148);
#85=LINE('',#3066,#149);
#86=LINE('',#3067,#150);
#87=LINE('',#3070,#151);
#88=LINE('',#3072,#152);
#89=LINE('',#3074,#153);
#90=LINE('',#3117,#154);
#91=LINE('',#3158,#155);
#92=LINE('',#3159,#156);
#93=LINE('',#3164,#157);
#94=LINE('',#3165,#158);
#95=LINE('',#3170,#159);
#96=LINE('',#3171,#160);
#97=LINE('',#3173,#161);
#98=LINE('',#3175,#162);
#99=LINE('',#3177,#163);
#100=LINE('',#3180,#164);
#101=LINE('',#3181,#165);
#102=LINE('',#3184,#166);
#103=LINE('',#3185,#167);
#104=LINE('',#3187,#168);
#105=VECTOR('',#1267,10.);
#106=VECTOR('',#1270,10.);
#107=VECTOR('',#1273,10.);
#108=VECTOR('',#1274,10.);
#109=VECTOR('',#1275,10.);
#110=VECTOR('',#1280,10.);
#111=VECTOR('',#1283,10.);
#112=VECTOR('',#1292,10.);
#113=VECTOR('',#1295,10.);
#114=VECTOR('',#1296,10.);
#115=VECTOR('',#1297,10.);
#116=VECTOR('',#1298,10.);
#117=VECTOR('',#1301,10.);
#118=VECTOR('',#1302,10.);
#119=VECTOR('',#1303,10.);
#120=VECTOR('',#1306,10.);
#121=VECTOR('',#1309,10.);
#122=VECTOR('',#1310,10.);
#123=VECTOR('',#1315,10.);
#124=VECTOR('',#1316,10.);
#125=VECTOR('',#1321,10.);
#126=VECTOR('',#1322,10.);
#127=VECTOR('',#1325,10.);
#128=VECTOR('',#1326,10.);
#129=VECTOR('',#1327,10.);
#130=VECTOR('',#1328,10.);
#131=VECTOR('',#1333,10.);
#132=VECTOR('',#1342,10.);
#133=VECTOR('',#1343,10.);
#134=VECTOR('',#1346,10.);
#135=VECTOR('',#1347,10.);
#136=VECTOR('',#1348,10.);
#137=VECTOR('',#1355,10.);
#138=VECTOR('',#1360,10.);
#139=VECTOR('',#1361,10.);
#140=VECTOR('',#1364,10.);
#141=VECTOR('',#1365,10.);
#142=VECTOR('',#1370,25.);
#143=VECTOR('',#1373,10.);
#144=VECTOR('',#1374,10.);
#145=VECTOR('',#1381,10.);
#146=VECTOR('',#1382,10.);
#147=VECTOR('',#1391,10.);
#148=VECTOR('',#1394,10.);
#149=VECTOR('',#1399,10.);
#150=VECTOR('',#1400,10.);
#151=VECTOR('',#1405,10.);
#152=VECTOR('',#1408,10.);
#153=VECTOR('',#1411,10.);
#154=VECTOR('',#1420,10.);
#155=VECTOR('',#1427,10.);
#156=VECTOR('',#1428,10.);
#157=VECTOR('',#1433,10.);
#158=VECTOR('',#1434,10.);
#159=VECTOR('',#1439,10.);
#160=VECTOR('',#1440,10.);
#161=VECTOR('',#1443,10.);
#162=VECTOR('',#1446,10.);
#163=VECTOR('',#1449,10.);
#164=VECTOR('',#1452,10.);
#165=VECTOR('',#1453,10.);
#166=VECTOR('',#1456,10.);
#167=VECTOR('',#1457,10.);
#168=VECTOR('',#1460,10.);
#169=CYLINDRICAL_SURFACE('',#1119,5.);
#170=CYLINDRICAL_SURFACE('',#1123,5.);
#171=CYLINDRICAL_SURFACE('',#1126,137.);
#172=CYLINDRICAL_SURFACE('',#1139,72.4);
#173=CYLINDRICAL_SURFACE('',#1147,70.);
#174=CYLINDRICAL_SURFACE('',#1153,25.);
#175=CYLINDRICAL_SURFACE('',#1156,70.0000000000108);
#176=CYLINDRICAL_SURFACE('',#1161,3.);
#177=CYLINDRICAL_SURFACE('',#1162,3.);
#178=CYLINDRICAL_SURFACE('',#1163,3.);
#179=CYLINDRICAL_SURFACE('',#1166,3.);
#180=CYLINDRICAL_SURFACE('',#1171,3.);
#181=CYLINDRICAL_SURFACE('',#1175,3.);
#182=CYLINDRICAL_SURFACE('',#1176,3.);
#183=CYLINDRICAL_SURFACE('',#1178,3.);
#184=CYLINDRICAL_SURFACE('',#1180,3.);
#185=FACE_OUTER_BOUND('',#245,.T.);
#186=FACE_OUTER_BOUND('',#246,.T.);
#187=FACE_OUTER_BOUND('',#247,.T.);
#188=FACE_OUTER_BOUND('',#248,.T.);
#189=FACE_OUTER_BOUND('',#249,.T.);
#190=FACE_OUTER_BOUND('',#250,.T.);
#191=FACE_OUTER_BOUND('',#251,.T.);
#192=FACE_OUTER_BOUND('',#252,.T.);
#193=FACE_OUTER_BOUND('',#253,.T.);
#194=FACE_OUTER_BOUND('',#254,.T.);
#195=FACE_OUTER_BOUND('',#255,.T.);
#196=FACE_OUTER_BOUND('',#256,.T.);
#197=FACE_OUTER_BOUND('',#257,.T.);
#198=FACE_OUTER_BOUND('',#258,.T.);
#199=FACE_OUTER_BOUND('',#259,.T.);
#200=FACE_OUTER_BOUND('',#260,.T.);
#201=FACE_OUTER_BOUND('',#261,.T.);
#202=FACE_OUTER_BOUND('',#262,.T.);
#203=FACE_OUTER_BOUND('',#263,.T.);
#204=FACE_OUTER_BOUND('',#264,.T.);
#205=FACE_OUTER_BOUND('',#265,.T.);
#206=FACE_OUTER_BOUND('',#266,.T.);
#207=FACE_OUTER_BOUND('',#267,.T.);
#208=FACE_OUTER_BOUND('',#268,.T.);
#209=FACE_OUTER_BOUND('',#269,.T.);
#210=FACE_OUTER_BOUND('',#270,.T.);
#211=FACE_OUTER_BOUND('',#271,.T.);
#212=FACE_OUTER_BOUND('',#273,.T.);
#213=FACE_OUTER_BOUND('',#274,.T.);
#214=FACE_OUTER_BOUND('',#275,.T.);
#215=FACE_OUTER_BOUND('',#276,.T.);
#216=FACE_OUTER_BOUND('',#277,.T.);
#217=FACE_OUTER_BOUND('',#278,.T.);
#218=FACE_OUTER_BOUND('',#279,.T.);
#219=FACE_OUTER_BOUND('',#281,.T.);
#220=FACE_OUTER_BOUND('',#282,.T.);
#221=FACE_OUTER_BOUND('',#283,.T.);
#222=FACE_OUTER_BOUND('',#284,.T.);
#223=FACE_OUTER_BOUND('',#285,.T.);
#224=FACE_OUTER_BOUND('',#286,.T.);
#225=FACE_OUTER_BOUND('',#287,.T.);
#226=FACE_OUTER_BOUND('',#288,.T.);
#227=FACE_OUTER_BOUND('',#289,.T.);
#228=FACE_OUTER_BOUND('',#290,.T.);
#229=FACE_OUTER_BOUND('',#291,.T.);
#230=FACE_OUTER_BOUND('',#292,.T.);
#231=FACE_OUTER_BOUND('',#293,.T.);
#232=FACE_OUTER_BOUND('',#294,.T.);
#233=FACE_OUTER_BOUND('',#295,.T.);
#234=FACE_OUTER_BOUND('',#296,.T.);
#235=FACE_OUTER_BOUND('',#297,.T.);
#236=FACE_OUTER_BOUND('',#298,.T.);
#237=FACE_OUTER_BOUND('',#299,.T.);
#238=FACE_OUTER_BOUND('',#300,.T.);
#239=FACE_OUTER_BOUND('',#301,.T.);
#240=FACE_OUTER_BOUND('',#302,.T.);
#241=FACE_OUTER_BOUND('',#303,.T.);
#242=FACE_OUTER_BOUND('',#304,.T.);
#243=FACE_OUTER_BOUND('',#305,.T.);
#244=FACE_OUTER_BOUND('',#306,.T.);
#245=EDGE_LOOP('',(#670,#671,#672,#673));
#246=EDGE_LOOP('',(#674,#675,#676,#677));
#247=EDGE_LOOP('',(#678,#679,#680,#681));
#248=EDGE_LOOP('',(#682,#683,#684,#685));
#249=EDGE_LOOP('',(#686,#687,#688,#689));
#250=EDGE_LOOP('',(#690,#691,#692,#693));
#251=EDGE_LOOP('',(#694,#695,#696,#697));
#252=EDGE_LOOP('',(#698,#699,#700,#701));
#253=EDGE_LOOP('',(#702,#703,#704,#705));
#254=EDGE_LOOP('',(#706,#707,#708,#709));
#255=EDGE_LOOP('',(#710,#711,#712,#713));
#256=EDGE_LOOP('',(#714,#715,#716,#717));
#257=EDGE_LOOP('',(#718,#719,#720,#721));
#258=EDGE_LOOP('',(#722,#723,#724,#725));
#259=EDGE_LOOP('',(#726,#727,#728,#729));
#260=EDGE_LOOP('',(#730,#731,#732,#733));
#261=EDGE_LOOP('',(#734,#735,#736,#737));
#262=EDGE_LOOP('',(#738,#739,#740,#741));
#263=EDGE_LOOP('',(#742,#743,#744,#745));
#264=EDGE_LOOP('',(#746,#747,#748,#749));
#265=EDGE_LOOP('',(#750,#751,#752,#753));
#266=EDGE_LOOP('',(#754,#755,#756,#757));
#267=EDGE_LOOP('',(#758,#759,#760,#761));
#268=EDGE_LOOP('',(#762,#763,#764,#765));
#269=EDGE_LOOP('',(#766,#767,#768,#769,#770,#771,#772));
#270=EDGE_LOOP('',(#773,#774,#775,#776));
#271=EDGE_LOOP('',(#777,#778,#779,#780,#781,#782,#783,#784,#785,#786,#787,
#788,#789,#790));
#272=EDGE_LOOP('',(#791));
#273=EDGE_LOOP('',(#792,#793,#794,#795,#796));
#274=EDGE_LOOP('',(#797,#798,#799,#800));
#275=EDGE_LOOP('',(#801,#802,#803,#804,#805,#806));
#276=EDGE_LOOP('',(#807,#808,#809,#810,#811,#812));
#277=EDGE_LOOP('',(#813,#814,#815,#816,#817,#818,#819,#820,#821,#822,#823));
#278=EDGE_LOOP('',(#824,#825,#826,#827,#828,#829,#830,#831,#832));
#279=EDGE_LOOP('',(#833,#834,#835,#836,#837,#838,#839,#840,#841,#842,#843,
#844));
#280=EDGE_LOOP('',(#845));
#281=EDGE_LOOP('',(#846,#847,#848,#849));
#282=EDGE_LOOP('',(#850,#851,#852,#853,#854));
#283=EDGE_LOOP('',(#855,#856,#857,#858));
#284=EDGE_LOOP('',(#859,#860,#861,#862,#863,#864));
#285=EDGE_LOOP('',(#865,#866,#867,#868));
#286=EDGE_LOOP('',(#869,#870,#871,#872));
#287=EDGE_LOOP('',(#873,#874,#875,#876,#877));
#288=EDGE_LOOP('',(#878,#879,#880,#881,#882,#883));
#289=EDGE_LOOP('',(#884,#885,#886,#887,#888));
#290=EDGE_LOOP('',(#889,#890,#891,#892,#893,#894,#895));
#291=EDGE_LOOP('',(#896,#897,#898,#899,#900));
#292=EDGE_LOOP('',(#901,#902,#903,#904,#905,#906));
#293=EDGE_LOOP('',(#907,#908,#909,#910,#911,#912,#913,#914,#915));
#294=EDGE_LOOP('',(#916,#917,#918,#919));
#295=EDGE_LOOP('',(#920,#921,#922,#923,#924));
#296=EDGE_LOOP('',(#925,#926,#927,#928));
#297=EDGE_LOOP('',(#929,#930,#931,#932,#933,#934));
#298=EDGE_LOOP('',(#935,#936,#937,#938,#939));
#299=EDGE_LOOP('',(#940,#941,#942,#943,#944));
#300=EDGE_LOOP('',(#945,#946,#947,#948,#949));
#301=EDGE_LOOP('',(#950,#951,#952,#953,#954,#955,#956,#957));
#302=EDGE_LOOP('',(#958,#959,#960,#961,#962,#963,#964,#965,#966));
#303=EDGE_LOOP('',(#967,#968,#969,#970,#971,#972));
#304=EDGE_LOOP('',(#973,#974,#975,#976,#977,#978,#979,#980,#981));
#305=EDGE_LOOP('',(#982,#983,#984,#985,#986,#987,#988,#989,#990,#991));
#306=EDGE_LOOP('',(#992,#993,#994,#995));
#307=CIRCLE('',#1082,2.99954696579333);
#308=CIRCLE('',#1083,2.99999999999997);
#309=CIRCLE('',#1084,2.99999999999999);
#310=CIRCLE('',#1085,2.99954696579333);
#311=CIRCLE('',#1086,2.99954696579334);
#312=CIRCLE('',#1087,2.99999999999999);
#313=CIRCLE('',#1088,2.99999999999997);
#314=CIRCLE('',#1089,2.99954696579334);
#315=CIRCLE('',#1090,2.9995469657933);
#316=CIRCLE('',#1091,2.99999999999997);
#317=CIRCLE('',#1092,2.99954696579333);
#318=CIRCLE('',#1093,2.99999999999997);
#319=CIRCLE('',#1094,3.00000000000001);
#320=CIRCLE('',#1095,2.99954696579333);
#321=CIRCLE('',#1096,2.99954696579334);
#322=CIRCLE('',#1097,3.00000000000001);
#323=CIRCLE('',#1098,2.99999999999999);
#324=CIRCLE('',#1099,2.99954696579334);
#325=CIRCLE('',#1100,2.99954696579333);
#326=CIRCLE('',#1101,2.99999999999999);
#327=CIRCLE('',#1102,2.99954696579333);
#328=CIRCLE('',#1103,2.99999999999997);
#329=CIRCLE('',#1104,2.99999999999997);
#330=CIRCLE('',#1105,2.99954696579333);
#331=CIRCLE('',#1106,2.99954696579333);
#332=CIRCLE('',#1107,2.99999999999997);
#333=CIRCLE('',#1108,2.99999999999999);
#334=CIRCLE('',#1109,2.99954696579333);
#335=CIRCLE('',#1110,2.99954696579334);
#336=CIRCLE('',#1111,2.99999999999999);
#337=CIRCLE('',#1112,2.99999999999999);
#338=CIRCLE('',#1113,2.99999999999997);
#339=CIRCLE('',#1114,2.96925165093412);
#340=CIRCLE('',#1115,2.99999999999997);
#341=CIRCLE('',#1116,2.99999999999999);
#342=CIRCLE('',#1117,2.96925165093412);
#343=CIRCLE('',#1118,2.99999999999999);
#344=CIRCLE('',#1120,5.);
#345=CIRCLE('',#1121,5.);
#346=CIRCLE('',#1124,5.);
#347=CIRCLE('',#1125,5.);
#348=CIRCLE('',#1127,137.);
#349=CIRCLE('',#1128,137.);
#350=CIRCLE('',#1130,3.);
#351=CIRCLE('',#1133,75.4);
#352=CIRCLE('',#1134,25.);
#353=CIRCLE('',#1136,3.);
#354=CIRCLE('',#1140,72.4);
#355=CIRCLE('',#1141,72.4);
#356=CIRCLE('',#1143,70.);
#357=CIRCLE('',#1144,70.000000000031);
#358=CIRCLE('',#1145,3.);
#359=CIRCLE('',#1146,3.);
#360=CIRCLE('',#1148,70.);
#361=CIRCLE('',#1150,70.);
#362=CIRCLE('',#1152,25.);
#363=CIRCLE('',#1158,2.99999999999999);
#364=CIRCLE('',#1159,2.99999999999997);
#365=CIRCLE('',#1160,2.99954696579334);
#366=CIRCLE('',#1169,2.99999999999997);
#367=CIRCLE('',#1170,2.99954696579333);
#368=CIRCLE('',#1172,3.);
#369=CIRCLE('',#1173,2.99999999999997);
#370=CIRCLE('',#1174,2.9995469657933);
#371=CIRCLE('',#1177,3.);
#372=B_SPLINE_CURVE_WITH_KNOTS('',3,(#1502,#1503,#1504,#1505,#1506,#1507),
 .UNSPECIFIED.,.F.,.F.,(4,1,1,4),(0.,0.333333333333333,0.666666666666667,
1.),.UNSPECIFIED.);
#373=B_SPLINE_CURVE_WITH_KNOTS('',3,(#1509,#1510,#1511,#1512,#1513,#1514),
 .UNSPECIFIED.,.F.,.F.,(4,1,1,4),(0.,0.333333333333333,0.666666666666667,
1.),.UNSPECIFIED.);
#374=B_SPLINE_CURVE_WITH_KNOTS('',3,(#1555,#1556,#1557,#1558,#1559,#1560),
 .UNSPECIFIED.,.F.,.F.,(4,1,1,4),(0.,0.333333333333333,0.666666666666667,
1.),.UNSPECIFIED.);
#375=B_SPLINE_CURVE_WITH_KNOTS('',3,(#1601,#1602,#1603,#1604,#1605,#1606),
 .UNSPECIFIED.,.F.,.F.,(4,1,1,4),(0.,0.333333333333333,0.666666666666667,
1.),.UNSPECIFIED.);
#376=B_SPLINE_CURVE_WITH_KNOTS('',3,(#1647,#1648,#1649,#1650,#1651,#1652),
 .UNSPECIFIED.,.F.,.F.,(4,1,1,4),(0.,0.333333333333333,0.666666666666667,
1.),.UNSPECIFIED.);
#377=B_SPLINE_CURVE_WITH_KNOTS('',3,(#1693,#1694,#1695,#1696,#1697,#1698),
 .UNSPECIFIED.,.F.,.F.,(4,1,1,4),(0.,0.333333333333333,0.666666666666667,
1.),.UNSPECIFIED.);
#378=B_SPLINE_CURVE_WITH_KNOTS('',3,(#1740,#1741,#1742,#1743,#1744,#1745),
 .UNSPECIFIED.,.F.,.F.,(4,1,1,4),(0.,0.333333333333333,0.666666666666667,
1.),.UNSPECIFIED.);
#379=B_SPLINE_CURVE_WITH_KNOTS('',3,(#1747,#1748,#1749,#1750,#1751,#1752),
 .UNSPECIFIED.,.F.,.F.,(4,1,1,4),(0.,0.333333333333333,0.666666666666667,
1.),.UNSPECIFIED.);
#380=B_SPLINE_CURVE_WITH_KNOTS('',3,(#1793,#1794,#1795,#1796,#1797,#1798),
 .UNSPECIFIED.,.F.,.F.,(4,1,1,4),(0.,0.333333333333333,0.666666666666667,
1.),.UNSPECIFIED.);
#381=B_SPLINE_CURVE_WITH_KNOTS('',3,(#1839,#1840,#1841,#1842,#1843,#1844),
 .UNSPECIFIED.,.F.,.F.,(4,1,1,4),(0.,0.333333333333333,0.666666666666667,
1.),.UNSPECIFIED.);
#382=B_SPLINE_CURVE_WITH_KNOTS('',3,(#1885,#1886,#1887,#1888,#1889,#1890),
 .UNSPECIFIED.,.F.,.F.,(4,1,1,4),(0.,0.333333333333333,0.666666666666667,
1.),.UNSPECIFIED.);
#383=B_SPLINE_CURVE_WITH_KNOTS('',3,(#1931,#1932,#1933,#1934,#1935,#1936),
 .UNSPECIFIED.,.F.,.F.,(4,1,1,4),(0.,0.333333333333333,0.666666666666667,
1.),.UNSPECIFIED.);
#384=B_SPLINE_CURVE_WITH_KNOTS('',3,(#1978,#1979,#1980,#1981,#1982,#1983),
 .UNSPECIFIED.,.F.,.F.,(4,1,1,4),(0.,0.333333333333333,0.666666666666667,
1.),.UNSPECIFIED.);
#385=B_SPLINE_CURVE_WITH_KNOTS('',3,(#1985,#1986,#1987,#1988,#1989,#1990),
 .UNSPECIFIED.,.F.,.F.,(4,1,1,4),(0.,0.333333333333333,0.666666666666667,
1.),.UNSPECIFIED.);
#386=B_SPLINE_CURVE_WITH_KNOTS('',3,(#2031,#2032,#2033,#2034,#2035,#2036),
 .UNSPECIFIED.,.F.,.F.,(4,1,1,4),(0.,0.333333333333333,0.666666666666667,
1.),.UNSPECIFIED.);
#387=B_SPLINE_CURVE_WITH_KNOTS('',3,(#2077,#2078,#2079,#2080,#2081,#2082),
 .UNSPECIFIED.,.F.,.F.,(4,1,1,4),(0.,0.333333333333333,0.666666666666667,
1.),.UNSPECIFIED.);
#388=B_SPLINE_CURVE_WITH_KNOTS('',3,(#2123,#2124,#2125,#2126,#2127,#2128),
 .UNSPECIFIED.,.F.,.F.,(4,1,1,4),(0.,0.333333333333333,0.666666666666667,
1.),.UNSPECIFIED.);
#389=B_SPLINE_CURVE_WITH_KNOTS('',3,(#2169,#2170,#2171,#2172,#2173,#2174),
 .UNSPECIFIED.,.F.,.F.,(4,1,1,4),(0.,0.333333333333333,0.666666666666667,
1.),.UNSPECIFIED.);
#390=B_SPLINE_CURVE_WITH_KNOTS('',3,(#2240,#2241,#2242,#2243,#2244,#2245,
#2246,#2247,#2248,#2249),.UNSPECIFIED.,.F.,.F.,(4,1,1,1,1,1,1,4),(0.,0.142857142857143,
0.285714285714286,0.428571428571429,0.571428571428571,0.714285714285714,
0.857142857142857,1.),.UNSPECIFIED.);
#391=B_SPLINE_CURVE_WITH_KNOTS('',3,(#2251,#2252,#2253,#2254,#2255,#2256),
 .UNSPECIFIED.,.F.,.F.,(4,1,1,4),(0.,0.333333333333333,0.666666666666667,
1.),.UNSPECIFIED.);
#392=B_SPLINE_CURVE_WITH_KNOTS('',3,(#2258,#2259,#2260,#2261,#2262,#2263,
#2264,#2265,#2266,#2267,#2268,#2269,#2270,#2271,#2272,#2273,#2274,#2275,
#2276,#2277,#2278,#2279,#2280,#2281,#2282,#2283,#2284,#2285,#2286,#2287,
#2288,#2289,#2290,#2291,#2292,#2293,#2294,#2295,#2296,#2297,#2298,#2299,
#2300,#2301,#2302,#2303,#2304,#2305,#2306,#2307,#2308,#2309,#2310,#2311,
#2312,#2313,#2314,#2315,#2316,#2317,#2318,#2319,#2320,#2321,#2322,#2323,
#2324,#2325,#2326,#2327,#2328,#2329,#2330,#2331,#2332,#2333),
 .UNSPECIFIED.,.F.,.F.,(4,3,3,3,3,3,3,3,3,3,3,3,3,3,3,3,3,3,3,3,3,3,3,3,
3,4),(0.500000000000008,0.522383065949133,0.544185074623401,0.565728182910456,
0.589043507320036,0.615999010071641,0.659551952528377,0.684132117032912,
0.706315844676638,0.727117136988556,0.748607015714408,0.767298706712002,
0.788900013451439,0.815287511770009,0.834872447596999,0.852158757852847,
0.86824831238264,0.883135816150112,0.898930776822258,0.918931924409971,
0.939198943307478,0.955074393995082,0.969715690732818,0.983548609864778,
0.996583981116739,1.),.UNSPECIFIED.);
#393=B_SPLINE_CURVE_WITH_KNOTS('',3,(#2396,#2397,#2398,#2399,#2400,#2401,
#2402,#2403,#2404,#2405),.UNSPECIFIED.,.F.,.F.,(4,1,1,1,1,1,1,4),(0.,0.142857142857143,
0.285714285714286,0.428571428571429,0.571428571428571,0.714285714285714,
0.857142857142857,1.),.UNSPECIFIED.);
#394=B_SPLINE_CURVE_WITH_KNOTS('',3,(#2408,#2409,#2410,#2411,#2412,#2413,
#2414,#2415,#2416,#2417,#2418,#2419,#2420,#2421,#2422,#2423,#2424,#2425,
#2426,#2427,#2428,#2429,#2430,#2431,#2432,#2433,#2434,#2435,#2436,#2437,
#2438,#2439,#2440,#2441,#2442,#2443,#2444,#2445,#2446,#2447,#2448,#2449,
#2450,#2451,#2452,#2453,#2454,#2455,#2456,#2457,#2458,#2459,#2460,#2461,
#2462,#2463,#2464,#2465,#2466,#2467,#2468,#2469,#2470,#2471,#2472,#2473,
#2474,#2475,#2476,#2477),.UNSPECIFIED.,.F.,.F.,(4,3,3,3,3,3,3,3,3,3,3,3,
3,3,3,3,3,3,3,3,3,3,3,4),(3.03512247021535E-15,0.0159906668243704,0.0327923317358941,
0.0507276865059489,0.0704666173230879,0.093739993601543,0.119131244001447,
0.140073941940366,0.158439988416588,0.177780874203899,0.196612358748555,
0.217625302932629,0.241411092299615,0.274828142939148,0.300393163609887,
0.32177968074904,0.341394384282721,0.36266042900943,0.385059739890301,0.409453486567318,
0.439135480428792,0.4695677402144,0.49560132782219,0.500000000000008),
 .UNSPECIFIED.);
#395=B_SPLINE_CURVE_WITH_KNOTS('',3,(#2539,#2540,#2541,#2542,#2543,#2544),
 .UNSPECIFIED.,.F.,.F.,(4,1,1,4),(0.,0.333333333333333,0.666666666666667,
1.),.UNSPECIFIED.);
#396=B_SPLINE_CURVE_WITH_KNOTS('',3,(#2609,#2610,#2611,#2612,#2613,#2614,
#2615,#2616,#2617,#2618),.UNSPECIFIED.,.F.,.F.,(4,1,1,1,1,1,1,4),(0.,0.142857142857143,
0.285714285714286,0.428571428571429,0.571428571428571,0.714285714285714,
0.857142857142857,1.),.UNSPECIFIED.);
#397=B_SPLINE_CURVE_WITH_KNOTS('',3,(#2683,#2684,#2685,#2686,#2687,#2688),
 .UNSPECIFIED.,.F.,.F.,(4,1,1,4),(0.,0.333333333333333,0.666666666666667,
1.),.UNSPECIFIED.);
#398=B_SPLINE_CURVE_WITH_KNOTS('',3,(#2690,#2691,#2692,#2693,#2694,#2695,
#2696,#2697,#2698,#2699,#2700,#2701,#2702,#2703,#2704,#2705,#2706,#2707,
#2708,#2709,#2710,#2711,#2712,#2713,#2714,#2715,#2716,#2717,#2718,#2719,
#2720,#2721,#2722,#2723,#2724,#2725,#2726,#2727,#2728,#2729,#2730,#2731,
#2732,#2733,#2734,#2735,#2736,#2737,#2738,#2739,#2740,#2741,#2742,#2743,
#2744,#2745,#2746,#2747,#2748,#2749,#2750,#2751,#2752,#2753,#2754,#2755,
#2756),.UNSPECIFIED.,.F.,.F.,(4,3,3,3,3,3,3,3,3,3,3,3,3,3,3,3,3,3,3,3,3,
3,4),(0.499999999999989,0.525237519560638,0.548918122768228,0.575169349736903,
0.611178686322753,0.64114729581073,0.666197694100352,0.689113227465586,
0.71115045441821,0.731541614232221,0.754698193065628,0.785360918932424,
0.809778306536234,0.830282360364088,0.848879117504036,0.867769227816032,
0.887078045629409,0.910249698302895,0.932687273727171,0.951294942011323,
0.968410124618189,0.984205062309094,1.),.UNSPECIFIED.);
#399=B_SPLINE_CURVE_WITH_KNOTS('',3,(#2819,#2820,#2821,#2822),
 .UNSPECIFIED.,.F.,.F.,(4,4),(0.,0.0984949443117965),.UNSPECIFIED.);
#400=B_SPLINE_CURVE_WITH_KNOTS('',3,(#2830,#2831,#2832,#2833,#2834,#2835),
 .UNSPECIFIED.,.F.,.F.,(4,2,4),(0.705958323913816,0.777547789073291,0.888616680900242),
 .UNSPECIFIED.);
#401=B_SPLINE_CURVE_WITH_KNOTS('',3,(#2846,#2847,#2848,#2849,#2850,#2851,
#2852,#2853,#2854,#2855,#2856,#2857,#2858,#2859,#2860,#2861,#2862,#2863,
#2864,#2865,#2866,#2867,#2868,#2869,#2870,#2871,#2872,#2873,#2874,#2875,
#2876,#2877,#2878,#2879,#2880,#2881,#2882,#2883,#2884,#2885,#2886,#2887,
#2888,#2889,#2890,#2891,#2892,#2893,#2894,#2895,#2896,#2897,#2898,#2899,
#2900,#2901,#2902,#2903,#2904,#2905,#2906,#2907,#2908,#2909),
 .UNSPECIFIED.,.F.,.F.,(4,3,3,3,3,3,3,3,3,3,3,3,3,3,3,3,3,3,3,3,3,4),(0.,
0.0164304315273997,0.0337876351442546,0.0524963923742114,0.0735495383476624,
0.104000975532872,0.127197508435651,0.146465350695315,0.165111104220008,
0.184539890747466,0.206435122372922,0.231725174152899,0.265259527383785,
0.289926858667171,0.311236386175859,0.336231162287965,0.35985414020467,
0.385676017535717,0.417274439470904,0.453610491601808,0.479070750898807,
0.499999999999989),.UNSPECIFIED.);
#402=VERTEX_POINT('',#1500);
#403=VERTEX_POINT('',#1501);
#404=VERTEX_POINT('',#1508);
#405=VERTEX_POINT('',#1515);
#406=VERTEX_POINT('',#1554);
#407=VERTEX_POINT('',#1561);
#408=VERTEX_POINT('',#1600);
#409=VERTEX_POINT('',#1607);
#410=VERTEX_POINT('',#1646);
#411=VERTEX_POINT('',#1653);
#412=VERTEX_POINT('',#1692);
#413=VERTEX_POINT('',#1699);
#414=VERTEX_POINT('',#1738);
#415=VERTEX_POINT('',#1739);
#416=VERTEX_POINT('',#1746);
#417=VERTEX_POINT('',#1753);
#418=VERTEX_POINT('',#1792);
#419=VERTEX_POINT('',#1799);
#420=VERTEX_POINT('',#1838);
#421=VERTEX_POINT('',#1845);
#422=VERTEX_POINT('',#1884);
#423=VERTEX_POINT('',#1891);
#424=VERTEX_POINT('',#1930);
#425=VERTEX_POINT('',#1937);
#426=VERTEX_POINT('',#1976);
#427=VERTEX_POINT('',#1977);
#428=VERTEX_POINT('',#1984);
#429=VERTEX_POINT('',#1991);
#430=VERTEX_POINT('',#2030);
#431=VERTEX_POINT('',#2037);
#432=VERTEX_POINT('',#2076);
#433=VERTEX_POINT('',#2083);
#434=VERTEX_POINT('',#2122);
#435=VERTEX_POINT('',#2129);
#436=VERTEX_POINT('',#2168);
#437=VERTEX_POINT('',#2175);
#438=VERTEX_POINT('',#2238);
#439=VERTEX_POINT('',#2239);
#440=VERTEX_POINT('',#2250);
#441=VERTEX_POINT('',#2257);
#442=VERTEX_POINT('',#2395);
#443=VERTEX_POINT('',#2406);
#444=VERTEX_POINT('',#2538);
#445=VERTEX_POINT('',#2545);
#446=VERTEX_POINT('',#2608);
#447=VERTEX_POINT('',#2619);
#448=VERTEX_POINT('',#2682);
#449=VERTEX_POINT('',#2689);
#450=VERTEX_POINT('',#2759);
#451=VERTEX_POINT('',#2760);
#452=VERTEX_POINT('',#2762);
#453=VERTEX_POINT('',#2764);
#454=VERTEX_POINT('',#2768);
#455=VERTEX_POINT('',#2770);
#456=VERTEX_POINT('',#2774);
#457=VERTEX_POINT('',#2775);
#458=VERTEX_POINT('',#2777);
#459=VERTEX_POINT('',#2779);
#460=VERTEX_POINT('',#2786);
#461=VERTEX_POINT('',#2788);
#462=VERTEX_POINT('',#2790);
#463=VERTEX_POINT('',#2792);
#464=VERTEX_POINT('',#2794);
#465=VERTEX_POINT('',#2798);
#466=VERTEX_POINT('',#2800);
#467=VERTEX_POINT('',#2804);
#468=VERTEX_POINT('',#2809);
#469=VERTEX_POINT('',#2812);
#470=VERTEX_POINT('',#2814);
#471=VERTEX_POINT('',#2818);
#472=VERTEX_POINT('',#2823);
#473=VERTEX_POINT('',#2827);
#474=VERTEX_POINT('',#2828);
#475=VERTEX_POINT('',#2836);
#476=VERTEX_POINT('',#2838);
#477=VERTEX_POINT('',#2842);
#478=VERTEX_POINT('',#2845);
#479=VERTEX_POINT('',#2912);
#480=VERTEX_POINT('',#2914);
#481=VERTEX_POINT('',#2916);
#482=VERTEX_POINT('',#2918);
#483=VERTEX_POINT('',#2920);
#484=VERTEX_POINT('',#2922);
#485=VERTEX_POINT('',#2924);
#486=VERTEX_POINT('',#2926);
#487=VERTEX_POINT('',#2930);
#488=VERTEX_POINT('',#2932);
#489=VERTEX_POINT('',#2934);
#490=VERTEX_POINT('',#2936);
#491=VERTEX_POINT('',#2938);
#492=VERTEX_POINT('',#2942);
#493=VERTEX_POINT('',#2945);
#494=VERTEX_POINT('',#2950);
#495=VERTEX_POINT('',#3055);
#496=VERTEX_POINT('',#3063);
#497=VERTEX_POINT('',#3064);
#498=VERTEX_POINT('',#3111);
#499=VERTEX_POINT('',#3115);
#500=VERTEX_POINT('',#3154);
#501=VERTEX_POINT('',#3161);
#502=VERTEX_POINT('',#3162);
#503=VERTEX_POINT('',#3167);
#504=VERTEX_POINT('',#3168);
#505=VERTEX_POINT('',#3179);
#506=VERTEX_POINT('',#3183);
#507=EDGE_CURVE('',#402,#403,#372,.T.);
#508=EDGE_CURVE('',#402,#404,#373,.T.);
#509=EDGE_CURVE('',#404,#405,#307,.T.);
#510=EDGE_CURVE('',#403,#405,#308,.T.);
#511=EDGE_CURVE('',#402,#406,#374,.T.);
#512=EDGE_CURVE('',#407,#406,#309,.T.);
#513=EDGE_CURVE('',#407,#404,#310,.T.);
#514=EDGE_CURVE('',#402,#408,#375,.T.);
#515=EDGE_CURVE('',#408,#409,#311,.T.);
#516=EDGE_CURVE('',#406,#409,#312,.T.);
#517=EDGE_CURVE('',#402,#410,#376,.T.);
#518=EDGE_CURVE('',#411,#410,#313,.T.);
#519=EDGE_CURVE('',#411,#408,#314,.T.);
#520=EDGE_CURVE('',#402,#412,#377,.T.);
#521=EDGE_CURVE('',#412,#413,#315,.T.);
#522=EDGE_CURVE('',#410,#413,#316,.T.);
#523=EDGE_CURVE('',#414,#415,#378,.T.);
#524=EDGE_CURVE('',#414,#416,#379,.T.);
#525=EDGE_CURVE('',#416,#417,#317,.T.);
#526=EDGE_CURVE('',#415,#417,#318,.T.);
#527=EDGE_CURVE('',#414,#418,#380,.T.);
#528=EDGE_CURVE('',#419,#418,#319,.T.);
#529=EDGE_CURVE('',#419,#416,#320,.T.);
#530=EDGE_CURVE('',#414,#420,#381,.T.);
#531=EDGE_CURVE('',#420,#421,#321,.T.);
#532=EDGE_CURVE('',#418,#421,#322,.T.);
#533=EDGE_CURVE('',#414,#422,#382,.T.);
#534=EDGE_CURVE('',#423,#422,#323,.T.);
#535=EDGE_CURVE('',#423,#420,#324,.T.);
#536=EDGE_CURVE('',#414,#424,#383,.T.);
#537=EDGE_CURVE('',#424,#425,#325,.T.);
#538=EDGE_CURVE('',#422,#425,#326,.T.);
#539=EDGE_CURVE('',#426,#427,#384,.T.);
#540=EDGE_CURVE('',#426,#428,#385,.T.);
#541=EDGE_CURVE('',#428,#429,#327,.T.);
#542=EDGE_CURVE('',#427,#429,#328,.T.);
#543=EDGE_CURVE('',#426,#430,#386,.T.);
#544=EDGE_CURVE('',#431,#430,#329,.T.);
#545=EDGE_CURVE('',#431,#428,#330,.T.);
#546=EDGE_CURVE('',#426,#432,#387,.T.);
#547=EDGE_CURVE('',#432,#433,#331,.T.);
#548=EDGE_CURVE('',#430,#433,#332,.T.);
#549=EDGE_CURVE('',#426,#434,#388,.T.);
#550=EDGE_CURVE('',#435,#434,#333,.T.);
#551=EDGE_CURVE('',#435,#432,#334,.T.);
#552=EDGE_CURVE('',#426,#436,#389,.T.);
#553=EDGE_CURVE('',#436,#437,#335,.T.);
#554=EDGE_CURVE('',#434,#437,#336,.T.);
#555=EDGE_CURVE('',#438,#439,#390,.T.);
#556=EDGE_CURVE('',#438,#440,#391,.T.);
#557=EDGE_CURVE('',#440,#441,#392,.T.);
#558=EDGE_CURVE('',#439,#441,#337,.T.);
#559=EDGE_CURVE('',#438,#442,#393,.T.);
#560=EDGE_CURVE('',#443,#442,#338,.T.);
#561=EDGE_CURVE('',#443,#440,#394,.T.);
#562=EDGE_CURVE('',#438,#444,#395,.T.);
#563=EDGE_CURVE('',#444,#445,#339,.T.);
#564=EDGE_CURVE('',#442,#445,#340,.T.);
#565=EDGE_CURVE('',#438,#446,#396,.T.);
#566=EDGE_CURVE('',#447,#446,#341,.T.);
#567=EDGE_CURVE('',#447,#444,#342,.T.);
#568=EDGE_CURVE('',#438,#448,#397,.T.);
#569=EDGE_CURVE('',#448,#449,#398,.T.);
#570=EDGE_CURVE('',#446,#449,#343,.T.);
#571=EDGE_CURVE('',#450,#451,#344,.T.);
#572=EDGE_CURVE('',#451,#452,#41,.T.);
#573=EDGE_CURVE('',#452,#453,#345,.T.);
#574=EDGE_CURVE('',#453,#450,#42,.T.);
#575=EDGE_CURVE('',#451,#454,#43,.T.);
#576=EDGE_CURVE('',#454,#455,#44,.T.);
#577=EDGE_CURVE('',#455,#452,#45,.T.);
#578=EDGE_CURVE('',#456,#457,#346,.T.);
#579=EDGE_CURVE('',#457,#458,#46,.T.);
#580=EDGE_CURVE('',#458,#459,#347,.T.);
#581=EDGE_CURVE('',#459,#456,#47,.T.);
#582=EDGE_CURVE('',#453,#458,#348,.T.);
#583=EDGE_CURVE('',#450,#457,#349,.T.);
#584=EDGE_CURVE('',#460,#459,#48,.F.);
#585=EDGE_CURVE('',#461,#460,#350,.T.);
#586=EDGE_CURVE('',#462,#461,#49,.T.);
#587=EDGE_CURVE('',#463,#462,#50,.T.);
#588=EDGE_CURVE('',#463,#464,#51,.T.);
#589=EDGE_CURVE('',#464,#456,#52,.T.);
#590=EDGE_CURVE('',#454,#465,#53,.T.);
#591=EDGE_CURVE('',#466,#465,#54,.T.);
#592=EDGE_CURVE('',#455,#466,#55,.T.);
#593=EDGE_CURVE('',#466,#467,#56,.T.);
#594=EDGE_CURVE('',#441,#467,#351,.T.);
#595=EDGE_CURVE('',#429,#443,#57,.T.);
#596=EDGE_CURVE('',#460,#431,#58,.T.);
#597=EDGE_CURVE('',#468,#468,#352,.T.);
#598=EDGE_CURVE('',#469,#465,#59,.T.);
#599=EDGE_CURVE('',#469,#470,#60,.T.);
#600=EDGE_CURVE('',#467,#470,#353,.T.);
#601=EDGE_CURVE('',#470,#471,#399,.T.);
#602=EDGE_CURVE('',#472,#469,#61,.T.);
#603=EDGE_CURVE('',#471,#472,#62,.T.);
#604=EDGE_CURVE('',#473,#474,#63,.T.);
#605=EDGE_CURVE('',#471,#473,#400,.T.);
#606=EDGE_CURVE('',#475,#472,#64,.T.);
#607=EDGE_CURVE('',#476,#475,#65,.T.);
#608=EDGE_CURVE('',#474,#476,#66,.T.);
#609=EDGE_CURVE('',#477,#474,#354,.F.);
#610=EDGE_CURVE('',#449,#477,#67,.T.);
#611=EDGE_CURVE('',#478,#448,#401,.T.);
#612=EDGE_CURVE('',#473,#478,#355,.T.);
#613=EDGE_CURVE('',#476,#479,#356,.T.);
#614=EDGE_CURVE('',#479,#480,#357,.T.);
#615=EDGE_CURVE('',#481,#480,#68,.T.);
#616=EDGE_CURVE('',#481,#482,#69,.T.);
#617=EDGE_CURVE('',#483,#482,#358,.T.);
#618=EDGE_CURVE('',#483,#484,#70,.T.);
#619=EDGE_CURVE('',#485,#484,#71,.T.);
#620=EDGE_CURVE('',#485,#486,#72,.T.);
#621=EDGE_CURVE('',#477,#486,#359,.T.);
#622=EDGE_CURVE('',#487,#475,#360,.T.);
#623=EDGE_CURVE('',#488,#487,#73,.T.);
#624=EDGE_CURVE('',#489,#488,#16,.T.);
#625=EDGE_CURVE('',#490,#489,#361,.T.);
#626=EDGE_CURVE('',#490,#491,#74,.T.);
#627=EDGE_CURVE('',#479,#490,#75,.T.);
#628=EDGE_CURVE('',#492,#464,#76,.T.);
#629=EDGE_CURVE('',#487,#492,#77,.T.);
#630=EDGE_CURVE('',#493,#493,#362,.T.);
#631=EDGE_CURVE('',#493,#468,#78,.T.);
#632=EDGE_CURVE('',#488,#494,#79,.T.);
#633=EDGE_CURVE('',#494,#481,#80,.T.);
#634=EDGE_CURVE('',#480,#489,#17,.T.);
#635=EDGE_CURVE('',#417,#494,#81,.T.);
#636=EDGE_CURVE('',#482,#419,#82,.T.);
#637=EDGE_CURVE('',#478,#439,#363,.T.);
#638=EDGE_CURVE('',#495,#427,#364,.T.);
#639=EDGE_CURVE('',#495,#436,#365,.T.);
#640=EDGE_CURVE('',#433,#461,#83,.T.);
#641=EDGE_CURVE('',#445,#495,#84,.T.);
#642=EDGE_CURVE('',#496,#497,#18,.T.);
#643=EDGE_CURVE('',#497,#435,#85,.T.);
#644=EDGE_CURVE('',#437,#496,#86,.T.);
#645=EDGE_CURVE('',#486,#447,#87,.T.);
#646=EDGE_CURVE('',#462,#497,#88,.F.);
#647=EDGE_CURVE('',#496,#485,#89,.T.);
#648=EDGE_CURVE('',#498,#415,#366,.T.);
#649=EDGE_CURVE('',#498,#424,#367,.T.);
#650=EDGE_CURVE('',#494,#499,#368,.T.);
#651=EDGE_CURVE('',#499,#498,#90,.T.);
#652=EDGE_CURVE('',#500,#403,#369,.T.);
#653=EDGE_CURVE('',#500,#412,#370,.T.);
#654=EDGE_CURVE('',#405,#423,#91,.T.);
#655=EDGE_CURVE('',#425,#500,#92,.T.);
#656=EDGE_CURVE('',#501,#502,#371,.T.);
#657=EDGE_CURVE('',#502,#411,#93,.T.);
#658=EDGE_CURVE('',#413,#501,#94,.T.);
#659=EDGE_CURVE('',#503,#504,#19,.T.);
#660=EDGE_CURVE('',#504,#407,#95,.T.);
#661=EDGE_CURVE('',#409,#503,#96,.T.);
#662=EDGE_CURVE('',#421,#483,#97,.T.);
#663=EDGE_CURVE('',#499,#501,#98,.T.);
#664=EDGE_CURVE('',#484,#504,#99,.T.);
#665=EDGE_CURVE('',#505,#502,#100,.F.);
#666=EDGE_CURVE('',#503,#505,#101,.F.);
#667=EDGE_CURVE('',#492,#506,#102,.T.);
#668=EDGE_CURVE('',#505,#506,#103,.T.);
#669=EDGE_CURVE('',#506,#463,#104,.T.);
#670=ORIENTED_EDGE('',*,*,#507,.F.);
#671=ORIENTED_EDGE('',*,*,#508,.T.);
#672=ORIENTED_EDGE('',*,*,#509,.T.);
#673=ORIENTED_EDGE('',*,*,#510,.F.);
#674=ORIENTED_EDGE('',*,*,#508,.F.);
#675=ORIENTED_EDGE('',*,*,#511,.T.);
#676=ORIENTED_EDGE('',*,*,#512,.F.);
#677=ORIENTED_EDGE('',*,*,#513,.T.);
#678=ORIENTED_EDGE('',*,*,#511,.F.);
#679=ORIENTED_EDGE('',*,*,#514,.T.);
#680=ORIENTED_EDGE('',*,*,#515,.T.);
#681=ORIENTED_EDGE('',*,*,#516,.F.);
#682=ORIENTED_EDGE('',*,*,#514,.F.);
#683=ORIENTED_EDGE('',*,*,#517,.T.);
#684=ORIENTED_EDGE('',*,*,#518,.F.);
#685=ORIENTED_EDGE('',*,*,#519,.T.);
#686=ORIENTED_EDGE('',*,*,#517,.F.);
#687=ORIENTED_EDGE('',*,*,#520,.T.);
#688=ORIENTED_EDGE('',*,*,#521,.T.);
#689=ORIENTED_EDGE('',*,*,#522,.F.);
#690=ORIENTED_EDGE('',*,*,#523,.F.);
#691=ORIENTED_EDGE('',*,*,#524,.T.);
#692=ORIENTED_EDGE('',*,*,#525,.T.);
#693=ORIENTED_EDGE('',*,*,#526,.F.);
#694=ORIENTED_EDGE('',*,*,#524,.F.);
#695=ORIENTED_EDGE('',*,*,#527,.T.);
#696=ORIENTED_EDGE('',*,*,#528,.F.);
#697=ORIENTED_EDGE('',*,*,#529,.T.);
#698=ORIENTED_EDGE('',*,*,#527,.F.);
#699=ORIENTED_EDGE('',*,*,#530,.T.);
#700=ORIENTED_EDGE('',*,*,#531,.T.);
#701=ORIENTED_EDGE('',*,*,#532,.F.);
#702=ORIENTED_EDGE('',*,*,#530,.F.);
#703=ORIENTED_EDGE('',*,*,#533,.T.);
#704=ORIENTED_EDGE('',*,*,#534,.F.);
#705=ORIENTED_EDGE('',*,*,#535,.T.);
#706=ORIENTED_EDGE('',*,*,#533,.F.);
#707=ORIENTED_EDGE('',*,*,#536,.T.);
#708=ORIENTED_EDGE('',*,*,#537,.T.);
#709=ORIENTED_EDGE('',*,*,#538,.F.);
#710=ORIENTED_EDGE('',*,*,#539,.F.);
#711=ORIENTED_EDGE('',*,*,#540,.T.);
#712=ORIENTED_EDGE('',*,*,#541,.T.);
#713=ORIENTED_EDGE('',*,*,#542,.F.);
#714=ORIENTED_EDGE('',*,*,#540,.F.);
#715=ORIENTED_EDGE('',*,*,#543,.T.);
#716=ORIENTED_EDGE('',*,*,#544,.F.);
#717=ORIENTED_EDGE('',*,*,#545,.T.);
#718=ORIENTED_EDGE('',*,*,#543,.F.);
#719=ORIENTED_EDGE('',*,*,#546,.T.);
#720=ORIENTED_EDGE('',*,*,#547,.T.);
#721=ORIENTED_EDGE('',*,*,#548,.F.);
#722=ORIENTED_EDGE('',*,*,#546,.F.);
#723=ORIENTED_EDGE('',*,*,#549,.T.);
#724=ORIENTED_EDGE('',*,*,#550,.F.);
#725=ORIENTED_EDGE('',*,*,#551,.T.);
#726=ORIENTED_EDGE('',*,*,#549,.F.);
#727=ORIENTED_EDGE('',*,*,#552,.T.);
#728=ORIENTED_EDGE('',*,*,#553,.T.);
#729=ORIENTED_EDGE('',*,*,#554,.F.);
#730=ORIENTED_EDGE('',*,*,#555,.F.);
#731=ORIENTED_EDGE('',*,*,#556,.T.);
#732=ORIENTED_EDGE('',*,*,#557,.T.);
#733=ORIENTED_EDGE('',*,*,#558,.F.);
#734=ORIENTED_EDGE('',*,*,#556,.F.);
#735=ORIENTED_EDGE('',*,*,#559,.T.);
#736=ORIENTED_EDGE('',*,*,#560,.F.);
#737=ORIENTED_EDGE('',*,*,#561,.T.);
#738=ORIENTED_EDGE('',*,*,#559,.F.);
#739=ORIENTED_EDGE('',*,*,#562,.T.);
#740=ORIENTED_EDGE('',*,*,#563,.T.);
#741=ORIENTED_EDGE('',*,*,#564,.F.);
#742=ORIENTED_EDGE('',*,*,#562,.F.);
#743=ORIENTED_EDGE('',*,*,#565,.T.);
#744=ORIENTED_EDGE('',*,*,#566,.F.);
#745=ORIENTED_EDGE('',*,*,#567,.T.);
#746=ORIENTED_EDGE('',*,*,#565,.F.);
#747=ORIENTED_EDGE('',*,*,#568,.T.);
#748=ORIENTED_EDGE('',*,*,#569,.T.);
#749=ORIENTED_EDGE('',*,*,#570,.F.);
#750=ORIENTED_EDGE('',*,*,#571,.T.);
#751=ORIENTED_EDGE('',*,*,#572,.T.);
#752=ORIENTED_EDGE('',*,*,#573,.T.);
#753=ORIENTED_EDGE('',*,*,#574,.T.);
#754=ORIENTED_EDGE('',*,*,#572,.F.);
#755=ORIENTED_EDGE('',*,*,#575,.T.);
#756=ORIENTED_EDGE('',*,*,#576,.T.);
#757=ORIENTED_EDGE('',*,*,#577,.T.);
#758=ORIENTED_EDGE('',*,*,#578,.T.);
#759=ORIENTED_EDGE('',*,*,#579,.T.);
#760=ORIENTED_EDGE('',*,*,#580,.T.);
#761=ORIENTED_EDGE('',*,*,#581,.T.);
#762=ORIENTED_EDGE('',*,*,#574,.F.);
#763=ORIENTED_EDGE('',*,*,#582,.T.);
#764=ORIENTED_EDGE('',*,*,#579,.F.);
#765=ORIENTED_EDGE('',*,*,#583,.F.);
#766=ORIENTED_EDGE('',*,*,#581,.F.);
#767=ORIENTED_EDGE('',*,*,#584,.F.);
#768=ORIENTED_EDGE('',*,*,#585,.F.);
#769=ORIENTED_EDGE('',*,*,#586,.F.);
#770=ORIENTED_EDGE('',*,*,#587,.F.);
#771=ORIENTED_EDGE('',*,*,#588,.T.);
#772=ORIENTED_EDGE('',*,*,#589,.T.);
#773=ORIENTED_EDGE('',*,*,#590,.T.);
#774=ORIENTED_EDGE('',*,*,#591,.F.);
#775=ORIENTED_EDGE('',*,*,#592,.F.);
#776=ORIENTED_EDGE('',*,*,#576,.F.);
#777=ORIENTED_EDGE('',*,*,#584,.T.);
#778=ORIENTED_EDGE('',*,*,#580,.F.);
#779=ORIENTED_EDGE('',*,*,#582,.F.);
#780=ORIENTED_EDGE('',*,*,#573,.F.);
#781=ORIENTED_EDGE('',*,*,#577,.F.);
#782=ORIENTED_EDGE('',*,*,#592,.T.);
#783=ORIENTED_EDGE('',*,*,#593,.T.);
#784=ORIENTED_EDGE('',*,*,#594,.F.);
#785=ORIENTED_EDGE('',*,*,#557,.F.);
#786=ORIENTED_EDGE('',*,*,#561,.F.);
#787=ORIENTED_EDGE('',*,*,#595,.F.);
#788=ORIENTED_EDGE('',*,*,#541,.F.);
#789=ORIENTED_EDGE('',*,*,#545,.F.);
#790=ORIENTED_EDGE('',*,*,#596,.F.);
#791=ORIENTED_EDGE('',*,*,#597,.T.);
#792=ORIENTED_EDGE('',*,*,#598,.F.);
#793=ORIENTED_EDGE('',*,*,#599,.T.);
#794=ORIENTED_EDGE('',*,*,#600,.F.);
#795=ORIENTED_EDGE('',*,*,#593,.F.);
#796=ORIENTED_EDGE('',*,*,#591,.T.);
#797=ORIENTED_EDGE('',*,*,#601,.F.);
#798=ORIENTED_EDGE('',*,*,#599,.F.);
#799=ORIENTED_EDGE('',*,*,#602,.F.);
#800=ORIENTED_EDGE('',*,*,#603,.F.);
#801=ORIENTED_EDGE('',*,*,#604,.F.);
#802=ORIENTED_EDGE('',*,*,#605,.F.);
#803=ORIENTED_EDGE('',*,*,#603,.T.);
#804=ORIENTED_EDGE('',*,*,#606,.F.);
#805=ORIENTED_EDGE('',*,*,#607,.F.);
#806=ORIENTED_EDGE('',*,*,#608,.F.);
#807=ORIENTED_EDGE('',*,*,#604,.T.);
#808=ORIENTED_EDGE('',*,*,#609,.F.);
#809=ORIENTED_EDGE('',*,*,#610,.F.);
#810=ORIENTED_EDGE('',*,*,#569,.F.);
#811=ORIENTED_EDGE('',*,*,#611,.F.);
#812=ORIENTED_EDGE('',*,*,#612,.F.);
#813=ORIENTED_EDGE('',*,*,#608,.T.);
#814=ORIENTED_EDGE('',*,*,#613,.T.);
#815=ORIENTED_EDGE('',*,*,#614,.T.);
#816=ORIENTED_EDGE('',*,*,#615,.F.);
#817=ORIENTED_EDGE('',*,*,#616,.T.);
#818=ORIENTED_EDGE('',*,*,#617,.F.);
#819=ORIENTED_EDGE('',*,*,#618,.T.);
#820=ORIENTED_EDGE('',*,*,#619,.F.);
#821=ORIENTED_EDGE('',*,*,#620,.T.);
#822=ORIENTED_EDGE('',*,*,#621,.F.);
#823=ORIENTED_EDGE('',*,*,#609,.T.);
#824=ORIENTED_EDGE('',*,*,#607,.T.);
#825=ORIENTED_EDGE('',*,*,#622,.F.);
#826=ORIENTED_EDGE('',*,*,#623,.F.);
#827=ORIENTED_EDGE('',*,*,#624,.F.);
#828=ORIENTED_EDGE('',*,*,#625,.F.);
#829=ORIENTED_EDGE('',*,*,#626,.T.);
#830=ORIENTED_EDGE('',*,*,#626,.F.);
#831=ORIENTED_EDGE('',*,*,#627,.F.);
#832=ORIENTED_EDGE('',*,*,#613,.F.);
#833=ORIENTED_EDGE('',*,*,#589,.F.);
#834=ORIENTED_EDGE('',*,*,#628,.F.);
#835=ORIENTED_EDGE('',*,*,#629,.F.);
#836=ORIENTED_EDGE('',*,*,#622,.T.);
#837=ORIENTED_EDGE('',*,*,#606,.T.);
#838=ORIENTED_EDGE('',*,*,#602,.T.);
#839=ORIENTED_EDGE('',*,*,#598,.T.);
#840=ORIENTED_EDGE('',*,*,#590,.F.);
#841=ORIENTED_EDGE('',*,*,#575,.F.);
#842=ORIENTED_EDGE('',*,*,#571,.F.);
#843=ORIENTED_EDGE('',*,*,#583,.T.);
#844=ORIENTED_EDGE('',*,*,#578,.F.);
#845=ORIENTED_EDGE('',*,*,#630,.T.);
#846=ORIENTED_EDGE('',*,*,#630,.F.);
#847=ORIENTED_EDGE('',*,*,#631,.T.);
#848=ORIENTED_EDGE('',*,*,#597,.F.);
#849=ORIENTED_EDGE('',*,*,#631,.F.);
#850=ORIENTED_EDGE('',*,*,#624,.T.);
#851=ORIENTED_EDGE('',*,*,#632,.T.);
#852=ORIENTED_EDGE('',*,*,#633,.T.);
#853=ORIENTED_EDGE('',*,*,#615,.T.);
#854=ORIENTED_EDGE('',*,*,#634,.T.);
#855=ORIENTED_EDGE('',*,*,#634,.F.);
#856=ORIENTED_EDGE('',*,*,#614,.F.);
#857=ORIENTED_EDGE('',*,*,#627,.T.);
#858=ORIENTED_EDGE('',*,*,#625,.T.);
#859=ORIENTED_EDGE('',*,*,#633,.F.);
#860=ORIENTED_EDGE('',*,*,#635,.F.);
#861=ORIENTED_EDGE('',*,*,#525,.F.);
#862=ORIENTED_EDGE('',*,*,#529,.F.);
#863=ORIENTED_EDGE('',*,*,#636,.F.);
#864=ORIENTED_EDGE('',*,*,#616,.F.);
#865=ORIENTED_EDGE('',*,*,#555,.T.);
#866=ORIENTED_EDGE('',*,*,#637,.F.);
#867=ORIENTED_EDGE('',*,*,#611,.T.);
#868=ORIENTED_EDGE('',*,*,#568,.F.);
#869=ORIENTED_EDGE('',*,*,#539,.T.);
#870=ORIENTED_EDGE('',*,*,#638,.F.);
#871=ORIENTED_EDGE('',*,*,#639,.T.);
#872=ORIENTED_EDGE('',*,*,#552,.F.);
#873=ORIENTED_EDGE('',*,*,#585,.T.);
#874=ORIENTED_EDGE('',*,*,#596,.T.);
#875=ORIENTED_EDGE('',*,*,#544,.T.);
#876=ORIENTED_EDGE('',*,*,#548,.T.);
#877=ORIENTED_EDGE('',*,*,#640,.T.);
#878=ORIENTED_EDGE('',*,*,#560,.T.);
#879=ORIENTED_EDGE('',*,*,#564,.T.);
#880=ORIENTED_EDGE('',*,*,#641,.T.);
#881=ORIENTED_EDGE('',*,*,#638,.T.);
#882=ORIENTED_EDGE('',*,*,#542,.T.);
#883=ORIENTED_EDGE('',*,*,#595,.T.);
#884=ORIENTED_EDGE('',*,*,#642,.T.);
#885=ORIENTED_EDGE('',*,*,#643,.T.);
#886=ORIENTED_EDGE('',*,*,#550,.T.);
#887=ORIENTED_EDGE('',*,*,#554,.T.);
#888=ORIENTED_EDGE('',*,*,#644,.T.);
#889=ORIENTED_EDGE('',*,*,#605,.T.);
#890=ORIENTED_EDGE('',*,*,#612,.T.);
#891=ORIENTED_EDGE('',*,*,#637,.T.);
#892=ORIENTED_EDGE('',*,*,#558,.T.);
#893=ORIENTED_EDGE('',*,*,#594,.T.);
#894=ORIENTED_EDGE('',*,*,#600,.T.);
#895=ORIENTED_EDGE('',*,*,#601,.T.);
#896=ORIENTED_EDGE('',*,*,#621,.T.);
#897=ORIENTED_EDGE('',*,*,#645,.T.);
#898=ORIENTED_EDGE('',*,*,#566,.T.);
#899=ORIENTED_EDGE('',*,*,#570,.T.);
#900=ORIENTED_EDGE('',*,*,#610,.T.);
#901=ORIENTED_EDGE('',*,*,#640,.F.);
#902=ORIENTED_EDGE('',*,*,#547,.F.);
#903=ORIENTED_EDGE('',*,*,#551,.F.);
#904=ORIENTED_EDGE('',*,*,#643,.F.);
#905=ORIENTED_EDGE('',*,*,#646,.F.);
#906=ORIENTED_EDGE('',*,*,#586,.T.);
#907=ORIENTED_EDGE('',*,*,#644,.F.);
#908=ORIENTED_EDGE('',*,*,#553,.F.);
#909=ORIENTED_EDGE('',*,*,#639,.F.);
#910=ORIENTED_EDGE('',*,*,#641,.F.);
#911=ORIENTED_EDGE('',*,*,#563,.F.);
#912=ORIENTED_EDGE('',*,*,#567,.F.);
#913=ORIENTED_EDGE('',*,*,#645,.F.);
#914=ORIENTED_EDGE('',*,*,#620,.F.);
#915=ORIENTED_EDGE('',*,*,#647,.F.);
#916=ORIENTED_EDGE('',*,*,#523,.T.);
#917=ORIENTED_EDGE('',*,*,#648,.F.);
#918=ORIENTED_EDGE('',*,*,#649,.T.);
#919=ORIENTED_EDGE('',*,*,#536,.F.);
#920=ORIENTED_EDGE('',*,*,#650,.T.);
#921=ORIENTED_EDGE('',*,*,#651,.T.);
#922=ORIENTED_EDGE('',*,*,#648,.T.);
#923=ORIENTED_EDGE('',*,*,#526,.T.);
#924=ORIENTED_EDGE('',*,*,#635,.T.);
#925=ORIENTED_EDGE('',*,*,#507,.T.);
#926=ORIENTED_EDGE('',*,*,#652,.F.);
#927=ORIENTED_EDGE('',*,*,#653,.T.);
#928=ORIENTED_EDGE('',*,*,#520,.F.);
#929=ORIENTED_EDGE('',*,*,#652,.T.);
#930=ORIENTED_EDGE('',*,*,#510,.T.);
#931=ORIENTED_EDGE('',*,*,#654,.T.);
#932=ORIENTED_EDGE('',*,*,#534,.T.);
#933=ORIENTED_EDGE('',*,*,#538,.T.);
#934=ORIENTED_EDGE('',*,*,#655,.T.);
#935=ORIENTED_EDGE('',*,*,#656,.T.);
#936=ORIENTED_EDGE('',*,*,#657,.T.);
#937=ORIENTED_EDGE('',*,*,#518,.T.);
#938=ORIENTED_EDGE('',*,*,#522,.T.);
#939=ORIENTED_EDGE('',*,*,#658,.T.);
#940=ORIENTED_EDGE('',*,*,#659,.T.);
#941=ORIENTED_EDGE('',*,*,#660,.T.);
#942=ORIENTED_EDGE('',*,*,#512,.T.);
#943=ORIENTED_EDGE('',*,*,#516,.T.);
#944=ORIENTED_EDGE('',*,*,#661,.T.);
#945=ORIENTED_EDGE('',*,*,#617,.T.);
#946=ORIENTED_EDGE('',*,*,#636,.T.);
#947=ORIENTED_EDGE('',*,*,#528,.T.);
#948=ORIENTED_EDGE('',*,*,#532,.T.);
#949=ORIENTED_EDGE('',*,*,#662,.T.);
#950=ORIENTED_EDGE('',*,*,#658,.F.);
#951=ORIENTED_EDGE('',*,*,#521,.F.);
#952=ORIENTED_EDGE('',*,*,#653,.F.);
#953=ORIENTED_EDGE('',*,*,#655,.F.);
#954=ORIENTED_EDGE('',*,*,#537,.F.);
#955=ORIENTED_EDGE('',*,*,#649,.F.);
#956=ORIENTED_EDGE('',*,*,#651,.F.);
#957=ORIENTED_EDGE('',*,*,#663,.T.);
#958=ORIENTED_EDGE('',*,*,#660,.F.);
#959=ORIENTED_EDGE('',*,*,#664,.F.);
#960=ORIENTED_EDGE('',*,*,#618,.F.);
#961=ORIENTED_EDGE('',*,*,#662,.F.);
#962=ORIENTED_EDGE('',*,*,#531,.F.);
#963=ORIENTED_EDGE('',*,*,#535,.F.);
#964=ORIENTED_EDGE('',*,*,#654,.F.);
#965=ORIENTED_EDGE('',*,*,#509,.F.);
#966=ORIENTED_EDGE('',*,*,#513,.F.);
#967=ORIENTED_EDGE('',*,*,#657,.F.);
#968=ORIENTED_EDGE('',*,*,#665,.F.);
#969=ORIENTED_EDGE('',*,*,#666,.F.);
#970=ORIENTED_EDGE('',*,*,#661,.F.);
#971=ORIENTED_EDGE('',*,*,#515,.F.);
#972=ORIENTED_EDGE('',*,*,#519,.F.);
#973=ORIENTED_EDGE('',*,*,#632,.F.);
#974=ORIENTED_EDGE('',*,*,#623,.T.);
#975=ORIENTED_EDGE('',*,*,#629,.T.);
#976=ORIENTED_EDGE('',*,*,#667,.T.);
#977=ORIENTED_EDGE('',*,*,#668,.F.);
#978=ORIENTED_EDGE('',*,*,#665,.T.);
#979=ORIENTED_EDGE('',*,*,#656,.F.);
#980=ORIENTED_EDGE('',*,*,#663,.F.);
#981=ORIENTED_EDGE('',*,*,#650,.F.);
#982=ORIENTED_EDGE('',*,*,#669,.T.);
#983=ORIENTED_EDGE('',*,*,#587,.T.);
#984=ORIENTED_EDGE('',*,*,#646,.T.);
#985=ORIENTED_EDGE('',*,*,#642,.F.);
#986=ORIENTED_EDGE('',*,*,#647,.T.);
#987=ORIENTED_EDGE('',*,*,#619,.T.);
#988=ORIENTED_EDGE('',*,*,#664,.T.);
#989=ORIENTED_EDGE('',*,*,#659,.F.);
#990=ORIENTED_EDGE('',*,*,#666,.T.);
#991=ORIENTED_EDGE('',*,*,#668,.T.);
#992=ORIENTED_EDGE('',*,*,#588,.F.);
#993=ORIENTED_EDGE('',*,*,#669,.F.);
#994=ORIENTED_EDGE('',*,*,#667,.F.);
#995=ORIENTED_EDGE('',*,*,#628,.T.);
#996=B_SPLINE_SURFACE_WITH_KNOTS('',3,3,((#1464,#1465,#1466,#1467,#1468,
#1469),(#1470,#1471,#1472,#1473,#1474,#1475),(#1476,#1477,#1478,#1479,#1480,
#1481),(#1482,#1483,#1484,#1485,#1486,#1487),(#1488,#1489,#1490,#1491,#1492,
#1493),(#1494,#1495,#1496,#1497,#1498,#1499)),.UNSPECIFIED.,.F.,.F.,.F.,
(4,1,1,4),(4,1,1,4),(0.,0.333333333333333,0.666666666666667,1.),(0.,0.333333333333333,
0.666666666666667,1.),.UNSPECIFIED.);
#997=B_SPLINE_SURFACE_WITH_KNOTS('',3,3,((#1518,#1519,#1520,#1521,#1522,
#1523),(#1524,#1525,#1526,#1527,#1528,#1529),(#1530,#1531,#1532,#1533,#1534,
#1535),(#1536,#1537,#1538,#1539,#1540,#1541),(#1542,#1543,#1544,#1545,#1546,
#1547),(#1548,#1549,#1550,#1551,#1552,#1553)),.UNSPECIFIED.,.F.,.F.,.F.,
(4,1,1,4),(4,1,1,4),(0.,0.333333333333333,0.666666666666667,1.),(0.,0.333333333333333,
0.666666666666667,1.),.UNSPECIFIED.);
#998=B_SPLINE_SURFACE_WITH_KNOTS('',3,3,((#1564,#1565,#1566,#1567,#1568,
#1569),(#1570,#1571,#1572,#1573,#1574,#1575),(#1576,#1577,#1578,#1579,#1580,
#1581),(#1582,#1583,#1584,#1585,#1586,#1587),(#1588,#1589,#1590,#1591,#1592,
#1593),(#1594,#1595,#1596,#1597,#1598,#1599)),.UNSPECIFIED.,.F.,.F.,.F.,
(4,1,1,4),(4,1,1,4),(0.,0.333333333333333,0.666666666666667,1.),(0.,0.333333333333333,
0.666666666666667,1.),.UNSPECIFIED.);
#999=B_SPLINE_SURFACE_WITH_KNOTS('',3,3,((#1610,#1611,#1612,#1613,#1614,
#1615),(#1616,#1617,#1618,#1619,#1620,#1621),(#1622,#1623,#1624,#1625,#1626,
#1627),(#1628,#1629,#1630,#1631,#1632,#1633),(#1634,#1635,#1636,#1637,#1638,
#1639),(#1640,#1641,#1642,#1643,#1644,#1645)),.UNSPECIFIED.,.F.,.F.,.F.,
(4,1,1,4),(4,1,1,4),(0.,0.333333333333333,0.666666666666667,1.),(0.,0.333333333333333,
0.666666666666667,1.),.UNSPECIFIED.);
#1000=B_SPLINE_SURFACE_WITH_KNOTS('',3,3,((#1656,#1657,#1658,#1659,#1660,
#1661),(#1662,#1663,#1664,#1665,#1666,#1667),(#1668,#1669,#1670,#1671,#1672,
#1673),(#1674,#1675,#1676,#1677,#1678,#1679),(#1680,#1681,#1682,#1683,#1684,
#1685),(#1686,#1687,#1688,#1689,#1690,#1691)),.UNSPECIFIED.,.F.,.F.,.F.,
(4,1,1,4),(4,1,1,4),(0.,0.333333333333333,0.666666666666667,1.),(0.,0.333333333333333,
0.666666666666667,1.),.UNSPECIFIED.);
#1001=B_SPLINE_SURFACE_WITH_KNOTS('',3,3,((#1702,#1703,#1704,#1705,#1706,
#1707),(#1708,#1709,#1710,#1711,#1712,#1713),(#1714,#1715,#1716,#1717,#1718,
#1719),(#1720,#1721,#1722,#1723,#1724,#1725),(#1726,#1727,#1728,#1729,#1730,
#1731),(#1732,#1733,#1734,#1735,#1736,#1737)),.UNSPECIFIED.,.F.,.F.,.F.,
(4,1,1,4),(4,1,1,4),(0.,0.333333333333333,0.666666666666667,1.),(0.,0.333333333333333,
0.666666666666667,1.),.UNSPECIFIED.);
#1002=B_SPLINE_SURFACE_WITH_KNOTS('',3,3,((#1756,#1757,#1758,#1759,#1760,
#1761),(#1762,#1763,#1764,#1765,#1766,#1767),(#1768,#1769,#1770,#1771,#1772,
#1773),(#1774,#1775,#1776,#1777,#1778,#1779),(#1780,#1781,#1782,#1783,#1784,
#1785),(#1786,#1787,#1788,#1789,#1790,#1791)),.UNSPECIFIED.,.F.,.F.,.F.,
(4,1,1,4),(4,1,1,4),(0.,0.333333333333333,0.666666666666667,1.),(0.,0.333333333333333,
0.666666666666667,1.),.UNSPECIFIED.);
#1003=B_SPLINE_SURFACE_WITH_KNOTS('',3,3,((#1802,#1803,#1804,#1805,#1806,
#1807),(#1808,#1809,#1810,#1811,#1812,#1813),(#1814,#1815,#1816,#1817,#1818,
#1819),(#1820,#1821,#1822,#1823,#1824,#1825),(#1826,#1827,#1828,#1829,#1830,
#1831),(#1832,#1833,#1834,#1835,#1836,#1837)),.UNSPECIFIED.,.F.,.F.,.F.,
(4,1,1,4),(4,1,1,4),(0.,0.333333333333333,0.666666666666667,1.),(0.,0.333333333333333,
0.666666666666667,1.),.UNSPECIFIED.);
#1004=B_SPLINE_SURFACE_WITH_KNOTS('',3,3,((#1848,#1849,#1850,#1851,#1852,
#1853),(#1854,#1855,#1856,#1857,#1858,#1859),(#1860,#1861,#1862,#1863,#1864,
#1865),(#1866,#1867,#1868,#1869,#1870,#1871),(#1872,#1873,#1874,#1875,#1876,
#1877),(#1878,#1879,#1880,#1881,#1882,#1883)),.UNSPECIFIED.,.F.,.F.,.F.,
(4,1,1,4),(4,1,1,4),(0.,0.333333333333333,0.666666666666667,1.),(0.,0.333333333333333,
0.666666666666667,1.),.UNSPECIFIED.);
#1005=B_SPLINE_SURFACE_WITH_KNOTS('',3,3,((#1894,#1895,#1896,#1897,#1898,
#1899),(#1900,#1901,#1902,#1903,#1904,#1905),(#1906,#1907,#1908,#1909,#1910,
#1911),(#1912,#1913,#1914,#1915,#1916,#1917),(#1918,#1919,#1920,#1921,#1922,
#1923),(#1924,#1925,#1926,#1927,#1928,#1929)),.UNSPECIFIED.,.F.,.F.,.F.,
(4,1,1,4),(4,1,1,4),(0.,0.333333333333333,0.666666666666667,1.),(0.,0.333333333333333,
0.666666666666667,1.),.UNSPECIFIED.);
#1006=B_SPLINE_SURFACE_WITH_KNOTS('',3,3,((#1940,#1941,#1942,#1943,#1944,
#1945),(#1946,#1947,#1948,#1949,#1950,#1951),(#1952,#1953,#1954,#1955,#1956,
#1957),(#1958,#1959,#1960,#1961,#1962,#1963),(#1964,#1965,#1966,#1967,#1968,
#1969),(#1970,#1971,#1972,#1973,#1974,#1975)),.UNSPECIFIED.,.F.,.F.,.F.,
(4,1,1,4),(4,1,1,4),(0.,0.333333333333333,0.666666666666667,1.),(0.,0.333333333333333,
0.666666666666667,1.),.UNSPECIFIED.);
#1007=B_SPLINE_SURFACE_WITH_KNOTS('',3,3,((#1994,#1995,#1996,#1997,#1998,
#1999),(#2000,#2001,#2002,#2003,#2004,#2005),(#2006,#2007,#2008,#2009,#2010,
#2011),(#2012,#2013,#2014,#2015,#2016,#2017),(#2018,#2019,#2020,#2021,#2022,
#2023),(#2024,#2025,#2026,#2027,#2028,#2029)),.UNSPECIFIED.,.F.,.F.,.F.,
(4,1,1,4),(4,1,1,4),(0.,0.333333333333333,0.666666666666667,1.),(0.,0.333333333333333,
0.666666666666667,1.),.UNSPECIFIED.);
#1008=B_SPLINE_SURFACE_WITH_KNOTS('',3,3,((#2040,#2041,#2042,#2043,#2044,
#2045),(#2046,#2047,#2048,#2049,#2050,#2051),(#2052,#2053,#2054,#2055,#2056,
#2057),(#2058,#2059,#2060,#2061,#2062,#2063),(#2064,#2065,#2066,#2067,#2068,
#2069),(#2070,#2071,#2072,#2073,#2074,#2075)),.UNSPECIFIED.,.F.,.F.,.F.,
(4,1,1,4),(4,1,1,4),(0.,0.333333333333333,0.666666666666667,1.),(0.,0.333333333333333,
0.666666666666667,1.),.UNSPECIFIED.);
#1009=B_SPLINE_SURFACE_WITH_KNOTS('',3,3,((#2086,#2087,#2088,#2089,#2090,
#2091),(#2092,#2093,#2094,#2095,#2096,#2097),(#2098,#2099,#2100,#2101,#2102,
#2103),(#2104,#2105,#2106,#2107,#2108,#2109),(#2110,#2111,#2112,#2113,#2114,
#2115),(#2116,#2117,#2118,#2119,#2120,#2121)),.UNSPECIFIED.,.F.,.F.,.F.,
(4,1,1,4),(4,1,1,4),(0.,0.333333333333333,0.666666666666667,1.),(0.,0.333333333333333,
0.666666666666667,1.),.UNSPECIFIED.);
#1010=B_SPLINE_SURFACE_WITH_KNOTS('',3,3,((#2132,#2133,#2134,#2135,#2136,
#2137),(#2138,#2139,#2140,#2141,#2142,#2143),(#2144,#2145,#2146,#2147,#2148,
#2149),(#2150,#2151,#2152,#2153,#2154,#2155),(#2156,#2157,#2158,#2159,#2160,
#2161),(#2162,#2163,#2164,#2165,#2166,#2167)),.UNSPECIFIED.,.F.,.F.,.F.,
(4,1,1,4),(4,1,1,4),(0.,0.333333333333333,0.666666666666667,1.),(0.,0.333333333333333,
0.666666666666667,1.),.UNSPECIFIED.);
#1011=B_SPLINE_SURFACE_WITH_KNOTS('',3,3,((#2178,#2179,#2180,#2181,#2182,
#2183,#2184,#2185,#2186,#2187),(#2188,#2189,#2190,#2191,#2192,#2193,#2194,
#2195,#2196,#2197),(#2198,#2199,#2200,#2201,#2202,#2203,#2204,#2205,#2206,
#2207),(#2208,#2209,#2210,#2211,#2212,#2213,#2214,#2215,#2216,#2217),(#2218,
#2219,#2220,#2221,#2222,#2223,#2224,#2225,#2226,#2227),(#2228,#2229,#2230,
#2231,#2232,#2233,#2234,#2235,#2236,#2237)),.UNSPECIFIED.,.F.,.F.,.F.,(4,
1,1,4),(4,1,1,1,1,1,1,4),(0.,0.333333333333333,0.666666666666667,1.),(0.,
0.142857142857143,0.285714285714286,0.428571428571429,0.571428571428571,
0.714285714285714,0.857142857142857,1.),.UNSPECIFIED.);
#1012=B_SPLINE_SURFACE_WITH_KNOTS('',3,3,((#2335,#2336,#2337,#2338,#2339,
#2340),(#2341,#2342,#2343,#2344,#2345,#2346),(#2347,#2348,#2349,#2350,#2351,
#2352),(#2353,#2354,#2355,#2356,#2357,#2358),(#2359,#2360,#2361,#2362,#2363,
#2364),(#2365,#2366,#2367,#2368,#2369,#2370),(#2371,#2372,#2373,#2374,#2375,
#2376),(#2377,#2378,#2379,#2380,#2381,#2382),(#2383,#2384,#2385,#2386,#2387,
#2388),(#2389,#2390,#2391,#2392,#2393,#2394)),.UNSPECIFIED.,.F.,.F.,.F.,
(4,1,1,1,1,1,1,4),(4,1,1,4),(0.,0.142857142857143,0.285714285714286,0.428571428571429,
0.571428571428571,0.714285714285714,0.857142857142857,1.),(0.,0.333333333333333,
0.666666666666667,1.),.UNSPECIFIED.);
#1013=B_SPLINE_SURFACE_WITH_KNOTS('',3,3,((#2478,#2479,#2480,#2481,#2482,
#2483,#2484,#2485,#2486,#2487),(#2488,#2489,#2490,#2491,#2492,#2493,#2494,
#2495,#2496,#2497),(#2498,#2499,#2500,#2501,#2502,#2503,#2504,#2505,#2506,
#2507),(#2508,#2509,#2510,#2511,#2512,#2513,#2514,#2515,#2516,#2517),(#2518,
#2519,#2520,#2521,#2522,#2523,#2524,#2525,#2526,#2527),(#2528,#2529,#2530,
#2531,#2532,#2533,#2534,#2535,#2536,#2537)),.UNSPECIFIED.,.F.,.F.,.F.,(4,
1,1,4),(4,1,1,1,1,1,1,4),(0.,0.333333333333333,0.666666666666667,1.),(0.,
0.142857142857143,0.285714285714286,0.428571428571429,0.571428571428571,
0.714285714285714,0.857142857142857,1.),.UNSPECIFIED.);
#1014=B_SPLINE_SURFACE_WITH_KNOTS('',3,3,((#2548,#2549,#2550,#2551,#2552,
#2553),(#2554,#2555,#2556,#2557,#2558,#2559),(#2560,#2561,#2562,#2563,#2564,
#2565),(#2566,#2567,#2568,#2569,#2570,#2571),(#2572,#2573,#2574,#2575,#2576,
#2577),(#2578,#2579,#2580,#2581,#2582,#2583),(#2584,#2585,#2586,#2587,#2588,
#2589),(#2590,#2591,#2592,#2593,#2594,#2595),(#2596,#2597,#2598,#2599,#2600,
#2601),(#2602,#2603,#2604,#2605,#2606,#2607)),.UNSPECIFIED.,.F.,.F.,.F.,
(4,1,1,1,1,1,1,4),(4,1,1,4),(0.,0.142857142857143,0.285714285714286,0.428571428571429,
0.571428571428571,0.714285714285714,0.857142857142857,1.),(0.,0.333333333333333,
0.666666666666667,1.),.UNSPECIFIED.);
#1015=B_SPLINE_SURFACE_WITH_KNOTS('',3,3,((#2622,#2623,#2624,#2625,#2626,
#2627,#2628,#2629,#2630,#2631),(#2632,#2633,#2634,#2635,#2636,#2637,#2638,
#2639,#2640,#2641),(#2642,#2643,#2644,#2645,#2646,#2647,#2648,#2649,#2650,
#2651),(#2652,#2653,#2654,#2655,#2656,#2657,#2658,#2659,#2660,#2661),(#2662,
#2663,#2664,#2665,#2666,#2667,#2668,#2669,#2670,#2671),(#2672,#2673,#2674,
#2675,#2676,#2677,#2678,#2679,#2680,#2681)),.UNSPECIFIED.,.F.,.F.,.F.,(4,
1,1,4),(4,1,1,1,1,1,1,4),(0.,0.333333333333333,0.666666666666667,1.),(0.,
0.142857142857143,0.285714285714286,0.428571428571429,0.571428571428571,
0.714285714285714,0.857142857142857,1.),.UNSPECIFIED.);
#1016=B_SPLINE_SURFACE_WITH_KNOTS('',3,3,((#2958,#2959,#2960,#2961,#2962,
#2963),(#2964,#2965,#2966,#2967,#2968,#2969),(#2970,#2971,#2972,#2973,#2974,
#2975),(#2976,#2977,#2978,#2979,#2980,#2981),(#2982,#2983,#2984,#2985,#2986,
#2987),(#2988,#2989,#2990,#2991,#2992,#2993),(#2994,#2995,#2996,#2997,#2998,
#2999),(#3000,#3001,#3002,#3003,#3004,#3005),(#3006,#3007,#3008,#3009,#3010,
#3011),(#3012,#3013,#3014,#3015,#3016,#3017)),.UNSPECIFIED.,.F.,.F.,.F.,
(4,1,1,1,1,1,1,4),(4,1,1,4),(0.,0.142857142857143,0.285714285714286,0.428571428571429,
0.571428571428571,0.714285714285714,0.857142857142857,1.),(0.,0.333333333333333,
0.666666666666667,1.),.UNSPECIFIED.);
#1017=B_SPLINE_SURFACE_WITH_KNOTS('',3,3,((#3019,#3020,#3021,#3022,#3023,
#3024),(#3025,#3026,#3027,#3028,#3029,#3030),(#3031,#3032,#3033,#3034,#3035,
#3036),(#3037,#3038,#3039,#3040,#3041,#3042),(#3043,#3044,#3045,#3046,#3047,
#3048),(#3049,#3050,#3051,#3052,#3053,#3054)),.UNSPECIFIED.,.F.,.F.,.F.,
(4,1,1,4),(4,1,1,4),(0.,0.333333333333333,0.666666666666667,1.),(0.,0.333333333333333,
0.666666666666667,1.),.UNSPECIFIED.);
#1018=B_SPLINE_SURFACE_WITH_KNOTS('',3,3,((#3075,#3076,#3077,#3078,#3079,
#3080),(#3081,#3082,#3083,#3084,#3085,#3086),(#3087,#3088,#3089,#3090,#3091,
#3092),(#3093,#3094,#3095,#3096,#3097,#3098),(#3099,#3100,#3101,#3102,#3103,
#3104),(#3105,#3106,#3107,#3108,#3109,#3110)),.UNSPECIFIED.,.F.,.F.,.F.,
(4,1,1,4),(4,1,1,4),(0.,0.333333333333333,0.666666666666667,1.),(0.,0.333333333333333,
0.666666666666667,1.),.UNSPECIFIED.);
#1019=B_SPLINE_SURFACE_WITH_KNOTS('',3,3,((#3118,#3119,#3120,#3121,#3122,
#3123),(#3124,#3125,#3126,#3127,#3128,#3129),(#3130,#3131,#3132,#3133,#3134,
#3135),(#3136,#3137,#3138,#3139,#3140,#3141),(#3142,#3143,#3144,#3145,#3146,
#3147),(#3148,#3149,#3150,#3151,#3152,#3153)),.UNSPECIFIED.,.F.,.F.,.F.,
(4,1,1,4),(4,1,1,4),(0.,0.333333333333333,0.666666666666667,1.),(0.,0.333333333333333,
0.666666666666667,1.),.UNSPECIFIED.);
#1020=ADVANCED_FACE('',(#185),#996,.T.);
#1021=ADVANCED_FACE('',(#186),#997,.T.);
#1022=ADVANCED_FACE('',(#187),#998,.T.);
#1023=ADVANCED_FACE('',(#188),#999,.T.);
#1024=ADVANCED_FACE('',(#189),#1000,.T.);
#1025=ADVANCED_FACE('',(#190),#1001,.T.);
#1026=ADVANCED_FACE('',(#191),#1002,.T.);
#1027=ADVANCED_FACE('',(#192),#1003,.T.);
#1028=ADVANCED_FACE('',(#193),#1004,.T.);
#1029=ADVANCED_FACE('',(#194),#1005,.T.);
#1030=ADVANCED_FACE('',(#195),#1006,.T.);
#1031=ADVANCED_FACE('',(#196),#1007,.T.);
#1032=ADVANCED_FACE('',(#197),#1008,.T.);
#1033=ADVANCED_FACE('',(#198),#1009,.T.);
#1034=ADVANCED_FACE('',(#199),#1010,.T.);
#1035=ADVANCED_FACE('',(#200),#1011,.T.);
#1036=ADVANCED_FACE('',(#201),#1012,.T.);
#1037=ADVANCED_FACE('',(#202),#1013,.T.);
#1038=ADVANCED_FACE('',(#203),#1014,.T.);
#1039=ADVANCED_FACE('',(#204),#1015,.T.);
#1040=ADVANCED_FACE('',(#205),#169,.F.);
#1041=ADVANCED_FACE('',(#206),#22,.T.);
#1042=ADVANCED_FACE('',(#207),#170,.F.);
#1043=ADVANCED_FACE('',(#208),#171,.T.);
#1044=ADVANCED_FACE('',(#209),#23,.F.);
#1045=ADVANCED_FACE('',(#210),#24,.F.);
#1046=ADVANCED_FACE('',(#211,#20),#25,.T.);
#1047=ADVANCED_FACE('',(#212),#26,.F.);
#1048=ADVANCED_FACE('',(#213),#27,.T.);
#1049=ADVANCED_FACE('',(#214),#28,.T.);
#1050=ADVANCED_FACE('',(#215),#172,.T.);
#1051=ADVANCED_FACE('',(#216),#29,.F.);
#1052=ADVANCED_FACE('',(#217),#173,.F.);
#1053=ADVANCED_FACE('',(#218,#21),#30,.F.);
#1054=ADVANCED_FACE('',(#219),#174,.F.);
#1055=ADVANCED_FACE('',(#220),#31,.T.);
#1056=ADVANCED_FACE('',(#221),#175,.F.);
#1057=ADVANCED_FACE('',(#222),#32,.T.);
#1058=ADVANCED_FACE('',(#223),#1016,.T.);
#1059=ADVANCED_FACE('',(#224),#1017,.T.);
#1060=ADVANCED_FACE('',(#225),#176,.F.);
#1061=ADVANCED_FACE('',(#226),#177,.F.);
#1062=ADVANCED_FACE('',(#227),#178,.F.);
#1063=ADVANCED_FACE('',(#228),#15,.F.);
#1064=ADVANCED_FACE('',(#229),#179,.F.);
#1065=ADVANCED_FACE('',(#230),#33,.T.);
#1066=ADVANCED_FACE('',(#231),#34,.F.);
#1067=ADVANCED_FACE('',(#232),#1018,.T.);
#1068=ADVANCED_FACE('',(#233),#180,.F.);
#1069=ADVANCED_FACE('',(#234),#1019,.T.);
#1070=ADVANCED_FACE('',(#235),#181,.F.);
#1071=ADVANCED_FACE('',(#236),#182,.F.);
#1072=ADVANCED_FACE('',(#237),#183,.F.);
#1073=ADVANCED_FACE('',(#238),#184,.F.);
#1074=ADVANCED_FACE('',(#239),#35,.T.);
#1075=ADVANCED_FACE('',(#240),#36,.F.);
#1076=ADVANCED_FACE('',(#241),#37,.T.);
#1077=ADVANCED_FACE('',(#242),#38,.T.);
#1078=ADVANCED_FACE('',(#243),#39,.T.);
#1079=ADVANCED_FACE('',(#244),#40,.F.);
#1080=CLOSED_SHELL('',(#1020,#1021,#1022,#1023,#1024,#1025,#1026,#1027,
#1028,#1029,#1030,#1031,#1032,#1033,#1034,#1035,#1036,#1037,#1038,#1039,
#1040,#1041,#1042,#1043,#1044,#1045,#1046,#1047,#1048,#1049,#1050,#1051,
#1052,#1053,#1054,#1055,#1056,#1057,#1058,#1059,#1060,#1061,#1062,#1063,
#1064,#1065,#1066,#1067,#1068,#1069,#1070,#1071,#1072,#1073,#1074,#1075,
#1076,#1077,#1078,#1079));
#1081=AXIS2_PLACEMENT_3D('',#1463,#1187,#1188);
#1082=AXIS2_PLACEMENT_3D('',#1516,#1189,#1190);
#1083=AXIS2_PLACEMENT_3D('',#1517,#1191,#1192);
#1084=AXIS2_PLACEMENT_3D('',#1562,#1193,#1194);
#1085=AXIS2_PLACEMENT_3D('',#1563,#1195,#1196);
#1086=AXIS2_PLACEMENT_3D('',#1608,#1197,#1198);
#1087=AXIS2_PLACEMENT_3D('',#1609,#1199,#1200);
#1088=AXIS2_PLACEMENT_3D('',#1654,#1201,#1202);
#1089=AXIS2_PLACEMENT_3D('',#1655,#1203,#1204);
#1090=AXIS2_PLACEMENT_3D('',#1700,#1205,#1206);
#1091=AXIS2_PLACEMENT_3D('',#1701,#1207,#1208);
#1092=AXIS2_PLACEMENT_3D('',#1754,#1209,#1210);
#1093=AXIS2_PLACEMENT_3D('',#1755,#1211,#1212);
#1094=AXIS2_PLACEMENT_3D('',#1800,#1213,#1214);
#1095=AXIS2_PLACEMENT_3D('',#1801,#1215,#1216);
#1096=AXIS2_PLACEMENT_3D('',#1846,#1217,#1218);
#1097=AXIS2_PLACEMENT_3D('',#1847,#1219,#1220);
#1098=AXIS2_PLACEMENT_3D('',#1892,#1221,#1222);
#1099=AXIS2_PLACEMENT_3D('',#1893,#1223,#1224);
#1100=AXIS2_PLACEMENT_3D('',#1938,#1225,#1226);
#1101=AXIS2_PLACEMENT_3D('',#1939,#1227,#1228);
#1102=AXIS2_PLACEMENT_3D('',#1992,#1229,#1230);
#1103=AXIS2_PLACEMENT_3D('',#1993,#1231,#1232);
#1104=AXIS2_PLACEMENT_3D('',#2038,#1233,#1234);
#1105=AXIS2_PLACEMENT_3D('',#2039,#1235,#1236);
#1106=AXIS2_PLACEMENT_3D('',#2084,#1237,#1238);
#1107=AXIS2_PLACEMENT_3D('',#2085,#1239,#1240);
#1108=AXIS2_PLACEMENT_3D('',#2130,#1241,#1242);
#1109=AXIS2_PLACEMENT_3D('',#2131,#1243,#1244);
#1110=AXIS2_PLACEMENT_3D('',#2176,#1245,#1246);
#1111=AXIS2_PLACEMENT_3D('',#2177,#1247,#1248);
#1112=AXIS2_PLACEMENT_3D('',#2334,#1249,#1250);
#1113=AXIS2_PLACEMENT_3D('',#2407,#1251,#1252);
#1114=AXIS2_PLACEMENT_3D('',#2546,#1253,#1254);
#1115=AXIS2_PLACEMENT_3D('',#2547,#1255,#1256);
#1116=AXIS2_PLACEMENT_3D('',#2620,#1257,#1258);
#1117=AXIS2_PLACEMENT_3D('',#2621,#1259,#1260);
#1118=AXIS2_PLACEMENT_3D('',#2757,#1261,#1262);
#1119=AXIS2_PLACEMENT_3D('',#2758,#1263,#1264);
#1120=AXIS2_PLACEMENT_3D('',#2761,#1265,#1266);
#1121=AXIS2_PLACEMENT_3D('',#2765,#1268,#1269);
#1122=AXIS2_PLACEMENT_3D('',#2767,#1271,#1272);
#1123=AXIS2_PLACEMENT_3D('',#2773,#1276,#1277);
#1124=AXIS2_PLACEMENT_3D('',#2776,#1278,#1279);
#1125=AXIS2_PLACEMENT_3D('',#2780,#1281,#1282);
#1126=AXIS2_PLACEMENT_3D('',#2782,#1284,#1285);
#1127=AXIS2_PLACEMENT_3D('',#2783,#1286,#1287);
#1128=AXIS2_PLACEMENT_3D('',#2784,#1288,#1289);
#1129=AXIS2_PLACEMENT_3D('',#2785,#1290,#1291);
#1130=AXIS2_PLACEMENT_3D('',#2789,#1293,#1294);
#1131=AXIS2_PLACEMENT_3D('',#2797,#1299,#1300);
#1132=AXIS2_PLACEMENT_3D('',#2803,#1304,#1305);
#1133=AXIS2_PLACEMENT_3D('',#2806,#1307,#1308);
#1134=AXIS2_PLACEMENT_3D('',#2810,#1311,#1312);
#1135=AXIS2_PLACEMENT_3D('',#2811,#1313,#1314);
#1136=AXIS2_PLACEMENT_3D('',#2816,#1317,#1318);
#1137=AXIS2_PLACEMENT_3D('',#2817,#1319,#1320);
#1138=AXIS2_PLACEMENT_3D('',#2826,#1323,#1324);
#1139=AXIS2_PLACEMENT_3D('',#2841,#1329,#1330);
#1140=AXIS2_PLACEMENT_3D('',#2843,#1331,#1332);
#1141=AXIS2_PLACEMENT_3D('',#2910,#1334,#1335);
#1142=AXIS2_PLACEMENT_3D('',#2911,#1336,#1337);
#1143=AXIS2_PLACEMENT_3D('',#2913,#1338,#1339);
#1144=AXIS2_PLACEMENT_3D('',#2915,#1340,#1341);
#1145=AXIS2_PLACEMENT_3D('',#2921,#1344,#1345);
#1146=AXIS2_PLACEMENT_3D('',#2928,#1349,#1350);
#1147=AXIS2_PLACEMENT_3D('',#2929,#1351,#1352);
#1148=AXIS2_PLACEMENT_3D('',#2931,#1353,#1354);
#1149=AXIS2_PLACEMENT_3D('',#2935,#1356,#1357);
#1150=AXIS2_PLACEMENT_3D('',#2937,#1358,#1359);
#1151=AXIS2_PLACEMENT_3D('',#2941,#1362,#1363);
#1152=AXIS2_PLACEMENT_3D('',#2946,#1366,#1367);
#1153=AXIS2_PLACEMENT_3D('',#2947,#1368,#1369);
#1154=AXIS2_PLACEMENT_3D('',#2949,#1371,#1372);
#1155=AXIS2_PLACEMENT_3D('',#2953,#1375,#1376);
#1156=AXIS2_PLACEMENT_3D('',#2954,#1377,#1378);
#1157=AXIS2_PLACEMENT_3D('',#2955,#1379,#1380);
#1158=AXIS2_PLACEMENT_3D('',#3018,#1383,#1384);
#1159=AXIS2_PLACEMENT_3D('',#3056,#1385,#1386);
#1160=AXIS2_PLACEMENT_3D('',#3057,#1387,#1388);
#1161=AXIS2_PLACEMENT_3D('',#3058,#1389,#1390);
#1162=AXIS2_PLACEMENT_3D('',#3060,#1392,#1393);
#1163=AXIS2_PLACEMENT_3D('',#3062,#1395,#1396);
#1164=AXIS2_PLACEMENT_3D('',#3065,#1397,#1398);
#1165=AXIS2_PLACEMENT_3D('',#3068,#1401,#1402);
#1166=AXIS2_PLACEMENT_3D('',#3069,#1403,#1404);
#1167=AXIS2_PLACEMENT_3D('',#3071,#1406,#1407);
#1168=AXIS2_PLACEMENT_3D('',#3073,#1409,#1410);
#1169=AXIS2_PLACEMENT_3D('',#3112,#1412,#1413);
#1170=AXIS2_PLACEMENT_3D('',#3113,#1414,#1415);
#1171=AXIS2_PLACEMENT_3D('',#3114,#1416,#1417);
#1172=AXIS2_PLACEMENT_3D('',#3116,#1418,#1419);
#1173=AXIS2_PLACEMENT_3D('',#3155,#1421,#1422);
#1174=AXIS2_PLACEMENT_3D('',#3156,#1423,#1424);
#1175=AXIS2_PLACEMENT_3D('',#3157,#1425,#1426);
#1176=AXIS2_PLACEMENT_3D('',#3160,#1429,#1430);
#1177=AXIS2_PLACEMENT_3D('',#3163,#1431,#1432);
#1178=AXIS2_PLACEMENT_3D('',#3166,#1435,#1436);
#1179=AXIS2_PLACEMENT_3D('',#3169,#1437,#1438);
#1180=AXIS2_PLACEMENT_3D('',#3172,#1441,#1442);
#1181=AXIS2_PLACEMENT_3D('',#3174,#1444,#1445);
#1182=AXIS2_PLACEMENT_3D('',#3176,#1447,#1448);
#1183=AXIS2_PLACEMENT_3D('',#3178,#1450,#1451);
#1184=AXIS2_PLACEMENT_3D('',#3182,#1454,#1455);
#1185=AXIS2_PLACEMENT_3D('',#3186,#1458,#1459);
#1186=AXIS2_PLACEMENT_3D('',#3188,#1461,#1462);
#1187=DIRECTION('axis',(0.,0.,1.));
#1188=DIRECTION('refdir',(1.,0.,0.));
#1189=DIRECTION('center_axis',(0.707106781186548,-0.707106781186547,0.));
#1190=DIRECTION('ref_axis',(0.499999999999999,0.499999999999999,0.707106781186549));
#1191=DIRECTION('center_axis',(0.707106781186548,0.707106781186548,0.));
#1192=DIRECTION('ref_axis',(0.,0.,1.));
#1193=DIRECTION('center_axis',(0.,0.,1.));
#1194=DIRECTION('ref_axis',(0.707106781186547,-0.707106781186547,0.));
#1195=DIRECTION('center_axis',(0.707106781186548,-0.707106781186547,0.));
#1196=DIRECTION('ref_axis',(0.499999999999999,0.499999999999999,0.707106781186549));
#1197=DIRECTION('center_axis',(0.707106781186547,0.707106781186548,0.));
#1198=DIRECTION('ref_axis',(0.499999999999999,-0.499999999999999,0.707106781186549));
#1199=DIRECTION('center_axis',(0.,0.,1.));
#1200=DIRECTION('ref_axis',(0.707106781186547,-0.707106781186547,0.));
#1201=DIRECTION('center_axis',(0.707106781186553,-0.707106781186542,0.));
#1202=DIRECTION('ref_axis',(0.707106781186542,0.707106781186553,0.));
#1203=DIRECTION('center_axis',(0.707106781186547,0.707106781186548,0.));
#1204=DIRECTION('ref_axis',(0.499999999999999,-0.499999999999999,0.707106781186549));
#1205=DIRECTION('center_axis',(0.,0.,1.));
#1206=DIRECTION('ref_axis',(1.,0.,0.));
#1207=DIRECTION('center_axis',(0.707106781186553,-0.707106781186542,0.));
#1208=DIRECTION('ref_axis',(0.707106781186542,0.707106781186553,0.));
#1209=DIRECTION('center_axis',(-0.707106781186547,-0.707106781186548,0.));
#1210=DIRECTION('ref_axis',(0.499999999999999,-0.499999999999999,0.707106781186549));
#1211=DIRECTION('center_axis',(0.707106781186548,-0.707106781186548,0.));
#1212=DIRECTION('ref_axis',(0.,0.,1.));
#1213=DIRECTION('center_axis',(0.,0.,1.));
#1214=DIRECTION('ref_axis',(-0.707106781186548,-0.707106781186548,0.));
#1215=DIRECTION('center_axis',(-0.707106781186547,-0.707106781186548,0.));
#1216=DIRECTION('ref_axis',(0.499999999999999,-0.499999999999999,0.707106781186549));
#1217=DIRECTION('center_axis',(0.707106781186548,-0.707106781186547,0.));
#1218=DIRECTION('ref_axis',(-0.499999999999999,-0.499999999999999,0.707106781186549));
#1219=DIRECTION('center_axis',(0.,0.,1.));
#1220=DIRECTION('ref_axis',(-0.707106781186548,-0.707106781186548,0.));
#1221=DIRECTION('center_axis',(-0.707106781186548,-0.707106781186548,0.));
#1222=DIRECTION('ref_axis',(0.707106781186547,-0.707106781186547,0.));
#1223=DIRECTION('center_axis',(0.707106781186548,-0.707106781186547,0.));
#1224=DIRECTION('ref_axis',(-0.499999999999999,-0.499999999999999,0.707106781186549));
#1225=DIRECTION('center_axis',(0.,0.,1.));
#1226=DIRECTION('ref_axis',(0.,-1.,0.));
#1227=DIRECTION('center_axis',(-0.707106781186548,-0.707106781186548,0.));
#1228=DIRECTION('ref_axis',(0.707106781186547,-0.707106781186547,0.));
#1229=DIRECTION('center_axis',(0.,0.,1.));
#1230=DIRECTION('ref_axis',(0.,1.,0.));
#1231=DIRECTION('center_axis',(0.707106781186553,0.707106781186542,8.37382644631348E-15));
#1232=DIRECTION('ref_axis',(-0.707106781186542,0.707106781186553,0.));
#1233=DIRECTION('center_axis',(-0.707106781186548,0.707106781186548,0.));
#1234=DIRECTION('ref_axis',(0.,0.,1.));
#1235=DIRECTION('center_axis',(0.,0.,1.));
#1236=DIRECTION('ref_axis',(0.,1.,0.));
#1237=DIRECTION('center_axis',(0.707106781186547,0.707106781186548,0.));
#1238=DIRECTION('ref_axis',(-0.499999999999999,0.499999999999999,0.707106781186549));
#1239=DIRECTION('center_axis',(-0.707106781186548,0.707106781186548,0.));
#1240=DIRECTION('ref_axis',(0.,0.,1.));
#1241=DIRECTION('center_axis',(0.,0.,1.));
#1242=DIRECTION('ref_axis',(0.707106781186547,0.707106781186547,0.));
#1243=DIRECTION('center_axis',(0.707106781186547,0.707106781186548,0.));
#1244=DIRECTION('ref_axis',(-0.499999999999999,0.499999999999999,0.707106781186549));
#1245=DIRECTION('center_axis',(-0.707106781186548,0.707106781186547,0.));
#1246=DIRECTION('ref_axis',(0.49999999999999,0.49999999999999,0.707106781186561));
#1247=DIRECTION('center_axis',(0.,0.,1.));
#1248=DIRECTION('ref_axis',(0.707106781186547,0.707106781186547,0.));
#1249=DIRECTION('center_axis',(-0.632416811207229,0.774628283050961,0.));
#1250=DIRECTION('ref_axis',(-0.774628283050961,-0.632416811207229,0.));
#1251=DIRECTION('center_axis',(-0.707106781186548,-0.707106781186548,0.));
#1252=DIRECTION('ref_axis',(0.,0.,1.));
#1253=DIRECTION('center_axis',(-0.707106781186548,0.707106781186547,0.));
#1254=DIRECTION('ref_axis',(-0.499999999999998,-0.500000000000002,0.707106781186547));
#1255=DIRECTION('center_axis',(-0.707106781186548,-0.707106781186548,0.));
#1256=DIRECTION('ref_axis',(0.,0.,1.));
#1257=DIRECTION('center_axis',(0.,0.,1.));
#1258=DIRECTION('ref_axis',(-0.707106781186547,0.707106781186547,0.));
#1259=DIRECTION('center_axis',(-0.707106781186548,0.707106781186547,0.));
#1260=DIRECTION('ref_axis',(-0.499999999999998,-0.500000000000002,0.707106781186547));
#1261=DIRECTION('center_axis',(0.,0.,1.));
#1262=DIRECTION('ref_axis',(-0.707106781186547,0.707106781186547,0.));
#1263=DIRECTION('center_axis',(0.,0.,-1.));
#1264=DIRECTION('ref_axis',(-0.655421593166364,-0.755263222467019,0.));
#1265=DIRECTION('center_axis',(0.,0.,1.));
#1266=DIRECTION('ref_axis',(-0.655421593166364,-0.755263222467019,0.));
#1267=DIRECTION('',(0.,0.,-1.));
#1268=DIRECTION('center_axis',(0.,0.,-1.));
#1269=DIRECTION('ref_axis',(-0.655421593166364,-0.755263222467019,0.));
#1270=DIRECTION('',(0.,0.,1.));
#1271=DIRECTION('center_axis',(0.,1.,0.));
#1272=DIRECTION('ref_axis',(0.,0.,-1.));
#1273=DIRECTION('',(1.,0.,0.));
#1274=DIRECTION('',(0.,0.,-1.));
#1275=DIRECTION('',(-1.,0.,0.));
#1276=DIRECTION('center_axis',(0.,0.,-1.));
#1277=DIRECTION('ref_axis',(-0.997504799251259,0.0705986931232068,0.));
#1278=DIRECTION('center_axis',(0.,0.,1.));
#1279=DIRECTION('ref_axis',(-0.997504799251259,0.0705986931232068,0.));
#1280=DIRECTION('',(0.,0.,-1.));
#1281=DIRECTION('center_axis',(0.,0.,-1.));
#1282=DIRECTION('ref_axis',(-0.997504799251259,0.0705986931232068,0.));
#1283=DIRECTION('',(0.,0.,1.));
#1284=DIRECTION('center_axis',(0.,0.,1.));
#1285=DIRECTION('ref_axis',(1.,0.,0.));
#1286=DIRECTION('center_axis',(0.,0.,1.));
#1287=DIRECTION('ref_axis',(1.,0.,0.));
#1288=DIRECTION('center_axis',(0.,0.,1.));
#1289=DIRECTION('ref_axis',(1.,0.,0.));
#1290=DIRECTION('center_axis',(-0.707106781186548,0.707106781186547,0.));
#1291=DIRECTION('ref_axis',(0.,0.,1.));
#1292=DIRECTION('',(0.707106781186547,0.707106781186548,0.));
#1293=DIRECTION('center_axis',(0.707106781186548,-0.707106781186547,0.));
#1294=DIRECTION('ref_axis',(0.500000000000006,0.500000000000006,0.707106781186539));
#1295=DIRECTION('',(0.,0.,1.));
#1296=DIRECTION('',(-0.695406418630866,-0.695406418630866,-0.181162429476935));
#1297=DIRECTION('',(0.,0.,1.));
#1298=DIRECTION('',(-0.707106781186547,-0.707106781186548,0.));
#1299=DIRECTION('center_axis',(-1.,0.,0.));
#1300=DIRECTION('ref_axis',(0.,1.,0.));
#1301=DIRECTION('',(0.,-1.,0.));
#1302=DIRECTION('',(0.,0.,1.));
#1303=DIRECTION('',(0.,-1.,0.));
#1304=DIRECTION('center_axis',(0.,0.,-1.));
#1305=DIRECTION('ref_axis',(-0.707106781186548,0.707106781186547,0.));
#1306=DIRECTION('',(-1.,0.,0.));
#1307=DIRECTION('center_axis',(0.,0.,-1.));
#1308=DIRECTION('ref_axis',(0.927794429331121,0.373091807605231,0.));
#1309=DIRECTION('',(-0.707106781186547,-0.707106781186548,0.));
#1310=DIRECTION('',(-0.707106781186548,0.707106781186547,0.));
#1311=DIRECTION('center_axis',(0.,0.,1.));
#1312=DIRECTION('ref_axis',(0.,1.,0.));
#1313=DIRECTION('center_axis',(0.,1.,0.));
#1314=DIRECTION('ref_axis',(0.,0.,1.));
#1315=DIRECTION('',(1.,0.,0.));
#1316=DIRECTION('',(0.,0.,-1.));
#1317=DIRECTION('center_axis',(0.,-1.,0.));
#1318=DIRECTION('ref_axis',(1.,0.,0.));
#1319=DIRECTION('center_axis',(-1.,0.,0.));
#1320=DIRECTION('ref_axis',(0.,0.,-1.));
#1321=DIRECTION('',(0.,-1.,0.));
#1322=DIRECTION('',(0.,0.,1.));
#1323=DIRECTION('center_axis',(0.,-1.,0.));
#1324=DIRECTION('ref_axis',(0.,0.,1.));
#1325=DIRECTION('',(0.,0.,-1.));
#1326=DIRECTION('',(1.,0.,0.));
#1327=DIRECTION('',(0.,0.,1.));
#1328=DIRECTION('',(-1.,0.,0.));
#1329=DIRECTION('center_axis',(0.,0.,1.));
#1330=DIRECTION('ref_axis',(1.,0.,0.));
#1331=DIRECTION('center_axis',(0.,0.,1.));
#1332=DIRECTION('ref_axis',(1.,0.,0.));
#1333=DIRECTION('',(0.,0.,-1.));
#1334=DIRECTION('center_axis',(0.,0.,1.));
#1335=DIRECTION('ref_axis',(0.927794429331121,0.373091807605231,0.));
#1336=DIRECTION('center_axis',(0.,0.,1.));
#1337=DIRECTION('ref_axis',(0.707106781186548,-0.707106781186547,0.));
#1338=DIRECTION('center_axis',(0.,0.,1.));
#1339=DIRECTION('ref_axis',(0.,1.,0.));
#1340=DIRECTION('center_axis',(0.,0.,1.));
#1341=DIRECTION('ref_axis',(0.209878021539166,-0.977727577638478,0.));
#1342=DIRECTION('',(-0.707106781186547,-0.707106781186548,0.));
#1343=DIRECTION('',(0.707106781186548,-0.707106781186547,0.));
#1344=DIRECTION('center_axis',(0.,0.,-1.));
#1345=DIRECTION('ref_axis',(0.,-1.,0.));
#1346=DIRECTION('',(0.707106781186547,0.707106781186548,0.));
#1347=DIRECTION('',(-0.707106781186548,0.707106781186547,0.));
#1348=DIRECTION('',(-0.707106781186547,-0.707106781186548,0.));
#1349=DIRECTION('center_axis',(0.,0.,-1.));
#1350=DIRECTION('ref_axis',(-0.999554265349909,0.0298541558380706,0.));
#1351=DIRECTION('center_axis',(0.,0.,-1.));
#1352=DIRECTION('ref_axis',(0.,1.,0.));
#1353=DIRECTION('center_axis',(0.,0.,-1.));
#1354=DIRECTION('ref_axis',(0.,1.,0.));
#1355=DIRECTION('',(-3.90181717062316E-7,-3.90181716999512E-7,0.999999999999848));
#1356=DIRECTION('center_axis',(0.689523054887945,-0.689523054887945,0.221621103588968));
#1357=DIRECTION('ref_axis',(-0.156709785201806,0.156709785201806,0.97513285579146));
#1358=DIRECTION('center_axis',(0.,0.,1.));
#1359=DIRECTION('ref_axis',(0.,1.,0.));
#1360=DIRECTION('',(0.,0.,1.));
#1361=DIRECTION('',(0.,0.,1.));
#1362=DIRECTION('center_axis',(0.,0.,-1.));
#1363=DIRECTION('ref_axis',(-0.707106781186548,0.707106781186547,0.));
#1364=DIRECTION('',(0.707106781186548,-0.707106781186547,0.));
#1365=DIRECTION('',(0.707106781186547,0.707106781186548,0.));
#1366=DIRECTION('center_axis',(0.,0.,-1.));
#1367=DIRECTION('ref_axis',(0.,1.,0.));
#1368=DIRECTION('center_axis',(0.,0.,-1.));
#1369=DIRECTION('ref_axis',(0.,1.,0.));
#1370=DIRECTION('',(0.,0.,-1.));
#1371=DIRECTION('center_axis',(-0.689523054887945,0.689523054887945,-0.221621103588968));
#1372=DIRECTION('ref_axis',(-0.305995030681052,0.,0.952033109297414));
#1373=DIRECTION('',(0.707106781186547,0.707106781186548,0.));
#1374=DIRECTION('',(0.156709785201806,-0.156709785201806,-0.97513285579146));
#1375=DIRECTION('center_axis',(0.689523054887945,-0.689523054887945,0.221621103588968));
#1376=DIRECTION('ref_axis',(0.156710083948642,-0.156709486454941,-0.975132855791373));
#1377=DIRECTION('center_axis',(-1.59330461703974E-7,7.41966116052245E-7,
-0.999999999999712));
#1378=DIRECTION('ref_axis',(0.616597560400336,-0.787278507586667,-6.82376750509813E-7));
#1379=DIRECTION('center_axis',(0.707106781186547,0.707106781186548,0.));
#1380=DIRECTION('ref_axis',(-0.707106781186548,0.707106781186547,0.));
#1381=DIRECTION('',(-0.707106781186548,0.707106781186547,0.));
#1382=DIRECTION('',(0.,0.,1.));
#1383=DIRECTION('center_axis',(-0.632416811207229,0.774628283050961,0.));
#1384=DIRECTION('ref_axis',(-0.774628283050961,-0.632416811207229,0.));
#1385=DIRECTION('center_axis',(0.707106781186553,0.707106781186542,8.37382644631348E-15));
#1386=DIRECTION('ref_axis',(-0.707106781186542,0.707106781186553,0.));
#1387=DIRECTION('center_axis',(-0.707106781186548,0.707106781186547,0.));
#1388=DIRECTION('ref_axis',(0.49999999999999,0.49999999999999,0.707106781186561));
#1389=DIRECTION('center_axis',(-0.707106781186548,0.707106781186547,0.));
#1390=DIRECTION('ref_axis',(0.500000000000006,0.500000000000006,0.707106781186539));
#1391=DIRECTION('',(0.707106781186548,-0.707106781186547,0.));
#1392=DIRECTION('center_axis',(-0.707106781186547,-0.707106781186548,0.));
#1393=DIRECTION('ref_axis',(-0.500000000000002,0.500000000000002,0.707106781186545));
#1394=DIRECTION('',(0.707106781186547,0.707106781186548,0.));
#1395=DIRECTION('center_axis',(0.,0.,-1.));
#1396=DIRECTION('ref_axis',(0.,1.,0.));
#1397=DIRECTION('center_axis',(0.12810118237937,0.12810118237937,-0.983453188589073));
#1398=DIRECTION('ref_axis',(0.695406418630866,0.695406418630866,0.181162429476934));
#1399=DIRECTION('',(0.,0.,1.));
#1400=DIRECTION('',(0.,0.,-1.));
#1401=DIRECTION('center_axis',(0.,0.,-1.));
#1402=DIRECTION('ref_axis',(-1.,0.,0.));
#1403=DIRECTION('center_axis',(0.,0.,-1.));
#1404=DIRECTION('ref_axis',(-0.999554265349909,0.0298541558380706,0.));
#1405=DIRECTION('',(0.,0.,1.));
#1406=DIRECTION('center_axis',(-0.707106781186547,-0.707106781186548,0.));
#1407=DIRECTION('ref_axis',(-0.707106781186548,0.707106781186547,0.));
#1408=DIRECTION('',(0.707106781186548,-0.707106781186547,0.));
#1409=DIRECTION('center_axis',(-0.707106781186548,0.707106781186547,0.));
#1410=DIRECTION('ref_axis',(0.,0.,-1.));
#1411=DIRECTION('',(-0.695406418630866,-0.695406418630866,-0.181162429476935));
#1412=DIRECTION('center_axis',(0.707106781186548,-0.707106781186548,0.));
#1413=DIRECTION('ref_axis',(0.,0.,1.));
#1414=DIRECTION('center_axis',(0.,0.,1.));
#1415=DIRECTION('ref_axis',(0.,-1.,0.));
#1416=DIRECTION('center_axis',(0.707106781186548,-0.707106781186547,0.));
#1417=DIRECTION('ref_axis',(-0.500000000000002,-0.500000000000002,0.707106781186545));
#1418=DIRECTION('center_axis',(-0.707106781186548,0.707106781186547,0.));
#1419=DIRECTION('ref_axis',(-0.500000000000002,-0.500000000000002,0.707106781186545));
#1420=DIRECTION('',(0.707106781186548,-0.707106781186547,0.));
#1421=DIRECTION('center_axis',(0.707106781186548,0.707106781186548,0.));
#1422=DIRECTION('ref_axis',(0.,0.,1.));
#1423=DIRECTION('center_axis',(0.,0.,1.));
#1424=DIRECTION('ref_axis',(1.,0.,0.));
#1425=DIRECTION('center_axis',(0.707106781186547,0.707106781186548,0.));
#1426=DIRECTION('ref_axis',(0.500000000000002,-0.500000000000002,0.707106781186545));
#1427=DIRECTION('',(-0.707106781186547,-0.707106781186548,0.));
#1428=DIRECTION('',(0.707106781186547,0.707106781186548,0.));
#1429=DIRECTION('center_axis',(-0.707106781186548,0.707106781186547,0.));
#1430=DIRECTION('ref_axis',(0.499999999999994,0.50000000000001,0.707106781186545));
#1431=DIRECTION('center_axis',(-0.707106781186548,0.707106781186547,0.));
#1432=DIRECTION('ref_axis',(0.499999999999994,0.50000000000001,0.707106781186545));
#1433=DIRECTION('',(0.707106781186548,-0.707106781186547,0.));
#1434=DIRECTION('',(-0.707106781186548,0.707106781186547,0.));
#1435=DIRECTION('center_axis',(0.,0.,-1.));
#1436=DIRECTION('ref_axis',(1.,0.,0.));
#1437=DIRECTION('center_axis',(0.12810118237937,0.12810118237937,-0.983453188589073));
#1438=DIRECTION('ref_axis',(0.695406418630866,0.695406418630866,0.181162429476934));
#1439=DIRECTION('',(0.,0.,1.));
#1440=DIRECTION('',(0.,0.,-1.));
#1441=DIRECTION('center_axis',(0.,0.,-1.));
#1442=DIRECTION('ref_axis',(0.,-1.,0.));
#1443=DIRECTION('',(0.,0.,-1.));
#1444=DIRECTION('center_axis',(0.,0.,-1.));
#1445=DIRECTION('ref_axis',(-0.707106781186548,0.707106781186547,0.));
#1446=DIRECTION('',(0.707106781186547,0.707106781186548,0.));
#1447=DIRECTION('center_axis',(0.707106781186548,-0.707106781186547,0.));
#1448=DIRECTION('ref_axis',(0.,0.,1.));
#1449=DIRECTION('',(0.695406418630866,0.695406418630866,0.181162429476935));
#1450=DIRECTION('center_axis',(-0.707106781186547,-0.707106781186548,0.));
#1451=DIRECTION('ref_axis',(0.707106781186548,-0.707106781186547,0.));
#1452=DIRECTION('',(0.,0.,-1.));
#1453=DIRECTION('',(0.707106781186548,-0.707106781186547,0.));
#1454=DIRECTION('center_axis',(-0.707106781186548,0.707106781186547,0.));
#1455=DIRECTION('ref_axis',(0.,0.,1.));
#1456=DIRECTION('',(0.,0.,-1.));
#1457=DIRECTION('',(0.695406418630866,0.695406418630866,0.181162429476935));
#1458=DIRECTION('center_axis',(0.12810118237937,0.12810118237937,-0.983453188589073));
#1459=DIRECTION('ref_axis',(-0.695406418630866,-0.695406418630866,-0.181162429476935));
#1460=DIRECTION('',(0.707106781186548,-0.707106781186547,0.));
#1461=DIRECTION('center_axis',(-0.707106781186547,-0.707106781186548,0.));
#1462=DIRECTION('ref_axis',(0.707106781186548,-0.707106781186547,0.));
#1463=CARTESIAN_POINT('',(0.,0.,0.));
#1464=CARTESIAN_POINT('Ctrl Pts',(184.70120702743,189.151064020085,387.353475945183));
#1465=CARTESIAN_POINT('Ctrl Pts',(184.600724780125,188.849617278171,387.495579302099));
#1466=CARTESIAN_POINT('Ctrl Pts',(184.332797712728,188.248175814541,387.731409593298));
#1467=CARTESIAN_POINT('Ctrl Pts',(183.416405579985,186.879423837447,388.051276306776));
#1468=CARTESIAN_POINT('Ctrl Pts',(182.577871670267,185.941832700946,388.12132034356));
#1469=CARTESIAN_POINT('Ctrl Pts',(182.166102989406,185.530064020085,388.12132034356));
#1470=CARTESIAN_POINT('Ctrl Pts',(184.801689274735,188.849617278171,387.211372588267));
#1471=CARTESIAN_POINT('Ctrl Pts',(184.6823766764,188.570499924547,387.351716772544));
#1472=CARTESIAN_POINT('Ctrl Pts',(184.385717681425,187.998198087575,387.588337545225));
#1473=CARTESIAN_POINT('Ctrl Pts',(183.459890624781,186.663818929621,387.89160023762));
#1474=CARTESIAN_POINT('Ctrl Pts',(182.678623121124,185.795329174437,387.946484672382));
#1475=CARTESIAN_POINT('Ctrl Pts',(182.297002683306,185.399164326186,387.936200221136));
#1476=CARTESIAN_POINT('Ctrl Pts',(184.922347107837,188.285306062384,386.897662272875));
#1477=CARTESIAN_POINT('Ctrl Pts',(184.775818092444,188.03350072329,387.036651793478));
#1478=CARTESIAN_POINT('Ctrl Pts',(184.431224229773,187.487205953908,387.268999585623));
#1479=CARTESIAN_POINT('Ctrl Pts',(183.498305602746,186.222194369535,387.517554935343));
#1480=CARTESIAN_POINT('Ctrl Pts',(182.850416799461,185.523864180259,387.546414872007));
#1481=CARTESIAN_POINT('Ctrl Pts',(182.52432449493,185.171842514561,387.517236009679));
#1482=CARTESIAN_POINT('Ctrl Pts',(184.814980962407,187.226914522242,386.073347108186));
#1483=CARTESIAN_POINT('Ctrl Pts',(184.637226326213,187.00930986421,386.226544045996));
#1484=CARTESIAN_POINT('Ctrl Pts',(184.23158217375,186.514719498475,386.480490958767));
#1485=CARTESIAN_POINT('Ctrl Pts',(183.472493734276,185.698681264452,386.774723219146));
#1486=CARTESIAN_POINT('Ctrl Pts',(182.992023946372,185.221670947582,386.818970886422));
#1487=CARTESIAN_POINT('Ctrl Pts',(182.738682021748,184.957484987743,386.785373634419));
#1488=CARTESIAN_POINT('Ctrl Pts',(184.493099793125,186.614420136685,385.412643817185));
#1489=CARTESIAN_POINT('Ctrl Pts',(184.340083551507,186.461403895067,385.596686929903));
#1490=CARTESIAN_POINT('Ctrl Pts',(184.001666316628,186.122986660188,385.918174137296));
#1491=CARTESIAN_POINT('Ctrl Pts',(183.411004996597,185.532325340156,386.226375219595));
#1492=CARTESIAN_POINT('Ctrl Pts',(182.996546658702,185.117867002261,386.276343798232));
#1493=CARTESIAN_POINT('Ctrl Pts',(182.787423332966,184.908743676525,386.261799387799));
#1494=CARTESIAN_POINT('Ctrl Pts',(184.287196815862,186.408517159422,385.121453034207));
#1495=CARTESIAN_POINT('Ctrl Pts',(184.156316889309,186.277637232869,385.306545201381));
#1496=CARTESIAN_POINT('Ctrl Pts',(183.860109191809,185.981429535368,385.627978243017));
#1497=CARTESIAN_POINT('Ctrl Pts',(183.3426824925,185.46400283606,385.931079785938));
#1498=CARTESIAN_POINT('Ctrl Pts',(182.97251550014,185.093835843699,386.));
#1499=CARTESIAN_POINT('Ctrl Pts',(182.787423332966,184.908743676525,386.));
#1500=CARTESIAN_POINT('',(184.70120702743,189.151064020085,387.353475945183));
#1501=CARTESIAN_POINT('',(182.166102989406,185.530064020085,388.12132034356));
#1502=CARTESIAN_POINT('Ctrl Pts',(184.70120702743,189.151064020085,387.353475945183));
#1503=CARTESIAN_POINT('Ctrl Pts',(184.600724780125,188.849617278171,387.495579302099));
#1504=CARTESIAN_POINT('Ctrl Pts',(184.332797712728,188.248175814541,387.731409593298));
#1505=CARTESIAN_POINT('Ctrl Pts',(183.416405579985,186.879423837447,388.051276306776));
#1506=CARTESIAN_POINT('Ctrl Pts',(182.577871670267,185.941832700946,388.12132034356));
#1507=CARTESIAN_POINT('Ctrl Pts',(182.166102989406,185.530064020085,388.12132034356));
#1508=CARTESIAN_POINT('',(184.287196815862,186.408517159422,385.121453034207));
#1509=CARTESIAN_POINT('Ctrl Pts',(184.70120702743,189.151064020085,387.353475945183));
#1510=CARTESIAN_POINT('Ctrl Pts',(184.801689274735,188.849617278171,387.211372588267));
#1511=CARTESIAN_POINT('Ctrl Pts',(184.922347107837,188.285306062384,386.897662272875));
#1512=CARTESIAN_POINT('Ctrl Pts',(184.814980962407,187.226914522242,386.073347108186));
#1513=CARTESIAN_POINT('Ctrl Pts',(184.493099793125,186.614420136685,385.412643817185));
#1514=CARTESIAN_POINT('Ctrl Pts',(184.287196815862,186.408517159422,385.121453034207));
#1515=CARTESIAN_POINT('',(182.787423332966,184.908743676525,386.));
#1516=CARTESIAN_POINT('Origin',(182.787423332966,184.908743676525,383.000453034207));
#1517=CARTESIAN_POINT('Origin',(180.666102989406,187.030064020085,386.));
#1518=CARTESIAN_POINT('Ctrl Pts',(184.70120702743,189.151064020085,387.353475945183));
#1519=CARTESIAN_POINT('Ctrl Pts',(184.801689274735,188.849617278171,387.211372588267));
#1520=CARTESIAN_POINT('Ctrl Pts',(184.922347107837,188.285306062384,386.897662272875));
#1521=CARTESIAN_POINT('Ctrl Pts',(184.814980962407,187.226914522242,386.073347108186));
#1522=CARTESIAN_POINT('Ctrl Pts',(184.493099793125,186.614420136685,385.412643817185));
#1523=CARTESIAN_POINT('Ctrl Pts',(184.287196815862,186.408517159422,385.121453034207));
#1524=CARTESIAN_POINT('Ctrl Pts',(184.902171522039,189.151064020085,387.069269231352));
#1525=CARTESIAN_POINT('Ctrl Pts',(184.980829976781,188.868953224929,386.929640067409));
#1526=CARTESIAN_POINT('Ctrl Pts',(185.07326570222,188.330948333066,386.615997349637));
#1527=CARTESIAN_POINT('Ctrl Pts',(184.943232566909,187.315316104905,385.793785870234));
#1528=CARTESIAN_POINT('Ctrl Pts',(184.623237926159,186.744558269719,385.196246173025));
#1529=CARTESIAN_POINT('Ctrl Pts',(184.418076742416,186.539397085975,384.936360867033));
#1530=CARTESIAN_POINT('Ctrl Pts',(185.235685918271,189.151064020085,386.454532847712));
#1531=CARTESIAN_POINT('Ctrl Pts',(185.285967550712,188.898447956862,386.315191970554));
#1532=CARTESIAN_POINT('Ctrl Pts',(185.338410854994,188.39439257913,385.98604395663));
#1533=CARTESIAN_POINT('Ctrl Pts',(185.167273257626,187.450410582351,385.157223937758));
#1534=CARTESIAN_POINT('Ctrl Pts',(184.850563710571,186.971884054131,384.717651929718));
#1535=CARTESIAN_POINT('Ctrl Pts',(184.645364225854,186.766684569414,384.517459923948));
#1536=CARTESIAN_POINT('Ctrl Pts',(185.688045762623,189.151064020085,384.838691951657));
#1537=CARTESIAN_POINT('Ctrl Pts',(185.70468270764,188.908611012481,384.716984829332));
#1538=CARTESIAN_POINT('Ctrl Pts',(185.680212506956,188.404101273745,384.431872599575));
#1539=CARTESIAN_POINT('Ctrl Pts',(185.403801781458,187.629989311634,384.0434411857));
#1540=CARTESIAN_POINT('Ctrl Pts',(185.068494785834,187.189815129394,383.882330680161));
#1541=CARTESIAN_POINT('Ctrl Pts',(184.859689382242,186.981009725801,383.785708068252));
#1542=CARTESIAN_POINT('Ctrl Pts',(185.787102989406,189.151064020085,383.58278188724));
#1543=CARTESIAN_POINT('Ctrl Pts',(185.787102989406,188.903809042719,383.550430284294));
#1544=CARTESIAN_POINT('Ctrl Pts',(185.72584025687,188.399287637669,383.479952020973));
#1545=CARTESIAN_POINT('Ctrl Pts',(185.433359871524,187.663006872734,383.366400510764));
#1546=CARTESIAN_POINT('Ctrl Pts',(185.103827906635,187.225148250194,383.296198077671));
#1547=CARTESIAN_POINT('Ctrl Pts',(184.908423332966,187.029743676525,383.262212887313));
#1548=CARTESIAN_POINT('Ctrl Pts',(185.787102989406,189.151064020085,383.000453034207));
#1549=CARTESIAN_POINT('Ctrl Pts',(185.787102989406,188.889264632286,383.000453034207));
#1550=CARTESIAN_POINT('Ctrl Pts',(185.718172366034,188.365690385666,383.000453034207));
#1551=CARTESIAN_POINT('Ctrl Pts',(185.415025044411,187.633828010406,383.000453034207));
#1552=CARTESIAN_POINT('Ctrl Pts',(185.093543455389,187.214863798949,383.000453034207));
#1553=CARTESIAN_POINT('Ctrl Pts',(184.908423332966,187.029743676525,383.000453034207));
#1554=CARTESIAN_POINT('',(185.787102989406,189.151064020085,383.000453034207));
#1555=CARTESIAN_POINT('Ctrl Pts',(184.70120702743,189.151064020085,387.353475945183));
#1556=CARTESIAN_POINT('Ctrl Pts',(184.902171522039,189.151064020085,387.069269231352));
#1557=CARTESIAN_POINT('Ctrl Pts',(185.235685918271,189.151064020085,386.454532847711));
#1558=CARTESIAN_POINT('Ctrl Pts',(185.688045762623,189.151064020085,384.838691951657));
#1559=CARTESIAN_POINT('Ctrl Pts',(185.787102989406,189.151064020085,383.58278188724));
#1560=CARTESIAN_POINT('Ctrl Pts',(185.787102989406,189.151064020085,383.000453034207));
#1561=CARTESIAN_POINT('',(184.908423332966,187.029743676525,383.000453034207));
#1562=CARTESIAN_POINT('Origin',(182.787102989406,189.151064020085,383.000453034207));
#1563=CARTESIAN_POINT('Origin',(182.787423332966,184.908743676525,383.000453034207));
#1564=CARTESIAN_POINT('Ctrl Pts',(184.70120702743,189.151064020085,387.353475945183));
#1565=CARTESIAN_POINT('Ctrl Pts',(184.902171522039,189.151064020085,387.069269231352));
#1566=CARTESIAN_POINT('Ctrl Pts',(185.235685918271,189.151064020085,386.454532847711));
#1567=CARTESIAN_POINT('Ctrl Pts',(185.688045762623,189.151064020085,384.838691951657));
#1568=CARTESIAN_POINT('Ctrl Pts',(185.787102989406,189.151064020085,383.58278188724));
#1569=CARTESIAN_POINT('Ctrl Pts',(185.787102989406,189.151064020085,383.000453034207));
#1570=CARTESIAN_POINT('Ctrl Pts',(184.801689274735,189.452510761999,387.211372588267));
#1571=CARTESIAN_POINT('Ctrl Pts',(184.980829976781,189.433174815241,386.929640067409));
#1572=CARTESIAN_POINT('Ctrl Pts',(185.285967550712,189.403680083308,386.315191970554));
#1573=CARTESIAN_POINT('Ctrl Pts',(185.704682707641,189.393517027689,384.716984829332));
#1574=CARTESIAN_POINT('Ctrl Pts',(185.787102989406,189.398318997451,383.550430284294));
#1575=CARTESIAN_POINT('Ctrl Pts',(185.787102989406,189.412863407884,383.000453034207));
#1576=CARTESIAN_POINT('Ctrl Pts',(184.922347107837,190.016821977786,386.897662272875));
#1577=CARTESIAN_POINT('Ctrl Pts',(185.07326570222,189.971179707104,386.615997349637));
#1578=CARTESIAN_POINT('Ctrl Pts',(185.338410854995,189.90773546104,385.986043956631));
#1579=CARTESIAN_POINT('Ctrl Pts',(185.680212506955,189.898026766425,384.431872599575));
#1580=CARTESIAN_POINT('Ctrl Pts',(185.72584025687,189.902840402502,383.479952020973));
#1581=CARTESIAN_POINT('Ctrl Pts',(185.718172366034,189.936437654504,383.000453034207));
#1582=CARTESIAN_POINT('Ctrl Pts',(184.814980962407,191.075213517928,386.073347108186));
#1583=CARTESIAN_POINT('Ctrl Pts',(184.943232566909,190.986811935265,385.793785870234));
#1584=CARTESIAN_POINT('Ctrl Pts',(185.167273257626,190.851717457819,385.157223937758));
#1585=CARTESIAN_POINT('Ctrl Pts',(185.403801781459,190.672138728536,384.0434411857));
#1586=CARTESIAN_POINT('Ctrl Pts',(185.433359871524,190.639121167436,383.366400510764));
#1587=CARTESIAN_POINT('Ctrl Pts',(185.415025044411,190.668300029764,383.000453034207));
#1588=CARTESIAN_POINT('Ctrl Pts',(184.493099793126,191.687707903485,385.412643817185));
#1589=CARTESIAN_POINT('Ctrl Pts',(184.623237926159,191.557569770451,385.196246173025));
#1590=CARTESIAN_POINT('Ctrl Pts',(184.850563710571,191.330243986039,384.717651929718));
#1591=CARTESIAN_POINT('Ctrl Pts',(185.068494785834,191.112312910776,383.882330680161));
#1592=CARTESIAN_POINT('Ctrl Pts',(185.103827906635,191.076979789976,383.296198077671));
#1593=CARTESIAN_POINT('Ctrl Pts',(185.093543455389,191.087264241221,383.000453034207));
#1594=CARTESIAN_POINT('Ctrl Pts',(184.287196815862,191.893610880748,385.121453034207));
#1595=CARTESIAN_POINT('Ctrl Pts',(184.418076742416,191.762730954195,384.936360867033));
#1596=CARTESIAN_POINT('Ctrl Pts',(184.645364225854,191.535443470756,384.517459923948));
#1597=CARTESIAN_POINT('Ctrl Pts',(184.859689382242,191.321118314369,383.785708068252));
#1598=CARTESIAN_POINT('Ctrl Pts',(184.908423332966,191.272384363645,383.262212887313));
#1599=CARTESIAN_POINT('Ctrl Pts',(184.908423332966,191.272384363645,383.000453034207));
#1600=CARTESIAN_POINT('',(184.287196815862,191.893610880748,385.121453034207));
#1601=CARTESIAN_POINT('Ctrl Pts',(184.70120702743,189.151064020085,387.353475945183));
#1602=CARTESIAN_POINT('Ctrl Pts',(184.801689274735,189.452510761999,387.211372588267));
#1603=CARTESIAN_POINT('Ctrl Pts',(184.922347107837,190.016821977786,386.897662272875));
#1604=CARTESIAN_POINT('Ctrl Pts',(184.814980962407,191.075213517928,386.073347108186));
#1605=CARTESIAN_POINT('Ctrl Pts',(184.493099793126,191.687707903485,385.412643817185));
#1606=CARTESIAN_POINT('Ctrl Pts',(184.287196815862,191.893610880748,385.121453034207));
#1607=CARTESIAN_POINT('',(184.908423332966,191.272384363645,383.000453034207));
#1608=CARTESIAN_POINT('Origin',(182.787423332966,193.393384363645,383.000453034207));
#1609=CARTESIAN_POINT('Origin',(182.787102989406,189.151064020085,383.000453034207));
#1610=CARTESIAN_POINT('Ctrl Pts',(184.70120702743,189.151064020085,387.353475945183));
#1611=CARTESIAN_POINT('Ctrl Pts',(184.801689274735,189.452510761999,387.211372588267));
#1612=CARTESIAN_POINT('Ctrl Pts',(184.922347107837,190.016821977786,386.897662272875));
#1613=CARTESIAN_POINT('Ctrl Pts',(184.814980962407,191.075213517928,386.073347108186));
#1614=CARTESIAN_POINT('Ctrl Pts',(184.493099793126,191.687707903485,385.412643817185));
#1615=CARTESIAN_POINT('Ctrl Pts',(184.287196815862,191.893610880748,385.121453034207));
#1616=CARTESIAN_POINT('Ctrl Pts',(184.600724780125,189.452510761999,387.495579302099));
#1617=CARTESIAN_POINT('Ctrl Pts',(184.6823766764,189.731628115623,387.351716772544));
#1618=CARTESIAN_POINT('Ctrl Pts',(184.775818092444,190.26862731688,387.036651793478));
#1619=CARTESIAN_POINT('Ctrl Pts',(184.637226326214,191.29281817596,386.226544045996));
#1620=CARTESIAN_POINT('Ctrl Pts',(184.340083551507,191.840724145103,385.596686929903));
#1621=CARTESIAN_POINT('Ctrl Pts',(184.156316889309,192.024490807301,385.306545201381));
#1622=CARTESIAN_POINT('Ctrl Pts',(184.332797712728,190.053952225629,387.731409593298));
#1623=CARTESIAN_POINT('Ctrl Pts',(184.385717681425,190.303929952596,387.588337545225));
#1624=CARTESIAN_POINT('Ctrl Pts',(184.431224229773,190.814922086262,387.268999585623));
#1625=CARTESIAN_POINT('Ctrl Pts',(184.23158217375,191.787408541695,386.480490958767));
#1626=CARTESIAN_POINT('Ctrl Pts',(184.001666316628,192.179141379982,385.918174137296));
#1627=CARTESIAN_POINT('Ctrl Pts',(183.860109191809,192.320698504802,385.627978243017));
#1628=CARTESIAN_POINT('Ctrl Pts',(183.416405579985,191.422704202723,388.051276306776));
#1629=CARTESIAN_POINT('Ctrl Pts',(183.459890624781,191.638309110548,387.89160023762));
#1630=CARTESIAN_POINT('Ctrl Pts',(183.498305602746,192.079933670635,387.517554935343));
#1631=CARTESIAN_POINT('Ctrl Pts',(183.472493734276,192.603446775718,386.774723219146));
#1632=CARTESIAN_POINT('Ctrl Pts',(183.411004996597,192.769802700014,386.226375219595));
#1633=CARTESIAN_POINT('Ctrl Pts',(183.3426824925,192.83812520411,385.931079785938));
#1634=CARTESIAN_POINT('Ctrl Pts',(182.577871670267,192.360295339225,388.12132034356));
#1635=CARTESIAN_POINT('Ctrl Pts',(182.678623121124,192.506798865733,387.946484672382));
#1636=CARTESIAN_POINT('Ctrl Pts',(182.850416799461,192.778263859911,387.546414872007));
#1637=CARTESIAN_POINT('Ctrl Pts',(182.992023946372,193.080457092588,386.818970886422));
#1638=CARTESIAN_POINT('Ctrl Pts',(182.996546658702,193.184261037909,386.276343798232));
#1639=CARTESIAN_POINT('Ctrl Pts',(182.97251550014,193.208292196471,386.));
#1640=CARTESIAN_POINT('Ctrl Pts',(182.166102989406,192.772064020085,388.12132034356));
#1641=CARTESIAN_POINT('Ctrl Pts',(182.297002683306,192.902963713985,387.936200221137));
#1642=CARTESIAN_POINT('Ctrl Pts',(182.52432449493,193.130285525609,387.517236009679));
#1643=CARTESIAN_POINT('Ctrl Pts',(182.738682021748,193.344643052427,386.785373634419));
#1644=CARTESIAN_POINT('Ctrl Pts',(182.787423332966,193.393384363645,386.261799387799));
#1645=CARTESIAN_POINT('Ctrl Pts',(182.787423332966,193.393384363645,386.));
#1646=CARTESIAN_POINT('',(182.166102989406,192.772064020085,388.12132034356));
#1647=CARTESIAN_POINT('Ctrl Pts',(184.70120702743,189.151064020085,387.353475945183));
#1648=CARTESIAN_POINT('Ctrl Pts',(184.600724780125,189.452510761999,387.495579302099));
#1649=CARTESIAN_POINT('Ctrl Pts',(184.332797712728,190.053952225629,387.731409593298));
#1650=CARTESIAN_POINT('Ctrl Pts',(183.416405579985,191.422704202723,388.051276306776));
#1651=CARTESIAN_POINT('Ctrl Pts',(182.577871670267,192.360295339225,388.12132034356));
#1652=CARTESIAN_POINT('Ctrl Pts',(182.166102989406,192.772064020085,388.12132034356));
#1653=CARTESIAN_POINT('',(182.787423332966,193.393384363645,386.));
#1654=CARTESIAN_POINT('Origin',(180.666102989406,191.272064020085,386.));
#1655=CARTESIAN_POINT('Origin',(182.787423332966,193.393384363645,383.000453034207));
#1656=CARTESIAN_POINT('Ctrl Pts',(184.70120702743,189.151064020085,387.353475945183));
#1657=CARTESIAN_POINT('Ctrl Pts',(184.600724780125,189.452510761999,387.495579302099));
#1658=CARTESIAN_POINT('Ctrl Pts',(184.332797712728,190.053952225629,387.731409593298));
#1659=CARTESIAN_POINT('Ctrl Pts',(183.416405579985,191.422704202723,388.051276306776));
#1660=CARTESIAN_POINT('Ctrl Pts',(182.577871670267,192.360295339225,388.12132034356));
#1661=CARTESIAN_POINT('Ctrl Pts',(182.166102989406,192.772064020085,388.12132034356));
#1662=CARTESIAN_POINT('Ctrl Pts',(184.500242532821,189.151064020085,387.637682659015));
#1663=CARTESIAN_POINT('Ctrl Pts',(184.400265881244,189.449517320467,387.750681685146));
#1664=CARTESIAN_POINT('Ctrl Pts',(184.133101618202,190.051313889372,387.945590607908));
#1665=CARTESIAN_POINT('Ctrl Pts',(183.217437617177,191.395856102945,388.234480569212));
#1666=CARTESIAN_POINT('Ctrl Pts',(182.431368143758,192.259543888367,388.296156014737));
#1667=CARTESIAN_POINT('Ctrl Pts',(182.035203295507,192.641164326186,388.306440465983));
#1668=CARTESIAN_POINT('Ctrl Pts',(184.056589150136,189.151064020085,388.122028918388));
#1669=CARTESIAN_POINT('Ctrl Pts',(183.955702405425,189.448511629862,388.196470520776));
#1670=CARTESIAN_POINT('Ctrl Pts',(183.674552788818,190.058250645307,388.339094599682));
#1671=CARTESIAN_POINT('Ctrl Pts',(182.751342856405,191.332970924295,388.573919781806));
#1672=CARTESIAN_POINT('Ctrl Pts',(182.098640417044,192.026487477494,388.609587227892));
#1673=CARTESIAN_POINT('Ctrl Pts',(181.73895086051,192.344911891189,388.627922055005));
#1674=CARTESIAN_POINT('Ctrl Pts',(182.890831464564,189.151064020085,388.794505424069));
#1675=CARTESIAN_POINT('Ctrl Pts',(182.801478411033,189.45707026078,388.822683644742));
#1676=CARTESIAN_POINT('Ctrl Pts',(182.530928736016,190.086755103961,388.885578115307));
#1677=CARTESIAN_POINT('Ctrl Pts',(181.951419025825,191.082372067267,388.92584770122));
#1678=CARTESIAN_POINT('Ctrl Pts',(181.503966799021,191.592399945237,388.923401485792));
#1679=CARTESIAN_POINT('Ctrl Pts',(181.221446012069,191.827407042748,388.931069376628));
#1680=CARTESIAN_POINT('Ctrl Pts',(181.956455909726,189.151064020085,389.));
#1681=CARTESIAN_POINT('Ctrl Pts',(181.933577801141,189.434218394737,389.));
#1682=CARTESIAN_POINT('Ctrl Pts',(181.822486350674,189.999961414028,389.));
#1683=CARTESIAN_POINT('Ctrl Pts',(181.449756105905,190.808553809322,389.));
#1684=CARTESIAN_POINT('Ctrl Pts',(181.070630888811,191.258345268018,389.));
#1685=CARTESIAN_POINT('Ctrl Pts',(180.851223111829,191.457184142508,389.));
#1686=CARTESIAN_POINT('Ctrl Pts',(181.544649955199,189.151064020085,389.));
#1687=CARTESIAN_POINT('Ctrl Pts',(181.544649955199,189.412823873192,389.));
#1688=CARTESIAN_POINT('Ctrl Pts',(181.475729741138,189.936319054131,389.));
#1689=CARTESIAN_POINT('Ctrl Pts',(181.172628198217,190.668070909827,389.));
#1690=CARTESIAN_POINT('Ctrl Pts',(180.85119515658,191.086971852911,389.));
#1691=CARTESIAN_POINT('Ctrl Pts',(180.666102989406,191.272064020085,389.));
#1692=CARTESIAN_POINT('',(181.544649955199,189.151064020085,389.));
#1693=CARTESIAN_POINT('Ctrl Pts',(184.70120702743,189.151064020085,387.353475945183));
#1694=CARTESIAN_POINT('Ctrl Pts',(184.500242532821,189.151064020085,387.637682659015));
#1695=CARTESIAN_POINT('Ctrl Pts',(184.056589150136,189.151064020085,388.122028918388));
#1696=CARTESIAN_POINT('Ctrl Pts',(182.890831464564,189.151064020085,388.794505424069));
#1697=CARTESIAN_POINT('Ctrl Pts',(181.956455909726,189.151064020085,389.));
#1698=CARTESIAN_POINT('Ctrl Pts',(181.544649955199,189.151064020085,389.));
#1699=CARTESIAN_POINT('',(180.666102989406,191.272064020085,389.));
#1700=CARTESIAN_POINT('Origin',(178.545102989406,189.151064020085,389.));
#1701=CARTESIAN_POINT('Origin',(180.666102989406,191.272064020085,386.));
#1702=CARTESIAN_POINT('Ctrl Pts',(50.5581349075217,55.0079919001766,387.353475945183));
#1703=CARTESIAN_POINT('Ctrl Pts',(50.2566881656079,55.1084741474812,387.495579302099));
#1704=CARTESIAN_POINT('Ctrl Pts',(49.6552467019781,55.3764012148792,387.731409593298));
#1705=CARTESIAN_POINT('Ctrl Pts',(48.2864947248833,56.2927933476221,388.051276306776));
#1706=CARTESIAN_POINT('Ctrl Pts',(47.3489035883823,57.1313272573401,388.12132034356));
#1707=CARTESIAN_POINT('Ctrl Pts',(46.9371349075217,57.5430959382006,388.12132034356));
#1708=CARTESIAN_POINT('Ctrl Pts',(50.2566881656078,54.907509652872,387.211372588267));
#1709=CARTESIAN_POINT('Ctrl Pts',(49.9775708119839,55.0268222512072,387.351716772544));
#1710=CARTESIAN_POINT('Ctrl Pts',(49.4052689750113,55.3234812461816,387.588337545225));
#1711=CARTESIAN_POINT('Ctrl Pts',(48.0708898170582,56.2493083028262,387.89160023762));
#1712=CARTESIAN_POINT('Ctrl Pts',(47.2024000618737,57.0305758064827,387.946484672382));
#1713=CARTESIAN_POINT('Ctrl Pts',(46.8062352136221,57.4121962443011,387.936200221136));
#1714=CARTESIAN_POINT('Ctrl Pts',(49.6923769498209,54.7868518197697,386.897662272875));
#1715=CARTESIAN_POINT('Ctrl Pts',(49.4405716107263,54.9333808351629,387.036651793478));
#1716=CARTESIAN_POINT('Ctrl Pts',(48.8942768413447,55.2779746978339,387.268999585623));
#1717=CARTESIAN_POINT('Ctrl Pts',(47.6292652569715,56.210893324861,387.517554935343));
#1718=CARTESIAN_POINT('Ctrl Pts',(46.9309350676959,56.8587821281458,387.546414872007));
#1719=CARTESIAN_POINT('Ctrl Pts',(46.578913401998,57.1848744326769,387.517236009679));
#1720=CARTESIAN_POINT('Ctrl Pts',(48.6339854096785,54.8942179651996,386.073347108186));
#1721=CARTESIAN_POINT('Ctrl Pts',(48.4163807516465,55.0719726013932,386.226544045996));
#1722=CARTESIAN_POINT('Ctrl Pts',(47.9217903859114,55.4776167538569,386.480490958767));
#1723=CARTESIAN_POINT('Ctrl Pts',(47.1057521518884,56.2367051933307,386.774723219146));
#1724=CARTESIAN_POINT('Ctrl Pts',(46.6287418350192,56.7171749812345,386.818970886422));
#1725=CARTESIAN_POINT('Ctrl Pts',(46.3645558751798,56.9705169058587,386.785373634419));
#1726=CARTESIAN_POINT('Ctrl Pts',(48.0214910241219,55.2160991344812,385.412643817185));
#1727=CARTESIAN_POINT('Ctrl Pts',(47.8684747825034,55.3691153760996,385.596686929903));
#1728=CARTESIAN_POINT('Ctrl Pts',(47.5300575476243,55.7075326109788,385.918174137296));
#1729=CARTESIAN_POINT('Ctrl Pts',(46.939396227593,56.2981939310101,386.226375219595));
#1730=CARTESIAN_POINT('Ctrl Pts',(46.5249378896981,56.7126522689049,386.276343798232));
#1731=CARTESIAN_POINT('Ctrl Pts',(46.3158145639621,56.921775594641,386.261799387799));
#1732=CARTESIAN_POINT('Ctrl Pts',(47.8155880468587,55.4220021117443,385.121453034207));
#1733=CARTESIAN_POINT('Ctrl Pts',(47.6847081203055,55.5528820382975,385.306545201381));
#1734=CARTESIAN_POINT('Ctrl Pts',(47.388500422805,55.849089735798,385.627978243017));
#1735=CARTESIAN_POINT('Ctrl Pts',(46.8710737234966,56.3665164351065,385.931079785938));
#1736=CARTESIAN_POINT('Ctrl Pts',(46.5009067311361,56.736683427467,386.));
#1737=CARTESIAN_POINT('Ctrl Pts',(46.3158145639621,56.921775594641,386.));
#1738=CARTESIAN_POINT('',(50.5581349075217,55.0079919001766,387.353475945183));
#1739=CARTESIAN_POINT('',(46.9371349075217,57.5430959382006,388.12132034356));
#1740=CARTESIAN_POINT('Ctrl Pts',(50.5581349075217,55.0079919001766,387.353475945183));
#1741=CARTESIAN_POINT('Ctrl Pts',(50.2566881656079,55.1084741474812,387.495579302099));
#1742=CARTESIAN_POINT('Ctrl Pts',(49.6552467019781,55.3764012148792,387.731409593298));
#1743=CARTESIAN_POINT('Ctrl Pts',(48.2864947248833,56.2927933476221,388.051276306776));
#1744=CARTESIAN_POINT('Ctrl Pts',(47.3489035883823,57.1313272573401,388.12132034356));
#1745=CARTESIAN_POINT('Ctrl Pts',(46.9371349075217,57.5430959382006,388.12132034356));
#1746=CARTESIAN_POINT('',(47.8155880468587,55.4220021117443,385.121453034207));
#1747=CARTESIAN_POINT('Ctrl Pts',(50.5581349075217,55.0079919001766,387.353475945183));
#1748=CARTESIAN_POINT('Ctrl Pts',(50.2566881656078,54.907509652872,387.211372588267));
#1749=CARTESIAN_POINT('Ctrl Pts',(49.6923769498209,54.7868518197697,386.897662272875));
#1750=CARTESIAN_POINT('Ctrl Pts',(48.6339854096785,54.8942179651996,386.073347108186));
#1751=CARTESIAN_POINT('Ctrl Pts',(48.0214910241219,55.2160991344812,385.412643817185));
#1752=CARTESIAN_POINT('Ctrl Pts',(47.8155880468587,55.4220021117443,385.121453034207));
#1753=CARTESIAN_POINT('',(46.3158145639621,56.921775594641,386.));
#1754=CARTESIAN_POINT('Origin',(46.3158145639621,56.921775594641,383.000453034207));
#1755=CARTESIAN_POINT('Origin',(48.4371349075217,59.0430959382006,386.));
#1756=CARTESIAN_POINT('Ctrl Pts',(50.5581349075217,55.0079919001766,387.353475945183));
#1757=CARTESIAN_POINT('Ctrl Pts',(50.2566881656078,54.907509652872,387.211372588267));
#1758=CARTESIAN_POINT('Ctrl Pts',(49.6923769498209,54.7868518197697,386.897662272875));
#1759=CARTESIAN_POINT('Ctrl Pts',(48.6339854096785,54.8942179651996,386.073347108186));
#1760=CARTESIAN_POINT('Ctrl Pts',(48.0214910241219,55.2160991344812,385.412643817185));
#1761=CARTESIAN_POINT('Ctrl Pts',(47.8155880468587,55.4220021117443,385.121453034207));
#1762=CARTESIAN_POINT('Ctrl Pts',(50.5581349075217,54.8070274055674,387.069269231352));
#1763=CARTESIAN_POINT('Ctrl Pts',(50.2760241123658,54.7283689508253,386.929640067409));
#1764=CARTESIAN_POINT('Ctrl Pts',(49.7380192205028,54.6359332253864,386.615997349637));
#1765=CARTESIAN_POINT('Ctrl Pts',(48.7223869923416,54.7659663606981,385.793785870234));
#1766=CARTESIAN_POINT('Ctrl Pts',(48.1516291571555,55.0859610014476,385.196246173025));
#1767=CARTESIAN_POINT('Ctrl Pts',(47.946467973412,55.2911221851911,384.936360867033));
#1768=CARTESIAN_POINT('Ctrl Pts',(50.5581349075217,54.4735130093355,386.454532847712));
#1769=CARTESIAN_POINT('Ctrl Pts',(50.3055188442985,54.4232313768943,386.315191970554));
#1770=CARTESIAN_POINT('Ctrl Pts',(49.8014634665665,54.3707880726122,385.98604395663));
#1771=CARTESIAN_POINT('Ctrl Pts',(48.8574814697877,54.5419256699807,385.157223937758));
#1772=CARTESIAN_POINT('Ctrl Pts',(48.3789549415678,54.8586352170353,384.717651929718));
#1773=CARTESIAN_POINT('Ctrl Pts',(48.1737554568506,55.0638347017525,384.517459923948));
#1774=CARTESIAN_POINT('Ctrl Pts',(50.5581349075217,54.0211531649836,384.838691951657));
#1775=CARTESIAN_POINT('Ctrl Pts',(50.3156818999181,54.0045162199662,384.716984829332));
#1776=CARTESIAN_POINT('Ctrl Pts',(49.8111721611813,54.0289864206513,384.431872599575));
#1777=CARTESIAN_POINT('Ctrl Pts',(49.0370601990709,54.3053971461481,384.0434411857));
#1778=CARTESIAN_POINT('Ctrl Pts',(48.5968860168303,54.6407041417727,383.882330680161));
#1779=CARTESIAN_POINT('Ctrl Pts',(48.3880806132381,54.8495095453649,383.785708068252));
#1780=CARTESIAN_POINT('Ctrl Pts',(50.5581349075217,53.9220959382006,383.58278188724));
#1781=CARTESIAN_POINT('Ctrl Pts',(50.3108799301558,53.9220959382006,383.550430284294));
#1782=CARTESIAN_POINT('Ctrl Pts',(49.8063585251052,53.9833586707365,383.479952020973));
#1783=CARTESIAN_POINT('Ctrl Pts',(49.0700777601708,54.2758390560828,383.366400510764));
#1784=CARTESIAN_POINT('Ctrl Pts',(48.6322191376311,54.605371020972,383.296198077671));
#1785=CARTESIAN_POINT('Ctrl Pts',(48.4368145639621,54.800775594641,383.262212887313));
#1786=CARTESIAN_POINT('Ctrl Pts',(50.5581349075217,53.9220959382006,383.000453034207));
#1787=CARTESIAN_POINT('Ctrl Pts',(50.2963355197225,53.9220959382006,383.000453034207));
#1788=CARTESIAN_POINT('Ctrl Pts',(49.7727612731024,53.9910265615726,383.000453034207));
#1789=CARTESIAN_POINT('Ctrl Pts',(49.0408988978428,54.2941738831956,383.000453034207));
#1790=CARTESIAN_POINT('Ctrl Pts',(48.6219346863853,54.6156554722177,383.000453034207));
#1791=CARTESIAN_POINT('Ctrl Pts',(48.4368145639621,54.800775594641,383.000453034207));
#1792=CARTESIAN_POINT('',(50.5581349075217,53.9220959382006,383.000453034207));
#1793=CARTESIAN_POINT('Ctrl Pts',(50.5581349075217,55.0079919001766,387.353475945183));
#1794=CARTESIAN_POINT('Ctrl Pts',(50.5581349075217,54.8070274055674,387.069269231352));
#1795=CARTESIAN_POINT('Ctrl Pts',(50.5581349075217,54.4735130093356,386.454532847711));
#1796=CARTESIAN_POINT('Ctrl Pts',(50.5581349075217,54.0211531649836,384.838691951657));
#1797=CARTESIAN_POINT('Ctrl Pts',(50.5581349075217,53.9220959382006,383.58278188724));
#1798=CARTESIAN_POINT('Ctrl Pts',(50.5581349075217,53.9220959382006,383.000453034207));
#1799=CARTESIAN_POINT('',(48.4368145639621,54.800775594641,383.000453034207));
#1800=CARTESIAN_POINT('Origin',(50.5581349075217,56.9220959382006,383.000453034207));
#1801=CARTESIAN_POINT('Origin',(46.3158145639621,56.921775594641,383.000453034207));
#1802=CARTESIAN_POINT('Ctrl Pts',(50.5581349075217,55.0079919001766,387.353475945183));
#1803=CARTESIAN_POINT('Ctrl Pts',(50.5581349075217,54.8070274055674,387.069269231352));
#1804=CARTESIAN_POINT('Ctrl Pts',(50.5581349075217,54.4735130093356,386.454532847711));
#1805=CARTESIAN_POINT('Ctrl Pts',(50.5581349075217,54.0211531649836,384.838691951657));
#1806=CARTESIAN_POINT('Ctrl Pts',(50.5581349075217,53.9220959382006,383.58278188724));
#1807=CARTESIAN_POINT('Ctrl Pts',(50.5581349075217,53.9220959382006,383.000453034207));
#1808=CARTESIAN_POINT('Ctrl Pts',(50.8595816494356,54.907509652872,387.211372588267));
#1809=CARTESIAN_POINT('Ctrl Pts',(50.8402457026776,54.7283689508253,386.929640067409));
#1810=CARTESIAN_POINT('Ctrl Pts',(50.8107509707449,54.4232313768943,386.315191970554));
#1811=CARTESIAN_POINT('Ctrl Pts',(50.8005879151253,54.0045162199663,384.716984829332));
#1812=CARTESIAN_POINT('Ctrl Pts',(50.8053898848876,53.9220959382006,383.550430284294));
#1813=CARTESIAN_POINT('Ctrl Pts',(50.8199342953209,53.9220959382006,383.000453034207));
#1814=CARTESIAN_POINT('Ctrl Pts',(51.4238928652225,54.7868518197697,386.897662272875));
#1815=CARTESIAN_POINT('Ctrl Pts',(51.3782505945406,54.6359332253864,386.615997349637));
#1816=CARTESIAN_POINT('Ctrl Pts',(51.3148063484769,54.3707880726122,385.986043956631));
#1817=CARTESIAN_POINT('Ctrl Pts',(51.3050976538622,54.0289864206512,384.431872599575));
#1818=CARTESIAN_POINT('Ctrl Pts',(51.3099112899382,53.9833586707365,383.479952020973));
#1819=CARTESIAN_POINT('Ctrl Pts',(51.3435085419411,53.9910265615726,383.000453034207));
#1820=CARTESIAN_POINT('Ctrl Pts',(52.4822844053649,54.8942179651996,386.073347108186));
#1821=CARTESIAN_POINT('Ctrl Pts',(52.3938828227018,54.7659663606981,385.793785870234));
#1822=CARTESIAN_POINT('Ctrl Pts',(52.2587883452557,54.5419256699806,385.157223937758));
#1823=CARTESIAN_POINT('Ctrl Pts',(52.0792096159725,54.3053971461482,384.0434411857));
#1824=CARTESIAN_POINT('Ctrl Pts',(52.0461920548726,54.2758390560828,383.366400510764));
#1825=CARTESIAN_POINT('Ctrl Pts',(52.0753709172006,54.2941738831956,383.000453034207));
#1826=CARTESIAN_POINT('Ctrl Pts',(53.0947787909216,55.2160991344812,385.412643817185));
#1827=CARTESIAN_POINT('Ctrl Pts',(52.9646406578879,55.0859610014476,385.196246173025));
#1828=CARTESIAN_POINT('Ctrl Pts',(52.7373148734757,54.8586352170353,384.717651929718));
#1829=CARTESIAN_POINT('Ctrl Pts',(52.519383798213,54.6407041417727,383.882330680161));
#1830=CARTESIAN_POINT('Ctrl Pts',(52.4840506774123,54.605371020972,383.296198077671));
#1831=CARTESIAN_POINT('Ctrl Pts',(52.4943351286581,54.6156554722177,383.000453034207));
#1832=CARTESIAN_POINT('Ctrl Pts',(53.3006817681847,55.4220021117443,385.121453034207));
#1833=CARTESIAN_POINT('Ctrl Pts',(53.1698018416314,55.2911221851911,384.936360867033));
#1834=CARTESIAN_POINT('Ctrl Pts',(52.9425143581928,55.0638347017525,384.517459923948));
#1835=CARTESIAN_POINT('Ctrl Pts',(52.7281892018053,54.8495095453649,383.785708068252));
#1836=CARTESIAN_POINT('Ctrl Pts',(52.6794552510814,54.800775594641,383.262212887313));
#1837=CARTESIAN_POINT('Ctrl Pts',(52.6794552510814,54.800775594641,383.000453034207));
#1838=CARTESIAN_POINT('',(53.3006817681847,55.4220021117443,385.121453034207));
#1839=CARTESIAN_POINT('Ctrl Pts',(50.5581349075217,55.0079919001766,387.353475945183));
#1840=CARTESIAN_POINT('Ctrl Pts',(50.8595816494356,54.907509652872,387.211372588267));
#1841=CARTESIAN_POINT('Ctrl Pts',(51.4238928652225,54.7868518197697,386.897662272875));
#1842=CARTESIAN_POINT('Ctrl Pts',(52.4822844053649,54.8942179651996,386.073347108186));
#1843=CARTESIAN_POINT('Ctrl Pts',(53.0947787909216,55.2160991344812,385.412643817185));
#1844=CARTESIAN_POINT('Ctrl Pts',(53.3006817681847,55.4220021117443,385.121453034207));
#1845=CARTESIAN_POINT('',(52.6794552510814,54.800775594641,383.000453034207));
#1846=CARTESIAN_POINT('Origin',(54.8004552510814,56.921775594641,383.000453034207));
#1847=CARTESIAN_POINT('Origin',(50.5581349075217,56.9220959382006,383.000453034207));
#1848=CARTESIAN_POINT('Ctrl Pts',(50.5581349075217,55.0079919001766,387.353475945183));
#1849=CARTESIAN_POINT('Ctrl Pts',(50.8595816494356,54.907509652872,387.211372588267));
#1850=CARTESIAN_POINT('Ctrl Pts',(51.4238928652225,54.7868518197697,386.897662272875));
#1851=CARTESIAN_POINT('Ctrl Pts',(52.4822844053649,54.8942179651996,386.073347108186));
#1852=CARTESIAN_POINT('Ctrl Pts',(53.0947787909216,55.2160991344812,385.412643817185));
#1853=CARTESIAN_POINT('Ctrl Pts',(53.3006817681847,55.4220021117443,385.121453034207));
#1854=CARTESIAN_POINT('Ctrl Pts',(50.8595816494356,55.1084741474812,387.495579302099));
#1855=CARTESIAN_POINT('Ctrl Pts',(51.1386990030595,55.0268222512072,387.351716772544));
#1856=CARTESIAN_POINT('Ctrl Pts',(51.6756982043171,54.9333808351629,387.036651793478));
#1857=CARTESIAN_POINT('Ctrl Pts',(52.6998890633969,55.0719726013932,386.226544045996));
#1858=CARTESIAN_POINT('Ctrl Pts',(53.24779503254,55.3691153760996,385.596686929903));
#1859=CARTESIAN_POINT('Ctrl Pts',(53.4315616947379,55.5528820382976,385.306545201381));
#1860=CARTESIAN_POINT('Ctrl Pts',(51.4610231130653,55.3764012148792,387.731409593298));
#1861=CARTESIAN_POINT('Ctrl Pts',(51.7110008400322,55.3234812461816,387.588337545225));
#1862=CARTESIAN_POINT('Ctrl Pts',(52.2219929736986,55.2779746978339,387.268999585623));
#1863=CARTESIAN_POINT('Ctrl Pts',(53.194479429132,55.4776167538569,386.480490958767));
#1864=CARTESIAN_POINT('Ctrl Pts',(53.5862122674191,55.7075326109787,385.918174137296));
#1865=CARTESIAN_POINT('Ctrl Pts',(53.7277693922384,55.849089735798,385.627978243017));
#1866=CARTESIAN_POINT('Ctrl Pts',(52.8297750901602,56.2927933476221,388.051276306776));
#1867=CARTESIAN_POINT('Ctrl Pts',(53.0453799979852,56.2493083028262,387.89160023762));
#1868=CARTESIAN_POINT('Ctrl Pts',(53.4870045580719,56.2108933248611,387.517554935343));
#1869=CARTESIAN_POINT('Ctrl Pts',(54.010517663155,56.2367051933306,386.774723219146));
#1870=CARTESIAN_POINT('Ctrl Pts',(54.1768735874504,56.2981939310101,386.226375219595));
#1871=CARTESIAN_POINT('Ctrl Pts',(54.2451960915469,56.3665164351065,385.931079785938));
#1872=CARTESIAN_POINT('Ctrl Pts',(53.7673662266612,57.1313272573401,388.12132034356));
#1873=CARTESIAN_POINT('Ctrl Pts',(53.9138697531697,57.0305758064828,387.946484672382));
#1874=CARTESIAN_POINT('Ctrl Pts',(54.1853347473475,56.8587821281458,387.546414872007));
#1875=CARTESIAN_POINT('Ctrl Pts',(54.4875279800243,56.7171749812345,386.818970886422));
#1876=CARTESIAN_POINT('Ctrl Pts',(54.5913319253453,56.7126522689049,386.276343798232));
#1877=CARTESIAN_POINT('Ctrl Pts',(54.6153630839073,56.736683427467,386.));
#1878=CARTESIAN_POINT('Ctrl Pts',(54.1791349075217,57.5430959382006,388.12132034356));
#1879=CARTESIAN_POINT('Ctrl Pts',(54.3100346014213,57.4121962443011,387.936200221137));
#1880=CARTESIAN_POINT('Ctrl Pts',(54.5373564130454,57.1848744326769,387.517236009679));
#1881=CARTESIAN_POINT('Ctrl Pts',(54.7517139398636,56.9705169058587,386.785373634419));
#1882=CARTESIAN_POINT('Ctrl Pts',(54.8004552510813,56.921775594641,386.261799387799));
#1883=CARTESIAN_POINT('Ctrl Pts',(54.8004552510813,56.921775594641,386.));
#1884=CARTESIAN_POINT('',(54.1791349075217,57.5430959382006,388.12132034356));
#1885=CARTESIAN_POINT('Ctrl Pts',(50.5581349075217,55.0079919001766,387.353475945183));
#1886=CARTESIAN_POINT('Ctrl Pts',(50.8595816494356,55.1084741474812,387.495579302099));
#1887=CARTESIAN_POINT('Ctrl Pts',(51.4610231130653,55.3764012148792,387.731409593298));
#1888=CARTESIAN_POINT('Ctrl Pts',(52.8297750901602,56.2927933476221,388.051276306776));
#1889=CARTESIAN_POINT('Ctrl Pts',(53.7673662266612,57.1313272573401,388.12132034356));
#1890=CARTESIAN_POINT('Ctrl Pts',(54.1791349075217,57.5430959382006,388.12132034356));
#1891=CARTESIAN_POINT('',(54.8004552510813,56.921775594641,386.));
#1892=CARTESIAN_POINT('Origin',(52.6791349075217,59.0430959382006,386.));
#1893=CARTESIAN_POINT('Origin',(54.8004552510814,56.921775594641,383.000453034207));
#1894=CARTESIAN_POINT('Ctrl Pts',(50.5581349075217,55.0079919001766,387.353475945183));
#1895=CARTESIAN_POINT('Ctrl Pts',(50.8595816494356,55.1084741474812,387.495579302099));
#1896=CARTESIAN_POINT('Ctrl Pts',(51.4610231130653,55.3764012148792,387.731409593298));
#1897=CARTESIAN_POINT('Ctrl Pts',(52.8297750901602,56.2927933476221,388.051276306776));
#1898=CARTESIAN_POINT('Ctrl Pts',(53.7673662266612,57.1313272573401,388.12132034356));
#1899=CARTESIAN_POINT('Ctrl Pts',(54.1791349075217,57.5430959382006,388.12132034356));
#1900=CARTESIAN_POINT('Ctrl Pts',(50.5581349075217,55.2089563947859,387.637682659015));
#1901=CARTESIAN_POINT('Ctrl Pts',(50.8565882079036,55.3089330463631,387.750681685146));
#1902=CARTESIAN_POINT('Ctrl Pts',(51.4583847768089,55.5760973094048,387.945590607908));
#1903=CARTESIAN_POINT('Ctrl Pts',(52.8029269903816,56.4917613104298,388.234480569212));
#1904=CARTESIAN_POINT('Ctrl Pts',(53.6666147758038,57.2778307838486,388.296156014737));
#1905=CARTESIAN_POINT('Ctrl Pts',(54.0482352136221,57.6739956321002,388.306440465983));
#1906=CARTESIAN_POINT('Ctrl Pts',(50.5581349075217,55.6526097774705,388.122028918388));
#1907=CARTESIAN_POINT('Ctrl Pts',(50.8555825172982,55.7534965221818,388.196470520776));
#1908=CARTESIAN_POINT('Ctrl Pts',(51.4653215327435,56.0346461387891,388.339094599682));
#1909=CARTESIAN_POINT('Ctrl Pts',(52.7400418117314,56.9578560712015,388.573919781806));
#1910=CARTESIAN_POINT('Ctrl Pts',(53.433558364931,57.6105585105623,388.609587227892));
#1911=CARTESIAN_POINT('Ctrl Pts',(53.7519827786261,57.9702480670963,388.627922055005));
#1912=CARTESIAN_POINT('Ctrl Pts',(50.5581349075217,56.8183674630428,388.794505424069));
#1913=CARTESIAN_POINT('Ctrl Pts',(50.8641411482168,56.9077205165733,388.822683644742));
#1914=CARTESIAN_POINT('Ctrl Pts',(51.4938259913979,57.178270191591,388.885578115307));
#1915=CARTESIAN_POINT('Ctrl Pts',(52.4894429547043,57.7577799017815,388.92584770122));
#1916=CARTESIAN_POINT('Ctrl Pts',(52.9994708326734,58.2052321285853,388.923401485792));
#1917=CARTESIAN_POINT('Ctrl Pts',(53.2344779301847,58.4877529155376,388.931069376628));
#1918=CARTESIAN_POINT('Ctrl Pts',(50.5581349075217,57.7527430178811,389.));
#1919=CARTESIAN_POINT('Ctrl Pts',(50.8412892821738,57.7756211264659,389.));
#1920=CARTESIAN_POINT('Ctrl Pts',(51.4070323014652,57.8867125769327,389.));
#1921=CARTESIAN_POINT('Ctrl Pts',(52.2156246967591,58.2594428217014,389.));
#1922=CARTESIAN_POINT('Ctrl Pts',(52.6654161554547,58.6385680387956,389.));
#1923=CARTESIAN_POINT('Ctrl Pts',(52.864255029945,58.8579758157774,389.));
#1924=CARTESIAN_POINT('Ctrl Pts',(50.5581349075217,58.1645489724073,389.));
#1925=CARTESIAN_POINT('Ctrl Pts',(50.8198947606282,58.1645489724073,389.));
#1926=CARTESIAN_POINT('Ctrl Pts',(51.3433899415673,58.2334691864691,389.));
#1927=CARTESIAN_POINT('Ctrl Pts',(52.0751417972633,58.5365707293901,389.));
#1928=CARTESIAN_POINT('Ctrl Pts',(52.4940427403477,58.8580037710266,389.));
#1929=CARTESIAN_POINT('Ctrl Pts',(52.6791349075217,59.0430959382006,389.));
#1930=CARTESIAN_POINT('',(50.5581349075217,58.1645489724073,389.));
#1931=CARTESIAN_POINT('Ctrl Pts',(50.5581349075217,55.0079919001766,387.353475945183));
#1932=CARTESIAN_POINT('Ctrl Pts',(50.5581349075217,55.2089563947859,387.637682659015));
#1933=CARTESIAN_POINT('Ctrl Pts',(50.5581349075217,55.6526097774705,388.122028918388));
#1934=CARTESIAN_POINT('Ctrl Pts',(50.5581349075217,56.8183674630428,388.794505424069));
#1935=CARTESIAN_POINT('Ctrl Pts',(50.5581349075217,57.7527430178811,389.));
#1936=CARTESIAN_POINT('Ctrl Pts',(50.5581349075217,58.1645489724073,389.));
#1937=CARTESIAN_POINT('',(52.6791349075217,59.0430959382006,389.));
#1938=CARTESIAN_POINT('Origin',(50.5581349075217,61.1640959382006,389.));
#1939=CARTESIAN_POINT('Origin',(52.6791349075217,59.0430959382006,386.));
#1940=CARTESIAN_POINT('Ctrl Pts',(189.151063967401,184.701206974747,387.353475945183));
#1941=CARTESIAN_POINT('Ctrl Pts',(188.849617225488,184.600724727442,387.495579302099));
#1942=CARTESIAN_POINT('Ctrl Pts',(188.248175761858,184.332797660044,387.731409593298));
#1943=CARTESIAN_POINT('Ctrl Pts',(186.879423784763,183.416405527301,388.051276306776));
#1944=CARTESIAN_POINT('Ctrl Pts',(185.941832648262,182.577871617583,388.12132034356));
#1945=CARTESIAN_POINT('Ctrl Pts',(185.530063967401,182.166102936723,388.12132034356));
#1946=CARTESIAN_POINT('Ctrl Pts',(189.151063967401,184.500242480137,387.637682659015));
#1947=CARTESIAN_POINT('Ctrl Pts',(188.85261066702,184.40026582856,387.750681685146));
#1948=CARTESIAN_POINT('Ctrl Pts',(188.250814098114,184.133101565518,387.945590607909));
#1949=CARTESIAN_POINT('Ctrl Pts',(186.906271884542,183.217437564494,388.234480569212));
#1950=CARTESIAN_POINT('Ctrl Pts',(186.042584099119,182.431368091075,388.296156014737));
#1951=CARTESIAN_POINT('Ctrl Pts',(185.660963661301,182.035203242823,388.306440465983));
#1952=CARTESIAN_POINT('Ctrl Pts',(189.151063967402,184.056589097453,388.122028918388));
#1953=CARTESIAN_POINT('Ctrl Pts',(188.853616357625,183.955702352741,388.196470520776));
#1954=CARTESIAN_POINT('Ctrl Pts',(188.24387734218,183.674552736134,388.339094599682));
#1955=CARTESIAN_POINT('Ctrl Pts',(186.969157063192,182.751342803721,388.573919781805));
#1956=CARTESIAN_POINT('Ctrl Pts',(186.275640509992,182.098640364361,388.609587227892));
#1957=CARTESIAN_POINT('Ctrl Pts',(185.957216096297,181.738950807827,388.627922055005));
#1958=CARTESIAN_POINT('Ctrl Pts',(189.151063967401,182.89083141188,388.794505424069));
#1959=CARTESIAN_POINT('Ctrl Pts',(188.845057726706,182.80147835835,388.822683644742));
#1960=CARTESIAN_POINT('Ctrl Pts',(188.215372883525,182.530928683332,388.885578115307));
#1961=CARTESIAN_POINT('Ctrl Pts',(187.219755920219,181.951418973142,388.92584770122));
#1962=CARTESIAN_POINT('Ctrl Pts',(186.70972804225,181.503966746338,388.923401485792));
#1963=CARTESIAN_POINT('Ctrl Pts',(186.474720944738,181.221445959386,388.931069376628));
#1964=CARTESIAN_POINT('Ctrl Pts',(189.151063967401,181.956455857042,389.));
#1965=CARTESIAN_POINT('Ctrl Pts',(188.867909592749,181.933577748457,389.));
#1966=CARTESIAN_POINT('Ctrl Pts',(188.302166573458,181.82248629799,389.));
#1967=CARTESIAN_POINT('Ctrl Pts',(187.493574178164,181.449756053222,389.));
#1968=CARTESIAN_POINT('Ctrl Pts',(187.043782719468,181.070630836128,389.));
#1969=CARTESIAN_POINT('Ctrl Pts',(186.844943844978,180.851223059146,389.));
#1970=CARTESIAN_POINT('Ctrl Pts',(189.151063967401,181.544649902516,389.));
#1971=CARTESIAN_POINT('Ctrl Pts',(188.889304114295,181.544649902516,389.));
#1972=CARTESIAN_POINT('Ctrl Pts',(188.365808933356,181.475729688454,389.));
#1973=CARTESIAN_POINT('Ctrl Pts',(187.63405707766,181.172628145533,389.));
#1974=CARTESIAN_POINT('Ctrl Pts',(187.215156134575,180.851195103897,389.));
#1975=CARTESIAN_POINT('Ctrl Pts',(187.030063967401,180.666102936723,389.));
#1976=CARTESIAN_POINT('',(189.151063967401,184.701206974747,387.353475945183));
#1977=CARTESIAN_POINT('',(185.530063967401,182.166102936723,388.12132034356));
#1978=CARTESIAN_POINT('Ctrl Pts',(189.151063967401,184.701206974747,387.353475945183));
#1979=CARTESIAN_POINT('Ctrl Pts',(188.849617225488,184.600724727442,387.495579302099));
#1980=CARTESIAN_POINT('Ctrl Pts',(188.248175761858,184.332797660044,387.731409593298));
#1981=CARTESIAN_POINT('Ctrl Pts',(186.879423784763,183.416405527301,388.051276306776));
#1982=CARTESIAN_POINT('Ctrl Pts',(185.941832648262,182.577871617583,388.12132034356));
#1983=CARTESIAN_POINT('Ctrl Pts',(185.530063967401,182.166102936723,388.12132034356));
#1984=CARTESIAN_POINT('',(189.151063967401,181.544649902516,389.));
#1985=CARTESIAN_POINT('Ctrl Pts',(189.151063967401,184.701206974747,387.353475945183));
#1986=CARTESIAN_POINT('Ctrl Pts',(189.151063967401,184.500242480137,387.637682659015));
#1987=CARTESIAN_POINT('Ctrl Pts',(189.151063967402,184.056589097453,388.122028918388));
#1988=CARTESIAN_POINT('Ctrl Pts',(189.151063967401,182.89083141188,388.794505424069));
#1989=CARTESIAN_POINT('Ctrl Pts',(189.151063967401,181.956455857042,389.));
#1990=CARTESIAN_POINT('Ctrl Pts',(189.151063967401,181.544649902516,389.));
#1991=CARTESIAN_POINT('',(187.030063967401,180.666102936723,389.));
#1992=CARTESIAN_POINT('Origin',(189.151063967401,178.545102936723,389.));
#1993=CARTESIAN_POINT('Origin',(187.030063967401,180.666102936723,386.));
#1994=CARTESIAN_POINT('Ctrl Pts',(189.151063967401,184.701206974747,387.353475945183));
#1995=CARTESIAN_POINT('Ctrl Pts',(189.151063967401,184.500242480137,387.637682659015));
#1996=CARTESIAN_POINT('Ctrl Pts',(189.151063967402,184.056589097453,388.122028918388));
#1997=CARTESIAN_POINT('Ctrl Pts',(189.151063967401,182.89083141188,388.794505424069));
#1998=CARTESIAN_POINT('Ctrl Pts',(189.151063967401,181.956455857042,389.));
#1999=CARTESIAN_POINT('Ctrl Pts',(189.151063967401,181.544649902516,389.));
#2000=CARTESIAN_POINT('Ctrl Pts',(189.452510709315,184.600724727442,387.495579302099));
#2001=CARTESIAN_POINT('Ctrl Pts',(189.449517267783,184.40026582856,387.750681685146));
#2002=CARTESIAN_POINT('Ctrl Pts',(189.448511577178,183.955702352741,388.196470520776));
#2003=CARTESIAN_POINT('Ctrl Pts',(189.457070208096,182.80147835835,388.822683644742));
#2004=CARTESIAN_POINT('Ctrl Pts',(189.434218342054,181.933577748457,389.));
#2005=CARTESIAN_POINT('Ctrl Pts',(189.412823820508,181.544649902516,389.));
#2006=CARTESIAN_POINT('Ctrl Pts',(190.053952172945,184.332797660044,387.731409593298));
#2007=CARTESIAN_POINT('Ctrl Pts',(190.051313836689,184.133101565518,387.945590607908));
#2008=CARTESIAN_POINT('Ctrl Pts',(190.058250592623,183.674552736134,388.339094599682));
#2009=CARTESIAN_POINT('Ctrl Pts',(190.086755051278,182.530928683332,388.885578115307));
#2010=CARTESIAN_POINT('Ctrl Pts',(189.999961361345,181.82248629799,389.));
#2011=CARTESIAN_POINT('Ctrl Pts',(189.936319001447,181.475729688454,389.));
#2012=CARTESIAN_POINT('Ctrl Pts',(191.42270415004,183.416405527301,388.051276306776));
#2013=CARTESIAN_POINT('Ctrl Pts',(191.395856050261,183.217437564493,388.234480569211));
#2014=CARTESIAN_POINT('Ctrl Pts',(191.332970871611,182.751342803722,388.573919781806));
#2015=CARTESIAN_POINT('Ctrl Pts',(191.082372014584,181.951418973142,388.92584770122));
#2016=CARTESIAN_POINT('Ctrl Pts',(190.808553756639,181.449756053222,389.));
#2017=CARTESIAN_POINT('Ctrl Pts',(190.668070857143,181.172628145533,389.));
#2018=CARTESIAN_POINT('Ctrl Pts',(192.360295286541,182.577871617583,388.12132034356));
#2019=CARTESIAN_POINT('Ctrl Pts',(192.259543835684,182.431368091075,388.296156014737));
#2020=CARTESIAN_POINT('Ctrl Pts',(192.026487424811,182.098640364361,388.609587227892));
#2021=CARTESIAN_POINT('Ctrl Pts',(191.592399892553,181.503966746338,388.923401485792));
#2022=CARTESIAN_POINT('Ctrl Pts',(191.258345215334,181.070630836128,389.));
#2023=CARTESIAN_POINT('Ctrl Pts',(191.086971800227,180.851195103897,389.));
#2024=CARTESIAN_POINT('Ctrl Pts',(192.772063967401,182.166102936723,388.12132034356));
#2025=CARTESIAN_POINT('Ctrl Pts',(192.641164273502,182.035203242823,388.306440465983));
#2026=CARTESIAN_POINT('Ctrl Pts',(192.344911838506,181.738950807827,388.627922055005));
#2027=CARTESIAN_POINT('Ctrl Pts',(191.827406990064,181.221445959386,388.931069376628));
#2028=CARTESIAN_POINT('Ctrl Pts',(191.457184089825,180.851223059146,389.));
#2029=CARTESIAN_POINT('Ctrl Pts',(191.272063967401,180.666102936723,389.));
#2030=CARTESIAN_POINT('',(192.772063967401,182.166102936723,388.12132034356));
#2031=CARTESIAN_POINT('Ctrl Pts',(189.151063967401,184.701206974747,387.353475945183));
#2032=CARTESIAN_POINT('Ctrl Pts',(189.452510709315,184.600724727442,387.495579302099));
#2033=CARTESIAN_POINT('Ctrl Pts',(190.053952172945,184.332797660044,387.731409593298));
#2034=CARTESIAN_POINT('Ctrl Pts',(191.42270415004,183.416405527301,388.051276306776));
#2035=CARTESIAN_POINT('Ctrl Pts',(192.360295286541,182.577871617583,388.12132034356));
#2036=CARTESIAN_POINT('Ctrl Pts',(192.772063967401,182.166102936723,388.12132034356));
#2037=CARTESIAN_POINT('',(191.272063967401,180.666102936723,389.));
#2038=CARTESIAN_POINT('Origin',(191.272063967401,180.666102936723,386.));
#2039=CARTESIAN_POINT('Origin',(189.151063967401,178.545102936723,389.));
#2040=CARTESIAN_POINT('Ctrl Pts',(189.151063967401,184.701206974747,387.353475945183));
#2041=CARTESIAN_POINT('Ctrl Pts',(189.452510709315,184.600724727442,387.495579302099));
#2042=CARTESIAN_POINT('Ctrl Pts',(190.053952172945,184.332797660044,387.731409593298));
#2043=CARTESIAN_POINT('Ctrl Pts',(191.42270415004,183.416405527301,388.051276306776));
#2044=CARTESIAN_POINT('Ctrl Pts',(192.360295286541,182.577871617583,388.12132034356));
#2045=CARTESIAN_POINT('Ctrl Pts',(192.772063967401,182.166102936723,388.12132034356));
#2046=CARTESIAN_POINT('Ctrl Pts',(189.452510709315,184.801689222051,387.211372588267));
#2047=CARTESIAN_POINT('Ctrl Pts',(189.731628062939,184.682376623716,387.351716772544));
#2048=CARTESIAN_POINT('Ctrl Pts',(190.303929899912,184.385717628742,387.588337545225));
#2049=CARTESIAN_POINT('Ctrl Pts',(191.638309057865,183.459890572097,387.89160023762));
#2050=CARTESIAN_POINT('Ctrl Pts',(192.506798813049,182.67862306844,387.946484672382));
#2051=CARTESIAN_POINT('Ctrl Pts',(192.902963661301,182.297002630622,387.936200221136));
#2052=CARTESIAN_POINT('Ctrl Pts',(190.016821925102,184.922347055153,386.897662272875));
#2053=CARTESIAN_POINT('Ctrl Pts',(190.268627264197,184.77581803976,387.036651793478));
#2054=CARTESIAN_POINT('Ctrl Pts',(190.814922033578,184.431224177089,387.268999585623));
#2055=CARTESIAN_POINT('Ctrl Pts',(192.079933617951,183.498305550062,387.517554935343));
#2056=CARTESIAN_POINT('Ctrl Pts',(192.778263807227,182.850416746777,387.546414872007));
#2057=CARTESIAN_POINT('Ctrl Pts',(193.130285472925,182.524324442246,387.517236009679));
#2058=CARTESIAN_POINT('Ctrl Pts',(191.075213465245,184.814980909724,386.073347108186));
#2059=CARTESIAN_POINT('Ctrl Pts',(191.292818123277,184.63722627353,386.226544045996));
#2060=CARTESIAN_POINT('Ctrl Pts',(191.787408489012,184.231582121066,386.480490958767));
#2061=CARTESIAN_POINT('Ctrl Pts',(192.603446723035,183.472493681592,386.774723219146));
#2062=CARTESIAN_POINT('Ctrl Pts',(193.080457039904,182.992023893689,386.818970886422));
#2063=CARTESIAN_POINT('Ctrl Pts',(193.344642999743,182.738681969064,386.785373634419));
#2064=CARTESIAN_POINT('Ctrl Pts',(191.687707850801,184.493099740442,385.412643817185));
#2065=CARTESIAN_POINT('Ctrl Pts',(191.84072409242,184.340083498824,385.596686929903));
#2066=CARTESIAN_POINT('Ctrl Pts',(192.179141327299,184.001666263944,385.918174137296));
#2067=CARTESIAN_POINT('Ctrl Pts',(192.76980264733,183.411004943913,386.226375219595));
#2068=CARTESIAN_POINT('Ctrl Pts',(193.184260985225,182.996546606018,386.276343798232));
#2069=CARTESIAN_POINT('Ctrl Pts',(193.393384310961,182.787423280282,386.261799387799));
#2070=CARTESIAN_POINT('Ctrl Pts',(191.893610828064,184.287196763179,385.121453034207));
#2071=CARTESIAN_POINT('Ctrl Pts',(192.024490754618,184.156316836626,385.306545201381));
#2072=CARTESIAN_POINT('Ctrl Pts',(192.320698452118,183.860109139125,385.627978243017));
#2073=CARTESIAN_POINT('Ctrl Pts',(192.838125151427,183.342682439817,385.931079785938));
#2074=CARTESIAN_POINT('Ctrl Pts',(193.208292143787,182.972515447456,386.));
#2075=CARTESIAN_POINT('Ctrl Pts',(193.393384310961,182.787423280282,386.));
#2076=CARTESIAN_POINT('',(191.893610828064,184.287196763179,385.121453034207));
#2077=CARTESIAN_POINT('Ctrl Pts',(189.151063967401,184.701206974747,387.353475945183));
#2078=CARTESIAN_POINT('Ctrl Pts',(189.452510709315,184.801689222051,387.211372588267));
#2079=CARTESIAN_POINT('Ctrl Pts',(190.016821925102,184.922347055153,386.897662272875));
#2080=CARTESIAN_POINT('Ctrl Pts',(191.075213465245,184.814980909724,386.073347108186));
#2081=CARTESIAN_POINT('Ctrl Pts',(191.687707850801,184.493099740442,385.412643817185));
#2082=CARTESIAN_POINT('Ctrl Pts',(191.893610828064,184.287196763179,385.121453034207));
#2083=CARTESIAN_POINT('',(193.393384310961,182.787423280282,386.));
#2084=CARTESIAN_POINT('Origin',(193.393384310961,182.787423280282,383.000453034207));
#2085=CARTESIAN_POINT('Origin',(191.272063967401,180.666102936723,386.));
#2086=CARTESIAN_POINT('Ctrl Pts',(189.151063967401,184.701206974747,387.353475945183));
#2087=CARTESIAN_POINT('Ctrl Pts',(189.452510709315,184.801689222051,387.211372588267));
#2088=CARTESIAN_POINT('Ctrl Pts',(190.016821925102,184.922347055153,386.897662272875));
#2089=CARTESIAN_POINT('Ctrl Pts',(191.075213465245,184.814980909724,386.073347108186));
#2090=CARTESIAN_POINT('Ctrl Pts',(191.687707850801,184.493099740442,385.412643817185));
#2091=CARTESIAN_POINT('Ctrl Pts',(191.893610828064,184.287196763179,385.121453034207));
#2092=CARTESIAN_POINT('Ctrl Pts',(189.151063967401,184.902171469356,387.069269231352));
#2093=CARTESIAN_POINT('Ctrl Pts',(189.433174762557,184.980829924098,386.929640067409));
#2094=CARTESIAN_POINT('Ctrl Pts',(189.97117965442,185.073265649537,386.615997349637));
#2095=CARTESIAN_POINT('Ctrl Pts',(190.986811882582,184.943232514225,385.793785870234));
#2096=CARTESIAN_POINT('Ctrl Pts',(191.557569717768,184.623237873476,385.196246173025));
#2097=CARTESIAN_POINT('Ctrl Pts',(191.762730901511,184.418076689732,384.936360867033));
#2098=CARTESIAN_POINT('Ctrl Pts',(189.151063967402,185.235685865588,386.454532847712));
#2099=CARTESIAN_POINT('Ctrl Pts',(189.403680030625,185.285967498029,386.315191970554));
#2100=CARTESIAN_POINT('Ctrl Pts',(189.907735408357,185.338410802311,385.98604395663));
#2101=CARTESIAN_POINT('Ctrl Pts',(190.851717405135,185.167273204943,385.157223937758));
#2102=CARTESIAN_POINT('Ctrl Pts',(191.330243933355,184.850563657888,384.717651929718));
#2103=CARTESIAN_POINT('Ctrl Pts',(191.535443418073,184.645364173171,384.517459923948));
#2104=CARTESIAN_POINT('Ctrl Pts',(189.151063967401,185.68804570994,384.838691951657));
#2105=CARTESIAN_POINT('Ctrl Pts',(189.393516975005,185.704682654957,384.716984829332));
#2106=CARTESIAN_POINT('Ctrl Pts',(189.898026713742,185.680212454272,384.431872599575));
#2107=CARTESIAN_POINT('Ctrl Pts',(190.672138675852,185.403801728775,384.0434411857));
#2108=CARTESIAN_POINT('Ctrl Pts',(191.112312858093,185.06849473315,383.882330680161));
#2109=CARTESIAN_POINT('Ctrl Pts',(191.321118261685,184.859689329558,383.785708068252));
#2110=CARTESIAN_POINT('Ctrl Pts',(189.151063967402,185.787102936723,383.58278188724));
#2111=CARTESIAN_POINT('Ctrl Pts',(189.398318944767,185.787102936723,383.550430284294));
#2112=CARTESIAN_POINT('Ctrl Pts',(189.902840349818,185.725840204187,383.479952020973));
#2113=CARTESIAN_POINT('Ctrl Pts',(190.639121114752,185.43335981884,383.366400510764));
#2114=CARTESIAN_POINT('Ctrl Pts',(191.076979737292,185.103827853951,383.296198077671));
#2115=CARTESIAN_POINT('Ctrl Pts',(191.272384310961,184.908423280282,383.262212887313));
#2116=CARTESIAN_POINT('Ctrl Pts',(189.151063967402,185.787102936723,383.000453034207));
#2117=CARTESIAN_POINT('Ctrl Pts',(189.412863355201,185.787102936723,383.000453034207));
#2118=CARTESIAN_POINT('Ctrl Pts',(189.936437601821,185.718172313351,383.000453034207));
#2119=CARTESIAN_POINT('Ctrl Pts',(190.66829997708,185.415024991728,383.000453034207));
#2120=CARTESIAN_POINT('Ctrl Pts',(191.087264188538,185.093543402705,383.000453034207));
#2121=CARTESIAN_POINT('Ctrl Pts',(191.272384310961,184.908423280282,383.000453034207));
#2122=CARTESIAN_POINT('',(189.151063967402,185.787102936723,383.000453034207));
#2123=CARTESIAN_POINT('Ctrl Pts',(189.151063967401,184.701206974747,387.353475945183));
#2124=CARTESIAN_POINT('Ctrl Pts',(189.151063967401,184.902171469356,387.069269231352));
#2125=CARTESIAN_POINT('Ctrl Pts',(189.151063967402,185.235685865588,386.454532847712));
#2126=CARTESIAN_POINT('Ctrl Pts',(189.151063967401,185.68804570994,384.838691951657));
#2127=CARTESIAN_POINT('Ctrl Pts',(189.151063967402,185.787102936723,383.58278188724));
#2128=CARTESIAN_POINT('Ctrl Pts',(189.151063967402,185.787102936723,383.000453034207));
#2129=CARTESIAN_POINT('',(191.272384310961,184.908423280282,383.000453034207));
#2130=CARTESIAN_POINT('Origin',(189.151063967401,182.787102936723,383.000453034207));
#2131=CARTESIAN_POINT('Origin',(193.393384310961,182.787423280282,383.000453034207));
#2132=CARTESIAN_POINT('Ctrl Pts',(189.151063967401,184.701206974747,387.353475945183));
#2133=CARTESIAN_POINT('Ctrl Pts',(189.151063967401,184.902171469356,387.069269231352));
#2134=CARTESIAN_POINT('Ctrl Pts',(189.151063967402,185.235685865588,386.454532847712));
#2135=CARTESIAN_POINT('Ctrl Pts',(189.151063967401,185.68804570994,384.838691951657));
#2136=CARTESIAN_POINT('Ctrl Pts',(189.151063967402,185.787102936723,383.58278188724));
#2137=CARTESIAN_POINT('Ctrl Pts',(189.151063967402,185.787102936723,383.000453034207));
#2138=CARTESIAN_POINT('Ctrl Pts',(188.849617225488,184.801689222051,387.211372588267));
#2139=CARTESIAN_POINT('Ctrl Pts',(188.868953172246,184.980829924098,386.929640067409));
#2140=CARTESIAN_POINT('Ctrl Pts',(188.898447904178,185.285967498029,386.315191970554));
#2141=CARTESIAN_POINT('Ctrl Pts',(188.908610959798,185.704682654957,384.716984829332));
#2142=CARTESIAN_POINT('Ctrl Pts',(188.903808990036,185.787102936723,383.550430284294));
#2143=CARTESIAN_POINT('Ctrl Pts',(188.889264579602,185.787102936723,383.000453034207));
#2144=CARTESIAN_POINT('Ctrl Pts',(188.285306009701,184.922347055154,386.897662272875));
#2145=CARTESIAN_POINT('Ctrl Pts',(188.330948280383,185.073265649537,386.615997349637));
#2146=CARTESIAN_POINT('Ctrl Pts',(188.394392526446,185.338410802311,385.98604395663));
#2147=CARTESIAN_POINT('Ctrl Pts',(188.404101221061,185.680212454272,384.431872599575));
#2148=CARTESIAN_POINT('Ctrl Pts',(188.399287584985,185.725840204187,383.479952020973));
#2149=CARTESIAN_POINT('Ctrl Pts',(188.365690332982,185.718172313351,383.000453034207));
#2150=CARTESIAN_POINT('Ctrl Pts',(187.226914469558,184.814980909724,386.073347108186));
#2151=CARTESIAN_POINT('Ctrl Pts',(187.315316052221,184.943232514225,385.793785870234));
#2152=CARTESIAN_POINT('Ctrl Pts',(187.450410529667,185.167273204943,385.157223937758));
#2153=CARTESIAN_POINT('Ctrl Pts',(187.629989258951,185.403801728775,384.0434411857));
#2154=CARTESIAN_POINT('Ctrl Pts',(187.663006820051,185.43335981884,383.366400510764));
#2155=CARTESIAN_POINT('Ctrl Pts',(187.633827957723,185.415024991728,383.000453034207));
#2156=CARTESIAN_POINT('Ctrl Pts',(186.614420084002,184.493099740442,385.412643817185));
#2157=CARTESIAN_POINT('Ctrl Pts',(186.744558217035,184.623237873476,385.196246173025));
#2158=CARTESIAN_POINT('Ctrl Pts',(186.971884001447,184.850563657888,384.717651929718));
#2159=CARTESIAN_POINT('Ctrl Pts',(187.18981507671,185.068494733151,383.882330680161));
#2160=CARTESIAN_POINT('Ctrl Pts',(187.225148197511,185.103827853951,383.296198077671));
#2161=CARTESIAN_POINT('Ctrl Pts',(187.214863746265,185.093543402705,383.000453034207));
#2162=CARTESIAN_POINT('Ctrl Pts',(186.408517106738,184.287196763179,385.121453034207));
#2163=CARTESIAN_POINT('Ctrl Pts',(186.539397033292,184.418076689732,384.936360867033));
#2164=CARTESIAN_POINT('Ctrl Pts',(186.76668451673,184.645364173171,384.517459923948));
#2165=CARTESIAN_POINT('Ctrl Pts',(186.981009673118,184.859689329558,383.785708068252));
#2166=CARTESIAN_POINT('Ctrl Pts',(187.029743623842,184.908423280282,383.262212887313));
#2167=CARTESIAN_POINT('Ctrl Pts',(187.029743623842,184.908423280282,383.000453034207));
#2168=CARTESIAN_POINT('',(186.408517106738,184.287196763179,385.121453034207));
#2169=CARTESIAN_POINT('Ctrl Pts',(189.151063967401,184.701206974747,387.353475945183));
#2170=CARTESIAN_POINT('Ctrl Pts',(188.849617225488,184.801689222051,387.211372588267));
#2171=CARTESIAN_POINT('Ctrl Pts',(188.285306009701,184.922347055154,386.897662272875));
#2172=CARTESIAN_POINT('Ctrl Pts',(187.226914469558,184.814980909724,386.073347108186));
#2173=CARTESIAN_POINT('Ctrl Pts',(186.614420084002,184.493099740442,385.412643817185));
#2174=CARTESIAN_POINT('Ctrl Pts',(186.408517106738,184.287196763179,385.121453034207));
#2175=CARTESIAN_POINT('',(187.029743623842,184.908423280282,383.000453034207));
#2176=CARTESIAN_POINT('Origin',(184.908743623842,182.787423280282,383.000453034207));
#2177=CARTESIAN_POINT('Origin',(189.151063967401,182.787102936723,383.000453034207));
#2178=CARTESIAN_POINT('Ctrl Pts',(54.4205239496945,50.1202133153677,387.38758174756));
#2179=CARTESIAN_POINT('Ctrl Pts',(54.4594760965291,49.987479192797,387.451026127934));
#2180=CARTESIAN_POINT('Ctrl Pts',(54.5542592091513,49.7151140654771,387.569554003513));
#2181=CARTESIAN_POINT('Ctrl Pts',(54.755450791599,49.266709443619,387.727751505239));
#2182=CARTESIAN_POINT('Ctrl Pts',(55.0277664409368,48.7577467547119,387.867915035679));
#2183=CARTESIAN_POINT('Ctrl Pts',(55.38932769631,48.1687553217443,387.989933209047));
#2184=CARTESIAN_POINT('Ctrl Pts',(55.8463914882945,47.4999736146445,388.084876434509));
#2185=CARTESIAN_POINT('Ctrl Pts',(56.3321869275184,46.8621453673411,388.12596097321));
#2186=CARTESIAN_POINT('Ctrl Pts',(56.618569631127,46.5204810386338,388.12132034356));
#2187=CARTESIAN_POINT('Ctrl Pts',(56.7637378065097,46.3426689178021,388.12132034356));
#2188=CARTESIAN_POINT('Ctrl Pts',(54.6194912655779,50.1083095436576,387.672972483562));
#2189=CARTESIAN_POINT('Ctrl Pts',(54.6587393412448,49.9754077368807,387.723261751151));
#2190=CARTESIAN_POINT('Ctrl Pts',(54.7538094450588,49.7021934159469,387.818537563391));
#2191=CARTESIAN_POINT('Ctrl Pts',(54.9547432635002,49.2533888878182,387.94851057234));
#2192=CARTESIAN_POINT('Ctrl Pts',(55.2266249760957,48.746966200543,388.066712100927));
#2193=CARTESIAN_POINT('Ctrl Pts',(55.5862730245954,48.1683326976865,388.174058380977));
#2194=CARTESIAN_POINT('Ctrl Pts',(56.0296354537064,47.5316294595207,388.25869511142));
#2195=CARTESIAN_POINT('Ctrl Pts',(56.4907711084318,46.9418625334908,388.298164612919));
#2196=CARTESIAN_POINT('Ctrl Pts',(56.7668152139506,46.6246485401942,388.30203284402));
#2197=CARTESIAN_POINT('Ctrl Pts',(56.9071370891006,46.4597419953153,388.306440465983));
#2198=CARTESIAN_POINT('Ctrl Pts',(55.0611946510286,50.0804417402978,388.154989842808));
#2199=CARTESIAN_POINT('Ctrl Pts',(55.1005068319163,49.9461357520546,388.187084768465));
#2200=CARTESIAN_POINT('Ctrl Pts',(55.1959319834831,49.6707722251586,388.249192202041));
#2201=CARTESIAN_POINT('Ctrl Pts',(55.4018186343716,49.2198368837085,388.339740731937));
#2202=CARTESIAN_POINT('Ctrl Pts',(55.6838015500431,48.7152619198994,388.430209952869));
#2203=CARTESIAN_POINT('Ctrl Pts',(56.0417622457285,48.1665932782226,388.514781858369));
#2204=CARTESIAN_POINT('Ctrl Pts',(56.4532598739996,47.6067845281024,388.578227979474));
#2205=CARTESIAN_POINT('Ctrl Pts',(56.8555583994359,47.1246917874647,388.609247161866));
#2206=CARTESIAN_POINT('Ctrl Pts',(57.1034728142886,46.861963717657,388.620064271957));
#2207=CARTESIAN_POINT('Ctrl Pts',(57.2316786168818,46.7247020059352,388.627922055005));
#2208=CARTESIAN_POINT('Ctrl Pts',(56.175297014875,50.0295845087121,388.799276329101));
#2209=CARTESIAN_POINT('Ctrl Pts',(56.2090177957192,49.8858044222961,388.810757262424));
#2210=CARTESIAN_POINT('Ctrl Pts',(56.2940323162437,49.5951986107452,388.83415375874));
#2211=CARTESIAN_POINT('Ctrl Pts',(56.4743406001306,49.1408260104628,388.868422834929));
#2212=CARTESIAN_POINT('Ctrl Pts',(56.6984171265967,48.6775200196468,388.897089755931));
#2213=CARTESIAN_POINT('Ctrl Pts',(56.95112297483,48.234606200193,388.914834244092));
#2214=CARTESIAN_POINT('Ctrl Pts',(57.2199227488483,47.8303031348783,388.920223462643));
#2215=CARTESIAN_POINT('Ctrl Pts',(57.495226659745,47.4919122588172,388.921069077174));
#2216=CARTESIAN_POINT('Ctrl Pts',(57.6987924934124,47.2870272422419,388.927783137698));
#2217=CARTESIAN_POINT('Ctrl Pts',(57.7985999120587,47.1875440755394,388.931069376628));
#2218=CARTESIAN_POINT('Ctrl Pts',(57.0875505684173,49.9887133284131,389.));
#2219=CARTESIAN_POINT('Ctrl Pts',(57.0950113368508,49.8511618868074,389.));
#2220=CARTESIAN_POINT('Ctrl Pts',(57.1253684680914,49.5773672967308,389.));
#2221=CARTESIAN_POINT('Ctrl Pts',(57.219139048002,49.1660420755535,389.));
#2222=CARTESIAN_POINT('Ctrl Pts',(57.3561069742815,48.7687971819132,389.));
#2223=CARTESIAN_POINT('Ctrl Pts',(57.5327515104485,48.401687918723,389.));
#2224=CARTESIAN_POINT('Ctrl Pts',(57.7428622712985,48.0657992561101,389.));
#2225=CARTESIAN_POINT('Ctrl Pts',(57.9726505037566,47.7733951737301,389.));
#2226=CARTESIAN_POINT('Ctrl Pts',(58.1284957056455,47.6015025773563,389.));
#2227=CARTESIAN_POINT('Ctrl Pts',(58.2041753317678,47.5186612310172,389.));
#2228=CARTESIAN_POINT('Ctrl Pts',(57.4976384999347,49.9691048987796,389.));
#2229=CARTESIAN_POINT('Ctrl Pts',(57.495907291211,49.838843886955,389.));
#2230=CARTESIAN_POINT('Ctrl Pts',(57.5093192708762,49.5798430813108,389.));
#2231=CARTESIAN_POINT('Ctrl Pts',(57.5796358939007,49.1935092108622,389.));
#2232=CARTESIAN_POINT('Ctrl Pts',(57.6920934175482,48.8273736179053,389.));
#2233=CARTESIAN_POINT('Ctrl Pts',(57.8423468878278,48.4922209172961,389.));
#2234=CARTESIAN_POINT('Ctrl Pts',(58.0208108985588,48.1875592032586,389.));
#2235=CARTESIAN_POINT('Ctrl Pts',(58.2153603301466,47.9191326302651,389.));
#2236=CARTESIAN_POINT('Ctrl Pts',(58.3446574687305,47.7605554193648,389.));
#2237=CARTESIAN_POINT('Ctrl Pts',(58.4069725420424,47.6842275650251,389.));
#2238=CARTESIAN_POINT('',(54.4205239496945,50.1202133153677,387.38758174756));
#2239=CARTESIAN_POINT('',(56.7637378065098,46.3426689178021,388.12132034356));
#2240=CARTESIAN_POINT('Ctrl Pts',(54.4205239496945,50.1202133153677,387.38758174756));
#2241=CARTESIAN_POINT('Ctrl Pts',(54.4594760965291,49.987479192797,387.451026127934));
#2242=CARTESIAN_POINT('Ctrl Pts',(54.5542592091513,49.7151140654771,387.569554003513));
#2243=CARTESIAN_POINT('Ctrl Pts',(54.755450791599,49.266709443619,387.727751505239));
#2244=CARTESIAN_POINT('Ctrl Pts',(55.0277664409368,48.7577467547119,387.867915035679));
#2245=CARTESIAN_POINT('Ctrl Pts',(55.38932769631,48.1687553217443,387.989933209047));
#2246=CARTESIAN_POINT('Ctrl Pts',(55.8463914882945,47.4999736146445,388.084876434509));
#2247=CARTESIAN_POINT('Ctrl Pts',(56.3321869275184,46.8621453673411,388.12596097321));
#2248=CARTESIAN_POINT('Ctrl Pts',(56.618569631127,46.5204810386338,388.12132034356));
#2249=CARTESIAN_POINT('Ctrl Pts',(56.7637378065097,46.3426689178021,388.12132034356));
#2250=CARTESIAN_POINT('',(57.4976384999347,49.9691048987796,389.));
#2251=CARTESIAN_POINT('Ctrl Pts',(54.4205239496945,50.1202133153677,387.38758174756));
#2252=CARTESIAN_POINT('Ctrl Pts',(54.6194912655779,50.1083095436576,387.672972483562));
#2253=CARTESIAN_POINT('Ctrl Pts',(55.0611946510286,50.0804417402978,388.154989842808));
#2254=CARTESIAN_POINT('Ctrl Pts',(56.175297014875,50.0295845087121,388.799276329101));
#2255=CARTESIAN_POINT('Ctrl Pts',(57.0875505684173,49.9887133284131,389.));
#2256=CARTESIAN_POINT('Ctrl Pts',(57.4976384999347,49.9691048987796,389.));
#2257=CARTESIAN_POINT('',(58.4069725420424,47.6842275650251,389.));
#2258=CARTESIAN_POINT('Ctrl Pts',(57.4976384999347,49.9691048987796,389.));
#2259=CARTESIAN_POINT('Ctrl Pts',(57.4970960033083,49.9282859273238,389.));
#2260=CARTESIAN_POINT('Ctrl Pts',(57.497375353031,49.8875046514413,389.));
#2261=CARTESIAN_POINT('Ctrl Pts',(57.4984836278405,49.8468023161894,389.));
#2262=CARTESIAN_POINT('Ctrl Pts',(57.4995631321883,49.8071566006186,389.));
#2263=CARTESIAN_POINT('Ctrl Pts',(57.5014291933416,49.7675865787708,389.));
#2264=CARTESIAN_POINT('Ctrl Pts',(57.504081454435,49.7280786911111,389.));
#2265=CARTESIAN_POINT('Ctrl Pts',(57.5067022197412,49.6890399623976,389.));
#2266=CARTESIAN_POINT('Ctrl Pts',(57.5100910568411,49.6500526444215,389.));
#2267=CARTESIAN_POINT('Ctrl Pts',(57.5142365731694,49.6111083882138,389.));
#2268=CARTESIAN_POINT('Ctrl Pts',(57.5187231150719,49.5689604328086,389.));
#2269=CARTESIAN_POINT('Ctrl Pts',(57.5240958401284,49.5268634056431,389.));
#2270=CARTESIAN_POINT('Ctrl Pts',(57.5303257215673,49.4848667778633,389.));
#2271=CARTESIAN_POINT('Ctrl Pts',(57.5375282628366,49.4363132945067,389.));
#2272=CARTESIAN_POINT('Ctrl Pts',(57.5458763271061,49.387894830157,389.));
#2273=CARTESIAN_POINT('Ctrl Pts',(57.5553083098896,49.339755874805,389.));
#2274=CARTESIAN_POINT('Ctrl Pts',(57.5705478922193,49.2619760918903,389.));
#2275=CARTESIAN_POINT('Ctrl Pts',(57.5886153030036,49.1849348341325,389.));
#2276=CARTESIAN_POINT('Ctrl Pts',(57.6092166332047,49.1093692864821,389.));
#2277=CARTESIAN_POINT('Ctrl Pts',(57.6208434959788,49.0667220280571,389.));
#2278=CARTESIAN_POINT('Ctrl Pts',(57.6332770941412,49.0245459891609,389.));
#2279=CARTESIAN_POINT('Ctrl Pts',(57.6464707200632,48.9829449807356,389.));
#2280=CARTESIAN_POINT('Ctrl Pts',(57.6583780367955,48.9453998520022,389.));
#2281=CARTESIAN_POINT('Ctrl Pts',(57.6709042584696,48.9083237013911,389.));
#2282=CARTESIAN_POINT('Ctrl Pts',(57.6840236022749,48.871755277267,389.));
#2283=CARTESIAN_POINT('Ctrl Pts',(57.6963253808496,48.837465707371,389.));
#2284=CARTESIAN_POINT('Ctrl Pts',(57.7091485604573,48.8036229685991,389.));
#2285=CARTESIAN_POINT('Ctrl Pts',(57.722481514631,48.7702172316034,389.));
#2286=CARTESIAN_POINT('Ctrl Pts',(57.7362558303779,48.7357056625133,389.));
#2287=CARTESIAN_POINT('Ctrl Pts',(57.7505746139144,48.7016602638548,389.));
#2288=CARTESIAN_POINT('Ctrl Pts',(57.7654365419752,48.6680159027723,389.));
#2289=CARTESIAN_POINT('Ctrl Pts',(57.7783633048706,48.6387523592602,389.));
#2290=CARTESIAN_POINT('Ctrl Pts',(57.791702689332,48.6097876896617,389.));
#2291=CARTESIAN_POINT('Ctrl Pts',(57.8054255324442,48.5811210838487,389.));
#2292=CARTESIAN_POINT('Ctrl Pts',(57.8212845225935,48.5479921312341,389.));
#2293=CARTESIAN_POINT('Ctrl Pts',(57.8376549193924,48.5152625185585,389.));
#2294=CARTESIAN_POINT('Ctrl Pts',(57.8544524187805,48.4829971481781,389.));
#2295=CARTESIAN_POINT('Ctrl Pts',(57.8749717323667,48.4435827545523,389.));
#2296=CARTESIAN_POINT('Ctrl Pts',(57.8961250441905,48.4048668786025,389.));
#2297=CARTESIAN_POINT('Ctrl Pts',(57.9177350997505,48.3670060605752,389.));
#2298=CARTESIAN_POINT('Ctrl Pts',(57.9337741931973,48.3389055683471,389.));
#2299=CARTESIAN_POINT('Ctrl Pts',(57.9500638425756,48.3112778468898,389.));
#2300=CARTESIAN_POINT('Ctrl Pts',(57.9665473312723,48.2841592051275,389.));
#2301=CARTESIAN_POINT('Ctrl Pts',(57.9810962020078,48.2602233975578,389.));
#2302=CARTESIAN_POINT('Ctrl Pts',(57.9957957647086,48.2366847151317,389.));
#2303=CARTESIAN_POINT('Ctrl Pts',(58.0106283033577,48.213531348966,389.));
#2304=CARTESIAN_POINT('Ctrl Pts',(58.0244339643621,48.1919809231112,389.));
#2305=CARTESIAN_POINT('Ctrl Pts',(58.0383546082596,48.1707646769063,389.));
#2306=CARTESIAN_POINT('Ctrl Pts',(58.0523992193232,48.1498330389544,389.));
#2307=CARTESIAN_POINT('Ctrl Pts',(58.0653945573691,48.1304652038604,389.));
#2308=CARTESIAN_POINT('Ctrl Pts',(58.0785004235783,48.1113348924614,389.));
#2309=CARTESIAN_POINT('Ctrl Pts',(58.0917258714061,48.092393036803,389.));
#2310=CARTESIAN_POINT('Ctrl Pts',(58.1057574667342,48.0722965941854,389.));
#2311=CARTESIAN_POINT('Ctrl Pts',(58.1199231977138,48.0524128582515,389.));
#2312=CARTESIAN_POINT('Ctrl Pts',(58.1341938604863,48.0327315112854,389.));
#2313=CARTESIAN_POINT('Ctrl Pts',(58.1522647907161,48.0078090354676,389.));
#2314=CARTESIAN_POINT('Ctrl Pts',(58.1705034245397,47.9832119015733,389.));
#2315=CARTESIAN_POINT('Ctrl Pts',(58.188794281892,47.958985674691,389.));
#2316=CARTESIAN_POINT('Ctrl Pts',(58.2073282760033,47.9344374133531,389.));
#2317=CARTESIAN_POINT('Ctrl Pts',(58.2259122302798,47.9102745459973,389.));
#2318=CARTESIAN_POINT('Ctrl Pts',(58.2444123331588,47.8865575607699,389.));
#2319=CARTESIAN_POINT('Ctrl Pts',(58.2589037328292,47.8679797012761,389.));
#2320=CARTESIAN_POINT('Ctrl Pts',(58.2733428123612,47.8496764314695,389.));
#2321=CARTESIAN_POINT('Ctrl Pts',(58.2876818942504,47.8316544518938,389.));
#2322=CARTESIAN_POINT('Ctrl Pts',(58.3009062591531,47.8150334969388,389.));
#2323=CARTESIAN_POINT('Ctrl Pts',(58.3140450730026,47.7986523991723,389.));
#2324=CARTESIAN_POINT('Ctrl Pts',(58.3270852583922,47.7824850546713,389.));
#2325=CARTESIAN_POINT('Ctrl Pts',(58.3394054669907,47.7672103441681,389.));
#2326=CARTESIAN_POINT('Ctrl Pts',(58.3516373054655,47.752126839208,389.));
#2327=CARTESIAN_POINT('Ctrl Pts',(58.3637980755031,47.7371764201495,389.));
#2328=CARTESIAN_POINT('Ctrl Pts',(58.3752577067376,47.7230879793121,389.));
#2329=CARTESIAN_POINT('Ctrl Pts',(58.3866540721931,47.7091179074656,389.));
#2330=CARTESIAN_POINT('Ctrl Pts',(58.398030819257,47.6951806062095,389.));
#2331=CARTESIAN_POINT('Ctrl Pts',(58.4010121829673,47.6915282296602,389.));
#2332=CARTESIAN_POINT('Ctrl Pts',(58.4039923695024,47.6878778885095,389.));
#2333=CARTESIAN_POINT('Ctrl Pts',(58.4069725420424,47.6842275650251,389.));
#2334=CARTESIAN_POINT('Origin',(58.4069725420424,47.6842275650251,386.));
#2335=CARTESIAN_POINT('Ctrl Pts',(54.4205239496945,50.1202133153677,387.38758174756));
#2336=CARTESIAN_POINT('Ctrl Pts',(54.6194912655779,50.1083095436576,387.672972483562));
#2337=CARTESIAN_POINT('Ctrl Pts',(55.0611946510286,50.0804417402978,388.154989842808));
#2338=CARTESIAN_POINT('Ctrl Pts',(56.175297014875,50.0295845087121,388.799276329101));
#2339=CARTESIAN_POINT('Ctrl Pts',(57.0875505684173,49.9887133284131,389.));
#2340=CARTESIAN_POINT('Ctrl Pts',(57.4976384999347,49.9691048987796,389.));
#2341=CARTESIAN_POINT('Ctrl Pts',(54.4668435096671,50.2478458214912,387.446447682615));
#2342=CARTESIAN_POINT('Ctrl Pts',(54.66506944157,50.2360137529245,387.719191415558));
#2343=CARTESIAN_POINT('Ctrl Pts',(55.1058631518005,50.2103811180527,388.184772049195));
#2344=CARTESIAN_POINT('Ctrl Pts',(56.2147488748418,50.1703323159243,388.810835037249));
#2345=CARTESIAN_POINT('Ctrl Pts',(57.0996177967228,50.1253310352742,389.));
#2346=CARTESIAN_POINT('Ctrl Pts',(57.4993697086583,50.0993659106042,389.));
#2347=CARTESIAN_POINT('Ctrl Pts',(54.5753454784193,50.5086761526393,387.55621056093));
#2348=CARTESIAN_POINT('Ctrl Pts',(54.7721497863135,50.4976469497658,387.806838294863));
#2349=CARTESIAN_POINT('Ctrl Pts',(55.2124409546881,50.4768407314106,388.243235145961));
#2350=CARTESIAN_POINT('Ctrl Pts',(56.3112443899173,50.4560839252921,388.834356903038));
#2351=CARTESIAN_POINT('Ctrl Pts',(57.1390585573629,50.3998460367513,389.));
#2352=CARTESIAN_POINT('Ctrl Pts',(57.519682984614,50.3612251282053,389.));
#2353=CARTESIAN_POINT('Ctrl Pts',(54.795239134345,50.9315682344237,387.703029233326));
#2354=CARTESIAN_POINT('Ctrl Pts',(54.9910112796135,50.9219721929775,387.928257418055));
#2355=CARTESIAN_POINT('Ctrl Pts',(55.4361323328318,50.9072777391724,388.331009273346));
#2356=CARTESIAN_POINT('Ctrl Pts',(56.5072012304635,50.8927738206833,388.868540950014));
#2357=CARTESIAN_POINT('Ctrl Pts',(57.24323491359,50.7981886164813,389.));
#2358=CARTESIAN_POINT('Ctrl Pts',(57.5970517195301,50.735264874461,389.));
#2359=CARTESIAN_POINT('Ctrl Pts',(55.0886280338054,51.4032294303736,387.836257820746));
#2360=CARTESIAN_POINT('Ctrl Pts',(55.2843031648433,51.3924520391581,388.042683488269));
#2361=CARTESIAN_POINT('Ctrl Pts',(55.7376310600179,51.3760085869456,388.419899468473));
#2362=CARTESIAN_POINT('Ctrl Pts',(56.7493596692358,51.3253582594491,388.897146097294));
#2363=CARTESIAN_POINT('Ctrl Pts',(57.3936985088589,51.1725759044998,389.));
#2364=CARTESIAN_POINT('Ctrl Pts',(57.7210344680421,51.0821224949823,389.));
#2365=CARTESIAN_POINT('Ctrl Pts',(55.4792975076728,51.9494367281567,387.957122068328));
#2366=CARTESIAN_POINT('Ctrl Pts',(55.6731753152502,51.9302504233659,388.149917242729));
#2367=CARTESIAN_POINT('Ctrl Pts',(56.1262927946958,51.890621303481,388.504994628205));
#2368=CARTESIAN_POINT('Ctrl Pts',(57.0272217020085,51.746629771991,388.914736278392));
#2369=CARTESIAN_POINT('Ctrl Pts',(57.5884578197197,51.5237618133407,389.));
#2370=CARTESIAN_POINT('Ctrl Pts',(57.8858993662075,51.4026178843539,389.));
#2371=CARTESIAN_POINT('Ctrl Pts',(55.9728255308897,52.5633799220912,388.058422024561));
#2372=CARTESIAN_POINT('Ctrl Pts',(56.1530010911815,52.5160176435641,388.240327437529));
#2373=CARTESIAN_POINT('Ctrl Pts',(56.5693163859519,52.4042690190376,388.571436125767));
#2374=CARTESIAN_POINT('Ctrl Pts',(57.3139827017376,52.1129530818041,388.920095393644));
#2375=CARTESIAN_POINT('Ctrl Pts',(57.8115511033632,51.8268782584869,389.));
#2376=CARTESIAN_POINT('Ctrl Pts',(58.0758941603911,51.6782455321079,389.));
#2377=CARTESIAN_POINT('Ctrl Pts',(56.5092738343987,53.1518028612464,388.115789326852));
#2378=CARTESIAN_POINT('Ctrl Pts',(56.6617023988118,53.0595300607392,388.291569308559));
#2379=CARTESIAN_POINT('Ctrl Pts',(57.0115361947678,52.8469341846445,388.606995619149));
#2380=CARTESIAN_POINT('Ctrl Pts',(57.6176477733786,52.4237942915947,388.921219738754));
#2381=CARTESIAN_POINT('Ctrl Pts',(58.0644293169147,52.0959934506525,389.));
#2382=CARTESIAN_POINT('Ctrl Pts',(58.2911606857285,51.9265809351964,389.));
#2383=CARTESIAN_POINT('Ctrl Pts',(56.8341459540533,53.4701849233744,388.12132034356));
#2384=CARTESIAN_POINT('Ctrl Pts',(56.9726159936556,53.3530888939347,388.30203284402));
#2385=CARTESIAN_POINT('Ctrl Pts',(57.2860710432808,53.0854908160273,388.620064271957));
#2386=CARTESIAN_POINT('Ctrl Pts',(57.8375112978023,52.6045993222099,388.927783137698));
#2387=CARTESIAN_POINT('Ctrl Pts',(58.2335532554271,52.2486477135196,389.));
#2388=CARTESIAN_POINT('Ctrl Pts',(58.4326974547891,52.0687364241103,389.));
#2389=CARTESIAN_POINT('Ctrl Pts',(57.0023720904537,53.6384110597748,388.12132034356));
#2390=CARTESIAN_POINT('Ctrl Pts',(57.1332717843533,53.5075113658752,388.306440465983));
#2391=CARTESIAN_POINT('Ctrl Pts',(57.4295242193494,53.2112589308792,388.627922055005));
#2392=CARTESIAN_POINT('Ctrl Pts',(57.9470290677907,52.6937540824379,388.931069376628));
#2393=CARTESIAN_POINT('Ctrl Pts',(58.3172519680304,52.3235311821981,389.));
#2394=CARTESIAN_POINT('Ctrl Pts',(58.5023720904537,52.1384110597748,389.));
#2395=CARTESIAN_POINT('',(57.0023720904537,53.6384110597748,388.12132034356));
#2396=CARTESIAN_POINT('Ctrl Pts',(54.4205239496945,50.1202133153677,387.38758174756));
#2397=CARTESIAN_POINT('Ctrl Pts',(54.4668435096671,50.2478458214912,387.446447682615));
#2398=CARTESIAN_POINT('Ctrl Pts',(54.5753454784193,50.5086761526393,387.55621056093));
#2399=CARTESIAN_POINT('Ctrl Pts',(54.795239134345,50.9315682344237,387.703029233325));
#2400=CARTESIAN_POINT('Ctrl Pts',(55.0886280338054,51.4032294303736,387.836257820746));
#2401=CARTESIAN_POINT('Ctrl Pts',(55.4792975076728,51.9494367281567,387.957122068328));
#2402=CARTESIAN_POINT('Ctrl Pts',(55.9728255308897,52.5633799220912,388.058422024561));
#2403=CARTESIAN_POINT('Ctrl Pts',(56.5092738343987,53.1518028612464,388.115789326852));
#2404=CARTESIAN_POINT('Ctrl Pts',(56.8341459540533,53.4701849233744,388.12132034356));
#2405=CARTESIAN_POINT('Ctrl Pts',(57.0023720904537,53.6384110597748,388.12132034356));
#2406=CARTESIAN_POINT('',(58.5023720904537,52.1384110597748,389.));
#2407=CARTESIAN_POINT('Origin',(58.5023720904537,52.1384110597748,386.));
#2408=CARTESIAN_POINT('Ctrl Pts',(58.5023720904537,52.1384110597748,389.));
#2409=CARTESIAN_POINT('Ctrl Pts',(58.4867740760634,52.1228130453845,389.));
#2410=CARTESIAN_POINT('Ctrl Pts',(58.47117308414,52.1072112549842,389.));
#2411=CARTESIAN_POINT('Ctrl Pts',(58.4555207120251,52.0914850852885,389.));
#2412=CARTESIAN_POINT('Ctrl Pts',(58.4390744991039,52.0749613319972,389.));
#2413=CARTESIAN_POINT('Ctrl Pts',(58.4225717469617,52.0583004630729,389.));
#2414=CARTESIAN_POINT('Ctrl Pts',(58.4059942846736,52.0414110352954,389.));
#2415=CARTESIAN_POINT('Ctrl Pts',(58.3882982605659,52.023381995873,389.));
#2416=CARTESIAN_POINT('Ctrl Pts',(58.3705173581478,52.0050927808267,389.));
#2417=CARTESIAN_POINT('Ctrl Pts',(58.3526683985583,51.9864825595259,389.));
#2418=CARTESIAN_POINT('Ctrl Pts',(58.3330245508056,51.9660008977211,389.));
#2419=CARTESIAN_POINT('Ctrl Pts',(58.3132986758166,51.9451308318935,389.));
#2420=CARTESIAN_POINT('Ctrl Pts',(58.2935539406188,51.9238454609997,389.));
#2421=CARTESIAN_POINT('Ctrl Pts',(58.2702737206296,51.8987487396713,389.));
#2422=CARTESIAN_POINT('Ctrl Pts',(58.2469682964364,51.8730756437091,389.));
#2423=CARTESIAN_POINT('Ctrl Pts',(58.2237849881332,51.8468444428015,389.));
#2424=CARTESIAN_POINT('Ctrl Pts',(58.1984920018823,51.8182262061277,389.));
#2425=CARTESIAN_POINT('Ctrl Pts',(58.1733478814059,51.7889476951606,389.));
#2426=CARTESIAN_POINT('Ctrl Pts',(58.1485544679955,51.7590595658184,389.));
#2427=CARTESIAN_POINT('Ctrl Pts',(58.1281048658786,51.7344078430826,389.));
#2428=CARTESIAN_POINT('Ctrl Pts',(58.1078951531481,51.7093432397146,389.));
#2429=CARTESIAN_POINT('Ctrl Pts',(58.0880147509228,51.6838731369658,389.));
#2430=CARTESIAN_POINT('Ctrl Pts',(58.0705803023003,51.6615367077147,389.));
#2431=CARTESIAN_POINT('Ctrl Pts',(58.0533994450705,51.6388889178285,389.));
#2432=CARTESIAN_POINT('Ctrl Pts',(58.0365033750908,51.6159040924415,389.));
#2433=CARTESIAN_POINT('Ctrl Pts',(58.0187104897164,51.591699270613,389.));
#2434=CARTESIAN_POINT('Ctrl Pts',(58.0012341892379,51.5671214272327,389.));
#2435=CARTESIAN_POINT('Ctrl Pts',(57.9840646948186,51.5420903321363,389.));
#2436=CARTESIAN_POINT('Ctrl Pts',(57.9673474114246,51.5177185073074,389.));
#2437=CARTESIAN_POINT('Ctrl Pts',(57.9509168636406,51.492911333147,389.));
#2438=CARTESIAN_POINT('Ctrl Pts',(57.9347719525781,51.4676215152454,389.));
#2439=CARTESIAN_POINT('Ctrl Pts',(57.9167567974686,51.4394020973482,389.));
#2440=CARTESIAN_POINT('Ctrl Pts',(57.8990973373577,51.4105817926679,389.));
#2441=CARTESIAN_POINT('Ctrl Pts',(57.8818217664311,51.3811553653959,389.));
#2442=CARTESIAN_POINT('Ctrl Pts',(57.8622665300181,51.3478458588944,389.));
#2443=CARTESIAN_POINT('Ctrl Pts',(57.8432035655528,51.3137603823087,389.));
#2444=CARTESIAN_POINT('Ctrl Pts',(57.8247067950066,51.2789597723508,389.));
#2445=CARTESIAN_POINT('Ctrl Pts',(57.798720374776,51.2300678172717,389.));
#2446=CARTESIAN_POINT('Ctrl Pts',(57.7738532978275,51.1797671919994,389.));
#2447=CARTESIAN_POINT('Ctrl Pts',(57.7503608292131,51.1283385524852,389.));
#2448=CARTESIAN_POINT('Ctrl Pts',(57.732388403932,51.0889941397651,389.));
#2449=CARTESIAN_POINT('Ctrl Pts',(57.7152226671698,51.0489941033865,389.));
#2450=CARTESIAN_POINT('Ctrl Pts',(57.6989675723136,51.0084501934141,389.));
#2451=CARTESIAN_POINT('Ctrl Pts',(57.6853693097024,50.9745330283673,389.));
#2452=CARTESIAN_POINT('Ctrl Pts',(57.6724086493063,50.9402359591925,389.));
#2453=CARTESIAN_POINT('Ctrl Pts',(57.660126828724,50.905588986538,389.));
#2454=CARTESIAN_POINT('Ctrl Pts',(57.6488625228996,50.8738124194357,389.));
#2455=CARTESIAN_POINT('Ctrl Pts',(57.6381694469024,50.84174196599,389.));
#2456=CARTESIAN_POINT('Ctrl Pts',(57.6280579287734,50.8093607436144,389.));
#2457=CARTESIAN_POINT('Ctrl Pts',(57.6170951326028,50.7742533802957,389.));
#2458=CARTESIAN_POINT('Ctrl Pts',(57.6068131126011,50.7387719940247,389.));
#2459=CARTESIAN_POINT('Ctrl Pts',(57.597207044953,50.702878160308,389.));
#2460=CARTESIAN_POINT('Ctrl Pts',(57.5870890705784,50.6650715465037,389.));
#2461=CARTESIAN_POINT('Ctrl Pts',(57.5777210496528,50.6268077886697,389.));
#2462=CARTESIAN_POINT('Ctrl Pts',(57.5691059354542,50.5881045122202,389.));
#2463=CARTESIAN_POINT('Ctrl Pts',(57.559723731043,50.5459550940394,389.));
#2464=CARTESIAN_POINT('Ctrl Pts',(57.55123456863,50.5032850732021,389.));
#2465=CARTESIAN_POINT('Ctrl Pts',(57.5436511262552,50.4601808804981,389.));
#2466=CARTESIAN_POINT('Ctrl Pts',(57.5344236921508,50.4077322591287,389.));
#2467=CARTESIAN_POINT('Ctrl Pts',(57.5265373900209,50.3546420060042,389.));
#2468=CARTESIAN_POINT('Ctrl Pts',(57.5200261235007,50.3011440643974,389.));
#2469=CARTESIAN_POINT('Ctrl Pts',(57.5133502729767,50.246293865837,389.));
#2470=CARTESIAN_POINT('Ctrl Pts',(57.5081205260718,50.1910200952624,389.));
#2471=CARTESIAN_POINT('Ctrl Pts',(57.5043767997605,50.1355960162688,389.));
#2472=CARTESIAN_POINT('Ctrl Pts',(57.5011741908321,50.0881829215389,389.));
#2473=CARTESIAN_POINT('Ctrl Pts',(57.4990593776285,50.0406620300297,389.));
#2474=CARTESIAN_POINT('Ctrl Pts',(57.4980534100193,49.9931732886592,389.));
#2475=CARTESIAN_POINT('Ctrl Pts',(57.497883440294,49.9851495230311,389.));
#2476=CARTESIAN_POINT('Ctrl Pts',(57.4977451102098,49.9771265556195,389.));
#2477=CARTESIAN_POINT('Ctrl Pts',(57.4976384999347,49.9691048987796,389.));
#2478=CARTESIAN_POINT('Ctrl Pts',(54.4205239496945,50.1202133153677,387.38758174756));
#2479=CARTESIAN_POINT('Ctrl Pts',(54.4668435096671,50.2478458214912,387.446447682615));
#2480=CARTESIAN_POINT('Ctrl Pts',(54.5753454784193,50.5086761526393,387.55621056093));
#2481=CARTESIAN_POINT('Ctrl Pts',(54.795239134345,50.9315682344237,387.703029233325));
#2482=CARTESIAN_POINT('Ctrl Pts',(55.0886280338054,51.4032294303736,387.836257820746));
#2483=CARTESIAN_POINT('Ctrl Pts',(55.4792975076728,51.9494367281567,387.957122068328));
#2484=CARTESIAN_POINT('Ctrl Pts',(55.9728255308897,52.5633799220912,388.058422024561));
#2485=CARTESIAN_POINT('Ctrl Pts',(56.5092738343987,53.1518028612464,388.115789326852));
#2486=CARTESIAN_POINT('Ctrl Pts',(56.8341459540533,53.4701849233744,388.12132034356));
#2487=CARTESIAN_POINT('Ctrl Pts',(57.0023720904537,53.6384110597748,388.12132034356));
#2488=CARTESIAN_POINT('Ctrl Pts',(54.3296356070804,50.4299262680326,387.239544860021));
#2489=CARTESIAN_POINT('Ctrl Pts',(54.384011285913,50.5476354523868,387.298270396518));
#2490=CARTESIAN_POINT('Ctrl Pts',(54.5067969235753,50.790591790752,387.408183119397));
#2491=CARTESIAN_POINT('Ctrl Pts',(54.7428103780525,51.1894525363255,387.554792982414));
#2492=CARTESIAN_POINT('Ctrl Pts',(55.0468383708885,51.6412075719155,387.685954662567));
#2493=CARTESIAN_POINT('Ctrl Pts',(55.4378859165175,52.1673837542972,387.801530971581));
#2494=CARTESIAN_POINT('Ctrl Pts',(55.9125081504107,52.7482395649177,387.893541007767));
#2495=CARTESIAN_POINT('Ctrl Pts',(56.4123648205238,53.2984924185202,387.941292200043));
#2496=CARTESIAN_POINT('Ctrl Pts',(56.7143677073843,53.6059727457475,387.940607843099));
#2497=CARTESIAN_POINT('Ctrl Pts',(56.8714723965541,53.7693107536744,387.936200221136));
#2498=CARTESIAN_POINT('Ctrl Pts',(54.2312864779072,50.9982441249798,386.911757313255));
#2499=CARTESIAN_POINT('Ctrl Pts',(54.2967984469848,51.1022162100403,386.971062950927));
#2500=CARTESIAN_POINT('Ctrl Pts',(54.4396822087203,51.3193166901831,387.081203899214));
#2501=CARTESIAN_POINT('Ctrl Pts',(54.7003862872638,51.6895862000922,387.223400632121));
#2502=CARTESIAN_POINT('Ctrl Pts',(55.0195012142841,52.1197537751308,387.343809499532));
#2503=CARTESIAN_POINT('Ctrl Pts',(55.4020399551615,52.6068931504099,387.441664187507));
#2504=CARTESIAN_POINT('Ctrl Pts',(55.8309725963384,53.1159938578992,387.511625338691));
#2505=CARTESIAN_POINT('Ctrl Pts',(56.2505417123057,53.5763954524707,387.540918542508));
#2506=CARTESIAN_POINT('Ctrl Pts',(56.5078740222463,53.8492434192576,387.529741236391));
#2507=CARTESIAN_POINT('Ctrl Pts',(56.64415058493,53.9966325652985,387.517236009679));
#2508=CARTESIAN_POINT('Ctrl Pts',(54.3794397766447,51.9920409208302,386.080036650236));
#2509=CARTESIAN_POINT('Ctrl Pts',(54.4550770382317,52.0816938157035,386.145320015634));
#2510=CARTESIAN_POINT('Ctrl Pts',(54.6147098242856,52.2702059521939,386.266326990783));
#2511=CARTESIAN_POINT('Ctrl Pts',(54.8819194763283,52.5802533456367,386.424642386023));
#2512=CARTESIAN_POINT('Ctrl Pts',(55.1760704587284,52.9107447160061,386.56322251296));
#2513=CARTESIAN_POINT('Ctrl Pts',(55.4889402513346,53.2467753901422,386.68121594303));
#2514=CARTESIAN_POINT('Ctrl Pts',(55.8039983346905,53.5693316581566,386.76958331778));
#2515=CARTESIAN_POINT('Ctrl Pts',(56.1105938886421,53.8776982097477,386.811927441697));
#2516=CARTESIAN_POINT('Ctrl Pts',(56.322320834656,54.0988704249973,386.799772456706));
#2517=CARTESIAN_POINT('Ctrl Pts',(56.4297930581118,54.2109900921167,386.785373634419));
#2518=CARTESIAN_POINT('Ctrl Pts',(54.6961469283347,52.5748265847751,385.421658769596));
#2519=CARTESIAN_POINT('Ctrl Pts',(54.7606603840736,52.639340040514,385.499768692995));
#2520=CARTESIAN_POINT('Ctrl Pts',(54.895483574525,52.7741632309654,385.647341350601));
#2521=CARTESIAN_POINT('Ctrl Pts',(55.1148680299147,52.993547686355,385.840889430261));
#2522=CARTESIAN_POINT('Ctrl Pts',(55.3499484739067,53.228628130347,386.003734099832));
#2523=CARTESIAN_POINT('Ctrl Pts',(55.597776350072,53.4764560065124,386.13181389888));
#2524=CARTESIAN_POINT('Ctrl Pts',(55.8543036066124,53.7329832630528,386.220530616341));
#2525=CARTESIAN_POINT('Ctrl Pts',(56.115805947521,53.9944856039614,386.266399618713));
#2526=CARTESIAN_POINT('Ctrl Pts',(56.2923397390934,54.1710193955338,386.268032706556));
#2527=CARTESIAN_POINT('Ctrl Pts',(56.3810517468941,54.2597314033345,386.261799387799));
#2528=CARTESIAN_POINT('Ctrl Pts',(54.896425921427,52.7751055778674,385.130326326491));
#2529=CARTESIAN_POINT('Ctrl Pts',(54.9519507974582,52.8306304538986,385.208850359223));
#2530=CARTESIAN_POINT('Ctrl Pts',(55.0692367946812,52.9479164511216,385.357078562437));
#2531=CARTESIAN_POINT('Ctrl Pts',(55.2616627610036,53.1403424174439,385.550166107454));
#2532=CARTESIAN_POINT('Ctrl Pts',(55.4681656558577,53.3468453122981,385.711570460807));
#2533=CARTESIAN_POINT('Ctrl Pts',(55.6861486364461,53.5648282928865,385.839261934469));
#2534=CARTESIAN_POINT('Ctrl Pts',(55.9128704104085,53.7915500668489,385.931634716555));
#2535=CARTESIAN_POINT('Ctrl Pts',(56.1454798885802,54.0241595450206,385.987527170433));
#2536=CARTESIAN_POINT('Ctrl Pts',(56.3025277141617,54.1812073706021,386.));
#2537=CARTESIAN_POINT('Ctrl Pts',(56.3810517468941,54.2597314033345,386.));
#2538=CARTESIAN_POINT('',(54.896425921427,52.7751055778674,385.130326326491));
#2539=CARTESIAN_POINT('Ctrl Pts',(54.4205239496945,50.1202133153677,387.38758174756));
#2540=CARTESIAN_POINT('Ctrl Pts',(54.3296356070804,50.4299262680326,387.239544860021));
#2541=CARTESIAN_POINT('Ctrl Pts',(54.2312864779072,50.9982441249798,386.911757313255));
#2542=CARTESIAN_POINT('Ctrl Pts',(54.3794397766447,51.9920409208302,386.080036650236));
#2543=CARTESIAN_POINT('Ctrl Pts',(54.6961469283347,52.5748265847751,385.421658769596));
#2544=CARTESIAN_POINT('Ctrl Pts',(54.896425921427,52.7751055778674,385.130326326491));
#2545=CARTESIAN_POINT('',(56.3810517468941,54.2597314033345,386.));
#2546=CARTESIAN_POINT('Origin',(56.3810517468941,54.2597314033345,383.030748349066));
#2547=CARTESIAN_POINT('Origin',(58.5023720904537,52.1384110597748,386.));
#2548=CARTESIAN_POINT('Ctrl Pts',(54.4205239496945,50.1202133153677,387.38758174756));
#2549=CARTESIAN_POINT('Ctrl Pts',(54.3296356070804,50.4299262680326,387.239544860021));
#2550=CARTESIAN_POINT('Ctrl Pts',(54.2312864779072,50.9982441249798,386.911757313255));
#2551=CARTESIAN_POINT('Ctrl Pts',(54.3794397766447,51.9920409208302,386.080036650236));
#2552=CARTESIAN_POINT('Ctrl Pts',(54.6961469283347,52.5748265847751,385.421658769596));
#2553=CARTESIAN_POINT('Ctrl Pts',(54.896425921427,52.7751055778674,385.130326326491));
#2554=CARTESIAN_POINT('Ctrl Pts',(54.3352522428873,50.1253149318149,387.265271432131));
#2555=CARTESIAN_POINT('Ctrl Pts',(54.2538615960419,50.4246501455314,387.117839038903));
#2556=CARTESIAN_POINT('Ctrl Pts',(54.1677742664074,50.9789213667714,386.789767061822));
#2557=CARTESIAN_POINT('Ctrl Pts',(54.3255702336799,51.9539175593654,385.9609668339));
#2558=CARTESIAN_POINT('Ctrl Pts',(54.641170567505,52.5198502239454,385.329675872717));
#2559=CARTESIAN_POINT('Ctrl Pts',(54.8409010453959,52.7195807018362,385.051802293759));
#2560=CARTESIAN_POINT('Ctrl Pts',(54.1762442405517,50.1346560987319,387.00513572665));
#2561=CARTESIAN_POINT('Ctrl Pts',(54.1113142241089,50.4154390051443,386.858453681098));
#2562=CARTESIAN_POINT('Ctrl Pts',(54.0480223449889,50.9445904461237,386.530101527793));
#2563=CARTESIAN_POINT('Ctrl Pts',(54.2243859743802,51.8843835860825,385.710453643633));
#2564=CARTESIAN_POINT('Ctrl Pts',(54.5373000160758,52.4159796725162,385.137624927334));
#2565=CARTESIAN_POINT('Ctrl Pts',(54.7360878777403,52.6147675341807,384.885934845809));
#2566=CARTESIAN_POINT('Ctrl Pts',(53.9640915511792,50.1461918043286,386.548566216885));
#2567=CARTESIAN_POINT('Ctrl Pts',(53.9189750256292,50.4051201634372,386.403709628603));
#2568=CARTESIAN_POINT('Ctrl Pts',(53.8869675636525,50.9059390637585,386.076907477443));
#2569=CARTESIAN_POINT('Ctrl Pts',(54.0897075585728,51.7953658673415,385.295006319141));
#2570=CARTESIAN_POINT('Ctrl Pts',(54.4010519039873,52.2797315604276,384.825603045606));
#2571=CARTESIAN_POINT('Ctrl Pts',(54.5995543652957,52.478234021736,384.613803434483));
#2572=CARTESIAN_POINT('Ctrl Pts',(53.7739020962904,50.1538672427885,386.000422879133));
#2573=CARTESIAN_POINT('Ctrl Pts',(53.7459004865739,50.3965219050809,385.86151798395));
#2574=CARTESIAN_POINT('Ctrl Pts',(53.7424971779394,50.880489948103,385.539160009292));
#2575=CARTESIAN_POINT('Ctrl Pts',(53.9727745739634,51.7163801062878,384.846281820887));
#2576=CARTESIAN_POINT('Ctrl Pts',(54.2863737356823,52.1650533921227,384.491688559397));
#2577=CARTESIAN_POINT('Ctrl Pts',(54.485424252527,52.3641039089674,384.321764239911));
#2578=CARTESIAN_POINT('Ctrl Pts',(53.6063844453646,50.1552198841934,385.331481403328));
#2579=CARTESIAN_POINT('Ctrl Pts',(53.5930882514073,50.3887879379244,385.205163147357));
#2580=CARTESIAN_POINT('Ctrl Pts',(53.6179521982802,50.8660136851876,384.911009136768));
#2581=CARTESIAN_POINT('Ctrl Pts',(53.8779375501686,51.6445352067935,384.383259976943));
#2582=CARTESIAN_POINT('Ctrl Pts',(54.1960745807825,52.0747542372228,384.140074341383));
#2583=CARTESIAN_POINT('Ctrl Pts',(54.3951327456008,52.2738124020411,384.013489752397));
#2584=CARTESIAN_POINT('Ctrl Pts',(53.4720404994276,50.1495684445328,384.534569517112));
#2585=CARTESIAN_POINT('Ctrl Pts',(53.4725807525188,50.380749429961,384.444504885135));
#2586=CARTESIAN_POINT('Ctrl Pts',(53.5275057190494,50.855921228117,384.238707713995));
#2587=CARTESIAN_POINT('Ctrl Pts',(53.8120316268336,51.5857552508692,383.929501021701));
#2588=CARTESIAN_POINT('Ctrl Pts',(54.133339095169,52.0120187516094,383.776500348987));
#2589=CARTESIAN_POINT('Ctrl Pts',(54.329815324991,52.2084949814314,383.692856744774));
#2590=CARTESIAN_POINT('Ctrl Pts',(53.4049375938318,50.1360281248871,383.731023768356));
#2591=CARTESIAN_POINT('Ctrl Pts',(53.4135895893761,50.3716876505632,383.695123638584));
#2592=CARTESIAN_POINT('Ctrl Pts',(53.4866008312005,50.8533209695405,383.610321000475));
#2593=CARTESIAN_POINT('Ctrl Pts',(53.7811595238093,51.5565955731883,383.493246547772));
#2594=CARTESIAN_POINT('Ctrl Pts',(54.1006207294556,51.9793003858959,383.40618638226));
#2595=CARTESIAN_POINT('Ctrl Pts',(54.290293391837,52.1689730482773,383.363897266007));
#2596=CARTESIAN_POINT('Ctrl Pts',(53.4041313169791,50.1283955498642,383.271228530232));
#2597=CARTESIAN_POINT('Ctrl Pts',(53.4114709665028,50.3741361438159,383.259516357055));
#2598=CARTESIAN_POINT('Ctrl Pts',(53.486968341346,50.8679094242127,383.232692910218));
#2599=CARTESIAN_POINT('Ctrl Pts',(53.7846748448625,51.5688826789567,383.18637708444));
#2600=CARTESIAN_POINT('Ctrl Pts',(54.0991513279656,51.977830984406,383.156310354506));
#2601=CARTESIAN_POINT('Ctrl Pts',(54.2814737694692,52.1601534259096,383.141798101128));
#2602=CARTESIAN_POINT('Ctrl Pts',(53.4041313169791,50.1283955498642,383.030748349066));
#2603=CARTESIAN_POINT('Ctrl Pts',(53.4116499823449,50.3801298168391,383.030748349066));
#2604=CARTESIAN_POINT('Ctrl Pts',(53.4904203911115,50.8816745849592,383.030748349066));
#2605=CARTESIAN_POINT('Ctrl Pts',(53.7923275216885,51.5808339481511,383.030748349066));
#2606=CARTESIAN_POINT('Ctrl Pts',(54.1033913847448,51.9820710411852,383.030748349066));
#2607=CARTESIAN_POINT('Ctrl Pts',(54.2814737694692,52.1601534259096,383.030748349066));
#2608=CARTESIAN_POINT('',(53.4041313169791,50.1283955498642,383.030748349066));
#2609=CARTESIAN_POINT('Ctrl Pts',(54.4205239496945,50.1202133153677,387.38758174756));
#2610=CARTESIAN_POINT('Ctrl Pts',(54.3352522428873,50.1253149318149,387.265271432131));
#2611=CARTESIAN_POINT('Ctrl Pts',(54.1762442405517,50.1346560987319,387.00513572665));
#2612=CARTESIAN_POINT('Ctrl Pts',(53.9640915511792,50.1461918043286,386.548566216885));
#2613=CARTESIAN_POINT('Ctrl Pts',(53.7739020962904,50.1538672427885,386.000422879133));
#2614=CARTESIAN_POINT('Ctrl Pts',(53.6063844453646,50.1552198841934,385.331481403328));
#2615=CARTESIAN_POINT('Ctrl Pts',(53.4720404994276,50.1495684445328,384.534569517112));
#2616=CARTESIAN_POINT('Ctrl Pts',(53.4049375938318,50.1360281248871,383.731023768356));
#2617=CARTESIAN_POINT('Ctrl Pts',(53.4041313169791,50.1283955498642,383.271228530232));
#2618=CARTESIAN_POINT('Ctrl Pts',(53.4041313169791,50.1283955498642,383.030748349066));
#2619=CARTESIAN_POINT('',(54.2814737694692,52.1601534259096,383.030748349066));
#2620=CARTESIAN_POINT('Origin',(56.4027941130288,50.03883308235,383.030748349066));
#2621=CARTESIAN_POINT('Origin',(56.3810517468941,54.2597314033345,383.030748349066));
#2622=CARTESIAN_POINT('Ctrl Pts',(54.4205239496945,50.1202133153677,387.38758174756));
#2623=CARTESIAN_POINT('Ctrl Pts',(54.3352522428873,50.1253149318149,387.265271432131));
#2624=CARTESIAN_POINT('Ctrl Pts',(54.1762442405517,50.1346560987319,387.00513572665));
#2625=CARTESIAN_POINT('Ctrl Pts',(53.9640915511792,50.1461918043286,386.548566216885));
#2626=CARTESIAN_POINT('Ctrl Pts',(53.7739020962904,50.1538672427885,386.000422879133));
#2627=CARTESIAN_POINT('Ctrl Pts',(53.6063844453646,50.1552198841934,385.331481403328));
#2628=CARTESIAN_POINT('Ctrl Pts',(53.4720404994276,50.1495684445328,384.534569517112));
#2629=CARTESIAN_POINT('Ctrl Pts',(53.4049375938318,50.1360281248871,383.731023768356));
#2630=CARTESIAN_POINT('Ctrl Pts',(53.4041313169791,50.1283955498642,383.271228530232));
#2631=CARTESIAN_POINT('Ctrl Pts',(53.4041313169791,50.1283955498642,383.030748349066));
#2632=CARTESIAN_POINT('Ctrl Pts',(54.3124449764251,49.8224041344129,387.250227899097));
#2633=CARTESIAN_POINT('Ctrl Pts',(54.2361793868803,49.8366538162017,387.128691043608));
#2634=CARTESIAN_POINT('Ctrl Pts',(54.0926458604116,49.862335793971,386.869649028329));
#2635=CARTESIAN_POINT('Ctrl Pts',(53.8984368030247,49.8926913953702,386.41348677676));
#2636=CARTESIAN_POINT('Ctrl Pts',(53.7229825153913,49.9130994369389,385.866720214072));
#2637=CARTESIAN_POINT('Ctrl Pts',(53.5693077978153,49.9207432435897,385.20619106228));
#2638=CARTESIAN_POINT('Ctrl Pts',(53.4503035678471,49.9158569318807,384.439577739804));
#2639=CARTESIAN_POINT('Ctrl Pts',(53.3959731290159,49.8987103770353,383.688779025881));
#2640=CARTESIAN_POINT('Ctrl Pts',(53.3967916674554,49.8826549559125,383.25622068328));
#2641=CARTESIAN_POINT('Ctrl Pts',(53.3966126516134,49.8766612828892,383.030748349066));
#2642=CARTESIAN_POINT('Ctrl Pts',(54.1778846645334,49.2679098725501,386.946032906735));
#2643=CARTESIAN_POINT('Ctrl Pts',(54.1127155432712,49.2948455641493,386.824142165205));
#2644=CARTESIAN_POINT('Ctrl Pts',(53.9892601666437,49.3427397705617,386.563314913811));
#2645=CARTESIAN_POINT('Ctrl Pts',(53.8208481787729,49.396309802368,386.100631412534));
#2646=CARTESIAN_POINT('Ctrl Pts',(53.6702547534839,49.429270952186,385.550084738641));
#2647=CARTESIAN_POINT('Ctrl Pts',(53.5455081063897,49.4402856472769,384.908782281845));
#2648=CARTESIAN_POINT('Ctrl Pts',(53.4616805865777,49.434578738442,384.220880699755));
#2649=CARTESIAN_POINT('Ctrl Pts',(53.4351408132849,49.4119665757136,383.591784098213));
#2650=CARTESIAN_POINT('Ctrl Pts',(53.4426852375045,49.385256035256,383.223819319418));
#2651=CARTESIAN_POINT('Ctrl Pts',(53.4453096056876,49.371309387286,383.030748349066));
#2652=CARTESIAN_POINT('Ctrl Pts',(54.2239097335889,48.2698919191475,386.158364418978));
#2653=CARTESIAN_POINT('Ctrl Pts',(54.1672059952904,48.3162998689219,386.034301521444));
#2654=CARTESIAN_POINT('Ctrl Pts',(54.0610516486945,48.4002977594532,385.771220620859));
#2655=CARTESIAN_POINT('Ctrl Pts',(53.9221888999386,48.5050009215655,385.327311911394));
#2656=CARTESIAN_POINT('Ctrl Pts',(53.8095722281679,48.5885265909085,384.84974493429));
#2657=CARTESIAN_POINT('Ctrl Pts',(53.7305858683074,48.650639797235,384.36124570425));
#2658=CARTESIAN_POINT('Ctrl Pts',(53.6888832113195,48.689049586897,383.893377790266));
#2659=CARTESIAN_POINT('Ctrl Pts',(53.6848439426403,48.6918107811258,383.461697368308));
#2660=CARTESIAN_POINT('Ctrl Pts',(53.6980257930763,48.6677646647276,383.173450637798));
#2661=CARTESIAN_POINT('Ctrl Pts',(53.7049515566561,48.6553779744192,383.030748349066));
#2662=CARTESIAN_POINT('Ctrl Pts',(54.4890795779623,47.6736815301586,385.508580903039));
#2663=CARTESIAN_POINT('Ctrl Pts',(54.4329908254227,47.7377818947252,385.409363401979));
#2664=CARTESIAN_POINT('Ctrl Pts',(54.3284927759192,47.8567562222465,385.200074458703));
#2665=CARTESIAN_POINT('Ctrl Pts',(54.1956483742839,48.0070901371886,384.853729321633));
#2666=CARTESIAN_POINT('Ctrl Pts',(54.0933016678421,48.1223466421562,384.490651994486));
#2667=CARTESIAN_POINT('Ctrl Pts',(54.0239687176546,48.2001410089964,384.114497966831));
#2668=CARTESIAN_POINT('Ctrl Pts',(53.9871022153274,48.2413917144756,383.740743879174));
#2669=CARTESIAN_POINT('Ctrl Pts',(53.9800660336115,48.2491968411467,383.376078802764));
#2670=CARTESIAN_POINT('Ctrl Pts',(53.9875349797737,48.2407768361276,383.144568851177));
#2671=CARTESIAN_POINT('Ctrl Pts',(53.9915144246902,48.236291283638,383.030748349066));
#2672=CARTESIAN_POINT('Ctrl Pts',(54.6741484413058,47.4604834806606,385.217989976907));
#2673=CARTESIAN_POINT('Ctrl Pts',(54.6175612598382,47.5256715220065,385.131823246475));
#2674=CARTESIAN_POINT('Ctrl Pts',(54.5125057269872,47.64622663766,384.947578916474));
#2675=CARTESIAN_POINT('Ctrl Pts',(54.3805746599556,47.7966879766172,384.63978328369));
#2676=CARTESIAN_POINT('Ctrl Pts',(54.2805992066136,47.9101423684991,384.318959974871));
#2677=CARTESIAN_POINT('Ctrl Pts',(54.2123964565135,47.9872701836961,383.986457368429));
#2678=CARTESIAN_POINT('Ctrl Pts',(54.1734160031386,48.0312546015847,383.657830539779));
#2679=CARTESIAN_POINT('Ctrl Pts',(54.1589147191126,48.0476008913217,383.334798452993));
#2680=CARTESIAN_POINT('Ctrl Pts',(54.1586511111842,48.0478980790734,383.130724749499));
#2681=CARTESIAN_POINT('Ctrl Pts',(54.1586511111842,48.0478980790735,383.030748349066));
#2682=CARTESIAN_POINT('',(54.6741484413058,47.4604834806606,385.217989976907));
#2683=CARTESIAN_POINT('Ctrl Pts',(54.4205239465472,50.120213315556,387.387581743046));
#2684=CARTESIAN_POINT('Ctrl Pts',(54.3124449736102,49.8224041349388,387.250227894611));
#2685=CARTESIAN_POINT('Ctrl Pts',(54.1778846621281,49.2679098735443,386.946032902236));
#2686=CARTESIAN_POINT('Ctrl Pts',(54.223909731496,48.2698919208604,386.158364414399));
#2687=CARTESIAN_POINT('Ctrl Pts',(54.4890795758921,47.6736815325245,385.508580899377));
#2688=CARTESIAN_POINT('Ctrl Pts',(54.6741484392172,47.4604834830668,385.217989973726));
#2689=CARTESIAN_POINT('',(54.1586511111842,48.0478980790734,383.030748349066));
#2690=CARTESIAN_POINT('Ctrl Pts',(54.6741484413058,47.4604834806606,385.217989976906));
#2691=CARTESIAN_POINT('Ctrl Pts',(54.6541547599174,47.4835160632208,385.18754509328));
#2692=CARTESIAN_POINT('Ctrl Pts',(54.6346764453496,47.5059255698446,385.156384267901));
#2693=CARTESIAN_POINT('Ctrl Pts',(54.6157124062464,47.5277177903399,385.124500271649));
#2694=CARTESIAN_POINT('Ctrl Pts',(54.5979182690635,47.5481656368614,385.094583216524));
#2695=CARTESIAN_POINT('Ctrl Pts',(54.5805737798647,47.56807360026,385.064024886211));
#2696=CARTESIAN_POINT('Ctrl Pts',(54.5636855314309,47.587437640906,385.032851064124));
#2697=CARTESIAN_POINT('Ctrl Pts',(54.5449639963901,47.6089037252609,384.998293199532));
#2698=CARTESIAN_POINT('Ctrl Pts',(54.5268033775431,47.6297010911455,384.962979517136));
#2699=CARTESIAN_POINT('Ctrl Pts',(54.5092343803231,47.6497992364187,384.927000361907));
#2700=CARTESIAN_POINT('Ctrl Pts',(54.4851346330951,47.6773682669542,384.877647030261));
#2701=CARTESIAN_POINT('Ctrl Pts',(54.4621487211358,47.7036208896911,384.827042618927));
#2702=CARTESIAN_POINT('Ctrl Pts',(54.4403909450602,47.7284384172477,384.775513918151));
#2703=CARTESIAN_POINT('Ctrl Pts',(54.4222831331325,47.7490926936749,384.732629387154));
#2704=CARTESIAN_POINT('Ctrl Pts',(54.4050277335358,47.7687509792518,384.689109062761));
#2705=CARTESIAN_POINT('Ctrl Pts',(54.3886883616818,47.7873474708093,384.645141941697));
#2706=CARTESIAN_POINT('Ctrl Pts',(54.3750304783252,47.8028920532328,384.608390356851));
#2707=CARTESIAN_POINT('Ctrl Pts',(54.3620129776909,47.8176943671549,384.571327501823));
#2708=CARTESIAN_POINT('Ctrl Pts',(54.3496606411634,47.8317299309818,384.53403736533));
#2709=CARTESIAN_POINT('Ctrl Pts',(54.3383610052629,47.8445693448488,384.499925198445));
#2710=CARTESIAN_POINT('Ctrl Pts',(54.327618179619,47.8567669204802,384.465623312443));
#2711=CARTESIAN_POINT('Ctrl Pts',(54.3174364235191,47.8683204256945,384.431163169021));
#2712=CARTESIAN_POINT('Ctrl Pts',(54.3076449137003,47.8794311082366,384.398023813749));
#2713=CARTESIAN_POINT('Ctrl Pts',(54.2983724929994,47.8899459197013,384.364738591222));
#2714=CARTESIAN_POINT('Ctrl Pts',(54.2896058377231,47.8998820247469,384.331296703824));
#2715=CARTESIAN_POINT('Ctrl Pts',(54.2814940063589,47.909075954017,384.300352752849));
#2716=CARTESIAN_POINT('Ctrl Pts',(54.2738131687722,47.9177767075934,384.269266574288));
#2717=CARTESIAN_POINT('Ctrl Pts',(54.2665473303099,47.92600380636,384.238035679972));
#2718=CARTESIAN_POINT('Ctrl Pts',(54.2582961095516,47.9353466521274,384.20256929783));
#2719=CARTESIAN_POINT('Ctrl Pts',(54.2505802493863,47.944078472579,384.166917091569));
#2720=CARTESIAN_POINT('Ctrl Pts',(54.2433861878534,47.9522163708353,384.13115079131));
#2721=CARTESIAN_POINT('Ctrl Pts',(54.233860189292,47.96299214843,384.083790934398));
#2722=CARTESIAN_POINT('Ctrl Pts',(54.2252499348203,47.9727256374327,384.036234806678));
#2723=CARTESIAN_POINT('Ctrl Pts',(54.2175332711198,47.981445226202,383.988745160185));
#2724=CARTESIAN_POINT('Ctrl Pts',(54.2113883259703,47.9883888221383,383.950928134046));
#2725=CARTESIAN_POINT('Ctrl Pts',(54.2058106155668,47.9946888000358,383.913157760961));
#2726=CARTESIAN_POINT('Ctrl Pts',(54.2007831262248,48.0003657121896,383.875549343534));
#2727=CARTESIAN_POINT('Ctrl Pts',(54.1965613841712,48.0051327951496,383.843968364119));
#2728=CARTESIAN_POINT('Ctrl Pts',(54.1927277041802,48.0094604349489,383.812502348017));
#2729=CARTESIAN_POINT('Ctrl Pts',(54.1892643193269,48.0133693103299,383.781180505756));
#2730=CARTESIAN_POINT('Ctrl Pts',(54.1861231001543,48.0169145802926,383.752772235929));
#2731=CARTESIAN_POINT('Ctrl Pts',(54.1832865321344,48.0201153204461,383.724482932078));
#2732=CARTESIAN_POINT('Ctrl Pts',(54.1807337001896,48.022995488715,383.69629228122));
#2733=CARTESIAN_POINT('Ctrl Pts',(54.1781405987857,48.0259210899856,383.667656939022));
#2734=CARTESIAN_POINT('Ctrl Pts',(54.1758399214795,48.02851630274,383.639118379116));
#2735=CARTESIAN_POINT('Ctrl Pts',(54.1738015888786,48.0308153315016,383.610621200233));
#2736=CARTESIAN_POINT('Ctrl Pts',(54.1717180757502,48.0331653192345,383.581492369001));
#2737=CARTESIAN_POINT('Ctrl Pts',(54.1699085602719,48.0352059655513,383.552406227988));
#2738=CARTESIAN_POINT('Ctrl Pts',(54.1683410904331,48.0369735049004,383.523374665987));
#2739=CARTESIAN_POINT('Ctrl Pts',(54.1664600396597,48.0390946501863,383.488535180849));
#2740=CARTESIAN_POINT('Ctrl Pts',(54.1649277747836,48.0408222519513,383.453776142542));
#2741=CARTESIAN_POINT('Ctrl Pts',(54.1636879354694,48.0422200697375,383.419204325189));
#2742=CARTESIAN_POINT('Ctrl Pts',(54.1624873742268,48.043573604699,383.385727741954));
#2743=CARTESIAN_POINT('Ctrl Pts',(54.1615611870082,48.0446177102176,383.352431707186));
#2744=CARTESIAN_POINT('Ctrl Pts',(54.1608542039224,48.0454146813353,383.319427801042));
#2745=CARTESIAN_POINT('Ctrl Pts',(54.1602678969576,48.0460756161248,383.292057386636));
#2746=CARTESIAN_POINT('Ctrl Pts',(54.1598323302872,48.0465666014483,383.26488940292));
#2747=CARTESIAN_POINT('Ctrl Pts',(54.1595125208318,48.0469270974312,383.237959834826));
#2748=CARTESIAN_POINT('Ctrl Pts',(54.1592183626844,48.047258678717,383.213190236163));
#2749=CARTESIAN_POINT('Ctrl Pts',(54.1590221469302,48.0474798519754,383.18862313431));
#2750=CARTESIAN_POINT('Ctrl Pts',(54.1588933786192,48.0476249985715,383.164246419625));
#2751=CARTESIAN_POINT('Ctrl Pts',(54.1587745433433,48.0477589487312,383.141750095839));
#2752=CARTESIAN_POINT('Ctrl Pts',(54.1587131484495,48.0478281518128,383.1194162396));
#2753=CARTESIAN_POINT('Ctrl Pts',(54.1586822819417,48.0478629439822,383.09719252385));
#2754=CARTESIAN_POINT('Ctrl Pts',(54.1586514154339,48.0478977361517,383.074968808101));
#2755=CARTESIAN_POINT('Ctrl Pts',(54.1586511111842,48.0478980790734,383.052856043282));
#2756=CARTESIAN_POINT('Ctrl Pts',(54.1586511111842,48.0478980790734,383.030748349066));
#2757=CARTESIAN_POINT('Origin',(56.4027941130288,50.03883308235,383.030748349066));
#2758=CARTESIAN_POINT('Origin',(140.58449416632,20.,390.5));
#2759=CARTESIAN_POINT('',(135.634335921027,19.2957746478873,392.));
#2760=CARTESIAN_POINT('',(140.58449416632,15.,392.000005796552));
#2761=CARTESIAN_POINT('Origin',(140.58449416632,20.,392.));
#2762=CARTESIAN_POINT('',(140.58449416632,15.,389.000005796552));
#2763=CARTESIAN_POINT('',(140.58449416632,15.,390.5));
#2764=CARTESIAN_POINT('',(135.634335921027,19.2957746478873,389.));
#2765=CARTESIAN_POINT('Origin',(140.58449416632,20.,389.));
#2766=CARTESIAN_POINT('',(135.634335921027,19.2957746478873,390.5));
#2767=CARTESIAN_POINT('Origin',(142.000002190471,15.,390.500005796552));
#2768=CARTESIAN_POINT('',(147.000002190471,15.,392.000005796552));
#2769=CARTESIAN_POINT('',(142.000002190471,15.,392.000005796552));
#2770=CARTESIAN_POINT('',(147.000002190471,15.,389.000005796552));
#2771=CARTESIAN_POINT('',(147.000002190471,15.,390.500005796552));
#2772=CARTESIAN_POINT('',(142.000002190471,15.,389.000005796552));
#2773=CARTESIAN_POINT('Origin',(113.550384778416,85.2661135309544,390.5));
#2774=CARTESIAN_POINT('',(110.014850872484,88.8016474368871,392.));
#2775=CARTESIAN_POINT('',(109.552131793261,82.2637855897236,392.));
#2776=CARTESIAN_POINT('Origin',(113.550384778416,85.2661135309544,392.));
#2777=CARTESIAN_POINT('',(109.552131793261,82.2637855897236,389.));
#2778=CARTESIAN_POINT('',(109.552131793261,82.2637855897236,390.5));
#2779=CARTESIAN_POINT('',(110.014850872484,88.8016474368871,389.));
#2780=CARTESIAN_POINT('Origin',(113.550384778416,85.2661135309544,389.));
#2781=CARTESIAN_POINT('',(110.014850872484,88.8016474368871,390.5));
#2782=CARTESIAN_POINT('Origin',(0.,-1.60982338570648E-14,390.5));
#2783=CARTESIAN_POINT('Origin',(0.,-1.60982338570648E-14,389.));
#2784=CARTESIAN_POINT('Origin',(0.,-1.60982338570648E-14,392.));
#2785=CARTESIAN_POINT('Origin',(129.400540957138,108.187337521542,367.));
#2786=CARTESIAN_POINT('',(196.57568516986,175.362481734264,389.));
#2787=CARTESIAN_POINT('',(129.400540957138,108.187337521542,389.));
#2788=CARTESIAN_POINT('',(198.69700551342,177.483802077823,386.));
#2789=CARTESIAN_POINT('Origin',(196.57568516986,175.362481734264,386.));
#2790=CARTESIAN_POINT('',(198.69700551342,177.483802077823,376.631578947368));
#2791=CARTESIAN_POINT('',(198.69700551342,177.483802077823,365.25));
#2792=CARTESIAN_POINT('',(200.111219075793,178.898015640197,377.));
#2793=CARTESIAN_POINT('',(131.698756399675,110.485552964079,359.177662424648));
#2794=CARTESIAN_POINT('',(200.111219075793,178.898015640197,392.));
#2795=CARTESIAN_POINT('',(200.111219075793,178.898015640197,367.));
#2796=CARTESIAN_POINT('',(129.400540957138,108.187337521542,392.));
#2797=CARTESIAN_POINT('Origin',(147.000002190471,7.5,390.500005796552));
#2798=CARTESIAN_POINT('',(147.000002190471,0.,392.000005796552));
#2799=CARTESIAN_POINT('',(147.000002190471,7.5,392.000005796552));
#2800=CARTESIAN_POINT('',(147.000002190471,0.,389.000005796552));
#2801=CARTESIAN_POINT('',(147.000002190471,0.,390.500005796552));
#2802=CARTESIAN_POINT('',(147.000002190471,7.5,389.000005796552));
#2803=CARTESIAN_POINT('Origin',(118.79393923934,118.79393923934,389.));
#2804=CARTESIAN_POINT('',(75.4,-1.60982338570648E-14,389.));
#2805=CARTESIAN_POINT('',(95.,-1.60982338570648E-14,389.));
#2806=CARTESIAN_POINT('Origin',(0.,0.,389.));
#2807=CARTESIAN_POINT('',(121.975919754679,115.611958724001,389.));
#2808=CARTESIAN_POINT('',(188.885898924456,183.052267979668,389.));
#2809=CARTESIAN_POINT('',(95.,15.,389.));
#2810=CARTESIAN_POINT('Origin',(95.,40.,389.));
#2811=CARTESIAN_POINT('Origin',(0.,0.,367.));
#2812=CARTESIAN_POINT('',(73.0000010356156,0.,392.));
#2813=CARTESIAN_POINT('',(0.,0.,392.));
#2814=CARTESIAN_POINT('',(73.0000010356156,0.,387.80000138082));
#2815=CARTESIAN_POINT('',(73.0000010356156,0.,367.));
#2816=CARTESIAN_POINT('Origin',(75.4,0.,386.));
#2817=CARTESIAN_POINT('Origin',(73.0000010356156,-7.47370929032876E-9,367.));
#2818=CARTESIAN_POINT('',(73.0000010356156,0.999999992526291,387.809097348741));
#2819=CARTESIAN_POINT('Ctrl Pts',(73.0000010356156,2.77555756156289E-16,
387.80000138082));
#2820=CARTESIAN_POINT('Ctrl Pts',(73.0000010356156,0.328316481039322,387.80000138082));
#2821=CARTESIAN_POINT('Ctrl Pts',(73.0000010356156,0.661955931595157,387.802972185403));
#2822=CARTESIAN_POINT('Ctrl Pts',(73.0000010356156,0.999999992526291,387.809097348741));
#2823=CARTESIAN_POINT('',(73.0000010356156,0.999999992526291,392.));
#2824=CARTESIAN_POINT('',(73.0000010356156,59.3969696159331,392.));
#2825=CARTESIAN_POINT('',(73.0000010356156,0.999999992526291,367.));
#2826=CARTESIAN_POINT('Origin',(70.0000010356156,0.999999992526291,367.));
#2827=CARTESIAN_POINT('',(72.393093593346,0.999999992526291,386.));
#2828=CARTESIAN_POINT('',(72.393093593346,0.999999992526291,342.));
#2829=CARTESIAN_POINT('',(72.393093593346,0.999999992526291,367.));
#2830=CARTESIAN_POINT('Ctrl Pts',(73.0000010356156,0.999999992526291,387.809097348741));
#2831=CARTESIAN_POINT('Ctrl Pts',(72.8441877060787,0.999999992526291,387.603000267314));
#2832=CARTESIAN_POINT('Ctrl Pts',(72.7127856203442,0.999999992526291,387.368477178042));
#2833=CARTESIAN_POINT('Ctrl Pts',(72.4797734134583,0.999999992526291,386.805967391393));
#2834=CARTESIAN_POINT('Ctrl Pts',(72.393093593346,0.999999992526291,386.370229639423));
#2835=CARTESIAN_POINT('Ctrl Pts',(72.393093593346,0.999999992526291,386.));
#2836=CARTESIAN_POINT('',(69.9928567784953,0.999999992526291,392.));
#2837=CARTESIAN_POINT('',(94.3969701374778,0.999999992526295,392.));
#2838=CARTESIAN_POINT('',(69.9928567784953,0.999999992526291,342.));
#2839=CARTESIAN_POINT('',(69.9928567784953,0.999999992526291,392.));
#2840=CARTESIAN_POINT('',(94.3969701374778,0.999999992526295,342.));
#2841=CARTESIAN_POINT('Origin',(0.,0.,367.));
#2842=CARTESIAN_POINT('',(54.1586511111842,48.0478980790734,342.));
#2843=CARTESIAN_POINT('Origin',(0.,0.,342.));
#2844=CARTESIAN_POINT('',(54.1586511111842,48.0478980790734,367.));
#2845=CARTESIAN_POINT('',(56.0830876928896,45.7869771314034,386.));
#2846=CARTESIAN_POINT('Ctrl Pts',(56.0830876928896,45.7869771314034,386.));
#2847=CARTESIAN_POINT('Ctrl Pts',(56.0685438924151,45.8047913940716,386.));
#2848=CARTESIAN_POINT('Ctrl Pts',(56.0539885946893,45.8226024680046,385.999999462788));
#2849=CARTESIAN_POINT('Ctrl Pts',(56.0393530414869,45.840494223902,385.999946747263));
#2850=CARTESIAN_POINT('Ctrl Pts',(56.0238919577925,45.8593951790994,385.999891058276));
#2851=CARTESIAN_POINT('Ctrl Pts',(56.0083414900698,45.878385929124,385.999777142262));
#2852=CARTESIAN_POINT('Ctrl Pts',(55.9926594894094,45.8975171801596,385.999551306759));
#2853=CARTESIAN_POINT('Ctrl Pts',(55.9757563781877,45.9181381245832,385.99930788612));
#2854=CARTESIAN_POINT('Ctrl Pts',(55.9587007115843,45.9389219566318,385.998934434882));
#2855=CARTESIAN_POINT('Ctrl Pts',(55.9414804494149,45.959882127,385.998371884809));
#2856=CARTESIAN_POINT('Ctrl Pts',(55.9221023213705,45.9834688100152,385.997738841756));
#2857=CARTESIAN_POINT('Ctrl Pts',(55.9025162163179,46.0072781987912,385.996866308282));
#2858=CARTESIAN_POINT('Ctrl Pts',(55.8827495882011,46.0312752209018,385.995680484114));
#2859=CARTESIAN_POINT('Ctrl Pts',(55.8541589806396,46.0659847038624,385.993965298639));
#2860=CARTESIAN_POINT('Ctrl Pts',(55.8251924032541,46.1010844740783,385.991593929626));
#2861=CARTESIAN_POINT('Ctrl Pts',(55.796014296128,46.1363716460915,385.988371950896));
#2862=CARTESIAN_POINT('Ctrl Pts',(55.7737877286963,46.1632518239193,385.985917592661));
#2863=CARTESIAN_POINT('Ctrl Pts',(55.7514417826875,46.1902367474029,385.98297051728));
#2864=CARTESIAN_POINT('Ctrl Pts',(55.7290388133313,46.2172503827544,385.979452138542));
#2865=CARTESIAN_POINT('Ctrl Pts',(55.7104301323912,46.239688842286,385.976529651512));
#2866=CARTESIAN_POINT('Ctrl Pts',(55.6917825917139,46.2621465694308,385.973213183137));
#2867=CARTESIAN_POINT('Ctrl Pts',(55.6731064066548,46.28461108223,385.96945846708));
#2868=CARTESIAN_POINT('Ctrl Pts',(55.6550332078659,46.3063502973981,385.965824977185));
#2869=CARTESIAN_POINT('Ctrl Pts',(55.636933741226,46.3280952309262,385.961781149092));
#2870=CARTESIAN_POINT('Ctrl Pts',(55.6187828531709,46.3498758782785,385.957285869256));
#2871=CARTESIAN_POINT('Ctrl Pts',(55.59986971411,46.3725712092706,385.952601809038));
#2872=CARTESIAN_POINT('Ctrl Pts',(55.580895370155,46.3953117590636,385.947426323808));
#2873=CARTESIAN_POINT('Ctrl Pts',(55.561839884483,46.4181209082302,385.941723672421));
#2874=CARTESIAN_POINT('Ctrl Pts',(55.5403653435004,46.4438256326852,385.935297080991));
#2875=CARTESIAN_POINT('Ctrl Pts',(55.5187877816746,46.4696174025211,385.928200963422));
#2876=CARTESIAN_POINT('Ctrl Pts',(55.4971208533518,46.4954791026877,385.920405198204));
#2877=CARTESIAN_POINT('Ctrl Pts',(55.4720945029312,46.5253506175233,385.911400712233));
#2878=CARTESIAN_POINT('Ctrl Pts',(55.4469494689125,46.5553147085492,385.901462971788));
#2879=CARTESIAN_POINT('Ctrl Pts',(55.4217562218712,46.5852867038884,385.890571283909));
#2880=CARTESIAN_POINT('Ctrl Pts',(55.388350230746,46.6250292669912,385.876129015788));
#2881=CARTESIAN_POINT('Ctrl Pts',(55.3548628767958,46.6647814568592,385.860010571395));
#2882=CARTESIAN_POINT('Ctrl Pts',(55.3215141654072,46.70428321307,385.842202915708));
#2883=CARTESIAN_POINT('Ctrl Pts',(55.2969833892794,46.7333400700793,385.829103890383));
#2884=CARTESIAN_POINT('Ctrl Pts',(55.2725297346093,46.7622590446908,385.815092033051));
#2885=CARTESIAN_POINT('Ctrl Pts',(55.2482254542134,46.7909562219068,385.800159478279));
#2886=CARTESIAN_POINT('Ctrl Pts',(55.2272295578304,46.8157470385656,385.787259595311));
#2887=CARTESIAN_POINT('Ctrl Pts',(55.2063455894465,46.8403718425953,385.773672861461));
#2888=CARTESIAN_POINT('Ctrl Pts',(55.1855945346224,46.8648072209868,385.759385034813));
#2889=CARTESIAN_POINT('Ctrl Pts',(55.1612548129083,46.8934684295407,385.742626285561));
#2890=CARTESIAN_POINT('Ctrl Pts',(55.1370970740536,46.9218701174139,385.72490162442));
#2891=CARTESIAN_POINT('Ctrl Pts',(55.1131026656965,46.9500363637815,385.706171712308));
#2892=CARTESIAN_POINT('Ctrl Pts',(55.0904251519551,46.9766567508956,385.68846976138));
#2893=CARTESIAN_POINT('Ctrl Pts',(55.0678918376715,47.0030687860021,385.669869184684));
#2894=CARTESIAN_POINT('Ctrl Pts',(55.0455144864764,47.0292604122064,385.650371646931));
#2895=CARTESIAN_POINT('Ctrl Pts',(55.0210541826319,47.057890035505,385.629059218418));
#2896=CARTESIAN_POINT('Ctrl Pts',(54.9967805693944,47.0862558637431,385.606675451016));
#2897=CARTESIAN_POINT('Ctrl Pts',(54.9727445029305,47.1143010328661,385.583262280889));
#2898=CARTESIAN_POINT('Ctrl Pts',(54.9433313909381,47.1486201133819,385.554611411744));
#2899=CARTESIAN_POINT('Ctrl Pts',(54.9142746416394,47.1824581682687,385.52441972547));
#2900=CARTESIAN_POINT('Ctrl Pts',(54.8857121252965,47.2156605852241,385.492814517438));
#2901=CARTESIAN_POINT('Ctrl Pts',(54.8528671596538,47.2538411233483,385.456470661754));
#2902=CARTESIAN_POINT('Ctrl Pts',(54.8206798739308,47.291176254768,385.418262062229));
#2903=CARTESIAN_POINT('Ctrl Pts',(54.78937484586,47.3274170433993,385.378401544746));
#2904=CARTESIAN_POINT('Ctrl Pts',(54.7674397680174,47.3528105526435,385.35047173258));
#2905=CARTESIAN_POINT('Ctrl Pts',(54.7459383536807,47.3776662914666,385.321731492486));
#2906=CARTESIAN_POINT('Ctrl Pts',(54.7249315438841,47.4019183949046,385.292237430274));
#2907=CARTESIAN_POINT('Ctrl Pts',(54.7076631904897,47.421854496425,385.267992250057));
#2908=CARTESIAN_POINT('Ctrl Pts',(54.690729022342,47.4413827660802,385.243237646422));
#2909=CARTESIAN_POINT('Ctrl Pts',(54.6741484413058,47.4604834806606,385.217989976906));
#2910=CARTESIAN_POINT('Origin',(0.,0.,386.));
#2911=CARTESIAN_POINT('Origin',(118.79393923934,118.79393923934,342.));
#2912=CARTESIAN_POINT('',(49.4974746830583,49.4974746830583,342.));
#2913=CARTESIAN_POINT('Origin',(0.,0.,342.));
#2914=CARTESIAN_POINT('',(45.8355264188789,52.9065942307444,342.));
#2915=CARTESIAN_POINT('Origin',(-7.96650770220976E-6,3.70983001733727E-5,
342.));
#2916=CARTESIAN_POINT('',(48.0832611733688,55.1543289852343,342.));
#2917=CARTESIAN_POINT('',(115.258405333407,122.329473145273,342.));
#2918=CARTESIAN_POINT('',(48.4368145639621,54.800775594641,342.));
#2919=CARTESIAN_POINT('',(48.701979606907,54.535610551696,342.));
#2920=CARTESIAN_POINT('',(52.6794552510814,54.800775594641,342.));
#2921=CARTESIAN_POINT('Origin',(50.5581349075217,56.9220959382006,342.));
#2922=CARTESIAN_POINT('',(54.0936687607709,56.2149891043305,342.));
#2923=CARTESIAN_POINT('',(117.733279093902,119.854599437462,342.));
#2924=CARTESIAN_POINT('',(56.2149891043305,54.0936687607709,342.));
#2925=CARTESIAN_POINT('',(55.1543289325507,55.1543289325507,342.));
#2926=CARTESIAN_POINT('',(54.2814737694692,52.1601534259096,342.));
#2927=CARTESIAN_POINT('',(119.85459941112,117.73327906756,342.));
#2928=CARTESIAN_POINT('Origin',(56.4027941130288,50.03883308235,342.));
#2929=CARTESIAN_POINT('Origin',(0.,0.,392.));
#2930=CARTESIAN_POINT('',(37.7410972967539,58.9543007323503,392.));
#2931=CARTESIAN_POINT('Origin',(0.,0.,392.));
#2932=CARTESIAN_POINT('',(37.7410996378442,58.9543030734406,386.));
#2933=CARTESIAN_POINT('',(37.7411070512969,58.9543104868933,366.999999742064));
#2934=CARTESIAN_POINT('',(38.5204792539104,58.4480339964404,382.));
#2935=CARTESIAN_POINT('Origin',(0.,0.,320.));
#2936=CARTESIAN_POINT('',(49.4974746830583,49.4974746830583,382.));
#2937=CARTESIAN_POINT('Origin',(0.,0.,382.));
#2938=CARTESIAN_POINT('',(49.4974746830583,49.4974746830583,389.));
#2939=CARTESIAN_POINT('',(49.4974746830583,49.4974746830583,352.));
#2940=CARTESIAN_POINT('',(49.4974746830583,49.4974746830583,352.));
#2941=CARTESIAN_POINT('Origin',(118.79393923934,118.79393923934,392.));
#2942=CARTESIAN_POINT('',(178.898015640196,200.111219075793,392.));
#2943=CARTESIAN_POINT('',(189.504617357995,189.504617357995,392.));
#2944=CARTESIAN_POINT('',(108.187337521542,129.400540957138,392.));
#2945=CARTESIAN_POINT('',(95.,15.,392.));
#2946=CARTESIAN_POINT('Origin',(95.,40.,392.));
#2947=CARTESIAN_POINT('Origin',(95.,40.,389.5));
#2948=CARTESIAN_POINT('',(95.,15.,389.5));
#2949=CARTESIAN_POINT('Origin',(111.722871427475,125.865007051205,364.));
#2950=CARTESIAN_POINT('',(41.0121933615033,62.2253967970997,386.));
#2951=CARTESIAN_POINT('',(108.187337521542,129.400540957138,386.));
#2952=CARTESIAN_POINT('',(44.730928997673,58.50666116093,362.860019965174));
#2953=CARTESIAN_POINT('Origin',(-1.14717456908617E-5,5.34214049234921E-5,
320.000201900102));
#2954=CARTESIAN_POINT('Origin',(1.53829912756964E-11,-5.62925035935243E-12,
392.));
#2955=CARTESIAN_POINT('Origin',(45.7851641345125,57.4524260240906,362.000000670552));
#2956=CARTESIAN_POINT('',(48.701979606907,54.5356105516961,386.));
#2957=CARTESIAN_POINT('',(48.4368145639621,54.800775594641,362.000000670552));
#2958=CARTESIAN_POINT('Ctrl Pts',(54.4205239496945,50.1202133153677,387.38758174756));
#2959=CARTESIAN_POINT('Ctrl Pts',(54.3124449764251,49.8224041344129,387.250227899097));
#2960=CARTESIAN_POINT('Ctrl Pts',(54.1778846645334,49.2679098725501,386.946032906734));
#2961=CARTESIAN_POINT('Ctrl Pts',(54.2239097335889,48.2698919191474,386.158364418979));
#2962=CARTESIAN_POINT('Ctrl Pts',(54.4890795779623,47.6736815301586,385.508580903039));
#2963=CARTESIAN_POINT('Ctrl Pts',(54.6741484413058,47.4604834806606,385.217989976906));
#2964=CARTESIAN_POINT('Ctrl Pts',(54.4594760965291,49.987479192797,387.451026127934));
#2965=CARTESIAN_POINT('Ctrl Pts',(54.3599989764263,49.6990331070133,387.313192736815));
#2966=CARTESIAN_POINT('Ctrl Pts',(54.2376391285222,49.1561389339658,387.009198952607));
#2967=CARTESIAN_POINT('Ctrl Pts',(54.2968419186793,48.1714097518134,386.23011502642));
#2968=CARTESIAN_POINT('Ctrl Pts',(54.5539811335183,47.5994288775206,385.593960740949));
#2969=CARTESIAN_POINT('Ctrl Pts',(54.7307356227733,47.3952954393148,385.304156707338));
#2970=CARTESIAN_POINT('Ctrl Pts',(54.5542592091514,49.7151140654771,387.569554003513));
#2971=CARTESIAN_POINT('Ctrl Pts',(54.4701822746616,49.443357845541,387.431460438498));
#2972=CARTESIAN_POINT('Ctrl Pts',(54.3696318326916,48.9200678558163,387.127387133441));
#2973=CARTESIAN_POINT('Ctrl Pts',(54.4525006751606,47.9622184858563,386.363263186686));
#2974=CARTESIAN_POINT('Ctrl Pts',(54.6916155421093,47.4413749943073,385.754094559445));
#2975=CARTESIAN_POINT('Ctrl Pts',(54.8524747695195,47.254577117148,385.46533240487));
#2976=CARTESIAN_POINT('Ctrl Pts',(54.755450791599,49.266709443619,387.727751505239));
#2977=CARTESIAN_POINT('Ctrl Pts',(54.6890004811571,49.0136272037639,387.589222941321));
#2978=CARTESIAN_POINT('Ctrl Pts',(54.6130651592291,48.5157979581309,387.280877777455));
#2979=CARTESIAN_POINT('Ctrl Pts',(54.7160306129016,47.6119637782621,386.533139049048));
#2980=CARTESIAN_POINT('Ctrl Pts',(54.916024550232,47.1812975159931,385.95577022627));
#2981=CARTESIAN_POINT('Ctrl Pts',(55.0518823276726,47.0221544019712,385.665391904272));
#2982=CARTESIAN_POINT('Ctrl Pts',(55.0277664409368,48.757746754712,387.867915035679));
#2983=CARTESIAN_POINT('Ctrl Pts',(54.9714610526132,48.5230452008028,387.726755646351));
#2984=CARTESIAN_POINT('Ctrl Pts',(54.9096362796819,48.0492391331482,387.406535230883));
#2985=CARTESIAN_POINT('Ctrl Pts',(55.0022193785055,47.2387948636195,386.6679605335));
#2986=CARTESIAN_POINT('Ctrl Pts',(55.1500494770305,46.9074205956556,386.109089367032));
#2987=CARTESIAN_POINT('Ctrl Pts',(55.2593499137603,46.7782053441687,385.815397968086));
#2988=CARTESIAN_POINT('Ctrl Pts',(55.3893276963099,48.1687553217443,387.989933209046));
#2989=CARTESIAN_POINT('Ctrl Pts',(55.3337517629543,47.9541097411802,387.842151826166));
#2990=CARTESIAN_POINT('Ctrl Pts',(55.268498601311,47.5116434106969,387.500539406193));
#2991=CARTESIAN_POINT('Ctrl Pts',(55.3046671810613,46.8580920850907,386.767451604625));
#2992=CARTESIAN_POINT('Ctrl Pts',(55.3939138099108,46.6190582758505,386.214755794482));
#2993=CARTESIAN_POINT('Ctrl Pts',(55.4748563574197,46.5224348962995,385.919391716979));
#2994=CARTESIAN_POINT('Ctrl Pts',(55.8463914882946,47.4999736146445,388.084876434509));
#2995=CARTESIAN_POINT('Ctrl Pts',(55.7728194383387,47.3183089130051,387.92504785447));
#2996=CARTESIAN_POINT('Ctrl Pts',(55.6617568837151,46.9561064248779,387.554050696119));
#2997=CARTESIAN_POINT('Ctrl Pts',(55.5976203227566,46.5015579946488,386.823174925619));
#2998=CARTESIAN_POINT('Ctrl Pts',(55.6314196990315,46.335263897951,386.269430310825));
#2999=CARTESIAN_POINT('Ctrl Pts',(55.6839221262156,46.2719818835563,385.977531939474));
#3000=CARTESIAN_POINT('Ctrl Pts',(56.3321869275184,46.8621453673411,388.125960973209));
#3001=CARTESIAN_POINT('Ctrl Pts',(56.2229731708186,46.7238247732769,387.952924872502));
#3002=CARTESIAN_POINT('Ctrl Pts',(56.0383830683851,46.4585924753706,387.555305855446));
#3003=CARTESIAN_POINT('Ctrl Pts',(55.8723804401322,46.1685302750563,386.82743481325));
#3004=CARTESIAN_POINT('Ctrl Pts',(55.8651031193425,46.0531640913963,386.279732161255));
#3005=CARTESIAN_POINT('Ctrl Pts',(55.8910273525905,46.0215871782162,385.999612757853));
#3006=CARTESIAN_POINT('Ctrl Pts',(56.618569631127,46.5204810386338,388.12132034356));
#3007=CARTESIAN_POINT('Ctrl Pts',(56.4864538455681,46.3965566347588,387.940607843099));
#3008=CARTESIAN_POINT('Ctrl Pts',(56.2578232086695,46.1737167802117,387.529741236391));
#3009=CARTESIAN_POINT('Ctrl Pts',(56.0489905181817,45.9429336089269,386.799772456706));
#3010=CARTESIAN_POINT('Ctrl Pts',(56.0111768345312,45.8750585735088,386.268032706556));
#3011=CARTESIAN_POINT('Ctrl Pts',(56.0198609365317,45.8644216788165,386.));
#3012=CARTESIAN_POINT('Ctrl Pts',(56.7637378065098,46.3426689178021,388.12132034356));
#3013=CARTESIAN_POINT('Ctrl Pts',(56.6203385239189,46.2255958402889,387.936200221136));
#3014=CARTESIAN_POINT('Ctrl Pts',(56.3713097925822,46.0222854788977,387.517236009679));
#3015=CARTESIAN_POINT('Ctrl Pts',(56.1364833033218,45.8305700164309,386.785373634419));
#3016=CARTESIAN_POINT('Ctrl Pts',(56.0830876928895,45.7869771314035,386.261799387799));
#3017=CARTESIAN_POINT('Ctrl Pts',(56.0830876928895,45.7869771314035,386.));
#3018=CARTESIAN_POINT('Origin',(58.4069725420424,47.6842275650251,386.));
#3019=CARTESIAN_POINT('Ctrl Pts',(189.151063967401,184.701206974747,387.353475945183));
#3020=CARTESIAN_POINT('Ctrl Pts',(188.849617225488,184.801689222051,387.211372588267));
#3021=CARTESIAN_POINT('Ctrl Pts',(188.285306009701,184.922347055154,386.897662272875));
#3022=CARTESIAN_POINT('Ctrl Pts',(187.226914469558,184.814980909724,386.073347108186));
#3023=CARTESIAN_POINT('Ctrl Pts',(186.614420084002,184.493099740442,385.412643817185));
#3024=CARTESIAN_POINT('Ctrl Pts',(186.408517106738,184.287196763179,385.121453034207));
#3025=CARTESIAN_POINT('Ctrl Pts',(188.849617225488,184.600724727442,387.495579302099));
#3026=CARTESIAN_POINT('Ctrl Pts',(188.570499871864,184.682376623716,387.351716772544));
#3027=CARTESIAN_POINT('Ctrl Pts',(188.033500670606,184.77581803976,387.036651793478));
#3028=CARTESIAN_POINT('Ctrl Pts',(187.009309811526,184.63722627353,386.226544045996));
#3029=CARTESIAN_POINT('Ctrl Pts',(186.461403842383,184.340083498824,385.596686929903));
#3030=CARTESIAN_POINT('Ctrl Pts',(186.277637180185,184.156316836626,385.306545201381));
#3031=CARTESIAN_POINT('Ctrl Pts',(188.248175761858,184.332797660044,387.731409593298));
#3032=CARTESIAN_POINT('Ctrl Pts',(187.998198034891,184.385717628742,387.588337545225));
#3033=CARTESIAN_POINT('Ctrl Pts',(187.487205901225,184.431224177089,387.268999585623));
#3034=CARTESIAN_POINT('Ctrl Pts',(186.514719445791,184.231582121067,386.480490958767));
#3035=CARTESIAN_POINT('Ctrl Pts',(186.122986607504,184.001666263944,385.918174137296));
#3036=CARTESIAN_POINT('Ctrl Pts',(185.981429482685,183.860109139125,385.627978243017));
#3037=CARTESIAN_POINT('Ctrl Pts',(186.879423784763,183.416405527301,388.051276306776));
#3038=CARTESIAN_POINT('Ctrl Pts',(186.663818876938,183.459890572097,387.89160023762));
#3039=CARTESIAN_POINT('Ctrl Pts',(186.222194316851,183.498305550062,387.517554935343));
#3040=CARTESIAN_POINT('Ctrl Pts',(185.698681211768,183.472493681592,386.774723219146));
#3041=CARTESIAN_POINT('Ctrl Pts',(185.532325287473,183.411004943913,386.226375219595));
#3042=CARTESIAN_POINT('Ctrl Pts',(185.464002783376,183.342682439817,385.931079785938));
#3043=CARTESIAN_POINT('Ctrl Pts',(185.941832648262,182.577871617583,388.12132034356));
#3044=CARTESIAN_POINT('Ctrl Pts',(185.795329121753,182.67862306844,387.946484672382));
#3045=CARTESIAN_POINT('Ctrl Pts',(185.523864127576,182.850416746777,387.546414872007));
#3046=CARTESIAN_POINT('Ctrl Pts',(185.221670894899,182.992023893689,386.818970886422));
#3047=CARTESIAN_POINT('Ctrl Pts',(185.117866949578,182.996546606018,386.276343798232));
#3048=CARTESIAN_POINT('Ctrl Pts',(185.093835791016,182.972515447456,386.));
#3049=CARTESIAN_POINT('Ctrl Pts',(185.530063967401,182.166102936723,388.12132034356));
#3050=CARTESIAN_POINT('Ctrl Pts',(185.399164273502,182.297002630622,387.936200221136));
#3051=CARTESIAN_POINT('Ctrl Pts',(185.171842461878,182.524324442246,387.517236009679));
#3052=CARTESIAN_POINT('Ctrl Pts',(184.95748493506,182.738681969064,386.785373634419));
#3053=CARTESIAN_POINT('Ctrl Pts',(184.908743623842,182.787423280282,386.261799387799));
#3054=CARTESIAN_POINT('Ctrl Pts',(184.908743623842,182.787423280282,386.));
#3055=CARTESIAN_POINT('',(184.908743623842,182.787423280282,386.));
#3056=CARTESIAN_POINT('Origin',(187.030063967401,180.666102936723,386.));
#3057=CARTESIAN_POINT('Origin',(184.908743623842,182.787423280282,383.000453034207));
#3058=CARTESIAN_POINT('Origin',(188.885898924456,183.052267979668,386.));
#3059=CARTESIAN_POINT('',(191.007219268016,185.173588323227,386.));
#3060=CARTESIAN_POINT('Origin',(121.975919754679,115.611958724001,386.));
#3061=CARTESIAN_POINT('',(119.85459941112,117.73327906756,386.));
#3062=CARTESIAN_POINT('Origin',(189.151063967401,182.787102936723,363.5));
#3063=CARTESIAN_POINT('',(187.029743623842,184.908423280282,376.078947368421));
#3064=CARTESIAN_POINT('',(191.272384310961,184.908423280282,376.631578947368));
#3065=CARTESIAN_POINT('Origin',(189.151063967401,182.787102936723,376.078947368421));
#3066=CARTESIAN_POINT('',(191.272384310961,184.908423280282,363.5));
#3067=CARTESIAN_POINT('',(187.029743623842,184.908423280282,363.5));
#3068=CARTESIAN_POINT('Origin',(0.,0.,386.));
#3069=CARTESIAN_POINT('Origin',(56.4027941130288,50.03883308235,367.));
#3070=CARTESIAN_POINT('',(54.2814737694692,52.1601534259096,367.));
#3071=CARTESIAN_POINT('Origin',(193.924034740411,182.256772850833,363.5));
#3072=CARTESIAN_POINT('',(191.007219268016,185.173588323227,376.631578947368));
#3073=CARTESIAN_POINT('Origin',(119.85459941112,117.73327906756,363.5));
#3074=CARTESIAN_POINT('',(121.932347200179,119.811026856619,359.120227729404));
#3075=CARTESIAN_POINT('Ctrl Pts',(50.5581349075217,55.0079919001766,387.353475945183));
#3076=CARTESIAN_POINT('Ctrl Pts',(50.5581349075217,55.2089563947859,387.637682659015));
#3077=CARTESIAN_POINT('Ctrl Pts',(50.5581349075217,55.6526097774705,388.122028918388));
#3078=CARTESIAN_POINT('Ctrl Pts',(50.5581349075217,56.8183674630428,388.79450542407));
#3079=CARTESIAN_POINT('Ctrl Pts',(50.5581349075217,57.7527430178811,389.));
#3080=CARTESIAN_POINT('Ctrl Pts',(50.5581349075217,58.1645489724073,389.));
#3081=CARTESIAN_POINT('Ctrl Pts',(50.2566881656079,55.1084741474812,387.495579302099));
#3082=CARTESIAN_POINT('Ctrl Pts',(50.2596816071398,55.3089330463631,387.750681685146));
#3083=CARTESIAN_POINT('Ctrl Pts',(50.2606872977452,55.7534965221818,388.196470520775));
#3084=CARTESIAN_POINT('Ctrl Pts',(50.2521286668266,56.9077205165733,388.822683644742));
#3085=CARTESIAN_POINT('Ctrl Pts',(50.2749805328696,57.7756211264659,389.));
#3086=CARTESIAN_POINT('Ctrl Pts',(50.2963750544152,58.1645489724073,389.));
#3087=CARTESIAN_POINT('Ctrl Pts',(49.6552467019781,55.3764012148792,387.731409593298));
#3088=CARTESIAN_POINT('Ctrl Pts',(49.6578850382345,55.5760973094048,387.945590607908));
#3089=CARTESIAN_POINT('Ctrl Pts',(49.6509482823,56.0346461387891,388.339094599682));
#3090=CARTESIAN_POINT('Ctrl Pts',(49.6224438236454,57.178270191591,388.885578115307));
#3091=CARTESIAN_POINT('Ctrl Pts',(49.7092375135782,57.8867125769327,389.));
#3092=CARTESIAN_POINT('Ctrl Pts',(49.7728798734761,58.2334691864691,389.));
#3093=CARTESIAN_POINT('Ctrl Pts',(48.2864947248833,56.2927933476221,388.051276306776));
#3094=CARTESIAN_POINT('Ctrl Pts',(48.3133428246619,56.4917613104298,388.234480569212));
#3095=CARTESIAN_POINT('Ctrl Pts',(48.3762280033119,56.9578560712015,388.573919781806));
#3096=CARTESIAN_POINT('Ctrl Pts',(48.6268268603392,57.7577799017814,388.92584770122));
#3097=CARTESIAN_POINT('Ctrl Pts',(48.9006451182844,58.2594428217014,389.));
#3098=CARTESIAN_POINT('Ctrl Pts',(49.0411280177802,58.5365707293901,389.));
#3099=CARTESIAN_POINT('Ctrl Pts',(47.3489035883823,57.1313272573401,388.12132034356));
#3100=CARTESIAN_POINT('Ctrl Pts',(47.4496550392396,57.2778307838486,388.296156014737));
#3101=CARTESIAN_POINT('Ctrl Pts',(47.6827114501124,57.6105585105623,388.609587227892));
#3102=CARTESIAN_POINT('Ctrl Pts',(48.11679898237,58.2052321285853,388.923401485792));
#3103=CARTESIAN_POINT('Ctrl Pts',(48.4508536595888,58.6385680387956,389.));
#3104=CARTESIAN_POINT('Ctrl Pts',(48.6222270746957,58.8580037710266,389.));
#3105=CARTESIAN_POINT('Ctrl Pts',(46.9371349075217,57.5430959382006,388.12132034356));
#3106=CARTESIAN_POINT('Ctrl Pts',(47.0680346014213,57.6739956321002,388.306440465983));
#3107=CARTESIAN_POINT('Ctrl Pts',(47.3642870364174,57.9702480670963,388.627922055005));
#3108=CARTESIAN_POINT('Ctrl Pts',(47.8817918848587,58.4877529155376,388.931069376628));
#3109=CARTESIAN_POINT('Ctrl Pts',(48.2520147850985,58.8579758157774,389.));
#3110=CARTESIAN_POINT('Ctrl Pts',(48.4371349075217,59.0430959382006,389.));
#3111=CARTESIAN_POINT('',(48.4371349075217,59.0430959382006,389.));
#3112=CARTESIAN_POINT('Origin',(48.4371349075217,59.0430959382006,386.));
#3113=CARTESIAN_POINT('Origin',(50.5581349075217,61.1640959382006,389.));
#3114=CARTESIAN_POINT('Origin',(50.8232999504666,56.6569308952557,386.));
#3115=CARTESIAN_POINT('',(43.133513705063,64.3467171406594,389.));
#3116=CARTESIAN_POINT('Origin',(43.133513705063,64.3467171406594,386.));
#3117=CARTESIAN_POINT('',(50.8232999504666,56.6569308952557,389.));
#3118=CARTESIAN_POINT('Ctrl Pts',(184.70120702743,189.151064020085,387.353475945183));
#3119=CARTESIAN_POINT('Ctrl Pts',(184.500242532821,189.151064020085,387.637682659015));
#3120=CARTESIAN_POINT('Ctrl Pts',(184.056589150136,189.151064020085,388.122028918388));
#3121=CARTESIAN_POINT('Ctrl Pts',(182.890831464564,189.151064020085,388.79450542407));
#3122=CARTESIAN_POINT('Ctrl Pts',(181.956455909726,189.151064020085,389.));
#3123=CARTESIAN_POINT('Ctrl Pts',(181.544649955199,189.151064020085,389.));
#3124=CARTESIAN_POINT('Ctrl Pts',(184.600724780125,188.849617278171,387.495579302099));
#3125=CARTESIAN_POINT('Ctrl Pts',(184.400265881244,188.852610719703,387.750681685146));
#3126=CARTESIAN_POINT('Ctrl Pts',(183.955702405425,188.853616410309,388.196470520775));
#3127=CARTESIAN_POINT('Ctrl Pts',(182.801478411033,188.84505777939,388.822683644742));
#3128=CARTESIAN_POINT('Ctrl Pts',(181.933577801141,188.867909645433,389.));
#3129=CARTESIAN_POINT('Ctrl Pts',(181.544649955199,188.889304166979,389.));
#3130=CARTESIAN_POINT('Ctrl Pts',(184.332797712727,188.248175814541,387.731409593298));
#3131=CARTESIAN_POINT('Ctrl Pts',(184.133101618202,188.250814150798,387.945590607908));
#3132=CARTESIAN_POINT('Ctrl Pts',(183.674552788818,188.243877394863,388.339094599682));
#3133=CARTESIAN_POINT('Ctrl Pts',(182.530928736016,188.215372936209,388.885578115307));
#3134=CARTESIAN_POINT('Ctrl Pts',(181.822486350674,188.302166626142,389.));
#3135=CARTESIAN_POINT('Ctrl Pts',(181.475729741138,188.365808986039,389.));
#3136=CARTESIAN_POINT('Ctrl Pts',(183.416405579985,186.879423837447,388.051276306776));
#3137=CARTESIAN_POINT('Ctrl Pts',(183.217437617177,186.906271937225,388.234480569212));
#3138=CARTESIAN_POINT('Ctrl Pts',(182.751342856405,186.969157115875,388.573919781806));
#3139=CARTESIAN_POINT('Ctrl Pts',(181.951419025825,187.219755972903,388.92584770122));
#3140=CARTESIAN_POINT('Ctrl Pts',(181.449756105905,187.493574230848,389.));
#3141=CARTESIAN_POINT('Ctrl Pts',(181.172628198217,187.634057130343,389.));
#3142=CARTESIAN_POINT('Ctrl Pts',(182.577871670267,185.941832700946,388.12132034356));
#3143=CARTESIAN_POINT('Ctrl Pts',(182.431368143758,186.042584151803,388.296156014737));
#3144=CARTESIAN_POINT('Ctrl Pts',(182.098640417044,186.275640562676,388.609587227892));
#3145=CARTESIAN_POINT('Ctrl Pts',(181.503966799021,186.709728094933,388.923401485792));
#3146=CARTESIAN_POINT('Ctrl Pts',(181.070630888811,187.043782772152,389.));
#3147=CARTESIAN_POINT('Ctrl Pts',(180.85119515658,187.215156187259,389.));
#3148=CARTESIAN_POINT('Ctrl Pts',(182.166102989406,185.530064020085,388.12132034356));
#3149=CARTESIAN_POINT('Ctrl Pts',(182.035203295507,185.660963713985,388.306440465983));
#3150=CARTESIAN_POINT('Ctrl Pts',(181.73895086051,185.957216148981,388.627922055005));
#3151=CARTESIAN_POINT('Ctrl Pts',(181.221446012069,186.474720997422,388.931069376628));
#3152=CARTESIAN_POINT('Ctrl Pts',(180.851223111829,186.844943897662,389.));
#3153=CARTESIAN_POINT('Ctrl Pts',(180.666102989406,187.030064020085,389.));
#3154=CARTESIAN_POINT('',(180.666102989406,187.030064020085,389.));
#3155=CARTESIAN_POINT('Origin',(180.666102989406,187.030064020085,386.));
#3156=CARTESIAN_POINT('Origin',(178.545102989406,189.151064020085,389.));
#3157=CARTESIAN_POINT('Origin',(115.611958750342,121.975919781021,386.));
#3158=CARTESIAN_POINT('',(117.733279093902,119.854599437462,386.));
#3159=CARTESIAN_POINT('',(115.611958750342,121.975919781021,389.));
#3160=CARTESIAN_POINT('Origin',(183.052268032351,188.88589897714,386.));
#3161=CARTESIAN_POINT('',(175.362481786947,196.575685222544,389.));
#3162=CARTESIAN_POINT('',(177.483802130507,198.697005566103,386.));
#3163=CARTESIAN_POINT('Origin',(175.362481786947,196.575685222544,386.));
#3164=CARTESIAN_POINT('',(185.173588375911,191.0072193207,386.));
#3165=CARTESIAN_POINT('',(183.052268032351,188.88589897714,389.));
#3166=CARTESIAN_POINT('Origin',(182.787102989406,189.151064020085,362.000000670552));
#3167=CARTESIAN_POINT('',(184.908423332966,191.272384363645,376.631578961093));
#3168=CARTESIAN_POINT('',(184.908423332966,187.029743676525,376.078947382146));
#3169=CARTESIAN_POINT('Origin',(182.787102989406,189.151064020085,376.078947382146));
#3170=CARTESIAN_POINT('',(184.908423332966,187.029743676525,362.000000670552));
#3171=CARTESIAN_POINT('',(184.908423332966,191.272384363645,362.000000670552));
#3172=CARTESIAN_POINT('Origin',(50.5581349075217,56.9220959382006,362.000000670552));
#3173=CARTESIAN_POINT('',(52.6794552510814,54.800775594641,362.000000670552));
#3174=CARTESIAN_POINT('Origin',(118.79393923934,118.79393923934,389.));
#3175=CARTESIAN_POINT('',(108.187337521542,129.400540957138,389.));
#3176=CARTESIAN_POINT('Origin',(117.733279120244,119.854599463803,362.000000670552));
#3177=CARTESIAN_POINT('',(119.71654078713,121.83786113069,359.095612877654));
#3178=CARTESIAN_POINT('Origin',(182.256772903516,193.924034793094,362.000000670552));
#3179=CARTESIAN_POINT('',(177.483802130507,198.697005566103,376.631578961093));
#3180=CARTESIAN_POINT('',(177.483802130507,198.697005566103,364.500000335276));
#3181=CARTESIAN_POINT('',(185.173588375911,191.0072193207,376.631578961093));
#3182=CARTESIAN_POINT('Origin',(108.187337521542,129.400540957138,367.));
#3183=CARTESIAN_POINT('',(178.898015640196,200.111219075793,377.));
#3184=CARTESIAN_POINT('',(178.898015640196,200.111219075793,367.));
#3185=CARTESIAN_POINT('',(110.485552964079,131.698756399675,359.177662424648));
#3186=CARTESIAN_POINT('Origin',(122.329473145273,122.329473145273,359.5));
#3187=CARTESIAN_POINT('',(189.504617357995,189.504617357995,377.));
#3188=CARTESIAN_POINT('Origin',(189.504617357995,189.504617357995,367.));
#3189=UNCERTAINTY_MEASURE_WITH_UNIT(LENGTH_MEASURE(0.01),#3193,
'DISTANCE_ACCURACY_VALUE',
'Maximum model space distance between geometric entities at asserted c
onnectivities');
#3190=UNCERTAINTY_MEASURE_WITH_UNIT(LENGTH_MEASURE(0.01),#3193,
'DISTANCE_ACCURACY_VALUE',
'Maximum model space distance between geometric entities at asserted c
onnectivities');
#3191=(
GEOMETRIC_REPRESENTATION_CONTEXT(3)
GLOBAL_UNCERTAINTY_ASSIGNED_CONTEXT((#3189))
GLOBAL_UNIT_ASSIGNED_CONTEXT((#3193,#3194,#3195))
REPRESENTATION_CONTEXT('','3D')
);
#3192=(
GEOMETRIC_REPRESENTATION_CONTEXT(3)
GLOBAL_UNCERTAINTY_ASSIGNED_CONTEXT((#3190))
GLOBAL_UNIT_ASSIGNED_CONTEXT((#3193,#3194,#3195))
REPRESENTATION_CONTEXT('','3D')
);
#3193=(
LENGTH_UNIT()
NAMED_UNIT(*)
SI_UNIT(.MILLI.,.METRE.)
);
#3194=(
NAMED_UNIT(*)
PLANE_ANGLE_UNIT()
SI_UNIT($,.RADIAN.)
);
#3195=(
NAMED_UNIT(*)
SI_UNIT($,.STERADIAN.)
SOLID_ANGLE_UNIT()
);
#3196=SHAPE_DEFINITION_REPRESENTATION(#3197,#3198);
#3197=PRODUCT_DEFINITION_SHAPE('',$,#3200);
#3198=SHAPE_REPRESENTATION('',(#1081),#3191);
#3199=PRODUCT_DEFINITION_CONTEXT('part definition',#3204,'design');
#3200=PRODUCT_DEFINITION('HTD3M-270t-20t-1068mm-Chassis-V3',
'HTD3M-270t-20t-1068mm-Chassis-V3 v70',#3201,#3199);
#3201=PRODUCT_DEFINITION_FORMATION('',$,#3206);
#3202=PRODUCT_RELATED_PRODUCT_CATEGORY(
'HTD3M-270t-20t-1068mm-Chassis-V3 v70',
'HTD3M-270t-20t-1068mm-Chassis-V3 v70',(#3206));
#3203=APPLICATION_PROTOCOL_DEFINITION('international standard',
'automotive_design',2009,#3204);
#3204=APPLICATION_CONTEXT(
'Core Data for Automotive Mechanical Design Process');
#3205=PRODUCT_CONTEXT('part definition',#3204,'mechanical');
#3206=PRODUCT('HTD3M-270t-20t-1068mm-Chassis-V3',
'HTD3M-270t-20t-1068mm-Chassis-V3 v70',$,(#3205));
#3207=PRESENTATION_STYLE_ASSIGNMENT((#3215));
#3208=PRESENTATION_STYLE_ASSIGNMENT((#3216));
#3209=PRESENTATION_STYLE_ASSIGNMENT((#3217));
#3210=PRESENTATION_STYLE_ASSIGNMENT((#3218));
#3211=PRESENTATION_STYLE_ASSIGNMENT((#3219));
#3212=PRESENTATION_STYLE_ASSIGNMENT((#3220));
#3213=PRESENTATION_STYLE_ASSIGNMENT((#3221));
#3214=PRESENTATION_STYLE_ASSIGNMENT((#3222));
#3215=SURFACE_STYLE_USAGE(.BOTH.,#3223);
#3216=SURFACE_STYLE_USAGE(.BOTH.,#3224);
#3217=SURFACE_STYLE_USAGE(.BOTH.,#3225);
#3218=SURFACE_STYLE_USAGE(.BOTH.,#3226);
#3219=SURFACE_STYLE_USAGE(.BOTH.,#3227);
#3220=SURFACE_STYLE_USAGE(.BOTH.,#3228);
#3221=SURFACE_STYLE_USAGE(.BOTH.,#3229);
#3222=SURFACE_STYLE_USAGE(.BOTH.,#3230);
#3223=SURFACE_SIDE_STYLE('',(#3231));
#3224=SURFACE_SIDE_STYLE('',(#3232));
#3225=SURFACE_SIDE_STYLE('',(#3233));
#3226=SURFACE_SIDE_STYLE('',(#3234));
#3227=SURFACE_SIDE_STYLE('',(#3235));
#3228=SURFACE_SIDE_STYLE('',(#3236));
#3229=SURFACE_SIDE_STYLE('',(#3237));
#3230=SURFACE_SIDE_STYLE('',(#3238));
#3231=SURFACE_STYLE_FILL_AREA(#3239);
#3232=SURFACE_STYLE_FILL_AREA(#3240);
#3233=SURFACE_STYLE_FILL_AREA(#3241);
#3234=SURFACE_STYLE_FILL_AREA(#3242);
#3235=SURFACE_STYLE_FILL_AREA(#3243);
#3236=SURFACE_STYLE_FILL_AREA(#3244);
#3237=SURFACE_STYLE_FILL_AREA(#3245);
#3238=SURFACE_STYLE_FILL_AREA(#3246);
#3239=FILL_AREA_STYLE('Opaque(175,143,175)',(#3247));
#3240=FILL_AREA_STYLE('Opaque(159,175,143)',(#3248));
#3241=FILL_AREA_STYLE('Opaque(143,143,175)',(#3249));
#3242=FILL_AREA_STYLE('Opaque(175,159,143)',(#3250));
#3243=FILL_AREA_STYLE('Opaque(143,175,175)',(#3251));
#3244=FILL_AREA_STYLE('Steel - Satin',(#3252));
#3245=FILL_AREA_STYLE('Plastic - Translucent Matte (Red)',(#3253));
#3246=FILL_AREA_STYLE('Steel - Satin',(#3254));
#3247=FILL_AREA_STYLE_COLOUR('Opaque(175,143,175)',#3255);
#3248=FILL_AREA_STYLE_COLOUR('Opaque(159,175,143)',#3256);
#3249=FILL_AREA_STYLE_COLOUR('Opaque(143,143,175)',#3257);
#3250=FILL_AREA_STYLE_COLOUR('Opaque(175,159,143)',#3258);
#3251=FILL_AREA_STYLE_COLOUR('Opaque(143,175,175)',#3259);
#3252=FILL_AREA_STYLE_COLOUR('Steel - Satin',#3260);
#3253=FILL_AREA_STYLE_COLOUR('Plastic - Translucent Matte (Red)',#3261);
#3254=FILL_AREA_STYLE_COLOUR('Steel - Satin',#3262);
#3255=COLOUR_RGB('Opaque(175,143,175)',0.686274509803922,0.56078431372549,
0.686274509803922);
#3256=COLOUR_RGB('Opaque(159,175,143)',0.623529411764706,0.686274509803922,
0.56078431372549);
#3257=COLOUR_RGB('Opaque(143,143,175)',0.56078431372549,0.56078431372549,
0.686274509803922);
#3258=COLOUR_RGB('Opaque(175,159,143)',0.686274509803922,0.623529411764706,
0.56078431372549);
#3259=COLOUR_RGB('Opaque(143,175,175)',0.56078431372549,0.686274509803922,
0.686274509803922);
#3260=COLOUR_RGB('Steel - Satin',0.627450980392157,0.627450980392157,0.627450980392157);
#3261=COLOUR_RGB('Plastic - Translucent Matte (Red)',0.768627450980392,
0.207843137254902,0.152941176470588);
#3262=COLOUR_RGB('Steel - Satin',0.552941176470588,0.227450980392157,0.227450980392157);
ENDSEC;
END-ISO-10303-21;
