ISO-10303-21;
HEADER;
/* Generated by software containing ST-Developer
 * from STEP Tools, Inc. (www.steptools.com) 
 */

FILE_DESCRIPTION(
/* description */ (''),
/* implementation_level */ '2;1');

FILE_NAME(
/* name */ 'HTD3M-270t-20t-1068mm-Chassis-MOTORBRACKET.step',
/* time_stamp */ '2026-04-06T14:00:55+02:00',
/* author */ (''),
/* organization */ (''),
/* preprocessor_version */ 'ST-DEVELOPER v20.1',
/* originating_system */ 'Autodesk Translation Framework v14.24.0.0',
/* authorisation */ '');

FILE_SCHEMA (('AUTOMOTIVE_DESIGN { 1 0 10303 214 3 1 1 }'));
ENDSEC;

DATA;
#10=MECHANICAL_DESIGN_GEOMETRIC_PRESENTATION_REPRESENTATION('',(#13),#1990);
#11=SHAPE_REPRESENTATION_RELATIONSHIP('SRR','None',#1996,#12);
#12=ADVANCED_BREP_SHAPE_REPRESENTATION('',(#14),#1989);
#13=STYLED_ITEM('',(#2011),#14);
#14=MANIFOLD_SOLID_BREP('Motorsteun-01',#1135);
#15=ELLIPSE('',#1169,4.1322446462167,4.);
#16=ELLIPSE('',#1170,4.1322446462167,4.);
#17=ELLIPSE('',#1178,4.1322446462167,4.);
#18=ELLIPSE('',#1179,4.1322446462167,4.);
#19=ELLIPSE('',#1180,4.1322446462167,4.);
#20=ELLIPSE('',#1181,4.1322446462167,4.);
#21=ELLIPSE('',#1186,5.58456663558148,4.);
#22=ELLIPSE('',#1187,5.58456663558148,4.);
#23=ELLIPSE('',#1188,8.91964124839111,6.);
#24=CYLINDRICAL_SURFACE('',#1144,8.);
#25=CYLINDRICAL_SURFACE('',#1174,8.);
#26=CYLINDRICAL_SURFACE('',#1176,5.);
#27=CYLINDRICAL_SURFACE('',#1184,20.);
#28=CYLINDRICAL_SURFACE('',#1189,4.);
#29=CYLINDRICAL_SURFACE('',#1192,4.);
#30=CYLINDRICAL_SURFACE('',#1193,6.);
#31=CYLINDRICAL_SURFACE('',#1195,2.5);
#32=CYLINDRICAL_SURFACE('',#1198,2.5);
#33=CYLINDRICAL_SURFACE('',#1201,2.);
#34=CYLINDRICAL_SURFACE('',#1202,2.);
#35=CYLINDRICAL_SURFACE('',#1204,4.);
#36=CYLINDRICAL_SURFACE('',#1207,4.);
#37=CYLINDRICAL_SURFACE('',#1210,12.5);
#38=CYLINDRICAL_SURFACE('',#1212,2.1);
#39=CYLINDRICAL_SURFACE('',#1214,2.1);
#40=CYLINDRICAL_SURFACE('',#1216,2.1);
#41=CYLINDRICAL_SURFACE('',#1218,2.1);
#42=CYLINDRICAL_SURFACE('',#1220,3.25);
#43=CYLINDRICAL_SURFACE('',#1228,8.);
#44=FACE_BOUND('',#407,.T.);
#45=FACE_BOUND('',#408,.T.);
#46=FACE_BOUND('',#409,.T.);
#47=FACE_BOUND('',#410,.T.);
#48=FACE_BOUND('',#411,.T.);
#49=FACE_BOUND('',#425,.T.);
#50=FACE_BOUND('',#429,.T.);
#51=FACE_BOUND('',#430,.T.);
#52=FACE_BOUND('',#434,.T.);
#53=FACE_BOUND('',#437,.T.);
#54=FACE_BOUND('',#438,.T.);
#55=FACE_BOUND('',#441,.T.);
#56=FACE_BOUND('',#457,.T.);
#57=FACE_BOUND('',#466,.T.);
#58=FACE_BOUND('',#467,.T.);
#59=FACE_BOUND('',#468,.T.);
#60=FACE_BOUND('',#469,.T.);
#61=FACE_BOUND('',#470,.T.);
#62=FACE_BOUND('',#471,.T.);
#63=FACE_BOUND('',#472,.T.);
#64=FACE_BOUND('',#475,.T.);
#65=FACE_BOUND('',#476,.T.);
#66=FACE_BOUND('',#479,.T.);
#67=FACE_BOUND('',#483,.T.);
#68=CIRCLE('',#1139,12.5);
#69=CIRCLE('',#1140,2.1);
#70=CIRCLE('',#1141,2.1);
#71=CIRCLE('',#1142,2.1);
#72=CIRCLE('',#1143,2.1);
#73=CIRCLE('',#1145,8.);
#74=CIRCLE('',#1146,8.);
#75=CIRCLE('',#1147,8.);
#76=CIRCLE('',#1151,8.);
#77=CIRCLE('',#1154,8.);
#78=CIRCLE('',#1160,20.);
#79=CIRCLE('',#1161,5.);
#80=CIRCLE('',#1163,8.);
#81=CIRCLE('',#1166,5.);
#82=CIRCLE('',#1167,20.);
#83=CIRCLE('',#1171,2.);
#84=CIRCLE('',#1172,2.);
#85=CIRCLE('',#1182,2.);
#86=CIRCLE('',#1183,2.);
#87=CIRCLE('',#1194,6.);
#88=CIRCLE('',#1196,2.5);
#89=CIRCLE('',#1197,2.5);
#90=CIRCLE('',#1199,2.5);
#91=CIRCLE('',#1200,2.5);
#92=CIRCLE('',#1209,3.25);
#93=CIRCLE('',#1211,12.5);
#94=CIRCLE('',#1213,2.1);
#95=CIRCLE('',#1215,2.1);
#96=CIRCLE('',#1217,2.1);
#97=CIRCLE('',#1219,2.1);
#98=CIRCLE('',#1221,3.25);
#99=CIRCLE('',#1229,8.);
#100=LINE('',#1600,#207);
#101=LINE('',#1606,#208);
#102=LINE('',#1609,#209);
#103=LINE('',#1611,#210);
#104=LINE('',#1613,#211);
#105=LINE('',#1615,#212);
#106=LINE('',#1616,#213);
#107=LINE('',#1696,#214);
#108=LINE('',#1701,#215);
#109=LINE('',#1703,#216);
#110=LINE('',#1705,#217);
#111=LINE('',#1707,#218);
#112=LINE('',#1708,#219);
#113=LINE('',#1712,#220);
#114=LINE('',#1713,#221);
#115=LINE('',#1714,#222);
#116=LINE('',#1717,#223);
#117=LINE('',#1719,#224);
#118=LINE('',#1723,#225);
#119=LINE('',#1725,#226);
#120=LINE('',#1727,#227);
#121=LINE('',#1729,#228);
#122=LINE('',#1731,#229);
#123=LINE('',#1733,#230);
#124=LINE('',#1735,#231);
#125=LINE('',#1736,#232);
#126=LINE('',#1740,#233);
#127=LINE('',#1741,#234);
#128=LINE('',#1742,#235);
#129=LINE('',#1745,#236);
#130=LINE('',#1747,#237);
#131=LINE('',#1749,#238);
#132=LINE('',#1751,#239);
#133=LINE('',#1753,#240);
#134=LINE('',#1755,#241);
#135=LINE('',#1757,#242);
#136=LINE('',#1759,#243);
#137=LINE('',#1763,#244);
#138=LINE('',#1764,#245);
#139=LINE('',#1767,#246);
#140=LINE('',#1768,#247);
#141=LINE('',#1771,#248);
#142=LINE('',#1772,#249);
#143=LINE('',#1774,#250);
#144=LINE('',#1778,#251);
#145=LINE('',#1780,#252);
#146=LINE('',#1782,#253);
#147=LINE('',#1783,#254);
#148=LINE('',#1786,#255);
#149=LINE('',#1790,#256);
#150=LINE('',#1792,#257);
#151=LINE('',#1795,#258);
#152=LINE('',#1798,#259);
#153=LINE('',#1800,#260);
#154=LINE('',#1802,#261);
#155=LINE('',#1803,#262);
#156=LINE('',#1808,#263);
#157=LINE('',#1810,#264);
#158=LINE('',#1811,#265);
#159=LINE('',#1814,#266);
#160=LINE('',#1818,#267);
#161=LINE('',#1820,#268);
#162=LINE('',#1824,#269);
#163=LINE('',#1828,#270);
#164=LINE('',#1831,#271);
#165=LINE('',#1832,#272);
#166=LINE('',#1839,#273);
#167=LINE('',#1840,#274);
#168=LINE('',#1842,#275);
#169=LINE('',#1843,#276);
#170=LINE('',#1858,#277);
#171=LINE('',#1859,#278);
#172=LINE('',#1861,#279);
#173=LINE('',#1873,#280);
#174=LINE('',#1878,#281);
#175=LINE('',#1883,#282);
#176=LINE('',#1886,#283);
#177=LINE('',#1892,#284);
#178=LINE('',#1895,#285);
#179=LINE('',#1898,#286);
#180=LINE('',#1900,#287);
#181=LINE('',#1903,#288);
#182=LINE('',#1907,#289);
#183=LINE('',#1908,#290);
#184=LINE('',#1910,#291);
#185=LINE('',#1912,#292);
#186=LINE('',#1913,#293);
#187=LINE('',#1915,#294);
#188=LINE('',#1918,#295);
#189=LINE('',#1924,#296);
#190=LINE('',#1930,#297);
#191=LINE('',#1933,#298);
#192=LINE('',#1935,#299);
#193=LINE('',#1938,#300);
#194=LINE('',#1947,#301);
#195=LINE('',#1951,#302);
#196=LINE('',#1955,#303);
#197=LINE('',#1959,#304);
#198=LINE('',#1963,#305);
#199=LINE('',#1967,#306);
#200=LINE('',#1970,#307);
#201=LINE('',#1972,#308);
#202=LINE('',#1974,#309);
#203=LINE('',#1976,#310);
#204=LINE('',#1978,#311);
#205=LINE('',#1982,#312);
#206=LINE('',#1985,#313);
#207=VECTOR('',#1236,10.);
#208=VECTOR('',#1237,10.);
#209=VECTOR('',#1240,10.);
#210=VECTOR('',#1241,10.);
#211=VECTOR('',#1242,10.);
#212=VECTOR('',#1243,10.);
#213=VECTOR('',#1244,10.);
#214=VECTOR('',#1259,8.);
#215=VECTOR('',#1266,10.);
#216=VECTOR('',#1267,10.);
#217=VECTOR('',#1268,10.);
#218=VECTOR('',#1269,10.);
#219=VECTOR('',#1270,10.);
#220=VECTOR('',#1273,10.);
#221=VECTOR('',#1274,10.);
#222=VECTOR('',#1275,10.);
#223=VECTOR('',#1278,10.);
#224=VECTOR('',#1279,10.);
#225=VECTOR('',#1282,10.);
#226=VECTOR('',#1283,10.);
#227=VECTOR('',#1284,10.);
#228=VECTOR('',#1285,10.);
#229=VECTOR('',#1286,10.);
#230=VECTOR('',#1287,10.);
#231=VECTOR('',#1288,10.);
#232=VECTOR('',#1289,10.);
#233=VECTOR('',#1292,10.);
#234=VECTOR('',#1293,10.);
#235=VECTOR('',#1294,10.);
#236=VECTOR('',#1297,10.);
#237=VECTOR('',#1298,10.);
#238=VECTOR('',#1299,10.);
#239=VECTOR('',#1300,10.);
#240=VECTOR('',#1301,10.);
#241=VECTOR('',#1302,10.);
#242=VECTOR('',#1303,10.);
#243=VECTOR('',#1304,10.);
#244=VECTOR('',#1307,10.);
#245=VECTOR('',#1308,10.);
#246=VECTOR('',#1311,10.);
#247=VECTOR('',#1312,10.);
#248=VECTOR('',#1315,10.);
#249=VECTOR('',#1316,10.);
#250=VECTOR('',#1319,10.);
#251=VECTOR('',#1322,10.);
#252=VECTOR('',#1323,10.);
#253=VECTOR('',#1324,10.);
#254=VECTOR('',#1325,10.);
#255=VECTOR('',#1328,10.);
#256=VECTOR('',#1331,10.);
#257=VECTOR('',#1332,10.);
#258=VECTOR('',#1335,10.);
#259=VECTOR('',#1338,10.);
#260=VECTOR('',#1339,10.);
#261=VECTOR('',#1340,10.);
#262=VECTOR('',#1341,10.);
#263=VECTOR('',#1346,10.);
#264=VECTOR('',#1347,10.);
#265=VECTOR('',#1348,10.);
#266=VECTOR('',#1351,10.);
#267=VECTOR('',#1354,10.);
#268=VECTOR('',#1355,10.);
#269=VECTOR('',#1360,10.);
#270=VECTOR('',#1363,10.);
#271=VECTOR('',#1366,10.);
#272=VECTOR('',#1367,10.);
#273=VECTOR('',#1374,10.);
#274=VECTOR('',#1375,10.);
#275=VECTOR('',#1378,10.);
#276=VECTOR('',#1379,10.);
#277=VECTOR('',#1384,10.);
#278=VECTOR('',#1385,10.);
#279=VECTOR('',#1386,10.);
#280=VECTOR('',#1387,10.);
#281=VECTOR('',#1392,10.);
#282=VECTOR('',#1397,10.);
#283=VECTOR('',#1400,10.);
#284=VECTOR('',#1407,10.);
#285=VECTOR('',#1410,10.);
#286=VECTOR('',#1413,10.);
#287=VECTOR('',#1414,10.);
#288=VECTOR('',#1417,10.);
#289=VECTOR('',#1422,10.);
#290=VECTOR('',#1423,10.);
#291=VECTOR('',#1426,10.);
#292=VECTOR('',#1429,10.);
#293=VECTOR('',#1430,10.);
#294=VECTOR('',#1433,10.);
#295=VECTOR('',#1436,6.);
#296=VECTOR('',#1443,2.5);
#297=VECTOR('',#1450,2.5);
#298=VECTOR('',#1455,2.);
#299=VECTOR('',#1458,2.);
#300=VECTOR('',#1463,10.);
#301=VECTOR('',#1476,12.5);
#302=VECTOR('',#1481,2.1);
#303=VECTOR('',#1486,2.1);
#304=VECTOR('',#1491,2.1);
#305=VECTOR('',#1496,2.1);
#306=VECTOR('',#1501,3.25);
#307=VECTOR('',#1506,10.);
#308=VECTOR('',#1509,10.);
#309=VECTOR('',#1512,10.);
#310=VECTOR('',#1515,10.);
#311=VECTOR('',#1518,10.);
#312=VECTOR('',#1523,8.);
#313=VECTOR('',#1528,10.);
#314=PLANE('',#1137);
#315=PLANE('',#1138);
#316=PLANE('',#1148);
#317=PLANE('',#1149);
#318=PLANE('',#1150);
#319=PLANE('',#1152);
#320=PLANE('',#1153);
#321=PLANE('',#1155);
#322=PLANE('',#1156);
#323=PLANE('',#1157);
#324=PLANE('',#1158);
#325=PLANE('',#1159);
#326=PLANE('',#1162);
#327=PLANE('',#1164);
#328=PLANE('',#1165);
#329=PLANE('',#1168);
#330=PLANE('',#1173);
#331=PLANE('',#1175);
#332=PLANE('',#1177);
#333=PLANE('',#1185);
#334=PLANE('',#1190);
#335=PLANE('',#1191);
#336=PLANE('',#1203);
#337=PLANE('',#1205);
#338=PLANE('',#1206);
#339=PLANE('',#1208);
#340=PLANE('',#1222);
#341=PLANE('',#1223);
#342=PLANE('',#1224);
#343=PLANE('',#1225);
#344=PLANE('',#1226);
#345=PLANE('',#1227);
#346=PLANE('',#1230);
#347=PLANE('',#1231);
#348=FACE_OUTER_BOUND('',#404,.T.);
#349=FACE_OUTER_BOUND('',#405,.T.);
#350=FACE_OUTER_BOUND('',#406,.T.);
#351=FACE_OUTER_BOUND('',#412,.T.);
#352=FACE_OUTER_BOUND('',#413,.T.);
#353=FACE_OUTER_BOUND('',#414,.T.);
#354=FACE_OUTER_BOUND('',#415,.T.);
#355=FACE_OUTER_BOUND('',#416,.T.);
#356=FACE_OUTER_BOUND('',#417,.T.);
#357=FACE_OUTER_BOUND('',#418,.T.);
#358=FACE_OUTER_BOUND('',#419,.T.);
#359=FACE_OUTER_BOUND('',#420,.T.);
#360=FACE_OUTER_BOUND('',#421,.T.);
#361=FACE_OUTER_BOUND('',#422,.T.);
#362=FACE_OUTER_BOUND('',#423,.T.);
#363=FACE_OUTER_BOUND('',#424,.T.);
#364=FACE_OUTER_BOUND('',#426,.T.);
#365=FACE_OUTER_BOUND('',#427,.T.);
#366=FACE_OUTER_BOUND('',#428,.T.);
#367=FACE_OUTER_BOUND('',#431,.T.);
#368=FACE_OUTER_BOUND('',#432,.T.);
#369=FACE_OUTER_BOUND('',#433,.T.);
#370=FACE_OUTER_BOUND('',#435,.T.);
#371=FACE_OUTER_BOUND('',#436,.T.);
#372=FACE_OUTER_BOUND('',#439,.T.);
#373=FACE_OUTER_BOUND('',#440,.T.);
#374=FACE_OUTER_BOUND('',#442,.T.);
#375=FACE_OUTER_BOUND('',#443,.T.);
#376=FACE_OUTER_BOUND('',#444,.T.);
#377=FACE_OUTER_BOUND('',#445,.T.);
#378=FACE_OUTER_BOUND('',#446,.T.);
#379=FACE_OUTER_BOUND('',#447,.T.);
#380=FACE_OUTER_BOUND('',#448,.T.);
#381=FACE_OUTER_BOUND('',#449,.T.);
#382=FACE_OUTER_BOUND('',#450,.T.);
#383=FACE_OUTER_BOUND('',#451,.T.);
#384=FACE_OUTER_BOUND('',#452,.T.);
#385=FACE_OUTER_BOUND('',#453,.T.);
#386=FACE_OUTER_BOUND('',#454,.T.);
#387=FACE_OUTER_BOUND('',#455,.T.);
#388=FACE_OUTER_BOUND('',#456,.T.);
#389=FACE_OUTER_BOUND('',#458,.T.);
#390=FACE_OUTER_BOUND('',#459,.T.);
#391=FACE_OUTER_BOUND('',#460,.T.);
#392=FACE_OUTER_BOUND('',#461,.T.);
#393=FACE_OUTER_BOUND('',#462,.T.);
#394=FACE_OUTER_BOUND('',#463,.T.);
#395=FACE_OUTER_BOUND('',#464,.T.);
#396=FACE_OUTER_BOUND('',#465,.T.);
#397=FACE_OUTER_BOUND('',#473,.T.);
#398=FACE_OUTER_BOUND('',#474,.T.);
#399=FACE_OUTER_BOUND('',#477,.T.);
#400=FACE_OUTER_BOUND('',#478,.T.);
#401=FACE_OUTER_BOUND('',#480,.T.);
#402=FACE_OUTER_BOUND('',#481,.T.);
#403=FACE_OUTER_BOUND('',#482,.T.);
#404=EDGE_LOOP('',(#759,#760,#761,#762));
#405=EDGE_LOOP('',(#763,#764,#765,#766));
#406=EDGE_LOOP('',(#767,#768,#769,#770,#771,#772));
#407=EDGE_LOOP('',(#773));
#408=EDGE_LOOP('',(#774));
#409=EDGE_LOOP('',(#775));
#410=EDGE_LOOP('',(#776));
#411=EDGE_LOOP('',(#777));
#412=EDGE_LOOP('',(#778,#779,#780,#781,#782));
#413=EDGE_LOOP('',(#783,#784,#785,#786,#787));
#414=EDGE_LOOP('',(#788,#789,#790,#791,#792,#793,#794,#795,#796));
#415=EDGE_LOOP('',(#797,#798,#799,#800));
#416=EDGE_LOOP('',(#801,#802,#803,#804,#805,#806,#807,#808,#809,#810,#811,
#812,#813,#814,#815,#816,#817));
#417=EDGE_LOOP('',(#818,#819,#820,#821));
#418=EDGE_LOOP('',(#822,#823,#824,#825,#826,#827,#828,#829,#830,#831,#832,
#833,#834,#835,#836,#837,#838));
#419=EDGE_LOOP('',(#839,#840,#841,#842));
#420=EDGE_LOOP('',(#843,#844,#845,#846));
#421=EDGE_LOOP('',(#847,#848,#849,#850));
#422=EDGE_LOOP('',(#851,#852,#853,#854));
#423=EDGE_LOOP('',(#855,#856,#857,#858,#859,#860,#861));
#424=EDGE_LOOP('',(#862,#863,#864,#865,#866,#867));
#425=EDGE_LOOP('',(#868));
#426=EDGE_LOOP('',(#869,#870,#871,#872));
#427=EDGE_LOOP('',(#873,#874,#875,#876,#877,#878,#879));
#428=EDGE_LOOP('',(#880,#881,#882,#883,#884,#885,#886,#887));
#429=EDGE_LOOP('',(#888));
#430=EDGE_LOOP('',(#889));
#431=EDGE_LOOP('',(#890,#891,#892,#893));
#432=EDGE_LOOP('',(#894,#895,#896,#897));
#433=EDGE_LOOP('',(#898,#899,#900,#901,#902,#903));
#434=EDGE_LOOP('',(#904));
#435=EDGE_LOOP('',(#905,#906,#907,#908,#909,#910,#911,#912));
#436=EDGE_LOOP('',(#913,#914,#915,#916,#917,#918,#919,#920,#921,#922,#923,
#924));
#437=EDGE_LOOP('',(#925));
#438=EDGE_LOOP('',(#926));
#439=EDGE_LOOP('',(#927,#928,#929,#930));
#440=EDGE_LOOP('',(#931,#932,#933,#934,#935,#936,#937,#938,#939,#940));
#441=EDGE_LOOP('',(#941));
#442=EDGE_LOOP('',(#942,#943,#944,#945,#946));
#443=EDGE_LOOP('',(#947,#948,#949,#950));
#444=EDGE_LOOP('',(#951,#952,#953,#954));
#445=EDGE_LOOP('',(#955,#956,#957,#958,#959));
#446=EDGE_LOOP('',(#960,#961,#962,#963));
#447=EDGE_LOOP('',(#964,#965,#966,#967));
#448=EDGE_LOOP('',(#968,#969,#970,#971));
#449=EDGE_LOOP('',(#972,#973,#974,#975));
#450=EDGE_LOOP('',(#976,#977,#978,#979));
#451=EDGE_LOOP('',(#980,#981,#982,#983));
#452=EDGE_LOOP('',(#984,#985,#986,#987));
#453=EDGE_LOOP('',(#988,#989,#990,#991));
#454=EDGE_LOOP('',(#992,#993,#994,#995));
#455=EDGE_LOOP('',(#996,#997,#998,#999));
#456=EDGE_LOOP('',(#1000));
#457=EDGE_LOOP('',(#1001));
#458=EDGE_LOOP('',(#1002,#1003,#1004,#1005));
#459=EDGE_LOOP('',(#1006,#1007,#1008,#1009));
#460=EDGE_LOOP('',(#1010,#1011,#1012,#1013));
#461=EDGE_LOOP('',(#1014,#1015,#1016,#1017));
#462=EDGE_LOOP('',(#1018,#1019,#1020,#1021));
#463=EDGE_LOOP('',(#1022,#1023,#1024,#1025));
#464=EDGE_LOOP('',(#1026,#1027,#1028,#1029));
#465=EDGE_LOOP('',(#1030,#1031,#1032,#1033,#1034,#1035));
#466=EDGE_LOOP('',(#1036));
#467=EDGE_LOOP('',(#1037));
#468=EDGE_LOOP('',(#1038));
#469=EDGE_LOOP('',(#1039));
#470=EDGE_LOOP('',(#1040));
#471=EDGE_LOOP('',(#1041));
#472=EDGE_LOOP('',(#1042));
#473=EDGE_LOOP('',(#1043,#1044,#1045,#1046));
#474=EDGE_LOOP('',(#1047,#1048,#1049,#1050));
#475=EDGE_LOOP('',(#1051));
#476=EDGE_LOOP('',(#1052));
#477=EDGE_LOOP('',(#1053,#1054,#1055,#1056));
#478=EDGE_LOOP('',(#1057,#1058,#1059,#1060));
#479=EDGE_LOOP('',(#1061));
#480=EDGE_LOOP('',(#1062,#1063,#1064,#1065));
#481=EDGE_LOOP('',(#1066,#1067,#1068,#1069));
#482=EDGE_LOOP('',(#1070,#1071,#1072,#1073,#1074,#1075));
#483=EDGE_LOOP('',(#1076));
#484=B_SPLINE_CURVE_WITH_KNOTS('',3,(#1562,#1563,#1564,#1565,#1566,#1567,
#1568,#1569,#1570,#1571,#1572,#1573,#1574),.UNSPECIFIED.,.F.,.F.,(4,3,3,
3,4),(0.,0.18594526643794,0.37189053287588,0.46486316609485,0.650808432532789),
 .UNSPECIFIED.);
#485=B_SPLINE_CURVE_WITH_KNOTS('',3,(#1576,#1577,#1578,#1579),
 .UNSPECIFIED.,.F.,.F.,(4,4),(-2.49999998435379,2.50000001564621),
 .UNSPECIFIED.);
#486=B_SPLINE_CURVE_WITH_KNOTS('',3,(#1581,#1582,#1583,#1584,#1585,#1586,
#1587,#1588,#1589,#1590,#1591,#1592,#1593),.UNSPECIFIED.,.F.,.F.,(4,3,3,
3,4),(0.,0.25875132910359,0.388126993655385,0.646878322758975,0.905629651862565),
 .UNSPECIFIED.);
#487=B_SPLINE_CURVE_WITH_KNOTS('',3,(#1594,#1595,#1596,#1597),
 .UNSPECIFIED.,.F.,.F.,(4,4),(-2.50000001564621,2.49999998435379),
 .UNSPECIFIED.);
#488=B_SPLINE_CURVE_WITH_KNOTS('',3,(#1602,#1603,#1604,#1605),
 .UNSPECIFIED.,.F.,.F.,(4,4),(-2.5,2.5),.UNSPECIFIED.);
#489=B_SPLINE_CURVE_WITH_KNOTS('',3,(#1656,#1657,#1658,#1659,#1660,#1661,
#1662,#1663,#1664,#1665,#1666,#1667,#1668),.UNSPECIFIED.,.F.,.F.,(4,3,3,
3,4),(0.,0.562757407169892,1.12551481433978,1.68827222150968,1.96965092509462),
 .UNSPECIFIED.);
#490=B_SPLINE_CURVE_WITH_KNOTS('',3,(#1670,#1671,#1672,#1673,#1674,#1675,
#1676,#1677,#1678,#1679,#1680,#1681,#1682),.UNSPECIFIED.,.F.,.F.,(4,3,3,
3,4),(0.,0.325223780525954,0.975671341577861,1.62611890262977,2.27656646368168),
 .UNSPECIFIED.);
#491=B_SPLINE_CURVE_WITH_KNOTS('',3,(#1684,#1685,#1686,#1687),
 .UNSPECIFIED.,.F.,.F.,(4,4),(-2.5,-0.000400420399292445),.UNSPECIFIED.);
#492=B_SPLINE_CURVE_WITH_KNOTS('',3,(#1688,#1689,#1690,#1691),
 .UNSPECIFIED.,.F.,.F.,(4,4),(-0.000400420399291113,2.5),.UNSPECIFIED.);
#493=B_SPLINE_CURVE_WITH_KNOTS('',3,(#1848,#1849,#1850,#1851,#1852,#1853,
#1854,#1855,#1856,#1857),.UNSPECIFIED.,.F.,.F.,(4,2,2,2,4),(2.04201758794959,
2.06713796001786,2.13866574432881,2.29197615203931,2.44528655974981),
 .UNSPECIFIED.);
#494=B_SPLINE_CURVE_WITH_KNOTS('',3,(#1863,#1864,#1865,#1866,#1867,#1868,
#1869,#1870,#1871,#1872),.UNSPECIFIED.,.F.,.F.,(4,2,2,2,4),(2.4452866268084,
2.60502466988273,2.76476271295707,2.83525893056447,2.84968047834682),
 .UNSPECIFIED.);
#495=VERTEX_POINT('',#1560);
#496=VERTEX_POINT('',#1561);
#497=VERTEX_POINT('',#1575);
#498=VERTEX_POINT('',#1580);
#499=VERTEX_POINT('',#1599);
#500=VERTEX_POINT('',#1601);
#501=VERTEX_POINT('',#1608);
#502=VERTEX_POINT('',#1610);
#503=VERTEX_POINT('',#1612);
#504=VERTEX_POINT('',#1614);
#505=VERTEX_POINT('',#1617);
#506=VERTEX_POINT('',#1619);
#507=VERTEX_POINT('',#1621);
#508=VERTEX_POINT('',#1623);
#509=VERTEX_POINT('',#1625);
#510=VERTEX_POINT('',#1655);
#511=VERTEX_POINT('',#1669);
#512=VERTEX_POINT('',#1683);
#513=VERTEX_POINT('',#1693);
#514=VERTEX_POINT('',#1695);
#515=VERTEX_POINT('',#1700);
#516=VERTEX_POINT('',#1702);
#517=VERTEX_POINT('',#1704);
#518=VERTEX_POINT('',#1706);
#519=VERTEX_POINT('',#1710);
#520=VERTEX_POINT('',#1711);
#521=VERTEX_POINT('',#1716);
#522=VERTEX_POINT('',#1718);
#523=VERTEX_POINT('',#1720);
#524=VERTEX_POINT('',#1722);
#525=VERTEX_POINT('',#1724);
#526=VERTEX_POINT('',#1726);
#527=VERTEX_POINT('',#1728);
#528=VERTEX_POINT('',#1730);
#529=VERTEX_POINT('',#1732);
#530=VERTEX_POINT('',#1734);
#531=VERTEX_POINT('',#1738);
#532=VERTEX_POINT('',#1739);
#533=VERTEX_POINT('',#1744);
#534=VERTEX_POINT('',#1746);
#535=VERTEX_POINT('',#1748);
#536=VERTEX_POINT('',#1750);
#537=VERTEX_POINT('',#1752);
#538=VERTEX_POINT('',#1754);
#539=VERTEX_POINT('',#1756);
#540=VERTEX_POINT('',#1758);
#541=VERTEX_POINT('',#1760);
#542=VERTEX_POINT('',#1762);
#543=VERTEX_POINT('',#1766);
#544=VERTEX_POINT('',#1770);
#545=VERTEX_POINT('',#1776);
#546=VERTEX_POINT('',#1777);
#547=VERTEX_POINT('',#1779);
#548=VERTEX_POINT('',#1781);
#549=VERTEX_POINT('',#1785);
#550=VERTEX_POINT('',#1787);
#551=VERTEX_POINT('',#1789);
#552=VERTEX_POINT('',#1791);
#553=VERTEX_POINT('',#1793);
#554=VERTEX_POINT('',#1797);
#555=VERTEX_POINT('',#1799);
#556=VERTEX_POINT('',#1801);
#557=VERTEX_POINT('',#1804);
#558=VERTEX_POINT('',#1807);
#559=VERTEX_POINT('',#1809);
#560=VERTEX_POINT('',#1813);
#561=VERTEX_POINT('',#1815);
#562=VERTEX_POINT('',#1817);
#563=VERTEX_POINT('',#1819);
#564=VERTEX_POINT('',#1823);
#565=VERTEX_POINT('',#1825);
#566=VERTEX_POINT('',#1827);
#567=VERTEX_POINT('',#1829);
#568=VERTEX_POINT('',#1833);
#569=VERTEX_POINT('',#1835);
#570=VERTEX_POINT('',#1838);
#571=VERTEX_POINT('',#1846);
#572=VERTEX_POINT('',#1847);
#573=VERTEX_POINT('',#1860);
#574=VERTEX_POINT('',#1862);
#575=VERTEX_POINT('',#1875);
#576=VERTEX_POINT('',#1877);
#577=VERTEX_POINT('',#1880);
#578=VERTEX_POINT('',#1882);
#579=VERTEX_POINT('',#1884);
#580=VERTEX_POINT('',#1887);
#581=VERTEX_POINT('',#1889);
#582=VERTEX_POINT('',#1894);
#583=VERTEX_POINT('',#1896);
#584=VERTEX_POINT('',#1899);
#585=VERTEX_POINT('',#1901);
#586=VERTEX_POINT('',#1904);
#587=VERTEX_POINT('',#1917);
#588=VERTEX_POINT('',#1921);
#589=VERTEX_POINT('',#1923);
#590=VERTEX_POINT('',#1927);
#591=VERTEX_POINT('',#1929);
#592=VERTEX_POINT('',#1943);
#593=VERTEX_POINT('',#1946);
#594=VERTEX_POINT('',#1950);
#595=VERTEX_POINT('',#1954);
#596=VERTEX_POINT('',#1958);
#597=VERTEX_POINT('',#1962);
#598=VERTEX_POINT('',#1966);
#599=VERTEX_POINT('',#1981);
#600=EDGE_CURVE('',#495,#496,#484,.T.);
#601=EDGE_CURVE('',#496,#497,#485,.T.);
#602=EDGE_CURVE('',#497,#498,#486,.T.);
#603=EDGE_CURVE('',#498,#495,#487,.T.);
#604=EDGE_CURVE('',#496,#499,#100,.F.);
#605=EDGE_CURVE('',#500,#499,#488,.T.);
#606=EDGE_CURVE('',#500,#497,#101,.F.);
#607=EDGE_CURVE('',#498,#501,#102,.F.);
#608=EDGE_CURVE('',#502,#501,#103,.F.);
#609=EDGE_CURVE('',#502,#503,#104,.F.);
#610=EDGE_CURVE('',#504,#503,#105,.F.);
#611=EDGE_CURVE('',#504,#495,#106,.F.);
#612=EDGE_CURVE('',#505,#505,#68,.F.);
#613=EDGE_CURVE('',#506,#506,#69,.F.);
#614=EDGE_CURVE('',#507,#507,#70,.F.);
#615=EDGE_CURVE('',#508,#508,#71,.F.);
#616=EDGE_CURVE('',#509,#509,#72,.F.);
#617=EDGE_CURVE('',#510,#500,#489,.T.);
#618=EDGE_CURVE('',#499,#511,#490,.T.);
#619=EDGE_CURVE('',#511,#512,#491,.T.);
#620=EDGE_CURVE('',#512,#510,#492,.T.);
#621=EDGE_CURVE('',#513,#513,#73,.T.);
#622=EDGE_CURVE('',#513,#514,#107,.T.);
#623=EDGE_CURVE('',#512,#514,#74,.T.);
#624=EDGE_CURVE('',#514,#512,#75,.T.);
#625=EDGE_CURVE('',#511,#515,#108,.T.);
#626=EDGE_CURVE('',#516,#515,#109,.T.);
#627=EDGE_CURVE('',#516,#517,#110,.T.);
#628=EDGE_CURVE('',#518,#517,#111,.T.);
#629=EDGE_CURVE('',#518,#510,#112,.T.);
#630=EDGE_CURVE('',#519,#520,#113,.T.);
#631=EDGE_CURVE('',#520,#502,#114,.T.);
#632=EDGE_CURVE('',#501,#519,#115,.T.);
#633=EDGE_CURVE('',#521,#518,#116,.T.);
#634=EDGE_CURVE('',#521,#522,#117,.F.);
#635=EDGE_CURVE('',#523,#522,#76,.T.);
#636=EDGE_CURVE('',#524,#523,#118,.F.);
#637=EDGE_CURVE('',#524,#525,#119,.F.);
#638=EDGE_CURVE('',#526,#525,#120,.T.);
#639=EDGE_CURVE('',#526,#527,#121,.T.);
#640=EDGE_CURVE('',#528,#527,#122,.F.);
#641=EDGE_CURVE('',#529,#528,#123,.F.);
#642=EDGE_CURVE('',#530,#529,#124,.T.);
#643=EDGE_CURVE('',#530,#519,#125,.T.);
#644=EDGE_CURVE('',#531,#532,#126,.T.);
#645=EDGE_CURVE('',#532,#504,#127,.T.);
#646=EDGE_CURVE('',#503,#531,#128,.T.);
#647=EDGE_CURVE('',#533,#532,#129,.F.);
#648=EDGE_CURVE('',#534,#533,#130,.T.);
#649=EDGE_CURVE('',#534,#535,#131,.T.);
#650=EDGE_CURVE('',#536,#535,#132,.F.);
#651=EDGE_CURVE('',#537,#536,#133,.F.);
#652=EDGE_CURVE('',#538,#537,#134,.T.);
#653=EDGE_CURVE('',#538,#539,#135,.F.);
#654=EDGE_CURVE('',#540,#539,#136,.F.);
#655=EDGE_CURVE('',#541,#540,#77,.T.);
#656=EDGE_CURVE('',#541,#542,#137,.F.);
#657=EDGE_CURVE('',#515,#542,#138,.T.);
#658=EDGE_CURVE('',#543,#521,#139,.T.);
#659=EDGE_CURVE('',#517,#543,#140,.T.);
#660=EDGE_CURVE('',#544,#516,#141,.T.);
#661=EDGE_CURVE('',#544,#543,#142,.T.);
#662=EDGE_CURVE('',#542,#544,#143,.T.);
#663=EDGE_CURVE('',#545,#546,#144,.T.);
#664=EDGE_CURVE('',#546,#547,#145,.T.);
#665=EDGE_CURVE('',#547,#548,#146,.T.);
#666=EDGE_CURVE('',#548,#545,#147,.T.);
#667=EDGE_CURVE('',#549,#546,#148,.F.);
#668=EDGE_CURVE('',#550,#549,#78,.T.);
#669=EDGE_CURVE('',#551,#550,#149,.T.);
#670=EDGE_CURVE('',#551,#552,#150,.F.);
#671=EDGE_CURVE('',#553,#552,#79,.T.);
#672=EDGE_CURVE('',#553,#547,#151,.F.);
#673=EDGE_CURVE('',#545,#554,#152,.T.);
#674=EDGE_CURVE('',#555,#554,#153,.T.);
#675=EDGE_CURVE('',#555,#556,#154,.F.);
#676=EDGE_CURVE('',#549,#556,#155,.T.);
#677=EDGE_CURVE('',#557,#557,#80,.T.);
#678=EDGE_CURVE('',#554,#558,#156,.T.);
#679=EDGE_CURVE('',#558,#559,#157,.T.);
#680=EDGE_CURVE('',#559,#555,#158,.T.);
#681=EDGE_CURVE('',#559,#560,#159,.F.);
#682=EDGE_CURVE('',#560,#561,#81,.F.);
#683=EDGE_CURVE('',#561,#562,#160,.F.);
#684=EDGE_CURVE('',#563,#562,#161,.T.);
#685=EDGE_CURVE('',#556,#563,#82,.T.);
#686=EDGE_CURVE('',#564,#525,#162,.T.);
#687=EDGE_CURVE('',#565,#564,#15,.T.);
#688=EDGE_CURVE('',#566,#565,#163,.T.);
#689=EDGE_CURVE('',#566,#567,#16,.F.);
#690=EDGE_CURVE('',#567,#538,#164,.T.);
#691=EDGE_CURVE('',#537,#526,#165,.F.);
#692=EDGE_CURVE('',#568,#568,#83,.T.);
#693=EDGE_CURVE('',#569,#569,#84,.T.);
#694=EDGE_CURVE('',#570,#567,#166,.T.);
#695=EDGE_CURVE('',#539,#570,#167,.T.);
#696=EDGE_CURVE('',#522,#541,#168,.T.);
#697=EDGE_CURVE('',#540,#523,#169,.T.);
#698=EDGE_CURVE('',#571,#572,#493,.T.);
#699=EDGE_CURVE('',#572,#561,#170,.T.);
#700=EDGE_CURVE('',#560,#553,#171,.T.);
#701=EDGE_CURVE('',#573,#552,#172,.F.);
#702=EDGE_CURVE('',#574,#573,#494,.F.);
#703=EDGE_CURVE('',#574,#571,#173,.T.);
#704=EDGE_CURVE('',#575,#570,#17,.T.);
#705=EDGE_CURVE('',#576,#575,#174,.T.);
#706=EDGE_CURVE('',#571,#576,#18,.T.);
#707=EDGE_CURVE('',#577,#574,#19,.T.);
#708=EDGE_CURVE('',#578,#577,#175,.T.);
#709=EDGE_CURVE('',#579,#578,#20,.T.);
#710=EDGE_CURVE('',#579,#524,#176,.T.);
#711=EDGE_CURVE('',#580,#580,#85,.T.);
#712=EDGE_CURVE('',#581,#581,#86,.T.);
#713=EDGE_CURVE('',#563,#550,#177,.T.);
#714=EDGE_CURVE('',#562,#582,#178,.T.);
#715=EDGE_CURVE('',#582,#583,#21,.T.);
#716=EDGE_CURVE('',#583,#566,#179,.T.);
#717=EDGE_CURVE('',#565,#584,#180,.T.);
#718=EDGE_CURVE('',#584,#585,#22,.T.);
#719=EDGE_CURVE('',#585,#551,#181,.T.);
#720=EDGE_CURVE('',#586,#586,#23,.T.);
#721=EDGE_CURVE('',#584,#577,#182,.T.);
#722=EDGE_CURVE('',#573,#585,#183,.T.);
#723=EDGE_CURVE('',#578,#565,#184,.T.);
#724=EDGE_CURVE('',#576,#583,#185,.T.);
#725=EDGE_CURVE('',#566,#575,#186,.T.);
#726=EDGE_CURVE('',#582,#572,#187,.T.);
#727=EDGE_CURVE('',#586,#587,#188,.T.);
#728=EDGE_CURVE('',#587,#587,#87,.T.);
#729=EDGE_CURVE('',#588,#588,#88,.T.);
#730=EDGE_CURVE('',#588,#589,#189,.T.);
#731=EDGE_CURVE('',#589,#589,#89,.T.);
#732=EDGE_CURVE('',#590,#590,#90,.T.);
#733=EDGE_CURVE('',#590,#591,#190,.T.);
#734=EDGE_CURVE('',#591,#591,#91,.T.);
#735=EDGE_CURVE('',#568,#581,#191,.T.);
#736=EDGE_CURVE('',#569,#580,#192,.T.);
#737=EDGE_CURVE('',#564,#579,#193,.T.);
#738=EDGE_CURVE('',#592,#592,#92,.T.);
#739=EDGE_CURVE('',#505,#593,#194,.T.);
#740=EDGE_CURVE('',#593,#593,#93,.T.);
#741=EDGE_CURVE('',#506,#594,#195,.T.);
#742=EDGE_CURVE('',#594,#594,#94,.T.);
#743=EDGE_CURVE('',#507,#595,#196,.T.);
#744=EDGE_CURVE('',#595,#595,#95,.T.);
#745=EDGE_CURVE('',#508,#596,#197,.T.);
#746=EDGE_CURVE('',#596,#596,#96,.T.);
#747=EDGE_CURVE('',#509,#597,#198,.T.);
#748=EDGE_CURVE('',#597,#597,#97,.T.);
#749=EDGE_CURVE('',#592,#598,#199,.T.);
#750=EDGE_CURVE('',#598,#598,#98,.T.);
#751=EDGE_CURVE('',#531,#520,#200,.T.);
#752=EDGE_CURVE('',#533,#530,#201,.F.);
#753=EDGE_CURVE('',#529,#534,#202,.T.);
#754=EDGE_CURVE('',#535,#528,#203,.T.);
#755=EDGE_CURVE('',#527,#536,#204,.T.);
#756=EDGE_CURVE('',#557,#599,#205,.T.);
#757=EDGE_CURVE('',#599,#599,#99,.F.);
#758=EDGE_CURVE('',#548,#558,#206,.T.);
#759=ORIENTED_EDGE('',*,*,#600,.T.);
#760=ORIENTED_EDGE('',*,*,#601,.T.);
#761=ORIENTED_EDGE('',*,*,#602,.T.);
#762=ORIENTED_EDGE('',*,*,#603,.T.);
#763=ORIENTED_EDGE('',*,*,#601,.F.);
#764=ORIENTED_EDGE('',*,*,#604,.T.);
#765=ORIENTED_EDGE('',*,*,#605,.F.);
#766=ORIENTED_EDGE('',*,*,#606,.T.);
#767=ORIENTED_EDGE('',*,*,#603,.F.);
#768=ORIENTED_EDGE('',*,*,#607,.T.);
#769=ORIENTED_EDGE('',*,*,#608,.F.);
#770=ORIENTED_EDGE('',*,*,#609,.T.);
#771=ORIENTED_EDGE('',*,*,#610,.F.);
#772=ORIENTED_EDGE('',*,*,#611,.T.);
#773=ORIENTED_EDGE('',*,*,#612,.T.);
#774=ORIENTED_EDGE('',*,*,#613,.T.);
#775=ORIENTED_EDGE('',*,*,#614,.T.);
#776=ORIENTED_EDGE('',*,*,#615,.T.);
#777=ORIENTED_EDGE('',*,*,#616,.T.);
#778=ORIENTED_EDGE('',*,*,#617,.T.);
#779=ORIENTED_EDGE('',*,*,#605,.T.);
#780=ORIENTED_EDGE('',*,*,#618,.T.);
#781=ORIENTED_EDGE('',*,*,#619,.T.);
#782=ORIENTED_EDGE('',*,*,#620,.T.);
#783=ORIENTED_EDGE('',*,*,#621,.F.);
#784=ORIENTED_EDGE('',*,*,#622,.T.);
#785=ORIENTED_EDGE('',*,*,#623,.F.);
#786=ORIENTED_EDGE('',*,*,#624,.F.);
#787=ORIENTED_EDGE('',*,*,#622,.F.);
#788=ORIENTED_EDGE('',*,*,#619,.F.);
#789=ORIENTED_EDGE('',*,*,#625,.T.);
#790=ORIENTED_EDGE('',*,*,#626,.F.);
#791=ORIENTED_EDGE('',*,*,#627,.T.);
#792=ORIENTED_EDGE('',*,*,#628,.F.);
#793=ORIENTED_EDGE('',*,*,#629,.T.);
#794=ORIENTED_EDGE('',*,*,#620,.F.);
#795=ORIENTED_EDGE('',*,*,#623,.T.);
#796=ORIENTED_EDGE('',*,*,#624,.T.);
#797=ORIENTED_EDGE('',*,*,#630,.T.);
#798=ORIENTED_EDGE('',*,*,#631,.T.);
#799=ORIENTED_EDGE('',*,*,#608,.T.);
#800=ORIENTED_EDGE('',*,*,#632,.T.);
#801=ORIENTED_EDGE('',*,*,#606,.F.);
#802=ORIENTED_EDGE('',*,*,#617,.F.);
#803=ORIENTED_EDGE('',*,*,#629,.F.);
#804=ORIENTED_EDGE('',*,*,#633,.F.);
#805=ORIENTED_EDGE('',*,*,#634,.T.);
#806=ORIENTED_EDGE('',*,*,#635,.F.);
#807=ORIENTED_EDGE('',*,*,#636,.F.);
#808=ORIENTED_EDGE('',*,*,#637,.T.);
#809=ORIENTED_EDGE('',*,*,#638,.F.);
#810=ORIENTED_EDGE('',*,*,#639,.T.);
#811=ORIENTED_EDGE('',*,*,#640,.F.);
#812=ORIENTED_EDGE('',*,*,#641,.F.);
#813=ORIENTED_EDGE('',*,*,#642,.F.);
#814=ORIENTED_EDGE('',*,*,#643,.T.);
#815=ORIENTED_EDGE('',*,*,#632,.F.);
#816=ORIENTED_EDGE('',*,*,#607,.F.);
#817=ORIENTED_EDGE('',*,*,#602,.F.);
#818=ORIENTED_EDGE('',*,*,#644,.T.);
#819=ORIENTED_EDGE('',*,*,#645,.T.);
#820=ORIENTED_EDGE('',*,*,#610,.T.);
#821=ORIENTED_EDGE('',*,*,#646,.T.);
#822=ORIENTED_EDGE('',*,*,#611,.F.);
#823=ORIENTED_EDGE('',*,*,#645,.F.);
#824=ORIENTED_EDGE('',*,*,#647,.F.);
#825=ORIENTED_EDGE('',*,*,#648,.F.);
#826=ORIENTED_EDGE('',*,*,#649,.T.);
#827=ORIENTED_EDGE('',*,*,#650,.F.);
#828=ORIENTED_EDGE('',*,*,#651,.F.);
#829=ORIENTED_EDGE('',*,*,#652,.F.);
#830=ORIENTED_EDGE('',*,*,#653,.T.);
#831=ORIENTED_EDGE('',*,*,#654,.F.);
#832=ORIENTED_EDGE('',*,*,#655,.F.);
#833=ORIENTED_EDGE('',*,*,#656,.T.);
#834=ORIENTED_EDGE('',*,*,#657,.F.);
#835=ORIENTED_EDGE('',*,*,#625,.F.);
#836=ORIENTED_EDGE('',*,*,#618,.F.);
#837=ORIENTED_EDGE('',*,*,#604,.F.);
#838=ORIENTED_EDGE('',*,*,#600,.F.);
#839=ORIENTED_EDGE('',*,*,#658,.T.);
#840=ORIENTED_EDGE('',*,*,#633,.T.);
#841=ORIENTED_EDGE('',*,*,#628,.T.);
#842=ORIENTED_EDGE('',*,*,#659,.T.);
#843=ORIENTED_EDGE('',*,*,#659,.F.);
#844=ORIENTED_EDGE('',*,*,#627,.F.);
#845=ORIENTED_EDGE('',*,*,#660,.F.);
#846=ORIENTED_EDGE('',*,*,#661,.T.);
#847=ORIENTED_EDGE('',*,*,#662,.T.);
#848=ORIENTED_EDGE('',*,*,#660,.T.);
#849=ORIENTED_EDGE('',*,*,#626,.T.);
#850=ORIENTED_EDGE('',*,*,#657,.T.);
#851=ORIENTED_EDGE('',*,*,#663,.T.);
#852=ORIENTED_EDGE('',*,*,#664,.T.);
#853=ORIENTED_EDGE('',*,*,#665,.T.);
#854=ORIENTED_EDGE('',*,*,#666,.T.);
#855=ORIENTED_EDGE('',*,*,#664,.F.);
#856=ORIENTED_EDGE('',*,*,#667,.F.);
#857=ORIENTED_EDGE('',*,*,#668,.F.);
#858=ORIENTED_EDGE('',*,*,#669,.F.);
#859=ORIENTED_EDGE('',*,*,#670,.T.);
#860=ORIENTED_EDGE('',*,*,#671,.F.);
#861=ORIENTED_EDGE('',*,*,#672,.T.);
#862=ORIENTED_EDGE('',*,*,#663,.F.);
#863=ORIENTED_EDGE('',*,*,#673,.T.);
#864=ORIENTED_EDGE('',*,*,#674,.F.);
#865=ORIENTED_EDGE('',*,*,#675,.T.);
#866=ORIENTED_EDGE('',*,*,#676,.F.);
#867=ORIENTED_EDGE('',*,*,#667,.T.);
#868=ORIENTED_EDGE('',*,*,#677,.T.);
#869=ORIENTED_EDGE('',*,*,#674,.T.);
#870=ORIENTED_EDGE('',*,*,#678,.T.);
#871=ORIENTED_EDGE('',*,*,#679,.T.);
#872=ORIENTED_EDGE('',*,*,#680,.T.);
#873=ORIENTED_EDGE('',*,*,#680,.F.);
#874=ORIENTED_EDGE('',*,*,#681,.T.);
#875=ORIENTED_EDGE('',*,*,#682,.T.);
#876=ORIENTED_EDGE('',*,*,#683,.T.);
#877=ORIENTED_EDGE('',*,*,#684,.F.);
#878=ORIENTED_EDGE('',*,*,#685,.F.);
#879=ORIENTED_EDGE('',*,*,#675,.F.);
#880=ORIENTED_EDGE('',*,*,#686,.F.);
#881=ORIENTED_EDGE('',*,*,#687,.F.);
#882=ORIENTED_EDGE('',*,*,#688,.F.);
#883=ORIENTED_EDGE('',*,*,#689,.T.);
#884=ORIENTED_EDGE('',*,*,#690,.T.);
#885=ORIENTED_EDGE('',*,*,#652,.T.);
#886=ORIENTED_EDGE('',*,*,#691,.T.);
#887=ORIENTED_EDGE('',*,*,#638,.T.);
#888=ORIENTED_EDGE('',*,*,#692,.T.);
#889=ORIENTED_EDGE('',*,*,#693,.T.);
#890=ORIENTED_EDGE('',*,*,#690,.F.);
#891=ORIENTED_EDGE('',*,*,#694,.F.);
#892=ORIENTED_EDGE('',*,*,#695,.F.);
#893=ORIENTED_EDGE('',*,*,#653,.F.);
#894=ORIENTED_EDGE('',*,*,#635,.T.);
#895=ORIENTED_EDGE('',*,*,#696,.T.);
#896=ORIENTED_EDGE('',*,*,#655,.T.);
#897=ORIENTED_EDGE('',*,*,#697,.T.);
#898=ORIENTED_EDGE('',*,*,#658,.F.);
#899=ORIENTED_EDGE('',*,*,#661,.F.);
#900=ORIENTED_EDGE('',*,*,#662,.F.);
#901=ORIENTED_EDGE('',*,*,#656,.F.);
#902=ORIENTED_EDGE('',*,*,#696,.F.);
#903=ORIENTED_EDGE('',*,*,#634,.F.);
#904=ORIENTED_EDGE('',*,*,#621,.T.);
#905=ORIENTED_EDGE('',*,*,#698,.T.);
#906=ORIENTED_EDGE('',*,*,#699,.T.);
#907=ORIENTED_EDGE('',*,*,#682,.F.);
#908=ORIENTED_EDGE('',*,*,#700,.T.);
#909=ORIENTED_EDGE('',*,*,#671,.T.);
#910=ORIENTED_EDGE('',*,*,#701,.F.);
#911=ORIENTED_EDGE('',*,*,#702,.F.);
#912=ORIENTED_EDGE('',*,*,#703,.T.);
#913=ORIENTED_EDGE('',*,*,#697,.F.);
#914=ORIENTED_EDGE('',*,*,#654,.T.);
#915=ORIENTED_EDGE('',*,*,#695,.T.);
#916=ORIENTED_EDGE('',*,*,#704,.F.);
#917=ORIENTED_EDGE('',*,*,#705,.F.);
#918=ORIENTED_EDGE('',*,*,#706,.F.);
#919=ORIENTED_EDGE('',*,*,#703,.F.);
#920=ORIENTED_EDGE('',*,*,#707,.F.);
#921=ORIENTED_EDGE('',*,*,#708,.F.);
#922=ORIENTED_EDGE('',*,*,#709,.F.);
#923=ORIENTED_EDGE('',*,*,#710,.T.);
#924=ORIENTED_EDGE('',*,*,#636,.T.);
#925=ORIENTED_EDGE('',*,*,#711,.T.);
#926=ORIENTED_EDGE('',*,*,#712,.T.);
#927=ORIENTED_EDGE('',*,*,#685,.T.);
#928=ORIENTED_EDGE('',*,*,#713,.T.);
#929=ORIENTED_EDGE('',*,*,#668,.T.);
#930=ORIENTED_EDGE('',*,*,#676,.T.);
#931=ORIENTED_EDGE('',*,*,#713,.F.);
#932=ORIENTED_EDGE('',*,*,#684,.T.);
#933=ORIENTED_EDGE('',*,*,#714,.T.);
#934=ORIENTED_EDGE('',*,*,#715,.T.);
#935=ORIENTED_EDGE('',*,*,#716,.T.);
#936=ORIENTED_EDGE('',*,*,#688,.T.);
#937=ORIENTED_EDGE('',*,*,#717,.T.);
#938=ORIENTED_EDGE('',*,*,#718,.T.);
#939=ORIENTED_EDGE('',*,*,#719,.T.);
#940=ORIENTED_EDGE('',*,*,#669,.T.);
#941=ORIENTED_EDGE('',*,*,#720,.T.);
#942=ORIENTED_EDGE('',*,*,#718,.F.);
#943=ORIENTED_EDGE('',*,*,#721,.T.);
#944=ORIENTED_EDGE('',*,*,#707,.T.);
#945=ORIENTED_EDGE('',*,*,#702,.T.);
#946=ORIENTED_EDGE('',*,*,#722,.T.);
#947=ORIENTED_EDGE('',*,*,#717,.F.);
#948=ORIENTED_EDGE('',*,*,#723,.F.);
#949=ORIENTED_EDGE('',*,*,#708,.T.);
#950=ORIENTED_EDGE('',*,*,#721,.F.);
#951=ORIENTED_EDGE('',*,*,#716,.F.);
#952=ORIENTED_EDGE('',*,*,#724,.F.);
#953=ORIENTED_EDGE('',*,*,#705,.T.);
#954=ORIENTED_EDGE('',*,*,#725,.F.);
#955=ORIENTED_EDGE('',*,*,#715,.F.);
#956=ORIENTED_EDGE('',*,*,#726,.T.);
#957=ORIENTED_EDGE('',*,*,#698,.F.);
#958=ORIENTED_EDGE('',*,*,#706,.T.);
#959=ORIENTED_EDGE('',*,*,#724,.T.);
#960=ORIENTED_EDGE('',*,*,#720,.F.);
#961=ORIENTED_EDGE('',*,*,#727,.T.);
#962=ORIENTED_EDGE('',*,*,#728,.T.);
#963=ORIENTED_EDGE('',*,*,#727,.F.);
#964=ORIENTED_EDGE('',*,*,#729,.F.);
#965=ORIENTED_EDGE('',*,*,#730,.T.);
#966=ORIENTED_EDGE('',*,*,#731,.F.);
#967=ORIENTED_EDGE('',*,*,#730,.F.);
#968=ORIENTED_EDGE('',*,*,#732,.F.);
#969=ORIENTED_EDGE('',*,*,#733,.T.);
#970=ORIENTED_EDGE('',*,*,#734,.F.);
#971=ORIENTED_EDGE('',*,*,#733,.F.);
#972=ORIENTED_EDGE('',*,*,#692,.F.);
#973=ORIENTED_EDGE('',*,*,#735,.T.);
#974=ORIENTED_EDGE('',*,*,#712,.F.);
#975=ORIENTED_EDGE('',*,*,#735,.F.);
#976=ORIENTED_EDGE('',*,*,#693,.F.);
#977=ORIENTED_EDGE('',*,*,#736,.T.);
#978=ORIENTED_EDGE('',*,*,#711,.F.);
#979=ORIENTED_EDGE('',*,*,#736,.F.);
#980=ORIENTED_EDGE('',*,*,#719,.F.);
#981=ORIENTED_EDGE('',*,*,#722,.F.);
#982=ORIENTED_EDGE('',*,*,#701,.T.);
#983=ORIENTED_EDGE('',*,*,#670,.F.);
#984=ORIENTED_EDGE('',*,*,#687,.T.);
#985=ORIENTED_EDGE('',*,*,#737,.T.);
#986=ORIENTED_EDGE('',*,*,#709,.T.);
#987=ORIENTED_EDGE('',*,*,#723,.T.);
#988=ORIENTED_EDGE('',*,*,#686,.T.);
#989=ORIENTED_EDGE('',*,*,#637,.F.);
#990=ORIENTED_EDGE('',*,*,#710,.F.);
#991=ORIENTED_EDGE('',*,*,#737,.F.);
#992=ORIENTED_EDGE('',*,*,#714,.F.);
#993=ORIENTED_EDGE('',*,*,#683,.F.);
#994=ORIENTED_EDGE('',*,*,#699,.F.);
#995=ORIENTED_EDGE('',*,*,#726,.F.);
#996=ORIENTED_EDGE('',*,*,#694,.T.);
#997=ORIENTED_EDGE('',*,*,#689,.F.);
#998=ORIENTED_EDGE('',*,*,#725,.T.);
#999=ORIENTED_EDGE('',*,*,#704,.T.);
#1000=ORIENTED_EDGE('',*,*,#728,.F.);
#1001=ORIENTED_EDGE('',*,*,#738,.F.);
#1002=ORIENTED_EDGE('',*,*,#612,.F.);
#1003=ORIENTED_EDGE('',*,*,#739,.T.);
#1004=ORIENTED_EDGE('',*,*,#740,.F.);
#1005=ORIENTED_EDGE('',*,*,#739,.F.);
#1006=ORIENTED_EDGE('',*,*,#613,.F.);
#1007=ORIENTED_EDGE('',*,*,#741,.T.);
#1008=ORIENTED_EDGE('',*,*,#742,.F.);
#1009=ORIENTED_EDGE('',*,*,#741,.F.);
#1010=ORIENTED_EDGE('',*,*,#614,.F.);
#1011=ORIENTED_EDGE('',*,*,#743,.T.);
#1012=ORIENTED_EDGE('',*,*,#744,.F.);
#1013=ORIENTED_EDGE('',*,*,#743,.F.);
#1014=ORIENTED_EDGE('',*,*,#615,.F.);
#1015=ORIENTED_EDGE('',*,*,#745,.T.);
#1016=ORIENTED_EDGE('',*,*,#746,.F.);
#1017=ORIENTED_EDGE('',*,*,#745,.F.);
#1018=ORIENTED_EDGE('',*,*,#616,.F.);
#1019=ORIENTED_EDGE('',*,*,#747,.T.);
#1020=ORIENTED_EDGE('',*,*,#748,.F.);
#1021=ORIENTED_EDGE('',*,*,#747,.F.);
#1022=ORIENTED_EDGE('',*,*,#738,.T.);
#1023=ORIENTED_EDGE('',*,*,#749,.T.);
#1024=ORIENTED_EDGE('',*,*,#750,.F.);
#1025=ORIENTED_EDGE('',*,*,#749,.F.);
#1026=ORIENTED_EDGE('',*,*,#631,.F.);
#1027=ORIENTED_EDGE('',*,*,#751,.F.);
#1028=ORIENTED_EDGE('',*,*,#646,.F.);
#1029=ORIENTED_EDGE('',*,*,#609,.F.);
#1030=ORIENTED_EDGE('',*,*,#630,.F.);
#1031=ORIENTED_EDGE('',*,*,#643,.F.);
#1032=ORIENTED_EDGE('',*,*,#752,.F.);
#1033=ORIENTED_EDGE('',*,*,#647,.T.);
#1034=ORIENTED_EDGE('',*,*,#644,.F.);
#1035=ORIENTED_EDGE('',*,*,#751,.T.);
#1036=ORIENTED_EDGE('',*,*,#740,.T.);
#1037=ORIENTED_EDGE('',*,*,#729,.T.);
#1038=ORIENTED_EDGE('',*,*,#732,.T.);
#1039=ORIENTED_EDGE('',*,*,#748,.T.);
#1040=ORIENTED_EDGE('',*,*,#746,.T.);
#1041=ORIENTED_EDGE('',*,*,#744,.T.);
#1042=ORIENTED_EDGE('',*,*,#742,.T.);
#1043=ORIENTED_EDGE('',*,*,#753,.T.);
#1044=ORIENTED_EDGE('',*,*,#648,.T.);
#1045=ORIENTED_EDGE('',*,*,#752,.T.);
#1046=ORIENTED_EDGE('',*,*,#642,.T.);
#1047=ORIENTED_EDGE('',*,*,#754,.F.);
#1048=ORIENTED_EDGE('',*,*,#649,.F.);
#1049=ORIENTED_EDGE('',*,*,#753,.F.);
#1050=ORIENTED_EDGE('',*,*,#641,.T.);
#1051=ORIENTED_EDGE('',*,*,#731,.T.);
#1052=ORIENTED_EDGE('',*,*,#734,.T.);
#1053=ORIENTED_EDGE('',*,*,#754,.T.);
#1054=ORIENTED_EDGE('',*,*,#640,.T.);
#1055=ORIENTED_EDGE('',*,*,#755,.T.);
#1056=ORIENTED_EDGE('',*,*,#650,.T.);
#1057=ORIENTED_EDGE('',*,*,#651,.T.);
#1058=ORIENTED_EDGE('',*,*,#755,.F.);
#1059=ORIENTED_EDGE('',*,*,#639,.F.);
#1060=ORIENTED_EDGE('',*,*,#691,.F.);
#1061=ORIENTED_EDGE('',*,*,#750,.T.);
#1062=ORIENTED_EDGE('',*,*,#677,.F.);
#1063=ORIENTED_EDGE('',*,*,#756,.T.);
#1064=ORIENTED_EDGE('',*,*,#757,.F.);
#1065=ORIENTED_EDGE('',*,*,#756,.F.);
#1066=ORIENTED_EDGE('',*,*,#666,.F.);
#1067=ORIENTED_EDGE('',*,*,#758,.T.);
#1068=ORIENTED_EDGE('',*,*,#678,.F.);
#1069=ORIENTED_EDGE('',*,*,#673,.F.);
#1070=ORIENTED_EDGE('',*,*,#665,.F.);
#1071=ORIENTED_EDGE('',*,*,#672,.F.);
#1072=ORIENTED_EDGE('',*,*,#700,.F.);
#1073=ORIENTED_EDGE('',*,*,#681,.F.);
#1074=ORIENTED_EDGE('',*,*,#679,.F.);
#1075=ORIENTED_EDGE('',*,*,#758,.F.);
#1076=ORIENTED_EDGE('',*,*,#757,.T.);
#1077=B_SPLINE_SURFACE_WITH_KNOTS('',3,3,((#1532,#1533,#1534,#1535),(#1536,
#1537,#1538,#1539),(#1540,#1541,#1542,#1543),(#1544,#1545,#1546,#1547),
(#1548,#1549,#1550,#1551),(#1552,#1553,#1554,#1555),(#1556,#1557,#1558,
#1559)),.UNSPECIFIED.,.F.,.F.,.F.,(4,1,1,1,4),(4,4),(0.,0.285714285714286,
0.571428571428571,0.714285714285714,1.),(-2.49999998435379,2.50000001564621),
 .UNSPECIFIED.);
#1078=B_SPLINE_SURFACE_WITH_KNOTS('',3,3,((#1627,#1628,#1629,#1630),(#1631,
#1632,#1633,#1634),(#1635,#1636,#1637,#1638),(#1639,#1640,#1641,#1642),
(#1643,#1644,#1645,#1646),(#1647,#1648,#1649,#1650),(#1651,#1652,#1653,
#1654)),.UNSPECIFIED.,.F.,.F.,.F.,(4,1,1,1,4),(4,4),(0.,0.285714285714286,
0.571428571428571,0.857142857142857,1.),(-2.5,2.5),.UNSPECIFIED.);
#1079=ADVANCED_FACE('',(#348),#1077,.T.);
#1080=ADVANCED_FACE('',(#349),#314,.F.);
#1081=ADVANCED_FACE('',(#350,#44,#45,#46,#47,#48),#315,.T.);
#1082=ADVANCED_FACE('',(#351),#1078,.T.);
#1083=ADVANCED_FACE('',(#352),#24,.F.);
#1084=ADVANCED_FACE('',(#353),#316,.T.);
#1085=ADVANCED_FACE('',(#354),#317,.T.);
#1086=ADVANCED_FACE('',(#355),#318,.F.);
#1087=ADVANCED_FACE('',(#356),#319,.T.);
#1088=ADVANCED_FACE('',(#357),#320,.F.);
#1089=ADVANCED_FACE('',(#358),#321,.T.);
#1090=ADVANCED_FACE('',(#359),#322,.F.);
#1091=ADVANCED_FACE('',(#360),#323,.T.);
#1092=ADVANCED_FACE('',(#361),#324,.T.);
#1093=ADVANCED_FACE('',(#362),#325,.F.);
#1094=ADVANCED_FACE('',(#363,#49),#326,.F.);
#1095=ADVANCED_FACE('',(#364),#327,.T.);
#1096=ADVANCED_FACE('',(#365),#328,.F.);
#1097=ADVANCED_FACE('',(#366,#50,#51),#329,.T.);
#1098=ADVANCED_FACE('',(#367),#330,.T.);
#1099=ADVANCED_FACE('',(#368),#25,.F.);
#1100=ADVANCED_FACE('',(#369,#52),#331,.T.);
#1101=ADVANCED_FACE('',(#370),#26,.F.);
#1102=ADVANCED_FACE('',(#371,#53,#54),#332,.F.);
#1103=ADVANCED_FACE('',(#372),#27,.T.);
#1104=ADVANCED_FACE('',(#373,#55),#333,.T.);
#1105=ADVANCED_FACE('',(#374),#28,.F.);
#1106=ADVANCED_FACE('',(#375),#334,.T.);
#1107=ADVANCED_FACE('',(#376),#335,.T.);
#1108=ADVANCED_FACE('',(#377),#29,.F.);
#1109=ADVANCED_FACE('',(#378),#30,.F.);
#1110=ADVANCED_FACE('',(#379),#31,.F.);
#1111=ADVANCED_FACE('',(#380),#32,.F.);
#1112=ADVANCED_FACE('',(#381),#33,.F.);
#1113=ADVANCED_FACE('',(#382),#34,.F.);
#1114=ADVANCED_FACE('',(#383),#336,.T.);
#1115=ADVANCED_FACE('',(#384),#35,.F.);
#1116=ADVANCED_FACE('',(#385),#337,.T.);
#1117=ADVANCED_FACE('',(#386),#338,.T.);
#1118=ADVANCED_FACE('',(#387),#36,.F.);
#1119=ADVANCED_FACE('',(#388,#56),#339,.F.);
#1120=ADVANCED_FACE('',(#389),#37,.F.);
#1121=ADVANCED_FACE('',(#390),#38,.F.);
#1122=ADVANCED_FACE('',(#391),#39,.F.);
#1123=ADVANCED_FACE('',(#392),#40,.F.);
#1124=ADVANCED_FACE('',(#393),#41,.F.);
#1125=ADVANCED_FACE('',(#394),#42,.F.);
#1126=ADVANCED_FACE('',(#395),#340,.F.);
#1127=ADVANCED_FACE('',(#396,#57,#58,#59,#60,#61,#62,#63),#341,.F.);
#1128=ADVANCED_FACE('',(#397),#342,.T.);
#1129=ADVANCED_FACE('',(#398,#64,#65),#343,.F.);
#1130=ADVANCED_FACE('',(#399),#344,.T.);
#1131=ADVANCED_FACE('',(#400,#66),#345,.F.);
#1132=ADVANCED_FACE('',(#401),#43,.F.);
#1133=ADVANCED_FACE('',(#402),#346,.F.);
#1134=ADVANCED_FACE('',(#403,#67),#347,.T.);
#1135=CLOSED_SHELL('',(#1079,#1080,#1081,#1082,#1083,#1084,#1085,#1086,
#1087,#1088,#1089,#1090,#1091,#1092,#1093,#1094,#1095,#1096,#1097,#1098,
#1099,#1100,#1101,#1102,#1103,#1104,#1105,#1106,#1107,#1108,#1109,#1110,
#1111,#1112,#1113,#1114,#1115,#1116,#1117,#1118,#1119,#1120,#1121,#1122,
#1123,#1124,#1125,#1126,#1127,#1128,#1129,#1130,#1131,#1132,#1133,#1134));
#1136=AXIS2_PLACEMENT_3D('',#1531,#1232,#1233);
#1137=AXIS2_PLACEMENT_3D('',#1598,#1234,#1235);
#1138=AXIS2_PLACEMENT_3D('',#1607,#1238,#1239);
#1139=AXIS2_PLACEMENT_3D('',#1618,#1245,#1246);
#1140=AXIS2_PLACEMENT_3D('',#1620,#1247,#1248);
#1141=AXIS2_PLACEMENT_3D('',#1622,#1249,#1250);
#1142=AXIS2_PLACEMENT_3D('',#1624,#1251,#1252);
#1143=AXIS2_PLACEMENT_3D('',#1626,#1253,#1254);
#1144=AXIS2_PLACEMENT_3D('',#1692,#1255,#1256);
#1145=AXIS2_PLACEMENT_3D('',#1694,#1257,#1258);
#1146=AXIS2_PLACEMENT_3D('',#1697,#1260,#1261);
#1147=AXIS2_PLACEMENT_3D('',#1698,#1262,#1263);
#1148=AXIS2_PLACEMENT_3D('',#1699,#1264,#1265);
#1149=AXIS2_PLACEMENT_3D('',#1709,#1271,#1272);
#1150=AXIS2_PLACEMENT_3D('',#1715,#1276,#1277);
#1151=AXIS2_PLACEMENT_3D('',#1721,#1280,#1281);
#1152=AXIS2_PLACEMENT_3D('',#1737,#1290,#1291);
#1153=AXIS2_PLACEMENT_3D('',#1743,#1295,#1296);
#1154=AXIS2_PLACEMENT_3D('',#1761,#1305,#1306);
#1155=AXIS2_PLACEMENT_3D('',#1765,#1309,#1310);
#1156=AXIS2_PLACEMENT_3D('',#1769,#1313,#1314);
#1157=AXIS2_PLACEMENT_3D('',#1773,#1317,#1318);
#1158=AXIS2_PLACEMENT_3D('',#1775,#1320,#1321);
#1159=AXIS2_PLACEMENT_3D('',#1784,#1326,#1327);
#1160=AXIS2_PLACEMENT_3D('',#1788,#1329,#1330);
#1161=AXIS2_PLACEMENT_3D('',#1794,#1333,#1334);
#1162=AXIS2_PLACEMENT_3D('',#1796,#1336,#1337);
#1163=AXIS2_PLACEMENT_3D('',#1805,#1342,#1343);
#1164=AXIS2_PLACEMENT_3D('',#1806,#1344,#1345);
#1165=AXIS2_PLACEMENT_3D('',#1812,#1349,#1350);
#1166=AXIS2_PLACEMENT_3D('',#1816,#1352,#1353);
#1167=AXIS2_PLACEMENT_3D('',#1821,#1356,#1357);
#1168=AXIS2_PLACEMENT_3D('',#1822,#1358,#1359);
#1169=AXIS2_PLACEMENT_3D('',#1826,#1361,#1362);
#1170=AXIS2_PLACEMENT_3D('',#1830,#1364,#1365);
#1171=AXIS2_PLACEMENT_3D('',#1834,#1368,#1369);
#1172=AXIS2_PLACEMENT_3D('',#1836,#1370,#1371);
#1173=AXIS2_PLACEMENT_3D('',#1837,#1372,#1373);
#1174=AXIS2_PLACEMENT_3D('',#1841,#1376,#1377);
#1175=AXIS2_PLACEMENT_3D('',#1844,#1380,#1381);
#1176=AXIS2_PLACEMENT_3D('',#1845,#1382,#1383);
#1177=AXIS2_PLACEMENT_3D('',#1874,#1388,#1389);
#1178=AXIS2_PLACEMENT_3D('',#1876,#1390,#1391);
#1179=AXIS2_PLACEMENT_3D('',#1879,#1393,#1394);
#1180=AXIS2_PLACEMENT_3D('',#1881,#1395,#1396);
#1181=AXIS2_PLACEMENT_3D('',#1885,#1398,#1399);
#1182=AXIS2_PLACEMENT_3D('',#1888,#1401,#1402);
#1183=AXIS2_PLACEMENT_3D('',#1890,#1403,#1404);
#1184=AXIS2_PLACEMENT_3D('',#1891,#1405,#1406);
#1185=AXIS2_PLACEMENT_3D('',#1893,#1408,#1409);
#1186=AXIS2_PLACEMENT_3D('',#1897,#1411,#1412);
#1187=AXIS2_PLACEMENT_3D('',#1902,#1415,#1416);
#1188=AXIS2_PLACEMENT_3D('',#1905,#1418,#1419);
#1189=AXIS2_PLACEMENT_3D('',#1906,#1420,#1421);
#1190=AXIS2_PLACEMENT_3D('',#1909,#1424,#1425);
#1191=AXIS2_PLACEMENT_3D('',#1911,#1427,#1428);
#1192=AXIS2_PLACEMENT_3D('',#1914,#1431,#1432);
#1193=AXIS2_PLACEMENT_3D('',#1916,#1434,#1435);
#1194=AXIS2_PLACEMENT_3D('',#1919,#1437,#1438);
#1195=AXIS2_PLACEMENT_3D('',#1920,#1439,#1440);
#1196=AXIS2_PLACEMENT_3D('',#1922,#1441,#1442);
#1197=AXIS2_PLACEMENT_3D('',#1925,#1444,#1445);
#1198=AXIS2_PLACEMENT_3D('',#1926,#1446,#1447);
#1199=AXIS2_PLACEMENT_3D('',#1928,#1448,#1449);
#1200=AXIS2_PLACEMENT_3D('',#1931,#1451,#1452);
#1201=AXIS2_PLACEMENT_3D('',#1932,#1453,#1454);
#1202=AXIS2_PLACEMENT_3D('',#1934,#1456,#1457);
#1203=AXIS2_PLACEMENT_3D('',#1936,#1459,#1460);
#1204=AXIS2_PLACEMENT_3D('',#1937,#1461,#1462);
#1205=AXIS2_PLACEMENT_3D('',#1939,#1464,#1465);
#1206=AXIS2_PLACEMENT_3D('',#1940,#1466,#1467);
#1207=AXIS2_PLACEMENT_3D('',#1941,#1468,#1469);
#1208=AXIS2_PLACEMENT_3D('',#1942,#1470,#1471);
#1209=AXIS2_PLACEMENT_3D('',#1944,#1472,#1473);
#1210=AXIS2_PLACEMENT_3D('',#1945,#1474,#1475);
#1211=AXIS2_PLACEMENT_3D('',#1948,#1477,#1478);
#1212=AXIS2_PLACEMENT_3D('',#1949,#1479,#1480);
#1213=AXIS2_PLACEMENT_3D('',#1952,#1482,#1483);
#1214=AXIS2_PLACEMENT_3D('',#1953,#1484,#1485);
#1215=AXIS2_PLACEMENT_3D('',#1956,#1487,#1488);
#1216=AXIS2_PLACEMENT_3D('',#1957,#1489,#1490);
#1217=AXIS2_PLACEMENT_3D('',#1960,#1492,#1493);
#1218=AXIS2_PLACEMENT_3D('',#1961,#1494,#1495);
#1219=AXIS2_PLACEMENT_3D('',#1964,#1497,#1498);
#1220=AXIS2_PLACEMENT_3D('',#1965,#1499,#1500);
#1221=AXIS2_PLACEMENT_3D('',#1968,#1502,#1503);
#1222=AXIS2_PLACEMENT_3D('',#1969,#1504,#1505);
#1223=AXIS2_PLACEMENT_3D('',#1971,#1507,#1508);
#1224=AXIS2_PLACEMENT_3D('',#1973,#1510,#1511);
#1225=AXIS2_PLACEMENT_3D('',#1975,#1513,#1514);
#1226=AXIS2_PLACEMENT_3D('',#1977,#1516,#1517);
#1227=AXIS2_PLACEMENT_3D('',#1979,#1519,#1520);
#1228=AXIS2_PLACEMENT_3D('',#1980,#1521,#1522);
#1229=AXIS2_PLACEMENT_3D('',#1983,#1524,#1525);
#1230=AXIS2_PLACEMENT_3D('',#1984,#1526,#1527);
#1231=AXIS2_PLACEMENT_3D('',#1986,#1529,#1530);
#1232=DIRECTION('axis',(0.,0.,1.));
#1233=DIRECTION('refdir',(1.,0.,0.));
#1234=DIRECTION('center_axis',(1.,0.,0.));
#1235=DIRECTION('ref_axis',(0.,0.,1.));
#1236=DIRECTION('',(0.,0.,-1.));
#1237=DIRECTION('',(0.,0.,1.));
#1238=DIRECTION('center_axis',(3.46944695195361E-18,5.62050406216486E-16,
1.));
#1239=DIRECTION('ref_axis',(-2.40741243048418E-35,1.,-5.62050406216486E-16));
#1240=DIRECTION('',(1.,0.,-3.46944695195361E-18));
#1241=DIRECTION('',(-0.707106781186548,-0.707106781186548,3.99882923071024E-16));
#1242=DIRECTION('',(-2.40741243048418E-35,1.,-5.62050406216486E-16));
#1243=DIRECTION('',(0.707106781186548,-0.707106781186548,3.94976384137637E-16));
#1244=DIRECTION('',(-1.,0.,3.46944695195361E-18));
#1245=DIRECTION('center_axis',(3.46944695195361E-18,5.62050406216486E-16,
1.));
#1246=DIRECTION('ref_axis',(0.,1.,0.));
#1247=DIRECTION('center_axis',(3.46944695195361E-18,5.62050406216486E-16,
1.));
#1248=DIRECTION('ref_axis',(1.,0.,-3.46944695195361E-18));
#1249=DIRECTION('center_axis',(3.46944695195361E-18,5.62050406216486E-16,
1.));
#1250=DIRECTION('ref_axis',(1.,0.,-3.46944695195361E-18));
#1251=DIRECTION('center_axis',(3.46944695195361E-18,5.62050406216486E-16,
1.));
#1252=DIRECTION('ref_axis',(1.,0.,-3.46944695195361E-18));
#1253=DIRECTION('center_axis',(3.46944695195361E-18,5.62050406216486E-16,
1.));
#1254=DIRECTION('ref_axis',(1.,0.,-3.46944695195361E-18));
#1255=DIRECTION('center_axis',(0.,0.,-1.));
#1256=DIRECTION('ref_axis',(0.,1.,0.));
#1257=DIRECTION('center_axis',(0.,0.,-1.));
#1258=DIRECTION('ref_axis',(0.,1.,0.));
#1259=DIRECTION('',(0.,0.,-1.));
#1260=DIRECTION('center_axis',(0.,0.,1.));
#1261=DIRECTION('ref_axis',(0.,1.,0.));
#1262=DIRECTION('center_axis',(0.,0.,1.));
#1263=DIRECTION('ref_axis',(0.,1.,0.));
#1264=DIRECTION('center_axis',(0.,0.,-1.));
#1265=DIRECTION('ref_axis',(0.,-1.,0.));
#1266=DIRECTION('',(-1.,0.,0.));
#1267=DIRECTION('',(0.447213595499958,-0.894427190999916,0.));
#1268=DIRECTION('',(0.,1.,0.));
#1269=DIRECTION('',(-0.447213595499958,-0.894427190999916,0.));
#1270=DIRECTION('',(1.,0.,0.));
#1271=DIRECTION('center_axis',(-0.707106781186548,0.707106781186548,2.4532694666934E-18));
#1272=DIRECTION('ref_axis',(3.46944695195361E-18,0.,1.));
#1273=DIRECTION('',(-0.707106781186548,-0.707106781186548,3.99882923071024E-16));
#1274=DIRECTION('',(3.46944695195361E-18,0.,1.));
#1275=DIRECTION('',(-3.46944695195361E-18,0.,-1.));
#1276=DIRECTION('center_axis',(0.,-1.,0.));
#1277=DIRECTION('ref_axis',(0.,0.,1.));
#1278=DIRECTION('',(0.,0.,-1.));
#1279=DIRECTION('',(-1.,0.,0.));
#1280=DIRECTION('center_axis',(0.,1.,0.));
#1281=DIRECTION('ref_axis',(0.707106781186548,0.,-0.707106781186548));
#1282=DIRECTION('',(0.,0.,1.));
#1283=DIRECTION('',(-1.,0.,0.));
#1284=DIRECTION('',(0.,0.,1.));
#1285=DIRECTION('',(-1.,0.,0.));
#1286=DIRECTION('',(0.,0.,-1.));
#1287=DIRECTION('',(1.,0.,0.));
#1288=DIRECTION('',(0.,0.,1.));
#1289=DIRECTION('',(-1.,0.,3.46944695195361E-18));
#1290=DIRECTION('center_axis',(-0.707106781186548,-0.707106781186548,2.4532694666934E-18));
#1291=DIRECTION('ref_axis',(3.46944695195361E-18,0.,1.));
#1292=DIRECTION('',(0.707106781186548,-0.707106781186548,3.94976384137637E-16));
#1293=DIRECTION('',(3.46944695195361E-18,0.,1.));
#1294=DIRECTION('',(-3.46944695195361E-18,0.,-1.));
#1295=DIRECTION('center_axis',(0.,1.,0.));
#1296=DIRECTION('ref_axis',(0.,0.,-1.));
#1297=DIRECTION('',(1.,0.,-3.46944695195361E-18));
#1298=DIRECTION('',(0.,0.,-1.));
#1299=DIRECTION('',(-1.,0.,0.));
#1300=DIRECTION('',(0.,0.,1.));
#1301=DIRECTION('',(1.,0.,0.));
#1302=DIRECTION('',(0.,0.,-1.));
#1303=DIRECTION('',(1.,0.,0.));
#1304=DIRECTION('',(0.,0.,-1.));
#1305=DIRECTION('center_axis',(0.,-1.,0.));
#1306=DIRECTION('ref_axis',(0.707106781186548,0.,-0.707106781186548));
#1307=DIRECTION('',(1.,0.,0.));
#1308=DIRECTION('',(0.,0.,1.));
#1309=DIRECTION('center_axis',(-0.894427190999916,0.447213595499958,0.));
#1310=DIRECTION('ref_axis',(0.,0.,1.));
#1311=DIRECTION('',(0.447213595499958,0.894427190999916,0.));
#1312=DIRECTION('',(0.,0.,1.));
#1313=DIRECTION('center_axis',(1.,0.,0.));
#1314=DIRECTION('ref_axis',(0.,0.,1.));
#1315=DIRECTION('',(0.,0.,-1.));
#1316=DIRECTION('',(0.,1.,0.));
#1317=DIRECTION('center_axis',(-0.894427190999916,-0.447213595499958,0.));
#1318=DIRECTION('ref_axis',(0.,0.,1.));
#1319=DIRECTION('',(-0.447213595499958,0.894427190999916,0.));
#1320=DIRECTION('center_axis',(-0.894427190999916,0.447213595499958,0.));
#1321=DIRECTION('ref_axis',(0.,0.,1.));
#1322=DIRECTION('',(0.447213595499958,0.894427190999916,0.));
#1323=DIRECTION('',(0.,0.,-1.));
#1324=DIRECTION('',(-0.447213595499958,-0.894427190999916,0.));
#1325=DIRECTION('',(0.,0.,1.));
#1326=DIRECTION('center_axis',(0.,-1.,0.));
#1327=DIRECTION('ref_axis',(0.,0.,1.));
#1328=DIRECTION('',(1.,0.,0.));
#1329=DIRECTION('center_axis',(0.,-1.,0.));
#1330=DIRECTION('ref_axis',(0.404553584833756,0.,0.914514295677305));
#1331=DIRECTION('',(-0.672672793996312,0.,0.739940073395944));
#1332=DIRECTION('',(1.,0.,0.));
#1333=DIRECTION('center_axis',(0.,1.,0.));
#1334=DIRECTION('ref_axis',(0.707106781186547,0.,0.707106781186547));
#1335=DIRECTION('',(1.,0.,0.));
#1336=DIRECTION('center_axis',(0.,0.,-1.));
#1337=DIRECTION('ref_axis',(0.,-1.,0.));
#1338=DIRECTION('',(0.,-1.,0.));
#1339=DIRECTION('',(-0.447213595499958,0.894427190999916,0.));
#1340=DIRECTION('',(-1.,0.,0.));
#1341=DIRECTION('',(0.,-1.,0.));
#1342=DIRECTION('center_axis',(0.,0.,-1.));
#1343=DIRECTION('ref_axis',(0.,1.,0.));
#1344=DIRECTION('center_axis',(-0.894427190999916,-0.447213595499958,0.));
#1345=DIRECTION('ref_axis',(0.,0.,1.));
#1346=DIRECTION('',(0.,0.,-1.));
#1347=DIRECTION('',(0.447213595499958,-0.894427190999916,0.));
#1348=DIRECTION('',(0.,0.,1.));
#1349=DIRECTION('center_axis',(0.,1.,0.));
#1350=DIRECTION('ref_axis',(0.,0.,-1.));
#1351=DIRECTION('',(-1.,0.,0.));
#1352=DIRECTION('center_axis',(0.,-1.,0.));
#1353=DIRECTION('ref_axis',(0.707106781186547,0.,0.707106781186547));
#1354=DIRECTION('',(-1.,0.,0.));
#1355=DIRECTION('',(0.672672793996312,0.,-0.739940073395944));
#1356=DIRECTION('center_axis',(0.,1.,0.));
#1357=DIRECTION('ref_axis',(0.404553584833756,0.,0.914514295677305));
#1358=DIRECTION('center_axis',(1.,0.,0.));
#1359=DIRECTION('ref_axis',(0.,0.,1.));
#1360=DIRECTION('',(0.,1.,0.));
#1361=DIRECTION('center_axis',(1.,0.,0.));
#1362=DIRECTION('ref_axis',(0.,-1.,1.88071177719146E-15));
#1363=DIRECTION('',(0.,1.,0.));
#1364=DIRECTION('center_axis',(1.,0.,0.));
#1365=DIRECTION('ref_axis',(0.,1.,1.88071177719146E-15));
#1366=DIRECTION('',(0.,-1.,0.));
#1367=DIRECTION('',(0.,-1.,0.));
#1368=DIRECTION('center_axis',(-1.,0.,0.));
#1369=DIRECTION('ref_axis',(-2.22044604925031E-16,0.,1.));
#1370=DIRECTION('center_axis',(-1.,0.,0.));
#1371=DIRECTION('ref_axis',(-2.22044604925031E-16,0.,1.));
#1372=DIRECTION('center_axis',(0.,0.,1.));
#1373=DIRECTION('ref_axis',(0.,1.,0.));
#1374=DIRECTION('',(0.967996898165801,-0.250962158783727,0.));
#1375=DIRECTION('',(0.,1.,0.));
#1376=DIRECTION('center_axis',(0.,-1.,0.));
#1377=DIRECTION('ref_axis',(0.707106781186548,0.,-0.707106781186548));
#1378=DIRECTION('',(0.,-1.,0.));
#1379=DIRECTION('',(0.,1.,0.));
#1380=DIRECTION('center_axis',(0.,0.,1.));
#1381=DIRECTION('ref_axis',(0.,1.,0.));
#1382=DIRECTION('center_axis',(0.,-1.,0.));
#1383=DIRECTION('ref_axis',(0.707106781186547,0.,0.707106781186547));
#1384=DIRECTION('',(0.,-1.,0.));
#1385=DIRECTION('',(0.,1.,0.));
#1386=DIRECTION('',(0.,-1.,0.));
#1387=DIRECTION('',(0.,-1.,0.));
#1388=DIRECTION('center_axis',(1.,0.,0.));
#1389=DIRECTION('ref_axis',(0.,0.,1.));
#1390=DIRECTION('center_axis',(-1.,0.,0.));
#1391=DIRECTION('ref_axis',(0.,1.,1.88071177719146E-15));
#1392=DIRECTION('',(0.,0.,-1.));
#1393=DIRECTION('center_axis',(-1.,0.,0.));
#1394=DIRECTION('ref_axis',(0.,1.,-1.88071177719146E-15));
#1395=DIRECTION('center_axis',(-1.,0.,0.));
#1396=DIRECTION('ref_axis',(0.,-1.,-1.88071177719146E-15));
#1397=DIRECTION('',(0.,0.,1.));
#1398=DIRECTION('center_axis',(-1.,0.,0.));
#1399=DIRECTION('ref_axis',(0.,-1.,1.88071177719146E-15));
#1400=DIRECTION('',(0.,1.,0.));
#1401=DIRECTION('center_axis',(1.,0.,0.));
#1402=DIRECTION('ref_axis',(-2.22044604925031E-16,0.,1.));
#1403=DIRECTION('center_axis',(1.,0.,0.));
#1404=DIRECTION('ref_axis',(-2.22044604925031E-16,0.,1.));
#1405=DIRECTION('center_axis',(0.,-1.,0.));
#1406=DIRECTION('ref_axis',(0.404553584833756,0.,0.914514295677305));
#1407=DIRECTION('',(0.,1.,0.));
#1408=DIRECTION('center_axis',(0.739940073395944,0.,0.672672793996312));
#1409=DIRECTION('ref_axis',(0.672672793996312,0.,-0.739940073395944));
#1410=DIRECTION('',(0.,1.,0.));
#1411=DIRECTION('center_axis',(-0.739940073395944,0.,-0.672672793996312));
#1412=DIRECTION('ref_axis',(-0.627667548060896,0.35963025809267,0.690434302866987));
#1413=DIRECTION('',(0.66267097273098,-0.171803585522847,-0.728938070004079));
#1414=DIRECTION('',(-0.66267097273098,-0.171803585522847,0.728938070004079));
#1415=DIRECTION('center_axis',(-0.739940073395944,0.,-0.672672793996312));
#1416=DIRECTION('ref_axis',(-0.627667548060896,-0.35963025809267,0.690434302866987));
#1417=DIRECTION('',(0.,1.,0.));
#1418=DIRECTION('center_axis',(-0.739940073395944,0.,-0.672672793996312));
#1419=DIRECTION('ref_axis',(0.672672793996312,0.,-0.739940073395944));
#1420=DIRECTION('center_axis',(0.967996898165801,0.250962158783727,0.));
#1421=DIRECTION('ref_axis',(0.177457044297189,-0.684477170860589,0.70710678118654));
#1422=DIRECTION('',(-0.967996898165801,-0.250962158783727,0.));
#1423=DIRECTION('',(0.967996898165801,0.250962158783727,0.));
#1424=DIRECTION('center_axis',(-0.250962158783727,0.967996898165801,0.));
#1425=DIRECTION('ref_axis',(0.,0.,1.));
#1426=DIRECTION('',(0.967996898165801,0.250962158783727,0.));
#1427=DIRECTION('center_axis',(-0.250962158783727,-0.967996898165801,0.));
#1428=DIRECTION('ref_axis',(0.,0.,-1.));
#1429=DIRECTION('',(0.967996898165801,-0.250962158783727,0.));
#1430=DIRECTION('',(-0.967996898165801,0.250962158783727,0.));
#1431=DIRECTION('center_axis',(-0.967996898165801,0.250962158783727,0.));
#1432=DIRECTION('ref_axis',(0.177457044297189,0.684477170860589,0.70710678118654));
#1433=DIRECTION('',(-0.967996898165801,0.250962158783727,0.));
#1434=DIRECTION('center_axis',(0.,0.,-1.));
#1435=DIRECTION('ref_axis',(0.,1.,0.));
#1436=DIRECTION('',(0.,0.,-1.));
#1437=DIRECTION('center_axis',(0.,0.,-1.));
#1438=DIRECTION('ref_axis',(0.,1.,0.));
#1439=DIRECTION('center_axis',(0.,0.,1.));
#1440=DIRECTION('ref_axis',(1.,0.,0.));
#1441=DIRECTION('center_axis',(3.46944695195361E-18,5.62050406216486E-16,
1.));
#1442=DIRECTION('ref_axis',(1.,0.,0.));
#1443=DIRECTION('',(0.,0.,1.));
#1444=DIRECTION('center_axis',(0.,0.,-1.));
#1445=DIRECTION('ref_axis',(1.,0.,0.));
#1446=DIRECTION('center_axis',(0.,0.,1.));
#1447=DIRECTION('ref_axis',(1.,0.,0.));
#1448=DIRECTION('center_axis',(3.46944695195361E-18,5.62050406216486E-16,
1.));
#1449=DIRECTION('ref_axis',(1.,0.,0.));
#1450=DIRECTION('',(0.,0.,1.));
#1451=DIRECTION('center_axis',(0.,0.,-1.));
#1452=DIRECTION('ref_axis',(1.,0.,0.));
#1453=DIRECTION('center_axis',(1.,0.,2.22044604925031E-16));
#1454=DIRECTION('ref_axis',(-2.22044604925031E-16,0.,1.));
#1455=DIRECTION('',(-1.,0.,-2.22044604925031E-16));
#1456=DIRECTION('center_axis',(-1.,0.,-2.22044604925031E-16));
#1457=DIRECTION('ref_axis',(-2.22044604925031E-16,0.,1.));
#1458=DIRECTION('',(-1.,0.,-2.22044604925031E-16));
#1459=DIRECTION('center_axis',(0.,0.,-1.));
#1460=DIRECTION('ref_axis',(0.,-1.,0.));
#1461=DIRECTION('center_axis',(-0.967996898165801,-0.250962158783727,0.));
#1462=DIRECTION('ref_axis',(0.177457044297189,-0.684477170860589,-0.70710678118654));
#1463=DIRECTION('',(-0.967996898165801,-0.250962158783727,0.));
#1464=DIRECTION('center_axis',(0.,0.,1.));
#1465=DIRECTION('ref_axis',(0.,1.,0.));
#1466=DIRECTION('center_axis',(0.,0.,-1.));
#1467=DIRECTION('ref_axis',(0.,-1.,0.));
#1468=DIRECTION('center_axis',(0.967996898165801,-0.250962158783727,0.));
#1469=DIRECTION('ref_axis',(0.177457044297189,0.684477170860589,-0.70710678118654));
#1470=DIRECTION('center_axis',(0.,0.,-1.));
#1471=DIRECTION('ref_axis',(0.,1.,0.));
#1472=DIRECTION('center_axis',(0.,0.,1.));
#1473=DIRECTION('ref_axis',(0.,1.,0.));
#1474=DIRECTION('center_axis',(0.,0.,-1.));
#1475=DIRECTION('ref_axis',(0.,1.,0.));
#1476=DIRECTION('',(0.,0.,-1.));
#1477=DIRECTION('center_axis',(3.46944695195361E-18,5.62050406216486E-16,
1.));
#1478=DIRECTION('ref_axis',(0.,1.,0.));
#1479=DIRECTION('center_axis',(-3.46944695195361E-18,-5.62050406216486E-16,
-1.));
#1480=DIRECTION('ref_axis',(1.,0.,-3.46944695195361E-18));
#1481=DIRECTION('',(-3.46944695195361E-18,-5.62050406216486E-16,-1.));
#1482=DIRECTION('center_axis',(3.46944695195361E-18,5.62050406216486E-16,
1.));
#1483=DIRECTION('ref_axis',(1.,0.,-3.46944695195361E-18));
#1484=DIRECTION('center_axis',(-3.46944695195361E-18,-5.62050406216486E-16,
-1.));
#1485=DIRECTION('ref_axis',(1.,0.,-3.46944695195361E-18));
#1486=DIRECTION('',(-3.46944695195361E-18,-5.62050406216486E-16,-1.));
#1487=DIRECTION('center_axis',(3.46944695195361E-18,5.62050406216486E-16,
1.));
#1488=DIRECTION('ref_axis',(1.,0.,-3.46944695195361E-18));
#1489=DIRECTION('center_axis',(-3.46944695195361E-18,-5.62050406216486E-16,
-1.));
#1490=DIRECTION('ref_axis',(1.,0.,-3.46944695195361E-18));
#1491=DIRECTION('',(-3.46944695195361E-18,-5.62050406216486E-16,-1.));
#1492=DIRECTION('center_axis',(3.46944695195361E-18,5.62050406216486E-16,
1.));
#1493=DIRECTION('ref_axis',(1.,0.,-3.46944695195361E-18));
#1494=DIRECTION('center_axis',(-3.46944695195361E-18,-5.62050406216486E-16,
-1.));
#1495=DIRECTION('ref_axis',(1.,0.,-3.46944695195361E-18));
#1496=DIRECTION('',(-3.46944695195361E-18,-5.62050406216486E-16,-1.));
#1497=DIRECTION('center_axis',(3.46944695195361E-18,5.62050406216486E-16,
1.));
#1498=DIRECTION('ref_axis',(1.,0.,-3.46944695195361E-18));
#1499=DIRECTION('center_axis',(0.,0.,-1.));
#1500=DIRECTION('ref_axis',(0.,1.,0.));
#1501=DIRECTION('',(0.,0.,-1.));
#1502=DIRECTION('center_axis',(0.,0.,1.));
#1503=DIRECTION('ref_axis',(0.,1.,0.));
#1504=DIRECTION('center_axis',(1.,-1.92592994438723E-33,-3.46944695195361E-18));
#1505=DIRECTION('ref_axis',(-3.46944695195361E-18,-5.62050406216486E-16,
-1.));
#1506=DIRECTION('',(-2.40741243048418E-35,1.,-5.62050406216486E-16));
#1507=DIRECTION('center_axis',(3.46944695195361E-18,5.62050406216486E-16,
1.));
#1508=DIRECTION('ref_axis',(-2.40741243048418E-35,1.,-5.62050406216486E-16));
#1509=DIRECTION('',(0.,-1.,5.62050406216486E-16));
#1510=DIRECTION('center_axis',(1.,0.,0.));
#1511=DIRECTION('ref_axis',(0.,0.,1.));
#1512=DIRECTION('',(0.,-1.,0.));
#1513=DIRECTION('center_axis',(0.,0.,-1.));
#1514=DIRECTION('ref_axis',(1.,0.,0.));
#1515=DIRECTION('',(0.,1.,0.));
#1516=DIRECTION('center_axis',(1.,0.,0.));
#1517=DIRECTION('ref_axis',(0.,0.,1.));
#1518=DIRECTION('',(0.,-1.,0.));
#1519=DIRECTION('center_axis',(0.,0.,1.));
#1520=DIRECTION('ref_axis',(-1.,0.,0.));
#1521=DIRECTION('center_axis',(0.,0.,-1.));
#1522=DIRECTION('ref_axis',(0.,1.,0.));
#1523=DIRECTION('',(0.,0.,-1.));
#1524=DIRECTION('center_axis',(0.,0.,-1.));
#1525=DIRECTION('ref_axis',(0.,1.,0.));
#1526=DIRECTION('center_axis',(1.,0.,0.));
#1527=DIRECTION('ref_axis',(0.,0.,1.));
#1528=DIRECTION('',(0.,-1.,0.));
#1529=DIRECTION('center_axis',(0.,0.,-1.));
#1530=DIRECTION('ref_axis',(1.,0.,0.));
#1531=CARTESIAN_POINT('',(0.,0.,0.));
#1532=CARTESIAN_POINT('Ctrl Pts',(-276.000004008412,-25.,344.5));
#1533=CARTESIAN_POINT('Ctrl Pts',(-276.000004008412,-8.33333333333334,344.5));
#1534=CARTESIAN_POINT('Ctrl Pts',(-276.000004008412,8.33333333333334,344.5));
#1535=CARTESIAN_POINT('Ctrl Pts',(-276.000004008412,25.,344.5));
#1536=CARTESIAN_POINT('Ctrl Pts',(-275.595942990592,-25.,344.5));
#1537=CARTESIAN_POINT('Ctrl Pts',(-275.595942990592,-8.33333333333331,344.5));
#1538=CARTESIAN_POINT('Ctrl Pts',(-275.595942990592,8.33333333333331,344.5));
#1539=CARTESIAN_POINT('Ctrl Pts',(-275.595942990592,25.,344.5));
#1540=CARTESIAN_POINT('Ctrl Pts',(-274.70952164348,-25.,344.83823595164));
#1541=CARTESIAN_POINT('Ctrl Pts',(-274.70952164348,-8.33333333333338,344.83823595164));
#1542=CARTESIAN_POINT('Ctrl Pts',(-274.70952164348,8.33333333333337,344.83823595164));
#1543=CARTESIAN_POINT('Ctrl Pts',(-274.70952164348,25.,344.83823595164));
#1544=CARTESIAN_POINT('Ctrl Pts',(-273.741955309524,-25.,346.348416912163));
#1545=CARTESIAN_POINT('Ctrl Pts',(-273.741955309524,-8.33333333333331,346.348416912163));
#1546=CARTESIAN_POINT('Ctrl Pts',(-273.741955309524,8.33333333333331,346.348416912163));
#1547=CARTESIAN_POINT('Ctrl Pts',(-273.741955309524,25.,346.348416912163));
#1548=CARTESIAN_POINT('Ctrl Pts',(-273.129547760517,-25.,348.368170538828));
#1549=CARTESIAN_POINT('Ctrl Pts',(-273.129547760517,-8.33333333333336,348.368170538828));
#1550=CARTESIAN_POINT('Ctrl Pts',(-273.129547760517,8.33333333333336,348.368170538828));
#1551=CARTESIAN_POINT('Ctrl Pts',(-273.129547760517,25.,348.368170538828));
#1552=CARTESIAN_POINT('Ctrl Pts',(-273.000004008412,-25.,349.691877964358));
#1553=CARTESIAN_POINT('Ctrl Pts',(-273.000004008412,-8.33333333333332,349.691877964358));
#1554=CARTESIAN_POINT('Ctrl Pts',(-273.000004008412,8.33333333333332,349.691877964358));
#1555=CARTESIAN_POINT('Ctrl Pts',(-273.000004008412,25.,349.691877964358));
#1556=CARTESIAN_POINT('Ctrl Pts',(-273.000004008412,-25.,350.5));
#1557=CARTESIAN_POINT('Ctrl Pts',(-273.000004008412,-8.33333333333334,350.5));
#1558=CARTESIAN_POINT('Ctrl Pts',(-273.000004008412,8.33333333333334,350.5));
#1559=CARTESIAN_POINT('Ctrl Pts',(-273.000004008412,25.,350.5));
#1560=CARTESIAN_POINT('',(-276.000004008412,-25.,344.5));
#1561=CARTESIAN_POINT('',(-273.000004008412,-25.,350.5));
#1562=CARTESIAN_POINT('Ctrl Pts',(-276.000004008412,-25.,344.5));
#1563=CARTESIAN_POINT('Ctrl Pts',(-275.595942990592,-25.,344.5));
#1564=CARTESIAN_POINT('Ctrl Pts',(-275.152732317036,-25.,344.66911797582));
#1565=CARTESIAN_POINT('Ctrl Pts',(-274.737613713467,-25.,345.055713155835));
#1566=CARTESIAN_POINT('Ctrl Pts',(-274.322495109897,-25.,345.442308335849));
#1567=CARTESIAN_POINT('Ctrl Pts',(-273.935468576315,-25.,346.046380720059));
#1568=CARTESIAN_POINT('Ctrl Pts',(-273.643151052052,-25.,346.786339148572));
#1569=CARTESIAN_POINT('Ctrl Pts',(-273.496992289921,-25.,347.156318362829));
#1570=CARTESIAN_POINT('Ctrl Pts',(-273.374510780119,-25.,347.560269088162));
#1571=CARTESIAN_POINT('Ctrl Pts',(-273.278462690018,-25.,347.976648174554));
#1572=CARTESIAN_POINT('Ctrl Pts',(-273.086366509815,-25.,348.809406347338));
#1573=CARTESIAN_POINT('Ctrl Pts',(-273.000004008412,-25.,349.691877964358));
#1574=CARTESIAN_POINT('Ctrl Pts',(-273.000004008412,-25.,350.5));
#1575=CARTESIAN_POINT('',(-273.000004008412,25.,350.5));
#1576=CARTESIAN_POINT('Ctrl Pts',(-273.000004008412,-25.,350.5));
#1577=CARTESIAN_POINT('Ctrl Pts',(-273.000004008412,-8.33333333333334,350.5));
#1578=CARTESIAN_POINT('Ctrl Pts',(-273.000004008412,8.33333333333334,350.5));
#1579=CARTESIAN_POINT('Ctrl Pts',(-273.000004008412,25.,350.5));
#1580=CARTESIAN_POINT('',(-276.000004008412,25.,344.5));
#1581=CARTESIAN_POINT('Ctrl Pts',(-273.000004008412,25.,350.5));
#1582=CARTESIAN_POINT('Ctrl Pts',(-273.000004008412,25.,349.691877964358));
#1583=CARTESIAN_POINT('Ctrl Pts',(-273.086366509815,25.,348.809406347338));
#1584=CARTESIAN_POINT('Ctrl Pts',(-273.278462690018,25.,347.976648174554));
#1585=CARTESIAN_POINT('Ctrl Pts',(-273.374510780119,25.,347.560269088162));
#1586=CARTESIAN_POINT('Ctrl Pts',(-273.496992289921,25.,347.156318362829));
#1587=CARTESIAN_POINT('Ctrl Pts',(-273.643151052052,25.,346.786339148572));
#1588=CARTESIAN_POINT('Ctrl Pts',(-273.935468576315,25.,346.046380720059));
#1589=CARTESIAN_POINT('Ctrl Pts',(-274.322495109897,25.,345.442308335849));
#1590=CARTESIAN_POINT('Ctrl Pts',(-274.737613713467,25.,345.055713155835));
#1591=CARTESIAN_POINT('Ctrl Pts',(-275.152732317036,25.,344.66911797582));
#1592=CARTESIAN_POINT('Ctrl Pts',(-275.595942990592,25.,344.5));
#1593=CARTESIAN_POINT('Ctrl Pts',(-276.000004008412,25.,344.5));
#1594=CARTESIAN_POINT('Ctrl Pts',(-276.000004008412,25.,344.5));
#1595=CARTESIAN_POINT('Ctrl Pts',(-276.000004008412,8.33333333333334,344.5));
#1596=CARTESIAN_POINT('Ctrl Pts',(-276.000004008412,-8.33333333333334,344.5));
#1597=CARTESIAN_POINT('Ctrl Pts',(-276.000004008412,-25.,344.5));
#1598=CARTESIAN_POINT('Origin',(-273.000004008412,0.,364.));
#1599=CARTESIAN_POINT('',(-273.000004008412,-25.,359.));
#1600=CARTESIAN_POINT('',(-273.000004008412,-25.,381.5));
#1601=CARTESIAN_POINT('',(-273.000004008412,25.,359.));
#1602=CARTESIAN_POINT('Ctrl Pts',(-273.000004008412,25.,359.));
#1603=CARTESIAN_POINT('Ctrl Pts',(-273.000004008412,8.33333333333334,359.));
#1604=CARTESIAN_POINT('Ctrl Pts',(-273.000004008412,-8.33333333333333,359.));
#1605=CARTESIAN_POINT('Ctrl Pts',(-273.000004008412,-25.,359.));
#1606=CARTESIAN_POINT('',(-273.000004008412,25.,381.5));
#1607=CARTESIAN_POINT('Origin',(-291.000004008412,-3.12924190132985E-7,
344.5));
#1608=CARTESIAN_POINT('',(-302.000004008412,25.,344.5));
#1609=CARTESIAN_POINT('',(-287.000002004206,25.,344.5));
#1610=CARTESIAN_POINT('',(-312.000004008412,15.,344.5));
#1611=CARTESIAN_POINT('',(-308.000004086644,18.999999921769,344.5));
#1612=CARTESIAN_POINT('',(-312.000004008412,-15.,344.5));
#1613=CARTESIAN_POINT('',(-312.000004008412,-3.12924190132985E-7,344.5));
#1614=CARTESIAN_POINT('',(-302.000004008412,-25.,344.5));
#1615=CARTESIAN_POINT('',(-308.000003930181,-19.0000000782311,344.5));
#1616=CARTESIAN_POINT('',(-287.000002004206,-25.,344.5));
#1617=CARTESIAN_POINT('',(-291.,-12.5,344.5));
#1618=CARTESIAN_POINT('Origin',(-291.,2.81025201784749E-15,344.5));
#1619=CARTESIAN_POINT('',(-305.474368670764,12.3743686707646,344.5));
#1620=CARTESIAN_POINT('Origin',(-303.374368670765,12.3743686707646,344.5));
#1621=CARTESIAN_POINT('',(-280.725631329235,12.3743686707646,344.5));
#1622=CARTESIAN_POINT('Origin',(-278.625631329235,12.3743686707646,344.5));
#1623=CARTESIAN_POINT('',(-280.725631329235,-12.3743686707645,344.5));
#1624=CARTESIAN_POINT('Origin',(-278.625631329235,-12.3743686707645,344.5));
#1625=CARTESIAN_POINT('',(-305.474368670764,-12.3743686707646,344.5));
#1626=CARTESIAN_POINT('Origin',(-303.374368670764,-12.3743686707646,344.5));
#1627=CARTESIAN_POINT('Ctrl Pts',(-283.000004008412,25.,374.));
#1628=CARTESIAN_POINT('Ctrl Pts',(-283.000004008412,8.33333333333334,374.));
#1629=CARTESIAN_POINT('Ctrl Pts',(-283.000004008412,-8.33333333333333,374.));
#1630=CARTESIAN_POINT('Ctrl Pts',(-283.000004008412,-25.,374.));
#1631=CARTESIAN_POINT('Ctrl Pts',(-281.653133949009,25.,374.));
#1632=CARTESIAN_POINT('Ctrl Pts',(-281.653133949009,8.33333333333333,374.));
#1633=CARTESIAN_POINT('Ctrl Pts',(-281.653133949009,-8.33333333333333,374.));
#1634=CARTESIAN_POINT('Ctrl Pts',(-281.653133949009,-25.,374.));
#1635=CARTESIAN_POINT('Ctrl Pts',(-278.701662975795,25.,373.158576305948));
#1636=CARTESIAN_POINT('Ctrl Pts',(-278.701662975795,8.33333333333335,373.158576305948));
#1637=CARTESIAN_POINT('Ctrl Pts',(-278.701662975795,-8.33333333333335,373.158576305948));
#1638=CARTESIAN_POINT('Ctrl Pts',(-278.701662975795,-25.,373.158576305948));
#1639=CARTESIAN_POINT('Ctrl Pts',(-274.818094413818,25.,368.617757389599));
#1640=CARTESIAN_POINT('Ctrl Pts',(-274.818094413818,8.33333333333334,368.617757389599));
#1641=CARTESIAN_POINT('Ctrl Pts',(-274.818094413818,-8.33333333333334,368.617757389599));
#1642=CARTESIAN_POINT('Ctrl Pts',(-274.818094413818,-25.,368.617757389599));
#1643=CARTESIAN_POINT('Ctrl Pts',(-273.195106422528,25.,363.162364021211));
#1644=CARTESIAN_POINT('Ctrl Pts',(-273.195106422528,8.33333333333334,363.162364021211));
#1645=CARTESIAN_POINT('Ctrl Pts',(-273.195106422528,-8.33333333333334,363.162364021211));
#1646=CARTESIAN_POINT('Ctrl Pts',(-273.195106422528,-25.,363.162364021211));
#1647=CARTESIAN_POINT('Ctrl Pts',(-273.000004008412,25.,360.010152544552));
#1648=CARTESIAN_POINT('Ctrl Pts',(-273.000004008412,8.33333333333334,360.010152544552));
#1649=CARTESIAN_POINT('Ctrl Pts',(-273.000004008412,-8.33333333333334,360.010152544552));
#1650=CARTESIAN_POINT('Ctrl Pts',(-273.000004008412,-25.,360.010152544552));
#1651=CARTESIAN_POINT('Ctrl Pts',(-273.000004008412,25.,359.));
#1652=CARTESIAN_POINT('Ctrl Pts',(-273.000004008412,8.33333333333334,359.));
#1653=CARTESIAN_POINT('Ctrl Pts',(-273.000004008412,-8.33333333333333,359.));
#1654=CARTESIAN_POINT('Ctrl Pts',(-273.000004008412,-25.,359.));
#1655=CARTESIAN_POINT('',(-283.000004008412,25.,374.));
#1656=CARTESIAN_POINT('Ctrl Pts',(-283.000004008412,25.,374.));
#1657=CARTESIAN_POINT('Ctrl Pts',(-281.653133949009,25.,374.));
#1658=CARTESIAN_POINT('Ctrl Pts',(-280.177398462402,25.,373.579288152974));
#1659=CARTESIAN_POINT('Ctrl Pts',(-278.792269292102,25.,372.612129076736));
#1660=CARTESIAN_POINT('Ctrl Pts',(-277.407140121803,25.,371.644970000498));
#1661=CARTESIAN_POINT('Ctrl Pts',(-276.11261726781,25.,370.131363695048));
#1662=CARTESIAN_POINT('Ctrl Pts',(-275.140758242556,25.,368.283481868646));
#1663=CARTESIAN_POINT('Ctrl Pts',(-274.168899217302,25.,366.435600042244));
#1664=CARTESIAN_POINT('Ctrl Pts',(-273.519704020786,25.,364.253442694889));
#1665=CARTESIAN_POINT('Ctrl Pts',(-273.216593437896,25.,362.125074033922));
#1666=CARTESIAN_POINT('Ctrl Pts',(-273.065038146451,25.,361.060889703438));
#1667=CARTESIAN_POINT('Ctrl Pts',(-273.000004008412,25.,360.010152544552));
#1668=CARTESIAN_POINT('Ctrl Pts',(-273.000004008412,25.,359.));
#1669=CARTESIAN_POINT('',(-283.000004008412,-25.,374.));
#1670=CARTESIAN_POINT('Ctrl Pts',(-273.000004008412,-25.,359.));
#1671=CARTESIAN_POINT('Ctrl Pts',(-273.000004008412,-25.,360.010152544552));
#1672=CARTESIAN_POINT('Ctrl Pts',(-273.065038146451,-25.,361.060889703438));
#1673=CARTESIAN_POINT('Ctrl Pts',(-273.216593437896,-25.,362.125074033922));
#1674=CARTESIAN_POINT('Ctrl Pts',(-273.519704020786,-25.,364.253442694889));
#1675=CARTESIAN_POINT('Ctrl Pts',(-274.168899217302,-25.,366.435600042244));
#1676=CARTESIAN_POINT('Ctrl Pts',(-275.140758242556,-25.,368.283481868646));
#1677=CARTESIAN_POINT('Ctrl Pts',(-276.11261726781,-25.,370.131363695048));
#1678=CARTESIAN_POINT('Ctrl Pts',(-277.407140121803,-25.,371.644970000498));
#1679=CARTESIAN_POINT('Ctrl Pts',(-278.792269292102,-25.,372.612129076736));
#1680=CARTESIAN_POINT('Ctrl Pts',(-280.177398462402,-25.,373.579288152974));
#1681=CARTESIAN_POINT('Ctrl Pts',(-281.653133949009,-25.,374.));
#1682=CARTESIAN_POINT('Ctrl Pts',(-283.000004008412,-25.,374.));
#1683=CARTESIAN_POINT('',(-283.000001002103,-0.00400420399292326,374.));
#1684=CARTESIAN_POINT('Ctrl Pts',(-283.000004008412,-25.,374.));
#1685=CARTESIAN_POINT('Ctrl Pts',(-283.000004008412,-16.668001401331,374.));
#1686=CARTESIAN_POINT('Ctrl Pts',(-283.000004008412,-8.33600280266195,374.));
#1687=CARTESIAN_POINT('Ctrl Pts',(-283.000004008412,-0.00400420399292845,
374.));
#1688=CARTESIAN_POINT('Ctrl Pts',(-283.000004008412,-0.00400420399291068,
374.));
#1689=CARTESIAN_POINT('Ctrl Pts',(-283.000004008412,8.33066386400473,374.));
#1690=CARTESIAN_POINT('Ctrl Pts',(-283.000004008412,16.6653319320024,374.));
#1691=CARTESIAN_POINT('Ctrl Pts',(-283.000004008412,25.,374.));
#1692=CARTESIAN_POINT('Origin',(-291.,0.,378.500005617738));
#1693=CARTESIAN_POINT('',(-291.,-8.,386.000005617738));
#1694=CARTESIAN_POINT('Origin',(-291.,0.,386.000005617738));
#1695=CARTESIAN_POINT('',(-291.,-8.,374.));
#1696=CARTESIAN_POINT('',(-291.,-8.,378.500005617738));
#1697=CARTESIAN_POINT('Origin',(-291.,0.,374.));
#1698=CARTESIAN_POINT('Origin',(-291.,0.,374.));
#1699=CARTESIAN_POINT('Origin',(-283.,0.,374.));
#1700=CARTESIAN_POINT('',(-296.,-25.,374.));
#1701=CARTESIAN_POINT('',(-283.,-25.,374.));
#1702=CARTESIAN_POINT('',(-306.,-5.,374.));
#1703=CARTESIAN_POINT('',(-302.2,-12.6,374.));
#1704=CARTESIAN_POINT('',(-306.,5.,374.));
#1705=CARTESIAN_POINT('',(-306.,0.,374.));
#1706=CARTESIAN_POINT('',(-296.,25.,374.));
#1707=CARTESIAN_POINT('',(-302.2,12.6,374.));
#1708=CARTESIAN_POINT('',(-283.,25.,374.));
#1709=CARTESIAN_POINT('Origin',(-307.000004008412,20.,369.));
#1710=CARTESIAN_POINT('',(-302.000004008412,25.,334.));
#1711=CARTESIAN_POINT('',(-312.000004008412,15.,334.));
#1712=CARTESIAN_POINT('',(-308.000004086644,18.999999921769,334.));
#1713=CARTESIAN_POINT('',(-312.000004008412,15.,369.));
#1714=CARTESIAN_POINT('',(-302.000004008412,25.,369.));
#1715=CARTESIAN_POINT('Origin',(-283.,25.,399.));
#1716=CARTESIAN_POINT('',(-296.,25.,386.000005617738));
#1717=CARTESIAN_POINT('',(-296.,25.,399.));
#1718=CARTESIAN_POINT('',(-280.000004008412,25.,386.000005617738));
#1719=CARTESIAN_POINT('',(-287.00000204891,25.,386.000005617738));
#1720=CARTESIAN_POINT('',(-272.000004008412,25.,394.000005617738));
#1721=CARTESIAN_POINT('Origin',(-280.000004008412,25.,394.000005617738));
#1722=CARTESIAN_POINT('',(-272.000004008412,25.,398.00000615418));
#1723=CARTESIAN_POINT('',(-272.000004008412,25.,381.5));
#1724=CARTESIAN_POINT('',(-245.000004008412,25.,398.00000615418));
#1725=CARTESIAN_POINT('',(-270.750001817942,25.,398.00000615418));
#1726=CARTESIAN_POINT('',(-245.000004008412,25.,392.));
#1727=CARTESIAN_POINT('',(-245.000004008412,25.,381.5));
#1728=CARTESIAN_POINT('',(-259.000004008412,25.,392.));
#1729=CARTESIAN_POINT('',(-268.250002004206,25.,392.));
#1730=CARTESIAN_POINT('',(-259.000004008412,25.,342.));
#1731=CARTESIAN_POINT('',(-259.000004008412,25.,381.5));
#1732=CARTESIAN_POINT('',(-245.000004008412,25.,342.));
#1733=CARTESIAN_POINT('',(-246.500002004206,25.,342.));
#1734=CARTESIAN_POINT('',(-245.000004008412,25.,334.));
#1735=CARTESIAN_POINT('',(-245.000004008412,25.,369.));
#1736=CARTESIAN_POINT('',(-287.000002004206,25.,334.));
#1737=CARTESIAN_POINT('Origin',(-307.000004008412,-20.,369.));
#1738=CARTESIAN_POINT('',(-312.000004008412,-15.,334.));
#1739=CARTESIAN_POINT('',(-302.000004008412,-25.,334.));
#1740=CARTESIAN_POINT('',(-308.000003930181,-19.0000000782311,334.));
#1741=CARTESIAN_POINT('',(-302.000004008412,-25.,369.));
#1742=CARTESIAN_POINT('',(-312.000004008412,-15.,369.));
#1743=CARTESIAN_POINT('Origin',(-283.,-25.,399.));
#1744=CARTESIAN_POINT('',(-245.000004008412,-25.,334.));
#1745=CARTESIAN_POINT('',(-287.000002004206,-25.,334.));
#1746=CARTESIAN_POINT('',(-245.000004008412,-25.,342.));
#1747=CARTESIAN_POINT('',(-245.000004008412,-25.,369.));
#1748=CARTESIAN_POINT('',(-259.000004008412,-25.,342.));
#1749=CARTESIAN_POINT('',(-246.500002004206,-25.,342.));
#1750=CARTESIAN_POINT('',(-259.000004008412,-25.,392.));
#1751=CARTESIAN_POINT('',(-259.000004008412,-25.,381.5));
#1752=CARTESIAN_POINT('',(-245.000004008412,-25.,392.));
#1753=CARTESIAN_POINT('',(-268.250002004206,-25.,392.));
#1754=CARTESIAN_POINT('',(-245.000004008412,-25.,398.000005930662));
#1755=CARTESIAN_POINT('',(-245.000004008412,-25.,381.5));
#1756=CARTESIAN_POINT('',(-272.000004008412,-25.,398.000005930662));
#1757=CARTESIAN_POINT('',(-270.750001817942,-25.,398.000005930662));
#1758=CARTESIAN_POINT('',(-272.000004008412,-25.,394.000005617738));
#1759=CARTESIAN_POINT('',(-272.000004008412,-25.,381.5));
#1760=CARTESIAN_POINT('',(-280.000004008412,-25.,386.000005617738));
#1761=CARTESIAN_POINT('Origin',(-280.000004008412,-25.,394.000005617738));
#1762=CARTESIAN_POINT('',(-296.,-25.,386.000005617738));
#1763=CARTESIAN_POINT('',(-287.00000204891,-25.,386.000005617738));
#1764=CARTESIAN_POINT('',(-296.,-25.,399.));
#1765=CARTESIAN_POINT('Origin',(-301.,15.,399.));
#1766=CARTESIAN_POINT('',(-306.,5.,386.000005617738));
#1767=CARTESIAN_POINT('',(-302.900000409782,11.1999991804361,386.000005617738));
#1768=CARTESIAN_POINT('',(-306.,5.,399.));
#1769=CARTESIAN_POINT('Origin',(-306.,0.,399.));
#1770=CARTESIAN_POINT('',(-306.,-5.,386.000005617738));
#1771=CARTESIAN_POINT('',(-306.,-5.,399.));
#1772=CARTESIAN_POINT('',(-306.,0.25,386.000005617738));
#1773=CARTESIAN_POINT('Origin',(-301.,-15.,399.));
#1774=CARTESIAN_POINT('',(-303.100000409782,-10.7999991804361,386.000005617738));
#1775=CARTESIAN_POINT('Origin',(-301.,15.,399.));
#1776=CARTESIAN_POINT('',(-306.,5.,424.));
#1777=CARTESIAN_POINT('',(-296.,25.,424.));
#1778=CARTESIAN_POINT('',(-302.2,12.6,424.));
#1779=CARTESIAN_POINT('',(-296.,25.,416.));
#1780=CARTESIAN_POINT('',(-296.,25.,399.));
#1781=CARTESIAN_POINT('',(-306.,5.,416.));
#1782=CARTESIAN_POINT('',(-299.250000400841,18.4999991983175,416.));
#1783=CARTESIAN_POINT('',(-306.,5.,399.));
#1784=CARTESIAN_POINT('Origin',(-283.,25.,399.));
#1785=CARTESIAN_POINT('',(-273.84740173081,25.,424.));
#1786=CARTESIAN_POINT('',(-283.,25.,424.));
#1787=CARTESIAN_POINT('',(-259.048600262891,25.,417.453455879926));
#1788=CARTESIAN_POINT('Origin',(-273.84740173081,25.,404.));
#1789=CARTESIAN_POINT('',(-255.000009603121,25.,413.00000615418));
#1790=CARTESIAN_POINT('',(-257.850681834563,25.,416.135745608766));
#1791=CARTESIAN_POINT('',(-272.417430999366,25.,413.00000615418));
#1792=CARTESIAN_POINT('',(-270.750001817942,25.,413.00000615418));
#1793=CARTESIAN_POINT('',(-277.000004008412,25.,416.));
#1794=CARTESIAN_POINT('Origin',(-277.000004008412,25.,411.));
#1795=CARTESIAN_POINT('',(-268.250002004206,25.,416.));
#1796=CARTESIAN_POINT('Origin',(-283.,0.,424.));
#1797=CARTESIAN_POINT('',(-306.,-5.,424.));
#1798=CARTESIAN_POINT('',(-306.,0.,424.));
#1799=CARTESIAN_POINT('',(-296.,-25.,424.));
#1800=CARTESIAN_POINT('',(-302.2,-12.6,424.));
#1801=CARTESIAN_POINT('',(-273.84740173081,-25.,424.));
#1802=CARTESIAN_POINT('',(-283.,-25.,424.));
#1803=CARTESIAN_POINT('',(-273.84740173081,0.,424.));
#1804=CARTESIAN_POINT('',(-291.000004321337,-8.,424.));
#1805=CARTESIAN_POINT('Origin',(-291.000004321337,0.,424.));
#1806=CARTESIAN_POINT('Origin',(-301.,-15.,399.));
#1807=CARTESIAN_POINT('',(-306.,-5.,416.));
#1808=CARTESIAN_POINT('',(-306.,-5.,399.));
#1809=CARTESIAN_POINT('',(-296.,-25.,416.));
#1810=CARTESIAN_POINT('',(-299.250000400841,-18.4999991983175,416.));
#1811=CARTESIAN_POINT('',(-296.,-25.,399.));
#1812=CARTESIAN_POINT('Origin',(-283.,-25.,399.));
#1813=CARTESIAN_POINT('',(-277.000004008412,-25.,416.));
#1814=CARTESIAN_POINT('',(-268.250002004206,-25.,416.));
#1815=CARTESIAN_POINT('',(-272.417430901814,-25.,413.000005930662));
#1816=CARTESIAN_POINT('Origin',(-277.000004008412,-25.,411.));
#1817=CARTESIAN_POINT('',(-255.000009399923,-25.,413.000005930662));
#1818=CARTESIAN_POINT('',(-270.750001817942,-25.,413.000005930662));
#1819=CARTESIAN_POINT('',(-259.048600262891,-25.,417.453455879926));
#1820=CARTESIAN_POINT('',(-257.850681834563,-25.,416.135745608766));
#1821=CARTESIAN_POINT('Origin',(-273.84740173081,-25.,404.));
#1822=CARTESIAN_POINT('Origin',(-245.000004008412,0.,364.));
#1823=CARTESIAN_POINT('',(-245.000004008412,24.1322446462167,398.00000615418));
#1824=CARTESIAN_POINT('',(-245.000004008412,10.75,398.00000615418));
#1825=CARTESIAN_POINT('',(-245.000004008412,20.,402.00000615418));
#1826=CARTESIAN_POINT('Origin',(-245.000004008412,24.1322446462167,402.00000615418));
#1827=CARTESIAN_POINT('',(-245.000004008412,-20.,402.000005930662));
#1828=CARTESIAN_POINT('',(-245.000004008412,0.,402.));
#1829=CARTESIAN_POINT('',(-245.000004008412,-24.1322446462167,398.000005930662));
#1830=CARTESIAN_POINT('Origin',(-245.000004008412,-24.1322446462167,402.000005930662));
#1831=CARTESIAN_POINT('',(-245.000004008412,-10.75,398.000005930662));
#1832=CARTESIAN_POINT('',(-245.000004008412,0.,392.));
#1833=CARTESIAN_POINT('',(-245.000004008412,13.0000001788139,395.000005915761));
#1834=CARTESIAN_POINT('Origin',(-245.000004008412,13.0000001788139,397.000005915761));
#1835=CARTESIAN_POINT('',(-245.000004008412,-13.0000001788139,395.000005915761));
#1836=CARTESIAN_POINT('Origin',(-245.000004008412,-13.0000001788139,397.000005915761));
#1837=CARTESIAN_POINT('Origin',(-258.500003635883,-21.5,398.000005930662));
#1838=CARTESIAN_POINT('',(-272.000004008412,-17.1322446462167,398.000005930662));
#1839=CARTESIAN_POINT('',(-258.896525990865,-20.529442650766,398.000005930662));
#1840=CARTESIAN_POINT('',(-272.000004008412,-10.75,398.000005930662));
#1841=CARTESIAN_POINT('Origin',(-280.000004008412,0.25,394.000005617738));
#1842=CARTESIAN_POINT('',(-280.000004008412,0.25,386.000005617738));
#1843=CARTESIAN_POINT('',(-272.000004008412,0.25,394.000005617738));
#1844=CARTESIAN_POINT('Origin',(-291.000004097819,0.5,386.000005617738));
#1845=CARTESIAN_POINT('Origin',(-277.000004008412,0.,411.));
#1846=CARTESIAN_POINT('',(-272.000004008412,-13.5536122706746,411.));
#1847=CARTESIAN_POINT('',(-272.417430901814,-17.0240228590384,413.000005930662));
#1848=CARTESIAN_POINT('Ctrl Pts',(-272.000004008412,-13.5536122706746,411.));
#1849=CARTESIAN_POINT('Ctrl Pts',(-272.000004008412,-13.5999054366321,411.077616345951));
#1850=CARTESIAN_POINT('Ctrl Pts',(-272.001826317785,-13.6489916159327,411.154637958283));
#1851=CARTESIAN_POINT('Ctrl Pts',(-272.015180632873,-13.8467094185858,411.444628096198));
#1852=CARTESIAN_POINT('Ctrl Pts',(-272.038851880449,-14.0127927926146,411.645249766278));
#1853=CARTESIAN_POINT('Ctrl Pts',(-272.126602623314,-14.5337698439853,412.176826637566));
#1854=CARTESIAN_POINT('Ctrl Pts',(-272.222323405735,-14.9812467400235,412.490503385167));
#1855=CARTESIAN_POINT('Ctrl Pts',(-272.370724661069,-15.9704495190961,412.902003726044));
#1856=CARTESIAN_POINT('Ctrl Pts',(-272.417430901814,-16.5129881666701,413.000005930662));
#1857=CARTESIAN_POINT('Ctrl Pts',(-272.417430901814,-17.0240228590384,413.000005930662));
#1858=CARTESIAN_POINT('',(-272.417430901814,0.,413.000005930662));
#1859=CARTESIAN_POINT('',(-277.000004008412,0.,416.));
#1860=CARTESIAN_POINT('',(-272.417430999366,17.0240228337473,413.00000615418));
#1861=CARTESIAN_POINT('',(-272.417430999366,0.,413.00000615418));
#1862=CARTESIAN_POINT('',(-272.000004008412,13.5536121373609,411.));
#1863=CARTESIAN_POINT('Ctrl Pts',(-272.417430999366,17.0240228337473,413.00000615418));
#1864=CARTESIAN_POINT('Ctrl Pts',(-272.417430999366,16.4915626901662,413.00000615418));
#1865=CARTESIAN_POINT('Ctrl Pts',(-272.366474562286,15.9281967073666,412.893634197559));
#1866=CARTESIAN_POINT('Ctrl Pts',(-272.209030845782,14.9082440254305,412.449829661771));
#1867=CARTESIAN_POINT('Ctrl Pts',(-272.109444577205,14.4506627916453,412.112261922462));
#1868=CARTESIAN_POINT('Ctrl Pts',(-272.027462241883,13.9333586689517,411.55132425993));
#1869=CARTESIAN_POINT('Ctrl Pts',(-272.007535880605,13.7751529723591,411.348799107481));
#1870=CARTESIAN_POINT('Ctrl Pts',(-272.000609500723,13.6079932828499,411.089422183587));
#1871=CARTESIAN_POINT('Ctrl Pts',(-272.000004008412,13.5803708023405,411.044864291841));
#1872=CARTESIAN_POINT('Ctrl Pts',(-272.000004008412,13.5536121373607,411.));
#1873=CARTESIAN_POINT('',(-272.000004008412,0.,411.));
#1874=CARTESIAN_POINT('Origin',(-272.000004008412,0.,364.));
#1875=CARTESIAN_POINT('',(-272.000004008412,-13.,402.000005930662));
#1876=CARTESIAN_POINT('Origin',(-272.000004008412,-17.1322446462167,402.000005930662));
#1877=CARTESIAN_POINT('',(-272.000004008412,-13.,409.000005930662));
#1878=CARTESIAN_POINT('',(-272.000004008412,-13.,384.750002965331));
#1879=CARTESIAN_POINT('Origin',(-272.000004008412,-17.1322446462167,409.000005930662));
#1880=CARTESIAN_POINT('',(-272.000004008412,13.,409.00000615418));
#1881=CARTESIAN_POINT('Origin',(-272.000004008412,17.1322446462167,409.00000615418));
#1882=CARTESIAN_POINT('',(-272.000004008412,13.,402.00000615418));
#1883=CARTESIAN_POINT('',(-272.000004008412,13.,384.75000307709));
#1884=CARTESIAN_POINT('',(-272.000004008412,17.1322446462167,398.00000615418));
#1885=CARTESIAN_POINT('Origin',(-272.000004008412,17.1322446462167,402.00000615418));
#1886=CARTESIAN_POINT('',(-272.000004008412,10.75,398.00000615418));
#1887=CARTESIAN_POINT('',(-272.000004008412,-13.0000001788139,395.000005915761));
#1888=CARTESIAN_POINT('Origin',(-272.000004008412,-13.0000001788139,397.000005915761));
#1889=CARTESIAN_POINT('',(-272.000004008412,13.0000001788139,395.000005915761));
#1890=CARTESIAN_POINT('Origin',(-272.000004008412,13.0000001788139,397.000005915761));
#1891=CARTESIAN_POINT('Origin',(-273.84740173081,0.,404.));
#1892=CARTESIAN_POINT('',(-259.048600262891,0.,417.453455879926));
#1893=CARTESIAN_POINT('Origin',(-255.000004008412,0.,413.));
#1894=CARTESIAN_POINT('',(-255.000009399923,-21.539650655825,413.000005930662));
#1895=CARTESIAN_POINT('',(-255.000009399923,-10.75,413.000005930662));
#1896=CARTESIAN_POINT('',(-251.36364576356,-18.3501669523692,409.000005930662));
#1897=CARTESIAN_POINT('Origin',(-251.36364576356,-22.4824115985859,409.000005930662));
#1898=CARTESIAN_POINT('',(-249.988024952427,-18.7068093848851,407.486823038416));
#1899=CARTESIAN_POINT('',(-251.363645966757,18.3501668996883,409.00000615418));
#1900=CARTESIAN_POINT('',(-249.988024979419,18.7068093778871,407.486823068108));
#1901=CARTESIAN_POINT('',(-255.000009603121,21.5396506031441,413.00000615418));
#1902=CARTESIAN_POINT('Origin',(-251.363645966757,22.482411545905,409.00000615418));
#1903=CARTESIAN_POINT('',(-255.000009603121,10.75,413.00000615418));
#1904=CARTESIAN_POINT('',(-252.000003755093,-6.,409.699999721348));
#1905=CARTESIAN_POINT('Origin',(-252.000003755093,0.,409.699999721348));
#1906=CARTESIAN_POINT('Origin',(-258.896525990865,20.529442650766,409.00000615418));
#1907=CARTESIAN_POINT('',(-257.89267735573,16.6574550581028,409.00000615418));
#1908=CARTESIAN_POINT('',(-258.896525990865,20.529442650766,413.00000615418));
#1909=CARTESIAN_POINT('Origin',(-258.500004008412,16.5,384.75000307709));
#1910=CARTESIAN_POINT('',(-257.89267735573,16.6574550581028,402.00000615418));
#1911=CARTESIAN_POINT('Origin',(-258.500004008412,-16.5,384.750002965331));
#1912=CARTESIAN_POINT('',(-257.89267735573,-16.6574550581028,409.000005930662));
#1913=CARTESIAN_POINT('',(-257.89267735573,-16.6574550581028,402.000005930662));
#1914=CARTESIAN_POINT('Origin',(-258.896525990865,-20.529442650766,409.000005930662));
#1915=CARTESIAN_POINT('',(-258.896525990865,-20.529442650766,413.000005930662));
#1916=CARTESIAN_POINT('Origin',(-252.000003755093,0.,413.));
#1917=CARTESIAN_POINT('',(-252.000003755093,-6.,402.));
#1918=CARTESIAN_POINT('',(-252.000003755093,-6.,413.));
#1919=CARTESIAN_POINT('Origin',(-252.000003755093,0.,402.));
#1920=CARTESIAN_POINT('Origin',(-252.000003755093,15.0000002235174,338.5));
#1921=CARTESIAN_POINT('',(-254.500003755093,15.0000002235174,334.));
#1922=CARTESIAN_POINT('Origin',(-252.000003755093,15.0000002235174,334.));
#1923=CARTESIAN_POINT('',(-254.500003755093,15.0000002235174,342.));
#1924=CARTESIAN_POINT('',(-254.500003755093,15.0000002235174,338.5));
#1925=CARTESIAN_POINT('Origin',(-252.000003755093,15.0000002235174,342.));
#1926=CARTESIAN_POINT('Origin',(-252.000003755093,-15.0000002235174,338.5));
#1927=CARTESIAN_POINT('',(-254.500003755093,-15.0000002235174,334.));
#1928=CARTESIAN_POINT('Origin',(-252.000003755093,-15.0000002235174,334.));
#1929=CARTESIAN_POINT('',(-254.500003755093,-15.0000002235174,342.));
#1930=CARTESIAN_POINT('',(-254.500003755093,-15.0000002235174,338.5));
#1931=CARTESIAN_POINT('Origin',(-252.000003755093,-15.0000002235174,342.));
#1932=CARTESIAN_POINT('Origin',(-268.000004008412,13.0000001788139,397.000005915761));
#1933=CARTESIAN_POINT('',(-268.000004008412,13.0000001788139,395.000005915761));
#1934=CARTESIAN_POINT('Origin',(-268.000004008412,-13.0000001788139,397.000005915761));
#1935=CARTESIAN_POINT('',(-268.000004008412,-13.0000001788139,395.000005915761));
#1936=CARTESIAN_POINT('Origin',(-258.500003635883,21.5,413.00000615418));
#1937=CARTESIAN_POINT('Origin',(-258.896525990865,20.529442650766,402.00000615418));
#1938=CARTESIAN_POINT('',(-258.896525990865,20.529442650766,398.00000615418));
#1939=CARTESIAN_POINT('Origin',(-258.500003635883,21.5,398.00000615418));
#1940=CARTESIAN_POINT('Origin',(-258.500003635883,-21.5,413.000005930662));
#1941=CARTESIAN_POINT('Origin',(-258.896525990865,-20.529442650766,402.000005930662));
#1942=CARTESIAN_POINT('Origin',(-253.000003755093,0.,402.));
#1943=CARTESIAN_POINT('',(-252.000003755093,-3.25,402.));
#1944=CARTESIAN_POINT('Origin',(-252.000003755093,0.,402.));
#1945=CARTESIAN_POINT('Origin',(-291.,2.81025201784749E-15,341.5));
#1946=CARTESIAN_POINT('',(-291.,-12.5,334.));
#1947=CARTESIAN_POINT('',(-291.,-12.5,341.5));
#1948=CARTESIAN_POINT('Origin',(-291.,2.81025201784749E-15,334.));
#1949=CARTESIAN_POINT('Origin',(-303.374368670765,12.3743686707646,338.5));
#1950=CARTESIAN_POINT('',(-305.474368670764,12.3743686707646,334.));
#1951=CARTESIAN_POINT('',(-305.474368670764,12.3743686707646,338.5));
#1952=CARTESIAN_POINT('Origin',(-303.374368670765,12.3743686707646,334.));
#1953=CARTESIAN_POINT('Origin',(-278.625631329235,12.3743686707646,338.5));
#1954=CARTESIAN_POINT('',(-280.725631329235,12.3743686707646,334.));
#1955=CARTESIAN_POINT('',(-280.725631329235,12.3743686707646,338.5));
#1956=CARTESIAN_POINT('Origin',(-278.625631329235,12.3743686707646,334.));
#1957=CARTESIAN_POINT('Origin',(-278.625631329235,-12.3743686707645,338.5));
#1958=CARTESIAN_POINT('',(-280.725631329235,-12.3743686707645,334.));
#1959=CARTESIAN_POINT('',(-280.725631329235,-12.3743686707645,338.5));
#1960=CARTESIAN_POINT('Origin',(-278.625631329235,-12.3743686707645,334.));
#1961=CARTESIAN_POINT('Origin',(-303.374368670764,-12.3743686707646,338.5));
#1962=CARTESIAN_POINT('',(-305.474368670764,-12.3743686707646,334.));
#1963=CARTESIAN_POINT('',(-305.474368670764,-12.3743686707646,338.5));
#1964=CARTESIAN_POINT('Origin',(-303.374368670764,-12.3743686707646,334.));
#1965=CARTESIAN_POINT('Origin',(-252.000003755093,0.,402.5));
#1966=CARTESIAN_POINT('',(-252.000003755093,-3.25,392.));
#1967=CARTESIAN_POINT('',(-252.000003755093,-3.25,402.5));
#1968=CARTESIAN_POINT('Origin',(-252.000003755093,0.,392.));
#1969=CARTESIAN_POINT('Origin',(-312.000004008412,-3.12924193224262E-7,
339.));
#1970=CARTESIAN_POINT('',(-312.000004008412,-3.12924196034514E-7,334.));
#1971=CARTESIAN_POINT('Origin',(-291.000004008412,-3.12924196034514E-7,
334.));
#1972=CARTESIAN_POINT('',(-245.000004008412,-1.56462099422383E-7,334.));
#1973=CARTESIAN_POINT('Origin',(-245.000004008412,0.,339.));
#1974=CARTESIAN_POINT('',(-245.000004008412,0.,342.));
#1975=CARTESIAN_POINT('Origin',(-210.000004008412,0.,342.));
#1976=CARTESIAN_POINT('',(-259.000004008412,0.,342.));
#1977=CARTESIAN_POINT('Origin',(-259.000004008412,0.,364.));
#1978=CARTESIAN_POINT('',(-259.000004008412,0.,392.));
#1979=CARTESIAN_POINT('Origin',(-253.500004008412,0.,392.));
#1980=CARTESIAN_POINT('Origin',(-291.000004321337,0.,420.));
#1981=CARTESIAN_POINT('',(-291.000004321337,-8.,416.));
#1982=CARTESIAN_POINT('',(-291.000004321337,-8.,420.));
#1983=CARTESIAN_POINT('Origin',(-291.000004321337,0.,416.));
#1984=CARTESIAN_POINT('Origin',(-306.,0.,399.));
#1985=CARTESIAN_POINT('',(-306.,0.,416.));
#1986=CARTESIAN_POINT('Origin',(-253.500004008412,0.,416.));
#1987=UNCERTAINTY_MEASURE_WITH_UNIT(LENGTH_MEASURE(0.01),#1991,
'DISTANCE_ACCURACY_VALUE',
'Maximum model space distance between geometric entities at asserted c
onnectivities');
#1988=UNCERTAINTY_MEASURE_WITH_UNIT(LENGTH_MEASURE(0.01),#1991,
'DISTANCE_ACCURACY_VALUE',
'Maximum model space distance between geometric entities at asserted c
onnectivities');
#1989=(
GEOMETRIC_REPRESENTATION_CONTEXT(3)
GLOBAL_UNCERTAINTY_ASSIGNED_CONTEXT((#1987))
GLOBAL_UNIT_ASSIGNED_CONTEXT((#1991,#1992,#1993))
REPRESENTATION_CONTEXT('','3D')
);
#1990=(
GEOMETRIC_REPRESENTATION_CONTEXT(3)
GLOBAL_UNCERTAINTY_ASSIGNED_CONTEXT((#1988))
GLOBAL_UNIT_ASSIGNED_CONTEXT((#1991,#1992,#1993))
REPRESENTATION_CONTEXT('','3D')
);
#1991=(
LENGTH_UNIT()
NAMED_UNIT(*)
SI_UNIT(.MILLI.,.METRE.)
);
#1992=(
NAMED_UNIT(*)
PLANE_ANGLE_UNIT()
SI_UNIT($,.RADIAN.)
);
#1993=(
NAMED_UNIT(*)
SI_UNIT($,.STERADIAN.)
SOLID_ANGLE_UNIT()
);
#1994=SHAPE_DEFINITION_REPRESENTATION(#1995,#1996);
#1995=PRODUCT_DEFINITION_SHAPE('',$,#1998);
#1996=SHAPE_REPRESENTATION('',(#1136),#1989);
#1997=PRODUCT_DEFINITION_CONTEXT('part definition',#2002,'design');
#1998=PRODUCT_DEFINITION('HTD3M-270t-20t-1068mm-Chassis-V3',
'HTD3M-270t-20t-1068mm-Chassis-V3 v62',#1999,#1997);
#1999=PRODUCT_DEFINITION_FORMATION('',$,#2004);
#2000=PRODUCT_RELATED_PRODUCT_CATEGORY(
'HTD3M-270t-20t-1068mm-Chassis-V3 v62',
'HTD3M-270t-20t-1068mm-Chassis-V3 v62',(#2004));
#2001=APPLICATION_PROTOCOL_DEFINITION('international standard',
'automotive_design',2009,#2002);
#2002=APPLICATION_CONTEXT(
'Core Data for Automotive Mechanical Design Process');
#2003=PRODUCT_CONTEXT('part definition',#2002,'mechanical');
#2004=PRODUCT('HTD3M-270t-20t-1068mm-Chassis-V3',
'HTD3M-270t-20t-1068mm-Chassis-V3 v62',$,(#2003));
#2005=PRESENTATION_STYLE_ASSIGNMENT((#2013));
#2006=PRESENTATION_STYLE_ASSIGNMENT((#2014));
#2007=PRESENTATION_STYLE_ASSIGNMENT((#2015));
#2008=PRESENTATION_STYLE_ASSIGNMENT((#2016));
#2009=PRESENTATION_STYLE_ASSIGNMENT((#2017));
#2010=PRESENTATION_STYLE_ASSIGNMENT((#2018));
#2011=PRESENTATION_STYLE_ASSIGNMENT((#2019));
#2012=PRESENTATION_STYLE_ASSIGNMENT((#2020));
#2013=SURFACE_STYLE_USAGE(.BOTH.,#2021);
#2014=SURFACE_STYLE_USAGE(.BOTH.,#2022);
#2015=SURFACE_STYLE_USAGE(.BOTH.,#2023);
#2016=SURFACE_STYLE_USAGE(.BOTH.,#2024);
#2017=SURFACE_STYLE_USAGE(.BOTH.,#2025);
#2018=SURFACE_STYLE_USAGE(.BOTH.,#2026);
#2019=SURFACE_STYLE_USAGE(.BOTH.,#2027);
#2020=SURFACE_STYLE_USAGE(.BOTH.,#2028);
#2021=SURFACE_SIDE_STYLE('',(#2029));
#2022=SURFACE_SIDE_STYLE('',(#2030));
#2023=SURFACE_SIDE_STYLE('',(#2031));
#2024=SURFACE_SIDE_STYLE('',(#2032));
#2025=SURFACE_SIDE_STYLE('',(#2033));
#2026=SURFACE_SIDE_STYLE('',(#2034));
#2027=SURFACE_SIDE_STYLE('',(#2035));
#2028=SURFACE_SIDE_STYLE('',(#2036));
#2029=SURFACE_STYLE_FILL_AREA(#2037);
#2030=SURFACE_STYLE_FILL_AREA(#2038);
#2031=SURFACE_STYLE_FILL_AREA(#2039);
#2032=SURFACE_STYLE_FILL_AREA(#2040);
#2033=SURFACE_STYLE_FILL_AREA(#2041);
#2034=SURFACE_STYLE_FILL_AREA(#2042);
#2035=SURFACE_STYLE_FILL_AREA(#2043);
#2036=SURFACE_STYLE_FILL_AREA(#2044);
#2037=FILL_AREA_STYLE('Opaque(175,143,175)',(#2045));
#2038=FILL_AREA_STYLE('Opaque(159,175,143)',(#2046));
#2039=FILL_AREA_STYLE('Opaque(143,143,175)',(#2047));
#2040=FILL_AREA_STYLE('Opaque(175,159,143)',(#2048));
#2041=FILL_AREA_STYLE('Opaque(143,175,175)',(#2049));
#2042=FILL_AREA_STYLE('Steel - Satin',(#2050));
#2043=FILL_AREA_STYLE('Plastic - Translucent Matte (Red)',(#2051));
#2044=FILL_AREA_STYLE('Steel - Satin',(#2052));
#2045=FILL_AREA_STYLE_COLOUR('Opaque(175,143,175)',#2053);
#2046=FILL_AREA_STYLE_COLOUR('Opaque(159,175,143)',#2054);
#2047=FILL_AREA_STYLE_COLOUR('Opaque(143,143,175)',#2055);
#2048=FILL_AREA_STYLE_COLOUR('Opaque(175,159,143)',#2056);
#2049=FILL_AREA_STYLE_COLOUR('Opaque(143,175,175)',#2057);
#2050=FILL_AREA_STYLE_COLOUR('Steel - Satin',#2058);
#2051=FILL_AREA_STYLE_COLOUR('Plastic - Translucent Matte (Red)',#2059);
#2052=FILL_AREA_STYLE_COLOUR('Steel - Satin',#2060);
#2053=COLOUR_RGB('Opaque(175,143,175)',0.686274509803922,0.56078431372549,
0.686274509803922);
#2054=COLOUR_RGB('Opaque(159,175,143)',0.623529411764706,0.686274509803922,
0.56078431372549);
#2055=COLOUR_RGB('Opaque(143,143,175)',0.56078431372549,0.56078431372549,
0.686274509803922);
#2056=COLOUR_RGB('Opaque(175,159,143)',0.686274509803922,0.623529411764706,
0.56078431372549);
#2057=COLOUR_RGB('Opaque(143,175,175)',0.56078431372549,0.686274509803922,
0.686274509803922);
#2058=COLOUR_RGB('Steel - Satin',0.627450980392157,0.627450980392157,0.627450980392157);
#2059=COLOUR_RGB('Plastic - Translucent Matte (Red)',0.768627450980392,
0.207843137254902,0.152941176470588);
#2060=COLOUR_RGB('Steel - Satin',0.552941176470588,0.227450980392157,0.227450980392157);
ENDSEC;
END-ISO-10303-21;
