ISO-10303-21;
HEADER;
/* Generated by software containing ST-Developer
 * from STEP Tools, Inc. (www.steptools.com) 
 */

FILE_DESCRIPTION(
/* description */ (''),
/* implementation_level */ '2;1');

FILE_NAME(
/* name */ 'HTD3M-270t-20t-1068mm-Chassis-HUB.step',
/* time_stamp */ '2026-04-06T13:58:25+02:00',
/* author */ (''),
/* organization */ (''),
/* preprocessor_version */ 'ST-DEVELOPER v20.1',
/* originating_system */ 'Autodesk Translation Framework v14.24.0.0',
/* authorisation */ '');

FILE_SCHEMA (('AUTOMOTIVE_DESIGN { 1 0 10303 214 3 1 1 }'));
ENDSEC;

DATA;
#10=MECHANICAL_DESIGN_GEOMETRIC_PRESENTATION_REPRESENTATION('',(#13),#4641);
#11=SHAPE_REPRESENTATION_RELATIONSHIP('SRR','None',#4647,#12);
#12=ADVANCED_BREP_SHAPE_REPRESENTATION('',(#14),#4640);
#13=STYLED_ITEM('',(#4662),#14);
#14=MANIFOLD_SOLID_BREP('NAAF-03',#1353);
#15=(
BOUNDED_CURVE()
B_SPLINE_CURVE(2,(#2032,#2033,#2034),.UNSPECIFIED.,.F.,.F.)
B_SPLINE_CURVE_WITH_KNOTS((3,3),(0.0446371094421622,0.0730719872432074),
 .UNSPECIFIED.)
CURVE()
GEOMETRIC_REPRESENTATION_ITEM()
RATIONAL_B_SPLINE_CURVE((1.,0.998797454224287,0.997796560126475))
REPRESENTATION_ITEM('')
);
#16=(
BOUNDED_CURVE()
B_SPLINE_CURVE(2,(#2061,#2062,#2063),.UNSPECIFIED.,.F.,.F.)
B_SPLINE_CURVE_WITH_KNOTS((3,3),(0.271454344768817,0.383778767360232),
 .UNSPECIFIED.)
CURVE()
GEOMETRIC_REPRESENTATION_ITEM()
RATIONAL_B_SPLINE_CURVE((0.993645968625935,0.995249662726114,1.))
REPRESENTATION_ITEM('')
);
#17=(
BOUNDED_SURFACE()
B_SPLINE_SURFACE(2,2,((#2000,#2001,#2002,#2003,#2004,#2005,#2006,#2007,
#2008),(#2009,#2010,#2011,#2012,#2013,#2014,#2015,#2016,#2017),(#2018,#2019,
#2020,#2021,#2022,#2023,#2024,#2025,#2026)),.UNSPECIFIED.,.F.,.T.,.F.)
B_SPLINE_SURFACE_WITH_KNOTS((3,3),(3,2,2,2,3),(0.0446371094421622,0.383778767360232),
(-3.14159265358979,-1.5707963267949,0.,1.5707963267949,3.14159265358979),
 .UNSPECIFIED.)
GEOMETRIC_REPRESENTATION_ITEM()
RATIONAL_B_SPLINE_SURFACE(((1.,0.707106781186548,1.,0.707106781186548,1.,
0.707106781186548,1.,0.707106781186548,1.),(0.985657284305872,0.696964949658599,
0.985657284305872,0.696964949658599,0.985657284305872,0.696964949658599,
0.985657284305872,0.696964949658599,0.985657284305872),(1.,0.707106781186548,
1.,0.707106781186548,1.,0.707106781186548,1.,0.707106781186548,1.)))
REPRESENTATION_ITEM('')
SURFACE()
);
#18=(
BOUNDED_SURFACE()
B_SPLINE_SURFACE(2,2,((#3013,#3014,#3015,#3016,#3017),(#3018,#3019,#3020,
#3021,#3022),(#3023,#3024,#3025,#3026,#3027)),.UNSPECIFIED.,.F.,.F.,.F.)
B_SPLINE_SURFACE_WITH_KNOTS((3,3),(3,2,3),(0.,1.1237909657599),(-0.85297733734623,
0.00132846912147067,0.855634275589171),.UNSPECIFIED.)
GEOMETRIC_REPRESENTATION_ITEM()
RATIONAL_B_SPLINE_SURFACE(((1.,0.910148935567415,1.,0.910148935567415,1.),
(0.84624673524002,0.770210565306104,0.84624673524002,0.770210565306104,
0.84624673524002),(1.,0.910148935567415,1.,0.910148935567415,1.)))
REPRESENTATION_ITEM('')
SURFACE()
);
#19=(
BOUNDED_SURFACE()
B_SPLINE_SURFACE(2,2,((#3208,#3209,#3210,#3211,#3212),(#3213,#3214,#3215,
#3216,#3217),(#3218,#3219,#3220,#3221,#3222)),.UNSPECIFIED.,.F.,.F.,.F.)
B_SPLINE_SURFACE_WITH_KNOTS((3,3),(3,2,3),(0.,1.1237909657599),(-0.85297733734623,
0.00132846912146978,0.855634275589169),.UNSPECIFIED.)
GEOMETRIC_REPRESENTATION_ITEM()
RATIONAL_B_SPLINE_SURFACE(((1.,0.910148935567415,1.,0.910148935567415,1.),
(0.846246735240021,0.770210565306106,0.846246735240021,0.770210565306106,
0.846246735240021),(1.,0.910148935567415,1.,0.910148935567415,1.)))
REPRESENTATION_ITEM('')
SURFACE()
);
#20=(
BOUNDED_SURFACE()
B_SPLINE_SURFACE(2,2,((#3604,#3605,#3606,#3607,#3608),(#3609,#3610,#3611,
#3612,#3613),(#3614,#3615,#3616,#3617,#3618)),.UNSPECIFIED.,.F.,.F.,.F.)
B_SPLINE_SURFACE_WITH_KNOTS((3,3),(3,2,3),(0.,1.1237909657599),(-0.852977337346229,
0.00132846912147078,0.85563427558917),.UNSPECIFIED.)
GEOMETRIC_REPRESENTATION_ITEM()
RATIONAL_B_SPLINE_SURFACE(((1.,0.910148935567415,1.,0.910148935567415,1.),
(0.846246735240011,0.770210565306096,0.846246735240011,0.770210565306096,
0.846246735240011),(1.,0.910148935567415,1.,0.910148935567415,1.)))
REPRESENTATION_ITEM('')
SURFACE()
);
#21=(
BOUNDED_SURFACE()
B_SPLINE_SURFACE(2,2,((#4196,#4197,#4198,#4199,#4200),(#4201,#4202,#4203,
#4204,#4205),(#4206,#4207,#4208,#4209,#4210)),.UNSPECIFIED.,.F.,.F.,.F.)
B_SPLINE_SURFACE_WITH_KNOTS((3,3),(3,2,3),(0.,1.1237909657599),(-0.852977337346229,
0.00132846912147067,0.85563427558917),.UNSPECIFIED.)
GEOMETRIC_REPRESENTATION_ITEM()
RATIONAL_B_SPLINE_SURFACE(((1.,0.910148935567415,1.,0.910148935567415,1.),
(0.846246735240011,0.770210565306096,0.846246735240011,0.770210565306096,
0.846246735240011),(1.,0.910148935567415,1.,0.910148935567415,1.)))
REPRESENTATION_ITEM('')
SURFACE()
);
#22=(
BOUNDED_SURFACE()
B_SPLINE_SURFACE(2,2,((#4421,#4422,#4423,#4424,#4425),(#4426,#4427,#4428,
#4429,#4430),(#4431,#4432,#4433,#4434,#4435)),.UNSPECIFIED.,.F.,.F.,.F.)
B_SPLINE_SURFACE_WITH_KNOTS((3,3),(3,2,3),(0.,1.1237909657599),(-0.85297733734623,
0.00132846912146956,0.855634275589169),.UNSPECIFIED.)
GEOMETRIC_REPRESENTATION_ITEM()
RATIONAL_B_SPLINE_SURFACE(((1.,0.910148935567415,1.,0.910148935567415,1.),
(0.846246735240011,0.770210565306096,0.846246735240011,0.770210565306096,
0.846246735240011),(1.,0.910148935567415,1.,0.910148935567415,1.)))
REPRESENTATION_ITEM('')
SURFACE()
);
#23=(
BOUNDED_SURFACE()
B_SPLINE_SURFACE(2,2,((#4441,#4442,#4443,#4444,#4445),(#4446,#4447,#4448,
#4449,#4450),(#4451,#4452,#4453,#4454,#4455)),.UNSPECIFIED.,.F.,.F.,.F.)
B_SPLINE_SURFACE_WITH_KNOTS((3,3),(3,2,3),(0.,1.12379096575983),(-0.852977337346215,
0.00132846912147744,0.855634275589169),.UNSPECIFIED.)
GEOMETRIC_REPRESENTATION_ITEM()
RATIONAL_B_SPLINE_SURFACE(((1.,0.910148935567417,1.,0.910148935567417,1.),
(0.84624673524005,0.770210565306133,0.84624673524005,0.770210565306133,
0.84624673524005),(1.,0.910148935567417,1.,0.910148935567417,1.)))
REPRESENTATION_ITEM('')
SURFACE()
);
#24=(
BOUNDED_SURFACE()
B_SPLINE_SURFACE(2,2,((#4457,#4458,#4459,#4460,#4461),(#4462,#4463,#4464,
#4465,#4466),(#4467,#4468,#4469,#4470,#4471)),.UNSPECIFIED.,.F.,.F.,.F.)
B_SPLINE_SURFACE_WITH_KNOTS((3,3),(3,2,3),(0.,1.1237909657598),(-0.852977337346208,
0.00132846912147966,0.855634275589167),.UNSPECIFIED.)
GEOMETRIC_REPRESENTATION_ITEM()
RATIONAL_B_SPLINE_SURFACE(((1.,0.910148935567418,1.,0.910148935567418,1.),
(0.846246735240087,0.770210565306167,0.846246735240087,0.770210565306167,
0.846246735240087),(1.,0.910148935567418,1.,0.910148935567418,1.)))
REPRESENTATION_ITEM('')
SURFACE()
);
#25=(
BOUNDED_SURFACE()
B_SPLINE_SURFACE(2,2,((#4472,#4473,#4474,#4475,#4476),(#4477,#4478,#4479,
#4480,#4481),(#4482,#4483,#4484,#4485,#4486)),.UNSPECIFIED.,.F.,.F.,.F.)
B_SPLINE_SURFACE_WITH_KNOTS((3,3),(3,2,3),(0.,1.12379096575982),(-0.852977337346208,
0.00132846912147921,0.855634275589167),.UNSPECIFIED.)
GEOMETRIC_REPRESENTATION_ITEM()
RATIONAL_B_SPLINE_SURFACE(((1.,0.910148935567418,1.,0.910148935567418,1.),
(0.846246735240027,0.770210565306113,0.846246735240027,0.770210565306113,
0.846246735240027),(1.,0.910148935567418,1.,0.910148935567418,1.)))
REPRESENTATION_ITEM('')
SURFACE()
);
#26=ELLIPSE('',#1377,126.,63.);
#27=ELLIPSE('',#1378,126.,63.);
#28=B_SPLINE_CURVE_WITH_KNOTS('',3,(#1847,#1848,#1849,#1850,#1851,#1852,
#1853,#1854,#1855,#1856),.UNSPECIFIED.,.F.,.F.,(4,2,2,2,4),(0.,1.02145088772967,
2.23331546439498,2.55028373115328,2.78269678948903),.UNSPECIFIED.);
#29=B_SPLINE_CURVE_WITH_KNOTS('',3,(#1858,#1859,#1860,#1861,#1862,#1863,
#1864,#1865,#1866,#1867),.UNSPECIFIED.,.F.,.F.,(4,1,1,1,1,1,1,4),(-1.12493627693223,
-0.80352591209445,-0.48211554725667,-0.16070518241889,0.16070518241889,
0.48211554725667,0.80352591209445,1.12493627693223),.UNSPECIFIED.);
#30=B_SPLINE_CURVE_WITH_KNOTS('',3,(#1869,#1870,#1871,#1872,#1873,#1874,
#1875,#1876),.UNSPECIFIED.,.F.,.F.,(4,2,2,4),(0.,0.490326545180125,1.16491847797968,
2.7846646008739),.UNSPECIFIED.);
#31=B_SPLINE_CURVE_WITH_KNOTS('',3,(#1877,#1878,#1879,#1880,#1881,#1882),
 .UNSPECIFIED.,.F.,.F.,(4,1,1,4),(-0.193405305921564,-0.16070518241889,
0.16070518241889,0.193390555331562),.UNSPECIFIED.);
#32=B_SPLINE_CURVE_WITH_KNOTS('',3,(#1900,#1901,#1902,#1903,#1904,#1905,
#1906,#1907,#1908,#1909,#1910,#1911),.UNSPECIFIED.,.F.,.F.,(4,2,2,2,2,4),
(0.,0.0684566503746006,0.1334692093354,0.202404337409322,0.249165461829033,
0.298004795534434),.UNSPECIFIED.);
#33=B_SPLINE_CURVE_WITH_KNOTS('',3,(#1915,#1916,#1917,#1918,#1919,#1920,
#1921,#1922,#1923,#1924),.UNSPECIFIED.,.F.,.F.,(4,2,2,2,4),(0.,0.0914762243160087,
0.165553356129887,0.232432220939949,0.299459690973166),.UNSPECIFIED.);
#34=B_SPLINE_CURVE_WITH_KNOTS('',3,(#1932,#1933,#1934,#1935,#1936,#1937,
#1938,#1939,#1940,#1941,#1942,#1943),.UNSPECIFIED.,.F.,.F.,(4,2,2,2,2,4),
(0.,0.0684566420267995,0.13346917696541,0.202403986758072,0.249165497919108,
0.298004794180199),.UNSPECIFIED.);
#35=B_SPLINE_CURVE_WITH_KNOTS('',3,(#1947,#1948,#1949,#1950,#1951,#1952,
#1953,#1954,#1955,#1956),.UNSPECIFIED.,.F.,.F.,(4,2,2,2,4),(0.,0.0914763509032177,
0.165553504483574,0.232432192848668,0.29945969266753),.UNSPECIFIED.);
#36=B_SPLINE_CURVE_WITH_KNOTS('',3,(#1964,#1965,#1966,#1967,#1968,#1969,
#1970,#1971,#1972,#1973,#1974,#1975),.UNSPECIFIED.,.F.,.F.,(4,2,2,2,2,4),
(0.,0.0684566503743961,0.133469209334915,0.202404337407772,0.249165461828653,
0.298004795533697),.UNSPECIFIED.);
#37=B_SPLINE_CURVE_WITH_KNOTS('',3,(#1979,#1980,#1981,#1982,#1983,#1984,
#1985,#1986,#1987,#1988),.UNSPECIFIED.,.F.,.F.,(4,2,2,2,4),(0.,0.0914763509025836,
0.165553504481805,0.232432192852562,0.299459692667358),.UNSPECIFIED.);
#38=B_SPLINE_CURVE_WITH_KNOTS('',3,(#2036,#2037,#2038,#2039,#2040,#2041,
#2042),.UNSPECIFIED.,.F.,.F.,(4,1,1,1,4),(-0.65811301478954,-0.564099663247745,
-0.376066442165163,-0.188033221082582,0.),.UNSPECIFIED.);
#39=B_SPLINE_CURVE_WITH_KNOTS('',3,(#2044,#2045,#2046,#2047,#2048,#2049,
#2050,#2051,#2052,#2053,#2054,#2055,#2056,#2057,#2058,#2059,#2060),
 .UNSPECIFIED.,.F.,.F.,(4,1,1,1,1,1,1,1,1,1,1,1,1,1,4),(-2.40877551028473,
-2.06466472310122,-1.89260932950947,-1.72055393591771,-1.63452623912183,
-1.54849854232596,-1.50548469392802,-1.46247084553008,-1.41945699713214,
-1.40870353503266,-1.39795007293317,-1.3764431487342,-1.29041545193832,
-1.20438775514245,-1.20433504277573),.UNSPECIFIED.);
#40=B_SPLINE_CURVE_WITH_KNOTS('',3,(#2065,#2066,#2067,#2068,#2069,#2070,
#2071,#2072,#2073,#2074,#2075,#2076,#2077,#2078,#2079,#2080),
 .UNSPECIFIED.,.F.,.F.,(4,1,1,1,1,1,1,1,1,1,1,1,1,4),(-1.20433504277573,
-1.11836005834657,-1.03233236155069,-1.01082543735172,-0.989318513152754,
-0.946304664754815,-0.860276967958937,-0.77424927116306,-0.688221574367183,
-0.645207725969244,-0.602193877571305,-0.559180029173367,-0.344110787183673,
-1.63644913434529E-13),.UNSPECIFIED.);
#41=B_SPLINE_CURVE_WITH_KNOTS('',3,(#2081,#2082,#2083,#2084,#2085,#2086,
#2087),.UNSPECIFIED.,.F.,.F.,(4,1,1,1,4),(-1.31623254757807,-1.12819932649549,
-0.940166105412909,-0.752132884330327,-0.658043515945227),.UNSPECIFIED.);
#42=B_SPLINE_CURVE_WITH_KNOTS('',3,(#2090,#2091,#2092,#2093,#2094,#2095,
#2096,#2097,#2098,#2099),.UNSPECIFIED.,.F.,.F.,(4,1,1,1,1,1,1,4),(-1.31623254757807,
-1.12819932649549,-0.940166105412911,-0.752132884330329,-0.564099663247746,
-0.376066442165164,-0.188033221082582,0.),.UNSPECIFIED.);
#43=B_SPLINE_CURVE_WITH_KNOTS('',3,(#2100,#2101,#2102,#2103,#2104,#2105,
#2106,#2107,#2108,#2109,#2110,#2111,#2112,#2113,#2114,#2115,#2116,#2117,
#2118,#2119,#2120,#2121,#2122),.UNSPECIFIED.,.F.,.F.,(4,1,1,1,1,1,1,1,1,
1,1,1,1,1,1,1,1,1,1,1,4),(-2.40920186839434,-2.06503017290945,-1.89294432516701,
-1.72085847742457,-1.63481555355335,-1.54877262968213,-1.46272970581091,
-1.37668678193969,-1.29064385806846,-1.20460093419724,-1.16157947226163,
-1.11855801032602,-1.0325150864548,-0.989493624519192,-0.946472162583582,
-0.860429238712361,-0.688343390969919,-0.645321929034309,-0.602300467098698,
-0.344171695485036,-1.52786950009949E-13),.UNSPECIFIED.);
#44=B_SPLINE_CURVE_WITH_KNOTS('',3,(#2125,#2126,#2127,#2128,#2129,#2130,
#2131,#2132,#2133,#2134,#2135,#2136,#2137,#2138,#2139,#2140,#2141,#2142,
#2143,#2144,#2145,#2146,#2147,#2148,#2149,#2150,#2151,#2152,#2153),
 .UNSPECIFIED.,.F.,.F.,(4,1,1,1,1,1,1,1,1,1,1,1,1,1,1,1,1,1,1,1,1,1,1,1,
1,1,4),(-2.40877551273472,-2.06466472520119,-1.89260933143442,-1.72055393766766,
-1.63452624078427,-1.54849854390089,-1.5054846954592,-1.46247084701751,
-1.41945699857582,-1.40870353646539,-1.39795007435497,-1.37644315013413,
-1.29041545325074,-1.20438775636736,-1.11836005948398,-1.03233236260059,
-1.01082543837975,-0.989318514158902,-0.946304665717211,-0.860276968833828,
-0.774249271950445,-0.688221575067063,-0.645207726625371,-0.60219387818368,
-0.559180029741988,-0.344110787533531,0.),.UNSPECIFIED.);
#45=B_SPLINE_CURVE_WITH_KNOTS('',3,(#2154,#2155,#2156,#2157,#2158,#2159,
#2160,#2161,#2162,#2163),.UNSPECIFIED.,.F.,.F.,(4,1,1,1,1,1,1,4),(-1.31623254757639,
-1.12819932649408,-0.940166105411762,-0.752132884329448,-0.564099663247134,
-0.37606644216482,-0.188033221082506,-1.92427268144398E-13),
 .UNSPECIFIED.);
#46=B_SPLINE_CURVE_WITH_KNOTS('',3,(#2166,#2167,#2168,#2169,#2170,#2171,
#2172,#2173,#2174,#2175,#2176,#2177,#2178,#2179,#2180,#2181,#2182,#2183,
#2184,#2185,#2186,#2187,#2188,#2189),.UNSPECIFIED.,.F.,.F.,(4,1,1,1,1,1,
1,1,1,1,1,1,1,1,1,1,1,1,1,1,1,4),(-2.40920186839765,-2.23711602065496,-2.06503017291227,
-1.72085847742689,-1.63481555355555,-1.5487726296842,-1.46272970581286,
-1.37668678194151,-1.33366532000584,-1.29064385807017,-1.20460093419882,
-1.11855801032748,-1.09704727935964,-1.03251508645613,-0.94647216258479,
-0.860429238713445,-0.817407776777773,-0.774386314842101,-0.688343390970756,
-0.344171695485378,-0.172085847742689,0.),.UNSPECIFIED.);
#47=B_SPLINE_CURVE_WITH_KNOTS('',3,(#2190,#2191,#2192,#2193,#2194,#2195,
#2196,#2197,#2198,#2199),.UNSPECIFIED.,.F.,.F.,(4,1,1,1,1,1,1,4),(-1.31623254757567,
-1.12819932649347,-0.940166105411262,-0.752132884329059,-0.564099663246855,
-0.376066442164652,-0.188033221082448,-2.44679939056213E-13),
 .UNSPECIFIED.);
#48=B_SPLINE_CURVE_WITH_KNOTS('',3,(#2202,#2203,#2204,#2205,#2206,#2207,
#2208,#2209,#2210,#2211),.UNSPECIFIED.,.F.,.F.,(4,1,1,1,1,1,1,4),(-1.31623254757807,
-1.12819932649549,-0.940166105412909,-0.752132884330328,-0.564099663247746,
-0.376066442165164,-0.188033221082582,0.),.UNSPECIFIED.);
#49=B_SPLINE_CURVE_WITH_KNOTS('',3,(#2212,#2213,#2214,#2215,#2216,#2217,
#2218,#2219,#2220,#2221,#2222,#2223,#2224,#2225,#2226,#2227,#2228,#2229,
#2230,#2231,#2232,#2233,#2234,#2235,#2236,#2237,#2238,#2239,#2240),
 .UNSPECIFIED.,.F.,.F.,(4,1,1,1,1,1,1,1,1,1,1,1,1,1,1,1,1,1,1,1,1,1,1,1,
1,1,4),(-2.4087755127323,-2.23672011896572,-2.06466472519914,-2.04315780097831,
-2.02165087675749,-1.97863702831585,-1.89260933143256,-1.72055393766597,
-1.63452624078268,-1.54849854389939,-1.4624708470161,-1.41945699857446,
-1.37644315013281,-1.31192237747034,-1.29041545324952,-1.20438775636623,
-1.11836005948294,-1.07534621104129,-1.03233236259965,-0.946304665716356,
-0.860276968833065,-0.81726312039142,-0.774249271949774,-0.688221575066484,
-0.34411078753332,-0.172055393766739,-1.56798713406276E-13),
 .UNSPECIFIED.);
#50=B_SPLINE_CURVE_WITH_KNOTS('',3,(#2243,#2244,#2245,#2246,#2247,#2248,
#2249,#2250,#2251,#2252,#2253,#2254,#2255,#2256,#2257,#2258,#2259,#2260,
#2261,#2262,#2263,#2264,#2265),.UNSPECIFIED.,.F.,.F.,(4,1,1,1,1,1,1,1,1,
1,1,1,1,1,1,1,1,1,1,1,4),(-2.40920186839765,-2.06503017291227,-1.89294432516958,
-1.72085847742689,-1.63481555355555,-1.5487726296842,-1.46272970581286,
-1.37668678194151,-1.29064385807017,-1.20460093419882,-1.16157947226315,
-1.11855801032748,-1.03251508645613,-0.989493624520462,-0.946472162584789,
-0.860429238713445,-0.688343390970756,-0.645321929035084,-0.602300467099411,
-0.344171695485378,0.),.UNSPECIFIED.);
#51=B_SPLINE_CURVE_WITH_KNOTS('',3,(#2266,#2267,#2268,#2269,#2270,#2271,
#2272,#2273,#2274,#2275),.UNSPECIFIED.,.F.,.F.,(4,1,1,1,1,1,1,4),(-1.31623254757568,
-1.12819932649348,-0.940166105411274,-0.752132884329069,-0.564099663246865,
-0.37606644216466,-0.188033221082455,-2.50546957536906E-13),
 .UNSPECIFIED.);
#52=B_SPLINE_CURVE_WITH_KNOTS('',3,(#2278,#2279,#2280,#2281,#2282,#2283,
#2284,#2285,#2286,#2287),.UNSPECIFIED.,.F.,.F.,(4,1,1,1,1,1,1,4),(-1.31623254757808,
-1.12819932649549,-0.940166105412912,-0.75213288433033,-0.564099663247747,
-0.376066442165165,-0.188033221082582,0.),.UNSPECIFIED.);
#53=B_SPLINE_CURVE_WITH_KNOTS('',3,(#2288,#2289,#2290,#2291,#2292,#2293,
#2294,#2295,#2296,#2297,#2298,#2299,#2300,#2301,#2302,#2303,#2304,#2305,
#2306,#2307,#2308),.UNSPECIFIED.,.F.,.F.,(4,1,1,1,1,1,1,1,1,1,1,1,1,1,1,
1,1,1,4),(-2.40877551273229,-2.322747815849,-2.23672011896571,-2.06466472519913,
-1.72055393766597,-1.54849854389939,-1.37644315013281,-1.29041545324951,
-1.24740160480787,-1.20438775636622,-1.16137390792458,-1.11836005948293,
-1.03233236259964,-0.860276968833062,-0.688221575066482,-0.34411078753332,
-0.172055393766739,-0.0860276968834484,-1.5789390785931E-13),
 .UNSPECIFIED.);
#54=B_SPLINE_CURVE_WITH_KNOTS('',3,(#2311,#2312,#2313,#2314,#2315,#2316,
#2317,#2318,#2319,#2320),.UNSPECIFIED.,.F.,.F.,(4,1,1,1,1,1,1,4),(-1.31623254757807,
-1.12819932649549,-0.940166105412909,-0.752132884330327,-0.564099663247745,
-0.376066442165164,-0.188033221082582,0.),.UNSPECIFIED.);
#55=B_SPLINE_CURVE_WITH_KNOTS('',3,(#2321,#2322,#2323,#2324,#2325,#2326,
#2327,#2328,#2329,#2330,#2331,#2332,#2333,#2334,#2335,#2336,#2337,#2338,
#2339,#2340,#2341,#2342,#2343),.UNSPECIFIED.,.F.,.F.,(4,1,1,1,1,1,1,1,1,
1,1,1,1,1,1,1,1,1,1,1,4),(-2.40920186839432,-2.06503017290944,-1.892944325167,
-1.72085847742456,-1.63481555355334,-1.54877262968212,-1.4627297058109,
-1.37668678193968,-1.29064385806846,-1.20460093419724,-1.16157947226163,
-1.11855801032602,-1.0325150864548,-0.989493624519186,-0.946472162583575,
-0.860429238712355,-0.688343390969914,-0.645321929034303,-0.602300467098693,
-0.344171695485031,-1.49179349223067E-13),.UNSPECIFIED.);
#56=B_SPLINE_CURVE_WITH_KNOTS('',3,(#2411,#2412,#2413,#2414),
 .UNSPECIFIED.,.F.,.F.,(4,4),(-0.0131605939899189,2.41561835385537),
 .UNSPECIFIED.);
#57=B_SPLINE_CURVE_WITH_KNOTS('',3,(#2417,#2418,#2419,#2420),
 .UNSPECIFIED.,.F.,.F.,(4,4),(-2.41561835385537,0.0709047943913821),
 .UNSPECIFIED.);
#58=B_SPLINE_CURVE_WITH_KNOTS('',3,(#2449,#2450,#2451,#2452,#2453),
 .UNSPECIFIED.,.F.,.F.,(4,1,4),(-1.26299856693461,-0.541285100114843,-1.82940934204351E-14),
 .UNSPECIFIED.);
#59=B_SPLINE_CURVE_WITH_KNOTS('',3,(#2454,#2455,#2456,#2457,#2458),
 .UNSPECIFIED.,.F.,.F.,(4,1,4),(1.82940934204351E-14,0.541285100114843,
1.26299856693461),.UNSPECIFIED.);
#60=B_SPLINE_CURVE_WITH_KNOTS('',3,(#2492,#2493,#2494,#2495,#2496,#2497),
 .UNSPECIFIED.,.F.,.F.,(4,1,1,4),(-2.6535597221135,-1.89539980150965,-1.13723988090579,
0.),.UNSPECIFIED.);
#61=B_SPLINE_CURVE_WITH_KNOTS('',3,(#2498,#2499,#2500,#2501,#2502,#2503),
 .UNSPECIFIED.,.F.,.F.,(4,1,1,4),(0.,1.13723988090579,1.89539980150965,
2.6535597221135),.UNSPECIFIED.);
#62=B_SPLINE_CURVE_WITH_KNOTS('',3,(#2532,#2533,#2534,#2535,#2536),
 .UNSPECIFIED.,.F.,.F.,(4,1,4),(-1.26299836619562,-0.541285014083839,-5.34098187192743E-15),
 .UNSPECIFIED.);
#63=B_SPLINE_CURVE_WITH_KNOTS('',3,(#2537,#2538,#2539,#2540,#2541),
 .UNSPECIFIED.,.F.,.F.,(4,1,4),(5.34098187192743E-15,0.541285014083839,
1.26299836619562),.UNSPECIFIED.);
#64=B_SPLINE_CURVE_WITH_KNOTS('',3,(#2562,#2563,#2564,#2565),
 .UNSPECIFIED.,.F.,.F.,(4,4),(-2.4865231390974,0.),.UNSPECIFIED.);
#65=B_SPLINE_CURVE_WITH_KNOTS('',3,(#2566,#2567,#2568,#2569),
 .UNSPECIFIED.,.F.,.F.,(4,4),(0.,2.4287787825057),.UNSPECIFIED.);
#66=B_SPLINE_CURVE_WITH_KNOTS('',3,(#2572,#2573,#2574,#2575),
 .UNSPECIFIED.,.F.,.F.,(4,4),(-2.31302196769341,0.),.UNSPECIFIED.);
#67=B_SPLINE_CURVE_WITH_KNOTS('',3,(#2577,#2578,#2579,#2580,#2581),
 .UNSPECIFIED.,.F.,.F.,(4,1,4),(-1.26562493380656,-0.5424106859171,-3.82093014603247E-15),
 .UNSPECIFIED.);
#68=B_SPLINE_CURVE_WITH_KNOTS('',3,(#2583,#2584,#2585,#2586,#2587,#2588),
 .UNSPECIFIED.,.F.,.F.,(4,1,1,4),(-2.83125025872884,-2.02232161337774,-1.21339296802665,
0.),.UNSPECIFIED.);
#69=B_SPLINE_CURVE_WITH_KNOTS('',3,(#2590,#2591,#2592,#2593,#2594),
 .UNSPECIFIED.,.F.,.F.,(4,1,4),(-1.26562474322479,-0.542410604239205,-1.75549206912681E-14),
 .UNSPECIFIED.);
#70=B_SPLINE_CURVE_WITH_KNOTS('',3,(#2595,#2596,#2597,#2598),
 .UNSPECIFIED.,.F.,.F.,(4,4),(-2.68030698885461,-0.367285160065972),
 .UNSPECIFIED.);
#71=B_SPLINE_CURVE_WITH_KNOTS('',3,(#2600,#2601,#2602,#2603),
 .UNSPECIFIED.,.F.,.F.,(4,4),(0.,2.42877878255596),.UNSPECIFIED.);
#72=B_SPLINE_CURVE_WITH_KNOTS('',3,(#2605,#2606,#2607,#2608,#2609),
 .UNSPECIFIED.,.F.,.F.,(4,1,4),(3.83006082900195E-15,0.541285039108238,
1.26299842458588),.UNSPECIFIED.);
#73=B_SPLINE_CURVE_WITH_KNOTS('',3,(#2611,#2612,#2613,#2614,#2615),
 .UNSPECIFIED.,.F.,.F.,(4,1,4),(1.32680289349419,1.89545963997785,2.65364349596898),
 .UNSPECIFIED.);
#74=B_SPLINE_CURVE_WITH_KNOTS('',3,(#2622,#2623,#2624,#2625,#2626),
 .UNSPECIFIED.,.F.,.F.,(4,1,4),(0.,1.13727578398671,1.32677696973415),
 .UNSPECIFIED.);
#75=B_SPLINE_CURVE_WITH_KNOTS('',3,(#2628,#2629,#2630,#2631,#2632),
 .UNSPECIFIED.,.F.,.F.,(4,1,4),(2.13720258543275E-14,0.541285075681409,
1.26299850992326),.UNSPECIFIED.);
#76=B_SPLINE_CURVE_WITH_KNOTS('',3,(#2633,#2634,#2635,#2636),
 .UNSPECIFIED.,.F.,.F.,(4,4),(-0.0131604287034023,2.41561835385538),
 .UNSPECIFIED.);
#77=B_SPLINE_CURVE_WITH_KNOTS('',3,(#2659,#2660,#2661,#2662),
 .UNSPECIFIED.,.F.,.F.,(4,4),(-2.41561835385538,0.0709047849358068),
 .UNSPECIFIED.);
#78=B_SPLINE_CURVE_WITH_KNOTS('',3,(#2690,#2691,#2692,#2693,#2694),
 .UNSPECIFIED.,.F.,.F.,(4,1,4),(-1.26299850992326,-0.541285075681409,-2.13720258543275E-14),
 .UNSPECIFIED.);
#79=B_SPLINE_CURVE_WITH_KNOTS('',3,(#2727,#2728,#2729,#2730,#2731,#2732),
 .UNSPECIFIED.,.F.,.F.,(4,1,1,4),(-2.65364349596898,-1.89545963997785,-1.13727578398671,
0.),.UNSPECIFIED.);
#80=B_SPLINE_CURVE_WITH_KNOTS('',3,(#2760,#2761,#2762,#2763,#2764),
 .UNSPECIFIED.,.F.,.F.,(4,1,4),(-1.26299842458588,-0.541285039108238,-3.83006082900195E-15),
 .UNSPECIFIED.);
#81=B_SPLINE_CURVE_WITH_KNOTS('',3,(#2785,#2786,#2787,#2788),
 .UNSPECIFIED.,.F.,.F.,(4,4),(-2.48652313884214,0.),.UNSPECIFIED.);
#82=B_SPLINE_CURVE_WITH_KNOTS('',3,(#2820,#2821,#2822,#2823),
 .UNSPECIFIED.,.F.,.F.,(4,4),(0.309540578350867,2.68030698885461),
 .UNSPECIFIED.);
#83=B_SPLINE_CURVE_WITH_KNOTS('',3,(#2828,#2829,#2830,#2831,#2832),
 .UNSPECIFIED.,.F.,.F.,(4,1,4),(1.75549206912681E-14,0.542410604239205,
1.26562474322479),.UNSPECIFIED.);
#84=B_SPLINE_CURVE_WITH_KNOTS('',3,(#2887,#2888,#2889,#2890,#2891,#2892,
#2893,#2894,#2895,#2896),.UNSPECIFIED.,.F.,.F.,(4,1,1,1,1,1,1,4),(0.,0.188033221082582,
0.376066442165164,0.564099663247746,0.752132884330329,0.940166105412911,
1.12819932649549,1.31623254757807),.UNSPECIFIED.);
#85=B_SPLINE_CURVE_WITH_KNOTS('',3,(#2990,#2991,#2992,#2993,#2994,#2995,
#2996,#2997,#2998,#2999,#3000,#3001,#3002,#3003,#3004,#3005,#3006,#3007,
#3008,#3009,#3010,#3011,#3012),.UNSPECIFIED.,.F.,.F.,(4,1,1,1,1,1,1,1,1,
1,1,1,1,1,1,1,1,1,1,1,4),(1.52786950009949E-13,0.344171695485036,0.602300467098698,
0.645321929034309,0.688343390969919,0.860429238712361,0.946472162583582,
0.989493624519192,1.0325150864548,1.11855801032602,1.16157947226163,1.20460093419724,
1.29064385806846,1.37668678193969,1.46272970581091,1.54877262968213,1.63481555355335,
1.72085847742457,1.89294432516701,2.06503017290945,2.40920186839434),
 .UNSPECIFIED.);
#86=B_SPLINE_CURVE_WITH_KNOTS('',3,(#3082,#3083,#3084,#3085,#3086,#3087,
#3088,#3089,#3090,#3091),.UNSPECIFIED.,.F.,.F.,(4,1,1,1,1,1,1,4),(0.,0.188033221082582,
0.376066442165164,0.564099663247745,0.752132884330327,0.940166105412909,
1.12819932649549,1.31623254757807),.UNSPECIFIED.);
#87=B_SPLINE_CURVE_WITH_KNOTS('',3,(#3185,#3186,#3187,#3188,#3189,#3190,
#3191,#3192,#3193,#3194,#3195,#3196,#3197,#3198,#3199,#3200,#3201,#3202,
#3203,#3204,#3205,#3206,#3207),.UNSPECIFIED.,.F.,.F.,(4,1,1,1,1,1,1,1,1,
1,1,1,1,1,1,1,1,1,1,1,4),(1.49179349223067E-13,0.344171695485031,0.602300467098693,
0.645321929034303,0.688343390969914,0.860429238712355,0.946472162583575,
0.989493624519186,1.0325150864548,1.11855801032602,1.16157947226163,1.20460093419724,
1.29064385806846,1.37668678193968,1.4627297058109,1.54877262968212,1.63481555355334,
1.72085847742456,1.892944325167,2.06503017290944,2.40920186839432),
 .UNSPECIFIED.);
#88=B_SPLINE_CURVE_WITH_KNOTS('',3,(#3343,#3344,#3345,#3346,#3347,#3348,
#3349,#3350,#3351,#3352,#3353,#3354,#3355,#3356,#3357,#3358,#3359,#3360,
#3361,#3362,#3363,#3364,#3365,#3366,#3367,#3368,#3369,#3370,#3371),
 .UNSPECIFIED.,.F.,.F.,(4,1,1,1,1,1,1,1,1,1,1,1,1,1,1,1,1,1,1,1,1,1,1,1,
1,1,4),(0.,0.344110787533531,0.559180029741988,0.60219387818368,0.645207726625371,
0.688221575067063,0.774249271950445,0.860276968833828,0.946304665717211,
0.989318514158902,1.01082543837975,1.03233236260059,1.11836005948398,1.20438775636736,
1.29041545325074,1.37644315013413,1.39795007435497,1.40870353646539,1.41945699857582,
1.46247084701751,1.5054846954592,1.54849854390089,1.63452624078427,1.72055393766766,
1.89260933143442,2.06466472520119,2.40877551273472),.UNSPECIFIED.);
#89=B_SPLINE_CURVE_WITH_KNOTS('',3,(#3423,#3424,#3425,#3426,#3427,#3428,
#3429,#3430,#3431,#3432),.UNSPECIFIED.,.F.,.F.,(4,1,1,1,1,1,1,4),(1.92427268144398E-13,
0.188033221082506,0.37606644216482,0.564099663247134,0.752132884329448,
0.940166105411762,1.12819932649408,1.31623254757639),.UNSPECIFIED.);
#90=B_SPLINE_CURVE_WITH_KNOTS('',3,(#3488,#3489,#3490,#3491,#3492,#3493,
#3494,#3495,#3496,#3497),.UNSPECIFIED.,.F.,.F.,(4,1,1,1,1,1,1,4),(0.,0.188033221082582,
0.376066442165165,0.564099663247747,0.75213288433033,0.940166105412912,
1.12819932649549,1.31623254757808),.UNSPECIFIED.);
#91=B_SPLINE_CURVE_WITH_KNOTS('',3,(#3583,#3584,#3585,#3586,#3587,#3588,
#3589,#3590,#3591,#3592,#3593,#3594,#3595,#3596,#3597,#3598,#3599,#3600,
#3601,#3602,#3603),.UNSPECIFIED.,.F.,.F.,(4,1,1,1,1,1,1,1,1,1,1,1,1,1,1,
1,1,1,4),(1.5789390785931E-13,0.0860276968834484,0.172055393766739,0.34411078753332,
0.688221575066482,0.860276968833062,1.03233236259964,1.11836005948293,1.16137390792458,
1.20438775636622,1.24740160480787,1.29041545324951,1.37644315013281,1.54849854389939,
1.72055393766597,2.06466472519913,2.23672011896571,2.322747815849,2.40877551273229),
 .UNSPECIFIED.);
#92=B_SPLINE_CURVE_WITH_KNOTS('',3,(#3719,#3720,#3721,#3722,#3723,#3724,
#3725,#3726,#3727,#3728,#3729,#3730,#3731,#3732,#3733,#3734,#3735,#3736,
#3737,#3738,#3739,#3740,#3741,#3742),.UNSPECIFIED.,.F.,.F.,(4,1,1,1,1,1,
1,1,1,1,1,1,1,1,1,1,1,1,1,1,1,4),(0.,0.172085847742689,0.344171695485378,
0.688343390970756,0.774386314842101,0.817407776777773,0.860429238713445,
0.94647216258479,1.03251508645613,1.09704727935964,1.11855801032748,1.20460093419882,
1.29064385807017,1.33366532000584,1.37668678194151,1.46272970581286,1.5487726296842,
1.63481555355555,1.72085847742689,2.06503017291227,2.23711602065496,2.40920186839765),
 .UNSPECIFIED.);
#93=B_SPLINE_CURVE_WITH_KNOTS('',3,(#3794,#3795,#3796,#3797,#3798,#3799,
#3800,#3801,#3802,#3803),.UNSPECIFIED.,.F.,.F.,(4,1,1,1,1,1,1,4),(2.44679939056213E-13,
0.188033221082448,0.376066442164652,0.564099663246855,0.752132884329059,
0.940166105411262,1.12819932649347,1.31623254757567),.UNSPECIFIED.);
#94=B_SPLINE_CURVE_WITH_KNOTS('',3,(#3901,#3902,#3903,#3904,#3905,#3906,
#3907,#3908,#3909,#3910,#3911,#3912,#3913,#3914,#3915,#3916,#3917,#3918,
#3919,#3920,#3921,#3922,#3923),.UNSPECIFIED.,.F.,.F.,(4,1,1,1,1,1,1,1,1,
1,1,1,1,1,1,1,1,1,1,1,4),(0.,0.344171695485378,0.602300467099411,0.645321929035084,
0.688343390970756,0.860429238713445,0.946472162584789,0.989493624520462,
1.03251508645613,1.11855801032748,1.16157947226315,1.20460093419882,1.29064385807017,
1.37668678194151,1.46272970581286,1.5487726296842,1.63481555355555,1.72085847742689,
1.89294432516958,2.06503017291227,2.40920186839765),.UNSPECIFIED.);
#95=B_SPLINE_CURVE_WITH_KNOTS('',3,(#3975,#3976,#3977,#3978,#3979,#3980,
#3981,#3982,#3983,#3984),.UNSPECIFIED.,.F.,.F.,(4,1,1,1,1,1,1,4),(2.50546957536906E-13,
0.188033221082455,0.37606644216466,0.564099663246865,0.752132884329069,
0.940166105411274,1.12819932649348,1.31623254757568),.UNSPECIFIED.);
#96=B_SPLINE_CURVE_WITH_KNOTS('',3,(#4040,#4041,#4042,#4043,#4044,#4045,
#4046,#4047,#4048,#4049),.UNSPECIFIED.,.F.,.F.,(4,1,1,1,1,1,1,4),(0.,0.188033221082582,
0.376066442165163,0.564099663247745,0.752132884330327,0.940166105412909,
1.12819932649549,1.31623254757807),.UNSPECIFIED.);
#97=B_SPLINE_CURVE_WITH_KNOTS('',3,(#4167,#4168,#4169,#4170,#4171,#4172,
#4173,#4174,#4175,#4176,#4177,#4178,#4179,#4180,#4181,#4182,#4183,#4184,
#4185,#4186,#4187,#4188,#4189,#4190,#4191,#4192,#4193,#4194,#4195),
 .UNSPECIFIED.,.F.,.F.,(4,1,1,1,1,1,1,1,1,1,1,1,1,1,1,1,1,1,1,1,1,1,1,1,
1,1,4),(1.63644913434529E-13,0.344110787183673,0.559180029173367,0.602193877571305,
0.645207725969244,0.688221574367183,0.77424927116306,0.860276967958937,
0.946304664754815,0.989318513152754,1.01082543735172,1.03233236155069,1.11836005834657,
1.20438775514245,1.29041545193832,1.3764431487342,1.39795007293317,1.40870353503266,
1.41945699713214,1.46247084553008,1.50548469392802,1.54849854232596,1.63452623912183,
1.72055393591771,1.89260932950947,2.06466472310122,2.40877551028473),
 .UNSPECIFIED.);
#98=B_SPLINE_CURVE_WITH_KNOTS('',3,(#4265,#4266,#4267,#4268,#4269,#4270,
#4271,#4272,#4273,#4274),.UNSPECIFIED.,.F.,.F.,(4,1,1,1,1,1,1,4),(0.,0.188033221082582,
0.376066442165164,0.564099663247746,0.752132884330328,0.940166105412909,
1.12819932649549,1.31623254757807),.UNSPECIFIED.);
#99=B_SPLINE_CURVE_WITH_KNOTS('',3,(#4392,#4393,#4394,#4395,#4396,#4397,
#4398,#4399,#4400,#4401,#4402,#4403,#4404,#4405,#4406,#4407,#4408,#4409,
#4410,#4411,#4412,#4413,#4414,#4415,#4416,#4417,#4418,#4419,#4420),
 .UNSPECIFIED.,.F.,.F.,(4,1,1,1,1,1,1,1,1,1,1,1,1,1,1,1,1,1,1,1,1,1,1,1,
1,1,4),(1.56798713406276E-13,0.172055393766739,0.34411078753332,0.688221575066484,
0.774249271949774,0.81726312039142,0.860276968833065,0.946304665716356,
1.03233236259965,1.07534621104129,1.11836005948294,1.20438775636623,1.29041545324952,
1.31192237747034,1.37644315013281,1.41945699857446,1.4624708470161,1.54849854389939,
1.63452624078268,1.72055393766597,1.89260933143256,1.97863702831585,2.02165087675749,
2.04315780097831,2.06466472519914,2.23672011896572,2.4087755127323),
 .UNSPECIFIED.);
#100=B_SPLINE_CURVE_WITH_KNOTS('',3,(#4547,#4548,#4549,#4550,#4551,#4552),
 .UNSPECIFIED.,.F.,.F.,(4,1,1,4),(0.,1.21339296802665,2.02232161337774,
2.83125025872884),.UNSPECIFIED.);
#101=B_SPLINE_CURVE_WITH_KNOTS('',3,(#4580,#4581,#4582,#4583,#4584),
 .UNSPECIFIED.,.F.,.F.,(4,1,4),(3.82093014603247E-15,0.5424106859171,1.26562493380656),
 .UNSPECIFIED.);
#102=B_SPLINE_CURVE_WITH_KNOTS('',3,(#4605,#4606,#4607,#4608),
 .UNSPECIFIED.,.F.,.F.,(4,4),(0.,2.37076641050377),.UNSPECIFIED.);
#103=B_SPLINE_SURFACE_WITH_KNOTS('',3,3,((#1805,#1806,#1807,#1808,#1809,
#1810,#1811,#1812,#1813,#1814),(#1815,#1816,#1817,#1818,#1819,#1820,#1821,
#1822,#1823,#1824),(#1825,#1826,#1827,#1828,#1829,#1830,#1831,#1832,#1833,
#1834),(#1835,#1836,#1837,#1838,#1839,#1840,#1841,#1842,#1843,#1844)),
 .UNSPECIFIED.,.F.,.F.,.F.,(4,4),(4,1,1,1,1,1,1,4),(0.,1.),(-1.12493627693223,
-0.80352591209445,-0.48211554725667,-0.16070518241889,0.16070518241889,
0.48211554725667,0.80352591209445,1.12493627693223),.UNSPECIFIED.);
#104=B_SPLINE_SURFACE_WITH_KNOTS('',3,3,((#2390,#2391,#2392,#2393),(#2394,
#2395,#2396,#2397),(#2398,#2399,#2400,#2401),(#2402,#2403,#2404,#2405),
(#2406,#2407,#2408,#2409)),.UNSPECIFIED.,.F.,.F.,.F.,(4,1,4),(4,4),(0.,
0.571428571428571,1.),(-0.0709047952986108,2.41561835385537),
 .UNSPECIFIED.);
#105=B_SPLINE_SURFACE_WITH_KNOTS('',3,3,((#2421,#2422,#2423,#2424,#2425),
(#2426,#2427,#2428,#2429,#2430),(#2431,#2432,#2433,#2434,#2435),(#2436,
#2437,#2438,#2439,#2440),(#2441,#2442,#2443,#2444,#2445)),.UNSPECIFIED.,
 .F.,.F.,.F.,(4,1,4),(4,1,4),(0.,0.571428571428571,1.),(1.82940934204351E-14,
0.541285100114843,1.26299856693461),.UNSPECIFIED.);
#106=B_SPLINE_SURFACE_WITH_KNOTS('',3,3,((#2459,#2460,#2461,#2462,#2463,
#2464),(#2465,#2466,#2467,#2468,#2469,#2470),(#2471,#2472,#2473,#2474,#2475,
#2476),(#2477,#2478,#2479,#2480,#2481,#2482),(#2483,#2484,#2485,#2486,#2487,
#2488)),.UNSPECIFIED.,.F.,.F.,.F.,(4,1,4),(4,1,1,4),(0.,0.5,1.),(0.,1.13723988090579,
1.89539980150965,2.6535597221135),.UNSPECIFIED.);
#107=B_SPLINE_SURFACE_WITH_KNOTS('',3,3,((#2504,#2505,#2506,#2507,#2508),
(#2509,#2510,#2511,#2512,#2513),(#2514,#2515,#2516,#2517,#2518),(#2519,
#2520,#2521,#2522,#2523),(#2524,#2525,#2526,#2527,#2528)),.UNSPECIFIED.,
 .F.,.F.,.F.,(4,1,4),(4,1,4),(0.,0.571428571428571,1.),(5.34098187192743E-15,
0.541285014083839,1.26299836619562),.UNSPECIFIED.);
#108=B_SPLINE_SURFACE_WITH_KNOTS('',3,3,((#2542,#2543,#2544,#2545),(#2546,
#2547,#2548,#2549),(#2550,#2551,#2552,#2553),(#2554,#2555,#2556,#2557),
(#2558,#2559,#2560,#2561)),.UNSPECIFIED.,.F.,.F.,.F.,(4,1,4),(4,4),(0.,
0.571428571428571,1.),(0.,2.4865231390974),.UNSPECIFIED.);
#109=B_SPLINE_SURFACE_WITH_KNOTS('',3,3,((#2637,#2638,#2639,#2640),(#2641,
#2642,#2643,#2644),(#2645,#2646,#2647,#2648),(#2649,#2650,#2651,#2652),
(#2653,#2654,#2655,#2656)),.UNSPECIFIED.,.F.,.F.,.F.,(4,1,4),(4,4),(0.,
0.571428571428571,1.),(-0.0709047849358068,2.41561835385538),
 .UNSPECIFIED.);
#110=B_SPLINE_SURFACE_WITH_KNOTS('',3,3,((#2663,#2664,#2665,#2666,#2667),
(#2668,#2669,#2670,#2671,#2672),(#2673,#2674,#2675,#2676,#2677),(#2678,
#2679,#2680,#2681,#2682),(#2683,#2684,#2685,#2686,#2687)),.UNSPECIFIED.,
 .F.,.F.,.F.,(4,1,4),(4,1,4),(0.,0.571428571428571,1.),(2.13720258543275E-14,
0.541285075681409,1.26299850992326),.UNSPECIFIED.);
#111=B_SPLINE_SURFACE_WITH_KNOTS('',3,3,((#2695,#2696,#2697,#2698,#2699,
#2700),(#2701,#2702,#2703,#2704,#2705,#2706),(#2707,#2708,#2709,#2710,#2711,
#2712),(#2713,#2714,#2715,#2716,#2717,#2718),(#2719,#2720,#2721,#2722,#2723,
#2724)),.UNSPECIFIED.,.F.,.F.,.F.,(4,1,4),(4,1,1,4),(0.,0.5,1.),(0.,1.13727578398671,
1.89545963997785,2.65364349596898),.UNSPECIFIED.);
#112=B_SPLINE_SURFACE_WITH_KNOTS('',3,3,((#2733,#2734,#2735,#2736,#2737),
(#2738,#2739,#2740,#2741,#2742),(#2743,#2744,#2745,#2746,#2747),(#2748,
#2749,#2750,#2751,#2752),(#2753,#2754,#2755,#2756,#2757)),.UNSPECIFIED.,
 .F.,.F.,.F.,(4,1,4),(4,1,4),(0.,0.571428571428571,1.),(3.83006082900195E-15,
0.541285039108238,1.26299842458588),.UNSPECIFIED.);
#113=B_SPLINE_SURFACE_WITH_KNOTS('',3,3,((#2765,#2766,#2767,#2768),(#2769,
#2770,#2771,#2772),(#2773,#2774,#2775,#2776),(#2777,#2778,#2779,#2780),
(#2781,#2782,#2783,#2784)),.UNSPECIFIED.,.F.,.F.,.F.,(4,1,4),(4,4),(0.,
0.571428571428571,1.),(0.,2.48652313884214),.UNSPECIFIED.);
#114=B_SPLINE_SURFACE_WITH_KNOTS('',3,3,((#2798,#2799,#2800,#2801),(#2802,
#2803,#2804,#2805),(#2806,#2807,#2808,#2809),(#2810,#2811,#2812,#2813),
(#2814,#2815,#2816,#2817)),.UNSPECIFIED.,.F.,.F.,.F.,(4,1,4),(4,4),(0.,
0.571428571428571,1.),(0.309540578350867,2.68030698885461),
 .UNSPECIFIED.);
#115=B_SPLINE_SURFACE_WITH_KNOTS('',3,3,((#2834,#2835,#2836,#2837,#2838,
#2839,#2840,#2841,#2842,#2843),(#2844,#2845,#2846,#2847,#2848,#2849,#2850,
#2851,#2852,#2853),(#2854,#2855,#2856,#2857,#2858,#2859,#2860,#2861,#2862,
#2863),(#2864,#2865,#2866,#2867,#2868,#2869,#2870,#2871,#2872,#2873),(#2874,
#2875,#2876,#2877,#2878,#2879,#2880,#2881,#2882,#2883)),.UNSPECIFIED.,.F.,
 .F.,.F.,(4,1,4),(4,1,1,1,1,1,1,4),(0.,0.5,1.),(0.,0.188033221082582,0.376066442165164,
0.564099663247746,0.752132884330329,0.940166105412911,1.12819932649549,
1.31623254757807),.UNSPECIFIED.);
#116=B_SPLINE_SURFACE_WITH_KNOTS('',3,3,((#2898,#2899,#2900,#2901,#2902,
#2903,#2904,#2905,#2906,#2907,#2908,#2909,#2910,#2911,#2912,#2913,#2914,
#2915,#2916,#2917,#2918,#2919,#2920),(#2921,#2922,#2923,#2924,#2925,#2926,
#2927,#2928,#2929,#2930,#2931,#2932,#2933,#2934,#2935,#2936,#2937,#2938,
#2939,#2940,#2941,#2942,#2943),(#2944,#2945,#2946,#2947,#2948,#2949,#2950,
#2951,#2952,#2953,#2954,#2955,#2956,#2957,#2958,#2959,#2960,#2961,#2962,
#2963,#2964,#2965,#2966),(#2967,#2968,#2969,#2970,#2971,#2972,#2973,#2974,
#2975,#2976,#2977,#2978,#2979,#2980,#2981,#2982,#2983,#2984,#2985,#2986,
#2987,#2988,#2989)),.UNSPECIFIED.,.F.,.F.,.F.,(4,4),(4,1,1,1,1,1,1,1,1,
1,1,1,1,1,1,1,1,1,1,1,4),(0.,1.),(1.52786950009949E-13,0.344171695485036,
0.602300467098698,0.645321929034309,0.688343390969919,0.860429238712361,
0.946472162583582,0.989493624519192,1.0325150864548,1.11855801032602,1.16157947226163,
1.20460093419724,1.29064385806846,1.37668678193969,1.46272970581091,1.54877262968213,
1.63481555355335,1.72085847742457,1.89294432516701,2.06503017290945,2.40920186839434),
 .UNSPECIFIED.);
#117=B_SPLINE_SURFACE_WITH_KNOTS('',3,3,((#3029,#3030,#3031,#3032,#3033,
#3034,#3035,#3036,#3037,#3038),(#3039,#3040,#3041,#3042,#3043,#3044,#3045,
#3046,#3047,#3048),(#3049,#3050,#3051,#3052,#3053,#3054,#3055,#3056,#3057,
#3058),(#3059,#3060,#3061,#3062,#3063,#3064,#3065,#3066,#3067,#3068),(#3069,
#3070,#3071,#3072,#3073,#3074,#3075,#3076,#3077,#3078)),.UNSPECIFIED.,.F.,
 .F.,.F.,(4,1,4),(4,1,1,1,1,1,1,4),(0.,0.5,1.),(0.,0.188033221082582,0.376066442165164,
0.564099663247745,0.752132884330327,0.940166105412909,1.12819932649549,
1.31623254757807),.UNSPECIFIED.);
#118=B_SPLINE_SURFACE_WITH_KNOTS('',3,3,((#3093,#3094,#3095,#3096,#3097,
#3098,#3099,#3100,#3101,#3102,#3103,#3104,#3105,#3106,#3107,#3108,#3109,
#3110,#3111,#3112,#3113,#3114,#3115),(#3116,#3117,#3118,#3119,#3120,#3121,
#3122,#3123,#3124,#3125,#3126,#3127,#3128,#3129,#3130,#3131,#3132,#3133,
#3134,#3135,#3136,#3137,#3138),(#3139,#3140,#3141,#3142,#3143,#3144,#3145,
#3146,#3147,#3148,#3149,#3150,#3151,#3152,#3153,#3154,#3155,#3156,#3157,
#3158,#3159,#3160,#3161),(#3162,#3163,#3164,#3165,#3166,#3167,#3168,#3169,
#3170,#3171,#3172,#3173,#3174,#3175,#3176,#3177,#3178,#3179,#3180,#3181,
#3182,#3183,#3184)),.UNSPECIFIED.,.F.,.F.,.F.,(4,4),(4,1,1,1,1,1,1,1,1,
1,1,1,1,1,1,1,1,1,1,1,4),(0.,1.),(1.49179349223067E-13,0.344171695485031,
0.602300467098693,0.645321929034303,0.688343390969914,0.860429238712355,
0.946472162583575,0.989493624519186,1.0325150864548,1.11855801032602,1.16157947226163,
1.20460093419724,1.29064385806846,1.37668678193968,1.4627297058109,1.54877262968212,
1.63481555355334,1.72085847742456,1.892944325167,2.06503017290944,2.40920186839432),
 .UNSPECIFIED.);
#119=B_SPLINE_SURFACE_WITH_KNOTS('',3,3,((#3224,#3225,#3226,#3227,#3228,
#3229,#3230,#3231,#3232,#3233,#3234,#3235,#3236,#3237,#3238,#3239,#3240,
#3241,#3242,#3243,#3244,#3245,#3246,#3247,#3248,#3249,#3250,#3251,#3252),
(#3253,#3254,#3255,#3256,#3257,#3258,#3259,#3260,#3261,#3262,#3263,#3264,
#3265,#3266,#3267,#3268,#3269,#3270,#3271,#3272,#3273,#3274,#3275,#3276,
#3277,#3278,#3279,#3280,#3281),(#3282,#3283,#3284,#3285,#3286,#3287,#3288,
#3289,#3290,#3291,#3292,#3293,#3294,#3295,#3296,#3297,#3298,#3299,#3300,
#3301,#3302,#3303,#3304,#3305,#3306,#3307,#3308,#3309,#3310),(#3311,#3312,
#3313,#3314,#3315,#3316,#3317,#3318,#3319,#3320,#3321,#3322,#3323,#3324,
#3325,#3326,#3327,#3328,#3329,#3330,#3331,#3332,#3333,#3334,#3335,#3336,
#3337,#3338,#3339)),.UNSPECIFIED.,.F.,.F.,.F.,(4,4),(4,1,1,1,1,1,1,1,1,
1,1,1,1,1,1,1,1,1,1,1,1,1,1,1,1,1,4),(0.,1.),(0.,0.344110787533531,0.559180029741988,
0.60219387818368,0.645207726625371,0.688221575067063,0.774249271950445,
0.860276968833828,0.946304665717211,0.989318514158902,1.01082543837975,
1.03233236260059,1.11836005948398,1.20438775636736,1.29041545325074,1.37644315013413,
1.39795007435497,1.40870353646539,1.41945699857582,1.46247084701751,1.5054846954592,
1.54849854390089,1.63452624078427,1.72055393766766,1.89260933143442,2.06466472520119,
2.40877551273472),.UNSPECIFIED.);
#120=B_SPLINE_SURFACE_WITH_KNOTS('',3,3,((#3373,#3374,#3375,#3376,#3377,
#3378,#3379,#3380,#3381,#3382),(#3383,#3384,#3385,#3386,#3387,#3388,#3389,
#3390,#3391,#3392),(#3393,#3394,#3395,#3396,#3397,#3398,#3399,#3400,#3401,
#3402),(#3403,#3404,#3405,#3406,#3407,#3408,#3409,#3410,#3411,#3412),(#3413,
#3414,#3415,#3416,#3417,#3418,#3419,#3420,#3421,#3422)),.UNSPECIFIED.,.F.,
 .F.,.F.,(4,1,4),(4,1,1,1,1,1,1,4),(0.,0.5,1.),(1.92427268144398E-13,0.188033221082506,
0.37606644216482,0.564099663247134,0.752132884329448,0.940166105411762,
1.12819932649408,1.31623254757639),.UNSPECIFIED.);
#121=B_SPLINE_SURFACE_WITH_KNOTS('',3,3,((#3435,#3436,#3437,#3438,#3439,
#3440,#3441,#3442,#3443,#3444),(#3445,#3446,#3447,#3448,#3449,#3450,#3451,
#3452,#3453,#3454),(#3455,#3456,#3457,#3458,#3459,#3460,#3461,#3462,#3463,
#3464),(#3465,#3466,#3467,#3468,#3469,#3470,#3471,#3472,#3473,#3474),(#3475,
#3476,#3477,#3478,#3479,#3480,#3481,#3482,#3483,#3484)),.UNSPECIFIED.,.F.,
 .F.,.F.,(4,1,4),(4,1,1,1,1,1,1,4),(0.,0.5,1.),(0.,0.188033221082582,0.376066442165165,
0.564099663247747,0.75213288433033,0.940166105412912,1.12819932649549,1.31623254757808),
 .UNSPECIFIED.);
#122=B_SPLINE_SURFACE_WITH_KNOTS('',3,3,((#3499,#3500,#3501,#3502,#3503,
#3504,#3505,#3506,#3507,#3508,#3509,#3510,#3511,#3512,#3513,#3514,#3515,
#3516,#3517,#3518,#3519),(#3520,#3521,#3522,#3523,#3524,#3525,#3526,#3527,
#3528,#3529,#3530,#3531,#3532,#3533,#3534,#3535,#3536,#3537,#3538,#3539,
#3540),(#3541,#3542,#3543,#3544,#3545,#3546,#3547,#3548,#3549,#3550,#3551,
#3552,#3553,#3554,#3555,#3556,#3557,#3558,#3559,#3560,#3561),(#3562,#3563,
#3564,#3565,#3566,#3567,#3568,#3569,#3570,#3571,#3572,#3573,#3574,#3575,
#3576,#3577,#3578,#3579,#3580,#3581,#3582)),.UNSPECIFIED.,.F.,.F.,.F.,(4,
4),(4,1,1,1,1,1,1,1,1,1,1,1,1,1,1,1,1,1,4),(0.,1.),(1.5789390785931E-13,
0.0860276968834484,0.172055393766739,0.34411078753332,0.688221575066482,
0.860276968833062,1.03233236259964,1.11836005948293,1.16137390792458,1.20438775636622,
1.24740160480787,1.29041545324951,1.37644315013281,1.54849854389939,1.72055393766597,
2.06466472519913,2.23672011896571,2.322747815849,2.40877551273229),
 .UNSPECIFIED.);
#123=B_SPLINE_SURFACE_WITH_KNOTS('',3,3,((#3620,#3621,#3622,#3623,#3624,
#3625,#3626,#3627,#3628,#3629,#3630,#3631,#3632,#3633,#3634,#3635,#3636,
#3637,#3638,#3639,#3640,#3641,#3642,#3643),(#3644,#3645,#3646,#3647,#3648,
#3649,#3650,#3651,#3652,#3653,#3654,#3655,#3656,#3657,#3658,#3659,#3660,
#3661,#3662,#3663,#3664,#3665,#3666,#3667),(#3668,#3669,#3670,#3671,#3672,
#3673,#3674,#3675,#3676,#3677,#3678,#3679,#3680,#3681,#3682,#3683,#3684,
#3685,#3686,#3687,#3688,#3689,#3690,#3691),(#3692,#3693,#3694,#3695,#3696,
#3697,#3698,#3699,#3700,#3701,#3702,#3703,#3704,#3705,#3706,#3707,#3708,
#3709,#3710,#3711,#3712,#3713,#3714,#3715)),.UNSPECIFIED.,.F.,.F.,.F.,(4,
4),(4,1,1,1,1,1,1,1,1,1,1,1,1,1,1,1,1,1,1,1,1,4),(0.,1.),(0.,0.172085847742689,
0.344171695485378,0.688343390970756,0.774386314842101,0.817407776777773,
0.860429238713445,0.94647216258479,1.03251508645613,1.09704727935964,1.11855801032748,
1.20460093419882,1.29064385807017,1.33366532000584,1.37668678194151,1.46272970581286,
1.5487726296842,1.63481555355555,1.72085847742689,2.06503017291227,2.23711602065496,
2.40920186839765),.UNSPECIFIED.);
#124=B_SPLINE_SURFACE_WITH_KNOTS('',3,3,((#3744,#3745,#3746,#3747,#3748,
#3749,#3750,#3751,#3752,#3753),(#3754,#3755,#3756,#3757,#3758,#3759,#3760,
#3761,#3762,#3763),(#3764,#3765,#3766,#3767,#3768,#3769,#3770,#3771,#3772,
#3773),(#3774,#3775,#3776,#3777,#3778,#3779,#3780,#3781,#3782,#3783),(#3784,
#3785,#3786,#3787,#3788,#3789,#3790,#3791,#3792,#3793)),.UNSPECIFIED.,.F.,
 .F.,.F.,(4,1,4),(4,1,1,1,1,1,1,4),(0.,0.5,1.),(2.44679939056213E-13,0.188033221082448,
0.376066442164652,0.564099663246855,0.752132884329059,0.940166105411262,
1.12819932649347,1.31623254757567),.UNSPECIFIED.);
#125=B_SPLINE_SURFACE_WITH_KNOTS('',3,3,((#3806,#3807,#3808,#3809,#3810,
#3811,#3812,#3813,#3814,#3815,#3816,#3817,#3818,#3819,#3820,#3821,#3822,
#3823,#3824,#3825,#3826,#3827,#3828),(#3829,#3830,#3831,#3832,#3833,#3834,
#3835,#3836,#3837,#3838,#3839,#3840,#3841,#3842,#3843,#3844,#3845,#3846,
#3847,#3848,#3849,#3850,#3851),(#3852,#3853,#3854,#3855,#3856,#3857,#3858,
#3859,#3860,#3861,#3862,#3863,#3864,#3865,#3866,#3867,#3868,#3869,#3870,
#3871,#3872,#3873,#3874),(#3875,#3876,#3877,#3878,#3879,#3880,#3881,#3882,
#3883,#3884,#3885,#3886,#3887,#3888,#3889,#3890,#3891,#3892,#3893,#3894,
#3895,#3896,#3897)),.UNSPECIFIED.,.F.,.F.,.F.,(4,4),(4,1,1,1,1,1,1,1,1,
1,1,1,1,1,1,1,1,1,1,1,4),(0.,1.),(0.,0.344171695485378,0.602300467099411,
0.645321929035084,0.688343390970756,0.860429238713445,0.946472162584789,
0.989493624520462,1.03251508645613,1.11855801032748,1.16157947226315,1.20460093419882,
1.29064385807017,1.37668678194151,1.46272970581286,1.5487726296842,1.63481555355555,
1.72085847742689,1.89294432516958,2.06503017291227,2.40920186839765),
 .UNSPECIFIED.);
#126=B_SPLINE_SURFACE_WITH_KNOTS('',3,3,((#3925,#3926,#3927,#3928,#3929,
#3930,#3931,#3932,#3933,#3934),(#3935,#3936,#3937,#3938,#3939,#3940,#3941,
#3942,#3943,#3944),(#3945,#3946,#3947,#3948,#3949,#3950,#3951,#3952,#3953,
#3954),(#3955,#3956,#3957,#3958,#3959,#3960,#3961,#3962,#3963,#3964),(#3965,
#3966,#3967,#3968,#3969,#3970,#3971,#3972,#3973,#3974)),.UNSPECIFIED.,.F.,
 .F.,.F.,(4,1,4),(4,1,1,1,1,1,1,4),(0.,0.5,1.),(2.50546957536906E-13,0.188033221082455,
0.37606644216466,0.564099663246865,0.752132884329069,0.940166105411274,
1.12819932649348,1.31623254757568),.UNSPECIFIED.);
#127=B_SPLINE_SURFACE_WITH_KNOTS('',3,3,((#3987,#3988,#3989,#3990,#3991,
#3992,#3993,#3994,#3995,#3996),(#3997,#3998,#3999,#4000,#4001,#4002,#4003,
#4004,#4005,#4006),(#4007,#4008,#4009,#4010,#4011,#4012,#4013,#4014,#4015,
#4016),(#4017,#4018,#4019,#4020,#4021,#4022,#4023,#4024,#4025,#4026),(#4027,
#4028,#4029,#4030,#4031,#4032,#4033,#4034,#4035,#4036)),.UNSPECIFIED.,.F.,
 .F.,.F.,(4,1,4),(4,1,1,1,1,1,1,4),(0.,0.5,1.),(0.,0.188033221082582,0.376066442165163,
0.564099663247745,0.752132884330327,0.940166105412909,1.12819932649549,
1.31623254757807),.UNSPECIFIED.);
#128=B_SPLINE_SURFACE_WITH_KNOTS('',3,3,((#4051,#4052,#4053,#4054,#4055,
#4056,#4057,#4058,#4059,#4060,#4061,#4062,#4063,#4064,#4065,#4066,#4067,
#4068,#4069,#4070,#4071,#4072,#4073,#4074,#4075,#4076,#4077,#4078,#4079),
(#4080,#4081,#4082,#4083,#4084,#4085,#4086,#4087,#4088,#4089,#4090,#4091,
#4092,#4093,#4094,#4095,#4096,#4097,#4098,#4099,#4100,#4101,#4102,#4103,
#4104,#4105,#4106,#4107,#4108),(#4109,#4110,#4111,#4112,#4113,#4114,#4115,
#4116,#4117,#4118,#4119,#4120,#4121,#4122,#4123,#4124,#4125,#4126,#4127,
#4128,#4129,#4130,#4131,#4132,#4133,#4134,#4135,#4136,#4137),(#4138,#4139,
#4140,#4141,#4142,#4143,#4144,#4145,#4146,#4147,#4148,#4149,#4150,#4151,
#4152,#4153,#4154,#4155,#4156,#4157,#4158,#4159,#4160,#4161,#4162,#4163,
#4164,#4165,#4166)),.UNSPECIFIED.,.F.,.F.,.F.,(4,4),(4,1,1,1,1,1,1,1,1,
1,1,1,1,1,1,1,1,1,1,1,1,1,1,1,1,1,4),(0.,1.),(1.63644913434529E-13,0.344110787183673,
0.559180029173367,0.602193877571305,0.645207725969244,0.688221574367183,
0.77424927116306,0.860276967958937,0.946304664754815,0.989318513152754,
1.01082543735172,1.03233236155069,1.11836005834657,1.20438775514245,1.29041545193832,
1.3764431487342,1.39795007293317,1.40870353503266,1.41945699713214,1.46247084553008,
1.50548469392802,1.54849854232596,1.63452623912183,1.72055393591771,1.89260932950947,
2.06466472310122,2.40877551028473),.UNSPECIFIED.);
#129=B_SPLINE_SURFACE_WITH_KNOTS('',3,3,((#4212,#4213,#4214,#4215,#4216,
#4217,#4218,#4219,#4220,#4221),(#4222,#4223,#4224,#4225,#4226,#4227,#4228,
#4229,#4230,#4231),(#4232,#4233,#4234,#4235,#4236,#4237,#4238,#4239,#4240,
#4241),(#4242,#4243,#4244,#4245,#4246,#4247,#4248,#4249,#4250,#4251),(#4252,
#4253,#4254,#4255,#4256,#4257,#4258,#4259,#4260,#4261)),.UNSPECIFIED.,.F.,
 .F.,.F.,(4,1,4),(4,1,1,1,1,1,1,4),(0.,0.5,1.),(0.,0.188033221082582,0.376066442165164,
0.564099663247746,0.752132884330328,0.940166105412909,1.12819932649549,
1.31623254757807),.UNSPECIFIED.);
#130=B_SPLINE_SURFACE_WITH_KNOTS('',3,3,((#4276,#4277,#4278,#4279,#4280,
#4281,#4282,#4283,#4284,#4285,#4286,#4287,#4288,#4289,#4290,#4291,#4292,
#4293,#4294,#4295,#4296,#4297,#4298,#4299,#4300,#4301,#4302,#4303,#4304),
(#4305,#4306,#4307,#4308,#4309,#4310,#4311,#4312,#4313,#4314,#4315,#4316,
#4317,#4318,#4319,#4320,#4321,#4322,#4323,#4324,#4325,#4326,#4327,#4328,
#4329,#4330,#4331,#4332,#4333),(#4334,#4335,#4336,#4337,#4338,#4339,#4340,
#4341,#4342,#4343,#4344,#4345,#4346,#4347,#4348,#4349,#4350,#4351,#4352,
#4353,#4354,#4355,#4356,#4357,#4358,#4359,#4360,#4361,#4362),(#4363,#4364,
#4365,#4366,#4367,#4368,#4369,#4370,#4371,#4372,#4373,#4374,#4375,#4376,
#4377,#4378,#4379,#4380,#4381,#4382,#4383,#4384,#4385,#4386,#4387,#4388,
#4389,#4390,#4391)),.UNSPECIFIED.,.F.,.F.,.F.,(4,4),(4,1,1,1,1,1,1,1,1,
1,1,1,1,1,1,1,1,1,1,1,1,1,1,1,1,1,4),(0.,1.),(1.56798713406276E-13,0.172055393766739,
0.34411078753332,0.688221575066484,0.774249271949774,0.81726312039142,0.860276968833065,
0.946304665716356,1.03233236259965,1.07534621104129,1.11836005948294,1.20438775636623,
1.29041545324952,1.31192237747034,1.37644315013281,1.41945699857446,1.4624708470161,
1.54849854389939,1.63452624078268,1.72055393766597,1.89260933143256,1.97863702831585,
2.02165087675749,2.04315780097831,2.06466472519914,2.23672011896572,2.4087755127323),
 .UNSPECIFIED.);
#131=B_SPLINE_SURFACE_WITH_KNOTS('',3,3,((#4489,#4490,#4491,#4492,#4493),
(#4494,#4495,#4496,#4497,#4498),(#4499,#4500,#4501,#4502,#4503),(#4504,
#4505,#4506,#4507,#4508),(#4509,#4510,#4511,#4512,#4513)),.UNSPECIFIED.,
 .F.,.F.,.F.,(4,1,4),(4,1,4),(0.,0.571428571428571,1.),(1.75549206912681E-14,
0.542410604239205,1.26562474322479),.UNSPECIFIED.);
#132=B_SPLINE_SURFACE_WITH_KNOTS('',3,3,((#4515,#4516,#4517,#4518,#4519,
#4520),(#4521,#4522,#4523,#4524,#4525,#4526),(#4527,#4528,#4529,#4530,#4531,
#4532),(#4533,#4534,#4535,#4536,#4537,#4538),(#4539,#4540,#4541,#4542,#4543,
#4544)),.UNSPECIFIED.,.F.,.F.,.F.,(4,1,4),(4,1,1,4),(0.,0.5,1.),(0.,1.21339296802665,
2.02232161337774,2.83125025872884),.UNSPECIFIED.);
#133=B_SPLINE_SURFACE_WITH_KNOTS('',3,3,((#4553,#4554,#4555,#4556,#4557),
(#4558,#4559,#4560,#4561,#4562),(#4563,#4564,#4565,#4566,#4567),(#4568,
#4569,#4570,#4571,#4572),(#4573,#4574,#4575,#4576,#4577)),.UNSPECIFIED.,
 .F.,.F.,.F.,(4,1,4),(4,1,4),(0.,0.571428571428571,1.),(3.82093014603247E-15,
0.5424106859171,1.26562493380656),.UNSPECIFIED.);
#134=B_SPLINE_SURFACE_WITH_KNOTS('',3,3,((#4585,#4586,#4587,#4588),(#4589,
#4590,#4591,#4592),(#4593,#4594,#4595,#4596),(#4597,#4598,#4599,#4600),
(#4601,#4602,#4603,#4604)),.UNSPECIFIED.,.F.,.F.,.F.,(4,1,4),(4,4),(0.,
0.571428571428571,1.),(0.,2.37076641050377),.UNSPECIFIED.);
#135=CYLINDRICAL_SURFACE('',#1369,20.75);
#136=CYLINDRICAL_SURFACE('',#1379,63.);
#137=CYLINDRICAL_SURFACE('',#1387,25.);
#138=CYLINDRICAL_SURFACE('',#1396,10.);
#139=CYLINDRICAL_SURFACE('',#1419,20.);
#140=CYLINDRICAL_SURFACE('',#1421,20.);
#141=CYLINDRICAL_SURFACE('',#1425,20.);
#142=CYLINDRICAL_SURFACE('',#1434,4.);
#143=CYLINDRICAL_SURFACE('',#1441,4.);
#144=CYLINDRICAL_SURFACE('',#1445,4.);
#145=CYLINDRICAL_SURFACE('',#1455,4.);
#146=CYLINDRICAL_SURFACE('',#1456,4.);
#147=CYLINDRICAL_SURFACE('',#1457,4.);
#148=CYLINDRICAL_SURFACE('',#1458,4.);
#149=CYLINDRICAL_SURFACE('',#1459,4.);
#150=CYLINDRICAL_SURFACE('',#1465,20.);
#151=CYLINDRICAL_SURFACE('',#1468,20.);
#152=CYLINDRICAL_SURFACE('',#1472,20.);
#153=CYLINDRICAL_SURFACE('',#1475,25.);
#154=FACE_BOUND('',#370,.T.);
#155=FACE_BOUND('',#375,.T.);
#156=FACE_BOUND('',#382,.T.);
#157=FACE_BOUND('',#383,.T.);
#158=FACE_BOUND('',#384,.T.);
#159=FACE_BOUND('',#385,.T.);
#160=FACE_BOUND('',#386,.T.);
#161=FACE_BOUND('',#387,.T.);
#162=FACE_BOUND('',#388,.T.);
#163=FACE_BOUND('',#461,.T.);
#164=PLANE('',#1361);
#165=PLANE('',#1374);
#166=PLANE('',#1376);
#167=PLANE('',#1394);
#168=PLANE('',#1398);
#169=PLANE('',#1400);
#170=PLANE('',#1402);
#171=PLANE('',#1403);
#172=PLANE('',#1404);
#173=PLANE('',#1418);
#174=PLANE('',#1420);
#175=PLANE('',#1422);
#176=PLANE('',#1424);
#177=PLANE('',#1463);
#178=PLANE('',#1464);
#179=PLANE('',#1467);
#180=PLANE('',#1470);
#181=PLANE('',#1471);
#182=PLANE('',#1473);
#183=PLANE('',#1476);
#184=LINE('',#1779,#231);
#185=LINE('',#1797,#232);
#186=LINE('',#1885,#233);
#187=LINE('',#1890,#234);
#188=LINE('',#1892,#235);
#189=LINE('',#1894,#236);
#190=LINE('',#1898,#237);
#191=LINE('',#1926,#238);
#192=LINE('',#1930,#239);
#193=LINE('',#1958,#240);
#194=LINE('',#1962,#241);
#195=LINE('',#1990,#242);
#196=LINE('',#1993,#243);
#197=LINE('',#2346,#244);
#198=LINE('',#2348,#245);
#199=LINE('',#2352,#246);
#200=LINE('',#2353,#247);
#201=LINE('',#2356,#248);
#202=LINE('',#2359,#249);
#203=LINE('',#2362,#250);
#204=LINE('',#2366,#251);
#205=LINE('',#2367,#252);
#206=LINE('',#2370,#253);
#207=LINE('',#2372,#254);
#208=LINE('',#2375,#255);
#209=LINE('',#2377,#256);
#210=LINE('',#2379,#257);
#211=LINE('',#2382,#258);
#212=LINE('',#2386,#259);
#213=LINE('',#2389,#260);
#214=LINE('',#2617,#261);
#215=LINE('',#2790,#262);
#216=LINE('',#2792,#263);
#217=LINE('',#2794,#264);
#218=LINE('',#2796,#265);
#219=LINE('',#2825,#266);
#220=LINE('',#2833,#267);
#221=LINE('',#4611,#268);
#222=LINE('',#4612,#269);
#223=LINE('',#4615,#270);
#224=LINE('',#4616,#271);
#225=LINE('',#4619,#272);
#226=LINE('',#4623,#273);
#227=LINE('',#4624,#274);
#228=LINE('',#4628,#275);
#229=LINE('',#4630,#276);
#230=LINE('',#4636,#277);
#231=VECTOR('',#1489,32.5);
#232=VECTOR('',#1512,20.75);
#233=VECTOR('',#1525,10.);
#234=VECTOR('',#1530,10.);
#235=VECTOR('',#1533,63.);
#236=VECTOR('',#1534,10.);
#237=VECTOR('',#1537,10.);
#238=VECTOR('',#1540,10.);
#239=VECTOR('',#1543,10.);
#240=VECTOR('',#1546,10.);
#241=VECTOR('',#1549,10.);
#242=VECTOR('',#1552,10.);
#243=VECTOR('',#1555,10.);
#244=VECTOR('',#1572,10.);
#245=VECTOR('',#1573,10.);
#246=VECTOR('',#1576,10.);
#247=VECTOR('',#1577,10.);
#248=VECTOR('',#1580,10.);
#249=VECTOR('',#1583,10.);
#250=VECTOR('',#1586,10.);
#251=VECTOR('',#1589,10.);
#252=VECTOR('',#1590,10.);
#253=VECTOR('',#1593,10.);
#254=VECTOR('',#1594,10.);
#255=VECTOR('',#1597,10.);
#256=VECTOR('',#1600,10.);
#257=VECTOR('',#1603,10.);
#258=VECTOR('',#1606,10.);
#259=VECTOR('',#1609,10.);
#260=VECTOR('',#1612,10.);
#261=VECTOR('',#1623,47.250003144145);
#262=VECTOR('',#1638,10.);
#263=VECTOR('',#1641,10.);
#264=VECTOR('',#1644,10.);
#265=VECTOR('',#1647,10.);
#266=VECTOR('',#1654,10.);
#267=VECTOR('',#1657,10.);
#268=VECTOR('',#1734,10.);
#269=VECTOR('',#1735,10.);
#270=VECTOR('',#1738,10.);
#271=VECTOR('',#1739,10.);
#272=VECTOR('',#1742,10.);
#273=VECTOR('',#1747,10.);
#274=VECTOR('',#1748,10.);
#275=VECTOR('',#1755,10.);
#276=VECTOR('',#1758,10.);
#277=VECTOR('',#1767,25.);
#278=CONICAL_SURFACE('',#1359,32.5,0.620249485982819);
#279=CONICAL_SURFACE('',#1411,47.250003144145,0.998766805549256);
#280=FACE_OUTER_BOUND('',#367,.T.);
#281=FACE_OUTER_BOUND('',#368,.T.);
#282=FACE_OUTER_BOUND('',#369,.T.);
#283=FACE_OUTER_BOUND('',#371,.T.);
#284=FACE_OUTER_BOUND('',#372,.T.);
#285=FACE_OUTER_BOUND('',#373,.T.);
#286=FACE_OUTER_BOUND('',#374,.T.);
#287=FACE_OUTER_BOUND('',#376,.T.);
#288=FACE_OUTER_BOUND('',#377,.T.);
#289=FACE_OUTER_BOUND('',#378,.T.);
#290=FACE_OUTER_BOUND('',#379,.T.);
#291=FACE_OUTER_BOUND('',#380,.T.);
#292=FACE_OUTER_BOUND('',#381,.T.);
#293=FACE_OUTER_BOUND('',#389,.T.);
#294=FACE_OUTER_BOUND('',#390,.T.);
#295=FACE_OUTER_BOUND('',#391,.T.);
#296=FACE_OUTER_BOUND('',#392,.T.);
#297=FACE_OUTER_BOUND('',#393,.T.);
#298=FACE_OUTER_BOUND('',#394,.T.);
#299=FACE_OUTER_BOUND('',#395,.T.);
#300=FACE_OUTER_BOUND('',#396,.T.);
#301=FACE_OUTER_BOUND('',#397,.T.);
#302=FACE_OUTER_BOUND('',#398,.T.);
#303=FACE_OUTER_BOUND('',#399,.T.);
#304=FACE_OUTER_BOUND('',#400,.T.);
#305=FACE_OUTER_BOUND('',#401,.T.);
#306=FACE_OUTER_BOUND('',#402,.T.);
#307=FACE_OUTER_BOUND('',#403,.T.);
#308=FACE_OUTER_BOUND('',#404,.T.);
#309=FACE_OUTER_BOUND('',#405,.T.);
#310=FACE_OUTER_BOUND('',#406,.T.);
#311=FACE_OUTER_BOUND('',#407,.T.);
#312=FACE_OUTER_BOUND('',#408,.T.);
#313=FACE_OUTER_BOUND('',#409,.T.);
#314=FACE_OUTER_BOUND('',#410,.T.);
#315=FACE_OUTER_BOUND('',#411,.T.);
#316=FACE_OUTER_BOUND('',#412,.T.);
#317=FACE_OUTER_BOUND('',#413,.T.);
#318=FACE_OUTER_BOUND('',#414,.T.);
#319=FACE_OUTER_BOUND('',#415,.T.);
#320=FACE_OUTER_BOUND('',#416,.T.);
#321=FACE_OUTER_BOUND('',#417,.T.);
#322=FACE_OUTER_BOUND('',#418,.T.);
#323=FACE_OUTER_BOUND('',#419,.T.);
#324=FACE_OUTER_BOUND('',#420,.T.);
#325=FACE_OUTER_BOUND('',#421,.T.);
#326=FACE_OUTER_BOUND('',#422,.T.);
#327=FACE_OUTER_BOUND('',#423,.T.);
#328=FACE_OUTER_BOUND('',#424,.T.);
#329=FACE_OUTER_BOUND('',#425,.T.);
#330=FACE_OUTER_BOUND('',#426,.T.);
#331=FACE_OUTER_BOUND('',#427,.T.);
#332=FACE_OUTER_BOUND('',#428,.T.);
#333=FACE_OUTER_BOUND('',#429,.T.);
#334=FACE_OUTER_BOUND('',#430,.T.);
#335=FACE_OUTER_BOUND('',#431,.T.);
#336=FACE_OUTER_BOUND('',#432,.T.);
#337=FACE_OUTER_BOUND('',#433,.T.);
#338=FACE_OUTER_BOUND('',#434,.T.);
#339=FACE_OUTER_BOUND('',#435,.T.);
#340=FACE_OUTER_BOUND('',#436,.T.);
#341=FACE_OUTER_BOUND('',#437,.T.);
#342=FACE_OUTER_BOUND('',#438,.T.);
#343=FACE_OUTER_BOUND('',#439,.T.);
#344=FACE_OUTER_BOUND('',#440,.T.);
#345=FACE_OUTER_BOUND('',#441,.T.);
#346=FACE_OUTER_BOUND('',#442,.T.);
#347=FACE_OUTER_BOUND('',#443,.T.);
#348=FACE_OUTER_BOUND('',#444,.T.);
#349=FACE_OUTER_BOUND('',#445,.T.);
#350=FACE_OUTER_BOUND('',#446,.T.);
#351=FACE_OUTER_BOUND('',#447,.T.);
#352=FACE_OUTER_BOUND('',#448,.T.);
#353=FACE_OUTER_BOUND('',#449,.T.);
#354=FACE_OUTER_BOUND('',#450,.T.);
#355=FACE_OUTER_BOUND('',#451,.T.);
#356=FACE_OUTER_BOUND('',#452,.T.);
#357=FACE_OUTER_BOUND('',#453,.T.);
#358=FACE_OUTER_BOUND('',#454,.T.);
#359=FACE_OUTER_BOUND('',#455,.T.);
#360=FACE_OUTER_BOUND('',#456,.T.);
#361=FACE_OUTER_BOUND('',#457,.T.);
#362=FACE_OUTER_BOUND('',#458,.T.);
#363=FACE_OUTER_BOUND('',#459,.T.);
#364=FACE_OUTER_BOUND('',#460,.T.);
#365=FACE_OUTER_BOUND('',#462,.T.);
#366=FACE_OUTER_BOUND('',#463,.T.);
#367=EDGE_LOOP('',(#861,#862,#863,#864));
#368=EDGE_LOOP('',(#865,#866,#867,#868));
#369=EDGE_LOOP('',(#869));
#370=EDGE_LOOP('',(#870));
#371=EDGE_LOOP('',(#871,#872,#873,#874,#875,#876));
#372=EDGE_LOOP('',(#877,#878,#879,#880,#881));
#373=EDGE_LOOP('',(#882,#883,#884,#885));
#374=EDGE_LOOP('',(#886));
#375=EDGE_LOOP('',(#887));
#376=EDGE_LOOP('',(#888,#889,#890,#891));
#377=EDGE_LOOP('',(#892,#893,#894,#895,#896));
#378=EDGE_LOOP('',(#897,#898,#899,#900,#901,#902,#903,#904,#905,#906,#907,
#908,#909,#910,#911,#912,#913,#914,#915,#916,#917,#918,#919,#920,#921,#922));
#379=EDGE_LOOP('',(#923,#924));
#380=EDGE_LOOP('',(#925,#926,#927,#928,#929));
#381=EDGE_LOOP('',(#930,#931,#932,#933,#934,#935,#936,#937,#938,#939,#940));
#382=EDGE_LOOP('',(#941,#942));
#383=EDGE_LOOP('',(#943,#944));
#384=EDGE_LOOP('',(#945,#946));
#385=EDGE_LOOP('',(#947,#948));
#386=EDGE_LOOP('',(#949,#950));
#387=EDGE_LOOP('',(#951,#952));
#388=EDGE_LOOP('',(#953,#954));
#389=EDGE_LOOP('',(#955,#956,#957,#958,#959,#960,#961,#962,#963,#964,#965,
#966));
#390=EDGE_LOOP('',(#967,#968,#969,#970));
#391=EDGE_LOOP('',(#971,#972,#973,#974,#975,#976));
#392=EDGE_LOOP('',(#977,#978,#979,#980,#981,#982));
#393=EDGE_LOOP('',(#983,#984,#985,#986));
#394=EDGE_LOOP('',(#987,#988,#989,#990));
#395=EDGE_LOOP('',(#991,#992,#993,#994,#995,#996));
#396=EDGE_LOOP('',(#997,#998,#999,#1000));
#397=EDGE_LOOP('',(#1001,#1002,#1003,#1004));
#398=EDGE_LOOP('',(#1005,#1006,#1007,#1008));
#399=EDGE_LOOP('',(#1009,#1010,#1011,#1012));
#400=EDGE_LOOP('',(#1013,#1014,#1015,#1016));
#401=EDGE_LOOP('',(#1017,#1018,#1019,#1020,#1021,#1022,#1023,#1024,#1025,
#1026,#1027,#1028,#1029,#1030,#1031,#1032,#1033,#1034,#1035,#1036,#1037,
#1038,#1039));
#402=EDGE_LOOP('',(#1040,#1041,#1042,#1043));
#403=EDGE_LOOP('',(#1044,#1045,#1046,#1047));
#404=EDGE_LOOP('',(#1048,#1049,#1050,#1051,#1052));
#405=EDGE_LOOP('',(#1053,#1054,#1055,#1056));
#406=EDGE_LOOP('',(#1057,#1058,#1059,#1060));
#407=EDGE_LOOP('',(#1061,#1062,#1063,#1064));
#408=EDGE_LOOP('',(#1065,#1066,#1067,#1068));
#409=EDGE_LOOP('',(#1069,#1070,#1071,#1072,#1073,#1074,#1075,#1076));
#410=EDGE_LOOP('',(#1077,#1078,#1079,#1080));
#411=EDGE_LOOP('',(#1081,#1082,#1083,#1084));
#412=EDGE_LOOP('',(#1085,#1086,#1087,#1088));
#413=EDGE_LOOP('',(#1089,#1090,#1091,#1092));
#414=EDGE_LOOP('',(#1093,#1094,#1095,#1096));
#415=EDGE_LOOP('',(#1097,#1098,#1099,#1100));
#416=EDGE_LOOP('',(#1101,#1102,#1103,#1104));
#417=EDGE_LOOP('',(#1105,#1106));
#418=EDGE_LOOP('',(#1107,#1108,#1109,#1110));
#419=EDGE_LOOP('',(#1111,#1112,#1113,#1114));
#420=EDGE_LOOP('',(#1115,#1116));
#421=EDGE_LOOP('',(#1117,#1118,#1119,#1120));
#422=EDGE_LOOP('',(#1121,#1122,#1123,#1124));
#423=EDGE_LOOP('',(#1125,#1126));
#424=EDGE_LOOP('',(#1127,#1128,#1129,#1130));
#425=EDGE_LOOP('',(#1131,#1132,#1133,#1134));
#426=EDGE_LOOP('',(#1135,#1136));
#427=EDGE_LOOP('',(#1137,#1138,#1139,#1140));
#428=EDGE_LOOP('',(#1141,#1142,#1143,#1144));
#429=EDGE_LOOP('',(#1145,#1146));
#430=EDGE_LOOP('',(#1147,#1148,#1149,#1150));
#431=EDGE_LOOP('',(#1151,#1152,#1153,#1154));
#432=EDGE_LOOP('',(#1155,#1156));
#433=EDGE_LOOP('',(#1157,#1158,#1159,#1160,#1161));
#434=EDGE_LOOP('',(#1162,#1163,#1164,#1165,#1166));
#435=EDGE_LOOP('',(#1167,#1168));
#436=EDGE_LOOP('',(#1169,#1170,#1171,#1172));
#437=EDGE_LOOP('',(#1173,#1174,#1175,#1176));
#438=EDGE_LOOP('',(#1177,#1178));
#439=EDGE_LOOP('',(#1179,#1180,#1181,#1182,#1183,#1184));
#440=EDGE_LOOP('',(#1185,#1186));
#441=EDGE_LOOP('',(#1187,#1188));
#442=EDGE_LOOP('',(#1189,#1190));
#443=EDGE_LOOP('',(#1191,#1192));
#444=EDGE_LOOP('',(#1193,#1194));
#445=EDGE_LOOP('',(#1195,#1196));
#446=EDGE_LOOP('',(#1197,#1198));
#447=EDGE_LOOP('',(#1199,#1200));
#448=EDGE_LOOP('',(#1201,#1202,#1203,#1204));
#449=EDGE_LOOP('',(#1205,#1206,#1207,#1208));
#450=EDGE_LOOP('',(#1209,#1210,#1211,#1212));
#451=EDGE_LOOP('',(#1213,#1214,#1215,#1216));
#452=EDGE_LOOP('',(#1217,#1218,#1219,#1220));
#453=EDGE_LOOP('',(#1221,#1222,#1223,#1224));
#454=EDGE_LOOP('',(#1225,#1226,#1227,#1228));
#455=EDGE_LOOP('',(#1229,#1230,#1231,#1232));
#456=EDGE_LOOP('',(#1233,#1234,#1235,#1236));
#457=EDGE_LOOP('',(#1237,#1238,#1239,#1240));
#458=EDGE_LOOP('',(#1241,#1242,#1243,#1244));
#459=EDGE_LOOP('',(#1245,#1246,#1247,#1248));
#460=EDGE_LOOP('',(#1249));
#461=EDGE_LOOP('',(#1250));
#462=EDGE_LOOP('',(#1251,#1252,#1253,#1254));
#463=EDGE_LOOP('',(#1255,#1256,#1257,#1258,#1259,#1260));
#464=CIRCLE('',#1356,30.0335032255016);
#465=CIRCLE('',#1357,2.5);
#466=CIRCLE('',#1358,27.9991695474848);
#467=CIRCLE('',#1360,32.9061909685955);
#468=CIRCLE('',#1362,25.);
#469=CIRCLE('',#1364,22.3241505992663);
#470=CIRCLE('',#1365,22.3241505992663);
#471=CIRCLE('',#1366,1.6);
#472=CIRCLE('',#1367,20.75);
#473=CIRCLE('',#1368,20.75);
#474=CIRCLE('',#1370,20.75);
#475=CIRCLE('',#1372,7.);
#476=CIRCLE('',#1373,38.6023252670426);
#477=CIRCLE('',#1375,63.);
#478=CIRCLE('',#1380,63.);
#479=CIRCLE('',#1381,63.);
#480=CIRCLE('',#1382,63.);
#481=CIRCLE('',#1383,63.);
#482=CIRCLE('',#1384,63.);
#483=CIRCLE('',#1385,63.);
#484=CIRCLE('',#1386,63.);
#485=CIRCLE('',#1388,25.);
#486=CIRCLE('',#1390,1.5);
#487=CIRCLE('',#1391,23.6908013658545);
#488=CIRCLE('',#1392,29.165341258662);
#489=CIRCLE('',#1393,29.165341258662);
#490=CIRCLE('',#1395,10.);
#491=CIRCLE('',#1397,10.);
#492=CIRCLE('',#1399,20.);
#493=CIRCLE('',#1401,20.);
#494=CIRCLE('',#1405,20.);
#495=CIRCLE('',#1406,20.);
#496=CIRCLE('',#1407,1.99999999999998);
#497=CIRCLE('',#1408,1.99999999999998);
#498=CIRCLE('',#1409,1.99999999999999);
#499=CIRCLE('',#1410,1.99999999999999);
#500=CIRCLE('',#1412,30.0806699336958);
#501=CIRCLE('',#1413,30.0806699336958);
#502=CIRCLE('',#1414,1.99999999999998);
#503=CIRCLE('',#1415,1.99999999999999);
#504=CIRCLE('',#1416,1.99999999999998);
#505=CIRCLE('',#1417,1.99999999999998);
#506=CIRCLE('',#1423,2.);
#507=CIRCLE('',#1426,1.5);
#508=CIRCLE('',#1427,1.49999999999999);
#509=CIRCLE('',#1428,4.);
#510=CIRCLE('',#1429,1.5);
#511=CIRCLE('',#1430,1.5);
#512=CIRCLE('',#1431,4.);
#513=CIRCLE('',#1432,1.5);
#514=CIRCLE('',#1433,1.50000000000001);
#515=CIRCLE('',#1435,4.);
#516=CIRCLE('',#1436,1.5);
#517=CIRCLE('',#1437,1.49999999999999);
#518=CIRCLE('',#1438,4.);
#519=CIRCLE('',#1439,1.5);
#520=CIRCLE('',#1440,1.49999999999999);
#521=CIRCLE('',#1442,4.);
#522=CIRCLE('',#1443,1.5);
#523=CIRCLE('',#1444,1.49999999999999);
#524=CIRCLE('',#1446,4.);
#525=CIRCLE('',#1447,1.5);
#526=CIRCLE('',#1448,1.49999999999999);
#527=CIRCLE('',#1449,4.);
#528=CIRCLE('',#1450,1.5);
#529=CIRCLE('',#1451,1.5);
#530=CIRCLE('',#1452,4.);
#531=CIRCLE('',#1454,2.);
#532=CIRCLE('',#1460,2.);
#533=CIRCLE('',#1461,2.);
#534=CIRCLE('',#1462,2.);
#535=CIRCLE('',#1466,20.);
#536=CIRCLE('',#1469,20.);
#537=CIRCLE('',#1474,25.);
#538=VERTEX_POINT('',#1772);
#539=VERTEX_POINT('',#1774);
#540=VERTEX_POINT('',#1778);
#541=VERTEX_POINT('',#1782);
#542=VERTEX_POINT('',#1785);
#543=VERTEX_POINT('',#1786);
#544=VERTEX_POINT('',#1789);
#545=VERTEX_POINT('',#1791);
#546=VERTEX_POINT('',#1795);
#547=VERTEX_POINT('',#1799);
#548=VERTEX_POINT('',#1803);
#549=VERTEX_POINT('',#1845);
#550=VERTEX_POINT('',#1846);
#551=VERTEX_POINT('',#1857);
#552=VERTEX_POINT('',#1868);
#553=VERTEX_POINT('',#1884);
#554=VERTEX_POINT('',#1886);
#555=VERTEX_POINT('',#1888);
#556=VERTEX_POINT('',#1893);
#557=VERTEX_POINT('',#1895);
#558=VERTEX_POINT('',#1897);
#559=VERTEX_POINT('',#1899);
#560=VERTEX_POINT('',#1912);
#561=VERTEX_POINT('',#1914);
#562=VERTEX_POINT('',#1925);
#563=VERTEX_POINT('',#1927);
#564=VERTEX_POINT('',#1929);
#565=VERTEX_POINT('',#1931);
#566=VERTEX_POINT('',#1944);
#567=VERTEX_POINT('',#1946);
#568=VERTEX_POINT('',#1957);
#569=VERTEX_POINT('',#1959);
#570=VERTEX_POINT('',#1961);
#571=VERTEX_POINT('',#1963);
#572=VERTEX_POINT('',#1976);
#573=VERTEX_POINT('',#1978);
#574=VERTEX_POINT('',#1989);
#575=VERTEX_POINT('',#1991);
#576=VERTEX_POINT('',#1997);
#577=VERTEX_POINT('',#2027);
#578=VERTEX_POINT('',#2028);
#579=VERTEX_POINT('',#2031);
#580=VERTEX_POINT('',#2035);
#581=VERTEX_POINT('',#2043);
#582=VERTEX_POINT('',#2064);
#583=VERTEX_POINT('',#2088);
#584=VERTEX_POINT('',#2089);
#585=VERTEX_POINT('',#2123);
#586=VERTEX_POINT('',#2124);
#587=VERTEX_POINT('',#2164);
#588=VERTEX_POINT('',#2165);
#589=VERTEX_POINT('',#2200);
#590=VERTEX_POINT('',#2201);
#591=VERTEX_POINT('',#2241);
#592=VERTEX_POINT('',#2242);
#593=VERTEX_POINT('',#2276);
#594=VERTEX_POINT('',#2277);
#595=VERTEX_POINT('',#2309);
#596=VERTEX_POINT('',#2310);
#597=VERTEX_POINT('',#2345);
#598=VERTEX_POINT('',#2347);
#599=VERTEX_POINT('',#2349);
#600=VERTEX_POINT('',#2351);
#601=VERTEX_POINT('',#2355);
#602=VERTEX_POINT('',#2357);
#603=VERTEX_POINT('',#2361);
#604=VERTEX_POINT('',#2363);
#605=VERTEX_POINT('',#2365);
#606=VERTEX_POINT('',#2369);
#607=VERTEX_POINT('',#2371);
#608=VERTEX_POINT('',#2373);
#609=VERTEX_POINT('',#2381);
#610=VERTEX_POINT('',#2383);
#611=VERTEX_POINT('',#2385);
#612=VERTEX_POINT('',#2387);
#613=VERTEX_POINT('',#2410);
#614=VERTEX_POINT('',#2415);
#615=VERTEX_POINT('',#2446);
#616=VERTEX_POINT('',#2447);
#617=VERTEX_POINT('',#2489);
#618=VERTEX_POINT('',#2490);
#619=VERTEX_POINT('',#2529);
#620=VERTEX_POINT('',#2530);
#621=VERTEX_POINT('',#2571);
#622=VERTEX_POINT('',#2576);
#623=VERTEX_POINT('',#2582);
#624=VERTEX_POINT('',#2589);
#625=VERTEX_POINT('',#2599);
#626=VERTEX_POINT('',#2604);
#627=VERTEX_POINT('',#2610);
#628=VERTEX_POINT('',#2616);
#629=VERTEX_POINT('',#2618);
#630=VERTEX_POINT('',#2621);
#631=VERTEX_POINT('',#2627);
#632=VERTEX_POINT('',#2657);
#633=VERTEX_POINT('',#2688);
#634=VERTEX_POINT('',#2725);
#635=VERTEX_POINT('',#2758);
#636=VERTEX_POINT('',#2818);
#637=VERTEX_POINT('',#2827);
#638=VERTEX_POINT('',#2884);
#639=VERTEX_POINT('',#2886);
#640=VERTEX_POINT('',#3079);
#641=VERTEX_POINT('',#3081);
#642=VERTEX_POINT('',#3340);
#643=VERTEX_POINT('',#3342);
#644=VERTEX_POINT('',#3485);
#645=VERTEX_POINT('',#3487);
#646=VERTEX_POINT('',#3716);
#647=VERTEX_POINT('',#3718);
#648=VERTEX_POINT('',#3898);
#649=VERTEX_POINT('',#3900);
#650=VERTEX_POINT('',#4037);
#651=VERTEX_POINT('',#4039);
#652=VERTEX_POINT('',#4262);
#653=VERTEX_POINT('',#4264);
#654=VERTEX_POINT('',#4545);
#655=VERTEX_POINT('',#4578);
#656=VERTEX_POINT('',#4610);
#657=VERTEX_POINT('',#4614);
#658=VERTEX_POINT('',#4618);
#659=VERTEX_POINT('',#4622);
#660=VERTEX_POINT('',#4633);
#661=EDGE_CURVE('',#538,#538,#464,.T.);
#662=EDGE_CURVE('',#538,#539,#465,.T.);
#663=EDGE_CURVE('',#539,#539,#466,.T.);
#664=EDGE_CURVE('',#538,#540,#184,.T.);
#665=EDGE_CURVE('',#540,#540,#467,.T.);
#666=EDGE_CURVE('',#541,#541,#468,.F.);
#667=EDGE_CURVE('',#542,#543,#469,.T.);
#668=EDGE_CURVE('',#543,#542,#470,.T.);
#669=EDGE_CURVE('',#542,#544,#471,.T.);
#670=EDGE_CURVE('',#544,#545,#472,.T.);
#671=EDGE_CURVE('',#545,#544,#473,.T.);
#672=EDGE_CURVE('',#546,#546,#474,.T.);
#673=EDGE_CURVE('',#546,#545,#185,.T.);
#674=EDGE_CURVE('',#540,#547,#475,.T.);
#675=EDGE_CURVE('',#547,#547,#476,.T.);
#676=EDGE_CURVE('',#548,#548,#477,.T.);
#677=EDGE_CURVE('',#549,#550,#28,.F.);
#678=EDGE_CURVE('',#550,#551,#29,.T.);
#679=EDGE_CURVE('',#551,#552,#30,.F.);
#680=EDGE_CURVE('',#552,#549,#31,.T.);
#681=EDGE_CURVE('',#553,#550,#186,.T.);
#682=EDGE_CURVE('',#554,#553,#26,.T.);
#683=EDGE_CURVE('',#555,#554,#27,.T.);
#684=EDGE_CURVE('',#551,#555,#187,.T.);
#685=EDGE_CURVE('',#548,#554,#188,.T.);
#686=EDGE_CURVE('',#553,#556,#189,.T.);
#687=EDGE_CURVE('',#557,#556,#478,.T.);
#688=EDGE_CURVE('',#558,#557,#190,.T.);
#689=EDGE_CURVE('',#559,#558,#32,.T.);
#690=EDGE_CURVE('',#560,#559,#479,.T.);
#691=EDGE_CURVE('',#561,#560,#33,.T.);
#692=EDGE_CURVE('',#562,#561,#191,.T.);
#693=EDGE_CURVE('',#563,#562,#480,.T.);
#694=EDGE_CURVE('',#564,#563,#192,.T.);
#695=EDGE_CURVE('',#565,#564,#34,.T.);
#696=EDGE_CURVE('',#566,#565,#481,.T.);
#697=EDGE_CURVE('',#567,#566,#35,.T.);
#698=EDGE_CURVE('',#568,#567,#193,.T.);
#699=EDGE_CURVE('',#569,#568,#482,.T.);
#700=EDGE_CURVE('',#570,#569,#194,.T.);
#701=EDGE_CURVE('',#571,#570,#36,.T.);
#702=EDGE_CURVE('',#572,#571,#483,.T.);
#703=EDGE_CURVE('',#573,#572,#37,.T.);
#704=EDGE_CURVE('',#574,#573,#195,.T.);
#705=EDGE_CURVE('',#575,#574,#484,.T.);
#706=EDGE_CURVE('',#575,#555,#196,.T.);
#707=EDGE_CURVE('',#552,#549,#485,.T.);
#708=EDGE_CURVE('',#543,#576,#486,.T.);
#709=EDGE_CURVE('',#576,#576,#487,.T.);
#710=EDGE_CURVE('',#577,#578,#488,.T.);
#711=EDGE_CURVE('',#578,#577,#489,.T.);
#712=EDGE_CURVE('',#577,#579,#15,.T.);
#713=EDGE_CURVE('',#579,#580,#38,.T.);
#714=EDGE_CURVE('',#580,#581,#39,.T.);
#715=EDGE_CURVE('',#581,#576,#16,.T.);
#716=EDGE_CURVE('',#581,#582,#40,.T.);
#717=EDGE_CURVE('',#582,#579,#41,.T.);
#718=EDGE_CURVE('',#583,#584,#42,.T.);
#719=EDGE_CURVE('',#584,#583,#43,.T.);
#720=EDGE_CURVE('',#585,#586,#44,.T.);
#721=EDGE_CURVE('',#586,#585,#45,.T.);
#722=EDGE_CURVE('',#587,#588,#46,.T.);
#723=EDGE_CURVE('',#588,#587,#47,.T.);
#724=EDGE_CURVE('',#589,#590,#48,.T.);
#725=EDGE_CURVE('',#590,#589,#49,.T.);
#726=EDGE_CURVE('',#591,#592,#50,.T.);
#727=EDGE_CURVE('',#592,#591,#51,.T.);
#728=EDGE_CURVE('',#593,#594,#52,.T.);
#729=EDGE_CURVE('',#594,#593,#53,.T.);
#730=EDGE_CURVE('',#595,#596,#54,.T.);
#731=EDGE_CURVE('',#596,#595,#55,.T.);
#732=EDGE_CURVE('',#597,#575,#197,.T.);
#733=EDGE_CURVE('',#598,#597,#198,.T.);
#734=EDGE_CURVE('',#599,#598,#490,.T.);
#735=EDGE_CURVE('',#600,#599,#199,.T.);
#736=EDGE_CURVE('',#556,#600,#200,.T.);
#737=EDGE_CURVE('',#598,#601,#201,.T.);
#738=EDGE_CURVE('',#601,#602,#491,.T.);
#739=EDGE_CURVE('',#602,#599,#202,.T.);
#740=EDGE_CURVE('',#574,#603,#203,.T.);
#741=EDGE_CURVE('',#603,#604,#492,.T.);
#742=EDGE_CURVE('',#604,#605,#204,.T.);
#743=EDGE_CURVE('',#605,#597,#205,.T.);
#744=EDGE_CURVE('',#600,#606,#206,.T.);
#745=EDGE_CURVE('',#606,#607,#207,.T.);
#746=EDGE_CURVE('',#607,#608,#493,.T.);
#747=EDGE_CURVE('',#608,#557,#208,.T.);
#748=EDGE_CURVE('',#601,#605,#209,.T.);
#749=EDGE_CURVE('',#606,#602,#210,.T.);
#750=EDGE_CURVE('',#562,#609,#211,.T.);
#751=EDGE_CURVE('',#609,#610,#494,.T.);
#752=EDGE_CURVE('',#610,#611,#212,.T.);
#753=EDGE_CURVE('',#611,#612,#495,.T.);
#754=EDGE_CURVE('',#612,#563,#213,.T.);
#755=EDGE_CURVE('',#566,#613,#56,.T.);
#756=EDGE_CURVE('',#613,#614,#496,.T.);
#757=EDGE_CURVE('',#614,#567,#57,.T.);
#758=EDGE_CURVE('',#615,#616,#497,.T.);
#759=EDGE_CURVE('',#616,#614,#58,.T.);
#760=EDGE_CURVE('',#613,#615,#59,.T.);
#761=EDGE_CURVE('',#617,#618,#498,.T.);
#762=EDGE_CURVE('',#618,#616,#60,.T.);
#763=EDGE_CURVE('',#615,#617,#61,.T.);
#764=EDGE_CURVE('',#619,#620,#499,.T.);
#765=EDGE_CURVE('',#620,#618,#62,.T.);
#766=EDGE_CURVE('',#617,#619,#63,.T.);
#767=EDGE_CURVE('',#570,#620,#64,.T.);
#768=EDGE_CURVE('',#619,#571,#65,.T.);
#769=EDGE_CURVE('',#565,#621,#66,.T.);
#770=EDGE_CURVE('',#621,#622,#67,.T.);
#771=EDGE_CURVE('',#622,#623,#68,.T.);
#772=EDGE_CURVE('',#623,#624,#69,.T.);
#773=EDGE_CURVE('',#624,#560,#70,.T.);
#774=EDGE_CURVE('',#625,#559,#71,.T.);
#775=EDGE_CURVE('',#626,#625,#72,.T.);
#776=EDGE_CURVE('',#627,#626,#73,.T.);
#777=EDGE_CURVE('',#627,#628,#214,.T.);
#778=EDGE_CURVE('',#628,#629,#500,.T.);
#779=EDGE_CURVE('',#629,#628,#501,.T.);
#780=EDGE_CURVE('',#630,#627,#74,.T.);
#781=EDGE_CURVE('',#631,#630,#75,.T.);
#782=EDGE_CURVE('',#572,#631,#76,.T.);
#783=EDGE_CURVE('',#631,#632,#502,.T.);
#784=EDGE_CURVE('',#632,#573,#77,.T.);
#785=EDGE_CURVE('',#630,#633,#503,.T.);
#786=EDGE_CURVE('',#633,#632,#78,.T.);
#787=EDGE_CURVE('',#626,#634,#504,.T.);
#788=EDGE_CURVE('',#634,#633,#79,.T.);
#789=EDGE_CURVE('',#625,#635,#505,.T.);
#790=EDGE_CURVE('',#635,#634,#80,.T.);
#791=EDGE_CURVE('',#558,#635,#81,.T.);
#792=EDGE_CURVE('',#603,#632,#215,.T.);
#793=EDGE_CURVE('',#604,#633,#216,.T.);
#794=EDGE_CURVE('',#607,#634,#217,.T.);
#795=EDGE_CURVE('',#608,#635,#218,.T.);
#796=EDGE_CURVE('',#636,#624,#506,.T.);
#797=EDGE_CURVE('',#561,#636,#82,.T.);
#798=EDGE_CURVE('',#609,#636,#219,.T.);
#799=EDGE_CURVE('',#636,#637,#83,.T.);
#800=EDGE_CURVE('',#610,#637,#220,.T.);
#801=EDGE_CURVE('',#638,#583,#507,.T.);
#802=EDGE_CURVE('',#639,#638,#84,.T.);
#803=EDGE_CURVE('',#584,#639,#508,.T.);
#804=EDGE_CURVE('',#638,#639,#85,.T.);
#805=EDGE_CURVE('',#638,#639,#509,.T.);
#806=EDGE_CURVE('',#640,#595,#510,.T.);
#807=EDGE_CURVE('',#641,#640,#86,.T.);
#808=EDGE_CURVE('',#596,#641,#511,.T.);
#809=EDGE_CURVE('',#640,#641,#87,.T.);
#810=EDGE_CURVE('',#640,#641,#512,.T.);
#811=EDGE_CURVE('',#642,#585,#513,.T.);
#812=EDGE_CURVE('',#643,#642,#88,.T.);
#813=EDGE_CURVE('',#586,#643,#514,.T.);
#814=EDGE_CURVE('',#642,#643,#89,.T.);
#815=EDGE_CURVE('',#643,#642,#515,.T.);
#816=EDGE_CURVE('',#644,#593,#516,.T.);
#817=EDGE_CURVE('',#645,#644,#90,.T.);
#818=EDGE_CURVE('',#594,#645,#517,.T.);
#819=EDGE_CURVE('',#644,#645,#91,.T.);
#820=EDGE_CURVE('',#644,#645,#518,.T.);
#821=EDGE_CURVE('',#646,#587,#519,.T.);
#822=EDGE_CURVE('',#647,#646,#92,.T.);
#823=EDGE_CURVE('',#588,#647,#520,.T.);
#824=EDGE_CURVE('',#646,#647,#93,.T.);
#825=EDGE_CURVE('',#647,#646,#521,.T.);
#826=EDGE_CURVE('',#648,#591,#522,.T.);
#827=EDGE_CURVE('',#649,#648,#94,.T.);
#828=EDGE_CURVE('',#592,#649,#523,.T.);
#829=EDGE_CURVE('',#648,#649,#95,.T.);
#830=EDGE_CURVE('',#649,#648,#524,.T.);
#831=EDGE_CURVE('',#650,#582,#525,.T.);
#832=EDGE_CURVE('',#651,#650,#96,.T.);
#833=EDGE_CURVE('',#580,#651,#526,.T.);
#834=EDGE_CURVE('',#650,#651,#97,.T.);
#835=EDGE_CURVE('',#650,#651,#527,.T.);
#836=EDGE_CURVE('',#652,#589,#528,.T.);
#837=EDGE_CURVE('',#653,#652,#98,.T.);
#838=EDGE_CURVE('',#590,#653,#529,.T.);
#839=EDGE_CURVE('',#652,#653,#99,.T.);
#840=EDGE_CURVE('',#652,#653,#530,.T.);
#841=EDGE_CURVE('',#629,#578,#531,.T.);
#842=EDGE_CURVE('',#637,#623,#532,.T.);
#843=EDGE_CURVE('',#654,#622,#533,.T.);
#844=EDGE_CURVE('',#637,#654,#100,.T.);
#845=EDGE_CURVE('',#655,#621,#534,.T.);
#846=EDGE_CURVE('',#654,#655,#101,.T.);
#847=EDGE_CURVE('',#655,#564,#102,.T.);
#848=EDGE_CURVE('',#656,#569,#221,.T.);
#849=EDGE_CURVE('',#656,#620,#222,.T.);
#850=EDGE_CURVE('',#657,#614,#223,.T.);
#851=EDGE_CURVE('',#568,#657,#224,.T.);
#852=EDGE_CURVE('',#658,#616,#225,.T.);
#853=EDGE_CURVE('',#657,#658,#535,.T.);
#854=EDGE_CURVE('',#659,#618,#226,.T.);
#855=EDGE_CURVE('',#658,#659,#227,.T.);
#856=EDGE_CURVE('',#659,#656,#536,.T.);
#857=EDGE_CURVE('',#612,#655,#228,.T.);
#858=EDGE_CURVE('',#611,#654,#229,.T.);
#859=EDGE_CURVE('',#660,#660,#537,.T.);
#860=EDGE_CURVE('',#660,#541,#230,.T.);
#861=ORIENTED_EDGE('',*,*,#661,.T.);
#862=ORIENTED_EDGE('',*,*,#662,.T.);
#863=ORIENTED_EDGE('',*,*,#663,.T.);
#864=ORIENTED_EDGE('',*,*,#662,.F.);
#865=ORIENTED_EDGE('',*,*,#661,.F.);
#866=ORIENTED_EDGE('',*,*,#664,.T.);
#867=ORIENTED_EDGE('',*,*,#665,.F.);
#868=ORIENTED_EDGE('',*,*,#664,.F.);
#869=ORIENTED_EDGE('',*,*,#663,.F.);
#870=ORIENTED_EDGE('',*,*,#666,.T.);
#871=ORIENTED_EDGE('',*,*,#667,.T.);
#872=ORIENTED_EDGE('',*,*,#668,.T.);
#873=ORIENTED_EDGE('',*,*,#669,.T.);
#874=ORIENTED_EDGE('',*,*,#670,.T.);
#875=ORIENTED_EDGE('',*,*,#671,.T.);
#876=ORIENTED_EDGE('',*,*,#669,.F.);
#877=ORIENTED_EDGE('',*,*,#672,.T.);
#878=ORIENTED_EDGE('',*,*,#673,.T.);
#879=ORIENTED_EDGE('',*,*,#670,.F.);
#880=ORIENTED_EDGE('',*,*,#671,.F.);
#881=ORIENTED_EDGE('',*,*,#673,.F.);
#882=ORIENTED_EDGE('',*,*,#665,.T.);
#883=ORIENTED_EDGE('',*,*,#674,.T.);
#884=ORIENTED_EDGE('',*,*,#675,.T.);
#885=ORIENTED_EDGE('',*,*,#674,.F.);
#886=ORIENTED_EDGE('',*,*,#676,.T.);
#887=ORIENTED_EDGE('',*,*,#675,.F.);
#888=ORIENTED_EDGE('',*,*,#677,.T.);
#889=ORIENTED_EDGE('',*,*,#678,.T.);
#890=ORIENTED_EDGE('',*,*,#679,.T.);
#891=ORIENTED_EDGE('',*,*,#680,.T.);
#892=ORIENTED_EDGE('',*,*,#678,.F.);
#893=ORIENTED_EDGE('',*,*,#681,.F.);
#894=ORIENTED_EDGE('',*,*,#682,.F.);
#895=ORIENTED_EDGE('',*,*,#683,.F.);
#896=ORIENTED_EDGE('',*,*,#684,.F.);
#897=ORIENTED_EDGE('',*,*,#676,.F.);
#898=ORIENTED_EDGE('',*,*,#685,.T.);
#899=ORIENTED_EDGE('',*,*,#682,.T.);
#900=ORIENTED_EDGE('',*,*,#686,.T.);
#901=ORIENTED_EDGE('',*,*,#687,.F.);
#902=ORIENTED_EDGE('',*,*,#688,.F.);
#903=ORIENTED_EDGE('',*,*,#689,.F.);
#904=ORIENTED_EDGE('',*,*,#690,.F.);
#905=ORIENTED_EDGE('',*,*,#691,.F.);
#906=ORIENTED_EDGE('',*,*,#692,.F.);
#907=ORIENTED_EDGE('',*,*,#693,.F.);
#908=ORIENTED_EDGE('',*,*,#694,.F.);
#909=ORIENTED_EDGE('',*,*,#695,.F.);
#910=ORIENTED_EDGE('',*,*,#696,.F.);
#911=ORIENTED_EDGE('',*,*,#697,.F.);
#912=ORIENTED_EDGE('',*,*,#698,.F.);
#913=ORIENTED_EDGE('',*,*,#699,.F.);
#914=ORIENTED_EDGE('',*,*,#700,.F.);
#915=ORIENTED_EDGE('',*,*,#701,.F.);
#916=ORIENTED_EDGE('',*,*,#702,.F.);
#917=ORIENTED_EDGE('',*,*,#703,.F.);
#918=ORIENTED_EDGE('',*,*,#704,.F.);
#919=ORIENTED_EDGE('',*,*,#705,.F.);
#920=ORIENTED_EDGE('',*,*,#706,.T.);
#921=ORIENTED_EDGE('',*,*,#683,.T.);
#922=ORIENTED_EDGE('',*,*,#685,.F.);
#923=ORIENTED_EDGE('',*,*,#680,.F.);
#924=ORIENTED_EDGE('',*,*,#707,.T.);
#925=ORIENTED_EDGE('',*,*,#667,.F.);
#926=ORIENTED_EDGE('',*,*,#668,.F.);
#927=ORIENTED_EDGE('',*,*,#708,.T.);
#928=ORIENTED_EDGE('',*,*,#709,.T.);
#929=ORIENTED_EDGE('',*,*,#708,.F.);
#930=ORIENTED_EDGE('',*,*,#710,.T.);
#931=ORIENTED_EDGE('',*,*,#711,.T.);
#932=ORIENTED_EDGE('',*,*,#712,.T.);
#933=ORIENTED_EDGE('',*,*,#713,.T.);
#934=ORIENTED_EDGE('',*,*,#714,.T.);
#935=ORIENTED_EDGE('',*,*,#715,.T.);
#936=ORIENTED_EDGE('',*,*,#709,.F.);
#937=ORIENTED_EDGE('',*,*,#715,.F.);
#938=ORIENTED_EDGE('',*,*,#716,.T.);
#939=ORIENTED_EDGE('',*,*,#717,.T.);
#940=ORIENTED_EDGE('',*,*,#712,.F.);
#941=ORIENTED_EDGE('',*,*,#718,.T.);
#942=ORIENTED_EDGE('',*,*,#719,.T.);
#943=ORIENTED_EDGE('',*,*,#720,.T.);
#944=ORIENTED_EDGE('',*,*,#721,.T.);
#945=ORIENTED_EDGE('',*,*,#722,.T.);
#946=ORIENTED_EDGE('',*,*,#723,.T.);
#947=ORIENTED_EDGE('',*,*,#724,.T.);
#948=ORIENTED_EDGE('',*,*,#725,.T.);
#949=ORIENTED_EDGE('',*,*,#726,.T.);
#950=ORIENTED_EDGE('',*,*,#727,.T.);
#951=ORIENTED_EDGE('',*,*,#728,.T.);
#952=ORIENTED_EDGE('',*,*,#729,.T.);
#953=ORIENTED_EDGE('',*,*,#730,.T.);
#954=ORIENTED_EDGE('',*,*,#731,.T.);
#955=ORIENTED_EDGE('',*,*,#684,.T.);
#956=ORIENTED_EDGE('',*,*,#706,.F.);
#957=ORIENTED_EDGE('',*,*,#732,.F.);
#958=ORIENTED_EDGE('',*,*,#733,.F.);
#959=ORIENTED_EDGE('',*,*,#734,.F.);
#960=ORIENTED_EDGE('',*,*,#735,.F.);
#961=ORIENTED_EDGE('',*,*,#736,.F.);
#962=ORIENTED_EDGE('',*,*,#686,.F.);
#963=ORIENTED_EDGE('',*,*,#681,.T.);
#964=ORIENTED_EDGE('',*,*,#677,.F.);
#965=ORIENTED_EDGE('',*,*,#707,.F.);
#966=ORIENTED_EDGE('',*,*,#679,.F.);
#967=ORIENTED_EDGE('',*,*,#734,.T.);
#968=ORIENTED_EDGE('',*,*,#737,.T.);
#969=ORIENTED_EDGE('',*,*,#738,.T.);
#970=ORIENTED_EDGE('',*,*,#739,.T.);
#971=ORIENTED_EDGE('',*,*,#732,.T.);
#972=ORIENTED_EDGE('',*,*,#705,.T.);
#973=ORIENTED_EDGE('',*,*,#740,.T.);
#974=ORIENTED_EDGE('',*,*,#741,.T.);
#975=ORIENTED_EDGE('',*,*,#742,.T.);
#976=ORIENTED_EDGE('',*,*,#743,.T.);
#977=ORIENTED_EDGE('',*,*,#736,.T.);
#978=ORIENTED_EDGE('',*,*,#744,.T.);
#979=ORIENTED_EDGE('',*,*,#745,.T.);
#980=ORIENTED_EDGE('',*,*,#746,.T.);
#981=ORIENTED_EDGE('',*,*,#747,.T.);
#982=ORIENTED_EDGE('',*,*,#687,.T.);
#983=ORIENTED_EDGE('',*,*,#733,.T.);
#984=ORIENTED_EDGE('',*,*,#743,.F.);
#985=ORIENTED_EDGE('',*,*,#748,.F.);
#986=ORIENTED_EDGE('',*,*,#737,.F.);
#987=ORIENTED_EDGE('',*,*,#735,.T.);
#988=ORIENTED_EDGE('',*,*,#739,.F.);
#989=ORIENTED_EDGE('',*,*,#749,.F.);
#990=ORIENTED_EDGE('',*,*,#744,.F.);
#991=ORIENTED_EDGE('',*,*,#693,.T.);
#992=ORIENTED_EDGE('',*,*,#750,.T.);
#993=ORIENTED_EDGE('',*,*,#751,.T.);
#994=ORIENTED_EDGE('',*,*,#752,.T.);
#995=ORIENTED_EDGE('',*,*,#753,.T.);
#996=ORIENTED_EDGE('',*,*,#754,.T.);
#997=ORIENTED_EDGE('',*,*,#697,.T.);
#998=ORIENTED_EDGE('',*,*,#755,.T.);
#999=ORIENTED_EDGE('',*,*,#756,.T.);
#1000=ORIENTED_EDGE('',*,*,#757,.T.);
#1001=ORIENTED_EDGE('',*,*,#758,.T.);
#1002=ORIENTED_EDGE('',*,*,#759,.T.);
#1003=ORIENTED_EDGE('',*,*,#756,.F.);
#1004=ORIENTED_EDGE('',*,*,#760,.T.);
#1005=ORIENTED_EDGE('',*,*,#761,.T.);
#1006=ORIENTED_EDGE('',*,*,#762,.T.);
#1007=ORIENTED_EDGE('',*,*,#758,.F.);
#1008=ORIENTED_EDGE('',*,*,#763,.T.);
#1009=ORIENTED_EDGE('',*,*,#764,.T.);
#1010=ORIENTED_EDGE('',*,*,#765,.T.);
#1011=ORIENTED_EDGE('',*,*,#761,.F.);
#1012=ORIENTED_EDGE('',*,*,#766,.T.);
#1013=ORIENTED_EDGE('',*,*,#701,.T.);
#1014=ORIENTED_EDGE('',*,*,#767,.T.);
#1015=ORIENTED_EDGE('',*,*,#764,.F.);
#1016=ORIENTED_EDGE('',*,*,#768,.T.);
#1017=ORIENTED_EDGE('',*,*,#702,.T.);
#1018=ORIENTED_EDGE('',*,*,#768,.F.);
#1019=ORIENTED_EDGE('',*,*,#766,.F.);
#1020=ORIENTED_EDGE('',*,*,#763,.F.);
#1021=ORIENTED_EDGE('',*,*,#760,.F.);
#1022=ORIENTED_EDGE('',*,*,#755,.F.);
#1023=ORIENTED_EDGE('',*,*,#696,.T.);
#1024=ORIENTED_EDGE('',*,*,#769,.T.);
#1025=ORIENTED_EDGE('',*,*,#770,.T.);
#1026=ORIENTED_EDGE('',*,*,#771,.T.);
#1027=ORIENTED_EDGE('',*,*,#772,.T.);
#1028=ORIENTED_EDGE('',*,*,#773,.T.);
#1029=ORIENTED_EDGE('',*,*,#690,.T.);
#1030=ORIENTED_EDGE('',*,*,#774,.F.);
#1031=ORIENTED_EDGE('',*,*,#775,.F.);
#1032=ORIENTED_EDGE('',*,*,#776,.F.);
#1033=ORIENTED_EDGE('',*,*,#777,.T.);
#1034=ORIENTED_EDGE('',*,*,#778,.T.);
#1035=ORIENTED_EDGE('',*,*,#779,.T.);
#1036=ORIENTED_EDGE('',*,*,#777,.F.);
#1037=ORIENTED_EDGE('',*,*,#780,.F.);
#1038=ORIENTED_EDGE('',*,*,#781,.F.);
#1039=ORIENTED_EDGE('',*,*,#782,.F.);
#1040=ORIENTED_EDGE('',*,*,#703,.T.);
#1041=ORIENTED_EDGE('',*,*,#782,.T.);
#1042=ORIENTED_EDGE('',*,*,#783,.T.);
#1043=ORIENTED_EDGE('',*,*,#784,.T.);
#1044=ORIENTED_EDGE('',*,*,#785,.T.);
#1045=ORIENTED_EDGE('',*,*,#786,.T.);
#1046=ORIENTED_EDGE('',*,*,#783,.F.);
#1047=ORIENTED_EDGE('',*,*,#781,.T.);
#1048=ORIENTED_EDGE('',*,*,#787,.T.);
#1049=ORIENTED_EDGE('',*,*,#788,.T.);
#1050=ORIENTED_EDGE('',*,*,#785,.F.);
#1051=ORIENTED_EDGE('',*,*,#780,.T.);
#1052=ORIENTED_EDGE('',*,*,#776,.T.);
#1053=ORIENTED_EDGE('',*,*,#789,.T.);
#1054=ORIENTED_EDGE('',*,*,#790,.T.);
#1055=ORIENTED_EDGE('',*,*,#787,.F.);
#1056=ORIENTED_EDGE('',*,*,#775,.T.);
#1057=ORIENTED_EDGE('',*,*,#689,.T.);
#1058=ORIENTED_EDGE('',*,*,#791,.T.);
#1059=ORIENTED_EDGE('',*,*,#789,.F.);
#1060=ORIENTED_EDGE('',*,*,#774,.T.);
#1061=ORIENTED_EDGE('',*,*,#704,.T.);
#1062=ORIENTED_EDGE('',*,*,#784,.F.);
#1063=ORIENTED_EDGE('',*,*,#792,.F.);
#1064=ORIENTED_EDGE('',*,*,#740,.F.);
#1065=ORIENTED_EDGE('',*,*,#786,.F.);
#1066=ORIENTED_EDGE('',*,*,#793,.F.);
#1067=ORIENTED_EDGE('',*,*,#741,.F.);
#1068=ORIENTED_EDGE('',*,*,#792,.T.);
#1069=ORIENTED_EDGE('',*,*,#748,.T.);
#1070=ORIENTED_EDGE('',*,*,#742,.F.);
#1071=ORIENTED_EDGE('',*,*,#793,.T.);
#1072=ORIENTED_EDGE('',*,*,#788,.F.);
#1073=ORIENTED_EDGE('',*,*,#794,.F.);
#1074=ORIENTED_EDGE('',*,*,#745,.F.);
#1075=ORIENTED_EDGE('',*,*,#749,.T.);
#1076=ORIENTED_EDGE('',*,*,#738,.F.);
#1077=ORIENTED_EDGE('',*,*,#790,.F.);
#1078=ORIENTED_EDGE('',*,*,#795,.F.);
#1079=ORIENTED_EDGE('',*,*,#746,.F.);
#1080=ORIENTED_EDGE('',*,*,#794,.T.);
#1081=ORIENTED_EDGE('',*,*,#688,.T.);
#1082=ORIENTED_EDGE('',*,*,#747,.F.);
#1083=ORIENTED_EDGE('',*,*,#795,.T.);
#1084=ORIENTED_EDGE('',*,*,#791,.F.);
#1085=ORIENTED_EDGE('',*,*,#691,.T.);
#1086=ORIENTED_EDGE('',*,*,#773,.F.);
#1087=ORIENTED_EDGE('',*,*,#796,.F.);
#1088=ORIENTED_EDGE('',*,*,#797,.F.);
#1089=ORIENTED_EDGE('',*,*,#692,.T.);
#1090=ORIENTED_EDGE('',*,*,#797,.T.);
#1091=ORIENTED_EDGE('',*,*,#798,.F.);
#1092=ORIENTED_EDGE('',*,*,#750,.F.);
#1093=ORIENTED_EDGE('',*,*,#751,.F.);
#1094=ORIENTED_EDGE('',*,*,#798,.T.);
#1095=ORIENTED_EDGE('',*,*,#799,.T.);
#1096=ORIENTED_EDGE('',*,*,#800,.F.);
#1097=ORIENTED_EDGE('',*,*,#801,.F.);
#1098=ORIENTED_EDGE('',*,*,#802,.F.);
#1099=ORIENTED_EDGE('',*,*,#803,.F.);
#1100=ORIENTED_EDGE('',*,*,#718,.F.);
#1101=ORIENTED_EDGE('',*,*,#803,.T.);
#1102=ORIENTED_EDGE('',*,*,#804,.F.);
#1103=ORIENTED_EDGE('',*,*,#801,.T.);
#1104=ORIENTED_EDGE('',*,*,#719,.F.);
#1105=ORIENTED_EDGE('',*,*,#802,.T.);
#1106=ORIENTED_EDGE('',*,*,#805,.T.);
#1107=ORIENTED_EDGE('',*,*,#806,.F.);
#1108=ORIENTED_EDGE('',*,*,#807,.F.);
#1109=ORIENTED_EDGE('',*,*,#808,.F.);
#1110=ORIENTED_EDGE('',*,*,#730,.F.);
#1111=ORIENTED_EDGE('',*,*,#808,.T.);
#1112=ORIENTED_EDGE('',*,*,#809,.F.);
#1113=ORIENTED_EDGE('',*,*,#806,.T.);
#1114=ORIENTED_EDGE('',*,*,#731,.F.);
#1115=ORIENTED_EDGE('',*,*,#807,.T.);
#1116=ORIENTED_EDGE('',*,*,#810,.T.);
#1117=ORIENTED_EDGE('',*,*,#811,.F.);
#1118=ORIENTED_EDGE('',*,*,#812,.F.);
#1119=ORIENTED_EDGE('',*,*,#813,.F.);
#1120=ORIENTED_EDGE('',*,*,#720,.F.);
#1121=ORIENTED_EDGE('',*,*,#813,.T.);
#1122=ORIENTED_EDGE('',*,*,#814,.F.);
#1123=ORIENTED_EDGE('',*,*,#811,.T.);
#1124=ORIENTED_EDGE('',*,*,#721,.F.);
#1125=ORIENTED_EDGE('',*,*,#812,.T.);
#1126=ORIENTED_EDGE('',*,*,#815,.F.);
#1127=ORIENTED_EDGE('',*,*,#816,.F.);
#1128=ORIENTED_EDGE('',*,*,#817,.F.);
#1129=ORIENTED_EDGE('',*,*,#818,.F.);
#1130=ORIENTED_EDGE('',*,*,#728,.F.);
#1131=ORIENTED_EDGE('',*,*,#818,.T.);
#1132=ORIENTED_EDGE('',*,*,#819,.F.);
#1133=ORIENTED_EDGE('',*,*,#816,.T.);
#1134=ORIENTED_EDGE('',*,*,#729,.F.);
#1135=ORIENTED_EDGE('',*,*,#817,.T.);
#1136=ORIENTED_EDGE('',*,*,#820,.T.);
#1137=ORIENTED_EDGE('',*,*,#821,.F.);
#1138=ORIENTED_EDGE('',*,*,#822,.F.);
#1139=ORIENTED_EDGE('',*,*,#823,.F.);
#1140=ORIENTED_EDGE('',*,*,#722,.F.);
#1141=ORIENTED_EDGE('',*,*,#823,.T.);
#1142=ORIENTED_EDGE('',*,*,#824,.F.);
#1143=ORIENTED_EDGE('',*,*,#821,.T.);
#1144=ORIENTED_EDGE('',*,*,#723,.F.);
#1145=ORIENTED_EDGE('',*,*,#822,.T.);
#1146=ORIENTED_EDGE('',*,*,#825,.F.);
#1147=ORIENTED_EDGE('',*,*,#826,.F.);
#1148=ORIENTED_EDGE('',*,*,#827,.F.);
#1149=ORIENTED_EDGE('',*,*,#828,.F.);
#1150=ORIENTED_EDGE('',*,*,#726,.F.);
#1151=ORIENTED_EDGE('',*,*,#828,.T.);
#1152=ORIENTED_EDGE('',*,*,#829,.F.);
#1153=ORIENTED_EDGE('',*,*,#826,.T.);
#1154=ORIENTED_EDGE('',*,*,#727,.F.);
#1155=ORIENTED_EDGE('',*,*,#827,.T.);
#1156=ORIENTED_EDGE('',*,*,#830,.F.);
#1157=ORIENTED_EDGE('',*,*,#831,.F.);
#1158=ORIENTED_EDGE('',*,*,#832,.F.);
#1159=ORIENTED_EDGE('',*,*,#833,.F.);
#1160=ORIENTED_EDGE('',*,*,#713,.F.);
#1161=ORIENTED_EDGE('',*,*,#717,.F.);
#1162=ORIENTED_EDGE('',*,*,#833,.T.);
#1163=ORIENTED_EDGE('',*,*,#834,.F.);
#1164=ORIENTED_EDGE('',*,*,#831,.T.);
#1165=ORIENTED_EDGE('',*,*,#716,.F.);
#1166=ORIENTED_EDGE('',*,*,#714,.F.);
#1167=ORIENTED_EDGE('',*,*,#832,.T.);
#1168=ORIENTED_EDGE('',*,*,#835,.T.);
#1169=ORIENTED_EDGE('',*,*,#836,.F.);
#1170=ORIENTED_EDGE('',*,*,#837,.F.);
#1171=ORIENTED_EDGE('',*,*,#838,.F.);
#1172=ORIENTED_EDGE('',*,*,#724,.F.);
#1173=ORIENTED_EDGE('',*,*,#838,.T.);
#1174=ORIENTED_EDGE('',*,*,#839,.F.);
#1175=ORIENTED_EDGE('',*,*,#836,.T.);
#1176=ORIENTED_EDGE('',*,*,#725,.F.);
#1177=ORIENTED_EDGE('',*,*,#837,.T.);
#1178=ORIENTED_EDGE('',*,*,#840,.T.);
#1179=ORIENTED_EDGE('',*,*,#778,.F.);
#1180=ORIENTED_EDGE('',*,*,#779,.F.);
#1181=ORIENTED_EDGE('',*,*,#841,.T.);
#1182=ORIENTED_EDGE('',*,*,#710,.F.);
#1183=ORIENTED_EDGE('',*,*,#711,.F.);
#1184=ORIENTED_EDGE('',*,*,#841,.F.);
#1185=ORIENTED_EDGE('',*,*,#804,.T.);
#1186=ORIENTED_EDGE('',*,*,#805,.F.);
#1187=ORIENTED_EDGE('',*,*,#809,.T.);
#1188=ORIENTED_EDGE('',*,*,#810,.F.);
#1189=ORIENTED_EDGE('',*,*,#814,.T.);
#1190=ORIENTED_EDGE('',*,*,#815,.T.);
#1191=ORIENTED_EDGE('',*,*,#819,.T.);
#1192=ORIENTED_EDGE('',*,*,#820,.F.);
#1193=ORIENTED_EDGE('',*,*,#824,.T.);
#1194=ORIENTED_EDGE('',*,*,#825,.T.);
#1195=ORIENTED_EDGE('',*,*,#829,.T.);
#1196=ORIENTED_EDGE('',*,*,#830,.T.);
#1197=ORIENTED_EDGE('',*,*,#834,.T.);
#1198=ORIENTED_EDGE('',*,*,#835,.F.);
#1199=ORIENTED_EDGE('',*,*,#839,.T.);
#1200=ORIENTED_EDGE('',*,*,#840,.F.);
#1201=ORIENTED_EDGE('',*,*,#842,.F.);
#1202=ORIENTED_EDGE('',*,*,#799,.F.);
#1203=ORIENTED_EDGE('',*,*,#796,.T.);
#1204=ORIENTED_EDGE('',*,*,#772,.F.);
#1205=ORIENTED_EDGE('',*,*,#843,.F.);
#1206=ORIENTED_EDGE('',*,*,#844,.F.);
#1207=ORIENTED_EDGE('',*,*,#842,.T.);
#1208=ORIENTED_EDGE('',*,*,#771,.F.);
#1209=ORIENTED_EDGE('',*,*,#845,.F.);
#1210=ORIENTED_EDGE('',*,*,#846,.F.);
#1211=ORIENTED_EDGE('',*,*,#843,.T.);
#1212=ORIENTED_EDGE('',*,*,#770,.F.);
#1213=ORIENTED_EDGE('',*,*,#695,.T.);
#1214=ORIENTED_EDGE('',*,*,#847,.F.);
#1215=ORIENTED_EDGE('',*,*,#845,.T.);
#1216=ORIENTED_EDGE('',*,*,#769,.F.);
#1217=ORIENTED_EDGE('',*,*,#700,.T.);
#1218=ORIENTED_EDGE('',*,*,#848,.F.);
#1219=ORIENTED_EDGE('',*,*,#849,.T.);
#1220=ORIENTED_EDGE('',*,*,#767,.F.);
#1221=ORIENTED_EDGE('',*,*,#698,.T.);
#1222=ORIENTED_EDGE('',*,*,#757,.F.);
#1223=ORIENTED_EDGE('',*,*,#850,.F.);
#1224=ORIENTED_EDGE('',*,*,#851,.F.);
#1225=ORIENTED_EDGE('',*,*,#759,.F.);
#1226=ORIENTED_EDGE('',*,*,#852,.F.);
#1227=ORIENTED_EDGE('',*,*,#853,.F.);
#1228=ORIENTED_EDGE('',*,*,#850,.T.);
#1229=ORIENTED_EDGE('',*,*,#762,.F.);
#1230=ORIENTED_EDGE('',*,*,#854,.F.);
#1231=ORIENTED_EDGE('',*,*,#855,.F.);
#1232=ORIENTED_EDGE('',*,*,#852,.T.);
#1233=ORIENTED_EDGE('',*,*,#765,.F.);
#1234=ORIENTED_EDGE('',*,*,#849,.F.);
#1235=ORIENTED_EDGE('',*,*,#856,.F.);
#1236=ORIENTED_EDGE('',*,*,#854,.T.);
#1237=ORIENTED_EDGE('',*,*,#694,.T.);
#1238=ORIENTED_EDGE('',*,*,#754,.F.);
#1239=ORIENTED_EDGE('',*,*,#857,.T.);
#1240=ORIENTED_EDGE('',*,*,#847,.T.);
#1241=ORIENTED_EDGE('',*,*,#752,.F.);
#1242=ORIENTED_EDGE('',*,*,#800,.T.);
#1243=ORIENTED_EDGE('',*,*,#844,.T.);
#1244=ORIENTED_EDGE('',*,*,#858,.F.);
#1245=ORIENTED_EDGE('',*,*,#753,.F.);
#1246=ORIENTED_EDGE('',*,*,#858,.T.);
#1247=ORIENTED_EDGE('',*,*,#846,.T.);
#1248=ORIENTED_EDGE('',*,*,#857,.F.);
#1249=ORIENTED_EDGE('',*,*,#859,.T.);
#1250=ORIENTED_EDGE('',*,*,#672,.F.);
#1251=ORIENTED_EDGE('',*,*,#859,.F.);
#1252=ORIENTED_EDGE('',*,*,#860,.T.);
#1253=ORIENTED_EDGE('',*,*,#666,.F.);
#1254=ORIENTED_EDGE('',*,*,#860,.F.);
#1255=ORIENTED_EDGE('',*,*,#848,.T.);
#1256=ORIENTED_EDGE('',*,*,#699,.T.);
#1257=ORIENTED_EDGE('',*,*,#851,.T.);
#1258=ORIENTED_EDGE('',*,*,#853,.T.);
#1259=ORIENTED_EDGE('',*,*,#855,.T.);
#1260=ORIENTED_EDGE('',*,*,#856,.T.);
#1261=TOROIDAL_SURFACE('',#1355,27.9991695474848,2.5);
#1262=TOROIDAL_SURFACE('',#1363,22.35,1.6);
#1263=TOROIDAL_SURFACE('',#1371,38.6023252670426,7.);
#1264=TOROIDAL_SURFACE('',#1389,22.2999167860784,1.5);
#1265=TOROIDAL_SURFACE('',#1453,31.1633491179293,2.);
#1266=ADVANCED_FACE('',(#280),#1261,.T.);
#1267=ADVANCED_FACE('',(#281),#278,.T.);
#1268=ADVANCED_FACE('',(#282,#154),#164,.T.);
#1269=ADVANCED_FACE('',(#283),#1262,.T.);
#1270=ADVANCED_FACE('',(#284),#135,.F.);
#1271=ADVANCED_FACE('',(#285),#1263,.F.);
#1272=ADVANCED_FACE('',(#286,#155),#165,.T.);
#1273=ADVANCED_FACE('',(#287),#103,.T.);
#1274=ADVANCED_FACE('',(#288),#166,.T.);
#1275=ADVANCED_FACE('',(#289),#136,.T.);
#1276=ADVANCED_FACE('',(#290),#137,.F.);
#1277=ADVANCED_FACE('',(#291),#1264,.F.);
#1278=ADVANCED_FACE('',(#292,#156,#157,#158,#159,#160,#161,#162),#17,.T.);
#1279=ADVANCED_FACE('',(#293),#167,.F.);
#1280=ADVANCED_FACE('',(#294),#138,.F.);
#1281=ADVANCED_FACE('',(#295),#168,.T.);
#1282=ADVANCED_FACE('',(#296),#169,.T.);
#1283=ADVANCED_FACE('',(#297),#170,.T.);
#1284=ADVANCED_FACE('',(#298),#171,.T.);
#1285=ADVANCED_FACE('',(#299),#172,.T.);
#1286=ADVANCED_FACE('',(#300),#104,.T.);
#1287=ADVANCED_FACE('',(#301),#105,.T.);
#1288=ADVANCED_FACE('',(#302),#106,.T.);
#1289=ADVANCED_FACE('',(#303),#107,.T.);
#1290=ADVANCED_FACE('',(#304),#108,.T.);
#1291=ADVANCED_FACE('',(#305),#279,.F.);
#1292=ADVANCED_FACE('',(#306),#109,.T.);
#1293=ADVANCED_FACE('',(#307),#110,.T.);
#1294=ADVANCED_FACE('',(#308),#111,.T.);
#1295=ADVANCED_FACE('',(#309),#112,.T.);
#1296=ADVANCED_FACE('',(#310),#113,.T.);
#1297=ADVANCED_FACE('',(#311),#173,.T.);
#1298=ADVANCED_FACE('',(#312),#139,.T.);
#1299=ADVANCED_FACE('',(#313),#174,.T.);
#1300=ADVANCED_FACE('',(#314),#140,.T.);
#1301=ADVANCED_FACE('',(#315),#175,.T.);
#1302=ADVANCED_FACE('',(#316),#114,.T.);
#1303=ADVANCED_FACE('',(#317),#176,.T.);
#1304=ADVANCED_FACE('',(#318),#141,.T.);
#1305=ADVANCED_FACE('',(#319),#115,.T.);
#1306=ADVANCED_FACE('',(#320),#116,.T.);
#1307=ADVANCED_FACE('',(#321),#18,.F.);
#1308=ADVANCED_FACE('',(#322),#117,.T.);
#1309=ADVANCED_FACE('',(#323),#118,.T.);
#1310=ADVANCED_FACE('',(#324),#19,.F.);
#1311=ADVANCED_FACE('',(#325),#119,.T.);
#1312=ADVANCED_FACE('',(#326),#120,.T.);
#1313=ADVANCED_FACE('',(#327),#142,.T.);
#1314=ADVANCED_FACE('',(#328),#121,.T.);
#1315=ADVANCED_FACE('',(#329),#122,.T.);
#1316=ADVANCED_FACE('',(#330),#20,.F.);
#1317=ADVANCED_FACE('',(#331),#123,.T.);
#1318=ADVANCED_FACE('',(#332),#124,.T.);
#1319=ADVANCED_FACE('',(#333),#143,.T.);
#1320=ADVANCED_FACE('',(#334),#125,.T.);
#1321=ADVANCED_FACE('',(#335),#126,.T.);
#1322=ADVANCED_FACE('',(#336),#144,.T.);
#1323=ADVANCED_FACE('',(#337),#127,.T.);
#1324=ADVANCED_FACE('',(#338),#128,.T.);
#1325=ADVANCED_FACE('',(#339),#21,.F.);
#1326=ADVANCED_FACE('',(#340),#129,.T.);
#1327=ADVANCED_FACE('',(#341),#130,.T.);
#1328=ADVANCED_FACE('',(#342),#22,.F.);
#1329=ADVANCED_FACE('',(#343),#1265,.T.);
#1330=ADVANCED_FACE('',(#344),#145,.T.);
#1331=ADVANCED_FACE('',(#345),#146,.T.);
#1332=ADVANCED_FACE('',(#346),#23,.F.);
#1333=ADVANCED_FACE('',(#347),#147,.T.);
#1334=ADVANCED_FACE('',(#348),#24,.F.);
#1335=ADVANCED_FACE('',(#349),#25,.F.);
#1336=ADVANCED_FACE('',(#350),#148,.T.);
#1337=ADVANCED_FACE('',(#351),#149,.T.);
#1338=ADVANCED_FACE('',(#352),#131,.T.);
#1339=ADVANCED_FACE('',(#353),#132,.T.);
#1340=ADVANCED_FACE('',(#354),#133,.T.);
#1341=ADVANCED_FACE('',(#355),#134,.T.);
#1342=ADVANCED_FACE('',(#356),#177,.T.);
#1343=ADVANCED_FACE('',(#357),#178,.T.);
#1344=ADVANCED_FACE('',(#358),#150,.T.);
#1345=ADVANCED_FACE('',(#359),#179,.T.);
#1346=ADVANCED_FACE('',(#360),#151,.T.);
#1347=ADVANCED_FACE('',(#361),#180,.T.);
#1348=ADVANCED_FACE('',(#362),#181,.T.);
#1349=ADVANCED_FACE('',(#363),#152,.T.);
#1350=ADVANCED_FACE('',(#364,#163),#182,.T.);
#1351=ADVANCED_FACE('',(#365),#153,.T.);
#1352=ADVANCED_FACE('',(#366),#183,.T.);
#1353=CLOSED_SHELL('',(#1266,#1267,#1268,#1269,#1270,#1271,#1272,#1273,
#1274,#1275,#1276,#1277,#1278,#1279,#1280,#1281,#1282,#1283,#1284,#1285,
#1286,#1287,#1288,#1289,#1290,#1291,#1292,#1293,#1294,#1295,#1296,#1297,
#1298,#1299,#1300,#1301,#1302,#1303,#1304,#1305,#1306,#1307,#1308,#1309,
#1310,#1311,#1312,#1313,#1314,#1315,#1316,#1317,#1318,#1319,#1320,#1321,
#1322,#1323,#1324,#1325,#1326,#1327,#1328,#1329,#1330,#1331,#1332,#1333,
#1334,#1335,#1336,#1337,#1338,#1339,#1340,#1341,#1342,#1343,#1344,#1345,
#1346,#1347,#1348,#1349,#1350,#1351,#1352));
#1354=AXIS2_PLACEMENT_3D('',#1770,#1477,#1478);
#1355=AXIS2_PLACEMENT_3D('',#1771,#1479,#1480);
#1356=AXIS2_PLACEMENT_3D('',#1773,#1481,#1482);
#1357=AXIS2_PLACEMENT_3D('',#1775,#1483,#1484);
#1358=AXIS2_PLACEMENT_3D('',#1776,#1485,#1486);
#1359=AXIS2_PLACEMENT_3D('',#1777,#1487,#1488);
#1360=AXIS2_PLACEMENT_3D('',#1780,#1490,#1491);
#1361=AXIS2_PLACEMENT_3D('',#1781,#1492,#1493);
#1362=AXIS2_PLACEMENT_3D('',#1783,#1494,#1495);
#1363=AXIS2_PLACEMENT_3D('',#1784,#1496,#1497);
#1364=AXIS2_PLACEMENT_3D('',#1787,#1498,#1499);
#1365=AXIS2_PLACEMENT_3D('',#1788,#1500,#1501);
#1366=AXIS2_PLACEMENT_3D('',#1790,#1502,#1503);
#1367=AXIS2_PLACEMENT_3D('',#1792,#1504,#1505);
#1368=AXIS2_PLACEMENT_3D('',#1793,#1506,#1507);
#1369=AXIS2_PLACEMENT_3D('',#1794,#1508,#1509);
#1370=AXIS2_PLACEMENT_3D('',#1796,#1510,#1511);
#1371=AXIS2_PLACEMENT_3D('',#1798,#1513,#1514);
#1372=AXIS2_PLACEMENT_3D('',#1800,#1515,#1516);
#1373=AXIS2_PLACEMENT_3D('',#1801,#1517,#1518);
#1374=AXIS2_PLACEMENT_3D('',#1802,#1519,#1520);
#1375=AXIS2_PLACEMENT_3D('',#1804,#1521,#1522);
#1376=AXIS2_PLACEMENT_3D('',#1883,#1523,#1524);
#1377=AXIS2_PLACEMENT_3D('',#1887,#1526,#1527);
#1378=AXIS2_PLACEMENT_3D('',#1889,#1528,#1529);
#1379=AXIS2_PLACEMENT_3D('',#1891,#1531,#1532);
#1380=AXIS2_PLACEMENT_3D('',#1896,#1535,#1536);
#1381=AXIS2_PLACEMENT_3D('',#1913,#1538,#1539);
#1382=AXIS2_PLACEMENT_3D('',#1928,#1541,#1542);
#1383=AXIS2_PLACEMENT_3D('',#1945,#1544,#1545);
#1384=AXIS2_PLACEMENT_3D('',#1960,#1547,#1548);
#1385=AXIS2_PLACEMENT_3D('',#1977,#1550,#1551);
#1386=AXIS2_PLACEMENT_3D('',#1992,#1553,#1554);
#1387=AXIS2_PLACEMENT_3D('',#1994,#1556,#1557);
#1388=AXIS2_PLACEMENT_3D('',#1995,#1558,#1559);
#1389=AXIS2_PLACEMENT_3D('',#1996,#1560,#1561);
#1390=AXIS2_PLACEMENT_3D('',#1998,#1562,#1563);
#1391=AXIS2_PLACEMENT_3D('',#1999,#1564,#1565);
#1392=AXIS2_PLACEMENT_3D('',#2029,#1566,#1567);
#1393=AXIS2_PLACEMENT_3D('',#2030,#1568,#1569);
#1394=AXIS2_PLACEMENT_3D('',#2344,#1570,#1571);
#1395=AXIS2_PLACEMENT_3D('',#2350,#1574,#1575);
#1396=AXIS2_PLACEMENT_3D('',#2354,#1578,#1579);
#1397=AXIS2_PLACEMENT_3D('',#2358,#1581,#1582);
#1398=AXIS2_PLACEMENT_3D('',#2360,#1584,#1585);
#1399=AXIS2_PLACEMENT_3D('',#2364,#1587,#1588);
#1400=AXIS2_PLACEMENT_3D('',#2368,#1591,#1592);
#1401=AXIS2_PLACEMENT_3D('',#2374,#1595,#1596);
#1402=AXIS2_PLACEMENT_3D('',#2376,#1598,#1599);
#1403=AXIS2_PLACEMENT_3D('',#2378,#1601,#1602);
#1404=AXIS2_PLACEMENT_3D('',#2380,#1604,#1605);
#1405=AXIS2_PLACEMENT_3D('',#2384,#1607,#1608);
#1406=AXIS2_PLACEMENT_3D('',#2388,#1610,#1611);
#1407=AXIS2_PLACEMENT_3D('',#2416,#1613,#1614);
#1408=AXIS2_PLACEMENT_3D('',#2448,#1615,#1616);
#1409=AXIS2_PLACEMENT_3D('',#2491,#1617,#1618);
#1410=AXIS2_PLACEMENT_3D('',#2531,#1619,#1620);
#1411=AXIS2_PLACEMENT_3D('',#2570,#1621,#1622);
#1412=AXIS2_PLACEMENT_3D('',#2619,#1624,#1625);
#1413=AXIS2_PLACEMENT_3D('',#2620,#1626,#1627);
#1414=AXIS2_PLACEMENT_3D('',#2658,#1628,#1629);
#1415=AXIS2_PLACEMENT_3D('',#2689,#1630,#1631);
#1416=AXIS2_PLACEMENT_3D('',#2726,#1632,#1633);
#1417=AXIS2_PLACEMENT_3D('',#2759,#1634,#1635);
#1418=AXIS2_PLACEMENT_3D('',#2789,#1636,#1637);
#1419=AXIS2_PLACEMENT_3D('',#2791,#1639,#1640);
#1420=AXIS2_PLACEMENT_3D('',#2793,#1642,#1643);
#1421=AXIS2_PLACEMENT_3D('',#2795,#1645,#1646);
#1422=AXIS2_PLACEMENT_3D('',#2797,#1648,#1649);
#1423=AXIS2_PLACEMENT_3D('',#2819,#1650,#1651);
#1424=AXIS2_PLACEMENT_3D('',#2824,#1652,#1653);
#1425=AXIS2_PLACEMENT_3D('',#2826,#1655,#1656);
#1426=AXIS2_PLACEMENT_3D('',#2885,#1658,#1659);
#1427=AXIS2_PLACEMENT_3D('',#2897,#1660,#1661);
#1428=AXIS2_PLACEMENT_3D('',#3028,#1662,#1663);
#1429=AXIS2_PLACEMENT_3D('',#3080,#1664,#1665);
#1430=AXIS2_PLACEMENT_3D('',#3092,#1666,#1667);
#1431=AXIS2_PLACEMENT_3D('',#3223,#1668,#1669);
#1432=AXIS2_PLACEMENT_3D('',#3341,#1670,#1671);
#1433=AXIS2_PLACEMENT_3D('',#3372,#1672,#1673);
#1434=AXIS2_PLACEMENT_3D('',#3433,#1674,#1675);
#1435=AXIS2_PLACEMENT_3D('',#3434,#1676,#1677);
#1436=AXIS2_PLACEMENT_3D('',#3486,#1678,#1679);
#1437=AXIS2_PLACEMENT_3D('',#3498,#1680,#1681);
#1438=AXIS2_PLACEMENT_3D('',#3619,#1682,#1683);
#1439=AXIS2_PLACEMENT_3D('',#3717,#1684,#1685);
#1440=AXIS2_PLACEMENT_3D('',#3743,#1686,#1687);
#1441=AXIS2_PLACEMENT_3D('',#3804,#1688,#1689);
#1442=AXIS2_PLACEMENT_3D('',#3805,#1690,#1691);
#1443=AXIS2_PLACEMENT_3D('',#3899,#1692,#1693);
#1444=AXIS2_PLACEMENT_3D('',#3924,#1694,#1695);
#1445=AXIS2_PLACEMENT_3D('',#3985,#1696,#1697);
#1446=AXIS2_PLACEMENT_3D('',#3986,#1698,#1699);
#1447=AXIS2_PLACEMENT_3D('',#4038,#1700,#1701);
#1448=AXIS2_PLACEMENT_3D('',#4050,#1702,#1703);
#1449=AXIS2_PLACEMENT_3D('',#4211,#1704,#1705);
#1450=AXIS2_PLACEMENT_3D('',#4263,#1706,#1707);
#1451=AXIS2_PLACEMENT_3D('',#4275,#1708,#1709);
#1452=AXIS2_PLACEMENT_3D('',#4436,#1710,#1711);
#1453=AXIS2_PLACEMENT_3D('',#4437,#1712,#1713);
#1454=AXIS2_PLACEMENT_3D('',#4438,#1714,#1715);
#1455=AXIS2_PLACEMENT_3D('',#4439,#1716,#1717);
#1456=AXIS2_PLACEMENT_3D('',#4440,#1718,#1719);
#1457=AXIS2_PLACEMENT_3D('',#4456,#1720,#1721);
#1458=AXIS2_PLACEMENT_3D('',#4487,#1722,#1723);
#1459=AXIS2_PLACEMENT_3D('',#4488,#1724,#1725);
#1460=AXIS2_PLACEMENT_3D('',#4514,#1726,#1727);
#1461=AXIS2_PLACEMENT_3D('',#4546,#1728,#1729);
#1462=AXIS2_PLACEMENT_3D('',#4579,#1730,#1731);
#1463=AXIS2_PLACEMENT_3D('',#4609,#1732,#1733);
#1464=AXIS2_PLACEMENT_3D('',#4613,#1736,#1737);
#1465=AXIS2_PLACEMENT_3D('',#4617,#1740,#1741);
#1466=AXIS2_PLACEMENT_3D('',#4620,#1743,#1744);
#1467=AXIS2_PLACEMENT_3D('',#4621,#1745,#1746);
#1468=AXIS2_PLACEMENT_3D('',#4625,#1749,#1750);
#1469=AXIS2_PLACEMENT_3D('',#4626,#1751,#1752);
#1470=AXIS2_PLACEMENT_3D('',#4627,#1753,#1754);
#1471=AXIS2_PLACEMENT_3D('',#4629,#1756,#1757);
#1472=AXIS2_PLACEMENT_3D('',#4631,#1759,#1760);
#1473=AXIS2_PLACEMENT_3D('',#4632,#1761,#1762);
#1474=AXIS2_PLACEMENT_3D('',#4634,#1763,#1764);
#1475=AXIS2_PLACEMENT_3D('',#4635,#1765,#1766);
#1476=AXIS2_PLACEMENT_3D('',#4637,#1768,#1769);
#1477=DIRECTION('axis',(0.,0.,1.));
#1478=DIRECTION('refdir',(1.,0.,0.));
#1479=DIRECTION('center_axis',(0.,0.,-1.));
#1480=DIRECTION('ref_axis',(-1.,0.,0.));
#1481=DIRECTION('center_axis',(0.,0.,1.));
#1482=DIRECTION('ref_axis',(-1.,-6.12323399573677E-17,0.));
#1483=DIRECTION('center_axis',(-1.22464679914735E-16,-1.,0.));
#1484=DIRECTION('ref_axis',(1.,-1.22464679914735E-16,0.));
#1485=DIRECTION('center_axis',(0.,0.,-1.));
#1486=DIRECTION('ref_axis',(-1.,0.,0.));
#1487=DIRECTION('center_axis',(0.,0.,-1.));
#1488=DIRECTION('ref_axis',(-1.,0.,0.));
#1489=DIRECTION('',(0.581238193719095,7.11811493480279E-17,-0.813733471206736));
#1490=DIRECTION('center_axis',(0.,0.,-1.));
#1491=DIRECTION('ref_axis',(-1.,-1.22464679914735E-16,0.));
#1492=DIRECTION('center_axis',(0.,0.,1.));
#1493=DIRECTION('ref_axis',(1.,0.,0.));
#1494=DIRECTION('center_axis',(0.,0.,1.));
#1495=DIRECTION('ref_axis',(1.,0.,0.));
#1496=DIRECTION('center_axis',(0.,0.,1.));
#1497=DIRECTION('ref_axis',(-1.,0.,0.));
#1498=DIRECTION('center_axis',(0.,0.,-1.));
#1499=DIRECTION('ref_axis',(-1.,0.,0.));
#1500=DIRECTION('center_axis',(0.,0.,-1.));
#1501=DIRECTION('ref_axis',(-1.,0.,0.));
#1502=DIRECTION('center_axis',(1.22464679914735E-16,1.,0.));
#1503=DIRECTION('ref_axis',(1.,-1.22464679914735E-16,0.));
#1504=DIRECTION('center_axis',(0.,0.,1.));
#1505=DIRECTION('ref_axis',(-1.,0.,0.));
#1506=DIRECTION('center_axis',(0.,0.,1.));
#1507=DIRECTION('ref_axis',(-1.,0.,0.));
#1508=DIRECTION('center_axis',(0.,0.,-1.));
#1509=DIRECTION('ref_axis',(1.,0.,0.));
#1510=DIRECTION('center_axis',(0.,0.,1.));
#1511=DIRECTION('ref_axis',(1.,0.,0.));
#1512=DIRECTION('',(0.,0.,-1.));
#1513=DIRECTION('center_axis',(0.,0.,-1.));
#1514=DIRECTION('ref_axis',(-1.,0.,0.));
#1515=DIRECTION('center_axis',(-1.22464679914735E-16,-1.,0.));
#1516=DIRECTION('ref_axis',(1.,-1.22464679914735E-16,0.));
#1517=DIRECTION('center_axis',(0.,0.,1.));
#1518=DIRECTION('ref_axis',(-1.,-1.22464679914735E-16,0.));
#1519=DIRECTION('center_axis',(0.,0.,1.));
#1520=DIRECTION('ref_axis',(1.,0.,0.));
#1521=DIRECTION('center_axis',(0.,0.,1.));
#1522=DIRECTION('ref_axis',(1.,0.,0.));
#1523=DIRECTION('center_axis',(-0.866025403784439,0.,-0.5));
#1524=DIRECTION('ref_axis',(-0.5,0.,0.866025403784439));
#1525=DIRECTION('',(0.,1.,0.));
#1526=DIRECTION('center_axis',(0.866025403784439,0.,0.5));
#1527=DIRECTION('ref_axis',(0.5,0.,-0.866025403784439));
#1528=DIRECTION('center_axis',(0.866025403784439,0.,0.5));
#1529=DIRECTION('ref_axis',(0.5,0.,-0.866025403784439));
#1530=DIRECTION('',(0.,1.,0.));
#1531=DIRECTION('center_axis',(0.,0.,1.));
#1532=DIRECTION('ref_axis',(1.,0.,0.));
#1533=DIRECTION('',(0.,0.,-1.));
#1534=DIRECTION('',(0.,0.,-1.));
#1535=DIRECTION('center_axis',(0.,0.,-1.));
#1536=DIRECTION('ref_axis',(1.,0.,0.));
#1537=DIRECTION('',(0.,0.,-1.));
#1538=DIRECTION('center_axis',(0.,0.,-1.));
#1539=DIRECTION('ref_axis',(1.,0.,0.));
#1540=DIRECTION('',(0.,0.,1.));
#1541=DIRECTION('center_axis',(0.,0.,-1.));
#1542=DIRECTION('ref_axis',(1.,0.,0.));
#1543=DIRECTION('',(0.,0.,-1.));
#1544=DIRECTION('center_axis',(0.,0.,-1.));
#1545=DIRECTION('ref_axis',(1.,0.,0.));
#1546=DIRECTION('',(0.,0.,1.));
#1547=DIRECTION('center_axis',(0.,0.,-1.));
#1548=DIRECTION('ref_axis',(1.,0.,0.));
#1549=DIRECTION('',(0.,0.,-1.));
#1550=DIRECTION('center_axis',(0.,0.,-1.));
#1551=DIRECTION('ref_axis',(1.,0.,0.));
#1552=DIRECTION('',(0.,0.,1.));
#1553=DIRECTION('center_axis',(0.,0.,-1.));
#1554=DIRECTION('ref_axis',(1.,0.,0.));
#1555=DIRECTION('',(0.,0.,1.));
#1556=DIRECTION('center_axis',(-1.,0.,-2.22044604925031E-16));
#1557=DIRECTION('ref_axis',(-2.22044604925031E-16,0.,1.));
#1558=DIRECTION('center_axis',(1.,0.,2.22044604925031E-16));
#1559=DIRECTION('ref_axis',(-2.22044604925031E-16,0.,1.));
#1560=DIRECTION('center_axis',(0.,0.,1.));
#1561=DIRECTION('ref_axis',(1.,0.,0.));
#1562=DIRECTION('center_axis',(1.22464679914735E-16,-1.,0.));
#1563=DIRECTION('ref_axis',(-1.,-1.22464679914735E-16,0.));
#1564=DIRECTION('center_axis',(0.,0.,-1.));
#1565=DIRECTION('ref_axis',(1.,0.,0.));
#1566=DIRECTION('center_axis',(0.,0.,-1.));
#1567=DIRECTION('ref_axis',(1.,0.,0.));
#1568=DIRECTION('center_axis',(0.,0.,-1.));
#1569=DIRECTION('ref_axis',(1.,0.,0.));
#1570=DIRECTION('center_axis',(1.,0.,0.));
#1571=DIRECTION('ref_axis',(0.,1.,0.));
#1572=DIRECTION('',(0.,1.,0.));
#1573=DIRECTION('',(0.,0.,-1.));
#1574=DIRECTION('center_axis',(-1.,0.,0.));
#1575=DIRECTION('ref_axis',(0.,-0.707106781186547,0.707106781186547));
#1576=DIRECTION('',(0.,0.,1.));
#1577=DIRECTION('',(0.,1.,0.));
#1578=DIRECTION('center_axis',(1.,0.,0.));
#1579=DIRECTION('ref_axis',(0.,-0.707106781186547,0.707106781186547));
#1580=DIRECTION('',(1.,0.,0.));
#1581=DIRECTION('center_axis',(1.,-1.01461704626196E-15,0.));
#1582=DIRECTION('ref_axis',(0.,0.707106781186547,0.707106781186547));
#1583=DIRECTION('',(-1.,0.,0.));
#1584=DIRECTION('center_axis',(0.,0.,-1.));
#1585=DIRECTION('ref_axis',(-1.,0.,0.));
#1586=DIRECTION('',(0.5,-0.866025403784439,0.));
#1587=DIRECTION('center_axis',(0.,0.,-1.));
#1588=DIRECTION('ref_axis',(1.,-1.11022302462516E-15,0.));
#1589=DIRECTION('',(-1.01461704626196E-15,-1.,0.));
#1590=DIRECTION('',(-1.,0.,0.));
#1591=DIRECTION('center_axis',(0.,0.,-1.));
#1592=DIRECTION('ref_axis',(-1.,0.,0.));
#1593=DIRECTION('',(1.,0.,0.));
#1594=DIRECTION('',(-1.01461704626196E-15,-1.,0.));
#1595=DIRECTION('center_axis',(0.,0.,-1.));
#1596=DIRECTION('ref_axis',(0.866025403784438,-0.5,0.));
#1597=DIRECTION('',(-0.5,-0.866025403784438,0.));
#1598=DIRECTION('center_axis',(0.,-1.,0.));
#1599=DIRECTION('ref_axis',(-1.,0.,0.));
#1600=DIRECTION('',(0.,0.,-1.));
#1601=DIRECTION('center_axis',(0.,1.,0.));
#1602=DIRECTION('ref_axis',(1.,0.,0.));
#1603=DIRECTION('',(0.,0.,1.));
#1604=DIRECTION('center_axis',(0.,0.,-1.));
#1605=DIRECTION('ref_axis',(-1.,0.,0.));
#1606=DIRECTION('',(0.5,0.866025403784438,0.));
#1607=DIRECTION('center_axis',(0.,0.,-1.));
#1608=DIRECTION('ref_axis',(-0.5,0.866025403784439,0.));
#1609=DIRECTION('',(0.866025403784439,0.5,0.));
#1610=DIRECTION('center_axis',(0.,0.,-1.));
#1611=DIRECTION('ref_axis',(1.11022302462516E-15,1.,0.));
#1612=DIRECTION('',(1.,-8.01192363997333E-16,0.));
#1613=DIRECTION('center_axis',(-0.864386060702017,-2.18802777940463E-13,
0.50282873631491));
#1614=DIRECTION('ref_axis',(0.489110659956857,0.231989905620206,0.84080404733023));
#1615=DIRECTION('center_axis',(-0.84126244552343,0.485703099382169,0.237423665632752));
#1616=DIRECTION('ref_axis',(0.428378946587364,0.330968324940322,0.840804047330231));
#1617=DIRECTION('center_axis',(-0.841262445523494,0.485703099382049,-0.237423665632771));
#1618=DIRECTION('ref_axis',(0.0724375039526199,0.536471212661241,0.840804047330228));
#1619=DIRECTION('center_axis',(-0.432193030350839,0.748580287245204,-0.502828736314908));
#1620=DIRECTION('ref_axis',(-0.0436461782897748,0.539577209594516,0.840804047330228));
#1621=DIRECTION('center_axis',(0.,0.,-1.));
#1622=DIRECTION('ref_axis',(1.,0.,0.));
#1623=DIRECTION('',(0.840804047330232,1.02968798527311E-16,0.541339592116724));
#1624=DIRECTION('center_axis',(0.,0.,1.));
#1625=DIRECTION('ref_axis',(1.,6.17883701352418E-17,0.));
#1626=DIRECTION('center_axis',(0.,0.,1.));
#1627=DIRECTION('ref_axis',(1.,6.17883701352418E-17,0.));
#1628=DIRECTION('center_axis',(0.432193030351197,-0.748580287244997,0.502828736314908));
#1629=DIRECTION('ref_axis',(-0.445464481667079,0.307587303974307,0.840804047330231));
#1630=DIRECTION('center_axis',(-7.33364719129494E-14,-0.971406198764195,
0.237423665632763));
#1631=DIRECTION('ref_axis',(-0.500816450539989,0.205502887720918,0.840804047330227));
#1632=DIRECTION('center_axis',(4.31391011252642E-14,-0.971406198764191,
-0.237423665632776));
#1633=DIRECTION('ref_axis',(-0.500816450539984,-0.205502887720916,0.84080404733023));
#1634=DIRECTION('center_axis',(-0.432193030351183,-0.748580287245007,-0.502828736314906));
#1635=DIRECTION('ref_axis',(-0.445464481667081,-0.307587303974306,0.840804047330231));
#1636=DIRECTION('center_axis',(0.866025403784439,0.5,0.));
#1637=DIRECTION('ref_axis',(-0.5,0.866025403784439,0.));
#1638=DIRECTION('',(0.,0.,1.));
#1639=DIRECTION('center_axis',(0.,0.,1.));
#1640=DIRECTION('ref_axis',(1.,-1.11022302462516E-15,0.));
#1641=DIRECTION('',(0.,0.,1.));
#1642=DIRECTION('center_axis',(1.,-1.01461704626196E-15,0.));
#1643=DIRECTION('ref_axis',(1.01461704626196E-15,1.,0.));
#1644=DIRECTION('',(0.,0.,1.));
#1645=DIRECTION('center_axis',(0.,0.,1.));
#1646=DIRECTION('ref_axis',(0.866025403784438,-0.5,0.));
#1647=DIRECTION('',(0.,0.,1.));
#1648=DIRECTION('center_axis',(0.866025403784438,-0.5,0.));
#1649=DIRECTION('ref_axis',(0.5,0.866025403784438,0.));
#1650=DIRECTION('center_axis',(-0.431685996182167,-0.747702078303919,-0.504567936754021));
#1651=DIRECTION('ref_axis',(0.86602540378456,-0.499999999999789,0.));
#1652=DIRECTION('center_axis',(-0.866025403784438,0.5,0.));
#1653=DIRECTION('ref_axis',(-0.5,-0.866025403784438,0.));
#1654=DIRECTION('',(0.,0.,1.));
#1655=DIRECTION('center_axis',(0.,0.,1.));
#1656=DIRECTION('ref_axis',(-0.5,0.866025403784439,0.));
#1657=DIRECTION('',(0.,0.,1.));
#1658=DIRECTION('center_axis',(-0.00809781066843987,0.15127497333936,-0.988458551434279));
#1659=DIRECTION('ref_axis',(-0.998570319676644,-0.0534538741428923,2.03688917584561E-12));
#1660=DIRECTION('center_axis',(-0.151274973339338,0.00809781066839182,-0.988458551434283));
#1661=DIRECTION('ref_axis',(-0.799106695914313,0.587598078248637,0.127110137217368));
#1662=DIRECTION('center_axis',(0.,0.,-1.));
#1663=DIRECTION('ref_axis',(0.707106781186548,-0.707106781186547,0.));
#1664=DIRECTION('center_axis',(-0.151274973339393,-0.00809781066839476,
-0.988458551434275));
#1665=DIRECTION('ref_axis',(0.0534538741428924,-0.998570319676644,1.98951966012828E-12));
#1666=DIRECTION('center_axis',(-0.00809781066843987,-0.15127497333936,-0.988458551434279));
#1667=DIRECTION('ref_axis',(-0.587598078248635,-0.799106695914307,0.127110137217414));
#1668=DIRECTION('center_axis',(0.,0.,-1.));
#1669=DIRECTION('ref_axis',(0.707106781186547,0.707106781186548,0.));
#1670=DIRECTION('center_axis',(-0.101241542631699,0.112693576308995,0.988458551434628));
#1671=DIRECTION('ref_axis',(-0.743893441422316,-0.668298247647607,5.30538576034208E-12));
#1672=DIRECTION('center_axis',(0.101241542631681,0.112693576309045,0.988458551434624));
#1673=DIRECTION('ref_axis',(-0.149559177830828,-0.980548349314383,0.127110137217319));
#1674=DIRECTION('center_axis',(0.,0.,1.));
#1675=DIRECTION('ref_axis',(6.12323399573676E-17,1.,0.));
#1676=DIRECTION('center_axis',(0.,0.,-1.));
#1677=DIRECTION('ref_axis',(6.12323399573676E-17,1.,0.));
#1678=DIRECTION('center_axis',(0.112693576308504,-0.101241542635603,-0.988458551434284));
#1679=DIRECTION('ref_axis',(0.668298247647843,0.743893441422105,2.08425869156296E-12));
#1680=DIRECTION('center_axis',(0.112693576308453,0.10124154263562,-0.988458551434288));
#1681=DIRECTION('ref_axis',(0.980548349314382,0.149559177830792,0.127110137217368));
#1682=DIRECTION('center_axis',(0.,0.,-1.));
#1683=DIRECTION('ref_axis',(-1.,-1.22464679914735E-16,0.));
#1684=DIRECTION('center_axis',(-0.151274973335871,0.00809781067296091,0.988458551434776));
#1685=DIRECTION('ref_axis',(-0.0534538741433248,-0.998570319676621,6.72647123186229E-12));
#1686=DIRECTION('center_axis',(-0.00809781067295837,0.151274973335816,0.988458551434785));
#1687=DIRECTION('ref_axis',(0.587598078248611,-0.799106695914362,0.127110137217178));
#1688=DIRECTION('center_axis',(0.,0.,1.));
#1689=DIRECTION('ref_axis',(-0.707106781186548,0.707106781186547,0.));
#1690=DIRECTION('center_axis',(0.,0.,-1.));
#1691=DIRECTION('ref_axis',(-0.707106781186548,0.707106781186548,0.));
#1692=DIRECTION('center_axis',(-0.00809781067295795,-0.151274973335816,
0.988458551434785));
#1693=DIRECTION('ref_axis',(0.998570319676621,-0.0534538741433248,6.72647123186228E-12));
#1694=DIRECTION('center_axis',(-0.151274973335816,-0.00809781067295838,
0.988458551434785));
#1695=DIRECTION('ref_axis',(0.799106695914362,0.587598078248611,0.127110137217178));
#1696=DIRECTION('center_axis',(0.,0.,1.));
#1697=DIRECTION('ref_axis',(-0.707106781186547,-0.707106781186548,0.));
#1698=DIRECTION('center_axis',(0.,0.,-1.));
#1699=DIRECTION('ref_axis',(-0.707106781186547,-0.707106781186548,0.));
#1700=DIRECTION('center_axis',(-0.112693576308503,0.101241542635602,-0.988458551434284));
#1701=DIRECTION('ref_axis',(-0.668298247647841,-0.743893441422106,2.08425869156296E-12));
#1702=DIRECTION('center_axis',(-0.112693576308462,-0.101241542635565,-0.988458551434292));
#1703=DIRECTION('ref_axis',(-0.980548349314382,-0.149559177830792,0.127110137217368));
#1704=DIRECTION('center_axis',(0.,0.,-1.));
#1705=DIRECTION('ref_axis',(1.,3.08148791101958E-32,0.));
#1706=DIRECTION('center_axis',(0.101241542635621,0.112693576308453,-0.988458551434288));
#1707=DIRECTION('ref_axis',(-0.743893441422105,0.668298247647843,2.03688917584562E-12));
#1708=DIRECTION('center_axis',(-0.10124154263562,0.112693576308453,-0.988458551434288));
#1709=DIRECTION('ref_axis',(-0.149559177830792,0.980548349314382,0.127110137217367));
#1710=DIRECTION('center_axis',(0.,0.,-1.));
#1711=DIRECTION('ref_axis',(6.12323399573677E-17,-1.,0.));
#1712=DIRECTION('center_axis',(0.,0.,-1.));
#1713=DIRECTION('ref_axis',(-1.,0.,0.));
#1714=DIRECTION('center_axis',(1.22464679914735E-16,1.,0.));
#1715=DIRECTION('ref_axis',(1.,-1.22464679914735E-16,0.));
#1716=DIRECTION('center_axis',(0.,0.,1.));
#1717=DIRECTION('ref_axis',(0.707106781186548,-0.707106781186547,0.));
#1718=DIRECTION('center_axis',(0.,0.,1.));
#1719=DIRECTION('ref_axis',(0.707106781186548,0.707106781186547,0.));
#1720=DIRECTION('center_axis',(0.,0.,1.));
#1721=DIRECTION('ref_axis',(-1.,-1.22464679914735E-16,0.));
#1722=DIRECTION('center_axis',(0.,0.,1.));
#1723=DIRECTION('ref_axis',(1.,-8.88178419700125E-16,0.));
#1724=DIRECTION('center_axis',(0.,0.,1.));
#1725=DIRECTION('ref_axis',(6.12323399573677E-17,-1.,0.));
#1726=DIRECTION('center_axis',(-0.839238347007605,-0.48453448555901,-0.24679005088538));
#1727=DIRECTION('ref_axis',(0.499999999999933,-0.866025403784478,0.));
#1728=DIRECTION('center_axis',(-0.839238347007539,-0.484534485559118,0.246790050885393));
#1729=DIRECTION('ref_axis',(0.500000000000045,-0.866025403784413,0.));
#1730=DIRECTION('center_axis',(-0.863371992364685,1.99375376665872E-13,
0.504567936754046));
#1731=DIRECTION('ref_axis',(-2.30926389122032E-13,-1.,0.));
#1732=DIRECTION('center_axis',(-0.866025403784439,-0.5,0.));
#1733=DIRECTION('ref_axis',(0.5,-0.866025403784439,0.));
#1734=DIRECTION('',(-0.5,0.866025403784439,0.));
#1735=DIRECTION('',(0.,0.,1.));
#1736=DIRECTION('center_axis',(-7.97406519549072E-16,-1.,0.));
#1737=DIRECTION('ref_axis',(1.,-7.97406519549072E-16,0.));
#1738=DIRECTION('',(0.,0.,1.));
#1739=DIRECTION('',(-1.,7.97406519549072E-16,0.));
#1740=DIRECTION('center_axis',(0.,0.,1.));
#1741=DIRECTION('ref_axis',(-0.500000000000001,-0.866025403784438,0.));
#1742=DIRECTION('',(0.,0.,1.));
#1743=DIRECTION('center_axis',(0.,0.,-1.));
#1744=DIRECTION('ref_axis',(-0.500000000000001,-0.866025403784438,0.));
#1745=DIRECTION('center_axis',(-0.500000000000001,-0.866025403784438,0.));
#1746=DIRECTION('ref_axis',(0.866025403784438,-0.500000000000001,0.));
#1747=DIRECTION('',(0.,0.,1.));
#1748=DIRECTION('',(-0.866025403784438,0.500000000000001,0.));
#1749=DIRECTION('center_axis',(0.,0.,1.));
#1750=DIRECTION('ref_axis',(-0.866025403784439,-0.5,0.));
#1751=DIRECTION('center_axis',(0.,0.,-1.));
#1752=DIRECTION('ref_axis',(-0.866025403784439,-0.5,0.));
#1753=DIRECTION('center_axis',(8.01192363997333E-16,1.,0.));
#1754=DIRECTION('ref_axis',(-1.,8.01192363997333E-16,0.));
#1755=DIRECTION('',(0.,0.,1.));
#1756=DIRECTION('center_axis',(-0.5,0.866025403784439,0.));
#1757=DIRECTION('ref_axis',(-0.866025403784439,-0.5,0.));
#1758=DIRECTION('',(0.,0.,1.));
#1759=DIRECTION('center_axis',(0.,0.,1.));
#1760=DIRECTION('ref_axis',(1.11022302462516E-15,1.,0.));
#1761=DIRECTION('center_axis',(0.,0.,1.));
#1762=DIRECTION('ref_axis',(1.,0.,0.));
#1763=DIRECTION('center_axis',(0.,0.,1.));
#1764=DIRECTION('ref_axis',(1.,0.,0.));
#1765=DIRECTION('center_axis',(0.,0.,1.));
#1766=DIRECTION('ref_axis',(1.,0.,0.));
#1767=DIRECTION('',(0.,0.,-1.));
#1768=DIRECTION('center_axis',(0.,0.,-1.));
#1769=DIRECTION('ref_axis',(-1.,0.,0.));
#1770=CARTESIAN_POINT('',(0.,0.,0.));
#1771=CARTESIAN_POINT('Origin',(0.,0.,397.5));
#1772=CARTESIAN_POINT('',(30.0335032255016,7.35608671845845E-15,398.953095484298));
#1773=CARTESIAN_POINT('Origin',(0.,1.83902167961461E-15,398.953095484298));
#1774=CARTESIAN_POINT('',(27.9991695474848,-3.42890933651113E-15,400.));
#1775=CARTESIAN_POINT('Origin',(27.9991695474848,-3.42890933651113E-15,
397.5));
#1776=CARTESIAN_POINT('Origin',(0.,0.,400.));
#1777=CARTESIAN_POINT('Origin',(0.,0.,395.5));
#1778=CARTESIAN_POINT('',(32.9061909685955,0.,394.931332643966));
#1779=CARTESIAN_POINT('',(32.5,3.9801020972289E-15,395.5));
#1780=CARTESIAN_POINT('Origin',(0.,0.,394.931332643966));
#1781=CARTESIAN_POINT('Origin',(0.,0.,400.));
#1782=CARTESIAN_POINT('',(-25.,-3.06161699786838E-15,400.));
#1783=CARTESIAN_POINT('Origin',(0.,0.,400.));
#1784=CARTESIAN_POINT('Origin',(0.,0.,392.099595791944));
#1785=CARTESIAN_POINT('',(22.3241505992663,-2.73391995750749E-15,390.499804615421));
#1786=CARTESIAN_POINT('',(-22.3241505992663,-2.73391995750749E-15,390.499804615421));
#1787=CARTESIAN_POINT('Origin',(0.,0.,390.499804615421));
#1788=CARTESIAN_POINT('Origin',(0.,0.,390.499804615421));
#1789=CARTESIAN_POINT('',(20.75,2.54114210823076E-15,392.099595791944));
#1790=CARTESIAN_POINT('Origin',(22.35,-2.73708559609433E-15,392.099595791944));
#1791=CARTESIAN_POINT('',(-20.75,2.54114210823076E-15,392.099595791944));
#1792=CARTESIAN_POINT('Origin',(0.,0.,392.099595791944));
#1793=CARTESIAN_POINT('Origin',(0.,0.,392.099595791944));
#1794=CARTESIAN_POINT('Origin',(0.,0.,362.));
#1795=CARTESIAN_POINT('',(-20.75,-2.54114210823076E-15,419.));
#1796=CARTESIAN_POINT('Origin',(0.,0.,419.));
#1797=CARTESIAN_POINT('',(-20.75,2.54114210823076E-15,362.));
#1798=CARTESIAN_POINT('Origin',(0.,0.,399.));
#1799=CARTESIAN_POINT('',(38.6023252670426,9.45484281558575E-15,392.));
#1800=CARTESIAN_POINT('Origin',(38.6023252670426,-4.72742140779287E-15,
399.));
#1801=CARTESIAN_POINT('Origin',(0.,0.,392.));
#1802=CARTESIAN_POINT('Origin',(0.,0.,392.));
#1803=CARTESIAN_POINT('',(-63.,-7.71527483462833E-15,392.));
#1804=CARTESIAN_POINT('Origin',(0.,0.,392.));
#1805=CARTESIAN_POINT('Ctrl Pts',(-41.2790783510093,-21.0483374908124,348.489532566878));
#1806=CARTESIAN_POINT('Ctrl Pts',(-42.6089790040042,-19.6707646066243,350.639022835783));
#1807=CARTESIAN_POINT('Ctrl Pts',(-45.0105263919576,-16.3063932007297,354.426749018634));
#1808=CARTESIAN_POINT('Ctrl Pts',(-47.5196027737008,-10.1124228093159,358.225341050115));
#1809=CARTESIAN_POINT('Ctrl Pts',(-48.7808327571428,-3.41026433156932,360.077766328173));
#1810=CARTESIAN_POINT('Ctrl Pts',(-48.781048898174,3.40936726178756,360.077392673899));
#1811=CARTESIAN_POINT('Ctrl Pts',(-47.5186206939019,10.1137032632561,358.224226829038));
#1812=CARTESIAN_POINT('Ctrl Pts',(-45.0111445547244,16.305817118996,354.427529972044));
#1813=CARTESIAN_POINT('Ctrl Pts',(-42.6089790040042,19.6707646066243,350.639022835783));
#1814=CARTESIAN_POINT('Ctrl Pts',(-41.2790783510093,21.0483374908124,348.489532566878));
#1815=CARTESIAN_POINT('Ctrl Pts',(-43.6860524873259,-23.6144341570288,348.326355044585));
#1816=CARTESIAN_POINT('Ctrl Pts',(-45.1381220914173,-22.2279287477244,350.738769887597));
#1817=CARTESIAN_POINT('Ctrl Pts',(-47.7928780675591,-18.7235860083841,355.089024846726));
#1818=CARTESIAN_POINT('Ctrl Pts',(-50.6537191155278,-11.861722821701,359.679309733007));
#1819=CARTESIAN_POINT('Ctrl Pts',(-52.1396756849074,-4.05571930263176,362.031669253485));
#1820=CARTESIAN_POINT('Ctrl Pts',(-52.1404526566444,4.05550188749506,362.032516326995));
#1821=CARTESIAN_POINT('Ctrl Pts',(-50.652752476156,11.861780208459,359.678026658523));
#1822=CARTESIAN_POINT('Ctrl Pts',(-47.7934786554345,18.7236043229861,355.089871938168));
#1823=CARTESIAN_POINT('Ctrl Pts',(-45.1381220914173,22.2279287477244,350.738769887597));
#1824=CARTESIAN_POINT('Ctrl Pts',(-43.6860524873259,23.6144341570288,348.326355044585));
#1825=CARTESIAN_POINT('Ctrl Pts',(-46.0930266236426,-26.1805308232451,348.163177522293));
#1826=CARTESIAN_POINT('Ctrl Pts',(-47.6672651788305,-24.7850928888245,350.838516939412));
#1827=CARTESIAN_POINT('Ctrl Pts',(-50.5752297431606,-21.1407788160384,355.751300674818));
#1828=CARTESIAN_POINT('Ctrl Pts',(-53.7878354573548,-13.6110228340862,361.133278415899));
#1829=CARTESIAN_POINT('Ctrl Pts',(-55.498518612672,-4.70117427369422,363.985572178796));
#1830=CARTESIAN_POINT('Ctrl Pts',(-55.4998564151148,4.70163651320258,363.987639980091));
#1831=CARTESIAN_POINT('Ctrl Pts',(-53.7868842584101,13.609857153662,361.131826488009));
#1832=CARTESIAN_POINT('Ctrl Pts',(-50.5758127561446,21.1413915269762,355.752213904292));
#1833=CARTESIAN_POINT('Ctrl Pts',(-47.6672651788305,24.7850928888245,350.838516939412));
#1834=CARTESIAN_POINT('Ctrl Pts',(-46.0930266236426,26.1805308232451,348.163177522293));
#1835=CARTESIAN_POINT('Ctrl Pts',(-48.5000007599592,-28.7466274894615,348.));
#1836=CARTESIAN_POINT('Ctrl Pts',(-50.1964082662437,-27.3422570299246,350.938263991226));
#1837=CARTESIAN_POINT('Ctrl Pts',(-53.3575814187621,-23.5579716236928,356.41357650291));
#1838=CARTESIAN_POINT('Ctrl Pts',(-56.9219517991817,-15.3603228464713,362.587247098791));
#1839=CARTESIAN_POINT('Ctrl Pts',(-58.8573615404366,-5.34662924475666,365.939475104108));
#1840=CARTESIAN_POINT('Ctrl Pts',(-58.8592601735852,5.34777113891009,365.942763633186));
#1841=CARTESIAN_POINT('Ctrl Pts',(-56.9210160406642,15.357934098865,362.585626317495));
#1842=CARTESIAN_POINT('Ctrl Pts',(-53.3581468568547,23.5591787309663,356.414555870415));
#1843=CARTESIAN_POINT('Ctrl Pts',(-50.1964082662437,27.3422570299246,350.938263991226));
#1844=CARTESIAN_POINT('Ctrl Pts',(-48.5000007599592,28.7466274894615,348.));
#1845=CARTESIAN_POINT('',(-48.5000007599582,-4.07755401194283,359.665229641738));
#1846=CARTESIAN_POINT('',(-48.5000007599592,-28.7466274894615,348.));
#1847=CARTESIAN_POINT('Ctrl Pts',(-48.5000007599592,-28.7466274894614,348.));
#1848=CARTESIAN_POINT('Ctrl Pts',(-48.5000007599592,-26.2785029756046,350.345478962251));
#1849=CARTESIAN_POINT('Ctrl Pts',(-48.5000007599592,-23.563142390495,352.427253555853));
#1850=CARTESIAN_POINT('Ctrl Pts',(-48.5000007599592,-17.1648566849089,356.227980531336));
#1851=CARTESIAN_POINT('Ctrl Pts',(-48.5000007599592,-13.4359521720356,357.78290228237));
#1852=CARTESIAN_POINT('Ctrl Pts',(-48.5000007599592,-8.47136589798174,358.99080865913));
#1853=CARTESIAN_POINT('Ctrl Pts',(-48.5000007599592,-7.43360012513842,359.199160163344));
#1854=CARTESIAN_POINT('Ctrl Pts',(-48.5000007599592,-5.62054593366737,359.488139357387));
#1855=CARTESIAN_POINT('Ctrl Pts',(-48.5000007599592,-4.85028706156719,359.587817774497));
#1856=CARTESIAN_POINT('Ctrl Pts',(-48.5000007599592,-4.07755401192473,359.665229641741));
#1857=CARTESIAN_POINT('',(-48.5000007599592,28.7466274894615,348.));
#1858=CARTESIAN_POINT('Ctrl Pts',(-48.5000007599592,-28.7466274894615,348.));
#1859=CARTESIAN_POINT('Ctrl Pts',(-50.1964082662437,-27.3422570299246,350.938263991226));
#1860=CARTESIAN_POINT('Ctrl Pts',(-53.3575814187621,-23.5579716236928,356.41357650291));
#1861=CARTESIAN_POINT('Ctrl Pts',(-56.9219517991817,-15.3603228464713,362.587247098791));
#1862=CARTESIAN_POINT('Ctrl Pts',(-58.8573615404366,-5.34662924475666,365.939475104108));
#1863=CARTESIAN_POINT('Ctrl Pts',(-58.8592601735852,5.34777113891009,365.942763633186));
#1864=CARTESIAN_POINT('Ctrl Pts',(-56.9210160406642,15.357934098865,362.585626317495));
#1865=CARTESIAN_POINT('Ctrl Pts',(-53.3581468568547,23.5591787309663,356.414555870415));
#1866=CARTESIAN_POINT('Ctrl Pts',(-50.1964082662437,27.3422570299246,350.938263991226));
#1867=CARTESIAN_POINT('Ctrl Pts',(-48.5000007599592,28.7466274894615,348.));
#1868=CARTESIAN_POINT('',(-48.5000007599582,4.07755401194278,359.665229641738));
#1869=CARTESIAN_POINT('Ctrl Pts',(-48.5000007599592,4.07755401192465,359.665229641741));
#1870=CARTESIAN_POINT('Ctrl Pts',(-48.5000007599592,5.70383560609927,359.502309866369));
#1871=CARTESIAN_POINT('Ctrl Pts',(-48.5000007599592,7.31653267480531,359.24102848942));
#1872=CARTESIAN_POINT('Ctrl Pts',(-48.5000007599592,11.1056333993543,358.380781837492));
#1873=CARTESIAN_POINT('Ctrl Pts',(-48.5000007599592,13.2431039194103,357.697038845799));
#1874=CARTESIAN_POINT('Ctrl Pts',(-48.5000007599592,20.307151369112,354.766638166728));
#1875=CARTESIAN_POINT('Ctrl Pts',(-48.5000007599592,24.8335073012731,351.718670199428));
#1876=CARTESIAN_POINT('Ctrl Pts',(-48.5000007599592,28.7466274894614,348.));
#1877=CARTESIAN_POINT('Ctrl Pts',(-48.4998680962191,4.07744567270877,359.664699922993));
#1878=CARTESIAN_POINT('Ctrl Pts',(-48.5256243186548,3.84859290572135,359.702538242442));
#1879=CARTESIAN_POINT('Ctrl Pts',(-48.780984181189,1.36743198886597,360.077504553526));
#1880=CARTESIAN_POINT('Ctrl Pts',(-48.7808974774342,-1.36822473346036,360.077654442829));
#1881=CARTESIAN_POINT('Ctrl Pts',(-48.52572997588,-3.84884278110414,359.702992435308));
#1882=CARTESIAN_POINT('Ctrl Pts',(-48.5000051594275,-4.07754923354055,359.66519881479));
#1883=CARTESIAN_POINT('Origin',(-56.0000007599592,0.000171040628949015,
360.990381056767));
#1884=CARTESIAN_POINT('',(-48.5000007599592,-40.2088289593711,348.));
#1885=CARTESIAN_POINT('',(-48.5000007599592,-40.2088289593711,348.));
#1886=CARTESIAN_POINT('',(-63.,-7.71527483462833E-15,373.114735393461));
#1887=CARTESIAN_POINT('Origin',(0.,0.,263.995534516622));
#1888=CARTESIAN_POINT('',(-48.5000007599592,40.2088289593711,348.));
#1889=CARTESIAN_POINT('Origin',(0.,0.,263.995534516622));
#1890=CARTESIAN_POINT('',(-48.5000007599592,-40.2088289593711,348.));
#1891=CARTESIAN_POINT('Origin',(0.,0.,367.));
#1892=CARTESIAN_POINT('',(-63.,-7.71527483462833E-15,367.));
#1893=CARTESIAN_POINT('',(-48.5000007599592,-40.2088289593711,329.));
#1894=CARTESIAN_POINT('',(-48.5000007599592,-40.2088289593711,367.));
#1895=CARTESIAN_POINT('',(-47.3306030748001,-41.5790092784295,329.));
#1896=CARTESIAN_POINT('Origin',(0.,0.,329.));
#1897=CARTESIAN_POINT('',(-47.3306030748001,-41.5790092784295,339.625283579547));
#1898=CARTESIAN_POINT('',(-47.3306030748001,-41.5790092784295,367.));
#1899=CARTESIAN_POINT('',(-46.1457210995329,-42.8902523867464,341.609628173532));
#1900=CARTESIAN_POINT('Ctrl Pts',(-46.1457174208686,-42.8902408912954,341.609608972879));
#1901=CARTESIAN_POINT('Ctrl Pts',(-46.3010678031531,-42.7230990265459,341.609608972879));
#1902=CARTESIAN_POINT('Ctrl Pts',(-46.4530472831637,-42.557709607826,341.566869026836));
#1903=CARTESIAN_POINT('Ctrl Pts',(-46.7290822510777,-42.2543817911288,341.395594308513));
#1904=CARTESIAN_POINT('Ctrl Pts',(-46.8492732280029,-42.1208873148713,341.274496302045));
#1905=CARTESIAN_POINT('Ctrl Pts',(-47.0600929580323,-41.885249533985,340.959563054131));
#1906=CARTESIAN_POINT('Ctrl Pts',(-47.1448988250409,-41.7895579498795,340.767332143456));
#1907=CARTESIAN_POINT('Ctrl Pts',(-47.2482011299211,-41.6726704815565,340.41416104016));
#1908=CARTESIAN_POINT('Ctrl Pts',(-47.2788365916441,-41.6378741462138,340.264481701353));
#1909=CARTESIAN_POINT('Ctrl Pts',(-47.3205234600538,-41.590492891061,339.951589073337));
#1910=CARTESIAN_POINT('Ctrl Pts',(-47.3306030748001,-41.5790092784295,339.788427367117));
#1911=CARTESIAN_POINT('Ctrl Pts',(-47.3306030748001,-41.5790092784295,339.625283579547));
#1912=CARTESIAN_POINT('',(-14.0711865603637,-61.4084917569312,341.609625631497));
#1913=CARTESIAN_POINT('Origin',(0.,0.,341.609608972879));
#1914=CARTESIAN_POINT('',(-12.3431767619091,-61.7790092784298,339.625283579546));
#1915=CARTESIAN_POINT('Ctrl Pts',(-12.3431767619088,-61.7790092784295,339.625283579547));
#1916=CARTESIAN_POINT('Ctrl Pts',(-12.3431767619088,-61.7790092784295,339.930204327267));
#1917=CARTESIAN_POINT('Ctrl Pts',(-12.3955354933487,-61.7686351268446,340.234532921236));
#1918=CARTESIAN_POINT('Ctrl Pts',(-12.6022799460382,-61.7267482473937,340.742487410545));
#1919=CARTESIAN_POINT('Ctrl Pts',(-12.7338159679485,-61.6999212800583,340.94997689017));
#1920=CARTESIAN_POINT('Ctrl Pts',(-13.0583108241218,-61.632014901006,341.279398968567));
#1921=CARTESIAN_POINT('Ctrl Pts',(-13.2388954297623,-61.5936184619831,341.402297496671));
#1922=CARTESIAN_POINT('Ctrl Pts',(-13.6406769250889,-61.5058884022956,341.569032779394));
#1923=CARTESIAN_POINT('Ctrl Pts',(-13.8544586518482,-61.4581435568191,341.609608972879));
#1924=CARTESIAN_POINT('Ctrl Pts',(-14.0711794758616,-61.408484007978,341.609608972879));
#1925=CARTESIAN_POINT('',(-12.3431767619088,-61.7790092784295,329.));
#1926=CARTESIAN_POINT('',(-12.3431767619088,-61.7790092784295,367.));
#1927=CARTESIAN_POINT('',(59.6737798367088,-20.2000000000001,329.));
#1928=CARTESIAN_POINT('Origin',(0.,0.,329.));
#1929=CARTESIAN_POINT('',(59.6737798367092,-20.2,339.625283579546));
#1930=CARTESIAN_POINT('',(59.6737798367088,-20.2000000000001,367.));
#1931=CARTESIAN_POINT('',(60.2169083344894,-18.5182408499995,341.609624903421));
#1932=CARTESIAN_POINT('Ctrl Pts',(60.2168968967302,-18.5182431166827,341.609608972879));
#1933=CARTESIAN_POINT('Ctrl Pts',(60.1498229951427,-18.7363514000067,341.609608972879));
#1934=CARTESIAN_POINT('Ctrl Pts',(60.0825813050921,-18.9506641747445,341.566869037259));
#1935=CARTESIAN_POINT('Ctrl Pts',(59.9579092222077,-19.3413812912145,341.395594380738));
#1936=CARTESIAN_POINT('Ctrl Pts',(59.902395119457,-19.5122169198646,341.274496441346));
#1937=CARTESIAN_POINT('Ctrl Pts',(59.8037369152128,-19.8126103399846,340.959564056947));
#1938=CARTESIAN_POINT('Ctrl Pts',(59.763268632244,-19.9338998002656,340.76733418577));
#1939=CARTESIAN_POINT('Ctrl Pts',(59.7136920497897,-20.0818066158721,340.414163150139));
#1940=CARTESIAN_POINT('Ctrl Pts',(59.6988751154966,-20.1257363302277,340.264482597752));
#1941=CARTESIAN_POINT('Ctrl Pts',(59.6786851219556,-20.1855290137777,339.951588819402));
#1942=CARTESIAN_POINT('Ctrl Pts',(59.6737798367088,-20.2000000000001,339.788427240132));
#1943=CARTESIAN_POINT('Ctrl Pts',(59.6737798367088,-20.2000000000001,339.625283579547));
#1944=CARTESIAN_POINT('',(60.216910206708,18.5182405473672,341.609627242212));
#1945=CARTESIAN_POINT('Origin',(0.,0.,341.609608972879));
#1946=CARTESIAN_POINT('',(59.6737798303961,20.2000000017385,339.625283586597));
#1947=CARTESIAN_POINT('Ctrl Pts',(59.6737798367089,20.2,339.625283579547));
#1948=CARTESIAN_POINT('Ctrl Pts',(59.6737798367089,20.2,339.930204749224));
#1949=CARTESIAN_POINT('Ctrl Pts',(59.6909749714415,20.1494687928986,340.234533760127));
#1950=CARTESIAN_POINT('Ctrl Pts',(59.7580722522717,19.9494789345203,340.742488568813));
#1951=CARTESIAN_POINT('Ctrl Pts',(59.8006074858476,19.8221517364353,340.949978006807));
#1952=CARTESIAN_POINT('Ctrl Pts',(59.9040462309111,19.5071778433515,341.279399439912));
#1953=CARTESIAN_POINT('Ctrl Pts',(59.96108610245,19.3315891903847,341.402297574645));
#1954=CARTESIAN_POINT('Ctrl Pts',(60.086000244642,18.93977163965,341.569032744042));
#1955=CARTESIAN_POINT('Ctrl Pts',(60.1515428870898,18.7307587228074,341.609608972879));
#1956=CARTESIAN_POINT('Ctrl Pts',(60.2168968967302,18.5182431166826,341.609608972879));
#1957=CARTESIAN_POINT('',(59.6737798367089,20.2,329.));
#1958=CARTESIAN_POINT('',(59.6737798367089,20.2,367.));
#1959=CARTESIAN_POINT('',(-12.3431767619088,61.7790092784295,329.));
#1960=CARTESIAN_POINT('Origin',(0.,0.,329.));
#1961=CARTESIAN_POINT('',(-12.3431767619087,61.7790092784295,339.625283579547));
#1962=CARTESIAN_POINT('',(-12.3431767619088,61.7790092784295,367.));
#1963=CARTESIAN_POINT('',(-14.0711875930793,61.4084929435713,341.609628172071));
#1964=CARTESIAN_POINT('Ctrl Pts',(-14.0711794758616,61.408484007978,341.609608972879));
#1965=CARTESIAN_POINT('Ctrl Pts',(-13.848755183811,61.4594504531492,341.609608972879));
#1966=CARTESIAN_POINT('Ctrl Pts',(-13.6295340056769,61.5083738343324,341.566869026836));
#1967=CARTESIAN_POINT('Ctrl Pts',(-13.2288269267856,61.5957632205302,341.395594308513));
#1968=CARTESIAN_POINT('Ctrl Pts',(-13.0531218306192,61.6331044217242,341.274496302045));
#1969=CARTESIAN_POINT('Ctrl Pts',(-12.7436436612678,61.6978607731051,340.959563054134));
#1970=CARTESIAN_POINT('Ctrl Pts',(-12.6183693850009,61.7234590162715,340.767332143462));
#1971=CARTESIAN_POINT('Ctrl Pts',(-12.465490715607,61.7544777024062,340.414161040165));
#1972=CARTESIAN_POINT('Ctrl Pts',(-12.4200384743786,61.763610622844,340.264481701354));
#1973=CARTESIAN_POINT('Ctrl Pts',(-12.3581616695479,61.7760218823147,339.951589073335));
#1974=CARTESIAN_POINT('Ctrl Pts',(-12.3431767619087,61.7790092784295,339.788427367116));
#1975=CARTESIAN_POINT('Ctrl Pts',(-12.3431767619087,61.7790092784295,339.625283579547));
#1976=CARTESIAN_POINT('',(-46.1457210992668,42.8902523862804,341.609628173862));
#1977=CARTESIAN_POINT('Origin',(0.,0.,341.609608972879));
#1978=CARTESIAN_POINT('',(-47.3306030748001,41.5790092784295,339.625283579547));
#1979=CARTESIAN_POINT('Ctrl Pts',(-47.3306030748001,41.5790092784295,339.625283579547));
#1980=CARTESIAN_POINT('Ctrl Pts',(-47.3306030748001,41.5790092784295,339.930204749222));
#1981=CARTESIAN_POINT('Ctrl Pts',(-47.2954393331331,41.6191663054796,340.234533760123));
#1982=CARTESIAN_POINT('Ctrl Pts',(-47.1557916756958,41.7772691843898,340.742488568804));
#1983=CARTESIAN_POINT('Ctrl Pts',(-47.0667907043516,41.8777693762625,340.949978006796));
#1984=CARTESIAN_POINT('Ctrl Pts',(-46.8457346839389,42.1248369037708,341.279399439916));
#1985=CARTESIAN_POINT('Ctrl Pts',(-46.7221903856116,42.2620292080478,341.402297574657));
#1986=CARTESIAN_POINT('Ctrl Pts',(-46.4453235041163,42.5661168038522,341.569032744047));
#1987=CARTESIAN_POINT('Ctrl Pts',(-46.2970843296439,42.7273848556551,341.609608972879));
#1988=CARTESIAN_POINT('Ctrl Pts',(-46.1457174208686,42.8902408912954,341.609608972879));
#1989=CARTESIAN_POINT('',(-47.3306030748001,41.5790092784295,329.));
#1990=CARTESIAN_POINT('',(-47.3306030748001,41.5790092784295,367.));
#1991=CARTESIAN_POINT('',(-48.5000007599592,40.2088289593711,329.));
#1992=CARTESIAN_POINT('Origin',(0.,0.,329.));
#1993=CARTESIAN_POINT('',(-48.5000007599592,40.2088289593711,367.));
#1994=CARTESIAN_POINT('Origin',(-56.0000007599592,0.,335.));
#1995=CARTESIAN_POINT('Origin',(-48.5000007599592,0.,335.));
#1996=CARTESIAN_POINT('Origin',(0.,0.,389.00000038743));
#1997=CARTESIAN_POINT('',(-23.6908013658545,2.90128640619294E-15,389.561640918145));
#1998=CARTESIAN_POINT('Origin',(-22.2999167860784,-2.73095217133232E-15,
389.00000038743));
#1999=CARTESIAN_POINT('Origin',(0.,0.,389.561640918145));
#2000=CARTESIAN_POINT('Ctrl Pts',(-29.165341258662,0.,364.396609657735));
#2001=CARTESIAN_POINT('Ctrl Pts',(-29.165341258662,-29.165341258662,364.396609657735));
#2002=CARTESIAN_POINT('Ctrl Pts',(0.,-29.165341258662,364.396609657735));
#2003=CARTESIAN_POINT('Ctrl Pts',(29.165341258662,-29.165341258662,364.396609657735));
#2004=CARTESIAN_POINT('Ctrl Pts',(29.165341258662,0.,364.396609657735));
#2005=CARTESIAN_POINT('Ctrl Pts',(29.165341258662,29.165341258662,364.396609657735));
#2006=CARTESIAN_POINT('Ctrl Pts',(0.,29.165341258662,364.396609657735));
#2007=CARTESIAN_POINT('Ctrl Pts',(-29.165341258662,29.165341258662,364.396609657735));
#2008=CARTESIAN_POINT('Ctrl Pts',(-29.165341258662,0.,364.396609657735));
#2009=CARTESIAN_POINT('Ctrl Pts',(-28.5823871998264,0.,377.447787064918));
#2010=CARTESIAN_POINT('Ctrl Pts',(-28.5823871998264,-28.5823871998264,377.447787064918));
#2011=CARTESIAN_POINT('Ctrl Pts',(0.,-28.5823871998264,377.447787064918));
#2012=CARTESIAN_POINT('Ctrl Pts',(28.5823871998264,-28.5823871998264,377.447787064918));
#2013=CARTESIAN_POINT('Ctrl Pts',(28.5823871998264,0.,377.447787064918));
#2014=CARTESIAN_POINT('Ctrl Pts',(28.5823871998264,28.5823871998264,377.447787064918));
#2015=CARTESIAN_POINT('Ctrl Pts',(0.,28.5823871998264,377.447787064918));
#2016=CARTESIAN_POINT('Ctrl Pts',(-28.5823871998264,28.5823871998264,377.447787064918));
#2017=CARTESIAN_POINT('Ctrl Pts',(-28.5823871998264,0.,377.447787064918));
#2018=CARTESIAN_POINT('Ctrl Pts',(-23.6908013658545,0.,389.561640918145));
#2019=CARTESIAN_POINT('Ctrl Pts',(-23.6908013658545,-23.6908013658545,389.561640918145));
#2020=CARTESIAN_POINT('Ctrl Pts',(0.,-23.6908013658545,389.561640918145));
#2021=CARTESIAN_POINT('Ctrl Pts',(23.6908013658545,-23.6908013658545,389.561640918145));
#2022=CARTESIAN_POINT('Ctrl Pts',(23.6908013658545,0.,389.561640918145));
#2023=CARTESIAN_POINT('Ctrl Pts',(23.6908013658545,23.6908013658545,389.561640918145));
#2024=CARTESIAN_POINT('Ctrl Pts',(0.,23.6908013658545,389.561640918145));
#2025=CARTESIAN_POINT('Ctrl Pts',(-23.6908013658545,23.6908013658545,389.561640918145));
#2026=CARTESIAN_POINT('Ctrl Pts',(-23.6908013658545,0.,389.561640918145));
#2027=CARTESIAN_POINT('',(-29.165341258662,3.57172418184607E-15,364.396609657735));
#2028=CARTESIAN_POINT('',(29.165341258662,-3.57172418184607E-15,364.396609657735));
#2029=CARTESIAN_POINT('Origin',(0.,0.,364.396609657735));
#2030=CARTESIAN_POINT('Origin',(0.,0.,364.396609657735));
#2031=CARTESIAN_POINT('',(-29.038459654079,0.000700254265294772,366.55454626717));
#2032=CARTESIAN_POINT('Ctrl Pts',(-29.165341258662,0.,364.396609657735));
#2033=CARTESIAN_POINT('Ctrl Pts',(-29.1171072822321,0.,365.476472082397));
#2034=CARTESIAN_POINT('Ctrl Pts',(-29.0383031942656,0.,366.554534830291));
#2035=CARTESIAN_POINT('',(-28.295448082468,-4.31410097497216,370.690526348102));
#2036=CARTESIAN_POINT('Ctrl Pts',(-29.0384167736093,0.000733711478519659,
366.554391497958));
#2037=CARTESIAN_POINT('Ctrl Pts',(-29.0384295126992,-0.329427765181905,
366.554625377652));
#2038=CARTESIAN_POINT('Ctrl Pts',(-29.0151315967061,-1.32005483440608,366.644670506083));
#2039=CARTESIAN_POINT('Ctrl Pts',(-28.8590804101793,-2.89192505760995,367.241455490455));
#2040=CARTESIAN_POINT('Ctrl Pts',(-28.5513557200093,-4.17307973401757,368.768410587001));
#2041=CARTESIAN_POINT('Ctrl Pts',(-28.3669592386468,-4.38227164845218,370.058698189453));
#2042=CARTESIAN_POINT('Ctrl Pts',(-28.2951821619084,-4.31575269456775,370.690665205821));
#2043=CARTESIAN_POINT('',(-26.4448456949759,5.72205246945115E-8,381.460063385835));
#2044=CARTESIAN_POINT('Ctrl Pts',(-28.2962184429339,-4.30931601408253,370.690124083238));
#2045=CARTESIAN_POINT('Ctrl Pts',(-28.1648184095777,-4.18781000792577,371.846571425492));
#2046=CARTESIAN_POINT('Ctrl Pts',(-27.9344834953759,-3.95815450347404,373.572093391864));
#2047=CARTESIAN_POINT('Ctrl Pts',(-27.5683581651981,-3.50080966488873,375.840676643465));
#2048=CARTESIAN_POINT('Ctrl Pts',(-27.3180075207018,-3.1268196763137,377.236671569211));
#2049=CARTESIAN_POINT('Ctrl Pts',(-27.1086491106118,-2.75131097875935,378.327009957928));
#2050=CARTESIAN_POINT('Ctrl Pts',(-26.9749583978104,-2.47416805254665,378.994844759483));
#2051=CARTESIAN_POINT('Ctrl Pts',(-26.8678318856428,-2.21891758649365,379.51480669051));
#2052=CARTESIAN_POINT('Ctrl Pts',(-26.7881504022861,-2.00758164826239,379.894596830851));
#2053=CARTESIAN_POINT('Ctrl Pts',(-26.7295187956407,-1.83127230853886,380.169281203633));
#2054=CARTESIAN_POINT('Ctrl Pts',(-26.6912879153849,-1.70428152259678,380.346639108587));
#2055=CARTESIAN_POINT('Ctrl Pts',(-26.6660422926404,-1.61719464903491,380.463287359246));
#2056=CARTESIAN_POINT('Ctrl Pts',(-26.5981644778802,-1.36393526339768,380.775209025527));
#2057=CARTESIAN_POINT('Ctrl Pts',(-26.4943546224339,-0.892398537235269,
381.242404155447));
#2058=CARTESIAN_POINT('Ctrl Pts',(-26.4449735285495,-0.298638418212388,
381.459645221132));
#2059=CARTESIAN_POINT('Ctrl Pts',(-26.4450714127464,-0.000182760156263617,
381.459207690314));
#2060=CARTESIAN_POINT('Ctrl Pts',(-26.4450714819819,3.27664844676544E-9,
381.459207381492));
#2061=CARTESIAN_POINT('Ctrl Pts',(-26.444791243496,0.,381.460048223506));
#2062=CARTESIAN_POINT('Ctrl Pts',(-25.2952899490429,0.,385.588176919838));
#2063=CARTESIAN_POINT('Ctrl Pts',(-23.6908013658545,0.,389.561640918145));
#2064=CARTESIAN_POINT('',(-28.2954423591409,4.31414943889651,370.690530659441));
#2065=CARTESIAN_POINT('Ctrl Pts',(-26.4446068832324,1.11154153568531E-7,
381.460928564374));
#2066=CARTESIAN_POINT('Ctrl Pts',(-26.4447198213065,0.298502231730278,381.460424802105));
#2067=CARTESIAN_POINT('Ctrl Pts',(-26.4943974002484,0.898598504966973,381.241742279221));
#2068=CARTESIAN_POINT('Ctrl Pts',(-26.5980840287054,1.36798625200024,380.774799855302));
#2069=CARTESIAN_POINT('Ctrl Pts',(-26.6722594568011,1.6446418349771,380.433751430575));
#2070=CARTESIAN_POINT('Ctrl Pts',(-26.7231818160455,1.81646278218067,380.197874661434));
#2071=CARTESIAN_POINT('Ctrl Pts',(-26.8146671497857,2.09188236621359,379.768980427755));
#2072=CARTESIAN_POINT('Ctrl Pts',(-26.9482867169248,2.42380759416427,379.126255261672));
#2073=CARTESIAN_POINT('Ctrl Pts',(-27.1079083900241,2.75530064397636,378.328510099239));
#2074=CARTESIAN_POINT('Ctrl Pts',(-27.2390827171495,2.99123824317073,377.645033064891));
#2075=CARTESIAN_POINT('Ctrl Pts',(-27.3417453593154,3.16025909698212,377.091596125519));
#2076=CARTESIAN_POINT('Ctrl Pts',(-27.4174058905376,3.27813485054926,376.674062894017));
#2077=CARTESIAN_POINT('Ctrl Pts',(-27.5906326084203,3.53410643394872,375.694323122474));
#2078=CARTESIAN_POINT('Ctrl Pts',(-27.913951950531,3.94398261349649,373.719042563337));
#2079=CARTESIAN_POINT('Ctrl Pts',(-28.1638262970464,4.1940194739578,371.84719843024));
#2080=CARTESIAN_POINT('Ctrl Pts',(-28.2951821619083,4.31575269456761,370.690665205823));
#2081=CARTESIAN_POINT('Ctrl Pts',(-28.2956847747228,4.31265574831233,370.690405307842));
#2082=CARTESIAN_POINT('Ctrl Pts',(-28.3674035902021,4.37912887520171,370.058971085578));
#2083=CARTESIAN_POINT('Ctrl Pts',(-28.5519409078191,4.17044154632618,368.767259210034));
#2084=CARTESIAN_POINT('Ctrl Pts',(-28.8598547292504,2.8896960541832,367.239961190448));
#2085=CARTESIAN_POINT('Ctrl Pts',(-29.0148292653396,1.32030410598277,366.645935751992));
#2086=CARTESIAN_POINT('Ctrl Pts',(-29.038170393819,0.330230646781742,366.557417503656));
#2087=CARTESIAN_POINT('Ctrl Pts',(-29.0381716866325,6.6788687635988E-9,
366.55769587921));
#2088=CARTESIAN_POINT('',(-16.9560171853411,23.0594131778471,370.690665205822));
#2089=CARTESIAN_POINT('',(-23.0594131778471,16.9560171853411,370.690665205822));
#2090=CARTESIAN_POINT('Ctrl Pts',(-16.9560171853411,23.0594131778471,370.690665205822));
#2091=CARTESIAN_POINT('Ctrl Pts',(-16.9597352396674,23.1572032389107,370.058698189459));
#2092=CARTESIAN_POINT('Ctrl Pts',(-17.2378470047599,23.1403234335919,368.766045547481));
#2093=CARTESIAN_POINT('Ctrl Pts',(-18.3621138836753,22.4519793740145,367.237526823394));
#2094=CARTESIAN_POINT('Ctrl Pts',(-19.8258815687991,21.2514667466988,366.524286432368));
#2095=CARTESIAN_POINT('Ctrl Pts',(-21.2495679234537,19.8281723902463,366.525666488864));
#2096=CARTESIAN_POINT('Ctrl Pts',(-22.4499657097034,18.3630391260918,367.242390135004));
#2097=CARTESIAN_POINT('Ctrl Pts',(-23.1404459220869,17.2373573042829,368.767390975306));
#2098=CARTESIAN_POINT('Ctrl Pts',(-23.1572032389115,16.9597352396674,370.058698189454));
#2099=CARTESIAN_POINT('Ctrl Pts',(-23.0594131778471,16.9560171853411,370.690665205822));
#2100=CARTESIAN_POINT('Ctrl Pts',(-23.0594131778469,16.9560171853411,370.690665205823));
#2101=CARTESIAN_POINT('Ctrl Pts',(-22.8804204928071,16.9492117439739,371.847403138947));
#2102=CARTESIAN_POINT('Ctrl Pts',(-22.5551022333352,16.9486174757237,373.574018578765));
#2103=CARTESIAN_POINT('Ctrl Pts',(-21.9731797931566,17.0135139867931,375.840275815114));
#2104=CARTESIAN_POINT('Ctrl Pts',(-21.5304450028617,17.1016292336427,377.2392833105));
#2105=CARTESIAN_POINT('Ctrl Pts',(-21.117060623696,17.2192399846785,378.328748346236));
#2106=CARTESIAN_POINT('Ctrl Pts',(-20.7689128073721,17.3414580039234,379.12733111562));
#2107=CARTESIAN_POINT('Ctrl Pts',(-20.3730576614997,17.5093547013215,379.902340181895));
#2108=CARTESIAN_POINT('Ctrl Pts',(-19.9109157174999,17.7526377018802,380.62143121262));
#2109=CARTESIAN_POINT('Ctrl Pts',(-19.3637799127865,18.1040702759761,381.244479707067));
#2110=CARTESIAN_POINT('Ctrl Pts',(-18.7990791325085,18.5823178811708,381.513646167619));
#2111=CARTESIAN_POINT('Ctrl Pts',(-18.3846775922765,19.0312251511412,381.406125341561));
#2112=CARTESIAN_POINT('Ctrl Pts',(-18.0468831831239,19.4547497007514,381.136986505752));
#2113=CARTESIAN_POINT('Ctrl Pts',(-17.8076988658753,19.8239573523325,380.722827465922));
#2114=CARTESIAN_POINT('Ctrl Pts',(-17.6287046442026,20.1451363207579,380.258901148284));
#2115=CARTESIAN_POINT('Ctrl Pts',(-17.4805518858302,20.4410642045843,379.769038103821));
#2116=CARTESIAN_POINT('Ctrl Pts',(-17.2845947613389,20.9013308658839,378.870189528673));
#2117=CARTESIAN_POINT('Ctrl Pts',(-17.1682516905062,21.2824725247582,377.91642537437));
#2118=CARTESIAN_POINT('Ctrl Pts',(-17.0977448214695,21.5705731888077,377.086714396687));
#2119=CARTESIAN_POINT('Ctrl Pts',(-17.0187907726194,21.9348393340541,375.972839021601));
#2120=CARTESIAN_POINT('Ctrl Pts',(-16.9491279835809,22.4997995086156,373.863686938738));
#2121=CARTESIAN_POINT('Ctrl Pts',(-16.9492117439739,22.8804204928071,371.847403138947));
#2122=CARTESIAN_POINT('Ctrl Pts',(-16.9560171853411,23.0594131778468,370.690665205823));
#2123=CARTESIAN_POINT('',(4.31575269456897,-28.2951821619097,370.69066520581));
#2124=CARTESIAN_POINT('',(-4.31575269456898,-28.2951821619097,370.69066520581));
#2125=CARTESIAN_POINT('Ctrl Pts',(4.31575269456898,-28.2951821619097,370.69066520581));
#2126=CARTESIAN_POINT('Ctrl Pts',(4.19401947383558,-28.1638262969144,371.847198431404));
#2127=CARTESIAN_POINT('Ctrl Pts',(3.9639597946498,-27.9335378311905,373.572862969385));
#2128=CARTESIAN_POINT('Ctrl Pts',(3.50585617952611,-27.5675332163897,375.84167687553));
#2129=CARTESIAN_POINT('Ctrl Pts',(3.13127980384717,-27.3172561688366,377.237828137158));
#2130=CARTESIAN_POINT('Ctrl Pts',(2.75520155297355,-27.107965510088,378.328300127972));
#2131=CARTESIAN_POINT('Ctrl Pts',(2.47764799864728,-26.974317187901,378.996221031571));
#2132=CARTESIAN_POINT('Ctrl Pts',(2.22202543901533,-26.8672259212467,379.516252003537));
#2133=CARTESIAN_POINT('Ctrl Pts',(2.01038474590248,-26.7875709207811,379.896093436594));
#2134=CARTESIAN_POINT('Ctrl Pts',(1.83382370097853,-26.7289586303538,380.170815855013));
#2135=CARTESIAN_POINT('Ctrl Pts',(1.70665256780812,-26.6907405321061,380.348198718999));
#2136=CARTESIAN_POINT('Ctrl Pts',(1.61944228035329,-26.6655033560465,380.464863473584));
#2137=CARTESIAN_POINT('Ctrl Pts',(1.36582533117884,-26.5976482586327,380.776829597537));
#2138=CARTESIAN_POINT('Ctrl Pts',(0.89362934013988,-26.4938731140622,381.244092775454));
#2139=CARTESIAN_POINT('Ctrl Pts',(0.00203366230470642,-26.4198494851433,
381.569903501381));
#2140=CARTESIAN_POINT('Ctrl Pts',(-0.898470679538346,-26.4943691651547,
381.241869434248));
#2141=CARTESIAN_POINT('Ctrl Pts',(-1.3679862887211,-26.5980840382164,380.774799813012));
#2142=CARTESIAN_POINT('Ctrl Pts',(-1.64464187194781,-26.6722594692425,380.433751373793));
#2143=CARTESIAN_POINT('Ctrl Pts',(-1.81646279979042,-26.723181823772,380.197874626276));
#2144=CARTESIAN_POINT('Ctrl Pts',(-2.09188231834649,-26.8146671385179,379.768980478607));
#2145=CARTESIAN_POINT('Ctrl Pts',(-2.42380742951258,-26.9482866438315,379.126255622838));
#2146=CARTESIAN_POINT('Ctrl Pts',(-2.75530072765746,-27.1079084296509,378.328509907313));
#2147=CARTESIAN_POINT('Ctrl Pts',(-2.99123844683416,-27.2390828380332,377.645032427624));
#2148=CARTESIAN_POINT('Ctrl Pts',(-3.16025928026582,-27.3417454772956,377.091595482114));
#2149=CARTESIAN_POINT('Ctrl Pts',(-3.27813501321089,-27.41740600121,376.674062276646));
#2150=CARTESIAN_POINT('Ctrl Pts',(-3.53410651537112,-27.5906326762257,375.694322710564));
#2151=CARTESIAN_POINT('Ctrl Pts',(-3.94398258642203,-27.9139519330618,373.719042657086));
#2152=CARTESIAN_POINT('Ctrl Pts',(-4.1940194738356,-28.1638262969144,371.847198431404));
#2153=CARTESIAN_POINT('Ctrl Pts',(-4.31575269456899,-28.2951821619097,370.69066520581));
#2154=CARTESIAN_POINT('Ctrl Pts',(-4.31575269456878,-28.2951821619095,370.690665205812));
#2155=CARTESIAN_POINT('Ctrl Pts',(-4.38227164845185,-28.3669592386486,370.058698189439));
#2156=CARTESIAN_POINT('Ctrl Pts',(-4.17415235612853,-28.5513992174235,368.767513708219));
#2157=CARTESIAN_POINT('Ctrl Pts',(-2.88995385881287,-28.8591412558159,367.242444540816));
#2158=CARTESIAN_POINT('Ctrl Pts',(-1.00513992247473,-29.0463442495644,366.525695113125));
#2159=CARTESIAN_POINT('Ctrl Pts',(1.00797735780449,-29.0460757670875,366.524273524726));
#2160=CARTESIAN_POINT('Ctrl Pts',(2.89191408443576,-28.8599316267145,367.237495745678));
#2161=CARTESIAN_POINT('Ctrl Pts',(4.17363890557839,-28.5516996993746,368.765918347801));
#2162=CARTESIAN_POINT('Ctrl Pts',(4.38227164845159,-28.3669592386481,370.058698189442));
#2163=CARTESIAN_POINT('Ctrl Pts',(4.31575269456876,-28.2951821619095,370.690665205812));
#2164=CARTESIAN_POINT('',(23.0594131778495,-16.9560171853412,370.690665205806));
#2165=CARTESIAN_POINT('',(16.9560171853412,-23.0594131778495,370.690665205806));
#2166=CARTESIAN_POINT('Ctrl Pts',(23.0594131778495,-16.9560171853412,370.690665205806));
#2167=CARTESIAN_POINT('Ctrl Pts',(22.9699168353297,-16.9526144646575,371.269034172368));
#2168=CARTESIAN_POINT('Ctrl Pts',(22.7717890749825,-16.9487314090187,372.425231844336));
#2169=CARTESIAN_POINT('Ctrl Pts',(22.2895798924738,-16.9697421637951,374.711400237663));
#2170=CARTESIAN_POINT('Ctrl Pts',(21.7384041793853,-17.041959259385,376.693197407736));
#2171=CARTESIAN_POINT('Ctrl Pts',(21.1185726947789,-17.2176464748176,378.32904603946));
#2172=CARTESIAN_POINT('Ctrl Pts',(20.771254681865,-17.3388423338962,379.128167568807));
#2173=CARTESIAN_POINT('Ctrl Pts',(20.3739899733974,-17.5087068630667,379.901523171762));
#2174=CARTESIAN_POINT('Ctrl Pts',(19.9921009676032,-17.7069829197702,380.504446223442));
#2175=CARTESIAN_POINT('Ctrl Pts',(19.6379213627614,-17.9283826062317,380.931190002441));
#2176=CARTESIAN_POINT('Ctrl Pts',(19.2543003222284,-18.1956813453181,381.300096329802));
#2177=CARTESIAN_POINT('Ctrl Pts',(18.6809109553479,-18.6836300506946,381.566228061745));
#2178=CARTESIAN_POINT('Ctrl Pts',(18.2414513981151,-19.2009191404778,381.323814203349));
#2179=CARTESIAN_POINT('Ctrl Pts',(17.9566322241732,-19.5945948404523,380.979238769774));
#2180=CARTESIAN_POINT('Ctrl Pts',(17.7254083362291,-19.9571073362124,380.559081455763));
#2181=CARTESIAN_POINT('Ctrl Pts',(17.5078575475927,-20.376387835165,379.896381066373));
#2182=CARTESIAN_POINT('Ctrl Pts',(17.366899001883,-20.7060449403002,379.254567688096));
#2183=CARTESIAN_POINT('Ctrl Pts',(17.2782371711693,-20.945968547672,378.725042884059));
#2184=CARTESIAN_POINT('Ctrl Pts',(17.2023157384831,-21.1724687498086,378.187243420295));
#2185=CARTESIAN_POINT('Ctrl Pts',(17.0414408029513,-21.7426250700794,376.678969837089));
#2186=CARTESIAN_POINT('Ctrl Pts',(16.9697959518738,-22.2897661320105,374.709683466408));
#2187=CARTESIAN_POINT('Ctrl Pts',(16.9487416003378,-22.7714563786596,372.427205538262));
#2188=CARTESIAN_POINT('Ctrl Pts',(16.9526144646575,-22.9699168353297,371.269034172368));
#2189=CARTESIAN_POINT('Ctrl Pts',(16.9560171853412,-23.0594131778495,370.690665205806));
#2190=CARTESIAN_POINT('Ctrl Pts',(16.9560171853412,-23.0594131778492,370.690665205808));
#2191=CARTESIAN_POINT('Ctrl Pts',(16.9597352396693,-23.1572032389109,370.058698189448));
#2192=CARTESIAN_POINT('Ctrl Pts',(17.2378470047647,-23.1403234335895,368.766045547472));
#2193=CARTESIAN_POINT('Ctrl Pts',(18.3621138836797,-22.4519793740111,367.237526823392));
#2194=CARTESIAN_POINT('Ctrl Pts',(19.8258815688005,-21.2514667466973,366.524286432369));
#2195=CARTESIAN_POINT('Ctrl Pts',(21.2495679234523,-19.8281723902477,366.525666488865));
#2196=CARTESIAN_POINT('Ctrl Pts',(22.4499657097001,-18.3630391260962,367.242390135001));
#2197=CARTESIAN_POINT('Ctrl Pts',(23.1404459220847,-17.2373573042873,368.767390975298));
#2198=CARTESIAN_POINT('Ctrl Pts',(23.157203238912,-16.9597352396694,370.058698189441));
#2199=CARTESIAN_POINT('Ctrl Pts',(23.0594131778491,-16.9560171853412,370.690665205808));
#2200=CARTESIAN_POINT('',(4.31575269456777,28.2951821619084,370.690665205821));
#2201=CARTESIAN_POINT('',(-4.31575269456777,28.2951821619084,370.690665205821));
#2202=CARTESIAN_POINT('Ctrl Pts',(4.31575269456777,28.2951821619084,370.690665205822));
#2203=CARTESIAN_POINT('Ctrl Pts',(4.38227164845237,28.366959238647,370.058698189451));
#2204=CARTESIAN_POINT('Ctrl Pts',(4.17368910802424,28.5516793191099,368.766042442762));
#2205=CARTESIAN_POINT('Ctrl Pts',(2.89198305376431,28.8599227576329,367.237526508723));
#2206=CARTESIAN_POINT('Ctrl Pts',(1.00805883765105,29.0460720551895,366.524287586605));
#2207=CARTESIAN_POINT('Ctrl Pts',(-1.00506358920606,29.0463486926702,366.525673232968));
#2208=CARTESIAN_POINT('Ctrl Pts',(-2.88988079212174,28.859151643042,367.24240249638));
#2209=CARTESIAN_POINT('Ctrl Pts',(-4.17410511362439,28.5514181349131,368.767398632289));
#2210=CARTESIAN_POINT('Ctrl Pts',(-4.38227164845222,28.3669592386468,370.058698189453));
#2211=CARTESIAN_POINT('Ctrl Pts',(-4.31575269456777,28.2951821619084,370.690665205821));
#2212=CARTESIAN_POINT('Ctrl Pts',(-4.31575269456762,28.2951821619083,370.690665205823));
#2213=CARTESIAN_POINT('Ctrl Pts',(-4.25488608420087,28.2295042294106,371.268931818619));
#2214=CARTESIAN_POINT('Ctrl Pts',(-4.11715680309681,28.0870268562004,372.422973929169));
#2215=CARTESIAN_POINT('Ctrl Pts',(-3.9288652483885,27.9135161047905,373.639126539759));
#2216=CARTESIAN_POINT('Ctrl Pts',(-3.7997800678395,27.8045347039742,374.350898870848));
#2217=CARTESIAN_POINT('Ctrl Pts',(-3.74643259055268,27.7603372842844,374.635255667627));
#2218=CARTESIAN_POINT('Ctrl Pts',(-3.64855104561488,27.6814290682521,375.13187724427));
#2219=CARTESIAN_POINT('Ctrl Pts',(-3.43272451187218,27.5175196909885,376.12082297552));
#2220=CARTESIAN_POINT('Ctrl Pts',(-3.13382374565343,27.3173722774442,377.237347396414));
#2221=CARTESIAN_POINT('Ctrl Pts',(-2.75821886615897,27.1081021755324,378.327751167534));
#2222=CARTESIAN_POINT('Ctrl Pts',(-2.42524530770035,26.9477469822828,379.129153334768));
#2223=CARTESIAN_POINT('Ctrl Pts',(-2.09259467725112,26.8138332576107,379.773118004434));
#2224=CARTESIAN_POINT('Ctrl Pts',(-1.77840569400586,26.7096044251918,380.261632344137));
#2225=CARTESIAN_POINT('Ctrl Pts',(-1.47002415375823,26.6216950395866,380.667170493773));
#2226=CARTESIAN_POINT('Ctrl Pts',(-1.15413872672521,26.5521074737302,380.982066300633));
#2227=CARTESIAN_POINT('Ctrl Pts',(-0.673474196854144,26.4753897054503,381.325476648642));
#2228=CARTESIAN_POINT('Ctrl Pts',(0.00176441624730418,26.4204744813245,
381.56728212471));
#2229=CARTESIAN_POINT('Ctrl Pts',(0.751808443600275,26.4814978221596,381.298484279321));
#2230=CARTESIAN_POINT('Ctrl Pts',(1.21108911402246,26.5638145529378,380.929233525472));
#2231=CARTESIAN_POINT('Ctrl Pts',(1.61763727481625,26.6577656380964,380.502172434574));
#2232=CARTESIAN_POINT('Ctrl Pts',(2.02787061529706,26.7879043474812,379.897723562303));
#2233=CARTESIAN_POINT('Ctrl Pts',(2.36091113889888,26.9214225852785,379.255416769664));
#2234=CARTESIAN_POINT('Ctrl Pts',(2.59239815749017,27.0279951374614,378.727837331504));
#2235=CARTESIAN_POINT('Ctrl Pts',(2.80545825732612,27.1340095034859,378.192430030411));
#2236=CARTESIAN_POINT('Ctrl Pts',(3.32228813686073,27.4231177326281,376.686298630139));
#2237=CARTESIAN_POINT('Ctrl Pts',(3.76175822875967,27.7606397509471,374.710244525243));
#2238=CARTESIAN_POINT('Ctrl Pts',(4.11730121294678,28.0864860033459,372.426512173023));
#2239=CARTESIAN_POINT('Ctrl Pts',(4.25488608420084,28.2295042294106,371.268931818619));
#2240=CARTESIAN_POINT('Ctrl Pts',(4.3157526945676,28.2951821619083,370.690665205823));
#2241=CARTESIAN_POINT('',(16.9560171853412,23.0594131778495,370.690665205806));
#2242=CARTESIAN_POINT('',(23.0594131778495,16.9560171853412,370.690665205806));
#2243=CARTESIAN_POINT('Ctrl Pts',(16.9560171853412,23.0594131778495,370.690665205806));
#2244=CARTESIAN_POINT('Ctrl Pts',(16.9492117439739,22.8804204928099,371.847403138931));
#2245=CARTESIAN_POINT('Ctrl Pts',(16.9486174757237,22.5551022333381,373.574018578753));
#2246=CARTESIAN_POINT('Ctrl Pts',(17.0135139867927,21.9731797931596,375.840275815105));
#2247=CARTESIAN_POINT('Ctrl Pts',(17.1016292336422,21.5304450028644,377.239283310494));
#2248=CARTESIAN_POINT('Ctrl Pts',(17.2192399846779,21.1170606236986,378.328748346232));
#2249=CARTESIAN_POINT('Ctrl Pts',(17.3414580039227,20.7689128073745,379.127331115617));
#2250=CARTESIAN_POINT('Ctrl Pts',(17.5093547013207,20.3730576615018,379.902340181894));
#2251=CARTESIAN_POINT('Ctrl Pts',(17.7526377018795,19.9109157175015,380.621431212621));
#2252=CARTESIAN_POINT('Ctrl Pts',(18.1040702759756,19.3637799127876,381.24447970707));
#2253=CARTESIAN_POINT('Ctrl Pts',(18.5823178811709,18.7990791325087,381.513646167622));
#2254=CARTESIAN_POINT('Ctrl Pts',(19.031225151142,18.384677592276,381.406125341564));
#2255=CARTESIAN_POINT('Ctrl Pts',(19.4547497007525,18.0468831831234,381.136986505754));
#2256=CARTESIAN_POINT('Ctrl Pts',(19.823957352334,17.8076988658746,380.722827465924));
#2257=CARTESIAN_POINT('Ctrl Pts',(20.1451363207597,17.6287046442019,380.258901148285));
#2258=CARTESIAN_POINT('Ctrl Pts',(20.4410642045862,17.4805518858296,379.769038103821));
#2259=CARTESIAN_POINT('Ctrl Pts',(20.9013308658861,17.2845947613383,378.870189528672));
#2260=CARTESIAN_POINT('Ctrl Pts',(21.2824725247607,17.1682516905057,377.916425374366));
#2261=CARTESIAN_POINT('Ctrl Pts',(21.5705731888103,17.0977448214691,377.086714396681));
#2262=CARTESIAN_POINT('Ctrl Pts',(21.9348393340569,17.0187907726191,375.972839021593));
#2263=CARTESIAN_POINT('Ctrl Pts',(22.4997995086185,16.9491279835808,373.863686938727));
#2264=CARTESIAN_POINT('Ctrl Pts',(22.8804204928099,16.9492117439739,371.847403138931));
#2265=CARTESIAN_POINT('Ctrl Pts',(23.0594131778495,16.9560171853412,370.690665205806));
#2266=CARTESIAN_POINT('Ctrl Pts',(23.0594131778492,16.9560171853412,370.690665205808));
#2267=CARTESIAN_POINT('Ctrl Pts',(23.1572032389133,16.9597352396694,370.058698189432));
#2268=CARTESIAN_POINT('Ctrl Pts',(23.1401177255885,17.2380417255008,368.765902950986));
#2269=CARTESIAN_POINT('Ctrl Pts',(22.451720985951,18.3623630655555,367.237327819863));
#2270=CARTESIAN_POINT('Ctrl Pts',(21.2509109808108,19.8264047493736,366.523913732663));
#2271=CARTESIAN_POINT('Ctrl Pts',(19.8277498099399,21.249983488116,366.525306224051));
#2272=CARTESIAN_POINT('Ctrl Pts',(18.3615520053615,22.4513528410948,367.241448261078));
#2273=CARTESIAN_POINT('Ctrl Pts',(17.2380438284458,23.1396722622211,368.7684027377));
#2274=CARTESIAN_POINT('Ctrl Pts',(16.9597352396694,23.1572032389122,370.058698189439));
#2275=CARTESIAN_POINT('Ctrl Pts',(16.9560171853412,23.0594131778491,370.690665205808));
#2276=CARTESIAN_POINT('',(28.2951821619084,-4.31575269456777,370.690665205822));
#2277=CARTESIAN_POINT('',(28.2951821619084,4.31575269456776,370.690665205822));
#2278=CARTESIAN_POINT('Ctrl Pts',(28.2951821619084,-4.31575269456776,370.690665205822));
#2279=CARTESIAN_POINT('Ctrl Pts',(28.3669592386463,-4.3822716484518,370.058698189457));
#2280=CARTESIAN_POINT('Ctrl Pts',(28.551671357352,-4.17340011325932,368.765896986327));
#2281=CARTESIAN_POINT('Ctrl Pts',(28.8599159292188,-2.89161643436386,367.237324032962));
#2282=CARTESIAN_POINT('Ctrl Pts',(29.0460485515963,-1.00728401158287,366.523909334672));
#2283=CARTESIAN_POINT('Ctrl Pts',(29.0463431322695,1.00566771268967,366.525308544293));
#2284=CARTESIAN_POINT('Ctrl Pts',(28.8590804101793,2.89192505760974,367.241455490454));
#2285=CARTESIAN_POINT('Ctrl Pts',(28.5513557200094,4.17307973401765,368.768410587001));
#2286=CARTESIAN_POINT('Ctrl Pts',(28.3669592386468,4.3822716484522,370.058698189453));
#2287=CARTESIAN_POINT('Ctrl Pts',(28.2951821619084,4.31575269456775,370.690665205822));
#2288=CARTESIAN_POINT('Ctrl Pts',(28.2951821619082,4.3157526945676,370.690665205823));
#2289=CARTESIAN_POINT('Ctrl Pts',(28.2623431956594,4.28531938938422,370.979798512221));
#2290=CARTESIAN_POINT('Ctrl Pts',(28.1938999601133,4.22024938641569,371.557452957638));
#2291=CARTESIAN_POINT('Ctrl Pts',(28.0461262422262,4.0730258547766,372.709410220238));
#2292=CARTESIAN_POINT('Ctrl Pts',(27.760580674842,3.76018181471878,374.711719313916));
#2293=CARTESIAN_POINT('Ctrl Pts',(27.3737744394264,3.25818738248792,376.974322249101));
#2294=CARTESIAN_POINT('Ctrl Pts',(26.948747443089,2.45312794329454,379.139954979965));
#2295=CARTESIAN_POINT('Ctrl Pts',(26.6780063261478,1.74267003065378,380.415005972316));
#2296=CARTESIAN_POINT('Ctrl Pts',(26.5173798062148,0.994389732732758,381.138406567851));
#2297=CARTESIAN_POINT('Ctrl Pts',(26.4568205611955,0.452837961130424,381.407205757926));
#2298=CARTESIAN_POINT('Ctrl Pts',(26.4392587038696,-0.00154513098718532,
381.484663504201));
#2299=CARTESIAN_POINT('Ctrl Pts',(26.4571071307952,-0.455665168874771,381.405935785227));
#2300=CARTESIAN_POINT('Ctrl Pts',(26.5178536036504,-0.996685505010999,381.136287596932));
#2301=CARTESIAN_POINT('Ctrl Pts',(26.6790425630666,-1.74415624981741,380.410303924422));
#2302=CARTESIAN_POINT('Ctrl Pts',(26.9491461949408,-2.45587534749974,379.137780737395));
#2303=CARTESIAN_POINT('Ctrl Pts',(27.3740438898663,-3.2588776273146,376.972563096547));
#2304=CARTESIAN_POINT('Ctrl Pts',(27.76105777897,-3.76111642545911,374.708445175023));
#2305=CARTESIAN_POINT('Ctrl Pts',(28.0457370926032,-4.0726328002758,372.712084834548));
#2306=CARTESIAN_POINT('Ctrl Pts',(28.1938277743241,-4.22025295546065,371.558133392441));
#2307=CARTESIAN_POINT('Ctrl Pts',(28.2623431956594,-4.28531938938422,370.979798512221));
#2308=CARTESIAN_POINT('Ctrl Pts',(28.2951821619083,-4.3157526945676,370.690665205823));
#2309=CARTESIAN_POINT('',(-23.0594131778471,-16.9560171853411,370.690665205822));
#2310=CARTESIAN_POINT('',(-16.9560171853411,-23.0594131778471,370.690665205822));
#2311=CARTESIAN_POINT('Ctrl Pts',(-23.0594131778471,-16.9560171853411,370.690665205822));
#2312=CARTESIAN_POINT('Ctrl Pts',(-23.1572032389117,-16.9597352396674,370.058698189452));
#2313=CARTESIAN_POINT('Ctrl Pts',(-23.1404658811061,-17.2373106041144,368.767505995591));
#2314=CARTESIAN_POINT('Ctrl Pts',(-22.450009939828,-18.3629802221387,367.24243210201));
#2315=CARTESIAN_POINT('Ctrl Pts',(-21.2496186533208,-19.828115386686,366.525688313707));
#2316=CARTESIAN_POINT('Ctrl Pts',(-19.8259416860208,-21.2514118824387,366.524272334452));
#2317=CARTESIAN_POINT('Ctrl Pts',(-18.3621688374753,-22.451936961095,367.23749605453));
#2318=CARTESIAN_POINT('Ctrl Pts',(-17.2378968289951,-23.1403024199411,368.765921486112));
#2319=CARTESIAN_POINT('Ctrl Pts',(-16.9597352396674,-23.1572032389115,370.058698189453));
#2320=CARTESIAN_POINT('Ctrl Pts',(-16.9560171853411,-23.0594131778471,370.690665205822));
#2321=CARTESIAN_POINT('Ctrl Pts',(-16.9560171853411,-23.0594131778468,370.690665205823));
#2322=CARTESIAN_POINT('Ctrl Pts',(-16.9492117439739,-22.880420492807,371.847403138947));
#2323=CARTESIAN_POINT('Ctrl Pts',(-16.9486174757237,-22.5551022333352,373.574018578765));
#2324=CARTESIAN_POINT('Ctrl Pts',(-17.013513986793,-21.9731797931567,375.840275815114));
#2325=CARTESIAN_POINT('Ctrl Pts',(-17.1016292336426,-21.5304450028618,377.2392833105));
#2326=CARTESIAN_POINT('Ctrl Pts',(-17.2192399846783,-21.1170606236962,378.328748346236));
#2327=CARTESIAN_POINT('Ctrl Pts',(-17.3414580039233,-20.7689128073722,379.127331115619));
#2328=CARTESIAN_POINT('Ctrl Pts',(-17.5093547013213,-20.3730576614999,379.902340181895));
#2329=CARTESIAN_POINT('Ctrl Pts',(-17.7526377018801,-19.9109157175,380.62143121262));
#2330=CARTESIAN_POINT('Ctrl Pts',(-18.1040702759759,-19.3637799127867,381.244479707068));
#2331=CARTESIAN_POINT('Ctrl Pts',(-18.5823178811709,-18.7990791325084,381.513646167619));
#2332=CARTESIAN_POINT('Ctrl Pts',(-19.031225151141,-18.3846775922766,381.406125341561));
#2333=CARTESIAN_POINT('Ctrl Pts',(-19.4547497007516,-18.0468831831237,381.136986505753));
#2334=CARTESIAN_POINT('Ctrl Pts',(-19.8239573523328,-17.8076988658751,380.722827465923));
#2335=CARTESIAN_POINT('Ctrl Pts',(-20.1451363207581,-17.6287046442025,380.258901148285));
#2336=CARTESIAN_POINT('Ctrl Pts',(-20.4410642045845,-17.4805518858301,379.769038103822));
#2337=CARTESIAN_POINT('Ctrl Pts',(-20.901330865884,-17.2845947613388,378.870189528674));
#2338=CARTESIAN_POINT('Ctrl Pts',(-21.2824725247583,-17.1682516905062,377.916425374371));
#2339=CARTESIAN_POINT('Ctrl Pts',(-21.5705731888078,-17.0977448214694,377.086714396687));
#2340=CARTESIAN_POINT('Ctrl Pts',(-21.9348393340543,-17.0187907726193,375.972839021601));
#2341=CARTESIAN_POINT('Ctrl Pts',(-22.4997995086156,-16.9491279835809,373.863686938739));
#2342=CARTESIAN_POINT('Ctrl Pts',(-22.8804204928071,-16.9492117439739,371.847403138947));
#2343=CARTESIAN_POINT('Ctrl Pts',(-23.0594131778468,-16.9560171853411,370.690665205823));
#2344=CARTESIAN_POINT('Origin',(-48.5000007599592,-40.2088289593711,329.));
#2345=CARTESIAN_POINT('',(-48.5000007599592,10.,329.));
#2346=CARTESIAN_POINT('',(-48.5000007599592,-20.1044144796855,329.));
#2347=CARTESIAN_POINT('',(-48.5000007599592,10.,335.));
#2348=CARTESIAN_POINT('',(-48.5000007599592,10.,332.));
#2349=CARTESIAN_POINT('',(-48.5000007599592,-10.,335.));
#2350=CARTESIAN_POINT('Origin',(-48.5000007599592,0.,335.));
#2351=CARTESIAN_POINT('',(-48.5000007599592,-10.,329.));
#2352=CARTESIAN_POINT('',(-48.5000007599592,-10.,332.));
#2353=CARTESIAN_POINT('',(-48.5000007599592,-20.1044144796855,329.));
#2354=CARTESIAN_POINT('Origin',(-46.5,0.,335.));
#2355=CARTESIAN_POINT('',(-34.,10.,335.));
#2356=CARTESIAN_POINT('',(-46.5,10.,335.));
#2357=CARTESIAN_POINT('',(-34.,-10.,335.));
#2358=CARTESIAN_POINT('Origin',(-34.,0.,335.));
#2359=CARTESIAN_POINT('',(-46.5,-10.,335.));
#2360=CARTESIAN_POINT('Origin',(0.,0.,329.));
#2361=CARTESIAN_POINT('',(-36.6794919243112,23.1307436087193,329.));
#2362=CARTESIAN_POINT('',(-27.0866025403784,6.51537180435967,329.));
#2363=CARTESIAN_POINT('',(-34.,13.1307436087193,329.));
#2364=CARTESIAN_POINT('Origin',(-54.,13.1307436087193,329.));
#2365=CARTESIAN_POINT('',(-34.,10.,329.));
#2366=CARTESIAN_POINT('',(-34.,-6.56537180435966,329.));
#2367=CARTESIAN_POINT('',(-23.25,10.,329.));
#2368=CARTESIAN_POINT('Origin',(0.,0.,329.));
#2369=CARTESIAN_POINT('',(-34.,-10.,329.));
#2370=CARTESIAN_POINT('',(-23.25,-10.,329.));
#2371=CARTESIAN_POINT('',(-34.,-13.1307436087194,329.));
#2372=CARTESIAN_POINT('',(-34.,-6.56537180435966,329.));
#2373=CARTESIAN_POINT('',(-36.6794919243112,-23.1307436087194,329.));
#2374=CARTESIAN_POINT('Origin',(-54.,-13.1307436087193,329.));
#2375=CARTESIAN_POINT('',(-79.9937131564457,-98.1531754730548,329.));
#2376=CARTESIAN_POINT('Origin',(-46.5,10.,335.));
#2377=CARTESIAN_POINT('',(-34.,10.,298.5));
#2378=CARTESIAN_POINT('Origin',(-46.5,-10.,335.));
#2379=CARTESIAN_POINT('',(-34.,-10.,298.5));
#2380=CARTESIAN_POINT('Origin',(0.,0.,329.));
#2381=CARTESIAN_POINT('',(-2.19206561141991,-44.1967690125038,329.));
#2382=CARTESIAN_POINT('',(7.65082377251287,-27.1483845062519,329.));
#2383=CARTESIAN_POINT('',(5.12844246426885,-36.8762609368151,329.));
#2384=CARTESIAN_POINT('Origin',(15.1284424642688,-54.1967690125038,329.));
#2385=CARTESIAN_POINT('',(29.3715575357311,-22.8794919243113,329.));
#2386=CARTESIAN_POINT('',(23.3107787678655,-26.3786841774372,329.));
#2387=CARTESIAN_POINT('',(39.3715575357311,-20.2,329.));
#2388=CARTESIAN_POINT('Origin',(39.3715575357311,-40.2,329.));
#2389=CARTESIAN_POINT('',(125.,-20.2000000000001,329.));
#2390=CARTESIAN_POINT('Ctrl Pts',(59.6737798367089,20.2,339.625283579547));
#2391=CARTESIAN_POINT('Ctrl Pts',(52.6162865994283,20.2,343.971500937676));
#2392=CARTESIAN_POINT('Ctrl Pts',(45.535944034871,20.2,348.28186798522));
#2393=CARTESIAN_POINT('Ctrl Pts',(38.3715575357321,20.2,352.449518961576));
#2394=CARTESIAN_POINT('Ctrl Pts',(59.9558843118045,20.2,340.083371673431));
#2395=CARTESIAN_POINT('Ctrl Pts',(52.8928208272093,20.1997983226386,344.425167640214));
#2396=CARTESIAN_POINT('Ctrl Pts',(45.805606203784,20.2003625280383,348.730302693479));
#2397=CARTESIAN_POINT('Ctrl Pts',(38.627602415383,20.2,352.889672057252));
#2398=CARTESIAN_POINT('Ctrl Pts',(60.4459616748236,19.798507928872,340.879171190633));
#2399=CARTESIAN_POINT('Ctrl Pts',(53.3735598382551,19.8088952186757,345.213796954099));
#2400=CARTESIAN_POINT('Ctrl Pts',(46.2741818189135,19.8217849022742,349.509590806646));
#2401=CARTESIAN_POINT('Ctrl Pts',(39.0730517570841,19.8422315804755,353.655420261178));
#2402=CARTESIAN_POINT('Ctrl Pts',(60.6759519070831,18.9142701361864,341.252634912086));
#2403=CARTESIAN_POINT('Ctrl Pts',(53.6050406576331,18.9425003497313,345.593451999959));
#2404=CARTESIAN_POINT('Ctrl Pts',(46.5076557743523,18.9780098922892,349.897225176231));
#2405=CARTESIAN_POINT('Ctrl Pts',(39.3052289850473,19.0354673995065,354.054543749893));
#2406=CARTESIAN_POINT('Ctrl Pts',(60.7093648588776,18.5158447052465,341.306891674207));
#2407=CARTESIAN_POINT('Ctrl Pts',(53.6414484398341,18.5500200158905,345.653109032337));
#2408=CARTESIAN_POINT('Ctrl Pts',(46.5477086169378,18.5932596346666,349.96347607988));
#2409=CARTESIAN_POINT('Ctrl Pts',(39.3497788556458,18.6639798112404,354.131127056236));
#2410=CARTESIAN_POINT('',(39.3497788556458,18.6639798112404,354.131127056236));
#2411=CARTESIAN_POINT('Ctrl Pts',(60.216910206708,18.5182405473672,341.609627242212));
#2412=CARTESIAN_POINT('Ctrl Pts',(53.3119182690575,18.5520431322037,345.853230243727));
#2413=CARTESIAN_POINT('Ctrl Pts',(46.3805520371637,18.5949019600615,350.060260892459));
#2414=CARTESIAN_POINT('Ctrl Pts',(39.3497788556458,18.6639798112404,354.131127056236));
#2415=CARTESIAN_POINT('',(38.3715575357316,20.2,352.449518961576));
#2416=CARTESIAN_POINT('Origin',(38.3715575357321,18.2,352.449518961576));
#2417=CARTESIAN_POINT('Ctrl Pts',(38.3715575357321,20.2,352.449518961576));
#2418=CARTESIAN_POINT('Ctrl Pts',(45.535944032257,20.2,348.28186798674));
#2419=CARTESIAN_POINT('Ctrl Pts',(52.6162865942617,20.2,343.971500940822));
#2420=CARTESIAN_POINT('Ctrl Pts',(59.6737798289839,20.2,339.625283584304));
#2421=CARTESIAN_POINT('Ctrl Pts',(38.3715575357319,20.2,352.449518961576));
#2422=CARTESIAN_POINT('Ctrl Pts',(36.9537414890504,20.2,353.356764637831));
#2423=CARTESIAN_POINT('Ctrl Pts',(33.5956374678561,20.5486497908276,355.379449138721));
#2424=CARTESIAN_POINT('Ctrl Pts',(30.2114073419855,21.8172541434018,356.951611367359));
#2425=CARTESIAN_POINT('Ctrl Pts',(28.3715575357309,22.8794919243114,357.522784223455));
#2426=CARTESIAN_POINT('Ctrl Pts',(38.6276024153828,20.2,352.889672057253));
#2427=CARTESIAN_POINT('Ctrl Pts',(37.1937113697733,20.1813731531831,353.786994133878));
#2428=CARTESIAN_POINT('Ctrl Pts',(33.7873800022112,20.494705198826,355.788370383948));
#2429=CARTESIAN_POINT('Ctrl Pts',(30.3333459802188,21.7586975209984,357.344693540653));
#2430=CARTESIAN_POINT('Ctrl Pts',(28.4535101259774,22.8321765742718,357.909960659323));
#2431=CARTESIAN_POINT('Ctrl Pts',(39.0730520366618,19.8422321843422,353.655420741786));
#2432=CARTESIAN_POINT('Ctrl Pts',(37.5857893189914,19.8170129908622,354.5365183649));
#2433=CARTESIAN_POINT('Ctrl Pts',(34.0479985635345,20.1309083267752,356.502069343549));
#2434=CARTESIAN_POINT('Ctrl Pts',(30.4498719365956,21.4433405137045,358.030673170473));
#2435=CARTESIAN_POINT('Ctrl Pts',(28.4890254357315,22.5632152422603,358.58602236733));
#2436=CARTESIAN_POINT('Ctrl Pts',(39.3052289850471,19.0354673995065,354.054543749893));
#2437=CARTESIAN_POINT('Ctrl Pts',(37.7592565591704,19.0380990743481,354.949408428301));
#2438=CARTESIAN_POINT('Ctrl Pts',(34.0891582945918,19.4328447757302,356.944835892246));
#2439=CARTESIAN_POINT('Ctrl Pts',(30.3634118807905,20.8597796900006,358.495703095843));
#2440=CARTESIAN_POINT('Ctrl Pts',(28.3269029235514,22.0512252333293,359.058964071857));
#2441=CARTESIAN_POINT('Ctrl Pts',(39.3497788556457,18.6639798112404,354.131127056236));
#2442=CARTESIAN_POINT('Ctrl Pts',(37.7828792541737,18.6793747122972,355.038372732492));
#2443=CARTESIAN_POINT('Ctrl Pts',(34.0656766606037,19.110358908974,357.061057233381));
#2444=CARTESIAN_POINT('Ctrl Pts',(30.2935243065831,20.5873648913899,358.633219462019));
#2445=CARTESIAN_POINT('Ctrl Pts',(28.2283154289056,21.8093777666232,359.204392318115));
#2446=CARTESIAN_POINT('',(28.2283154289056,21.8093777666232,359.204392318115));
#2447=CARTESIAN_POINT('',(28.371557535731,22.8794919243113,357.522784223455));
#2448=CARTESIAN_POINT('Origin',(27.3715575357309,21.1474411167425,357.522784223455));
#2449=CARTESIAN_POINT('Ctrl Pts',(28.3715575357309,22.8794919243114,357.522784223455));
#2450=CARTESIAN_POINT('Ctrl Pts',(30.2114073419855,21.8172541434018,356.951611367359));
#2451=CARTESIAN_POINT('Ctrl Pts',(33.5956374678561,20.5486497908276,355.379449138721));
#2452=CARTESIAN_POINT('Ctrl Pts',(36.9537414890504,20.2,353.356764637831));
#2453=CARTESIAN_POINT('Ctrl Pts',(38.3715575357319,20.2,352.449518961576));
#2454=CARTESIAN_POINT('Ctrl Pts',(39.3497788556457,18.6639798112404,354.131127056236));
#2455=CARTESIAN_POINT('Ctrl Pts',(37.7828792541737,18.6793747122972,355.038372732492));
#2456=CARTESIAN_POINT('Ctrl Pts',(34.0656766606037,19.110358908974,357.061057233381));
#2457=CARTESIAN_POINT('Ctrl Pts',(30.2935243065831,20.5873648913899,358.633219462019));
#2458=CARTESIAN_POINT('Ctrl Pts',(28.2283154289056,21.8093777666232,359.204392318115));
#2459=CARTESIAN_POINT('Ctrl Pts',(28.3715575357308,22.8794919243114,357.522784223455));
#2460=CARTESIAN_POINT('Ctrl Pts',(25.1825001912055,24.7206950406343,358.422809760883));
#2461=CARTESIAN_POINT('Ctrl Pts',(19.7450565875439,27.8600045689117,359.400211437887));
#2462=CARTESIAN_POINT('Ctrl Pts',(12.0658926898219,32.2935719124128,359.050033600111));
#2463=CARTESIAN_POINT('Ctrl Pts',(7.75448069395267,34.7827667888152,358.122801248407));
#2464=CARTESIAN_POINT('Ctrl Pts',(5.62844246426909,36.0102355330305,357.522784223455));
#2465=CARTESIAN_POINT('Ctrl Pts',(28.4432660521965,22.8380909930267,357.861563604839));
#2466=CARTESIAN_POINT('Ctrl Pts',(25.2363195733494,24.6895378248516,358.758589703991));
#2467=CARTESIAN_POINT('Ctrl Pts',(19.7637610563229,27.849078755235,359.732317569955));
#2468=CARTESIAN_POINT('Ctrl Pts',(12.0324435969097,32.3127747961766,359.383483503666));
#2469=CARTESIAN_POINT('Ctrl Pts',(7.69464943416344,34.8172539954177,358.459581004274));
#2470=CARTESIAN_POINT('Ctrl Pts',(5.55673394780339,36.0516364643152,357.861563604839));
#2471=CARTESIAN_POINT('Ctrl Pts',(28.4931082620397,22.5934984522447,358.538537966507));
#2472=CARTESIAN_POINT('Ctrl Pts',(25.2548657096454,24.473011031846,359.42967669707));
#2473=CARTESIAN_POINT('Ctrl Pts',(19.7174865044717,27.6824307072256,360.396146931369));
#2474=CARTESIAN_POINT('Ctrl Pts',(11.8799898018282,32.2028544436518,360.049966582817));
#2475=CARTESIAN_POINT('Ctrl Pts',(7.4845407668979,34.7294087977034,359.132630453549));
#2476=CARTESIAN_POINT('Ctrl Pts',(5.31998948898835,35.972504813829,358.538537966507));
#2477=CARTESIAN_POINT('Ctrl Pts',(28.343334172659,22.091533144447,359.034726030814));
#2478=CARTESIAN_POINT('Ctrl Pts',(25.09109079843,24.0034148961168,359.929332895436));
#2479=CARTESIAN_POINT('Ctrl Pts',(19.5153742249354,27.2660748845773,360.900058411135));
#2480=CARTESIAN_POINT('Ctrl Pts',(11.59343204037,31.8237996736435,360.552327860003));
#2481=CARTESIAN_POINT('Ctrl Pts',(7.14806839403569,34.3514243233398,359.631130607229));
#2482=CARTESIAN_POINT('Ctrl Pts',(4.96016182530746,35.5918139936979,359.034726030814));
#2483=CARTESIAN_POINT('Ctrl Pts',(28.2283154289056,21.8093777666232,359.204392318115));
#2484=CARTESIAN_POINT('Ctrl Pts',(24.974062867366,23.7349643610088,360.104417855543));
#2485=CARTESIAN_POINT('Ctrl Pts',(19.3873769046565,27.020420003431,361.081819532547));
#2486=CARTESIAN_POINT('Ctrl Pts',(11.4341065200595,31.5901394317875,360.731641694771));
#2487=CARTESIAN_POINT('Ctrl Pts',(6.96980626463729,34.1141457564968,359.804409343067));
#2488=CARTESIAN_POINT('Ctrl Pts',(4.77331747217433,35.3511271507841,359.204392318115));
#2489=CARTESIAN_POINT('',(4.77331747217433,35.3511271507841,359.204392318115));
#2490=CARTESIAN_POINT('',(5.62844246426899,36.0102355330306,357.522784223455));
#2491=CARTESIAN_POINT('Origin',(4.62844246426909,34.2781847254616,357.522784223455));
#2492=CARTESIAN_POINT('Ctrl Pts',(5.62844246426909,36.0102355330305,357.522784223455));
#2493=CARTESIAN_POINT('Ctrl Pts',(7.75448069395267,34.7827667888152,358.122801248407));
#2494=CARTESIAN_POINT('Ctrl Pts',(12.0658926898219,32.2935719124128,359.050033600111));
#2495=CARTESIAN_POINT('Ctrl Pts',(19.7450565875439,27.8600045689117,359.400211437887));
#2496=CARTESIAN_POINT('Ctrl Pts',(25.1825001912055,24.7206950406343,358.422809760883));
#2497=CARTESIAN_POINT('Ctrl Pts',(28.3715575357308,22.8794919243114,357.522784223455));
#2498=CARTESIAN_POINT('Ctrl Pts',(28.2283154289056,21.8093777666232,359.204392318115));
#2499=CARTESIAN_POINT('Ctrl Pts',(24.974062867366,23.7349643610088,360.104417855543));
#2500=CARTESIAN_POINT('Ctrl Pts',(19.3873769046565,27.020420003431,361.081819532547));
#2501=CARTESIAN_POINT('Ctrl Pts',(11.4341065200595,31.5901394317875,360.731641694771));
#2502=CARTESIAN_POINT('Ctrl Pts',(6.96980626463729,34.1141457564968,359.804409343067));
#2503=CARTESIAN_POINT('Ctrl Pts',(4.77331747217433,35.3511271507841,359.204392318115));
#2504=CARTESIAN_POINT('Ctrl Pts',(5.628442464269,36.0102355330305,357.522784223455));
#2505=CARTESIAN_POINT('Ctrl Pts',(4.24855532889518,36.8069137420899,357.094404649469));
#2506=CARTESIAN_POINT('Ctrl Pts',(1.34691585418985,38.9981943669275,355.659019670186));
#2507=CARTESIAN_POINT('Ctrl Pts',(-0.746855063862797,41.6935909165004,353.659179670989));
#2508=CARTESIAN_POINT('Ctrl Pts',(-1.69206561142026,43.33074360872,352.449518961576));
#2509=CARTESIAN_POINT('Ctrl Pts',(5.54648987402249,36.0575508830701,357.909960659322));
#2510=CARTESIAN_POINT('Ctrl Pts',(4.1443065536189,36.8759853115503,357.486010387702));
#2511=CARTESIAN_POINT('Ctrl Pts',(1.20644213734993,39.1275123221274,356.065253769292));
#2512=CARTESIAN_POINT('Ctrl Pts',(-0.88566926606879,41.8843525839162,354.086101302595));
#2513=CARTESIAN_POINT('Ctrl Pts',(-1.82008805124569,43.5524849790066,352.889672057253));
#2514=CARTESIAN_POINT('Ctrl Pts',(5.29580500842811,35.953827727994,358.586022604368));
#2515=CARTESIAN_POINT('Ctrl Pts',(3.83310783009381,36.8074817311097,358.169510772924));
#2516=CARTESIAN_POINT('Ctrl Pts',(0.773779674169145,39.1550136769836,356.773910039196));
#2517=CARTESIAN_POINT('Ctrl Pts',(-1.39026063251936,42.0252169412029,354.830218059662));
#2518=CARTESIAN_POINT('Ctrl Pts',(-2.35264834171712,43.7593725220378,353.655421415563));
#2519=CARTESIAN_POINT('Ctrl Pts',(4.9334697748598,35.5574301589959,359.058964071857));
#2520=CARTESIAN_POINT('Ctrl Pts',(3.39591257946085,36.4333893100267,358.636518406989));
#2521=CARTESIAN_POINT('Ctrl Pts',(0.170503413561739,38.8337092295569,357.220741064873));
#2522=CARTESIAN_POINT('Ctrl Pts',(-2.13372923565863,41.7736800432311,355.247696464799));
#2523=CARTESIAN_POINT('Ctrl Pts',(-3.16741615164039,43.5570605023685,354.054543749893));
#2524=CARTESIAN_POINT('Ctrl Pts',(4.77331747217426,35.3511271507841,359.204392318115));
#2525=CARTESIAN_POINT('Ctrl Pts',(3.20514374701059,36.2342646963495,358.776012744129));
#2526=CARTESIAN_POINT('Ctrl Pts',(-0.0881107816324047,38.6499613029476,
357.340627764846));
#2527=CARTESIAN_POINT('Ctrl Pts',(-2.44903270956782,41.6108617678103,355.340787765649));
#2528=CARTESIAN_POINT('Ctrl Pts',(-3.51140877556872,43.4098980279091,354.131127056236));
#2529=CARTESIAN_POINT('',(-3.51140877556872,43.4098980279091,354.131127056236));
#2530=CARTESIAN_POINT('',(-1.69206561142007,43.3307436087197,352.449518961576));
#2531=CARTESIAN_POINT('Origin',(-3.42411641898917,42.3307436087201,352.449518961576));
#2532=CARTESIAN_POINT('Ctrl Pts',(-1.69206561142026,43.33074360872,352.449518961576));
#2533=CARTESIAN_POINT('Ctrl Pts',(-0.746855063862797,41.6935909165004,353.659179670989));
#2534=CARTESIAN_POINT('Ctrl Pts',(1.34691585418985,38.9981943669275,355.659019670186));
#2535=CARTESIAN_POINT('Ctrl Pts',(4.24855532889518,36.8069137420899,357.094404649469));
#2536=CARTESIAN_POINT('Ctrl Pts',(5.628442464269,36.0102355330305,357.522784223455));
#2537=CARTESIAN_POINT('Ctrl Pts',(4.77331747217426,35.3511271507841,359.204392318115));
#2538=CARTESIAN_POINT('Ctrl Pts',(3.20514374701059,36.2342646963495,358.776012744129));
#2539=CARTESIAN_POINT('Ctrl Pts',(-0.0881107816324047,38.6499613029476,
357.340627764846));
#2540=CARTESIAN_POINT('Ctrl Pts',(-2.44903270956782,41.6108617678103,355.340787765649));
#2541=CARTESIAN_POINT('Ctrl Pts',(-3.51140877556872,43.4098980279091,354.131127056236));
#2542=CARTESIAN_POINT('Ctrl Pts',(-1.6920656114203,43.3307436087201,352.449518961576));
#2543=CARTESIAN_POINT('Ctrl Pts',(-5.27425884650177,49.5352842944107,348.281868002076));
#2544=CARTESIAN_POINT('Ctrl Pts',(-8.81442874263645,55.6670384219418,343.971502662779));
#2545=CARTESIAN_POINT('Ctrl Pts',(-12.3431767619087,61.7790092784295,339.625283579547));
#2546=CARTESIAN_POINT('Ctrl Pts',(-1.82008805124573,43.5524849790067,352.889672057253));
#2547=CARTESIAN_POINT('Ctrl Pts',(-5.40877597244119,49.7689998470997,348.730302710301));
#2548=CARTESIAN_POINT('Ctrl Pts',(-8.95287051320913,55.9064232475806,344.425169363562));
#2549=CARTESIAN_POINT('Ctrl Pts',(-12.4842289994566,62.0233189203836,340.083371673431));
#2550=CARTESIAN_POINT('Ctrl Pts',(-2.35264910871715,43.7593714330052,353.655420453533));
#2551=CARTESIAN_POINT('Ctrl Pts',(-5.97092146774331,49.9855096382234,349.509591015769));
#2552=CARTESIAN_POINT('Ctrl Pts',(-9.53177185878709,56.1273041644557,345.21379891927));
#2553=CARTESIAN_POINT('Ctrl Pts',(-13.0769698410791,62.246992604823,340.879171435302));
#2554=CARTESIAN_POINT('Ctrl Pts',(-3.16741615164041,43.5570605023685,354.054543749893));
#2555=CARTESIAN_POINT('Ctrl Pts',(-6.81838919241508,49.7658162920846,349.897225193046));
#2556=CARTESIAN_POINT('Ctrl Pts',(-10.3978324017546,55.894574730298,345.593453722919));
#2557=CARTESIAN_POINT('Ctrl Pts',(-13.9577375215627,62.00405081843,341.252634912086));
#2558=CARTESIAN_POINT('Ctrl Pts',(-3.51140877556873,43.4098980279091,354.131127056236));
#2559=CARTESIAN_POINT('Ctrl Pts',(-7.17161911088424,49.6081279424888,349.963476096736));
#2560=CARTESIAN_POINT('Ctrl Pts',(-10.7559342309979,55.7298646298684,345.65311075744));
#2561=CARTESIAN_POINT('Ctrl Pts',(-14.3194905421677,61.8337745680295,341.306891674207));
#2562=CARTESIAN_POINT('Ctrl Pts',(-12.3431767619087,61.7790092784295,339.625283579547));
#2563=CARTESIAN_POINT('Ctrl Pts',(-8.81442874263645,55.6670384219418,343.971502662779));
#2564=CARTESIAN_POINT('Ctrl Pts',(-5.27425884650177,49.5352842944107,348.281868002076));
#2565=CARTESIAN_POINT('Ctrl Pts',(-1.6920656114203,43.3307436087201,352.449518961576));
#2566=CARTESIAN_POINT('Ctrl Pts',(-3.51140877556873,43.4098980279091,354.131127056236));
#2567=CARTESIAN_POINT('Ctrl Pts',(-7.08661829690436,49.4641868736135,350.060261169584));
#2568=CARTESIAN_POINT('Ctrl Pts',(-10.5894166911746,55.4454940329271,345.85323242916));
#2569=CARTESIAN_POINT('Ctrl Pts',(-14.0711875930793,61.4084929435713,341.609628172071));
#2570=CARTESIAN_POINT('Origin',(0.,-3.4655525106393E-17,351.75001790747));
#2571=CARTESIAN_POINT('',(40.3543152974561,-18.6542921942356,353.548046210416));
#2572=CARTESIAN_POINT('Ctrl Pts',(60.2169083344894,-18.5182408499995,341.609624903421));
#2573=CARTESIAN_POINT('Ctrl Pts',(53.6409911116549,-18.5504402293242,345.65089630934));
#2574=CARTESIAN_POINT('Ctrl Pts',(47.0402309880239,-18.5910069400568,349.65779047073));
#2575=CARTESIAN_POINT('Ctrl Pts',(40.3543152974561,-18.6542921942356,353.548046210416));
#2576=CARTESIAN_POINT('',(29.2396243055976,-21.7944761227705,358.691504264278));
#2577=CARTESIAN_POINT('Ctrl Pts',(40.3543152974561,-18.6542921942356,353.548046210416));
#2578=CARTESIAN_POINT('Ctrl Pts',(38.2638252134263,-18.674079640331,354.764415280045));
#2579=CARTESIAN_POINT('Ctrl Pts',(34.5193676433302,-19.2375830786558,356.779245220371));
#2580=CARTESIAN_POINT('Ctrl Pts',(30.7864219047785,-20.8789440271688,358.245299061683));
#2581=CARTESIAN_POINT('Ctrl Pts',(29.2396243055976,-21.7944761227705,358.691504264277));
#2582=CARTESIAN_POINT('',(4.25475783169384,-36.2194955071457,358.691504264278));
#2583=CARTESIAN_POINT('Ctrl Pts',(29.2396243055976,-21.7944761227705,358.691504264278));
#2584=CARTESIAN_POINT('Ctrl Pts',(26.9327949620306,-23.1598624565931,359.35695606944));
#2585=CARTESIAN_POINT('Ctrl Pts',(22.2304557262386,-25.9332190406338,360.39225880674));
#2586=CARTESIAN_POINT('Ctrl Pts',(13.7668304278756,-30.844211809728,360.785842703436));
#2587=CARTESIAN_POINT('Ctrl Pts',(7.75856871597477,-34.246876036926,359.689681972022));
#2588=CARTESIAN_POINT('Ctrl Pts',(4.25475783169383,-36.2194955071457,358.691504264278));
#2589=CARTESIAN_POINT('',(-4.02206671890237,-44.2750082970419,353.548046210416));
#2590=CARTESIAN_POINT('Ctrl Pts',(4.25475783169384,-36.2194955071457,358.691504264278));
#2591=CARTESIAN_POINT('Ctrl Pts',(2.1663943430174,-37.395228620237,358.09656408374));
#2592=CARTESIAN_POINT('Ctrl Pts',(-0.993673960123249,-39.9200243411898,
356.497276544205));
#2593=CARTESIAN_POINT('Ctrl Pts',(-3.22528073412769,-42.924615653327,354.460322875264));
#2594=CARTESIAN_POINT('Ctrl Pts',(-4.02206671890231,-44.2750082970417,353.548046210416));
#2595=CARTESIAN_POINT('Ctrl Pts',(-4.02206671890239,-44.2750082970419,353.548046210416));
#2596=CARTESIAN_POINT('Ctrl Pts',(-7.41983099794293,-50.033538159726,349.657790704353));
#2597=CARTESIAN_POINT('Ctrl Pts',(-10.7553426652304,-55.7296804173854,345.650896790595));
#2598=CARTESIAN_POINT('Ctrl Pts',(-14.0711865603637,-61.4084917569312,341.609625631497));
#2599=CARTESIAN_POINT('',(-35.8383700800769,-24.7459182166687,354.131127056236));
#2600=CARTESIAN_POINT('Ctrl Pts',(-35.8383700800769,-24.7459182166687,354.131127056236));
#2601=CARTESIAN_POINT('Ctrl Pts',(-39.2939332617094,-30.8692849089763,350.0602611695));
#2602=CARTESIAN_POINT('Ctrl Pts',(-42.7224979780578,-36.8934508222962,345.853232471646));
#2603=CARTESIAN_POINT('Ctrl Pts',(-46.1457210995329,-42.8902523867464,341.609628173532));
#2604=CARTESIAN_POINT('',(-33.00163290108,-13.541749384161,359.204392318115));
#2605=CARTESIAN_POINT('Ctrl Pts',(-33.00163290108,-13.541749384161,359.204392318115));
#2606=CARTESIAN_POINT('Ctrl Pts',(-32.9823655871029,-15.3413965236832,358.776012724324));
#2607=CARTESIAN_POINT('Ctrl Pts',(-33.4277926697092,-19.4012766165587,357.340632583236));
#2608=CARTESIAN_POINT('Ctrl Pts',(-34.811546962031,-22.9263553409689,355.340787821574));
#2609=CARTESIAN_POINT('Ctrl Pts',(-35.8383700800769,-24.7459182166687,354.131127056236));
#2610=CARTESIAN_POINT('',(-33.0826536442354,1.44747841004933E-7,360.871029694248));
#2611=CARTESIAN_POINT('Ctrl Pts',(-33.0826536324913,-0.000267846953787357,
360.871029601032));
#2612=CARTESIAN_POINT('Ctrl Pts',(-33.0825675020109,-1.95979958913776,360.870343072781));
#2613=CARTESIAN_POINT('Ctrl Pts',(-33.0691316081757,-6.53388678840032,360.615766831567));
#2614=CARTESIAN_POINT('Ctrl Pts',(-33.0286208378421,-11.0209640140086,359.804428285825));
#2615=CARTESIAN_POINT('Ctrl Pts',(-33.00163290108,-13.541749384161,359.204392318115));
#2616=CARTESIAN_POINT('',(-30.0806699336958,-7.40229475520812E-15,362.804246138856));
#2617=CARTESIAN_POINT('',(-47.250003144145,-5.82111203612435E-15,351.75001790747));
#2618=CARTESIAN_POINT('',(30.0806699336958,-3.68381961505086E-15,362.804246138856));
#2619=CARTESIAN_POINT('Origin',(0.,-1.85983957237802E-15,362.804246138856));
#2620=CARTESIAN_POINT('Origin',(0.,-1.85983957237802E-15,362.804246138856));
#2621=CARTESIAN_POINT('',(-33.00163290108,13.5417493841609,359.204392318115));
#2622=CARTESIAN_POINT('Ctrl Pts',(-33.00163290108,13.5417493841608,359.204392318115));
#2623=CARTESIAN_POINT('Ctrl Pts',(-33.0421148062232,9.7605713289321,360.10444626968));
#2624=CARTESIAN_POINT('Ctrl Pts',(-33.0784716583542,5.22429130874383,360.788535659446));
#2625=CARTESIAN_POINT('Ctrl Pts',(-33.0826821743183,0.653001408917703,360.871255181166));
#2626=CARTESIAN_POINT('Ctrl Pts',(-33.0826536442354,1.44747841046566E-7,
360.871029694248));
#2627=CARTESIAN_POINT('',(-35.838370080077,24.7459182166688,354.131127056236));
#2628=CARTESIAN_POINT('Ctrl Pts',(-35.8383700800769,24.7459182166686,354.131127056236));
#2629=CARTESIAN_POINT('Ctrl Pts',(-35.0682526895077,23.3812459676866,355.038372691539));
#2630=CARTESIAN_POINT('Ctrl Pts',(-33.5828944211114,19.946561864891,357.061055805691));
#2631=CARTESIAN_POINT('Ctrl Pts',(-32.9759431473747,15.9412790656538,358.633219487801));
#2632=CARTESIAN_POINT('Ctrl Pts',(-33.00163290108,13.5417493841608,359.204392318115));
#2633=CARTESIAN_POINT('Ctrl Pts',(-46.1457210992668,42.8902523862804,341.609628173862));
#2634=CARTESIAN_POINT('Ctrl Pts',(-42.7224979711935,36.8934508102738,345.853232480161));
#2635=CARTESIAN_POINT('Ctrl Pts',(-39.2939332617134,30.8692849089835,350.060261169495));
#2636=CARTESIAN_POINT('Ctrl Pts',(-35.838370080077,24.7459182166688,354.131127056236));
#2637=CARTESIAN_POINT('Ctrl Pts',(-47.3306030748001,41.5790092784295,339.625283579547));
#2638=CARTESIAN_POINT('Ctrl Pts',(-43.8018550111087,35.4670383450057,343.971502717489));
#2639=CARTESIAN_POINT('Ctrl Pts',(-40.261685158952,29.3352842936468,348.281868002589));
#2640=CARTESIAN_POINT('Ctrl Pts',(-36.6794919243117,23.1307436087202,352.449518961576));
#2641=CARTESIAN_POINT('Ctrl Pts',(-47.4716553123479,41.8233189203836,340.083371673431));
#2642=CARTESIAN_POINT('Ctrl Pts',(-43.9399474660688,35.7066248480265,344.425169418216));
#2643=CARTESIAN_POINT('Ctrl Pts',(-40.3968302018696,29.5686373182974,348.730302710813));
#2644=CARTESIAN_POINT('Ctrl Pts',(-36.8075143641371,23.3524849790068,352.889672057253));
#2645=CARTESIAN_POINT('Ctrl Pts',(-47.3689907381229,42.4484844387362,340.879170492927));
#2646=CARTESIAN_POINT('Ctrl Pts',(-43.8417840322652,36.3184086272783,345.213798031459));
#2647=CARTESIAN_POINT('Ctrl Pts',(-40.303259411836,30.1637245856129,349.5095902754));
#2648=CARTESIAN_POINT('Ctrl Pts',(-36.7204017385985,23.9171397030454,353.655419712654));
#2649=CARTESIAN_POINT('Ctrl Pts',(-46.7182143855204,43.0897806822436,341.252634912086));
#2650=CARTESIAN_POINT('Ctrl Pts',(-43.2072054050927,36.9520742921014,345.59345377756));
#2651=CARTESIAN_POINT('Ctrl Pts',(-39.6892665523699,30.7878063987915,349.897225193558));
#2652=CARTESIAN_POINT('Ctrl Pts',(-36.1378128334067,24.5215931028621,354.054543749893));
#2653=CARTESIAN_POINT('Ctrl Pts',(-46.3898743167099,43.317929862783,341.306891674207));
#2654=CARTESIAN_POINT('Ctrl Pts',(-42.8855113593228,37.1798445231482,345.653110812149));
#2655=CARTESIAN_POINT('Ctrl Pts',(-39.3760894765062,31.0148683067642,349.963476097249));
#2656=CARTESIAN_POINT('Ctrl Pts',(-35.838370080077,24.7459182166688,354.131127056236));
#2657=CARTESIAN_POINT('',(-36.6794919243114,23.1307436087198,352.449518961576));
#2658=CARTESIAN_POINT('Origin',(-34.9474411167428,24.1307436087202,352.449518961576));
#2659=CARTESIAN_POINT('Ctrl Pts',(-36.6794919243117,23.1307436087202,352.449518961576));
#2660=CARTESIAN_POINT('Ctrl Pts',(-40.261685158952,29.3352842936468,348.281868002589));
#2661=CARTESIAN_POINT('Ctrl Pts',(-43.8018550111087,35.4670383450057,343.971502717489));
#2662=CARTESIAN_POINT('Ctrl Pts',(-47.3306030748001,41.5790092784295,339.625283579547));
#2663=CARTESIAN_POINT('Ctrl Pts',(-36.6794919243116,23.13074360872,352.449518961576));
#2664=CARTESIAN_POINT('Ctrl Pts',(-35.9705839329705,21.9028789498257,353.356764596879));
#2665=CARTESIAN_POINT('Ctrl Pts',(-34.5934714608282,18.820350421631,355.37944771103));
#2666=CARTESIAN_POINT('Ctrl Pts',(-34.,15.2552190746401,356.951611393141));
#2667=CARTESIAN_POINT('Ctrl Pts',(-34.,13.130743608719,357.522784223455));
#2668=CARTESIAN_POINT('Ctrl Pts',(-36.807514364137,23.3524849790066,352.889672057253));
#2669=CARTESIAN_POINT('Ctrl Pts',(-36.074437551887,22.1200123862913,353.786994093374));
#2670=CARTESIAN_POINT('Ctrl Pts',(-34.6426269133758,19.0133749749019,355.788369730068));
#2671=CARTESIAN_POINT('Ctrl Pts',(-34.0102577960924,15.390099342438,357.344693566169));
#2672=CARTESIAN_POINT('Ctrl Pts',(-34.,13.2253743087983,357.909960659323));
#2673=CARTESIAN_POINT('Ctrl Pts',(-36.7204029750653,23.917139591457,353.655420609301));
#2674=CARTESIAN_POINT('Ctrl Pts',(-35.9549311885664,22.6417419501638,354.536518192643));
#2675=CARTESIAN_POINT('Ctrl Pts',(-34.4578767783645,19.4209780360437,356.502067697457));
#2676=CARTESIAN_POINT('Ctrl Pts',(-33.795413521694,15.6486922689019,358.030673148932));
#2677=CARTESIAN_POINT('Ctrl Pts',(-33.7848302357252,13.3906121238826,358.586022320722));
#2678=CARTESIAN_POINT('Ctrl Pts',(-36.1378128334067,24.5215931028619,354.054543749893));
#2679=CARTESIAN_POINT('Ctrl Pts',(-35.367105752525,23.1814259315762,354.949408387907));
#2680=CARTESIAN_POINT('Ctrl Pts',(-33.8739163112758,19.8056551591643,356.944834945571));
#2681=CARTESIAN_POINT('Ctrl Pts',(-33.2468050698949,15.8655960828327,358.495703121268));
#2682=CARTESIAN_POINT('Ctrl Pts',(-33.2603726984113,13.5062049256665,359.058964071857));
#2683=CARTESIAN_POINT('Ctrl Pts',(-35.8383700800769,24.7459182166686,354.131127056236));
#2684=CARTESIAN_POINT('Ctrl Pts',(-35.0682526895077,23.3812459676866,355.038372691539));
#2685=CARTESIAN_POINT('Ctrl Pts',(-33.5828944211114,19.946561864891,357.061055805691));
#2686=CARTESIAN_POINT('Ctrl Pts',(-32.9759431473747,15.9412790656538,358.633219487801));
#2687=CARTESIAN_POINT('Ctrl Pts',(-33.00163290108,13.5417493841608,359.204392318115));
#2688=CARTESIAN_POINT('',(-34.,13.1307436087192,357.522784223455));
#2689=CARTESIAN_POINT('Origin',(-32.,13.130743608719,357.522784223455));
#2690=CARTESIAN_POINT('Ctrl Pts',(-34.,13.130743608719,357.522784223455));
#2691=CARTESIAN_POINT('Ctrl Pts',(-34.,15.2552190746401,356.951611393141));
#2692=CARTESIAN_POINT('Ctrl Pts',(-34.5934714608282,18.820350421631,355.37944771103));
#2693=CARTESIAN_POINT('Ctrl Pts',(-35.9705839329705,21.9028789498257,353.356764596879));
#2694=CARTESIAN_POINT('Ctrl Pts',(-36.6794919243116,23.13074360872,352.449518961576));
#2695=CARTESIAN_POINT('Ctrl Pts',(-34.,13.130743608719,357.522784223455));
#2696=CARTESIAN_POINT('Ctrl Pts',(-34.,9.4482211211554,358.42283817502));
#2697=CARTESIAN_POINT('Ctrl Pts',(-34.,3.16993086392031,359.400141714361));
#2698=CARTESIAN_POINT('Ctrl Pts',(-34.,-5.69751289160248,359.050051067243));
#2699=CARTESIAN_POINT('Ctrl Pts',(-34.,-10.6757286170101,358.122820191165));
#2700=CARTESIAN_POINT('Ctrl Pts',(-34.,-13.1307436087192,357.522784223455));
#2701=CARTESIAN_POINT('Ctrl Pts',(-34.,13.2135454712883,357.861563604839));
#2702=CARTESIAN_POINT('Ctrl Pts',(-33.9999267483804,9.51040803039828,358.758618023435));
#2703=CARTESIAN_POINT('Ctrl Pts',(-33.9998821418614,3.19159138306689,359.732246932285));
#2704=CARTESIAN_POINT('Ctrl Pts',(-33.9999000701752,-5.7360834170587,359.383500048931));
#2705=CARTESIAN_POINT('Ctrl Pts',(-33.999951165587,-10.7447871773618,358.459599883903));
#2706=CARTESIAN_POINT('Ctrl Pts',(-34.,-13.2135454712885,357.861563604839));
#2707=CARTESIAN_POINT('Ctrl Pts',(-33.8130979475615,13.3790063884951,358.538538076611));
#2708=CARTESIAN_POINT('Ctrl Pts',(-33.8216825830431,9.63473158030542,359.429704940752));
#2709=CARTESIAN_POINT('Ctrl Pts',(-33.8324339523375,3.23483792690876,360.396080268546));
#2710=CARTESIAN_POINT('Ctrl Pts',(-33.8284875489465,-5.81315528421365,360.049985335556));
#2711=CARTESIAN_POINT('Ctrl Pts',(-33.8188210378826,-10.8828231830355,359.132649319371));
#2712=CARTESIAN_POINT('Ctrl Pts',(-33.8130979475615,-13.3790063884953,358.538538076611));
#2713=CARTESIAN_POINT('Ctrl Pts',(-33.3034959979665,13.5002808492508,359.034726030814));
#2714=CARTESIAN_POINT('Ctrl Pts',(-33.333113411833,9.727695493898,359.929361138504));
#2715=CARTESIAN_POINT('Ctrl Pts',(-33.3707940127723,3.26797803454328,360.899982866321));
#2716=CARTESIAN_POINT('Ctrl Pts',(-33.356933474185,-5.87179652872183,360.552340775888));
#2717=CARTESIAN_POINT('Ctrl Pts',(-33.3232409405442,-10.9852239456825,359.63114943594));
#2718=CARTESIAN_POINT('Ctrl Pts',(-33.3034959979666,-13.5002808492509,359.034726030814));
#2719=CARTESIAN_POINT('Ctrl Pts',(-33.00163290108,13.5417493841608,359.204392318115));
#2720=CARTESIAN_POINT('Ctrl Pts',(-33.0421148062232,9.7605713289321,360.10444626968));
#2721=CARTESIAN_POINT('Ctrl Pts',(-33.0940549193116,3.27995258889801,361.081749809021));
#2722=CARTESIAN_POINT('Ctrl Pts',(-33.0749182031826,-5.89294862663453,360.731659161903));
#2723=CARTESIAN_POINT('Ctrl Pts',(-33.0286208378421,-11.0209640140086,359.804428285825));
#2724=CARTESIAN_POINT('Ctrl Pts',(-33.00163290108,-13.541749384161,359.204392318115));
#2725=CARTESIAN_POINT('',(-34.,-13.1307436087193,357.522784223455));
#2726=CARTESIAN_POINT('Origin',(-32.,-13.1307436087192,357.522784223455));
#2727=CARTESIAN_POINT('Ctrl Pts',(-34.,-13.1307436087192,357.522784223455));
#2728=CARTESIAN_POINT('Ctrl Pts',(-34.,-10.6757286170101,358.122820191165));
#2729=CARTESIAN_POINT('Ctrl Pts',(-34.,-5.69751289160248,359.050051067243));
#2730=CARTESIAN_POINT('Ctrl Pts',(-34.,3.16993086392031,359.400141714361));
#2731=CARTESIAN_POINT('Ctrl Pts',(-34.,9.4482211211554,358.42283817502));
#2732=CARTESIAN_POINT('Ctrl Pts',(-34.,13.130743608719,357.522784223455));
#2733=CARTESIAN_POINT('Ctrl Pts',(-34.,-13.1307436087192,357.522784223455));
#2734=CARTESIAN_POINT('Ctrl Pts',(-34.,-14.7241001005012,357.094404629664));
#2735=CARTESIAN_POINT('Ctrl Pts',(-34.4468843175716,-18.33262504794,355.659024488576));
#2736=CARTESIAN_POINT('Ctrl Pts',(-35.7342813330555,-21.4935908408124,353.659179726913));
#2737=CARTESIAN_POINT('Ctrl Pts',(-36.6794919243116,-23.13074360872,352.449518961576));
#2738=CARTESIAN_POINT('Ctrl Pts',(-34.,-13.2253743087984,357.909960659322));
#2739=CARTESIAN_POINT('Ctrl Pts',(-34.0076933465495,-14.8489179743297,357.486010368102));
#2740=CARTESIAN_POINT('Ctrl Pts',(-34.4886393983172,-18.5189388149916,356.06525803022));
#2741=CARTESIAN_POINT('Ctrl Pts',(-35.8300786805132,-21.7091882997528,354.086101357908));
#2742=CARTESIAN_POINT('Ctrl Pts',(-36.8075143641371,-23.3524849790066,352.889672057253));
#2743=CARTESIAN_POINT('Ctrl Pts',(-33.7848302357253,-13.3906121238828,358.586022320722));
#2744=CARTESIAN_POINT('Ctrl Pts',(-33.7927676996655,-15.0841721182178,358.169510470022));
#2745=CARTESIAN_POINT('Ctrl Pts',(-34.2961251611161,-18.9073838589252,356.773914352037));
#2746=CARTESIAN_POINT('Ctrl Pts',(-35.6997739953614,-22.2166095179663,354.830217307713));
#2747=CARTESIAN_POINT('Ctrl Pts',(-36.7204029750653,-23.917139591457,353.655420609301));
#2748=CARTESIAN_POINT('Ctrl Pts',(-33.2603726984113,-13.5062049256667,359.058964071857));
#2749=CARTESIAN_POINT('Ctrl Pts',(-33.2501969777116,-15.2757481739778,358.636518387459));
#2750=CARTESIAN_POINT('Ctrl Pts',(-33.7162299148335,-19.2691839085831,357.220745533919));
#2751=CARTESIAN_POINT('Ctrl Pts',(-35.1102034616639,-22.7347036618829,355.24769651996));
#2752=CARTESIAN_POINT('Ctrl Pts',(-36.1378128334067,-24.521593102862,354.054543749893));
#2753=CARTESIAN_POINT('Ctrl Pts',(-33.00163290108,-13.541749384161,359.204392318115));
#2754=CARTESIAN_POINT('Ctrl Pts',(-32.9823655871029,-15.3413965236832,358.776012724324));
#2755=CARTESIAN_POINT('Ctrl Pts',(-33.4277926697092,-19.4012766165587,357.340632583236));
#2756=CARTESIAN_POINT('Ctrl Pts',(-34.811546962031,-22.9263553409689,355.340787821574));
#2757=CARTESIAN_POINT('Ctrl Pts',(-35.8383700800769,-24.7459182166687,354.131127056236));
#2758=CARTESIAN_POINT('',(-36.6794919243114,-23.1307436087197,352.449518961576));
#2759=CARTESIAN_POINT('Origin',(-34.9474411167428,-24.1307436087201,352.449518961576));
#2760=CARTESIAN_POINT('Ctrl Pts',(-36.6794919243116,-23.13074360872,352.449518961576));
#2761=CARTESIAN_POINT('Ctrl Pts',(-35.7342813330555,-21.4935908408124,353.659179726913));
#2762=CARTESIAN_POINT('Ctrl Pts',(-34.4468843175716,-18.33262504794,355.659024488576));
#2763=CARTESIAN_POINT('Ctrl Pts',(-34.,-14.7241001005012,357.094404629664));
#2764=CARTESIAN_POINT('Ctrl Pts',(-34.,-13.1307436087192,357.522784223455));
#2765=CARTESIAN_POINT('Ctrl Pts',(-36.6794919243116,-23.1307436087201,352.449518961576));
#2766=CARTESIAN_POINT('Ctrl Pts',(-40.2616851590254,-29.3352842937738,348.281868002503));
#2767=CARTESIAN_POINT('Ctrl Pts',(-43.8018550185065,-35.4670383578191,343.971502708377));
#2768=CARTESIAN_POINT('Ctrl Pts',(-47.3306030748001,-41.5790092784295,339.625283579547));
#2769=CARTESIAN_POINT('Ctrl Pts',(-36.8075143641371,-23.3524849790067,352.889672057253));
#2770=CARTESIAN_POINT('Ctrl Pts',(-40.3968302019431,-29.5686373184247,348.730302710728));
#2771=CARTESIAN_POINT('Ctrl Pts',(-43.9399474734728,-35.7066248608498,344.425169409114));
#2772=CARTESIAN_POINT('Ctrl Pts',(-47.4716553123479,-41.8233189203836,340.083371673431));
#2773=CARTESIAN_POINT('Ctrl Pts',(-36.7204017385984,-23.9171397030453,353.655419712654));
#2774=CARTESIAN_POINT('Ctrl Pts',(-40.3032594119093,-30.1637245857408,349.509590275315));
#2775=CARTESIAN_POINT('Ctrl Pts',(-43.8417840396598,-36.3184086401296,345.213798022371));
#2776=CARTESIAN_POINT('Ctrl Pts',(-47.3689907381229,-42.4484844387362,340.879170492927));
#2777=CARTESIAN_POINT('Ctrl Pts',(-36.1378128334067,-24.521593102862,354.054543749893));
#2778=CARTESIAN_POINT('Ctrl Pts',(-39.6892665524427,-30.7878063989198,349.897225193472));
#2779=CARTESIAN_POINT('Ctrl Pts',(-43.2072054124533,-36.9520743049688,345.59345376846));
#2780=CARTESIAN_POINT('Ctrl Pts',(-46.7182143855204,-43.0897806822436,341.252634912086));
#2781=CARTESIAN_POINT('Ctrl Pts',(-35.8383700800769,-24.7459182166687,354.131127056236));
#2782=CARTESIAN_POINT('Ctrl Pts',(-39.3760894765787,-31.0148683068926,349.963476097164));
#2783=CARTESIAN_POINT('Ctrl Pts',(-42.8855113666695,-37.1798445360163,345.653110803038));
#2784=CARTESIAN_POINT('Ctrl Pts',(-46.3898743167099,-43.317929862783,341.306891674207));
#2785=CARTESIAN_POINT('Ctrl Pts',(-47.3306030748001,-41.5790092784295,339.625283579547));
#2786=CARTESIAN_POINT('Ctrl Pts',(-43.8018550185065,-35.4670383578191,343.971502708377));
#2787=CARTESIAN_POINT('Ctrl Pts',(-40.2616851590254,-29.3352842937738,348.281868002503));
#2788=CARTESIAN_POINT('Ctrl Pts',(-36.6794919243116,-23.1307436087201,352.449518961576));
#2789=CARTESIAN_POINT('Origin',(-36.6794919243112,23.1307436087193,262.));
#2790=CARTESIAN_POINT('',(-36.6794919243112,23.1307436087193,262.));
#2791=CARTESIAN_POINT('Origin',(-54.,13.1307436087193,262.));
#2792=CARTESIAN_POINT('',(-34.,13.1307436087193,262.));
#2793=CARTESIAN_POINT('Origin',(-34.,-13.1307436087194,262.));
#2794=CARTESIAN_POINT('',(-34.,-13.1307436087194,262.));
#2795=CARTESIAN_POINT('Origin',(-54.,-13.1307436087193,262.));
#2796=CARTESIAN_POINT('',(-36.6794919243112,-23.1307436087194,262.));
#2797=CARTESIAN_POINT('Origin',(-142.493713156446,-206.40635094611,262.));
#2798=CARTESIAN_POINT('Ctrl Pts',(-12.343176761909,-61.7790092784299,339.625283579546));
#2799=CARTESIAN_POINT('Ctrl Pts',(-8.97871985056724,-55.9515989681097,343.769151816362));
#2800=CARTESIAN_POINT('Ctrl Pts',(-5.60348781020035,-50.1055255868599,347.879062394844));
#2801=CARTESIAN_POINT('Ctrl Pts',(-2.19206561142041,-44.1967690125047,351.866438115755));
#2802=CARTESIAN_POINT('Ctrl Pts',(-12.4842289994568,-62.023318920384,340.083371673431));
#2803=CARTESIAN_POINT('Ctrl Pts',(-9.11728315900809,-56.1912130828686,344.223024367936));
#2804=CARTESIAN_POINT('Ctrl Pts',(-5.73831762867167,-50.3397289896104,348.327980237326));
#2805=CARTESIAN_POINT('Ctrl Pts',(-2.32100916386619,-44.4201057966492,352.307711703189));
#2806=CARTESIAN_POINT('Ctrl Pts',(-13.0769698410794,-62.2469926048234,340.879171435302));
#2807=CARTESIAN_POINT('Ctrl Pts',(-9.69682884250021,-56.412224025145,345.011987753407));
#2808=CARTESIAN_POINT('Ctrl Pts',(-6.30194783699905,-50.556541579646,349.108101799181));
#2809=CARTESIAN_POINT('Ctrl Pts',(-2.8575726786579,-44.6283366330899,353.075341899954));
#2810=CARTESIAN_POINT('Ctrl Pts',(-13.957737521563,-62.0040508184304,341.252634912086));
#2811=CARTESIAN_POINT('Ctrl Pts',(-10.5635741189494,-56.1790191252828,345.39135430186));
#2812=CARTESIAN_POINT('Ctrl Pts',(-7.15102698648765,-50.3356317895431,349.495019504304));
#2813=CARTESIAN_POINT('Ctrl Pts',(-3.67680515744718,-44.4236150736276,353.472871030556));
#2814=CARTESIAN_POINT('Ctrl Pts',(-14.319490542168,-61.8337745680299,341.306891674207));
#2815=CARTESIAN_POINT('Ctrl Pts',(-10.9218459400058,-56.0140498765828,345.450759911022));
#2816=CARTESIAN_POINT('Ctrl Pts',(-7.50465617106396,-50.177299837232,349.560670489504));
#2817=CARTESIAN_POINT('Ctrl Pts',(-4.02206671890239,-44.2750082970419,353.548046210416));
#2818=CARTESIAN_POINT('',(-2.19206561142016,-44.1967690125042,351.866438115755));
#2819=CARTESIAN_POINT('Origin',(-3.92411641898928,-43.1967690125046,351.866438115755));
#2820=CARTESIAN_POINT('Ctrl Pts',(-12.343176761909,-61.7790092784299,339.625283579546));
#2821=CARTESIAN_POINT('Ctrl Pts',(-8.97871985056724,-55.9515989681097,343.769151816362));
#2822=CARTESIAN_POINT('Ctrl Pts',(-5.60348781020035,-50.1055255868599,347.879062394844));
#2823=CARTESIAN_POINT('Ctrl Pts',(-2.19206561142041,-44.1967690125047,351.866438115755));
#2824=CARTESIAN_POINT('Origin',(-2.19206561141991,-44.1967690125038,262.));
#2825=CARTESIAN_POINT('',(-2.19206561141991,-44.1967690125038,262.));
#2826=CARTESIAN_POINT('Origin',(15.1284424642688,-54.1967690125038,262.));
#2827=CARTESIAN_POINT('',(5.12844246426895,-36.876260936815,357.009896169617));
#2828=CARTESIAN_POINT('Ctrl Pts',(-2.19206561142027,-44.1967690125044,351.866438115756));
#2829=CARTESIAN_POINT('Ctrl Pts',(-1.48251693859951,-42.9677946607357,352.778714780604));
#2830=CARTESIAN_POINT('Ctrl Pts',(0.50008212329115,-40.2327499829592,354.815668449545));
#2831=CARTESIAN_POINT('Ctrl Pts',(3.28920295355764,-37.9381463634283,356.414955989079));
#2832=CARTESIAN_POINT('Ctrl Pts',(5.12844246426906,-36.8762609368149,357.009896169617));
#2833=CARTESIAN_POINT('',(5.12844246426885,-36.8762609368151,262.));
#2834=CARTESIAN_POINT('Ctrl Pts',(-21.7805723227613,17.5724755474831,370.499999999997));
#2835=CARTESIAN_POINT('Ctrl Pts',(-21.8495292209584,17.5761668382068,370.086971010368));
#2836=CARTESIAN_POINT('Ctrl Pts',(-21.8384485997164,17.751113069039,369.243022987535));
#2837=CARTESIAN_POINT('Ctrl Pts',(-21.3713892968067,18.4649282677415,368.246341926752));
#2838=CARTESIAN_POINT('Ctrl Pts',(-20.4767697046623,19.4008326939804,367.777919310158));
#2839=CARTESIAN_POINT('Ctrl Pts',(-19.4023354062693,20.4784352189063,367.777017359067));
#2840=CARTESIAN_POINT('Ctrl Pts',(-18.4669509395499,21.3745749096759,368.243163455994));
#2841=CARTESIAN_POINT('Ctrl Pts',(-17.75342520762,21.8404277952579,369.242143668391));
#2842=CARTESIAN_POINT('Ctrl Pts',(-17.5761668382068,21.8495292209584,370.086971010368));
#2843=CARTESIAN_POINT('Ctrl Pts',(-17.5724755474831,21.7805723227613,370.499999999997));
#2844=CARTESIAN_POINT('Ctrl Pts',(-22.0262352358674,17.5856259828405,370.537704302633));
#2845=CARTESIAN_POINT('Ctrl Pts',(-22.0983621630387,17.5885363128343,370.100027721638));
#2846=CARTESIAN_POINT('Ctrl Pts',(-22.0863188028477,17.7744446636819,369.206148854657));
#2847=CARTESIAN_POINT('Ctrl Pts',(-21.5906340779359,18.538202349313,368.147822825077));
#2848=CARTESIAN_POINT('Ctrl Pts',(-20.6644385355536,19.5478304814278,367.663340041759));
#2849=CARTESIAN_POINT('Ctrl Pts',(-19.5485237476236,20.6660181449922,367.661908489037));
#2850=CARTESIAN_POINT('Ctrl Pts',(-18.5394704889445,21.5934045305578,368.143805560132));
#2851=CARTESIAN_POINT('Ctrl Pts',(-17.7762479551709,22.0877782020193,369.204597658086));
#2852=CARTESIAN_POINT('Ctrl Pts',(-17.5885363128343,22.0983621630386,370.100027721639));
#2853=CARTESIAN_POINT('Ctrl Pts',(-17.5856259828405,22.0262352358674,370.537704302633));
#2854=CARTESIAN_POINT('Ctrl Pts',(-22.5239845249136,17.4854598611022,370.61305989952));
#2855=CARTESIAN_POINT('Ctrl Pts',(-22.6046255468066,17.4876188790731,370.108486030637));
#2856=CARTESIAN_POINT('Ctrl Pts',(-22.5904005261647,17.7044819902128,369.07832920913));
#2857=CARTESIAN_POINT('Ctrl Pts',(-22.0229955778677,18.5967971177796,367.85734129646));
#2858=CARTESIAN_POINT('Ctrl Pts',(-21.0103763934095,19.784581882853,367.305236844486));
#2859=CARTESIAN_POINT('Ctrl Pts',(-19.7836921701461,21.0116821381879,367.303348103791));
#2860=CARTESIAN_POINT('Ctrl Pts',(-18.5966039423027,22.0249011219431,367.852348542922));
#2861=CARTESIAN_POINT('Ctrl Pts',(-17.7052988190363,22.5907115485658,369.076207652163));
#2862=CARTESIAN_POINT('Ctrl Pts',(-17.4876188790731,22.6046255468062,370.108486030641));
#2863=CARTESIAN_POINT('Ctrl Pts',(-17.4854598611022,22.5239845249136,370.61305989952));
#2864=CARTESIAN_POINT('Ctrl Pts',(-22.9145992678829,17.1573948749711,370.67015245702));
#2865=CARTESIAN_POINT('Ctrl Pts',(-23.0065700034082,17.1604167201945,370.080304072092));
#2866=CARTESIAN_POINT('Ctrl Pts',(-22.9903364345557,17.4180568196297,368.875361858323));
#2867=CARTESIAN_POINT('Ctrl Pts',(-22.3395959058883,18.4671053906434,367.450928344715));
#2868=CARTESIAN_POINT('Ctrl Pts',(-21.2042224517252,19.8456350099353,366.789194512667));
#2869=CARTESIAN_POINT('Ctrl Pts',(-19.8436753989831,21.2057788359491,366.787625841108));
#2870=CARTESIAN_POINT('Ctrl Pts',(-18.4662353502578,22.3413776568465,367.445999261892));
#2871=CARTESIAN_POINT('Ctrl Pts',(-17.4184811653634,22.9901892167463,368.87373860491));
#2872=CARTESIAN_POINT('Ctrl Pts',(-17.1604167201945,23.0065700034075,370.080304072096));
#2873=CARTESIAN_POINT('Ctrl Pts',(-17.157394874971,22.9145992678829,370.670152457021));
#2874=CARTESIAN_POINT('Ctrl Pts',(-23.0594131778471,16.9560171853411,370.690665205822));
#2875=CARTESIAN_POINT('Ctrl Pts',(-23.1572032389115,16.9597352396674,370.058698189454));
#2876=CARTESIAN_POINT('Ctrl Pts',(-23.1404459220869,17.2373573042829,368.767390975306));
#2877=CARTESIAN_POINT('Ctrl Pts',(-22.4499657097034,18.3630391260918,367.242390135004));
#2878=CARTESIAN_POINT('Ctrl Pts',(-21.2495679234537,19.8281723902463,366.525666488864));
#2879=CARTESIAN_POINT('Ctrl Pts',(-19.8258815687991,21.2514667466988,366.524286432368));
#2880=CARTESIAN_POINT('Ctrl Pts',(-18.3621138836753,22.4519793740145,367.237526823394));
#2881=CARTESIAN_POINT('Ctrl Pts',(-17.2378470047599,23.1403234335919,368.766045547481));
#2882=CARTESIAN_POINT('Ctrl Pts',(-16.9597352396674,23.1572032389107,370.058698189459));
#2883=CARTESIAN_POINT('Ctrl Pts',(-16.9560171853411,23.0594131778471,370.690665205822));
#2884=CARTESIAN_POINT('',(-17.5724755474831,21.7805723227613,370.499999999999));
#2885=CARTESIAN_POINT('Origin',(-16.0746200679681,21.8607531339756,370.499999999996));
#2886=CARTESIAN_POINT('',(-21.7805723227613,17.5724755474831,370.499999999998));
#2887=CARTESIAN_POINT('Ctrl Pts',(-21.7805723227613,17.5724755474831,370.499999999997));
#2888=CARTESIAN_POINT('Ctrl Pts',(-21.8495292209584,17.5761668382068,370.086971010368));
#2889=CARTESIAN_POINT('Ctrl Pts',(-21.8384485997164,17.751113069039,369.243022987535));
#2890=CARTESIAN_POINT('Ctrl Pts',(-21.3713892968067,18.4649282677415,368.246341926752));
#2891=CARTESIAN_POINT('Ctrl Pts',(-20.4767697046623,19.4008326939804,367.777919310158));
#2892=CARTESIAN_POINT('Ctrl Pts',(-19.4023354062693,20.4784352189063,367.777017359067));
#2893=CARTESIAN_POINT('Ctrl Pts',(-18.4669509395499,21.3745749096759,368.243163455994));
#2894=CARTESIAN_POINT('Ctrl Pts',(-17.75342520762,21.8404277952579,369.242143668391));
#2895=CARTESIAN_POINT('Ctrl Pts',(-17.5761668382068,21.8495292209584,370.086971010368));
#2896=CARTESIAN_POINT('Ctrl Pts',(-17.5724755474831,21.7805723227613,370.499999999997));
#2897=CARTESIAN_POINT('Origin',(-21.8607531339756,16.0746200679682,370.499999999996));
#2898=CARTESIAN_POINT('Ctrl Pts',(-17.5724755474831,21.7805723227611,370.499999999997));
#2899=CARTESIAN_POINT('Ctrl Pts',(-17.5657190936,21.6543551977693,371.633998185209));
#2900=CARTESIAN_POINT('Ctrl Pts',(-17.5613542575518,21.3861708879925,373.610644843334));
#2901=CARTESIAN_POINT('Ctrl Pts',(-17.6033863707823,20.9892102779668,375.678334132162));
#2902=CARTESIAN_POINT('Ctrl Pts',(-17.6541679376901,20.7338448465117,376.770312373499));
#2903=CARTESIAN_POINT('Ctrl Pts',(-17.6999441447661,20.5320145122566,377.583712466986));
#2904=CARTESIAN_POINT('Ctrl Pts',(-17.7765562631937,20.2654055971487,378.518727036085));
#2905=CARTESIAN_POINT('Ctrl Pts',(-17.9077526487718,19.9444427196455,379.399905584665));
#2906=CARTESIAN_POINT('Ctrl Pts',(-18.0075838334145,19.738479010728,379.880138650009));
#2907=CARTESIAN_POINT('Ctrl Pts',(-18.12865902185,19.5152648938691,380.334944866013));
#2908=CARTESIAN_POINT('Ctrl Pts',(-18.2912191467855,19.2592697458336,380.740962154898));
#2909=CARTESIAN_POINT('Ctrl Pts',(-18.5221728087203,18.9666959107726,381.004810121354));
#2910=CARTESIAN_POINT('Ctrl Pts',(-18.8065448466304,18.6575192379018,381.110217247835));
#2911=CARTESIAN_POINT('Ctrl Pts',(-19.1961619982429,18.3300501815627,380.846342199698));
#2912=CARTESIAN_POINT('Ctrl Pts',(-19.5755817382168,18.0912641465435,380.235541912294));
#2913=CARTESIAN_POINT('Ctrl Pts',(-19.897016554894,17.9270314779163,379.530587142079));
#2914=CARTESIAN_POINT('Ctrl Pts',(-20.1730733755371,17.8146428156819,378.770813601753));
#2915=CARTESIAN_POINT('Ctrl Pts',(-20.416317591493,17.7335408257868,377.987929782272));
#2916=CARTESIAN_POINT('Ctrl Pts',(-20.7056293684836,17.6564124394495,376.919882009308));
#2917=CARTESIAN_POINT('Ctrl Pts',(-21.016141958436,17.6001534268411,375.548376921218));
#2918=CARTESIAN_POINT('Ctrl Pts',(-21.4251274075736,17.5616245802756,373.326670932635));
#2919=CARTESIAN_POINT('Ctrl Pts',(-21.6543551977693,17.5657190936,371.633998185209));
#2920=CARTESIAN_POINT('Ctrl Pts',(-21.7805723227611,17.5724755474831,370.499999999997));
#2921=CARTESIAN_POINT('Ctrl Pts',(-17.5987764181979,22.2718981489735,370.575408605269));
#2922=CARTESIAN_POINT('Ctrl Pts',(-17.574932329127,22.1282409204483,371.717495923384));
#2923=CARTESIAN_POINT('Ctrl Pts',(-17.5382696313369,21.8218648245662,373.707463122507));
#2924=CARTESIAN_POINT('Ctrl Pts',(-17.5473474230346,21.3630894230357,375.787430188532));
#2925=CARTESIAN_POINT('Ctrl Pts',(-17.582854977894,21.065943820284,376.885392018966));
#2926=CARTESIAN_POINT('Ctrl Pts',(-17.618352841225,20.8308047704018,377.703161260248));
#2927=CARTESIAN_POINT('Ctrl Pts',(-17.6862930372718,20.5192296637659,378.642926266003));
#2928=CARTESIAN_POINT('Ctrl Pts',(-17.8178082247875,20.1431564939626,379.528276715931));
#2929=CARTESIAN_POINT('Ctrl Pts',(-17.9221354432694,19.9017893281742,380.010708354787));
#2930=CARTESIAN_POINT('Ctrl Pts',(-18.0514967907592,19.6403533341786,380.467550051977));
#2931=CARTESIAN_POINT('Ctrl Pts',(-18.2299541203665,19.3409054421646,380.875325347247));
#2932=CARTESIAN_POINT('Ctrl Pts',(-18.4901467829155,19.0007758040288,381.14028803617));
#2933=CARTESIAN_POINT('Ctrl Pts',(-18.8149976082413,18.6437179881714,381.246134843506));
#2934=CARTESIAN_POINT('Ctrl Pts',(-19.2670810017232,18.2723202705257,380.981159959125));
#2935=CARTESIAN_POINT('Ctrl Pts',(-19.7109441367865,18.0105719326475,380.36771745187));
#2936=CARTESIAN_POINT('Ctrl Pts',(-20.0875803024107,17.8370001544471,379.659571717663));
#2937=CARTESIAN_POINT('Ctrl Pts',(-20.411056370976,17.7244642893021,378.896203281255));
#2938=CARTESIAN_POINT('Ctrl Pts',(-20.6955988622023,17.6481933706821,378.109429845348));
#2939=CARTESIAN_POINT('Ctrl Pts',(-21.0333277090805,17.5824390342098,377.035838913511));
#2940=CARTESIAN_POINT('Ctrl Pts',(-21.3941199780915,17.545539488971,375.656695448172));
#2941=CARTESIAN_POINT('Ctrl Pts',(-21.8665738951421,17.5438379117065,373.421616076237));
#2942=CARTESIAN_POINT('Ctrl Pts',(-22.1282409204483,17.574932329127,371.717495923384));
#2943=CARTESIAN_POINT('Ctrl Pts',(-22.2718981489735,17.598776418198,370.575408605269));
#2944=CARTESIAN_POINT('Ctrl Pts',(-17.358772564601,22.7697853579186,370.64963970822));
#2945=CARTESIAN_POINT('Ctrl Pts',(-17.3373104457957,22.6005732428316,371.799849198251));
#2946=CARTESIAN_POINT('Ctrl Pts',(-17.307128768905,22.2414895547892,373.803305595554));
#2947=CARTESIAN_POINT('Ctrl Pts',(-17.332364865786,21.7105158514894,375.895849055161));
#2948=CARTESIAN_POINT('Ctrl Pts',(-17.3813226513857,21.3688963740043,376.999987294726));
#2949=CARTESIAN_POINT('Ctrl Pts',(-17.4281234884556,21.0990816048827,377.822262763584));
#2950=CARTESIAN_POINT('Ctrl Pts',(-17.512930191323,20.7430657459062,378.766920318102));
#2951=CARTESIAN_POINT('Ctrl Pts',(-17.6693733315178,20.3155860529114,379.656555804828));
#2952=CARTESIAN_POINT('Ctrl Pts',(-17.7915476843476,20.0418526839807,380.14123770026));
#2953=CARTESIAN_POINT('Ctrl Pts',(-17.9418083006797,19.7457204702341,380.6001581058));
#2954=CARTESIAN_POINT('Ctrl Pts',(-18.1470613657105,19.4071172662578,381.009716779246));
#2955=CARTESIAN_POINT('Ctrl Pts',(-18.4436972321871,19.02250156605,381.27580704054));
#2956=CARTESIAN_POINT('Ctrl Pts',(-18.8124326506371,18.6183438982882,381.382097818343));
#2957=CARTESIAN_POINT('Ctrl Pts',(-19.3236053341136,18.1959058230306,381.116013034212));
#2958=CARTESIAN_POINT('Ctrl Pts',(-19.8255401091373,17.894680004309,380.499890226141));
#2959=CARTESIAN_POINT('Ctrl Pts',(-20.2523916596956,17.6922507865567,379.788484292687));
#2960=CARTESIAN_POINT('Ctrl Pts',(-20.6200854884712,17.5583289432401,379.021423039363));
#2961=CARTESIAN_POINT('Ctrl Pts',(-20.9445779610441,17.4653362777717,378.230646433954));
#2962=CARTESIAN_POINT('Ctrl Pts',(-21.3310897647728,17.3819836015135,377.151337940913));
#2963=CARTESIAN_POINT('Ctrl Pts',(-21.7462531716841,17.3294708262738,375.764341110998));
#2964=CARTESIAN_POINT('Ctrl Pts',(-22.2939555080251,17.3116479342874,373.515535462946));
#2965=CARTESIAN_POINT('Ctrl Pts',(-22.6005732428316,17.3373104457957,371.799849198251));
#2966=CARTESIAN_POINT('Ctrl Pts',(-22.7697853579186,17.358772564601,370.64963970822));
#2967=CARTESIAN_POINT('Ctrl Pts',(-16.9560171853411,23.0594131778468,370.690665205823));
#2968=CARTESIAN_POINT('Ctrl Pts',(-16.9492117439739,22.8804204928071,371.847403138947));
#2969=CARTESIAN_POINT('Ctrl Pts',(-16.9491279835809,22.4997995086156,373.863686938738));
#2970=CARTESIAN_POINT('Ctrl Pts',(-17.0187907726194,21.9348393340541,375.972839021601));
#2971=CARTESIAN_POINT('Ctrl Pts',(-17.0977448214695,21.5705731888077,377.086714396687));
#2972=CARTESIAN_POINT('Ctrl Pts',(-17.1682516905062,21.2824725247582,377.91642537437));
#2973=CARTESIAN_POINT('Ctrl Pts',(-17.2845947613389,20.9013308658839,378.870189528673));
#2974=CARTESIAN_POINT('Ctrl Pts',(-17.4805518858302,20.4410642045843,379.769038103821));
#2975=CARTESIAN_POINT('Ctrl Pts',(-17.6287046442026,20.1451363207579,380.258901148284));
#2976=CARTESIAN_POINT('Ctrl Pts',(-17.8076988658753,19.8239573523325,380.722827465922));
#2977=CARTESIAN_POINT('Ctrl Pts',(-18.0468831831239,19.4547497007514,381.136986505752));
#2978=CARTESIAN_POINT('Ctrl Pts',(-18.3846775922765,19.0312251511412,381.406125341561));
#2979=CARTESIAN_POINT('Ctrl Pts',(-18.7990791325085,18.5823178811708,381.513646167619));
#2980=CARTESIAN_POINT('Ctrl Pts',(-19.3637799127865,18.1040702759761,381.244479707067));
#2981=CARTESIAN_POINT('Ctrl Pts',(-19.9109157174999,17.7526377018802,380.62143121262));
#2982=CARTESIAN_POINT('Ctrl Pts',(-20.3730576614997,17.5093547013215,379.902340181895));
#2983=CARTESIAN_POINT('Ctrl Pts',(-20.7689128073721,17.3414580039234,379.12733111562));
#2984=CARTESIAN_POINT('Ctrl Pts',(-21.117060623696,17.2192399846785,378.328748346236));
#2985=CARTESIAN_POINT('Ctrl Pts',(-21.5304450028617,17.1016292336427,377.2392833105));
#2986=CARTESIAN_POINT('Ctrl Pts',(-21.9731797931566,17.0135139867931,375.840275815114));
#2987=CARTESIAN_POINT('Ctrl Pts',(-22.5551022333352,16.9486174757237,373.574018578765));
#2988=CARTESIAN_POINT('Ctrl Pts',(-22.8804204928071,16.9492117439739,371.847403138947));
#2989=CARTESIAN_POINT('Ctrl Pts',(-23.0594131778469,16.9560171853411,370.690665205823));
#2990=CARTESIAN_POINT('Ctrl Pts',(-17.5724755474831,21.7805723227611,370.499999999997));
#2991=CARTESIAN_POINT('Ctrl Pts',(-17.5657190936,21.6543551977693,371.633998185209));
#2992=CARTESIAN_POINT('Ctrl Pts',(-17.5613542575518,21.3861708879925,373.610644843334));
#2993=CARTESIAN_POINT('Ctrl Pts',(-17.6033863707823,20.9892102779668,375.678334132162));
#2994=CARTESIAN_POINT('Ctrl Pts',(-17.6541679376901,20.7338448465117,376.770312373499));
#2995=CARTESIAN_POINT('Ctrl Pts',(-17.6999441447661,20.5320145122566,377.583712466986));
#2996=CARTESIAN_POINT('Ctrl Pts',(-17.7765562631937,20.2654055971487,378.518727036085));
#2997=CARTESIAN_POINT('Ctrl Pts',(-17.9077526487718,19.9444427196455,379.399905584665));
#2998=CARTESIAN_POINT('Ctrl Pts',(-18.0075838334145,19.738479010728,379.880138650009));
#2999=CARTESIAN_POINT('Ctrl Pts',(-18.12865902185,19.5152648938691,380.334944866013));
#3000=CARTESIAN_POINT('Ctrl Pts',(-18.2912191467855,19.2592697458336,380.740962154898));
#3001=CARTESIAN_POINT('Ctrl Pts',(-18.5221728087203,18.9666959107726,381.004810121354));
#3002=CARTESIAN_POINT('Ctrl Pts',(-18.8065448466304,18.6575192379018,381.110217247835));
#3003=CARTESIAN_POINT('Ctrl Pts',(-19.1961619982429,18.3300501815627,380.846342199698));
#3004=CARTESIAN_POINT('Ctrl Pts',(-19.5755817382168,18.0912641465435,380.235541912294));
#3005=CARTESIAN_POINT('Ctrl Pts',(-19.897016554894,17.9270314779163,379.530587142079));
#3006=CARTESIAN_POINT('Ctrl Pts',(-20.1730733755371,17.8146428156819,378.770813601753));
#3007=CARTESIAN_POINT('Ctrl Pts',(-20.416317591493,17.7335408257868,377.987929782272));
#3008=CARTESIAN_POINT('Ctrl Pts',(-20.7056293684836,17.6564124394495,376.919882009308));
#3009=CARTESIAN_POINT('Ctrl Pts',(-21.016141958436,17.6001534268411,375.548376921218));
#3010=CARTESIAN_POINT('Ctrl Pts',(-21.4251274075736,17.5616245802756,373.326670932635));
#3011=CARTESIAN_POINT('Ctrl Pts',(-21.6543551977693,17.5657190936,371.633998185209));
#3012=CARTESIAN_POINT('Ctrl Pts',(-21.7805723227611,17.5724755474831,370.499999999997));
#3013=CARTESIAN_POINT('Ctrl Pts',(-17.575887240058,21.8368678153938,370.5));
#3014=CARTESIAN_POINT('Ctrl Pts',(-17.4529382356104,20.0203055054314,370.5));
#3015=CARTESIAN_POINT('Ctrl Pts',(-18.7420896742823,18.7345747202976,370.5));
#3016=CARTESIAN_POINT('Ctrl Pts',(-20.0312411129541,17.4488439351638,370.5));
#3017=CARTESIAN_POINT('Ctrl Pts',(-21.8474703435447,17.5766189938368,370.5));
#3018=CARTESIAN_POINT('Ctrl Pts',(-17.575887240058,21.8368678153938,368.611220363661));
#3019=CARTESIAN_POINT('Ctrl Pts',(-17.4529382356104,20.0203055054314,368.611220363661));
#3020=CARTESIAN_POINT('Ctrl Pts',(-18.7420896742823,18.7345747202976,368.611220363661));
#3021=CARTESIAN_POINT('Ctrl Pts',(-20.0312411129541,17.4488439351638,368.611220363661));
#3022=CARTESIAN_POINT('Ctrl Pts',(-21.8474703435447,17.5766189938368,368.611220363661));
#3023=CARTESIAN_POINT('Ctrl Pts',(-19.2751982911944,21.7218546386709,367.794763117192));
#3024=CARTESIAN_POINT('Ctrl Pts',(-19.2046009352974,20.6787840055911,367.794763117192));
#3025=CARTESIAN_POINT('Ctrl Pts',(-19.9448320850337,19.9405169961609,367.794763117192));
#3026=CARTESIAN_POINT('Ctrl Pts',(-20.68506323477,19.2022499867307,367.794763117192));
#3027=CARTESIAN_POINT('Ctrl Pts',(-21.7279426135727,19.2756184644376,367.794763117192));
#3028=CARTESIAN_POINT('Origin',(-21.5667568261897,21.5667568261897,370.5));
#3029=CARTESIAN_POINT('Ctrl Pts',(-17.5724755474831,-21.7805723227613,370.499999999997));
#3030=CARTESIAN_POINT('Ctrl Pts',(-17.5761668382068,-21.8495292209584,370.086971010369));
#3031=CARTESIAN_POINT('Ctrl Pts',(-17.7534570229643,-21.8404137311262,369.242062586721));
#3032=CARTESIAN_POINT('Ctrl Pts',(-18.4669851873908,-21.3745457732227,368.243143346667));
#3033=CARTESIAN_POINT('Ctrl Pts',(-19.4023764775797,-20.4783928820994,367.77700814522));
#3034=CARTESIAN_POINT('Ctrl Pts',(-20.476809217708,-19.4007934650996,367.777933574025));
#3035=CARTESIAN_POINT('Ctrl Pts',(-21.371419950157,-18.4648911802528,368.246369354751));
#3036=CARTESIAN_POINT('Ctrl Pts',(-21.8384621470563,-17.7510829672018,369.243098160306));
#3037=CARTESIAN_POINT('Ctrl Pts',(-21.8495292209584,-17.5761668382068,370.086971010369));
#3038=CARTESIAN_POINT('Ctrl Pts',(-21.7805723227613,-17.5724755474831,370.499999999997));
#3039=CARTESIAN_POINT('Ctrl Pts',(-17.5856259828405,-22.0262352358674,370.537704302633));
#3040=CARTESIAN_POINT('Ctrl Pts',(-17.5885363128343,-22.0983621630387,370.100027721638));
#3041=CARTESIAN_POINT('Ctrl Pts',(-17.776281783082,-22.08776322933,369.204511650193));
#3042=CARTESIAN_POINT('Ctrl Pts',(-18.5395074502038,-21.5933737980799,368.14378432865));
#3043=CARTESIAN_POINT('Ctrl Pts',(-19.5485674188994,-20.6659745981568,367.661899264833));
#3044=CARTESIAN_POINT('Ctrl Pts',(-20.6644791092595,-19.547788834393,367.663354637657));
#3045=CARTESIAN_POINT('Ctrl Pts',(-21.5906663598105,-18.5381624214617,368.147851800368));
#3046=CARTESIAN_POINT('Ctrl Pts',(-22.0863331854497,-17.7744127260773,369.206228606421));
#3047=CARTESIAN_POINT('Ctrl Pts',(-22.0983621630388,-17.5885363128343,370.100027721638));
#3048=CARTESIAN_POINT('Ctrl Pts',(-22.0262352358674,-17.5856259828405,370.537704302633));
#3049=CARTESIAN_POINT('Ctrl Pts',(-17.4854598611022,-22.5239845249136,370.61305989952));
#3050=CARTESIAN_POINT('Ctrl Pts',(-17.4876188790731,-22.6046255468066,370.108486030637));
#3051=CARTESIAN_POINT('Ctrl Pts',(-17.7053381428919,-22.5906942739419,369.076108462023));
#3052=CARTESIAN_POINT('Ctrl Pts',(-18.5966475867056,-22.0248663137446,367.852324115755));
#3053=CARTESIAN_POINT('Ctrl Pts',(-19.7837423024816,-21.0116350731596,367.303337758946));
#3054=CARTESIAN_POINT('Ctrl Pts',(-21.0104200997809,-19.7845342059706,367.305253395099));
#3055=CARTESIAN_POINT('Ctrl Pts',(-22.02303203151,-18.596750158603,367.857374645099));
#3056=CARTESIAN_POINT('Ctrl Pts',(-22.590417041153,-17.7044450001633,369.07842119044));
#3057=CARTESIAN_POINT('Ctrl Pts',(-22.6046255468067,-17.4876188790731,370.108486030637));
#3058=CARTESIAN_POINT('Ctrl Pts',(-22.5239845249135,-17.4854598611022,370.61305989952));
#3059=CARTESIAN_POINT('Ctrl Pts',(-17.157394874971,-22.9145992678829,370.670152457021));
#3060=CARTESIAN_POINT('Ctrl Pts',(-17.1604167201945,-23.0065700034082,370.080304072091));
#3061=CARTESIAN_POINT('Ctrl Pts',(-17.4185275246955,-22.9901693707922,368.873622767659));
#3062=CARTESIAN_POINT('Ctrl Pts',(-18.4662866497043,-22.3413377791099,367.445970599026));
#3063=CARTESIAN_POINT('Ctrl Pts',(-19.8437324458739,-21.2057266528311,366.787613006315));
#3064=CARTESIAN_POINT('Ctrl Pts',(-21.2042707655032,-19.8455808704679,366.789214572673));
#3065=CARTESIAN_POINT('Ctrl Pts',(-22.3396375476863,-18.4670503454904,367.450967452564));
#3066=CARTESIAN_POINT('Ctrl Pts',(-22.9903553248907,-17.4180133241461,368.875469260783));
#3067=CARTESIAN_POINT('Ctrl Pts',(-23.0065700034084,-17.1604167201945,370.08030407209));
#3068=CARTESIAN_POINT('Ctrl Pts',(-22.9145992678829,-17.157394874971,370.670152457021));
#3069=CARTESIAN_POINT('Ctrl Pts',(-16.9560171853411,-23.0594131778471,370.690665205822));
#3070=CARTESIAN_POINT('Ctrl Pts',(-16.9597352396674,-23.1572032389115,370.058698189453));
#3071=CARTESIAN_POINT('Ctrl Pts',(-17.2378968289951,-23.1403024199411,368.765921486112));
#3072=CARTESIAN_POINT('Ctrl Pts',(-18.3621688374753,-22.451936961095,367.23749605453));
#3073=CARTESIAN_POINT('Ctrl Pts',(-19.8259416860208,-21.2514118824387,366.524272334452));
#3074=CARTESIAN_POINT('Ctrl Pts',(-21.2496186533208,-19.828115386686,366.525688313707));
#3075=CARTESIAN_POINT('Ctrl Pts',(-22.450009939828,-18.3629802221387,367.24243210201));
#3076=CARTESIAN_POINT('Ctrl Pts',(-23.1404658811061,-17.2373106041144,368.767505995591));
#3077=CARTESIAN_POINT('Ctrl Pts',(-23.1572032389117,-16.9597352396674,370.058698189452));
#3078=CARTESIAN_POINT('Ctrl Pts',(-23.0594131778471,-16.9560171853411,370.690665205822));
#3079=CARTESIAN_POINT('',(-21.7805723227613,-17.5724755474831,370.499999999999));
#3080=CARTESIAN_POINT('Origin',(-21.8607531339756,-16.0746200679681,370.499999999996));
#3081=CARTESIAN_POINT('',(-17.5724755474831,-21.7805723227613,370.499999999999));
#3082=CARTESIAN_POINT('Ctrl Pts',(-17.5724755474831,-21.7805723227613,370.499999999997));
#3083=CARTESIAN_POINT('Ctrl Pts',(-17.5761668382068,-21.8495292209584,370.086971010369));
#3084=CARTESIAN_POINT('Ctrl Pts',(-17.7534570229643,-21.8404137311262,369.242062586721));
#3085=CARTESIAN_POINT('Ctrl Pts',(-18.4669851873908,-21.3745457732227,368.243143346667));
#3086=CARTESIAN_POINT('Ctrl Pts',(-19.4023764775797,-20.4783928820994,367.77700814522));
#3087=CARTESIAN_POINT('Ctrl Pts',(-20.476809217708,-19.4007934650996,367.777933574025));
#3088=CARTESIAN_POINT('Ctrl Pts',(-21.371419950157,-18.4648911802528,368.246369354751));
#3089=CARTESIAN_POINT('Ctrl Pts',(-21.8384621470563,-17.7510829672018,369.243098160306));
#3090=CARTESIAN_POINT('Ctrl Pts',(-21.8495292209584,-17.5761668382068,370.086971010369));
#3091=CARTESIAN_POINT('Ctrl Pts',(-21.7805723227613,-17.5724755474831,370.499999999997));
#3092=CARTESIAN_POINT('Origin',(-16.0746200679682,-21.8607531339756,370.499999999996));
#3093=CARTESIAN_POINT('Ctrl Pts',(-21.7805723227611,-17.5724755474831,370.499999999997));
#3094=CARTESIAN_POINT('Ctrl Pts',(-21.6543551977693,-17.5657190936,371.633998185209));
#3095=CARTESIAN_POINT('Ctrl Pts',(-21.3861708879925,-17.5613542575518,373.610644843334));
#3096=CARTESIAN_POINT('Ctrl Pts',(-20.9892102779668,-17.6033863707824,375.678334132163));
#3097=CARTESIAN_POINT('Ctrl Pts',(-20.7338448465117,-17.6541679376901,376.770312373499));
#3098=CARTESIAN_POINT('Ctrl Pts',(-20.5320145122566,-17.6999441447661,377.583712466987));
#3099=CARTESIAN_POINT('Ctrl Pts',(-20.2654055971486,-17.7765562631938,378.518727036086));
#3100=CARTESIAN_POINT('Ctrl Pts',(-19.9444427196455,-17.9077526487718,379.399905584666));
#3101=CARTESIAN_POINT('Ctrl Pts',(-19.7384790107281,-18.0075838334145,379.88013865001));
#3102=CARTESIAN_POINT('Ctrl Pts',(-19.5152648938691,-18.1286590218501,380.334944866014));
#3103=CARTESIAN_POINT('Ctrl Pts',(-19.2592697458337,-18.2912191467854,380.740962154898));
#3104=CARTESIAN_POINT('Ctrl Pts',(-18.9666959107726,-18.5221728087203,381.004810121354));
#3105=CARTESIAN_POINT('Ctrl Pts',(-18.6575192379018,-18.8065448466304,381.110217247835));
#3106=CARTESIAN_POINT('Ctrl Pts',(-18.3300501815627,-19.1961619982429,380.846342199698));
#3107=CARTESIAN_POINT('Ctrl Pts',(-18.0912641465435,-19.5755817382168,380.235541912294));
#3108=CARTESIAN_POINT('Ctrl Pts',(-17.9270314779163,-19.8970165548941,379.530587142079));
#3109=CARTESIAN_POINT('Ctrl Pts',(-17.8146428156819,-20.1730733755371,378.770813601753));
#3110=CARTESIAN_POINT('Ctrl Pts',(-17.7335408257868,-20.416317591493,377.987929782272));
#3111=CARTESIAN_POINT('Ctrl Pts',(-17.6564124394495,-20.7056293684836,376.919882009307));
#3112=CARTESIAN_POINT('Ctrl Pts',(-17.6001534268411,-21.016141958436,375.548376921218));
#3113=CARTESIAN_POINT('Ctrl Pts',(-17.5616245802756,-21.4251274075736,373.326670932635));
#3114=CARTESIAN_POINT('Ctrl Pts',(-17.5657190936,-21.6543551977693,371.633998185209));
#3115=CARTESIAN_POINT('Ctrl Pts',(-17.5724755474831,-21.7805723227611,370.499999999997));
#3116=CARTESIAN_POINT('Ctrl Pts',(-22.2718981489735,-17.5987764181979,370.57540860527));
#3117=CARTESIAN_POINT('Ctrl Pts',(-22.1282409204483,-17.574932329127,371.717495923384));
#3118=CARTESIAN_POINT('Ctrl Pts',(-21.8218648245662,-17.5382696313369,373.707463122507));
#3119=CARTESIAN_POINT('Ctrl Pts',(-21.3630894230358,-17.5473474230346,375.787430188532));
#3120=CARTESIAN_POINT('Ctrl Pts',(-21.0659438202841,-17.582854977894,376.885392018967));
#3121=CARTESIAN_POINT('Ctrl Pts',(-20.8308047704019,-17.618352841225,377.703161260248));
#3122=CARTESIAN_POINT('Ctrl Pts',(-20.5192296637659,-17.6862930372718,378.642926266004));
#3123=CARTESIAN_POINT('Ctrl Pts',(-20.1431564939627,-17.8178082247874,379.528276715931));
#3124=CARTESIAN_POINT('Ctrl Pts',(-19.9017893281743,-17.9221354432694,380.010708354788));
#3125=CARTESIAN_POINT('Ctrl Pts',(-19.6403533341786,-18.0514967907592,380.467550051977));
#3126=CARTESIAN_POINT('Ctrl Pts',(-19.3409054421647,-18.2299541203664,380.875325347247));
#3127=CARTESIAN_POINT('Ctrl Pts',(-19.0007758040287,-18.4901467829155,381.14028803617));
#3128=CARTESIAN_POINT('Ctrl Pts',(-18.6437179881715,-18.8149976082413,381.246134843507));
#3129=CARTESIAN_POINT('Ctrl Pts',(-18.2723202705256,-19.2670810017232,380.981159959126));
#3130=CARTESIAN_POINT('Ctrl Pts',(-18.0105719326475,-19.7109441367865,380.36771745187));
#3131=CARTESIAN_POINT('Ctrl Pts',(-17.837000154447,-20.0875803024108,379.659571717663));
#3132=CARTESIAN_POINT('Ctrl Pts',(-17.7244642893021,-20.4110563709761,378.896203281254));
#3133=CARTESIAN_POINT('Ctrl Pts',(-17.648193370682,-20.6955988622024,378.109429845348));
#3134=CARTESIAN_POINT('Ctrl Pts',(-17.5824390342098,-21.0333277090805,377.03583891351));
#3135=CARTESIAN_POINT('Ctrl Pts',(-17.545539488971,-21.3941199780915,375.656695448171));
#3136=CARTESIAN_POINT('Ctrl Pts',(-17.5438379117065,-21.866573895142,373.421616076237));
#3137=CARTESIAN_POINT('Ctrl Pts',(-17.574932329127,-22.1282409204482,371.717495923384));
#3138=CARTESIAN_POINT('Ctrl Pts',(-17.5987764181979,-22.2718981489734,370.57540860527));
#3139=CARTESIAN_POINT('Ctrl Pts',(-22.7697853579186,-17.358772564601,370.64963970822));
#3140=CARTESIAN_POINT('Ctrl Pts',(-22.6005732428316,-17.3373104457957,371.799849198251));
#3141=CARTESIAN_POINT('Ctrl Pts',(-22.2414895547892,-17.307128768905,373.803305595554));
#3142=CARTESIAN_POINT('Ctrl Pts',(-21.7105158514895,-17.332364865786,375.895849055162));
#3143=CARTESIAN_POINT('Ctrl Pts',(-21.3688963740044,-17.3813226513856,376.999987294727));
#3144=CARTESIAN_POINT('Ctrl Pts',(-21.0990816048828,-17.4281234884556,377.822262763585));
#3145=CARTESIAN_POINT('Ctrl Pts',(-20.7430657459063,-17.512930191323,378.766920318103));
#3146=CARTESIAN_POINT('Ctrl Pts',(-20.3155860529116,-17.6693733315177,379.656555804829));
#3147=CARTESIAN_POINT('Ctrl Pts',(-20.0418526839809,-17.7915476843475,380.141237700261));
#3148=CARTESIAN_POINT('Ctrl Pts',(-19.7457204702342,-17.9418083006796,380.600158105801));
#3149=CARTESIAN_POINT('Ctrl Pts',(-19.407117266258,-18.1470613657103,381.009716779246));
#3150=CARTESIAN_POINT('Ctrl Pts',(-19.0225015660499,-18.4436972321872,381.275807040541));
#3151=CARTESIAN_POINT('Ctrl Pts',(-18.6183438982883,-18.812432650637,381.382097818343));
#3152=CARTESIAN_POINT('Ctrl Pts',(-18.1959058230305,-19.3236053341137,381.116013034212));
#3153=CARTESIAN_POINT('Ctrl Pts',(-17.8946800043089,-19.8255401091374,380.499890226142));
#3154=CARTESIAN_POINT('Ctrl Pts',(-17.6922507865566,-20.2523916596958,379.788484292687));
#3155=CARTESIAN_POINT('Ctrl Pts',(-17.55832894324,-20.6200854884712,379.021423039363));
#3156=CARTESIAN_POINT('Ctrl Pts',(-17.4653362777716,-20.9445779610441,378.230646433954));
#3157=CARTESIAN_POINT('Ctrl Pts',(-17.3819836015135,-21.3310897647729,377.151337940913));
#3158=CARTESIAN_POINT('Ctrl Pts',(-17.3294708262738,-21.7462531716841,375.764341110998));
#3159=CARTESIAN_POINT('Ctrl Pts',(-17.3116479342874,-22.2939555080251,373.515535462946));
#3160=CARTESIAN_POINT('Ctrl Pts',(-17.3373104457957,-22.6005732428316,371.799849198251));
#3161=CARTESIAN_POINT('Ctrl Pts',(-17.358772564601,-22.7697853579185,370.649639708221));
#3162=CARTESIAN_POINT('Ctrl Pts',(-23.0594131778468,-16.9560171853411,370.690665205823));
#3163=CARTESIAN_POINT('Ctrl Pts',(-22.8804204928071,-16.9492117439739,371.847403138947));
#3164=CARTESIAN_POINT('Ctrl Pts',(-22.4997995086156,-16.9491279835809,373.863686938739));
#3165=CARTESIAN_POINT('Ctrl Pts',(-21.9348393340543,-17.0187907726193,375.972839021601));
#3166=CARTESIAN_POINT('Ctrl Pts',(-21.5705731888078,-17.0977448214694,377.086714396687));
#3167=CARTESIAN_POINT('Ctrl Pts',(-21.2824725247583,-17.1682516905062,377.916425374371));
#3168=CARTESIAN_POINT('Ctrl Pts',(-20.901330865884,-17.2845947613388,378.870189528674));
#3169=CARTESIAN_POINT('Ctrl Pts',(-20.4410642045845,-17.4805518858301,379.769038103822));
#3170=CARTESIAN_POINT('Ctrl Pts',(-20.1451363207581,-17.6287046442025,380.258901148285));
#3171=CARTESIAN_POINT('Ctrl Pts',(-19.8239573523328,-17.8076988658751,380.722827465923));
#3172=CARTESIAN_POINT('Ctrl Pts',(-19.4547497007516,-18.0468831831237,381.136986505753));
#3173=CARTESIAN_POINT('Ctrl Pts',(-19.031225151141,-18.3846775922766,381.406125341561));
#3174=CARTESIAN_POINT('Ctrl Pts',(-18.5823178811709,-18.7990791325084,381.513646167619));
#3175=CARTESIAN_POINT('Ctrl Pts',(-18.1040702759759,-19.3637799127867,381.244479707068));
#3176=CARTESIAN_POINT('Ctrl Pts',(-17.7526377018801,-19.9109157175,380.62143121262));
#3177=CARTESIAN_POINT('Ctrl Pts',(-17.5093547013213,-20.3730576614999,379.902340181895));
#3178=CARTESIAN_POINT('Ctrl Pts',(-17.3414580039233,-20.7689128073722,379.127331115619));
#3179=CARTESIAN_POINT('Ctrl Pts',(-17.2192399846783,-21.1170606236962,378.328748346236));
#3180=CARTESIAN_POINT('Ctrl Pts',(-17.1016292336426,-21.5304450028618,377.2392833105));
#3181=CARTESIAN_POINT('Ctrl Pts',(-17.013513986793,-21.9731797931567,375.840275815114));
#3182=CARTESIAN_POINT('Ctrl Pts',(-16.9486174757237,-22.5551022333352,373.574018578765));
#3183=CARTESIAN_POINT('Ctrl Pts',(-16.9492117439739,-22.880420492807,371.847403138947));
#3184=CARTESIAN_POINT('Ctrl Pts',(-16.9560171853411,-23.0594131778468,370.690665205823));
#3185=CARTESIAN_POINT('Ctrl Pts',(-21.7805723227611,-17.5724755474831,370.499999999997));
#3186=CARTESIAN_POINT('Ctrl Pts',(-21.6543551977693,-17.5657190936,371.633998185209));
#3187=CARTESIAN_POINT('Ctrl Pts',(-21.3861708879925,-17.5613542575518,373.610644843334));
#3188=CARTESIAN_POINT('Ctrl Pts',(-20.9892102779668,-17.6033863707824,375.678334132163));
#3189=CARTESIAN_POINT('Ctrl Pts',(-20.7338448465117,-17.6541679376901,376.770312373499));
#3190=CARTESIAN_POINT('Ctrl Pts',(-20.5320145122566,-17.6999441447661,377.583712466987));
#3191=CARTESIAN_POINT('Ctrl Pts',(-20.2654055971486,-17.7765562631938,378.518727036086));
#3192=CARTESIAN_POINT('Ctrl Pts',(-19.9444427196455,-17.9077526487718,379.399905584666));
#3193=CARTESIAN_POINT('Ctrl Pts',(-19.7384790107281,-18.0075838334145,379.88013865001));
#3194=CARTESIAN_POINT('Ctrl Pts',(-19.5152648938691,-18.1286590218501,380.334944866014));
#3195=CARTESIAN_POINT('Ctrl Pts',(-19.2592697458337,-18.2912191467854,380.740962154898));
#3196=CARTESIAN_POINT('Ctrl Pts',(-18.9666959107726,-18.5221728087203,381.004810121354));
#3197=CARTESIAN_POINT('Ctrl Pts',(-18.6575192379018,-18.8065448466304,381.110217247835));
#3198=CARTESIAN_POINT('Ctrl Pts',(-18.3300501815627,-19.1961619982429,380.846342199698));
#3199=CARTESIAN_POINT('Ctrl Pts',(-18.0912641465435,-19.5755817382168,380.235541912294));
#3200=CARTESIAN_POINT('Ctrl Pts',(-17.9270314779163,-19.8970165548941,379.530587142079));
#3201=CARTESIAN_POINT('Ctrl Pts',(-17.8146428156819,-20.1730733755371,378.770813601753));
#3202=CARTESIAN_POINT('Ctrl Pts',(-17.7335408257868,-20.416317591493,377.987929782272));
#3203=CARTESIAN_POINT('Ctrl Pts',(-17.6564124394495,-20.7056293684836,376.919882009307));
#3204=CARTESIAN_POINT('Ctrl Pts',(-17.6001534268411,-21.016141958436,375.548376921218));
#3205=CARTESIAN_POINT('Ctrl Pts',(-17.5616245802756,-21.4251274075736,373.326670932635));
#3206=CARTESIAN_POINT('Ctrl Pts',(-17.5657190936,-21.6543551977693,371.633998185209));
#3207=CARTESIAN_POINT('Ctrl Pts',(-17.5724755474831,-21.7805723227611,370.499999999997));
#3208=CARTESIAN_POINT('Ctrl Pts',(-21.8368678153938,-17.575887240058,370.5));
#3209=CARTESIAN_POINT('Ctrl Pts',(-20.0203055054314,-17.4529382356104,370.5));
#3210=CARTESIAN_POINT('Ctrl Pts',(-18.7345747202976,-18.7420896742823,370.5));
#3211=CARTESIAN_POINT('Ctrl Pts',(-17.4488439351638,-20.0312411129541,370.5));
#3212=CARTESIAN_POINT('Ctrl Pts',(-17.5766189938368,-21.8474703435447,370.5));
#3213=CARTESIAN_POINT('Ctrl Pts',(-21.8368678153938,-17.575887240058,368.611220363661));
#3214=CARTESIAN_POINT('Ctrl Pts',(-20.0203055054314,-17.4529382356104,368.611220363661));
#3215=CARTESIAN_POINT('Ctrl Pts',(-18.7345747202976,-18.7420896742823,368.611220363661));
#3216=CARTESIAN_POINT('Ctrl Pts',(-17.4488439351638,-20.0312411129541,368.611220363661));
#3217=CARTESIAN_POINT('Ctrl Pts',(-17.5766189938368,-21.8474703435447,368.611220363661));
#3218=CARTESIAN_POINT('Ctrl Pts',(-21.7218546386709,-19.2751982911944,367.794763117192));
#3219=CARTESIAN_POINT('Ctrl Pts',(-20.6787840055912,-19.2046009352974,367.794763117192));
#3220=CARTESIAN_POINT('Ctrl Pts',(-19.9405169961609,-19.9448320850336,367.794763117192));
#3221=CARTESIAN_POINT('Ctrl Pts',(-19.2022499867307,-20.6850632347699,367.794763117192));
#3222=CARTESIAN_POINT('Ctrl Pts',(-19.2756184644376,-21.7279426135727,367.794763117192));
#3223=CARTESIAN_POINT('Origin',(-21.5667568261897,-21.5667568261897,370.5));
#3224=CARTESIAN_POINT('Ctrl Pts',(-2.97557376568927,-27.8268070094096,370.499999999984));
#3225=CARTESIAN_POINT('Ctrl Pts',(-2.89111726394814,-27.7327971299106,371.633797501912));
#3226=CARTESIAN_POINT('Ctrl Pts',(-2.71777280779669,-27.5539105460977,373.4688440532));
#3227=CARTESIAN_POINT('Ctrl Pts',(-2.43422188298383,-27.3222340972086,375.405293037699));
#3228=CARTESIAN_POINT('Ctrl Pts',(-2.25735184495037,-27.1980426525904,376.365772380601));
#3229=CARTESIAN_POINT('Ctrl Pts',(-2.17593259136486,-27.1437899140049,376.775097504043));
#3230=CARTESIAN_POINT('Ctrl Pts',(-2.05922886038152,-27.0701619917074,377.317654702062));
#3231=CARTESIAN_POINT('Ctrl Pts',(-1.89640941014835,-26.9760596595072,377.987696030703));
#3232=CARTESIAN_POINT('Ctrl Pts',(-1.66782276639566,-26.8615041990529,378.76975925156));
#3233=CARTESIAN_POINT('Ctrl Pts',(-1.43911636755173,-26.7655694290112,379.399849092277));
#3234=CARTESIAN_POINT('Ctrl Pts',(-1.24946211054877,-26.6998644862112,379.820311818689));
#3235=CARTESIAN_POINT('Ctrl Pts',(-1.13118044202137,-26.6632860436699,380.051551580054));
#3236=CARTESIAN_POINT('Ctrl Pts',(-0.94077023409638,-26.609999109031,380.385895514033));
#3237=CARTESIAN_POINT('Ctrl Pts',(-0.617739525034866,-26.5354690998598,
380.843783240961));
#3238=CARTESIAN_POINT('Ctrl Pts',(0.00139501947373782,-26.4818993475003,
381.16536864606));
#3239=CARTESIAN_POINT('Ctrl Pts',(0.6144115903343,-26.5351125745097,380.845962874585));
#3240=CARTESIAN_POINT('Ctrl Pts',(0.939283312129615,-26.6096860644622,380.387885396013));
#3241=CARTESIAN_POINT('Ctrl Pts',(1.11383646662501,-26.658432570402,380.082052062221));
#3242=CARTESIAN_POINT('Ctrl Pts',(1.17386890400694,-26.6765613924669,379.967680763253));
#3243=CARTESIAN_POINT('Ctrl Pts',(1.26141678698642,-26.7040133997405,379.793784982637));
#3244=CARTESIAN_POINT('Ctrl Pts',(1.3829966740825,-26.7461089850769,379.524463198503));
#3245=CARTESIAN_POINT('Ctrl Pts',(1.52878946749584,-26.8033051630574,379.152088883267));
#3246=CARTESIAN_POINT('Ctrl Pts',(1.70494993748679,-26.8801855224182,378.64228094702));
#3247=CARTESIAN_POINT('Ctrl Pts',(1.89634135437512,-26.9761007187224,377.987490375313));
#3248=CARTESIAN_POINT('Ctrl Pts',(2.1558725967944,-27.1262422677101,376.91845544251));
#3249=CARTESIAN_POINT('Ctrl Pts',(2.41467265715093,-27.3056849372036,375.549750438869));
#3250=CARTESIAN_POINT('Ctrl Pts',(2.73161938917537,-27.5679327111828,373.325538040817));
#3251=CARTESIAN_POINT('Ctrl Pts',(2.89111726394813,-27.7327971299106,371.633797501912));
#3252=CARTESIAN_POINT('Ctrl Pts',(2.97557376568926,-27.8268070094096,370.499999999984));
#3253=CARTESIAN_POINT('Ctrl Pts',(-3.30439606514255,-28.1928243569303,370.575408605257));
#3254=CARTESIAN_POINT('Ctrl Pts',(-3.21969037475078,-28.0744039999213,371.717293808555));
#3255=CARTESIAN_POINT('Ctrl Pts',(-3.04200982739727,-27.8500872761653,373.564757845567));
#3256=CARTESIAN_POINT('Ctrl Pts',(-2.74055576960038,-27.5563422039557,375.512798179266));
#3257=CARTESIAN_POINT('Ctrl Pts',(-2.54938120632456,-27.3976973210427,376.478652708687));
#3258=CARTESIAN_POINT('Ctrl Pts',(-2.46086064313448,-27.3283722239369,376.890223747678));
#3259=CARTESIAN_POINT('Ctrl Pts',(-2.333339263037,-27.2341264479031,377.435690918144));
#3260=CARTESIAN_POINT('Ctrl Pts',(-2.15401919352057,-27.113554393762,378.109214638376));
#3261=CARTESIAN_POINT('Ctrl Pts',(-1.89984556092943,-26.9662614180536,378.895152431671));
#3262=CARTESIAN_POINT('Ctrl Pts',(-1.64305878750629,-26.8426967314209,379.528231482701));
#3263=CARTESIAN_POINT('Ctrl Pts',(-1.42867237795864,-26.7578384106362,379.95061783516));
#3264=CARTESIAN_POINT('Ctrl Pts',(-1.2945423415019,-26.7105524401891,380.182898062614));
#3265=CARTESIAN_POINT('Ctrl Pts',(-1.07813945614266,-26.6416232029868,380.518730416391));
#3266=CARTESIAN_POINT('Ctrl Pts',(-0.709548520347298,-26.5450879948055,
380.978598248845));
#3267=CARTESIAN_POINT('Ctrl Pts',(0.0016481137224127,-26.4755493353276,
381.301524635323));
#3268=CARTESIAN_POINT('Ctrl Pts',(0.705693186648023,-26.5446486698383,380.980789321562));
#3269=CARTESIAN_POINT('Ctrl Pts',(1.07642725458821,-26.6412560712466,380.520732882011));
#3270=CARTESIAN_POINT('Ctrl Pts',(1.27481538355981,-26.7043136596095,380.213538338343));
#3271=CARTESIAN_POINT('Ctrl Pts',(1.34292864995906,-26.7277553251948,380.098654073507));
#3272=CARTESIAN_POINT('Ctrl Pts',(1.44216463916141,-26.763241431634,379.923973968602));
#3273=CARTESIAN_POINT('Ctrl Pts',(1.57961367335184,-26.8175961503636,379.65341948256));
#3274=CARTESIAN_POINT('Ctrl Pts',(1.74369352859894,-26.8913754997132,379.279303075772));
#3275=CARTESIAN_POINT('Ctrl Pts',(1.94104343682268,-26.9904069889384,378.767053785296));
#3276=CARTESIAN_POINT('Ctrl Pts',(2.15392484422527,-27.1136230729292,378.109011510324));
#3277=CARTESIAN_POINT('Ctrl Pts',(2.43966546298942,-27.306118727259,377.034429964971));
#3278=CARTESIAN_POINT('Ctrl Pts',(2.72022515281589,-27.5347700927555,375.658106646921));
#3279=CARTESIAN_POINT('Ctrl Pts',(3.05588192577273,-27.8683213330692,373.420524215588));
#3280=CARTESIAN_POINT('Ctrl Pts',(3.21969037475076,-28.0744039999213,371.717293808555));
#3281=CARTESIAN_POINT('Ctrl Pts',(3.30439606514254,-28.1928243569303,370.575408605257));
#3282=CARTESIAN_POINT('Ctrl Pts',(-3.82616383924318,-28.3751754262523,370.649639708207));
#3283=CARTESIAN_POINT('Ctrl Pts',(-3.72170730386294,-28.2403722427671,371.799645646044));
#3284=CARTESIAN_POINT('Ctrl Pts',(-3.50531021815814,-27.985768780025,373.659650734374));
#3285=CARTESIAN_POINT('Ctrl Pts',(-3.14643489005482,-27.6552623377955,375.619566852325));
#3286=CARTESIAN_POINT('Ctrl Pts',(-2.92123789034422,-27.4775636470501,376.590966272423));
#3287=CARTESIAN_POINT('Ctrl Pts',(-2.81733567013165,-27.4000163026137,377.004852994629));
#3288=CARTESIAN_POINT('Ctrl Pts',(-2.66812853324579,-27.2947424884293,377.553323725632));
#3289=CARTESIAN_POINT('Ctrl Pts',(-2.45933234808545,-27.1603402429715,378.230436736797));
#3290=CARTESIAN_POINT('Ctrl Pts',(-2.16517262675955,-26.9966304446281,379.020368939222));
#3291=CARTESIAN_POINT('Ctrl Pts',(-1.86979302745046,-26.8596815587481,379.656514608713));
#3292=CARTESIAN_POINT('Ctrl Pts',(-1.62425991507153,-26.7658331887595,380.08087077328));
#3293=CARTESIAN_POINT('Ctrl Pts',(-1.47095395408163,-26.7135910471785,380.314214274912));
#3294=CARTESIAN_POINT('Ctrl Pts',(-1.22396478669465,-26.6374856209007,380.65156573255));
#3295=CARTESIAN_POINT('Ctrl Pts',(-0.804337784522403,-26.5310927846038,
381.113443205306));
#3296=CARTESIAN_POINT('Ctrl Pts',(0.0018372428665995,-26.4546181725746,
381.437721995669));
#3297=CARTESIAN_POINT('Ctrl Pts',(0.79998606035462,-26.53060747005,381.115644493475));
#3298=CARTESIAN_POINT('Ctrl Pts',(1.22202334276307,-26.6370772564951,380.653578696359));
#3299=CARTESIAN_POINT('Ctrl Pts',(1.44844657243296,-26.7066992421251,380.34499479736));
#3300=CARTESIAN_POINT('Ctrl Pts',(1.52627006649422,-26.7325932377873,380.229586396864));
#3301=CARTESIAN_POINT('Ctrl Pts',(1.63972362407988,-26.7718051623085,380.054104285139));
#3302=CARTESIAN_POINT('Ctrl Pts',(1.79713347042647,-26.8319179125333,379.782288151805));
#3303=CARTESIAN_POINT('Ctrl Pts',(1.98557934104975,-26.9136264246946,379.406383332412));
#3304=CARTESIAN_POINT('Ctrl Pts',(2.21289845318278,-27.0234575239897,378.891623453589));
#3305=CARTESIAN_POINT('Ctrl Pts',(2.45923444656265,-27.1604125863184,378.230234195653));
#3306=CARTESIAN_POINT('Ctrl Pts',(2.791997580761,-27.3749805808388,377.149929473601));
#3307=CARTESIAN_POINT('Ctrl Pts',(3.12196077768301,-27.6309882293904,375.765770980442));
#3308=CARTESIAN_POINT('Ctrl Pts',(3.5223835128962,-28.0064146880729,373.514453149514));
#3309=CARTESIAN_POINT('Ctrl Pts',(3.72170730386292,-28.2403722427671,371.799645646044));
#3310=CARTESIAN_POINT('Ctrl Pts',(3.82616383924317,-28.3751754262523,370.649639708207));
#3311=CARTESIAN_POINT('Ctrl Pts',(-4.31575269456899,-28.2951821619097,370.69066520581));
#3312=CARTESIAN_POINT('Ctrl Pts',(-4.1940194738356,-28.1638262969144,371.847198431404));
#3313=CARTESIAN_POINT('Ctrl Pts',(-3.94398258642203,-27.9139519330618,373.719042657086));
#3314=CARTESIAN_POINT('Ctrl Pts',(-3.53410651537112,-27.5906326762257,375.694322710564));
#3315=CARTESIAN_POINT('Ctrl Pts',(-3.27813501321089,-27.41740600121,376.674062276646));
#3316=CARTESIAN_POINT('Ctrl Pts',(-3.16025928026582,-27.3417454772956,377.091595482114));
#3317=CARTESIAN_POINT('Ctrl Pts',(-2.99123844683416,-27.2390828380332,377.645032427624));
#3318=CARTESIAN_POINT('Ctrl Pts',(-2.75530072765746,-27.1079084296509,378.328509907313));
#3319=CARTESIAN_POINT('Ctrl Pts',(-2.42380742951258,-26.9482866438315,379.126255622838));
#3320=CARTESIAN_POINT('Ctrl Pts',(-2.09188231834649,-26.8146671385179,379.768980478607));
#3321=CARTESIAN_POINT('Ctrl Pts',(-1.81646279979042,-26.723181823772,380.197874626276));
#3322=CARTESIAN_POINT('Ctrl Pts',(-1.64464187194781,-26.6722594692425,380.433751373793));
#3323=CARTESIAN_POINT('Ctrl Pts',(-1.3679862887211,-26.5980840382164,380.774799813012));
#3324=CARTESIAN_POINT('Ctrl Pts',(-0.898470679538346,-26.4943691651547,
381.241869434248));
#3325=CARTESIAN_POINT('Ctrl Pts',(0.00203366230470642,-26.4198494851433,
381.569903501381));
#3326=CARTESIAN_POINT('Ctrl Pts',(0.89362934013988,-26.4938731140622,381.244092775454));
#3327=CARTESIAN_POINT('Ctrl Pts',(1.36582533117884,-26.5976482586327,380.776829597537));
#3328=CARTESIAN_POINT('Ctrl Pts',(1.61944228035329,-26.6655033560465,380.464863473584));
#3329=CARTESIAN_POINT('Ctrl Pts',(1.70665256780812,-26.6907405321061,380.348198718999));
#3330=CARTESIAN_POINT('Ctrl Pts',(1.83382370097853,-26.7289586303538,380.170815855013));
#3331=CARTESIAN_POINT('Ctrl Pts',(2.01038474590248,-26.7875709207811,379.896093436594));
#3332=CARTESIAN_POINT('Ctrl Pts',(2.22202543901533,-26.8672259212467,379.516252003537));
#3333=CARTESIAN_POINT('Ctrl Pts',(2.47764799864728,-26.974317187901,378.996221031571));
#3334=CARTESIAN_POINT('Ctrl Pts',(2.75520155297355,-27.107965510088,378.328300127972));
#3335=CARTESIAN_POINT('Ctrl Pts',(3.13127980384717,-27.3172561688366,377.237828137158));
#3336=CARTESIAN_POINT('Ctrl Pts',(3.50585617952611,-27.5675332163897,375.84167687553));
#3337=CARTESIAN_POINT('Ctrl Pts',(3.9639597946498,-27.9335378311905,373.572862969385));
#3338=CARTESIAN_POINT('Ctrl Pts',(4.19401947383558,-28.1638262969144,371.847198431404));
#3339=CARTESIAN_POINT('Ctrl Pts',(4.31575269456898,-28.2951821619097,370.69066520581));
#3340=CARTESIAN_POINT('',(2.97557376568926,-27.8268070094096,370.499999999992));
#3341=CARTESIAN_POINT('Origin',(4.09141392782273,-26.8243596379382,370.499999999984));
#3342=CARTESIAN_POINT('',(-2.97557376568926,-27.8268070094096,370.499999999992));
#3343=CARTESIAN_POINT('Ctrl Pts',(-2.97557376568927,-27.8268070094096,370.499999999984));
#3344=CARTESIAN_POINT('Ctrl Pts',(-2.89111726394814,-27.7327971299106,371.633797501912));
#3345=CARTESIAN_POINT('Ctrl Pts',(-2.71777280779669,-27.5539105460977,373.4688440532));
#3346=CARTESIAN_POINT('Ctrl Pts',(-2.43422188298383,-27.3222340972086,375.405293037699));
#3347=CARTESIAN_POINT('Ctrl Pts',(-2.25735184495037,-27.1980426525904,376.365772380601));
#3348=CARTESIAN_POINT('Ctrl Pts',(-2.17593259136486,-27.1437899140049,376.775097504043));
#3349=CARTESIAN_POINT('Ctrl Pts',(-2.05922886038152,-27.0701619917074,377.317654702062));
#3350=CARTESIAN_POINT('Ctrl Pts',(-1.89640941014835,-26.9760596595072,377.987696030703));
#3351=CARTESIAN_POINT('Ctrl Pts',(-1.66782276639566,-26.8615041990529,378.76975925156));
#3352=CARTESIAN_POINT('Ctrl Pts',(-1.43911636755173,-26.7655694290112,379.399849092277));
#3353=CARTESIAN_POINT('Ctrl Pts',(-1.24946211054877,-26.6998644862112,379.820311818689));
#3354=CARTESIAN_POINT('Ctrl Pts',(-1.13118044202137,-26.6632860436699,380.051551580054));
#3355=CARTESIAN_POINT('Ctrl Pts',(-0.94077023409638,-26.609999109031,380.385895514033));
#3356=CARTESIAN_POINT('Ctrl Pts',(-0.617739525034866,-26.5354690998598,
380.843783240961));
#3357=CARTESIAN_POINT('Ctrl Pts',(0.00139501947373782,-26.4818993475003,
381.16536864606));
#3358=CARTESIAN_POINT('Ctrl Pts',(0.6144115903343,-26.5351125745097,380.845962874585));
#3359=CARTESIAN_POINT('Ctrl Pts',(0.939283312129615,-26.6096860644622,380.387885396013));
#3360=CARTESIAN_POINT('Ctrl Pts',(1.11383646662501,-26.658432570402,380.082052062221));
#3361=CARTESIAN_POINT('Ctrl Pts',(1.17386890400694,-26.6765613924669,379.967680763253));
#3362=CARTESIAN_POINT('Ctrl Pts',(1.26141678698642,-26.7040133997405,379.793784982637));
#3363=CARTESIAN_POINT('Ctrl Pts',(1.3829966740825,-26.7461089850769,379.524463198503));
#3364=CARTESIAN_POINT('Ctrl Pts',(1.52878946749584,-26.8033051630574,379.152088883267));
#3365=CARTESIAN_POINT('Ctrl Pts',(1.70494993748679,-26.8801855224182,378.64228094702));
#3366=CARTESIAN_POINT('Ctrl Pts',(1.89634135437512,-26.9761007187224,377.987490375313));
#3367=CARTESIAN_POINT('Ctrl Pts',(2.1558725967944,-27.1262422677101,376.91845544251));
#3368=CARTESIAN_POINT('Ctrl Pts',(2.41467265715093,-27.3056849372036,375.549750438869));
#3369=CARTESIAN_POINT('Ctrl Pts',(2.73161938917537,-27.5679327111828,373.325538040817));
#3370=CARTESIAN_POINT('Ctrl Pts',(2.89111726394813,-27.7327971299106,371.633797501912));
#3371=CARTESIAN_POINT('Ctrl Pts',(2.97557376568926,-27.8268070094096,370.499999999984));
#3372=CARTESIAN_POINT('Origin',(-4.09141392782274,-26.8243596379382,370.499999999984));
#3373=CARTESIAN_POINT('Ctrl Pts',(2.9755737656891,-27.8268070094094,370.499999999991));
#3374=CARTESIAN_POINT('Ctrl Pts',(3.02172351931072,-27.8781770364362,370.086971010363));
#3375=CARTESIAN_POINT('Ctrl Pts',(2.88991539587692,-27.997094469574,369.242060535644));
#3376=CARTESIAN_POINT('Ctrl Pts',(2.05595712825954,-28.1722123309479,368.243143144815));
#3377=CARTESIAN_POINT('Ctrl Pts',(0.760860451538415,-28.1999547246744,367.777008923137));
#3378=CARTESIAN_POINT('Ctrl Pts',(-0.760856004686633,-28.1977104728177,
367.777938017861));
#3379=CARTESIAN_POINT('Ctrl Pts',(-2.05522376043126,-28.1685080072174,368.246377484271));
#3380=CARTESIAN_POINT('Ctrl Pts',(-2.89021184858703,-27.9940236812023,369.24310320098));
#3381=CARTESIAN_POINT('Ctrl Pts',(-3.02172351931055,-27.8781770364361,370.086971010364));
#3382=CARTESIAN_POINT('Ctrl Pts',(-2.97557376568913,-27.8268070094094,370.499999999991));
#3383=CARTESIAN_POINT('Ctrl Pts',(3.1399849154158,-28.0098156831696,370.537704302627));
#3384=CARTESIAN_POINT('Ctrl Pts',(3.18892844064952,-28.0628750365527,370.100027721632));
#3385=CARTESIAN_POINT('Ctrl Pts',(3.04867944524174,-28.1881361933395,369.20451277994));
#3386=CARTESIAN_POINT('Ctrl Pts',(2.15941260824584,-28.378228700906,368.143789052101));
#3387=CARTESIAN_POINT('Ctrl Pts',(0.790130926826674,-28.4359688236763,367.661907788552));
#3388=CARTESIAN_POINT('Ctrl Pts',(-0.78961479008592,-28.4343570506824,367.66336718619));
#3389=CARTESIAN_POINT('Ctrl Pts',(-2.15844160494198,-28.3753528961484,368.14786848763));
#3390=CARTESIAN_POINT('Ctrl Pts',(-3.04898495562968,-28.1857941200363,369.206239681056));
#3391=CARTESIAN_POINT('Ctrl Pts',(-3.18892844064942,-28.0628750365527,370.100027721632));
#3392=CARTESIAN_POINT('Ctrl Pts',(-3.13998491541583,-28.0098156831696,370.537704302626));
#3393=CARTESIAN_POINT('Ctrl Pts',(3.56277486191615,-28.2909497005295,370.613059919839));
#3394=CARTESIAN_POINT('Ctrl Pts',(3.61827001908932,-28.3494981702001,370.108486050955));
#3395=CARTESIAN_POINT('Ctrl Pts',(3.45447285576685,-28.4935986610661,369.076105520206));
#3396=CARTESIAN_POINT('Ctrl Pts',(2.42412315508052,-28.7237475486636,367.852324680176));
#3397=CARTESIAN_POINT('Ctrl Pts',(0.868261320136361,-28.8466866955162,367.30334019137));
#3398=CARTESIAN_POINT('Ctrl Pts',(-0.866823827530489,-28.846386215893,367.305262112899));
#3399=CARTESIAN_POINT('Ctrl Pts',(-2.42273965973825,-28.7225193951643,367.857389576486));
#3400=CARTESIAN_POINT('Ctrl Pts',(-3.45489877109581,-28.4927676370496,369.078430806625));
#3401=CARTESIAN_POINT('Ctrl Pts',(-3.61827001908938,-28.3494981702003,370.108486050954));
#3402=CARTESIAN_POINT('Ctrl Pts',(-3.56277486191617,-28.2909497005295,370.613059919839));
#3403=CARTESIAN_POINT('Ctrl Pts',(4.0709582669059,-28.3351787940806,370.670152457012));
#3404=CARTESIAN_POINT('Ctrl Pts',(4.13385463041591,-28.4023486920908,370.080304072081));
#3405=CARTESIAN_POINT('Ctrl Pts',(3.93975244735145,-28.5732647814052,368.873620361992));
#3406=CARTESIAN_POINT('Ctrl Pts',(2.7400846056958,-28.8553488399912,367.445971458776));
#3407=CARTESIAN_POINT('Ctrl Pts',(0.963090456100444,-29.0263519782256,366.787615984151));
#3408=CARTESIAN_POINT('Ctrl Pts',(-0.960726282696568,-29.0266289860173,
366.789223231098));
#3409=CARTESIAN_POINT('Ctrl Pts',(-2.73832182419218,-28.8546854114213,367.450981805464));
#3410=CARTESIAN_POINT('Ctrl Pts',(-3.94023325860638,-28.5730314739038,368.875478381309));
#3411=CARTESIAN_POINT('Ctrl Pts',(-4.13385463041611,-28.4023486920912,370.080304072078));
#3412=CARTESIAN_POINT('Ctrl Pts',(-4.07095826690591,-28.3351787940807,370.670152457012));
#3413=CARTESIAN_POINT('Ctrl Pts',(4.31575269456876,-28.2951821619095,370.690665205812));
#3414=CARTESIAN_POINT('Ctrl Pts',(4.38227164845159,-28.3669592386481,370.058698189442));
#3415=CARTESIAN_POINT('Ctrl Pts',(4.17363890557839,-28.5516996993746,368.765918347801));
#3416=CARTESIAN_POINT('Ctrl Pts',(2.89191408443576,-28.8599316267145,367.237495745678));
#3417=CARTESIAN_POINT('Ctrl Pts',(1.00797735780449,-29.0460757670875,366.524273524726));
#3418=CARTESIAN_POINT('Ctrl Pts',(-1.00513992247473,-29.0463442495644,366.525695113125));
#3419=CARTESIAN_POINT('Ctrl Pts',(-2.88995385881287,-28.8591412558159,367.242444540816));
#3420=CARTESIAN_POINT('Ctrl Pts',(-4.17415235612853,-28.5513992174235,368.767513708219));
#3421=CARTESIAN_POINT('Ctrl Pts',(-4.38227164845185,-28.3669592386486,370.058698189439));
#3422=CARTESIAN_POINT('Ctrl Pts',(-4.31575269456878,-28.2951821619095,370.690665205812));
#3423=CARTESIAN_POINT('Ctrl Pts',(2.9755737656891,-27.8268070094094,370.499999999991));
#3424=CARTESIAN_POINT('Ctrl Pts',(3.02172351931072,-27.8781770364362,370.086971010363));
#3425=CARTESIAN_POINT('Ctrl Pts',(2.88991539587692,-27.997094469574,369.242060535644));
#3426=CARTESIAN_POINT('Ctrl Pts',(2.05595712825954,-28.1722123309479,368.243143144815));
#3427=CARTESIAN_POINT('Ctrl Pts',(0.760860451538415,-28.1999547246744,367.777008923137));
#3428=CARTESIAN_POINT('Ctrl Pts',(-0.760856004686633,-28.1977104728177,
367.777938017861));
#3429=CARTESIAN_POINT('Ctrl Pts',(-2.05522376043126,-28.1685080072174,368.246377484271));
#3430=CARTESIAN_POINT('Ctrl Pts',(-2.89021184858703,-27.9940236812023,369.24310320098));
#3431=CARTESIAN_POINT('Ctrl Pts',(-3.02172351931055,-27.8781770364361,370.086971010364));
#3432=CARTESIAN_POINT('Ctrl Pts',(-2.97557376568913,-27.8268070094094,370.499999999991));
#3433=CARTESIAN_POINT('Origin',(-5.60275910609914E-15,-30.5,378.5));
#3434=CARTESIAN_POINT('Origin',(-5.60275910609914E-15,-30.5,370.5));
#3435=CARTESIAN_POINT('Ctrl Pts',(27.8268070094086,2.97557376568842,370.499999999997));
#3436=CARTESIAN_POINT('Ctrl Pts',(27.8781770364354,3.02172351931117,370.086971010369));
#3437=CARTESIAN_POINT('Ctrl Pts',(27.994116749918,2.88983111781098,369.243689365965));
#3438=CARTESIAN_POINT('Ctrl Pts',(28.1676686314701,2.05579094408668,368.245731079535));
#3439=CARTESIAN_POINT('Ctrl Pts',(28.1975154602499,0.760988416522571,367.77768537155));
#3440=CARTESIAN_POINT('Ctrl Pts',(28.1996480401155,-0.760684898211169,367.776770902723));
#3441=CARTESIAN_POINT('Ctrl Pts',(28.1720782793537,-2.05588922814311,368.24303092008));
#3442=CARTESIAN_POINT('Ctrl Pts',(27.9969700083238,-2.88986005859931,369.242046574616));
#3443=CARTESIAN_POINT('Ctrl Pts',(27.8781770364354,-3.02172351931118,370.086971010369));
#3444=CARTESIAN_POINT('Ctrl Pts',(27.8268070094086,-2.97557376568842,370.499999999997));
#3445=CARTESIAN_POINT('Ctrl Pts',(28.0098156831688,3.13998491541507,370.537704302633));
#3446=CARTESIAN_POINT('Ctrl Pts',(28.0628750365519,3.18892844064997,370.100027721638));
#3447=CARTESIAN_POINT('Ctrl Pts',(28.1858669215648,3.04848771663672,369.206816256245));
#3448=CARTESIAN_POINT('Ctrl Pts',(28.3747023019831,2.15928804801168,368.147397178137));
#3449=CARTESIAN_POINT('Ctrl Pts',(28.4342067250612,0.789824548419562,367.663153690057));
#3450=CARTESIAN_POINT('Ctrl Pts',(28.435729706099,-0.789851787073219,367.66173400177));
#3451=CARTESIAN_POINT('Ctrl Pts',(28.3781230295177,-2.15929849465576,368.14370480539));
#3452=CARTESIAN_POINT('Ctrl Pts',(28.1880359063361,-3.04858671869045,369.204527060934));
#3453=CARTESIAN_POINT('Ctrl Pts',(28.0628750365518,-3.1889284406499,370.100027721639));
#3454=CARTESIAN_POINT('Ctrl Pts',(28.0098156831688,-3.13998491541508,370.537704302633));
#3455=CARTESIAN_POINT('Ctrl Pts',(28.2909497005286,3.56277486191531,370.613059919846));
#3456=CARTESIAN_POINT('Ctrl Pts',(28.3494981701991,3.61827001908981,370.108486050963));
#3457=CARTESIAN_POINT('Ctrl Pts',(28.492775577459,3.45414776004817,369.079068192463));
#3458=CARTESIAN_POINT('Ctrl Pts',(28.7222908553237,2.42403808655905,367.856941878822));
#3459=CARTESIAN_POINT('Ctrl Pts',(28.8463391559549,0.867165136654233,367.305040293053));
#3460=CARTESIAN_POINT('Ctrl Pts',(28.846599561139,-0.867814556392283,367.303174642752));
#3461=CARTESIAN_POINT('Ctrl Pts',(28.7237065952281,-2.42393339424537,367.852242965667));
#3462=CARTESIAN_POINT('Ctrl Pts',(28.4935524017708,-3.45432039728846,369.076134869074));
#3463=CARTESIAN_POINT('Ctrl Pts',(28.3494981701988,-3.61827001908957,370.108486050966));
#3464=CARTESIAN_POINT('Ctrl Pts',(28.2909497005286,-3.56277486191532,370.613059919846));
#3465=CARTESIAN_POINT('Ctrl Pts',(28.3351787940796,4.07095826690494,370.670152457021));
#3466=CARTESIAN_POINT('Ctrl Pts',(28.4023486920896,4.13385463041647,370.080304072091));
#3467=CARTESIAN_POINT('Ctrl Pts',(28.5729943843574,3.93927197063939,368.876289257266));
#3468=CARTESIAN_POINT('Ctrl Pts',(28.8546393829137,2.74006419524267,367.450179477877));
#3469=CARTESIAN_POINT('Ctrl Pts',(29.0266297645436,0.961190201550081,366.788892993693));
#3470=CARTESIAN_POINT('Ctrl Pts',(29.0263304618846,-0.9624811828285,366.787320308322));
#3471=CARTESIAN_POINT('Ctrl Pts',(28.8553358227392,-2.73982390500171,367.445830719602));
#3472=CARTESIAN_POINT('Ctrl Pts',(28.5732399587813,-3.93954318103818,368.873616812546));
#3473=CARTESIAN_POINT('Ctrl Pts',(28.4023486920892,-4.13385463041612,370.080304072094));
#3474=CARTESIAN_POINT('Ctrl Pts',(28.3351787940796,-4.07095826690495,370.670152457021));
#3475=CARTESIAN_POINT('Ctrl Pts',(28.2951821619084,4.31575269456775,370.690665205822));
#3476=CARTESIAN_POINT('Ctrl Pts',(28.3669592386468,4.3822716484522,370.058698189453));
#3477=CARTESIAN_POINT('Ctrl Pts',(28.5513557200094,4.17307973401765,368.768410587001));
#3478=CARTESIAN_POINT('Ctrl Pts',(28.8590804101793,2.89192505760974,367.241455490454));
#3479=CARTESIAN_POINT('Ctrl Pts',(29.0463431322695,1.00566771268967,366.525308544293));
#3480=CARTESIAN_POINT('Ctrl Pts',(29.0460485515963,-1.00728401158287,366.523909334672));
#3481=CARTESIAN_POINT('Ctrl Pts',(28.8599159292188,-2.89161643436386,367.237324032962));
#3482=CARTESIAN_POINT('Ctrl Pts',(28.551671357352,-4.17340011325932,368.765896986327));
#3483=CARTESIAN_POINT('Ctrl Pts',(28.3669592386463,-4.3822716484518,370.058698189457));
#3484=CARTESIAN_POINT('Ctrl Pts',(28.2951821619084,-4.31575269456776,370.690665205822));
#3485=CARTESIAN_POINT('',(27.8268070094086,-2.97557376568842,370.499999999999));
#3486=CARTESIAN_POINT('Origin',(26.8243596379369,-4.09141392782158,370.499999999995));
#3487=CARTESIAN_POINT('',(27.8268070094086,2.97557376568842,370.499999999999));
#3488=CARTESIAN_POINT('Ctrl Pts',(27.8268070094086,2.97557376568842,370.499999999997));
#3489=CARTESIAN_POINT('Ctrl Pts',(27.8781770364354,3.02172351931117,370.086971010369));
#3490=CARTESIAN_POINT('Ctrl Pts',(27.994116749918,2.88983111781098,369.243689365965));
#3491=CARTESIAN_POINT('Ctrl Pts',(28.1676686314701,2.05579094408668,368.245731079535));
#3492=CARTESIAN_POINT('Ctrl Pts',(28.1975154602499,0.760988416522571,367.77768537155));
#3493=CARTESIAN_POINT('Ctrl Pts',(28.1996480401155,-0.760684898211169,367.776770902723));
#3494=CARTESIAN_POINT('Ctrl Pts',(28.1720782793537,-2.05588922814311,368.24303092008));
#3495=CARTESIAN_POINT('Ctrl Pts',(27.9969700083238,-2.88986005859931,369.242046574616));
#3496=CARTESIAN_POINT('Ctrl Pts',(27.8781770364354,-3.02172351931118,370.086971010369));
#3497=CARTESIAN_POINT('Ctrl Pts',(27.8268070094086,-2.97557376568842,370.499999999997));
#3498=CARTESIAN_POINT('Origin',(26.8243596379369,4.09141392782157,370.499999999996));
#3499=CARTESIAN_POINT('Ctrl Pts',(27.8268070094085,-2.9755737656883,370.499999999997));
#3500=CARTESIAN_POINT('Ctrl Pts',(27.8033045395338,-2.954459640253,370.783449375479));
#3501=CARTESIAN_POINT('Ctrl Pts',(27.7542646237562,-2.90932862173069,371.350415051829));
#3502=CARTESIAN_POINT('Ctrl Pts',(27.6482465689755,-2.80698629395011,372.481681524295));
#3503=CARTESIAN_POINT('Ctrl Pts',(27.4443799804887,-2.59120498638447,374.438796388691));
#3504=CARTESIAN_POINT('Ctrl Pts',(27.1670133491053,-2.24382873075389,376.658405118199));
#3505=CARTESIAN_POINT('Ctrl Pts',(26.8621468177168,-1.68983158298445,378.781057799501));
#3506=CARTESIAN_POINT('Ctrl Pts',(26.6681762157158,-1.19956565826342,380.028565072676));
#3507=CARTESIAN_POINT('Ctrl Pts',(26.5523453160215,-0.685320348047997,380.740276985586));
#3508=CARTESIAN_POINT('Ctrl Pts',(26.5086824974934,-0.313286030645292,381.004624291415));
#3509=CARTESIAN_POINT('Ctrl Pts',(26.4958522515821,-0.0010627480843676,
381.081804340488));
#3510=CARTESIAN_POINT('Ctrl Pts',(26.5084765086247,0.311341023015479,381.005869298339));
#3511=CARTESIAN_POINT('Ctrl Pts',(26.5520048022796,0.683740254165534,380.742354300688));
#3512=CARTESIAN_POINT('Ctrl Pts',(26.6674315553624,1.19854096085733,380.033174685299));
#3513=CARTESIAN_POINT('Ctrl Pts',(26.8618610976662,1.68794031283064,378.783189299695));
#3514=CARTESIAN_POINT('Ctrl Pts',(27.16682083775,2.24335191744986,376.660129688429));
#3515=CARTESIAN_POINT('Ctrl Pts',(27.4440382849767,2.5905597088309,374.442006162881));
#3516=CARTESIAN_POINT('Ctrl Pts',(27.6485253432363,2.80725862060614,372.479059488925));
#3517=CARTESIAN_POINT('Ctrl Pts',(27.7543162809957,2.9093265735254,371.349747993363));
#3518=CARTESIAN_POINT('Ctrl Pts',(27.8033045395338,2.954459640253,370.783449375479));
#3519=CARTESIAN_POINT('Ctrl Pts',(27.8268070094085,2.97557376568831,370.499999999997));
#3520=CARTESIAN_POINT('Ctrl Pts',(28.1928243569289,-3.30439606514158,370.57540860527));
#3521=CARTESIAN_POINT('Ctrl Pts',(28.1632192676767,-3.2832196425436,370.860879906094));
#3522=CARTESIAN_POINT('Ctrl Pts',(28.1015734556647,-3.23761313029621,371.431841761681));
#3523=CARTESIAN_POINT('Ctrl Pts',(27.9677741691495,-3.13327098308505,372.5708220478));
#3524=CARTESIAN_POINT('Ctrl Pts',(27.7101172377379,-2.9093518098382,374.540655052491));
#3525=CARTESIAN_POINT('Ctrl Pts',(27.3579613363333,-2.53838016946202,376.773150493066));
#3526=CARTESIAN_POINT('Ctrl Pts',(26.9672082912067,-1.92567279078886,378.906599418479));
#3527=CARTESIAN_POINT('Ctrl Pts',(26.716894382508,-1.37349730694474,380.159858601384));
#3528=CARTESIAN_POINT('Ctrl Pts',(26.5668611522199,-0.786516902433436,380.874647574293));
#3529=CARTESIAN_POINT('Ctrl Pts',(26.5102174255171,-0.359879148080116,381.140111304705));
#3530=CARTESIAN_POINT('Ctrl Pts',(26.4935603133812,-0.00121418079648023,
381.217613780297));
#3531=CARTESIAN_POINT('Ctrl Pts',(26.5099485895447,0.35765639390746,381.14136144225));
#3532=CARTESIAN_POINT('Ctrl Pts',(26.5664015862465,0.78473547549581,380.876732448498));
#3533=CARTESIAN_POINT('Ctrl Pts',(26.7159308676843,1.37235432649579,380.164488435438));
#3534=CARTESIAN_POINT('Ctrl Pts',(26.966715506894,1.92362065493817,378.908733250595));
#3535=CARTESIAN_POINT('Ctrl Pts',(27.3578668322014,2.53777991012398,376.774895595512));
#3536=CARTESIAN_POINT('Ctrl Pts',(27.7096541151717,2.90867101786045,374.543883237397));
#3537=CARTESIAN_POINT('Ctrl Pts',(27.9681392295612,3.13354617498491,372.568183979025));
#3538=CARTESIAN_POINT('Ctrl Pts',(28.101636559459,3.23760543127525,371.431169677396));
#3539=CARTESIAN_POINT('Ctrl Pts',(28.1632192676767,3.28321964254361,370.860879906094));
#3540=CARTESIAN_POINT('Ctrl Pts',(28.1928243569289,3.30439606514158,370.57540860527));
#3541=CARTESIAN_POINT('Ctrl Pts',(28.3751754262507,-3.82616383924198,370.64963970822));
#3542=CARTESIAN_POINT('Ctrl Pts',(28.3414746303794,-3.80004970539689,370.937141192679));
#3543=CARTESIAN_POINT('Ctrl Pts',(28.2713537219072,-3.74405005169851,371.512119344748));
#3544=CARTESIAN_POINT('Ctrl Pts',(28.1195085341548,-3.61664181175844,372.658899178232));
#3545=CARTESIAN_POINT('Ctrl Pts',(27.8280091229387,-3.34612746379674,374.641671933555));
#3546=CARTESIAN_POINT('Ctrl Pts',(27.4324343281444,-2.90566438007584,376.887408610486));
#3547=CARTESIAN_POINT('Ctrl Pts',(26.9974256676188,-2.19405772497221,379.031973281378));
#3548=CARTESIAN_POINT('Ctrl Pts',(26.7204360104334,-1.56015509871725,380.291127914132));
#3549=CARTESIAN_POINT('Ctrl Pts',(26.5550818460923,-0.892057881485438,381.009040662484));
#3550=CARTESIAN_POINT('Ctrl Pts',(26.4927399767352,-0.407928163894108,381.275633688598));
#3551=CARTESIAN_POINT('Ctrl Pts',(26.4744184099591,-0.00138066793390429,
381.353461823502));
#3552=CARTESIAN_POINT('Ctrl Pts',(26.492444258161,0.405399804293978,381.276889082818));
#3553=CARTESIAN_POINT('Ctrl Pts',(26.5545765887452,0.890017431008253,381.011134067843));
#3554=CARTESIAN_POINT('Ctrl Pts',(26.7193739288873,1.55883493486879,380.295778196242));
#3555=CARTESIAN_POINT('Ctrl Pts',(26.996881287762,2.19166460522147,379.03411602653));
#3556=CARTESIAN_POINT('Ctrl Pts',(27.432314195219,2.90500365520176,376.889168535251));
#3557=CARTESIAN_POINT('Ctrl Pts',(27.8274879691201,3.3453176035343,374.644920339301));
#3558=CARTESIAN_POINT('Ctrl Pts',(28.1199197936596,3.61697867701209,372.65624430331));
#3559=CARTESIAN_POINT('Ctrl Pts',(28.2714258779256,3.74404522655661,371.511442330336));
#3560=CARTESIAN_POINT('Ctrl Pts',(28.3414746303794,3.8000497053969,370.937141192679));
#3561=CARTESIAN_POINT('Ctrl Pts',(28.3751754262507,3.82616383924199,370.64963970822));
#3562=CARTESIAN_POINT('Ctrl Pts',(28.2951821619083,-4.3157526945676,370.690665205823));
#3563=CARTESIAN_POINT('Ctrl Pts',(28.2623431956594,-4.28531938938422,370.979798512221));
#3564=CARTESIAN_POINT('Ctrl Pts',(28.1938277743241,-4.22025295546065,371.558133392441));
#3565=CARTESIAN_POINT('Ctrl Pts',(28.0457370926032,-4.0726328002758,372.712084834548));
#3566=CARTESIAN_POINT('Ctrl Pts',(27.76105777897,-3.76111642545911,374.708445175023));
#3567=CARTESIAN_POINT('Ctrl Pts',(27.3740438898663,-3.2588776273146,376.972563096547));
#3568=CARTESIAN_POINT('Ctrl Pts',(26.9491461949408,-2.45587534749974,379.137780737395));
#3569=CARTESIAN_POINT('Ctrl Pts',(26.6790425630666,-1.74415624981741,380.410303924422));
#3570=CARTESIAN_POINT('Ctrl Pts',(26.5178536036504,-0.996685505010999,381.136287596932));
#3571=CARTESIAN_POINT('Ctrl Pts',(26.4571071307952,-0.455665168874771,381.405935785227));
#3572=CARTESIAN_POINT('Ctrl Pts',(26.4392587038696,-0.00154513098718532,
381.484663504201));
#3573=CARTESIAN_POINT('Ctrl Pts',(26.4568205611955,0.452837961130424,381.407205757926));
#3574=CARTESIAN_POINT('Ctrl Pts',(26.5173798062148,0.994389732732758,381.138406567851));
#3575=CARTESIAN_POINT('Ctrl Pts',(26.6780063261478,1.74267003065378,380.415005972316));
#3576=CARTESIAN_POINT('Ctrl Pts',(26.948747443089,2.45312794329454,379.139954979965));
#3577=CARTESIAN_POINT('Ctrl Pts',(27.3737744394264,3.25818738248792,376.974322249101));
#3578=CARTESIAN_POINT('Ctrl Pts',(27.760580674842,3.76018181471878,374.711719313916));
#3579=CARTESIAN_POINT('Ctrl Pts',(28.0461262422262,4.0730258547766,372.709410220238));
#3580=CARTESIAN_POINT('Ctrl Pts',(28.1938999601133,4.22024938641569,371.557452957638));
#3581=CARTESIAN_POINT('Ctrl Pts',(28.2623431956594,4.28531938938422,370.979798512221));
#3582=CARTESIAN_POINT('Ctrl Pts',(28.2951821619082,4.3157526945676,370.690665205823));
#3583=CARTESIAN_POINT('Ctrl Pts',(27.8268070094085,-2.9755737656883,370.499999999997));
#3584=CARTESIAN_POINT('Ctrl Pts',(27.8033045395338,-2.954459640253,370.783449375479));
#3585=CARTESIAN_POINT('Ctrl Pts',(27.7542646237562,-2.90932862173069,371.350415051829));
#3586=CARTESIAN_POINT('Ctrl Pts',(27.6482465689755,-2.80698629395011,372.481681524295));
#3587=CARTESIAN_POINT('Ctrl Pts',(27.4443799804887,-2.59120498638447,374.438796388691));
#3588=CARTESIAN_POINT('Ctrl Pts',(27.1670133491053,-2.24382873075389,376.658405118199));
#3589=CARTESIAN_POINT('Ctrl Pts',(26.8621468177168,-1.68983158298445,378.781057799501));
#3590=CARTESIAN_POINT('Ctrl Pts',(26.6681762157158,-1.19956565826342,380.028565072676));
#3591=CARTESIAN_POINT('Ctrl Pts',(26.5523453160215,-0.685320348047997,380.740276985586));
#3592=CARTESIAN_POINT('Ctrl Pts',(26.5086824974934,-0.313286030645292,381.004624291415));
#3593=CARTESIAN_POINT('Ctrl Pts',(26.4958522515821,-0.0010627480843676,
381.081804340488));
#3594=CARTESIAN_POINT('Ctrl Pts',(26.5084765086247,0.311341023015479,381.005869298339));
#3595=CARTESIAN_POINT('Ctrl Pts',(26.5520048022796,0.683740254165534,380.742354300688));
#3596=CARTESIAN_POINT('Ctrl Pts',(26.6674315553624,1.19854096085733,380.033174685299));
#3597=CARTESIAN_POINT('Ctrl Pts',(26.8618610976662,1.68794031283064,378.783189299695));
#3598=CARTESIAN_POINT('Ctrl Pts',(27.16682083775,2.24335191744986,376.660129688429));
#3599=CARTESIAN_POINT('Ctrl Pts',(27.4440382849767,2.5905597088309,374.442006162881));
#3600=CARTESIAN_POINT('Ctrl Pts',(27.6485253432363,2.80725862060614,372.479059488925));
#3601=CARTESIAN_POINT('Ctrl Pts',(27.7543162809957,2.9093265735254,371.349747993363));
#3602=CARTESIAN_POINT('Ctrl Pts',(27.8033045395338,2.954459640253,370.783449375479));
#3603=CARTESIAN_POINT('Ctrl Pts',(27.8268070094085,2.97557376568831,370.499999999997));
#3604=CARTESIAN_POINT('Ctrl Pts',(27.8690263649543,-3.01296825932411,370.5));
#3605=CARTESIAN_POINT('Ctrl Pts',(26.497584762347,-1.8154028062868,370.5));
#3606=CARTESIAN_POINT('Ctrl Pts',(26.5000035296599,0.00531387492286785,
370.5));
#3607=CARTESIAN_POINT('Ctrl Pts',(26.5024222969727,1.82603055613253,370.5));
#3608=CARTESIAN_POINT('Ctrl Pts',(27.8770409125667,3.0199479508182,370.5));
#3609=CARTESIAN_POINT('Ctrl Pts',(27.8690263649543,-3.01296825932411,368.611220363661));
#3610=CARTESIAN_POINT('Ctrl Pts',(26.497584762347,-1.8154028062868,368.611220363661));
#3611=CARTESIAN_POINT('Ctrl Pts',(26.5000035296599,0.00531387492286785,
368.611220363661));
#3612=CARTESIAN_POINT('Ctrl Pts',(26.5024222969727,1.82603055613253,368.611220363661));
#3613=CARTESIAN_POINT('Ctrl Pts',(27.8770409125667,3.0199479508182,368.611220363661));
#3614=CARTESIAN_POINT('Ctrl Pts',(28.9892941353716,-1.73004729453371,367.794763117192));
#3615=CARTESIAN_POINT('Ctrl Pts',(28.2018119483757,-1.04240484571514,367.794763117192));
#3616=CARTESIAN_POINT('Ctrl Pts',(28.2032008053053,0.0030512286033376,367.794763117192));
#3617=CARTESIAN_POINT('Ctrl Pts',(28.2045896622349,1.04850730292182,367.794763117192));
#3618=CARTESIAN_POINT('Ctrl Pts',(28.9938960910579,1.73405503552091,367.794763117192));
#3619=CARTESIAN_POINT('Origin',(30.5,0.,370.5));
#3620=CARTESIAN_POINT('Ctrl Pts',(17.5724755474832,-21.780572322763,370.49999999998));
#3621=CARTESIAN_POINT('Ctrl Pts',(17.5690973205416,-21.7174637602671,371.066999092587));
#3622=CARTESIAN_POINT('Ctrl Pts',(17.5641577519573,-21.5775713245592,372.202402531412));
#3623=CARTESIAN_POINT('Ctrl Pts',(17.5733439067308,-21.2385096666765,374.440010337108));
#3624=CARTESIAN_POINT('Ctrl Pts',(17.6169473534783,-20.854129332538,376.370583465703));
#3625=CARTESIAN_POINT('Ctrl Pts',(17.7223926011516,-20.4550738269318,377.849206632784));
#3626=CARTESIAN_POINT('Ctrl Pts',(17.7726526171522,-20.2967589139344,378.376433758698));
#3627=CARTESIAN_POINT('Ctrl Pts',(17.8316360190857,-20.1292083748441,378.895548892392));
#3628=CARTESIAN_POINT('Ctrl Pts',(17.9260283593648,-19.8993362289773,379.524745173908));
#3629=CARTESIAN_POINT('Ctrl Pts',(18.0728094526147,-19.6076561103189,380.174417858954));
#3630=CARTESIAN_POINT('Ctrl Pts',(18.2298904446786,-19.3562373129576,380.586315504868));
#3631=CARTESIAN_POINT('Ctrl Pts',(18.4241108022895,-19.0837845383921,380.924117097738));
#3632=CARTESIAN_POINT('Ctrl Pts',(18.7250384491918,-18.7269084260055,381.161765460102));
#3633=CARTESIAN_POINT('Ctrl Pts',(19.1206054094906,-18.3927612277417,380.900865482321));
#3634=CARTESIAN_POINT('Ctrl Pts',(19.3862753297106,-18.2106866222013,380.539211304861));
#3635=CARTESIAN_POINT('Ctrl Pts',(19.6319964829024,-18.0603689890818,380.120856674069));
#3636=CARTESIAN_POINT('Ctrl Pts',(19.8976613269799,-17.9265910887064,379.529786193151));
#3637=CARTESIAN_POINT('Ctrl Pts',(20.1746771849558,-17.8128416917661,378.771633611515));
#3638=CARTESIAN_POINT('Ctrl Pts',(20.4173544682414,-17.7324452133202,377.98822162329));
#3639=CARTESIAN_POINT('Ctrl Pts',(20.8511635212706,-17.6172579575211,376.384531343465));
#3640=CARTESIAN_POINT('Ctrl Pts',(21.2383777197766,-17.5733042889802,374.441693359193));
#3641=CARTESIAN_POINT('Ctrl Pts',(21.5778055571747,-17.5641540965391,372.200467637373));
#3642=CARTESIAN_POINT('Ctrl Pts',(21.7174637602671,-17.5690973205416,371.066999092587));
#3643=CARTESIAN_POINT('Ctrl Pts',(21.780572322763,-17.5724755474832,370.49999999998));
#3644=CARTESIAN_POINT('Ctrl Pts',(17.5987764181983,-22.2718981489756,370.575408605252));
#3645=CARTESIAN_POINT('Ctrl Pts',(17.5868543736628,-22.2000695347131,371.14645226431));
#3646=CARTESIAN_POINT('Ctrl Pts',(17.5642948876558,-22.0405990692284,372.28974604023));
#3647=CARTESIAN_POINT('Ctrl Pts',(17.5361451576486,-21.6513984712392,374.5418714447));
#3648=CARTESIAN_POINT('Ctrl Pts',(17.5489241188657,-21.2067357560285,376.483696569703));
#3649=CARTESIAN_POINT('Ctrl Pts',(17.6386358493693,-20.7409792227531,377.970010677905));
#3650=CARTESIAN_POINT('Ctrl Pts',(17.6849190754113,-20.5558502022641,378.499881062151));
#3651=CARTESIAN_POINT('Ctrl Pts',(17.7413745849689,-20.3597450920937,379.021541385194));
#3652=CARTESIAN_POINT('Ctrl Pts',(17.8361693698684,-20.0904302159934,379.653720971605));
#3653=CARTESIAN_POINT('Ctrl Pts',(17.9908414322753,-19.7485854450486,380.306334021751));
#3654=CARTESIAN_POINT('Ctrl Pts',(18.1627932816469,-19.4545067539075,380.720026732602));
#3655=CARTESIAN_POINT('Ctrl Pts',(18.3790735114862,-19.1368019868591,381.059273435648));
#3656=CARTESIAN_POINT('Ctrl Pts',(18.720574870251,-18.7226960562963,381.297914625361));
#3657=CARTESIAN_POINT('Ctrl Pts',(19.1795114471658,-18.3434752369331,381.035925292526));
#3658=CARTESIAN_POINT('Ctrl Pts',(19.4896447093139,-18.1416864713656,380.672718687062));
#3659=CARTESIAN_POINT('Ctrl Pts',(19.777095801265,-17.9777438839425,380.252531826085));
#3660=CARTESIAN_POINT('Ctrl Pts',(20.0884630335447,-17.836704087168,379.658785704213));
#3661=CARTESIAN_POINT('Ctrl Pts',(20.4130151196244,-17.7225658930523,378.89704445437));
#3662=CARTESIAN_POINT('Ctrl Pts',(20.6969146657464,-17.647148261373,378.109742355307));
#3663=CARTESIAN_POINT('Ctrl Pts',(21.2032709666126,-17.5489979849259,376.497720794574));
#3664=CARTESIAN_POINT('Ctrl Pts',(21.6512453455294,-17.5360604327399,374.543566191936));
#3665=CARTESIAN_POINT('Ctrl Pts',(22.0408618323893,-17.5643218754681,372.287797391103));
#3666=CARTESIAN_POINT('Ctrl Pts',(22.2000695347131,-17.5868543736628,371.14645226431));
#3667=CARTESIAN_POINT('Ctrl Pts',(22.2718981489756,-17.5987764181983,370.575408605252));
#3668=CARTESIAN_POINT('Ctrl Pts',(17.3587725646013,-22.7697853579211,370.649639708203));
#3669=CARTESIAN_POINT('Ctrl Pts',(17.3480415051986,-22.6851793003777,371.224744453219));
#3670=CARTESIAN_POINT('Ctrl Pts',(17.3284691913222,-22.4978723221108,372.375983844598));
#3671=CARTESIAN_POINT('Ctrl Pts',(17.3106031508855,-22.043617866267,374.642891533936));
#3672=CARTESIAN_POINT('Ctrl Pts',(17.3394499742318,-21.529554319191,376.596256068558));
#3673=CARTESIAN_POINT('Ctrl Pts',(17.4533112712716,-20.996502229211,378.090494060511));
#3674=CARTESIAN_POINT('Ctrl Pts',(17.5101890158116,-20.7851930239766,378.623090546428));
#3675=CARTESIAN_POINT('Ctrl Pts',(17.5785403016134,-20.5617373667111,379.14737182377));
#3676=CARTESIAN_POINT('Ctrl Pts',(17.6912319699059,-20.255623509697,379.782613112762));
#3677=CARTESIAN_POINT('Ctrl Pts',(17.8718194579946,-19.8681802841667,380.438229936603));
#3678=CARTESIAN_POINT('Ctrl Pts',(18.0697982116801,-19.5355440524503,380.853746302125));
#3679=CARTESIAN_POINT('Ctrl Pts',(18.3173448113356,-19.1762821750156,381.194458681438));
#3680=CARTESIAN_POINT('Ctrl Pts',(18.7056778316994,-18.7080969312271,381.434100848964));
#3681=CARTESIAN_POINT('Ctrl Pts',(19.2245749214388,-18.2768727092515,381.171012765223));
#3682=CARTESIAN_POINT('Ctrl Pts',(19.5752741781859,-18.0455330248182,380.80623126403));
#3683=CARTESIAN_POINT('Ctrl Pts',(19.9005124201304,-17.8565243918626,380.384179513207));
#3684=CARTESIAN_POINT('Ctrl Pts',(20.2533891990824,-17.6918812778073,379.787701719895));
#3685=CARTESIAN_POINT('Ctrl Pts',(20.6223065886114,-17.5561596783907,379.022273814243));
#3686=CARTESIAN_POINT('Ctrl Pts',(20.9460750571468,-17.4641194826795,378.23096723693));
#3687=CARTESIAN_POINT('Ctrl Pts',(21.5255721423763,-17.3396416188113,376.610358408592));
#3688=CARTESIAN_POINT('Ctrl Pts',(22.04343160451,-17.3105173266902,374.644598721581));
#3689=CARTESIAN_POINT('Ctrl Pts',(22.4981846326346,-17.3284889348714,372.37402113942));
#3690=CARTESIAN_POINT('Ctrl Pts',(22.6851793003777,-17.3480415051986,371.224744453219));
#3691=CARTESIAN_POINT('Ctrl Pts',(22.7697853579211,-17.3587725646013,370.649639708203));
#3692=CARTESIAN_POINT('Ctrl Pts',(16.9560171853412,-23.0594131778495,370.690665205806));
#3693=CARTESIAN_POINT('Ctrl Pts',(16.9526144646575,-22.9699168353297,371.269034172368));
#3694=CARTESIAN_POINT('Ctrl Pts',(16.9487416003378,-22.7714563786596,372.427205538262));
#3695=CARTESIAN_POINT('Ctrl Pts',(16.9697959518738,-22.2897661320105,374.709683466408));
#3696=CARTESIAN_POINT('Ctrl Pts',(17.0414408029513,-21.7426250700794,376.678969837089));
#3697=CARTESIAN_POINT('Ctrl Pts',(17.2023157384831,-21.1724687498086,378.187243420295));
#3698=CARTESIAN_POINT('Ctrl Pts',(17.2782371711693,-20.945968547672,378.725042884059));
#3699=CARTESIAN_POINT('Ctrl Pts',(17.366899001883,-20.7060449403002,379.254567688096));
#3700=CARTESIAN_POINT('Ctrl Pts',(17.5078575475927,-20.376387835165,379.896381066373));
#3701=CARTESIAN_POINT('Ctrl Pts',(17.7254083362291,-19.9571073362124,380.559081455763));
#3702=CARTESIAN_POINT('Ctrl Pts',(17.9566322241732,-19.5945948404523,380.979238769774));
#3703=CARTESIAN_POINT('Ctrl Pts',(18.2414513981151,-19.2009191404778,381.323814203349));
#3704=CARTESIAN_POINT('Ctrl Pts',(18.6809109553479,-18.6836300506946,381.566228061745));
#3705=CARTESIAN_POINT('Ctrl Pts',(19.2543003222284,-18.1956813453181,381.300096329802));
#3706=CARTESIAN_POINT('Ctrl Pts',(19.6379213627614,-17.9283826062317,380.931190002441));
#3707=CARTESIAN_POINT('Ctrl Pts',(19.9921009676032,-17.7069829197702,380.504446223442));
#3708=CARTESIAN_POINT('Ctrl Pts',(20.3739899733974,-17.5087068630667,379.901523171762));
#3709=CARTESIAN_POINT('Ctrl Pts',(20.771254681865,-17.3388423338962,379.128167568807));
#3710=CARTESIAN_POINT('Ctrl Pts',(21.1185726947789,-17.2176464748176,378.32904603946));
#3711=CARTESIAN_POINT('Ctrl Pts',(21.7384041793853,-17.041959259385,376.693197407736));
#3712=CARTESIAN_POINT('Ctrl Pts',(22.2895798924738,-16.9697421637951,374.711400237663));
#3713=CARTESIAN_POINT('Ctrl Pts',(22.7717890749825,-16.9487314090187,372.425231844336));
#3714=CARTESIAN_POINT('Ctrl Pts',(22.9699168353297,-16.9526144646575,371.269034172368));
#3715=CARTESIAN_POINT('Ctrl Pts',(23.0594131778495,-16.9560171853412,370.690665205806));
#3716=CARTESIAN_POINT('',(21.780572322763,-17.5724755474832,370.49999999999));
#3717=CARTESIAN_POINT('Origin',(21.860753133978,-16.0746200679683,370.49999999998));
#3718=CARTESIAN_POINT('',(17.5724755474832,-21.780572322763,370.49999999999));
#3719=CARTESIAN_POINT('Ctrl Pts',(17.5724755474832,-21.780572322763,370.49999999998));
#3720=CARTESIAN_POINT('Ctrl Pts',(17.5690973205416,-21.7174637602671,371.066999092587));
#3721=CARTESIAN_POINT('Ctrl Pts',(17.5641577519573,-21.5775713245592,372.202402531412));
#3722=CARTESIAN_POINT('Ctrl Pts',(17.5733439067308,-21.2385096666765,374.440010337108));
#3723=CARTESIAN_POINT('Ctrl Pts',(17.6169473534783,-20.854129332538,376.370583465703));
#3724=CARTESIAN_POINT('Ctrl Pts',(17.7223926011516,-20.4550738269318,377.849206632784));
#3725=CARTESIAN_POINT('Ctrl Pts',(17.7726526171522,-20.2967589139344,378.376433758698));
#3726=CARTESIAN_POINT('Ctrl Pts',(17.8316360190857,-20.1292083748441,378.895548892392));
#3727=CARTESIAN_POINT('Ctrl Pts',(17.9260283593648,-19.8993362289773,379.524745173908));
#3728=CARTESIAN_POINT('Ctrl Pts',(18.0728094526147,-19.6076561103189,380.174417858954));
#3729=CARTESIAN_POINT('Ctrl Pts',(18.2298904446786,-19.3562373129576,380.586315504868));
#3730=CARTESIAN_POINT('Ctrl Pts',(18.4241108022895,-19.0837845383921,380.924117097738));
#3731=CARTESIAN_POINT('Ctrl Pts',(18.7250384491918,-18.7269084260055,381.161765460102));
#3732=CARTESIAN_POINT('Ctrl Pts',(19.1206054094906,-18.3927612277417,380.900865482321));
#3733=CARTESIAN_POINT('Ctrl Pts',(19.3862753297106,-18.2106866222013,380.539211304861));
#3734=CARTESIAN_POINT('Ctrl Pts',(19.6319964829024,-18.0603689890818,380.120856674069));
#3735=CARTESIAN_POINT('Ctrl Pts',(19.8976613269799,-17.9265910887064,379.529786193151));
#3736=CARTESIAN_POINT('Ctrl Pts',(20.1746771849558,-17.8128416917661,378.771633611515));
#3737=CARTESIAN_POINT('Ctrl Pts',(20.4173544682414,-17.7324452133202,377.98822162329));
#3738=CARTESIAN_POINT('Ctrl Pts',(20.8511635212706,-17.6172579575211,376.384531343465));
#3739=CARTESIAN_POINT('Ctrl Pts',(21.2383777197766,-17.5733042889802,374.441693359193));
#3740=CARTESIAN_POINT('Ctrl Pts',(21.5778055571747,-17.5641540965391,372.200467637373));
#3741=CARTESIAN_POINT('Ctrl Pts',(21.7174637602671,-17.5690973205416,371.066999092587));
#3742=CARTESIAN_POINT('Ctrl Pts',(21.780572322763,-17.5724755474832,370.49999999998));
#3743=CARTESIAN_POINT('Origin',(16.0746200679683,-21.860753133978,370.49999999998));
#3744=CARTESIAN_POINT('Ctrl Pts',(21.7805723227627,-17.5724755474832,370.499999999988));
#3745=CARTESIAN_POINT('Ctrl Pts',(21.8495292209587,-17.576166838208,370.086971010361));
#3746=CARTESIAN_POINT('Ctrl Pts',(21.838448599715,-17.7511130690418,369.243022987529));
#3747=CARTESIAN_POINT('Ctrl Pts',(21.3713892968044,-18.4649282677441,368.246341926751));
#3748=CARTESIAN_POINT('Ctrl Pts',(20.4767697046611,-19.4008326939815,367.777919310158));
#3749=CARTESIAN_POINT('Ctrl Pts',(19.4023354062705,-20.4784352189051,367.777017359067));
#3750=CARTESIAN_POINT('Ctrl Pts',(18.4669509395526,-21.3745749096736,368.243163455993));
#3751=CARTESIAN_POINT('Ctrl Pts',(17.7534252076231,-21.8404277952564,369.242143668385));
#3752=CARTESIAN_POINT('Ctrl Pts',(17.576166838208,-21.8495292209587,370.08697101036));
#3753=CARTESIAN_POINT('Ctrl Pts',(17.5724755474832,-21.7805723227628,370.499999999988));
#3754=CARTESIAN_POINT('Ctrl Pts',(22.026235235869,-17.5856259828406,370.537704302624));
#3755=CARTESIAN_POINT('Ctrl Pts',(22.0983621630391,-17.5885363128356,370.100027721629));
#3756=CARTESIAN_POINT('Ctrl Pts',(22.0863188028462,-17.774444663685,369.206148854651));
#3757=CARTESIAN_POINT('Ctrl Pts',(21.5906340779336,-18.5382023493158,368.147822825075));
#3758=CARTESIAN_POINT('Ctrl Pts',(20.6644385355525,-19.5478304814289,367.663340041759));
#3759=CARTESIAN_POINT('Ctrl Pts',(19.5485237476248,-20.6660181449909,367.661908489038));
#3760=CARTESIAN_POINT('Ctrl Pts',(18.5394704889474,-21.5934045305553,368.14380556013));
#3761=CARTESIAN_POINT('Ctrl Pts',(17.7762479551742,-22.0877782020176,369.20459765808));
#3762=CARTESIAN_POINT('Ctrl Pts',(17.5885363128356,-22.0983621630388,370.100027721631));
#3763=CARTESIAN_POINT('Ctrl Pts',(17.5856259828406,-22.026235235869,370.537704302624));
#3764=CARTESIAN_POINT('Ctrl Pts',(22.5239845249152,-17.4854598611022,370.613059899509));
#3765=CARTESIAN_POINT('Ctrl Pts',(22.604625546807,-17.4876188790746,370.108486030627));
#3766=CARTESIAN_POINT('Ctrl Pts',(22.5904005261628,-17.7044819902164,369.078329209123));
#3767=CARTESIAN_POINT('Ctrl Pts',(22.022995577865,-18.5967971177831,367.857341296458));
#3768=CARTESIAN_POINT('Ctrl Pts',(21.0103763934083,-19.7845818828542,367.305236844487));
#3769=CARTESIAN_POINT('Ctrl Pts',(19.7836921701473,-21.0116821381866,367.303348103791));
#3770=CARTESIAN_POINT('Ctrl Pts',(18.5966039423061,-22.0249011219403,367.85234854292));
#3771=CARTESIAN_POINT('Ctrl Pts',(17.7052988190401,-22.5907115485638,369.076207652156));
#3772=CARTESIAN_POINT('Ctrl Pts',(17.4876188790746,-22.6046255468063,370.108486030631));
#3773=CARTESIAN_POINT('Ctrl Pts',(17.4854598611022,-22.5239845249153,370.613059899509));
#3774=CARTESIAN_POINT('Ctrl Pts',(22.9145992678848,-17.1573948749711,370.670152457008));
#3775=CARTESIAN_POINT('Ctrl Pts',(23.0065700034087,-17.1604167201963,370.080304072079));
#3776=CARTESIAN_POINT('Ctrl Pts',(22.9903364345536,-17.4180568196339,368.875361858315));
#3777=CARTESIAN_POINT('Ctrl Pts',(22.3395959058852,-18.4671053906474,367.450928344712));
#3778=CARTESIAN_POINT('Ctrl Pts',(21.2042224517238,-19.8456350099367,366.789194512668));
#3779=CARTESIAN_POINT('Ctrl Pts',(19.8436753989845,-21.2057788359476,366.787625841108));
#3780=CARTESIAN_POINT('Ctrl Pts',(18.4662353502619,-22.3413776568432,367.44599926189));
#3781=CARTESIAN_POINT('Ctrl Pts',(17.4184811653679,-22.990189216744,368.873738604902));
#3782=CARTESIAN_POINT('Ctrl Pts',(17.1604167201963,-23.0065700034077,370.080304072086));
#3783=CARTESIAN_POINT('Ctrl Pts',(17.1573948749711,-22.9145992678849,370.670152457008));
#3784=CARTESIAN_POINT('Ctrl Pts',(23.0594131778491,-16.9560171853412,370.690665205808));
#3785=CARTESIAN_POINT('Ctrl Pts',(23.157203238912,-16.9597352396694,370.058698189441));
#3786=CARTESIAN_POINT('Ctrl Pts',(23.1404459220847,-17.2373573042873,368.767390975298));
#3787=CARTESIAN_POINT('Ctrl Pts',(22.4499657097001,-18.3630391260962,367.242390135001));
#3788=CARTESIAN_POINT('Ctrl Pts',(21.2495679234523,-19.8281723902477,366.525666488865));
#3789=CARTESIAN_POINT('Ctrl Pts',(19.8258815688005,-21.2514667466973,366.524286432369));
#3790=CARTESIAN_POINT('Ctrl Pts',(18.3621138836797,-22.4519793740111,367.237526823392));
#3791=CARTESIAN_POINT('Ctrl Pts',(17.2378470047647,-23.1403234335895,368.766045547472));
#3792=CARTESIAN_POINT('Ctrl Pts',(16.9597352396693,-23.1572032389109,370.058698189448));
#3793=CARTESIAN_POINT('Ctrl Pts',(16.9560171853412,-23.0594131778492,370.690665205808));
#3794=CARTESIAN_POINT('Ctrl Pts',(21.7805723227627,-17.5724755474832,370.499999999988));
#3795=CARTESIAN_POINT('Ctrl Pts',(21.8495292209587,-17.576166838208,370.086971010361));
#3796=CARTESIAN_POINT('Ctrl Pts',(21.838448599715,-17.7511130690418,369.243022987529));
#3797=CARTESIAN_POINT('Ctrl Pts',(21.3713892968044,-18.4649282677441,368.246341926751));
#3798=CARTESIAN_POINT('Ctrl Pts',(20.4767697046611,-19.4008326939815,367.777919310158));
#3799=CARTESIAN_POINT('Ctrl Pts',(19.4023354062705,-20.4784352189051,367.777017359067));
#3800=CARTESIAN_POINT('Ctrl Pts',(18.4669509395526,-21.3745749096736,368.243163455993));
#3801=CARTESIAN_POINT('Ctrl Pts',(17.7534252076231,-21.8404277952564,369.242143668385));
#3802=CARTESIAN_POINT('Ctrl Pts',(17.576166838208,-21.8495292209587,370.08697101036));
#3803=CARTESIAN_POINT('Ctrl Pts',(17.5724755474832,-21.7805723227628,370.499999999988));
#3804=CARTESIAN_POINT('Origin',(21.5667568261897,-21.5667568261897,378.5));
#3805=CARTESIAN_POINT('Origin',(21.5667568261897,-21.5667568261897,370.5));
#3806=CARTESIAN_POINT('Ctrl Pts',(21.780572322763,17.5724755474832,370.49999999998));
#3807=CARTESIAN_POINT('Ctrl Pts',(21.6543551977713,17.5657190936,371.633998185194));
#3808=CARTESIAN_POINT('Ctrl Pts',(21.3861708879945,17.5613542575518,373.610644843322));
#3809=CARTESIAN_POINT('Ctrl Pts',(20.9892102779688,17.6033863707822,375.678334132155));
#3810=CARTESIAN_POINT('Ctrl Pts',(20.7338448465136,17.6541679376898,376.770312373493));
#3811=CARTESIAN_POINT('Ctrl Pts',(20.5320145122584,17.6999441447658,377.583712466982));
#3812=CARTESIAN_POINT('Ctrl Pts',(20.2654055971503,17.7765562631934,378.518727036083));
#3813=CARTESIAN_POINT('Ctrl Pts',(19.9444427196469,17.9077526487714,379.399905584665));
#3814=CARTESIAN_POINT('Ctrl Pts',(19.7384790107293,18.0075838334141,379.880138650009));
#3815=CARTESIAN_POINT('Ctrl Pts',(19.5152648938701,18.1286590218497,380.334944866015));
#3816=CARTESIAN_POINT('Ctrl Pts',(19.2592697458345,18.2912191467851,380.7409621549));
#3817=CARTESIAN_POINT('Ctrl Pts',(18.9666959107731,18.5221728087201,381.004810121357));
#3818=CARTESIAN_POINT('Ctrl Pts',(18.6575192379018,18.8065448466306,381.110217247838));
#3819=CARTESIAN_POINT('Ctrl Pts',(18.3300501815623,19.1961619982437,380.8463421997));
#3820=CARTESIAN_POINT('Ctrl Pts',(18.0912641465431,19.575581738218,380.235541912295));
#3821=CARTESIAN_POINT('Ctrl Pts',(17.9270314779159,19.8970165548955,379.530587142078));
#3822=CARTESIAN_POINT('Ctrl Pts',(17.8146428156815,20.1730733755388,378.770813601751));
#3823=CARTESIAN_POINT('Ctrl Pts',(17.7335408257864,20.4163175914948,377.987929782269));
#3824=CARTESIAN_POINT('Ctrl Pts',(17.6564124394493,20.7056293684855,376.919882009302));
#3825=CARTESIAN_POINT('Ctrl Pts',(17.6001534268409,21.0161419584381,375.548376921209));
#3826=CARTESIAN_POINT('Ctrl Pts',(17.5616245802756,21.4251274075757,373.326670932623));
#3827=CARTESIAN_POINT('Ctrl Pts',(17.5657190936,21.6543551977713,371.633998185194));
#3828=CARTESIAN_POINT('Ctrl Pts',(17.5724755474832,21.780572322763,370.49999999998));
#3829=CARTESIAN_POINT('Ctrl Pts',(22.2718981489756,17.5987764181983,370.575408605252));
#3830=CARTESIAN_POINT('Ctrl Pts',(22.1282409204505,17.5749323291273,371.717495923368));
#3831=CARTESIAN_POINT('Ctrl Pts',(21.8218648245685,17.538269631337,373.707463122495));
#3832=CARTESIAN_POINT('Ctrl Pts',(21.363089423038,17.5473474230346,375.787430188524));
#3833=CARTESIAN_POINT('Ctrl Pts',(21.0659438202862,17.5828549778938,376.88539201896));
#3834=CARTESIAN_POINT('Ctrl Pts',(20.8308047704039,17.6183528412248,377.703161260244));
#3835=CARTESIAN_POINT('Ctrl Pts',(20.5192296637677,17.6862930372715,378.642926266001));
#3836=CARTESIAN_POINT('Ctrl Pts',(20.1431564939642,17.8178082247871,379.52827671593));
#3837=CARTESIAN_POINT('Ctrl Pts',(19.9017893281757,17.922135443269,380.010708354788));
#3838=CARTESIAN_POINT('Ctrl Pts',(19.6403533341797,18.0514967907588,380.467550051978));
#3839=CARTESIAN_POINT('Ctrl Pts',(19.3409054421656,18.2299541203661,380.875325347249));
#3840=CARTESIAN_POINT('Ctrl Pts',(19.0007758040294,18.4901467829152,381.140288036173));
#3841=CARTESIAN_POINT('Ctrl Pts',(18.6437179881715,18.8149976082416,381.246134843509));
#3842=CARTESIAN_POINT('Ctrl Pts',(18.2723202705253,19.2670810017241,380.981159959128));
#3843=CARTESIAN_POINT('Ctrl Pts',(18.010571932647,19.7109441367878,380.367717451871));
#3844=CARTESIAN_POINT('Ctrl Pts',(17.8370001544466,20.0875803024124,379.659571717662));
#3845=CARTESIAN_POINT('Ctrl Pts',(17.7244642893017,20.411056370978,378.896203281252));
#3846=CARTESIAN_POINT('Ctrl Pts',(17.6481933706818,20.6955988622044,378.109429845344));
#3847=CARTESIAN_POINT('Ctrl Pts',(17.5824390342096,21.0333277090827,377.035838913505));
#3848=CARTESIAN_POINT('Ctrl Pts',(17.5455394889709,21.3941199780939,375.656695448163));
#3849=CARTESIAN_POINT('Ctrl Pts',(17.5438379117067,21.8665738951444,373.421616076224));
#3850=CARTESIAN_POINT('Ctrl Pts',(17.5749323291273,22.1282409204505,371.717495923368));
#3851=CARTESIAN_POINT('Ctrl Pts',(17.5987764181983,22.2718981489756,370.575408605252));
#3852=CARTESIAN_POINT('Ctrl Pts',(22.7697853579211,17.3587725646013,370.649639708203));
#3853=CARTESIAN_POINT('Ctrl Pts',(22.6005732428343,17.3373104457959,371.799849198235));
#3854=CARTESIAN_POINT('Ctrl Pts',(22.2414895547919,17.3071287689051,373.803305595542));
#3855=CARTESIAN_POINT('Ctrl Pts',(21.710515851492,17.3323648657859,375.895849055154));
#3856=CARTESIAN_POINT('Ctrl Pts',(21.3688963740068,17.3813226513854,376.99998729472));
#3857=CARTESIAN_POINT('Ctrl Pts',(21.099081604885,17.4281234884553,377.82226276358));
#3858=CARTESIAN_POINT('Ctrl Pts',(20.7430657459083,17.5129301913226,378.7669203181));
#3859=CARTESIAN_POINT('Ctrl Pts',(20.3155860529133,17.6693733315173,379.656555804828));
#3860=CARTESIAN_POINT('Ctrl Pts',(20.0418526839824,17.791547684347,380.141237700261));
#3861=CARTESIAN_POINT('Ctrl Pts',(19.7457204702354,17.9418083006792,380.600158105802));
#3862=CARTESIAN_POINT('Ctrl Pts',(19.4071172662589,18.14706136571,381.009716779248));
#3863=CARTESIAN_POINT('Ctrl Pts',(19.0225015660507,18.4436972321868,381.275807040543));
#3864=CARTESIAN_POINT('Ctrl Pts',(18.6183438982883,18.8124326506374,381.382097818346));
#3865=CARTESIAN_POINT('Ctrl Pts',(18.1959058230301,19.3236053341146,381.116013034214));
#3866=CARTESIAN_POINT('Ctrl Pts',(17.8946800043084,19.8255401091388,380.499890226142));
#3867=CARTESIAN_POINT('Ctrl Pts',(17.6922507865561,20.2523916596976,379.788484292686));
#3868=CARTESIAN_POINT('Ctrl Pts',(17.5583289432396,20.6200854884734,379.02142303936));
#3869=CARTESIAN_POINT('Ctrl Pts',(17.4653362777713,20.9445779610464,378.230646433951));
#3870=CARTESIAN_POINT('Ctrl Pts',(17.3819836015133,21.3310897647753,377.151337940908));
#3871=CARTESIAN_POINT('Ctrl Pts',(17.3294708262737,21.7462531716869,375.764341110989));
#3872=CARTESIAN_POINT('Ctrl Pts',(17.3116479342876,22.2939555080278,373.515535462934));
#3873=CARTESIAN_POINT('Ctrl Pts',(17.337310445796,22.6005732428343,371.799849198235));
#3874=CARTESIAN_POINT('Ctrl Pts',(17.3587725646013,22.7697853579211,370.649639708203));
#3875=CARTESIAN_POINT('Ctrl Pts',(23.0594131778495,16.9560171853412,370.690665205806));
#3876=CARTESIAN_POINT('Ctrl Pts',(22.8804204928099,16.9492117439739,371.847403138931));
#3877=CARTESIAN_POINT('Ctrl Pts',(22.4997995086185,16.9491279835808,373.863686938727));
#3878=CARTESIAN_POINT('Ctrl Pts',(21.9348393340569,17.0187907726191,375.972839021593));
#3879=CARTESIAN_POINT('Ctrl Pts',(21.5705731888103,17.0977448214691,377.086714396681));
#3880=CARTESIAN_POINT('Ctrl Pts',(21.2824725247607,17.1682516905057,377.916425374366));
#3881=CARTESIAN_POINT('Ctrl Pts',(20.9013308658861,17.2845947613383,378.870189528672));
#3882=CARTESIAN_POINT('Ctrl Pts',(20.4410642045862,17.4805518858296,379.769038103821));
#3883=CARTESIAN_POINT('Ctrl Pts',(20.1451363207597,17.6287046442019,380.258901148285));
#3884=CARTESIAN_POINT('Ctrl Pts',(19.823957352334,17.8076988658746,380.722827465924));
#3885=CARTESIAN_POINT('Ctrl Pts',(19.4547497007525,18.0468831831234,381.136986505754));
#3886=CARTESIAN_POINT('Ctrl Pts',(19.031225151142,18.384677592276,381.406125341564));
#3887=CARTESIAN_POINT('Ctrl Pts',(18.5823178811709,18.7990791325087,381.513646167622));
#3888=CARTESIAN_POINT('Ctrl Pts',(18.1040702759756,19.3637799127876,381.24447970707));
#3889=CARTESIAN_POINT('Ctrl Pts',(17.7526377018795,19.9109157175015,380.621431212621));
#3890=CARTESIAN_POINT('Ctrl Pts',(17.5093547013207,20.3730576615018,379.902340181894));
#3891=CARTESIAN_POINT('Ctrl Pts',(17.3414580039227,20.7689128073745,379.127331115617));
#3892=CARTESIAN_POINT('Ctrl Pts',(17.2192399846779,21.1170606236986,378.328748346232));
#3893=CARTESIAN_POINT('Ctrl Pts',(17.1016292336422,21.5304450028644,377.239283310494));
#3894=CARTESIAN_POINT('Ctrl Pts',(17.0135139867927,21.9731797931596,375.840275815105));
#3895=CARTESIAN_POINT('Ctrl Pts',(16.9486174757237,22.5551022333381,373.574018578753));
#3896=CARTESIAN_POINT('Ctrl Pts',(16.9492117439739,22.8804204928099,371.847403138931));
#3897=CARTESIAN_POINT('Ctrl Pts',(16.9560171853412,23.0594131778495,370.690665205806));
#3898=CARTESIAN_POINT('',(17.5724755474832,21.780572322763,370.49999999999));
#3899=CARTESIAN_POINT('Origin',(16.0746200679683,21.860753133978,370.49999999998));
#3900=CARTESIAN_POINT('',(21.780572322763,17.5724755474832,370.49999999999));
#3901=CARTESIAN_POINT('Ctrl Pts',(21.780572322763,17.5724755474832,370.49999999998));
#3902=CARTESIAN_POINT('Ctrl Pts',(21.6543551977713,17.5657190936,371.633998185194));
#3903=CARTESIAN_POINT('Ctrl Pts',(21.3861708879945,17.5613542575518,373.610644843322));
#3904=CARTESIAN_POINT('Ctrl Pts',(20.9892102779688,17.6033863707822,375.678334132155));
#3905=CARTESIAN_POINT('Ctrl Pts',(20.7338448465136,17.6541679376898,376.770312373493));
#3906=CARTESIAN_POINT('Ctrl Pts',(20.5320145122584,17.6999441447658,377.583712466982));
#3907=CARTESIAN_POINT('Ctrl Pts',(20.2654055971503,17.7765562631934,378.518727036083));
#3908=CARTESIAN_POINT('Ctrl Pts',(19.9444427196469,17.9077526487714,379.399905584665));
#3909=CARTESIAN_POINT('Ctrl Pts',(19.7384790107293,18.0075838334141,379.880138650009));
#3910=CARTESIAN_POINT('Ctrl Pts',(19.5152648938701,18.1286590218497,380.334944866015));
#3911=CARTESIAN_POINT('Ctrl Pts',(19.2592697458345,18.2912191467851,380.7409621549));
#3912=CARTESIAN_POINT('Ctrl Pts',(18.9666959107731,18.5221728087201,381.004810121357));
#3913=CARTESIAN_POINT('Ctrl Pts',(18.6575192379018,18.8065448466306,381.110217247838));
#3914=CARTESIAN_POINT('Ctrl Pts',(18.3300501815623,19.1961619982437,380.8463421997));
#3915=CARTESIAN_POINT('Ctrl Pts',(18.0912641465431,19.575581738218,380.235541912295));
#3916=CARTESIAN_POINT('Ctrl Pts',(17.9270314779159,19.8970165548955,379.530587142078));
#3917=CARTESIAN_POINT('Ctrl Pts',(17.8146428156815,20.1730733755388,378.770813601751));
#3918=CARTESIAN_POINT('Ctrl Pts',(17.7335408257864,20.4163175914948,377.987929782269));
#3919=CARTESIAN_POINT('Ctrl Pts',(17.6564124394493,20.7056293684855,376.919882009302));
#3920=CARTESIAN_POINT('Ctrl Pts',(17.6001534268409,21.0161419584381,375.548376921209));
#3921=CARTESIAN_POINT('Ctrl Pts',(17.5616245802756,21.4251274075757,373.326670932623));
#3922=CARTESIAN_POINT('Ctrl Pts',(17.5657190936,21.6543551977713,371.633998185194));
#3923=CARTESIAN_POINT('Ctrl Pts',(17.5724755474832,21.780572322763,370.49999999998));
#3924=CARTESIAN_POINT('Origin',(21.860753133978,16.0746200679683,370.49999999998));
#3925=CARTESIAN_POINT('Ctrl Pts',(17.5724755474832,21.7805723227627,370.499999999988));
#3926=CARTESIAN_POINT('Ctrl Pts',(17.576166838208,21.8495292209587,370.086971010361));
#3927=CARTESIAN_POINT('Ctrl Pts',(17.7514231187136,21.8382613846925,369.243684235969));
#3928=CARTESIAN_POINT('Ctrl Pts',(18.4639006912074,21.3712269410489,368.245726354697));
#3929=CARTESIAN_POINT('Ctrl Pts',(19.4005679629133,20.4767662783014,367.777683855133));
#3930=CARTESIAN_POINT('Ctrl Pts',(20.4780573774099,19.4022843399551,367.77677377708));
#3931=CARTESIAN_POINT('Ctrl Pts',(21.3744067900903,18.4669390424536,368.243033395055));
#3932=CARTESIAN_POINT('Ctrl Pts',(21.8402893067611,17.7534084460829,369.242050472887));
#3933=CARTESIAN_POINT('Ctrl Pts',(21.8495292209588,17.576166838208,370.08697101036));
#3934=CARTESIAN_POINT('Ctrl Pts',(21.7805723227627,17.5724755474832,370.499999999988));
#3935=CARTESIAN_POINT('Ctrl Pts',(17.5856259828406,22.026235235869,370.537704302624));
#3936=CARTESIAN_POINT('Ctrl Pts',(17.5885363128356,22.0983621630391,370.100027721629));
#3937=CARTESIAN_POINT('Ctrl Pts',(17.7748207550781,22.0860341353381,369.206803996456));
#3938=CARTESIAN_POINT('Ctrl Pts',(18.5371087528632,21.5908026611316,368.147384037832));
#3939=CARTESIAN_POINT('Ctrl Pts',(19.5475405457387,20.6645205139686,367.663143016033));
#3940=CARTESIAN_POINT('Ctrl Pts',(20.6656141157866,19.5485944544765,367.661728367979));
#3941=CARTESIAN_POINT('Ctrl Pts',(21.5932224671812,18.5395128012651,368.143701715127));
#3942=CARTESIAN_POINT('Ctrl Pts',(22.087629700937,17.7762758315213,369.204527357645));
#3943=CARTESIAN_POINT('Ctrl Pts',(22.0983621630395,17.5885363128356,370.100027721627));
#3944=CARTESIAN_POINT('Ctrl Pts',(22.026235235869,17.5856259828406,370.537704302624));
#3945=CARTESIAN_POINT('Ctrl Pts',(17.4854598611022,22.5239845249152,370.613059899509));
#3946=CARTESIAN_POINT('Ctrl Pts',(17.4876188790747,22.6046255468071,370.108486030626));
#3947=CARTESIAN_POINT('Ctrl Pts',(17.7049859874286,22.5898896132004,369.079056490631));
#3948=CARTESIAN_POINT('Ctrl Pts',(18.5956764356722,22.0237838283743,367.856929891022));
#3949=CARTESIAN_POINT('Ctrl Pts',(19.7842659373949,21.0106239793135,367.305033110746));
#3950=CARTESIAN_POINT('Ctrl Pts',(21.0112639146933,19.7839920284895,367.303174888452));
#3951=CARTESIAN_POINT('Ctrl Pts',(22.0247073663635,18.5967499076485,367.852243909737));
#3952=CARTESIAN_POINT('Ctrl Pts',(22.5905568736946,17.7054109909395,369.076139185227));
#3953=CARTESIAN_POINT('Ctrl Pts',(22.6046255468079,17.4876188790747,370.108486030621));
#3954=CARTESIAN_POINT('Ctrl Pts',(22.5239845249153,17.4854598611022,370.613059899509));
#3955=CARTESIAN_POINT('Ctrl Pts',(17.1573948749711,22.9145992678848,370.670152457008));
#3956=CARTESIAN_POINT('Ctrl Pts',(17.1604167201963,23.0065700034089,370.080304072078));
#3957=CARTESIAN_POINT('Ctrl Pts',(17.4186716683321,22.9896454978536,368.876279338703));
#3958=CARTESIAN_POINT('Ctrl Pts',(18.465793374739,22.3408300591183,367.450169691354));
#3959=CARTESIAN_POINT('Ctrl Pts',(19.8452607826717,21.2045926148483,366.78888780147));
#3960=CARTESIAN_POINT('Ctrl Pts',(21.2052882028049,19.8441409781264,366.787321940644));
#3961=CARTESIAN_POINT('Ctrl Pts',(22.3411491583425,18.4664572151677,367.445832660418));
#3962=CARTESIAN_POINT('Ctrl Pts',(22.9900075457802,17.4186544688759,368.873621548465));
#3963=CARTESIAN_POINT('Ctrl Pts',(23.0065700034099,17.1604167201964,370.080304072071));
#3964=CARTESIAN_POINT('Ctrl Pts',(22.9145992678849,17.1573948749711,370.670152457008));
#3965=CARTESIAN_POINT('Ctrl Pts',(16.9560171853412,23.0594131778491,370.690665205808));
#3966=CARTESIAN_POINT('Ctrl Pts',(16.9597352396694,23.1572032389122,370.058698189439));
#3967=CARTESIAN_POINT('Ctrl Pts',(17.2380438284458,23.1396722622211,368.7684027377));
#3968=CARTESIAN_POINT('Ctrl Pts',(18.3615520053615,22.4513528410948,367.241448261078));
#3969=CARTESIAN_POINT('Ctrl Pts',(19.8277498099399,21.249983488116,366.525306224051));
#3970=CARTESIAN_POINT('Ctrl Pts',(21.2509109808108,19.8264047493736,366.523913732663));
#3971=CARTESIAN_POINT('Ctrl Pts',(22.451720985951,18.3623630655555,367.237327819863));
#3972=CARTESIAN_POINT('Ctrl Pts',(23.1401177255885,17.2380417255008,368.765902950986));
#3973=CARTESIAN_POINT('Ctrl Pts',(23.1572032389133,16.9597352396694,370.058698189432));
#3974=CARTESIAN_POINT('Ctrl Pts',(23.0594131778492,16.9560171853412,370.690665205808));
#3975=CARTESIAN_POINT('Ctrl Pts',(17.5724755474832,21.7805723227627,370.499999999988));
#3976=CARTESIAN_POINT('Ctrl Pts',(17.576166838208,21.8495292209587,370.086971010361));
#3977=CARTESIAN_POINT('Ctrl Pts',(17.7514231187136,21.8382613846925,369.243684235969));
#3978=CARTESIAN_POINT('Ctrl Pts',(18.4639006912074,21.3712269410489,368.245726354697));
#3979=CARTESIAN_POINT('Ctrl Pts',(19.4005679629133,20.4767662783014,367.777683855133));
#3980=CARTESIAN_POINT('Ctrl Pts',(20.4780573774099,19.4022843399551,367.77677377708));
#3981=CARTESIAN_POINT('Ctrl Pts',(21.3744067900903,18.4669390424536,368.243033395055));
#3982=CARTESIAN_POINT('Ctrl Pts',(21.8402893067611,17.7534084460829,369.242050472887));
#3983=CARTESIAN_POINT('Ctrl Pts',(21.8495292209588,17.576166838208,370.08697101036));
#3984=CARTESIAN_POINT('Ctrl Pts',(21.7805723227627,17.5724755474832,370.499999999988));
#3985=CARTESIAN_POINT('Origin',(21.5667568261897,21.5667568261897,378.5));
#3986=CARTESIAN_POINT('Origin',(21.5667568261897,21.5667568261897,370.5));
#3987=CARTESIAN_POINT('Ctrl Pts',(-27.8268070094086,-2.97557376568842,370.499999999997));
#3988=CARTESIAN_POINT('Ctrl Pts',(-27.8781770364354,-3.02172351931117,370.086971010369));
#3989=CARTESIAN_POINT('Ctrl Pts',(-27.994116749918,-2.8898311178109,369.243689365965));
#3990=CARTESIAN_POINT('Ctrl Pts',(-28.1676686314701,-2.05579094408677,368.245731079535));
#3991=CARTESIAN_POINT('Ctrl Pts',(-28.1975154602499,-0.760988416522665,
367.77768537155));
#3992=CARTESIAN_POINT('Ctrl Pts',(-28.1996480401155,0.760684898211035,367.776770902723));
#3993=CARTESIAN_POINT('Ctrl Pts',(-28.1720782793537,2.05588922814303,368.24303092008));
#3994=CARTESIAN_POINT('Ctrl Pts',(-27.9969700083238,2.88986005859926,369.242046574616));
#3995=CARTESIAN_POINT('Ctrl Pts',(-27.8781770364354,3.02172351931118,370.086971010368));
#3996=CARTESIAN_POINT('Ctrl Pts',(-27.8268070094086,2.97557376568843,370.499999999997));
#3997=CARTESIAN_POINT('Ctrl Pts',(-28.0098156831688,-3.13998491541507,370.537704302633));
#3998=CARTESIAN_POINT('Ctrl Pts',(-28.0628750365519,-3.18892844064996,370.100027721638));
#3999=CARTESIAN_POINT('Ctrl Pts',(-28.1858669215647,-3.04848771663663,369.206816256245));
#4000=CARTESIAN_POINT('Ctrl Pts',(-28.3747023019831,-2.15928804801179,368.147397178137));
#4001=CARTESIAN_POINT('Ctrl Pts',(-28.4342067250612,-0.789824548419605,
367.663153690058));
#4002=CARTESIAN_POINT('Ctrl Pts',(-28.435729706099,0.78985178707308,367.66173400177));
#4003=CARTESIAN_POINT('Ctrl Pts',(-28.3781230295177,2.15929849465574,368.14370480539));
#4004=CARTESIAN_POINT('Ctrl Pts',(-28.1880359063362,3.04858671869034,369.204527060933));
#4005=CARTESIAN_POINT('Ctrl Pts',(-28.0628750365518,3.18892844064989,370.100027721639));
#4006=CARTESIAN_POINT('Ctrl Pts',(-28.0098156831688,3.13998491541508,370.537704302633));
#4007=CARTESIAN_POINT('Ctrl Pts',(-28.2909497005286,-3.56277486191531,370.613059919846));
#4008=CARTESIAN_POINT('Ctrl Pts',(-28.349498170199,-3.6182700190898,370.108486050963));
#4009=CARTESIAN_POINT('Ctrl Pts',(-28.492775577459,-3.45414776004808,369.079068192463));
#4010=CARTESIAN_POINT('Ctrl Pts',(-28.7222908553236,-2.4240380865592,367.856941878823));
#4011=CARTESIAN_POINT('Ctrl Pts',(-28.8463391559549,-0.867165136654154,
367.305040293053));
#4012=CARTESIAN_POINT('Ctrl Pts',(-28.846599561139,0.867814556392147,367.303174642753));
#4013=CARTESIAN_POINT('Ctrl Pts',(-28.7237065952281,2.42393339424547,367.852242965667));
#4014=CARTESIAN_POINT('Ctrl Pts',(-28.4935524017709,3.45432039728825,369.076134869073));
#4015=CARTESIAN_POINT('Ctrl Pts',(-28.3494981701987,3.61827001908953,370.108486050966));
#4016=CARTESIAN_POINT('Ctrl Pts',(-28.2909497005286,3.56277486191533,370.613059919846));
#4017=CARTESIAN_POINT('Ctrl Pts',(-28.3351787940797,-4.07095826690494,370.67015245702));
#4018=CARTESIAN_POINT('Ctrl Pts',(-28.4023486920896,-4.13385463041646,370.080304072091));
#4019=CARTESIAN_POINT('Ctrl Pts',(-28.5729943843573,-3.9392719706393,368.876289257267));
#4020=CARTESIAN_POINT('Ctrl Pts',(-28.8546393829137,-2.74006419524285,367.450179477878));
#4021=CARTESIAN_POINT('Ctrl Pts',(-29.0266297645435,-0.961190201549907,
366.788892993693));
#4022=CARTESIAN_POINT('Ctrl Pts',(-29.0263304618846,0.962481182828359,366.787320308322));
#4023=CARTESIAN_POINT('Ctrl Pts',(-28.8553358227391,2.7398239050019,367.445830719602));
#4024=CARTESIAN_POINT('Ctrl Pts',(-28.5732399587814,3.9395431810379,368.873616812545));
#4025=CARTESIAN_POINT('Ctrl Pts',(-28.4023486920891,4.13385463041605,370.080304072095));
#4026=CARTESIAN_POINT('Ctrl Pts',(-28.3351787940796,4.07095826690496,370.67015245702));
#4027=CARTESIAN_POINT('Ctrl Pts',(-28.2951821619084,-4.31575269456775,370.690665205821));
#4028=CARTESIAN_POINT('Ctrl Pts',(-28.3669592386468,-4.38227164845218,370.058698189453));
#4029=CARTESIAN_POINT('Ctrl Pts',(-28.5513557200093,-4.17307973401757,368.768410587001));
#4030=CARTESIAN_POINT('Ctrl Pts',(-28.8590804101793,-2.89192505760995,367.241455490455));
#4031=CARTESIAN_POINT('Ctrl Pts',(-29.0463431322695,-1.00566771268946,366.525308544294));
#4032=CARTESIAN_POINT('Ctrl Pts',(-29.0460485515963,1.00728401158273,366.523909334673));
#4033=CARTESIAN_POINT('Ctrl Pts',(-28.8599159292187,2.89161643436408,367.237324032962));
#4034=CARTESIAN_POINT('Ctrl Pts',(-28.5516713573522,4.17340011325901,368.765896986326));
#4035=CARTESIAN_POINT('Ctrl Pts',(-28.3669592386463,4.38227164845172,370.058698189457));
#4036=CARTESIAN_POINT('Ctrl Pts',(-28.2951821619084,4.31575269456777,370.690665205821));
#4037=CARTESIAN_POINT('',(-27.8268070094086,2.97557376568843,370.499999999998));
#4038=CARTESIAN_POINT('Origin',(-26.8243596379369,4.09141392782159,370.499999999995));
#4039=CARTESIAN_POINT('',(-27.8268070094086,-2.97557376568842,370.499999999998));
#4040=CARTESIAN_POINT('Ctrl Pts',(-27.8268070094086,-2.97557376568842,370.499999999997));
#4041=CARTESIAN_POINT('Ctrl Pts',(-27.8781770364354,-3.02172351931117,370.086971010369));
#4042=CARTESIAN_POINT('Ctrl Pts',(-27.994116749918,-2.8898311178109,369.243689365965));
#4043=CARTESIAN_POINT('Ctrl Pts',(-28.1676686314701,-2.05579094408677,368.245731079535));
#4044=CARTESIAN_POINT('Ctrl Pts',(-28.1975154602499,-0.760988416522665,
367.77768537155));
#4045=CARTESIAN_POINT('Ctrl Pts',(-28.1996480401155,0.760684898211035,367.776770902723));
#4046=CARTESIAN_POINT('Ctrl Pts',(-28.1720782793537,2.05588922814303,368.24303092008));
#4047=CARTESIAN_POINT('Ctrl Pts',(-27.9969700083238,2.88986005859926,369.242046574616));
#4048=CARTESIAN_POINT('Ctrl Pts',(-27.8781770364354,3.02172351931118,370.086971010368));
#4049=CARTESIAN_POINT('Ctrl Pts',(-27.8268070094086,2.97557376568843,370.499999999997));
#4050=CARTESIAN_POINT('Origin',(-26.8243596379369,-4.09141392782157,370.499999999995));
#4051=CARTESIAN_POINT('Ctrl Pts',(-27.8268070094085,2.97557376568831,370.499999999997));
#4052=CARTESIAN_POINT('Ctrl Pts',(-27.7327971300051,2.89111726403292,371.633797500771));
#4053=CARTESIAN_POINT('Ctrl Pts',(-27.5539105586212,2.71777282650364,373.468843961293));
#4054=CARTESIAN_POINT('Ctrl Pts',(-27.3222340486198,2.43422182663899,375.405293441511));
#4055=CARTESIAN_POINT('Ctrl Pts',(-27.1980425732383,2.25735173255967,376.365772985835));
#4056=CARTESIAN_POINT('Ctrl Pts',(-27.1437898293988,2.17593246477366,376.7750981348));
#4057=CARTESIAN_POINT('Ctrl Pts',(-27.0701619049962,2.05922871978831,377.317655326802));
#4058=CARTESIAN_POINT('Ctrl Pts',(-26.9760596310599,1.89640935245946,377.987696218856));
#4059=CARTESIAN_POINT('Ctrl Pts',(-26.8615042515152,1.66782287990021,378.769758897495));
#4060=CARTESIAN_POINT('Ctrl Pts',(-26.7655694371069,1.43911640049279,379.399849042424));
#4061=CARTESIAN_POINT('Ctrl Pts',(-26.6998644806599,1.24946209842072,379.820311853155));
#4062=CARTESIAN_POINT('Ctrl Pts',(-26.6632860347312,1.13118041657085,380.051551635719));
#4063=CARTESIAN_POINT('Ctrl Pts',(-26.6099991021952,0.940770208830538,380.385895555491));
#4064=CARTESIAN_POINT('Ctrl Pts',(-26.5354690931514,0.617739499837855,380.84378328109));
#4065=CARTESIAN_POINT('Ctrl Pts',(-26.4818993488992,-0.00139505953408216,
381.165368636728));
#4066=CARTESIAN_POINT('Ctrl Pts',(-26.5351125759637,-0.614411605662854,
380.845962866161));
#4067=CARTESIAN_POINT('Ctrl Pts',(-26.6096860782967,-0.939283365267293,
380.387885309365));
#4068=CARTESIAN_POINT('Ctrl Pts',(-26.6584325656885,-1.11383645191055,380.082052091696));
#4069=CARTESIAN_POINT('Ctrl Pts',(-26.6765613826381,-1.17386887456759,379.967680825382));
#4070=CARTESIAN_POINT('Ctrl Pts',(-26.7040133838231,-1.2614167413046,379.793785083911));
#4071=CARTESIAN_POINT('Ctrl Pts',(-26.7461089785148,-1.38299666440928,379.524463242742));
#4072=CARTESIAN_POINT('Ctrl Pts',(-26.8033052049788,-1.52878957514544,379.15208860971));
#4073=CARTESIAN_POINT('Ctrl Pts',(-26.8801855746108,-1.70495004804284,378.642280594787));
#4074=CARTESIAN_POINT('Ctrl Pts',(-26.9761007064467,-1.89634132919666,377.987490451882));
#4075=CARTESIAN_POINT('Ctrl Pts',(-27.1262422294051,-2.15587254703468,376.918455740155));
#4076=CARTESIAN_POINT('Ctrl Pts',(-27.3056850291969,-2.41467278285966,375.54974970664));
#4077=CARTESIAN_POINT('Ctrl Pts',(-27.5679326831871,-2.73161934050828,373.325538204188));
#4078=CARTESIAN_POINT('Ctrl Pts',(-27.7327971300051,-2.89111726403293,371.633797500771));
#4079=CARTESIAN_POINT('Ctrl Pts',(-27.8268070094085,-2.97557376568832,370.499999999997));
#4080=CARTESIAN_POINT('Ctrl Pts',(-28.1928243569289,3.30439606514159,370.575408605269));
#4081=CARTESIAN_POINT('Ctrl Pts',(-28.0744040000403,3.21969037483579,371.717293807406));
#4082=CARTESIAN_POINT('Ctrl Pts',(-27.8500872921957,3.04200984763377,373.564757753168));
#4083=CARTESIAN_POINT('Ctrl Pts',(-27.5563421421631,2.74055571000773,375.512798585476));
#4084=CARTESIAN_POINT('Ctrl Pts',(-27.3976972196762,2.54938108468671,376.478653317273));
#4085=CARTESIAN_POINT('Ctrl Pts',(-27.3283721157271,2.46086050537335,376.890224381858));
#4086=CARTESIAN_POINT('Ctrl Pts',(-27.2341263367994,2.33333910889287,377.435691546164));
#4087=CARTESIAN_POINT('Ctrl Pts',(-27.1135543571467,2.15401912912025,378.10921482743));
#4088=CARTESIAN_POINT('Ctrl Pts',(-26.966261485599,1.89984568756376,378.895152075878));
#4089=CARTESIAN_POINT('Ctrl Pts',(-26.8426967419233,1.64305882498111,379.528231432635));
#4090=CARTESIAN_POINT('Ctrl Pts',(-26.7578384034679,1.42867236424639,379.950617869779));
#4091=CARTESIAN_POINT('Ctrl Pts',(-26.710552428636,1.29454231261684,380.182898118525));
#4092=CARTESIAN_POINT('Ctrl Pts',(-26.6416231941376,1.07813942731246,380.518730458026));
#4093=CARTESIAN_POINT('Ctrl Pts',(-26.5450879861034,0.709548491420296,380.978598289141));
#4094=CARTESIAN_POINT('Ctrl Pts',(-26.4755493371296,-0.00164815978917903,
381.301524625947));
#4095=CARTESIAN_POINT('Ctrl Pts',(-26.5446486717295,-0.705693204363703,
380.980789313105));
#4096=CARTESIAN_POINT('Ctrl Pts',(-26.6412560891379,-1.07642731510924,380.520732794978));
#4097=CARTESIAN_POINT('Ctrl Pts',(-26.7043136535013,-1.27481536693227,380.213538367949));
#4098=CARTESIAN_POINT('Ctrl Pts',(-26.7277553124779,-1.34292861668441,380.098654135916));
#4099=CARTESIAN_POINT('Ctrl Pts',(-26.7632414110551,-1.44216458756807,379.923974070335));
#4100=CARTESIAN_POINT('Ctrl Pts',(-26.8175961419079,-1.57961366278752,379.653419527014));
#4101=CARTESIAN_POINT('Ctrl Pts',(-26.8913755537778,-1.74369364980395,379.279302800932));
#4102=CARTESIAN_POINT('Ctrl Pts',(-26.9904070560906,-1.94104356018261,378.767053431341));
#4103=CARTESIAN_POINT('Ctrl Pts',(-27.1136230570641,-2.15392481611797,378.109011587233));
#4104=CARTESIAN_POINT('Ctrl Pts',(-27.3061186783389,-2.43966540966209,377.034430264289));
#4105=CARTESIAN_POINT('Ctrl Pts',(-27.5347702100584,-2.72022528802381,375.658105910492));
#4106=CARTESIAN_POINT('Ctrl Pts',(-27.8683212969676,-3.05588187196901,373.420524379629));
#4107=CARTESIAN_POINT('Ctrl Pts',(-28.0744040000403,-3.2196903748358,371.717293807406));
#4108=CARTESIAN_POINT('Ctrl Pts',(-28.1928243569289,-3.30439606514159,370.575408605269));
#4109=CARTESIAN_POINT('Ctrl Pts',(-28.3751754262508,3.826163839242,370.64963970822));
#4110=CARTESIAN_POINT('Ctrl Pts',(-28.2403722429025,3.72170730396779,371.799645644888));
#4111=CARTESIAN_POINT('Ctrl Pts',(-27.9857687979739,3.50531024198375,373.659650641462));
#4112=CARTESIAN_POINT('Ctrl Pts',(-27.6552622683042,3.14643481889072,375.619567260998));
#4113=CARTESIAN_POINT('Ctrl Pts',(-27.4775635335903,2.92123774716212,376.590966884466));
#4114=CARTESIAN_POINT('Ctrl Pts',(-27.4000161816565,2.81733550852559,377.004853632339));
#4115=CARTESIAN_POINT('Ctrl Pts',(-27.2947423644897,2.66812835326042,377.553324357037));
#4116=CARTESIAN_POINT('Ctrl Pts',(-27.1603402023577,2.45933227373164,378.230436926777));
#4117=CARTESIAN_POINT('Ctrl Pts',(-26.9966305196397,2.16517277299769,379.020368581647));
#4118=CARTESIAN_POINT('Ctrl Pts',(-26.8596815703291,1.86979307019151,379.656514558427));
#4119=CARTESIAN_POINT('Ctrl Pts',(-26.7658331808483,1.62425989936374,380.080870808054));
#4120=CARTESIAN_POINT('Ctrl Pts',(-26.7135910344284,1.47095392108013,380.314214331075));
#4121=CARTESIAN_POINT('Ctrl Pts',(-26.6374856111551,1.22396475386898,380.651565774364));
#4122=CARTESIAN_POINT('Ctrl Pts',(-26.5310927750341,0.804337751715579,381.11344324577));
#4123=CARTESIAN_POINT('Ctrl Pts',(-26.4546181745739,-0.00183729505254488,
381.437721986247));
#4124=CARTESIAN_POINT('Ctrl Pts',(-26.5306074721226,-0.799986080361542,
381.115644484986));
#4125=CARTESIAN_POINT('Ctrl Pts',(-26.6370772762463,-1.22202341174643,380.653578608934));
#4126=CARTESIAN_POINT('Ctrl Pts',(-26.7066992353834,-1.44844655338903,380.344994827099));
#4127=CARTESIAN_POINT('Ctrl Pts',(-26.7325932237381,-1.52627002838626,380.229586459559));
#4128=CARTESIAN_POINT('Ctrl Pts',(-26.7718051395609,-1.63972356496128,380.054104387342));
#4129=CARTESIAN_POINT('Ctrl Pts',(-26.8319179031435,-1.79713345806041,379.782288196482));
#4130=CARTESIAN_POINT('Ctrl Pts',(-26.9136264845795,-1.98557948021667,379.406383056254));
#4131=CARTESIAN_POINT('Ctrl Pts',(-27.02345759857,-2.21289859563666,378.891623097859));
#4132=CARTESIAN_POINT('Ctrl Pts',(-27.1604125687669,-2.45923441411095,378.230234272912));
#4133=CARTESIAN_POINT('Ctrl Pts',(-27.3749805260169,-2.79199751760212,377.149929774646));
#4134=CARTESIAN_POINT('Ctrl Pts',(-27.630988360994,-3.12196093744115,375.765770239687));
#4135=CARTESIAN_POINT('Ctrl Pts',(-28.0064146480471,-3.52238345037659,373.514453314268));
#4136=CARTESIAN_POINT('Ctrl Pts',(-28.2403722429026,-3.7217073039678,371.799645644887));
#4137=CARTESIAN_POINT('Ctrl Pts',(-28.3751754262508,-3.826163839242,370.64963970822));
#4138=CARTESIAN_POINT('Ctrl Pts',(-28.2951821619083,4.31575269456761,370.690665205823));
#4139=CARTESIAN_POINT('Ctrl Pts',(-28.1638262970464,4.1940194739578,371.84719843024));
#4140=CARTESIAN_POINT('Ctrl Pts',(-27.913951950531,3.94398261349649,373.719042563337));
#4141=CARTESIAN_POINT('Ctrl Pts',(-27.5906326084203,3.53410643394872,375.694323122474));
#4142=CARTESIAN_POINT('Ctrl Pts',(-27.4174058905376,3.27813485054926,376.674062894017));
#4143=CARTESIAN_POINT('Ctrl Pts',(-27.3417453593154,3.16025909698212,377.091596125519));
#4144=CARTESIAN_POINT('Ctrl Pts',(-27.2390827171495,2.99123824317073,377.645033064891));
#4145=CARTESIAN_POINT('Ctrl Pts',(-27.1079083900241,2.75530064397636,378.328510099239));
#4146=CARTESIAN_POINT('Ctrl Pts',(-26.9482867169248,2.42380759416427,379.126255261672));
#4147=CARTESIAN_POINT('Ctrl Pts',(-26.8146671497857,2.09188236621359,379.768980427755));
#4148=CARTESIAN_POINT('Ctrl Pts',(-26.7231818160455,1.81646278218067,380.197874661434));
#4149=CARTESIAN_POINT('Ctrl Pts',(-26.6722594568011,1.6446418349771,380.433751430575));
#4150=CARTESIAN_POINT('Ctrl Pts',(-26.5980840287054,1.36798625200024,380.774799855302));
#4151=CARTESIAN_POINT('Ctrl Pts',(-26.4943691558232,0.898470642895224,381.241869475182));
#4152=CARTESIAN_POINT('Ctrl Pts',(-26.4198494870926,-0.00203372057596644,
381.569903491863));
#4153=CARTESIAN_POINT('Ctrl Pts',(-26.493873116084,-0.893629362444742,381.244092766862));
#4154=CARTESIAN_POINT('Ctrl Pts',(-26.5976482778902,-1.36582540839833,380.776829509153));
#4155=CARTESIAN_POINT('Ctrl Pts',(-26.6655033494859,-1.619442258983,380.464863503651));
#4156=CARTESIAN_POINT('Ctrl Pts',(-26.6907405184235,-1.70665252505377,380.348198782375));
#4157=CARTESIAN_POINT('Ctrl Pts',(-26.728958608193,-1.83382363464144,380.170815958318));
#4158=CARTESIAN_POINT('Ctrl Pts',(-26.7875709116387,-2.01038473189534,379.89609348172));
#4159=CARTESIAN_POINT('Ctrl Pts',(-26.8672259796308,-2.22202559529025,379.516251724495));
#4160=CARTESIAN_POINT('Ctrl Pts',(-26.974317260619,-2.47764815901885,378.996220672274));
#4161=CARTESIAN_POINT('Ctrl Pts',(-27.1079654929935,-2.75520151645204,378.328300206077));
#4162=CARTESIAN_POINT('Ctrl Pts',(-27.3172561154037,-3.13127973188016,377.237828440772));
#4163=CARTESIAN_POINT('Ctrl Pts',(-27.5675333447304,-3.50585636139798,375.841676128617));
#4164=CARTESIAN_POINT('Ctrl Pts',(-27.9335377921871,-3.96395972412475,373.572863136032));
#4165=CARTESIAN_POINT('Ctrl Pts',(-28.1638262970464,-4.19401947395781,371.84719843024));
#4166=CARTESIAN_POINT('Ctrl Pts',(-28.2951821619083,-4.31575269456762,370.690665205823));
#4167=CARTESIAN_POINT('Ctrl Pts',(-27.8268070094085,2.97557376568831,370.499999999997));
#4168=CARTESIAN_POINT('Ctrl Pts',(-27.7327971300051,2.89111726403292,371.633797500771));
#4169=CARTESIAN_POINT('Ctrl Pts',(-27.5539105586212,2.71777282650364,373.468843961293));
#4170=CARTESIAN_POINT('Ctrl Pts',(-27.3222340486198,2.43422182663899,375.405293441511));
#4171=CARTESIAN_POINT('Ctrl Pts',(-27.1980425732383,2.25735173255967,376.365772985835));
#4172=CARTESIAN_POINT('Ctrl Pts',(-27.1437898293988,2.17593246477366,376.7750981348));
#4173=CARTESIAN_POINT('Ctrl Pts',(-27.0701619049962,2.05922871978831,377.317655326802));
#4174=CARTESIAN_POINT('Ctrl Pts',(-26.9760596310599,1.89640935245946,377.987696218856));
#4175=CARTESIAN_POINT('Ctrl Pts',(-26.8615042515152,1.66782287990021,378.769758897495));
#4176=CARTESIAN_POINT('Ctrl Pts',(-26.7655694371069,1.43911640049279,379.399849042424));
#4177=CARTESIAN_POINT('Ctrl Pts',(-26.6998644806599,1.24946209842072,379.820311853155));
#4178=CARTESIAN_POINT('Ctrl Pts',(-26.6632860347312,1.13118041657085,380.051551635719));
#4179=CARTESIAN_POINT('Ctrl Pts',(-26.6099991021952,0.940770208830538,380.385895555491));
#4180=CARTESIAN_POINT('Ctrl Pts',(-26.5354690931514,0.617739499837855,380.84378328109));
#4181=CARTESIAN_POINT('Ctrl Pts',(-26.4818993488992,-0.00139505953408216,
381.165368636728));
#4182=CARTESIAN_POINT('Ctrl Pts',(-26.5351125759637,-0.614411605662854,
380.845962866161));
#4183=CARTESIAN_POINT('Ctrl Pts',(-26.6096860782967,-0.939283365267293,
380.387885309365));
#4184=CARTESIAN_POINT('Ctrl Pts',(-26.6584325656885,-1.11383645191055,380.082052091696));
#4185=CARTESIAN_POINT('Ctrl Pts',(-26.6765613826381,-1.17386887456759,379.967680825382));
#4186=CARTESIAN_POINT('Ctrl Pts',(-26.7040133838231,-1.2614167413046,379.793785083911));
#4187=CARTESIAN_POINT('Ctrl Pts',(-26.7461089785148,-1.38299666440928,379.524463242742));
#4188=CARTESIAN_POINT('Ctrl Pts',(-26.8033052049788,-1.52878957514544,379.15208860971));
#4189=CARTESIAN_POINT('Ctrl Pts',(-26.8801855746108,-1.70495004804284,378.642280594787));
#4190=CARTESIAN_POINT('Ctrl Pts',(-26.9761007064467,-1.89634132919666,377.987490451882));
#4191=CARTESIAN_POINT('Ctrl Pts',(-27.1262422294051,-2.15587254703468,376.918455740155));
#4192=CARTESIAN_POINT('Ctrl Pts',(-27.3056850291969,-2.41467278285966,375.54974970664));
#4193=CARTESIAN_POINT('Ctrl Pts',(-27.5679326831871,-2.73161934050828,373.325538204188));
#4194=CARTESIAN_POINT('Ctrl Pts',(-27.7327971300051,-2.89111726403293,371.633797500771));
#4195=CARTESIAN_POINT('Ctrl Pts',(-27.8268070094085,-2.97557376568832,370.499999999997));
#4196=CARTESIAN_POINT('Ctrl Pts',(-27.8690263649543,3.01296825932411,370.5));
#4197=CARTESIAN_POINT('Ctrl Pts',(-26.497584762347,1.8154028062868,370.5));
#4198=CARTESIAN_POINT('Ctrl Pts',(-26.5000035296599,-0.00531387492286416,
370.5));
#4199=CARTESIAN_POINT('Ctrl Pts',(-26.5024222969727,-1.82603055613253,370.5));
#4200=CARTESIAN_POINT('Ctrl Pts',(-27.8770409125667,-3.01994795081819,370.5));
#4201=CARTESIAN_POINT('Ctrl Pts',(-27.8690263649543,3.01296825932411,368.611220363661));
#4202=CARTESIAN_POINT('Ctrl Pts',(-26.497584762347,1.8154028062868,368.611220363661));
#4203=CARTESIAN_POINT('Ctrl Pts',(-26.5000035296599,-0.00531387492286416,
368.611220363661));
#4204=CARTESIAN_POINT('Ctrl Pts',(-26.5024222969727,-1.82603055613253,368.611220363661));
#4205=CARTESIAN_POINT('Ctrl Pts',(-27.8770409125667,-3.01994795081819,368.611220363661));
#4206=CARTESIAN_POINT('Ctrl Pts',(-28.9892941353716,1.73004729453371,367.794763117192));
#4207=CARTESIAN_POINT('Ctrl Pts',(-28.2018119483757,1.04240484571515,367.794763117192));
#4208=CARTESIAN_POINT('Ctrl Pts',(-28.2032008053053,-0.00305122860333389,
367.794763117192));
#4209=CARTESIAN_POINT('Ctrl Pts',(-28.2045896622349,-1.04850730292182,367.794763117192));
#4210=CARTESIAN_POINT('Ctrl Pts',(-28.9938960910579,-1.7340550355209,367.794763117192));
#4211=CARTESIAN_POINT('Origin',(-30.5,3.73517273739943E-15,370.5));
#4212=CARTESIAN_POINT('Ctrl Pts',(-2.97557376568842,27.8268070094086,370.499999999997));
#4213=CARTESIAN_POINT('Ctrl Pts',(-3.02172351931117,27.8781770364354,370.086971010368));
#4214=CARTESIAN_POINT('Ctrl Pts',(-2.89018091239843,27.9940353930174,369.243027991841));
#4215=CARTESIAN_POINT('Ctrl Pts',(-2.05517576697992,28.1685125649341,368.246350005667));
#4216=CARTESIAN_POINT('Ctrl Pts',(-0.760800223160159,28.1977102773357,367.777923717842));
#4217=CARTESIAN_POINT('Ctrl Pts',(0.760919546310646,28.1999556224619,367.777018113432));
#4218=CARTESIAN_POINT('Ctrl Pts',(2.05600202732279,28.1722087166441,368.24316325034));
#4219=CARTESIAN_POINT('Ctrl Pts',(2.88994791117122,27.9970819133274,369.242141639269));
#4220=CARTESIAN_POINT('Ctrl Pts',(3.02172351931119,27.8781770364354,370.086971010368));
#4221=CARTESIAN_POINT('Ctrl Pts',(2.97557376568842,27.8268070094086,370.499999999997));
#4222=CARTESIAN_POINT('Ctrl Pts',(-3.13998491541508,28.0098156831688,370.537704302633));
#4223=CARTESIAN_POINT('Ctrl Pts',(-3.18892844064997,28.0628750365519,370.100027721638));
#4224=CARTESIAN_POINT('Ctrl Pts',(-3.04895212657578,28.1858065394953,369.206159890531));
#4225=CARTESIAN_POINT('Ctrl Pts',(-2.15839044612339,28.3753583109558,368.147839458408));
#4226=CARTESIAN_POINT('Ctrl Pts',(-0.789556542643514,28.4343578151355,367.663352551691));
#4227=CARTESIAN_POINT('Ctrl Pts',(0.790192722620655,28.4359687384802,367.661916987502));
#4228=CARTESIAN_POINT('Ctrl Pts',(2.1594605593564,28.3782242963053,368.143810279385));
#4229=CARTESIAN_POINT('Ctrl Pts',(3.04871403066934,28.188122856022,369.204598811002));
#4230=CARTESIAN_POINT('Ctrl Pts',(3.18892844065002,28.0628750365519,370.100027721637));
#4231=CARTESIAN_POINT('Ctrl Pts',(3.13998491541508,28.0098156831688,370.537704302633));
#4232=CARTESIAN_POINT('Ctrl Pts',(-3.56277486191532,28.2909497005287,370.613059919846));
#4233=CARTESIAN_POINT('Ctrl Pts',(-3.61827001908982,28.3494981701991,370.108486050963));
#4234=CARTESIAN_POINT('Ctrl Pts',(-3.45486085033097,28.4927821218939,369.078338780657));
#4235=CARTESIAN_POINT('Ctrl Pts',(-2.4226805645127,28.7225268326501,367.85735616572));
#4236=CARTESIAN_POINT('Ctrl Pts',(-0.866759084953066,28.8463890291659,367.305245517912));
#4237=CARTESIAN_POINT('Ctrl Pts',(0.868330190995404,28.8466845290486,367.303350507321));
#4238=CARTESIAN_POINT('Ctrl Pts',(2.42417872676799,28.7237412998283,367.852349102676));
#4239=CARTESIAN_POINT('Ctrl Pts',(3.45451296734656,28.4935830640299,369.076204737242));
#4240=CARTESIAN_POINT('Ctrl Pts',(3.61827001908992,28.3494981701992,370.108486050962));
#4241=CARTESIAN_POINT('Ctrl Pts',(3.56277486191532,28.2909497005286,370.613059919846));
#4242=CARTESIAN_POINT('Ctrl Pts',(-4.07095826690496,28.3351787940797,370.67015245702));
#4243=CARTESIAN_POINT('Ctrl Pts',(-4.13385463041649,28.4023486920896,370.080304072091));
#4244=CARTESIAN_POINT('Ctrl Pts',(-3.94018904444472,28.5730488803276,368.875370926816));
#4245=CARTESIAN_POINT('Ctrl Pts',(-2.73825332489512,28.8546948994227,367.450942625215));
#4246=CARTESIAN_POINT('Ctrl Pts',(-0.960653692630161,29.0266331118339,366.789203119355));
#4247=CARTESIAN_POINT('Ctrl Pts',(0.963167858071885,29.0263485414043,366.787628785216));
#4248=CARTESIAN_POINT('Ctrl Pts',(2.7401491907662,28.8553407624494,367.446000116168));
#4249=CARTESIAN_POINT('Ctrl Pts',(3.93979936686184,28.5732460262347,368.87373623059));
#4250=CARTESIAN_POINT('Ctrl Pts',(4.13385463041663,28.4023486920898,370.080304072089));
#4251=CARTESIAN_POINT('Ctrl Pts',(4.07095826690496,28.3351787940797,370.670152457021));
#4252=CARTESIAN_POINT('Ctrl Pts',(-4.31575269456777,28.2951821619084,370.690665205821));
#4253=CARTESIAN_POINT('Ctrl Pts',(-4.38227164845222,28.3669592386468,370.058698189453));
#4254=CARTESIAN_POINT('Ctrl Pts',(-4.17410511362439,28.5514181349131,368.767398632289));
#4255=CARTESIAN_POINT('Ctrl Pts',(-2.88988079212174,28.859151643042,367.24240249638));
#4256=CARTESIAN_POINT('Ctrl Pts',(-1.00506358920606,29.0463486926702,366.525673232968));
#4257=CARTESIAN_POINT('Ctrl Pts',(1.00805883765105,29.0460720551895,366.524287586605));
#4258=CARTESIAN_POINT('Ctrl Pts',(2.89198305376431,28.8599227576329,367.237526508723));
#4259=CARTESIAN_POINT('Ctrl Pts',(4.17368910802424,28.5516793191099,368.766042442762));
#4260=CARTESIAN_POINT('Ctrl Pts',(4.38227164845237,28.366959238647,370.058698189451));
#4261=CARTESIAN_POINT('Ctrl Pts',(4.31575269456777,28.2951821619084,370.690665205822));
#4262=CARTESIAN_POINT('',(2.97557376568842,27.8268070094086,370.499999999998));
#4263=CARTESIAN_POINT('Origin',(4.09141392782158,26.8243596379369,370.499999999995));
#4264=CARTESIAN_POINT('',(-2.97557376568842,27.8268070094086,370.499999999998));
#4265=CARTESIAN_POINT('Ctrl Pts',(-2.97557376568842,27.8268070094086,370.499999999997));
#4266=CARTESIAN_POINT('Ctrl Pts',(-3.02172351931117,27.8781770364354,370.086971010368));
#4267=CARTESIAN_POINT('Ctrl Pts',(-2.89018091239843,27.9940353930174,369.243027991841));
#4268=CARTESIAN_POINT('Ctrl Pts',(-2.05517576697992,28.1685125649341,368.246350005667));
#4269=CARTESIAN_POINT('Ctrl Pts',(-0.760800223160159,28.1977102773357,367.777923717842));
#4270=CARTESIAN_POINT('Ctrl Pts',(0.760919546310646,28.1999556224619,367.777018113432));
#4271=CARTESIAN_POINT('Ctrl Pts',(2.05600202732279,28.1722087166441,368.24316325034));
#4272=CARTESIAN_POINT('Ctrl Pts',(2.88994791117122,27.9970819133274,369.242141639269));
#4273=CARTESIAN_POINT('Ctrl Pts',(3.02172351931119,27.8781770364354,370.086971010368));
#4274=CARTESIAN_POINT('Ctrl Pts',(2.97557376568842,27.8268070094086,370.499999999997));
#4275=CARTESIAN_POINT('Origin',(-4.09141392782158,26.8243596379369,370.499999999995));
#4276=CARTESIAN_POINT('Ctrl Pts',(2.9755737656883,27.8268070094085,370.499999999997));
#4277=CARTESIAN_POINT('Ctrl Pts',(2.9333455148177,27.779802069659,371.06689875096));
#4278=CARTESIAN_POINT('Ctrl Pts',(2.83792646893952,27.6774281765553,372.201722796702));
#4279=CARTESIAN_POINT('Ctrl Pts',(2.5916437645708,27.4440798380379,374.440560366361));
#4280=CARTESIAN_POINT('Ctrl Pts',(2.28768644786972,27.2021849664497,376.377768185578));
#4281=CARTESIAN_POINT('Ctrl Pts',(1.93101302956214,26.9947837956084,377.854291281857));
#4282=CARTESIAN_POINT('Ctrl Pts',(1.78406966734902,26.9187080832579,378.37917327146));
#4283=CARTESIAN_POINT('Ctrl Pts',(1.62447769039021,26.8422162703017,378.896381282279));
#4284=CARTESIAN_POINT('Ctrl Pts',(1.39500507254396,26.7463544097995,379.526061278364));
#4285=CARTESIAN_POINT('Ctrl Pts',(1.11255837038156,26.6528776168822,380.11862758451));
#4286=CARTESIAN_POINT('Ctrl Pts',(0.832824226466042,26.5853730285877,380.53729328932));
#4287=CARTESIAN_POINT('Ctrl Pts',(0.516900334087522,26.5262160413053,380.899285122356));
#4288=CARTESIAN_POINT('Ctrl Pts',(0.0012133347582273,26.4823488589206,381.162798801756));
#4289=CARTESIAN_POINT('Ctrl Pts',(-0.463041532186848,26.5218253685984,380.925746861828));
#4290=CARTESIAN_POINT('Ctrl Pts',(-0.793644508012989,26.5769605335546,380.589087450674));
#4291=CARTESIAN_POINT('Ctrl Pts',(-1.01097702195732,26.6269629929077,380.280382027186));
#4292=CARTESIAN_POINT('Ctrl Pts',(-1.22324917495751,26.6901132716706,379.882816154612));
#4293=CARTESIAN_POINT('Ctrl Pts',(-1.43959889637775,26.7649709060261,379.403905280498));
#4294=CARTESIAN_POINT('Ctrl Pts',(-1.66880569045449,26.861117153746,378.772599998783));
#4295=CARTESIAN_POINT('Ctrl Pts',(-1.89841310296521,26.9761989826722,377.986952206621));
#4296=CARTESIAN_POINT('Ctrl Pts',(-2.15761937500258,27.1263257595678,376.917984152415));
#4297=CARTESIAN_POINT('Ctrl Pts',(-2.36413722120505,27.2698265319175,375.823408941572));
#4298=CARTESIAN_POINT('Ctrl Pts',(-2.51339835723789,27.3872902390147,374.853904413021));
#4299=CARTESIAN_POINT('Ctrl Pts',(-2.58112401110085,27.4438265729581,374.367045678192));
#4300=CARTESIAN_POINT('Ctrl Pts',(-2.61804438468495,27.4754899156581,374.088278913252));
#4301=CARTESIAN_POINT('Ctrl Pts',(-2.7073953010008,27.5535595560823,373.390498967918));
#4302=CARTESIAN_POINT('Ctrl Pts',(-2.83783086505026,27.6778156151888,372.198254109462));
#4303=CARTESIAN_POINT('Ctrl Pts',(-2.93334551481772,27.779802069659,371.06689875096));
#4304=CARTESIAN_POINT('Ctrl Pts',(-2.97557376568832,27.8268070094085,370.499999999997));
#4305=CARTESIAN_POINT('Ctrl Pts',(3.30439606514158,28.1928243569289,370.57540860527));
#4306=CARTESIAN_POINT('Ctrl Pts',(3.26204321994564,28.1336141784244,371.146351206918));
#4307=CARTESIAN_POINT('Ctrl Pts',(3.16522107134797,28.0049474015218,372.289060897915));
#4308=CARTESIAN_POINT('Ctrl Pts',(2.9098897499537,27.7097217882235,374.542425141905));
#4309=CARTESIAN_POINT('Ctrl Pts',(2.58493773623495,27.4031397231639,376.490919033113));
#4310=CARTESIAN_POINT('Ctrl Pts',(2.19219054115025,27.1374905759153,377.975118174379));
#4311=CARTESIAN_POINT('Ctrl Pts',(2.02914518766418,27.0397453036928,378.502631984725));
#4312=CARTESIAN_POINT('Ctrl Pts',(1.85119778175176,26.9413714055082,379.022376886782));
#4313=CARTESIAN_POINT('Ctrl Pts',(1.59358332338762,26.8178242405547,379.655038103778));
#4314=CARTESIAN_POINT('Ctrl Pts',(1.27369324616597,26.6970866176236,380.250286287655));
#4315=CARTESIAN_POINT('Ctrl Pts',(0.954867916737649,26.6096946996798,380.670785729644));
#4316=CARTESIAN_POINT('Ctrl Pts',(0.593667508634445,26.5330167787231,381.034331212957));
#4317=CARTESIAN_POINT('Ctrl Pts',(0.00135643244381108,26.4760819059875,
381.298945111206));
#4318=CARTESIAN_POINT('Ctrl Pts',(-0.531952898108118,26.5272839100099,381.060901220569));
#4319=CARTESIAN_POINT('Ctrl Pts',(-0.910248887209867,26.5987671369779,380.722801951034));
#4320=CARTESIAN_POINT('Ctrl Pts',(-1.15822278292098,26.6634807679516,380.412750011005));
#4321=CARTESIAN_POINT('Ctrl Pts',(-1.39918147487613,26.7451132005452,380.01340338675));
#4322=CARTESIAN_POINT('Ctrl Pts',(-1.64376729195336,26.841779665746,379.532301219377));
#4323=CARTESIAN_POINT('Ctrl Pts',(-1.90116323816669,26.9655290897126,378.897995873102));
#4324=CARTESIAN_POINT('Ctrl Pts',(-2.1564916182724,27.1134623359447,378.10845318448));
#4325=CARTESIAN_POINT('Ctrl Pts',(-2.44198305071135,27.3057116593671,377.033922757403));
#4326=CARTESIAN_POINT('Ctrl Pts',(-2.66580711984424,27.4885970176371,375.933256271078));
#4327=CARTESIAN_POINT('Ctrl Pts',(-2.82506974866102,27.637958855909,374.9580232708));
#4328=CARTESIAN_POINT('Ctrl Pts',(-2.89674493941275,27.7097399740459,374.468202477757));
#4329=CARTESIAN_POINT('Ctrl Pts',(-2.93563669226513,27.7499530847552,374.187718028422));
#4330=CARTESIAN_POINT('Ctrl Pts',(-3.02953472458102,27.8489707404437,373.485593222607));
#4331=CARTESIAN_POINT('Ctrl Pts',(-3.16514747441454,28.0053087789441,372.285562378515));
#4332=CARTESIAN_POINT('Ctrl Pts',(-3.26204321994566,28.1336141784245,371.146351206918));
#4333=CARTESIAN_POINT('Ctrl Pts',(-3.30439606514159,28.1928243569289,370.575408605269));
#4334=CARTESIAN_POINT('Ctrl Pts',(3.82616383924198,28.3751754262508,370.64963970822));
#4335=CARTESIAN_POINT('Ctrl Pts',(3.77393557155181,28.3077738345082,371.224642677138));
#4336=CARTESIAN_POINT('Ctrl Pts',(3.65532791214075,28.16154437453,372.37529329045));
#4337=CARTESIAN_POINT('Ctrl Pts',(3.34671384286776,27.8275733388891,374.64344902821));
#4338=CARTESIAN_POINT('Ctrl Pts',(2.96109585071756,27.483141675236,376.603517885203));
#4339=CARTESIAN_POINT('Ctrl Pts',(2.50372007227796,27.1870213865646,378.09562607483));
#4340=CARTESIAN_POINT('Ctrl Pts',(2.31477259426218,27.0783044764586,378.62585371689));
#4341=CARTESIAN_POINT('Ctrl Pts',(2.10918420622848,26.9690433681555,379.148210152015));
#4342=CARTESIAN_POINT('Ctrl Pts',(1.81284148867299,26.8321173172451,379.783934197997));
#4343=CARTESIAN_POINT('Ctrl Pts',(1.44690268323339,26.69868546179,380.38192131911));
#4344=CARTESIAN_POINT('Ctrl Pts',(1.08367785036073,26.6022916828889,380.804287286296));
#4345=CARTESIAN_POINT('Ctrl Pts',(0.672998479639266,26.5178173570114,381.169409353425));
#4346=CARTESIAN_POINT('Ctrl Pts',(0.0015569832305089,26.4551995025846,381.435132938745));
#4347=CARTESIAN_POINT('Ctrl Pts',(-0.602963223939891,26.5115123673057,381.196090468324));
#4348=CARTESIAN_POINT('Ctrl Pts',(-1.03284333340734,26.5902477956052,380.856530728376));
#4349=CARTESIAN_POINT('Ctrl Pts',(-1.31516146632599,26.6616013196146,380.545111842091));
#4350=CARTESIAN_POINT('Ctrl Pts',(-1.5903950883172,26.7517606715165,380.143948166474));
#4351=CARTESIAN_POINT('Ctrl Pts',(-1.87050009015564,26.8586665035253,379.660602882006));
#4352=CARTESIAN_POINT('Ctrl Pts',(-2.16655699901998,26.9958220955624,379.023223958019));
#4353=CARTESIAN_POINT('Ctrl Pts',(-2.46204288914961,27.1602455113127,378.229667673839));
#4354=CARTESIAN_POINT('Ctrl Pts',(-2.79446257358275,27.3745523858513,377.149408629618));
#4355=CARTESIAN_POINT('Ctrl Pts',(-3.05773950800042,27.5793187505633,376.042476489902));
#4356=CARTESIAN_POINT('Ctrl Pts',(-3.24687421754677,27.7472030577562,375.061361686711));
#4357=CARTESIAN_POINT('Ctrl Pts',(-3.33242207603422,27.8280398050637,374.568506394149));
#4358=CARTESIAN_POINT('Ctrl Pts',(-3.37896997886258,27.8733660530584,374.28626265077));
#4359=CARTESIAN_POINT('Ctrl Pts',(-3.49152462610485,27.9850486901989,373.579694993905));
#4360=CARTESIAN_POINT('Ctrl Pts',(-3.65523660673745,28.1619593268686,372.371770058066));
#4361=CARTESIAN_POINT('Ctrl Pts',(-3.77393557155183,28.3077738345082,371.224642677138));
#4362=CARTESIAN_POINT('Ctrl Pts',(-3.826163839242,28.3751754262508,370.64963970822));
#4363=CARTESIAN_POINT('Ctrl Pts',(4.3157526945676,28.2951821619083,370.690665205823));
#4364=CARTESIAN_POINT('Ctrl Pts',(4.25488608420084,28.2295042294106,371.268931818619));
#4365=CARTESIAN_POINT('Ctrl Pts',(4.11730121294678,28.0864860033459,372.426512173023));
#4366=CARTESIAN_POINT('Ctrl Pts',(3.76175822875967,27.7606397509471,374.710244525243));
#4367=CARTESIAN_POINT('Ctrl Pts',(3.32228813686073,27.4231177326281,376.686298630139));
#4368=CARTESIAN_POINT('Ctrl Pts',(2.80545825732612,27.1340095034859,378.192430030411));
#4369=CARTESIAN_POINT('Ctrl Pts',(2.59239815749017,27.0279951374614,378.727837331504));
#4370=CARTESIAN_POINT('Ctrl Pts',(2.36091113889888,26.9214225852785,379.255416769664));
#4371=CARTESIAN_POINT('Ctrl Pts',(2.02787061529706,26.7879043474812,379.897723562303));
#4372=CARTESIAN_POINT('Ctrl Pts',(1.61763727481625,26.6577656380964,380.502172434574));
#4373=CARTESIAN_POINT('Ctrl Pts',(1.21108911402246,26.5638145529378,380.929233525472));
#4374=CARTESIAN_POINT('Ctrl Pts',(0.751808443600275,26.4814978221596,381.298484279321));
#4375=CARTESIAN_POINT('Ctrl Pts',(0.00176441624730418,26.4204744813245,
381.56728212471));
#4376=CARTESIAN_POINT('Ctrl Pts',(-0.673474196854144,26.4753897054503,381.325476648642));
#4377=CARTESIAN_POINT('Ctrl Pts',(-1.15413872672521,26.5521074737302,380.982066300633));
#4378=CARTESIAN_POINT('Ctrl Pts',(-1.47002415375823,26.6216950395866,380.667170493773));
#4379=CARTESIAN_POINT('Ctrl Pts',(-1.77840569400586,26.7096044251918,380.261632344137));
#4380=CARTESIAN_POINT('Ctrl Pts',(-2.09259467725112,26.8138332576107,379.773118004434));
#4381=CARTESIAN_POINT('Ctrl Pts',(-2.42524530770035,26.9477469822828,379.129153334768));
#4382=CARTESIAN_POINT('Ctrl Pts',(-2.75821886615897,27.1081021755324,378.327751167534));
#4383=CARTESIAN_POINT('Ctrl Pts',(-3.13382374565343,27.3173722774442,377.237347396414));
#4384=CARTESIAN_POINT('Ctrl Pts',(-3.43272451187218,27.5175196909885,376.12082297552));
#4385=CARTESIAN_POINT('Ctrl Pts',(-3.64855104561488,27.6814290682521,375.13187724427));
#4386=CARTESIAN_POINT('Ctrl Pts',(-3.74643259055268,27.7603372842844,374.635255667627));
#4387=CARTESIAN_POINT('Ctrl Pts',(-3.7997800678395,27.8045347039742,374.350898870848));
#4388=CARTESIAN_POINT('Ctrl Pts',(-3.9288652483885,27.9135161047905,373.639126539759));
#4389=CARTESIAN_POINT('Ctrl Pts',(-4.11715680309681,28.0870268562004,372.422973929169));
#4390=CARTESIAN_POINT('Ctrl Pts',(-4.25488608420087,28.2295042294106,371.268931818619));
#4391=CARTESIAN_POINT('Ctrl Pts',(-4.31575269456762,28.2951821619083,370.690665205823));
#4392=CARTESIAN_POINT('Ctrl Pts',(2.9755737656883,27.8268070094085,370.499999999997));
#4393=CARTESIAN_POINT('Ctrl Pts',(2.9333455148177,27.779802069659,371.06689875096));
#4394=CARTESIAN_POINT('Ctrl Pts',(2.83792646893952,27.6774281765553,372.201722796702));
#4395=CARTESIAN_POINT('Ctrl Pts',(2.5916437645708,27.4440798380379,374.440560366361));
#4396=CARTESIAN_POINT('Ctrl Pts',(2.28768644786972,27.2021849664497,376.377768185578));
#4397=CARTESIAN_POINT('Ctrl Pts',(1.93101302956214,26.9947837956084,377.854291281857));
#4398=CARTESIAN_POINT('Ctrl Pts',(1.78406966734902,26.9187080832579,378.37917327146));
#4399=CARTESIAN_POINT('Ctrl Pts',(1.62447769039021,26.8422162703017,378.896381282279));
#4400=CARTESIAN_POINT('Ctrl Pts',(1.39500507254396,26.7463544097995,379.526061278364));
#4401=CARTESIAN_POINT('Ctrl Pts',(1.11255837038156,26.6528776168822,380.11862758451));
#4402=CARTESIAN_POINT('Ctrl Pts',(0.832824226466042,26.5853730285877,380.53729328932));
#4403=CARTESIAN_POINT('Ctrl Pts',(0.516900334087522,26.5262160413053,380.899285122356));
#4404=CARTESIAN_POINT('Ctrl Pts',(0.0012133347582273,26.4823488589206,381.162798801756));
#4405=CARTESIAN_POINT('Ctrl Pts',(-0.463041532186848,26.5218253685984,380.925746861828));
#4406=CARTESIAN_POINT('Ctrl Pts',(-0.793644508012989,26.5769605335546,380.589087450674));
#4407=CARTESIAN_POINT('Ctrl Pts',(-1.01097702195732,26.6269629929077,380.280382027186));
#4408=CARTESIAN_POINT('Ctrl Pts',(-1.22324917495751,26.6901132716706,379.882816154612));
#4409=CARTESIAN_POINT('Ctrl Pts',(-1.43959889637775,26.7649709060261,379.403905280498));
#4410=CARTESIAN_POINT('Ctrl Pts',(-1.66880569045449,26.861117153746,378.772599998783));
#4411=CARTESIAN_POINT('Ctrl Pts',(-1.89841310296521,26.9761989826722,377.986952206621));
#4412=CARTESIAN_POINT('Ctrl Pts',(-2.15761937500258,27.1263257595678,376.917984152415));
#4413=CARTESIAN_POINT('Ctrl Pts',(-2.36413722120505,27.2698265319175,375.823408941572));
#4414=CARTESIAN_POINT('Ctrl Pts',(-2.51339835723789,27.3872902390147,374.853904413021));
#4415=CARTESIAN_POINT('Ctrl Pts',(-2.58112401110085,27.4438265729581,374.367045678192));
#4416=CARTESIAN_POINT('Ctrl Pts',(-2.61804438468495,27.4754899156581,374.088278913252));
#4417=CARTESIAN_POINT('Ctrl Pts',(-2.7073953010008,27.5535595560823,373.390498967918));
#4418=CARTESIAN_POINT('Ctrl Pts',(-2.83783086505026,27.6778156151888,372.198254109462));
#4419=CARTESIAN_POINT('Ctrl Pts',(-2.93334551481772,27.779802069659,371.06689875096));
#4420=CARTESIAN_POINT('Ctrl Pts',(-2.97557376568832,27.8268070094085,370.499999999997));
#4421=CARTESIAN_POINT('Ctrl Pts',(3.01296825932411,27.8690263649543,370.5));
#4422=CARTESIAN_POINT('Ctrl Pts',(1.8154028062868,26.4975847623471,370.5));
#4423=CARTESIAN_POINT('Ctrl Pts',(-0.00531387492286134,26.5000035296599,
370.5));
#4424=CARTESIAN_POINT('Ctrl Pts',(-1.82603055613253,26.5024222969727,370.5));
#4425=CARTESIAN_POINT('Ctrl Pts',(-3.01994795081819,27.8770409125667,370.5));
#4426=CARTESIAN_POINT('Ctrl Pts',(3.01296825932411,27.8690263649543,368.611220363661));
#4427=CARTESIAN_POINT('Ctrl Pts',(1.8154028062868,26.4975847623471,368.611220363661));
#4428=CARTESIAN_POINT('Ctrl Pts',(-0.00531387492286134,26.5000035296599,
368.611220363661));
#4429=CARTESIAN_POINT('Ctrl Pts',(-1.82603055613253,26.5024222969727,368.611220363661));
#4430=CARTESIAN_POINT('Ctrl Pts',(-3.01994795081819,27.8770409125667,368.611220363661));
#4431=CARTESIAN_POINT('Ctrl Pts',(1.73004729453371,28.9892941353716,367.794763117192));
#4432=CARTESIAN_POINT('Ctrl Pts',(1.04240484571515,28.2018119483757,367.794763117192));
#4433=CARTESIAN_POINT('Ctrl Pts',(-0.00305122860333307,28.2032008053053,
367.794763117192));
#4434=CARTESIAN_POINT('Ctrl Pts',(-1.04850730292181,28.2045896622349,367.794763117192));
#4435=CARTESIAN_POINT('Ctrl Pts',(-1.7340550355209,28.9938960910579,367.794763117192));
#4436=CARTESIAN_POINT('Origin',(1.86758636869971E-15,30.5,370.5));
#4437=CARTESIAN_POINT('Origin',(0.,0.,364.485854233516));
#4438=CARTESIAN_POINT('Origin',(31.1633491179293,-3.81640957479836E-15,
364.485854233516));
#4439=CARTESIAN_POINT('Origin',(-21.5667568261897,21.5667568261897,378.5));
#4440=CARTESIAN_POINT('Origin',(-21.5667568261897,-21.5667568261897,378.5));
#4441=CARTESIAN_POINT('Ctrl Pts',(-3.01296825932408,-27.8690263649543,370.5));
#4442=CARTESIAN_POINT('Ctrl Pts',(-1.81540280628676,-26.497584762347,370.5));
#4443=CARTESIAN_POINT('Ctrl Pts',(0.00531387492288963,-26.5000035296599,
370.5));
#4444=CARTESIAN_POINT('Ctrl Pts',(1.82603055613254,-26.5024222969727,370.5));
#4445=CARTESIAN_POINT('Ctrl Pts',(3.01994795081819,-27.8770409125667,370.5));
#4446=CARTESIAN_POINT('Ctrl Pts',(-3.01296825932408,-27.8690263649543,368.611220363662));
#4447=CARTESIAN_POINT('Ctrl Pts',(-1.81540280628676,-26.497584762347,368.611220363662));
#4448=CARTESIAN_POINT('Ctrl Pts',(0.00531387492288963,-26.5000035296599,
368.611220363662));
#4449=CARTESIAN_POINT('Ctrl Pts',(1.82603055613254,-26.5024222969727,368.611220363662));
#4450=CARTESIAN_POINT('Ctrl Pts',(3.01994795081819,-27.8770409125667,368.611220363662));
#4451=CARTESIAN_POINT('Ctrl Pts',(-1.73004729453382,-28.9892941353714,367.794763117192));
#4452=CARTESIAN_POINT('Ctrl Pts',(-1.0424048457152,-28.2018119483755,367.794763117192));
#4453=CARTESIAN_POINT('Ctrl Pts',(0.00305122860334796,-28.2032008053051,
367.794763117192));
#4454=CARTESIAN_POINT('Ctrl Pts',(1.0485073029219,-28.2045896622348,367.794763117192));
#4455=CARTESIAN_POINT('Ctrl Pts',(1.73405503552103,-28.9938960910577,367.794763117192));
#4456=CARTESIAN_POINT('Origin',(30.5,0.,378.5));
#4457=CARTESIAN_POINT('Ctrl Pts',(17.575887240058,-21.8368678153937,370.5));
#4458=CARTESIAN_POINT('Ctrl Pts',(17.4529382356105,-20.0203055054314,370.5));
#4459=CARTESIAN_POINT('Ctrl Pts',(18.7420896742823,-18.7345747202976,370.5));
#4460=CARTESIAN_POINT('Ctrl Pts',(20.0312411129541,-17.4488439351638,370.5));
#4461=CARTESIAN_POINT('Ctrl Pts',(21.8474703435447,-17.5766189938368,370.5));
#4462=CARTESIAN_POINT('Ctrl Pts',(17.575887240058,-21.8368678153937,368.611220363662));
#4463=CARTESIAN_POINT('Ctrl Pts',(17.4529382356105,-20.0203055054314,368.611220363662));
#4464=CARTESIAN_POINT('Ctrl Pts',(18.7420896742823,-18.7345747202976,368.611220363662));
#4465=CARTESIAN_POINT('Ctrl Pts',(20.0312411129541,-17.4488439351638,368.611220363662));
#4466=CARTESIAN_POINT('Ctrl Pts',(21.8474703435447,-17.5766189938368,368.611220363662));
#4467=CARTESIAN_POINT('Ctrl Pts',(19.2751982911941,-21.7218546386708,367.794763117192));
#4468=CARTESIAN_POINT('Ctrl Pts',(19.2046009352971,-20.678784005591,367.794763117192));
#4469=CARTESIAN_POINT('Ctrl Pts',(19.9448320850335,-19.9405169961607,367.794763117192));
#4470=CARTESIAN_POINT('Ctrl Pts',(20.6850632347698,-19.2022499867304,367.794763117192));
#4471=CARTESIAN_POINT('Ctrl Pts',(21.7279426135727,-19.2756184644374,367.794763117192));
#4472=CARTESIAN_POINT('Ctrl Pts',(21.8368678153937,17.575887240058,370.5));
#4473=CARTESIAN_POINT('Ctrl Pts',(20.0203055054314,17.4529382356105,370.5));
#4474=CARTESIAN_POINT('Ctrl Pts',(18.7345747202976,18.7420896742823,370.5));
#4475=CARTESIAN_POINT('Ctrl Pts',(17.4488439351638,20.0312411129541,370.5));
#4476=CARTESIAN_POINT('Ctrl Pts',(17.5766189938368,21.8474703435447,370.5));
#4477=CARTESIAN_POINT('Ctrl Pts',(21.8368678153937,17.575887240058,368.611220363662));
#4478=CARTESIAN_POINT('Ctrl Pts',(20.0203055054314,17.4529382356105,368.611220363662));
#4479=CARTESIAN_POINT('Ctrl Pts',(18.7345747202976,18.7420896742823,368.611220363662));
#4480=CARTESIAN_POINT('Ctrl Pts',(17.4488439351638,20.0312411129541,368.611220363662));
#4481=CARTESIAN_POINT('Ctrl Pts',(17.5766189938368,21.8474703435447,368.611220363662));
#4482=CARTESIAN_POINT('Ctrl Pts',(21.7218546386708,19.2751982911942,367.794763117192));
#4483=CARTESIAN_POINT('Ctrl Pts',(20.678784005591,19.2046009352972,367.794763117192));
#4484=CARTESIAN_POINT('Ctrl Pts',(19.9405169961607,19.9448320850335,367.794763117192));
#4485=CARTESIAN_POINT('Ctrl Pts',(19.2022499867305,20.6850632347699,367.794763117192));
#4486=CARTESIAN_POINT('Ctrl Pts',(19.2756184644374,21.7279426135727,367.794763117192));
#4487=CARTESIAN_POINT('Origin',(-30.5,3.73517273739943E-15,378.5));
#4488=CARTESIAN_POINT('Origin',(1.86758636869971E-15,30.5,378.5));
#4489=CARTESIAN_POINT('Ctrl Pts',(-2.19206561142027,-44.1967690125044,351.866438115756));
#4490=CARTESIAN_POINT('Ctrl Pts',(-1.48251693859951,-42.9677946607357,352.778714780604));
#4491=CARTESIAN_POINT('Ctrl Pts',(0.50008212329115,-40.2327499829592,354.815668449545));
#4492=CARTESIAN_POINT('Ctrl Pts',(3.28920295355764,-37.9381463634283,356.414955989079));
#4493=CARTESIAN_POINT('Ctrl Pts',(5.12844246426906,-36.8762609368149,357.009896169617));
#4494=CARTESIAN_POINT('Ctrl Pts',(-2.32100916386605,-44.420105796649,352.307711703189));
#4495=CARTESIAN_POINT('Ctrl Pts',(-1.61979222325342,-43.1680061380106,353.210021691092));
#4496=CARTESIAN_POINT('Ctrl Pts',(0.35571202998627,-40.3738018728716,355.225578125671));
#4497=CARTESIAN_POINT('Ctrl Pts',(3.17464416440544,-38.0166433585624,356.808853199496));
#4498=CARTESIAN_POINT('Ctrl Pts',(5.04291622108171,-36.9256395363419,357.397685454211));
#4499=CARTESIAN_POINT('Ctrl Pts',(-2.85757194395841,-44.6283376839753,353.075342828649));
#4500=CARTESIAN_POINT('Ctrl Pts',(-2.13564383928377,-43.3267414572436,353.961366415892));
#4501=CARTESIAN_POINT('Ctrl Pts',(-0.0946812232937313,-40.4190890951352,
355.940952197437));
#4502=CARTESIAN_POINT('Ctrl Pts',(2.83692593908081,-37.961724653443,357.496215198247));
#4503=CARTESIAN_POINT('Ctrl Pts',(4.7851083310772,-36.8239775170757,358.074793435863));
#4504=CARTESIAN_POINT('Ctrl Pts',(-3.67680515744708,-44.4236150736274,353.472871030556));
#4505=CARTESIAN_POINT('Ctrl Pts',(-2.90148921583642,-43.0850085421975,354.372729929286));
#4506=CARTESIAN_POINT('Ctrl Pts',(-0.724666989573173,-40.1031390193359,
356.382347217347));
#4507=CARTESIAN_POINT('Ctrl Pts',(2.36917651623977,-37.5931927047296,357.960135407598));
#4508=CARTESIAN_POINT('Ctrl Pts',(4.41685044623245,-36.4265963550571,358.546900237665));
#4509=CARTESIAN_POINT('Ctrl Pts',(-4.02206671890231,-44.2750082970417,353.548046210416));
#4510=CARTESIAN_POINT('Ctrl Pts',(-3.22528073412769,-42.924615653327,354.460322875264));
#4511=CARTESIAN_POINT('Ctrl Pts',(-0.993673960123249,-39.9200243411898,
356.497276544205));
#4512=CARTESIAN_POINT('Ctrl Pts',(2.1663943430174,-37.395228620237,358.09656408374));
#4513=CARTESIAN_POINT('Ctrl Pts',(4.25475783169384,-36.2194955071457,358.691504264278));
#4514=CARTESIAN_POINT('Origin',(4.12844246426908,-35.144210129246,357.009896169617));
#4515=CARTESIAN_POINT('Ctrl Pts',(5.12844246426909,-36.8762609368149,357.009896169617));
#4516=CARTESIAN_POINT('Ctrl Pts',(8.52286216012668,-34.916491811669,358.008073877361));
#4517=CARTESIAN_POINT('Ctrl Pts',(14.319638694656,-31.5697213190263,359.104234608776));
#4518=CARTESIAN_POINT('Ctrl Pts',(22.5153432729132,-26.8379290745709,358.710650712079));
#4519=CARTESIAN_POINT('Ctrl Pts',(27.1086110718259,-24.1860046744087,357.67534797478));
#4520=CARTESIAN_POINT('Ctrl Pts',(29.3715575357309,-22.8794919243114,357.009896169617));
#4521=CARTESIAN_POINT('Ctrl Pts',(5.05360700148015,-36.919467211401,357.349211793637));
#4522=CARTESIAN_POINT('Ctrl Pts',(8.46638504463765,-34.9490069656244,358.344148859084));
#4523=CARTESIAN_POINT('Ctrl Pts',(14.2998194857036,-31.5810308815026,359.436253878513));
#4524=CARTESIAN_POINT('Ctrl Pts',(22.5504285036104,-26.8175576356299,359.044159643269));
#4525=CARTESIAN_POINT('Ctrl Pts',(27.1711545641407,-24.1498338897011,358.012503170602));
#4526=CARTESIAN_POINT('Ctrl Pts',(29.4463929985198,-22.8362856497252,357.349211793637));
#4527=CARTESIAN_POINT('Ctrl Pts',(4.80984914263784,-36.8426133300994,358.027247987093));
#4528=CARTESIAN_POINT('Ctrl Pts',(8.26400604455363,-34.8590441386379,359.01582527498));
#4529=CARTESIAN_POINT('Ctrl Pts',(14.1767637838533,-31.459012916866,360.099914885226));
#4530=CARTESIAN_POINT('Ctrl Pts',(22.5348401466744,-26.6284222558743,359.710763546353));
#4531=CARTESIAN_POINT('Ctrl Pts',(27.2051146737359,-23.919826897602,358.686299512351));
#4532=CARTESIAN_POINT('Ctrl Pts',(29.5017145143543,-22.5867582109449,358.027247987093));
#4533=CARTESIAN_POINT('Ctrl Pts',(4.44386588198889,-36.4611131630423,358.522799566563));
#4534=CARTESIAN_POINT('Ctrl Pts',(7.93437718364735,-34.4826996769773,359.515127630079));
#4535=CARTESIAN_POINT('Ctrl Pts',(13.9159919115444,-31.0772546191631,360.603921105));
#4536=CARTESIAN_POINT('Ctrl Pts',(22.3522887633222,-26.1887983135276,360.213049711308));
#4537=CARTESIAN_POINT('Ctrl Pts',(27.0485759824919,-23.4348338039348,359.184351608907));
#4538=CARTESIAN_POINT('Ctrl Pts',(29.3543173084594,-22.0790573263345,358.522799566563));
#4539=CARTESIAN_POINT('Ctrl Pts',(4.25475783169383,-36.2194955071457,358.691504264278));
#4540=CARTESIAN_POINT('Ctrl Pts',(7.75856871597477,-34.246876036926,359.689681972022));
#4541=CARTESIAN_POINT('Ctrl Pts',(13.7668304278756,-30.844211809728,360.785842703436));
#4542=CARTESIAN_POINT('Ctrl Pts',(22.2304557262386,-25.9332190406338,360.39225880674));
#4543=CARTESIAN_POINT('Ctrl Pts',(26.9327949620306,-23.1598624565931,359.35695606944));
#4544=CARTESIAN_POINT('Ctrl Pts',(29.2396243055976,-21.7944761227705,358.691504264278));
#4545=CARTESIAN_POINT('',(29.371557535731,-22.8794919243113,357.009896169617));
#4546=CARTESIAN_POINT('Origin',(28.3715575357309,-21.1474411167425,357.009896169617));
#4547=CARTESIAN_POINT('Ctrl Pts',(5.12844246426909,-36.8762609368149,357.009896169617));
#4548=CARTESIAN_POINT('Ctrl Pts',(8.52286216012668,-34.916491811669,358.008073877361));
#4549=CARTESIAN_POINT('Ctrl Pts',(14.319638694656,-31.5697213190263,359.104234608776));
#4550=CARTESIAN_POINT('Ctrl Pts',(22.5153432729132,-26.8379290745709,358.710650712079));
#4551=CARTESIAN_POINT('Ctrl Pts',(27.1086110718259,-24.1860046744087,357.67534797478));
#4552=CARTESIAN_POINT('Ctrl Pts',(29.3715575357309,-22.8794919243114,357.009896169617));
#4553=CARTESIAN_POINT('Ctrl Pts',(29.3715575357309,-22.8794919243113,357.009896169617));
#4554=CARTESIAN_POINT('Ctrl Pts',(30.7509873764834,-22.0830777344247,356.563690967023));
#4555=CARTESIAN_POINT('Ctrl Pts',(34.0971181168282,-20.6664868582806,355.09763712571));
#4556=CARTESIAN_POINT('Ctrl Pts',(37.4794274566201,-20.2,353.082807185385));
#4557=CARTESIAN_POINT('Ctrl Pts',(39.3715575357319,-20.2,351.866438115756));
#4558=CARTESIAN_POINT('Ctrl Pts',(29.4570837789183,-22.8301133247843,357.397685454211));
#4559=CARTESIAN_POINT('Ctrl Pts',(30.8663137816298,-22.0257613402985,356.956061196674));
#4560=CARTESIAN_POINT('Ctrl Pts',(34.2820586607085,-20.6088540822278,355.504851105096));
#4561=CARTESIAN_POINT('Ctrl Pts',(37.7161662421733,-20.1749624693169,353.510791868223));
#4562=CARTESIAN_POINT('Ctrl Pts',(39.6294446406235,-20.2000000000001,352.307711703189));
#4563=CARTESIAN_POINT('Ctrl Pts',(29.4979455998767,-22.556013848334,358.074793203455));
#4564=CARTESIAN_POINT('Ctrl Pts',(30.9675026605487,-21.717287316168,357.640859459899));
#4565=CARTESIAN_POINT('Ctrl Pts',(34.5261151550163,-20.2441802340969,356.215168222951));
#4566=CARTESIAN_POINT('Ctrl Pts',(38.0938201834477,-19.8053180676571,354.256707129292));
#4567=CARTESIAN_POINT('Ctrl Pts',(40.0780597491167,-19.8394381194773,353.075342168408));
#4568=CARTESIAN_POINT('Ctrl Pts',(29.3379325937648,-22.0384028686825,358.546900237665));
#4569=CARTESIAN_POINT('Ctrl Pts',(30.8635371033263,-21.1458731338792,358.106826548847));
#4570=CARTESIAN_POINT('Ctrl Pts',(34.5497657271226,-19.5555024718606,356.660644727026));
#4571=CARTESIAN_POINT('Ctrl Pts',(38.2478144729111,-19.0304542470338,354.672683076201));
#4572=CARTESIAN_POINT('Ctrl Pts',(40.3103817604262,-19.027600865699,353.472871030556));
#4573=CARTESIAN_POINT('Ctrl Pts',(29.2396243055976,-21.7944761227705,358.691504264277));
#4574=CARTESIAN_POINT('Ctrl Pts',(30.7864219047785,-20.8789440271688,358.245299061683));
#4575=CARTESIAN_POINT('Ctrl Pts',(34.5193676433302,-19.2375830786558,356.779245220371));
#4576=CARTESIAN_POINT('Ctrl Pts',(38.2638252134263,-18.674079640331,354.764415280045));
#4577=CARTESIAN_POINT('Ctrl Pts',(40.3543152974561,-18.6542921942356,353.548046210416));
#4578=CARTESIAN_POINT('',(39.3715575357315,-20.2,351.866438115756));
#4579=CARTESIAN_POINT('Origin',(39.3715575357319,-18.2,351.866438115756));
#4580=CARTESIAN_POINT('Ctrl Pts',(29.3715575357309,-22.8794919243113,357.009896169617));
#4581=CARTESIAN_POINT('Ctrl Pts',(30.7509873764834,-22.0830777344247,356.563690967023));
#4582=CARTESIAN_POINT('Ctrl Pts',(34.0971181168282,-20.6664868582806,355.09763712571));
#4583=CARTESIAN_POINT('Ctrl Pts',(37.4794274566201,-20.2,353.082807185385));
#4584=CARTESIAN_POINT('Ctrl Pts',(39.3715575357319,-20.2,351.866438115756));
#4585=CARTESIAN_POINT('Ctrl Pts',(39.371557535732,-20.2,351.866438115756));
#4586=CARTESIAN_POINT('Ctrl Pts',(46.1944019332919,-20.2,347.879062394844));
#4587=CARTESIAN_POINT('Ctrl Pts',(52.9448660140258,-20.2000000000001,343.769151816362));
#4588=CARTESIAN_POINT('Ctrl Pts',(59.6737798367093,-20.2000000000001,339.625283579547));
#4589=CARTESIAN_POINT('Ctrl Pts',(39.6294446406235,-20.2,352.307711703189));
#4590=CARTESIAN_POINT('Ctrl Pts',(46.4646429389622,-20.2003356533915,348.327980237326));
#4591=CARTESIAN_POINT('Ctrl Pts',(53.2216595787328,-20.1998077122373,344.223024367936));
#4592=CARTESIAN_POINT('Ctrl Pts',(59.9558843118049,-20.2000000000001,340.083371673431));
#4593=CARTESIAN_POINT('Ctrl Pts',(40.0780594779802,-19.8394375391256,353.075341704463));
#4594=CARTESIAN_POINT('Ctrl Pts',(46.9342231397089,-19.8206236251161,349.10810160369));
#4595=CARTESIAN_POINT('Ctrl Pts',(53.7028333603298,-19.8084116121758,345.011987508737));
#4596=CARTESIAN_POINT('Ctrl Pts',(60.445961674824,-19.798507928872,340.879171190633));
#4597=CARTESIAN_POINT('Ctrl Pts',(40.3103817604263,-19.027600865699,353.472871030556));
#4598=CARTESIAN_POINT('Ctrl Pts',(47.1674493385276,-18.9748448613253,349.495019504304));
#4599=CARTESIAN_POINT('Ctrl Pts',(53.9342447816615,-18.9411860208715,345.39135430186));
#4600=CARTESIAN_POINT('Ctrl Pts',(60.6759519070835,-18.9142701361865,341.252634912086));
#4601=CARTESIAN_POINT('Ctrl Pts',(40.3543152974561,-18.6542921942356,353.548046210416));
#4602=CARTESIAN_POINT('Ctrl Pts',(47.2071444378835,-18.589427027807,349.560670489504));
#4603=CARTESIAN_POINT('Ctrl Pts',(53.9705131319723,-18.5484288980266,345.450759911022));
#4604=CARTESIAN_POINT('Ctrl Pts',(60.709364858878,-18.5158447052466,341.306891674207));
#4605=CARTESIAN_POINT('Ctrl Pts',(39.371557535732,-20.2,351.866438115756));
#4606=CARTESIAN_POINT('Ctrl Pts',(46.1944019332919,-20.2,347.879062394844));
#4607=CARTESIAN_POINT('Ctrl Pts',(52.9448660140258,-20.2000000000001,343.769151816362));
#4608=CARTESIAN_POINT('Ctrl Pts',(59.6737798367093,-20.2000000000001,339.625283579547));
#4609=CARTESIAN_POINT('Origin',(-107.506286843554,226.60635094611,262.));
#4610=CARTESIAN_POINT('',(-1.69206561141988,43.3307436087194,329.));
#4611=CARTESIAN_POINT('',(-45.0062868435543,118.353175473055,329.));
#4612=CARTESIAN_POINT('',(-1.69206561141988,43.3307436087194,262.));
#4613=CARTESIAN_POINT('Origin',(38.3715575357311,20.2,262.));
#4614=CARTESIAN_POINT('',(38.3715575357311,20.2,329.));
#4615=CARTESIAN_POINT('',(38.3715575357311,20.2,262.));
#4616=CARTESIAN_POINT('',(19.1857787678656,20.2,329.));
#4617=CARTESIAN_POINT('Origin',(38.3715575357311,40.2,262.));
#4618=CARTESIAN_POINT('',(28.3715575357311,22.8794919243112,329.));
#4619=CARTESIAN_POINT('',(28.3715575357311,22.8794919243112,262.));
#4620=CARTESIAN_POINT('Origin',(38.3715575357311,40.2,329.));
#4621=CARTESIAN_POINT('Origin',(5.6284424642689,36.0102355330306,262.));
#4622=CARTESIAN_POINT('',(5.62844246426888,36.0102355330306,329.));
#4623=CARTESIAN_POINT('',(5.62844246426888,36.0102355330306,262.));
#4624=CARTESIAN_POINT('',(11.3142212321345,32.7275496308508,329.));
#4625=CARTESIAN_POINT('Origin',(15.6284424642689,53.3307436087194,262.));
#4626=CARTESIAN_POINT('Origin',(15.6284424642689,53.3307436087194,329.));
#4627=CARTESIAN_POINT('Origin',(250.,-20.2000000000002,262.));
#4628=CARTESIAN_POINT('',(39.3715575357311,-20.2,262.));
#4629=CARTESIAN_POINT('Origin',(29.3715575357311,-22.8794919243113,262.));
#4630=CARTESIAN_POINT('',(29.3715575357311,-22.8794919243113,262.));
#4631=CARTESIAN_POINT('Origin',(39.3715575357311,-40.2,262.));
#4632=CARTESIAN_POINT('Origin',(0.,0.,419.));
#4633=CARTESIAN_POINT('',(-25.,-3.06161699786838E-15,419.));
#4634=CARTESIAN_POINT('Origin',(0.,0.,419.));
#4635=CARTESIAN_POINT('Origin',(0.,0.,409.));
#4636=CARTESIAN_POINT('',(-25.,-3.06161699786838E-15,409.));
#4637=CARTESIAN_POINT('Origin',(0.,0.,329.));
#4638=UNCERTAINTY_MEASURE_WITH_UNIT(LENGTH_MEASURE(0.01),#4642,
'DISTANCE_ACCURACY_VALUE',
'Maximum model space distance between geometric entities at asserted c
onnectivities');
#4639=UNCERTAINTY_MEASURE_WITH_UNIT(LENGTH_MEASURE(0.01),#4642,
'DISTANCE_ACCURACY_VALUE',
'Maximum model space distance between geometric entities at asserted c
onnectivities');
#4640=(
GEOMETRIC_REPRESENTATION_CONTEXT(3)
GLOBAL_UNCERTAINTY_ASSIGNED_CONTEXT((#4638))
GLOBAL_UNIT_ASSIGNED_CONTEXT((#4642,#4643,#4644))
REPRESENTATION_CONTEXT('','3D')
);
#4641=(
GEOMETRIC_REPRESENTATION_CONTEXT(3)
GLOBAL_UNCERTAINTY_ASSIGNED_CONTEXT((#4639))
GLOBAL_UNIT_ASSIGNED_CONTEXT((#4642,#4643,#4644))
REPRESENTATION_CONTEXT('','3D')
);
#4642=(
LENGTH_UNIT()
NAMED_UNIT(*)
SI_UNIT(.MILLI.,.METRE.)
);
#4643=(
NAMED_UNIT(*)
PLANE_ANGLE_UNIT()
SI_UNIT($,.RADIAN.)
);
#4644=(
NAMED_UNIT(*)
SI_UNIT($,.STERADIAN.)
SOLID_ANGLE_UNIT()
);
#4645=SHAPE_DEFINITION_REPRESENTATION(#4646,#4647);
#4646=PRODUCT_DEFINITION_SHAPE('',$,#4649);
#4647=SHAPE_REPRESENTATION('',(#1354),#4640);
#4648=PRODUCT_DEFINITION_CONTEXT('part definition',#4653,'design');
#4649=PRODUCT_DEFINITION('HTD3M-270t-20t-1068mm-Chassis-V3',
'HTD3M-270t-20t-1068mm-Chassis-V3 v62',#4650,#4648);
#4650=PRODUCT_DEFINITION_FORMATION('',$,#4655);
#4651=PRODUCT_RELATED_PRODUCT_CATEGORY(
'HTD3M-270t-20t-1068mm-Chassis-V3 v62',
'HTD3M-270t-20t-1068mm-Chassis-V3 v62',(#4655));
#4652=APPLICATION_PROTOCOL_DEFINITION('international standard',
'automotive_design',2009,#4653);
#4653=APPLICATION_CONTEXT(
'Core Data for Automotive Mechanical Design Process');
#4654=PRODUCT_CONTEXT('part definition',#4653,'mechanical');
#4655=PRODUCT('HTD3M-270t-20t-1068mm-Chassis-V3',
'HTD3M-270t-20t-1068mm-Chassis-V3 v62',$,(#4654));
#4656=PRESENTATION_STYLE_ASSIGNMENT((#4664));
#4657=PRESENTATION_STYLE_ASSIGNMENT((#4665));
#4658=PRESENTATION_STYLE_ASSIGNMENT((#4666));
#4659=PRESENTATION_STYLE_ASSIGNMENT((#4667));
#4660=PRESENTATION_STYLE_ASSIGNMENT((#4668));
#4661=PRESENTATION_STYLE_ASSIGNMENT((#4669));
#4662=PRESENTATION_STYLE_ASSIGNMENT((#4670));
#4663=PRESENTATION_STYLE_ASSIGNMENT((#4671));
#4664=SURFACE_STYLE_USAGE(.BOTH.,#4672);
#4665=SURFACE_STYLE_USAGE(.BOTH.,#4673);
#4666=SURFACE_STYLE_USAGE(.BOTH.,#4674);
#4667=SURFACE_STYLE_USAGE(.BOTH.,#4675);
#4668=SURFACE_STYLE_USAGE(.BOTH.,#4676);
#4669=SURFACE_STYLE_USAGE(.BOTH.,#4677);
#4670=SURFACE_STYLE_USAGE(.BOTH.,#4678);
#4671=SURFACE_STYLE_USAGE(.BOTH.,#4679);
#4672=SURFACE_SIDE_STYLE('',(#4680));
#4673=SURFACE_SIDE_STYLE('',(#4681));
#4674=SURFACE_SIDE_STYLE('',(#4682));
#4675=SURFACE_SIDE_STYLE('',(#4683));
#4676=SURFACE_SIDE_STYLE('',(#4684));
#4677=SURFACE_SIDE_STYLE('',(#4685));
#4678=SURFACE_SIDE_STYLE('',(#4686));
#4679=SURFACE_SIDE_STYLE('',(#4687));
#4680=SURFACE_STYLE_FILL_AREA(#4688);
#4681=SURFACE_STYLE_FILL_AREA(#4689);
#4682=SURFACE_STYLE_FILL_AREA(#4690);
#4683=SURFACE_STYLE_FILL_AREA(#4691);
#4684=SURFACE_STYLE_FILL_AREA(#4692);
#4685=SURFACE_STYLE_FILL_AREA(#4693);
#4686=SURFACE_STYLE_FILL_AREA(#4694);
#4687=SURFACE_STYLE_FILL_AREA(#4695);
#4688=FILL_AREA_STYLE('Opaque(175,143,175)',(#4696));
#4689=FILL_AREA_STYLE('Opaque(159,175,143)',(#4697));
#4690=FILL_AREA_STYLE('Opaque(143,143,175)',(#4698));
#4691=FILL_AREA_STYLE('Opaque(175,159,143)',(#4699));
#4692=FILL_AREA_STYLE('Opaque(143,175,175)',(#4700));
#4693=FILL_AREA_STYLE('Steel - Satin',(#4701));
#4694=FILL_AREA_STYLE('Plastic - Translucent Matte (Red)',(#4702));
#4695=FILL_AREA_STYLE('Steel - Satin',(#4703));
#4696=FILL_AREA_STYLE_COLOUR('Opaque(175,143,175)',#4704);
#4697=FILL_AREA_STYLE_COLOUR('Opaque(159,175,143)',#4705);
#4698=FILL_AREA_STYLE_COLOUR('Opaque(143,143,175)',#4706);
#4699=FILL_AREA_STYLE_COLOUR('Opaque(175,159,143)',#4707);
#4700=FILL_AREA_STYLE_COLOUR('Opaque(143,175,175)',#4708);
#4701=FILL_AREA_STYLE_COLOUR('Steel - Satin',#4709);
#4702=FILL_AREA_STYLE_COLOUR('Plastic - Translucent Matte (Red)',#4710);
#4703=FILL_AREA_STYLE_COLOUR('Steel - Satin',#4711);
#4704=COLOUR_RGB('Opaque(175,143,175)',0.686274509803922,0.56078431372549,
0.686274509803922);
#4705=COLOUR_RGB('Opaque(159,175,143)',0.623529411764706,0.686274509803922,
0.56078431372549);
#4706=COLOUR_RGB('Opaque(143,143,175)',0.56078431372549,0.56078431372549,
0.686274509803922);
#4707=COLOUR_RGB('Opaque(175,159,143)',0.686274509803922,0.623529411764706,
0.56078431372549);
#4708=COLOUR_RGB('Opaque(143,175,175)',0.56078431372549,0.686274509803922,
0.686274509803922);
#4709=COLOUR_RGB('Steel - Satin',0.627450980392157,0.627450980392157,0.627450980392157);
#4710=COLOUR_RGB('Plastic - Translucent Matte (Red)',0.768627450980392,
0.207843137254902,0.152941176470588);
#4711=COLOUR_RGB('Steel - Satin',0.552941176470588,0.227450980392157,0.227450980392157);
ENDSEC;
END-ISO-10303-21;
