ISO-10303-21;
HEADER;
/* Generated by software containing ST-Developer
 * from STEP Tools, Inc. (www.steptools.com) 
 */

FILE_DESCRIPTION(
/* description */ (''),
/* implementation_level */ '2;1');

FILE_NAME(
/* name */ 'NEMA17-ENDCAP-CABLING.step',
/* time_stamp */ '2026-04-07T14:11:58+02:00',
/* author */ (''),
/* organization */ (''),
/* preprocessor_version */ 'ST-DEVELOPER v20.1',
/* originating_system */ 'Autodesk Translation Framework v14.24.0.0',
/* authorisation */ '');

FILE_SCHEMA (('AUTOMOTIVE_DESIGN { 1 0 10303 214 3 1 1 }'));
ENDSEC;

DATA;
#10=MECHANICAL_DESIGN_GEOMETRIC_PRESENTATION_REPRESENTATION('',(#13),#3347);
#11=SHAPE_REPRESENTATION_RELATIONSHIP('SRR','None',#3354,#12);
#12=ADVANCED_BREP_SHAPE_REPRESENTATION('',(#14),#3346);
#13=STYLED_ITEM('',(#3363),#14);
#14=MANIFOLD_SOLID_BREP('V2-NEMA17-Cabling-Cap',#1904);
#15=(
BOUNDED_SURFACE()
B_SPLINE_SURFACE(2,2,((#2966,#2967,#2968),(#2969,#2970,#2971),(#2972,#2973,
#2974)),.UNSPECIFIED.,.F.,.F.,.F.)
B_SPLINE_SURFACE_WITH_KNOTS((3,3),(3,3),(-1.5707963267949,0.),(-1.5707963267949,
1.64381835844553E-17),.UNSPECIFIED.)
GEOMETRIC_REPRESENTATION_ITEM()
RATIONAL_B_SPLINE_SURFACE(((1.,0.707106781186548,1.),(0.707106781186547,
0.5,0.707106781186547),(1.,0.707106781186548,1.)))
REPRESENTATION_ITEM('')
SURFACE()
);
#16=(
BOUNDED_SURFACE()
B_SPLINE_SURFACE(2,2,((#2994,#2995,#2996),(#2997,#2998,#2999),(#3000,#3001,
#3002)),.UNSPECIFIED.,.F.,.F.,.F.)
B_SPLINE_SURFACE_WITH_KNOTS((3,3),(3,3),(-1.5707963267949,0.),(-3.14159265358979,
-1.5707963267949),.UNSPECIFIED.)
GEOMETRIC_REPRESENTATION_ITEM()
RATIONAL_B_SPLINE_SURFACE(((1.,0.707106781186548,1.),(0.707106781186543,
0.499999999999997,0.707106781186543),(1.,0.707106781186548,1.)))
REPRESENTATION_ITEM('')
SURFACE()
);
#17=(
BOUNDED_SURFACE()
B_SPLINE_SURFACE(2,2,((#3023,#3024,#3025),(#3026,#3027,#3028),(#3029,#3030,
#3031)),.UNSPECIFIED.,.F.,.F.,.F.)
B_SPLINE_SURFACE_WITH_KNOTS((3,3),(3,3),(-1.5707963267949,0.),(-1.5707963267949,
4.47034831374538E-8),.UNSPECIFIED.)
GEOMETRIC_REPRESENTATION_ITEM()
RATIONAL_B_SPLINE_SURFACE(((1.,0.707106765381479,1.),(0.707106781186547,
0.499999988824129,0.707106781186547),(1.,0.707106765381479,1.)))
REPRESENTATION_ITEM('')
SURFACE()
);
#18=(
BOUNDED_SURFACE()
B_SPLINE_SURFACE(2,2,((#3037,#3038,#3039),(#3040,#3041,#3042),(#3043,#3044,
#3045)),.UNSPECIFIED.,.F.,.F.,.F.)
B_SPLINE_SURFACE_WITH_KNOTS((3,3),(3,3),(-1.5707963267949,0.),(1.5707963267949,
3.14159265358979),.UNSPECIFIED.)
GEOMETRIC_REPRESENTATION_ITEM()
RATIONAL_B_SPLINE_SURFACE(((1.,0.707106781186548,1.),(0.707106781186544,
0.499999999999998,0.707106781186544),(1.,0.707106781186548,1.)))
REPRESENTATION_ITEM('')
SURFACE()
);
#19=(
BOUNDED_SURFACE()
B_SPLINE_SURFACE(2,2,((#3065,#3066,#3067),(#3068,#3069,#3070),(#3071,#3072,
#3073)),.UNSPECIFIED.,.F.,.F.,.F.)
B_SPLINE_SURFACE_WITH_KNOTS((3,3),(3,3),(-1.5707963267949,0.),(0.,1.5707963267949),
 .UNSPECIFIED.)
GEOMETRIC_REPRESENTATION_ITEM()
RATIONAL_B_SPLINE_SURFACE(((1.,0.707106781186548,1.),(0.707106781186549,
0.500000000000001,0.707106781186549),(1.,0.707106781186548,1.)))
REPRESENTATION_ITEM('')
SURFACE()
);
#20=(
BOUNDED_SURFACE()
B_SPLINE_SURFACE(2,2,((#3097,#3098,#3099),(#3100,#3101,#3102),(#3103,#3104,
#3105)),.UNSPECIFIED.,.F.,.F.,.F.)
B_SPLINE_SURFACE_WITH_KNOTS((3,3),(3,3),(-1.5707963267949,0.),(0.,1.5707963267949),
 .UNSPECIFIED.)
GEOMETRIC_REPRESENTATION_ITEM()
RATIONAL_B_SPLINE_SURFACE(((1.,0.707106781186548,1.),(0.70710678118655,
0.500000000000002,0.70710678118655),(1.,0.707106781186548,1.)))
REPRESENTATION_ITEM('')
SURFACE()
);
#21=B_SPLINE_CURVE_WITH_KNOTS('',3,(#2895,#2896,#2897,#2898,#2899,#2900,
#2901,#2902,#2903,#2904,#2905,#2906,#2907,#2908,#2909,#2910,#2911,#2912,
#2913,#2914,#2915,#2916,#2917),.UNSPECIFIED.,.F.,.F.,(4,2,2,2,2,3,2,2,2,
2,4),(-0.422140826394113,-0.405113328000651,-0.339226190037183,-0.273339052073716,
-0.136669526036858,0.,0.136669526036858,0.273339052073715,0.339226190037183,
0.405113328000651,0.422140826394113),.UNSPECIFIED.);
#22=B_SPLINE_CURVE_WITH_KNOTS('',3,(#2921,#2922,#2923,#2924,#2925,#2926,
#2927,#2928,#2929,#2930,#2931,#2932,#2933,#2934,#2935,#2936,#2937,#2938,
#2939,#2940,#2941,#2942,#2943),.UNSPECIFIED.,.F.,.F.,(4,2,2,2,2,3,2,2,2,
2,4),(-0.422140808759752,-0.405113324587596,-0.339226188028671,-0.273339051469746,
-0.136669525734873,0.,0.136669525734873,0.273339051469746,0.339226188028671,
0.405113324587596,0.422140808759863),.UNSPECIFIED.);
#23=B_SPLINE_CURVE_WITH_KNOTS('',3,(#3273,#3274,#3275,#3276,#3277,#3278,
#3279,#3280,#3281,#3282,#3283,#3284,#3285,#3286,#3287),.UNSPECIFIED.,.F.,
 .F.,(4,2,2,3,2,2,4),(0.859325197240229,0.876101753676803,0.936734657260909,
0.997367560845014,1.05800046442912,1.11863336801322,1.1354099244498),
 .UNSPECIFIED.);
#24=B_SPLINE_CURVE_WITH_KNOTS('',3,(#3298,#3299,#3300,#3301,#3302,#3303,
#3304,#3305,#3306,#3307,#3308,#3309,#3310,#3311),.UNSPECIFIED.,.F.,.F.,
(4,2,2,2,2,2,4),(0.360641416817722,0.377417973254296,0.438050876838402,
0.498683780422507,0.559316684006612,0.619949587590717,0.636726144027291),
 .UNSPECIFIED.);
#25=ELLIPSE('',#1960,2.82842712474619,2.);
#26=ELLIPSE('',#1961,2.82842712474619,2.);
#27=ELLIPSE('',#1963,2.82842712474619,2.);
#28=ELLIPSE('',#1964,2.82842712474619,2.);
#29=ELLIPSE('',#1972,19.1213231759729,3.75);
#30=ELLIPSE('',#1977,19.1213231759729,3.75);
#31=ELLIPSE('',#1984,2.82842712474619,2.);
#32=ELLIPSE('',#1986,2.82842712474619,2.);
#33=ELLIPSE('',#1988,2.82842712474619,2.);
#34=ELLIPSE('',#1993,2.82842712474619,2.);
#35=ELLIPSE('',#1995,2.82842712474619,2.);
#36=ELLIPSE('',#2000,2.82842712474619,2.);
#37=ELLIPSE('',#2011,2.82842712474619,2.);
#38=ELLIPSE('',#2013,2.82842712474619,2.);
#39=ELLIPSE('',#2018,2.82842712474619,2.);
#40=ELLIPSE('',#2019,2.82842693508539,2.);
#41=ELLIPSE('',#2028,3.53553390593274,2.5);
#42=ELLIPSE('',#2029,3.53553390593274,2.5);
#43=ELLIPSE('',#2031,3.53553390593274,2.5);
#44=ELLIPSE('',#2032,3.53553390593274,2.5);
#45=ELLIPSE('',#2035,3.53553390593274,2.5);
#46=ELLIPSE('',#2036,3.53553390593274,2.5);
#47=ELLIPSE('',#2039,3.53553390593274,2.5);
#48=ELLIPSE('',#2040,3.53553390593274,2.5);
#49=ELLIPSE('',#2050,3.53553390593274,2.5);
#50=ELLIPSE('',#2051,3.53553390593274,2.5);
#51=ELLIPSE('',#2053,3.53553390593274,2.5);
#52=ELLIPSE('',#2055,3.53553390593274,2.5);
#53=ELLIPSE('',#2062,3.53553390593274,2.5);
#54=ELLIPSE('',#2063,3.53553390593274,2.5);
#55=ELLIPSE('',#2065,3.53553390593274,2.5);
#56=ELLIPSE('',#2067,3.53553390593274,2.5);
#57=FACE_BOUND('',#229,.T.);
#58=FACE_BOUND('',#235,.T.);
#59=FACE_BOUND('',#241,.T.);
#60=FACE_BOUND('',#244,.T.);
#61=FACE_BOUND('',#326,.T.);
#62=FACE_BOUND('',#329,.T.);
#63=PLANE('',#1924);
#64=PLANE('',#1926);
#65=PLANE('',#1934);
#66=PLANE('',#1940);
#67=PLANE('',#1945);
#68=PLANE('',#1948);
#69=PLANE('',#1951);
#70=PLANE('',#1954);
#71=PLANE('',#1955);
#72=PLANE('',#1967);
#73=PLANE('',#1968);
#74=PLANE('',#1969);
#75=PLANE('',#1970);
#76=PLANE('',#1971);
#77=PLANE('',#1973);
#78=PLANE('',#1975);
#79=PLANE('',#1976);
#80=PLANE('',#1978);
#81=PLANE('',#2026);
#82=PLANE('',#2027);
#83=PLANE('',#2030);
#84=PLANE('',#2033);
#85=PLANE('',#2034);
#86=PLANE('',#2037);
#87=PLANE('',#2038);
#88=PLANE('',#2041);
#89=PLANE('',#2042);
#90=PLANE('',#2043);
#91=PLANE('',#2044);
#92=PLANE('',#2045);
#93=PLANE('',#2047);
#94=PLANE('',#2048);
#95=PLANE('',#2057);
#96=PLANE('',#2058);
#97=PLANE('',#2059);
#98=PLANE('',#2060);
#99=PLANE('',#2069);
#100=PLANE('',#2070);
#101=PLANE('',#2071);
#102=PLANE('',#2072);
#103=PLANE('',#2073);
#104=PLANE('',#2074);
#105=PLANE('',#2075);
#106=PLANE('',#2076);
#107=PLANE('',#2077);
#108=PLANE('',#2078);
#109=PLANE('',#2082);
#110=PLANE('',#2083);
#111=PLANE('',#2085);
#112=PLANE('',#2090);
#113=PLANE('',#2093);
#114=PLANE('',#2094);
#115=PLANE('',#2100);
#116=PLANE('',#2101);
#117=PLANE('',#2102);
#118=PLANE('',#2103);
#119=PLANE('',#2104);
#120=PLANE('',#2105);
#121=PLANE('',#2106);
#122=SPHERICAL_SURFACE('',#1921,2.);
#123=SPHERICAL_SURFACE('',#1937,2.);
#124=FACE_OUTER_BOUND('',#226,.T.);
#125=FACE_OUTER_BOUND('',#227,.T.);
#126=FACE_OUTER_BOUND('',#228,.T.);
#127=FACE_OUTER_BOUND('',#230,.T.);
#128=FACE_OUTER_BOUND('',#231,.T.);
#129=FACE_OUTER_BOUND('',#232,.T.);
#130=FACE_OUTER_BOUND('',#233,.T.);
#131=FACE_OUTER_BOUND('',#234,.T.);
#132=FACE_OUTER_BOUND('',#236,.T.);
#133=FACE_OUTER_BOUND('',#237,.T.);
#134=FACE_OUTER_BOUND('',#238,.T.);
#135=FACE_OUTER_BOUND('',#239,.T.);
#136=FACE_OUTER_BOUND('',#240,.T.);
#137=FACE_OUTER_BOUND('',#242,.T.);
#138=FACE_OUTER_BOUND('',#243,.T.);
#139=FACE_OUTER_BOUND('',#245,.T.);
#140=FACE_OUTER_BOUND('',#246,.T.);
#141=FACE_OUTER_BOUND('',#247,.T.);
#142=FACE_OUTER_BOUND('',#248,.T.);
#143=FACE_OUTER_BOUND('',#249,.T.);
#144=FACE_OUTER_BOUND('',#250,.T.);
#145=FACE_OUTER_BOUND('',#251,.T.);
#146=FACE_OUTER_BOUND('',#252,.T.);
#147=FACE_OUTER_BOUND('',#253,.T.);
#148=FACE_OUTER_BOUND('',#254,.T.);
#149=FACE_OUTER_BOUND('',#255,.T.);
#150=FACE_OUTER_BOUND('',#256,.T.);
#151=FACE_OUTER_BOUND('',#257,.T.);
#152=FACE_OUTER_BOUND('',#258,.T.);
#153=FACE_OUTER_BOUND('',#259,.T.);
#154=FACE_OUTER_BOUND('',#260,.T.);
#155=FACE_OUTER_BOUND('',#261,.T.);
#156=FACE_OUTER_BOUND('',#262,.T.);
#157=FACE_OUTER_BOUND('',#263,.T.);
#158=FACE_OUTER_BOUND('',#264,.T.);
#159=FACE_OUTER_BOUND('',#265,.T.);
#160=FACE_OUTER_BOUND('',#266,.T.);
#161=FACE_OUTER_BOUND('',#267,.T.);
#162=FACE_OUTER_BOUND('',#268,.T.);
#163=FACE_OUTER_BOUND('',#269,.T.);
#164=FACE_OUTER_BOUND('',#270,.T.);
#165=FACE_OUTER_BOUND('',#271,.T.);
#166=FACE_OUTER_BOUND('',#272,.T.);
#167=FACE_OUTER_BOUND('',#273,.T.);
#168=FACE_OUTER_BOUND('',#274,.T.);
#169=FACE_OUTER_BOUND('',#275,.T.);
#170=FACE_OUTER_BOUND('',#276,.T.);
#171=FACE_OUTER_BOUND('',#277,.T.);
#172=FACE_OUTER_BOUND('',#278,.T.);
#173=FACE_OUTER_BOUND('',#279,.T.);
#174=FACE_OUTER_BOUND('',#280,.T.);
#175=FACE_OUTER_BOUND('',#281,.T.);
#176=FACE_OUTER_BOUND('',#282,.T.);
#177=FACE_OUTER_BOUND('',#283,.T.);
#178=FACE_OUTER_BOUND('',#284,.T.);
#179=FACE_OUTER_BOUND('',#285,.T.);
#180=FACE_OUTER_BOUND('',#286,.T.);
#181=FACE_OUTER_BOUND('',#287,.T.);
#182=FACE_OUTER_BOUND('',#288,.T.);
#183=FACE_OUTER_BOUND('',#289,.T.);
#184=FACE_OUTER_BOUND('',#290,.T.);
#185=FACE_OUTER_BOUND('',#291,.T.);
#186=FACE_OUTER_BOUND('',#292,.T.);
#187=FACE_OUTER_BOUND('',#293,.T.);
#188=FACE_OUTER_BOUND('',#294,.T.);
#189=FACE_OUTER_BOUND('',#295,.T.);
#190=FACE_OUTER_BOUND('',#296,.T.);
#191=FACE_OUTER_BOUND('',#297,.T.);
#192=FACE_OUTER_BOUND('',#298,.T.);
#193=FACE_OUTER_BOUND('',#299,.T.);
#194=FACE_OUTER_BOUND('',#300,.T.);
#195=FACE_OUTER_BOUND('',#301,.T.);
#196=FACE_OUTER_BOUND('',#302,.T.);
#197=FACE_OUTER_BOUND('',#303,.T.);
#198=FACE_OUTER_BOUND('',#304,.T.);
#199=FACE_OUTER_BOUND('',#305,.T.);
#200=FACE_OUTER_BOUND('',#306,.T.);
#201=FACE_OUTER_BOUND('',#307,.T.);
#202=FACE_OUTER_BOUND('',#308,.T.);
#203=FACE_OUTER_BOUND('',#309,.T.);
#204=FACE_OUTER_BOUND('',#310,.T.);
#205=FACE_OUTER_BOUND('',#311,.T.);
#206=FACE_OUTER_BOUND('',#312,.T.);
#207=FACE_OUTER_BOUND('',#313,.T.);
#208=FACE_OUTER_BOUND('',#314,.T.);
#209=FACE_OUTER_BOUND('',#315,.T.);
#210=FACE_OUTER_BOUND('',#316,.T.);
#211=FACE_OUTER_BOUND('',#317,.T.);
#212=FACE_OUTER_BOUND('',#318,.T.);
#213=FACE_OUTER_BOUND('',#319,.T.);
#214=FACE_OUTER_BOUND('',#320,.T.);
#215=FACE_OUTER_BOUND('',#321,.T.);
#216=FACE_OUTER_BOUND('',#322,.T.);
#217=FACE_OUTER_BOUND('',#323,.T.);
#218=FACE_OUTER_BOUND('',#324,.T.);
#219=FACE_OUTER_BOUND('',#325,.T.);
#220=FACE_OUTER_BOUND('',#327,.T.);
#221=FACE_OUTER_BOUND('',#328,.T.);
#222=FACE_OUTER_BOUND('',#330,.T.);
#223=FACE_OUTER_BOUND('',#331,.T.);
#224=FACE_OUTER_BOUND('',#332,.T.);
#225=FACE_OUTER_BOUND('',#333,.T.);
#226=EDGE_LOOP('',(#1211,#1212,#1213,#1214));
#227=EDGE_LOOP('',(#1215,#1216,#1217));
#228=EDGE_LOOP('',(#1218,#1219,#1220,#1221));
#229=EDGE_LOOP('',(#1222));
#230=EDGE_LOOP('',(#1223,#1224,#1225,#1226,#1227,#1228,#1229,#1230,#1231,
#1232,#1233,#1234,#1235,#1236,#1237,#1238,#1239,#1240,#1241,#1242));
#231=EDGE_LOOP('',(#1243,#1244,#1245,#1246));
#232=EDGE_LOOP('',(#1247,#1248,#1249,#1250));
#233=EDGE_LOOP('',(#1251,#1252,#1253));
#234=EDGE_LOOP('',(#1254,#1255,#1256,#1257));
#235=EDGE_LOOP('',(#1258));
#236=EDGE_LOOP('',(#1259,#1260,#1261,#1262));
#237=EDGE_LOOP('',(#1263,#1264,#1265,#1266,#1267,#1268,#1269,#1270,#1271,
#1272));
#238=EDGE_LOOP('',(#1273,#1274,#1275,#1276));
#239=EDGE_LOOP('',(#1277,#1278,#1279,#1280));
#240=EDGE_LOOP('',(#1281,#1282,#1283,#1284,#1285,#1286,#1287,#1288));
#241=EDGE_LOOP('',(#1289));
#242=EDGE_LOOP('',(#1290,#1291,#1292,#1293,#1294,#1295,#1296,#1297));
#243=EDGE_LOOP('',(#1298,#1299,#1300,#1301,#1302,#1303,#1304,#1305));
#244=EDGE_LOOP('',(#1306));
#245=EDGE_LOOP('',(#1307,#1308,#1309,#1310));
#246=EDGE_LOOP('',(#1311,#1312,#1313,#1314,#1315));
#247=EDGE_LOOP('',(#1316,#1317,#1318,#1319,#1320));
#248=EDGE_LOOP('',(#1321,#1322,#1323,#1324));
#249=EDGE_LOOP('',(#1325,#1326,#1327,#1328));
#250=EDGE_LOOP('',(#1329,#1330,#1331,#1332,#1333,#1334));
#251=EDGE_LOOP('',(#1335,#1336,#1337,#1338));
#252=EDGE_LOOP('',(#1339,#1340,#1341,#1342,#1343,#1344));
#253=EDGE_LOOP('',(#1345,#1346,#1347,#1348));
#254=EDGE_LOOP('',(#1349,#1350,#1351,#1352));
#255=EDGE_LOOP('',(#1353,#1354,#1355,#1356,#1357));
#256=EDGE_LOOP('',(#1358,#1359,#1360,#1361,#1362,#1363,#1364,#1365,#1366,
#1367,#1368));
#257=EDGE_LOOP('',(#1369,#1370,#1371,#1372));
#258=EDGE_LOOP('',(#1373,#1374,#1375,#1376,#1377));
#259=EDGE_LOOP('',(#1378,#1379,#1380,#1381,#1382,#1383,#1384,#1385,#1386,
#1387));
#260=EDGE_LOOP('',(#1388,#1389,#1390,#1391,#1392,#1393,#1394,#1395));
#261=EDGE_LOOP('',(#1396,#1397,#1398,#1399,#1400,#1401));
#262=EDGE_LOOP('',(#1402,#1403,#1404,#1405));
#263=EDGE_LOOP('',(#1406,#1407,#1408,#1409,#1410,#1411,#1412,#1413));
#264=EDGE_LOOP('',(#1414,#1415,#1416,#1417));
#265=EDGE_LOOP('',(#1418,#1419,#1420,#1421,#1422,#1423,#1424,#1425));
#266=EDGE_LOOP('',(#1426,#1427,#1428,#1429,#1430));
#267=EDGE_LOOP('',(#1431,#1432,#1433,#1434));
#268=EDGE_LOOP('',(#1435,#1436,#1437,#1438));
#269=EDGE_LOOP('',(#1439,#1440,#1441,#1442,#1443,#1444,#1445,#1446));
#270=EDGE_LOOP('',(#1447,#1448,#1449,#1450));
#271=EDGE_LOOP('',(#1451,#1452,#1453,#1454,#1455,#1456));
#272=EDGE_LOOP('',(#1457,#1458,#1459,#1460,#1461));
#273=EDGE_LOOP('',(#1462,#1463,#1464,#1465));
#274=EDGE_LOOP('',(#1466,#1467,#1468,#1469));
#275=EDGE_LOOP('',(#1470,#1471,#1472,#1473,#1474,#1475,#1476,#1477,#1478));
#276=EDGE_LOOP('',(#1479,#1480,#1481,#1482,#1483,#1484,#1485,#1486,#1487));
#277=EDGE_LOOP('',(#1488,#1489,#1490,#1491));
#278=EDGE_LOOP('',(#1492,#1493,#1494,#1495,#1496,#1497,#1498,#1499,#1500));
#279=EDGE_LOOP('',(#1501,#1502,#1503,#1504));
#280=EDGE_LOOP('',(#1505,#1506,#1507,#1508,#1509,#1510,#1511,#1512,#1513));
#281=EDGE_LOOP('',(#1514,#1515,#1516,#1517,#1518,#1519));
#282=EDGE_LOOP('',(#1520,#1521,#1522,#1523));
#283=EDGE_LOOP('',(#1524,#1525,#1526,#1527));
#284=EDGE_LOOP('',(#1528,#1529,#1530,#1531));
#285=EDGE_LOOP('',(#1532,#1533,#1534,#1535,#1536,#1537,#1538,#1539));
#286=EDGE_LOOP('',(#1540,#1541,#1542,#1543));
#287=EDGE_LOOP('',(#1544,#1545,#1546,#1547));
#288=EDGE_LOOP('',(#1548,#1549,#1550,#1551,#1552));
#289=EDGE_LOOP('',(#1553,#1554,#1555,#1556,#1557,#1558));
#290=EDGE_LOOP('',(#1559,#1560,#1561,#1562,#1563));
#291=EDGE_LOOP('',(#1564,#1565,#1566,#1567));
#292=EDGE_LOOP('',(#1568,#1569,#1570,#1571));
#293=EDGE_LOOP('',(#1572,#1573,#1574,#1575));
#294=EDGE_LOOP('',(#1576,#1577,#1578,#1579));
#295=EDGE_LOOP('',(#1580,#1581,#1582,#1583,#1584,#1585,#1586,#1587,#1588,
#1589,#1590));
#296=EDGE_LOOP('',(#1591,#1592,#1593,#1594,#1595));
#297=EDGE_LOOP('',(#1596,#1597,#1598,#1599));
#298=EDGE_LOOP('',(#1600,#1601,#1602,#1603,#1604));
#299=EDGE_LOOP('',(#1605,#1606,#1607,#1608,#1609,#1610));
#300=EDGE_LOOP('',(#1611,#1612,#1613,#1614));
#301=EDGE_LOOP('',(#1615,#1616,#1617,#1618));
#302=EDGE_LOOP('',(#1619,#1620,#1621,#1622));
#303=EDGE_LOOP('',(#1623,#1624,#1625,#1626));
#304=EDGE_LOOP('',(#1627,#1628,#1629,#1630));
#305=EDGE_LOOP('',(#1631,#1632,#1633,#1634));
#306=EDGE_LOOP('',(#1635,#1636,#1637,#1638));
#307=EDGE_LOOP('',(#1639,#1640,#1641,#1642));
#308=EDGE_LOOP('',(#1643,#1644,#1645,#1646));
#309=EDGE_LOOP('',(#1647,#1648,#1649,#1650,#1651,#1652,#1653));
#310=EDGE_LOOP('',(#1654,#1655,#1656,#1657));
#311=EDGE_LOOP('',(#1658,#1659,#1660,#1661));
#312=EDGE_LOOP('',(#1662,#1663,#1664,#1665));
#313=EDGE_LOOP('',(#1666,#1667,#1668,#1669,#1670,#1671,#1672,#1673));
#314=EDGE_LOOP('',(#1674,#1675,#1676,#1677));
#315=EDGE_LOOP('',(#1678,#1679,#1680,#1681,#1682,#1683));
#316=EDGE_LOOP('',(#1684,#1685,#1686,#1687,#1688,#1689,#1690,#1691));
#317=EDGE_LOOP('',(#1692,#1693,#1694,#1695));
#318=EDGE_LOOP('',(#1696,#1697,#1698,#1699));
#319=EDGE_LOOP('',(#1700,#1701,#1702,#1703));
#320=EDGE_LOOP('',(#1704,#1705,#1706,#1707));
#321=EDGE_LOOP('',(#1708,#1709,#1710,#1711));
#322=EDGE_LOOP('',(#1712,#1713,#1714,#1715,#1716,#1717,#1718));
#323=EDGE_LOOP('',(#1719,#1720,#1721,#1722,#1723,#1724));
#324=EDGE_LOOP('',(#1725,#1726,#1727,#1728));
#325=EDGE_LOOP('',(#1729,#1730,#1731,#1732,#1733,#1734,#1735));
#326=EDGE_LOOP('',(#1736));
#327=EDGE_LOOP('',(#1737,#1738,#1739,#1740));
#328=EDGE_LOOP('',(#1741,#1742,#1743,#1744,#1745,#1746,#1747));
#329=EDGE_LOOP('',(#1748));
#330=EDGE_LOOP('',(#1749,#1750,#1751,#1752));
#331=EDGE_LOOP('',(#1753,#1754,#1755,#1756));
#332=EDGE_LOOP('',(#1757,#1758,#1759,#1760));
#333=EDGE_LOOP('',(#1761,#1762,#1763,#1764,#1765,#1766));
#334=LINE('',#2674,#515);
#335=LINE('',#2677,#516);
#336=LINE('',#2684,#517);
#337=LINE('',#2686,#518);
#338=LINE('',#2687,#519);
#339=LINE('',#2692,#520);
#340=LINE('',#2696,#521);
#341=LINE('',#2698,#522);
#342=LINE('',#2702,#523);
#343=LINE('',#2706,#524);
#344=LINE('',#2708,#525);
#345=LINE('',#2712,#526);
#346=LINE('',#2716,#527);
#347=LINE('',#2718,#528);
#348=LINE('',#2722,#529);
#349=LINE('',#2725,#530);
#350=LINE('',#2728,#531);
#351=LINE('',#2729,#532);
#352=LINE('',#2733,#533);
#353=LINE('',#2740,#534);
#354=LINE('',#2741,#535);
#355=LINE('',#2749,#536);
#356=LINE('',#2752,#537);
#357=LINE('',#2755,#538);
#358=LINE('',#2759,#539);
#359=LINE('',#2761,#540);
#360=LINE('',#2763,#541);
#361=LINE('',#2767,#542);
#362=LINE('',#2769,#543);
#363=LINE('',#2770,#544);
#364=LINE('',#2773,#545);
#365=LINE('',#2774,#546);
#366=LINE('',#2778,#547);
#367=LINE('',#2781,#548);
#368=LINE('',#2783,#549);
#369=LINE('',#2785,#550);
#370=LINE('',#2787,#551);
#371=LINE('',#2790,#552);
#372=LINE('',#2795,#553);
#373=LINE('',#2797,#554);
#374=LINE('',#2799,#555);
#375=LINE('',#2800,#556);
#376=LINE('',#2803,#557);
#377=LINE('',#2807,#558);
#378=LINE('',#2809,#559);
#379=LINE('',#2810,#560);
#380=LINE('',#2814,#561);
#381=LINE('',#2820,#562);
#382=LINE('',#2823,#563);
#383=LINE('',#2828,#564);
#384=LINE('',#2830,#565);
#385=LINE('',#2832,#566);
#386=LINE('',#2834,#567);
#387=LINE('',#2835,#568);
#388=LINE('',#2838,#569);
#389=LINE('',#2840,#570);
#390=LINE('',#2841,#571);
#391=LINE('',#2844,#572);
#392=LINE('',#2845,#573);
#393=LINE('',#2846,#574);
#394=LINE('',#2849,#575);
#395=LINE('',#2850,#576);
#396=LINE('',#2854,#577);
#397=LINE('',#2856,#578);
#398=LINE('',#2859,#579);
#399=LINE('',#2861,#580);
#400=LINE('',#2865,#581);
#401=LINE('',#2867,#582);
#402=LINE('',#2869,#583);
#403=LINE('',#2871,#584);
#404=LINE('',#2873,#585);
#405=LINE('',#2875,#586);
#406=LINE('',#2877,#587);
#407=LINE('',#2878,#588);
#408=LINE('',#2882,#589);
#409=LINE('',#2884,#590);
#410=LINE('',#2887,#591);
#411=LINE('',#2890,#592);
#412=LINE('',#2893,#593);
#413=LINE('',#2944,#594);
#414=LINE('',#2947,#595);
#415=LINE('',#2951,#596);
#416=LINE('',#2956,#597);
#417=LINE('',#2960,#598);
#418=LINE('',#2964,#599);
#419=LINE('',#2984,#600);
#420=LINE('',#2986,#601);
#421=LINE('',#2990,#602);
#422=LINE('',#2993,#603);
#423=LINE('',#3010,#604);
#424=LINE('',#3013,#605);
#425=LINE('',#3014,#606);
#426=LINE('',#3019,#607);
#427=LINE('',#3022,#608);
#428=LINE('',#3055,#609);
#429=LINE('',#3057,#610);
#430=LINE('',#3061,#611);
#431=LINE('',#3064,#612);
#432=LINE('',#3083,#613);
#433=LINE('',#3085,#614);
#434=LINE('',#3088,#615);
#435=LINE('',#3093,#616);
#436=LINE('',#3096,#617);
#437=LINE('',#3113,#618);
#438=LINE('',#3115,#619);
#439=LINE('',#3116,#620);
#440=LINE('',#3119,#621);
#441=LINE('',#3123,#622);
#442=LINE('',#3124,#623);
#443=LINE('',#3126,#624);
#444=LINE('',#3127,#625);
#445=LINE('',#3132,#626);
#446=LINE('',#3135,#627);
#447=LINE('',#3137,#628);
#448=LINE('',#3139,#629);
#449=LINE('',#3144,#630);
#450=LINE('',#3147,#631);
#451=LINE('',#3148,#632);
#452=LINE('',#3150,#633);
#453=LINE('',#3152,#634);
#454=LINE('',#3154,#635);
#455=LINE('',#3159,#636);
#456=LINE('',#3162,#637);
#457=LINE('',#3164,#638);
#458=LINE('',#3165,#639);
#459=LINE('',#3168,#640);
#460=LINE('',#3172,#641);
#461=LINE('',#3177,#642);
#462=LINE('',#3178,#643);
#463=LINE('',#3181,#644);
#464=LINE('',#3185,#645);
#465=LINE('',#3188,#646);
#466=LINE('',#3191,#647);
#467=LINE('',#3194,#648);
#468=LINE('',#3196,#649);
#469=LINE('',#3199,#650);
#470=LINE('',#3200,#651);
#471=LINE('',#3203,#652);
#472=LINE('',#3205,#653);
#473=LINE('',#3206,#654);
#474=LINE('',#3209,#655);
#475=LINE('',#3210,#656);
#476=LINE('',#3213,#657);
#477=LINE('',#3218,#658);
#478=LINE('',#3223,#659);
#479=LINE('',#3227,#660);
#480=LINE('',#3229,#661);
#481=LINE('',#3230,#662);
#482=LINE('',#3234,#663);
#483=LINE('',#3236,#664);
#484=LINE('',#3237,#665);
#485=LINE('',#3240,#666);
#486=LINE('',#3241,#667);
#487=LINE('',#3244,#668);
#488=LINE('',#3245,#669);
#489=LINE('',#3247,#670);
#490=LINE('',#3251,#671);
#491=LINE('',#3252,#672);
#492=LINE('',#3254,#673);
#493=LINE('',#3258,#674);
#494=LINE('',#3263,#675);
#495=LINE('',#3264,#676);
#496=LINE('',#3266,#677);
#497=LINE('',#3267,#678);
#498=LINE('',#3271,#679);
#499=LINE('',#3272,#680);
#500=LINE('',#3289,#681);
#501=LINE('',#3292,#682);
#502=LINE('',#3296,#683);
#503=LINE('',#3312,#684);
#504=LINE('',#3313,#685);
#505=LINE('',#3315,#686);
#506=LINE('',#3316,#687);
#507=LINE('',#3318,#688);
#508=LINE('',#3320,#689);
#509=LINE('',#3322,#690);
#510=LINE('',#3323,#691);
#511=LINE('',#3326,#692);
#512=LINE('',#3333,#693);
#513=LINE('',#3335,#694);
#514=LINE('',#3337,#695);
#515=VECTOR('',#2113,10.);
#516=VECTOR('',#2116,10.);
#517=VECTOR('',#2125,10.);
#518=VECTOR('',#2126,10.);
#519=VECTOR('',#2127,10.);
#520=VECTOR('',#2132,10.);
#521=VECTOR('',#2135,10.);
#522=VECTOR('',#2136,10.);
#523=VECTOR('',#2139,10.);
#524=VECTOR('',#2142,10.);
#525=VECTOR('',#2143,10.);
#526=VECTOR('',#2146,10.);
#527=VECTOR('',#2149,10.);
#528=VECTOR('',#2150,10.);
#529=VECTOR('',#2153,10.);
#530=VECTOR('',#2156,10.);
#531=VECTOR('',#2159,10.);
#532=VECTOR('',#2160,10.);
#533=VECTOR('',#2165,10.);
#534=VECTOR('',#2174,10.);
#535=VECTOR('',#2175,10.);
#536=VECTOR('',#2182,10.);
#537=VECTOR('',#2185,10.);
#538=VECTOR('',#2188,10.);
#539=VECTOR('',#2191,10.);
#540=VECTOR('',#2192,10.);
#541=VECTOR('',#2193,10.);
#542=VECTOR('',#2196,10.);
#543=VECTOR('',#2197,10.);
#544=VECTOR('',#2198,10.);
#545=VECTOR('',#2201,10.);
#546=VECTOR('',#2202,10.);
#547=VECTOR('',#2207,10.);
#548=VECTOR('',#2210,10.);
#549=VECTOR('',#2211,10.);
#550=VECTOR('',#2212,10.);
#551=VECTOR('',#2213,10.);
#552=VECTOR('',#2216,10.);
#553=VECTOR('',#2221,10.);
#554=VECTOR('',#2222,10.);
#555=VECTOR('',#2223,10.);
#556=VECTOR('',#2224,10.);
#557=VECTOR('',#2227,10.);
#558=VECTOR('',#2230,10.);
#559=VECTOR('',#2231,10.);
#560=VECTOR('',#2232,10.);
#561=VECTOR('',#2237,10.);
#562=VECTOR('',#2244,10.);
#563=VECTOR('',#2247,10.);
#564=VECTOR('',#2254,1.6);
#565=VECTOR('',#2257,1.6);
#566=VECTOR('',#2260,10.);
#567=VECTOR('',#2261,10.);
#568=VECTOR('',#2262,10.);
#569=VECTOR('',#2265,10.);
#570=VECTOR('',#2266,10.);
#571=VECTOR('',#2267,10.);
#572=VECTOR('',#2270,10.);
#573=VECTOR('',#2271,10.);
#574=VECTOR('',#2272,10.);
#575=VECTOR('',#2275,10.);
#576=VECTOR('',#2276,10.);
#577=VECTOR('',#2279,10.);
#578=VECTOR('',#2280,10.);
#579=VECTOR('',#2283,10.);
#580=VECTOR('',#2286,10.);
#581=VECTOR('',#2291,10.);
#582=VECTOR('',#2292,10.);
#583=VECTOR('',#2293,10.);
#584=VECTOR('',#2294,10.);
#585=VECTOR('',#2295,10.);
#586=VECTOR('',#2296,10.);
#587=VECTOR('',#2297,10.);
#588=VECTOR('',#2298,10.);
#589=VECTOR('',#2301,10.);
#590=VECTOR('',#2302,10.);
#591=VECTOR('',#2305,10.);
#592=VECTOR('',#2310,10.);
#593=VECTOR('',#2313,10.);
#594=VECTOR('',#2316,10.);
#595=VECTOR('',#2319,10.);
#596=VECTOR('',#2322,10.);
#597=VECTOR('',#2327,10.);
#598=VECTOR('',#2330,10.);
#599=VECTOR('',#2333,10.);
#600=VECTOR('',#2346,10.);
#601=VECTOR('',#2347,10.);
#602=VECTOR('',#2350,10.);
#603=VECTOR('',#2353,10.);
#604=VECTOR('',#2362,10.);
#605=VECTOR('',#2365,10.);
#606=VECTOR('',#2366,10.);
#607=VECTOR('',#2371,10.);
#608=VECTOR('',#2374,10.);
#609=VECTOR('',#2391,10.);
#610=VECTOR('',#2392,10.);
#611=VECTOR('',#2395,10.);
#612=VECTOR('',#2398,10.);
#613=VECTOR('',#2409,10.);
#614=VECTOR('',#2410,10.);
#615=VECTOR('',#2413,10.);
#616=VECTOR('',#2418,10.);
#617=VECTOR('',#2421,10.);
#618=VECTOR('',#2430,10.);
#619=VECTOR('',#2431,10.);
#620=VECTOR('',#2432,10.);
#621=VECTOR('',#2435,10.);
#622=VECTOR('',#2440,10.);
#623=VECTOR('',#2441,10.);
#624=VECTOR('',#2444,10.);
#625=VECTOR('',#2445,10.);
#626=VECTOR('',#2450,10.);
#627=VECTOR('',#2455,10.);
#628=VECTOR('',#2456,10.);
#629=VECTOR('',#2457,10.);
#630=VECTOR('',#2462,10.);
#631=VECTOR('',#2465,10.);
#632=VECTOR('',#2466,10.);
#633=VECTOR('',#2469,10.);
#634=VECTOR('',#2470,10.);
#635=VECTOR('',#2471,10.);
#636=VECTOR('',#2476,10.);
#637=VECTOR('',#2479,10.);
#638=VECTOR('',#2480,10.);
#639=VECTOR('',#2481,10.);
#640=VECTOR('',#2486,10.);
#641=VECTOR('',#2491,10.);
#642=VECTOR('',#2498,10.);
#643=VECTOR('',#2499,10.);
#644=VECTOR('',#2502,10.);
#645=VECTOR('',#2505,10.);
#646=VECTOR('',#2510,10.);
#647=VECTOR('',#2513,10.);
#648=VECTOR('',#2516,10.);
#649=VECTOR('',#2517,10.);
#650=VECTOR('',#2522,10.);
#651=VECTOR('',#2523,10.);
#652=VECTOR('',#2526,10.);
#653=VECTOR('',#2527,10.);
#654=VECTOR('',#2528,10.);
#655=VECTOR('',#2531,10.);
#656=VECTOR('',#2532,10.);
#657=VECTOR('',#2537,10.);
#658=VECTOR('',#2542,10.);
#659=VECTOR('',#2549,10.);
#660=VECTOR('',#2554,10.);
#661=VECTOR('',#2557,10.);
#662=VECTOR('',#2558,10.);
#663=VECTOR('',#2563,10.);
#664=VECTOR('',#2564,10.);
#665=VECTOR('',#2565,10.);
#666=VECTOR('',#2568,10.);
#667=VECTOR('',#2569,10.);
#668=VECTOR('',#2572,10.);
#669=VECTOR('',#2573,10.);
#670=VECTOR('',#2576,10.);
#671=VECTOR('',#2581,10.);
#672=VECTOR('',#2582,10.);
#673=VECTOR('',#2585,10.);
#674=VECTOR('',#2590,10.);
#675=VECTOR('',#2595,10.);
#676=VECTOR('',#2596,10.);
#677=VECTOR('',#2599,10.);
#678=VECTOR('',#2600,10.);
#679=VECTOR('',#2607,10.);
#680=VECTOR('',#2608,10.);
#681=VECTOR('',#2611,10.);
#682=VECTOR('',#2614,1.6);
#683=VECTOR('',#2619,10.);
#684=VECTOR('',#2620,10.);
#685=VECTOR('',#2621,10.);
#686=VECTOR('',#2624,10.);
#687=VECTOR('',#2625,10.);
#688=VECTOR('',#2628,10.);
#689=VECTOR('',#2631,10.);
#690=VECTOR('',#2634,10.);
#691=VECTOR('',#2635,10.);
#692=VECTOR('',#2640,10.);
#693=VECTOR('',#2649,1.6);
#694=VECTOR('',#2652,10.);
#695=VECTOR('',#2655,10.);
#696=CIRCLE('',#1919,2.);
#697=CIRCLE('',#1920,2.);
#698=CIRCLE('',#1922,2.);
#699=CIRCLE('',#1923,2.);
#700=CIRCLE('',#1925,1.6);
#701=CIRCLE('',#1927,2.);
#702=CIRCLE('',#1928,4.);
#703=CIRCLE('',#1929,4.);
#704=CIRCLE('',#1930,4.);
#705=CIRCLE('',#1931,4.);
#706=CIRCLE('',#1932,4.);
#707=CIRCLE('',#1933,4.);
#708=CIRCLE('',#1936,2.);
#709=CIRCLE('',#1938,2.);
#710=CIRCLE('',#1939,2.);
#711=CIRCLE('',#1941,1.6);
#712=CIRCLE('',#1943,2.);
#713=CIRCLE('',#1944,2.);
#714=CIRCLE('',#1946,2.);
#715=CIRCLE('',#1947,1.);
#716=CIRCLE('',#1950,2.);
#717=CIRCLE('',#1952,2.);
#718=CIRCLE('',#1953,1.6);
#719=CIRCLE('',#1956,2.);
#720=CIRCLE('',#1957,1.6);
#721=CIRCLE('',#1974,3.75);
#722=CIRCLE('',#1979,3.75);
#723=CIRCLE('',#1981,3.75);
#724=CIRCLE('',#1983,2.);
#725=CIRCLE('',#1987,2.);
#726=CIRCLE('',#1989,2.);
#727=CIRCLE('',#1990,2.);
#728=CIRCLE('',#1991,4.);
#729=CIRCLE('',#1994,2.);
#730=CIRCLE('',#1996,2.);
#731=CIRCLE('',#1997,2.);
#732=CIRCLE('',#1998,4.);
#733=CIRCLE('',#2002,2.);
#734=CIRCLE('',#2003,2.);
#735=CIRCLE('',#2004,2.);
#736=CIRCLE('',#2005,4.);
#737=CIRCLE('',#2006,2.);
#738=CIRCLE('',#2007,2.00000000000001);
#739=CIRCLE('',#2008,2.);
#740=CIRCLE('',#2009,4.);
#741=CIRCLE('',#2012,2.);
#742=CIRCLE('',#2014,2.);
#743=CIRCLE('',#2015,2.);
#744=CIRCLE('',#2016,4.);
#745=CIRCLE('',#2021,2.);
#746=CIRCLE('',#2022,2.);
#747=CIRCLE('',#2023,2.);
#748=CIRCLE('',#2024,2.);
#749=CIRCLE('',#2025,4.);
#750=CIRCLE('',#2046,1.);
#751=CIRCLE('',#2079,1.6);
#752=CIRCLE('',#2080,1.6);
#753=CIRCLE('',#2087,1.6);
#754=CIRCLE('',#2095,1.6);
#755=CIRCLE('',#2096,1.6);
#756=CIRCLE('',#2098,1.6);
#757=VERTEX_POINT('',#2670);
#758=VERTEX_POINT('',#2671);
#759=VERTEX_POINT('',#2673);
#760=VERTEX_POINT('',#2675);
#761=VERTEX_POINT('',#2679);
#762=VERTEX_POINT('',#2683);
#763=VERTEX_POINT('',#2685);
#764=VERTEX_POINT('',#2688);
#765=VERTEX_POINT('',#2691);
#766=VERTEX_POINT('',#2693);
#767=VERTEX_POINT('',#2695);
#768=VERTEX_POINT('',#2697);
#769=VERTEX_POINT('',#2699);
#770=VERTEX_POINT('',#2701);
#771=VERTEX_POINT('',#2703);
#772=VERTEX_POINT('',#2705);
#773=VERTEX_POINT('',#2707);
#774=VERTEX_POINT('',#2709);
#775=VERTEX_POINT('',#2711);
#776=VERTEX_POINT('',#2713);
#777=VERTEX_POINT('',#2715);
#778=VERTEX_POINT('',#2717);
#779=VERTEX_POINT('',#2719);
#780=VERTEX_POINT('',#2721);
#781=VERTEX_POINT('',#2723);
#782=VERTEX_POINT('',#2727);
#783=VERTEX_POINT('',#2731);
#784=VERTEX_POINT('',#2735);
#785=VERTEX_POINT('',#2739);
#786=VERTEX_POINT('',#2742);
#787=VERTEX_POINT('',#2745);
#788=VERTEX_POINT('',#2746);
#789=VERTEX_POINT('',#2748);
#790=VERTEX_POINT('',#2750);
#791=VERTEX_POINT('',#2754);
#792=VERTEX_POINT('',#2756);
#793=VERTEX_POINT('',#2758);
#794=VERTEX_POINT('',#2760);
#795=VERTEX_POINT('',#2762);
#796=VERTEX_POINT('',#2764);
#797=VERTEX_POINT('',#2766);
#798=VERTEX_POINT('',#2768);
#799=VERTEX_POINT('',#2772);
#800=VERTEX_POINT('',#2776);
#801=VERTEX_POINT('',#2780);
#802=VERTEX_POINT('',#2782);
#803=VERTEX_POINT('',#2784);
#804=VERTEX_POINT('',#2786);
#805=VERTEX_POINT('',#2788);
#806=VERTEX_POINT('',#2791);
#807=VERTEX_POINT('',#2794);
#808=VERTEX_POINT('',#2796);
#809=VERTEX_POINT('',#2798);
#810=VERTEX_POINT('',#2802);
#811=VERTEX_POINT('',#2804);
#812=VERTEX_POINT('',#2806);
#813=VERTEX_POINT('',#2808);
#814=VERTEX_POINT('',#2811);
#815=VERTEX_POINT('',#2816);
#816=VERTEX_POINT('',#2818);
#817=VERTEX_POINT('',#2822);
#818=VERTEX_POINT('',#2824);
#819=VERTEX_POINT('',#2833);
#820=VERTEX_POINT('',#2837);
#821=VERTEX_POINT('',#2839);
#822=VERTEX_POINT('',#2843);
#823=VERTEX_POINT('',#2848);
#824=VERTEX_POINT('',#2852);
#825=VERTEX_POINT('',#2853);
#826=VERTEX_POINT('',#2855);
#827=VERTEX_POINT('',#2857);
#828=VERTEX_POINT('',#2864);
#829=VERTEX_POINT('',#2866);
#830=VERTEX_POINT('',#2868);
#831=VERTEX_POINT('',#2870);
#832=VERTEX_POINT('',#2872);
#833=VERTEX_POINT('',#2874);
#834=VERTEX_POINT('',#2876);
#835=VERTEX_POINT('',#2880);
#836=VERTEX_POINT('',#2881);
#837=VERTEX_POINT('',#2883);
#838=VERTEX_POINT('',#2885);
#839=VERTEX_POINT('',#2892);
#840=VERTEX_POINT('',#2894);
#841=VERTEX_POINT('',#2918);
#842=VERTEX_POINT('',#2920);
#843=VERTEX_POINT('',#2946);
#844=VERTEX_POINT('',#2948);
#845=VERTEX_POINT('',#2950);
#846=VERTEX_POINT('',#2954);
#847=VERTEX_POINT('',#2955);
#848=VERTEX_POINT('',#2957);
#849=VERTEX_POINT('',#2959);
#850=VERTEX_POINT('',#2961);
#851=VERTEX_POINT('',#2963);
#852=VERTEX_POINT('',#2975);
#853=VERTEX_POINT('',#2976);
#854=VERTEX_POINT('',#2981);
#855=VERTEX_POINT('',#2982);
#856=VERTEX_POINT('',#2985);
#857=VERTEX_POINT('',#2987);
#858=VERTEX_POINT('',#2989);
#859=VERTEX_POINT('',#2991);
#860=VERTEX_POINT('',#3003);
#861=VERTEX_POINT('',#3004);
#862=VERTEX_POINT('',#3009);
#863=VERTEX_POINT('',#3011);
#864=VERTEX_POINT('',#3016);
#865=VERTEX_POINT('',#3018);
#866=VERTEX_POINT('',#3020);
#867=VERTEX_POINT('',#3032);
#868=VERTEX_POINT('',#3033);
#869=VERTEX_POINT('',#3046);
#870=VERTEX_POINT('',#3047);
#871=VERTEX_POINT('',#3052);
#872=VERTEX_POINT('',#3053);
#873=VERTEX_POINT('',#3056);
#874=VERTEX_POINT('',#3058);
#875=VERTEX_POINT('',#3060);
#876=VERTEX_POINT('',#3062);
#877=VERTEX_POINT('',#3074);
#878=VERTEX_POINT('',#3075);
#879=VERTEX_POINT('',#3080);
#880=VERTEX_POINT('',#3081);
#881=VERTEX_POINT('',#3084);
#882=VERTEX_POINT('',#3086);
#883=VERTEX_POINT('',#3090);
#884=VERTEX_POINT('',#3092);
#885=VERTEX_POINT('',#3094);
#886=VERTEX_POINT('',#3106);
#887=VERTEX_POINT('',#3107);
#888=VERTEX_POINT('',#3112);
#889=VERTEX_POINT('',#3114);
#890=VERTEX_POINT('',#3118);
#891=VERTEX_POINT('',#3120);
#892=VERTEX_POINT('',#3128);
#893=VERTEX_POINT('',#3130);
#894=VERTEX_POINT('',#3136);
#895=VERTEX_POINT('',#3138);
#896=VERTEX_POINT('',#3140);
#897=VERTEX_POINT('',#3142);
#898=VERTEX_POINT('',#3146);
#899=VERTEX_POINT('',#3151);
#900=VERTEX_POINT('',#3153);
#901=VERTEX_POINT('',#3155);
#902=VERTEX_POINT('',#3157);
#903=VERTEX_POINT('',#3161);
#904=VERTEX_POINT('',#3163);
#905=VERTEX_POINT('',#3171);
#906=VERTEX_POINT('',#3176);
#907=VERTEX_POINT('',#3180);
#908=VERTEX_POINT('',#3182);
#909=VERTEX_POINT('',#3184);
#910=VERTEX_POINT('',#3189);
#911=VERTEX_POINT('',#3193);
#912=VERTEX_POINT('',#3195);
#913=VERTEX_POINT('',#3202);
#914=VERTEX_POINT('',#3204);
#915=VERTEX_POINT('',#3208);
#916=VERTEX_POINT('',#3215);
#917=VERTEX_POINT('',#3217);
#918=VERTEX_POINT('',#3221);
#919=VERTEX_POINT('',#3225);
#920=VERTEX_POINT('',#3233);
#921=VERTEX_POINT('',#3235);
#922=VERTEX_POINT('',#3239);
#923=VERTEX_POINT('',#3243);
#924=VERTEX_POINT('',#3250);
#925=VERTEX_POINT('',#3257);
#926=VERTEX_POINT('',#3259);
#927=VERTEX_POINT('',#3261);
#928=VERTEX_POINT('',#3291);
#929=VERTEX_POINT('',#3295);
#930=VERTEX_POINT('',#3297);
#931=VERTEX_POINT('',#3327);
#932=VERTEX_POINT('',#3331);
#933=EDGE_CURVE('',#757,#758,#696,.T.);
#934=EDGE_CURVE('',#758,#759,#334,.T.);
#935=EDGE_CURVE('',#759,#760,#697,.T.);
#936=EDGE_CURVE('',#760,#757,#335,.T.);
#937=EDGE_CURVE('',#759,#761,#698,.T.);
#938=EDGE_CURVE('',#761,#760,#699,.T.);
#939=EDGE_CURVE('',#762,#758,#336,.T.);
#940=EDGE_CURVE('',#763,#762,#337,.T.);
#941=EDGE_CURVE('',#759,#763,#338,.T.);
#942=EDGE_CURVE('',#764,#764,#700,.T.);
#943=EDGE_CURVE('',#757,#765,#339,.T.);
#944=EDGE_CURVE('',#766,#765,#701,.T.);
#945=EDGE_CURVE('',#766,#767,#340,.T.);
#946=EDGE_CURVE('',#767,#768,#341,.T.);
#947=EDGE_CURVE('',#769,#768,#702,.T.);
#948=EDGE_CURVE('',#769,#770,#342,.T.);
#949=EDGE_CURVE('',#771,#770,#703,.T.);
#950=EDGE_CURVE('',#771,#772,#343,.T.);
#951=EDGE_CURVE('',#772,#773,#344,.T.);
#952=EDGE_CURVE('',#774,#773,#704,.T.);
#953=EDGE_CURVE('',#774,#775,#345,.T.);
#954=EDGE_CURVE('',#776,#775,#705,.T.);
#955=EDGE_CURVE('',#776,#777,#346,.T.);
#956=EDGE_CURVE('',#777,#778,#347,.T.);
#957=EDGE_CURVE('',#779,#778,#706,.T.);
#958=EDGE_CURVE('',#779,#780,#348,.T.);
#959=EDGE_CURVE('',#781,#780,#707,.T.);
#960=EDGE_CURVE('',#781,#762,#349,.T.);
#961=EDGE_CURVE('',#782,#760,#350,.T.);
#962=EDGE_CURVE('',#765,#782,#351,.T.);
#963=EDGE_CURVE('',#782,#783,#708,.T.);
#964=EDGE_CURVE('',#783,#766,#352,.T.);
#965=EDGE_CURVE('',#782,#784,#709,.T.);
#966=EDGE_CURVE('',#784,#783,#710,.T.);
#967=EDGE_CURVE('',#785,#783,#353,.T.);
#968=EDGE_CURVE('',#767,#785,#354,.T.);
#969=EDGE_CURVE('',#786,#786,#711,.T.);
#970=EDGE_CURVE('',#787,#788,#712,.T.);
#971=EDGE_CURVE('',#787,#789,#355,.T.);
#972=EDGE_CURVE('',#790,#789,#713,.T.);
#973=EDGE_CURVE('',#790,#788,#356,.T.);
#974=EDGE_CURVE('',#791,#789,#357,.F.);
#975=EDGE_CURVE('',#791,#792,#714,.T.);
#976=EDGE_CURVE('',#793,#792,#358,.T.);
#977=EDGE_CURVE('',#794,#793,#359,.T.);
#978=EDGE_CURVE('',#794,#795,#360,.T.);
#979=EDGE_CURVE('',#795,#796,#715,.T.);
#980=EDGE_CURVE('',#796,#797,#361,.T.);
#981=EDGE_CURVE('',#798,#797,#362,.T.);
#982=EDGE_CURVE('',#790,#798,#363,.T.);
#983=EDGE_CURVE('',#787,#799,#364,.T.);
#984=EDGE_CURVE('',#791,#799,#365,.T.);
#985=EDGE_CURVE('',#800,#799,#716,.T.);
#986=EDGE_CURVE('',#800,#792,#366,.T.);
#987=EDGE_CURVE('',#800,#801,#367,.T.);
#988=EDGE_CURVE('',#801,#802,#368,.T.);
#989=EDGE_CURVE('',#803,#802,#369,.T.);
#990=EDGE_CURVE('',#804,#803,#370,.T.);
#991=EDGE_CURVE('',#804,#805,#717,.T.);
#992=EDGE_CURVE('',#793,#805,#371,.F.);
#993=EDGE_CURVE('',#806,#806,#718,.T.);
#994=EDGE_CURVE('',#807,#788,#372,.T.);
#995=EDGE_CURVE('',#808,#807,#373,.T.);
#996=EDGE_CURVE('',#809,#808,#374,.T.);
#997=EDGE_CURVE('',#801,#809,#375,.T.);
#998=EDGE_CURVE('',#798,#810,#376,.T.);
#999=EDGE_CURVE('',#810,#811,#719,.T.);
#1000=EDGE_CURVE('',#811,#812,#377,.T.);
#1001=EDGE_CURVE('',#813,#812,#378,.T.);
#1002=EDGE_CURVE('',#807,#813,#379,.T.);
#1003=EDGE_CURVE('',#814,#814,#720,.T.);
#1004=EDGE_CURVE('',#761,#784,#380,.T.);
#1005=EDGE_CURVE('',#815,#763,#25,.T.);
#1006=EDGE_CURVE('',#816,#815,#26,.T.);
#1007=EDGE_CURVE('',#816,#761,#381,.T.);
#1008=EDGE_CURVE('',#784,#817,#382,.T.);
#1009=EDGE_CURVE('',#818,#817,#27,.T.);
#1010=EDGE_CURVE('',#818,#785,#28,.T.);
#1011=EDGE_CURVE('',#786,#806,#383,.T.);
#1012=EDGE_CURVE('',#814,#764,#384,.T.);
#1013=EDGE_CURVE('',#815,#810,#385,.T.);
#1014=EDGE_CURVE('',#797,#819,#386,.T.);
#1015=EDGE_CURVE('',#816,#819,#387,.T.);
#1016=EDGE_CURVE('',#820,#811,#388,.T.);
#1017=EDGE_CURVE('',#821,#820,#389,.T.);
#1018=EDGE_CURVE('',#821,#812,#390,.T.);
#1019=EDGE_CURVE('',#822,#817,#391,.T.);
#1020=EDGE_CURVE('',#822,#794,#392,.T.);
#1021=EDGE_CURVE('',#805,#818,#393,.T.);
#1022=EDGE_CURVE('',#823,#822,#394,.T.);
#1023=EDGE_CURVE('',#823,#795,#395,.T.);
#1024=EDGE_CURVE('',#824,#825,#396,.T.);
#1025=EDGE_CURVE('',#825,#826,#397,.T.);
#1026=EDGE_CURVE('',#826,#827,#29,.T.);
#1027=EDGE_CURVE('',#827,#824,#398,.T.);
#1028=EDGE_CURVE('',#802,#825,#399,.T.);
#1029=EDGE_CURVE('',#826,#809,#721,.T.);
#1030=EDGE_CURVE('',#824,#828,#400,.T.);
#1031=EDGE_CURVE('',#829,#828,#401,.T.);
#1032=EDGE_CURVE('',#829,#830,#402,.T.);
#1033=EDGE_CURVE('',#831,#830,#403,.T.);
#1034=EDGE_CURVE('',#832,#831,#404,.T.);
#1035=EDGE_CURVE('',#833,#832,#405,.T.);
#1036=EDGE_CURVE('',#833,#834,#406,.T.);
#1037=EDGE_CURVE('',#803,#834,#407,.T.);
#1038=EDGE_CURVE('',#835,#836,#408,.T.);
#1039=EDGE_CURVE('',#836,#837,#409,.T.);
#1040=EDGE_CURVE('',#837,#838,#30,.T.);
#1041=EDGE_CURVE('',#838,#835,#410,.T.);
#1042=EDGE_CURVE('',#808,#838,#722,.T.);
#1043=EDGE_CURVE('',#835,#813,#411,.T.);
#1044=EDGE_CURVE('',#837,#839,#412,.T.);
#1045=EDGE_CURVE('',#840,#839,#21,.T.);
#1046=EDGE_CURVE('',#841,#840,#723,.T.);
#1047=EDGE_CURVE('',#842,#841,#22,.T.);
#1048=EDGE_CURVE('',#842,#827,#413,.T.);
#1049=EDGE_CURVE('',#763,#843,#414,.T.);
#1050=EDGE_CURVE('',#843,#844,#724,.T.);
#1051=EDGE_CURVE('',#844,#845,#415,.T.);
#1052=EDGE_CURVE('',#845,#820,#31,.T.);
#1053=EDGE_CURVE('',#846,#847,#416,.T.);
#1054=EDGE_CURVE('',#847,#848,#32,.T.);
#1055=EDGE_CURVE('',#848,#849,#417,.T.);
#1056=EDGE_CURVE('',#849,#850,#725,.T.);
#1057=EDGE_CURVE('',#850,#851,#418,.T.);
#1058=EDGE_CURVE('',#851,#846,#33,.T.);
#1059=EDGE_CURVE('',#852,#853,#726,.T.);
#1060=EDGE_CURVE('',#853,#850,#727,.T.);
#1061=EDGE_CURVE('',#849,#852,#728,.T.);
#1062=EDGE_CURVE('',#854,#855,#34,.T.);
#1063=EDGE_CURVE('',#855,#853,#419,.T.);
#1064=EDGE_CURVE('',#852,#856,#420,.T.);
#1065=EDGE_CURVE('',#856,#857,#729,.T.);
#1066=EDGE_CURVE('',#857,#858,#421,.T.);
#1067=EDGE_CURVE('',#858,#859,#35,.T.);
#1068=EDGE_CURVE('',#859,#854,#422,.T.);
#1069=EDGE_CURVE('',#860,#861,#730,.T.);
#1070=EDGE_CURVE('',#861,#857,#731,.T.);
#1071=EDGE_CURVE('',#856,#860,#732,.T.);
#1072=EDGE_CURVE('',#804,#862,#423,.T.);
#1073=EDGE_CURVE('',#862,#863,#36,.T.);
#1074=EDGE_CURVE('',#863,#861,#424,.T.);
#1075=EDGE_CURVE('',#860,#785,#425,.T.);
#1076=EDGE_CURVE('',#847,#864,#733,.T.);
#1077=EDGE_CURVE('',#864,#865,#426,.T.);
#1078=EDGE_CURVE('',#865,#866,#734,.T.);
#1079=EDGE_CURVE('',#866,#848,#427,.T.);
#1080=EDGE_CURVE('',#867,#868,#735,.T.);
#1081=EDGE_CURVE('',#868,#866,#736,.T.);
#1082=EDGE_CURVE('',#865,#867,#737,.T.);
#1083=EDGE_CURVE('',#869,#870,#738,.T.);
#1084=EDGE_CURVE('',#870,#844,#739,.T.);
#1085=EDGE_CURVE('',#843,#869,#740,.T.);
#1086=EDGE_CURVE('',#871,#872,#37,.T.);
#1087=EDGE_CURVE('',#872,#870,#428,.T.);
#1088=EDGE_CURVE('',#869,#873,#429,.T.);
#1089=EDGE_CURVE('',#873,#874,#741,.T.);
#1090=EDGE_CURVE('',#874,#875,#430,.T.);
#1091=EDGE_CURVE('',#875,#876,#38,.T.);
#1092=EDGE_CURVE('',#876,#871,#431,.T.);
#1093=EDGE_CURVE('',#877,#878,#742,.T.);
#1094=EDGE_CURVE('',#878,#874,#743,.T.);
#1095=EDGE_CURVE('',#873,#877,#744,.T.);
#1096=EDGE_CURVE('',#879,#880,#39,.T.);
#1097=EDGE_CURVE('',#880,#878,#432,.T.);
#1098=EDGE_CURVE('',#877,#881,#433,.T.);
#1099=EDGE_CURVE('',#881,#882,#40,.T.);
#1100=EDGE_CURVE('',#882,#879,#434,.T.);
#1101=EDGE_CURVE('',#883,#882,#745,.T.);
#1102=EDGE_CURVE('',#881,#884,#435,.T.);
#1103=EDGE_CURVE('',#884,#885,#746,.T.);
#1104=EDGE_CURVE('',#885,#883,#436,.T.);
#1105=EDGE_CURVE('',#886,#887,#747,.T.);
#1106=EDGE_CURVE('',#887,#885,#748,.T.);
#1107=EDGE_CURVE('',#884,#886,#749,.T.);
#1108=EDGE_CURVE('',#888,#859,#437,.T.);
#1109=EDGE_CURVE('',#888,#889,#438,.T.);
#1110=EDGE_CURVE('',#854,#889,#439,.T.);
#1111=EDGE_CURVE('',#890,#889,#440,.T.);
#1112=EDGE_CURVE('',#890,#891,#41,.T.);
#1113=EDGE_CURVE('',#891,#830,#42,.T.);
#1114=EDGE_CURVE('',#829,#846,#441,.T.);
#1115=EDGE_CURVE('',#851,#855,#442,.T.);
#1116=EDGE_CURVE('',#858,#863,#443,.T.);
#1117=EDGE_CURVE('',#862,#834,#444,.T.);
#1118=EDGE_CURVE('',#833,#892,#43,.T.);
#1119=EDGE_CURVE('',#892,#893,#44,.T.);
#1120=EDGE_CURVE('',#888,#893,#445,.T.);
#1121=EDGE_CURVE('',#845,#872,#446,.T.);
#1122=EDGE_CURVE('',#871,#894,#447,.T.);
#1123=EDGE_CURVE('',#895,#894,#448,.T.);
#1124=EDGE_CURVE('',#895,#896,#45,.T.);
#1125=EDGE_CURVE('',#896,#897,#46,.T.);
#1126=EDGE_CURVE('',#821,#897,#449,.T.);
#1127=EDGE_CURVE('',#898,#876,#450,.T.);
#1128=EDGE_CURVE('',#898,#894,#451,.T.);
#1129=EDGE_CURVE('',#875,#880,#452,.T.);
#1130=EDGE_CURVE('',#879,#899,#453,.T.);
#1131=EDGE_CURVE('',#900,#899,#454,.T.);
#1132=EDGE_CURVE('',#900,#901,#47,.T.);
#1133=EDGE_CURVE('',#901,#902,#48,.T.);
#1134=EDGE_CURVE('',#898,#902,#455,.T.);
#1135=EDGE_CURVE('',#903,#883,#456,.T.);
#1136=EDGE_CURVE('',#903,#904,#457,.F.);
#1137=EDGE_CURVE('',#904,#899,#458,.T.);
#1138=EDGE_CURVE('',#887,#903,#459,.F.);
#1139=EDGE_CURVE('',#819,#905,#460,.T.);
#1140=EDGE_CURVE('',#905,#823,#750,.T.);
#1141=EDGE_CURVE('',#864,#906,#461,.T.);
#1142=EDGE_CURVE('',#906,#867,#462,.F.);
#1143=EDGE_CURVE('',#907,#897,#463,.T.);
#1144=EDGE_CURVE('',#896,#908,#49,.T.);
#1145=EDGE_CURVE('',#908,#909,#464,.T.);
#1146=EDGE_CURVE('',#909,#907,#50,.T.);
#1147=EDGE_CURVE('',#895,#902,#465,.T.);
#1148=EDGE_CURVE('',#901,#910,#51,.T.);
#1149=EDGE_CURVE('',#910,#908,#466,.T.);
#1150=EDGE_CURVE('',#911,#910,#467,.T.);
#1151=EDGE_CURVE('',#900,#912,#468,.T.);
#1152=EDGE_CURVE('',#912,#911,#52,.T.);
#1153=EDGE_CURVE('',#912,#907,#469,.T.);
#1154=EDGE_CURVE('',#909,#911,#470,.T.);
#1155=EDGE_CURVE('',#913,#909,#471,.T.);
#1156=EDGE_CURVE('',#913,#914,#472,.T.);
#1157=EDGE_CURVE('',#914,#911,#473,.T.);
#1158=EDGE_CURVE('',#915,#908,#474,.T.);
#1159=EDGE_CURVE('',#915,#913,#475,.T.);
#1160=EDGE_CURVE('',#904,#836,#476,.T.);
#1161=EDGE_CURVE('',#832,#916,#53,.T.);
#1162=EDGE_CURVE('',#916,#917,#477,.T.);
#1163=EDGE_CURVE('',#917,#892,#54,.T.);
#1164=EDGE_CURVE('',#831,#918,#55,.T.);
#1165=EDGE_CURVE('',#918,#916,#478,.T.);
#1166=EDGE_CURVE('',#891,#919,#56,.T.);
#1167=EDGE_CURVE('',#919,#918,#479,.T.);
#1168=EDGE_CURVE('',#890,#893,#480,.T.);
#1169=EDGE_CURVE('',#917,#919,#481,.T.);
#1170=EDGE_CURVE('',#920,#917,#482,.T.);
#1171=EDGE_CURVE('',#920,#921,#483,.T.);
#1172=EDGE_CURVE('',#921,#919,#484,.T.);
#1173=EDGE_CURVE('',#922,#916,#485,.T.);
#1174=EDGE_CURVE('',#922,#920,#486,.T.);
#1175=EDGE_CURVE('',#923,#915,#487,.T.);
#1176=EDGE_CURVE('',#914,#923,#488,.T.);
#1177=EDGE_CURVE('',#923,#910,#489,.T.);
#1178=EDGE_CURVE('',#924,#922,#490,.T.);
#1179=EDGE_CURVE('',#921,#924,#491,.T.);
#1180=EDGE_CURVE('',#924,#918,#492,.T.);
#1181=EDGE_CURVE('',#925,#866,#493,.T.);
#1182=EDGE_CURVE('',#925,#926,#751,.T.);
#1183=EDGE_CURVE('',#926,#927,#752,.T.);
#1184=EDGE_CURVE('',#773,#927,#494,.T.);
#1185=EDGE_CURVE('',#772,#848,#495,.T.);
#1186=EDGE_CURVE('',#849,#771,#496,.T.);
#1187=EDGE_CURVE('',#770,#852,#497,.T.);
#1188=EDGE_CURVE('',#868,#842,#498,.T.);
#1189=EDGE_CURVE('',#841,#774,#499,.T.);
#1190=EDGE_CURVE('',#927,#925,#23,.T.);
#1191=EDGE_CURVE('',#775,#840,#500,.T.);
#1192=EDGE_CURVE('',#926,#928,#501,.T.);
#1193=EDGE_CURVE('',#928,#928,#753,.F.);
#1194=EDGE_CURVE('',#884,#929,#502,.T.);
#1195=EDGE_CURVE('',#929,#930,#24,.T.);
#1196=EDGE_CURVE('',#930,#776,#503,.T.);
#1197=EDGE_CURVE('',#839,#886,#504,.T.);
#1198=EDGE_CURVE('',#873,#779,#505,.T.);
#1199=EDGE_CURVE('',#778,#877,#506,.T.);
#1200=EDGE_CURVE('',#780,#869,#507,.T.);
#1201=EDGE_CURVE('',#843,#781,#508,.T.);
#1202=EDGE_CURVE('',#856,#769,#509,.T.);
#1203=EDGE_CURVE('',#768,#860,#510,.T.);
#1204=EDGE_CURVE('',#881,#777,#511,.T.);
#1205=EDGE_CURVE('',#930,#931,#754,.T.);
#1206=EDGE_CURVE('',#931,#929,#755,.T.);
#1207=EDGE_CURVE('',#932,#932,#756,.F.);
#1208=EDGE_CURVE('',#932,#931,#512,.T.);
#1209=EDGE_CURVE('',#796,#905,#513,.T.);
#1210=EDGE_CURVE('',#828,#906,#514,.F.);
#1211=ORIENTED_EDGE('',*,*,#933,.T.);
#1212=ORIENTED_EDGE('',*,*,#934,.T.);
#1213=ORIENTED_EDGE('',*,*,#935,.T.);
#1214=ORIENTED_EDGE('',*,*,#936,.T.);
#1215=ORIENTED_EDGE('',*,*,#935,.F.);
#1216=ORIENTED_EDGE('',*,*,#937,.T.);
#1217=ORIENTED_EDGE('',*,*,#938,.T.);
#1218=ORIENTED_EDGE('',*,*,#934,.F.);
#1219=ORIENTED_EDGE('',*,*,#939,.F.);
#1220=ORIENTED_EDGE('',*,*,#940,.F.);
#1221=ORIENTED_EDGE('',*,*,#941,.F.);
#1222=ORIENTED_EDGE('',*,*,#942,.T.);
#1223=ORIENTED_EDGE('',*,*,#933,.F.);
#1224=ORIENTED_EDGE('',*,*,#943,.T.);
#1225=ORIENTED_EDGE('',*,*,#944,.F.);
#1226=ORIENTED_EDGE('',*,*,#945,.T.);
#1227=ORIENTED_EDGE('',*,*,#946,.T.);
#1228=ORIENTED_EDGE('',*,*,#947,.F.);
#1229=ORIENTED_EDGE('',*,*,#948,.T.);
#1230=ORIENTED_EDGE('',*,*,#949,.F.);
#1231=ORIENTED_EDGE('',*,*,#950,.T.);
#1232=ORIENTED_EDGE('',*,*,#951,.T.);
#1233=ORIENTED_EDGE('',*,*,#952,.F.);
#1234=ORIENTED_EDGE('',*,*,#953,.T.);
#1235=ORIENTED_EDGE('',*,*,#954,.F.);
#1236=ORIENTED_EDGE('',*,*,#955,.T.);
#1237=ORIENTED_EDGE('',*,*,#956,.T.);
#1238=ORIENTED_EDGE('',*,*,#957,.F.);
#1239=ORIENTED_EDGE('',*,*,#958,.T.);
#1240=ORIENTED_EDGE('',*,*,#959,.F.);
#1241=ORIENTED_EDGE('',*,*,#960,.T.);
#1242=ORIENTED_EDGE('',*,*,#939,.T.);
#1243=ORIENTED_EDGE('',*,*,#936,.F.);
#1244=ORIENTED_EDGE('',*,*,#961,.F.);
#1245=ORIENTED_EDGE('',*,*,#962,.F.);
#1246=ORIENTED_EDGE('',*,*,#943,.F.);
#1247=ORIENTED_EDGE('',*,*,#944,.T.);
#1248=ORIENTED_EDGE('',*,*,#962,.T.);
#1249=ORIENTED_EDGE('',*,*,#963,.T.);
#1250=ORIENTED_EDGE('',*,*,#964,.T.);
#1251=ORIENTED_EDGE('',*,*,#963,.F.);
#1252=ORIENTED_EDGE('',*,*,#965,.T.);
#1253=ORIENTED_EDGE('',*,*,#966,.T.);
#1254=ORIENTED_EDGE('',*,*,#964,.F.);
#1255=ORIENTED_EDGE('',*,*,#967,.F.);
#1256=ORIENTED_EDGE('',*,*,#968,.F.);
#1257=ORIENTED_EDGE('',*,*,#945,.F.);
#1258=ORIENTED_EDGE('',*,*,#969,.T.);
#1259=ORIENTED_EDGE('',*,*,#970,.F.);
#1260=ORIENTED_EDGE('',*,*,#971,.T.);
#1261=ORIENTED_EDGE('',*,*,#972,.F.);
#1262=ORIENTED_EDGE('',*,*,#973,.T.);
#1263=ORIENTED_EDGE('',*,*,#972,.T.);
#1264=ORIENTED_EDGE('',*,*,#974,.F.);
#1265=ORIENTED_EDGE('',*,*,#975,.T.);
#1266=ORIENTED_EDGE('',*,*,#976,.F.);
#1267=ORIENTED_EDGE('',*,*,#977,.F.);
#1268=ORIENTED_EDGE('',*,*,#978,.T.);
#1269=ORIENTED_EDGE('',*,*,#979,.T.);
#1270=ORIENTED_EDGE('',*,*,#980,.T.);
#1271=ORIENTED_EDGE('',*,*,#981,.F.);
#1272=ORIENTED_EDGE('',*,*,#982,.F.);
#1273=ORIENTED_EDGE('',*,*,#971,.F.);
#1274=ORIENTED_EDGE('',*,*,#983,.T.);
#1275=ORIENTED_EDGE('',*,*,#984,.F.);
#1276=ORIENTED_EDGE('',*,*,#974,.T.);
#1277=ORIENTED_EDGE('',*,*,#985,.F.);
#1278=ORIENTED_EDGE('',*,*,#986,.T.);
#1279=ORIENTED_EDGE('',*,*,#975,.F.);
#1280=ORIENTED_EDGE('',*,*,#984,.T.);
#1281=ORIENTED_EDGE('',*,*,#986,.F.);
#1282=ORIENTED_EDGE('',*,*,#987,.T.);
#1283=ORIENTED_EDGE('',*,*,#988,.T.);
#1284=ORIENTED_EDGE('',*,*,#989,.F.);
#1285=ORIENTED_EDGE('',*,*,#990,.F.);
#1286=ORIENTED_EDGE('',*,*,#991,.T.);
#1287=ORIENTED_EDGE('',*,*,#992,.F.);
#1288=ORIENTED_EDGE('',*,*,#976,.T.);
#1289=ORIENTED_EDGE('',*,*,#993,.T.);
#1290=ORIENTED_EDGE('',*,*,#970,.T.);
#1291=ORIENTED_EDGE('',*,*,#994,.F.);
#1292=ORIENTED_EDGE('',*,*,#995,.F.);
#1293=ORIENTED_EDGE('',*,*,#996,.F.);
#1294=ORIENTED_EDGE('',*,*,#997,.F.);
#1295=ORIENTED_EDGE('',*,*,#987,.F.);
#1296=ORIENTED_EDGE('',*,*,#985,.T.);
#1297=ORIENTED_EDGE('',*,*,#983,.F.);
#1298=ORIENTED_EDGE('',*,*,#973,.F.);
#1299=ORIENTED_EDGE('',*,*,#982,.T.);
#1300=ORIENTED_EDGE('',*,*,#998,.T.);
#1301=ORIENTED_EDGE('',*,*,#999,.T.);
#1302=ORIENTED_EDGE('',*,*,#1000,.T.);
#1303=ORIENTED_EDGE('',*,*,#1001,.F.);
#1304=ORIENTED_EDGE('',*,*,#1002,.F.);
#1305=ORIENTED_EDGE('',*,*,#994,.T.);
#1306=ORIENTED_EDGE('',*,*,#1003,.T.);
#1307=ORIENTED_EDGE('',*,*,#938,.F.);
#1308=ORIENTED_EDGE('',*,*,#1004,.T.);
#1309=ORIENTED_EDGE('',*,*,#965,.F.);
#1310=ORIENTED_EDGE('',*,*,#961,.T.);
#1311=ORIENTED_EDGE('',*,*,#937,.F.);
#1312=ORIENTED_EDGE('',*,*,#941,.T.);
#1313=ORIENTED_EDGE('',*,*,#1005,.F.);
#1314=ORIENTED_EDGE('',*,*,#1006,.F.);
#1315=ORIENTED_EDGE('',*,*,#1007,.T.);
#1316=ORIENTED_EDGE('',*,*,#966,.F.);
#1317=ORIENTED_EDGE('',*,*,#1008,.T.);
#1318=ORIENTED_EDGE('',*,*,#1009,.F.);
#1319=ORIENTED_EDGE('',*,*,#1010,.T.);
#1320=ORIENTED_EDGE('',*,*,#967,.T.);
#1321=ORIENTED_EDGE('',*,*,#969,.F.);
#1322=ORIENTED_EDGE('',*,*,#1011,.T.);
#1323=ORIENTED_EDGE('',*,*,#993,.F.);
#1324=ORIENTED_EDGE('',*,*,#1011,.F.);
#1325=ORIENTED_EDGE('',*,*,#1003,.F.);
#1326=ORIENTED_EDGE('',*,*,#1012,.T.);
#1327=ORIENTED_EDGE('',*,*,#942,.F.);
#1328=ORIENTED_EDGE('',*,*,#1012,.F.);
#1329=ORIENTED_EDGE('',*,*,#1013,.T.);
#1330=ORIENTED_EDGE('',*,*,#998,.F.);
#1331=ORIENTED_EDGE('',*,*,#981,.T.);
#1332=ORIENTED_EDGE('',*,*,#1014,.T.);
#1333=ORIENTED_EDGE('',*,*,#1015,.F.);
#1334=ORIENTED_EDGE('',*,*,#1006,.T.);
#1335=ORIENTED_EDGE('',*,*,#1000,.F.);
#1336=ORIENTED_EDGE('',*,*,#1016,.F.);
#1337=ORIENTED_EDGE('',*,*,#1017,.F.);
#1338=ORIENTED_EDGE('',*,*,#1018,.T.);
#1339=ORIENTED_EDGE('',*,*,#1009,.T.);
#1340=ORIENTED_EDGE('',*,*,#1019,.F.);
#1341=ORIENTED_EDGE('',*,*,#1020,.T.);
#1342=ORIENTED_EDGE('',*,*,#977,.T.);
#1343=ORIENTED_EDGE('',*,*,#992,.T.);
#1344=ORIENTED_EDGE('',*,*,#1021,.T.);
#1345=ORIENTED_EDGE('',*,*,#1020,.F.);
#1346=ORIENTED_EDGE('',*,*,#1022,.F.);
#1347=ORIENTED_EDGE('',*,*,#1023,.T.);
#1348=ORIENTED_EDGE('',*,*,#978,.F.);
#1349=ORIENTED_EDGE('',*,*,#1024,.T.);
#1350=ORIENTED_EDGE('',*,*,#1025,.T.);
#1351=ORIENTED_EDGE('',*,*,#1026,.T.);
#1352=ORIENTED_EDGE('',*,*,#1027,.T.);
#1353=ORIENTED_EDGE('',*,*,#1025,.F.);
#1354=ORIENTED_EDGE('',*,*,#1028,.F.);
#1355=ORIENTED_EDGE('',*,*,#988,.F.);
#1356=ORIENTED_EDGE('',*,*,#997,.T.);
#1357=ORIENTED_EDGE('',*,*,#1029,.F.);
#1358=ORIENTED_EDGE('',*,*,#1024,.F.);
#1359=ORIENTED_EDGE('',*,*,#1030,.T.);
#1360=ORIENTED_EDGE('',*,*,#1031,.F.);
#1361=ORIENTED_EDGE('',*,*,#1032,.T.);
#1362=ORIENTED_EDGE('',*,*,#1033,.F.);
#1363=ORIENTED_EDGE('',*,*,#1034,.F.);
#1364=ORIENTED_EDGE('',*,*,#1035,.F.);
#1365=ORIENTED_EDGE('',*,*,#1036,.T.);
#1366=ORIENTED_EDGE('',*,*,#1037,.F.);
#1367=ORIENTED_EDGE('',*,*,#989,.T.);
#1368=ORIENTED_EDGE('',*,*,#1028,.T.);
#1369=ORIENTED_EDGE('',*,*,#1038,.T.);
#1370=ORIENTED_EDGE('',*,*,#1039,.T.);
#1371=ORIENTED_EDGE('',*,*,#1040,.T.);
#1372=ORIENTED_EDGE('',*,*,#1041,.T.);
#1373=ORIENTED_EDGE('',*,*,#1041,.F.);
#1374=ORIENTED_EDGE('',*,*,#1042,.F.);
#1375=ORIENTED_EDGE('',*,*,#995,.T.);
#1376=ORIENTED_EDGE('',*,*,#1002,.T.);
#1377=ORIENTED_EDGE('',*,*,#1043,.F.);
#1378=ORIENTED_EDGE('',*,*,#1026,.F.);
#1379=ORIENTED_EDGE('',*,*,#1029,.T.);
#1380=ORIENTED_EDGE('',*,*,#996,.T.);
#1381=ORIENTED_EDGE('',*,*,#1042,.T.);
#1382=ORIENTED_EDGE('',*,*,#1040,.F.);
#1383=ORIENTED_EDGE('',*,*,#1044,.T.);
#1384=ORIENTED_EDGE('',*,*,#1045,.F.);
#1385=ORIENTED_EDGE('',*,*,#1046,.F.);
#1386=ORIENTED_EDGE('',*,*,#1047,.F.);
#1387=ORIENTED_EDGE('',*,*,#1048,.T.);
#1388=ORIENTED_EDGE('',*,*,#1013,.F.);
#1389=ORIENTED_EDGE('',*,*,#1005,.T.);
#1390=ORIENTED_EDGE('',*,*,#1049,.T.);
#1391=ORIENTED_EDGE('',*,*,#1050,.T.);
#1392=ORIENTED_EDGE('',*,*,#1051,.T.);
#1393=ORIENTED_EDGE('',*,*,#1052,.T.);
#1394=ORIENTED_EDGE('',*,*,#1016,.T.);
#1395=ORIENTED_EDGE('',*,*,#999,.F.);
#1396=ORIENTED_EDGE('',*,*,#1053,.T.);
#1397=ORIENTED_EDGE('',*,*,#1054,.T.);
#1398=ORIENTED_EDGE('',*,*,#1055,.T.);
#1399=ORIENTED_EDGE('',*,*,#1056,.T.);
#1400=ORIENTED_EDGE('',*,*,#1057,.T.);
#1401=ORIENTED_EDGE('',*,*,#1058,.T.);
#1402=ORIENTED_EDGE('',*,*,#1059,.T.);
#1403=ORIENTED_EDGE('',*,*,#1060,.T.);
#1404=ORIENTED_EDGE('',*,*,#1056,.F.);
#1405=ORIENTED_EDGE('',*,*,#1061,.T.);
#1406=ORIENTED_EDGE('',*,*,#1062,.T.);
#1407=ORIENTED_EDGE('',*,*,#1063,.T.);
#1408=ORIENTED_EDGE('',*,*,#1059,.F.);
#1409=ORIENTED_EDGE('',*,*,#1064,.T.);
#1410=ORIENTED_EDGE('',*,*,#1065,.T.);
#1411=ORIENTED_EDGE('',*,*,#1066,.T.);
#1412=ORIENTED_EDGE('',*,*,#1067,.T.);
#1413=ORIENTED_EDGE('',*,*,#1068,.T.);
#1414=ORIENTED_EDGE('',*,*,#1069,.T.);
#1415=ORIENTED_EDGE('',*,*,#1070,.T.);
#1416=ORIENTED_EDGE('',*,*,#1065,.F.);
#1417=ORIENTED_EDGE('',*,*,#1071,.T.);
#1418=ORIENTED_EDGE('',*,*,#991,.F.);
#1419=ORIENTED_EDGE('',*,*,#1072,.T.);
#1420=ORIENTED_EDGE('',*,*,#1073,.T.);
#1421=ORIENTED_EDGE('',*,*,#1074,.T.);
#1422=ORIENTED_EDGE('',*,*,#1069,.F.);
#1423=ORIENTED_EDGE('',*,*,#1075,.T.);
#1424=ORIENTED_EDGE('',*,*,#1010,.F.);
#1425=ORIENTED_EDGE('',*,*,#1021,.F.);
#1426=ORIENTED_EDGE('',*,*,#1076,.T.);
#1427=ORIENTED_EDGE('',*,*,#1077,.T.);
#1428=ORIENTED_EDGE('',*,*,#1078,.T.);
#1429=ORIENTED_EDGE('',*,*,#1079,.T.);
#1430=ORIENTED_EDGE('',*,*,#1054,.F.);
#1431=ORIENTED_EDGE('',*,*,#1080,.T.);
#1432=ORIENTED_EDGE('',*,*,#1081,.T.);
#1433=ORIENTED_EDGE('',*,*,#1078,.F.);
#1434=ORIENTED_EDGE('',*,*,#1082,.T.);
#1435=ORIENTED_EDGE('',*,*,#1083,.T.);
#1436=ORIENTED_EDGE('',*,*,#1084,.T.);
#1437=ORIENTED_EDGE('',*,*,#1050,.F.);
#1438=ORIENTED_EDGE('',*,*,#1085,.T.);
#1439=ORIENTED_EDGE('',*,*,#1086,.T.);
#1440=ORIENTED_EDGE('',*,*,#1087,.T.);
#1441=ORIENTED_EDGE('',*,*,#1083,.F.);
#1442=ORIENTED_EDGE('',*,*,#1088,.T.);
#1443=ORIENTED_EDGE('',*,*,#1089,.T.);
#1444=ORIENTED_EDGE('',*,*,#1090,.T.);
#1445=ORIENTED_EDGE('',*,*,#1091,.T.);
#1446=ORIENTED_EDGE('',*,*,#1092,.T.);
#1447=ORIENTED_EDGE('',*,*,#1093,.T.);
#1448=ORIENTED_EDGE('',*,*,#1094,.T.);
#1449=ORIENTED_EDGE('',*,*,#1089,.F.);
#1450=ORIENTED_EDGE('',*,*,#1095,.T.);
#1451=ORIENTED_EDGE('',*,*,#1096,.T.);
#1452=ORIENTED_EDGE('',*,*,#1097,.T.);
#1453=ORIENTED_EDGE('',*,*,#1093,.F.);
#1454=ORIENTED_EDGE('',*,*,#1098,.T.);
#1455=ORIENTED_EDGE('',*,*,#1099,.T.);
#1456=ORIENTED_EDGE('',*,*,#1100,.T.);
#1457=ORIENTED_EDGE('',*,*,#1101,.T.);
#1458=ORIENTED_EDGE('',*,*,#1099,.F.);
#1459=ORIENTED_EDGE('',*,*,#1102,.T.);
#1460=ORIENTED_EDGE('',*,*,#1103,.T.);
#1461=ORIENTED_EDGE('',*,*,#1104,.T.);
#1462=ORIENTED_EDGE('',*,*,#1105,.T.);
#1463=ORIENTED_EDGE('',*,*,#1106,.T.);
#1464=ORIENTED_EDGE('',*,*,#1103,.F.);
#1465=ORIENTED_EDGE('',*,*,#1107,.T.);
#1466=ORIENTED_EDGE('',*,*,#1068,.F.);
#1467=ORIENTED_EDGE('',*,*,#1108,.F.);
#1468=ORIENTED_EDGE('',*,*,#1109,.T.);
#1469=ORIENTED_EDGE('',*,*,#1110,.F.);
#1470=ORIENTED_EDGE('',*,*,#1062,.F.);
#1471=ORIENTED_EDGE('',*,*,#1110,.T.);
#1472=ORIENTED_EDGE('',*,*,#1111,.F.);
#1473=ORIENTED_EDGE('',*,*,#1112,.T.);
#1474=ORIENTED_EDGE('',*,*,#1113,.T.);
#1475=ORIENTED_EDGE('',*,*,#1032,.F.);
#1476=ORIENTED_EDGE('',*,*,#1114,.T.);
#1477=ORIENTED_EDGE('',*,*,#1058,.F.);
#1478=ORIENTED_EDGE('',*,*,#1115,.T.);
#1479=ORIENTED_EDGE('',*,*,#1067,.F.);
#1480=ORIENTED_EDGE('',*,*,#1116,.T.);
#1481=ORIENTED_EDGE('',*,*,#1073,.F.);
#1482=ORIENTED_EDGE('',*,*,#1117,.T.);
#1483=ORIENTED_EDGE('',*,*,#1036,.F.);
#1484=ORIENTED_EDGE('',*,*,#1118,.T.);
#1485=ORIENTED_EDGE('',*,*,#1119,.T.);
#1486=ORIENTED_EDGE('',*,*,#1120,.F.);
#1487=ORIENTED_EDGE('',*,*,#1108,.T.);
#1488=ORIENTED_EDGE('',*,*,#990,.T.);
#1489=ORIENTED_EDGE('',*,*,#1037,.T.);
#1490=ORIENTED_EDGE('',*,*,#1117,.F.);
#1491=ORIENTED_EDGE('',*,*,#1072,.F.);
#1492=ORIENTED_EDGE('',*,*,#1052,.F.);
#1493=ORIENTED_EDGE('',*,*,#1121,.T.);
#1494=ORIENTED_EDGE('',*,*,#1086,.F.);
#1495=ORIENTED_EDGE('',*,*,#1122,.T.);
#1496=ORIENTED_EDGE('',*,*,#1123,.F.);
#1497=ORIENTED_EDGE('',*,*,#1124,.T.);
#1498=ORIENTED_EDGE('',*,*,#1125,.T.);
#1499=ORIENTED_EDGE('',*,*,#1126,.F.);
#1500=ORIENTED_EDGE('',*,*,#1017,.T.);
#1501=ORIENTED_EDGE('',*,*,#1092,.F.);
#1502=ORIENTED_EDGE('',*,*,#1127,.F.);
#1503=ORIENTED_EDGE('',*,*,#1128,.T.);
#1504=ORIENTED_EDGE('',*,*,#1122,.F.);
#1505=ORIENTED_EDGE('',*,*,#1091,.F.);
#1506=ORIENTED_EDGE('',*,*,#1129,.T.);
#1507=ORIENTED_EDGE('',*,*,#1096,.F.);
#1508=ORIENTED_EDGE('',*,*,#1130,.T.);
#1509=ORIENTED_EDGE('',*,*,#1131,.F.);
#1510=ORIENTED_EDGE('',*,*,#1132,.T.);
#1511=ORIENTED_EDGE('',*,*,#1133,.T.);
#1512=ORIENTED_EDGE('',*,*,#1134,.F.);
#1513=ORIENTED_EDGE('',*,*,#1127,.T.);
#1514=ORIENTED_EDGE('',*,*,#1100,.F.);
#1515=ORIENTED_EDGE('',*,*,#1101,.F.);
#1516=ORIENTED_EDGE('',*,*,#1135,.F.);
#1517=ORIENTED_EDGE('',*,*,#1136,.T.);
#1518=ORIENTED_EDGE('',*,*,#1137,.T.);
#1519=ORIENTED_EDGE('',*,*,#1130,.F.);
#1520=ORIENTED_EDGE('',*,*,#1090,.F.);
#1521=ORIENTED_EDGE('',*,*,#1094,.F.);
#1522=ORIENTED_EDGE('',*,*,#1097,.F.);
#1523=ORIENTED_EDGE('',*,*,#1129,.F.);
#1524=ORIENTED_EDGE('',*,*,#1106,.F.);
#1525=ORIENTED_EDGE('',*,*,#1138,.T.);
#1526=ORIENTED_EDGE('',*,*,#1135,.T.);
#1527=ORIENTED_EDGE('',*,*,#1104,.F.);
#1528=ORIENTED_EDGE('',*,*,#1051,.F.);
#1529=ORIENTED_EDGE('',*,*,#1084,.F.);
#1530=ORIENTED_EDGE('',*,*,#1087,.F.);
#1531=ORIENTED_EDGE('',*,*,#1121,.F.);
#1532=ORIENTED_EDGE('',*,*,#1004,.F.);
#1533=ORIENTED_EDGE('',*,*,#1007,.F.);
#1534=ORIENTED_EDGE('',*,*,#1015,.T.);
#1535=ORIENTED_EDGE('',*,*,#1139,.T.);
#1536=ORIENTED_EDGE('',*,*,#1140,.T.);
#1537=ORIENTED_EDGE('',*,*,#1022,.T.);
#1538=ORIENTED_EDGE('',*,*,#1019,.T.);
#1539=ORIENTED_EDGE('',*,*,#1008,.F.);
#1540=ORIENTED_EDGE('',*,*,#1066,.F.);
#1541=ORIENTED_EDGE('',*,*,#1070,.F.);
#1542=ORIENTED_EDGE('',*,*,#1074,.F.);
#1543=ORIENTED_EDGE('',*,*,#1116,.F.);
#1544=ORIENTED_EDGE('',*,*,#1077,.F.);
#1545=ORIENTED_EDGE('',*,*,#1141,.T.);
#1546=ORIENTED_EDGE('',*,*,#1142,.T.);
#1547=ORIENTED_EDGE('',*,*,#1082,.F.);
#1548=ORIENTED_EDGE('',*,*,#1143,.T.);
#1549=ORIENTED_EDGE('',*,*,#1125,.F.);
#1550=ORIENTED_EDGE('',*,*,#1144,.T.);
#1551=ORIENTED_EDGE('',*,*,#1145,.T.);
#1552=ORIENTED_EDGE('',*,*,#1146,.T.);
#1553=ORIENTED_EDGE('',*,*,#1124,.F.);
#1554=ORIENTED_EDGE('',*,*,#1147,.T.);
#1555=ORIENTED_EDGE('',*,*,#1133,.F.);
#1556=ORIENTED_EDGE('',*,*,#1148,.T.);
#1557=ORIENTED_EDGE('',*,*,#1149,.T.);
#1558=ORIENTED_EDGE('',*,*,#1144,.F.);
#1559=ORIENTED_EDGE('',*,*,#1150,.T.);
#1560=ORIENTED_EDGE('',*,*,#1148,.F.);
#1561=ORIENTED_EDGE('',*,*,#1132,.F.);
#1562=ORIENTED_EDGE('',*,*,#1151,.T.);
#1563=ORIENTED_EDGE('',*,*,#1152,.T.);
#1564=ORIENTED_EDGE('',*,*,#1153,.T.);
#1565=ORIENTED_EDGE('',*,*,#1146,.F.);
#1566=ORIENTED_EDGE('',*,*,#1154,.T.);
#1567=ORIENTED_EDGE('',*,*,#1152,.F.);
#1568=ORIENTED_EDGE('',*,*,#1154,.F.);
#1569=ORIENTED_EDGE('',*,*,#1155,.F.);
#1570=ORIENTED_EDGE('',*,*,#1156,.T.);
#1571=ORIENTED_EDGE('',*,*,#1157,.T.);
#1572=ORIENTED_EDGE('',*,*,#1145,.F.);
#1573=ORIENTED_EDGE('',*,*,#1158,.F.);
#1574=ORIENTED_EDGE('',*,*,#1159,.T.);
#1575=ORIENTED_EDGE('',*,*,#1155,.T.);
#1576=ORIENTED_EDGE('',*,*,#1147,.F.);
#1577=ORIENTED_EDGE('',*,*,#1123,.T.);
#1578=ORIENTED_EDGE('',*,*,#1128,.F.);
#1579=ORIENTED_EDGE('',*,*,#1134,.T.);
#1580=ORIENTED_EDGE('',*,*,#1038,.F.);
#1581=ORIENTED_EDGE('',*,*,#1043,.T.);
#1582=ORIENTED_EDGE('',*,*,#1001,.T.);
#1583=ORIENTED_EDGE('',*,*,#1018,.F.);
#1584=ORIENTED_EDGE('',*,*,#1126,.T.);
#1585=ORIENTED_EDGE('',*,*,#1143,.F.);
#1586=ORIENTED_EDGE('',*,*,#1153,.F.);
#1587=ORIENTED_EDGE('',*,*,#1151,.F.);
#1588=ORIENTED_EDGE('',*,*,#1131,.T.);
#1589=ORIENTED_EDGE('',*,*,#1137,.F.);
#1590=ORIENTED_EDGE('',*,*,#1160,.T.);
#1591=ORIENTED_EDGE('',*,*,#1118,.F.);
#1592=ORIENTED_EDGE('',*,*,#1035,.T.);
#1593=ORIENTED_EDGE('',*,*,#1161,.T.);
#1594=ORIENTED_EDGE('',*,*,#1162,.T.);
#1595=ORIENTED_EDGE('',*,*,#1163,.T.);
#1596=ORIENTED_EDGE('',*,*,#1034,.T.);
#1597=ORIENTED_EDGE('',*,*,#1164,.T.);
#1598=ORIENTED_EDGE('',*,*,#1165,.T.);
#1599=ORIENTED_EDGE('',*,*,#1161,.F.);
#1600=ORIENTED_EDGE('',*,*,#1113,.F.);
#1601=ORIENTED_EDGE('',*,*,#1166,.T.);
#1602=ORIENTED_EDGE('',*,*,#1167,.T.);
#1603=ORIENTED_EDGE('',*,*,#1164,.F.);
#1604=ORIENTED_EDGE('',*,*,#1033,.T.);
#1605=ORIENTED_EDGE('',*,*,#1112,.F.);
#1606=ORIENTED_EDGE('',*,*,#1168,.T.);
#1607=ORIENTED_EDGE('',*,*,#1119,.F.);
#1608=ORIENTED_EDGE('',*,*,#1163,.F.);
#1609=ORIENTED_EDGE('',*,*,#1169,.T.);
#1610=ORIENTED_EDGE('',*,*,#1166,.F.);
#1611=ORIENTED_EDGE('',*,*,#1168,.F.);
#1612=ORIENTED_EDGE('',*,*,#1111,.T.);
#1613=ORIENTED_EDGE('',*,*,#1109,.F.);
#1614=ORIENTED_EDGE('',*,*,#1120,.T.);
#1615=ORIENTED_EDGE('',*,*,#1169,.F.);
#1616=ORIENTED_EDGE('',*,*,#1170,.F.);
#1617=ORIENTED_EDGE('',*,*,#1171,.T.);
#1618=ORIENTED_EDGE('',*,*,#1172,.T.);
#1619=ORIENTED_EDGE('',*,*,#1162,.F.);
#1620=ORIENTED_EDGE('',*,*,#1173,.F.);
#1621=ORIENTED_EDGE('',*,*,#1174,.T.);
#1622=ORIENTED_EDGE('',*,*,#1170,.T.);
#1623=ORIENTED_EDGE('',*,*,#1156,.F.);
#1624=ORIENTED_EDGE('',*,*,#1159,.F.);
#1625=ORIENTED_EDGE('',*,*,#1175,.F.);
#1626=ORIENTED_EDGE('',*,*,#1176,.F.);
#1627=ORIENTED_EDGE('',*,*,#1149,.F.);
#1628=ORIENTED_EDGE('',*,*,#1177,.F.);
#1629=ORIENTED_EDGE('',*,*,#1175,.T.);
#1630=ORIENTED_EDGE('',*,*,#1158,.T.);
#1631=ORIENTED_EDGE('',*,*,#1150,.F.);
#1632=ORIENTED_EDGE('',*,*,#1157,.F.);
#1633=ORIENTED_EDGE('',*,*,#1176,.T.);
#1634=ORIENTED_EDGE('',*,*,#1177,.T.);
#1635=ORIENTED_EDGE('',*,*,#1171,.F.);
#1636=ORIENTED_EDGE('',*,*,#1174,.F.);
#1637=ORIENTED_EDGE('',*,*,#1178,.F.);
#1638=ORIENTED_EDGE('',*,*,#1179,.F.);
#1639=ORIENTED_EDGE('',*,*,#1165,.F.);
#1640=ORIENTED_EDGE('',*,*,#1180,.F.);
#1641=ORIENTED_EDGE('',*,*,#1178,.T.);
#1642=ORIENTED_EDGE('',*,*,#1173,.T.);
#1643=ORIENTED_EDGE('',*,*,#1167,.F.);
#1644=ORIENTED_EDGE('',*,*,#1172,.F.);
#1645=ORIENTED_EDGE('',*,*,#1179,.T.);
#1646=ORIENTED_EDGE('',*,*,#1180,.T.);
#1647=ORIENTED_EDGE('',*,*,#1079,.F.);
#1648=ORIENTED_EDGE('',*,*,#1181,.F.);
#1649=ORIENTED_EDGE('',*,*,#1182,.T.);
#1650=ORIENTED_EDGE('',*,*,#1183,.T.);
#1651=ORIENTED_EDGE('',*,*,#1184,.F.);
#1652=ORIENTED_EDGE('',*,*,#951,.F.);
#1653=ORIENTED_EDGE('',*,*,#1185,.T.);
#1654=ORIENTED_EDGE('',*,*,#1061,.F.);
#1655=ORIENTED_EDGE('',*,*,#1186,.T.);
#1656=ORIENTED_EDGE('',*,*,#949,.T.);
#1657=ORIENTED_EDGE('',*,*,#1187,.T.);
#1658=ORIENTED_EDGE('',*,*,#1055,.F.);
#1659=ORIENTED_EDGE('',*,*,#1185,.F.);
#1660=ORIENTED_EDGE('',*,*,#950,.F.);
#1661=ORIENTED_EDGE('',*,*,#1186,.F.);
#1662=ORIENTED_EDGE('',*,*,#1063,.F.);
#1663=ORIENTED_EDGE('',*,*,#1115,.F.);
#1664=ORIENTED_EDGE('',*,*,#1057,.F.);
#1665=ORIENTED_EDGE('',*,*,#1060,.F.);
#1666=ORIENTED_EDGE('',*,*,#1081,.F.);
#1667=ORIENTED_EDGE('',*,*,#1188,.T.);
#1668=ORIENTED_EDGE('',*,*,#1047,.T.);
#1669=ORIENTED_EDGE('',*,*,#1189,.T.);
#1670=ORIENTED_EDGE('',*,*,#952,.T.);
#1671=ORIENTED_EDGE('',*,*,#1184,.T.);
#1672=ORIENTED_EDGE('',*,*,#1190,.T.);
#1673=ORIENTED_EDGE('',*,*,#1181,.T.);
#1674=ORIENTED_EDGE('',*,*,#1189,.F.);
#1675=ORIENTED_EDGE('',*,*,#1046,.T.);
#1676=ORIENTED_EDGE('',*,*,#1191,.F.);
#1677=ORIENTED_EDGE('',*,*,#953,.F.);
#1678=ORIENTED_EDGE('',*,*,#1190,.F.);
#1679=ORIENTED_EDGE('',*,*,#1183,.F.);
#1680=ORIENTED_EDGE('',*,*,#1192,.T.);
#1681=ORIENTED_EDGE('',*,*,#1193,.F.);
#1682=ORIENTED_EDGE('',*,*,#1192,.F.);
#1683=ORIENTED_EDGE('',*,*,#1182,.F.);
#1684=ORIENTED_EDGE('',*,*,#1107,.F.);
#1685=ORIENTED_EDGE('',*,*,#1194,.T.);
#1686=ORIENTED_EDGE('',*,*,#1195,.T.);
#1687=ORIENTED_EDGE('',*,*,#1196,.T.);
#1688=ORIENTED_EDGE('',*,*,#954,.T.);
#1689=ORIENTED_EDGE('',*,*,#1191,.T.);
#1690=ORIENTED_EDGE('',*,*,#1045,.T.);
#1691=ORIENTED_EDGE('',*,*,#1197,.T.);
#1692=ORIENTED_EDGE('',*,*,#1095,.F.);
#1693=ORIENTED_EDGE('',*,*,#1198,.T.);
#1694=ORIENTED_EDGE('',*,*,#957,.T.);
#1695=ORIENTED_EDGE('',*,*,#1199,.T.);
#1696=ORIENTED_EDGE('',*,*,#1088,.F.);
#1697=ORIENTED_EDGE('',*,*,#1200,.F.);
#1698=ORIENTED_EDGE('',*,*,#958,.F.);
#1699=ORIENTED_EDGE('',*,*,#1198,.F.);
#1700=ORIENTED_EDGE('',*,*,#1085,.F.);
#1701=ORIENTED_EDGE('',*,*,#1201,.T.);
#1702=ORIENTED_EDGE('',*,*,#959,.T.);
#1703=ORIENTED_EDGE('',*,*,#1200,.T.);
#1704=ORIENTED_EDGE('',*,*,#1071,.F.);
#1705=ORIENTED_EDGE('',*,*,#1202,.T.);
#1706=ORIENTED_EDGE('',*,*,#947,.T.);
#1707=ORIENTED_EDGE('',*,*,#1203,.T.);
#1708=ORIENTED_EDGE('',*,*,#1064,.F.);
#1709=ORIENTED_EDGE('',*,*,#1187,.F.);
#1710=ORIENTED_EDGE('',*,*,#948,.F.);
#1711=ORIENTED_EDGE('',*,*,#1202,.F.);
#1712=ORIENTED_EDGE('',*,*,#1102,.F.);
#1713=ORIENTED_EDGE('',*,*,#1204,.T.);
#1714=ORIENTED_EDGE('',*,*,#955,.F.);
#1715=ORIENTED_EDGE('',*,*,#1196,.F.);
#1716=ORIENTED_EDGE('',*,*,#1205,.T.);
#1717=ORIENTED_EDGE('',*,*,#1206,.T.);
#1718=ORIENTED_EDGE('',*,*,#1194,.F.);
#1719=ORIENTED_EDGE('',*,*,#1207,.F.);
#1720=ORIENTED_EDGE('',*,*,#1208,.T.);
#1721=ORIENTED_EDGE('',*,*,#1205,.F.);
#1722=ORIENTED_EDGE('',*,*,#1195,.F.);
#1723=ORIENTED_EDGE('',*,*,#1206,.F.);
#1724=ORIENTED_EDGE('',*,*,#1208,.F.);
#1725=ORIENTED_EDGE('',*,*,#979,.F.);
#1726=ORIENTED_EDGE('',*,*,#1023,.F.);
#1727=ORIENTED_EDGE('',*,*,#1140,.F.);
#1728=ORIENTED_EDGE('',*,*,#1209,.F.);
#1729=ORIENTED_EDGE('',*,*,#1027,.F.);
#1730=ORIENTED_EDGE('',*,*,#1048,.F.);
#1731=ORIENTED_EDGE('',*,*,#1188,.F.);
#1732=ORIENTED_EDGE('',*,*,#1080,.F.);
#1733=ORIENTED_EDGE('',*,*,#1142,.F.);
#1734=ORIENTED_EDGE('',*,*,#1210,.F.);
#1735=ORIENTED_EDGE('',*,*,#1030,.F.);
#1736=ORIENTED_EDGE('',*,*,#1193,.T.);
#1737=ORIENTED_EDGE('',*,*,#1014,.F.);
#1738=ORIENTED_EDGE('',*,*,#980,.F.);
#1739=ORIENTED_EDGE('',*,*,#1209,.T.);
#1740=ORIENTED_EDGE('',*,*,#1139,.F.);
#1741=ORIENTED_EDGE('',*,*,#1039,.F.);
#1742=ORIENTED_EDGE('',*,*,#1160,.F.);
#1743=ORIENTED_EDGE('',*,*,#1136,.F.);
#1744=ORIENTED_EDGE('',*,*,#1138,.F.);
#1745=ORIENTED_EDGE('',*,*,#1105,.F.);
#1746=ORIENTED_EDGE('',*,*,#1197,.F.);
#1747=ORIENTED_EDGE('',*,*,#1044,.F.);
#1748=ORIENTED_EDGE('',*,*,#1207,.T.);
#1749=ORIENTED_EDGE('',*,*,#1098,.F.);
#1750=ORIENTED_EDGE('',*,*,#1199,.F.);
#1751=ORIENTED_EDGE('',*,*,#956,.F.);
#1752=ORIENTED_EDGE('',*,*,#1204,.F.);
#1753=ORIENTED_EDGE('',*,*,#1075,.F.);
#1754=ORIENTED_EDGE('',*,*,#1203,.F.);
#1755=ORIENTED_EDGE('',*,*,#946,.F.);
#1756=ORIENTED_EDGE('',*,*,#968,.T.);
#1757=ORIENTED_EDGE('',*,*,#1049,.F.);
#1758=ORIENTED_EDGE('',*,*,#940,.T.);
#1759=ORIENTED_EDGE('',*,*,#960,.F.);
#1760=ORIENTED_EDGE('',*,*,#1201,.F.);
#1761=ORIENTED_EDGE('',*,*,#1053,.F.);
#1762=ORIENTED_EDGE('',*,*,#1114,.F.);
#1763=ORIENTED_EDGE('',*,*,#1031,.T.);
#1764=ORIENTED_EDGE('',*,*,#1210,.T.);
#1765=ORIENTED_EDGE('',*,*,#1141,.F.);
#1766=ORIENTED_EDGE('',*,*,#1076,.F.);
#1767=CYLINDRICAL_SURFACE('',#1918,2.);
#1768=CYLINDRICAL_SURFACE('',#1935,2.);
#1769=CYLINDRICAL_SURFACE('',#1942,2.);
#1770=CYLINDRICAL_SURFACE('',#1949,2.);
#1771=CYLINDRICAL_SURFACE('',#1958,2.);
#1772=CYLINDRICAL_SURFACE('',#1959,2.);
#1773=CYLINDRICAL_SURFACE('',#1962,2.);
#1774=CYLINDRICAL_SURFACE('',#1965,1.6);
#1775=CYLINDRICAL_SURFACE('',#1966,1.6);
#1776=CYLINDRICAL_SURFACE('',#1980,3.75);
#1777=CYLINDRICAL_SURFACE('',#1982,2.);
#1778=CYLINDRICAL_SURFACE('',#1985,2.);
#1779=CYLINDRICAL_SURFACE('',#1992,2.);
#1780=CYLINDRICAL_SURFACE('',#1999,2.);
#1781=CYLINDRICAL_SURFACE('',#2001,2.);
#1782=CYLINDRICAL_SURFACE('',#2010,2.);
#1783=CYLINDRICAL_SURFACE('',#2017,2.);
#1784=CYLINDRICAL_SURFACE('',#2020,2.);
#1785=CYLINDRICAL_SURFACE('',#2049,2.5);
#1786=CYLINDRICAL_SURFACE('',#2052,2.5);
#1787=CYLINDRICAL_SURFACE('',#2054,2.5);
#1788=CYLINDRICAL_SURFACE('',#2056,2.5);
#1789=CYLINDRICAL_SURFACE('',#2061,2.5);
#1790=CYLINDRICAL_SURFACE('',#2064,2.5);
#1791=CYLINDRICAL_SURFACE('',#2066,2.5);
#1792=CYLINDRICAL_SURFACE('',#2068,2.5);
#1793=CYLINDRICAL_SURFACE('',#2081,4.);
#1794=CYLINDRICAL_SURFACE('',#2084,4.);
#1795=CYLINDRICAL_SURFACE('',#2086,1.6);
#1796=CYLINDRICAL_SURFACE('',#2088,4.);
#1797=CYLINDRICAL_SURFACE('',#2089,4.);
#1798=CYLINDRICAL_SURFACE('',#2091,4.);
#1799=CYLINDRICAL_SURFACE('',#2092,4.);
#1800=CYLINDRICAL_SURFACE('',#2097,1.6);
#1801=CYLINDRICAL_SURFACE('',#2099,1.);
#1802=ADVANCED_FACE('',(#124),#1767,.T.);
#1803=ADVANCED_FACE('',(#125),#122,.T.);
#1804=ADVANCED_FACE('',(#126,#57),#63,.F.);
#1805=ADVANCED_FACE('',(#127),#64,.F.);
#1806=ADVANCED_FACE('',(#128),#65,.T.);
#1807=ADVANCED_FACE('',(#129),#1768,.T.);
#1808=ADVANCED_FACE('',(#130),#123,.T.);
#1809=ADVANCED_FACE('',(#131,#58),#66,.F.);
#1810=ADVANCED_FACE('',(#132),#1769,.F.);
#1811=ADVANCED_FACE('',(#133),#67,.T.);
#1812=ADVANCED_FACE('',(#134),#68,.T.);
#1813=ADVANCED_FACE('',(#135),#1770,.F.);
#1814=ADVANCED_FACE('',(#136,#59),#69,.T.);
#1815=ADVANCED_FACE('',(#137),#70,.F.);
#1816=ADVANCED_FACE('',(#138,#60),#71,.T.);
#1817=ADVANCED_FACE('',(#139),#1771,.T.);
#1818=ADVANCED_FACE('',(#140),#1772,.T.);
#1819=ADVANCED_FACE('',(#141),#1773,.T.);
#1820=ADVANCED_FACE('',(#142),#1774,.F.);
#1821=ADVANCED_FACE('',(#143),#1775,.F.);
#1822=ADVANCED_FACE('',(#144),#72,.T.);
#1823=ADVANCED_FACE('',(#145),#73,.T.);
#1824=ADVANCED_FACE('',(#146),#74,.T.);
#1825=ADVANCED_FACE('',(#147),#75,.T.);
#1826=ADVANCED_FACE('',(#148),#76,.T.);
#1827=ADVANCED_FACE('',(#149),#77,.T.);
#1828=ADVANCED_FACE('',(#150),#78,.F.);
#1829=ADVANCED_FACE('',(#151),#79,.T.);
#1830=ADVANCED_FACE('',(#152),#80,.T.);
#1831=ADVANCED_FACE('',(#153),#1776,.F.);
#1832=ADVANCED_FACE('',(#154),#1777,.T.);
#1833=ADVANCED_FACE('',(#155),#1778,.T.);
#1834=ADVANCED_FACE('',(#156),#15,.F.);
#1835=ADVANCED_FACE('',(#157),#1779,.T.);
#1836=ADVANCED_FACE('',(#158),#16,.F.);
#1837=ADVANCED_FACE('',(#159),#1780,.T.);
#1838=ADVANCED_FACE('',(#160),#1781,.T.);
#1839=ADVANCED_FACE('',(#161),#17,.F.);
#1840=ADVANCED_FACE('',(#162),#18,.F.);
#1841=ADVANCED_FACE('',(#163),#1782,.T.);
#1842=ADVANCED_FACE('',(#164),#19,.F.);
#1843=ADVANCED_FACE('',(#165),#1783,.T.);
#1844=ADVANCED_FACE('',(#166),#1784,.T.);
#1845=ADVANCED_FACE('',(#167),#20,.F.);
#1846=ADVANCED_FACE('',(#168),#81,.T.);
#1847=ADVANCED_FACE('',(#169),#82,.T.);
#1848=ADVANCED_FACE('',(#170),#83,.T.);
#1849=ADVANCED_FACE('',(#171),#84,.T.);
#1850=ADVANCED_FACE('',(#172),#85,.T.);
#1851=ADVANCED_FACE('',(#173),#86,.T.);
#1852=ADVANCED_FACE('',(#174),#87,.T.);
#1853=ADVANCED_FACE('',(#175),#88,.T.);
#1854=ADVANCED_FACE('',(#176),#89,.T.);
#1855=ADVANCED_FACE('',(#177),#90,.T.);
#1856=ADVANCED_FACE('',(#178),#91,.T.);
#1857=ADVANCED_FACE('',(#179),#92,.T.);
#1858=ADVANCED_FACE('',(#180),#93,.T.);
#1859=ADVANCED_FACE('',(#181),#94,.T.);
#1860=ADVANCED_FACE('',(#182),#1785,.T.);
#1861=ADVANCED_FACE('',(#183),#1786,.T.);
#1862=ADVANCED_FACE('',(#184),#1787,.T.);
#1863=ADVANCED_FACE('',(#185),#1788,.T.);
#1864=ADVANCED_FACE('',(#186),#95,.T.);
#1865=ADVANCED_FACE('',(#187),#96,.T.);
#1866=ADVANCED_FACE('',(#188),#97,.F.);
#1867=ADVANCED_FACE('',(#189),#98,.F.);
#1868=ADVANCED_FACE('',(#190),#1789,.T.);
#1869=ADVANCED_FACE('',(#191),#1790,.T.);
#1870=ADVANCED_FACE('',(#192),#1791,.T.);
#1871=ADVANCED_FACE('',(#193),#1792,.T.);
#1872=ADVANCED_FACE('',(#194),#99,.F.);
#1873=ADVANCED_FACE('',(#195),#100,.T.);
#1874=ADVANCED_FACE('',(#196),#101,.T.);
#1875=ADVANCED_FACE('',(#197),#102,.F.);
#1876=ADVANCED_FACE('',(#198),#103,.T.);
#1877=ADVANCED_FACE('',(#199),#104,.T.);
#1878=ADVANCED_FACE('',(#200),#105,.F.);
#1879=ADVANCED_FACE('',(#201),#106,.T.);
#1880=ADVANCED_FACE('',(#202),#107,.T.);
#1881=ADVANCED_FACE('',(#203),#108,.F.);
#1882=ADVANCED_FACE('',(#204),#1793,.T.);
#1883=ADVANCED_FACE('',(#205),#109,.F.);
#1884=ADVANCED_FACE('',(#206),#110,.T.);
#1885=ADVANCED_FACE('',(#207),#1794,.T.);
#1886=ADVANCED_FACE('',(#208),#111,.F.);
#1887=ADVANCED_FACE('',(#209),#1795,.F.);
#1888=ADVANCED_FACE('',(#210),#1796,.T.);
#1889=ADVANCED_FACE('',(#211),#1797,.T.);
#1890=ADVANCED_FACE('',(#212),#112,.F.);
#1891=ADVANCED_FACE('',(#213),#1798,.T.);
#1892=ADVANCED_FACE('',(#214),#1799,.T.);
#1893=ADVANCED_FACE('',(#215),#113,.F.);
#1894=ADVANCED_FACE('',(#216),#114,.F.);
#1895=ADVANCED_FACE('',(#217),#1800,.F.);
#1896=ADVANCED_FACE('',(#218),#1801,.F.);
#1897=ADVANCED_FACE('',(#219,#61),#115,.T.);
#1898=ADVANCED_FACE('',(#220),#116,.T.);
#1899=ADVANCED_FACE('',(#221,#62),#117,.T.);
#1900=ADVANCED_FACE('',(#222),#118,.F.);
#1901=ADVANCED_FACE('',(#223),#119,.F.);
#1902=ADVANCED_FACE('',(#224),#120,.F.);
#1903=ADVANCED_FACE('',(#225),#121,.T.);
#1904=CLOSED_SHELL('',(#1802,#1803,#1804,#1805,#1806,#1807,#1808,#1809,
#1810,#1811,#1812,#1813,#1814,#1815,#1816,#1817,#1818,#1819,#1820,#1821,
#1822,#1823,#1824,#1825,#1826,#1827,#1828,#1829,#1830,#1831,#1832,#1833,
#1834,#1835,#1836,#1837,#1838,#1839,#1840,#1841,#1842,#1843,#1844,#1845,
#1846,#1847,#1848,#1849,#1850,#1851,#1852,#1853,#1854,#1855,#1856,#1857,
#1858,#1859,#1860,#1861,#1862,#1863,#1864,#1865,#1866,#1867,#1868,#1869,
#1870,#1871,#1872,#1873,#1874,#1875,#1876,#1877,#1878,#1879,#1880,#1881,
#1882,#1883,#1884,#1885,#1886,#1887,#1888,#1889,#1890,#1891,#1892,#1893,
#1894,#1895,#1896,#1897,#1898,#1899,#1900,#1901,#1902,#1903));
#1905=DERIVED_UNIT_ELEMENT(#1907,1.);
#1906=DERIVED_UNIT_ELEMENT(#3349,-3.);
#1907=(
MASS_UNIT()
NAMED_UNIT(*)
SI_UNIT(.KILO.,.GRAM.)
);
#1908=DERIVED_UNIT((#1905,#1906));
#1909=MEASURE_REPRESENTATION_ITEM('density measure',
POSITIVE_RATIO_MEASURE(7850.),#1908);
#1910=PROPERTY_DEFINITION_REPRESENTATION(#1915,#1912);
#1911=PROPERTY_DEFINITION_REPRESENTATION(#1916,#1913);
#1912=REPRESENTATION('material name',(#1914),#3346);
#1913=REPRESENTATION('density',(#1909),#3346);
#1914=DESCRIPTIVE_REPRESENTATION_ITEM('Steel','Steel');
#1915=PROPERTY_DEFINITION('material property','material name',#3356);
#1916=PROPERTY_DEFINITION('material property','density of part',#3356);
#1917=AXIS2_PLACEMENT_3D('',#2668,#2107,#2108);
#1918=AXIS2_PLACEMENT_3D('',#2669,#2109,#2110);
#1919=AXIS2_PLACEMENT_3D('',#2672,#2111,#2112);
#1920=AXIS2_PLACEMENT_3D('',#2676,#2114,#2115);
#1921=AXIS2_PLACEMENT_3D('',#2678,#2117,#2118);
#1922=AXIS2_PLACEMENT_3D('',#2680,#2119,#2120);
#1923=AXIS2_PLACEMENT_3D('',#2681,#2121,#2122);
#1924=AXIS2_PLACEMENT_3D('',#2682,#2123,#2124);
#1925=AXIS2_PLACEMENT_3D('',#2689,#2128,#2129);
#1926=AXIS2_PLACEMENT_3D('',#2690,#2130,#2131);
#1927=AXIS2_PLACEMENT_3D('',#2694,#2133,#2134);
#1928=AXIS2_PLACEMENT_3D('',#2700,#2137,#2138);
#1929=AXIS2_PLACEMENT_3D('',#2704,#2140,#2141);
#1930=AXIS2_PLACEMENT_3D('',#2710,#2144,#2145);
#1931=AXIS2_PLACEMENT_3D('',#2714,#2147,#2148);
#1932=AXIS2_PLACEMENT_3D('',#2720,#2151,#2152);
#1933=AXIS2_PLACEMENT_3D('',#2724,#2154,#2155);
#1934=AXIS2_PLACEMENT_3D('',#2726,#2157,#2158);
#1935=AXIS2_PLACEMENT_3D('',#2730,#2161,#2162);
#1936=AXIS2_PLACEMENT_3D('',#2732,#2163,#2164);
#1937=AXIS2_PLACEMENT_3D('',#2734,#2166,#2167);
#1938=AXIS2_PLACEMENT_3D('',#2736,#2168,#2169);
#1939=AXIS2_PLACEMENT_3D('',#2737,#2170,#2171);
#1940=AXIS2_PLACEMENT_3D('',#2738,#2172,#2173);
#1941=AXIS2_PLACEMENT_3D('',#2743,#2176,#2177);
#1942=AXIS2_PLACEMENT_3D('',#2744,#2178,#2179);
#1943=AXIS2_PLACEMENT_3D('',#2747,#2180,#2181);
#1944=AXIS2_PLACEMENT_3D('',#2751,#2183,#2184);
#1945=AXIS2_PLACEMENT_3D('',#2753,#2186,#2187);
#1946=AXIS2_PLACEMENT_3D('',#2757,#2189,#2190);
#1947=AXIS2_PLACEMENT_3D('',#2765,#2194,#2195);
#1948=AXIS2_PLACEMENT_3D('',#2771,#2199,#2200);
#1949=AXIS2_PLACEMENT_3D('',#2775,#2203,#2204);
#1950=AXIS2_PLACEMENT_3D('',#2777,#2205,#2206);
#1951=AXIS2_PLACEMENT_3D('',#2779,#2208,#2209);
#1952=AXIS2_PLACEMENT_3D('',#2789,#2214,#2215);
#1953=AXIS2_PLACEMENT_3D('',#2792,#2217,#2218);
#1954=AXIS2_PLACEMENT_3D('',#2793,#2219,#2220);
#1955=AXIS2_PLACEMENT_3D('',#2801,#2225,#2226);
#1956=AXIS2_PLACEMENT_3D('',#2805,#2228,#2229);
#1957=AXIS2_PLACEMENT_3D('',#2812,#2233,#2234);
#1958=AXIS2_PLACEMENT_3D('',#2813,#2235,#2236);
#1959=AXIS2_PLACEMENT_3D('',#2815,#2238,#2239);
#1960=AXIS2_PLACEMENT_3D('',#2817,#2240,#2241);
#1961=AXIS2_PLACEMENT_3D('',#2819,#2242,#2243);
#1962=AXIS2_PLACEMENT_3D('',#2821,#2245,#2246);
#1963=AXIS2_PLACEMENT_3D('',#2825,#2248,#2249);
#1964=AXIS2_PLACEMENT_3D('',#2826,#2250,#2251);
#1965=AXIS2_PLACEMENT_3D('',#2827,#2252,#2253);
#1966=AXIS2_PLACEMENT_3D('',#2829,#2255,#2256);
#1967=AXIS2_PLACEMENT_3D('',#2831,#2258,#2259);
#1968=AXIS2_PLACEMENT_3D('',#2836,#2263,#2264);
#1969=AXIS2_PLACEMENT_3D('',#2842,#2268,#2269);
#1970=AXIS2_PLACEMENT_3D('',#2847,#2273,#2274);
#1971=AXIS2_PLACEMENT_3D('',#2851,#2277,#2278);
#1972=AXIS2_PLACEMENT_3D('',#2858,#2281,#2282);
#1973=AXIS2_PLACEMENT_3D('',#2860,#2284,#2285);
#1974=AXIS2_PLACEMENT_3D('',#2862,#2287,#2288);
#1975=AXIS2_PLACEMENT_3D('',#2863,#2289,#2290);
#1976=AXIS2_PLACEMENT_3D('',#2879,#2299,#2300);
#1977=AXIS2_PLACEMENT_3D('',#2886,#2303,#2304);
#1978=AXIS2_PLACEMENT_3D('',#2888,#2306,#2307);
#1979=AXIS2_PLACEMENT_3D('',#2889,#2308,#2309);
#1980=AXIS2_PLACEMENT_3D('',#2891,#2311,#2312);
#1981=AXIS2_PLACEMENT_3D('',#2919,#2314,#2315);
#1982=AXIS2_PLACEMENT_3D('',#2945,#2317,#2318);
#1983=AXIS2_PLACEMENT_3D('',#2949,#2320,#2321);
#1984=AXIS2_PLACEMENT_3D('',#2952,#2323,#2324);
#1985=AXIS2_PLACEMENT_3D('',#2953,#2325,#2326);
#1986=AXIS2_PLACEMENT_3D('',#2958,#2328,#2329);
#1987=AXIS2_PLACEMENT_3D('',#2962,#2331,#2332);
#1988=AXIS2_PLACEMENT_3D('',#2965,#2334,#2335);
#1989=AXIS2_PLACEMENT_3D('',#2977,#2336,#2337);
#1990=AXIS2_PLACEMENT_3D('',#2978,#2338,#2339);
#1991=AXIS2_PLACEMENT_3D('',#2979,#2340,#2341);
#1992=AXIS2_PLACEMENT_3D('',#2980,#2342,#2343);
#1993=AXIS2_PLACEMENT_3D('',#2983,#2344,#2345);
#1994=AXIS2_PLACEMENT_3D('',#2988,#2348,#2349);
#1995=AXIS2_PLACEMENT_3D('',#2992,#2351,#2352);
#1996=AXIS2_PLACEMENT_3D('',#3005,#2354,#2355);
#1997=AXIS2_PLACEMENT_3D('',#3006,#2356,#2357);
#1998=AXIS2_PLACEMENT_3D('',#3007,#2358,#2359);
#1999=AXIS2_PLACEMENT_3D('',#3008,#2360,#2361);
#2000=AXIS2_PLACEMENT_3D('',#3012,#2363,#2364);
#2001=AXIS2_PLACEMENT_3D('',#3015,#2367,#2368);
#2002=AXIS2_PLACEMENT_3D('',#3017,#2369,#2370);
#2003=AXIS2_PLACEMENT_3D('',#3021,#2372,#2373);
#2004=AXIS2_PLACEMENT_3D('',#3034,#2375,#2376);
#2005=AXIS2_PLACEMENT_3D('',#3035,#2377,#2378);
#2006=AXIS2_PLACEMENT_3D('',#3036,#2379,#2380);
#2007=AXIS2_PLACEMENT_3D('',#3048,#2381,#2382);
#2008=AXIS2_PLACEMENT_3D('',#3049,#2383,#2384);
#2009=AXIS2_PLACEMENT_3D('',#3050,#2385,#2386);
#2010=AXIS2_PLACEMENT_3D('',#3051,#2387,#2388);
#2011=AXIS2_PLACEMENT_3D('',#3054,#2389,#2390);
#2012=AXIS2_PLACEMENT_3D('',#3059,#2393,#2394);
#2013=AXIS2_PLACEMENT_3D('',#3063,#2396,#2397);
#2014=AXIS2_PLACEMENT_3D('',#3076,#2399,#2400);
#2015=AXIS2_PLACEMENT_3D('',#3077,#2401,#2402);
#2016=AXIS2_PLACEMENT_3D('',#3078,#2403,#2404);
#2017=AXIS2_PLACEMENT_3D('',#3079,#2405,#2406);
#2018=AXIS2_PLACEMENT_3D('',#3082,#2407,#2408);
#2019=AXIS2_PLACEMENT_3D('',#3087,#2411,#2412);
#2020=AXIS2_PLACEMENT_3D('',#3089,#2414,#2415);
#2021=AXIS2_PLACEMENT_3D('',#3091,#2416,#2417);
#2022=AXIS2_PLACEMENT_3D('',#3095,#2419,#2420);
#2023=AXIS2_PLACEMENT_3D('',#3108,#2422,#2423);
#2024=AXIS2_PLACEMENT_3D('',#3109,#2424,#2425);
#2025=AXIS2_PLACEMENT_3D('',#3110,#2426,#2427);
#2026=AXIS2_PLACEMENT_3D('',#3111,#2428,#2429);
#2027=AXIS2_PLACEMENT_3D('',#3117,#2433,#2434);
#2028=AXIS2_PLACEMENT_3D('',#3121,#2436,#2437);
#2029=AXIS2_PLACEMENT_3D('',#3122,#2438,#2439);
#2030=AXIS2_PLACEMENT_3D('',#3125,#2442,#2443);
#2031=AXIS2_PLACEMENT_3D('',#3129,#2446,#2447);
#2032=AXIS2_PLACEMENT_3D('',#3131,#2448,#2449);
#2033=AXIS2_PLACEMENT_3D('',#3133,#2451,#2452);
#2034=AXIS2_PLACEMENT_3D('',#3134,#2453,#2454);
#2035=AXIS2_PLACEMENT_3D('',#3141,#2458,#2459);
#2036=AXIS2_PLACEMENT_3D('',#3143,#2460,#2461);
#2037=AXIS2_PLACEMENT_3D('',#3145,#2463,#2464);
#2038=AXIS2_PLACEMENT_3D('',#3149,#2467,#2468);
#2039=AXIS2_PLACEMENT_3D('',#3156,#2472,#2473);
#2040=AXIS2_PLACEMENT_3D('',#3158,#2474,#2475);
#2041=AXIS2_PLACEMENT_3D('',#3160,#2477,#2478);
#2042=AXIS2_PLACEMENT_3D('',#3166,#2482,#2483);
#2043=AXIS2_PLACEMENT_3D('',#3167,#2484,#2485);
#2044=AXIS2_PLACEMENT_3D('',#3169,#2487,#2488);
#2045=AXIS2_PLACEMENT_3D('',#3170,#2489,#2490);
#2046=AXIS2_PLACEMENT_3D('',#3173,#2492,#2493);
#2047=AXIS2_PLACEMENT_3D('',#3174,#2494,#2495);
#2048=AXIS2_PLACEMENT_3D('',#3175,#2496,#2497);
#2049=AXIS2_PLACEMENT_3D('',#3179,#2500,#2501);
#2050=AXIS2_PLACEMENT_3D('',#3183,#2503,#2504);
#2051=AXIS2_PLACEMENT_3D('',#3186,#2506,#2507);
#2052=AXIS2_PLACEMENT_3D('',#3187,#2508,#2509);
#2053=AXIS2_PLACEMENT_3D('',#3190,#2511,#2512);
#2054=AXIS2_PLACEMENT_3D('',#3192,#2514,#2515);
#2055=AXIS2_PLACEMENT_3D('',#3197,#2518,#2519);
#2056=AXIS2_PLACEMENT_3D('',#3198,#2520,#2521);
#2057=AXIS2_PLACEMENT_3D('',#3201,#2524,#2525);
#2058=AXIS2_PLACEMENT_3D('',#3207,#2529,#2530);
#2059=AXIS2_PLACEMENT_3D('',#3211,#2533,#2534);
#2060=AXIS2_PLACEMENT_3D('',#3212,#2535,#2536);
#2061=AXIS2_PLACEMENT_3D('',#3214,#2538,#2539);
#2062=AXIS2_PLACEMENT_3D('',#3216,#2540,#2541);
#2063=AXIS2_PLACEMENT_3D('',#3219,#2543,#2544);
#2064=AXIS2_PLACEMENT_3D('',#3220,#2545,#2546);
#2065=AXIS2_PLACEMENT_3D('',#3222,#2547,#2548);
#2066=AXIS2_PLACEMENT_3D('',#3224,#2550,#2551);
#2067=AXIS2_PLACEMENT_3D('',#3226,#2552,#2553);
#2068=AXIS2_PLACEMENT_3D('',#3228,#2555,#2556);
#2069=AXIS2_PLACEMENT_3D('',#3231,#2559,#2560);
#2070=AXIS2_PLACEMENT_3D('',#3232,#2561,#2562);
#2071=AXIS2_PLACEMENT_3D('',#3238,#2566,#2567);
#2072=AXIS2_PLACEMENT_3D('',#3242,#2570,#2571);
#2073=AXIS2_PLACEMENT_3D('',#3246,#2574,#2575);
#2074=AXIS2_PLACEMENT_3D('',#3248,#2577,#2578);
#2075=AXIS2_PLACEMENT_3D('',#3249,#2579,#2580);
#2076=AXIS2_PLACEMENT_3D('',#3253,#2583,#2584);
#2077=AXIS2_PLACEMENT_3D('',#3255,#2586,#2587);
#2078=AXIS2_PLACEMENT_3D('',#3256,#2588,#2589);
#2079=AXIS2_PLACEMENT_3D('',#3260,#2591,#2592);
#2080=AXIS2_PLACEMENT_3D('',#3262,#2593,#2594);
#2081=AXIS2_PLACEMENT_3D('',#3265,#2597,#2598);
#2082=AXIS2_PLACEMENT_3D('',#3268,#2601,#2602);
#2083=AXIS2_PLACEMENT_3D('',#3269,#2603,#2604);
#2084=AXIS2_PLACEMENT_3D('',#3270,#2605,#2606);
#2085=AXIS2_PLACEMENT_3D('',#3288,#2609,#2610);
#2086=AXIS2_PLACEMENT_3D('',#3290,#2612,#2613);
#2087=AXIS2_PLACEMENT_3D('',#3293,#2615,#2616);
#2088=AXIS2_PLACEMENT_3D('',#3294,#2617,#2618);
#2089=AXIS2_PLACEMENT_3D('',#3314,#2622,#2623);
#2090=AXIS2_PLACEMENT_3D('',#3317,#2626,#2627);
#2091=AXIS2_PLACEMENT_3D('',#3319,#2629,#2630);
#2092=AXIS2_PLACEMENT_3D('',#3321,#2632,#2633);
#2093=AXIS2_PLACEMENT_3D('',#3324,#2636,#2637);
#2094=AXIS2_PLACEMENT_3D('',#3325,#2638,#2639);
#2095=AXIS2_PLACEMENT_3D('',#3328,#2641,#2642);
#2096=AXIS2_PLACEMENT_3D('',#3329,#2643,#2644);
#2097=AXIS2_PLACEMENT_3D('',#3330,#2645,#2646);
#2098=AXIS2_PLACEMENT_3D('',#3332,#2647,#2648);
#2099=AXIS2_PLACEMENT_3D('',#3334,#2650,#2651);
#2100=AXIS2_PLACEMENT_3D('',#3336,#2653,#2654);
#2101=AXIS2_PLACEMENT_3D('',#3338,#2656,#2657);
#2102=AXIS2_PLACEMENT_3D('',#3339,#2658,#2659);
#2103=AXIS2_PLACEMENT_3D('',#3340,#2660,#2661);
#2104=AXIS2_PLACEMENT_3D('',#3341,#2662,#2663);
#2105=AXIS2_PLACEMENT_3D('',#3342,#2664,#2665);
#2106=AXIS2_PLACEMENT_3D('',#3343,#2666,#2667);
#2107=DIRECTION('axis',(0.,0.,1.));
#2108=DIRECTION('refdir',(1.,0.,0.));
#2109=DIRECTION('center_axis',(0.,0.,-1.));
#2110=DIRECTION('ref_axis',(0.707106781186546,0.707106781186549,0.));
#2111=DIRECTION('center_axis',(0.,0.,1.));
#2112=DIRECTION('ref_axis',(0.707106781186546,0.707106781186549,0.));
#2113=DIRECTION('',(0.,0.,1.));
#2114=DIRECTION('center_axis',(0.,0.,-1.));
#2115=DIRECTION('ref_axis',(0.,1.,0.));
#2116=DIRECTION('',(0.,0.,-1.));
#2117=DIRECTION('center_axis',(-0.816496580927726,0.408248290463863,0.408248290463863));
#2118=DIRECTION('ref_axis',(0.577350269189626,0.577350269189626,0.577350269189625));
#2119=DIRECTION('center_axis',(1.,0.,0.));
#2120=DIRECTION('ref_axis',(0.,0.707106781186548,0.707106781186547));
#2121=DIRECTION('center_axis',(0.,1.,0.));
#2122=DIRECTION('ref_axis',(0.707106781186546,0.,0.707106781186549));
#2123=DIRECTION('center_axis',(0.,-1.,0.));
#2124=DIRECTION('ref_axis',(-1.,0.,0.));
#2125=DIRECTION('',(1.,0.,0.));
#2126=DIRECTION('',(0.,0.,-1.));
#2127=DIRECTION('',(-1.,0.,0.));
#2128=DIRECTION('center_axis',(0.,-1.,0.));
#2129=DIRECTION('ref_axis',(0.,-2.22044604925031E-16,1.));
#2130=DIRECTION('center_axis',(0.,0.,1.));
#2131=DIRECTION('ref_axis',(0.,1.,0.));
#2132=DIRECTION('',(0.,-1.,0.));
#2133=DIRECTION('center_axis',(0.,0.,1.));
#2134=DIRECTION('ref_axis',(0.707106781186546,-0.707106781186549,0.));
#2135=DIRECTION('',(-1.,0.,0.));
#2136=DIRECTION('',(0.,-1.,0.));
#2137=DIRECTION('center_axis',(0.,0.,1.));
#2138=DIRECTION('ref_axis',(0.707106781186548,-0.707106781186547,0.));
#2139=DIRECTION('',(-1.,0.,0.));
#2140=DIRECTION('center_axis',(0.,0.,1.));
#2141=DIRECTION('ref_axis',(-0.707106781186548,-0.707106781186547,0.));
#2142=DIRECTION('',(0.,1.,0.));
#2143=DIRECTION('',(-1.,0.,0.));
#2144=DIRECTION('center_axis',(0.,0.,1.));
#2145=DIRECTION('ref_axis',(-0.707106781186547,-0.707106781186548,0.));
#2146=DIRECTION('',(0.,1.,0.));
#2147=DIRECTION('center_axis',(0.,0.,1.));
#2148=DIRECTION('ref_axis',(-0.707106781186548,0.707106781186547,0.));
#2149=DIRECTION('',(1.,0.,0.));
#2150=DIRECTION('',(0.,1.,0.));
#2151=DIRECTION('center_axis',(0.,0.,1.));
#2152=DIRECTION('ref_axis',(-0.707106781186547,0.707106781186548,0.));
#2153=DIRECTION('',(1.,0.,0.));
#2154=DIRECTION('center_axis',(0.,0.,1.));
#2155=DIRECTION('ref_axis',(0.707106781186548,0.707106781186548,0.));
#2156=DIRECTION('',(0.,-1.,0.));
#2157=DIRECTION('center_axis',(1.,0.,0.));
#2158=DIRECTION('ref_axis',(0.,0.,-1.));
#2159=DIRECTION('',(0.,1.,0.));
#2160=DIRECTION('',(0.,0.,1.));
#2161=DIRECTION('center_axis',(0.,0.,1.));
#2162=DIRECTION('ref_axis',(0.707106781186546,-0.707106781186549,0.));
#2163=DIRECTION('center_axis',(0.,0.,-1.));
#2164=DIRECTION('ref_axis',(1.,0.,0.));
#2165=DIRECTION('',(0.,0.,-1.));
#2166=DIRECTION('center_axis',(0.408248290463863,-0.408248290463863,-0.816496580927726));
#2167=DIRECTION('ref_axis',(0.577350269189626,-0.577350269189625,0.577350269189626));
#2168=DIRECTION('center_axis',(0.,-1.,0.));
#2169=DIRECTION('ref_axis',(0.707106781186546,0.,0.707106781186549));
#2170=DIRECTION('center_axis',(1.,0.,0.));
#2171=DIRECTION('ref_axis',(0.,-0.707106781186548,0.707106781186548));
#2172=DIRECTION('center_axis',(0.,1.,0.));
#2173=DIRECTION('ref_axis',(1.,0.,0.));
#2174=DIRECTION('',(1.,0.,0.));
#2175=DIRECTION('',(0.,0.,1.));
#2176=DIRECTION('center_axis',(0.,1.,0.));
#2177=DIRECTION('ref_axis',(0.,-2.22044604925031E-16,1.));
#2178=DIRECTION('center_axis',(0.,0.,-1.));
#2179=DIRECTION('ref_axis',(0.707106781186546,0.707106781186549,0.));
#2180=DIRECTION('center_axis',(0.,0.,1.));
#2181=DIRECTION('ref_axis',(0.707106781186546,0.707106781186549,0.));
#2182=DIRECTION('',(0.,0.,1.));
#2183=DIRECTION('center_axis',(0.,0.,-1.));
#2184=DIRECTION('ref_axis',(0.707106781186546,0.707106781186549,0.));
#2185=DIRECTION('',(0.,0.,-1.));
#2186=DIRECTION('center_axis',(0.,0.,-1.));
#2187=DIRECTION('ref_axis',(0.,1.,0.));
#2188=DIRECTION('',(0.,-1.,0.));
#2189=DIRECTION('center_axis',(0.,0.,-1.));
#2190=DIRECTION('ref_axis',(0.707106781186546,-0.707106781186549,0.));
#2191=DIRECTION('',(1.,0.,0.));
#2192=DIRECTION('',(0.,-1.,0.));
#2193=DIRECTION('',(1.,0.,0.));
#2194=DIRECTION('center_axis',(0.,0.,1.));
#2195=DIRECTION('ref_axis',(0.707106781186544,-0.707106781186551,0.));
#2196=DIRECTION('',(-1.,0.,0.));
#2197=DIRECTION('',(0.,-1.,0.));
#2198=DIRECTION('',(-1.,0.,0.));
#2199=DIRECTION('center_axis',(-1.,0.,0.));
#2200=DIRECTION('ref_axis',(0.,0.,1.));
#2201=DIRECTION('',(0.,-1.,0.));
#2202=DIRECTION('',(0.,0.,-1.));
#2203=DIRECTION('center_axis',(0.,0.,-1.));
#2204=DIRECTION('ref_axis',(0.707106781186546,-0.707106781186549,0.));
#2205=DIRECTION('center_axis',(0.,0.,1.));
#2206=DIRECTION('ref_axis',(0.707106781186546,-0.707106781186549,0.));
#2207=DIRECTION('',(0.,0.,1.));
#2208=DIRECTION('center_axis',(0.,1.,0.));
#2209=DIRECTION('ref_axis',(0.,0.,1.));
#2210=DIRECTION('',(-1.,0.,0.));
#2211=DIRECTION('',(0.,0.,1.));
#2212=DIRECTION('',(-1.,0.,0.));
#2213=DIRECTION('',(0.,0.,-1.));
#2214=DIRECTION('center_axis',(0.,1.,0.));
#2215=DIRECTION('ref_axis',(0.707106781186546,0.,0.707106781186549));
#2216=DIRECTION('',(0.707106781186548,0.,-0.707106781186547));
#2217=DIRECTION('center_axis',(0.,-1.,0.));
#2218=DIRECTION('ref_axis',(0.,-2.22044604925031E-16,1.));
#2219=DIRECTION('center_axis',(0.,0.,-1.));
#2220=DIRECTION('ref_axis',(0.,1.,0.));
#2221=DIRECTION('',(1.,0.,0.));
#2222=DIRECTION('',(0.,1.,0.));
#2223=DIRECTION('',(0.,1.,0.));
#2224=DIRECTION('',(0.,1.,0.));
#2225=DIRECTION('center_axis',(0.,-1.,0.));
#2226=DIRECTION('ref_axis',(0.,0.,-1.));
#2227=DIRECTION('',(-0.707106781186548,0.,0.707106781186547));
#2228=DIRECTION('center_axis',(0.,-1.,0.));
#2229=DIRECTION('ref_axis',(0.707106781186546,0.,0.707106781186549));
#2230=DIRECTION('',(0.,0.,-1.));
#2231=DIRECTION('',(1.,0.,0.));
#2232=DIRECTION('',(0.,0.,1.));
#2233=DIRECTION('center_axis',(0.,1.,0.));
#2234=DIRECTION('ref_axis',(0.,-2.22044604925031E-16,1.));
#2235=DIRECTION('center_axis',(0.,1.,0.));
#2236=DIRECTION('ref_axis',(0.707106781186546,0.,0.707106781186549));
#2237=DIRECTION('',(0.,-1.,0.));
#2238=DIRECTION('center_axis',(-1.,0.,0.));
#2239=DIRECTION('ref_axis',(0.,0.707106781186548,0.707106781186548));
#2240=DIRECTION('center_axis',(-0.707106781186548,0.707106781186548,0.));
#2241=DIRECTION('ref_axis',(-0.707106781186548,-0.707106781186548,0.));
#2242=DIRECTION('center_axis',(-0.707106781186547,0.,-0.707106781186548));
#2243=DIRECTION('ref_axis',(-0.707106781186548,0.,0.707106781186547));
#2244=DIRECTION('',(1.,0.,0.));
#2245=DIRECTION('center_axis',(-1.,0.,0.));
#2246=DIRECTION('ref_axis',(0.,-0.707106781186548,0.707106781186548));
#2247=DIRECTION('',(-1.,0.,0.));
#2248=DIRECTION('center_axis',(-0.707106781186547,0.,-0.707106781186548));
#2249=DIRECTION('ref_axis',(-0.707106781186548,0.,0.707106781186547));
#2250=DIRECTION('center_axis',(0.707106781186548,0.707106781186548,0.));
#2251=DIRECTION('ref_axis',(0.707106781186548,-0.707106781186548,0.));
#2252=DIRECTION('center_axis',(0.,1.,2.22044604925031E-16));
#2253=DIRECTION('ref_axis',(0.,-2.22044604925031E-16,1.));
#2254=DIRECTION('',(0.,1.,2.22044604925031E-16));
#2255=DIRECTION('center_axis',(0.,1.,2.22044604925031E-16));
#2256=DIRECTION('ref_axis',(0.,-2.22044604925031E-16,1.));
#2257=DIRECTION('',(0.,1.,2.22044604925031E-16));
#2258=DIRECTION('center_axis',(-0.707106781186547,0.,-0.707106781186548));
#2259=DIRECTION('ref_axis',(-0.707106781186548,0.,0.707106781186547));
#2260=DIRECTION('',(0.,1.,0.));
#2261=DIRECTION('',(-0.707106781186548,0.,0.707106781186547));
#2262=DIRECTION('',(0.,-1.,0.));
#2263=DIRECTION('center_axis',(-1.,0.,0.));
#2264=DIRECTION('ref_axis',(0.,0.,-1.));
#2265=DIRECTION('',(0.,-1.,0.));
#2266=DIRECTION('',(0.,0.,1.));
#2267=DIRECTION('',(0.,-1.,0.));
#2268=DIRECTION('center_axis',(-0.707106781186547,0.,-0.707106781186548));
#2269=DIRECTION('ref_axis',(-0.707106781186548,0.,0.707106781186547));
#2270=DIRECTION('',(0.,-1.,0.));
#2271=DIRECTION('',(0.707106781186548,0.,-0.707106781186547));
#2272=DIRECTION('',(0.,1.,0.));
#2273=DIRECTION('center_axis',(0.,1.,0.));
#2274=DIRECTION('ref_axis',(0.,0.,-1.));
#2275=DIRECTION('',(-1.,0.,0.));
#2276=DIRECTION('',(0.,0.,-1.));
#2277=DIRECTION('center_axis',(0.196116135138184,0.98058067569092,0.));
#2278=DIRECTION('ref_axis',(0.,0.,1.));
#2279=DIRECTION('',(0.98058067569092,-0.196116135138184,0.));
#2280=DIRECTION('',(0.,0.,-1.));
#2281=DIRECTION('center_axis',(-0.196116135138184,-0.98058067569092,0.));
#2282=DIRECTION('ref_axis',(-0.98058067569092,0.196116135138184,-2.17732648730911E-16));
#2283=DIRECTION('',(0.,0.,1.));
#2284=DIRECTION('center_axis',(1.,0.,0.));
#2285=DIRECTION('ref_axis',(0.,0.,-1.));
#2286=DIRECTION('',(0.,1.,0.));
#2287=DIRECTION('center_axis',(1.,0.,0.));
#2288=DIRECTION('ref_axis',(0.,1.,0.));
#2289=DIRECTION('center_axis',(0.,0.,-1.));
#2290=DIRECTION('ref_axis',(0.,-1.,0.));
#2291=DIRECTION('',(-1.,0.,0.));
#2292=DIRECTION('',(0.,1.,0.));
#2293=DIRECTION('',(0.707106781186548,-0.707106781186547,0.));
#2294=DIRECTION('',(0.,-1.,0.));
#2295=DIRECTION('',(-1.,0.,0.));
#2296=DIRECTION('',(0.,1.,0.));
#2297=DIRECTION('',(0.707106781186547,0.707106781186548,0.));
#2298=DIRECTION('',(0.,-1.,0.));
#2299=DIRECTION('center_axis',(0.196116135138184,-0.98058067569092,0.));
#2300=DIRECTION('ref_axis',(0.,0.,-1.));
#2301=DIRECTION('',(-0.98058067569092,-0.196116135138184,0.));
#2302=DIRECTION('',(0.,0.,-1.));
#2303=DIRECTION('center_axis',(-0.196116135138184,0.98058067569092,0.));
#2304=DIRECTION('ref_axis',(0.98058067569092,0.196116135138184,2.17732648730911E-16));
#2305=DIRECTION('',(0.,0.,1.));
#2306=DIRECTION('center_axis',(1.,0.,0.));
#2307=DIRECTION('ref_axis',(0.,0.,-1.));
#2308=DIRECTION('center_axis',(1.,0.,0.));
#2309=DIRECTION('ref_axis',(0.,1.,0.));
#2310=DIRECTION('',(0.,1.,0.));
#2311=DIRECTION('center_axis',(1.,0.,2.22044604925031E-16));
#2312=DIRECTION('ref_axis',(2.22044604925031E-16,8.67119957452859E-9,-1.));
#2313=DIRECTION('',(-1.,0.,-2.22044604925031E-16));
#2314=DIRECTION('center_axis',(1.,0.,0.));
#2315=DIRECTION('ref_axis',(0.,1.,0.));
#2316=DIRECTION('',(1.,0.,2.22044604925031E-16));
#2317=DIRECTION('center_axis',(0.,1.,0.));
#2318=DIRECTION('ref_axis',(0.707106781186546,0.,0.707106781186549));
#2319=DIRECTION('',(0.,1.,0.));
#2320=DIRECTION('center_axis',(0.,-1.,0.));
#2321=DIRECTION('ref_axis',(1.,0.,0.));
#2322=DIRECTION('',(0.,-1.,0.));
#2323=DIRECTION('center_axis',(0.707106781186548,0.707106781186548,0.));
#2324=DIRECTION('ref_axis',(0.707106781186547,-0.707106781186547,0.));
#2325=DIRECTION('center_axis',(0.,-1.,0.));
#2326=DIRECTION('ref_axis',(-0.707106781186547,0.,0.707106781186548));
#2327=DIRECTION('',(0.,1.,0.));
#2328=DIRECTION('center_axis',(0.707106781186548,-0.707106781186547,-7.85046229341888E-16));
#2329=DIRECTION('ref_axis',(0.707106781186547,0.707106781186548,-7.85046229341887E-16));
#2330=DIRECTION('',(0.,-1.,0.));
#2331=DIRECTION('center_axis',(2.77555756156289E-16,1.,0.));
#2332=DIRECTION('ref_axis',(-1.,2.77555756156289E-16,0.));
#2333=DIRECTION('',(0.,1.,0.));
#2334=DIRECTION('center_axis',(-0.707106781186547,-0.707106781186548,0.));
#2335=DIRECTION('ref_axis',(-0.707106781186548,0.707106781186547,1.47196168001604E-16));
#2336=DIRECTION('center_axis',(-1.,0.,0.));
#2337=DIRECTION('ref_axis',(0.,-1.,0.));
#2338=DIRECTION('center_axis',(0.,0.,-1.));
#2339=DIRECTION('ref_axis',(-0.707106781186548,-0.707106781186547,0.));
#2340=DIRECTION('center_axis',(0.,0.,1.));
#2341=DIRECTION('ref_axis',(-0.707106781186548,-0.707106781186547,0.));
#2342=DIRECTION('center_axis',(1.,0.,0.));
#2343=DIRECTION('ref_axis',(0.,-0.707106781186547,0.707106781186548));
#2344=DIRECTION('center_axis',(-0.707106781186547,-0.707106781186548,0.));
#2345=DIRECTION('ref_axis',(0.707106781186548,-0.707106781186547,-1.47196168001604E-16));
#2346=DIRECTION('',(-1.,0.,0.));
#2347=DIRECTION('',(1.,0.,0.));
#2348=DIRECTION('center_axis',(-1.,0.,0.));
#2349=DIRECTION('ref_axis',(0.,-1.,0.));
#2350=DIRECTION('',(-1.,0.,0.));
#2351=DIRECTION('center_axis',(0.707106781186548,-0.707106781186547,0.));
#2352=DIRECTION('ref_axis',(-0.707106781186547,-0.707106781186548,-4.9065389333868E-17));
#2353=DIRECTION('',(-1.,0.,0.));
#2354=DIRECTION('center_axis',(-2.77555756156289E-16,-1.,0.));
#2355=DIRECTION('ref_axis',(1.,-2.77555756156289E-16,0.));
#2356=DIRECTION('center_axis',(0.,0.,-1.));
#2357=DIRECTION('ref_axis',(0.707106781186548,-0.707106781186547,0.));
#2358=DIRECTION('center_axis',(0.,0.,1.));
#2359=DIRECTION('ref_axis',(0.707106781186548,-0.707106781186547,0.));
#2360=DIRECTION('center_axis',(0.,1.,0.));
#2361=DIRECTION('ref_axis',(0.707106781186546,0.,0.707106781186549));
#2362=DIRECTION('',(0.,-1.,0.));
#2363=DIRECTION('center_axis',(0.707106781186548,-0.707106781186547,0.));
#2364=DIRECTION('ref_axis',(0.707106781186547,0.707106781186548,0.));
#2365=DIRECTION('',(0.,-1.,0.));
#2366=DIRECTION('',(0.,1.,0.));
#2367=DIRECTION('center_axis',(1.,0.,0.));
#2368=DIRECTION('ref_axis',(0.,-0.707106781186548,0.707106781186548));
#2369=DIRECTION('center_axis',(-1.,0.,0.));
#2370=DIRECTION('ref_axis',(0.,-0.707106781186548,0.707106781186548));
#2371=DIRECTION('',(-1.,0.,0.));
#2372=DIRECTION('center_axis',(1.,0.,0.));
#2373=DIRECTION('ref_axis',(0.,0.,1.));
#2374=DIRECTION('',(1.,0.,0.));
#2375=DIRECTION('center_axis',(0.,-1.,0.));
#2376=DIRECTION('ref_axis',(-1.,0.,0.));
#2377=DIRECTION('center_axis',(0.,0.,1.));
#2378=DIRECTION('ref_axis',(-0.707106781186548,-0.707106781186548,0.));
#2379=DIRECTION('center_axis',(0.,0.,-1.));
#2380=DIRECTION('ref_axis',(-0.707106781186548,-0.707106781186548,0.));
#2381=DIRECTION('center_axis',(1.,0.,0.));
#2382=DIRECTION('ref_axis',(0.,1.,0.));
#2383=DIRECTION('center_axis',(0.,0.,-1.));
#2384=DIRECTION('ref_axis',(0.707106781186548,0.707106781186548,0.));
#2385=DIRECTION('center_axis',(0.,0.,1.));
#2386=DIRECTION('ref_axis',(0.707106781186548,0.707106781186548,0.));
#2387=DIRECTION('center_axis',(-1.,0.,0.));
#2388=DIRECTION('ref_axis',(0.,0.707106781186546,0.707106781186549));
#2389=DIRECTION('center_axis',(0.707106781186548,0.707106781186548,0.));
#2390=DIRECTION('ref_axis',(-0.707106781186547,0.707106781186547,0.));
#2391=DIRECTION('',(1.,0.,0.));
#2392=DIRECTION('',(-1.,0.,0.));
#2393=DIRECTION('center_axis',(1.,-5.55111512312578E-16,0.));
#2394=DIRECTION('ref_axis',(5.55111512312578E-16,1.,0.));
#2395=DIRECTION('',(1.,0.,0.));
#2396=DIRECTION('center_axis',(-0.707106781186547,0.707106781186548,0.));
#2397=DIRECTION('ref_axis',(0.707106781186548,0.707106781186547,9.81307786677359E-17));
#2398=DIRECTION('',(1.,0.,0.));
#2399=DIRECTION('center_axis',(0.,1.,0.));
#2400=DIRECTION('ref_axis',(-1.,0.,0.));
#2401=DIRECTION('center_axis',(0.,0.,-1.));
#2402=DIRECTION('ref_axis',(-0.707106781186547,0.707106781186548,0.));
#2403=DIRECTION('center_axis',(0.,0.,1.));
#2404=DIRECTION('ref_axis',(-0.707106781186547,0.707106781186548,0.));
#2405=DIRECTION('center_axis',(0.,-1.,0.));
#2406=DIRECTION('ref_axis',(-0.707106781186547,0.,0.707106781186548));
#2407=DIRECTION('center_axis',(-0.707106781186547,0.707106781186548,0.));
#2408=DIRECTION('ref_axis',(-0.707106781186548,-0.707106781186547,1.47196168001604E-16));
#2409=DIRECTION('',(0.,1.,0.));
#2410=DIRECTION('',(0.,-1.,0.));
#2411=DIRECTION('center_axis',(0.70710673377134,0.707106828601752,-7.85046176700432E-16));
#2412=DIRECTION('ref_axis',(-0.707106828601752,0.70710673377134,7.85046281983339E-16));
#2413=DIRECTION('',(0.,1.,0.));
#2414=DIRECTION('center_axis',(-1.,0.,0.));
#2415=DIRECTION('ref_axis',(0.,0.707106781186548,0.707106781186548));
#2416=DIRECTION('center_axis',(-1.,0.,0.));
#2417=DIRECTION('ref_axis',(0.,0.707106781186548,0.707106781186548));
#2418=DIRECTION('',(-1.,0.,0.));
#2419=DIRECTION('center_axis',(1.,0.,0.));
#2420=DIRECTION('ref_axis',(0.,1.,0.));
#2421=DIRECTION('',(1.,0.,0.));
#2422=DIRECTION('center_axis',(0.,1.,0.));
#2423=DIRECTION('ref_axis',(-1.,0.,0.));
#2424=DIRECTION('center_axis',(0.,0.,-1.));
#2425=DIRECTION('ref_axis',(-0.707106777235281,0.707106785137814,0.));
#2426=DIRECTION('center_axis',(0.,0.,1.));
#2427=DIRECTION('ref_axis',(-0.707106777235281,0.707106785137814,0.));
#2428=DIRECTION('center_axis',(0.,1.,0.));
#2429=DIRECTION('ref_axis',(0.,0.,-1.));
#2430=DIRECTION('',(0.,0.,1.));
#2431=DIRECTION('',(-1.,0.,0.));
#2432=DIRECTION('',(0.,0.,-1.));
#2433=DIRECTION('center_axis',(0.707106781186547,0.707106781186548,0.));
#2434=DIRECTION('ref_axis',(0.,0.,-1.));
#2435=DIRECTION('',(0.707106781186548,-0.707106781186547,0.));
#2436=DIRECTION('center_axis',(-0.707106781186547,-0.707106781186548,0.));
#2437=DIRECTION('ref_axis',(-0.707106781186548,0.707106781186547,0.));
#2438=DIRECTION('center_axis',(-0.707106781186547,-0.707106781186548,0.));
#2439=DIRECTION('ref_axis',(0.707106781186548,-0.707106781186547,0.));
#2440=DIRECTION('',(0.,0.,1.));
#2441=DIRECTION('',(0.707106781186548,-0.707106781186547,0.));
#2442=DIRECTION('center_axis',(-0.707106781186548,0.707106781186547,0.));
#2443=DIRECTION('ref_axis',(0.,0.,1.));
#2444=DIRECTION('',(0.707106781186547,0.707106781186548,0.));
#2445=DIRECTION('',(0.,0.,-1.));
#2446=DIRECTION('center_axis',(0.707106781186548,-0.707106781186547,0.));
#2447=DIRECTION('ref_axis',(-0.707106781186547,-0.707106781186548,0.));
#2448=DIRECTION('center_axis',(0.707106781186548,-0.707106781186547,0.));
#2449=DIRECTION('ref_axis',(0.707106781186547,0.707106781186548,0.));
#2450=DIRECTION('',(0.707106781186547,0.707106781186548,0.));
#2451=DIRECTION('center_axis',(-1.,0.,0.));
#2452=DIRECTION('ref_axis',(0.,0.,-1.));
#2453=DIRECTION('center_axis',(-0.707106781186548,-0.707106781186548,0.));
#2454=DIRECTION('ref_axis',(0.,0.,1.));
#2455=DIRECTION('',(-0.707106781186548,0.707106781186548,0.));
#2456=DIRECTION('',(0.,0.,-1.));
#2457=DIRECTION('',(-0.707106781186548,0.707106781186548,0.));
#2458=DIRECTION('center_axis',(0.707106781186548,0.707106781186548,0.));
#2459=DIRECTION('ref_axis',(0.707106781186547,-0.707106781186547,0.));
#2460=DIRECTION('center_axis',(0.707106781186548,0.707106781186548,0.));
#2461=DIRECTION('ref_axis',(-0.707106781186547,0.707106781186547,0.));
#2462=DIRECTION('',(-0.707106781186548,0.707106781186548,0.));
#2463=DIRECTION('center_axis',(0.,-1.,0.));
#2464=DIRECTION('ref_axis',(0.,0.,1.));
#2465=DIRECTION('',(0.,0.,1.));
#2466=DIRECTION('',(1.,0.,0.));
#2467=DIRECTION('center_axis',(0.707106781186547,-0.707106781186548,0.));
#2468=DIRECTION('ref_axis',(0.,0.,-1.));
#2469=DIRECTION('',(-0.707106781186548,-0.707106781186547,0.));
#2470=DIRECTION('',(0.,0.,-1.));
#2471=DIRECTION('',(-0.707106781186548,-0.707106781186547,0.));
#2472=DIRECTION('center_axis',(-0.707106781186547,0.707106781186548,0.));
#2473=DIRECTION('ref_axis',(0.707106781186548,0.707106781186547,0.));
#2474=DIRECTION('center_axis',(-0.707106781186547,0.707106781186548,0.));
#2475=DIRECTION('ref_axis',(-0.707106781186548,-0.707106781186547,0.));
#2476=DIRECTION('',(-0.707106781186548,-0.707106781186547,0.));
#2477=DIRECTION('center_axis',(1.,0.,0.));
#2478=DIRECTION('ref_axis',(0.,0.,1.));
#2479=DIRECTION('',(0.,1.,0.));
#2480=DIRECTION('',(0.,0.,1.));
#2481=DIRECTION('',(0.,1.,0.));
#2482=DIRECTION('center_axis',(0.,0.,1.));
#2483=DIRECTION('ref_axis',(0.,1.,0.));
#2484=DIRECTION('center_axis',(0.,0.,1.));
#2485=DIRECTION('ref_axis',(0.,1.,0.));
#2486=DIRECTION('',(-1.,0.,0.));
#2487=DIRECTION('center_axis',(0.,0.,1.));
#2488=DIRECTION('ref_axis',(0.,1.,0.));
#2489=DIRECTION('center_axis',(0.,0.,1.));
#2490=DIRECTION('ref_axis',(0.,1.,0.));
#2491=DIRECTION('',(1.,0.,0.));
#2492=DIRECTION('center_axis',(0.,0.,-1.));
#2493=DIRECTION('ref_axis',(0.707106781186544,-0.707106781186551,0.));
#2494=DIRECTION('center_axis',(0.,0.,1.));
#2495=DIRECTION('ref_axis',(0.,1.,0.));
#2496=DIRECTION('center_axis',(0.,0.,1.));
#2497=DIRECTION('ref_axis',(0.,1.,0.));
#2498=DIRECTION('',(0.,1.,0.));
#2499=DIRECTION('',(1.,0.,0.));
#2500=DIRECTION('center_axis',(0.,-1.,0.));
#2501=DIRECTION('ref_axis',(-0.707106781186547,0.,0.707106781186547));
#2502=DIRECTION('',(0.,1.,0.));
#2503=DIRECTION('center_axis',(0.707106781186548,-0.707106781186548,0.));
#2504=DIRECTION('ref_axis',(0.707106781186547,0.707106781186547,0.));
#2505=DIRECTION('',(0.,-1.,0.));
#2506=DIRECTION('center_axis',(0.707106781186548,0.707106781186548,0.));
#2507=DIRECTION('ref_axis',(-0.707106781186547,0.707106781186547,0.));
#2508=DIRECTION('center_axis',(1.,0.,0.));
#2509=DIRECTION('ref_axis',(0.,-0.707106781186547,0.707106781186547));
#2510=DIRECTION('',(-1.,0.,0.));
#2511=DIRECTION('center_axis',(0.707106781186548,0.707106781186547,6.2803698347351E-16));
#2512=DIRECTION('ref_axis',(-0.707106781186547,0.707106781186548,6.28036983473511E-16));
#2513=DIRECTION('',(1.,0.,0.));
#2514=DIRECTION('center_axis',(0.,1.,0.));
#2515=DIRECTION('ref_axis',(0.707106781186547,0.,0.707106781186547));
#2516=DIRECTION('',(0.,1.,0.));
#2517=DIRECTION('',(0.,-1.,0.));
#2518=DIRECTION('center_axis',(-0.707106781186548,0.707106781186548,6.2803698347351E-16));
#2519=DIRECTION('ref_axis',(-0.707106781186547,-0.707106781186547,6.2803698347351E-16));
#2520=DIRECTION('center_axis',(-1.,0.,0.));
#2521=DIRECTION('ref_axis',(0.,0.707106781186547,0.707106781186547));
#2522=DIRECTION('',(1.,0.,0.));
#2523=DIRECTION('',(-1.,0.,0.));
#2524=DIRECTION('center_axis',(0.,1.,0.));
#2525=DIRECTION('ref_axis',(0.,0.,-1.));
#2526=DIRECTION('',(0.,0.,1.));
#2527=DIRECTION('',(-1.,0.,0.));
#2528=DIRECTION('',(0.,0.,1.));
#2529=DIRECTION('center_axis',(-1.,0.,0.));
#2530=DIRECTION('ref_axis',(0.,0.,-1.));
#2531=DIRECTION('',(0.,0.,1.));
#2532=DIRECTION('',(0.,-1.,0.));
#2533=DIRECTION('center_axis',(0.,0.,-1.));
#2534=DIRECTION('ref_axis',(0.,-1.,0.));
#2535=DIRECTION('center_axis',(0.,0.,-1.));
#2536=DIRECTION('ref_axis',(0.,-1.,0.));
#2537=DIRECTION('',(1.,0.,0.));
#2538=DIRECTION('center_axis',(0.,-1.,0.));
#2539=DIRECTION('ref_axis',(-0.707106781186547,0.,0.707106781186547));
#2540=DIRECTION('center_axis',(0.707106781186548,-0.707106781186548,0.));
#2541=DIRECTION('ref_axis',(0.707106781186547,0.707106781186547,0.));
#2542=DIRECTION('',(0.,-1.,0.));
#2543=DIRECTION('center_axis',(0.707106781186548,0.707106781186548,0.));
#2544=DIRECTION('ref_axis',(-0.707106781186547,0.707106781186547,0.));
#2545=DIRECTION('center_axis',(1.,0.,0.));
#2546=DIRECTION('ref_axis',(0.,-0.707106781186547,0.707106781186547));
#2547=DIRECTION('center_axis',(0.707106781186548,0.707106781186547,6.2803698347351E-16));
#2548=DIRECTION('ref_axis',(-0.707106781186547,0.707106781186548,6.28036983473511E-16));
#2549=DIRECTION('',(1.,0.,0.));
#2550=DIRECTION('center_axis',(0.,1.,0.));
#2551=DIRECTION('ref_axis',(0.707106781186547,0.,0.707106781186547));
#2552=DIRECTION('center_axis',(-0.707106781186548,0.707106781186548,6.2803698347351E-16));
#2553=DIRECTION('ref_axis',(-0.707106781186547,-0.707106781186547,6.2803698347351E-16));
#2554=DIRECTION('',(0.,1.,0.));
#2555=DIRECTION('center_axis',(-1.,0.,0.));
#2556=DIRECTION('ref_axis',(0.,0.707106781186547,0.707106781186547));
#2557=DIRECTION('',(1.,0.,0.));
#2558=DIRECTION('',(-1.,0.,0.));
#2559=DIRECTION('center_axis',(0.,0.,-1.));
#2560=DIRECTION('ref_axis',(0.,-1.,0.));
#2561=DIRECTION('center_axis',(0.,1.,0.));
#2562=DIRECTION('ref_axis',(0.,0.,-1.));
#2563=DIRECTION('',(0.,0.,1.));
#2564=DIRECTION('',(-1.,0.,0.));
#2565=DIRECTION('',(0.,0.,1.));
#2566=DIRECTION('center_axis',(-1.,0.,0.));
#2567=DIRECTION('ref_axis',(0.,0.,-1.));
#2568=DIRECTION('',(0.,0.,1.));
#2569=DIRECTION('',(0.,-1.,0.));
#2570=DIRECTION('center_axis',(0.,0.,-1.));
#2571=DIRECTION('ref_axis',(0.,-1.,0.));
#2572=DIRECTION('',(1.,0.,0.));
#2573=DIRECTION('',(0.,1.,0.));
#2574=DIRECTION('center_axis',(0.,-1.,0.));
#2575=DIRECTION('ref_axis',(0.,0.,1.));
#2576=DIRECTION('',(0.,0.,1.));
#2577=DIRECTION('center_axis',(1.,0.,0.));
#2578=DIRECTION('ref_axis',(0.,0.,1.));
#2579=DIRECTION('center_axis',(0.,0.,-1.));
#2580=DIRECTION('ref_axis',(0.,-1.,0.));
#2581=DIRECTION('',(1.,0.,0.));
#2582=DIRECTION('',(0.,1.,0.));
#2583=DIRECTION('center_axis',(0.,-1.,0.));
#2584=DIRECTION('ref_axis',(0.,0.,1.));
#2585=DIRECTION('',(0.,0.,1.));
#2586=DIRECTION('center_axis',(1.,0.,0.));
#2587=DIRECTION('ref_axis',(0.,0.,1.));
#2588=DIRECTION('center_axis',(0.,1.,0.));
#2589=DIRECTION('ref_axis',(1.,0.,0.));
#2590=DIRECTION('',(0.,0.,1.));
#2591=DIRECTION('center_axis',(0.,1.,0.));
#2592=DIRECTION('ref_axis',(0.,-2.22044604925031E-16,1.));
#2593=DIRECTION('center_axis',(0.,1.,0.));
#2594=DIRECTION('ref_axis',(0.,-2.22044604925031E-16,1.));
#2595=DIRECTION('',(0.,0.,1.));
#2596=DIRECTION('',(0.,0.,1.));
#2597=DIRECTION('center_axis',(0.,0.,-1.));
#2598=DIRECTION('ref_axis',(-0.707106781186548,-0.707106781186547,0.));
#2599=DIRECTION('',(0.,0.,-1.));
#2600=DIRECTION('',(0.,0.,1.));
#2601=DIRECTION('center_axis',(1.,0.,0.));
#2602=DIRECTION('ref_axis',(0.,0.,1.));
#2603=DIRECTION('center_axis',(0.,0.,1.));
#2604=DIRECTION('ref_axis',(0.,1.,0.));
#2605=DIRECTION('center_axis',(0.,0.,1.));
#2606=DIRECTION('ref_axis',(-0.707106781186547,-0.707106781186548,0.));
#2607=DIRECTION('',(0.,0.,-1.));
#2608=DIRECTION('',(0.,0.,-1.));
#2609=DIRECTION('center_axis',(1.,0.,0.));
#2610=DIRECTION('ref_axis',(0.,0.,-1.));
#2611=DIRECTION('',(0.,0.,1.));
#2612=DIRECTION('center_axis',(0.,1.,2.22044604925031E-16));
#2613=DIRECTION('ref_axis',(0.,-2.22044604925031E-16,1.));
#2614=DIRECTION('',(0.,1.,2.22044604925031E-16));
#2615=DIRECTION('center_axis',(0.,1.,0.));
#2616=DIRECTION('ref_axis',(0.,-2.22044604925031E-16,1.));
#2617=DIRECTION('center_axis',(0.,0.,-1.));
#2618=DIRECTION('ref_axis',(-0.707106781186548,0.707106781186547,0.));
#2619=DIRECTION('',(0.,0.,-1.));
#2620=DIRECTION('',(0.,0.,-1.));
#2621=DIRECTION('',(0.,0.,1.));
#2622=DIRECTION('center_axis',(0.,0.,1.));
#2623=DIRECTION('ref_axis',(-0.707106781186547,0.707106781186548,0.));
#2624=DIRECTION('',(0.,0.,-1.));
#2625=DIRECTION('',(0.,0.,1.));
#2626=DIRECTION('center_axis',(0.,-1.,0.));
#2627=DIRECTION('ref_axis',(0.,0.,1.));
#2628=DIRECTION('',(0.,0.,1.));
#2629=DIRECTION('center_axis',(0.,0.,-1.));
#2630=DIRECTION('ref_axis',(0.707106781186548,0.707106781186548,0.));
#2631=DIRECTION('',(0.,0.,-1.));
#2632=DIRECTION('center_axis',(0.,0.,-1.));
#2633=DIRECTION('ref_axis',(0.707106781186548,-0.707106781186547,0.));
#2634=DIRECTION('',(0.,0.,-1.));
#2635=DIRECTION('',(0.,0.,1.));
#2636=DIRECTION('center_axis',(0.,1.,0.));
#2637=DIRECTION('ref_axis',(0.,0.,-1.));
#2638=DIRECTION('center_axis',(0.,-1.,0.));
#2639=DIRECTION('ref_axis',(-1.,0.,0.));
#2640=DIRECTION('',(0.,0.,-1.));
#2641=DIRECTION('center_axis',(0.,-1.,0.));
#2642=DIRECTION('ref_axis',(0.,-2.22044604925031E-16,1.));
#2643=DIRECTION('center_axis',(0.,-1.,0.));
#2644=DIRECTION('ref_axis',(0.,-2.22044604925031E-16,1.));
#2645=DIRECTION('center_axis',(0.,1.,2.22044604925031E-16));
#2646=DIRECTION('ref_axis',(0.,-2.22044604925031E-16,1.));
#2647=DIRECTION('center_axis',(0.,-1.,0.));
#2648=DIRECTION('ref_axis',(0.,-2.22044604925031E-16,1.));
#2649=DIRECTION('',(0.,1.,2.22044604925031E-16));
#2650=DIRECTION('center_axis',(0.,0.,1.));
#2651=DIRECTION('ref_axis',(0.707106781186544,-0.707106781186551,0.));
#2652=DIRECTION('',(0.,0.,1.));
#2653=DIRECTION('center_axis',(0.,1.,0.));
#2654=DIRECTION('ref_axis',(0.,0.,-1.));
#2655=DIRECTION('',(0.,0.,-1.));
#2656=DIRECTION('center_axis',(0.,-1.,0.));
#2657=DIRECTION('ref_axis',(0.,0.,1.));
#2658=DIRECTION('center_axis',(0.,-1.,0.));
#2659=DIRECTION('ref_axis',(0.,0.,1.));
#2660=DIRECTION('center_axis',(1.,0.,0.));
#2661=DIRECTION('ref_axis',(0.,0.,1.));
#2662=DIRECTION('center_axis',(-1.,0.,0.));
#2663=DIRECTION('ref_axis',(0.,0.,1.));
#2664=DIRECTION('center_axis',(-1.,0.,0.));
#2665=DIRECTION('ref_axis',(0.,0.,1.));
#2666=DIRECTION('center_axis',(1.,0.,0.));
#2667=DIRECTION('ref_axis',(0.,0.,1.));
#2668=CARTESIAN_POINT('',(0.,0.,0.));
#2669=CARTESIAN_POINT('Origin',(53.,26.5000002682209,7.00000020861626));
#2670=CARTESIAN_POINT('',(55.,26.5000002682209,-8.));
#2671=CARTESIAN_POINT('',(53.,28.5000002682209,-8.));
#2672=CARTESIAN_POINT('Origin',(53.,26.5000002682209,-8.));
#2673=CARTESIAN_POINT('',(53.,28.5000002682209,12.));
#2674=CARTESIAN_POINT('',(53.,28.5000002682209,7.00000020861626));
#2675=CARTESIAN_POINT('',(55.,26.5000002682209,12.));
#2676=CARTESIAN_POINT('Origin',(53.,26.5000002682209,12.));
#2677=CARTESIAN_POINT('',(55.,26.5000002682209,7.00000020861626));
#2678=CARTESIAN_POINT('Origin',(53.,26.5000002682209,12.));
#2679=CARTESIAN_POINT('',(53.,26.5000002682209,14.));
#2680=CARTESIAN_POINT('Origin',(53.,26.5000002682209,12.));
#2681=CARTESIAN_POINT('Origin',(53.,26.5000002682209,12.));
#2682=CARTESIAN_POINT('Origin',(49.5,28.5000002682209,7.00000020861626));
#2683=CARTESIAN_POINT('',(46.,28.5000002682209,-8.));
#2684=CARTESIAN_POINT('',(38.,28.5000002682209,-8.));
#2685=CARTESIAN_POINT('',(46.,28.5000002682209,12.));
#2686=CARTESIAN_POINT('',(46.,28.5000002682209,7.00000010430813));
#2687=CARTESIAN_POINT('',(36.25,28.5000002682209,12.));
#2688=CARTESIAN_POINT('',(48.5000007227063,28.5000002682209,8.40000014901161));
#2689=CARTESIAN_POINT('Origin',(48.5000007227063,28.5000002682209,10.0000001490116));
#2690=CARTESIAN_POINT('Origin',(23.,23.,-8.));
#2691=CARTESIAN_POINT('',(55.,19.5000002682209,-8.));
#2692=CARTESIAN_POINT('',(55.,23.0000001341105,-8.));
#2693=CARTESIAN_POINT('',(53.,17.5000002682209,-8.));
#2694=CARTESIAN_POINT('Origin',(53.,19.5000002682209,-8.));
#2695=CARTESIAN_POINT('',(46.,17.5000002682209,-8.));
#2696=CARTESIAN_POINT('',(38.,17.5000002682209,-8.));
#2697=CARTESIAN_POINT('',(46.,4.,-8.));
#2698=CARTESIAN_POINT('',(46.,23.,-8.));
#2699=CARTESIAN_POINT('',(42.,0.,-8.));
#2700=CARTESIAN_POINT('Origin',(42.,4.,-8.));
#2701=CARTESIAN_POINT('',(4.,0.,-8.));
#2702=CARTESIAN_POINT('',(23.,0.,-8.));
#2703=CARTESIAN_POINT('',(0.,4.,-8.));
#2704=CARTESIAN_POINT('Origin',(4.,4.,-8.));
#2705=CARTESIAN_POINT('',(0.,17.5000002682209,-8.));
#2706=CARTESIAN_POINT('',(0.,15.8750001341105,-8.));
#2707=CARTESIAN_POINT('',(-5.,17.5000002682209,-8.));
#2708=CARTESIAN_POINT('',(38.,17.5000002682209,-8.));
#2709=CARTESIAN_POINT('',(-9.,21.5000002682209,-8.));
#2710=CARTESIAN_POINT('Origin',(-5.,21.5000002682209,-8.));
#2711=CARTESIAN_POINT('',(-9.,24.5000002682209,-8.));
#2712=CARTESIAN_POINT('',(-9.,23.0000001341105,-8.));
#2713=CARTESIAN_POINT('',(-5.,28.5000002682209,-8.));
#2714=CARTESIAN_POINT('Origin',(-5.,24.5000002682209,-8.));
#2715=CARTESIAN_POINT('',(0.,28.5000000670552,-8.));
#2716=CARTESIAN_POINT('',(38.,28.5000002682209,-8.));
#2717=CARTESIAN_POINT('',(0.,42.,-8.));
#2718=CARTESIAN_POINT('',(0.,30.125,-8.));
#2719=CARTESIAN_POINT('',(4.,46.,-8.));
#2720=CARTESIAN_POINT('Origin',(4.,42.,-8.));
#2721=CARTESIAN_POINT('',(42.,46.,-8.));
#2722=CARTESIAN_POINT('',(23.,46.,-8.));
#2723=CARTESIAN_POINT('',(46.,42.,-8.));
#2724=CARTESIAN_POINT('Origin',(42.,42.,-8.));
#2725=CARTESIAN_POINT('',(46.,23.,-8.));
#2726=CARTESIAN_POINT('Origin',(55.,23.0000002682209,7.00000020861626));
#2727=CARTESIAN_POINT('',(55.,19.5000002682209,12.));
#2728=CARTESIAN_POINT('',(55.,23.0000001341105,12.));
#2729=CARTESIAN_POINT('',(55.,19.5000002682209,7.00000020861626));
#2730=CARTESIAN_POINT('Origin',(53.,19.5000002682209,7.00000020861626));
#2731=CARTESIAN_POINT('',(53.,17.5000002682209,12.));
#2732=CARTESIAN_POINT('Origin',(53.,19.5000002682209,12.));
#2733=CARTESIAN_POINT('',(53.,17.5000002682209,7.00000020861626));
#2734=CARTESIAN_POINT('Origin',(53.,19.5000002682209,12.));
#2735=CARTESIAN_POINT('',(53.,19.5000002682209,14.));
#2736=CARTESIAN_POINT('Origin',(53.,19.5000002682209,12.));
#2737=CARTESIAN_POINT('Origin',(53.,19.5000002682209,12.));
#2738=CARTESIAN_POINT('Origin',(49.5,17.5000002682209,7.00000020861626));
#2739=CARTESIAN_POINT('',(46.,17.5000002682209,12.));
#2740=CARTESIAN_POINT('',(36.25,17.5000002682209,12.));
#2741=CARTESIAN_POINT('',(46.,17.5000002682209,7.00000010430813));
#2742=CARTESIAN_POINT('',(48.5000007227063,17.5000002682209,8.40000014901161));
#2743=CARTESIAN_POINT('Origin',(48.5000007227063,17.5000002682209,10.0000001490116));
#2744=CARTESIAN_POINT('Origin',(51.5000006556511,25.0000004023314,3.375));
#2745=CARTESIAN_POINT('',(53.5000006556511,25.0000004023314,-7.25));
#2746=CARTESIAN_POINT('',(51.5000006556511,27.0000004023314,-7.25));
#2747=CARTESIAN_POINT('Origin',(51.5000006556511,25.0000004023314,-7.25));
#2748=CARTESIAN_POINT('',(53.5000006556511,25.0000004023314,12.));
#2749=CARTESIAN_POINT('',(53.5000006556511,25.0000004023314,3.375));
#2750=CARTESIAN_POINT('',(51.5000006556511,27.0000004023314,12.));
#2751=CARTESIAN_POINT('Origin',(51.5000006556511,25.0000004023314,12.));
#2752=CARTESIAN_POINT('',(51.5000006556511,27.0000004023314,3.375));
#2753=CARTESIAN_POINT('Origin',(48.6000006556511,23.0000002682209,12.));
#2754=CARTESIAN_POINT('',(53.5000006556511,21.0000004023314,12.));
#2755=CARTESIAN_POINT('',(53.5000006556511,23.0000003352761,12.));
#2756=CARTESIAN_POINT('',(51.5000006556511,19.0000004023314,12.));
#2757=CARTESIAN_POINT('Origin',(51.5000006556511,21.0000004023314,12.));
#2758=CARTESIAN_POINT('',(46.2000006556511,19.0000004023314,12.));
#2759=CARTESIAN_POINT('',(49.1750006556511,19.0000004023314,12.));
#2760=CARTESIAN_POINT('',(46.2000006556511,22.0000003576279,12.));
#2761=CARTESIAN_POINT('',(46.2000006556511,23.0000001490116,12.));
#2762=CARTESIAN_POINT('',(50.0000008195639,22.0000003576279,12.));
#2763=CARTESIAN_POINT('',(33.8000007376075,22.0000003576279,12.));
#2764=CARTESIAN_POINT('',(50.0000008195639,24.0000003576279,12.));
#2765=CARTESIAN_POINT('Origin',(50.0000008195639,23.0000003576279,12.));
#2766=CARTESIAN_POINT('',(46.2000006556511,24.0000003576279,12.));
#2767=CARTESIAN_POINT('',(33.8000007376075,24.0000003576279,12.));
#2768=CARTESIAN_POINT('',(46.2000006556511,27.0000004023314,12.));
#2769=CARTESIAN_POINT('',(46.2000006556511,23.0000001490116,12.));
#2770=CARTESIAN_POINT('',(49.1750006556511,27.0000004023314,12.));
#2771=CARTESIAN_POINT('Origin',(53.5000006556511,23.0000004023314,3.375));
#2772=CARTESIAN_POINT('',(53.5000006556511,21.0000004023314,-7.25));
#2773=CARTESIAN_POINT('',(53.5000006556511,23.0000004023314,-7.25));
#2774=CARTESIAN_POINT('',(53.5000006556511,21.0000004023314,3.375));
#2775=CARTESIAN_POINT('Origin',(51.5000006556511,21.0000004023314,3.375));
#2776=CARTESIAN_POINT('',(51.5000006556511,19.0000004023314,-7.25));
#2777=CARTESIAN_POINT('Origin',(51.5000006556511,21.0000004023314,-7.25));
#2778=CARTESIAN_POINT('',(51.5000006556511,19.0000004023314,3.375));
#2779=CARTESIAN_POINT('Origin',(49.7500006556511,19.0000004023314,3.375));
#2780=CARTESIAN_POINT('',(44.0000006556511,19.0000004023314,-7.25));
#2781=CARTESIAN_POINT('',(49.7500006556511,19.0000004023314,-7.25));
#2782=CARTESIAN_POINT('',(44.0000006556511,19.0000004023314,2.));
#2783=CARTESIAN_POINT('',(44.0000006556511,19.0000004023314,3.375));
#2784=CARTESIAN_POINT('',(44.2000006556511,19.0000004023314,2.));
#2785=CARTESIAN_POINT('',(36.3750006556511,19.0000004023314,2.));
#2786=CARTESIAN_POINT('',(44.2000006556511,19.0000004023314,13.9899748083177));
#2787=CARTESIAN_POINT('',(44.2000006556511,19.0000004023314,5.6875));
#2788=CARTESIAN_POINT('',(44.2111812918099,19.0000004023314,13.9888193638411));
#2789=CARTESIAN_POINT('Origin',(44.,19.0000004023314,12.));
#2790=CARTESIAN_POINT('',(48.7437506556511,19.0000004023314,9.45625));
#2791=CARTESIAN_POINT('',(48.5000007227063,19.0000004023314,8.40000014901161));
#2792=CARTESIAN_POINT('Origin',(48.5000007227063,19.0000004023314,10.0000001490116));
#2793=CARTESIAN_POINT('Origin',(49.7500006556511,23.0000004023314,-7.25));
#2794=CARTESIAN_POINT('',(44.0000006556511,27.0000004023314,-7.25));
#2795=CARTESIAN_POINT('',(49.7500006556511,27.0000004023314,-7.25));
#2796=CARTESIAN_POINT('',(44.0000006556511,23.0006257669137,-7.25));
#2797=CARTESIAN_POINT('',(44.0000006556511,23.0000004023314,-7.25));
#2798=CARTESIAN_POINT('',(44.0000006556511,22.9993749185398,-7.25));
#2799=CARTESIAN_POINT('',(44.0000006556511,23.0000004023314,-7.25));
#2800=CARTESIAN_POINT('',(44.0000006556511,23.0000004023314,-7.25));
#2801=CARTESIAN_POINT('Origin',(49.7500006556511,27.0000004023314,3.375));
#2802=CARTESIAN_POINT('',(44.2111812918099,27.0000004023314,13.9888193638411));
#2803=CARTESIAN_POINT('',(48.7437506556511,27.0000004023314,9.45625));
#2804=CARTESIAN_POINT('',(44.2000006556511,27.0000004023314,13.9899748083177));
#2805=CARTESIAN_POINT('Origin',(44.,27.0000004023314,12.));
#2806=CARTESIAN_POINT('',(44.2000006556511,27.0000004023314,2.));
#2807=CARTESIAN_POINT('',(44.2000006556511,27.0000004023314,5.6875));
#2808=CARTESIAN_POINT('',(44.0000006556511,27.0000004023314,2.));
#2809=CARTESIAN_POINT('',(36.3750006556511,27.0000004023314,2.));
#2810=CARTESIAN_POINT('',(44.0000006556511,27.0000004023314,3.375));
#2811=CARTESIAN_POINT('',(48.5000007227063,27.0000004023314,8.40000014901161));
#2812=CARTESIAN_POINT('Origin',(48.5000007227063,27.0000004023314,10.0000001490116));
#2813=CARTESIAN_POINT('Origin',(53.,23.0000001341105,12.));
#2814=CARTESIAN_POINT('',(53.,23.0000001341105,14.));
#2815=CARTESIAN_POINT('Origin',(36.25,26.5000002682209,12.));
#2816=CARTESIAN_POINT('',(44.2111812918099,26.7111815600308,13.9888193638411));
#2817=CARTESIAN_POINT('Origin',(44.,26.5000002682209,12.));
#2818=CARTESIAN_POINT('',(44.2000006556511,26.5000002682209,14.));
#2819=CARTESIAN_POINT('Origin',(46.2000006556511,26.5000002682209,12.));
#2820=CARTESIAN_POINT('',(36.25,26.5000002682209,14.));
#2821=CARTESIAN_POINT('Origin',(36.25,19.5000002682209,12.));
#2822=CARTESIAN_POINT('',(44.2000006556511,19.5000002682209,14.));
#2823=CARTESIAN_POINT('',(36.25,19.5000002682209,14.));
#2824=CARTESIAN_POINT('',(44.2111812918099,19.288818976411,13.9888193638411));
#2825=CARTESIAN_POINT('Origin',(46.2000006556511,19.5000002682209,12.));
#2826=CARTESIAN_POINT('Origin',(44.,19.5000002682209,12.));
#2827=CARTESIAN_POINT('Origin',(48.5000007227063,24.0000002682209,10.0000001490116));
#2828=CARTESIAN_POINT('',(48.5000007227063,24.0000002682209,8.40000014901161));
#2829=CARTESIAN_POINT('Origin',(48.5000007227063,24.0000002682209,10.0000001490116));
#2830=CARTESIAN_POINT('',(48.5000007227063,24.0000002682209,8.40000014901161));
#2831=CARTESIAN_POINT('Origin',(45.2000006556511,23.0000001490116,13.));
#2832=CARTESIAN_POINT('',(44.2111812918099,23.,13.9888193638411));
#2833=CARTESIAN_POINT('',(44.2000006556511,24.0000003576279,14.));
#2834=CARTESIAN_POINT('',(40.5250006966293,24.0000003576279,17.6749999590218));
#2835=CARTESIAN_POINT('',(44.2000006556511,23.0000000149012,14.));
#2836=CARTESIAN_POINT('Origin',(44.2000006556511,23.0000000298023,8.));
#2837=CARTESIAN_POINT('',(44.2000006556511,41.2000000298023,13.9899748083177));
#2838=CARTESIAN_POINT('',(44.2000006556511,23.,13.9899748083177));
#2839=CARTESIAN_POINT('',(44.2000006556511,41.2000000298023,2.));
#2840=CARTESIAN_POINT('',(44.2000006556511,41.2000000298023,8.));
#2841=CARTESIAN_POINT('',(44.2000006556511,23.0000000298023,2.));
#2842=CARTESIAN_POINT('Origin',(45.2000006556511,23.0000001490116,13.));
#2843=CARTESIAN_POINT('',(44.2000006556511,22.0000003576279,14.));
#2844=CARTESIAN_POINT('',(44.2000006556511,23.0000000149012,14.));
#2845=CARTESIAN_POINT('',(40.5250006966293,22.0000003576279,17.6749999590218));
#2846=CARTESIAN_POINT('',(44.2111812918099,23.,13.9888193638411));
#2847=CARTESIAN_POINT('Origin',(19.0000008195639,22.0000003576279,5.5));
#2848=CARTESIAN_POINT('',(50.0000008195639,22.0000003576279,14.));
#2849=CARTESIAN_POINT('',(21.0000004097819,22.0000003576279,14.));
#2850=CARTESIAN_POINT('',(50.0000008195639,22.0000003576279,5.5));
#2851=CARTESIAN_POINT('Origin',(39.0000006556511,20.5000003576279,4.4375));
#2852=CARTESIAN_POINT('',(34.0000006556511,21.5000003576279,2.));
#2853=CARTESIAN_POINT('',(44.0000006556511,19.5000003576279,2.));
#2854=CARTESIAN_POINT('',(31.0673083794805,22.086538812862,2.));
#2855=CARTESIAN_POINT('',(44.0000006556511,19.5000003576279,-2.15370881163136));
#2856=CARTESIAN_POINT('',(44.0000006556511,19.5000003576279,4.4375));
#2857=CARTESIAN_POINT('',(34.0000006556511,21.5000003576279,-0.0630682744337765));
#2858=CARTESIAN_POINT('Origin',(26.5000007301569,23.0000003427267,-3.50000005215406));
#2859=CARTESIAN_POINT('',(34.0000006556511,21.5000003576279,4.4375));
#2860=CARTESIAN_POINT('Origin',(44.0000006556511,23.0000004023314,3.375));
#2861=CARTESIAN_POINT('',(44.0000006556511,23.0000002160668,2.));
#2862=CARTESIAN_POINT('Origin',(44.0000006556511,23.0000003427267,-3.50000005215405));
#2863=CARTESIAN_POINT('Origin',(23.0000006556511,23.0000000298023,2.));
#2864=CARTESIAN_POINT('',(1.80000065565109,21.5000003576279,2.));
#2865=CARTESIAN_POINT('',(21.0000007376075,21.5000003576279,2.));
#2866=CARTESIAN_POINT('',(1.80000065565109,4.80000002980232,2.));
#2867=CARTESIAN_POINT('',(1.80000065565109,23.0000000298023,2.));
#2868=CARTESIAN_POINT('',(2.50000061094761,4.1000000745058,2.));
#2869=CARTESIAN_POINT('',(3.30000065565109,3.30000002980232,2.));
#2870=CARTESIAN_POINT('',(2.50000061094761,19.5000000745058,2.));
#2871=CARTESIAN_POINT('',(2.50000061094761,17.2500000521541,2.));
#2872=CARTESIAN_POINT('',(43.5000006109476,19.5000000745058,2.));
#2873=CARTESIAN_POINT('',(23.0000006332994,19.5000000745058,2.));
#2874=CARTESIAN_POINT('',(43.5000006109476,4.09999998509886,2.));
#2875=CARTESIAN_POINT('',(43.5000006109476,17.2500000521541,2.));
#2876=CARTESIAN_POINT('',(44.2000006556511,4.80000002980233,2.));
#2877=CARTESIAN_POINT('',(42.7000006556511,3.30000002980233,2.));
#2878=CARTESIAN_POINT('',(44.2000006556511,23.0000000298023,2.));
#2879=CARTESIAN_POINT('Origin',(39.0000006556511,25.5000003576279,4.4375));
#2880=CARTESIAN_POINT('',(44.0000006556511,26.5000003576279,2.));
#2881=CARTESIAN_POINT('',(34.0000006556511,24.5000003576279,2.));
#2882=CARTESIAN_POINT('',(31.0673083164371,23.9134618897851,2.));
#2883=CARTESIAN_POINT('',(34.0000006556511,24.5000003576279,-0.063068287440576));
#2884=CARTESIAN_POINT('',(34.0000006556511,24.5000003576279,4.4375));
#2885=CARTESIAN_POINT('',(44.0000006556511,26.5000003576279,-2.1537088891095));
#2886=CARTESIAN_POINT('Origin',(26.5000005811453,23.0000003427267,-3.50000005215406));
#2887=CARTESIAN_POINT('',(44.0000006556511,26.5000003576279,4.4375));
#2888=CARTESIAN_POINT('Origin',(44.0000006556511,23.0000004023314,3.375));
#2889=CARTESIAN_POINT('Origin',(44.0000006556511,23.0000003427267,-3.50000005215405));
#2890=CARTESIAN_POINT('',(44.0000006556511,23.0000002160668,2.));
#2891=CARTESIAN_POINT('Origin',(27.5,23.0000003427267,-3.50000005215406));
#2892=CARTESIAN_POINT('',(-8.99999999999999,24.5000003129234,-0.0630682679273088));
#2893=CARTESIAN_POINT('',(27.5,24.5000003576279,-0.0630682874405775));
#2894=CARTESIAN_POINT('',(-8.99999999999999,24.5000002682209,-6.93693185588795));
#2895=CARTESIAN_POINT('Ctrl Pts',(-9.,24.5000002682209,-6.93693185588795));
#2896=CARTESIAN_POINT('Ctrl Pts',(-9.,24.5531347006203,-6.91374208978503));
#2897=CARTESIAN_POINT('Ctrl Pts',(-8.99893973825159,24.6052377243698,-6.88953254269253));
#2898=CARTESIAN_POINT('Ctrl Pts',(-8.98925949359655,24.8530542518217,-6.76754754976942));
#2899=CARTESIAN_POINT('Ctrl Pts',(-8.96559189372638,25.0578826065455,-6.64381417682701));
#2900=CARTESIAN_POINT('Ctrl Pts',(-8.89357766571914,25.4365923645672,-6.3603262402609));
#2901=CARTESIAN_POINT('Ctrl Pts',(-8.8457780479331,25.6105955976278,-6.20059574909851));
#2902=CARTESIAN_POINT('Ctrl Pts',(-8.69802271442408,26.0573839258514,-5.71641750210683));
#2903=CARTESIAN_POINT('Ctrl Pts',(-8.56955473330946,26.3160743752034,-5.31373058532187));
#2904=CARTESIAN_POINT('Ctrl Pts',(-8.3710032713347,26.6624503328997,-4.43403269389462));
#2905=CARTESIAN_POINT('Ctrl Pts',(-8.30718908814175,26.7500003427267,-3.95556513894359));
#2906=CARTESIAN_POINT('Ctrl Pts',(-8.30718908814175,26.7500003427267,-3.50000005215407));
#2907=CARTESIAN_POINT('Ctrl Pts',(-8.30718908814175,26.7500003427267,-3.04443496536454));
#2908=CARTESIAN_POINT('Ctrl Pts',(-8.3710032713347,26.6624503328997,-2.56596741041352));
#2909=CARTESIAN_POINT('Ctrl Pts',(-8.56955473330946,26.3160743752034,-1.68626951898627));
#2910=CARTESIAN_POINT('Ctrl Pts',(-8.69802271442408,26.0573839258514,-1.2835826022013));
#2911=CARTESIAN_POINT('Ctrl Pts',(-8.8457780479331,25.6105955976278,-0.799404355209624));
#2912=CARTESIAN_POINT('Ctrl Pts',(-8.89357766571914,25.4365923645672,-0.639673864047234));
#2913=CARTESIAN_POINT('Ctrl Pts',(-8.96559189372638,25.0578826065455,-0.356185927481118));
#2914=CARTESIAN_POINT('Ctrl Pts',(-8.98925949359655,24.8530542518217,-0.232452554538712));
#2915=CARTESIAN_POINT('Ctrl Pts',(-8.99893973825159,24.6052377243698,-0.110467561615602));
#2916=CARTESIAN_POINT('Ctrl Pts',(-9.,24.5531347006203,-0.0862580145230997));
#2917=CARTESIAN_POINT('Ctrl Pts',(-9.,24.5000002682209,-0.0630682484201872));
#2918=CARTESIAN_POINT('',(-8.99999999999999,21.5000002682209,-6.93693179085395));
#2919=CARTESIAN_POINT('Origin',(-8.99999999999999,23.0000003427267,-3.50000005215407));
#2920=CARTESIAN_POINT('',(-8.99999999999999,21.5000003129254,-0.0630682939409086));
#2921=CARTESIAN_POINT('Ctrl Pts',(-9.,21.5000002682209,-0.0630683134541865));
#2922=CARTESIAN_POINT('Ctrl Pts',(-9.,21.4468658820005,-0.0862580621454377));
#2923=CARTESIAN_POINT('Ctrl Pts',(-8.99893974009712,21.3947629028497,-0.11046758998623));
#2924=CARTESIAN_POINT('Ctrl Pts',(-8.98925950555862,21.1469464224079,-0.232452561202654));
#2925=CARTESIAN_POINT('Ctrl Pts',(-8.96559191345203,20.9421180717468,-0.356185932463437));
#2926=CARTESIAN_POINT('Ctrl Pts',(-8.89357770120298,20.5634083203609,-0.639673864818717));
#2927=CARTESIAN_POINT('Ctrl Pts',(-8.84577809140254,20.3894050899004,-0.799404353457824));
#2928=CARTESIAN_POINT('Ctrl Pts',(-8.69802277791202,19.9426167618248,-1.28358259876246));
#2929=CARTESIAN_POINT('Ctrl Pts',(-8.56955480932011,19.6839263111092,-1.68626951707892));
#2930=CARTESIAN_POINT('Ctrl Pts',(-8.37100336649463,19.3375503522793,-2.56596741083554));
#2931=CARTESIAN_POINT('Ctrl Pts',(-8.30718918951972,19.2500003427267,-3.04443496637116));
#2932=CARTESIAN_POINT('Ctrl Pts',(-8.30718918951972,19.2500003427267,-3.50000005215407));
#2933=CARTESIAN_POINT('Ctrl Pts',(-8.30718918951972,19.2500003427267,-3.95556513793698));
#2934=CARTESIAN_POINT('Ctrl Pts',(-8.37100336649464,19.3375503522793,-4.4340326934726));
#2935=CARTESIAN_POINT('Ctrl Pts',(-8.56955480932011,19.6839263111092,-5.31373058722921));
#2936=CARTESIAN_POINT('Ctrl Pts',(-8.69802277791202,19.9426167618248,-5.71641750554567));
#2937=CARTESIAN_POINT('Ctrl Pts',(-8.84577809140254,20.3894050899004,-6.20059575085031));
#2938=CARTESIAN_POINT('Ctrl Pts',(-8.89357770120298,20.5634083203609,-6.36032623948941));
#2939=CARTESIAN_POINT('Ctrl Pts',(-8.96559191345203,20.9421180717468,-6.64381417184469));
#2940=CARTESIAN_POINT('Ctrl Pts',(-8.98925950555862,21.1469464224079,-6.76754754310548));
#2941=CARTESIAN_POINT('Ctrl Pts',(-8.99893974009714,21.3947629028501,-6.88953251432206));
#2942=CARTESIAN_POINT('Ctrl Pts',(-9.,21.4468658820006,-6.91374204216276));
#2943=CARTESIAN_POINT('Ctrl Pts',(-9.,21.5000002682209,-6.93693179085395));
#2944=CARTESIAN_POINT('',(27.5,21.5000003576279,-0.0630682744337779));
#2945=CARTESIAN_POINT('Origin',(44.,23.,12.));
#2946=CARTESIAN_POINT('',(46.,42.,12.));
#2947=CARTESIAN_POINT('',(46.,23.,12.));
#2948=CARTESIAN_POINT('',(44.,42.,14.));
#2949=CARTESIAN_POINT('Origin',(44.,42.,12.));
#2950=CARTESIAN_POINT('',(44.,41.4000006854534,14.));
#2951=CARTESIAN_POINT('',(44.,23.,14.));
#2952=CARTESIAN_POINT('Origin',(44.,41.4000006854534,12.));
#2953=CARTESIAN_POINT('Origin',(2.,15.8750001341105,12.));
#2954=CARTESIAN_POINT('',(1.80000065565109,4.80000002980232,13.9899749401085));
#2955=CARTESIAN_POINT('',(1.80000065565108,19.300000923872,13.9899749401085));
#2956=CARTESIAN_POINT('',(1.80000065565109,15.8750001341105,13.9899749401085));
#2957=CARTESIAN_POINT('',(0.,17.5000002682209,12.));
#2958=CARTESIAN_POINT('Origin',(2.,19.5000002682209,12.));
#2959=CARTESIAN_POINT('',(0.,4.,12.));
#2960=CARTESIAN_POINT('',(0.,15.8750001341105,12.));
#2961=CARTESIAN_POINT('',(2.,4.,14.));
#2962=CARTESIAN_POINT('Origin',(2.,4.,12.));
#2963=CARTESIAN_POINT('',(2.,4.60000068545341,14.));
#2964=CARTESIAN_POINT('',(2.,15.8750001341105,14.));
#2965=CARTESIAN_POINT('Origin',(2.,4.60000068545341,12.));
#2966=CARTESIAN_POINT('Ctrl Pts',(4.,2.,14.));
#2967=CARTESIAN_POINT('Ctrl Pts',(2.,2.,14.));
#2968=CARTESIAN_POINT('Ctrl Pts',(2.,4.,14.));
#2969=CARTESIAN_POINT('Ctrl Pts',(4.,-5.55111512312578E-16,14.));
#2970=CARTESIAN_POINT('Ctrl Pts',(1.11022302462516E-15,5.55111512312578E-16,
14.));
#2971=CARTESIAN_POINT('Ctrl Pts',(0.,4.,14.));
#2972=CARTESIAN_POINT('Ctrl Pts',(4.,-5.55111512312578E-16,12.));
#2973=CARTESIAN_POINT('Ctrl Pts',(1.11022302462516E-15,5.55111512312578E-16,
12.));
#2974=CARTESIAN_POINT('Ctrl Pts',(0.,4.,12.));
#2975=CARTESIAN_POINT('',(4.,0.,12.));
#2976=CARTESIAN_POINT('',(4.,2.,14.));
#2977=CARTESIAN_POINT('Origin',(4.,2.,12.));
#2978=CARTESIAN_POINT('Origin',(4.,4.,14.));
#2979=CARTESIAN_POINT('Origin',(4.,4.,12.));
#2980=CARTESIAN_POINT('Origin',(23.,2.,12.));
#2981=CARTESIAN_POINT('',(4.80000065565108,1.80000002980233,13.9899748772085));
#2982=CARTESIAN_POINT('',(4.60000068545341,2.,14.));
#2983=CARTESIAN_POINT('Origin',(4.60000068545341,2.,12.));
#2984=CARTESIAN_POINT('',(23.,2.,14.));
#2985=CARTESIAN_POINT('',(42.,0.,12.));
#2986=CARTESIAN_POINT('',(23.,0.,12.));
#2987=CARTESIAN_POINT('',(42.,2.,14.));
#2988=CARTESIAN_POINT('Origin',(42.,2.,12.));
#2989=CARTESIAN_POINT('',(41.4000006258488,2.,14.));
#2990=CARTESIAN_POINT('',(23.,2.,14.));
#2991=CARTESIAN_POINT('',(41.2000006556511,1.80000002980233,13.9899748772085));
#2992=CARTESIAN_POINT('Origin',(41.4000006258488,2.,12.));
#2993=CARTESIAN_POINT('',(23.,1.80000002980233,13.9899748772085));
#2994=CARTESIAN_POINT('Ctrl Pts',(44.,4.,14.));
#2995=CARTESIAN_POINT('Ctrl Pts',(44.,2.,14.));
#2996=CARTESIAN_POINT('Ctrl Pts',(42.,2.,14.));
#2997=CARTESIAN_POINT('Ctrl Pts',(46.,4.,14.));
#2998=CARTESIAN_POINT('Ctrl Pts',(46.,-2.22044604925031E-15,14.));
#2999=CARTESIAN_POINT('Ctrl Pts',(42.,-3.33066907387547E-15,14.));
#3000=CARTESIAN_POINT('Ctrl Pts',(46.,4.,12.));
#3001=CARTESIAN_POINT('Ctrl Pts',(46.,-2.22044604925031E-15,12.));
#3002=CARTESIAN_POINT('Ctrl Pts',(42.,-3.33066907387547E-15,12.));
#3003=CARTESIAN_POINT('',(46.,4.,12.));
#3004=CARTESIAN_POINT('',(44.,4.,14.));
#3005=CARTESIAN_POINT('Origin',(44.,4.,12.));
#3006=CARTESIAN_POINT('Origin',(42.,4.,14.));
#3007=CARTESIAN_POINT('Origin',(42.,4.,12.));
#3008=CARTESIAN_POINT('Origin',(44.,23.,12.));
#3009=CARTESIAN_POINT('',(44.2000006556511,4.80000002980233,13.9899748083177));
#3010=CARTESIAN_POINT('',(44.2000006556511,23.,13.9899748083177));
#3011=CARTESIAN_POINT('',(44.,4.59999937415125,14.));
#3012=CARTESIAN_POINT('Origin',(44.,4.59999937415125,12.));
#3013=CARTESIAN_POINT('',(44.,23.,14.));
#3014=CARTESIAN_POINT('',(46.,23.,12.));
#3015=CARTESIAN_POINT('Origin',(36.25,19.5000002682209,12.));
#3016=CARTESIAN_POINT('',(1.80000065565109,19.5000002682209,14.));
#3017=CARTESIAN_POINT('Origin',(1.80000065565109,19.5000002682209,12.));
#3018=CARTESIAN_POINT('',(-5.,19.5000002682209,14.));
#3019=CARTESIAN_POINT('',(36.25,19.5000002682209,14.));
#3020=CARTESIAN_POINT('',(-5.,17.5000002682209,12.));
#3021=CARTESIAN_POINT('Origin',(-5.,19.5000002682209,12.));
#3022=CARTESIAN_POINT('',(36.25,17.5000002682209,12.));
#3023=CARTESIAN_POINT('Ctrl Pts',(-5.,19.5000002682209,14.));
#3024=CARTESIAN_POINT('Ctrl Pts',(-7.00000008940697,19.5000002682209,14.));
#3025=CARTESIAN_POINT('Ctrl Pts',(-6.99999999999999,21.5000003576279,14.));
#3026=CARTESIAN_POINT('Ctrl Pts',(-5.,17.5000002682209,14.));
#3027=CARTESIAN_POINT('Ctrl Pts',(-9.00000017881394,17.5000002682209,14.));
#3028=CARTESIAN_POINT('Ctrl Pts',(-9.,21.5000004470348,14.));
#3029=CARTESIAN_POINT('Ctrl Pts',(-5.,17.5000002682209,12.));
#3030=CARTESIAN_POINT('Ctrl Pts',(-9.00000017881394,17.5000002682209,12.));
#3031=CARTESIAN_POINT('Ctrl Pts',(-9.,21.5000004470348,12.));
#3032=CARTESIAN_POINT('',(-7.,21.5000003576279,14.));
#3033=CARTESIAN_POINT('',(-9.,21.5000003576279,12.));
#3034=CARTESIAN_POINT('Origin',(-7.,21.5000002682209,12.));
#3035=CARTESIAN_POINT('Origin',(-5.,21.5000002682209,12.));
#3036=CARTESIAN_POINT('Origin',(-5.,21.5000002682209,14.));
#3037=CARTESIAN_POINT('Ctrl Pts',(42.,44.,14.));
#3038=CARTESIAN_POINT('Ctrl Pts',(44.,44.,14.));
#3039=CARTESIAN_POINT('Ctrl Pts',(44.,42.,14.));
#3040=CARTESIAN_POINT('Ctrl Pts',(42.,46.,14.));
#3041=CARTESIAN_POINT('Ctrl Pts',(46.,46.,14.));
#3042=CARTESIAN_POINT('Ctrl Pts',(46.,42.,14.));
#3043=CARTESIAN_POINT('Ctrl Pts',(42.,46.,12.));
#3044=CARTESIAN_POINT('Ctrl Pts',(46.,46.,12.));
#3045=CARTESIAN_POINT('Ctrl Pts',(46.,42.,12.));
#3046=CARTESIAN_POINT('',(42.,46.,12.));
#3047=CARTESIAN_POINT('',(42.,44.,14.));
#3048=CARTESIAN_POINT('Origin',(42.,44.,12.));
#3049=CARTESIAN_POINT('Origin',(42.,42.,14.));
#3050=CARTESIAN_POINT('Origin',(42.,42.,12.));
#3051=CARTESIAN_POINT('Origin',(23.,44.,12.));
#3052=CARTESIAN_POINT('',(41.2000006556511,44.2000000298023,13.989974871218));
#3053=CARTESIAN_POINT('',(41.4000006854534,44.,14.));
#3054=CARTESIAN_POINT('Origin',(41.4000006854534,44.,12.));
#3055=CARTESIAN_POINT('',(23.,44.,14.));
#3056=CARTESIAN_POINT('',(4.,46.,12.));
#3057=CARTESIAN_POINT('',(23.,46.,12.));
#3058=CARTESIAN_POINT('',(4.,44.,14.));
#3059=CARTESIAN_POINT('Origin',(4.,44.,12.));
#3060=CARTESIAN_POINT('',(4.60000062584877,44.,14.));
#3061=CARTESIAN_POINT('',(23.,44.,14.));
#3062=CARTESIAN_POINT('',(4.80000065565108,44.2000000298023,13.989974871218));
#3063=CARTESIAN_POINT('Origin',(4.60000062584877,44.,12.));
#3064=CARTESIAN_POINT('',(23.,44.2000000298023,13.989974871218));
#3065=CARTESIAN_POINT('Ctrl Pts',(2.,42.,14.));
#3066=CARTESIAN_POINT('Ctrl Pts',(2.,44.,14.));
#3067=CARTESIAN_POINT('Ctrl Pts',(4.,44.,14.));
#3068=CARTESIAN_POINT('Ctrl Pts',(0.,42.,14.));
#3069=CARTESIAN_POINT('Ctrl Pts',(1.11022302462516E-15,46.,14.));
#3070=CARTESIAN_POINT('Ctrl Pts',(4.,46.,14.));
#3071=CARTESIAN_POINT('Ctrl Pts',(0.,42.,12.));
#3072=CARTESIAN_POINT('Ctrl Pts',(1.11022302462516E-15,46.,12.));
#3073=CARTESIAN_POINT('Ctrl Pts',(4.,46.,12.));
#3074=CARTESIAN_POINT('',(0.,42.,12.));
#3075=CARTESIAN_POINT('',(2.,42.,14.));
#3076=CARTESIAN_POINT('Origin',(2.,42.,12.));
#3077=CARTESIAN_POINT('Origin',(4.,42.,14.));
#3078=CARTESIAN_POINT('Origin',(4.,42.,12.));
#3079=CARTESIAN_POINT('Origin',(2.,30.125,12.));
#3080=CARTESIAN_POINT('',(1.80000065565109,41.2000000298023,13.9899749401085));
#3081=CARTESIAN_POINT('',(2.,41.3999993741512,14.));
#3082=CARTESIAN_POINT('Origin',(2.,41.3999993741512,12.));
#3083=CARTESIAN_POINT('',(2.,30.125,14.));
#3084=CARTESIAN_POINT('',(0.,28.5,12.));
#3085=CARTESIAN_POINT('',(0.,30.125,12.));
#3086=CARTESIAN_POINT('',(1.80000065565109,26.6999995857478,13.9899749401085));
#3087=CARTESIAN_POINT('Origin',(2.,26.5000002682209,12.));
#3088=CARTESIAN_POINT('',(1.80000065565109,30.125,13.9899749401085));
#3089=CARTESIAN_POINT('Origin',(36.25,26.5000002682209,12.));
#3090=CARTESIAN_POINT('',(1.80000065565109,26.5000002682209,14.));
#3091=CARTESIAN_POINT('Origin',(1.80000065565109,26.5000002682209,12.));
#3092=CARTESIAN_POINT('',(-5.,28.5000002682209,12.));
#3093=CARTESIAN_POINT('',(36.25,28.5000002682209,12.));
#3094=CARTESIAN_POINT('',(-5.,26.5000002682209,14.));
#3095=CARTESIAN_POINT('Origin',(-5.,26.5000002682209,12.));
#3096=CARTESIAN_POINT('',(36.25,26.5000002682209,14.));
#3097=CARTESIAN_POINT('Ctrl Pts',(-7.,24.5000002682209,14.));
#3098=CARTESIAN_POINT('Ctrl Pts',(-6.99999999999999,26.5000002682209,14.));
#3099=CARTESIAN_POINT('Ctrl Pts',(-5.,26.5000002682209,14.));
#3100=CARTESIAN_POINT('Ctrl Pts',(-9.,24.5000002682209,14.));
#3101=CARTESIAN_POINT('Ctrl Pts',(-9.,28.5000002682209,14.));
#3102=CARTESIAN_POINT('Ctrl Pts',(-5.,28.5000002682209,14.));
#3103=CARTESIAN_POINT('Ctrl Pts',(-9.,24.5000002682209,12.));
#3104=CARTESIAN_POINT('Ctrl Pts',(-9.,28.5000002682209,12.));
#3105=CARTESIAN_POINT('Ctrl Pts',(-5.,28.5000002682209,12.));
#3106=CARTESIAN_POINT('',(-9.,24.5000003576279,12.));
#3107=CARTESIAN_POINT('',(-7.,24.5000003576279,14.));
#3108=CARTESIAN_POINT('Origin',(-7.,24.5000002682209,12.));
#3109=CARTESIAN_POINT('Origin',(-5.,24.5000002682209,14.));
#3110=CARTESIAN_POINT('Origin',(-5.,24.5000002682209,12.));
#3111=CARTESIAN_POINT('Origin',(23.0000006556511,1.80000002980233,8.));
#3112=CARTESIAN_POINT('',(41.2000006556511,1.80000002980233,2.));
#3113=CARTESIAN_POINT('',(41.2000006556511,1.80000002980233,8.));
#3114=CARTESIAN_POINT('',(4.80000065565109,1.80000002980233,2.));
#3115=CARTESIAN_POINT('',(23.0000006556511,1.80000002980233,2.));
#3116=CARTESIAN_POINT('',(4.80000065565109,1.80000002980233,8.));
#3117=CARTESIAN_POINT('Origin',(3.30000065565109,3.30000002980233,8.));
#3118=CARTESIAN_POINT('',(3.10000061094761,3.50000007450581,2.));
#3119=CARTESIAN_POINT('',(3.30000065565109,3.30000002980232,2.));
#3120=CARTESIAN_POINT('',(2.80000061094761,3.8000000745058,1.98193472919817));
#3121=CARTESIAN_POINT('Origin',(3.1000006109476,3.50000007450581,-0.5));
#3122=CARTESIAN_POINT('Origin',(2.50000061094761,4.1000000745058,-0.5));
#3123=CARTESIAN_POINT('',(1.80000065565109,4.80000002980233,8.));
#3124=CARTESIAN_POINT('',(3.3000004991889,3.30000018626451,14.));
#3125=CARTESIAN_POINT('Origin',(42.7000006556511,3.30000002980233,8.));
#3126=CARTESIAN_POINT('',(42.7000004842877,3.29999985843898,14.));
#3127=CARTESIAN_POINT('',(44.2000006556511,4.80000002980233,8.));
#3128=CARTESIAN_POINT('',(43.2000006556511,3.80000002980233,1.98193473460163));
#3129=CARTESIAN_POINT('Origin',(43.5000006109476,4.09999998509885,-0.5));
#3130=CARTESIAN_POINT('',(42.9000007003546,3.50000007450581,2.));
#3131=CARTESIAN_POINT('Origin',(42.9000007003546,3.50000007450581,-0.5));
#3132=CARTESIAN_POINT('',(42.7000006556511,3.30000002980233,2.));
#3133=CARTESIAN_POINT('Origin',(44.2000006556511,23.0000000298023,8.));
#3134=CARTESIAN_POINT('Origin',(42.7000006556511,42.7000000298023,8.));
#3135=CARTESIAN_POINT('',(42.7000004991889,42.7000001862645,14.));
#3136=CARTESIAN_POINT('',(41.2000006556511,44.2000000298023,2.));
#3137=CARTESIAN_POINT('',(41.2000006556511,44.2000000298023,8.));
#3138=CARTESIAN_POINT('',(42.6120002533197,42.7880004321337,2.));
#3139=CARTESIAN_POINT('',(42.7000006556511,42.7000000298023,2.));
#3140=CARTESIAN_POINT('',(43.0560004321337,42.3440002533197,1.96025686488488));
#3141=CARTESIAN_POINT('Origin',(42.6120002533197,42.7880004321337,-0.5));
#3142=CARTESIAN_POINT('',(43.5000006109476,41.9000000745058,2.));
#3143=CARTESIAN_POINT('Origin',(43.5000006109476,41.9000000745058,-0.5));
#3144=CARTESIAN_POINT('',(42.7000006556511,42.7000000298023,2.));
#3145=CARTESIAN_POINT('Origin',(23.0000006556511,44.2000000298023,8.));
#3146=CARTESIAN_POINT('',(4.80000065565108,44.2000000298023,2.));
#3147=CARTESIAN_POINT('',(4.80000065565109,44.2000000298023,8.));
#3148=CARTESIAN_POINT('',(23.0000006556511,44.2000000298023,2.));
#3149=CARTESIAN_POINT('Origin',(3.30000065565109,42.7000000298023,8.));
#3150=CARTESIAN_POINT('',(3.30000048428774,42.699999858439,14.));
#3151=CARTESIAN_POINT('',(1.80000065565109,41.2000000298023,2.));
#3152=CARTESIAN_POINT('',(1.80000065565109,41.2000000298023,8.));
#3153=CARTESIAN_POINT('',(2.3000006109476,41.6999999850988,2.));
#3154=CARTESIAN_POINT('',(3.30000065565109,42.7000000298023,2.));
#3155=CARTESIAN_POINT('',(2.84400083446502,42.2440002086163,1.94009503028325));
#3156=CARTESIAN_POINT('Origin',(2.3000006109476,41.6999999850988,-0.5));
#3157=CARTESIAN_POINT('',(3.38800105798244,42.7880004321337,2.));
#3158=CARTESIAN_POINT('Origin',(3.38800105798243,42.7880004321337,-0.5));
#3159=CARTESIAN_POINT('',(3.30000065565109,42.7000000298023,2.));
#3160=CARTESIAN_POINT('Origin',(1.80000065565109,23.0000000298023,8.));
#3161=CARTESIAN_POINT('',(1.80000065565109,24.5000003576279,14.));
#3162=CARTESIAN_POINT('',(1.80000065565109,23.0000000149012,14.));
#3163=CARTESIAN_POINT('',(1.80000065565109,24.5000003576279,2.));
#3164=CARTESIAN_POINT('',(1.80000065565109,24.5000003576279,6.75));
#3165=CARTESIAN_POINT('',(1.80000065565109,23.0000000298023,2.));
#3166=CARTESIAN_POINT('Origin',(23.,23.,14.));
#3167=CARTESIAN_POINT('Origin',(23.,23.,14.));
#3168=CARTESIAN_POINT('',(21.0000004097819,24.5000003576279,14.));
#3169=CARTESIAN_POINT('Origin',(23.,23.,14.));
#3170=CARTESIAN_POINT('Origin',(23.,23.,14.));
#3171=CARTESIAN_POINT('',(50.0000008195639,24.0000003576279,14.));
#3172=CARTESIAN_POINT('',(21.0000004097819,24.0000003576279,14.));
#3173=CARTESIAN_POINT('Origin',(50.0000008195639,23.0000003576279,14.));
#3174=CARTESIAN_POINT('Origin',(23.,23.,14.));
#3175=CARTESIAN_POINT('Origin',(23.,23.,14.));
#3176=CARTESIAN_POINT('',(1.80000065565109,21.5000003576279,14.));
#3177=CARTESIAN_POINT('',(1.80000065565109,23.0000000149012,14.));
#3178=CARTESIAN_POINT('',(21.0000004097819,21.5000003576279,14.));
#3179=CARTESIAN_POINT('Origin',(43.5000006109476,28.822000230968,-0.5));
#3180=CARTESIAN_POINT('',(43.5000006109476,26.5000004321337,2.));
#3181=CARTESIAN_POINT('',(43.5000006109476,28.822000230968,2.));
#3182=CARTESIAN_POINT('',(41.0000006109476,40.2880004321337,-0.5));
#3183=CARTESIAN_POINT('Origin',(43.5000006109476,42.7880004321337,-0.5));
#3184=CARTESIAN_POINT('',(41.0000006109476,29.0000004321337,-0.5));
#3185=CARTESIAN_POINT('',(41.0000006109476,28.822000230968,-0.5));
#3186=CARTESIAN_POINT('Origin',(43.5000006109476,26.5000004321337,-0.5));
#3187=CARTESIAN_POINT('Origin',(22.9500006332993,42.7880004321337,-0.5));
#3188=CARTESIAN_POINT('',(22.9500006332993,42.7880004321337,2.));
#3189=CARTESIAN_POINT('',(4.8000006109476,40.2880004321337,-0.5));
#3190=CARTESIAN_POINT('Origin',(2.3000006109476,42.7880004321337,-0.5));
#3191=CARTESIAN_POINT('',(22.9500006332993,40.2880004321337,-0.5));
#3192=CARTESIAN_POINT('Origin',(2.3000006109476,28.822000230968,-0.5));
#3193=CARTESIAN_POINT('',(4.8000006109476,29.0000004321337,-0.5));
#3194=CARTESIAN_POINT('',(4.8000006109476,28.822000230968,-0.5));
#3195=CARTESIAN_POINT('',(2.3000006109476,26.5000004321337,2.));
#3196=CARTESIAN_POINT('',(2.3000006109476,28.822000230968,2.));
#3197=CARTESIAN_POINT('Origin',(2.3000006109476,26.5000004321337,-0.5));
#3198=CARTESIAN_POINT('Origin',(22.9500006332993,26.5000004321337,-0.5));
#3199=CARTESIAN_POINT('',(22.9500006332993,26.5000004321337,2.));
#3200=CARTESIAN_POINT('',(22.9500006332993,29.0000004321337,-0.5));
#3201=CARTESIAN_POINT('Origin',(22.9000006109476,29.0000004321337,-2.));
#3202=CARTESIAN_POINT('',(41.0000006109476,29.0000004321337,-6.));
#3203=CARTESIAN_POINT('',(41.0000006109476,29.0000004321337,-2.));
#3204=CARTESIAN_POINT('',(4.8000006109476,29.0000004321337,-6.));
#3205=CARTESIAN_POINT('',(22.9000006109476,29.0000004321337,-6.));
#3206=CARTESIAN_POINT('',(4.8000006109476,29.0000004321337,-2.));
#3207=CARTESIAN_POINT('Origin',(41.0000006109476,34.6440004321337,-2.));
#3208=CARTESIAN_POINT('',(41.0000006109476,40.2880004321337,-6.));
#3209=CARTESIAN_POINT('',(41.0000006109476,40.2880004321337,-2.));
#3210=CARTESIAN_POINT('',(41.0000006109476,34.6440004321337,-6.));
#3211=CARTESIAN_POINT('Origin',(23.0000006556511,23.0000000298023,2.));
#3212=CARTESIAN_POINT('Origin',(23.0000006556511,23.0000000298023,2.));
#3213=CARTESIAN_POINT('',(21.0000007376075,24.5000003576279,2.));
#3214=CARTESIAN_POINT('Origin',(43.5000006109476,17.2500000521541,-0.5));
#3215=CARTESIAN_POINT('',(41.0000006109476,17.0000000745058,-0.5));
#3216=CARTESIAN_POINT('Origin',(43.5000006109476,19.5000000745058,-0.5));
#3217=CARTESIAN_POINT('',(41.0000006109476,6.00000007450581,-0.5));
#3218=CARTESIAN_POINT('',(41.0000006109476,17.2500000521541,-0.5));
#3219=CARTESIAN_POINT('Origin',(43.5000006109476,3.50000007450581,-0.5));
#3220=CARTESIAN_POINT('Origin',(23.0000006332994,19.5000000745058,-0.5));
#3221=CARTESIAN_POINT('',(5.00000061094761,17.0000000745058,-0.5));
#3222=CARTESIAN_POINT('Origin',(2.50000061094761,19.5000000745058,-0.5));
#3223=CARTESIAN_POINT('',(23.0000006332994,17.0000000745058,-0.5));
#3224=CARTESIAN_POINT('Origin',(2.50000061094761,17.2500000521541,-0.5));
#3225=CARTESIAN_POINT('',(5.00000061094761,6.00000007450581,-0.5));
#3226=CARTESIAN_POINT('Origin',(2.50000061094761,3.50000007450581,-0.5));
#3227=CARTESIAN_POINT('',(5.00000061094761,17.2500000521541,-0.5));
#3228=CARTESIAN_POINT('Origin',(23.0000006332994,3.50000007450581,-0.5));
#3229=CARTESIAN_POINT('',(23.0000006332994,3.50000007450581,2.));
#3230=CARTESIAN_POINT('',(23.0000006332994,6.00000007450581,-0.5));
#3231=CARTESIAN_POINT('Origin',(23.0000006556511,23.0000000298023,2.));
#3232=CARTESIAN_POINT('Origin',(23.0000006109476,6.00000007450581,-2.));
#3233=CARTESIAN_POINT('',(41.0000006109476,6.00000007450581,-6.));
#3234=CARTESIAN_POINT('',(41.0000006109476,6.00000007450581,-2.));
#3235=CARTESIAN_POINT('',(5.00000061094761,6.00000007450581,-6.));
#3236=CARTESIAN_POINT('',(23.0000006109476,6.00000007450581,-6.));
#3237=CARTESIAN_POINT('',(5.00000061094761,6.00000007450581,-2.));
#3238=CARTESIAN_POINT('Origin',(41.0000006109476,11.5000000745058,-2.));
#3239=CARTESIAN_POINT('',(41.0000006109476,17.0000000745058,-6.));
#3240=CARTESIAN_POINT('',(41.0000006109476,17.0000000745058,-2.));
#3241=CARTESIAN_POINT('',(41.0000006109476,11.5000000745058,-6.));
#3242=CARTESIAN_POINT('Origin',(22.9000006109476,34.6440004321337,-6.));
#3243=CARTESIAN_POINT('',(4.8000006109476,40.2880004321337,-6.));
#3244=CARTESIAN_POINT('',(22.9000006109476,40.2880004321337,-6.));
#3245=CARTESIAN_POINT('',(4.8000006109476,34.6440004321337,-6.));
#3246=CARTESIAN_POINT('Origin',(22.9000006109476,40.2880004321337,-2.));
#3247=CARTESIAN_POINT('',(4.8000006109476,40.2880004321337,-2.));
#3248=CARTESIAN_POINT('Origin',(4.8000006109476,34.6440004321337,-2.));
#3249=CARTESIAN_POINT('Origin',(23.0000006109476,11.5000000745058,-6.));
#3250=CARTESIAN_POINT('',(5.00000061094761,17.0000000745058,-6.));
#3251=CARTESIAN_POINT('',(23.0000006109476,17.0000000745058,-6.));
#3252=CARTESIAN_POINT('',(5.00000061094761,11.5000000745058,-6.));
#3253=CARTESIAN_POINT('Origin',(23.0000006109476,17.0000000745058,-2.));
#3254=CARTESIAN_POINT('',(5.00000061094761,17.0000000745058,-2.));
#3255=CARTESIAN_POINT('Origin',(5.00000061094761,11.5000000745058,-2.));
#3256=CARTESIAN_POINT('Origin',(49.5,17.5000002682209,7.00000020861626));
#3257=CARTESIAN_POINT('',(-5.,17.5000002682209,5.24899970700623));
#3258=CARTESIAN_POINT('',(-5.,17.5000002682209,7.00000010430813));
#3259=CARTESIAN_POINT('',(-4.00000005960464,17.5000002682209,2.40000005960464));
#3260=CARTESIAN_POINT('Origin',(-4.00000005960464,17.5000002682209,4.00000005960464));
#3261=CARTESIAN_POINT('',(-5.,17.5000002682209,2.75100041220306));
#3262=CARTESIAN_POINT('Origin',(-4.00000005960464,17.5000002682209,4.00000005960464));
#3263=CARTESIAN_POINT('',(-5.,17.5000002682209,7.00000010430813));
#3264=CARTESIAN_POINT('',(0.,17.5000002682209,7.));
#3265=CARTESIAN_POINT('Origin',(4.,4.,7.));
#3266=CARTESIAN_POINT('',(0.,4.,7.));
#3267=CARTESIAN_POINT('',(4.,0.,7.));
#3268=CARTESIAN_POINT('Origin',(0.,8.7500002682209,7.));
#3269=CARTESIAN_POINT('Origin',(23.,23.,14.));
#3270=CARTESIAN_POINT('Origin',(-5.,21.5000002682209,7.00000010430813));
#3271=CARTESIAN_POINT('',(-9.,21.5000003576279,6.25));
#3272=CARTESIAN_POINT('',(-9.,21.5000002682209,7.00000010430813));
#3273=CARTESIAN_POINT('Ctrl Pts',(-5.,17.5000002682209,2.75100041220306));
#3274=CARTESIAN_POINT('Ctrl Pts',(-5.04497474932504,17.5000002682209,2.78700902656728));
#3275=CARTESIAN_POINT('Ctrl Pts',(-5.08747016554255,17.5007597111396,2.82503860065599));
#3276=CARTESIAN_POINT('Ctrl Pts',(-5.27055758918147,17.5065825344922,3.00676741582682));
#3277=CARTESIAN_POINT('Ctrl Pts',(-5.39465994709812,17.5186530971066,3.18709170901666));
#3278=CARTESIAN_POINT('Ctrl Pts',(-5.55938971107795,17.5384393289682,3.58262741735793));
#3279=CARTESIAN_POINT('Ctrl Pts',(-5.60000005960465,17.5452562906069,3.79789038099096));
#3280=CARTESIAN_POINT('Ctrl Pts',(-5.60000005960465,17.5452562906069,4.00000005960464));
#3281=CARTESIAN_POINT('Ctrl Pts',(-5.60000005960465,17.5452562906069,4.20210973821833));
#3282=CARTESIAN_POINT('Ctrl Pts',(-5.55938971107795,17.5384393289682,4.41737270185136));
#3283=CARTESIAN_POINT('Ctrl Pts',(-5.39465994709812,17.5186530971066,4.81290841019263));
#3284=CARTESIAN_POINT('Ctrl Pts',(-5.27055758918147,17.5065825344922,4.99323270338247));
#3285=CARTESIAN_POINT('Ctrl Pts',(-5.08747016554255,17.5007597111396,5.1749615185533));
#3286=CARTESIAN_POINT('Ctrl Pts',(-5.04497474932504,17.5000002682209,5.21299109264201));
#3287=CARTESIAN_POINT('Ctrl Pts',(-5.,17.5000002682209,5.24899970700623));
#3288=CARTESIAN_POINT('Origin',(-9.,23.,7.));
#3289=CARTESIAN_POINT('',(-9.,24.5000002682209,7.00000010430813));
#3290=CARTESIAN_POINT('Origin',(-4.00000005960464,24.7500002682209,4.00000005960465));
#3291=CARTESIAN_POINT('',(-4.00000005960464,21.5000003576279,2.40000005960465));
#3292=CARTESIAN_POINT('',(-4.00000005960464,24.7500002682209,2.40000005960465));
#3293=CARTESIAN_POINT('Origin',(-4.00000005960464,21.5000003576279,4.00000005960465));
#3294=CARTESIAN_POINT('Origin',(-5.,24.5000002682209,7.00000010430813));
#3295=CARTESIAN_POINT('',(-5.,28.5000002682209,5.24899970700623));
#3296=CARTESIAN_POINT('',(-5.,28.5000002682209,7.00000010430813));
#3297=CARTESIAN_POINT('',(-5.,28.5000002682209,2.75100041220306));
#3298=CARTESIAN_POINT('Ctrl Pts',(-5.,28.5000002682209,5.24899970700623));
#3299=CARTESIAN_POINT('Ctrl Pts',(-5.04497474932504,28.5000002682209,5.21299109264201));
#3300=CARTESIAN_POINT('Ctrl Pts',(-5.08747016554255,28.4992408253022,5.1749615185533));
#3301=CARTESIAN_POINT('Ctrl Pts',(-5.27055758918147,28.4934180019496,4.99323270338248));
#3302=CARTESIAN_POINT('Ctrl Pts',(-5.39465994709812,28.4813474393352,4.81290841019263));
#3303=CARTESIAN_POINT('Ctrl Pts',(-5.55938971107795,28.4615612074736,4.41737270185136));
#3304=CARTESIAN_POINT('Ctrl Pts',(-5.60000005960465,28.4547442458349,4.20210973821833));
#3305=CARTESIAN_POINT('Ctrl Pts',(-5.60000005960465,28.4547442458349,3.79789038099096));
#3306=CARTESIAN_POINT('Ctrl Pts',(-5.55938971107795,28.4615612074736,3.58262741735794));
#3307=CARTESIAN_POINT('Ctrl Pts',(-5.39465994709812,28.4813474393352,3.18709170901666));
#3308=CARTESIAN_POINT('Ctrl Pts',(-5.27055758918147,28.4934180019496,3.00676741582682));
#3309=CARTESIAN_POINT('Ctrl Pts',(-5.08747016554255,28.4992408253022,2.82503860065599));
#3310=CARTESIAN_POINT('Ctrl Pts',(-5.04497474932504,28.5000002682209,2.78700902656728));
#3311=CARTESIAN_POINT('Ctrl Pts',(-5.,28.5000002682209,2.75100041220306));
#3312=CARTESIAN_POINT('',(-5.,28.5000002682209,7.00000010430813));
#3313=CARTESIAN_POINT('',(-9.,24.5000003576279,6.25));
#3314=CARTESIAN_POINT('Origin',(4.,42.,7.));
#3315=CARTESIAN_POINT('',(4.,46.,7.));
#3316=CARTESIAN_POINT('',(0.,42.,7.));
#3317=CARTESIAN_POINT('Origin',(23.,46.,7.));
#3318=CARTESIAN_POINT('',(42.,46.,7.));
#3319=CARTESIAN_POINT('Origin',(42.,42.,7.));
#3320=CARTESIAN_POINT('',(46.,42.,7.));
#3321=CARTESIAN_POINT('Origin',(42.,4.,7.));
#3322=CARTESIAN_POINT('',(42.,0.,7.));
#3323=CARTESIAN_POINT('',(46.,4.,7.));
#3324=CARTESIAN_POINT('Origin',(23.,0.,7.));
#3325=CARTESIAN_POINT('Origin',(49.5,28.5000002682209,7.00000020861626));
#3326=CARTESIAN_POINT('',(0.,28.5,7.));
#3327=CARTESIAN_POINT('',(-4.00000005960464,28.5000002682209,2.40000005960465));
#3328=CARTESIAN_POINT('Origin',(-4.00000005960464,28.5000002682209,4.00000005960465));
#3329=CARTESIAN_POINT('Origin',(-4.00000005960464,28.5000002682209,4.00000005960465));
#3330=CARTESIAN_POINT('Origin',(-4.00000005960464,24.7500002682209,4.00000005960465));
#3331=CARTESIAN_POINT('',(-4.00000005960464,24.5000003576279,2.40000005960465));
#3332=CARTESIAN_POINT('Origin',(-4.00000005960464,24.5000003576279,4.00000005960465));
#3333=CARTESIAN_POINT('',(-4.00000005960464,24.7500002682209,2.40000005960465));
#3334=CARTESIAN_POINT('Origin',(50.0000008195639,23.0000003576279,5.5));
#3335=CARTESIAN_POINT('',(50.0000008195639,24.0000003576279,5.5));
#3336=CARTESIAN_POINT('Origin',(19.0000008195639,21.5000003576279,5.5));
#3337=CARTESIAN_POINT('',(1.80000065565109,21.5000003576279,6.75));
#3338=CARTESIAN_POINT('Origin',(19.0000008195639,24.0000003576279,5.5));
#3339=CARTESIAN_POINT('Origin',(19.0000008195639,24.5000003576279,5.5));
#3340=CARTESIAN_POINT('Origin',(0.,37.25,7.));
#3341=CARTESIAN_POINT('Origin',(46.,23.,7.));
#3342=CARTESIAN_POINT('Origin',(46.,23.,7.));
#3343=CARTESIAN_POINT('Origin',(1.80000065565109,23.0000000298023,8.));
#3344=UNCERTAINTY_MEASURE_WITH_UNIT(LENGTH_MEASURE(0.01),#3348,
'DISTANCE_ACCURACY_VALUE',
'Maximum model space distance between geometric entities at asserted c
onnectivities');
#3345=UNCERTAINTY_MEASURE_WITH_UNIT(LENGTH_MEASURE(0.01),#3348,
'DISTANCE_ACCURACY_VALUE',
'Maximum model space distance between geometric entities at asserted c
onnectivities');
#3346=(
GEOMETRIC_REPRESENTATION_CONTEXT(3)
GLOBAL_UNCERTAINTY_ASSIGNED_CONTEXT((#3344))
GLOBAL_UNIT_ASSIGNED_CONTEXT((#3348,#3350,#3351))
REPRESENTATION_CONTEXT('','3D')
);
#3347=(
GEOMETRIC_REPRESENTATION_CONTEXT(3)
GLOBAL_UNCERTAINTY_ASSIGNED_CONTEXT((#3345))
GLOBAL_UNIT_ASSIGNED_CONTEXT((#3348,#3350,#3351))
REPRESENTATION_CONTEXT('','3D')
);
#3348=(
LENGTH_UNIT()
NAMED_UNIT(*)
SI_UNIT(.MILLI.,.METRE.)
);
#3349=(
LENGTH_UNIT()
NAMED_UNIT(*)
SI_UNIT($,.METRE.)
);
#3350=(
NAMED_UNIT(*)
PLANE_ANGLE_UNIT()
SI_UNIT($,.RADIAN.)
);
#3351=(
NAMED_UNIT(*)
SI_UNIT($,.STERADIAN.)
SOLID_ANGLE_UNIT()
);
#3352=SHAPE_DEFINITION_REPRESENTATION(#3353,#3354);
#3353=PRODUCT_DEFINITION_SHAPE('',$,#3356);
#3354=SHAPE_REPRESENTATION('',(#1917),#3346);
#3355=PRODUCT_DEFINITION_CONTEXT('part definition',#3360,'design');
#3356=PRODUCT_DEFINITION('NEMA17-ENDCAP-CABLING',
'NEMA17-ENDCAP-CABLING v19',#3357,#3355);
#3357=PRODUCT_DEFINITION_FORMATION('',$,#3362);
#3358=PRODUCT_RELATED_PRODUCT_CATEGORY('NEMA17-ENDCAP-CABLING v19',
'NEMA17-ENDCAP-CABLING v19',(#3362));
#3359=APPLICATION_PROTOCOL_DEFINITION('international standard',
'automotive_design',2009,#3360);
#3360=APPLICATION_CONTEXT(
'Core Data for Automotive Mechanical Design Process');
#3361=PRODUCT_CONTEXT('part definition',#3360,'mechanical');
#3362=PRODUCT('NEMA17-ENDCAP-CABLING','NEMA17-ENDCAP-CABLING v19',$,(#3361));
#3363=PRESENTATION_STYLE_ASSIGNMENT((#3364));
#3364=SURFACE_STYLE_USAGE(.BOTH.,#3365);
#3365=SURFACE_SIDE_STYLE('',(#3366));
#3366=SURFACE_STYLE_FILL_AREA(#3367);
#3367=FILL_AREA_STYLE('Steel - Satin',(#3368));
#3368=FILL_AREA_STYLE_COLOUR('Steel - Satin',#3369);
#3369=COLOUR_RGB('Steel - Satin',0.627450980392157,0.627450980392157,0.627450980392157);
ENDSEC;
END-ISO-10303-21;
