ISO-10303-21;
HEADER;
FILE_DESCRIPTION (( 'STEP AP214' ),
    '1' );
FILE_NAME ('17HS19-2004S1.STEP',
    '2020-06-23T08:27:56',
    ( '' ),
    ( '' ),
    'SwSTEP 2.0',
    'SolidWorks 2016',
    '' );
FILE_SCHEMA (( 'AUTOMOTIVE_DESIGN' ));
ENDSEC;

DATA;
#2 = VECTOR ( 'NONE', #5889, 1000.000000000000100 ) ;
#1 = DIRECTION ( 'NONE',  ( -0.0000000000000000000, -0.0000000000000000000, 1.000000000000000000 ) ) ;
#3 = DIRECTION ( 'NONE',  ( 1.000000000000000000, 0.0000000000000000000, -0.0000000000000000000 ) ) ;
#4 = DIRECTION ( 'NONE',  ( 0.0000000000000000000, -1.000000000000000000, 0.0000000000000000000 ) ) ;
#5 = CARTESIAN_POINT ( 'NONE',  ( -20.64999999999999500, 0.0000000000000000000, 47.50000000000000000 ) ) ;
#6 = EDGE_LOOP ( 'NONE', ( #4166, #1123, #9815, #2972 ) ) ;
#7 = EDGE_CURVE ( 'NONE', #8967, #4447, #9525, .T. ) ;
#8 =( NAMED_UNIT ( * ) PLANE_ANGLE_UNIT ( ) SI_UNIT ( $, .RADIAN. ) );
#9 =( GEOMETRIC_REPRESENTATION_CONTEXT ( 3 ) GLOBAL_UNCERTAINTY_ASSIGNED_CONTEXT ( ( #9622 ) ) GLOBAL_UNIT_ASSIGNED_CONTEXT ( ( #1688, #9678, #7300 ) ) REPRESENTATION_CONTEXT ( 'NONE', 'WORKASPACE' ) );
#10 = PRESENTATION_STYLE_ASSIGNMENT (( #3484 ) ) ;
#11 = FILL_AREA_STYLE ('',( #8801 ) ) ;
#12 = EDGE_CURVE ( 'NONE', #8727, #6080, #6037, .T. ) ;
#13 = UNCERTAINTY_MEASURE_WITH_UNIT (LENGTH_MEASURE( 1.000000000000000100E-005 ), #9825, 'distance_accuracy_value', 'NONE');
#15 = DIRECTION ( 'NONE',  ( -0.0000000000000000000, -0.0000000000000000000, 1.000000000000000000 ) ) ;
#14 = CARTESIAN_POINT ( 'NONE',  ( -13.20000000000016400, 15.49999999999897500, 47.50000000000000000 ) ) ;
#16 =( NAMED_UNIT ( * ) PLANE_ANGLE_UNIT ( ) SI_UNIT ( $, .RADIAN. ) );
#17 = STYLED_ITEM ( 'NONE', ( #2082 ), #9150 ) ;
#18 = EDGE_CURVE ( 'NONE', #4942, #7846, #2060, .T. ) ;
#19 = DIRECTION ( 'NONE',  ( 1.000000000000000000, 0.0000000000000000000, 0.0000000000000000000 ) ) ;
#20 = ORIENTED_EDGE ( 'NONE', *, *, #615, .F. ) ;
#21 =( NAMED_UNIT ( * ) PLANE_ANGLE_UNIT ( ) SI_UNIT ( $, .RADIAN. ) );
#22 = CARTESIAN_POINT ( 'NONE',  ( 15.49999999999983700, 15.50000000000016000, 0.0000000000000000000 ) ) ;
#23 = CARTESIAN_POINT ( 'NONE',  ( -13.32957238623955800, 21.14999999999999900, 99.84951795962939500 ) ) ;
#24 = AXIS2_PLACEMENT_3D ( 'NONE', #7572, #2808, #1930 ) ;
#25 = EDGE_CURVE ( 'NONE', #915, #8033, #7027, .T. ) ;
#26 = EDGE_CURVE ( 'NONE', #7230, #5403, #298, .T. ) ;
#27 = EDGE_LOOP ( 'NONE', ( #2704, #5164 ) ) ;
#28 = VECTOR ( 'NONE', #349, 1000.000000000000000 ) ;
#29 = CARTESIAN_POINT ( 'NONE',  ( -16.84930666606613800, -15.35119774353670200, 47.49878368663156900 ) ) ;
#30 = CIRCLE ( 'NONE', #4563, 0.5787973969144516500 ) ;
#31 =( LENGTH_UNIT ( ) NAMED_UNIT ( * ) SI_UNIT ( .MILLI., .METRE. ) );
#32 = VERTEX_POINT ( 'NONE', #456 ) ;
#33 = ORIENTED_EDGE ( 'NONE', *, *, #3028, .T. ) ;
#34 = VECTOR ( 'NONE', #5769, 1000.000000000000000 ) ;
#35 = DIRECTION ( 'NONE',  ( -1.000000000000000000, 1.125454765811129600E-014, -0.0000000000000000000 ) ) ;
#36 = AXIS2_PLACEMENT_3D ( 'NONE', #3252, #8038, #4866 ) ;
#37 = B_SPLINE_CURVE_WITH_KNOTS ( 'NONE', 3,
 ( #1622, #4122, #3240, #1687, #6687 ),
 .UNSPECIFIED., .F., .F.,
 ( 4, 1, 4 ),
 ( 0.0000000000000000000, 0.0004464067693919320000, 0.0008928135387838587900 ),
 .UNSPECIFIED. ) ;
#38 = DIRECTION ( 'NONE',  ( -0.0000000000000000000, -0.0000000000000000000, 1.000000000000000000 ) ) ;
#39 = DIRECTION ( 'NONE',  ( 1.000000000000000000, 0.0000000000000000000, 0.0000000000000000000 ) ) ;
#40 = CARTESIAN_POINT ( 'NONE',  ( 21.16000000000000000, 13.31369220013742300, 5.999999999999998200 ) ) ;
#41 = ADVANCED_FACE ( 'NONE', ( #6789 ), #1174, .T. ) ;
#42 =( LENGTH_UNIT ( ) NAMED_UNIT ( * ) SI_UNIT ( .MILLI., .METRE. ) );
#44 = CARTESIAN_POINT ( 'NONE',  ( 15.94640676939199500, -15.07550534522242500, 46.50000000000000000 ) ) ;
#43 = SURFACE_SIDE_STYLE ('',( #4467 ) ) ;
#45 = ORIENTED_EDGE ( 'NONE', *, *, #5613, .T. ) ;
#46 = VERTEX_POINT ( 'NONE', #596 ) ;
#47 = DIRECTION ( 'NONE',  ( 4.146740463834175500E-015, 1.000000000000000000, -0.0000000000000000000 ) ) ;
#48 = ORIENTED_EDGE ( 'NONE', *, *, #5358, .T. ) ;
#49 = VECTOR ( 'NONE', #4690, 1000.000000000000000 ) ;
#50 = VECTOR ( 'NONE', #2699, 1000.000000000000000 ) ;
#51 = DIRECTION ( 'NONE',  ( -0.0000000000000000000, -0.0000000000000000000, 1.000000000000000000 ) ) ;
#52 = FACE_OUTER_BOUND ( 'NONE', #1737, .T. ) ;
#53 = AXIS2_PLACEMENT_3D ( 'NONE', #1326, #4490, #2135 ) ;
#54 = CARTESIAN_POINT ( 'NONE',  ( -16.74999999999999300, 15.50000000000000000, 0.0000000000000000000 ) ) ;
#55 =( NAMED_UNIT ( * ) PLANE_ANGLE_UNIT ( ) SI_UNIT ( $, .RADIAN. ) );
#56 = ORIENTED_EDGE ( 'NONE', *, *, #4847, .F. ) ;
#57 = UNCERTAINTY_MEASURE_WITH_UNIT (LENGTH_MEASURE( 1.000000000000000100E-005 ), #7345, 'distance_accuracy_value', 'NONE');
#58 =( NAMED_UNIT ( * ) SI_UNIT ( $, .STERADIAN. ) SOLID_ANGLE_UNIT ( ) );
#59 = CIRCLE ( 'NONE', #6134, 1.299999999999999200 ) ;
#60 = VERTEX_POINT ( 'NONE', #6879 ) ;
#61 = VECTOR ( 'NONE', #5734, 1000.000000000000000 ) ;
#62 = ORIENTED_EDGE ( 'NONE', *, *, #10266, .F. ) ;
#63 =( LENGTH_UNIT ( ) NAMED_UNIT ( * ) SI_UNIT ( .MILLI., .METRE. ) );
#64 = ORIENTED_EDGE ( 'NONE', *, *, #1162, .T. ) ;
#65 = CIRCLE ( 'NONE', #8408, 0.5000000000000000000 ) ;
#66 = EDGE_CURVE ( 'NONE', #288, #9134, #1295, .T. ) ;
#67 = ORIENTED_EDGE ( 'NONE', *, *, #273, .T. ) ;
#68 = ORIENTED_EDGE ( 'NONE', *, *, #2521, .F. ) ;
#69 = DIRECTION ( 'NONE',  ( 4.146740463834175500E-015, 1.000000000000000000, -0.0000000000000000000 ) ) ;
#70 = AXIS2_PLACEMENT_3D ( 'NONE', #1813, #185, #3464 ) ;
#71 = LINE ( 'NONE', #7489, #3919 ) ;
#72 = FACE_OUTER_BOUND ( 'NONE', #2776, .T. ) ;
#73 =( NAMED_UNIT ( * ) SI_UNIT ( $, .STERADIAN. ) SOLID_ANGLE_UNIT ( ) );
#74 = EDGE_CURVE ( 'NONE', #3562, #4526, #3421, .T. ) ;
#75 = ORIENTED_EDGE ( 'NONE', *, *, #9969, .F. ) ;
#76 = AXIS2_PLACEMENT_3D ( 'NONE', #215, #5077, #5807 ) ;
#77 = PLANE ( 'NONE',  #4702 ) ;
#78 = FACE_OUTER_BOUND ( 'NONE', #7619, .T. ) ;
#79 = ORIENTED_EDGE ( 'NONE', *, *, #5726, .T. ) ;
#80 = LINE ( 'NONE', #7012, #6541 ) ;
#81 = SURFACE_SIDE_STYLE ('',( #781 ) ) ;
#82 = VECTOR ( 'NONE', #10006, 1000.000000000000000 ) ;
#83 = ORIENTED_EDGE ( 'NONE', *, *, #8553, .F. ) ;
#84 = MECHANICAL_DESIGN_GEOMETRIC_PRESENTATION_REPRESENTATION (  '', ( #1478 ), #629 ) ;
#85 = FILL_AREA_STYLE_COLOUR ( '', #2794 ) ;
#86 = EDGE_CURVE ( 'NONE', #2459, #2477, #6909, .T. ) ;
#87 = EDGE_CURVE ( 'NONE', #5301, #3815, #8886, .T. ) ;
#88 = VERTEX_POINT ( 'NONE', #6079 ) ;
#89 = AXIS2_PLACEMENT_3D ( 'NONE', #3581, #2714, #3508 ) ;
#90 = DIRECTION ( 'NONE',  ( -0.0000000000000000000, -0.0000000000000000000, -1.000000000000000000 ) ) ;
#91 = CARTESIAN_POINT ( 'NONE',  ( -20.64999999999999500, 16.94289321881343800, 47.50000000000000000 ) ) ;
#92 = LINE ( 'NONE', #2011, #9938 ) ;
#93 =( LENGTH_UNIT ( ) NAMED_UNIT ( * ) SI_UNIT ( .MILLI., .METRE. ) );
#94 = LINE ( 'NONE', #4832, #4926 ) ;
#95 = DIRECTION ( 'NONE',  ( -1.000000000000000000, 0.0000000000000000000, 0.0000000000000000000 ) ) ;
#96 = EDGE_LOOP ( 'NONE', ( #8011, #7674, #3215, #6673 ) ) ;
#97 = ADVANCED_FACE ( 'NONE', ( #437 ), #4896, .T. ) ;
#98 = ORIENTED_EDGE ( 'NONE', *, *, #7034, .T. ) ;
#99 = COLOUR_RGB ( '',1.000000000000000000, 0.0000000000000000000, 0.0000000000000000000 ) ;
#100 = AXIS2_PLACEMENT_3D ( 'NONE', #1725, #9722, #6546 ) ;
#101 = VECTOR ( 'NONE', #5216, 1000.000000000000000 ) ;
#102 = EDGE_CURVE ( 'NONE', #8892, #1327, #10025, .T. ) ;
#103 = DIRECTION ( 'NONE',  ( 0.0000000000000000000, 0.0000000000000000000, 1.000000000000000000 ) ) ;
#104 = ORIENTED_EDGE ( 'NONE', *, *, #6078, .F. ) ;
#105 = ORIENTED_EDGE ( 'NONE', *, *, #7732, .F. ) ;
#106 = PRESENTATION_STYLE_ASSIGNMENT (( #3275 ) ) ;
#107 =( NAMED_UNIT ( * ) PLANE_ANGLE_UNIT ( ) SI_UNIT ( $, .RADIAN. ) );
#108 = DIRECTION ( 'NONE',  ( -0.0000000000000000000, -0.0000000000000000000, 1.000000000000000000 ) ) ;
#109 = VECTOR ( 'NONE', #3976, 1000.000000000000000 ) ;
#110 = FILL_AREA_STYLE_COLOUR ( '', #6181 ) ;
#111 = CARTESIAN_POINT ( 'NONE',  ( 15.50000000000102000, -15.49999999999983700, 46.00000000000000000 ) ) ;
#112 = DIRECTION ( 'NONE',  ( -1.000000000000000000, 0.0000000000000000000, 0.0000000000000000000 ) ) ;
#113 = PRESENTATION_LAYER_ASSIGNMENT (  '', '', ( #1907 ) ) ;
#114 = AXIS2_PLACEMENT_3D ( 'NONE', #4821, #5707, #8828 ) ;
#115 = ORIENTED_EDGE ( 'NONE', *, *, #7618, .T. ) ;
#116 = CYLINDRICAL_SURFACE ( 'NONE', #9721, 2.500000000000000000 ) ;
#117 = LINE ( 'NONE', #2243, #4219 ) ;
#118 = SURFACE_STYLE_FILL_AREA ( #5108 ) ;
#119 = DIRECTION ( 'NONE',  ( -0.0000000000000000000, -0.0000000000000000000, 1.000000000000000000 ) ) ;
#120 = SURFACE_SIDE_STYLE ('',( #2080 ) ) ;
#121 = CARTESIAN_POINT ( 'NONE',  ( -20.64999999999999500, -16.94289321881344500, 0.5000000000000000000 ) ) ;
#122 = FACE_OUTER_BOUND ( 'NONE', #6386, .T. ) ;
#123 = AXIS2_PLACEMENT_3D ( 'NONE', #6992, #3847, #3921 ) ;
#124 = DIRECTION ( 'NONE',  ( 1.000000000000000000, 0.0000000000000000000, 0.0000000000000000000 ) ) ;
#125 = CARTESIAN_POINT ( 'NONE',  ( 16.84930666606603500, 15.35119774353616500, 47.49878368663161900 ) ) ;
#126 = EDGE_LOOP ( 'NONE', ( #732, #1385, #1705, #8488, #714 ) ) ;
#127 = AXIS2_PLACEMENT_3D ( 'NONE', #6700, #6000, #6731 ) ;
#128 = CARTESIAN_POINT ( 'NONE',  ( 0.0000000000000000000, 0.0000000000000000000, -24.00000000000000000 ) ) ;
#129 = CARTESIAN_POINT ( 'NONE',  ( 16.72095085742244800, 15.05359323060817400, 47.50000000000000000 ) ) ;
#130 = ORIENTED_EDGE ( 'NONE', *, *, #495, .F. ) ;
#131 = CIRCLE ( 'NONE', #8650, 3.500000000000000000 ) ;
#132 = CARTESIAN_POINT ( 'NONE',  ( -21.14999999999999500, 13.32957238623956400, 40.00000000000000000 ) ) ;
#133 = UNCERTAINTY_MEASURE_WITH_UNIT (LENGTH_MEASURE( 1.000000000000000100E-005 ), #5484, 'distance_accuracy_value', 'NONE');
#134 = FACE_OUTER_BOUND ( 'NONE', #5622, .T. ) ;
#135 = FILL_AREA_STYLE ('',( #4889 ) ) ;
#136 =( NAMED_UNIT ( * ) SI_UNIT ( $, .STERADIAN. ) SOLID_ANGLE_UNIT ( ) );
#137 = PRESENTATION_LAYER_ASSIGNMENT (  '', '', ( #9608 ) ) ;
#138 = ADVANCED_FACE ( 'NONE', ( #8648 ), #4446, .F. ) ;
#139 = CARTESIAN_POINT ( 'NONE',  ( 0.0000000000000000000, 0.0000000000000000000, 38.00000000000000000 ) ) ;
#140 = ORIENTED_EDGE ( 'NONE', *, *, #6416, .F. ) ;
#141 = ORIENTED_EDGE ( 'NONE', *, *, #8197, .T. ) ;
#142 = EDGE_CURVE ( 'NONE', #1180, #1790, #4417, .T. ) ;
#143 = CARTESIAN_POINT ( 'NONE',  ( 15.05359323060812700, -15.92449465477574800, 46.50000000000000000 ) ) ;
#144 = DIRECTION ( 'NONE',  ( 0.0000000000000000000, 0.0000000000000000000, 1.000000000000000000 ) ) ;
#145 = PRESENTATION_LAYER_ASSIGNMENT (  '', '', ( #2157 ) ) ;
#146 = FACE_OUTER_BOUND ( 'NONE', #6043, .T. ) ;
#147 = LINE ( 'NONE', #5277, #1879 ) ;
#148 = DIRECTION ( 'NONE',  ( -1.000000000000000000, 0.0000000000000000000, 0.0000000000000000000 ) ) ;
#149 = VERTEX_POINT ( 'NONE', #10015 ) ;
#150 = VECTOR ( 'NONE', #461, 1000.000000000000000 ) ;
#151 = DIRECTION ( 'NONE',  ( 0.0000000000000000000, 0.0000000000000000000, 1.000000000000000000 ) ) ;
#152 = AXIS2_PLACEMENT_3D ( 'NONE', #6026, #8350, #5958 ) ;
#153 = SURFACE_STYLE_USAGE ( .BOTH. , #7379 ) ;
#154 = STYLED_ITEM ( 'NONE', ( #7886 ), #97 ) ;
#155 = CYLINDRICAL_SURFACE ( 'NONE', #7414, 0.5000000000000004400 ) ;
#156 = EDGE_CURVE ( 'NONE', #8395, #4054, #8252, .T. ) ;
#157 = TOROIDAL_SURFACE ( 'NONE', #1364, 1.299999999999999600, 1.000000000000000000 ) ;
#158 = CARTESIAN_POINT ( 'NONE',  ( 21.14999999999999900, -13.32957238623955700, 40.00000000000000000 ) ) ;
#159 = ORIENTED_EDGE ( 'NONE', *, *, #1067, .T. ) ;
#160 = ORIENTED_EDGE ( 'NONE', *, *, #7408, .F. ) ;
#161 = VERTEX_POINT ( 'NONE', #6045 ) ;
#162 = DIRECTION ( 'NONE',  ( -0.7071067811865441300, 0.7071067811865510100, -8.673617379884023600E-016 ) ) ;
#163 = COLOUR_RGB ( '',0.2509803921568627400, 0.2509803921568627400, 0.2509803921568627400 ) ;
#164 = CARTESIAN_POINT ( 'NONE',  ( -17.14999999999997700, 21.14999999999999900, 38.00000000000000000 ) ) ;
#165 = DIRECTION ( 'NONE',  ( 1.000000000000000000, 0.0000000000000000000, 0.0000000000000000000 ) ) ;
#166 = PLANE ( 'NONE',  #3625 ) ;
#167 = LINE ( 'NONE', #4278, #3283 ) ;
#168 = FACE_OUTER_BOUND ( 'NONE', #2940, .T. ) ;
#169 = ORIENTED_EDGE ( 'NONE', *, *, #5795, .T. ) ;
#170 = VERTEX_POINT ( 'NONE', #7576 ) ;
#171 = MECHANICAL_DESIGN_GEOMETRIC_PRESENTATION_REPRESENTATION (  '', ( #2711 ), #9326 ) ;
#172 = B_SPLINE_CURVE_WITH_KNOTS ( 'NONE', 3,
 ( #3622, #5224, #465, #3588 ),
 .UNSPECIFIED., .F., .F.,
 ( 4, 4 ),
 ( 0.0000000000000000000, 5.435045947699551400E-005 ),
 .UNSPECIFIED. ) ;
#173 = AXIS2_PLACEMENT_3D ( 'NONE', #317, #9855, #5878 ) ;
#174 = PLANE ( 'NONE',  #2150 ) ;
#175 = DIRECTION ( 'NONE',  ( 0.7071067811865475700, 0.7071067811865475700, -4.906538933386793300E-015 ) ) ;
#176 = CIRCLE ( 'NONE', #5213, 2.000000000000015500 ) ;
#177 = SURFACE_STYLE_USAGE ( .BOTH. , #43 ) ;
#178 = COLOUR_RGB ( '',0.2509803921568627400, 0.2509803921568627400, 0.2509803921568627400 ) ;
#179 = PLANE ( 'NONE',  #309 ) ;
#180 = ORIENTED_EDGE ( 'NONE', *, *, #5832, .T. ) ;
#181 = UNCERTAINTY_MEASURE_WITH_UNIT (LENGTH_MEASURE( 1.000000000000000100E-005 ), #1678, 'distance_accuracy_value', 'NONE');
#182 = DIRECTION ( 'NONE',  ( 0.0000000000000000000, 0.0000000000000000000, 1.000000000000000000 ) ) ;
#183 = ORIENTED_EDGE ( 'NONE', *, *, #1859, .T. ) ;
#184 = ORIENTED_EDGE ( 'NONE', *, *, #8793, .F. ) ;
#185 = DIRECTION ( 'NONE',  ( -1.000000000000000000, -8.202002250481357500E-017, 0.0000000000000000000 ) ) ;
#186 = STYLED_ITEM ( 'NONE', ( #2847 ), #2729 ) ;
#187 =( GEOMETRIC_REPRESENTATION_CONTEXT ( 3 ) GLOBAL_UNCERTAINTY_ASSIGNED_CONTEXT ( ( #770 ) ) GLOBAL_UNIT_ASSIGNED_CONTEXT ( ( #7821, #3881, #789 ) ) REPRESENTATION_CONTEXT ( 'NONE', 'WORKASPACE' ) );
#188 = CIRCLE ( 'NONE', #8059, 1.299999999999999200 ) ;
#189 = CARTESIAN_POINT ( 'NONE',  ( 0.0000000000000000000, 0.0000000000000000000, 0.0000000000000000000 ) ) ;
#190 = VERTEX_POINT ( 'NONE', #6818 ) ;
#192 = CARTESIAN_POINT ( 'NONE',  ( 0.0000000000000000000, 0.0000000000000000000, -1.500000000000000000 ) ) ;
#191 = SURFACE_SIDE_STYLE ('',( #9226 ) ) ;
#193 = ORIENTED_EDGE ( 'NONE', *, *, #6136, .F. ) ;
#194 = VERTEX_POINT ( 'NONE', #6776 ) ;
#195 = ADVANCED_FACE ( 'NONE', ( #5158 ), #2885, .F. ) ;
#196 = ORIENTED_EDGE ( 'NONE', *, *, #1016, .T. ) ;
#197 = LINE ( 'NONE', #23, #7549 ) ;
#198 = DIRECTION ( 'NONE',  ( 0.0000000000000000000, 0.0000000000000000000, 1.000000000000000000 ) ) ;
#199 = FACE_OUTER_BOUND ( 'NONE', #2065, .T. ) ;
#200 = ORIENTED_EDGE ( 'NONE', *, *, #8057, .F. ) ;
#201 = DIRECTION ( 'NONE',  ( 0.0000000000000000000, -1.000000000000000000, 0.0000000000000000000 ) ) ;
#202 = EDGE_CURVE ( 'NONE', #6080, #679, #7142, .T. ) ;
#203 = DIRECTION ( 'NONE',  ( 0.0000000000000000000, 0.0000000000000000000, 1.000000000000000000 ) ) ;
#204 = CARTESIAN_POINT ( 'NONE',  ( 15.94640676939198100, -16.84930666606609200, 46.50000000000000000 ) ) ;
#205 = AXIS2_PLACEMENT_3D ( 'NONE', #2628, #1766, #7342 ) ;
#206 = ORIENTED_EDGE ( 'NONE', *, *, #293, .F. ) ;
#207 = PLANE ( 'NONE',  #4712 ) ;
#208 = EDGE_CURVE ( 'NONE', #6394, #6894, #6279, .T. ) ;
#209 = PRESENTATION_STYLE_ASSIGNMENT (( #8336 ) ) ;
#210 = PRESENTATION_LAYER_ASSIGNMENT (  '', '', ( #619 ) ) ;
#211 = VECTOR ( 'NONE', #4731, 1000.000000000000000 ) ;
#212 = EDGE_CURVE ( 'NONE', #3034, #9641, #1041, .T. ) ;
#213 = ORIENTED_EDGE ( 'NONE', *, *, #874, .T. ) ;
#214 = DIRECTION ( 'NONE',  ( -1.000000000000000000, 0.0000000000000000000, -0.0000000000000000000 ) ) ;
#215 = CARTESIAN_POINT ( 'NONE',  ( 16.94289321881344200, -20.65000000000000200, 38.00000000000000000 ) ) ;
#216 = VERTEX_POINT ( 'NONE', #9423 ) ;
#217 = PLANE ( 'NONE',  #697 ) ;
#218 = DIRECTION ( 'NONE',  ( -1.000000000000000000, 0.0000000000000000000, 6.938893903907221300E-015 ) ) ;
#219 = MECHANICAL_DESIGN_GEOMETRIC_PRESENTATION_REPRESENTATION (  '', ( #9624 ), #7871 ) ;
#220 = DIRECTION ( 'NONE',  ( 1.000000000000000000, 0.0000000000000000000, 0.0000000000000000000 ) ) ;
#221 = EDGE_CURVE ( 'NONE', #6290, #2697, #9277, .T. ) ;
#222 = EDGE_CURVE ( 'NONE', #9641, #552, #2538, .T. ) ;
#223 = VERTEX_POINT ( 'NONE', #8542 ) ;
#224 = DIRECTION ( 'NONE',  ( -1.000000000000000000, 3.885970363620945200E-015, 0.0000000000000000000 ) ) ;
#225 = FILL_AREA_STYLE ('',( #4323 ) ) ;
#226 = CARTESIAN_POINT ( 'NONE',  ( -20.64999999999999500, -16.94289321881343500, 0.0000000000000000000 ) ) ;
#227 = ORIENTED_EDGE ( 'NONE', *, *, #5888, .T. ) ;
#228 = ORIENTED_EDGE ( 'NONE', *, *, #3734, .T. ) ;
#230 = DIRECTION ( 'NONE',  ( 0.0000000000000000000, 0.0000000000000000000, -1.000000000000000000 ) ) ;
#229 = SURFACE_STYLE_USAGE ( .BOTH. , #2554 ) ;
#231 = CIRCLE ( 'NONE', #2325, 0.5000000000000000000 ) ;
#232 = ORIENTED_EDGE ( 'NONE', *, *, #2416, .T. ) ;
#233 = AXIS2_PLACEMENT_3D ( 'NONE', #4606, #7780, #9433 ) ;
#234 = CARTESIAN_POINT ( 'NONE',  ( 20.64999999999999900, 16.94289321881344500, 0.5000000000000000000 ) ) ;
#235 = VERTEX_POINT ( 'NONE', #2954 ) ;
#236 = PLANE ( 'NONE',  #1351 ) ;
#237 = AXIS2_PLACEMENT_3D ( 'NONE', #255, #5785, #1010 ) ;
#238 = FACE_OUTER_BOUND ( 'NONE', #7293, .T. ) ;
#239 = PLANE ( 'NONE',  #8616 ) ;
#240 = DIRECTION ( 'NONE',  ( 0.7071067811865500200, -0.7071067811865451300, -0.0000000000000000000 ) ) ;
#241 = CARTESIAN_POINT ( 'NONE',  ( -16.94289321881343500, 20.64999999999999900, 47.50000000000000000 ) ) ;
#242 = COLOUR_RGB ( '',0.2509803921568627400, 0.2509803921568627400, 0.2509803921568627400 ) ;
#243 = CIRCLE ( 'NONE', #8069, 25.00000000000000000 ) ;
#244 = ADVANCED_FACE ( 'NONE', ( #791 ), #8122, .T. ) ;
#245 = FILL_AREA_STYLE ('',( #1834 ) ) ;
#246 = CARTESIAN_POINT ( 'NONE',  ( -15.92449465477580800, -15.94640676939192800, 46.50000000000000000 ) ) ;
#247 = DIRECTION ( 'NONE',  ( 1.000000000000000000, 0.0000000000000000000, -0.0000000000000000000 ) ) ;
#248 = AXIS2_PLACEMENT_3D ( 'NONE', #1328, #3071, #5463 ) ;
#249 = AXIS2_PLACEMENT_3D ( 'NONE', #2800, #1236, #1964 ) ;
#250 = ORIENTED_EDGE ( 'NONE', *, *, #1642, .T. ) ;
#251 = CARTESIAN_POINT ( 'NONE',  ( -15.49999999999897900, -15.50000000000102100, 46.50000000000000000 ) ) ;
#252 = CIRCLE ( 'NONE', #994, 1.299999999999999200 ) ;
#253 = DIRECTION ( 'NONE',  ( -0.0000000000000000000, -0.0000000000000000000, 1.000000000000000000 ) ) ;
#254 = VECTOR ( 'NONE', #7428, 1000.000000000000000 ) ;
#255 = CARTESIAN_POINT ( 'NONE',  ( 0.0000000000000000000, 0.0000000000000000000, 48.00000000000000000 ) ) ;
#256 = CARTESIAN_POINT ( 'NONE',  ( 0.0000000000000000000, 0.0000000000000000000, 48.00000000000000000 ) ) ;
#257 = DIRECTION ( 'NONE',  ( 0.7071067811865500200, -0.7071067811865451300, -0.0000000000000000000 ) ) ;
#258 = DIRECTION ( 'NONE',  ( 0.0000000000000000000, 0.0000000000000000000, 1.000000000000000000 ) ) ;
#259 = AXIS2_PLACEMENT_3D ( 'NONE', #5, #5702, #1594 ) ;
#260 =( NAMED_UNIT ( * ) PLANE_ANGLE_UNIT ( ) SI_UNIT ( $, .RADIAN. ) );
#261 = ORIENTED_EDGE ( 'NONE', *, *, #6095, .F. ) ;
#262 = EDGE_CURVE ( 'NONE', #833, #843, #3052, .T. ) ;
#263 = PLANE ( 'NONE',  #6030 ) ;
#264 = LINE ( 'NONE', #7529, #6361 ) ;
#265 = EDGE_CURVE ( 'NONE', #8907, #5560, #3042, .T. ) ;
#266 = LINE ( 'NONE', #7863, #5619 ) ;
#267 = ORIENTED_EDGE ( 'NONE', *, *, #3028, .F. ) ;
#268 =( NAMED_UNIT ( * ) PLANE_ANGLE_UNIT ( ) SI_UNIT ( $, .RADIAN. ) );
#269 = CIRCLE ( 'NONE', #6841, 2.500000000000000000 ) ;
#270 = FACE_OUTER_BOUND ( 'NONE', #4012, .T. ) ;
#271 = DIRECTION ( 'NONE',  ( -1.000000000000000000, 0.0000000000000000000, 0.0000000000000000000 ) ) ;
#272 = EDGE_CURVE ( 'NONE', #893, #1096, #425, .T. ) ;
#273 = EDGE_CURVE ( 'NONE', #3467, #3413, #3038, .T. ) ;
#274 = DIRECTION ( 'NONE',  ( 0.0000000000000000000, 0.0000000000000000000, -1.000000000000000000 ) ) ;
#275 = DIRECTION ( 'NONE',  ( 0.7071067811865491300, 0.7071067811865460200, 0.0000000000000000000 ) ) ;
#276 = ORIENTED_EDGE ( 'NONE', *, *, #2081, .F. ) ;
#277 = DIRECTION ( 'NONE',  ( 6.938893903907228400E-015, 0.0000000000000000000, 1.000000000000000000 ) ) ;
#278 = ORIENTED_EDGE ( 'NONE', *, *, #5151, .T. ) ;
#279 = VECTOR ( 'NONE', #8267, 1000.000000000000000 ) ;
#280 = COLOUR_RGB ( '',0.2509803921568627400, 0.2509803921568627400, 0.2509803921568627400 ) ;
#281 = DIRECTION ( 'NONE',  ( -0.0000000000000000000, -0.0000000000000000000, 1.000000000000000000 ) ) ;
#282 = SURFACE_STYLE_USAGE ( .BOTH. , #8214 ) ;
#283 = PLANE ( 'NONE',  #1374 ) ;
#284 = ORIENTED_EDGE ( 'NONE', *, *, #4861, .T. ) ;
#285 = DIRECTION ( 'NONE',  ( 0.0000000000000000000, 0.0000000000000000000, 1.000000000000000000 ) ) ;
#286 = VERTEX_POINT ( 'NONE', #8603 ) ;
#287 = AXIS2_PLACEMENT_3D ( 'NONE', #234, #5794, #8253 ) ;
#288 = VERTEX_POINT ( 'NONE', #3089 ) ;
#289 = PRESENTATION_STYLE_ASSIGNMENT (( #7065 ) ) ;
#290 = FILL_AREA_STYLE_COLOUR ( '', #3873 ) ;
#291 = VERTEX_POINT ( 'NONE', #8506 ) ;
#292 = PRESENTATION_LAYER_ASSIGNMENT (  '', '', ( #7430 ) ) ;
#293 = EDGE_CURVE ( 'NONE', #473, #5333, #5143, .T. ) ;
#294 = ADVANCED_FACE ( 'NONE', ( #7996 ), #624, .F. ) ;
#295 = CYLINDRICAL_SURFACE ( 'NONE', #3158, 2.999999999999999100 ) ;
#296 = CARTESIAN_POINT ( 'NONE',  ( 21.14999999999999900, 13.32957238623956000, 5.900501256289342000 ) ) ;
#297 = CARTESIAN_POINT ( 'NONE',  ( -14.15069333393213200, -15.05359323060808800, 47.49262389544724500 ) ) ;
#298 = LINE ( 'NONE', #8262, #10263 ) ;
#299 = DIRECTION ( 'NONE',  ( -0.0000000000000000000, -0.0000000000000000000, -1.000000000000000000 ) ) ;
#300 = ORIENTED_EDGE ( 'NONE', *, *, #7695, .T. ) ;
#301 = DIRECTION ( 'NONE',  ( 0.7071067811865474600, 0.7071067811865474600, -0.0000000000000000000 ) ) ;
#302 = VECTOR ( 'NONE', #5407, 1000.000000000000000 ) ;
#303 = FILL_AREA_STYLE ('',( #9107 ) ) ;
#304 = ORIENTED_EDGE ( 'NONE', *, *, #3810, .T. ) ;
#305 = CARTESIAN_POINT ( 'NONE',  ( 0.0000000000000000000, 0.0000000000000000000, 0.5000000000000000000 ) ) ;
#306 = VECTOR ( 'NONE', #8209, 1000.000000000000100 ) ;
#307 = DIRECTION ( 'NONE',  ( 0.0000000000000000000, 0.0000000000000000000, 1.000000000000000000 ) ) ;
#308 = ORIENTED_EDGE ( 'NONE', *, *, #9477, .T. ) ;
#309 = AXIS2_PLACEMENT_3D ( 'NONE', #8097, #5740, #969 ) ;
#310 =( GEOMETRIC_REPRESENTATION_CONTEXT ( 3 ) GLOBAL_UNCERTAINTY_ASSIGNED_CONTEXT ( ( #327 ) ) GLOBAL_UNIT_ASSIGNED_CONTEXT ( ( #6303, #7096, #7928 ) ) REPRESENTATION_CONTEXT ( 'NONE', 'WORKASPACE' ) );
#311 = ORIENTED_EDGE ( 'NONE', *, *, #5938, .T. ) ;
#312 = DIRECTION ( 'NONE',  ( 0.0000000000000000000, 0.0000000000000000000, 1.000000000000000000 ) ) ;
#313 = CIRCLE ( 'NONE', #1786, 0.5000000000000004400 ) ;
#314 = ORIENTED_EDGE ( 'NONE', *, *, #3428, .F. ) ;
#315 = DIRECTION ( 'NONE',  ( -1.000000000000000000, 0.0000000000000000000, 0.0000000000000000000 ) ) ;
#316 = VERTEX_POINT ( 'NONE', #6975 ) ;
#317 = CARTESIAN_POINT ( 'NONE',  ( -15.49999999999897900, -15.50000000000102100, 46.50000000000000000 ) ) ;
#318 = ORIENTED_EDGE ( 'NONE', *, *, #3941, .F. ) ;
#319 = DIRECTION ( 'NONE',  ( -0.7071067811865441300, 0.7071067811865510100, 0.0000000000000000000 ) ) ;
#320 = CARTESIAN_POINT ( 'NONE',  ( -15.50000000000016500, 15.49999999999897500, 48.00000000000000000 ) ) ;
#321 = VERTEX_POINT ( 'NONE', #9328 ) ;
#322 = CIRCLE ( 'NONE', #6328, 1.299999999999999200 ) ;
#323 = ORIENTED_EDGE ( 'NONE', *, *, #3864, .T. ) ;
#324 = CARTESIAN_POINT ( 'NONE',  ( 15.49999999999983700, 15.50000000000016000, -2.266821225221747900E-017 ) ) ;
#325 = DIRECTION ( 'NONE',  ( -1.000000000000000000, 1.244022139150247500E-014, 0.0000000000000000000 ) ) ;
#326 = CARTESIAN_POINT ( 'NONE',  ( -21.14999999999999500, -21.15000000000000600, 38.00000000000000000 ) ) ;
#327 = UNCERTAINTY_MEASURE_WITH_UNIT (LENGTH_MEASURE( 1.000000000000000100E-005 ), #6303, 'distance_accuracy_value', 'NONE');
#328 =( NAMED_UNIT ( * ) SI_UNIT ( $, .STERADIAN. ) SOLID_ANGLE_UNIT ( ) );
#329 = FILL_AREA_STYLE ('',( #8218 ) ) ;
#330 = EDGE_CURVE ( 'NONE', #2171, #5943, #10016, .T. ) ;
#331 =( NAMED_UNIT ( * ) SI_UNIT ( $, .STERADIAN. ) SOLID_ANGLE_UNIT ( ) );
#332 = VERTEX_POINT ( 'NONE', #5409 ) ;
#333 = DIRECTION ( 'NONE',  ( -0.0000000000000000000, -1.000000000000000000, 6.938893903907221300E-015 ) ) ;
#334 = VECTOR ( 'NONE', #2202, 1000.000000000000000 ) ;
#335 = CARTESIAN_POINT ( 'NONE',  ( -1.379851512413568000, -39.15000000000000600, 42.95165094913121400 ) ) ;
#336 = ORIENTED_EDGE ( 'NONE', *, *, #8416, .T. ) ;
#337 = DIRECTION ( 'NONE',  ( 0.0000000000000000000, -1.000000000000000000, 0.0000000000000000000 ) ) ;
#338 = CIRCLE ( 'NONE', #9167, 0.5000000000000006700 ) ;
#339 = FILL_AREA_STYLE_COLOUR ( '', #6375 ) ;
#340 = DIRECTION ( 'NONE',  ( -0.0000000000000000000, -0.0000000000000000000, 1.000000000000000000 ) ) ;
#341 = CARTESIAN_POINT ( 'NONE',  ( -20.64999999999999500, -16.94289321881343500, 0.5000000000000000000 ) ) ;
#342 = MECHANICAL_DESIGN_GEOMETRIC_PRESENTATION_REPRESENTATION (  '', ( #5132 ), #3346 ) ;
#343 = ORIENTED_EDGE ( 'NONE', *, *, #6287, .T. ) ;
#344 = DIRECTION ( 'NONE',  ( -0.7071067811865545700, -0.7071067811865405800, -0.0000000000000000000 ) ) ;
#345 = EDGE_CURVE ( 'NONE', #10112, #3001, #2050, .T. ) ;
#346 = ORIENTED_EDGE ( 'NONE', *, *, #4807, .T. ) ;
#347 = AXIS2_PLACEMENT_3D ( 'NONE', #2290, #6227, #6256 ) ;
#348 = PRESENTATION_STYLE_ASSIGNMENT (( #1955 ) ) ;
#349 = DIRECTION ( 'NONE',  ( -0.0000000000000000000, -0.0000000000000000000, -1.000000000000000000 ) ) ;
#350 = ADVANCED_FACE ( 'NONE', ( #3285 ), #1438, .T. ) ;
#351 = DIRECTION ( 'NONE',  ( 1.000000000000000000, 0.0000000000000000000, 0.0000000000000000000 ) ) ;
#352 = ORIENTED_EDGE ( 'NONE', *, *, #6159, .T. ) ;
#353 = CARTESIAN_POINT ( 'NONE',  ( -2.596119095141088600, -21.25000000000000700, 0.0000000000000000000 ) ) ;
#354 = DIRECTION ( 'NONE',  ( 1.244022139150247500E-014, 1.000000000000000000, 0.0000000000000000000 ) ) ;
#355 = DIRECTION ( 'NONE',  ( 0.0000000000000000000, 0.0000000000000000000, 1.000000000000000000 ) ) ;
#356 = ORIENTED_EDGE ( 'NONE', *, *, #5489, .F. ) ;
#357 = MECHANICAL_DESIGN_GEOMETRIC_PRESENTATION_REPRESENTATION (  '', ( #8207 ), #2484 ) ;
#358 = DIRECTION ( 'NONE',  ( 0.0000000000000000000, 0.0000000000000000000, -1.000000000000000000 ) ) ;
#359 = EDGE_CURVE ( 'NONE', #1638, #170, #5653, .T. ) ;
#360 = B_SPLINE_CURVE_WITH_KNOTS ( 'NONE', 3,
 ( #2689, #5083, #4214, #9791 ),
 .UNSPECIFIED., .F., .F.,
 ( 4, 4 ),
 ( 0.0000000000000000000, 0.0001285675718500072100 ),
 .UNSPECIFIED. ) ;
#361 = LINE ( 'NONE', #7949, #109 ) ;
#362 = EDGE_CURVE ( 'NONE', #843, #7311, #9897, .T. ) ;
#363 = CARTESIAN_POINT ( 'NONE',  ( 1.379851512413564600, -39.15000000000000600, 41.54834905086877900 ) ) ;
#364 = CARTESIAN_POINT ( 'NONE',  ( -15.05359323060823600, 16.84930666606597800, 47.49262389544726700 ) ) ;
#365 = SURFACE_STYLE_USAGE ( .BOTH. , #7457 ) ;
#366 = SURFACE_STYLE_USAGE ( .BOTH. , #5157 ) ;
#367 = CARTESIAN_POINT ( 'NONE',  ( -1.379851512413568000, -39.15000000000000600, 42.95165094913121400 ) ) ;
#368 = ORIENTED_EDGE ( 'NONE', *, *, #2026, .T. ) ;
#370 = CARTESIAN_POINT ( 'NONE',  ( 12.50000000000124000, -15.49999999999983700, 46.00000000000000000 ) ) ;
#369 = CARTESIAN_POINT ( 'NONE',  ( 15.07550534522235500, 16.78307522795906000, 47.50000000000000000 ) ) ;
#371 = VECTOR ( 'NONE', #5572, 1000.000000000000000 ) ;
#372 = SURFACE_STYLE_FILL_AREA ( #1264 ) ;
#373 = CARTESIAN_POINT ( 'NONE',  ( 21.15349364153872400, 13.32403302392777700, 5.967958232163238300 ) ) ;
#374 = CARTESIAN_POINT ( 'NONE',  ( -15.92449465477579700, -15.05359323060806700, 47.50000000000000000 ) ) ;
#375 = CARTESIAN_POINT ( 'NONE',  ( -15.94640676939209500, 16.76380671470457200, 47.50000000000000000 ) ) ;
#376 = CARTESIAN_POINT ( 'NONE',  ( 15.92449465477571000, 16.78307522795905600, 46.50000000000000000 ) ) ;
#377 = MECHANICAL_DESIGN_GEOMETRIC_PRESENTATION_REPRESENTATION (  '', ( #8375 ), #2181 ) ;
#378 = AXIS2_PLACEMENT_3D ( 'NONE', #10208, #5441, #676 ) ;
#379 = FILL_AREA_STYLE_COLOUR ( '', #4999 ) ;
#380 = DIRECTION ( 'NONE',  ( 0.0000000000000000000, -1.000000000000000000, 0.0000000000000000000 ) ) ;
#381 = ADVANCED_FACE ( 'NONE', ( #9141 ), #8390, .T. ) ;
#382 = DIRECTION ( 'NONE',  ( 0.0000000000000000000, 0.0000000000000000000, 1.000000000000000000 ) ) ;
#383 = CARTESIAN_POINT ( 'NONE',  ( -20.64999999999999500, -16.94289321881344500, 0.5000000000000000000 ) ) ;
#384 = ORIENTED_EDGE ( 'NONE', *, *, #6685, .F. ) ;
#385 = CARTESIAN_POINT ( 'NONE',  ( 0.0000000000000000000, 0.0000000000000000000, 45.50000000000002100 ) ) ;
#386 = DIRECTION ( 'NONE',  ( -0.0000000000000000000, -0.0000000000000000000, -1.000000000000000000 ) ) ;
#387 = ORIENTED_EDGE ( 'NONE', *, *, #1781, .T. ) ;
#389 = PLANE ( 'NONE',  #6315 ) ;
#388 = COLOUR_RGB ( '',1.000000000000000000, 1.000000000000000000, 1.000000000000000000 ) ;
#390 = PLANE ( 'NONE',  #4449 ) ;
#391 = AXIS2_PLACEMENT_3D ( 'NONE', #4218, #1762, #220 ) ;
#392 = STYLED_ITEM ( 'NONE', ( #1698 ), #8007 ) ;
#393 = VECTOR ( 'NONE', #3757, 1000.000000000000000 ) ;
#394 = DIRECTION ( 'NONE',  ( 0.0000000000000000000, 1.000000000000000000, 0.0000000000000000000 ) ) ;
#395 = DIRECTION ( 'NONE',  ( -1.000000000000000000, 0.0000000000000000000, 0.0000000000000000000 ) ) ;
#396 = ORIENTED_EDGE ( 'NONE', *, *, #2224, .F. ) ;
#397 = DIRECTION ( 'NONE',  ( 1.000000000000000000, 0.0000000000000000000, 0.0000000000000000000 ) ) ;
#398 = CARTESIAN_POINT ( 'NONE',  ( 15.07550534522235900, 14.21692477204116200, 47.49867441544047600 ) ) ;
#399 = ORIENTED_EDGE ( 'NONE', *, *, #3217, .T. ) ;
#400 = DIRECTION ( 'NONE',  ( -6.129842118587363700E-015, -1.000000000000000000, -0.0000000000000000000 ) ) ;
#401 = PRESENTATION_STYLE_ASSIGNMENT (( #3003 ) ) ;
#402 = DIRECTION ( 'NONE',  ( -0.0000000000000000000, -0.0000000000000000000, 1.000000000000000000 ) ) ;
#403 = CARTESIAN_POINT ( 'NONE',  ( -20.64999999999999500, -16.94289321881344500, 10.00000000000000000 ) ) ;
#404 = EDGE_CURVE ( 'NONE', #6664, #7230, #4405, .T. ) ;
#406 = ADVANCED_FACE ( 'NONE', ( #1764 ), #9524, .F. ) ;
#405 = SURFACE_STYLE_FILL_AREA ( #6953 ) ;
#407 = ORIENTED_EDGE ( 'NONE', *, *, #7852, .F. ) ;
#408 =( NAMED_UNIT ( * ) PLANE_ANGLE_UNIT ( ) SI_UNIT ( $, .RADIAN. ) );
#409 = CYLINDRICAL_SURFACE ( 'NONE', #7805, 2.799999999999999800 ) ;
#410 = EDGE_CURVE ( 'NONE', #9144, #5234, #6160, .T. ) ;
#411 = DIRECTION ( 'NONE',  ( -0.0000000000000000000, -0.0000000000000000000, 1.000000000000000000 ) ) ;
#412 = AXIS2_PLACEMENT_3D ( 'NONE', #7554, #4311, #2792 ) ;
#413 = CARTESIAN_POINT ( 'NONE',  ( 1.379851512413568000, -39.15000000000000600, 43.53044834604566700 ) ) ;
#414 = VECTOR ( 'NONE', #5711, 1000.000000000000000 ) ;
#415 = ORIENTED_EDGE ( 'NONE', *, *, #6400, .T. ) ;
#416 = ORIENTED_EDGE ( 'NONE', *, *, #508, .F. ) ;
#417 = ORIENTED_EDGE ( 'NONE', *, *, #8199, .T. ) ;
#418 = UNCERTAINTY_MEASURE_WITH_UNIT (LENGTH_MEASURE( 1.000000000000000100E-005 ), #6514, 'distance_accuracy_value', 'NONE');
#419 = CARTESIAN_POINT ( 'NONE',  ( -12.49999999999923800, 15.49999999999897500, 46.00000000000000000 ) ) ;
#420 = SURFACE_STYLE_FILL_AREA ( #2591 ) ;
#421 = CARTESIAN_POINT ( 'NONE',  ( -17.80000000000016400, 15.49999999999897500, 47.50000000000000000 ) ) ;
#422 = EDGE_CURVE ( 'NONE', #1477, #7044, #7766, .T. ) ;
#423 = EDGE_CURVE ( 'NONE', #2822, #4073, #5764, .T. ) ;
#424 = CARTESIAN_POINT ( 'NONE',  ( -14.19326395785794000, -15.94640676939194500, 47.49756013713621200 ) ) ;
#425 = LINE ( 'NONE', #6947, #5900 ) ;
#426 =( NAMED_UNIT ( * ) PLANE_ANGLE_UNIT ( ) SI_UNIT ( $, .RADIAN. ) );
#427 = CARTESIAN_POINT ( 'NONE',  ( 16.94289321881345200, -20.65000000000000200, 0.5000000000000000000 ) ) ;
#428 = AXIS2_PLACEMENT_3D ( 'NONE', #7253, #8195, #5800 ) ;
#429 = ORIENTED_EDGE ( 'NONE', *, *, #8697, .F. ) ;
#430 = VERTEX_POINT ( 'NONE', #8682 ) ;
#431 = COLOUR_RGB ( '',0.2509803921568627400, 0.2509803921568627400, 0.2509803921568627400 ) ;
#432 = ADVANCED_FACE ( 'NONE', ( #3895 ), #6344, .F. ) ;
#433 = B_SPLINE_CURVE_WITH_KNOTS ( 'NONE', 3,
 ( #2176, #6105, #6073, #2143 ),
 .UNSPECIFIED., .F., .F.,
 ( 4, 4 ),
 ( 0.0000000000000000000, 0.0001285675718481123200 ),
 .UNSPECIFIED. ) ;
#434 = LINE ( 'NONE', #7309, #1543 ) ;
#435 = CARTESIAN_POINT ( 'NONE',  ( 16.84930666606603500, 15.94640676939203200, 47.49262389544735900 ) ) ;
#436 = DIRECTION ( 'NONE',  ( 1.000000000000000000, 0.0000000000000000000, 0.0000000000000000000 ) ) ;
#437 = FACE_OUTER_BOUND ( 'NONE', #8772, .T. ) ;
#438 = CARTESIAN_POINT ( 'NONE',  ( -16.84930666606614500, -15.94640676939191900, 46.50000000000000000 ) ) ;
#439 = AXIS2_PLACEMENT_3D ( 'NONE', #6768, #2117, #2037 ) ;
#441 = DIRECTION ( 'NONE',  ( 8.202002250481356300E-017, -1.000000000000000000, 0.0000000000000000000 ) ) ;
#440 = DIRECTION ( 'NONE',  ( 1.036685115958539500E-014, -1.000000000000000000, 0.0000000000000000000 ) ) ;
#442 = ORIENTED_EDGE ( 'NONE', *, *, #10296, .T. ) ;
#443 = AXIS2_PLACEMENT_3D ( 'NONE', #2273, #682, #2245 ) ;
#444 = LINE ( 'NONE', #7905, #1551 ) ;
#445 = EDGE_CURVE ( 'NONE', #8798, #9175, #3655, .T. ) ;
#446 = ORIENTED_EDGE ( 'NONE', *, *, #9182, .T. ) ;
#447 = EDGE_LOOP ( 'NONE', ( #2721, #4336, #2727, #2960 ) ) ;
#448 = CARTESIAN_POINT ( 'NONE',  ( 15.05359323060812200, -16.84930666606608400, 46.50000000000000000 ) ) ;
#449 = CARTESIAN_POINT ( 'NONE',  ( -3.599999999999998300, -19.15000000000000600, 40.00000000000000000 ) ) ;
#450 = VECTOR ( 'NONE', #2833, 1000.000000000000000 ) ;
#451 = EDGE_LOOP ( 'NONE', ( #1735, #3673 ) ) ;
#452 =( NAMED_UNIT ( * ) PLANE_ANGLE_UNIT ( ) SI_UNIT ( $, .RADIAN. ) );
#453 = EDGE_LOOP ( 'NONE', ( #8660, #9132, #9014, #1452, #3265, #1447, #823, #5163, #5827, #6186, #1184, #3544, #8167, #7361 ) ) ;
#454 = VERTEX_POINT ( 'NONE', #4765 ) ;
#455 = ORIENTED_EDGE ( 'NONE', *, *, #1559, .T. ) ;
#456 = CARTESIAN_POINT ( 'NONE',  ( 15.50000000000010300, -15.49999999999989200, 5.251075773784450900 ) ) ;
#457 = SURFACE_STYLE_FILL_AREA ( #5657 ) ;
#458 = AXIS2_PLACEMENT_3D ( 'NONE', #1370, #3729, #4537 ) ;
#459 = AXIS2_PLACEMENT_3D ( 'NONE', #9550, #7168, #1461 ) ;
#460 = ORIENTED_EDGE ( 'NONE', *, *, #6556, .F. ) ;
#461 = DIRECTION ( 'NONE',  ( 8.202002250481357500E-017, -1.000000000000000000, -0.0000000000000000000 ) ) ;
#462 = ADVANCED_FACE ( 'NONE', ( #1647 ), #4827, .F. ) ;
#463 = SURFACE_STYLE_FILL_AREA ( #7120 ) ;
#464 = DIRECTION ( 'NONE',  ( 1.000000000000000000, 0.0000000000000000000, 0.0000000000000000000 ) ) ;
#465 = CARTESIAN_POINT ( 'NONE',  ( 16.74685775593380300, -15.07550534522241900, 47.50000000000000000 ) ) ;
#466 = VERTEX_POINT ( 'NONE', #2451 ) ;
#467 = DIRECTION ( 'NONE',  ( -0.0000000000000000000, 1.000000000000000000, -0.0000000000000000000 ) ) ;
#468 = CARTESIAN_POINT ( 'NONE',  ( -3.496119095141088500, -21.25000000000000700, 0.0000000000000000000 ) ) ;
#469 = UNCERTAINTY_MEASURE_WITH_UNIT (LENGTH_MEASURE( 1.000000000000000100E-005 ), #9085, 'distance_accuracy_value', 'NONE');
#470 = SURFACE_STYLE_FILL_AREA ( #6736 ) ;
#471 = CYLINDRICAL_SURFACE ( 'NONE', #10086, 0.5000000000000006700 ) ;
#472 = CARTESIAN_POINT ( 'NONE',  ( 15.92449465477571000, 16.78307522795905600, 47.49867441544050500 ) ) ;
#473 = VERTEX_POINT ( 'NONE', #7938 ) ;
#474 =( NAMED_UNIT ( * ) SI_UNIT ( $, .STERADIAN. ) SOLID_ANGLE_UNIT ( ) );
#475 = AXIS2_PLACEMENT_3D ( 'NONE', #3073, #2333, #9373 ) ;
#476 = DIRECTION ( 'NONE',  ( -6.129842118587363700E-015, -1.000000000000000000, -0.0000000000000000000 ) ) ;
#477 = EDGE_LOOP ( 'NONE', ( #911, #1804, #6819, #446 ) ) ;
#478 = EDGE_CURVE ( 'NONE', #6070, #5048, #2285, .T. ) ;
#479 = EDGE_CURVE ( 'NONE', #3255, #6769, #7877, .T. ) ;
#480 = FACE_OUTER_BOUND ( 'NONE', #9539, .T. ) ;
#482 = CARTESIAN_POINT ( 'NONE',  ( 16.94289321881345600, 20.64999999999999900, 0.5000000000000004400 ) ) ;
#481 = CARTESIAN_POINT ( 'NONE',  ( 0.0000000000000000000, 0.0000000000000000000, -1.734723475976807100E-015 ) ) ;
#483 = AXIS2_PLACEMENT_3D ( 'NONE', #1087, #1886, #1966 ) ;
#484 = CARTESIAN_POINT ( 'NONE',  ( -21.14999999999997700, 21.14999999999999900, 8.000000000000000000 ) ) ;
#485 = DIRECTION ( 'NONE',  ( -0.0000000000000000000, -0.0000000000000000000, 1.000000000000000000 ) ) ;
#486 = ORIENTED_EDGE ( 'NONE', *, *, #2274, .F. ) ;
#487 = ORIENTED_EDGE ( 'NONE', *, *, #8483, .T. ) ;
#488 = CARTESIAN_POINT ( 'NONE',  ( 15.50000000000102000, -15.49999999999983700, 47.50000000000000000 ) ) ;
#489 = ORIENTED_EDGE ( 'NONE', *, *, #2204, .T. ) ;
#490 = DIRECTION ( 'NONE',  ( 0.0000000000000000000, 0.0000000000000000000, 1.000000000000000000 ) ) ;
#491 = DIRECTION ( 'NONE',  ( -0.0000000000000000000, 1.000000000000000000, -0.0000000000000000000 ) ) ;
#492 = ADVANCED_FACE ( 'NONE', ( #168 ), #1414, .T. ) ;
#493 = FACE_OUTER_BOUND ( 'NONE', #1319, .T. ) ;
#494 = EDGE_CURVE ( 'NONE', #6509, #9159, #4393, .T. ) ;
#495 = EDGE_CURVE ( 'NONE', #5560, #3423, #6149, .T. ) ;
#496 = ORIENTED_EDGE ( 'NONE', *, *, #6672, .F. ) ;
#497 = STYLED_ITEM ( 'NONE', ( #6645 ), #9747 ) ;
#498 = ORIENTED_EDGE ( 'NONE', *, *, #4601, .F. ) ;
#499 = SURFACE_STYLE_USAGE ( .BOTH. , #2022 ) ;
#500 = FACE_OUTER_BOUND ( 'NONE', #8848, .T. ) ;
#501 = CYLINDRICAL_SURFACE ( 'NONE', #24, 25.00000000000000000 ) ;
#502 = TOROIDAL_SURFACE ( 'NONE', #10000, 1.299999999999999600, 1.000000000000000000 ) ;
#503 = DIRECTION ( 'NONE',  ( -1.000000000000000000, 0.0000000000000000000, 0.0000000000000000000 ) ) ;
#504 = FILL_AREA_STYLE_COLOUR ( '', #9886 ) ;
#505 = STYLED_ITEM ( 'NONE', ( #6829 ), #5833 ) ;
#506 =( NAMED_UNIT ( * ) SI_UNIT ( $, .STERADIAN. ) SOLID_ANGLE_UNIT ( ) );
#507 = EDGE_CURVE ( 'NONE', #10080, #5362, #8623, .T. ) ;
#508 = EDGE_CURVE ( 'NONE', #7839, #1344, #6495, .T. ) ;
#509 = LINE ( 'NONE', #3394, #2130 ) ;
#510 = DIRECTION ( 'NONE',  ( -0.0000000000000000000, -0.0000000000000000000, -1.000000000000000000 ) ) ;
#511 = DIRECTION ( 'NONE',  ( 1.000000000000000000, 0.0000000000000000000, 0.0000000000000000000 ) ) ;
#512 = CARTESIAN_POINT ( 'NONE',  ( -15.49999999999897900, -15.50000000000102100, 47.50000000000000000 ) ) ;
#514 = CARTESIAN_POINT ( 'NONE',  ( -14.27904914257597800, -15.94640676939194500, 47.50000000000000000 ) ) ;
#513 = CARTESIAN_POINT ( 'NONE',  ( 0.0000000000000000000, 0.0000000000000000000, -2.000000000000000000 ) ) ;
#515 = UNCERTAINTY_MEASURE_WITH_UNIT (LENGTH_MEASURE( 1.000000000000000100E-005 ), #8724, 'distance_accuracy_value', 'NONE');
#516 = ADVANCED_FACE ( 'NONE', ( #3030, #4007, #6636, #2167, #9127, #3762, #783 ), #6505, .F. ) ;
#517 = DIRECTION ( 'NONE',  ( 0.0000000000000000000, 0.0000000000000000000, -1.000000000000000000 ) ) ;
#518 = FACE_OUTER_BOUND ( 'NONE', #7860, .T. ) ;
#519 = FACE_OUTER_BOUND ( 'NONE', #3411, .T. ) ;
#520 = DIRECTION ( 'NONE',  ( 1.000000000000000000, 0.0000000000000000000, 0.0000000000000000000 ) ) ;
#521 = MECHANICAL_DESIGN_GEOMETRIC_PRESENTATION_REPRESENTATION (  '', ( #1576 ), #8511 ) ;
#522 = PRESENTATION_LAYER_ASSIGNMENT (  '', '', ( #8376 ) ) ;
#523 = FILL_AREA_STYLE ('',( #339 ) ) ;
#524 = CARTESIAN_POINT ( 'NONE',  ( 16.78307522795900700, -15.92449465477577200, 47.49867441544055400 ) ) ;
#525 = VERTEX_POINT ( 'NONE', #4858 ) ;
#526 = VECTOR ( 'NONE', #6273, 1000.000000000000000 ) ;
#527 = CIRCLE ( 'NONE', #9266, 0.5000000000000004400 ) ;
#528 =( NAMED_UNIT ( * ) PLANE_ANGLE_UNIT ( ) SI_UNIT ( $, .RADIAN. ) );
#529 = FACE_OUTER_BOUND ( 'NONE', #5147, .T. ) ;
#530 = CARTESIAN_POINT ( 'NONE',  ( 15.94640676939198100, -16.84930666606609200, 47.50000000000000000 ) ) ;
#531 = ORIENTED_EDGE ( 'NONE', *, *, #3932, .F. ) ;
#532 = SURFACE_SIDE_STYLE ('',( #3017 ) ) ;
#533 = AXIS2_PLACEMENT_3D ( 'NONE', #584, #4474, #4443 ) ;
#534 = VECTOR ( 'NONE', #301, 1000.000000000000100 ) ;
#535 = DIRECTION ( 'NONE',  ( 1.000000000000000000, -1.875757943018545800E-015, -0.0000000000000000000 ) ) ;
#536 = ADVANCED_FACE ( 'NONE', ( #4268 ), #157, .T. ) ;
#537 = CIRCLE ( 'NONE', #6355, 2.799999999999999800 ) ;
#538 = CARTESIAN_POINT ( 'NONE',  ( -17.14999999999997700, 20.64999999999999900, 48.00000000000000000 ) ) ;
#539 =( NAMED_UNIT ( * ) SI_UNIT ( $, .STERADIAN. ) SOLID_ANGLE_UNIT ( ) );
#540 = CARTESIAN_POINT ( 'NONE',  ( -17.29644660940670400, -21.00355339059327900, 38.00000000000000000 ) ) ;
#541 = CARTESIAN_POINT ( 'NONE',  ( -15.50000000000016500, 15.49999999999897500, 46.50000000000000000 ) ) ;
#542 = EDGE_LOOP ( 'NONE', ( #4885, #2170, #9667, #1357, #2161, #7588 ) ) ;
#543 = ORIENTED_EDGE ( 'NONE', *, *, #8884, .T. ) ;
#544 = COLOUR_RGB ( '',0.2509803921568627400, 0.2509803921568627400, 0.2509803921568627400 ) ;
#546 = SURFACE_SIDE_STYLE ('',( #1266 ) ) ;
#545 = DIRECTION ( 'NONE',  ( 0.0000000000000000000, -1.000000000000000000, 0.0000000000000000000 ) ) ;
#547 = EDGE_CURVE ( 'NONE', #9680, #4608, #6384, .T. ) ;
#548 = AXIS2_PLACEMENT_3D ( 'NONE', #1910, #5805, #4310 ) ;
#549 = CARTESIAN_POINT ( 'NONE',  ( 15.49999999999983700, 15.50000000000016000, 46.00000000000000000 ) ) ;
#550 = DIRECTION ( 'NONE',  ( -1.000000000000000000, 4.086561412391467000E-015, 0.0000000000000000000 ) ) ;
#551 = EDGE_CURVE ( 'NONE', #3413, #8536, #4873, .T. ) ;
#552 = VERTEX_POINT ( 'NONE', #6577 ) ;
#553 = ORIENTED_EDGE ( 'NONE', *, *, #9293, .T. ) ;
#554 = DIRECTION ( 'NONE',  ( 0.0000000000000000000, 0.0000000000000000000, 1.000000000000000000 ) ) ;
#555 = AXIS2_PLACEMENT_3D ( 'NONE', #241, #175, #7328 ) ;
#556 = EDGE_LOOP ( 'NONE', ( #3062, #6376, #1292, #5128 ) ) ;
#557 = SURFACE_STYLE_FILL_AREA ( #2206 ) ;
#558 = DIRECTION ( 'NONE',  ( 8.202002250481356300E-017, -1.000000000000000000, -0.0000000000000000000 ) ) ;
#559 = EDGE_CURVE ( 'NONE', #4942, #8255, #5133, .T. ) ;
#560 = SURFACE_STYLE_USAGE ( .BOTH. , #5176 ) ;
#561 = ORIENTED_EDGE ( 'NONE', *, *, #8211, .F. ) ;
#562 = AXIS2_PLACEMENT_3D ( 'NONE', #9023, #1889, #5859 ) ;
#563 = ORIENTED_EDGE ( 'NONE', *, *, #5221, .T. ) ;
#564 = ADVANCED_FACE ( 'NONE', ( #8109 ), #1806, .F. ) ;
#565 = EDGE_CURVE ( 'NONE', #7318, #6899, #2033, .T. ) ;
#566 = EDGE_CURVE ( 'NONE', #8836, #3934, #2656, .T. ) ;
#567 = CARTESIAN_POINT ( 'NONE',  ( 15.50000000000102000, -15.49999999999983700, 46.00000000000000000 ) ) ;
#568 = DIRECTION ( 'NONE',  ( -1.000000000000000000, -0.0000000000000000000, -0.0000000000000000000 ) ) ;
#569 = CARTESIAN_POINT ( 'NONE',  ( -10.49999999999999800, 0.0000000000000000000, -1.500000000000000000 ) ) ;
#570 = EDGE_LOOP ( 'NONE', ( #6566, #7509, #141, #9658, #1703 ) ) ;
#571 = PLANE ( 'NONE',  #7308 ) ;
#572 = VERTEX_POINT ( 'NONE', #9051 ) ;
#573 = ORIENTED_EDGE ( 'NONE', *, *, #6555, .F. ) ;
#574 = EDGE_LOOP ( 'NONE', ( #9154, #7706, #5510 ) ) ;
#575 = ORIENTED_EDGE ( 'NONE', *, *, #5975, .F. ) ;
#576 = DIRECTION ( 'NONE',  ( 1.000000000000000000, 0.0000000000000000000, 0.0000000000000000000 ) ) ;
#577 = CARTESIAN_POINT ( 'NONE',  ( -15.50000000000016500, 15.49999999999897500, 47.50000000000000000 ) ) ;
#578 = CARTESIAN_POINT ( 'NONE',  ( -16.78307522795903500, 15.07550534522243900, 46.50000000000000000 ) ) ;
#579 = FACE_OUTER_BOUND ( 'NONE', #9922, .T. ) ;
#580 = DIRECTION ( 'NONE',  ( 0.0000000000000000000, 0.0000000000000000000, 1.000000000000000000 ) ) ;
#581 = PRESENTATION_LAYER_ASSIGNMENT (  '', '', ( #9909 ) ) ;
#582 = VECTOR ( 'NONE', #10236, 1000.000000000000000 ) ;
#584 = CARTESIAN_POINT ( 'NONE',  ( -15.50000000000016500, 15.49999999999897500, 47.50000000000000000 ) ) ;
#583 = CARTESIAN_POINT ( 'NONE',  ( 15.05359323060812200, -16.84930666606608400, 47.49262389544731600 ) ) ;
#585 = ORIENTED_EDGE ( 'NONE', *, *, #2946, .F. ) ;
#586 = PRESENTATION_LAYER_ASSIGNMENT (  '', '', ( #8960 ) ) ;
#587 = FILL_AREA_STYLE ('',( #2852 ) ) ;
#588 = DIRECTION ( 'NONE',  ( -4.146740463834158200E-015, 1.000000000000000000, 0.0000000000000000000 ) ) ;
#589 = ORIENTED_EDGE ( 'NONE', *, *, #1273, .T. ) ;
#590 = CIRCLE ( 'NONE', #3297, 3.500000000000000000 ) ;
#591 = DIRECTION ( 'NONE',  ( 3.751515886037098700E-015, 1.000000000000000000, 0.0000000000000000000 ) ) ;
#592 = FACE_OUTER_BOUND ( 'NONE', #6388, .T. ) ;
#593 = FILL_AREA_STYLE_COLOUR ( '', #659 ) ;
#594 =( NAMED_UNIT ( * ) PLANE_ANGLE_UNIT ( ) SI_UNIT ( $, .RADIAN. ) );
#595 = VERTEX_POINT ( 'NONE', #7416 ) ;
#596 = CARTESIAN_POINT ( 'NONE',  ( -2.500000000000000000, 3.061616997868383100E-016, 45.50000000000002100 ) ) ;
#597 = EDGE_LOOP ( 'NONE', ( #1491, #10154, #4728, #2443, #4099, #8153, #4915, #8285, #5315, #6813, #989, #3157, #7377, #3333 ) ) ;
#598 =( GEOMETRIC_REPRESENTATION_CONTEXT ( 3 ) GLOBAL_UNCERTAINTY_ASSIGNED_CONTEXT ( ( #5202 ) ) GLOBAL_UNIT_ASSIGNED_CONTEXT ( ( #9804, #4329, #331 ) ) REPRESENTATION_CONTEXT ( 'NONE', 'WORKASPACE' ) );
#599 = AXIS2_PLACEMENT_3D ( 'NONE', #5727, #6487, #4114 ) ;
#600 = SURFACE_STYLE_FILL_AREA ( #1739 ) ;
#601 = SURFACE_STYLE_USAGE ( .BOTH. , #2102 ) ;
#602 = UNCERTAINTY_MEASURE_WITH_UNIT (LENGTH_MEASURE( 1.000000000000000100E-005 ), #6619, 'distance_accuracy_value', 'NONE');
#603 = ORIENTED_EDGE ( 'NONE', *, *, #8746, .F. ) ;
#604 = DIRECTION ( 'NONE',  ( 7.503031772074183200E-015, 1.000000000000000000, 0.0000000000000000000 ) ) ;
#605 = DIRECTION ( 'NONE',  ( 0.0000000000000000000, -0.0000000000000000000, -1.000000000000000000 ) ) ;
#606 = ORIENTED_EDGE ( 'NONE', *, *, #1732, .T. ) ;
#607 = CARTESIAN_POINT ( 'NONE',  ( -21.14999999999997700, 21.14999999999999900, 8.000000000000000000 ) ) ;
#608 = CIRCLE ( 'NONE', #10027, 0.5000000000000004400 ) ;
#609 = EDGE_CURVE ( 'NONE', #2217, #9805, #9388, .T. ) ;
#610 = DIRECTION ( 'NONE',  ( -0.0000000000000000000, -0.0000000000000000000, 1.000000000000000000 ) ) ;
#611 = DIRECTION ( 'NONE',  ( -6.220110695751237700E-015, 1.000000000000000000, 0.0000000000000000000 ) ) ;
#612 = ORIENTED_EDGE ( 'NONE', *, *, #3618, .T. ) ;
#613 = DIRECTION ( 'NONE',  ( 0.0000000000000000000, 0.0000000000000000000, 1.000000000000000000 ) ) ;
#614 =( NAMED_UNIT ( * ) PLANE_ANGLE_UNIT ( ) SI_UNIT ( $, .RADIAN. ) );
#615 = EDGE_CURVE ( 'NONE', #1516, #8997, #3525, .T. ) ;
#616 = ORIENTED_EDGE ( 'NONE', *, *, #984, .F. ) ;
#618 = DIRECTION ( 'NONE',  ( 1.000000000000000000, -1.125454765811129600E-014, 0.0000000000000000000 ) ) ;
#617 = CARTESIAN_POINT ( 'NONE',  ( 20.64999999999999900, 16.94289321881344500, 0.5000000000000000000 ) ) ;
#619 = STYLED_ITEM ( 'NONE', ( #7151 ), #9232 ) ;
#620 = VECTOR ( 'NONE', #257, 1000.000000000000100 ) ;
#621 = ADVANCED_FACE ( 'NONE', ( #5386 ), #8866, .T. ) ;
#622 = SURFACE_SIDE_STYLE ('',( #5666 ) ) ;
#623 = CIRCLE ( 'NONE', #4138, 11.50000000000000000 ) ;
#624 = PLANE ( 'NONE',  #4686 ) ;
#625 =( NAMED_UNIT ( * ) PLANE_ANGLE_UNIT ( ) SI_UNIT ( $, .RADIAN. ) );
#626 = DIRECTION ( 'NONE',  ( -0.0000000000000000000, -0.0000000000000000000, 1.000000000000000000 ) ) ;
#627 = ORIENTED_EDGE ( 'NONE', *, *, #8004, .T. ) ;
#628 = CARTESIAN_POINT ( 'NONE',  ( 16.94289321881345600, 20.65000000000000200, 0.5000000000000000000 ) ) ;
#629 =( GEOMETRIC_REPRESENTATION_CONTEXT ( 3 ) GLOBAL_UNCERTAINTY_ASSIGNED_CONTEXT ( ( #4636 ) ) GLOBAL_UNIT_ASSIGNED_CONTEXT ( ( #9251, #9290, #4602 ) ) REPRESENTATION_CONTEXT ( 'NONE', 'WORKASPACE' ) );
#630 = COLOUR_RGB ( '',0.2509803921568627400, 0.2509803921568627400, 0.2509803921568627400 ) ;
#631 = EDGE_CURVE ( 'NONE', #7257, #2965, #1403, .T. ) ;
#632 = EDGE_CURVE ( 'NONE', #8430, #1053, #2648, .T. ) ;
#633 = AXIS2_PLACEMENT_3D ( 'NONE', #853, #1592, #3 ) ;
#634 = DIRECTION ( 'NONE',  ( -1.000000000000000000, -8.202002250481356300E-017, 0.0000000000000000000 ) ) ;
#636 = COLOUR_RGB ( '',0.2509803921568627400, 0.2509803921568627400, 0.2509803921568627400 ) ;
#635 = DIRECTION ( 'NONE',  ( 1.000000000000000000, 0.0000000000000000000, 0.0000000000000000000 ) ) ;
#637 = COLOUR_RGB ( '',0.2509803921568627400, 0.2509803921568627400, 0.2509803921568627400 ) ;
#638 = DIRECTION ( 'NONE',  ( 1.000000000000000000, 0.0000000000000000000, -0.0000000000000000000 ) ) ;
#639 = DIRECTION ( 'NONE',  ( 0.0000000000000000000, 0.0000000000000000000, 1.000000000000000000 ) ) ;
#640 = AXIS2_PLACEMENT_3D ( 'NONE', #10291, #7107, #6283 ) ;
#641 = DIRECTION ( 'NONE',  ( -0.0000000000000000000, -0.0000000000000000000, -1.000000000000000000 ) ) ;
#642 = ORIENTED_EDGE ( 'NONE', *, *, #1235, .T. ) ;
#643 = MECHANICAL_DESIGN_GEOMETRIC_PRESENTATION_REPRESENTATION (  '', ( #4016 ), #2044 ) ;
#644 = EDGE_CURVE ( 'NONE', #216, #2589, #30, .T. ) ;
#645 = CARTESIAN_POINT ( 'NONE',  ( -15.07550534522247600, -15.94640676939193500, 46.50000000000000000 ) ) ;
#646 = VERTEX_POINT ( 'NONE', #4042 ) ;
#647 = DIRECTION ( 'NONE',  ( 0.0000000000000000000, -1.000000000000000000, 0.0000000000000000000 ) ) ;
#648 = SURFACE_SIDE_STYLE ('',( #1985 ) ) ;
#649 = DIRECTION ( 'NONE',  ( 0.0000000000000000000, 0.0000000000000000000, 1.000000000000000000 ) ) ;
#650 = CARTESIAN_POINT ( 'NONE',  ( 0.0000000000000000000, -21.25000000000000700, 0.0000000000000000000 ) ) ;
#651 = ORIENTED_EDGE ( 'NONE', *, *, #7862, .T. ) ;
#652 = ORIENTED_EDGE ( 'NONE', *, *, #4137, .T. ) ;
#653 = LINE ( 'NONE', #2945, #877 ) ;
#654 = DIRECTION ( 'NONE',  ( 0.0000000000000000000, 0.0000000000000000000, 1.000000000000000000 ) ) ;
#655 = AXIS2_PLACEMENT_3D ( 'NONE', #8204, #9753, #5815 ) ;
#656 = AXIS2_PLACEMENT_3D ( 'NONE', #8589, #3751, #6968 ) ;
#657 = CIRCLE ( 'NONE', #4701, 25.00000000000000000 ) ;
#658 = CARTESIAN_POINT ( 'NONE',  ( 16.94289321881340600, 21.14999999999999900, 38.00000000000000000 ) ) ;
#659 = COLOUR_RGB ( '',0.2509803921568627400, 0.2509803921568627400, 0.2509803921568627400 ) ;
#660 = ORIENTED_EDGE ( 'NONE', *, *, #3942, .F. ) ;
#661 = ORIENTED_EDGE ( 'NONE', *, *, #3363, .T. ) ;
#662 = CYLINDRICAL_SURFACE ( 'NONE', #7468, 0.5000000000000006700 ) ;
#663 = LINE ( 'NONE', #8585, #8861 ) ;
#664 = ADVANCED_FACE ( 'NONE', ( #7114 ), #9626, .T. ) ;
#665 = DIRECTION ( 'NONE',  ( -0.7363275207553917600, 0.0000000000000000000, -0.6766252893427928700 ) ) ;
#666 = DIRECTION ( 'NONE',  ( 0.0000000000000000000, 0.0000000000000000000, 1.000000000000000000 ) ) ;
#667 = AXIS2_PLACEMENT_3D ( 'NONE', #8112, #7316, #2560 ) ;
#668 = VERTEX_POINT ( 'NONE', #7536 ) ;
#669 = VERTEX_POINT ( 'NONE', #5942 ) ;
#670 = ORIENTED_EDGE ( 'NONE', *, *, #4335, .T. ) ;
#671 = CARTESIAN_POINT ( 'NONE',  ( 0.0000000000000000000, 2.000000000000000000, -24.00000000000000000 ) ) ;
#672 = STYLED_ITEM ( 'NONE', ( #7177 ), #8783 ) ;
#673 = CARTESIAN_POINT ( 'NONE',  ( -4.000000000000000000, 0.0000000000000000000, -1.500000000000000000 ) ) ;
#674 = DIRECTION ( 'NONE',  ( 1.000000000000000000, 0.0000000000000000000, 0.0000000000000000000 ) ) ;
#675 = DIRECTION ( 'NONE',  ( -0.0000000000000000000, -0.0000000000000000000, -1.000000000000000000 ) ) ;
#676 = DIRECTION ( 'NONE',  ( 1.000000000000000000, 1.387778780781444400E-014, 0.0000000000000000000 ) ) ;
#677 = SURFACE_SIDE_STYLE ('',( #4502 ) ) ;
#678 = ORIENTED_EDGE ( 'NONE', *, *, #6078, .T. ) ;
#679 = VERTEX_POINT ( 'NONE', #8814 ) ;
#680 = LINE ( 'NONE', #2846, #3903 ) ;
#681 = AXIS2_PLACEMENT_3D ( 'NONE', #4787, #4822, #39 ) ;
#682 = DIRECTION ( 'NONE',  ( 0.0000000000000000000, 0.0000000000000000000, -1.000000000000000000 ) ) ;
#683 = SURFACE_STYLE_FILL_AREA ( #6864 ) ;
#684 = EDGE_CURVE ( 'NONE', #9158, #2410, #8738, .T. ) ;
#685 = VECTOR ( 'NONE', #2782, 1000.000000000000000 ) ;
#686 = DIRECTION ( 'NONE',  ( 0.0000000000000000000, 0.0000000000000000000, 1.000000000000000000 ) ) ;
#687 = AXIS2_PLACEMENT_3D ( 'NONE', #1358, #10068, #1451 ) ;
#688 = CARTESIAN_POINT ( 'NONE',  ( 15.50000000000102000, -15.49999999999983700, 48.00000000000000000 ) ) ;
#689 = ORIENTED_EDGE ( 'NONE', *, *, #7385, .T. ) ;
#690 = CARTESIAN_POINT ( 'NONE',  ( -2.000000000000029300, 0.0000000000000000000, 46.00000000000000000 ) ) ;
#691 = ORIENTED_EDGE ( 'NONE', *, *, #5346, .T. ) ;
#692 = EDGE_LOOP ( 'NONE', ( #7934, #8364, #5136 ) ) ;
#693 = LINE ( 'NONE', #4283, #7897 ) ;
#694 = VECTOR ( 'NONE', #8327, 999.9999999999998900 ) ;
#695 = CIRCLE ( 'NONE', #9675, 0.5000000000000004400 ) ;
#696 = EDGE_LOOP ( 'NONE', ( #7880, #8718 ) ) ;
#697 = AXIS2_PLACEMENT_3D ( 'NONE', #2650, #354, #7448 ) ;
#698 = CARTESIAN_POINT ( 'NONE',  ( -15.29091159907558900, -16.78307522795895300, 47.50000000000000000 ) ) ;
#699 = EDGE_LOOP ( 'NONE', ( #3835, #5725, #8803 ) ) ;
#700 = EDGE_CURVE ( 'NONE', #8910, #8157, #3396, .T. ) ;
#701 = EDGE_CURVE ( 'NONE', #8518, #223, #3262, .T. ) ;
#702 = CARTESIAN_POINT ( 'NONE',  ( -19.14999999999996300, 19.15000000000002700, 8.000000000000000000 ) ) ;
#703 = EDGE_LOOP ( 'NONE', ( #5804, #10007 ) ) ;
#704 = SURFACE_SIDE_STYLE ('',( #4267 ) ) ;
#705 = VERTEX_POINT ( 'NONE', #374 ) ;
#706 = VECTOR ( 'NONE', #4004, 1000.000000000000000 ) ;
#707 = LINE ( 'NONE', #6766, #1201 ) ;
#708 = CARTESIAN_POINT ( 'NONE',  ( 0.0000000000000000000, 0.0000000000000000000, 7.999999999999992900 ) ) ;
#709 = VERTEX_POINT ( 'NONE', #3293 ) ;
#710 = B_SPLINE_CURVE_WITH_KNOTS ( 'NONE', 3,
 ( #5821, #2590, #1881, #1007 ),
 .UNSPECIFIED., .F., .F.,
 ( 4, 4 ),
 ( 0.0000000000000000000, 0.0002154103325724461700 ),
 .UNSPECIFIED. ) ;
#711 = CARTESIAN_POINT ( 'NONE',  ( 2.500000000000000000, 0.0000000000000000000, 1.000000000000000000 ) ) ;
#712 = FILL_AREA_STYLE ('',( #4752 ) ) ;
#713 = LINE ( 'NONE', #4992, #7798 ) ;
#714 = ORIENTED_EDGE ( 'NONE', *, *, #936, .F. ) ;
#715 =( NAMED_UNIT ( * ) PLANE_ANGLE_UNIT ( ) SI_UNIT ( $, .RADIAN. ) );
#717 = DIRECTION ( 'NONE',  ( 1.658696185533663300E-014, 1.000000000000000000, 0.0000000000000000000 ) ) ;
#716 = DIRECTION ( 'NONE',  ( 1.000000000000000000, 0.0000000000000000000, -0.0000000000000000000 ) ) ;
#718 = PRESENTATION_LAYER_ASSIGNMENT (  '', '', ( #6972 ) ) ;
#719 = MECHANICAL_DESIGN_GEOMETRIC_PRESENTATION_REPRESENTATION (  '', ( #5843 ), #1577 ) ;
#720 = ORIENTED_EDGE ( 'NONE', *, *, #7820, .T. ) ;
#721 = CARTESIAN_POINT ( 'NONE',  ( -15.29091159908805700, -14.21692477204105900, 47.50000000000000000 ) ) ;
#722 = FACE_OUTER_BOUND ( 'NONE', #9390, .T. ) ;
#723 = ORIENTED_EDGE ( 'NONE', *, *, #4953, .F. ) ;
#724 = CARTESIAN_POINT ( 'NONE',  ( 16.80000000000102000, -15.49999999999983700, 47.50000000000000000 ) ) ;
#725 =( NAMED_UNIT ( * ) PLANE_ANGLE_UNIT ( ) SI_UNIT ( $, .RADIAN. ) );
#726 = LINE ( 'NONE', #6317, #2586 ) ;
#727 = VERTEX_POINT ( 'NONE', #9660 ) ;
#728 = ADVANCED_FACE ( 'NONE', ( #3022 ), #3535, .T. ) ;
#729 = AXIS2_PLACEMENT_3D ( 'NONE', #6039, #2911, #6076 ) ;
#730 = AXIS2_PLACEMENT_3D ( 'NONE', #567, #6896, #2255 ) ;
#731 = ORIENTED_EDGE ( 'NONE', *, *, #3469, .F. ) ;
#732 = ORIENTED_EDGE ( 'NONE', *, *, #5059, .T. ) ;
#733 = LINE ( 'NONE', #14, #1978 ) ;
#734 = CYLINDRICAL_SURFACE ( 'NONE', #5586, 2.299999999999998000 ) ;
#735 = CARTESIAN_POINT ( 'NONE',  ( 14.15069333393202900, 15.94640676939204300, 47.49262389544717400 ) ) ;
#736 = DIRECTION ( 'NONE',  ( 0.0000000000000000000, 0.0000000000000000000, -1.000000000000000000 ) ) ;
#737 = CARTESIAN_POINT ( 'NONE',  ( 3.600000000000001400, -19.15000000000000600, 40.00000000000000000 ) ) ;
#738 = FILL_AREA_STYLE_COLOUR ( '', #2452 ) ;
#739 = ORIENTED_EDGE ( 'NONE', *, *, #9487, .T. ) ;
#740 = EDGE_CURVE ( 'NONE', #6998, #1670, #537, .T. ) ;
#741 = FACE_OUTER_BOUND ( 'NONE', #699, .T. ) ;
#742 = CARTESIAN_POINT ( 'NONE',  ( 14.15069333393202600, 15.05359323060818400, 47.49262389544717400 ) ) ;
#743 = AXIS2_PLACEMENT_3D ( 'NONE', #8141, #9761, #1846 ) ;
#744 = COLOUR_RGB ( '',0.2509803921568627400, 0.2509803921568627400, 0.2509803921568627400 ) ;
#745 = DIRECTION ( 'NONE',  ( 1.000000000000000000, 0.0000000000000000000, -0.0000000000000000000 ) ) ;
#746 = EDGE_CURVE ( 'NONE', #3448, #552, #880, .T. ) ;
#747 = AXIS2_PLACEMENT_3D ( 'NONE', #7898, #4622, #5500 ) ;
#748 = EDGE_CURVE ( 'NONE', #6509, #752, #774, .T. ) ;
#749 = VECTOR ( 'NONE', #8274, 1000.000000000000000 ) ;
#750 = DIRECTION ( 'NONE',  ( -0.0000000000000000000, -0.0000000000000000000, 1.000000000000000000 ) ) ;
#751 = DIRECTION ( 'NONE',  ( -0.0000000000000000000, -0.0000000000000000000, 1.000000000000000000 ) ) ;
#752 = VERTEX_POINT ( 'NONE', #6200 ) ;
#753 = EDGE_CURVE ( 'NONE', #10279, #7081, #1279, .T. ) ;
#754 = EDGE_CURVE ( 'NONE', #7288, #679, #3696, .T. ) ;
#755 = VECTOR ( 'NONE', #7540, 1000.000000000000100 ) ;
#756 = ADVANCED_FACE ( 'NONE', ( #9114 ), #4742, .T. ) ;
#757 = DIRECTION ( 'NONE',  ( -1.000000000000000000, 0.0000000000000000000, -8.673617379884027600E-016 ) ) ;
#758 = ORIENTED_EDGE ( 'NONE', *, *, #5064, .F. ) ;
#759 = AXIS2_PLACEMENT_3D ( 'NONE', #2817, #9981, #10151 ) ;
#760 = TOROIDAL_SURFACE ( 'NONE', #248, 11.50000000000000000, 0.5000000000000000000 ) ;
#761 = MECHANICAL_DESIGN_GEOMETRIC_PRESENTATION_REPRESENTATION (  '', ( #8960 ), #2371 ) ;
#762 = B_SPLINE_CURVE_WITH_KNOTS ( 'NONE', 3,
 ( #524, #8446, #3644, #5981 ),
 .UNSPECIFIED., .F., .F.,
 ( 4, 4 ),
 ( 0.0000000000000000000, 0.0002154103325594283700 ),
 .UNSPECIFIED. ) ;
#763 = CARTESIAN_POINT ( 'NONE',  ( 3.600000000000001400, -19.15000000000000600, 40.00000000000000000 ) ) ;
#764 = CARTESIAN_POINT ( 'NONE',  ( -16.74999999999999300, 15.50000000000000000, 4.500000000000000900 ) ) ;
#765 = CARTESIAN_POINT ( 'NONE',  ( -21.14999999999999500, -13.32957238623956400, 38.00000000000000000 ) ) ;
#766 = ADVANCED_FACE ( 'NONE', ( #3750 ), #5508, .T. ) ;
#767 = SURFACE_SIDE_STYLE ('',( #1617 ) ) ;
#768 = VERTEX_POINT ( 'NONE', #5215 ) ;
#769 = LINE ( 'NONE', #164, #534 ) ;
#770 = UNCERTAINTY_MEASURE_WITH_UNIT (LENGTH_MEASURE( 1.000000000000000100E-005 ), #7821, 'distance_accuracy_value', 'NONE');
#771 = CARTESIAN_POINT ( 'NONE',  ( 14.24999999999983800, 15.50000000000016000, 4.500000000000000900 ) ) ;
#772 =( LENGTH_UNIT ( ) NAMED_UNIT ( * ) SI_UNIT ( .MILLI., .METRE. ) );
#773 = DIRECTION ( 'NONE',  ( 9.399091248501948900E-014, -1.000000000000000000, 0.0000000000000000000 ) ) ;
#774 = LINE ( 'NONE', #8251, #9504 ) ;
#775 = ORIENTED_EDGE ( 'NONE', *, *, #2164, .T. ) ;
#776 = VERTEX_POINT ( 'NONE', #3643 ) ;
#777 = AXIS2_PLACEMENT_3D ( 'NONE', #3236, #6422, #1644 ) ;
#778 = AXIS2_PLACEMENT_3D ( 'NONE', #7762, #5303, #5337 ) ;
#779 = DIRECTION ( 'NONE',  ( 1.000000000000000000, 0.0000000000000000000, 0.0000000000000000000 ) ) ;
#780 = DIRECTION ( 'NONE',  ( 0.7071067811865441300, -0.7071067811865510100, 0.0000000000000000000 ) ) ;
#781 = SURFACE_STYLE_FILL_AREA ( #4825 ) ;
#782 = FACE_OUTER_BOUND ( 'NONE', #3092, .T. ) ;
#783 = FACE_BOUND ( 'NONE', #6843, .T. ) ;
#784 = EDGE_LOOP ( 'NONE', ( #7036, #6521, #314, #9671 ) ) ;
#785 = VERTEX_POINT ( 'NONE', #2860 ) ;
#786 = EDGE_LOOP ( 'NONE', ( #6433, #489, #7395, #3266 ) ) ;
#787 = PRESENTATION_STYLE_ASSIGNMENT (( #5304 ) ) ;
#788 = CYLINDRICAL_SURFACE ( 'NONE', #7963, 3.000000000000927300 ) ;
#789 =( NAMED_UNIT ( * ) SI_UNIT ( $, .STERADIAN. ) SOLID_ANGLE_UNIT ( ) );
#790 = FACE_OUTER_BOUND ( 'NONE', #3524, .T. ) ;
#791 = FACE_OUTER_BOUND ( 'NONE', #1294, .T. ) ;
#792 = EDGE_CURVE ( 'NONE', #2029, #430, #8496, .T. ) ;
#793 = EDGE_CURVE ( 'NONE', #5962, #4159, #10101, .T. ) ;
#794 = VERTEX_POINT ( 'NONE', #7651 ) ;
#795 = PRESENTATION_LAYER_ASSIGNMENT (  '', '', ( #1530 ) ) ;
#796 = CIRCLE ( 'NONE', #7325, 1.249999999999999300 ) ;
#797 = ORIENTED_EDGE ( 'NONE', *, *, #1267, .T. ) ;
#798 = CARTESIAN_POINT ( 'NONE',  ( 15.07550534522236400, 15.94640676939203900, 46.50000000000000000 ) ) ;
#799 = LINE ( 'NONE', #5927, #5030 ) ;
#800 = DIRECTION ( 'NONE',  ( 1.000000000000000000, 0.0000000000000000000, 0.0000000000000000000 ) ) ;
#801 =( NAMED_UNIT ( * ) PLANE_ANGLE_UNIT ( ) SI_UNIT ( $, .RADIAN. ) );
#803 = CARTESIAN_POINT ( 'NONE',  ( 0.0000000000000000000, -21.25000000000000700, 40.11033917074156800 ) ) ;
#802 = CARTESIAN_POINT ( 'NONE',  ( 2.000000000000015500, 0.0000000000000000000, -24.00000000000000000 ) ) ;
#804 = VERTEX_POINT ( 'NONE', #7542 ) ;
#805 = ADVANCED_FACE ( 'NONE', ( #6886 ), #10021, .T. ) ;
#806 = ORIENTED_EDGE ( 'NONE', *, *, #6346, .T. ) ;
#807 =( GEOMETRIC_REPRESENTATION_CONTEXT ( 3 ) GLOBAL_UNCERTAINTY_ASSIGNED_CONTEXT ( ( #2992 ) ) GLOBAL_UNIT_ASSIGNED_CONTEXT ( ( #2741, #3609, #6782 ) ) REPRESENTATION_CONTEXT ( 'NONE', 'WORKASPACE' ) );
#808 = FACE_OUTER_BOUND ( 'NONE', #7823, .T. ) ;
#809 = EDGE_LOOP ( 'NONE', ( #1283, #2284, #7268, #7868 ) ) ;
#810 = ORIENTED_EDGE ( 'NONE', *, *, #8297, .T. ) ;
#811 = ORIENTED_EDGE ( 'NONE', *, *, #5063, .F. ) ;
#812 = EDGE_CURVE ( 'NONE', #4862, #7045, #3516, .T. ) ;
#813 = EDGE_CURVE ( 'NONE', #7754, #1290, #6131, .T. ) ;
#814 = LINE ( 'NONE', #1771, #6928 ) ;
#815 = DIRECTION ( 'NONE',  ( -0.0000000000000000000, -0.0000000000000000000, -1.000000000000000000 ) ) ;
#816 = ORIENTED_EDGE ( 'NONE', *, *, #1285, .F. ) ;
#817 = UNCERTAINTY_MEASURE_WITH_UNIT (LENGTH_MEASURE( 1.000000000000000100E-005 ), #5609, 'distance_accuracy_value', 'NONE');
#818 = VECTOR ( 'NONE', #2601, 1000.000000000000000 ) ;
#819 = ORIENTED_EDGE ( 'NONE', *, *, #4335, .F. ) ;
#820 = ADVANCED_FACE ( 'NONE', ( #270 ), #3874, .T. ) ;
#821 = AXIS2_PLACEMENT_3D ( 'NONE', #6418, #198, #9734 ) ;
#822 = FACE_OUTER_BOUND ( 'NONE', #4538, .T. ) ;
#823 = ORIENTED_EDGE ( 'NONE', *, *, #1420, .F. ) ;
#824 = STYLED_ITEM ( 'NONE', ( #9631 ), #516 ) ;
#825 = EDGE_CURVE ( 'NONE', #6247, #5260, #3985, .T. ) ;
#826 = CARTESIAN_POINT ( 'NONE',  ( 14.15069333393202900, 15.79760451292808200, 47.49833231681222400 ) ) ;
#827 = DIRECTION ( 'NONE',  ( -1.000000000000000000, 0.0000000000000000000, -0.0000000000000000000 ) ) ;
#828 = DIRECTION ( 'NONE',  ( 1.000000000000000000, 0.0000000000000000000, -0.0000000000000000000 ) ) ;
#829 = VERTEX_POINT ( 'NONE', #9882 ) ;
#830 = B_SPLINE_CURVE_WITH_KNOTS ( 'NONE', 3,
 ( #5110, #1957, #5814, #1873 ),
 .UNSPECIFIED., .F., .F.,
 ( 4, 4 ),
 ( 0.0000000000000000000, 5.435045947865371900E-005 ),
 .UNSPECIFIED. ) ;
#831 = CARTESIAN_POINT ( 'NONE',  ( 2.500000000000000000, 0.0000000000000000000, 45.00000000000000000 ) ) ;
#832 = DIRECTION ( 'NONE',  ( -1.000000000000000000, -8.202002250481356300E-017, 0.0000000000000000000 ) ) ;
#833 = VERTEX_POINT ( 'NONE', #7501 ) ;
#834 = SURFACE_STYLE_USAGE ( .BOTH. , #2375 ) ;
#835 = CARTESIAN_POINT ( 'NONE',  ( -0.2693558656738547800, 2.000000000000015500, -24.00000000000000000 ) ) ;
#836 = ORIENTED_EDGE ( 'NONE', *, *, #2754, .F. ) ;
#837 = CARTESIAN_POINT ( 'NONE',  ( 1.379851512413568000, -19.15000000000000600, 42.95165094913121400 ) ) ;
#838 = CARTESIAN_POINT ( 'NONE',  ( -21.14999999999999500, 13.32957238623956400, 99.84951795962939500 ) ) ;
#839 = MECHANICAL_DESIGN_GEOMETRIC_PRESENTATION_REPRESENTATION (  '', ( #7233 ), #5504 ) ;
#840 =( GEOMETRIC_REPRESENTATION_CONTEXT ( 3 ) GLOBAL_UNCERTAINTY_ASSIGNED_CONTEXT ( ( #9712 ) ) GLOBAL_UNIT_ASSIGNED_CONTEXT ( ( #5879, #9083, #8902 ) ) REPRESENTATION_CONTEXT ( 'NONE', 'WORKASPACE' ) );
#841 = FACE_OUTER_BOUND ( 'NONE', #7302, .T. ) ;
#842 = DIRECTION ( 'NONE',  ( -0.0000000000000000000, -0.0000000000000000000, -1.000000000000000000 ) ) ;
#843 = VERTEX_POINT ( 'NONE', #7777 ) ;
#844 = CARTESIAN_POINT ( 'NONE',  ( 21.14999999999999900, 21.14999999999999900, 38.00000000000000000 ) ) ;
#845 = DIRECTION ( 'NONE',  ( -0.0000000000000000000, -0.0000000000000000000, 1.000000000000000000 ) ) ;
#846 = VERTEX_POINT ( 'NONE', #2988 ) ;
#847 = PRESENTATION_STYLE_ASSIGNMENT (( #1604 ) ) ;
#848 = FACE_OUTER_BOUND ( 'NONE', #8549, .T. ) ;
#849 =( GEOMETRIC_REPRESENTATION_CONTEXT ( 3 ) GLOBAL_UNCERTAINTY_ASSIGNED_CONTEXT ( ( #8537 ) ) GLOBAL_UNIT_ASSIGNED_CONTEXT ( ( #4846, #4785, #73 ) ) REPRESENTATION_CONTEXT ( 'NONE', 'WORKASPACE' ) );
#850 = CARTESIAN_POINT ( 'NONE',  ( -15.07550534522247300, -16.78307522795895700, 46.50000000000000000 ) ) ;
#851 = EDGE_CURVE ( 'NONE', #9619, #7839, #9247, .T. ) ;
#852 = CYLINDRICAL_SURFACE ( 'NONE', #4579, 0.5787973969144516500 ) ;
#853 = CARTESIAN_POINT ( 'NONE',  ( -15.49999999999897900, -15.50000000000102100, 47.50000000000000000 ) ) ;
#854 = DIRECTION ( 'NONE',  ( -1.000000000000000000, 0.0000000000000000000, 0.0000000000000000000 ) ) ;
#855 = DIRECTION ( 'NONE',  ( -1.000000000000000000, 0.0000000000000000000, 0.0000000000000000000 ) ) ;
#856 = PLANE ( 'NONE',  #114 ) ;
#857 = AXIS2_PLACEMENT_3D ( 'NONE', #9823, #8232, #4204 ) ;
#858 = CARTESIAN_POINT ( 'NONE',  ( 15.49999999999983700, 15.50000000000016000, 47.50000000000000000 ) ) ;
#859 = FACE_OUTER_BOUND ( 'NONE', #2409, .T. ) ;
#860 = ADVANCED_FACE ( 'NONE', ( #4115 ), #4247, .T. ) ;
#861 = CARTESIAN_POINT ( 'NONE',  ( 14.27125906389390200, -15.07550534522241200, 47.50000000000000000 ) ) ;
#862 = EDGE_CURVE ( 'NONE', #8901, #8605, #1741, .T. ) ;
#863 = SURFACE_SIDE_STYLE ('',( #2596 ) ) ;
#864 =( LENGTH_UNIT ( ) NAMED_UNIT ( * ) SI_UNIT ( .MILLI., .METRE. ) );
#865 = AXIS2_PLACEMENT_3D ( 'NONE', #1362, #8663, #638 ) ;
#866 = ORIENTED_EDGE ( 'NONE', *, *, #7283, .T. ) ;
#867 =( NAMED_UNIT ( * ) PLANE_ANGLE_UNIT ( ) SI_UNIT ( $, .RADIAN. ) );
#868 = VERTEX_POINT ( 'NONE', #5349 ) ;
#869 = CARTESIAN_POINT ( 'NONE',  ( 15.50000000000102000, -15.49999999999983700, 47.50000000000000000 ) ) ;
#870 = AXIS2_PLACEMENT_3D ( 'NONE', #8107, #5056, #4365 ) ;
#871 = DIRECTION ( 'NONE',  ( 1.000000000000000000, 0.0000000000000000000, -0.0000000000000000000 ) ) ;
#872 =( NAMED_UNIT ( * ) SI_UNIT ( $, .STERADIAN. ) SOLID_ANGLE_UNIT ( ) );
#873 = EDGE_CURVE ( 'NONE', #1755, #7755, #2774, .T. ) ;
#874 = EDGE_CURVE ( 'NONE', #291, #7144, #7969, .T. ) ;
#875 = ORIENTED_EDGE ( 'NONE', *, *, #1947, .F. ) ;
#876 = ORIENTED_EDGE ( 'NONE', *, *, #9028, .T. ) ;
#877 = VECTOR ( 'NONE', #9975, 1000.000000000000000 ) ;
#878 = LINE ( 'NONE', #8755, #6991 ) ;
#879 = DIRECTION ( 'NONE',  ( -1.000000000000000000, 0.0000000000000000000, 0.0000000000000000000 ) ) ;
#880 = CIRCLE ( 'NONE', #4155, 0.5000000000000004400 ) ;
#881 = ORIENTED_EDGE ( 'NONE', *, *, #3980, .T. ) ;
#882 = ORIENTED_EDGE ( 'NONE', *, *, #851, .T. ) ;
#883 = PRESENTATION_STYLE_ASSIGNMENT (( #1867 ) ) ;
#884 = DIRECTION ( 'NONE',  ( -1.000000000000000000, -8.202002250481357500E-017, 0.0000000000000000000 ) ) ;
#885 = AXIS2_PLACEMENT_3D ( 'NONE', #1475, #1582, #4635 ) ;
#886 = AXIS2_PLACEMENT_3D ( 'NONE', #5000, #1718, #3314 ) ;
#887 = FACE_OUTER_BOUND ( 'NONE', #6655, .T. ) ;
#888 = FILL_AREA_STYLE_COLOUR ( '', #7119 ) ;
#889 = DIRECTION ( 'NONE',  ( 1.000000000000000000, 0.0000000000000000000, 0.0000000000000000000 ) ) ;
#890 = FILL_AREA_STYLE_COLOUR ( '', #1995 ) ;
#891 = UNCERTAINTY_MEASURE_WITH_UNIT (LENGTH_MEASURE( 1.000000000000000100E-005 ), #10182, 'distance_accuracy_value', 'NONE');
#892 = DIRECTION ( 'NONE',  ( 0.0000000000000000000, 0.0000000000000000000, -1.000000000000000000 ) ) ;
#893 = VERTEX_POINT ( 'NONE', #3679 ) ;
#894 = ORIENTED_EDGE ( 'NONE', *, *, #4740, .F. ) ;
#895 = ORIENTED_EDGE ( 'NONE', *, *, #10093, .F. ) ;
#896 = COLOUR_RGB ( '',0.2509803921568627400, 0.2509803921568627400, 0.2509803921568627400 ) ;
#897 = VECTOR ( 'NONE', #5476, 1000.000000000000000 ) ;
#898 = STYLED_ITEM ( 'NONE', ( #5994 ), #2478 ) ;
#899 =( GEOMETRIC_REPRESENTATION_CONTEXT ( 3 ) GLOBAL_UNCERTAINTY_ASSIGNED_CONTEXT ( ( #8802 ) ) GLOBAL_UNIT_ASSIGNED_CONTEXT ( ( #5949, #1026, #2744 ) ) REPRESENTATION_CONTEXT ( 'NONE', 'WORKASPACE' ) );
#900 = DIRECTION ( 'NONE',  ( -0.0000000000000000000, -0.0000000000000000000, -1.000000000000000000 ) ) ;
#901 = ORIENTED_EDGE ( 'NONE', *, *, #9090, .T. ) ;
#902 = EDGE_LOOP ( 'NONE', ( #6417, #8068, #416, #10284, #1527, #8028, #3806, #9927, #7929, #8656, #1445, #2433 ) ) ;
#903 = LINE ( 'NONE', #2764, #2665 ) ;
#904 = DIRECTION ( 'NONE',  ( -0.0000000000000000000, -0.0000000000000000000, 1.000000000000000000 ) ) ;
#906 = CARTESIAN_POINT ( 'NONE',  ( -17.14999999999997700, 21.14999999999999900, 0.5000000000000004400 ) ) ;
#905 = DIRECTION ( 'NONE',  ( 1.000000000000000000, -4.086561412391584500E-015, 0.0000000000000000000 ) ) ;
#907 = ADVANCED_FACE ( 'NONE', ( #1268 ), #6752, .F. ) ;
#908 = LINE ( 'NONE', #5327, #5528 ) ;
#909 = VECTOR ( 'NONE', #6217, 1000.000000000000000 ) ;
#910 = DIRECTION ( 'NONE',  ( 0.7071067811865475700, 0.7071067811865475700, -0.0000000000000000000 ) ) ;
#911 = ORIENTED_EDGE ( 'NONE', *, *, #5480, .F. ) ;
#912 = LINE ( 'NONE', #448, #3783 ) ;
#913 = EDGE_CURVE ( 'NONE', #5756, #9654, #6877, .T. ) ;
#914 = CARTESIAN_POINT ( 'NONE',  ( 15.92449465477571000, 16.78307522795905600, 47.49867441544050500 ) ) ;
#915 = VERTEX_POINT ( 'NONE', #724 ) ;
#916 = EDGE_LOOP ( 'NONE', ( #7484, #5390, #1552 ) ) ;
#917 = STYLED_ITEM ( 'NONE', ( #787 ), #3988 ) ;
#918 = LINE ( 'NONE', #5113, #6916 ) ;
#919 = CIRCLE ( 'NONE', #5432, 0.5000000000000004400 ) ;
#920 = SURFACE_STYLE_USAGE ( .BOTH. , #5599 ) ;
#921 = EDGE_CURVE ( 'NONE', #4296, #8798, #8612, .T. ) ;
#922 = ORIENTED_EDGE ( 'NONE', *, *, #8132, .T. ) ;
#923 = AXIS2_PLACEMENT_3D ( 'NONE', #3584, #9995, #6023 ) ;
#924 = ORIENTED_EDGE ( 'NONE', *, *, #2099, .T. ) ;
#925 = PLANE ( 'NONE',  #3649 ) ;
#926 = FACE_OUTER_BOUND ( 'NONE', #9506, .T. ) ;
#927 = CARTESIAN_POINT ( 'NONE',  ( -15.50000000000016500, 15.49999999999897500, 46.00000000000000000 ) ) ;
#928 = ORIENTED_EDGE ( 'NONE', *, *, #9160, .F. ) ;
#929 = VERTEX_POINT ( 'NONE', #9464 ) ;
#930 = PRESENTATION_STYLE_ASSIGNMENT (( #5719 ) ) ;
#931 = CARTESIAN_POINT ( 'NONE',  ( 16.84930666606603100, 15.05359323060817400, 46.50000000000000000 ) ) ;
#932 = CARTESIAN_POINT ( 'NONE',  ( -15.92449465477579000, -14.21692477204105200, 47.50000000000000000 ) ) ;
#933 = ORIENTED_EDGE ( 'NONE', *, *, #6669, .F. ) ;
#934 = UNCERTAINTY_MEASURE_WITH_UNIT (LENGTH_MEASURE( 1.000000000000000100E-005 ), #2581, 'distance_accuracy_value', 'NONE');
#935 = FILL_AREA_STYLE_COLOUR ( '', #280 ) ;
#936 = EDGE_CURVE ( 'NONE', #9507, #10183, #147, .T. ) ;
#937 = LINE ( 'NONE', #4201, #9794 ) ;
#938 = EDGE_CURVE ( 'NONE', #4261, #929, #10110, .T. ) ;
#939 = ORIENTED_EDGE ( 'NONE', *, *, #4528, .T. ) ;
#940 =( NAMED_UNIT ( * ) SI_UNIT ( $, .STERADIAN. ) SOLID_ANGLE_UNIT ( ) );
#941 = AXIS2_PLACEMENT_3D ( 'NONE', #9475, #3031, #6932 ) ;
#942 = FILL_AREA_STYLE ('',( #9725 ) ) ;
#943 = PLANE ( 'NONE',  #237 ) ;
#944 = CARTESIAN_POINT ( 'NONE',  ( -21.14999999999999500, -21.15000000000000600, 6.000000000000000000 ) ) ;
#945 = DIRECTION ( 'NONE',  ( -1.224646799147353200E-016, 1.000000000000000000, 0.0000000000000000000 ) ) ;
#946 = VECTOR ( 'NONE', #7310, 1000.000000000000000 ) ;
#947 = DIRECTION ( 'NONE',  ( 0.0000000000000000000, -1.000000000000000000, 0.0000000000000000000 ) ) ;
#948 = ORIENTED_EDGE ( 'NONE', *, *, #9227, .F. ) ;
#949 =( NAMED_UNIT ( * ) PLANE_ANGLE_UNIT ( ) SI_UNIT ( $, .RADIAN. ) );
#950 = TOROIDAL_SURFACE ( 'NONE', #8983, 3.500000000000927300, 0.5000000000000000000 ) ;
#951 = ORIENTED_EDGE ( 'NONE', *, *, #8276, .T. ) ;
#952 = PRESENTATION_LAYER_ASSIGNMENT (  '', '', ( #7887 ) ) ;
#953 = DIRECTION ( 'NONE',  ( 8.202002250481357500E-017, -1.000000000000000000, -0.0000000000000000000 ) ) ;
#954 = FACE_BOUND ( 'NONE', #2662, .T. ) ;
#955 = DIRECTION ( 'NONE',  ( -0.0000000000000000000, -0.0000000000000000000, -1.000000000000000000 ) ) ;
#956 = PRESENTATION_LAYER_ASSIGNMENT (  '', '', ( #2772 ) ) ;
#957 = FACE_OUTER_BOUND ( 'NONE', #8791, .T. ) ;
#958 = EDGE_CURVE ( 'NONE', #3934, #2029, #5248, .T. ) ;
#959 = DIRECTION ( 'NONE',  ( 1.000000000000000000, 0.0000000000000000000, 0.0000000000000000000 ) ) ;
#960 = CARTESIAN_POINT ( 'NONE',  ( 15.92449465477571000, 16.72874093610781200, 47.50000000000000000 ) ) ;
#961 = DIRECTION ( 'NONE',  ( 1.000000000000000000, 0.0000000000000000000, 0.0000000000000000000 ) ) ;
#962 = ORIENTED_EDGE ( 'NONE', *, *, #2740, .T. ) ;
#963 = DIRECTION ( 'NONE',  ( -8.293480927668351100E-015, -1.000000000000000000, 0.0000000000000000000 ) ) ;
#964 = ORIENTED_EDGE ( 'NONE', *, *, #1546, .F. ) ;
#965 = B_SPLINE_CURVE_WITH_KNOTS ( 'NONE', 3,
 ( #5839, #5068, #8193, #5799 ),
 .UNSPECIFIED., .F., .F.,
 ( 4, 4 ),
 ( 0.0000000000000000000, 0.0002154103325726769200 ),
 .UNSPECIFIED. ) ;
#966 = ORIENTED_EDGE ( 'NONE', *, *, #566, .T. ) ;
#967 =( NAMED_UNIT ( * ) SI_UNIT ( $, .STERADIAN. ) SOLID_ANGLE_UNIT ( ) );
#968 = ADVANCED_FACE ( 'NONE', ( #4620 ), #7624, .T. ) ;
#969 = DIRECTION ( 'NONE',  ( 0.0000000000000000000, -0.0000000000000000000, 1.000000000000000000 ) ) ;
#970 = AXIS2_PLACEMENT_3D ( 'NONE', #121, #2555, #3362 ) ;
#971 =( GEOMETRIC_REPRESENTATION_CONTEXT ( 3 ) GLOBAL_UNCERTAINTY_ASSIGNED_CONTEXT ( ( #4481 ) ) GLOBAL_UNIT_ASSIGNED_CONTEXT ( ( #8315, #1869, #9116 ) ) REPRESENTATION_CONTEXT ( 'NONE', 'WORKASPACE' ) );
#972 = VERTEX_POINT ( 'NONE', #7911 ) ;
#973 = DIRECTION ( 'NONE',  ( 1.000000000000000000, 0.0000000000000000000, 0.0000000000000000000 ) ) ;
#974 = CARTESIAN_POINT ( 'NONE',  ( 21.00355339059327900, -17.29644660940674000, 0.5000000000000000000 ) ) ;
#975 = DIRECTION ( 'NONE',  ( 0.0000000000000000000, 0.0000000000000000000, -1.000000000000000000 ) ) ;
#976 = DIRECTION ( 'NONE',  ( -1.000000000000000000, 0.0000000000000000000, 0.0000000000000000000 ) ) ;
#978 = DIRECTION ( 'NONE',  ( 0.0000000000000000000, 0.0000000000000000000, 1.000000000000000000 ) ) ;
#977 = CARTESIAN_POINT ( 'NONE',  ( -16.72095085742198600, -15.94640676939191900, 47.50000000000000000 ) ) ;
#979 = FACE_OUTER_BOUND ( 'NONE', #7219, .T. ) ;
#980 = FACE_OUTER_BOUND ( 'NONE', #6846, .T. ) ;
#981 = AXIS2_PLACEMENT_3D ( 'NONE', #6299, #1528, #2998 ) ;
#982 = DIRECTION ( 'NONE',  ( 0.0000000000000000000, 0.0000000000000000000, 1.000000000000000000 ) ) ;
#983 = SURFACE_STYLE_FILL_AREA ( #3517 ) ;
#984 = EDGE_CURVE ( 'NONE', #9887, #9360, #2897, .T. ) ;
#985 = EDGE_CURVE ( 'NONE', #1088, #5301, #6788, .T. ) ;
#986 = ORIENTED_EDGE ( 'NONE', *, *, #8130, .F. ) ;
#987 =( GEOMETRIC_REPRESENTATION_CONTEXT ( 3 ) GLOBAL_UNCERTAINTY_ASSIGNED_CONTEXT ( ( #1847 ) ) GLOBAL_UNIT_ASSIGNED_CONTEXT ( ( #8979, #4105, #1848 ) ) REPRESENTATION_CONTEXT ( 'NONE', 'WORKASPACE' ) );
#988 = PLANE ( 'NONE',  #428 ) ;
#989 = ORIENTED_EDGE ( 'NONE', *, *, #4955, .F. ) ;
#990 = PRESENTATION_STYLE_ASSIGNMENT (( #3274 ) ) ;
#991 = VECTOR ( 'NONE', #6141, 1000.000000000000000 ) ;
#992 = DIRECTION ( 'NONE',  ( -0.0000000000000000000, 1.000000000000000000, -0.0000000000000000000 ) ) ;
#993 = CARTESIAN_POINT ( 'NONE',  ( 14.24999999999983800, 15.50000000000016000, -2.266821225221747900E-017 ) ) ;
#994 = AXIS2_PLACEMENT_3D ( 'NONE', #1672, #686, #8649 ) ;
#995 = CARTESIAN_POINT ( 'NONE',  ( 16.75000000000010300, -15.49999999999989200, 4.500000000000000900 ) ) ;
#996 =( NAMED_UNIT ( * ) PLANE_ANGLE_UNIT ( ) SI_UNIT ( $, .RADIAN. ) );
#997 = EDGE_CURVE ( 'NONE', #6153, #4545, #7853, .T. ) ;
#998 = ORIENTED_EDGE ( 'NONE', *, *, #2827, .T. ) ;
#999 = EDGE_CURVE ( 'NONE', #4397, #6640, #8371, .T. ) ;
#1000 = VECTOR ( 'NONE', #3631, 1000.000000000000000 ) ;
#1001 = SURFACE_SIDE_STYLE ('',( #6158 ) ) ;
#1002 = PRESENTATION_LAYER_ASSIGNMENT (  '', '', ( #10287 ) ) ;
#1003 = CIRCLE ( 'NONE', #6119, 1.300000000000000700 ) ;
#1004 =( NAMED_UNIT ( * ) PLANE_ANGLE_UNIT ( ) SI_UNIT ( $, .RADIAN. ) );
#1005 = DIRECTION ( 'NONE',  ( -1.000000000000000000, 0.0000000000000000000, 0.0000000000000000000 ) ) ;
#1006 = CIRCLE ( 'NONE', #885, 0.5000000000000004400 ) ;
#1007 = CARTESIAN_POINT ( 'NONE',  ( -15.92449465477579000, -14.21692477204105200, 47.49867441544044100 ) ) ;
#1008 = VERTEX_POINT ( 'NONE', #5513 ) ;
#1009 = CARTESIAN_POINT ( 'NONE',  ( -13.31369220013742800, 21.15999999999999700, -53.84951795962939500 ) ) ;
#1010 = DIRECTION ( 'NONE',  ( -1.000000000000000000, 0.0000000000000000000, 0.0000000000000000000 ) ) ;
#1011 =( NAMED_UNIT ( * ) SI_UNIT ( $, .STERADIAN. ) SOLID_ANGLE_UNIT ( ) );
#1012 = CARTESIAN_POINT ( 'NONE',  ( 1.379851512413568000, -19.15000000000000600, 42.95165094913121400 ) ) ;
#1013 = PRESENTATION_LAYER_ASSIGNMENT (  '', '', ( #4949 ) ) ;
#1015 = DIRECTION ( 'NONE',  ( 1.000000000000000000, 0.0000000000000000000, 0.0000000000000000000 ) ) ;
#1014 = CARTESIAN_POINT ( 'NONE',  ( -16.76380671470488100, -15.94640676939191900, 47.50000000000000000 ) ) ;
#1016 = EDGE_CURVE ( 'NONE', #8700, #9309, #3142, .T. ) ;
#1017 = VECTOR ( 'NONE', #4710, 1000.000000000000000 ) ;
#1018 = EDGE_CURVE ( 'NONE', #8124, #9856, #1006, .T. ) ;
#1019 = ADVANCED_FACE ( 'NONE', ( #2260, #529 ), #6316, .T. ) ;
#1020 = DIRECTION ( 'NONE',  ( -1.000000000000000000, 0.0000000000000000000, 0.0000000000000000000 ) ) ;
#1021 = ORIENTED_EDGE ( 'NONE', *, *, #6873, .T. ) ;
#1022 = ORIENTED_EDGE ( 'NONE', *, *, #423, .F. ) ;
#1023 = ORIENTED_EDGE ( 'NONE', *, *, #7265, .F. ) ;
#1024 = DIRECTION ( 'NONE',  ( 0.0000000000000000000, -1.000000000000000000, 0.0000000000000000000 ) ) ;
#1025 = LINE ( 'NONE', #6462, #1635 ) ;
#1026 =( NAMED_UNIT ( * ) PLANE_ANGLE_UNIT ( ) SI_UNIT ( $, .RADIAN. ) );
#1027 = DIRECTION ( 'NONE',  ( 1.000000000000000000, -8.173122824782933900E-015, 0.0000000000000000000 ) ) ;
#1028 = FACE_BOUND ( 'NONE', #4301, .T. ) ;
#1029 = DIRECTION ( 'NONE',  ( 0.0000000000000000000, 0.0000000000000000000, 1.000000000000000000 ) ) ;
#1030 = ORIENTED_EDGE ( 'NONE', *, *, #3820, .T. ) ;
#1031 = ORIENTED_EDGE ( 'NONE', *, *, #2343, .T. ) ;
#1032 = ORIENTED_EDGE ( 'NONE', *, *, #8722, .T. ) ;
#1033 = AXIS2_PLACEMENT_3D ( 'NONE', #9859, #218, #277 ) ;
#1034 =( GEOMETRIC_REPRESENTATION_CONTEXT ( 3 ) GLOBAL_UNCERTAINTY_ASSIGNED_CONTEXT ( ( #3257 ) ) GLOBAL_UNIT_ASSIGNED_CONTEXT ( ( #7131, #7206, #6432 ) ) REPRESENTATION_CONTEXT ( 'NONE', 'WORKASPACE' ) );
#1035 = CIRCLE ( 'NONE', #9284, 0.5000000000000004400 ) ;
#1036 =( LENGTH_UNIT ( ) NAMED_UNIT ( * ) SI_UNIT ( .MILLI., .METRE. ) );
#1037 = DIRECTION ( 'NONE',  ( 1.000000000000000000, 0.0000000000000000000, -0.0000000000000000000 ) ) ;
#1038 = CARTESIAN_POINT ( 'NONE',  ( 15.85270061781439000, 14.21692477204115900, 47.49983667794648300 ) ) ;
#1039 = SURFACE_STYLE_FILL_AREA ( #5715 ) ;
#1040 =( LENGTH_UNIT ( ) NAMED_UNIT ( * ) SI_UNIT ( .MILLI., .METRE. ) );
#1041 = CIRCLE ( 'NONE', #8439, 0.4999999999999982200 ) ;
#1042 = ORIENTED_EDGE ( 'NONE', *, *, #156, .T. ) ;
#1043 = FILL_AREA_STYLE ('',( #1605 ) ) ;
#1044 = VERTEX_POINT ( 'NONE', #974 ) ;
#1045 = VERTEX_POINT ( 'NONE', #3359 ) ;
#1046 = SURFACE_SIDE_STYLE ('',( #1039 ) ) ;
#1047 = AXIS2_PLACEMENT_3D ( 'NONE', #5503, #2346, #1467 ) ;
#1048 = CARTESIAN_POINT ( 'NONE',  ( 17.15000000000000900, 20.64999999999999900, 0.0000000000000000000 ) ) ;
#1049 = ORIENTED_EDGE ( 'NONE', *, *, #5793, .F. ) ;
#1050 = FILL_AREA_STYLE_COLOUR ( '', #4339 ) ;
#1052 = SURFACE_STYLE_USAGE ( .BOTH. , #1203 ) ;
#1051 = FILL_AREA_STYLE ('',( #9871 ) ) ;
#1053 = VERTEX_POINT ( 'NONE', #3325 ) ;
#1054 = VECTOR ( 'NONE', #7535, 1000.000000000000100 ) ;
#1055 = ORIENTED_EDGE ( 'NONE', *, *, #7862, .F. ) ;
#1056 = ORIENTED_EDGE ( 'NONE', *, *, #1465, .F. ) ;
#1057 = VERTEX_POINT ( 'NONE', #7942 ) ;
#1058 = PLANE ( 'NONE',  #8111 ) ;
#1059 = DIRECTION ( 'NONE',  ( 1.000000000000000000, 0.0000000000000000000, 0.0000000000000000000 ) ) ;
#1060 = EDGE_LOOP ( 'NONE', ( #7333, #6807, #7400, #6168 ) ) ;
#1061 = DIRECTION ( 'NONE',  ( -0.7071067811865475700, -0.7071067811865475700, 0.0000000000000000000 ) ) ;
#1062 = APPLICATION_PROTOCOL_DEFINITION ( 'draft international standard', 'automotive_design', 1998, #5029 ) ;
#1063 = PRESENTATION_LAYER_ASSIGNMENT (  '', '', ( #6742 ) ) ;
#1064 = VECTOR ( 'NONE', #5803, 1000.000000000000000 ) ;
#1065 = ORIENTED_EDGE ( 'NONE', *, *, #8553, .T. ) ;
#1066 = DIRECTION ( 'NONE',  ( -1.000000000000000000, 8.293480927668333700E-015, 0.0000000000000000000 ) ) ;
#1067 = EDGE_CURVE ( 'NONE', #4177, #8888, #4026, .T. ) ;
#1068 =( GEOMETRIC_REPRESENTATION_CONTEXT ( 3 ) GLOBAL_UNCERTAINTY_ASSIGNED_CONTEXT ( ( #10038 ) ) GLOBAL_UNIT_ASSIGNED_CONTEXT ( ( #1795, #4931, #9853 ) ) REPRESENTATION_CONTEXT ( 'NONE', 'WORKASPACE' ) );
#1069 = SPHERICAL_SURFACE ( 'NONE', #1861, 0.5000000000000000000 ) ;
#1070 = EDGE_CURVE ( 'NONE', #9357, #8727, #9402, .T. ) ;
#1071 = EDGE_LOOP ( 'NONE', ( #1946, #6187, #589 ) ) ;
#1072 = FILL_AREA_STYLE ('',( #8169 ) ) ;
#1073 = ADVANCED_FACE ( 'NONE', ( #8128 ), #7997, .F. ) ;
#1074 = CARTESIAN_POINT ( 'NONE',  ( -15.92449465477579000, -14.25314224406743900, 47.50000000000000000 ) ) ;
#1075 = EDGE_LOOP ( 'NONE', ( #4145, #8282, #5299, #5024 ) ) ;
#1076 = DIRECTION ( 'NONE',  ( -1.000000000000000000, 0.0000000000000000000, 0.0000000000000000000 ) ) ;
#1077 = DIRECTION ( 'NONE',  ( 1.000000000000000000, 0.0000000000000000000, 0.0000000000000000000 ) ) ;
#1078 = LINE ( 'NONE', #7973, #5816 ) ;
#1079 = AXIS2_PLACEMENT_3D ( 'NONE', #5091, #1774, #1849 ) ;
#1080 = DIRECTION ( 'NONE',  ( -0.7071067811865451300, -0.7071067811865500200, 0.0000000000000000000 ) ) ;
#1081 = EDGE_CURVE ( 'NONE', #6894, #1790, #8005, .T. ) ;
#1082 = EDGE_CURVE ( 'NONE', #552, #2593, #5408, .T. ) ;
#1083 = ORIENTED_EDGE ( 'NONE', *, *, #262, .T. ) ;
#1084 = CARTESIAN_POINT ( 'NONE',  ( 21.16000000000000000, 0.0000000000000000000, -53.84951795962939500 ) ) ;
#1085 = SURFACE_STYLE_USAGE ( .BOTH. , #1152 ) ;
#1086 = UNCERTAINTY_MEASURE_WITH_UNIT (LENGTH_MEASURE( 1.000000000000000100E-005 ), #9202, 'distance_accuracy_value', 'NONE');
#1087 = CARTESIAN_POINT ( 'NONE',  ( -20.64999999999999500, 16.94289321881344900, 0.5000000000000004400 ) ) ;
#1088 = VERTEX_POINT ( 'NONE', #4104 ) ;
#1089 = ORIENTED_EDGE ( 'NONE', *, *, #5204, .T. ) ;
#1090 = VECTOR ( 'NONE', #6609, 1000.000000000000000 ) ;
#1091 =( NAMED_UNIT ( * ) SI_UNIT ( $, .STERADIAN. ) SOLID_ANGLE_UNIT ( ) );
#1092 = PLANE ( 'NONE',  #6665 ) ;
#1093 = CARTESIAN_POINT ( 'NONE',  ( 0.0000000000000000000, 0.0000000000000000000, 0.0000000000000000000 ) ) ;
#1094 = ORIENTED_EDGE ( 'NONE', *, *, #2361, .F. ) ;
#1095 = DIRECTION ( 'NONE',  ( 8.202002250481356300E-017, -1.000000000000000000, -0.0000000000000000000 ) ) ;
#1096 = VERTEX_POINT ( 'NONE', #4140 ) ;
#1097 = CARTESIAN_POINT ( 'NONE',  ( 3.428630373306654500, -21.25000000000000700, 40.11033917074156800 ) ) ;
#1098 = DIRECTION ( 'NONE',  ( 1.000000000000000000, -1.875757943018545800E-015, -0.0000000000000000000 ) ) ;
#1099 = VECTOR ( 'NONE', #8730, 1000.000000000000100 ) ;
#1100 = ADVANCED_FACE ( 'NONE', ( #5153 ), #3663, .T. ) ;
#1101 = LINE ( 'NONE', #702, #7819 ) ;
#1102 = DIRECTION ( 'NONE',  ( -1.000000000000000000, -6.220110695751237700E-015, 0.0000000000000000000 ) ) ;
#1103 = CARTESIAN_POINT ( 'NONE',  ( -16.94289321881343100, 21.14999999999999900, 0.5000000000000004400 ) ) ;
#1104 =( LENGTH_UNIT ( ) NAMED_UNIT ( * ) SI_UNIT ( .MILLI., .METRE. ) );
#1105 = SURFACE_STYLE_USAGE ( .BOTH. , #5603 ) ;
#1106 =( NAMED_UNIT ( * ) SI_UNIT ( $, .STERADIAN. ) SOLID_ANGLE_UNIT ( ) );
#1107 = SURFACE_SIDE_STYLE ('',( #10011 ) ) ;
#1108 = AXIS2_PLACEMENT_3D ( 'NONE', #1890, #7461, #1850 ) ;
#1109 = STYLED_ITEM ( 'NONE', ( #5086 ), #7958 ) ;
#1110 = CIRCLE ( 'NONE', #173, 2.299999999999999800 ) ;
#1111 = VECTOR ( 'NONE', #7615, 1000.000000000000000 ) ;
#1112 = CARTESIAN_POINT ( 'NONE',  ( 3.428630373306654500, -19.15000000000000600, 40.11033917074156800 ) ) ;
#1113 =( NAMED_UNIT ( * ) PLANE_ANGLE_UNIT ( ) SI_UNIT ( $, .RADIAN. ) );
#1114 = CARTESIAN_POINT ( 'NONE',  ( -21.48631967451538900, -21.25000000000000700, 23.80347179627697000 ) ) ;
#1115 =( NAMED_UNIT ( * ) PLANE_ANGLE_UNIT ( ) SI_UNIT ( $, .RADIAN. ) );
#1116 = DIRECTION ( 'NONE',  ( 1.000000000000000000, 0.0000000000000000000, 0.0000000000000000000 ) ) ;
#1117 = VERTEX_POINT ( 'NONE', #4038 ) ;
#1118 = EDGE_CURVE ( 'NONE', #8237, #8157, #1923, .T. ) ;
#1119 = ADVANCED_FACE ( 'NONE', ( #2058 ), #2185, .T. ) ;
#1120 =( GEOMETRIC_REPRESENTATION_CONTEXT ( 3 ) GLOBAL_UNCERTAINTY_ASSIGNED_CONTEXT ( ( #2356 ) ) GLOBAL_UNIT_ASSIGNED_CONTEXT ( ( #4250, #8876, #9797 ) ) REPRESENTATION_CONTEXT ( 'NONE', 'WORKASPACE' ) );
#1121 = CARTESIAN_POINT ( 'NONE',  ( 15.79760451292802700, -14.15069333393209000, 47.49833231681223800 ) ) ;
#1122 = DIRECTION ( 'NONE',  ( 0.0000000000000000000, -1.000000000000000000, 0.0000000000000000000 ) ) ;
#1123 = ORIENTED_EDGE ( 'NONE', *, *, #609, .T. ) ;
#1124 = EDGE_CURVE ( 'NONE', #7755, #572, #4413, .T. ) ;
#1125 = UNCERTAINTY_MEASURE_WITH_UNIT (LENGTH_MEASURE( 1.000000000000000100E-005 ), #8863, 'distance_accuracy_value', 'NONE');
#1126 = CARTESIAN_POINT ( 'NONE',  ( 0.0000000000000000000, 0.0000000000000000000, 46.00000000000000000 ) ) ;
#1127 = AXIS2_PLACEMENT_3D ( 'NONE', #3926, #1464, #5538 ) ;
#1128 = CARTESIAN_POINT ( 'NONE',  ( 0.0000000000000000000, 0.0000000000000000000, -1.500000000000000000 ) ) ;
#1129 = CARTESIAN_POINT ( 'NONE',  ( -20.64999999999999500, -16.94289321881344500, 0.5000000000000004400 ) ) ;
#1130 = FILL_AREA_STYLE_COLOUR ( '', #388 ) ;
#1131 = ORIENTED_EDGE ( 'NONE', *, *, #8696, .T. ) ;
#1132 = VERTEX_POINT ( 'NONE', #6507 ) ;
#1133 = VECTOR ( 'NONE', #69, 1000.000000000000000 ) ;
#1134 = FILL_AREA_STYLE ('',( #7590 ) ) ;
#1135 = STYLED_ITEM ( 'NONE', ( #8831 ), #4773 ) ;
#1136 = LINE ( 'NONE', #6488, #9376 ) ;
#1137 = CARTESIAN_POINT ( 'NONE',  ( 12.00000000000123800, -15.49999999999983700, 48.00000000000000000 ) ) ;
#1138 = SURFACE_STYLE_FILL_AREA ( #1171 ) ;
#1139 = EDGE_CURVE ( 'NONE', #4447, #3454, #434, .T. ) ;
#1140 = EDGE_CURVE ( 'NONE', #6091, #2286, #6278, .T. ) ;
#1141 = DIRECTION ( 'NONE',  ( -0.0000000000000000000, -0.0000000000000000000, -1.000000000000000000 ) ) ;
#1142 = DIRECTION ( 'NONE',  ( 0.0000000000000000000, 0.0000000000000000000, -1.000000000000000000 ) ) ;
#1143 = ORIENTED_EDGE ( 'NONE', *, *, #2099, .F. ) ;
#1144 = CARTESIAN_POINT ( 'NONE',  ( 15.94640676939199500, -15.07550534522242500, 46.50000000000000000 ) ) ;
#1145 = AXIS2_PLACEMENT_3D ( 'NONE', #9924, #7584, #8338 ) ;
#1146 = ORIENTED_EDGE ( 'NONE', *, *, #9239, .T. ) ;
#1147 = FACE_OUTER_BOUND ( 'NONE', #3056, .T. ) ;
#1148 = FILL_AREA_STYLE ('',( #8283 ) ) ;
#1149 = ADVANCED_FACE ( 'NONE', ( #5770, #2533, #7652, #5525, #3417, #2292 ), #943, .T. ) ;
#1150 = VECTOR ( 'NONE', #5659, 1000.000000000000000 ) ;
#1151 = PLANE ( 'NONE',  #4898 ) ;
#1152 = SURFACE_SIDE_STYLE ('',( #420 ) ) ;
#1153 = ORIENTED_EDGE ( 'NONE', *, *, #7198, .F. ) ;
#1154 = ORIENTED_EDGE ( 'NONE', *, *, #5809, .F. ) ;
#1155 = MECHANICAL_DESIGN_GEOMETRIC_PRESENTATION_REPRESENTATION (  '', ( #9909 ), #3818 ) ;
#1156 = VERTEX_POINT ( 'NONE', #2629 ) ;
#1158 = CARTESIAN_POINT ( 'NONE',  ( -21.00355339059327200, 17.29644660940672600, 8.000000000000000000 ) ) ;
#1157 = CARTESIAN_POINT ( 'NONE',  ( 15.05359323060812200, -16.76380671470494800, 47.50000000000000000 ) ) ;
#1159 = ORIENTED_EDGE ( 'NONE', *, *, #8868, .F. ) ;
#1160 = AXIS2_PLACEMENT_3D ( 'NONE', #9832, #6446, #95 ) ;
#1161 = VECTOR ( 'NONE', #7486, 1000.000000000000000 ) ;
#1162 = EDGE_CURVE ( 'NONE', #4902, #5957, #1911, .T. ) ;
#1163 = CIRCLE ( 'NONE', #9428, 16.00000000000000000 ) ;
#1164 = DIRECTION ( 'NONE',  ( -0.0000000000000000000, -0.0000000000000000000, -1.000000000000000000 ) ) ;
#1165 = CARTESIAN_POINT ( 'NONE',  ( -15.50000000000016500, 15.49999999999897500, 47.50000000000000000 ) ) ;
#1166 = DIRECTION ( 'NONE',  ( 0.0000000000000000000, 0.0000000000000000000, 1.000000000000000000 ) ) ;
#1167 = ORIENTED_EDGE ( 'NONE', *, *, #6095, .T. ) ;
#1168 = ORIENTED_EDGE ( 'NONE', *, *, #8057, .T. ) ;
#1169 = CARTESIAN_POINT ( 'NONE',  ( 0.0000000000000000000, 0.0000000000000000000, -24.00000000000000000 ) ) ;
#1170 = LINE ( 'NONE', #7274, #3292 ) ;
#1171 = FILL_AREA_STYLE ('',( #379 ) ) ;
#1172 = CARTESIAN_POINT ( 'NONE',  ( -15.92449465477580800, -15.94640676939192800, 46.50000000000000000 ) ) ;
#1173 = COLOUR_RGB ( '',0.2509803921568627400, 0.2509803921568627400, 0.2509803921568627400 ) ;
#1174 = PLANE ( 'NONE',  #8883 ) ;
#1175 = VECTOR ( 'NONE', #4518, 1000.000000000000000 ) ;
#1176 = DIRECTION ( 'NONE',  ( -1.000000000000000000, 0.0000000000000000000, 8.673617379884027600E-016 ) ) ;
#1177 = ORIENTED_EDGE ( 'NONE', *, *, #7746, .F. ) ;
#1178 = AXIS2_PLACEMENT_3D ( 'NONE', #8236, #3456, #6611 ) ;
#1179 = MECHANICAL_DESIGN_GEOMETRIC_PRESENTATION_REPRESENTATION (  '', ( #5650 ), #4176 ) ;
#1180 = VERTEX_POINT ( 'NONE', #9904 ) ;
#1181 = DIRECTION ( 'NONE',  ( -1.000000000000000000, 0.0000000000000000000, 0.0000000000000000000 ) ) ;
#1182 = ORIENTED_EDGE ( 'NONE', *, *, #6139, .F. ) ;
#1183 = ADVANCED_FACE ( 'NONE', ( #6905 ), #6642, .T. ) ;
#1184 = ORIENTED_EDGE ( 'NONE', *, *, #5743, .F. ) ;
#1185 = LINE ( 'NONE', #4224, #5306 ) ;
#1186 = SURFACE_SIDE_STYLE ('',( #118 ) ) ;
#1187 =( LENGTH_UNIT ( ) NAMED_UNIT ( * ) SI_UNIT ( .MILLI., .METRE. ) );
#1188 = CARTESIAN_POINT ( 'NONE',  ( -16.76498005845833500, 15.07550534522243500, 47.49955985394395000 ) ) ;
#1189 = DIRECTION ( 'NONE',  ( -0.0000000000000000000, -0.0000000000000000000, -1.000000000000000000 ) ) ;
#1190 = ORIENTED_EDGE ( 'NONE', *, *, #4649, .F. ) ;
#1191 = CARTESIAN_POINT ( 'NONE',  ( -15.07550534522247600, -15.94640676939193500, 47.50000000000000000 ) ) ;
#1192 = VECTOR ( 'NONE', #8047, 1000.000000000000000 ) ;
#1193 = ORIENTED_EDGE ( 'NONE', *, *, #9686, .F. ) ;
#1194 = ORIENTED_EDGE ( 'NONE', *, *, #9668, .F. ) ;
#1195 = CARTESIAN_POINT ( 'NONE',  ( 15.94640676939200000, -14.15069333393209000, 46.50000000000000000 ) ) ;
#1196 = CARTESIAN_POINT ( 'NONE',  ( -15.05359323060823600, 16.84930666606597800, 47.50000000000000000 ) ) ;
#1197 =( GEOMETRIC_REPRESENTATION_CONTEXT ( 3 ) GLOBAL_UNCERTAINTY_ASSIGNED_CONTEXT ( ( #9756 ) ) GLOBAL_UNIT_ASSIGNED_CONTEXT ( ( #5021, #260, #5834 ) ) REPRESENTATION_CONTEXT ( 'NONE', 'WORKASPACE' ) );
#1198 = CARTESIAN_POINT ( 'NONE',  ( 15.21910815489393400, 14.21692477204116000, 47.50000000000000000 ) ) ;
#1199 = DIRECTION ( 'NONE',  ( 0.7071067811865475700, 0.7071067811865475700, 0.0000000000000000000 ) ) ;
#1200 = DIRECTION ( 'NONE',  ( 6.938893903907222100E-015, -1.000000000000000000, 0.0000000000000000000 ) ) ;
#1201 = VECTOR ( 'NONE', #2001, 1000.000000000000000 ) ;
#1203 = SURFACE_SIDE_STYLE ('',( #4975 ) ) ;
#1202 = CARTESIAN_POINT ( 'NONE',  ( 14.24999999999983800, 15.50000000000016000, 4.500000000000000900 ) ) ;
#1204 = ORIENTED_EDGE ( 'NONE', *, *, #6949, .T. ) ;
#1205 = MECHANICAL_DESIGN_GEOMETRIC_PRESENTATION_REPRESENTATION (  '', ( #672 ), #1710 ) ;
#1206 = LINE ( 'NONE', #9711, #8673 ) ;
#1207 = CARTESIAN_POINT ( 'NONE',  ( 13.32957238623955800, 21.14999999999999900, 99.84951795962939500 ) ) ;
#1208 = EDGE_LOOP ( 'NONE', ( #7104, #4108, #232, #3256 ) ) ;
#1209 = CARTESIAN_POINT ( 'NONE',  ( -15.94640676939209500, 14.19326395785794800, 47.49756013713619000 ) ) ;
#1210 = FACE_OUTER_BOUND ( 'NONE', #9298, .T. ) ;
#1211 = DIRECTION ( 'NONE',  ( 0.0000000000000000000, 0.0000000000000000000, 1.000000000000000000 ) ) ;
#1212 = COLOUR_RGB ( '',0.2509803921568627400, 0.2509803921568627400, 0.2509803921568627400 ) ;
#1213 = DIRECTION ( 'NONE',  ( -0.0000000000000000000, 1.000000000000000000, -0.0000000000000000000 ) ) ;
#1214 = FILL_AREA_STYLE_COLOUR ( '', #9824 ) ;
#1215 = ORIENTED_EDGE ( 'NONE', *, *, #1561, .F. ) ;
#1216 = ADVANCED_FACE ( 'NONE', ( #4133 ), #4223, .F. ) ;
#1217 =( GEOMETRIC_REPRESENTATION_CONTEXT ( 3 ) GLOBAL_UNCERTAINTY_ASSIGNED_CONTEXT ( ( #4516 ) ) GLOBAL_UNIT_ASSIGNED_CONTEXT ( ( #7763, #8564, #539 ) ) REPRESENTATION_CONTEXT ( 'NONE', 'WORKASPACE' ) );
#1218 = EDGE_CURVE ( 'NONE', #1309, #2171, #9274, .T. ) ;
#1219 = CARTESIAN_POINT ( 'NONE',  ( 0.0000000000000000000, 0.0000000000000000000, 0.0000000000000000000 ) ) ;
#1220 = EDGE_CURVE ( 'NONE', #7306, #1388, #4402, .T. ) ;
#1221 = ORIENTED_EDGE ( 'NONE', *, *, #3558, .T. ) ;
#1222 = MECHANICAL_DESIGN_GEOMETRIC_PRESENTATION_REPRESENTATION (  '', ( #2278 ), #9229 ) ;
#1223 = LINE ( 'NONE', #5896, #4569 ) ;
#1224 = PLANE ( 'NONE',  #8127 ) ;
#1225 = DIRECTION ( 'NONE',  ( 0.0000000000000000000, 0.0000000000000000000, -1.000000000000000000 ) ) ;
#1226 = ORIENTED_EDGE ( 'NONE', *, *, #9576, .F. ) ;
#1227 = FILL_AREA_STYLE_COLOUR ( '', #744 ) ;
#1228 =( NAMED_UNIT ( * ) SI_UNIT ( $, .STERADIAN. ) SOLID_ANGLE_UNIT ( ) );
#1229 = CARTESIAN_POINT ( 'NONE',  ( -3.420868563588839200, -21.25000000000000700, 40.11033917074156100 ) ) ;
#1230 = UNCERTAINTY_MEASURE_WITH_UNIT (LENGTH_MEASURE( 1.000000000000000100E-005 ), #42, 'distance_accuracy_value', 'NONE');
#1231 = ORIENTED_EDGE ( 'NONE', *, *, #4475, .F. ) ;
#1232 =( GEOMETRIC_REPRESENTATION_CONTEXT ( 3 ) GLOBAL_UNCERTAINTY_ASSIGNED_CONTEXT ( ( #2043 ) ) GLOBAL_UNIT_ASSIGNED_CONTEXT ( ( #1187, #9934, #1228 ) ) REPRESENTATION_CONTEXT ( 'NONE', 'WORKASPACE' ) );
#1233 = EDGE_LOOP ( 'NONE', ( #1951, #9789, #4216, #9604, #8629 ) ) ;
#1234 = PRESENTATION_LAYER_ASSIGNMENT (  '', '', ( #154 ) ) ;
#1235 = EDGE_CURVE ( 'NONE', #8967, #3335, #6156, .T. ) ;
#1236 = DIRECTION ( 'NONE',  ( 1.000000000000000000, 0.0000000000000000000, 0.0000000000000000000 ) ) ;
#1237 =( NAMED_UNIT ( * ) SI_UNIT ( $, .STERADIAN. ) SOLID_ANGLE_UNIT ( ) );
#1238 = EDGE_LOOP ( 'NONE', ( #6163, #1587, #4745, #10083 ) ) ;
#1239 = VECTOR ( 'NONE', #8723, 1000.000000000000000 ) ;
#1240 = ADVANCED_FACE ( 'NONE', ( #8248 ), #283, .F. ) ;
#1241 = CARTESIAN_POINT ( 'NONE',  ( 15.20239548707212100, -14.15069333393209000, 47.49833231681223800 ) ) ;
#1242 = VECTOR ( 'NONE', #5359, 1000.000000000000000 ) ;
#1243 = FILL_AREA_STYLE ('',( #2124 ) ) ;
#1244 = DIRECTION ( 'NONE',  ( -0.0000000000000000000, -1.000000000000000000, 0.0000000000000000000 ) ) ;
#1245 =( GEOMETRIC_REPRESENTATION_CONTEXT ( 3 ) GLOBAL_UNCERTAINTY_ASSIGNED_CONTEXT ( ( #9408 ) ) GLOBAL_UNIT_ASSIGNED_CONTEXT ( ( #3018, #6086, #6220 ) ) REPRESENTATION_CONTEXT ( 'NONE', 'WORKASPACE' ) );
#1246 = AXIS2_PLACEMENT_3D ( 'NONE', #4208, #9748, #4966 ) ;
#1247 = CARTESIAN_POINT ( 'NONE',  ( -15.50000000000016500, 15.49999999999897500, 47.50000000000000000 ) ) ;
#1248 = FACE_OUTER_BOUND ( 'NONE', #5511, .T. ) ;
#1249 = VECTOR ( 'NONE', #5829, 1000.000000000000000 ) ;
#1250 = ORIENTED_EDGE ( 'NONE', *, *, #5630, .F. ) ;
#1251 = ORIENTED_EDGE ( 'NONE', *, *, #6081, .F. ) ;
#1252 = CARTESIAN_POINT ( 'NONE',  ( 15.94640676939198100, -16.76380671470541700, 47.50000000000000000 ) ) ;
#1253 = CARTESIAN_POINT ( 'NONE',  ( -16.78307522795903500, 15.07550534522243900, 47.49867441544049700 ) ) ;
#1254 = SURFACE_SIDE_STYLE ('',( #10242 ) ) ;
#1255 = STYLED_ITEM ( 'NONE', ( #4655 ), #2599 ) ;
#1256 =( GEOMETRIC_REPRESENTATION_CONTEXT ( 3 ) GLOBAL_UNCERTAINTY_ASSIGNED_CONTEXT ( ( #7843 ) ) GLOBAL_UNIT_ASSIGNED_CONTEXT ( ( #1562, #3948, #1740 ) ) REPRESENTATION_CONTEXT ( 'NONE', 'WORKASPACE' ) );
#1257 = CONICAL_SURFACE ( 'NONE', #458, 1.249999999999997600, 1.029744258676653200 ) ;
#1258 =( NAMED_UNIT ( * ) SI_UNIT ( $, .STERADIAN. ) SOLID_ANGLE_UNIT ( ) );
#1259 = ADVANCED_FACE ( 'NONE', ( #6390 ), #788, .F. ) ;
#1260 = DIRECTION ( 'NONE',  ( -0.0000000000000000000, 1.000000000000000000, -0.0000000000000000000 ) ) ;
#1261 = VERTEX_POINT ( 'NONE', #1999 ) ;
#1262 = FILL_AREA_STYLE_COLOUR ( '', #6544 ) ;
#1263 = DIRECTION ( 'NONE',  ( 1.000000000000000000, 0.0000000000000000000, 0.0000000000000000000 ) ) ;
#1264 = FILL_AREA_STYLE ('',( #6772 ) ) ;
#1265 = UNCERTAINTY_MEASURE_WITH_UNIT (LENGTH_MEASURE( 1.000000000000000100E-005 ), #6253, 'distance_accuracy_value', 'NONE');
#1266 = SURFACE_STYLE_FILL_AREA ( #3602 ) ;
#1267 = EDGE_CURVE ( 'NONE', #2784, #10279, #1365, .T. ) ;
#1268 = FACE_OUTER_BOUND ( 'NONE', #1075, .T. ) ;
#1269 = AXIS2_PLACEMENT_3D ( 'NONE', #7521, #5998, #7455 ) ;
#1270 = CARTESIAN_POINT ( 'NONE',  ( 15.49999999999983700, 15.50000000000016000, 47.50000000000000000 ) ) ;
#1271 = DIRECTION ( 'NONE',  ( -3.034740832678112900E-015, 1.000000000000000000, 0.0000000000000000000 ) ) ;
#1272 = EDGE_LOOP ( 'NONE', ( #4780, #4592 ) ) ;
#1273 = EDGE_CURVE ( 'NONE', #8798, #8245, #8631, .T. ) ;
#1274 = CARTESIAN_POINT ( 'NONE',  ( 1.379851512413564600, -19.15000000000000600, 42.12714644778323200 ) ) ;
#1275 =( GEOMETRIC_REPRESENTATION_CONTEXT ( 3 ) GLOBAL_UNCERTAINTY_ASSIGNED_CONTEXT ( ( #8491 ) ) GLOBAL_UNIT_ASSIGNED_CONTEXT ( ( #2340, #3824, #1498 ) ) REPRESENTATION_CONTEXT ( 'NONE', 'WORKASPACE' ) );
#1276 = EDGE_CURVE ( 'NONE', #1415, #4784, #5436, .T. ) ;
#1277 = PLANE ( 'NONE',  #3251 ) ;
#1278 = LINE ( 'NONE', #4613, #6623 ) ;
#1279 = CIRCLE ( 'NONE', #5760, 1.299999999999999200 ) ;
#1280 = CARTESIAN_POINT ( 'NONE',  ( -15.50000000000016500, 15.49999999999897500, 47.50000000000000000 ) ) ;
#1281 = ORIENTED_EDGE ( 'NONE', *, *, #3862, .T. ) ;
#1282 = VERTEX_POINT ( 'NONE', #9590 ) ;
#1283 = ORIENTED_EDGE ( 'NONE', *, *, #9802, .F. ) ;
#1284 = ADVANCED_FACE ( 'NONE', ( #8386 ), #7368, .T. ) ;
#1285 = EDGE_CURVE ( 'NONE', #6091, #3645, #4005, .T. ) ;
#1286 = CIRCLE ( 'NONE', #8343, 2.299999999999999800 ) ;
#1287 = EDGE_CURVE ( 'NONE', #60, #10248, #5638, .T. ) ;
#1288 = DIRECTION ( 'NONE',  ( 0.0000000000000000000, -0.0000000000000000000, -1.000000000000000000 ) ) ;
#1289 = CARTESIAN_POINT ( 'NONE',  ( -15.05359323060823600, 15.07550534522231100, 47.50000000000000000 ) ) ;
#1290 = VERTEX_POINT ( 'NONE', #5709 ) ;
#1291 = EDGE_LOOP ( 'NONE', ( #7941, #9368 ) ) ;
#1292 = ORIENTED_EDGE ( 'NONE', *, *, #7948, .T. ) ;
#1293 = CARTESIAN_POINT ( 'NONE',  ( -1.379851512413568000, -39.15000000000000600, 40.96955165395432600 ) ) ;
#1294 = EDGE_LOOP ( 'NONE', ( #4050, #8407, #6565, #5129 ) ) ;
#1295 = B_SPLINE_CURVE_WITH_KNOTS ( 'NONE', 3,
 ( #5167, #2152, #8474, #10089 ),
 .UNSPECIFIED., .F., .F.,
 ( 4, 4 ),
 ( 0.0000000000000000000, 0.0002154103325659407700 ),
 .UNSPECIFIED. ) ;
#1296 = COLOUR_RGB ( '',1.000000000000000000, 1.000000000000000000, 1.000000000000000000 ) ;
#1297 = CARTESIAN_POINT ( 'NONE',  ( -3.599999999999998300, -19.15000000000000600, 44.50000000000000000 ) ) ;
#1298 = CARTESIAN_POINT ( 'NONE',  ( -15.49999999999897900, -15.50000000000102100, 47.50000000000000000 ) ) ;
#1299 = PRESENTATION_STYLE_ASSIGNMENT (( #601 ) ) ;
#1300 = SURFACE_STYLE_FILL_AREA ( #1243 ) ;
#1301 = DIRECTION ( 'NONE',  ( -0.0000000000000000000, -0.0000000000000000000, 1.000000000000000000 ) ) ;
#1302 = PRESENTATION_LAYER_ASSIGNMENT (  '', '', ( #3109 ) ) ;
#1304 = DIRECTION ( 'NONE',  ( 0.7363275207553916500, 0.0000000000000000000, -0.6766252893427929800 ) ) ;
#1303 = DIRECTION ( 'NONE',  ( 0.0000000000000000000, 0.0000000000000000000, 1.000000000000000000 ) ) ;
#1305 = ORIENTED_EDGE ( 'NONE', *, *, #4480, .F. ) ;
#1306 = AXIS2_PLACEMENT_3D ( 'NONE', #7106, #3053, #2320 ) ;
#1307 = COLOUR_RGB ( '',0.2509803921568627400, 0.2509803921568627400, 0.2509803921568627400 ) ;
#1308 = ORIENTED_EDGE ( 'NONE', *, *, #3695, .T. ) ;
#1309 = VERTEX_POINT ( 'NONE', #9651 ) ;
#1310 = DIRECTION ( 'NONE',  ( 1.000000000000000000, 8.202002250481357500E-017, 0.0000000000000000000 ) ) ;
#1311 = SURFACE_STYLE_FILL_AREA ( #1072 ) ;
#1312 = ORIENTED_EDGE ( 'NONE', *, *, #6347, .F. ) ;
#1313 = CARTESIAN_POINT ( 'NONE',  ( 20.64999999999999900, 16.94289321881344500, 8.000000000000000000 ) ) ;
#1314 = SURFACE_STYLE_USAGE ( .BOTH. , #2189 ) ;
#1315 =( NAMED_UNIT ( * ) SI_UNIT ( $, .STERADIAN. ) SOLID_ANGLE_UNIT ( ) );
#1316 = ORIENTED_EDGE ( 'NONE', *, *, #1960, .T. ) ;
#1317 = ADVANCED_FACE ( 'NONE', ( #3160 ), #8120, .F. ) ;
#1318 = LINE ( 'NONE', #484, #2192 ) ;
#1319 = EDGE_LOOP ( 'NONE', ( #2540, #1885, #2287 ) ) ;
#1320 = VERTEX_POINT ( 'NONE', #3220 ) ;
#1321 = STYLED_ITEM ( 'NONE', ( #6737 ), #1971 ) ;
#1322 = AXIS2_PLACEMENT_3D ( 'NONE', #2175, #610, #576 ) ;
#1323 = CIRCLE ( 'NONE', #6459, 0.5000000000000004400 ) ;
#1324 = ORIENTED_EDGE ( 'NONE', *, *, #2166, .F. ) ;
#1325 = VECTOR ( 'NONE', #35, 1000.000000000000000 ) ;
#1326 = CARTESIAN_POINT ( 'NONE',  ( 0.0000000000000000000, 0.0000000000000000000, 46.00000000000000000 ) ) ;
#1327 = VERTEX_POINT ( 'NONE', #4796 ) ;
#1328 = CARTESIAN_POINT ( 'NONE',  ( 0.0000000000000000000, 0.0000000000000000000, 0.0000000000000000000 ) ) ;
#1329 = LINE ( 'NONE', #2778, #4678 ) ;
#1330 = FACE_OUTER_BOUND ( 'NONE', #5786, .T. ) ;
#1331 = ORIENTED_EDGE ( 'NONE', *, *, #6268, .F. ) ;
#1332 = CARTESIAN_POINT ( 'NONE',  ( -15.92449465477582700, -16.72874093610833800, 47.50000000000000000 ) ) ;
#1333 = DIRECTION ( 'NONE',  ( 0.0000000000000000000, 0.0000000000000000000, 1.000000000000000000 ) ) ;
#1334 = AXIS2_PLACEMENT_3D ( 'NONE', #8161, #3342, #9852 ) ;
#1335 = CARTESIAN_POINT ( 'NONE',  ( 16.94289321881344200, -20.65000000000000200, 47.50000000000000000 ) ) ;
#1336 = ORIENTED_EDGE ( 'NONE', *, *, #9687, .T. ) ;
#1337 = EDGE_CURVE ( 'NONE', #321, #929, #6892, .T. ) ;
#1338 = EDGE_CURVE ( 'NONE', #3413, #8536, #10122, .T. ) ;
#1339 = COLOUR_RGB ( '',0.2509803921568627400, 0.2509803921568627400, 0.2509803921568627400 ) ;
#1340 = CARTESIAN_POINT ( 'NONE',  ( -15.07550534522246900, -15.05359323060807800, 46.50000000000000000 ) ) ;
#1341 = PRESENTATION_LAYER_ASSIGNMENT (  '', '', ( #10268 ) ) ;
#1342 = ADVANCED_FACE ( 'NONE', ( #5515 ), #5008, .T. ) ;
#1343 = DIRECTION ( 'NONE',  ( -4.101001125240678300E-016, -1.000000000000000000, 0.0000000000000000000 ) ) ;
#1344 = VERTEX_POINT ( 'NONE', #3961 ) ;
#1345 = EDGE_LOOP ( 'NONE', ( #2370, #7278, #5952, #5116 ) ) ;
#1346 = CARTESIAN_POINT ( 'NONE',  ( 15.07550534522235900, 14.21692477204116200, 47.49867441544047600 ) ) ;
#1347 = ORIENTED_EDGE ( 'NONE', *, *, #4792, .F. ) ;
#1348 = CARTESIAN_POINT ( 'NONE',  ( 21.14999999999999900, 21.14999999999999900, 5.900501256289342000 ) ) ;
#1349 = CARTESIAN_POINT ( 'NONE',  ( 1.379851512413568000, -39.15000000000000600, 43.53044834604566700 ) ) ;
#1350 = SURFACE_STYLE_FILL_AREA ( #2623 ) ;
#1351 = AXIS2_PLACEMENT_3D ( 'NONE', #3444, #8928, #8158 ) ;
#1352 = SURFACE_STYLE_FILL_AREA ( #4509 ) ;
#1353 = EDGE_CURVE ( 'NONE', #4403, #2942, #1025, .T. ) ;
#1354 = EDGE_CURVE ( 'NONE', #6017, #4177, #9625, .T. ) ;
#1355 = ORIENTED_EDGE ( 'NONE', *, *, #6614, .F. ) ;
#1356 = AXIS2_PLACEMENT_3D ( 'NONE', #4305, #4377, #4411 ) ;
#1357 = ORIENTED_EDGE ( 'NONE', *, *, #5557, .T. ) ;
#1358 = CARTESIAN_POINT ( 'NONE',  ( -15.50000000000016500, 15.49999999999897500, 47.50000000000000000 ) ) ;
#1359 = LINE ( 'NONE', #2379, #2468 ) ;
#1360 = COLOUR_RGB ( '',0.2509803921568627400, 0.2509803921568627400, 0.2509803921568627400 ) ;
#1361 = CARTESIAN_POINT ( 'NONE',  ( 14.27125906389338000, -15.92449465477574600, 47.50000000000000000 ) ) ;
#1362 = CARTESIAN_POINT ( 'NONE',  ( 15.49999999999983700, 15.50000000000016000, 47.50000000000000000 ) ) ;
#1363 = DIRECTION ( 'NONE',  ( 0.0000000000000000000, 0.0000000000000000000, 1.000000000000000000 ) ) ;
#1364 = AXIS2_PLACEMENT_3D ( 'NONE', #8973, #4970, #4217 ) ;
#1365 = B_SPLINE_CURVE_WITH_KNOTS ( 'NONE', 3,
 ( #398, #9130, #1198, #4361 ),
 .UNSPECIFIED., .F., .F.,
 ( 4, 4 ),
 ( 0.0000000000000000000, 0.0002154103325671603600 ),
 .UNSPECIFIED. ) ;
#1366 = EDGE_CURVE ( 'NONE', #8751, #6333, #7122, .T. ) ;
#1367 = PRESENTATION_STYLE_ASSIGNMENT (( #9081 ) ) ;
#1368 = CARTESIAN_POINT ( 'NONE',  ( 21.15000000000000200, -17.15000000000001600, 0.5000000000000004400 ) ) ;
#1370 = CARTESIAN_POINT ( 'NONE',  ( 15.50000000000010500, -15.49999999999989200, 4.500000000000000900 ) ) ;
#1369 =( NAMED_UNIT ( * ) SI_UNIT ( $, .STERADIAN. ) SOLID_ANGLE_UNIT ( ) );
#1371 = CARTESIAN_POINT ( 'NONE',  ( 16.78307522795901400, -15.14729938218218100, 47.49983667794646900 ) ) ;
#1372 = TOROIDAL_SURFACE ( 'NONE', #7401, 3.500000000000638600, 0.5000000000000000000 ) ;
#1373 = FILL_AREA_STYLE_COLOUR ( '', #637 ) ;
#1374 = AXIS2_PLACEMENT_3D ( 'NONE', #2765, #6765, #8325 ) ;
#1375 = AXIS2_PLACEMENT_3D ( 'NONE', #7259, #4928, #6492 ) ;
#1376 = DIRECTION ( 'NONE',  ( 0.0000000000000000000, 0.0000000000000000000, 1.000000000000000000 ) ) ;
#1377 = VERTEX_POINT ( 'NONE', #8805 ) ;
#1378 = ORIENTED_EDGE ( 'NONE', *, *, #1870, .T. ) ;
#1379 = LINE ( 'NONE', #7987, #8839 ) ;
#1380 = COLOUR_RGB ( '',0.2509803921568627400, 0.2509803921568627400, 0.2509803921568627400 ) ;
#1381 = VECTOR ( 'NONE', #6578, 999.9999999999998900 ) ;
#1382 = DIRECTION ( 'NONE',  ( -2.073370231917079000E-014, -1.000000000000000000, 0.0000000000000000000 ) ) ;
#1383 = ADVANCED_FACE ( 'NONE', ( #7981 ), #5885, .T. ) ;
#1384 = CARTESIAN_POINT ( 'NONE',  ( 15.50000000000102000, -15.49999999999983700, 46.50000000000000000 ) ) ;
#1385 = ORIENTED_EDGE ( 'NONE', *, *, #6906, .T. ) ;
#1386 = STYLED_ITEM ( 'NONE', ( #3915 ), #3273 ) ;
#1387 = PRESENTATION_STYLE_ASSIGNMENT (( #8414 ) ) ;
#1388 = VERTEX_POINT ( 'NONE', #2411 ) ;
#1389 =( LENGTH_UNIT ( ) NAMED_UNIT ( * ) SI_UNIT ( .MILLI., .METRE. ) );
#1390 = DIRECTION ( 'NONE',  ( -1.000000000000000000, 0.0000000000000000000, 0.0000000000000000000 ) ) ;
#1391 = CARTESIAN_POINT ( 'NONE',  ( 11.99999999999983800, 15.50000000000016000, 48.00000000000000000 ) ) ;
#1392 = CARTESIAN_POINT ( 'NONE',  ( -16.74999999999999300, 15.50000000000000000, -2.266821225221747900E-017 ) ) ;
#1393 =( NAMED_UNIT ( * ) SI_UNIT ( $, .STERADIAN. ) SOLID_ANGLE_UNIT ( ) );
#1394 = ORIENTED_EDGE ( 'NONE', *, *, #2416, .F. ) ;
#1395 = EDGE_LOOP ( 'NONE', ( #2299, #1251, #1497, #9466 ) ) ;
#1397 = PLANE ( 'NONE',  #1991 ) ;
#1396 = DIRECTION ( 'NONE',  ( 1.000000000000000000, -8.173122824782933900E-015, 0.0000000000000000000 ) ) ;
#1398 = VECTOR ( 'NONE', #144, 1000.000000000000000 ) ;
#1399 = EDGE_LOOP ( 'NONE', ( #4297, #6193 ) ) ;
#1400 = AXIS2_PLACEMENT_3D ( 'NONE', #4089, #832, #9585 ) ;
#1401 = SURFACE_STYLE_USAGE ( .BOTH. , #622 ) ;
#1402 = CARTESIAN_POINT ( 'NONE',  ( 18.79644660940675700, 18.79644660940669000, 0.0000000000000000000 ) ) ;
#1403 = LINE ( 'NONE', #9877, #1150 ) ;
#1404 = EDGE_CURVE ( 'NONE', #5048, #6070, #4517, .T. ) ;
#1405 = UNCERTAINTY_MEASURE_WITH_UNIT (LENGTH_MEASURE( 1.000000000000000100E-005 ), #8092, 'distance_accuracy_value', 'NONE');
#1406 = ORIENTED_EDGE ( 'NONE', *, *, #7193, .T. ) ;
#1407 = ORIENTED_EDGE ( 'NONE', *, *, #9143, .F. ) ;
#1408 = AXIS2_PLACEMENT_3D ( 'NONE', #4588, #3883, #5429 ) ;
#1409 = ORIENTED_EDGE ( 'NONE', *, *, #272, .F. ) ;
#1410 =( LENGTH_UNIT ( ) NAMED_UNIT ( * ) SI_UNIT ( .MILLI., .METRE. ) );
#1411 = CARTESIAN_POINT ( 'NONE',  ( 2.603880904858910200, -19.15000000000000600, 43.56695646205938000 ) ) ;
#1412 =( LENGTH_UNIT ( ) NAMED_UNIT ( * ) SI_UNIT ( .MILLI., .METRE. ) );
#1413 = ORIENTED_EDGE ( 'NONE', *, *, #10223, .F. ) ;
#1414 = TOROIDAL_SURFACE ( 'NONE', #7352, 4.000000000000000000, 0.5000000000000000000 ) ;
#1415 = VERTEX_POINT ( 'NONE', #4096 ) ;
#1416 = AXIS2_PLACEMENT_3D ( 'NONE', #9179, #4473, #5203 ) ;
#1417 = CIRCLE ( 'NONE', #2270, 0.5000000000000004400 ) ;
#1418 = CARTESIAN_POINT ( 'NONE',  ( 21.15000000000011200, -16.94289321881346300, 8.000000000000000000 ) ) ;
#1419 = EDGE_CURVE ( 'NONE', #7783, #1117, #2163, .T. ) ;
#1420 = EDGE_CURVE ( 'NONE', #794, #7644, #360, .T. ) ;
#1421 = SURFACE_SIDE_STYLE ('',( #5714 ) ) ;
#1422 = VECTOR ( 'NONE', #7623, 1000.000000000000000 ) ;
#1423 = ORIENTED_EDGE ( 'NONE', *, *, #9874, .T. ) ;
#1424 = CARTESIAN_POINT ( 'NONE',  ( 21.15000000000000200, -16.94289321881343100, 47.50000000000000000 ) ) ;
#1425 = ORIENTED_EDGE ( 'NONE', *, *, #5600, .F. ) ;
#1426 = PRESENTATION_STYLE_ASSIGNMENT (( #1401 ) ) ;
#1427 = ORIENTED_EDGE ( 'NONE', *, *, #4157, .T. ) ;
#1428 = ORIENTED_EDGE ( 'NONE', *, *, #2883, .T. ) ;
#1429 = DIRECTION ( 'NONE',  ( 1.000000000000000000, 8.202002250481357500E-017, 0.0000000000000000000 ) ) ;
#1430 = CARTESIAN_POINT ( 'NONE',  ( -2.596119095141090400, -21.25000000000000700, 41.09104188536768700 ) ) ;
#1431 = CARTESIAN_POINT ( 'NONE',  ( -15.92449465477579000, -14.21692477204105200, 47.49867441544044100 ) ) ;
#1432 = FACE_OUTER_BOUND ( 'NONE', #6276, .T. ) ;
#1433 = CARTESIAN_POINT ( 'NONE',  ( -15.05359323060823600, 14.27904914257634200, 47.50000000000000000 ) ) ;
#1434 = EDGE_LOOP ( 'NONE', ( #1674, #3177, #627, #1023 ) ) ;
#1435 = AXIS2_PLACEMENT_3D ( 'NONE', #4766, #7183, #779 ) ;
#1436 = AXIS2_PLACEMENT_3D ( 'NONE', #3451, #4171, #6606 ) ;
#1437 = CARTESIAN_POINT ( 'NONE',  ( -15.49999999999994300, -15.50000000000005000, 4.500000000000000900 ) ) ;
#1438 = PLANE ( 'NONE',  #1891 ) ;
#1439 = EDGE_LOOP ( 'NONE', ( #10045, #9295, #8451, #5578 ) ) ;
#1440 = VERTEX_POINT ( 'NONE', #5004 ) ;
#1441 = LINE ( 'NONE', #7185, #7173 ) ;
#1442 =( LENGTH_UNIT ( ) NAMED_UNIT ( * ) SI_UNIT ( .MILLI., .METRE. ) );
#1443 = VECTOR ( 'NONE', #8365, 999.9999999999998900 ) ;
#1444 = PLANE ( 'NONE',  #7734 ) ;
#1445 = ORIENTED_EDGE ( 'NONE', *, *, #958, .F. ) ;
#1446 = DIRECTION ( 'NONE',  ( -0.7071067811865510100, -0.7071067811865441300, 0.0000000000000000000 ) ) ;
#1447 = ORIENTED_EDGE ( 'NONE', *, *, #4688, .F. ) ;
#1448 =( GEOMETRIC_REPRESENTATION_CONTEXT ( 3 ) GLOBAL_UNCERTAINTY_ASSIGNED_CONTEXT ( ( #3330 ) ) GLOBAL_UNIT_ASSIGNED_CONTEXT ( ( #2380, #6613, #6342 ) ) REPRESENTATION_CONTEXT ( 'NONE', 'WORKASPACE' ) );
#1449 = AXIS2_PLACEMENT_3D ( 'NONE', #6987, #9308, #9403 ) ;
#1450 = SURFACE_STYLE_FILL_AREA ( #10218 ) ;
#1451 = DIRECTION ( 'NONE',  ( -1.000000000000000000, 0.0000000000000000000, 0.0000000000000000000 ) ) ;
#1452 = ORIENTED_EDGE ( 'NONE', *, *, #8083, .F. ) ;
#1453 = CARTESIAN_POINT ( 'NONE',  ( 15.92449465477568900, 14.21692477204115900, 47.49867441544050500 ) ) ;
#1454 = DIRECTION ( 'NONE',  ( 1.000000000000000000, 0.0000000000000000000, 0.0000000000000000000 ) ) ;
#1455 = UNCERTAINTY_MEASURE_WITH_UNIT (LENGTH_MEASURE( 1.000000000000000100E-005 ), #2823, 'distance_accuracy_value', 'NONE');
#1456 = ORIENTED_EDGE ( 'NONE', *, *, #2006, .F. ) ;
#1457 = CARTESIAN_POINT ( 'NONE',  ( 13.19999999999983800, 15.50000000000016000, 46.50000000000000000 ) ) ;
#1458 = FACE_OUTER_BOUND ( 'NONE', #4249, .T. ) ;
#1459 = CYLINDRICAL_SURFACE ( 'NONE', #1768, 0.4999999999999982200 ) ;
#1460 = EDGE_CURVE ( 'NONE', #4424, #1309, #2403, .T. ) ;
#1461 = DIRECTION ( 'NONE',  ( -1.000000000000000000, 0.0000000000000000000, 0.0000000000000000000 ) ) ;
#1462 = STYLED_ITEM ( 'NONE', ( #3775 ), #3730 ) ;
#1463 = ORIENTED_EDGE ( 'NONE', *, *, #9893, .T. ) ;
#1464 = DIRECTION ( 'NONE',  ( -0.0000000000000000000, -0.0000000000000000000, -1.000000000000000000 ) ) ;
#1465 = EDGE_CURVE ( 'NONE', #223, #8518, #6022, .T. ) ;
#1466 = ORIENTED_EDGE ( 'NONE', *, *, #102, .T. ) ;
#1467 = DIRECTION ( 'NONE',  ( 0.7071067811865441300, 0.7071067811865510100, 0.0000000000000000000 ) ) ;
#1468 = AXIS2_PLACEMENT_3D ( 'NONE', #2199, #1382, #9304 ) ;
#1469 = EDGE_LOOP ( 'NONE', ( #1427, #9476, #2226, #5072, #7419 ) ) ;
#1470 = LINE ( 'NONE', #7133, #7583 ) ;
#1471 = CARTESIAN_POINT ( 'NONE',  ( -16.78307522795911300, 15.92449465477565200, 46.50000000000000000 ) ) ;
#1472 = FACE_OUTER_BOUND ( 'NONE', #2786, .T. ) ;
#1473 = CARTESIAN_POINT ( 'NONE',  ( -15.07550534522246000, -14.21692477204106100, 47.49867441544044100 ) ) ;
#1474 = DIRECTION ( 'NONE',  ( 1.000000000000000000, 0.0000000000000000000, 0.0000000000000000000 ) ) ;
#1475 = CARTESIAN_POINT ( 'NONE',  ( -16.94289321881343500, -20.65000000000000600, 47.50000000000000000 ) ) ;
#1476 = DIRECTION ( 'NONE',  ( 0.0000000000000000000, 0.0000000000000000000, 1.000000000000000000 ) ) ;
#1477 = VERTEX_POINT ( 'NONE', #7478 ) ;
#1478 = STYLED_ITEM ( 'NONE', ( #1996 ), #4764 ) ;
#1479 = LINE ( 'NONE', #3986, #2610 ) ;
#1480 = EDGE_CURVE ( 'NONE', #190, #2066, #3759, .T. ) ;
#1481 = EDGE_CURVE ( 'NONE', #3547, #5039, #3890, .T. ) ;
#1482 = MECHANICAL_DESIGN_GEOMETRIC_PRESENTATION_REPRESENTATION (  '', ( #7561 ), #4863 ) ;
#1483 = CARTESIAN_POINT ( 'NONE',  ( -15.07550534522247300, -16.78307522795895700, 47.49867441544054700 ) ) ;
#1484 = ADVANCED_FACE ( 'NONE', ( #1147 ), #6631, .T. ) ;
#1486 = CIRCLE ( 'NONE', #8969, 0.5787973969144516500 ) ;
#1485 = DIRECTION ( 'NONE',  ( -0.7071067811865487900, -0.7071067811865463500, 0.0000000000000000000 ) ) ;
#1487 =( LENGTH_UNIT ( ) NAMED_UNIT ( * ) SI_UNIT ( .MILLI., .METRE. ) );
#1488 = PLANE ( 'NONE',  #6983 ) ;
#1489 =( GEOMETRIC_REPRESENTATION_CONTEXT ( 3 ) GLOBAL_UNCERTAINTY_ASSIGNED_CONTEXT ( ( #4776 ) ) GLOBAL_UNIT_ASSIGNED_CONTEXT ( ( #2002, #2807, #1237 ) ) REPRESENTATION_CONTEXT ( 'NONE', 'WORKASPACE' ) );
#1490 = CARTESIAN_POINT ( 'NONE',  ( 15.07550534522235900, 14.21692477204116200, 47.49867441544047600 ) ) ;
#1491 = ORIENTED_EDGE ( 'NONE', *, *, #10012, .F. ) ;
#1492 = AXIS2_PLACEMENT_3D ( 'NONE', #8807, #3122, #3996 ) ;
#1493 = PRODUCT ( '17HS19-2004S1', '17HS19-2004S1', '', ( #6634 ) ) ;
#1494 = EDGE_CURVE ( 'NONE', #2453, #10112, #10253, .T. ) ;
#1495 = FILL_AREA_STYLE_COLOUR ( '', #7322 ) ;
#1496 = CARTESIAN_POINT ( 'NONE',  ( 0.5291577996037870600, 2.000000000000000000, -23.93517130343111900 ) ) ;
#1497 = ORIENTED_EDGE ( 'NONE', *, *, #4996, .T. ) ;
#1498 =( NAMED_UNIT ( * ) SI_UNIT ( $, .STERADIAN. ) SOLID_ANGLE_UNIT ( ) );
#1499 = ADVANCED_FACE ( 'NONE', ( #3271 ), #179, .T. ) ;
#1500 = SURFACE_SIDE_STYLE ('',( #6608 ) ) ;
#1501 = VECTOR ( 'NONE', #5092, 1000.000000000000000 ) ;
#1503 = CARTESIAN_POINT ( 'NONE',  ( -21.00355339059326800, 17.29644660940672200, 8.000000000000000000 ) ) ;
#1502 = CARTESIAN_POINT ( 'NONE',  ( -1.500000000000000200, 2.000000000000000000, -23.50000000000000700 ) ) ;
#1504 = DIRECTION ( 'NONE',  ( 1.000000000000000000, 0.0000000000000000000, 0.0000000000000000000 ) ) ;
#1505 = DIRECTION ( 'NONE',  ( -0.7071067811865474600, -0.7071067811865474600, 0.0000000000000000000 ) ) ;
#1506 = ORIENTED_EDGE ( 'NONE', *, *, #1016, .F. ) ;
#1507 = EDGE_LOOP ( 'NONE', ( #3190, #6323, #4838, #48 ) ) ;
#1508 = COLOUR_RGB ( '',0.2509803921568627400, 0.2509803921568627400, 0.2509803921568627400 ) ;
#1509 = SURFACE_STYLE_USAGE ( .BOTH. , #5481 ) ;
#1510 = MECHANICAL_DESIGN_GEOMETRIC_PRESENTATION_REPRESENTATION (  '', ( #1321 ), #1839 ) ;
#1511 = STYLED_ITEM ( 'NONE', ( #8945 ), #7445 ) ;
#1512 = FILL_AREA_STYLE_COLOUR ( '', #5817 ) ;
#1513 = CARTESIAN_POINT ( 'NONE',  ( 2.500000000000000000, 0.0000000000000000000, -23.50000000000000700 ) ) ;
#1514 = FACE_OUTER_BOUND ( 'NONE', #3208, .T. ) ;
#1515 = SURFACE_STYLE_FILL_AREA ( #6884 ) ;
#1516 = VERTEX_POINT ( 'NONE', #3488 ) ;
#1517 = SPHERICAL_SURFACE ( 'NONE', #7676, 0.5000000000000000000 ) ;
#1518 = VECTOR ( 'NONE', #9829, 1000.000000000000000 ) ;
#1519 = VECTOR ( 'NONE', #6526, 1000.000000000000000 ) ;
#1520 = CARTESIAN_POINT ( 'NONE',  ( 15.94640676939198800, -15.92449465477575500, 46.50000000000000000 ) ) ;
#1521 = CARTESIAN_POINT ( 'NONE',  ( 17.29644660940669400, 21.00355339059327500, 38.00000000000000000 ) ) ;
#1522 = SURFACE_STYLE_USAGE ( .BOTH. , #6262 ) ;
#1523 = MECHANICAL_DESIGN_GEOMETRIC_PRESENTATION_REPRESENTATION (  '', ( #2944 ), #8666 ) ;
#1524 = ORIENTED_EDGE ( 'NONE', *, *, #9547, .F. ) ;
#1525 = EDGE_CURVE ( 'NONE', #4879, #4810, #3149, .T. ) ;
#1526 = VERTEX_POINT ( 'NONE', #1757 ) ;
#1527 = ORIENTED_EDGE ( 'NONE', *, *, #6416, .T. ) ;
#1528 = DIRECTION ( 'NONE',  ( 1.000000000000000000, 0.0000000000000000000, 0.0000000000000000000 ) ) ;
#1529 = EDGE_CURVE ( 'NONE', #1117, #3248, #2174, .T. ) ;
#1530 = STYLED_ITEM ( 'NONE', ( #8795 ), #8306 ) ;
#1531 = CARTESIAN_POINT ( 'NONE',  ( -14.24999999999999600, 15.50000000000000000, 4.500000000000000900 ) ) ;
#1532 = FACE_BOUND ( 'NONE', #4015, .T. ) ;
#1533 = DIRECTION ( 'NONE',  ( 1.000000000000000000, 0.0000000000000000000, 0.0000000000000000000 ) ) ;
#1534 = CARTESIAN_POINT ( 'NONE',  ( 0.0000000000000000000, 0.0000000000000000000, 45.00000000000000000 ) ) ;
#1535 = UNCERTAINTY_MEASURE_WITH_UNIT (LENGTH_MEASURE( 1.000000000000000100E-005 ), #1782, 'distance_accuracy_value', 'NONE');
#1536 = DIRECTION ( 'NONE',  ( 0.0000000000000000000, 0.0000000000000000000, -1.000000000000000000 ) ) ;
#1537 = ORIENTED_EDGE ( 'NONE', *, *, #700, .T. ) ;
#1538 = ORIENTED_EDGE ( 'NONE', *, *, #8083, .T. ) ;
#1539 = ORIENTED_EDGE ( 'NONE', *, *, #1607, .T. ) ;
#1540 = CIRCLE ( 'NONE', #2884, 25.00000000000000000 ) ;
#1541 = AXIS2_PLACEMENT_3D ( 'NONE', #4507, #554, #2218 ) ;
#1543 = VECTOR ( 'NONE', #4802, 1000.000000000000000 ) ;
#1542 = DIRECTION ( 'NONE',  ( -0.0000000000000000000, -0.0000000000000000000, 1.000000000000000000 ) ) ;
#1544 =( LENGTH_UNIT ( ) NAMED_UNIT ( * ) SI_UNIT ( .MILLI., .METRE. ) );
#1545 = EDGE_CURVE ( 'NONE', #668, #454, #8106, .T. ) ;
#1546 = EDGE_CURVE ( 'NONE', #3502, #4325, #9502, .T. ) ;
#1547 = VECTOR ( 'NONE', #1505, 1000.000000000000100 ) ;
#1548 = AXIS2_PLACEMENT_3D ( 'NONE', #1837, #3455, #9009 ) ;
#1549 = DIRECTION ( 'NONE',  ( 0.0000000000000000000, 0.0000000000000000000, -1.000000000000000000 ) ) ;
#1550 = ORIENTED_EDGE ( 'NONE', *, *, #8358, .T. ) ;
#1551 = VECTOR ( 'NONE', #3010, 1000.000000000000000 ) ;
#1552 = ORIENTED_EDGE ( 'NONE', *, *, #7557, .T. ) ;
#1553 = ORIENTED_EDGE ( 'NONE', *, *, #9834, .F. ) ;
#1554 = COLOUR_RGB ( '',0.2509803921568627400, 0.2509803921568627400, 0.2509803921568627400 ) ;
#1555 = ADVANCED_FACE ( 'NONE', ( #2268 ), #9899, .F. ) ;
#1556 = CYLINDRICAL_SURFACE ( 'NONE', #1651, 0.4999999999999995600 ) ;
#1557 = ORIENTED_EDGE ( 'NONE', *, *, #273, .F. ) ;
#1558 = EDGE_LOOP ( 'NONE', ( #9030, #9752, #5581, #5184, #4614 ) ) ;
#1559 = EDGE_CURVE ( 'NONE', #2797, #6138, #4628, .T. ) ;
#1560 = FACE_OUTER_BOUND ( 'NONE', #2209, .T. ) ;
#1561 = EDGE_CURVE ( 'NONE', #3914, #776, #8734, .T. ) ;
#1562 =( LENGTH_UNIT ( ) NAMED_UNIT ( * ) SI_UNIT ( .MILLI., .METRE. ) );
#1563 = ORIENTED_EDGE ( 'NONE', *, *, #6686, .T. ) ;
#1564 = EDGE_LOOP ( 'NONE', ( #5457, #4901, #1177, #20 ) ) ;
#1565 = CARTESIAN_POINT ( 'NONE',  ( 16.80000000000102000, -15.49999999999983700, 46.50000000000000000 ) ) ;
#1566 = FACE_OUTER_BOUND ( 'NONE', #6211, .T. ) ;
#1567 = EDGE_LOOP ( 'NONE', ( #2399, #2664, #9531, #455 ) ) ;
#1568 = FILL_AREA_STYLE ('',( #1495 ) ) ;
#1569 = FACE_OUTER_BOUND ( 'NONE', #1060, .T. ) ;
#1570 = CARTESIAN_POINT ( 'NONE',  ( -15.49999999999897900, -15.50000000000102100, 47.50000000000000000 ) ) ;
#1571 = VERTEX_POINT ( 'NONE', #4356 ) ;
#1572 = SURFACE_SIDE_STYLE ('',( #3249 ) ) ;
#1573 = CIRCLE ( 'NONE', #4431, 2.299999999999999800 ) ;
#1575 = CARTESIAN_POINT ( 'NONE',  ( -16.94289321881343500, 20.64999999999999900, 47.50000000000000000 ) ) ;
#1574 = DIRECTION ( 'NONE',  ( 0.0000000000000000000, 0.0000000000000000000, -1.000000000000000000 ) ) ;
#1576 = STYLED_ITEM ( 'NONE', ( #9002 ), #1284 ) ;
#1577 =( GEOMETRIC_REPRESENTATION_CONTEXT ( 3 ) GLOBAL_UNCERTAINTY_ASSIGNED_CONTEXT ( ( #7725 ) ) GLOBAL_UNIT_ASSIGNED_CONTEXT ( ( #9381, #4597, #5399 ) ) REPRESENTATION_CONTEXT ( 'NONE', 'WORKASPACE' ) );
#1578 = CIRCLE ( 'NONE', #2402, 0.5000000000000004400 ) ;
#1579 = EDGE_LOOP ( 'NONE', ( #5310, #4294, #9099, #3101 ) ) ;
#1580 = DIRECTION ( 'NONE',  ( 1.000000000000000000, 0.0000000000000000000, 0.0000000000000000000 ) ) ;
#1581 = ORIENTED_EDGE ( 'NONE', *, *, #1465, .T. ) ;
#1582 = DIRECTION ( 'NONE',  ( 1.000000000000000000, -0.0000000000000000000, -2.775557561562888500E-014 ) ) ;
#1583 = CARTESIAN_POINT ( 'NONE',  ( 1.379851512413568000, -19.15000000000000600, 43.53044834604566700 ) ) ;
#1584 = UNCERTAINTY_MEASURE_WITH_UNIT (LENGTH_MEASURE( 1.000000000000000100E-005 ), #3040, 'distance_accuracy_value', 'NONE');
#1585 = CARTESIAN_POINT ( 'NONE',  ( 17.14999999999998400, -21.15000000000000200, 38.00000000000000000 ) ) ;
#1586 = TOROIDAL_SURFACE ( 'NONE', #6067, 1.299999999999999600, 1.000000000000000000 ) ;
#1587 = ORIENTED_EDGE ( 'NONE', *, *, #8613, .F. ) ;
#1588 = AXIS2_PLACEMENT_3D ( 'NONE', #837, #3148, #4179 ) ;
#1589 = ORIENTED_EDGE ( 'NONE', *, *, #565, .T. ) ;
#1590 = ORIENTED_EDGE ( 'NONE', *, *, #5811, .F. ) ;
#1591 = ADVANCED_FACE ( 'NONE', ( #2512 ), #6797, .T. ) ;
#1592 = DIRECTION ( 'NONE',  ( 0.0000000000000000000, 0.0000000000000000000, 1.000000000000000000 ) ) ;
#1593 = ORIENTED_EDGE ( 'NONE', *, *, #6961, .F. ) ;
#1594 = DIRECTION ( 'NONE',  ( 0.0000000000000000000, 0.0000000000000000000, 1.000000000000000000 ) ) ;
#1595 = ORIENTED_EDGE ( 'NONE', *, *, #4986, .T. ) ;
#1596 = SURFACE_STYLE_FILL_AREA ( #10053 ) ;
#1597 = CARTESIAN_POINT ( 'NONE',  ( -15.94640676939209500, 16.84930666606597800, 47.50000000000000000 ) ) ;
#1598 = CARTESIAN_POINT ( 'NONE',  ( 0.0000000000000000000, 0.0000000000000000000, 48.00000000000000000 ) ) ;
#1599 = AXIS2_PLACEMENT_3D ( 'NONE', #4058, #5674, #8797 ) ;
#1600 = DIRECTION ( 'NONE',  ( 8.202002250481356300E-017, -1.000000000000000000, 0.0000000000000000000 ) ) ;
#1601 = ADVANCED_FACE ( 'NONE', ( #3877 ), #4254, .T. ) ;
#1602 = FILL_AREA_STYLE_COLOUR ( '', #9362 ) ;
#1603 = EDGE_CURVE ( 'NONE', #10230, #8555, #3393, .T. ) ;
#1605 = FILL_AREA_STYLE_COLOUR ( '', #10109 ) ;
#1604 = SURFACE_STYLE_USAGE ( .BOTH. , #8639 ) ;
#1606 = MECHANICAL_DESIGN_GEOMETRIC_PRESENTATION_REPRESENTATION (  '', ( #7682 ), #3931 ) ;
#1607 = EDGE_CURVE ( 'NONE', #7045, #7288, #1749, .T. ) ;
#1608 = CARTESIAN_POINT ( 'NONE',  ( -21.15999999999998900, 13.31369220013744600, -53.84951795962939500 ) ) ;
#1609 = FACE_OUTER_BOUND ( 'NONE', #10267, .T. ) ;
#1610 = CARTESIAN_POINT ( 'NONE',  ( 17.29644660940672200, -21.00355339059327900, 0.5000000000000000000 ) ) ;
#1611 = AXIS2_PLACEMENT_3D ( 'NONE', #6811, #2042, #4442 ) ;
#1612 = EDGE_CURVE ( 'NONE', #2453, #9053, #9124, .T. ) ;
#1613 = EDGE_CURVE ( 'NONE', #4177, #4172, #4995, .T. ) ;
#1614 = CARTESIAN_POINT ( 'NONE',  ( 0.0000000000000000000, 0.0000000000000000000, 45.00000000000000000 ) ) ;
#1615 = CARTESIAN_POINT ( 'NONE',  ( 16.00000000000000000, 1.959434878635765100E-015, 0.0000000000000000000 ) ) ;
#1616 = ORIENTED_EDGE ( 'NONE', *, *, #8544, .F. ) ;
#1617 = SURFACE_STYLE_FILL_AREA ( #4824 ) ;
#1618 = CARTESIAN_POINT ( 'NONE',  ( 14.20000000000102100, -15.49999999999983700, 47.50000000000000000 ) ) ;
#1619 = FACE_OUTER_BOUND ( 'NONE', #1345, .T. ) ;
#1620 = PRESENTATION_LAYER_ASSIGNMENT (  '', '', ( #5370 ) ) ;
#1621 = B_SPLINE_CURVE_WITH_KNOTS ( 'NONE', 3,
 ( #1453, #6204, #3069, #8624 ),
 .UNSPECIFIED., .F., .F.,
 ( 4, 4 ),
 ( 0.0000000000000000000, 5.435045947746078500E-005 ),
 .UNSPECIFIED. ) ;
#1622 = CARTESIAN_POINT ( 'NONE',  ( 15.05359323060812200, -16.84930666606608400, 47.49262389544731600 ) ) ;
#1623 = SURFACE_STYLE_USAGE ( .BOTH. , #8062 ) ;
#1624 = CARTESIAN_POINT ( 'NONE',  ( 21.16000000000000000, 13.31369220013742300, 40.00000000000000000 ) ) ;
#1625 = DIRECTION ( 'NONE',  ( 0.7071067811865475700, 0.7071067811865475700, 0.0000000000000000000 ) ) ;
#1626 = EDGE_LOOP ( 'NONE', ( #3186, #8055, #9370, #3885 ) ) ;
#1627 = LINE ( 'NONE', #8889, #5870 ) ;
#1628 = EDGE_LOOP ( 'NONE', ( #1316, #3218, #206, #5894, #1143, #4540, #4969, #6286 ) ) ;
#1629 = CARTESIAN_POINT ( 'NONE',  ( -15.94640676939209500, 15.07550534522231100, 46.50000000000000000 ) ) ;
#1630 = CARTESIAN_POINT ( 'NONE',  ( -15.05359323060823600, 16.84930666606597800, 46.50000000000000000 ) ) ;
#1631 = ORIENTED_EDGE ( 'NONE', *, *, #6887, .F. ) ;
#1632 = VERTEX_POINT ( 'NONE', #9236 ) ;
#1633 = AXIS2_PLACEMENT_3D ( 'NONE', #9098, #8330, #9137 ) ;
#1634 =( NAMED_UNIT ( * ) SI_UNIT ( $, .STERADIAN. ) SOLID_ANGLE_UNIT ( ) );
#1635 = VECTOR ( 'NONE', #2504, 1000.000000000000000 ) ;
#1636 = FACE_OUTER_BOUND ( 'NONE', #8318, .T. ) ;
#1637 = ADVANCED_FACE ( 'NONE', ( #3994 ), #390, .T. ) ;
#1638 = VERTEX_POINT ( 'NONE', #10097 ) ;
#1639 = ORIENTED_EDGE ( 'NONE', *, *, #3169, .F. ) ;
#1640 = ORIENTED_EDGE ( 'NONE', *, *, #1494, .F. ) ;
#1641 =( NAMED_UNIT ( * ) PLANE_ANGLE_UNIT ( ) SI_UNIT ( $, .RADIAN. ) );
#1642 = EDGE_CURVE ( 'NONE', #5917, #6595, #7111, .T. ) ;
#1643 = DIRECTION ( 'NONE',  ( 0.0000000000000000000, 0.0000000000000000000, 1.000000000000000000 ) ) ;
#1644 = DIRECTION ( 'NONE',  ( -1.000000000000000000, 0.0000000000000000000, 0.0000000000000000000 ) ) ;
#1645 = AXIS2_PLACEMENT_3D ( 'NONE', #3050, #2214, #649 ) ;
#1646 = FACE_OUTER_BOUND ( 'NONE', #809, .T. ) ;
#1647 = FACE_OUTER_BOUND ( 'NONE', #4202, .T. ) ;
#1648 = PLANE ( 'NONE',  #2078 ) ;
#1649 = EDGE_CURVE ( 'NONE', #9159, #3687, #4508, .T. ) ;
#1650 = ORIENTED_EDGE ( 'NONE', *, *, #3473, .T. ) ;
#1651 = AXIS2_PLACEMENT_3D ( 'NONE', #4998, #4240, #6604 ) ;
#1652 = LINE ( 'NONE', #6583, #4648 ) ;
#1653 = SURFACE_STYLE_USAGE ( .BOTH. , #2440 ) ;
#1654 = DIRECTION ( 'NONE',  ( 0.7071067811865475700, -0.7071067811865475700, 0.0000000000000000000 ) ) ;
#1655 = FILL_AREA_STYLE_COLOUR ( '', #5240 ) ;
#1656 = ORIENTED_EDGE ( 'NONE', *, *, #8685, .T. ) ;
#1657 = EDGE_LOOP ( 'NONE', ( #1901, #1940, #8913, #6929 ) ) ;
#1658 = AXIS2_PLACEMENT_3D ( 'NONE', #1313, #6855, #520 ) ;
#1659 = FACE_OUTER_BOUND ( 'NONE', #5837, .T. ) ;
#1660 = EDGE_LOOP ( 'NONE', ( #75, #7518, #9865 ) ) ;
#1661 = CARTESIAN_POINT ( 'NONE',  ( -3.599999999999998300, -19.15000000000000600, 44.50000000000000000 ) ) ;
#1662 = ORIENTED_EDGE ( 'NONE', *, *, #3500, .T. ) ;
#1663 = ORIENTED_EDGE ( 'NONE', *, *, #4489, .T. ) ;
#1664 = EDGE_CURVE ( 'NONE', #4525, #1632, #4121, .T. ) ;
#1665 = EDGE_CURVE ( 'NONE', #4608, #7108, #663, .T. ) ;
#1666 = PRODUCT_DEFINITION_FORMATION_WITH_SPECIFIED_SOURCE ( 'ÈÎºÎ', '', #1493, .NOT_KNOWN. ) ;
#1667 = PRESENTATION_STYLE_ASSIGNMENT (( #10173 ) ) ;
#1668 = DIRECTION ( 'NONE',  ( -1.000000000000000000, 0.0000000000000000000, -0.0000000000000000000 ) ) ;
#1669 = SURFACE_STYLE_USAGE ( .BOTH. , #5655 ) ;
#1670 = VERTEX_POINT ( 'NONE', #2971 ) ;
#1671 = CARTESIAN_POINT ( 'NONE',  ( -15.85270061781638500, -16.78307522795895000, 47.49983667794646900 ) ) ;
#1673 = FILL_AREA_STYLE_COLOUR ( '', #8596 ) ;
#1672 = CARTESIAN_POINT ( 'NONE',  ( -15.49999999999897900, -15.50000000000102100, 47.50000000000000000 ) ) ;
#1674 = ORIENTED_EDGE ( 'NONE', *, *, #644, .F. ) ;
#1675 = ORIENTED_EDGE ( 'NONE', *, *, #684, .F. ) ;
#1676 = VECTOR ( 'NONE', #6349, 1000.000000000000000 ) ;
#1677 = MECHANICAL_DESIGN_GEOMETRIC_PRESENTATION_REPRESENTATION (  '', ( #6480 ), #9371 ) ;
#1678 =( LENGTH_UNIT ( ) NAMED_UNIT ( * ) SI_UNIT ( .MILLI., .METRE. ) );
#1679 = ORIENTED_EDGE ( 'NONE', *, *, #9893, .F. ) ;
#1680 = AXIS2_PLACEMENT_3D ( 'NONE', #3460, #1080, #1877 ) ;
#1681 = EDGE_CURVE ( 'NONE', #7644, #4919, #6127, .T. ) ;
#1682 = DIRECTION ( 'NONE',  ( 1.000000000000000000, 0.0000000000000000000, -0.0000000000000000000 ) ) ;
#1683 = DIRECTION ( 'NONE',  ( -1.000000000000000000, 0.0000000000000000000, 0.0000000000000000000 ) ) ;
#1684 = ORIENTED_EDGE ( 'NONE', *, *, #10032, .T. ) ;
#1685 = PRESENTATION_STYLE_ASSIGNMENT (( #7349 ) ) ;
#1686 = FACE_OUTER_BOUND ( 'NONE', #6756, .T. ) ;
#1687 = CARTESIAN_POINT ( 'NONE',  ( 15.79760451292800600, -16.84930666606609200, 47.49833231681235900 ) ) ;
#1688 =( LENGTH_UNIT ( ) NAMED_UNIT ( * ) SI_UNIT ( .MILLI., .METRE. ) );
#1689 = CARTESIAN_POINT ( 'NONE',  ( -13.19999999999897800, -15.50000000000102100, 46.50000000000000000 ) ) ;
#1690 = ADVANCED_FACE ( 'NONE', ( #887 ), #2902, .F. ) ;
#1691 = SURFACE_STYLE_USAGE ( .BOTH. , #8867 ) ;
#1692 = ORIENTED_EDGE ( 'NONE', *, *, #4564, .T. ) ;
#1693 = DIRECTION ( 'NONE',  ( -0.0000000000000000000, -0.0000000000000000000, -1.000000000000000000 ) ) ;
#1694 = DIRECTION ( 'NONE',  ( -0.8571673007021120000, 0.0000000000000000000, -0.5150380749100547100 ) ) ;
#1695 = STYLED_ITEM ( 'NONE', ( #3651 ), #1499 ) ;
#1696 = PRESENTATION_LAYER_ASSIGNMENT (  '', '', ( #7776 ) ) ;
#1697 = LINE ( 'NONE', #7477, #10076 ) ;
#1698 = PRESENTATION_STYLE_ASSIGNMENT (( #4338 ) ) ;
#1699 = CARTESIAN_POINT ( 'NONE',  ( 0.0000000000000000000, 0.0000000000000000000, 40.00000000000000000 ) ) ;
#1700 = ORIENTED_EDGE ( 'NONE', *, *, #1354, .T. ) ;
#1701 = DIRECTION ( 'NONE',  ( 0.0000000000000000000, 0.0000000000000000000, -1.000000000000000000 ) ) ;
#1702 = CARTESIAN_POINT ( 'NONE',  ( 15.50000000000102000, -15.49999999999983700, 48.00000000000000000 ) ) ;
#1703 = ORIENTED_EDGE ( 'NONE', *, *, #3301, .F. ) ;
#1704 = CARTESIAN_POINT ( 'NONE',  ( -15.50000000000000000, 0.0000000000000000000, 0.5000000000000000000 ) ) ;
#1705 = ORIENTED_EDGE ( 'NONE', *, *, #8130, .T. ) ;
#1706 = DIRECTION ( 'NONE',  ( -1.000000000000000000, 0.0000000000000000000, 0.0000000000000000000 ) ) ;
#1707 = AXIS2_PLACEMENT_3D ( 'NONE', #5032, #307, #4163 ) ;
#1708 = FILL_AREA_STYLE_COLOUR ( '', #2557 ) ;
#1709 = ORIENTED_EDGE ( 'NONE', *, *, #3608, .T. ) ;
#1710 =( GEOMETRIC_REPRESENTATION_CONTEXT ( 3 ) GLOBAL_UNCERTAINTY_ASSIGNED_CONTEXT ( ( #8618 ) ) GLOBAL_UNIT_ASSIGNED_CONTEXT ( ( #9020, #7524, #328 ) ) REPRESENTATION_CONTEXT ( 'NONE', 'WORKASPACE' ) );
#1712 = LINE ( 'NONE', #6269, #9964 ) ;
#1711 = CARTESIAN_POINT ( 'NONE',  ( 3.503880904858911000, -21.25000000000000700, 0.0000000000000000000 ) ) ;
#1713 = CARTESIAN_POINT ( 'NONE',  ( 2.603880904858909800, -19.15000000000000600, 41.09104188536768000 ) ) ;
#1714 = FILL_AREA_STYLE ('',( #7896 ) ) ;
#1715 = PRESENTATION_LAYER_ASSIGNMENT (  '', '', ( #2471 ) ) ;
#1716 = CARTESIAN_POINT ( 'NONE',  ( 15.50000000000102000, -15.49999999999983700, 46.00000000000000000 ) ) ;
#1717 = VECTOR ( 'NONE', #3576, 1000.000000000000000 ) ;
#1718 = DIRECTION ( 'NONE',  ( 0.0000000000000000000, 0.0000000000000000000, 1.000000000000000000 ) ) ;
#1719 = EDGE_CURVE ( 'NONE', #6028, #2071, #5627, .T. ) ;
#1720 = EDGE_CURVE ( 'NONE', #1798, #88, #1003, .T. ) ;
#1721 = CARTESIAN_POINT ( 'NONE',  ( 15.05359323060812200, -16.84930666606608400, 47.50000000000000000 ) ) ;
#1722 = CARTESIAN_POINT ( 'NONE',  ( 18.49999999999983700, 15.50000000000016000, 46.00000000000000000 ) ) ;
#1723 =( GEOMETRIC_REPRESENTATION_CONTEXT ( 3 ) GLOBAL_UNCERTAINTY_ASSIGNED_CONTEXT ( ( #469 ) ) GLOBAL_UNIT_ASSIGNED_CONTEXT ( ( #9085, #4317, #1106 ) ) REPRESENTATION_CONTEXT ( 'NONE', 'WORKASPACE' ) );
#1724 = ORIENTED_EDGE ( 'NONE', *, *, #5598, .T. ) ;
#1725 = CARTESIAN_POINT ( 'NONE',  ( -1.640400450096271500E-016, -19.15000000000000600, 0.0000000000000000000 ) ) ;
#1726 = ORIENTED_EDGE ( 'NONE', *, *, #3500, .F. ) ;
#1727 = CARTESIAN_POINT ( 'NONE',  ( 17.29644660940671100, -21.00355339059327500, 38.00000000000000000 ) ) ;
#1728 = DIRECTION ( 'NONE',  ( 1.000000000000000000, 0.0000000000000000000, 0.0000000000000000000 ) ) ;
#1729 =( GEOMETRIC_REPRESENTATION_CONTEXT ( 3 ) GLOBAL_UNCERTAINTY_ASSIGNED_CONTEXT ( ( #7451 ) ) GLOBAL_UNIT_ASSIGNED_CONTEXT ( ( #2604, #6670, #3401 ) ) REPRESENTATION_CONTEXT ( 'NONE', 'WORKASPACE' ) );
#1731 = CARTESIAN_POINT ( 'NONE',  ( -18.79644660940671100, -18.79644660940671100, -0.0000000000000000000 ) ) ;
#1730 = CARTESIAN_POINT ( 'NONE',  ( -15.92449465477579000, -14.21692477204105200, 46.50000000000000000 ) ) ;
#1732 = EDGE_CURVE ( 'NONE', #2063, #4548, #2505, .T. ) ;
#1733 = EDGE_CURVE ( 'NONE', #3934, #3167, #9993, .T. ) ;
#1734 = ADVANCED_FACE ( 'NONE', ( #7851 ), #760, .F. ) ;
#1735 = ORIENTED_EDGE ( 'NONE', *, *, #3486, .F. ) ;
#1736 =( NAMED_UNIT ( * ) SI_UNIT ( $, .STERADIAN. ) SOLID_ANGLE_UNIT ( ) );
#1737 = EDGE_LOOP ( 'NONE', ( #227, #1153, #5263, #3811 ) ) ;
#1738 = LINE ( 'NONE', #8595, #526 ) ;
#1739 = FILL_AREA_STYLE ('',( #9600 ) ) ;
#1740 =( NAMED_UNIT ( * ) SI_UNIT ( $, .STERADIAN. ) SOLID_ANGLE_UNIT ( ) );
#1741 = CIRCLE ( 'NONE', #8760, 2.299999999999999800 ) ;
#1742 = CARTESIAN_POINT ( 'NONE',  ( -2.500000000000000000, 3.061616997868383100E-016, 45.00000000000000000 ) ) ;
#1743 = VERTEX_POINT ( 'NONE', #7920 ) ;
#1744 = LINE ( 'NONE', #4984, #8728 ) ;
#1745 = CARTESIAN_POINT ( 'NONE',  ( -21.14999999999999500, -21.15000000000000600, 8.000000000000000000 ) ) ;
#1746 = MECHANICAL_DESIGN_GEOMETRIC_PRESENTATION_REPRESENTATION (  '', ( #6371 ), #9783 ) ;
#1747 = B_SPLINE_CURVE_WITH_KNOTS ( 'NONE', 3,
 ( #10124, #5329, #6123, #1361 ),
 .UNSPECIFIED., .F., .F.,
 ( 4, 4 ),
 ( 0.0000000000000000000, 5.435045947838978400E-005 ),
 .UNSPECIFIED. ) ;
#1748 = STYLED_ITEM ( 'NONE', ( #10 ), #6904 ) ;
#1749 = LINE ( 'NONE', #1289, #7357 ) ;
#1750 = DIRECTION ( 'NONE',  ( -0.7071067811865510100, -0.7071067811865441300, 0.0000000000000000000 ) ) ;
#1751 = VECTOR ( 'NONE', #8893, 1000.000000000000000 ) ;
#1752 = CARTESIAN_POINT ( 'NONE',  ( 2.603880904858909800, -21.25000000000000700, 41.09104188536768000 ) ) ;
#1753 = CARTESIAN_POINT ( 'NONE',  ( -15.50000000000016500, 15.49999999999897500, 46.00000000000000000 ) ) ;
#1754 = DIRECTION ( 'NONE',  ( 1.000000000000000000, 0.0000000000000000000, 0.0000000000000000000 ) ) ;
#1755 = VERTEX_POINT ( 'NONE', #3206 ) ;
#1756 = VERTEX_POINT ( 'NONE', #6297 ) ;
#1757 = CARTESIAN_POINT ( 'NONE',  ( 15.07550534522235500, 16.78307522795906000, 47.49867441544048300 ) ) ;
#1758 = ORIENTED_EDGE ( 'NONE', *, *, #2225, .T. ) ;
#1759 = PRESENTATION_STYLE_ASSIGNMENT (( #7126 ) ) ;
#1760 = VECTOR ( 'NONE', #5775, 1000.000000000000000 ) ;
#1761 = DIRECTION ( 'NONE',  ( -0.0000000000000000000, -0.0000000000000000000, 1.000000000000000000 ) ) ;
#1762 = DIRECTION ( 'NONE',  ( -0.0000000000000000000, -0.0000000000000000000, 1.000000000000000000 ) ) ;
#1763 = PRESENTATION_STYLE_ASSIGNMENT (( #4025 ) ) ;
#1764 = FACE_OUTER_BOUND ( 'NONE', #8653, .T. ) ;
#1765 = FILL_AREA_STYLE_COLOUR ( '', #7254 ) ;
#1766 = DIRECTION ( 'NONE',  ( 0.0000000000000000000, 0.0000000000000000000, 1.000000000000000000 ) ) ;
#1767 = AXIS2_PLACEMENT_3D ( 'NONE', #3856, #7071, #5402 ) ;
#1768 = AXIS2_PLACEMENT_3D ( 'NONE', #3340, #9739, #1061 ) ;
#1769 = DIRECTION ( 'NONE',  ( 0.0000000000000000000, -0.0000000000000000000, 1.000000000000000000 ) ) ;
#1770 = ORIENTED_EDGE ( 'NONE', *, *, #2978, .F. ) ;
#1771 = CARTESIAN_POINT ( 'NONE',  ( 0.0000000000000000000, -21.25000000000000700, 40.95372187942375300 ) ) ;
#1772 = EDGE_LOOP ( 'NONE', ( #8419, #10165, #10018 ) ) ;
#1773 = LINE ( 'NONE', #6809, #5524 ) ;
#1775 = DIRECTION ( 'NONE',  ( -1.000000000000000000, 0.0000000000000000000, 0.0000000000000000000 ) ) ;
#1774 = DIRECTION ( 'NONE',  ( 0.0000000000000000000, -1.000000000000000000, 0.0000000000000000000 ) ) ;
#1776 = VERTEX_POINT ( 'NONE', #5431 ) ;
#1777 = VECTOR ( 'NONE', #253, 1000.000000000000000 ) ;
#1778 = FILL_AREA_STYLE_COLOUR ( '', #4789 ) ;
#1779 = ORIENTED_EDGE ( 'NONE', *, *, #2225, .F. ) ;
#1780 = CARTESIAN_POINT ( 'NONE',  ( -15.49999999999994300, -15.50000000000005000, -2.266821225221747900E-017 ) ) ;
#1781 = EDGE_CURVE ( 'NONE', #8691, #8265, #9244, .T. ) ;
#1782 =( LENGTH_UNIT ( ) NAMED_UNIT ( * ) SI_UNIT ( .MILLI., .METRE. ) );
#1783 = ORIENTED_EDGE ( 'NONE', *, *, #3409, .T. ) ;
#1784 = DIRECTION ( 'NONE',  ( -8.173122824782933900E-015, -1.000000000000000000, 0.0000000000000000000 ) ) ;
#1785 = ORIENTED_EDGE ( 'NONE', *, *, #2634, .T. ) ;
#1786 = AXIS2_PLACEMENT_3D ( 'NONE', #4260, #6666, #1936 ) ;
#1787 = CIRCLE ( 'NONE', #9146, 10.49999999999999800 ) ;
#1788 = DIRECTION ( 'NONE',  ( 0.0000000000000000000, 0.0000000000000000000, 1.000000000000000000 ) ) ;
#1789 = EDGE_CURVE ( 'NONE', #4545, #10139, #5495, .T. ) ;
#1790 = VERTEX_POINT ( 'NONE', #1615 ) ;
#1791 = AXIS2_PLACEMENT_3D ( 'NONE', #5398, #9453, #7067 ) ;
#1792 = EDGE_CURVE ( 'NONE', #10080, #7787, #878, .T. ) ;
#1793 = VERTEX_POINT ( 'NONE', #8717 ) ;
#1794 = DIRECTION ( 'NONE',  ( 1.000000000000000000, 0.0000000000000000000, 0.0000000000000000000 ) ) ;
#1795 =( LENGTH_UNIT ( ) NAMED_UNIT ( * ) SI_UNIT ( .MILLI., .METRE. ) );
#1796 = ORIENTED_EDGE ( 'NONE', *, *, #7940, .F. ) ;
#1797 = ADVANCED_FACE ( 'NONE', ( #9111 ), #9445, .T. ) ;
#1798 = VERTEX_POINT ( 'NONE', #9542 ) ;
#1799 = SURFACE_STYLE_FILL_AREA ( #3495 ) ;
#1800 = DIRECTION ( 'NONE',  ( -0.0000000000000000000, -0.0000000000000000000, -1.000000000000000000 ) ) ;
#1801 = CARTESIAN_POINT ( 'NONE',  ( 15.50000000000102000, -15.49999999999983700, 47.50000000000000000 ) ) ;
#1802 = CARTESIAN_POINT ( 'NONE',  ( -15.20239548707222000, 16.84930666606598100, 47.49833231681230200 ) ) ;
#1803 = LINE ( 'NONE', #6969, #8020 ) ;
#1804 = ORIENTED_EDGE ( 'NONE', *, *, #1545, .T. ) ;
#1805 = AXIS2_PLACEMENT_3D ( 'NONE', #8293, #3532, #4328 ) ;
#1806 = PLANE ( 'NONE',  #1680 ) ;
#1807 = DIRECTION ( 'NONE',  ( -0.0000000000000000000, 0.0000000000000000000, -1.000000000000000000 ) ) ;
#1808 = EDGE_CURVE ( 'NONE', #6914, #776, #9372, .T. ) ;
#1809 = LINE ( 'NONE', #8996, #10057 ) ;
#1810 = EDGE_CURVE ( 'NONE', #7922, #3875, #5246, .T. ) ;
#1811 = ORIENTED_EDGE ( 'NONE', *, *, #9629, .T. ) ;
#1812 = CARTESIAN_POINT ( 'NONE',  ( 15.49999999999983700, 15.50000000000016000, 46.00000000000000000 ) ) ;
#1813 = CARTESIAN_POINT ( 'NONE',  ( 21.15000000000000200, -20.65000000000000200, 0.5000000000000004400 ) ) ;
#1814 = CARTESIAN_POINT ( 'NONE',  ( -11.99999999999834100, -15.50000000000102100, 47.50000000000000000 ) ) ;
#1815 = PRESENTATION_STYLE_ASSIGNMENT (( #10105 ) ) ;
#1816 = DIRECTION ( 'NONE',  ( 1.000000000000000000, 0.0000000000000000000, 0.0000000000000000000 ) ) ;
#1818 = SURFACE_SIDE_STYLE ('',( #5863 ) ) ;
#1817 =( NAMED_UNIT ( * ) PLANE_ANGLE_UNIT ( ) SI_UNIT ( $, .RADIAN. ) );
#1819 = EDGE_LOOP ( 'NONE', ( #3646, #3522 ) ) ;
#1820 = DIRECTION ( 'NONE',  ( 1.000000000000000000, -3.751515886037098700E-015, -0.0000000000000000000 ) ) ;
#1821 =( GEOMETRIC_REPRESENTATION_CONTEXT ( 3 ) GLOBAL_UNCERTAINTY_ASSIGNED_CONTEXT ( ( #7085 ) ) GLOBAL_UNIT_ASSIGNED_CONTEXT ( ( #1929, #8290, #5969 ) ) REPRESENTATION_CONTEXT ( 'NONE', 'WORKASPACE' ) );
#1822 = FILL_AREA_STYLE_COLOUR ( '', #9800 ) ;
#1823 = LINE ( 'NONE', #5698, #5325 ) ;
#1824 = PLANE ( 'NONE',  #1868 ) ;
#1825 = STYLED_ITEM ( 'NONE', ( #9258 ), #766 ) ;
#1826 = CARTESIAN_POINT ( 'NONE',  ( -15.94640676939209500, 16.72095085742160900, 47.50000000000000000 ) ) ;
#1827 = ORIENTED_EDGE ( 'NONE', *, *, #7149, .F. ) ;
#1828 = CARTESIAN_POINT ( 'NONE',  ( -3.500000000000000000, 4.286263797015736600E-016, 47.50000000000000000 ) ) ;
#1829 = VERTEX_POINT ( 'NONE', #2396 ) ;
#1830 = EDGE_LOOP ( 'NONE', ( #6511, #5018, #5926 ) ) ;
#1831 = CARTESIAN_POINT ( 'NONE',  ( -16.84930666606614100, -15.50000000000102300, 47.49878368663156900 ) ) ;
#1832 = VECTOR ( 'NONE', #1098, 1000.000000000000000 ) ;
#1833 = DIRECTION ( 'NONE',  ( -0.0000000000000000000, -0.0000000000000000000, -1.000000000000000000 ) ) ;
#1834 = FILL_AREA_STYLE_COLOUR ( '', #3842 ) ;
#1835 = ORIENTED_EDGE ( 'NONE', *, *, #6601, .T. ) ;
#1836 = CARTESIAN_POINT ( 'NONE',  ( -21.00355339059326800, 17.29644660940670800, 48.00000000000000000 ) ) ;
#1837 = CARTESIAN_POINT ( 'NONE',  ( 20.65000000000000200, -16.94289321881343100, 47.50000000000000000 ) ) ;
#1838 = DIRECTION ( 'NONE',  ( 1.000000000000000000, 0.0000000000000000000, 0.0000000000000000000 ) ) ;
#1839 =( GEOMETRIC_REPRESENTATION_CONTEXT ( 3 ) GLOBAL_UNCERTAINTY_ASSIGNED_CONTEXT ( ( #4732 ) ) GLOBAL_UNIT_ASSIGNED_CONTEXT ( ( #7282, #5661, #872 ) ) REPRESENTATION_CONTEXT ( 'NONE', 'WORKASPACE' ) );
#1840 =( GEOMETRIC_REPRESENTATION_CONTEXT ( 3 ) GLOBAL_UNCERTAINTY_ASSIGNED_CONTEXT ( ( #5561 ) ) GLOBAL_UNIT_ASSIGNED_CONTEXT ( ( #2532, #3309, #4088 ) ) REPRESENTATION_CONTEXT ( 'NONE', 'WORKASPACE' ) );
#1841 = ORIENTED_EDGE ( 'NONE', *, *, #9630, .T. ) ;
#1842 = DIRECTION ( 'NONE',  ( 0.0000000000000000000, 0.0000000000000000000, 1.000000000000000000 ) ) ;
#1843 = LINE ( 'NONE', #1368, #10317 ) ;
#1844 = CIRCLE ( 'NONE', #1805, 2.799999999999999800 ) ;
#1845 = VECTOR ( 'NONE', #1288, 1000.000000000000000 ) ;
#1846 = DIRECTION ( 'NONE',  ( 1.000000000000000000, 0.0000000000000000000, 0.0000000000000000000 ) ) ;
#1847 = UNCERTAINTY_MEASURE_WITH_UNIT (LENGTH_MEASURE( 1.000000000000000100E-005 ), #8979, 'distance_accuracy_value', 'NONE');
#1848 =( NAMED_UNIT ( * ) SI_UNIT ( $, .STERADIAN. ) SOLID_ANGLE_UNIT ( ) );
#1850 = DIRECTION ( 'NONE',  ( 0.0000000000000000000, 0.0000000000000000000, -1.000000000000000000 ) ) ;
#1849 = DIRECTION ( 'NONE',  ( 0.0000000000000000000, 0.0000000000000000000, 1.000000000000000000 ) ) ;
#1851 = VECTOR ( 'NONE', #8462, 1000.000000000000000 ) ;
#1852 = CIRCLE ( 'NONE', #3150, 0.5000000000000000000 ) ;
#1853 = ADVANCED_FACE ( 'NONE', ( #146, #4112 ), #1488, .T. ) ;
#1854 = AXIS2_PLACEMENT_3D ( 'NONE', #3512, #2716, #8341 ) ;
#1855 = PLANE ( 'NONE',  #2460 ) ;
#1856 = FACE_OUTER_BOUND ( 'NONE', #2317, .T. ) ;
#1857 = EDGE_CURVE ( 'NONE', #6017, #4172, #6482, .T. ) ;
#1858 = CARTESIAN_POINT ( 'NONE',  ( -15.94640676939209500, 16.80673604214000200, 47.49756013713619000 ) ) ;
#1859 = EDGE_CURVE ( 'NONE', #709, #915, #7490, .T. ) ;
#1860 = FILL_AREA_STYLE_COLOUR ( '', #5623 ) ;
#1861 = AXIS2_PLACEMENT_3D ( 'NONE', #1335, #9318, #4471 ) ;
#1862 = APPLICATION_CONTEXT ( 'automotive_design' ) ;
#1863 = CYLINDRICAL_SURFACE ( 'NONE', #1246, 1.249999999999999300 ) ;
#1864 = SURFACE_STYLE_FILL_AREA ( #6977 ) ;
#1865 = COLOUR_RGB ( '',0.2509803921568627400, 0.2509803921568627400, 0.2509803921568627400 ) ;
#1866 = CARTESIAN_POINT ( 'NONE',  ( 1.379851512413568000, -19.15000000000000600, 42.37285355221676000 ) ) ;
#1867 = SURFACE_STYLE_USAGE ( .BOTH. , #5035 ) ;
#1868 = AXIS2_PLACEMENT_3D ( 'NONE', #3475, #4196, #7389 ) ;
#1869 =( NAMED_UNIT ( * ) PLANE_ANGLE_UNIT ( ) SI_UNIT ( $, .RADIAN. ) );
#1870 = EDGE_CURVE ( 'NONE', #60, #9144, #657, .T. ) ;
#1871 = ORIENTED_EDGE ( 'NONE', *, *, #495, .T. ) ;
#1872 = EDGE_CURVE ( 'NONE', #6028, #3683, #10233, .T. ) ;
#1873 = CARTESIAN_POINT ( 'NONE',  ( -15.07550534522246000, -14.21692477204106100, 47.49867441544044100 ) ) ;
#1874 = FILL_AREA_STYLE ('',( #9010 ) ) ;
#1875 = AXIS2_PLACEMENT_3D ( 'NONE', #2995, #8584, #10227 ) ;
#1876 = VECTOR ( 'NONE', #7933, 1000.000000000000100 ) ;
#1877 = DIRECTION ( 'NONE',  ( 0.0000000000000000000, 0.0000000000000000000, 1.000000000000000000 ) ) ;
#1878 = CARTESIAN_POINT ( 'NONE',  ( -16.94289321881343500, -20.65000000000000600, 47.50000000000000000 ) ) ;
#1879 = VECTOR ( 'NONE', #3905, 1000.000000000000000 ) ;
#1880 = ADVANCED_FACE ( 'NONE', ( #3868 ), #5595, .T. ) ;
#1881 = CARTESIAN_POINT ( 'NONE',  ( -15.85270061781219100, -14.21692477204105200, 47.49983667794648300 ) ) ;
#1882 = ORIENTED_EDGE ( 'NONE', *, *, #3140, .F. ) ;
#1883 = VECTOR ( 'NONE', #4265, 1000.000000000000000 ) ;
#1884 = CARTESIAN_POINT ( 'NONE',  ( 0.0000000000000000000, 21.14999999999999900, 10.00000000000000000 ) ) ;
#1885 = ORIENTED_EDGE ( 'NONE', *, *, #18, .T. ) ;
#1886 = DIRECTION ( 'NONE',  ( -0.0000000000000000000, -1.226634733346703500E-015, -1.000000000000000000 ) ) ;
#1887 = FILL_AREA_STYLE ('',( #1050 ) ) ;
#1888 = MECHANICAL_DESIGN_GEOMETRIC_PRESENTATION_REPRESENTATION (  '', ( #4949 ), #5488 ) ;
#1890 = CARTESIAN_POINT ( 'NONE',  ( -21.14999999999999500, -21.15000000000000600, 10.00000000000000000 ) ) ;
#1889 = DIRECTION ( 'NONE',  ( -0.0000000000000000000, -0.0000000000000000000, -1.000000000000000000 ) ) ;
#1891 = AXIS2_PLACEMENT_3D ( 'NONE', #650, #5583, #6374 ) ;
#1892 = LINE ( 'NONE', #5594, #1751 ) ;
#1893 = EDGE_CURVE ( 'NONE', #7148, #10074, #5376, .T. ) ;
#1894 = DIRECTION ( 'NONE',  ( 0.0000000000000000000, 0.0000000000000000000, -1.000000000000000000 ) ) ;
#1895 = ORIENTED_EDGE ( 'NONE', *, *, #1235, .F. ) ;
#1896 = ORIENTED_EDGE ( 'NONE', *, *, #2224, .T. ) ;
#1897 = CARTESIAN_POINT ( 'NONE',  ( 0.0000000000000000000, 0.0000000000000000000, 40.00000000000000000 ) ) ;
#1898 = UNCERTAINTY_MEASURE_WITH_UNIT (LENGTH_MEASURE( 1.000000000000000100E-005 ), #3392, 'distance_accuracy_value', 'NONE');
#1899 = DIRECTION ( 'NONE',  ( -0.0000000000000000000, 1.000000000000000000, -0.0000000000000000000 ) ) ;
#1900 = DIRECTION ( 'NONE',  ( -0.0000000000000000000, -0.0000000000000000000, 1.000000000000000000 ) ) ;
#1901 = ORIENTED_EDGE ( 'NONE', *, *, #359, .T. ) ;
#1902 = COLOUR_RGB ( '',0.2509803921568627400, 0.2509803921568627400, 0.2509803921568627400 ) ;
#1903 = CARTESIAN_POINT ( 'NONE',  ( 15.07550534522235900, 14.21692477204116200, 46.50000000000000000 ) ) ;
#1904 = VERTEX_POINT ( 'NONE', #2434 ) ;
#1905 = ORIENTED_EDGE ( 'NONE', *, *, #4489, .F. ) ;
#1906 = ORIENTED_EDGE ( 'NONE', *, *, #362, .T. ) ;
#1907 = STYLED_ITEM ( 'NONE', ( #7750 ), #1383 ) ;
#1908 = PRESENTATION_LAYER_ASSIGNMENT (  '', '', ( #5650 ) ) ;
#1909 = FACE_OUTER_BOUND ( 'NONE', #8013, .T. ) ;
#1910 = CARTESIAN_POINT ( 'NONE',  ( 0.0000000000000000000, 0.0000000000000000000, -2.000000000000000000 ) ) ;
#1911 = LINE ( 'NONE', #9799, #50 ) ;
#1912 =( NAMED_UNIT ( * ) PLANE_ANGLE_UNIT ( ) SI_UNIT ( $, .RADIAN. ) );
#1913 = ADVANCED_FACE ( 'NONE', ( #7235 ), #4814, .T. ) ;
#1914 = SURFACE_SIDE_STYLE ('',( #8830 ) ) ;
#1915 = CIRCLE ( 'NONE', #4065, 0.5000000000000004400 ) ;
#1916 = DIRECTION ( 'NONE',  ( 1.000000000000000000, 8.202002250481357500E-017, 0.0000000000000000000 ) ) ;
#1917 = DIRECTION ( 'NONE',  ( -2.488044278300495100E-014, -1.000000000000000000, 0.0000000000000000000 ) ) ;
#1918 = DIRECTION ( 'NONE',  ( -0.0000000000000000000, -0.0000000000000000000, -1.000000000000000000 ) ) ;
#1919 =( NAMED_UNIT ( * ) SI_UNIT ( $, .STERADIAN. ) SOLID_ANGLE_UNIT ( ) );
#1920 = ORIENTED_EDGE ( 'NONE', *, *, #9281, .T. ) ;
#1921 = FACE_OUTER_BOUND ( 'NONE', #1963, .T. ) ;
#1922 = VERTEX_POINT ( 'NONE', #5633 ) ;
#1923 = LINE ( 'NONE', #844, #7023 ) ;
#1924 = CARTESIAN_POINT ( 'NONE',  ( 16.94289321881344200, -21.15000000000000200, 48.00000000000000000 ) ) ;
#1925 =( GEOMETRIC_REPRESENTATION_CONTEXT ( 3 ) GLOBAL_UNCERTAINTY_ASSIGNED_CONTEXT ( ( #4195 ) ) GLOBAL_UNIT_ASSIGNED_CONTEXT ( ( #8720, #9546, #5570 ) ) REPRESENTATION_CONTEXT ( 'NONE', 'WORKASPACE' ) );
#1926 =( NAMED_UNIT ( * ) PLANE_ANGLE_UNIT ( ) SI_UNIT ( $, .RADIAN. ) );
#1927 = CARTESIAN_POINT ( 'NONE',  ( -15.05359323060823600, 15.07550534522231100, 46.50000000000000000 ) ) ;
#1928 = ORIENTED_EDGE ( 'NONE', *, *, #7556, .T. ) ;
#1929 =( LENGTH_UNIT ( ) NAMED_UNIT ( * ) SI_UNIT ( .MILLI., .METRE. ) );
#1931 = CARTESIAN_POINT ( 'NONE',  ( 15.49999999999983700, 15.50000000000016000, 46.00000000000000000 ) ) ;
#1930 = DIRECTION ( 'NONE',  ( 1.000000000000000000, 0.0000000000000000000, 0.0000000000000000000 ) ) ;
#1932 = ORIENTED_EDGE ( 'NONE', *, *, #9706, .T. ) ;
#1933 = ORIENTED_EDGE ( 'NONE', *, *, #9305, .T. ) ;
#1934 = ORIENTED_EDGE ( 'NONE', *, *, #2415, .T. ) ;
#1935 = ORIENTED_EDGE ( 'NONE', *, *, #8211, .T. ) ;
#1936 = DIRECTION ( 'NONE',  ( 1.000000000000000000, 0.0000000000000000000, 0.0000000000000000000 ) ) ;
#1937 = DIRECTION ( 'NONE',  ( -0.0000000000000000000, -0.0000000000000000000, 1.000000000000000000 ) ) ;
#1938 = COLOUR_RGB ( '',0.2509803921568627400, 0.2509803921568627400, 0.2509803921568627400 ) ;
#1939 = VECTOR ( 'NONE', #8566, 1000.000000000000000 ) ;
#1940 = ORIENTED_EDGE ( 'NONE', *, *, #9426, .F. ) ;
#1941 = CARTESIAN_POINT ( 'NONE',  ( -1.379851512413568000, -19.15000000000000600, 41.54834905086877900 ) ) ;
#1942 = DIRECTION ( 'NONE',  ( 0.0000000000000000000, 0.0000000000000000000, 1.000000000000000000 ) ) ;
#1943 = PLANE ( 'NONE',  #8238 ) ;
#1944 = ADVANCED_FACE ( 'NONE', ( #2770, #6749 ), #4044, .T. ) ;
#1945 = ORIENTED_EDGE ( 'NONE', *, *, #7123, .T. ) ;
#1946 = ORIENTED_EDGE ( 'NONE', *, *, #3114, .F. ) ;
#1947 = EDGE_CURVE ( 'NONE', #1088, #8627, #4845, .T. ) ;
#1948 = CYLINDRICAL_SURFACE ( 'NONE', #6848, 1.249999999999997600 ) ;
#1949 = AXIS2_PLACEMENT_3D ( 'NONE', #8914, #6616, #3492 ) ;
#1950 = LINE ( 'NONE', #7569, #8032 ) ;
#1951 = ORIENTED_EDGE ( 'NONE', *, *, #6157, .T. ) ;
#1952 = DIRECTION ( 'NONE',  ( 0.0000000000000000000, 1.000000000000000000, 0.0000000000000000000 ) ) ;
#1953 = DIRECTION ( 'NONE',  ( -7.503031772074197400E-015, -1.000000000000000000, 0.0000000000000000000 ) ) ;
#1954 = CARTESIAN_POINT ( 'NONE',  ( 21.48980450031715600, -21.25000000000000700, 23.80733243662596600 ) ) ;
#1955 = SURFACE_STYLE_USAGE ( .BOTH. , #4967 ) ;
#1956 = ORIENTED_EDGE ( 'NONE', *, *, #9426, .T. ) ;
#1957 = CARTESIAN_POINT ( 'NONE',  ( -15.07550534522246200, -14.25314224406737500, 47.50000000000000000 ) ) ;
#1958 = CIRCLE ( 'NONE', #6703, 1.299999999999999200 ) ;
#1959 = AXIS2_PLACEMENT_3D ( 'NONE', #7043, #3219, #3897 ) ;
#1960 = EDGE_CURVE ( 'NONE', #4211, #4424, #2253, .T. ) ;
#1961 = B_SPLINE_CURVE_WITH_KNOTS ( 'NONE', 3,
 ( #6618, #5052, #9094, #364 ),
 .UNSPECIFIED., .F., .F.,
 ( 4, 4 ),
 ( 0.0000000000000000000, 0.0001285675718489037600 ),
 .UNSPECIFIED. ) ;
#1962 = EDGE_CURVE ( 'NONE', #10041, #2901, #9605, .T. ) ;
#1963 = EDGE_LOOP ( 'NONE', ( #2679, #7152, #9779, #140 ) ) ;
#1964 = DIRECTION ( 'NONE',  ( 0.0000000000000000000, 0.0000000000000000000, -1.000000000000000000 ) ) ;
#1965 = CARTESIAN_POINT ( 'NONE',  ( -14.15069333393213400, -15.20239548707239900, 47.49833231681230200 ) ) ;
#1966 = DIRECTION ( 'NONE',  ( 0.0000000000000000000, 1.000000000000000000, -1.301042606982604100E-015 ) ) ;
#1967 = VERTEX_POINT ( 'NONE', #9769 ) ;
#1968 = FILL_AREA_STYLE_COLOUR ( '', #5043 ) ;
#1969 = PRESENTATION_STYLE_ASSIGNMENT (( #5991 ) ) ;
#1970 = FILL_AREA_STYLE_COLOUR ( '', #6113 ) ;
#1971 = ADVANCED_FACE ( 'NONE', ( #8840 ), #8970, .T. ) ;
#1972 = CARTESIAN_POINT ( 'NONE',  ( -15.07550534522246000, -14.21692477204106100, 47.49867441544044100 ) ) ;
#1973 = ORIENTED_EDGE ( 'NONE', *, *, #102, .F. ) ;
#1974 = VERTEX_POINT ( 'NONE', #8816 ) ;
#1975 = PRESENTATION_LAYER_ASSIGNMENT (  '', '', ( #5704 ) ) ;
#1976 = ORIENTED_EDGE ( 'NONE', *, *, #9361, .T. ) ;
#1977 = FILL_AREA_STYLE_COLOUR ( '', #2977 ) ;
#1978 = VECTOR ( 'NONE', #1693, 1000.000000000000000 ) ;
#1979 = FACE_OUTER_BOUND ( 'NONE', #2652, .T. ) ;
#1980 = CARTESIAN_POINT ( 'NONE',  ( 15.50000000000102000, -15.49999999999983700, 47.50000000000000000 ) ) ;
#1981 = EDGE_LOOP ( 'NONE', ( #9509, #4291, #6041, #6607 ) ) ;
#1982 = DIRECTION ( 'NONE',  ( -0.0000000000000000000, 0.0000000000000000000, 1.000000000000000000 ) ) ;
#1983 = CARTESIAN_POINT ( 'NONE',  ( 0.0000000000000000000, 0.0000000000000000000, -2.000000000000000000 ) ) ;
#1984 = VECTOR ( 'NONE', #1429, 1000.000000000000000 ) ;
#1985 = SURFACE_STYLE_FILL_AREA ( #8503 ) ;
#1986 = CIRCLE ( 'NONE', #2874, 25.00000000000000000 ) ;
#1987 = CARTESIAN_POINT ( 'NONE',  ( 15.94640676939198100, -16.80673604214047900, 47.49756013713623300 ) ) ;
#1988 = DIRECTION ( 'NONE',  ( -0.0000000000000000000, -0.0000000000000000000, -1.000000000000000000 ) ) ;
#1989 = CARTESIAN_POINT ( 'NONE',  ( 14.25314224406759900, -15.07550534522241200, 47.50000000000000000 ) ) ;
#1990 = DIRECTION ( 'NONE',  ( -1.000000000000000000, 0.0000000000000000000, 0.0000000000000000000 ) ) ;
#1991 = AXIS2_PLACEMENT_3D ( 'NONE', #2267, #7829, #8640 ) ;
#1992 = MECHANICAL_DESIGN_GEOMETRIC_PRESENTATION_REPRESENTATION (  '', ( #2726 ), #2509 ) ;
#1993 = SURFACE_STYLE_USAGE ( .BOTH. , #6759 ) ;
#1994 = ADVANCED_FACE ( 'NONE', ( #10106 ), #3004, .T. ) ;
#1995 = COLOUR_RGB ( '',0.2509803921568627400, 0.2509803921568627400, 0.2509803921568627400 ) ;
#1996 = PRESENTATION_STYLE_ASSIGNMENT (( #3678 ) ) ;
#1997 = CARTESIAN_POINT ( 'NONE',  ( 1.379851512413564600, -19.15000000000000600, 41.54834905086877900 ) ) ;
#1998 = CARTESIAN_POINT ( 'NONE',  ( -3.420868563588839200, -19.15000000000000600, 40.11033917074156800 ) ) ;
#1999 = CARTESIAN_POINT ( 'NONE',  ( 15.92449465477571000, 16.78307522795905600, 47.49867441544050500 ) ) ;
#2000 = UNCERTAINTY_MEASURE_WITH_UNIT (LENGTH_MEASURE( 1.000000000000000100E-005 ), #7270, 'distance_accuracy_value', 'NONE');
#2001 = DIRECTION ( 'NONE',  ( -0.0000000000000000000, -0.0000000000000000000, -1.000000000000000000 ) ) ;
#2002 =( LENGTH_UNIT ( ) NAMED_UNIT ( * ) SI_UNIT ( .MILLI., .METRE. ) );
#2004 = CARTESIAN_POINT ( 'NONE',  ( 0.0000000000000000000, 21.14999999999999900, 6.000000000000000000 ) ) ;
#2003 = FILL_AREA_STYLE_COLOUR ( '', #9220 ) ;
#2005 = VERTEX_POINT ( 'NONE', #8076 ) ;
#2006 = EDGE_CURVE ( 'NONE', #3035, #1829, #131, .T. ) ;
#2007 =( GEOMETRIC_REPRESENTATION_CONTEXT ( 3 ) GLOBAL_UNCERTAINTY_ASSIGNED_CONTEXT ( ( #7889 ) ) GLOBAL_UNIT_ASSIGNED_CONTEXT ( ( #3088, #7806, #10282 ) ) REPRESENTATION_CONTEXT ( 'NONE', 'WORKASPACE' ) );
#2008 = CARTESIAN_POINT ( 'NONE',  ( 14.15069333393202900, 15.94640676939204300, 47.49262389544717400 ) ) ;
#2009 =( NAMED_UNIT ( * ) SI_UNIT ( $, .STERADIAN. ) SOLID_ANGLE_UNIT ( ) );
#2010 = ORIENTED_EDGE ( 'NONE', *, *, #4475, .T. ) ;
#2011 = CARTESIAN_POINT ( 'NONE',  ( -2.596119095141090400, -21.25000000000000700, 41.09104188536768700 ) ) ;
#2012 = EDGE_CURVE ( 'NONE', #5466, #9541, #3854, .T. ) ;
#2013 = DIRECTION ( 'NONE',  ( -1.000000000000000000, 0.0000000000000000000, -0.0000000000000000000 ) ) ;
#2014 = AXIS2_PLACEMENT_3D ( 'NONE', #6162, #2896, #2228 ) ;
#2015 = LINE ( 'NONE', #8535, #4609 ) ;
#2016 = CARTESIAN_POINT ( 'NONE',  ( 21.14999999999999900, 13.32957238623956000, 38.00000000000000000 ) ) ;
#2017 = ORIENTED_EDGE ( 'NONE', *, *, #3697, .T. ) ;
#2018 = FILL_AREA_STYLE ('',( #9958 ) ) ;
#2019 = ORIENTED_EDGE ( 'NONE', *, *, #6949, .F. ) ;
#2020 = CIRCLE ( 'NONE', #10232, 25.00000000000000000 ) ;
#2021 = AXIS2_PLACEMENT_3D ( 'NONE', #2670, #9847, #3402 ) ;
#2022 = SURFACE_SIDE_STYLE ('',( #8659 ) ) ;
#2024 = ADVANCED_FACE ( 'NONE', ( #9104 ), #5693, .F. ) ;
#2023 = COLOUR_RGB ( '',0.0000000000000000000, 0.5019607843137254800, 0.2509803921568627400 ) ;
#2025 = EDGE_CURVE ( 'NONE', #1008, #8812, #4985, .T. ) ;
#2026 = EDGE_CURVE ( 'NONE', #8702, #1904, #4722, .T. ) ;
#2027 = CARTESIAN_POINT ( 'NONE',  ( 15.94640676939198100, -16.72095085742282100, 47.50000000000000000 ) ) ;
#2028 = CARTESIAN_POINT ( 'NONE',  ( -20.64999999999999500, 16.94289321881344500, 0.5000000000000000000 ) ) ;
#2029 = VERTEX_POINT ( 'NONE', #4187 ) ;
#2030 = AXIS2_PLACEMENT_3D ( 'NONE', #5527, #3135, #757 ) ;
#2031 = CARTESIAN_POINT ( 'NONE',  ( -21.00355339059326800, -17.29644660940671500, 38.00000000000000000 ) ) ;
#2032 = FACE_OUTER_BOUND ( 'NONE', #447, .T. ) ;
#2033 = LINE ( 'NONE', #7452, #2917 ) ;
#2034 = CARTESIAN_POINT ( 'NONE',  ( 16.94289321881344900, -21.15000000000000200, 0.5000000000000004400 ) ) ;
#2035 = CARTESIAN_POINT ( 'NONE',  ( 0.0000000000000000000, 0.0000000000000000000, 46.00000000000000000 ) ) ;
#2036 = ORIENTED_EDGE ( 'NONE', *, *, #6836, .T. ) ;
#2037 = DIRECTION ( 'NONE',  ( 1.000000000000000000, 0.0000000000000000000, -0.0000000000000000000 ) ) ;
#2038 = ORIENTED_EDGE ( 'NONE', *, *, #6959, .F. ) ;
#2039 = AXIS2_PLACEMENT_3D ( 'NONE', #4499, #5261, #1200 ) ;
#2040 = ORIENTED_EDGE ( 'NONE', *, *, #4135, .F. ) ;
#2041 = PRESENTATION_STYLE_ASSIGNMENT (( #4849 ) ) ;
#2042 = DIRECTION ( 'NONE',  ( -1.000000000000000000, 5.627273829055637800E-015, 0.0000000000000000000 ) ) ;
#2043 = UNCERTAINTY_MEASURE_WITH_UNIT (LENGTH_MEASURE( 1.000000000000000100E-005 ), #1187, 'distance_accuracy_value', 'NONE');
#2044 =( GEOMETRIC_REPRESENTATION_CONTEXT ( 3 ) GLOBAL_UNCERTAINTY_ASSIGNED_CONTEXT ( ( #7849 ) ) GLOBAL_UNIT_ASSIGNED_CONTEXT ( ( #9862, #5849, #8208 ) ) REPRESENTATION_CONTEXT ( 'NONE', 'WORKASPACE' ) );
#2045 = VECTOR ( 'NONE', #4855, 1000.000000000000000 ) ;
#2046 = EDGE_CURVE ( 'NONE', #7787, #6569, #264, .T. ) ;
#2047 = CIRCLE ( 'NONE', #9754, 11.00000000000000000 ) ;
#2048 =( LENGTH_UNIT ( ) NAMED_UNIT ( * ) SI_UNIT ( .MILLI., .METRE. ) );
#2049 = DIRECTION ( 'NONE',  ( 1.125454765811129600E-014, 1.000000000000000000, 0.0000000000000000000 ) ) ;
#2050 = LINE ( 'NONE', #4575, #3771 ) ;
#2051 = ORIENTED_EDGE ( 'NONE', *, *, #5400, .T. ) ;
#2052 = ORIENTED_EDGE ( 'NONE', *, *, #7939, .F. ) ;
#2053 = DIRECTION ( 'NONE',  ( 0.0000000000000000000, 0.0000000000000000000, -1.000000000000000000 ) ) ;
#2054 = FACE_OUTER_BOUND ( 'NONE', #7498, .T. ) ;
#2055 =( NAMED_UNIT ( * ) SI_UNIT ( $, .STERADIAN. ) SOLID_ANGLE_UNIT ( ) );
#2056 = DIRECTION ( 'NONE',  ( 0.0000000000000000000, 0.0000000000000000000, 1.000000000000000000 ) ) ;
#2057 = ADVANCED_FACE ( 'NONE', ( #5241 ), #9061, .F. ) ;
#2058 = FACE_OUTER_BOUND ( 'NONE', #1772, .T. ) ;
#2059 = LINE ( 'NONE', #3840, #1777 ) ;
#2060 = CIRCLE ( 'NONE', #4226, 1.299999999999999200 ) ;
#2061 =( GEOMETRIC_REPRESENTATION_CONTEXT ( 3 ) GLOBAL_UNCERTAINTY_ASSIGNED_CONTEXT ( ( #7214 ) ) GLOBAL_UNIT_ASSIGNED_CONTEXT ( ( #6100, #2138, #9369 ) ) REPRESENTATION_CONTEXT ( 'NONE', 'WORKASPACE' ) );
#2062 = STYLED_ITEM ( 'NONE', ( #5597 ), #7520 ) ;
#2063 = VERTEX_POINT ( 'NONE', #4256 ) ;
#2064 = CARTESIAN_POINT ( 'NONE',  ( -20.64999999999999500, -17.14999999999998800, 48.00000000000000000 ) ) ;
#2065 = EDGE_LOOP ( 'NONE', ( #352, #7627, #895 ) ) ;
#2066 = VERTEX_POINT ( 'NONE', #9024 ) ;
#2067 = CARTESIAN_POINT ( 'NONE',  ( 15.07550534522235700, 16.72874093610725800, 47.50000000000000000 ) ) ;
#2068 = CARTESIAN_POINT ( 'NONE',  ( -14.19326395785817500, -15.05359323060808800, 47.49756013713618300 ) ) ;
#2069 = CARTESIAN_POINT ( 'NONE',  ( -15.92449465477582700, -16.72874093610833800, 47.50000000000000000 ) ) ;
#2070 =( NAMED_UNIT ( * ) SI_UNIT ( $, .STERADIAN. ) SOLID_ANGLE_UNIT ( ) );
#2071 = VERTEX_POINT ( 'NONE', #5125 ) ;
#2072 = SURFACE_SIDE_STYLE ('',( #4425 ) ) ;
#2073 = ORIENTED_EDGE ( 'NONE', *, *, #644, .T. ) ;
#2074 = TOROIDAL_SURFACE ( 'NONE', #8324, 11.50000000000000000, 0.5000000000000000000 ) ;
#2075 = ORIENTED_EDGE ( 'NONE', *, *, #8071, .T. ) ;
#2076 = VERTEX_POINT ( 'NONE', #1158 ) ;
#2077 = DIRECTION ( 'NONE',  ( -1.000000000000000000, 0.0000000000000000000, 0.0000000000000000000 ) ) ;
#2078 = AXIS2_PLACEMENT_3D ( 'NONE', #8826, #8056, #884 ) ;
#2079 = CARTESIAN_POINT ( 'NONE',  ( -16.84930666606613400, -15.05359323060806000, 47.49262389544721000 ) ) ;
#2080 = SURFACE_STYLE_FILL_AREA ( #7344 ) ;
#2081 = EDGE_CURVE ( 'NONE', #3683, #9907, #4493, .T. ) ;
#2082 = PRESENTATION_STYLE_ASSIGNMENT (( #834 ) ) ;
#2083 = EDGE_CURVE ( 'NONE', #9332, #6509, #5855, .T. ) ;
#2084 = SURFACE_SIDE_STYLE ('',( #1596 ) ) ;
#2085 = ORIENTED_EDGE ( 'NONE', *, *, #753, .F. ) ;
#2086 = AXIS2_PLACEMENT_3D ( 'NONE', #7943, #2418, #8742 ) ;
#2087 = ADVANCED_FACE ( 'NONE', ( #8972 ), #7960, .T. ) ;
#2088 =( NAMED_UNIT ( * ) SI_UNIT ( $, .STERADIAN. ) SOLID_ANGLE_UNIT ( ) );
#2089 = LINE ( 'NONE', #4924, #5801 ) ;
#2090 = ORIENTED_EDGE ( 'NONE', *, *, #5012, .T. ) ;
#2091 = CARTESIAN_POINT ( 'NONE',  ( -2.596119095141088600, -21.25000000000000700, 43.56695646205938000 ) ) ;
#2092 = CIRCLE ( 'NONE', #5467, 0.5787973969144516500 ) ;
#2093 =( LENGTH_UNIT ( ) NAMED_UNIT ( * ) SI_UNIT ( .MILLI., .METRE. ) );
#2094 = PLANE ( 'NONE',  #3476 ) ;
#2095 = ORIENTED_EDGE ( 'NONE', *, *, #4210, .T. ) ;
#2096 = STYLED_ITEM ( 'NONE', ( #3244 ), #4874 ) ;
#2097 = EDGE_CURVE ( 'NONE', #3423, #3795, #9738, .T. ) ;
#2098 = COLOUR_RGB ( '',0.2509803921568627400, 0.2509803921568627400, 0.2509803921568627400 ) ;
#2099 = EDGE_CURVE ( 'NONE', #3547, #1320, #7099, .T. ) ;
#2100 = ORIENTED_EDGE ( 'NONE', *, *, #4119, .T. ) ;
#2101 = AXIS2_PLACEMENT_3D ( 'NONE', #7597, #3589, #9310 ) ;
#2102 = SURFACE_SIDE_STYLE ('',( #683 ) ) ;
#2103 = ORIENTED_EDGE ( 'NONE', *, *, #6229, .F. ) ;
#2104 = DIRECTION ( 'NONE',  ( 8.673617379884026600E-016, -8.673617379884112400E-016, -1.000000000000000000 ) ) ;
#2105 = SURFACE_STYLE_USAGE ( .BOTH. , #1254 ) ;
#2106 = ORIENTED_EDGE ( 'NONE', *, *, #8989, .T. ) ;
#2107 = AXIS2_PLACEMENT_3D ( 'NONE', #8534, #2703, #4880 ) ;
#2108 = EDGE_LOOP ( 'NONE', ( #4638, #2153, #7388, #7190, #1639 ) ) ;
#2109 = FILL_AREA_STYLE ('',( #6935 ) ) ;
#2110 = ADVANCED_FACE ( 'NONE', ( #8477 ), #6353, .F. ) ;
#2111 = EDGE_CURVE ( 'NONE', #2258, #776, #7351, .T. ) ;
#2112 = EDGE_CURVE ( 'NONE', #2965, #9723, #4235, .T. ) ;
#2113 = DIRECTION ( 'NONE',  ( -0.0000000000000000000, -0.0000000000000000000, -1.000000000000000000 ) ) ;
#2114 = DIRECTION ( 'NONE',  ( 9.637352644315601400E-017, -0.0000000000000000000, 1.000000000000000000 ) ) ;
#2115 = ORIENTED_EDGE ( 'NONE', *, *, #7285, .T. ) ;
#2116 = CARTESIAN_POINT ( 'NONE',  ( -15.07550534522246900, -15.05359323060807800, 47.50000000000000000 ) ) ;
#2117 = DIRECTION ( 'NONE',  ( 0.0000000000000000000, 0.0000000000000000000, 1.000000000000000000 ) ) ;
#2118 = ORIENTED_EDGE ( 'NONE', *, *, #8809, .F. ) ;
#2120 = CARTESIAN_POINT ( 'NONE',  ( -15.07550534522247300, -16.76498005845856900, 47.49955985394397100 ) ) ;
#2119 = DIRECTION ( 'NONE',  ( 0.0000000000000000000, 0.0000000000000000000, 1.000000000000000000 ) ) ;
#2121 = PRESENTATION_STYLE_ASSIGNMENT (( #3728 ) ) ;
#2122 = SURFACE_SIDE_STYLE ('',( #9653 ) ) ;
#2123 = VECTOR ( 'NONE', #604, 1000.000000000000000 ) ;
#2124 = FILL_AREA_STYLE_COLOUR ( '', #7653 ) ;
#2125 = DIRECTION ( 'NONE',  ( 0.7423134210256073800, 0.0000000000000000000, -0.6700528225186871400 ) ) ;
#2126 = MECHANICAL_DESIGN_GEOMETRIC_PRESENTATION_REPRESENTATION (  '', ( #1695 ), #4761 ) ;
#2127 = MECHANICAL_DESIGN_GEOMETRIC_PRESENTATION_REPRESENTATION (  '', ( #6568 ), #7441 ) ;
#2128 = SURFACE_STYLE_USAGE ( .BOTH. , #6114 ) ;
#2129 = DIRECTION ( 'NONE',  ( -2.073370231917083400E-015, -1.000000000000000000, 0.0000000000000000000 ) ) ;
#2130 = VECTOR ( 'NONE', #4951, 1000.000000000000000 ) ;
#2131 = FACE_OUTER_BOUND ( 'NONE', #3033, .T. ) ;
#2132 = ORIENTED_EDGE ( 'NONE', *, *, #9736, .F. ) ;
#2133 = CARTESIAN_POINT ( 'NONE',  ( -15.07550534522247600, -15.94640676939193500, 46.50000000000000000 ) ) ;
#2134 = ADVANCED_FACE ( 'NONE', ( #1514 ), #1257, .F. ) ;
#2136 = FACE_OUTER_BOUND ( 'NONE', #7157, .T. ) ;
#2135 = DIRECTION ( 'NONE',  ( 1.000000000000000000, 0.0000000000000000000, 0.0000000000000000000 ) ) ;
#2137 = LINE ( 'NONE', #5903, #755 ) ;
#2138 =( NAMED_UNIT ( * ) PLANE_ANGLE_UNIT ( ) SI_UNIT ( $, .RADIAN. ) );
#2139 = AXIS2_PLACEMENT_3D ( 'NONE', #6101, #8397, #1363 ) ;
#2140 = FACE_OUTER_BOUND ( 'NONE', #5393, .T. ) ;
#2141 = SURFACE_STYLE_USAGE ( .BOTH. , #2072 ) ;
#2142 = DIRECTION ( 'NONE',  ( 0.0000000000000000000, 0.0000000000000000000, -1.000000000000000000 ) ) ;
#2143 = CARTESIAN_POINT ( 'NONE',  ( 16.84930666606603100, 15.05359323060817400, 47.49262389544735900 ) ) ;
#2144 = EDGE_LOOP ( 'NONE', ( #6313, #5081, #4028, #7171, #7850 ) ) ;
#2145 = DIRECTION ( 'NONE',  ( -0.0000000000000000000, 0.0000000000000000000, -1.000000000000000000 ) ) ;
#2146 = PLANE ( 'NONE',  #7603 ) ;
#2148 = CARTESIAN_POINT ( 'NONE',  ( 21.66440277933047700, -21.25000000000000700, 23.57596773044785000 ) ) ;
#2147 = CARTESIAN_POINT ( 'NONE',  ( 0.0000000000000000000, 0.0000000000000000000, 40.00000000000000000 ) ) ;
#2149 = SURFACE_STYLE_FILL_AREA ( #1043 ) ;
#2150 = AXIS2_PLACEMENT_3D ( 'NONE', #6429, #1654, #7227 ) ;
#2151 = PLANE ( 'NONE',  #6815 ) ;
#2152 = CARTESIAN_POINT ( 'NONE',  ( -16.78307522795911000, 15.85270061781422200, 47.49983667794647600 ) ) ;
#2153 = ORIENTED_EDGE ( 'NONE', *, *, #7620, .T. ) ;
#2154 = CYLINDRICAL_SURFACE ( 'NONE', #6885, 25.00000000000000000 ) ;
#2155 = EDGE_CURVE ( 'NONE', #4211, #1922, #3973, .T. ) ;
#2156 = CARTESIAN_POINT ( 'NONE',  ( -15.05359323060823600, 14.27904914257634200, 47.50000000000000000 ) ) ;
#2157 = STYLED_ITEM ( 'NONE', ( #10123 ), #9917 ) ;
#2158 = CARTESIAN_POINT ( 'NONE',  ( -14.24999999999994300, -15.50000000000005000, 4.500000000000000900 ) ) ;
#2159 = ADVANCED_FACE ( 'NONE', ( #2140 ), #4107, .T. ) ;
#2160 = ORIENTED_EDGE ( 'NONE', *, *, #7339, .T. ) ;
#2161 = ORIENTED_EDGE ( 'NONE', *, *, #2335, .T. ) ;
#2162 = MECHANICAL_DESIGN_GEOMETRIC_PRESENTATION_REPRESENTATION (  '', ( #5007 ), #5690 ) ;
#2163 = LINE ( 'NONE', #5045, #7872 ) ;
#2164 = EDGE_CURVE ( 'NONE', #2465, #868, #9970, .T. ) ;
#2165 = PRESENTATION_STYLE_ASSIGNMENT (( #3844 ) ) ;
#2166 = EDGE_CURVE ( 'NONE', #6499, #6174, #6473, .T. ) ;
#2167 = FACE_BOUND ( 'NONE', #1272, .T. ) ;
#2168 =( NAMED_UNIT ( * ) PLANE_ANGLE_UNIT ( ) SI_UNIT ( $, .RADIAN. ) );
#2169 = ORIENTED_EDGE ( 'NONE', *, *, #6451, .T. ) ;
#2170 = ORIENTED_EDGE ( 'NONE', *, *, #873, .T. ) ;
#2171 = VERTEX_POINT ( 'NONE', #5268 ) ;
#2172 = CARTESIAN_POINT ( 'NONE',  ( -21.14999999999999500, -13.32957238623956400, 99.84951795962939500 ) ) ;
#2173 = ORIENTED_EDGE ( 'NONE', *, *, #7675, .F. ) ;
#2174 = B_SPLINE_CURVE_WITH_KNOTS ( 'NONE', 3,
 ( #2582, #1802, #6757, #2758, #4462 ),
 .UNSPECIFIED., .F., .F.,
 ( 4, 1, 4 ),
 ( 0.0000000000000000000, 0.0004464067693919320000, 0.0008928135387838587900 ),
 .UNSPECIFIED. ) ;
#2175 = CARTESIAN_POINT ( 'NONE',  ( 15.50000000000102000, -15.49999999999983700, 46.00000000000000000 ) ) ;
#2176 = CARTESIAN_POINT ( 'NONE',  ( 16.72095085742244800, 15.05359323060817400, 47.50000000000000000 ) ) ;
#2177 = SURFACE_STYLE_USAGE ( .BOTH. , #6847 ) ;
#2178 = DIRECTION ( 'NONE',  ( 0.0000000000000000000, 0.0000000000000000000, 1.000000000000000000 ) ) ;
#2179 = DIRECTION ( 'NONE',  ( 1.000000000000000000, 0.0000000000000000000, 0.0000000000000000000 ) ) ;
#2180 = ORIENTED_EDGE ( 'NONE', *, *, #1664, .F. ) ;
#2181 =( GEOMETRIC_REPRESENTATION_CONTEXT ( 3 ) GLOBAL_UNCERTAINTY_ASSIGNED_CONTEXT ( ( #3091 ) ) GLOBAL_UNIT_ASSIGNED_CONTEXT ( ( #3287, #9690, #2417 ) ) REPRESENTATION_CONTEXT ( 'NONE', 'WORKASPACE' ) );
#2182 = EDGE_LOOP ( 'NONE', ( #9732, #3910, #10310, #2636, #2467, #3277, #2235, #8576, #7225, #261, #7979, #1553, #4097, #396 ) ) ;
#2183 = ADVANCED_FACE ( 'NONE', ( #1619 ), #6912, .F. ) ;
#2185 = SPHERICAL_SURFACE ( 'NONE', #36, 0.5000000000000000000 ) ;
#2184 = CARTESIAN_POINT ( 'NONE',  ( 20.64999999999999900, 16.94289321881344500, 10.00000000000000000 ) ) ;
#2186 = CIRCLE ( 'NONE', #9291, 2.299999999999999800 ) ;
#2187 = UNCERTAINTY_MEASURE_WITH_UNIT (LENGTH_MEASURE( 1.000000000000000100E-005 ), #8726, 'distance_accuracy_value', 'NONE');
#2188 = ORIENTED_EDGE ( 'NONE', *, *, #8071, .F. ) ;
#2189 = SURFACE_SIDE_STYLE ('',( #405 ) ) ;
#2190 = DIRECTION ( 'NONE',  ( 0.0000000000000000000, 0.0000000000000000000, -1.000000000000000000 ) ) ;
#2191 = ORIENTED_EDGE ( 'NONE', *, *, #8151, .T. ) ;
#2192 = VECTOR ( 'NONE', #1343, 1000.000000000000000 ) ;
#2193 = ORIENTED_EDGE ( 'NONE', *, *, #9215, .T. ) ;
#2194 = ORIENTED_EDGE ( 'NONE', *, *, #494, .F. ) ;
#2195 = CYLINDRICAL_SURFACE ( 'NONE', #5233, 0.5787973969144516500 ) ;
#2196 = MECHANICAL_DESIGN_GEOMETRIC_PRESENTATION_REPRESENTATION (  '', ( #5449 ), #10249 ) ;
#2197 = AXIS2_PLACEMENT_3D ( 'NONE', #4960, #8891, #8014 ) ;
#2198 = VERTEX_POINT ( 'NONE', #6110 ) ;
#2199 = CARTESIAN_POINT ( 'NONE',  ( 15.94640676939198800, -15.92449465477575500, 46.50000000000000000 ) ) ;
#2200 = CARTESIAN_POINT ( 'NONE',  ( -16.72095085742123300, -15.05359323060806200, 47.50000000000000000 ) ) ;
#2201 = ORIENTED_EDGE ( 'NONE', *, *, #547, .F. ) ;
#2202 = DIRECTION ( 'NONE',  ( 8.202002250481357500E-017, -1.000000000000000000, -0.0000000000000000000 ) ) ;
#2203 = EDGE_LOOP ( 'NONE', ( #2552, #2316, #4982, #7687, #2194 ) ) ;
#2204 = EDGE_CURVE ( 'NONE', #9180, #8901, #8721, .T. ) ;
#2205 = CARTESIAN_POINT ( 'NONE',  ( 15.92449465477569200, 14.27125906389250100, 47.50000000000000000 ) ) ;
#2206 = FILL_AREA_STYLE ('',( #7634 ) ) ;
#2207 = AXIS2_PLACEMENT_3D ( 'NONE', #6006, #4371, #5941 ) ;
#2208 = CARTESIAN_POINT ( 'NONE',  ( -15.94640676939209500, 14.15069333393197400, 46.50000000000000000 ) ) ;
#2209 = EDGE_LOOP ( 'NONE', ( #8874, #9011, #3952, #3353 ) ) ;
#2210 = EDGE_CURVE ( 'NONE', #829, #3204, #2760, .T. ) ;
#2212 = CARTESIAN_POINT ( 'NONE',  ( 16.78307522795900700, -15.92449465477577200, 46.50000000000000000 ) ) ;
#2211 = DIRECTION ( 'NONE',  ( 0.0000000000000000000, 0.0000000000000000000, -1.000000000000000000 ) ) ;
#2213 = AXIS2_PLACEMENT_3D ( 'NONE', #7591, #386, #1181 ) ;
#2214 = DIRECTION ( 'NONE',  ( -0.0000000000000000000, 1.000000000000000000, 0.0000000000000000000 ) ) ;
#2215 = DIRECTION ( 'NONE',  ( 0.7071067811865462400, -0.7071067811865489100, -0.0000000000000000000 ) ) ;
#2216 = VERTEX_POINT ( 'NONE', #514 ) ;
#2217 = VERTEX_POINT ( 'NONE', #2949 ) ;
#2218 = DIRECTION ( 'NONE',  ( 1.000000000000000000, 0.0000000000000000000, -0.0000000000000000000 ) ) ;
#2219 = DIRECTION ( 'NONE',  ( 0.0000000000000000000, 0.0000000000000000000, 1.000000000000000000 ) ) ;
#2220 = CARTESIAN_POINT ( 'NONE',  ( 15.49999999999983700, 15.50000000000016000, 46.50000000000000000 ) ) ;
#2221 = LINE ( 'NONE', #5921, #5335 ) ;
#2222 = CARTESIAN_POINT ( 'NONE',  ( -15.94640676939209500, 14.23619328529337500, 47.50000000000000000 ) ) ;
#2223 = AXIS2_PLACEMENT_3D ( 'NONE', #8545, #6951, #3015 ) ;
#2224 = EDGE_CURVE ( 'NONE', #6743, #332, #9861, .T. ) ;
#2225 = EDGE_CURVE ( 'NONE', #3914, #5119, #3857, .T. ) ;
#2226 = ORIENTED_EDGE ( 'NONE', *, *, #5744, .T. ) ;
#2227 = ORIENTED_EDGE ( 'NONE', *, *, #5421, .F. ) ;
#2228 = DIRECTION ( 'NONE',  ( 1.000000000000000000, 0.0000000000000000000, -0.0000000000000000000 ) ) ;
#2229 = ADVANCED_FACE ( 'NONE', ( #3007 ), #1397, .T. ) ;
#2230 = DIRECTION ( 'NONE',  ( -0.0000000000000000000, -0.0000000000000000000, -1.000000000000000000 ) ) ;
#2231 = PLANE ( 'NONE',  #865 ) ;
#2232 = DIRECTION ( 'NONE',  ( -1.000000000000000000, 0.0000000000000000000, 0.0000000000000000000 ) ) ;
#2233 = STYLED_ITEM ( 'NONE', ( #6179 ), #6448 ) ;
#2234 = CARTESIAN_POINT ( 'NONE',  ( 15.94640676939200000, -14.15069333393209000, 47.49262389544721700 ) ) ;
#2235 = ORIENTED_EDGE ( 'NONE', *, *, #8210, .F. ) ;
#2236 = AXIS2_PLACEMENT_3D ( 'NONE', #1630, #4699, #7141 ) ;
#2237 = EDGE_CURVE ( 'NONE', #1756, #6659, #2254, .T. ) ;
#2238 = FACE_OUTER_BOUND ( 'NONE', #4990, .T. ) ;
#2239 = SURFACE_STYLE_USAGE ( .BOTH. , #10046 ) ;
#2240 = DIRECTION ( 'NONE',  ( -1.000000000000000000, 3.751515886037091600E-015, 0.0000000000000000000 ) ) ;
#2241 = PLANE ( 'NONE',  #4994 ) ;
#2242 =( NAMED_UNIT ( * ) SI_UNIT ( $, .STERADIAN. ) SOLID_ANGLE_UNIT ( ) );
#2244 = DIRECTION ( 'NONE',  ( 0.0000000000000000000, 0.0000000000000000000, 1.000000000000000000 ) ) ;
#2243 = CARTESIAN_POINT ( 'NONE',  ( 15.05359323060813500, -15.07550534522241900, 46.50000000000000000 ) ) ;
#2245 = DIRECTION ( 'NONE',  ( -1.000000000000000000, 0.0000000000000000000, 0.0000000000000000000 ) ) ;
#2246 = TOROIDAL_SURFACE ( 'NONE', #4627, 10.49999999999999800, 0.5000000000000000000 ) ;
#2247 = FACE_OUTER_BOUND ( 'NONE', #3410, .T. ) ;
#2248 = AXIS2_PLACEMENT_3D ( 'NONE', #8909, #4279, #1838 ) ;
#2249 = DIRECTION ( 'NONE',  ( -1.000000000000000000, -1.776356839400250500E-015, 0.0000000000000000000 ) ) ;
#2250 = CARTESIAN_POINT ( 'NONE',  ( 0.0000000000000000000, 0.0000000000000000000, -2.000000000000000000 ) ) ;
#2251 = CARTESIAN_POINT ( 'NONE',  ( -15.49999999999999600, 15.50000000000000000, 0.0000000000000000000 ) ) ;
#2252 = ORIENTED_EDGE ( 'NONE', *, *, #10235, .T. ) ;
#2253 = LINE ( 'NONE', #906, #8353 ) ;
#2254 = LINE ( 'NONE', #6214, #4734 ) ;
#2255 = DIRECTION ( 'NONE',  ( 1.000000000000000000, 0.0000000000000000000, 0.0000000000000000000 ) ) ;
#2256 = DIRECTION ( 'NONE',  ( -0.7363275207553916500, 0.0000000000000000000, -0.6766252893427929800 ) ) ;
#2257 = VERTEX_POINT ( 'NONE', #10210 ) ;
#2258 = VERTEX_POINT ( 'NONE', #8677 ) ;
#2259 = DIRECTION ( 'NONE',  ( 1.000000000000000000, 0.0000000000000000000, 0.0000000000000000000 ) ) ;
#2260 = FACE_BOUND ( 'NONE', #696, .T. ) ;
#2261 = DIRECTION ( 'NONE',  ( 0.0000000000000000000, -1.000000000000000000, 0.0000000000000000000 ) ) ;
#2262 = DIRECTION ( 'NONE',  ( 0.0000000000000000000, 1.000000000000000000, 0.0000000000000000000 ) ) ;
#2263 = CARTESIAN_POINT ( 'NONE',  ( 15.05359323060813500, -15.07550534522241900, 46.50000000000000000 ) ) ;
#2264 =( LENGTH_UNIT ( ) NAMED_UNIT ( * ) SI_UNIT ( .MILLI., .METRE. ) );
#2265 = ORIENTED_EDGE ( 'NONE', *, *, #6228, .F. ) ;
#2266 = VECTOR ( 'NONE', #7437, 1000.000000000000000 ) ;
#2267 = CARTESIAN_POINT ( 'NONE',  ( 1.379851512413564600, -39.15000000000000600, 41.54834905086877900 ) ) ;
#2268 = FACE_OUTER_BOUND ( 'NONE', #7789, .T. ) ;
#2269 = ADVANCED_FACE ( 'NONE', ( #6122, #8843 ), #3084, .T. ) ;
#2270 = AXIS2_PLACEMENT_3D ( 'NONE', #5257, #510, #9515 ) ;
#2271 = FACE_OUTER_BOUND ( 'NONE', #5373, .T. ) ;
#2272 = FILL_AREA_STYLE_COLOUR ( '', #2542 ) ;
#2273 = CARTESIAN_POINT ( 'NONE',  ( 20.65000000000000200, -16.94289321881346300, 10.00000000000000000 ) ) ;
#2274 = EDGE_CURVE ( 'NONE', #10133, #5070, #6738, .T. ) ;
#2275 = EDGE_CURVE ( 'NONE', #6333, #1743, #2015, .T. ) ;
#2276 = ORIENTED_EDGE ( 'NONE', *, *, #1789, .F. ) ;
#2277 = ORIENTED_EDGE ( 'NONE', *, *, #1353, .F. ) ;
#2278 = STYLED_ITEM ( 'NONE', ( #7885 ), #9598 ) ;
#2279 = VERTEX_POINT ( 'NONE', #9457 ) ;
#2280 = DIRECTION ( 'NONE',  ( 0.8571673007021120000, 1.049727191138618300E-016, -0.5150380749100547100 ) ) ;
#2281 =( NAMED_UNIT ( * ) SI_UNIT ( $, .STERADIAN. ) SOLID_ANGLE_UNIT ( ) );
#2282 = CARTESIAN_POINT ( 'NONE',  ( -21.00355339059326800, 17.29644660940670800, 47.50000000000000000 ) ) ;
#2283 = SURFACE_STYLE_FILL_AREA ( #6370 ) ;
#2284 = ORIENTED_EDGE ( 'NONE', *, *, #2081, .T. ) ;
#2285 = CIRCLE ( 'NONE', #3499, 2.299999999999999800 ) ;
#2286 = VERTEX_POINT ( 'NONE', #5473 ) ;
#2287 = ORIENTED_EDGE ( 'NONE', *, *, #5532, .F. ) ;
#2288 = AXIS2_PLACEMENT_3D ( 'NONE', #1897, #9067, #4300 ) ;
#2289 = CYLINDRICAL_SURFACE ( 'NONE', #3977, 2.299999999999998000 ) ;
#2290 = CARTESIAN_POINT ( 'NONE',  ( -15.49999999999897900, -15.50000000000102100, 47.50000000000000000 ) ) ;
#2291 = EDGE_CURVE ( 'NONE', #4545, #2076, #7735, .T. ) ;
#2292 = FACE_OUTER_BOUND ( 'NONE', #4760, .T. ) ;
#2293 = EDGE_CURVE ( 'NONE', #7347, #4862, #7760, .T. ) ;
#2294 = PLANE ( 'NONE',  #9616 ) ;
#2295 = FILL_AREA_STYLE ('',( #3845 ) ) ;
#2296 = LINE ( 'NONE', #4585, #1175 ) ;
#2297 = VECTOR ( 'NONE', #485, 1000.000000000000000 ) ;
#2298 = VERTEX_POINT ( 'NONE', #10177 ) ;
#2299 = ORIENTED_EDGE ( 'NONE', *, *, #7681, .F. ) ;
#2300 = VERTEX_POINT ( 'NONE', #9485 ) ;
#2301 = SURFACE_STYLE_USAGE ( .BOTH. , #7037 ) ;
#2302 =( NAMED_UNIT ( * ) PLANE_ANGLE_UNIT ( ) SI_UNIT ( $, .RADIAN. ) );
#2303 = FACE_OUTER_BOUND ( 'NONE', #9410, .T. ) ;
#2304 = FILL_AREA_STYLE_COLOUR ( '', #3305 ) ;
#2305 = CARTESIAN_POINT ( 'NONE',  ( 3.600000000000001400, -19.15000000000000600, 44.50000000000000000 ) ) ;
#2306 = LINE ( 'NONE', #7404, #3676 ) ;
#2307 = UNCERTAINTY_MEASURE_WITH_UNIT (LENGTH_MEASURE( 1.000000000000000100E-005 ), #3550, 'distance_accuracy_value', 'NONE');
#2309 = CARTESIAN_POINT ( 'NONE',  ( -15.05359323060823600, 14.15069333393197400, 47.49262389544726700 ) ) ;
#2308 = DIRECTION ( 'NONE',  ( -8.202002250481357500E-017, 1.000000000000000000, 0.0000000000000000000 ) ) ;
#2310 = EDGE_LOOP ( 'NONE', ( #6501, #3777, #10146, #10103 ) ) ;
#2311 = AXIS2_PLACEMENT_3D ( 'NONE', #320, #7413, #1077 ) ;
#2312 = MECHANICAL_DESIGN_GEOMETRIC_PRESENTATION_REPRESENTATION (  '', ( #8512 ), #7964 ) ;
#2313 = ORIENTED_EDGE ( 'NONE', *, *, #8683, .T. ) ;
#2314 = CARTESIAN_POINT ( 'NONE',  ( -16.94289321881343500, 20.64999999999999900, 47.50000000000000000 ) ) ;
#2315 = DIRECTION ( 'NONE',  ( 0.0000000000000000000, 0.0000000000000000000, -1.000000000000000000 ) ) ;
#2316 = ORIENTED_EDGE ( 'NONE', *, *, #5010, .T. ) ;
#2317 = EDGE_LOOP ( 'NONE', ( #9193, #5766, #5663, #4373 ) ) ;
#2318 = FACE_OUTER_BOUND ( 'NONE', #4547, .T. ) ;
#2319 = LINE ( 'NONE', #4907, #9429 ) ;
#2320 = DIRECTION ( 'NONE',  ( 1.000000000000000000, 0.0000000000000000000, 0.0000000000000000000 ) ) ;
#2321 = ORIENTED_EDGE ( 'NONE', *, *, #9821, .F. ) ;
#2322 = LINE ( 'NONE', #1903, #5558 ) ;
#2323 = EDGE_LOOP ( 'NONE', ( #6150, #3531, #1692, #4682 ) ) ;
#2324 = AXIS2_PLACEMENT_3D ( 'NONE', #3930, #4795, #9518 ) ;
#2325 = AXIS2_PLACEMENT_3D ( 'NONE', #1129, #3446, #9036 ) ;
#2326 = TOROIDAL_SURFACE ( 'NONE', #3876, 1.299999999999999600, 1.000000000000000000 ) ;
#2327 = ORIENTED_EDGE ( 'NONE', *, *, #4434, .T. ) ;
#2328 = CARTESIAN_POINT ( 'NONE',  ( 15.07550534522236100, 15.05359323060818100, 46.50000000000000000 ) ) ;
#2329 =( NAMED_UNIT ( * ) PLANE_ANGLE_UNIT ( ) SI_UNIT ( $, .RADIAN. ) );
#2330 = CARTESIAN_POINT ( 'NONE',  ( 16.94289321881342000, 20.64999999999999900, 47.50000000000000000 ) ) ;
#2331 = LINE ( 'NONE', #7794, #3090 ) ;
#2332 = ORIENTED_EDGE ( 'NONE', *, *, #6706, .T. ) ;
#2333 = DIRECTION ( 'NONE',  ( -0.0000000000000000000, -0.0000000000000000000, -1.000000000000000000 ) ) ;
#2334 = PRESENTATION_STYLE_ASSIGNMENT (( #2563 ) ) ;
#2335 = EDGE_CURVE ( 'NONE', #9481, #1344, #10224, .T. ) ;
#2336 = DIRECTION ( 'NONE',  ( 1.000000000000000000, 0.0000000000000000000, 0.0000000000000000000 ) ) ;
#2337 =( NAMED_UNIT ( * ) SI_UNIT ( $, .STERADIAN. ) SOLID_ANGLE_UNIT ( ) );
#2338 = PRESENTATION_LAYER_ASSIGNMENT (  '', '', ( #3264 ) ) ;
#2339 = ORIENTED_EDGE ( 'NONE', *, *, #8808, .T. ) ;
#2340 =( LENGTH_UNIT ( ) NAMED_UNIT ( * ) SI_UNIT ( .MILLI., .METRE. ) );
#2341 = ADVANCED_FACE ( 'NONE', ( #2639 ), #7002, .T. ) ;
#2342 = DIRECTION ( 'NONE',  ( 1.000000000000000000, 0.0000000000000000000, 0.0000000000000000000 ) ) ;
#2343 = EDGE_CURVE ( 'NONE', #1638, #7364, #527, .T. ) ;
#2344 = EDGE_LOOP ( 'NONE', ( #10219, #4378, #10031, #1973 ) ) ;
#2346 = DIRECTION ( 'NONE',  ( -0.7071067811865510100, 0.7071067811865441300, 9.813077866773537700E-015 ) ) ;
#2345 = CARTESIAN_POINT ( 'NONE',  ( -18.50000000000109100, 15.49999999999897500, 46.00000000000000000 ) ) ;
#2347 = PRESENTATION_LAYER_ASSIGNMENT (  '', '', ( #17 ) ) ;
#2348 = ORIENTED_EDGE ( 'NONE', *, *, #9969, .T. ) ;
#2349 = EDGE_CURVE ( 'NONE', #2606, #2216, #6241, .T. ) ;
#2350 = VECTOR ( 'NONE', #9896, 1000.000000000000000 ) ;
#2351 = LINE ( 'NONE', #2672, #3947 ) ;
#2352 = DIRECTION ( 'NONE',  ( 1.000000000000000000, 2.081668171172166600E-014, 0.0000000000000000000 ) ) ;
#2353 = ORIENTED_EDGE ( 'NONE', *, *, #701, .T. ) ;
#2354 = DIRECTION ( 'NONE',  ( -0.0000000000000000000, -0.0000000000000000000, -1.000000000000000000 ) ) ;
#2355 = VERTEX_POINT ( 'NONE', #2212 ) ;
#2356 = UNCERTAINTY_MEASURE_WITH_UNIT (LENGTH_MEASURE( 1.000000000000000100E-005 ), #4250, 'distance_accuracy_value', 'NONE');
#2357 = SURFACE_STYLE_USAGE ( .BOTH. , #4769 ) ;
#2358 = AXIS2_PLACEMENT_3D ( 'NONE', #7174, #2308, #3120 ) ;
#2359 = VECTOR ( 'NONE', #2113, 1000.000000000000000 ) ;
#2360 = COLOUR_RGB ( '',0.2509803921568627400, 0.2509803921568627400, 0.2509803921568627400 ) ;
#2361 = EDGE_CURVE ( 'NONE', #9360, #6499, #266, .T. ) ;
#2362 = EDGE_CURVE ( 'NONE', #679, #5790, #8562, .T. ) ;
#2364 = LINE ( 'NONE', #8563, #4828 ) ;
#2363 = CARTESIAN_POINT ( 'NONE',  ( -16.84930666606613400, -15.05359323060806000, 47.49262389544721000 ) ) ;
#2365 = VECTOR ( 'NONE', #5020, 1000.000000000000000 ) ;
#2366 = CARTESIAN_POINT ( 'NONE',  ( 15.94640676939200000, -14.15069333393209000, 46.50000000000000000 ) ) ;
#2367 = DIRECTION ( 'NONE',  ( 0.0000000000000000000, 0.0000000000000000000, 1.000000000000000000 ) ) ;
#2368 = STYLED_ITEM ( 'NONE', ( #930 ), #6291 ) ;
#2369 = CARTESIAN_POINT ( 'NONE',  ( 15.49999999999983700, 15.50000000000016000, 47.50000000000000000 ) ) ;
#2370 = ORIENTED_EDGE ( 'NONE', *, *, #3403, .T. ) ;
#2371 =( GEOMETRIC_REPRESENTATION_CONTEXT ( 3 ) GLOBAL_UNCERTAINTY_ASSIGNED_CONTEXT ( ( #10160 ) ) GLOBAL_UNIT_ASSIGNED_CONTEXT ( ( #6586, #1113, #6730 ) ) REPRESENTATION_CONTEXT ( 'NONE', 'WORKASPACE' ) );
#2372 = B_SPLINE_CURVE_WITH_KNOTS ( 'NONE', 3,
 ( #2685, #4349, #1074, #7474 ),
 .UNSPECIFIED., .F., .F.,
 ( 4, 4 ),
 ( 0.0000000000000000000, 5.435045947876297300E-005 ),
 .UNSPECIFIED. ) ;
#2373 = CARTESIAN_POINT ( 'NONE',  ( -2.486532817695816800, -21.25000000000000700, 40.95372187942375300 ) ) ;
#2374 = DIRECTION ( 'NONE',  ( -0.0000000000000000000, -0.0000000000000000000, -1.000000000000000000 ) ) ;
#2375 = SURFACE_SIDE_STYLE ('',( #7163 ) ) ;
#2376 = FACE_OUTER_BOUND ( 'NONE', #2576, .T. ) ;
#2377 = VECTOR ( 'NONE', #9355, 1000.000000000000000 ) ;
#2378 = FILL_AREA_STYLE ('',( #1655 ) ) ;
#2380 =( LENGTH_UNIT ( ) NAMED_UNIT ( * ) SI_UNIT ( .MILLI., .METRE. ) );
#2379 = CARTESIAN_POINT ( 'NONE',  ( -21.16000000000000700, -13.31369220013740100, -53.84951795962939500 ) ) ;
#2381 = FILL_AREA_STYLE ('',( #7237 ) ) ;
#2382 = ORIENTED_EDGE ( 'NONE', *, *, #26, .F. ) ;
#2383 = PRESENTATION_LAYER_ASSIGNMENT (  '', '', ( #1321 ) ) ;
#2384 = PRODUCT_DEFINITION_SHAPE ( 'NONE', 'NONE',  #3286 ) ;
#2385 = PRESENTATION_LAYER_ASSIGNMENT (  '', '', ( #1511 ) ) ;
#2386 = VECTOR ( 'NONE', #7346, 1000.000000000000100 ) ;
#2387 = DIRECTION ( 'NONE',  ( -0.7071067811865487900, -0.7071067811865463500, -0.0000000000000000000 ) ) ;
#2388 = DIRECTION ( 'NONE',  ( 1.000000000000000000, 0.0000000000000000000, 0.0000000000000000000 ) ) ;
#2389 = CARTESIAN_POINT ( 'NONE',  ( -2.799999999999999800, 3.429011037612588800E-016, 45.00000000000000000 ) ) ;
#2390 = FACE_OUTER_BOUND ( 'NONE', #3658, .T. ) ;
#2391 = ADVANCED_FACE ( 'NONE', ( #5865 ), #8484, .F. ) ;
#2392 = ORIENTED_EDGE ( 'NONE', *, *, #7940, .T. ) ;
#2393 = FACE_OUTER_BOUND ( 'NONE', #5509, .T. ) ;
#2394 = VECTOR ( 'NONE', #7976, 1000.000000000000000 ) ;
#2395 = CARTESIAN_POINT ( 'NONE',  ( 15.07550534522235500, 16.74685775593323100, 47.50000000000000000 ) ) ;
#2396 = CARTESIAN_POINT ( 'NONE',  ( 3.500000000000000000, 4.286263797015736600E-016, -1.500000000000000000 ) ) ;
#2397 = STYLED_ITEM ( 'NONE', ( #8284 ), #3182 ) ;
#2398 = EDGE_CURVE ( 'NONE', #2950, #8524, #6986, .T. ) ;
#2399 = ORIENTED_EDGE ( 'NONE', *, *, #4209, .F. ) ;
#2400 = ORIENTED_EDGE ( 'NONE', *, *, #9576, .T. ) ;
#2401 = EDGE_CURVE ( 'NONE', #10139, #1309, #3984, .T. ) ;
#2402 = AXIS2_PLACEMENT_3D ( 'NONE', #91, #4803, #3906 ) ;
#2403 = CIRCLE ( 'NONE', #1033, 0.5000000000000000000 ) ;
#2404 = CARTESIAN_POINT ( 'NONE',  ( -15.50000000000016500, 15.49999999999897500, 47.50000000000000000 ) ) ;
#2405 = CONICAL_SURFACE ( 'NONE', #6019, 2.000000000000015500, 0.7853981633974391800 ) ;
#2406 = DIRECTION ( 'NONE',  ( 0.0000000000000000000, -0.0000000000000000000, 1.000000000000000000 ) ) ;
#2407 = VECTOR ( 'NONE', #2587, 1000.000000000000000 ) ;
#2408 = DIRECTION ( 'NONE',  ( 0.0000000000000000000, 0.0000000000000000000, -1.000000000000000000 ) ) ;
#2409 = EDGE_LOOP ( 'NONE', ( #1042, #8184, #9827, #8362, #5456, #4400 ) ) ;
#2410 = VERTEX_POINT ( 'NONE', #7901 ) ;
#2411 = CARTESIAN_POINT ( 'NONE',  ( -2.500000000000000000, 3.061616997868383100E-016, 1.000000000000000000 ) ) ;
#2412 = ORIENTED_EDGE ( 'NONE', *, *, #8933, .T. ) ;
#2413 = FACE_OUTER_BOUND ( 'NONE', #9389, .T. ) ;
#2414 = SURFACE_STYLE_USAGE ( .BOTH. , #8710 ) ;
#2415 = EDGE_CURVE ( 'NONE', #1180, #6394, #9364, .T. ) ;
#2416 = EDGE_CURVE ( 'NONE', #1516, #6467, #9983, .T. ) ;
#2417 =( NAMED_UNIT ( * ) SI_UNIT ( $, .STERADIAN. ) SOLID_ANGLE_UNIT ( ) );
#2418 = DIRECTION ( 'NONE',  ( 0.0000000000000000000, 0.0000000000000000000, 1.000000000000000000 ) ) ;
#2419 = ORIENTED_EDGE ( 'NONE', *, *, #938, .T. ) ;
#2420 = CARTESIAN_POINT ( 'NONE',  ( 1.379851512413564600, -19.15000000000000600, 40.96955165395432600 ) ) ;
#2421 = ORIENTED_EDGE ( 'NONE', *, *, #7923, .F. ) ;
#2422 = SURFACE_STYLE_FILL_AREA ( #9746 ) ;
#2423 = ORIENTED_EDGE ( 'NONE', *, *, #4839, .F. ) ;
#2424 = STYLED_ITEM ( 'NONE', ( #3327 ), #6094 ) ;
#2425 = CARTESIAN_POINT ( 'NONE',  ( 14.25000000000010300, -15.49999999999989200, -2.266821225221747900E-017 ) ) ;
#2426 = ADVANCED_FACE ( 'NONE', ( #8601, #134 ), #9558, .T. ) ;
#2427 = ORIENTED_EDGE ( 'NONE', *, *, #4434, .F. ) ;
#2428 = STYLED_ITEM ( 'NONE', ( #4532 ), #244 ) ;
#2429 = ORIENTED_EDGE ( 'NONE', *, *, #6685, .T. ) ;
#2430 = EDGE_CURVE ( 'NONE', #9261, #3922, #8088, .T. ) ;
#2431 = DIRECTION ( 'NONE',  ( 1.000000000000000000, 0.0000000000000000000, 0.0000000000000000000 ) ) ;
#2432 = ORIENTED_EDGE ( 'NONE', *, *, #3364, .F. ) ;
#2433 = ORIENTED_EDGE ( 'NONE', *, *, #1733, .T. ) ;
#2434 = CARTESIAN_POINT ( 'NONE',  ( 13.19999999999983800, 15.50000000000016000, 46.00000000000000000 ) ) ;
#2435 = CIRCLE ( 'NONE', #10051, 0.5000000000000004400 ) ;
#2436 = FACE_OUTER_BOUND ( 'NONE', #1291, .T. ) ;
#2437 =( NAMED_UNIT ( * ) PLANE_ANGLE_UNIT ( ) SI_UNIT ( $, .RADIAN. ) );
#2438 = ORIENTED_EDGE ( 'NONE', *, *, #1218, .F. ) ;
#2439 = B_SPLINE_CURVE_WITH_KNOTS ( 'NONE', 3,
 ( #8313, #5140, #3545, #8385 ),
 .UNSPECIFIED., .F., .F.,
 ( 4, 4 ),
 ( 0.0004464067693919874500, 0.0008928135387838587900 ),
 .UNSPECIFIED. ) ;
#2440 = SURFACE_SIDE_STYLE ('',( #983 ) ) ;
#2441 = DIRECTION ( 'NONE',  ( -0.0000000000000000000, -0.0000000000000000000, -1.000000000000000000 ) ) ;
#2442 =( NAMED_UNIT ( * ) PLANE_ANGLE_UNIT ( ) SI_UNIT ( $, .RADIAN. ) );
#2443 = ORIENTED_EDGE ( 'NONE', *, *, #66, .F. ) ;
#2444 = ADVANCED_FACE ( 'NONE', ( #8354 ), #4724, .T. ) ;
#2445 = PLANE ( 'NONE',  #8355 ) ;
#2446 = FILL_AREA_STYLE_COLOUR ( '', #6381 ) ;
#2447 =( GEOMETRIC_REPRESENTATION_CONTEXT ( 3 ) GLOBAL_UNCERTAINTY_ASSIGNED_CONTEXT ( ( #5684 ) ) GLOBAL_UNIT_ASSIGNED_CONTEXT ( ( #864, #16, #6435 ) ) REPRESENTATION_CONTEXT ( 'NONE', 'WORKASPACE' ) );
#2448 = MECHANICAL_DESIGN_GEOMETRIC_PRESENTATION_REPRESENTATION (  '', ( #2788 ), #8099 ) ;
#2449 = LINE ( 'NONE', #1114, #1443 ) ;
#2450 = ORIENTED_EDGE ( 'NONE', *, *, #12, .F. ) ;
#2451 = CARTESIAN_POINT ( 'NONE',  ( 17.29644660940673300, 21.00355339059327500, 8.000000000000000000 ) ) ;
#2452 = COLOUR_RGB ( '',0.0000000000000000000, 0.5019607843137254800, 1.000000000000000000 ) ;
#2453 = VERTEX_POINT ( 'NONE', #44 ) ;
#2454 = CARTESIAN_POINT ( 'NONE',  ( -21.14999999999999500, -16.94289321881344500, 8.000000000000000000 ) ) ;
#2455 = LINE ( 'NONE', #5142, #6318 ) ;
#2456 = CARTESIAN_POINT ( 'NONE',  ( 15.92449465477569600, 15.94640676939203600, 47.50000000000000000 ) ) ;
#2457 = CIRCLE ( 'NONE', #7109, 0.5000000000000004400 ) ;
#2458 = DIRECTION ( 'NONE',  ( -1.000000000000000000, 0.0000000000000000000, 0.0000000000000000000 ) ) ;
#2459 = VERTEX_POINT ( 'NONE', #10307 ) ;
#2460 = AXIS2_PLACEMENT_3D ( 'NONE', #5754, #6518, #8923 ) ;
#2461 = ORIENTED_EDGE ( 'NONE', *, *, #5080, .F. ) ;
#2462 = CARTESIAN_POINT ( 'NONE',  ( 16.84930666606603500, 15.50000000000016200, 47.49878368663161900 ) ) ;
#2463 = COLOUR_RGB ( '',0.2509803921568627400, 0.2509803921568627400, 0.2509803921568627400 ) ;
#2464 = CARTESIAN_POINT ( 'NONE',  ( 0.0000000000000000000, 0.0000000000000000000, -1.899999999999999900 ) ) ;
#2465 = VERTEX_POINT ( 'NONE', #8176 ) ;
#2466 = DIRECTION ( 'NONE',  ( -0.0000000000000000000, -0.0000000000000000000, -1.000000000000000000 ) ) ;
#2467 = ORIENTED_EDGE ( 'NONE', *, *, #2362, .F. ) ;
#2468 = VECTOR ( 'NONE', #5442, 1000.000000000000000 ) ;
#2469 = FILL_AREA_STYLE_COLOUR ( '', #8956 ) ;
#2470 = DIRECTION ( 'NONE',  ( 1.000000000000000000, 0.0000000000000000000, 0.0000000000000000000 ) ) ;
#2471 = STYLED_ITEM ( 'NONE', ( #1759 ), #4093 ) ;
#2472 = DIRECTION ( 'NONE',  ( 0.0000000000000000000, 0.0000000000000000000, 1.000000000000000000 ) ) ;
#2473 = CARTESIAN_POINT ( 'NONE',  ( 15.50000000000102000, -15.49999999999983700, 47.50000000000000000 ) ) ;
#2474 = EDGE_CURVE ( 'NONE', #170, #8124, #7479, .T. ) ;
#2475 = DIRECTION ( 'NONE',  ( 1.000000000000000000, 0.0000000000000000000, 0.0000000000000000000 ) ) ;
#2476 = PRESENTATION_LAYER_ASSIGNMENT (  '', '', ( #2278 ) ) ;
#2477 = VERTEX_POINT ( 'NONE', #771 ) ;
#2478 = ADVANCED_FACE ( 'NONE', ( #2390 ), #4542, .T. ) ;
#2479 = CARTESIAN_POINT ( 'NONE',  ( 15.05359323060812700, -15.92449465477574800, 47.50000000000000000 ) ) ;
#2480 = LINE ( 'NONE', #2943, #1984 ) ;
#2481 = LINE ( 'NONE', #2869, #7594 ) ;
#2482 =( LENGTH_UNIT ( ) NAMED_UNIT ( * ) SI_UNIT ( .MILLI., .METRE. ) );
#2483 = FILL_AREA_STYLE_COLOUR ( '', #1938 ) ;
#2484 =( GEOMETRIC_REPRESENTATION_CONTEXT ( 3 ) GLOBAL_UNCERTAINTY_ASSIGNED_CONTEXT ( ( #3129 ) ) GLOBAL_UNIT_ASSIGNED_CONTEXT ( ( #9456, #4659, #3993 ) ) REPRESENTATION_CONTEXT ( 'NONE', 'WORKASPACE' ) );
#2485 = SURFACE_SIDE_STYLE ('',( #8087 ) ) ;
#2486 = EDGE_CURVE ( 'NONE', #7311, #1793, #3180, .T. ) ;
#2487 = EDGE_CURVE ( 'NONE', #7364, #170, #2676, .T. ) ;
#2488 = ADVANCED_FACE ( 'NONE', ( #4161 ), #10274, .T. ) ;
#2489 = DIRECTION ( 'NONE',  ( 0.0000000000000000000, 0.0000000000000000000, 1.000000000000000000 ) ) ;
#2490 = CARTESIAN_POINT ( 'NONE',  ( 21.15000000000000200, -17.14999999999997400, 47.50000000000000000 ) ) ;
#2491 = ORIENTED_EDGE ( 'NONE', *, *, #8254, .T. ) ;
#2492 = EDGE_LOOP ( 'NONE', ( #7165, #1056, #3800, #5428 ) ) ;
#2493 = VECTOR ( 'NONE', #4695, 1000.000000000000000 ) ;
#2494 = MECHANICAL_DESIGN_GEOMETRIC_PRESENTATION_REPRESENTATION (  '', ( #5370 ), #1245 ) ;
#2495 = B_SPLINE_CURVE_WITH_KNOTS ( 'NONE', 3,
 ( #6838, #9933, #424, #4426 ),
 .UNSPECIFIED., .F., .F.,
 ( 4, 4 ),
 ( 0.0000000000000000000, 0.0001285675718483689300 ),
 .UNSPECIFIED. ) ;
#2496 = AXIS2_PLACEMENT_3D ( 'NONE', #1753, #8939, #2619 ) ;
#2497 = CARTESIAN_POINT ( 'NONE',  ( 15.49999999999983700, 15.50000000000016000, 47.50000000000000000 ) ) ;
#2498 = CARTESIAN_POINT ( 'NONE',  ( -1.379851512413568000, -39.15000000000000600, 42.37285355221676000 ) ) ;
#2499 = DIRECTION ( 'NONE',  ( 0.8571673007021116700, 1.049727191138617800E-016, -0.5150380749100552700 ) ) ;
#2500 =( NAMED_UNIT ( * ) SI_UNIT ( $, .STERADIAN. ) SOLID_ANGLE_UNIT ( ) );
#2501 = VERTEX_POINT ( 'NONE', #3556 ) ;
#2502 = ORIENTED_EDGE ( 'NONE', *, *, #9770, .T. ) ;
#2503 =( NAMED_UNIT ( * ) SI_UNIT ( $, .STERADIAN. ) SOLID_ANGLE_UNIT ( ) );
#2504 = DIRECTION ( 'NONE',  ( -0.0000000000000000000, -0.0000000000000000000, 1.000000000000000000 ) ) ;
#2505 = LINE ( 'NONE', #6125, #9735 ) ;
#2506 = CARTESIAN_POINT ( 'NONE',  ( -14.21692477204121700, 15.92449465477564100, 46.50000000000000000 ) ) ;
#2507 = PRESENTATION_STYLE_ASSIGNMENT (( #2128 ) ) ;
#2508 = ORIENTED_EDGE ( 'NONE', *, *, #8554, .T. ) ;
#2509 =( GEOMETRIC_REPRESENTATION_CONTEXT ( 3 ) GLOBAL_UNCERTAINTY_ASSIGNED_CONTEXT ( ( #6009 ) ) GLOBAL_UNIT_ASSIGNED_CONTEXT ( ( #9148, #6826, #1315 ) ) REPRESENTATION_CONTEXT ( 'NONE', 'WORKASPACE' ) );
#2510 = SURFACE_STYLE_USAGE ( .BOTH. , #5654 ) ;
#2511 = SURFACE_SIDE_STYLE ('',( #4185 ) ) ;
#2512 = FACE_OUTER_BOUND ( 'NONE', #7791, .T. ) ;
#2513 = DIRECTION ( 'NONE',  ( 0.0000000000000000000, 0.0000000000000000000, 1.000000000000000000 ) ) ;
#2515 =( LENGTH_UNIT ( ) NAMED_UNIT ( * ) SI_UNIT ( .MILLI., .METRE. ) );
#2514 = DIRECTION ( 'NONE',  ( 1.000000000000000000, -7.771940727241890300E-015, 0.0000000000000000000 ) ) ;
#2516 = FACE_OUTER_BOUND ( 'NONE', #6925, .T. ) ;
#2517 = ORIENTED_EDGE ( 'NONE', *, *, #9835, .T. ) ;
#2518 = ORIENTED_EDGE ( 'NONE', *, *, #10209, .T. ) ;
#2519 = EDGE_LOOP ( 'NONE', ( #3111, #9435, #2160, #250 ) ) ;
#2520 = CARTESIAN_POINT ( 'NONE',  ( 16.84930666606603100, 15.05359323060817400, 47.49262389544735900 ) ) ;
#2521 = EDGE_CURVE ( 'NONE', #10230, #1088, #5291, .T. ) ;
#2522 = DIRECTION ( 'NONE',  ( -0.0000000000000000000, -0.0000000000000000000, -1.000000000000000000 ) ) ;
#2523 = DIRECTION ( 'NONE',  ( 1.000000000000000000, 0.0000000000000000000, 0.0000000000000000000 ) ) ;
#2524 = AXIS2_PLACEMENT_3D ( 'NONE', #3904, #4698, #10181 ) ;
#2525 = FACE_OUTER_BOUND ( 'NONE', #9774, .T. ) ;
#2526 = CARTESIAN_POINT ( 'NONE',  ( -15.07550534522246900, -15.05359323060807800, 46.50000000000000000 ) ) ;
#2527 = EDGE_CURVE ( 'NONE', #3922, #6659, #693, .T. ) ;
#2528 = ORIENTED_EDGE ( 'NONE', *, *, #3349, .F. ) ;
#2529 = ORIENTED_EDGE ( 'NONE', *, *, #9668, .T. ) ;
#2530 = AXIS2_PLACEMENT_3D ( 'NONE', #8582, #9339, #5426 ) ;
#2531 = VECTOR ( 'NONE', #9902, 1000.000000000000000 ) ;
#2532 =( LENGTH_UNIT ( ) NAMED_UNIT ( * ) SI_UNIT ( .MILLI., .METRE. ) );
#2533 = FACE_BOUND ( 'NONE', #703, .T. ) ;
#2534 = DIRECTION ( 'NONE',  ( 0.0000000000000000000, 0.0000000000000000000, 1.000000000000000000 ) ) ;
#2535 = ADVANCED_FACE ( 'NONE', ( #9533 ), #9863, .F. ) ;
#2536 =( LENGTH_UNIT ( ) NAMED_UNIT ( * ) SI_UNIT ( .MILLI., .METRE. ) );
#2537 = DIRECTION ( 'NONE',  ( 0.0000000000000000000, 0.0000000000000000000, 1.000000000000000000 ) ) ;
#2538 = LINE ( 'NONE', #5207, #6519 ) ;
#2539 =( NAMED_UNIT ( * ) PLANE_ANGLE_UNIT ( ) SI_UNIT ( $, .RADIAN. ) );
#2540 = ORIENTED_EDGE ( 'NONE', *, *, #559, .F. ) ;
#2541 = STYLED_ITEM ( 'NONE', ( #1387 ), #4663 ) ;
#2542 = COLOUR_RGB ( '',0.0000000000000000000, 0.5019607843137254800, 0.2509803921568627400 ) ;
#2543 =( LENGTH_UNIT ( ) NAMED_UNIT ( * ) SI_UNIT ( .MILLI., .METRE. ) );
#2544 = ORIENTED_EDGE ( 'NONE', *, *, #3364, .T. ) ;
#2545 = VERTEX_POINT ( 'NONE', #2031 ) ;
#2546 = EDGE_CURVE ( 'NONE', #8751, #833, #6528, .T. ) ;
#2547 = EDGE_CURVE ( 'NONE', #7698, #3034, #8895, .T. ) ;
#2548 = CARTESIAN_POINT ( 'NONE',  ( 2.494294627413643700, -21.25000000000000700, 40.95372187942375300 ) ) ;
#2549 = PLANE ( 'NONE',  #6996 ) ;
#2550 = CYLINDRICAL_SURFACE ( 'NONE', #5544, 1.249999999999999300 ) ;
#2551 = CARTESIAN_POINT ( 'NONE',  ( 15.92449465477568900, 14.21692477204115900, 46.50000000000000000 ) ) ;
#2552 = ORIENTED_EDGE ( 'NONE', *, *, #748, .T. ) ;
#2553 =( NAMED_UNIT ( * ) SI_UNIT ( $, .STERADIAN. ) SOLID_ANGLE_UNIT ( ) );
#2555 = DIRECTION ( 'NONE',  ( 0.0000000000000000000, 1.000000000000000000, 0.0000000000000000000 ) ) ;
#2554 = SURFACE_SIDE_STYLE ('',( #3964 ) ) ;
#2556 = ORIENTED_EDGE ( 'NONE', *, *, #10161, .F. ) ;
#2557 = COLOUR_RGB ( '',0.2509803921568627400, 0.2509803921568627400, 0.2509803921568627400 ) ;
#2558 = ORIENTED_EDGE ( 'NONE', *, *, #1649, .T. ) ;
#2559 = ORIENTED_EDGE ( 'NONE', *, *, #1681, .T. ) ;
#2560 = DIRECTION ( 'NONE',  ( 0.0000000000000000000, 0.0000000000000000000, -1.000000000000000000 ) ) ;
#2561 = VECTOR ( 'NONE', #5555, 1000.000000000000000 ) ;
#2562 = PRESENTATION_LAYER_ASSIGNMENT (  '', '', ( #6480 ) ) ;
#2563 = SURFACE_STYLE_USAGE ( .BOTH. , #7317 ) ;
#2564 = ORIENTED_EDGE ( 'NONE', *, *, #2898, .T. ) ;
#2565 = AXIS2_PLACEMENT_3D ( 'NONE', #6474, #2775, #8844 ) ;
#2566 = EDGE_CURVE ( 'NONE', #8265, #1526, #9375, .T. ) ;
#2567 = CARTESIAN_POINT ( 'NONE',  ( 0.0000000000000000000, 0.0000000000000000000, 45.50000000000002100 ) ) ;
#2568 = CARTESIAN_POINT ( 'NONE',  ( -15.92449465477582700, -16.78307522795895000, 46.50000000000000000 ) ) ;
#2569 = FACE_OUTER_BOUND ( 'NONE', #4799, .T. ) ;
#2570 = ORIENTED_EDGE ( 'NONE', *, *, #7925, .T. ) ;
#2571 = DIRECTION ( 'NONE',  ( 1.000000000000000000, 0.0000000000000000000, -0.0000000000000000000 ) ) ;
#2572 = CARTESIAN_POINT ( 'NONE',  ( 15.05359323060813500, -15.07550534522241900, 47.50000000000000000 ) ) ;
#2573 = CIRCLE ( 'NONE', #2288, 25.00000000000000000 ) ;
#2574 = B_SPLINE_CURVE_WITH_KNOTS ( 'NONE', 3,
 ( #3107, #4643, #2395, #10258 ),
 .UNSPECIFIED., .F., .F.,
 ( 4, 4 ),
 ( 0.0000000000000000000, 5.435045947792260100E-005 ),
 .UNSPECIFIED. ) ;
#2575 = CIRCLE ( 'NONE', #8331, 3.499999999999781100 ) ;
#2576 = EDGE_LOOP ( 'NONE', ( #9299, #6967, #10184, #8442, #5564, #6950 ) ) ;
#2577 = FILL_AREA_STYLE ('',( #3450 ) ) ;
#2578 = SURFACE_STYLE_USAGE ( .BOTH. , #4275 ) ;
#2579 = VECTOR ( 'NONE', #2466, 1000.000000000000000 ) ;
#2580 = ORIENTED_EDGE ( 'NONE', *, *, #1810, .T. ) ;
#2581 =( LENGTH_UNIT ( ) NAMED_UNIT ( * ) SI_UNIT ( .MILLI., .METRE. ) );
#2582 = CARTESIAN_POINT ( 'NONE',  ( -15.05359323060823600, 16.84930666606597800, 47.49262389544726700 ) ) ;
#2583 = PRESENTATION_LAYER_ASSIGNMENT (  '', '', ( #7365 ) ) ;
#2584 =( GEOMETRIC_REPRESENTATION_CONTEXT ( 3 ) GLOBAL_UNCERTAINTY_ASSIGNED_CONTEXT ( ( #2630 ) ) GLOBAL_UNIT_ASSIGNED_CONTEXT ( ( #4468, #8286, #474 ) ) REPRESENTATION_CONTEXT ( 'NONE', 'WORKASPACE' ) );
#2585 = LINE ( 'NONE', #8988, #6075 ) ;
#2586 = VECTOR ( 'NONE', #3937, 1000.000000000000000 ) ;
#2587 = DIRECTION ( 'NONE',  ( -0.0000000000000000000, -0.0000000000000000000, 1.000000000000000000 ) ) ;
#2588 = CARTESIAN_POINT ( 'NONE',  ( -14.21692477204121700, 15.14729938218376900, 47.49983667794647600 ) ) ;
#2589 = VERTEX_POINT ( 'NONE', #9170 ) ;
#2590 = CARTESIAN_POINT ( 'NONE',  ( -15.78089184510068900, -14.21692477204105600, 47.50000000000000000 ) ) ;
#2591 = FILL_AREA_STYLE ('',( #8143 ) ) ;
#2592 = SURFACE_STYLE_USAGE ( .BOTH. , #2511 ) ;
#2593 = VERTEX_POINT ( 'NONE', #9901 ) ;
#2594 = DIRECTION ( 'NONE',  ( 0.0000000000000000000, 0.0000000000000000000, 1.000000000000000000 ) ) ;
#2595 = ORIENTED_EDGE ( 'NONE', *, *, #1792, .F. ) ;
#2596 = SURFACE_STYLE_FILL_AREA ( #5682 ) ;
#2597 = CARTESIAN_POINT ( 'NONE',  ( -16.84930666606614500, -15.94640676939191900, 47.49262389544728800 ) ) ;
#2598 = SURFACE_STYLE_FILL_AREA ( #10297 ) ;
#2599 = ADVANCED_FACE ( 'NONE', ( #5537 ), #9415, .T. ) ;
#2600 = MECHANICAL_DESIGN_GEOMETRIC_PRESENTATION_REPRESENTATION (  '', ( #10261 ), #1925 ) ;
#2601 = DIRECTION ( 'NONE',  ( 0.0000000000000000000, 0.0000000000000000000, 1.000000000000000000 ) ) ;
#2602 = ORIENTED_EDGE ( 'NONE', *, *, #1366, .T. ) ;
#2603 = EDGE_CURVE ( 'NONE', #6080, #10080, #799, .T. ) ;
#2604 =( LENGTH_UNIT ( ) NAMED_UNIT ( * ) SI_UNIT ( .MILLI., .METRE. ) );
#2605 = EDGE_CURVE ( 'NONE', #843, #1526, #7273, .T. ) ;
#2606 = VERTEX_POINT ( 'NONE', #1191 ) ;
#2607 = CARTESIAN_POINT ( 'NONE',  ( -2.799999999999999800, 3.429011037612588800E-016, 46.00000000000000000 ) ) ;
#2608 = PRESENTATION_LAYER_ASSIGNMENT (  '', '', ( #672 ) ) ;
#2610 = VECTOR ( 'NONE', #3891, 1000.000000000000100 ) ;
#2609 = DIRECTION ( 'NONE',  ( 1.000000000000000000, 0.0000000000000000000, 0.0000000000000000000 ) ) ;
#2611 = FACE_OUTER_BOUND ( 'NONE', #5778, .T. ) ;
#2612 = CARTESIAN_POINT ( 'NONE',  ( -16.84930666606613400, -15.05359323060806000, 46.50000000000000000 ) ) ;
#2613 = LINE ( 'NONE', #530, #2123 ) ;
#2614 = PLANE ( 'NONE',  #1334 ) ;
#2615 = CARTESIAN_POINT ( 'NONE',  ( -15.94640676939209500, 15.07550534522231100, 46.50000000000000000 ) ) ;
#2616 = PRESENTATION_LAYER_ASSIGNMENT (  '', '', ( #2541 ) ) ;
#2617 =( NAMED_UNIT ( * ) PLANE_ANGLE_UNIT ( ) SI_UNIT ( $, .RADIAN. ) );
#2618 = VECTOR ( 'NONE', #9414, 1000.000000000000000 ) ;
#2619 = DIRECTION ( 'NONE',  ( 1.000000000000000000, 0.0000000000000000000, 0.0000000000000000000 ) ) ;
#2620 = EDGE_CURVE ( 'NONE', #2715, #7690, #2932, .T. ) ;
#2621 = LINE ( 'NONE', #8278, #9843 ) ;
#2622 = EDGE_CURVE ( 'NONE', #785, #161, #3057, .T. ) ;
#2623 = FILL_AREA_STYLE ('',( #5880 ) ) ;
#2624 = AXIS2_PLACEMENT_3D ( 'NONE', #3357, #7340, #9054 ) ;
#2625 = ORIENTED_EDGE ( 'NONE', *, *, #8735, .T. ) ;
#2626 = FILL_AREA_STYLE ('',( #8837 ) ) ;
#2627 = CYLINDRICAL_SURFACE ( 'NONE', #8611, 3.500000000000000000 ) ;
#2628 = CARTESIAN_POINT ( 'NONE',  ( 0.0000000000000000000, 0.0000000000000000000, 45.00000000000000000 ) ) ;
#2629 = CARTESIAN_POINT ( 'NONE',  ( -16.94289321881343500, 21.14999999999999900, 38.00000000000000000 ) ) ;
#2630 = UNCERTAINTY_MEASURE_WITH_UNIT (LENGTH_MEASURE( 1.000000000000000100E-005 ), #4468, 'distance_accuracy_value', 'NONE');
#2631 = CARTESIAN_POINT ( 'NONE',  ( -15.94640676939209500, 16.84930666606597800, 46.50000000000000000 ) ) ;
#2632 = DIRECTION ( 'NONE',  ( 0.0000000000000000000, 0.0000000000000000000, 1.000000000000000000 ) ) ;
#2633 = EDGE_CURVE ( 'NONE', #10074, #10157, #918, .T. ) ;
#2634 = EDGE_CURVE ( 'NONE', #1261, #8691, #9172, .T. ) ;
#2635 = FILL_AREA_STYLE ('',( #1778 ) ) ;
#2636 = ORIENTED_EDGE ( 'NONE', *, *, #8930, .F. ) ;
#2637 = FACE_OUTER_BOUND ( 'NONE', #10194, .T. ) ;
#2638 = CARTESIAN_POINT ( 'NONE',  ( -3.496119095141088500, -19.15000000000000600, 44.41033917074156500 ) ) ;
#2639 = FACE_OUTER_BOUND ( 'NONE', #1660, .T. ) ;
#2640 = CARTESIAN_POINT ( 'NONE',  ( -16.94289321881342000, -20.65000000000000900, 48.00000000000000000 ) ) ;
#2641 = VECTOR ( 'NONE', #4703, 1000.000000000000000 ) ;
#2642 = ORIENTED_EDGE ( 'NONE', *, *, #1613, .F. ) ;
#2643 = CIRCLE ( 'NONE', #7013, 1.249999999999999300 ) ;
#2644 = PRESENTATION_LAYER_ASSIGNMENT (  '', '', ( #1576 ) ) ;
#2645 =( GEOMETRIC_REPRESENTATION_CONTEXT ( 3 ) GLOBAL_UNCERTAINTY_ASSIGNED_CONTEXT ( ( #1230 ) ) GLOBAL_UNIT_ASSIGNED_CONTEXT ( ( #42, #9647, #7930 ) ) REPRESENTATION_CONTEXT ( 'NONE', 'WORKASPACE' ) );
#2646 = LINE ( 'NONE', #9813, #8233 ) ;
#2647 = CARTESIAN_POINT ( 'NONE',  ( -16.84930666606614100, -15.50000000000102300, 47.49878368663156900 ) ) ;
#2649 = ADVANCED_FACE ( 'NONE', ( #2303 ), #5295, .F. ) ;
#2648 = LINE ( 'NONE', #6667, #5753 ) ;
#2650 = CARTESIAN_POINT ( 'NONE',  ( -15.94640676939209500, 15.92449465477564100, 46.50000000000000000 ) ) ;
#2651 = CARTESIAN_POINT ( 'NONE',  ( 15.50000000000102000, -15.49999999999983700, 46.50000000000000000 ) ) ;
#2652 = EDGE_LOOP ( 'NONE', ( #7795, #7581, #4817, #1590, #4154, #7508, #8383, #8221, #2085, #5781, #2423, #5656, #7439, #7907 ) ) ;
#2653 = ORIENTED_EDGE ( 'NONE', *, *, #10202, .F. ) ;
#2654 = SURFACE_STYLE_USAGE ( .BOTH. , #4245 ) ;
#2655 = DIRECTION ( 'NONE',  ( 0.0000000000000000000, 0.0000000000000000000, 1.000000000000000000 ) ) ;
#2656 = LINE ( 'NONE', #3489, #8995 ) ;
#2657 = DIRECTION ( 'NONE',  ( -0.0000000000000000000, 1.000000000000000000, 0.0000000000000000000 ) ) ;
#2658 = CARTESIAN_POINT ( 'NONE',  ( 2.799999999999999800, 3.429011037612588800E-016, 1.000000000000000000 ) ) ;
#2659 =( GEOMETRIC_REPRESENTATION_CONTEXT ( 3 ) GLOBAL_UNCERTAINTY_ASSIGNED_CONTEXT ( ( #3760 ) ) GLOBAL_UNIT_ASSIGNED_CONTEXT ( ( #10241, #4660, #2982 ) ) REPRESENTATION_CONTEXT ( 'NONE', 'WORKASPACE' ) );
#2660 = DIRECTION ( 'NONE',  ( 0.0000000000000000000, 0.0000000000000000000, -1.000000000000000000 ) ) ;
#2661 = DIRECTION ( 'NONE',  ( 0.0000000000000000000, -0.0000000000000000000, -1.000000000000000000 ) ) ;
#2662 = EDGE_LOOP ( 'NONE', ( #6801, #5374 ) ) ;
#2663 = ORIENTED_EDGE ( 'NONE', *, *, #984, .T. ) ;
#2664 = ORIENTED_EDGE ( 'NONE', *, *, #6686, .F. ) ;
#2665 = VECTOR ( 'NONE', #9129, 1000.000000000000000 ) ;
#2666 = VECTOR ( 'NONE', #10225, 1000.000000000000000 ) ;
#2667 = ORIENTED_EDGE ( 'NONE', *, *, #9307, .F. ) ;
#2668 = ORIENTED_EDGE ( 'NONE', *, *, #7132, .T. ) ;
#2669 = UNCERTAINTY_MEASURE_WITH_UNIT (LENGTH_MEASURE( 1.000000000000000100E-005 ), #8402, 'distance_accuracy_value', 'NONE');
#2670 = CARTESIAN_POINT ( 'NONE',  ( -20.64999999999999500, -16.94289321881344500, 8.000000000000000000 ) ) ;
#2671 = FACE_OUTER_BOUND ( 'NONE', #6424, .T. ) ;
#2672 = CARTESIAN_POINT ( 'NONE',  ( -15.92449465477579700, -15.05359323060806700, 47.50000000000000000 ) ) ;
#2673 = VERTEX_POINT ( 'NONE', #3661 ) ;
#2674 = ADVANCED_FACE ( 'NONE', ( #8298 ), #571, .F. ) ;
#2675 = STYLED_ITEM ( 'NONE', ( #7355 ), #4478 ) ;
#2676 = CIRCLE ( 'NONE', #8714, 0.4999999999999982200 ) ;
#2677 = CARTESIAN_POINT ( 'NONE',  ( 0.0000000000000000000, 0.0000000000000000000, -24.00000000000000000 ) ) ;
#2678 = EDGE_CURVE ( 'NONE', #7690, #1045, #8548, .T. ) ;
#2679 = ORIENTED_EDGE ( 'NONE', *, *, #6130, .F. ) ;
#2680 = STYLED_ITEM ( 'NONE', ( #2165 ), #9941 ) ;
#2681 = ORIENTED_EDGE ( 'NONE', *, *, #1529, .T. ) ;
#2682 = ORIENTED_EDGE ( 'NONE', *, *, #6268, .T. ) ;
#2683 = CARTESIAN_POINT ( 'NONE',  ( 21.15000000000000200, -21.15000000000000200, 40.00000000000000000 ) ) ;
#2684 = EDGE_LOOP ( 'NONE', ( #9633, #10222, #5802, #6236 ) ) ;
#2685 = CARTESIAN_POINT ( 'NONE',  ( -15.92449465477579000, -14.21692477204105200, 47.49867441544044100 ) ) ;
#2686 = ORIENTED_EDGE ( 'NONE', *, *, #10081, .F. ) ;
#2687 = DIRECTION ( 'NONE',  ( 0.0000000000000000000, 0.0000000000000000000, -1.000000000000000000 ) ) ;
#2688 = CARTESIAN_POINT ( 'NONE',  ( 15.94640676939198800, -15.92449465477575500, 46.50000000000000000 ) ) ;
#2689 = CARTESIAN_POINT ( 'NONE',  ( 15.05359323060814000, -14.15069333393208400, 47.49262389544714600 ) ) ;
#2690 = EDGE_LOOP ( 'NONE', ( #4470, #3927, #3674, #2981, #3074, #8515, #1726, #606 ) ) ;
#2691 = PRESENTATION_LAYER_ASSIGNMENT (  '', '', ( #8001 ) ) ;
#2692 = DIRECTION ( 'NONE',  ( -0.0000000000000000000, 1.000000000000000000, -0.0000000000000000000 ) ) ;
#2693 = DIRECTION ( 'NONE',  ( -0.7071067811865475700, -0.7071067811865475700, 0.0000000000000000000 ) ) ;
#2694 = MECHANICAL_DESIGN_GEOMETRIC_PRESENTATION_REPRESENTATION (  '', ( #154 ), #3229 ) ;
#2695 = CONICAL_SURFACE ( 'NONE', #1854, 1.249999999999997600, 1.029744258676653200 ) ;
#2696 = EDGE_CURVE ( 'NONE', #785, #3659, #4800, .T. ) ;
#2697 = VERTEX_POINT ( 'NONE', #5226 ) ;
#2698 = DIRECTION ( 'NONE',  ( 0.0000000000000000000, 0.0000000000000000000, -1.000000000000000000 ) ) ;
#2699 = DIRECTION ( 'NONE',  ( -0.0000000000000000000, 1.000000000000000000, -0.0000000000000000000 ) ) ;
#2700 = FACE_OUTER_BOUND ( 'NONE', #3528, .T. ) ;
#2701 = PLANE ( 'NONE',  #9508 ) ;
#2702 = LINE ( 'NONE', #2805, #5935 ) ;
#2703 = DIRECTION ( 'NONE',  ( -0.0000000000000000000, 0.0000000000000000000, 1.000000000000000000 ) ) ;
#2704 = ORIENTED_EDGE ( 'NONE', *, *, #5221, .F. ) ;
#2705 = ADVANCED_FACE ( 'NONE', ( #8924 ), #7433, .F. ) ;
#2706 = DIRECTION ( 'NONE',  ( 0.7363275207553917600, 0.0000000000000000000, -0.6766252893427928700 ) ) ;
#2707 = DIRECTION ( 'NONE',  ( 1.000000000000000000, 6.938893903907222100E-015, 0.0000000000000000000 ) ) ;
#2708 = VERTEX_POINT ( 'NONE', #10132 ) ;
#2709 = FACE_OUTER_BOUND ( 'NONE', #5687, .T. ) ;
#2710 = SURFACE_SIDE_STYLE ('',( #7971 ) ) ;
#2711 = STYLED_ITEM ( 'NONE', ( #4258 ), #820 ) ;
#2712 = COLOUR_RGB ( '',0.2509803921568627400, 0.2509803921568627400, 0.2509803921568627400 ) ;
#2713 = DIRECTION ( 'NONE',  ( 1.000000000000000000, 4.146740463834158200E-015, 0.0000000000000000000 ) ) ;
#2714 = DIRECTION ( 'NONE',  ( -0.0000000000000000000, -0.0000000000000000000, -1.000000000000000000 ) ) ;
#2715 = VERTEX_POINT ( 'NONE', #1293 ) ;
#2716 = DIRECTION ( 'NONE',  ( -0.0000000000000000000, -0.0000000000000000000, -1.000000000000000000 ) ) ;
#2717 = VERTEX_POINT ( 'NONE', #4527 ) ;
#2718 = DIRECTION ( 'NONE',  ( -2.073370231917083400E-015, -1.000000000000000000, 0.0000000000000000000 ) ) ;
#2719 = DIRECTION ( 'NONE',  ( 1.000000000000000000, 8.202002250481357500E-017, -0.0000000000000000000 ) ) ;
#2720 =( NAMED_UNIT ( * ) SI_UNIT ( $, .STERADIAN. ) SOLID_ANGLE_UNIT ( ) );
#2721 = ORIENTED_EDGE ( 'NONE', *, *, #9138, .F. ) ;
#2722 = DIRECTION ( 'NONE',  ( 1.000000000000000000, 0.0000000000000000000, 0.0000000000000000000 ) ) ;
#2723 = DIRECTION ( 'NONE',  ( 1.000000000000000000, 0.0000000000000000000, 0.0000000000000000000 ) ) ;
#2724 = CARTESIAN_POINT ( 'NONE',  ( 15.94640676939199500, -15.07550534522242500, 46.50000000000000000 ) ) ;
#2725 = AXIS2_PLACEMENT_3D ( 'NONE', #3032, #9342, #3692 ) ;
#2726 = STYLED_ITEM ( 'NONE', ( #6705 ), #8220 ) ;
#2727 = ORIENTED_EDGE ( 'NONE', *, *, #8785, .F. ) ;
#2728 = CARTESIAN_POINT ( 'NONE',  ( 15.21910815489353100, 16.78307522795905600, 47.50000000000000000 ) ) ;
#2729 = ADVANCED_FACE ( 'NONE', ( #4681 ), #950, .T. ) ;
#2730 = CARTESIAN_POINT ( 'NONE',  ( -15.07550534522246000, -14.27125906389359300, 47.50000000000000000 ) ) ;
#2731 =( LENGTH_UNIT ( ) NAMED_UNIT ( * ) SI_UNIT ( .MILLI., .METRE. ) );
#2732 = ORIENTED_EDGE ( 'NONE', *, *, #1719, .T. ) ;
#2734 = DIRECTION ( 'NONE',  ( 0.0000000000000000000, 0.0000000000000000000, 1.000000000000000000 ) ) ;
#2733 = DIRECTION ( 'NONE',  ( -0.8571673007021116700, 0.0000000000000000000, -0.5150380749100552700 ) ) ;
#2735 = EDGE_CURVE ( 'NONE', #9259, #288, #10170, .T. ) ;
#2736 = FACE_OUTER_BOUND ( 'NONE', #2344, .T. ) ;
#2737 = AXIS2_PLACEMENT_3D ( 'NONE', #1471, #8602, #773 ) ;
#2738 = DIRECTION ( 'NONE',  ( -1.000000000000000000, 0.0000000000000000000, 0.0000000000000000000 ) ) ;
#2739 = DIRECTION ( 'NONE',  ( 1.000000000000000000, 0.0000000000000000000, 0.0000000000000000000 ) ) ;
#2740 = EDGE_CURVE ( 'NONE', #2673, #3001, #6234, .T. ) ;
#2741 =( LENGTH_UNIT ( ) NAMED_UNIT ( * ) SI_UNIT ( .MILLI., .METRE. ) );
#2742 = AXIS2_PLACEMENT_3D ( 'NONE', #7263, #8064, #6431 ) ;
#2743 = SURFACE_STYLE_USAGE ( .BOTH. , #2820 ) ;
#2744 =( NAMED_UNIT ( * ) SI_UNIT ( $, .STERADIAN. ) SOLID_ANGLE_UNIT ( ) );
#2745 = CARTESIAN_POINT ( 'NONE',  ( 14.21692477204111200, -15.70908840091109900, 47.50000000000000000 ) ) ;
#2746 = UNCERTAINTY_MEASURE_WITH_UNIT (LENGTH_MEASURE( 1.000000000000000100E-005 ), #2482, 'distance_accuracy_value', 'NONE');
#2747 = VERTEX_POINT ( 'NONE', #6868 ) ;
#2748 = SURFACE_STYLE_USAGE ( .BOTH. , #5218 ) ;
#2749 = CARTESIAN_POINT ( 'NONE',  ( 3.503880904858911000, -21.25000000000000700, 44.41033917074156500 ) ) ;
#2750 = ADVANCED_FACE ( 'NONE', ( #722 ), #10199, .F. ) ;
#2751 = DIRECTION ( 'NONE',  ( -0.0000000000000000000, -0.0000000000000000000, 1.000000000000000000 ) ) ;
#2752 = EDGE_CURVE ( 'NONE', #3159, #3423, #4934, .T. ) ;
#2753 = ORIENTED_EDGE ( 'NONE', *, *, #10082, .T. ) ;
#2754 = EDGE_CURVE ( 'NONE', #10026, #4127, #2331, .T. ) ;
#2755 = DIRECTION ( 'NONE',  ( 1.000000000000000000, 0.0000000000000000000, 0.0000000000000000000 ) ) ;
#2756 = PLANE ( 'NONE',  #8880 ) ;
#2757 = DIRECTION ( 'NONE',  ( -1.000000000000000000, 0.0000000000000000000, 0.0000000000000000000 ) ) ;
#2758 = CARTESIAN_POINT ( 'NONE',  ( -15.79760451292811900, 16.84930666606597800, 47.49833231681228800 ) ) ;
#2759 = AXIS2_PLACEMENT_3D ( 'NONE', #8823, #6392, #827 ) ;
#2760 = CIRCLE ( 'NONE', #533, 3.000000000000927300 ) ;
#2761 = CARTESIAN_POINT ( 'NONE',  ( 0.0000000000000000000, 0.0000000000000000000, 40.00000000000000000 ) ) ;
#2762 = DIRECTION ( 'NONE',  ( 0.0000000000000000000, -1.000000000000000000, 0.0000000000000000000 ) ) ;
#2763 = ORIENTED_EDGE ( 'NONE', *, *, #6835, .T. ) ;
#2764 = CARTESIAN_POINT ( 'NONE',  ( -13.31369220013741200, -21.16000000000000700, -53.84951795962939500 ) ) ;
#2765 = CARTESIAN_POINT ( 'NONE',  ( -21.14999999999999500, 17.14999999999999500, 10.00000000000000000 ) ) ;
#2766 = ORIENTED_EDGE ( 'NONE', *, *, #8793, .T. ) ;
#2767 = UNCERTAINTY_MEASURE_WITH_UNIT (LENGTH_MEASURE( 1.000000000000000100E-005 ), #2543, 'distance_accuracy_value', 'NONE');
#2768 = DIRECTION ( 'NONE',  ( 0.0000000000000000000, 0.0000000000000000000, 1.000000000000000000 ) ) ;
#2769 = DIRECTION ( 'NONE',  ( -0.0000000000000000000, -0.0000000000000000000, 1.000000000000000000 ) ) ;
#2770 = FACE_BOUND ( 'NONE', #5389, .T. ) ;
#2771 = DIRECTION ( 'NONE',  ( -0.0000000000000000000, -0.0000000000000000000, 1.000000000000000000 ) ) ;
#2772 = STYLED_ITEM ( 'NONE', ( #8875 ), #381 ) ;
#2773 = EDGE_CURVE ( 'NONE', #5403, #8615, #6559, .T. ) ;
#2774 = CIRCLE ( 'NONE', #9642, 0.5000000000000004400 ) ;
#2775 = DIRECTION ( 'NONE',  ( -0.0000000000000000000, -1.000000000000000000, -0.0000000000000000000 ) ) ;
#2776 = EDGE_LOOP ( 'NONE', ( #9027, #8471, #2502, #8507 ) ) ;
#2777 = ORIENTED_EDGE ( 'NONE', *, *, #2361, .T. ) ;
#2778 = CARTESIAN_POINT ( 'NONE',  ( 21.00355339059327500, 17.29644660940671800, 0.0000000000000000000 ) ) ;
#2779 = LINE ( 'NONE', #9890, #279 ) ;
#2780 = DIRECTION ( 'NONE',  ( 0.0000000000000000000, 0.0000000000000000000, 1.000000000000000000 ) ) ;
#2781 = ADVANCED_FACE ( 'NONE', ( #2963 ), #8684, .F. ) ;
#2782 = DIRECTION ( 'NONE',  ( 1.000000000000000000, 0.0000000000000000000, 0.0000000000000000000 ) ) ;
#2783 = CARTESIAN_POINT ( 'NONE',  ( -15.05359323060823600, 14.15069333393197400, 46.50000000000000000 ) ) ;
#2784 = VERTEX_POINT ( 'NONE', #1490 ) ;
#2785 = ORIENTED_EDGE ( 'NONE', *, *, #5094, .T. ) ;
#2786 = EDGE_LOOP ( 'NONE', ( #8115, #1204, #3601, #7894 ) ) ;
#2787 = PRESENTATION_LAYER_ASSIGNMENT (  '', '', ( #6371 ) ) ;
#2788 = STYLED_ITEM ( 'NONE', ( #6096 ), #7630 ) ;
#2789 = VECTOR ( 'NONE', #6304, 1000.000000000000000 ) ;
#2790 = DIRECTION ( 'NONE',  ( 0.0000000000000000000, 0.0000000000000000000, -1.000000000000000000 ) ) ;
#2791 = SURFACE_STYLE_FILL_AREA ( #3527 ) ;
#2792 = DIRECTION ( 'NONE',  ( 1.000000000000000000, 0.0000000000000000000, 0.0000000000000000000 ) ) ;
#2793 =( NAMED_UNIT ( * ) SI_UNIT ( $, .STERADIAN. ) SOLID_ANGLE_UNIT ( ) );
#2794 = COLOUR_RGB ( '',0.2509803921568627400, 0.2509803921568627400, 0.2509803921568627400 ) ;
#2795 = PLANE ( 'NONE',  #6219 ) ;
#2796 = CARTESIAN_POINT ( 'NONE',  ( 18.79644660940664400, 18.79644660940677500, 48.00000000000000000 ) ) ;
#2797 = VERTEX_POINT ( 'NONE', #10168 ) ;
#2798 = ORIENTED_EDGE ( 'NONE', *, *, #3154, .T. ) ;
#2799 = CONICAL_SURFACE ( 'NONE', #10205, 2.000000000000015500, 0.7853981633974391800 ) ;
#2800 = CARTESIAN_POINT ( 'NONE',  ( -15.05359323060823600, 15.07550534522231100, 46.50000000000000000 ) ) ;
#2801 = DIRECTION ( 'NONE',  ( -0.0000000000000000000, -0.0000000000000000000, 1.000000000000000000 ) ) ;
#2802 = STYLED_ITEM ( 'NONE', ( #7544 ), #3334 ) ;
#2803 = VECTOR ( 'NONE', #7054, 1000.000000000000000 ) ;
#2804 = CARTESIAN_POINT ( 'NONE',  ( -14.15069333393213700, -15.50000000000102300, 47.49878368663158300 ) ) ;
#2805 = CARTESIAN_POINT ( 'NONE',  ( -2.596119095141088600, -19.15000000000000600, 0.0000000000000000000 ) ) ;
#2806 = VECTOR ( 'NONE', #1310, 1000.000000000000000 ) ;
#2807 =( NAMED_UNIT ( * ) PLANE_ANGLE_UNIT ( ) SI_UNIT ( $, .RADIAN. ) );
#2809 = DIRECTION ( 'NONE',  ( -0.0000000000000000000, -0.0000000000000000000, 1.000000000000000000 ) ) ;
#2808 = DIRECTION ( 'NONE',  ( -0.0000000000000000000, -0.0000000000000000000, 1.000000000000000000 ) ) ;
#2810 = ORIENTED_EDGE ( 'NONE', *, *, #25, .T. ) ;
#2811 = UNCERTAINTY_MEASURE_WITH_UNIT (LENGTH_MEASURE( 1.000000000000000100E-005 ), #1442, 'distance_accuracy_value', 'NONE');
#2812 =( GEOMETRIC_REPRESENTATION_CONTEXT ( 3 ) GLOBAL_UNCERTAINTY_ASSIGNED_CONTEXT ( ( #9905 ) ) GLOBAL_UNIT_ASSIGNED_CONTEXT ( ( #6088, #9987, #2861 ) ) REPRESENTATION_CONTEXT ( 'NONE', 'WORKASPACE' ) );
#2813 = LINE ( 'NONE', #9184, #5914 ) ;
#2814 = ORIENTED_EDGE ( 'NONE', *, *, #479, .T. ) ;
#2815 = ADVANCED_FACE ( 'NONE', ( #10299 ), #4619, .F. ) ;
#2816 = ORIENTED_EDGE ( 'NONE', *, *, #8297, .F. ) ;
#2817 = CARTESIAN_POINT ( 'NONE',  ( 0.0000000000000000000, 0.0000000000000000000, 6.000000000000000000 ) ) ;
#2818 = PRESENTATION_STYLE_ASSIGNMENT (( #3418 ) ) ;
#2819 = VERTEX_POINT ( 'NONE', #3037 ) ;
#2820 = SURFACE_SIDE_STYLE ('',( #1138 ) ) ;
#2821 = FILL_AREA_STYLE_COLOUR ( '', #2712 ) ;
#2822 = VERTEX_POINT ( 'NONE', #6267 ) ;
#2823 =( LENGTH_UNIT ( ) NAMED_UNIT ( * ) SI_UNIT ( .MILLI., .METRE. ) );
#2824 = AXIS2_PLACEMENT_3D ( 'NONE', #10273, #2262, #3822 ) ;
#2825 = VERTEX_POINT ( 'NONE', #5392 ) ;
#2826 = VERTEX_POINT ( 'NONE', #671 ) ;
#2827 = EDGE_CURVE ( 'NONE', #2198, #6430, #7921, .T. ) ;
#2828 = EDGE_CURVE ( 'NONE', #972, #646, #8790, .T. ) ;
#2829 = LINE ( 'NONE', #4581, #9311 ) ;
#2830 = FACE_OUTER_BOUND ( 'NONE', #3400, .T. ) ;
#2831 = ORIENTED_EDGE ( 'NONE', *, *, #3620, .T. ) ;
#2832 =( NAMED_UNIT ( * ) PLANE_ANGLE_UNIT ( ) SI_UNIT ( $, .RADIAN. ) );
#2833 = DIRECTION ( 'NONE',  ( -0.0000000000000000000, -0.0000000000000000000, 1.000000000000000000 ) ) ;
#2834 = CYLINDRICAL_SURFACE ( 'NONE', #259, 0.5000000000000004400 ) ;
#2835 = CARTESIAN_POINT ( 'NONE',  ( -14.21692477204121700, 15.92449465477564100, 47.49867441544049000 ) ) ;
#2836 = VERTEX_POINT ( 'NONE', #1424 ) ;
#2837 = CARTESIAN_POINT ( 'NONE',  ( 0.0000000000000000000, 0.0000000000000000000, -24.00000000000000000 ) ) ;
#2838 = DIRECTION ( 'NONE',  ( -0.7071067811865500200, 0.7071067811865451300, -0.0000000000000000000 ) ) ;
#2839 = STYLED_ITEM ( 'NONE', ( #6437 ), #5563 ) ;
#2840 = CARTESIAN_POINT ( 'NONE',  ( 15.94640676939200000, -14.27904914257685900, 47.50000000000000000 ) ) ;
#2841 = ORIENTED_EDGE ( 'NONE', *, *, #746, .F. ) ;
#2842 = ADVANCED_FACE ( 'NONE', ( #3452 ), #7029, .T. ) ;
#2843 = EDGE_CURVE ( 'NONE', #9582, #1344, #8172, .T. ) ;
#2844 = EDGE_CURVE ( 'NONE', #9174, #1415, #5152, .T. ) ;
#2845 = PLANE ( 'NONE',  #249 ) ;
#2846 = CARTESIAN_POINT ( 'NONE',  ( -16.94289321881343500, 21.14999999999999900, 48.00000000000000000 ) ) ;
#2847 = PRESENTATION_STYLE_ASSIGNMENT (( #7598 ) ) ;
#2848 = VERTEX_POINT ( 'NONE', #1457 ) ;
#2849 = DIRECTION ( 'NONE',  ( -0.0000000000000000000, -0.0000000000000000000, 1.000000000000000000 ) ) ;
#2850 =( NAMED_UNIT ( * ) PLANE_ANGLE_UNIT ( ) SI_UNIT ( $, .RADIAN. ) );
#2851 = VECTOR ( 'NONE', #5350, 1000.000000000000000 ) ;
#2852 = FILL_AREA_STYLE_COLOUR ( '', #7781 ) ;
#2853 = CARTESIAN_POINT ( 'NONE',  ( 21.15000000000012600, -21.14999999999984900, 8.000000000000000000 ) ) ;
#2854 = ORIENTED_EDGE ( 'NONE', *, *, #1419, .T. ) ;
#2855 = CARTESIAN_POINT ( 'NONE',  ( 17.80000000000102000, -15.49999999999983700, 46.00000000000000000 ) ) ;
#2856 = VERTEX_POINT ( 'NONE', #5496 ) ;
#2857 = DIRECTION ( 'NONE',  ( -0.0000000000000000000, -0.0000000000000000000, 1.000000000000000000 ) ) ;
#2858 = AXIS2_PLACEMENT_3D ( 'NONE', #4313, #3548, #351 ) ;
#2859 = ORIENTED_EDGE ( 'NONE', *, *, #3168, .T. ) ;
#2860 = CARTESIAN_POINT ( 'NONE',  ( -21.14999999999999100, -13.32957238623957300, 8.000000000000000000 ) ) ;
#2861 =( NAMED_UNIT ( * ) SI_UNIT ( $, .STERADIAN. ) SOLID_ANGLE_UNIT ( ) );
#2862 = VECTOR ( 'NONE', #6434, 1000.000000000000000 ) ;
#2863 = VECTOR ( 'NONE', #8084, 1000.000000000000000 ) ;
#2864 = ORIENTED_EDGE ( 'NONE', *, *, #1789, .T. ) ;
#2865 = DIRECTION ( 'NONE',  ( 1.000000000000000000, 0.0000000000000000000, 0.0000000000000000000 ) ) ;
#2866 = LINE ( 'NONE', #3143, #5976 ) ;
#2867 = ADVANCED_FACE ( 'NONE', ( #5810 ), #9808, .T. ) ;
#2868 = LINE ( 'NONE', #1954, #5841 ) ;
#2869 = CARTESIAN_POINT ( 'NONE',  ( 15.07550534522236400, 15.94640676939203900, 47.50000000000000000 ) ) ;
#2870 = CARTESIAN_POINT ( 'NONE',  ( -14.27904914257671400, -15.05359323060808700, 47.50000000000000000 ) ) ;
#2871 = CARTESIAN_POINT ( 'NONE',  ( 14.23501994154226200, -15.07550534522241200, 47.49955985394393600 ) ) ;
#2872 = DIRECTION ( 'NONE',  ( -0.0000000000000000000, -0.0000000000000000000, 1.000000000000000000 ) ) ;
#2873 = MECHANICAL_DESIGN_GEOMETRIC_PRESENTATION_REPRESENTATION (  '', ( #898 ), #1448 ) ;
#2874 = AXIS2_PLACEMENT_3D ( 'NONE', #8556, #3067, #635 ) ;
#2875 = DIRECTION ( 'NONE',  ( -0.0000000000000000000, 1.000000000000000000, -0.0000000000000000000 ) ) ;
#2876 = LINE ( 'NONE', #5858, #749 ) ;
#2877 = LINE ( 'NONE', #1730, #7719 ) ;
#2878 = PLANE ( 'NONE',  #8339 ) ;
#2879 = SURFACE_STYLE_FILL_AREA ( #135 ) ;
#2881 = SURFACE_STYLE_USAGE ( .BOTH. , #546 ) ;
#2880 = SURFACE_STYLE_USAGE ( .BOTH. , #7491 ) ;
#2882 = VERTEX_POINT ( 'NONE', #7953 ) ;
#2883 = EDGE_CURVE ( 'NONE', #8888, #4650, #5323, .T. ) ;
#2884 = AXIS2_PLACEMENT_3D ( 'NONE', #7485, #5230, #3597 ) ;
#2885 = PLANE ( 'NONE',  #7220 ) ;
#2886 = LINE ( 'NONE', #4241, #8340 ) ;
#2887 = EDGE_CURVE ( 'NONE', #4172, #4650, #9563, .T. ) ;
#2888 = AXIS2_PLACEMENT_3D ( 'NONE', #7228, #8027, #2406 ) ;
#2889 = DIRECTION ( 'NONE',  ( 0.0000000000000000000, 0.0000000000000000000, 1.000000000000000000 ) ) ;
#2890 = EDGE_CURVE ( 'NONE', #1290, #9259, #4053, .T. ) ;
#2891 = CARTESIAN_POINT ( 'NONE',  ( 15.05359323060812700, -15.92449465477574800, 47.50000000000000000 ) ) ;
#2892 = ADVANCED_FACE ( 'NONE', ( #7059 ), #1648, .F. ) ;
#2893 = VERTEX_POINT ( 'NONE', #7164 ) ;
#2894 = CIRCLE ( 'NONE', #9592, 0.5787973969144516500 ) ;
#2895 = STYLED_ITEM ( 'NONE', ( #2121 ), #5311 ) ;
#2896 = DIRECTION ( 'NONE',  ( 0.0000000000000000000, 0.0000000000000000000, 1.000000000000000000 ) ) ;
#2897 = CIRCLE ( 'NONE', #1306, 3.000000000000639500 ) ;
#2898 = EDGE_CURVE ( 'NONE', #1440, #9723, #5686, .T. ) ;
#2899 = EDGE_CURVE ( 'NONE', #668, #235, #5185, .T. ) ;
#2900 = CARTESIAN_POINT ( 'NONE',  ( 14.27125906389390200, -15.07550534522241200, 47.50000000000000000 ) ) ;
#2901 = VERTEX_POINT ( 'NONE', #1618 ) ;
#2902 = PLANE ( 'NONE',  #2725 ) ;
#2903 = LINE ( 'NONE', #9112, #150 ) ;
#2904 = DIRECTION ( 'NONE',  ( -0.0000000000000000000, 1.000000000000000000, 0.0000000000000000000 ) ) ;
#2905 = CARTESIAN_POINT ( 'NONE',  ( 0.0000000000000000000, 0.0000000000000000000, 45.00000000000000000 ) ) ;
#2906 = CARTESIAN_POINT ( 'NONE',  ( 21.15000000000001300, 16.94289321881344500, 8.000000000000000000 ) ) ;
#2907 = DIRECTION ( 'NONE',  ( 0.0000000000000000000, 0.0000000000000000000, 1.000000000000000000 ) ) ;
#2908 = ORIENTED_EDGE ( 'NONE', *, *, #2978, .T. ) ;
#2909 = AXIS2_PLACEMENT_3D ( 'NONE', #6412, #7837, #7967 ) ;
#2910 = VERTEX_POINT ( 'NONE', #132 ) ;
#2911 = DIRECTION ( 'NONE',  ( 0.0000000000000000000, 0.0000000000000000000, 1.000000000000000000 ) ) ;
#2912 = AXIS2_PLACEMENT_3D ( 'NONE', #8378, #4410, #9986 ) ;
#2913 = ADVANCED_FACE ( 'NONE', ( #9670 ), #5671, .T. ) ;
#2914 = ORIENTED_EDGE ( 'NONE', *, *, #2155, .T. ) ;
#2915 = CIRCLE ( 'NONE', #4730, 2.000000000000015500 ) ;
#2916 = SURFACE_STYLE_USAGE ( .BOTH. , #8410 ) ;
#2917 = VECTOR ( 'NONE', #2692, 1000.000000000000000 ) ;
#2918 = ORIENTED_EDGE ( 'NONE', *, *, #1733, .F. ) ;
#2919 = EDGE_LOOP ( 'NONE', ( #9199, #4164, #1662, #3978, #9102, #1811 ) ) ;
#2920 = DIRECTION ( 'NONE',  ( -1.000000000000000000, 3.751515886037098700E-015, 0.0000000000000000000 ) ) ;
#2921 = ORIENTED_EDGE ( 'NONE', *, *, #3403, .F. ) ;
#2922 = CIRCLE ( 'NONE', #4059, 0.5000000000000004400 ) ;
#2923 =( NAMED_UNIT ( * ) SI_UNIT ( $, .STERADIAN. ) SOLID_ANGLE_UNIT ( ) );
#2924 = ORIENTED_EDGE ( 'NONE', *, *, #410, .F. ) ;
#2925 = COLOUR_RGB ( '',0.2509803921568627400, 0.2509803921568627400, 0.2509803921568627400 ) ;
#2926 = FACE_OUTER_BOUND ( 'NONE', #6617, .T. ) ;
#2927 = AXIS2_PLACEMENT_3D ( 'NONE', #2464, #8824, #7977 ) ;
#2928 = AXIS2_PLACEMENT_3D ( 'NONE', #9637, #4841, #103 ) ;
#2929 = VERTEX_POINT ( 'NONE', #4748 ) ;
#2930 = DIRECTION ( 'NONE',  ( -0.0000000000000000000, -0.0000000000000000000, 1.000000000000000000 ) ) ;
#2931 = ORIENTED_EDGE ( 'NONE', *, *, #3635, .F. ) ;
#2932 = CIRCLE ( 'NONE', #2139, 0.5787973969144516500 ) ;
#2933 = CARTESIAN_POINT ( 'NONE',  ( 15.50000000000010500, -15.49999999999989200, -2.266821225221747900E-017 ) ) ;
#2934 = FACE_OUTER_BOUND ( 'NONE', #2684, .T. ) ;
#2935 = ORIENTED_EDGE ( 'NONE', *, *, #7326, .F. ) ;
#2936 = DIRECTION ( 'NONE',  ( -0.0000000000000000000, -0.0000000000000000000, -1.000000000000000000 ) ) ;
#2937 = ORIENTED_EDGE ( 'NONE', *, *, #1642, .F. ) ;
#2938 = ADVANCED_FACE ( 'NONE', ( #6061 ), #2834, .T. ) ;
#2939 = LINE ( 'NONE', #8372, #10043 ) ;
#2940 = EDGE_LOOP ( 'NONE', ( #8348, #9703, #8877, #4080 ) ) ;
#2941 = ORIENTED_EDGE ( 'NONE', *, *, #5094, .F. ) ;
#2942 = VERTEX_POINT ( 'NONE', #1828 ) ;
#2943 = CARTESIAN_POINT ( 'NONE',  ( 21.15000000000000200, -21.15000000000000200, 38.00000000000000000 ) ) ;
#2944 = STYLED_ITEM ( 'NONE', ( #4314 ), #2867 ) ;
#2946 = EDGE_CURVE ( 'NONE', #7638, #9888, #6305, .T. ) ;
#2945 = CARTESIAN_POINT ( 'NONE',  ( -16.78307522795911300, 15.92449465477565200, 46.50000000000000000 ) ) ;
#2947 = EDGE_CURVE ( 'NONE', #4919, #6767, #3925, .T. ) ;
#2949 = CARTESIAN_POINT ( 'NONE',  ( -17.29644660940670400, 21.00355339059327200, 47.50000000000000000 ) ) ;
#2948 = FILL_AREA_STYLE_COLOUR ( '', #5468 ) ;
#2950 = VERTEX_POINT ( 'NONE', #1866 ) ;
#2951 = AXIS2_PLACEMENT_3D ( 'NONE', #9528, #10315, #780 ) ;
#2952 = FILL_AREA_STYLE_COLOUR ( '', #4032 ) ;
#2953 = VECTOR ( 'NONE', #1066, 1000.000000000000000 ) ;
#2954 = CARTESIAN_POINT ( 'NONE',  ( -14.20000000000016400, 15.49999999999897500, 47.50000000000000000 ) ) ;
#2955 = ORIENTED_EDGE ( 'NONE', *, *, #2164, .F. ) ;
#2956 = UNCERTAINTY_MEASURE_WITH_UNIT (LENGTH_MEASURE( 1.000000000000000100E-005 ), #5387, 'distance_accuracy_value', 'NONE');
#2957 = COLOUR_RGB ( '',0.2509803921568627400, 0.2509803921568627400, 0.2509803921568627400 ) ;
#2958 = LINE ( 'NONE', #2116, #82 ) ;
#2959 = CARTESIAN_POINT ( 'NONE',  ( 19.00000000000079900, -15.49999999999983700, 47.50000000000000000 ) ) ;
#2960 = ORIENTED_EDGE ( 'NONE', *, *, #1732, .F. ) ;
#2961 = AXIS2_PLACEMENT_3D ( 'NONE', #6270, #9638, #4052 ) ;
#2962 = EDGE_CURVE ( 'NONE', #9158, #6769, #713, .T. ) ;
#2963 = FACE_OUTER_BOUND ( 'NONE', #7577, .T. ) ;
#2964 = EDGE_CURVE ( 'NONE', #6527, #7299, #1809, .T. ) ;
#2965 = VERTEX_POINT ( 'NONE', #2526 ) ;
#2966 = CONICAL_SURFACE ( 'NONE', #5625, 1.249999999999999300, 1.029744258676653900 ) ;
#2967 =( LENGTH_UNIT ( ) NAMED_UNIT ( * ) SI_UNIT ( .MILLI., .METRE. ) );
#2968 = ADVANCED_FACE ( 'NONE', ( #1569 ), #7914, .T. ) ;
#2969 = ORIENTED_EDGE ( 'NONE', *, *, #10264, .T. ) ;
#2970 = SURFACE_STYLE_USAGE ( .BOTH. , #1421 ) ;
#2971 = CARTESIAN_POINT ( 'NONE',  ( -2.799999999999999800, 0.0000000000000000000, 0.0000000000000000000 ) ) ;
#2972 = ORIENTED_EDGE ( 'NONE', *, *, #5600, .T. ) ;
#2973 = AXIS2_PLACEMENT_3D ( 'NONE', #6709, #7435, #8189 ) ;
#2974 = EDGE_LOOP ( 'NONE', ( #6058, #10303, #4556, #318, #8942 ) ) ;
#2975 = CARTESIAN_POINT ( 'NONE',  ( -16.74685775593343700, 15.92449465477564800, 47.50000000000000000 ) ) ;
#2976 = AXIS2_PLACEMENT_3D ( 'NONE', #2984, #7807, #2315 ) ;
#2977 = COLOUR_RGB ( '',0.2509803921568627400, 0.2509803921568627400, 0.2509803921568627400 ) ;
#2978 = EDGE_CURVE ( 'NONE', #5492, #4607, #2089, .T. ) ;
#2979 = ORIENTED_EDGE ( 'NONE', *, *, #1612, .T. ) ;
#2980 = CARTESIAN_POINT ( 'NONE',  ( -13.19999999999897800, -15.50000000000102100, 46.00000000000000000 ) ) ;
#2981 = ORIENTED_EDGE ( 'NONE', *, *, #2696, .T. ) ;
#2982 =( NAMED_UNIT ( * ) SI_UNIT ( $, .STERADIAN. ) SOLID_ANGLE_UNIT ( ) );
#2983 = TOROIDAL_SURFACE ( 'NONE', #2197, 3.499999999999780600, 0.5000000000000000000 ) ;
#2984 = CARTESIAN_POINT ( 'NONE',  ( -15.50000000000000000, 0.0000000000000000000, 0.0000000000000000000 ) ) ;
#2985 = DIRECTION ( 'NONE',  ( 1.000000000000000000, 0.0000000000000000000, 0.0000000000000000000 ) ) ;
#2986 = PRESENTATION_LAYER_ASSIGNMENT (  '', '', ( #5842 ) ) ;
#2987 = STYLED_ITEM ( 'NONE', ( #4351 ), #7657 ) ;
#2988 = CARTESIAN_POINT ( 'NONE',  ( 20.65000000000000200, -16.94289321881347000, 0.0000000000000000000 ) ) ;
#2989 = DIRECTION ( 'NONE',  ( -0.0000000000000000000, -0.0000000000000000000, -1.000000000000000000 ) ) ;
#2990 = CIRCLE ( 'NONE', #4030, 2.799999999999999800 ) ;
#2991 = COLOUR_RGB ( '',0.2509803921568627400, 0.2509803921568627400, 0.2509803921568627400 ) ;
#2992 = UNCERTAINTY_MEASURE_WITH_UNIT (LENGTH_MEASURE( 1.000000000000000100E-005 ), #2741, 'distance_accuracy_value', 'NONE');
#2993 = DIRECTION ( 'NONE',  ( 0.0000000000000000000, 0.0000000000000000000, 1.000000000000000000 ) ) ;
#2994 = CIRCLE ( 'NONE', #9891, 0.5787973969144516500 ) ;
#2995 = CARTESIAN_POINT ( 'NONE',  ( 0.0000000000000000000, 0.0000000000000000000, 38.00000000000000000 ) ) ;
#2996 = DIRECTION ( 'NONE',  ( 0.0000000000000000000, 0.0000000000000000000, -1.000000000000000000 ) ) ;
#2997 = AXIS2_PLACEMENT_3D ( 'NONE', #4085, #9606, #855 ) ;
#2998 = DIRECTION ( 'NONE',  ( 0.0000000000000000000, 0.0000000000000000000, -1.000000000000000000 ) ) ;
#2999 = ORIENTED_EDGE ( 'NONE', *, *, #3027, .T. ) ;
#3000 =( NAMED_UNIT ( * ) PLANE_ANGLE_UNIT ( ) SI_UNIT ( $, .RADIAN. ) );
#3001 = VERTEX_POINT ( 'NONE', #9816 ) ;
#3002 = SURFACE_SIDE_STYLE ('',( #5308 ) ) ;
#3003 = SURFACE_STYLE_USAGE ( .BOTH. , #7767 ) ;
#3004 = SPHERICAL_SURFACE ( 'NONE', #970, 0.5000000000000000000 ) ;
#3006 = SURFACE_STYLE_USAGE ( .BOTH. , #677 ) ;
#3005 = CARTESIAN_POINT ( 'NONE',  ( -15.79760451292811900, 14.15069333393197900, 47.49833231681228800 ) ) ;
#3007 = FACE_OUTER_BOUND ( 'NONE', #4676, .T. ) ;
#3008 = ADVANCED_FACE ( 'NONE', ( #2569 ), #2614, .F. ) ;
#3009 = PRESENTATION_LAYER_ASSIGNMENT (  '', '', ( #7984 ) ) ;
#3010 = DIRECTION ( 'NONE',  ( -1.000000000000000000, 3.751515886037091600E-015, 0.0000000000000000000 ) ) ;
#3011 = CARTESIAN_POINT ( 'NONE',  ( 15.92449465477571000, 16.78307522795905600, 46.50000000000000000 ) ) ;
#3012 = EDGE_LOOP ( 'NONE', ( #3307, #6649, #1331, #9025 ) ) ;
#3013 = ORIENTED_EDGE ( 'NONE', *, *, #4352, .F. ) ;
#3014 = EDGE_CURVE ( 'NONE', #2410, #8237, #8912, .T. ) ;
#3015 = DIRECTION ( 'NONE',  ( -1.000000000000000000, 0.0000000000000000000, 0.0000000000000000000 ) ) ;
#3016 = AXIS2_PLACEMENT_3D ( 'NONE', #9936, #5082, #8279 ) ;
#3017 = SURFACE_STYLE_FILL_AREA ( #7661 ) ;
#3018 =( LENGTH_UNIT ( ) NAMED_UNIT ( * ) SI_UNIT ( .MILLI., .METRE. ) );
#3019 = DIRECTION ( 'NONE',  ( 0.0000000000000000000, -1.000000000000000000, 0.0000000000000000000 ) ) ;
#3020 = SURFACE_SIDE_STYLE ('',( #1450 ) ) ;
#3021 = CIRCLE ( 'NONE', #7341, 1.249999999999997600 ) ;
#3022 = FACE_OUTER_BOUND ( 'NONE', #4562, .T. ) ;
#3023 = VERTEX_POINT ( 'NONE', #4236 ) ;
#3024 = ORIENTED_EDGE ( 'NONE', *, *, #6347, .T. ) ;
#3025 = COLOUR_RGB ( '',0.2509803921568627400, 0.2509803921568627400, 0.2509803921568627400 ) ;
#3026 = VECTOR ( 'NONE', #7208, 1000.000000000000000 ) ;
#3027 = EDGE_CURVE ( 'NONE', #194, #3659, #3323, .T. ) ;
#3028 = EDGE_CURVE ( 'NONE', #2198, #2453, #1206, .T. ) ;
#3029 = DIRECTION ( 'NONE',  ( 0.0000000000000000000, 0.0000000000000000000, 1.000000000000000000 ) ) ;
#3030 = FACE_BOUND ( 'NONE', #2323, .T. ) ;
#3031 = DIRECTION ( 'NONE',  ( -1.000000000000000000, -8.202002250481357500E-017, 0.0000000000000000000 ) ) ;
#3032 = CARTESIAN_POINT ( 'NONE',  ( -14.15069333393214100, -15.94640676939194500, 46.50000000000000000 ) ) ;
#3033 = EDGE_LOOP ( 'NONE', ( #8773, #1835 ) ) ;
#3034 = VERTEX_POINT ( 'NONE', #4118 ) ;
#3035 = VERTEX_POINT ( 'NONE', #3372 ) ;
#3036 = PRESENTATION_STYLE_ASSIGNMENT (( #3345 ) ) ;
#3037 = CARTESIAN_POINT ( 'NONE',  ( -21.14999999999999500, 16.94289321881343800, 38.00000000000000000 ) ) ;
#3038 = B_SPLINE_CURVE_WITH_KNOTS ( 'NONE', 3,
 ( #1473, #3798, #3733, #721 ),
 .UNSPECIFIED., .F., .F.,
 ( 4, 4 ),
 ( 0.0000000000000000000, 0.0002154103325721269800 ),
 .UNSPECIFIED. ) ;
#3039 =( LENGTH_UNIT ( ) NAMED_UNIT ( * ) SI_UNIT ( .MILLI., .METRE. ) );
#3040 =( LENGTH_UNIT ( ) NAMED_UNIT ( * ) SI_UNIT ( .MILLI., .METRE. ) );
#3041 = DIRECTION ( 'NONE',  ( 0.0000000000000000000, 0.0000000000000000000, 1.000000000000000000 ) ) ;
#3042 = LINE ( 'NONE', #5446, #9759 ) ;
#3043 = DIRECTION ( 'NONE',  ( 1.000000000000000000, 0.0000000000000000000, 0.0000000000000000000 ) ) ;
#3044 = DIRECTION ( 'NONE',  ( 0.7071067811865475700, 0.7071067811865475700, 0.0000000000000000000 ) ) ;
#3045 = ORIENTED_EDGE ( 'NONE', *, *, #5012, .F. ) ;
#3046 = ORIENTED_EDGE ( 'NONE', *, *, #812, .T. ) ;
#3047 = AXIS2_PLACEMENT_3D ( 'NONE', #5451, #1549, #1668 ) ;
#3048 = AXIS2_PLACEMENT_3D ( 'NONE', #139, #5678, #5708 ) ;
#3049 = CIRCLE ( 'NONE', #1269, 0.5000000000000004400 ) ;
#3050 = CARTESIAN_POINT ( 'NONE',  ( 1.379851512413568000, -39.15000000000000600, 42.95165094913121400 ) ) ;
#3051 = DIRECTION ( 'NONE',  ( 0.7071067811865544600, 0.7071067811865405800, -0.0000000000000000000 ) ) ;
#3052 = LINE ( 'NONE', #3011, #909 ) ;
#3053 = DIRECTION ( 'NONE',  ( 0.0000000000000000000, 0.0000000000000000000, 1.000000000000000000 ) ) ;
#3054 = ORIENTED_EDGE ( 'NONE', *, *, #6669, .T. ) ;
#3055 = ORIENTED_EDGE ( 'NONE', *, *, #9811, .T. ) ;
#3056 = EDGE_LOOP ( 'NONE', ( #200, #6396, #2668, #7999 ) ) ;
#3057 = LINE ( 'NONE', #607, #9015 ) ;
#3058 = COLOUR_RGB ( '',0.2509803921568627400, 0.2509803921568627400, 0.2509803921568627400 ) ;
#3059 = AXIS2_PLACEMENT_3D ( 'NONE', #1575, #7134, #3960 ) ;
#3060 = AXIS2_PLACEMENT_3D ( 'NONE', #7883, #3841, #9444 ) ;
#3061 = FACE_OUTER_BOUND ( 'NONE', #786, .T. ) ;
#3062 = ORIENTED_EDGE ( 'NONE', *, *, #3784, .T. ) ;
#3063 = CARTESIAN_POINT ( 'NONE',  ( -16.94289321881343100, 21.14999999999999900, 8.000000000000000000 ) ) ;
#3064 = ADVANCED_FACE ( 'NONE', ( #9434 ), #207, .F. ) ;
#3065 = ORIENTED_EDGE ( 'NONE', *, *, #7694, .F. ) ;
#3066 = CYLINDRICAL_SURFACE ( 'NONE', #667, 0.5000000000000000000 ) ;
#3067 = DIRECTION ( 'NONE',  ( 0.0000000000000000000, 0.0000000000000000000, 1.000000000000000000 ) ) ;
#3068 = ORIENTED_EDGE ( 'NONE', *, *, #8051, .T. ) ;
#3069 = CARTESIAN_POINT ( 'NONE',  ( 15.92449465477568900, 14.25314224406668000, 47.50000000000000000 ) ) ;
#3070 = EDGE_LOOP ( 'NONE', ( #6450, #6554, #1976, #4576 ) ) ;
#3071 = DIRECTION ( 'NONE',  ( 0.0000000000000000000, 0.0000000000000000000, -1.000000000000000000 ) ) ;
#3072 = CYLINDRICAL_SURFACE ( 'NONE', #9701, 3.500000000000000000 ) ;
#3073 = CARTESIAN_POINT ( 'NONE',  ( -15.49999999999999600, 15.50000000000000000, 4.500000000000000900 ) ) ;
#3074 = ORIENTED_EDGE ( 'NONE', *, *, #8632, .F. ) ;
#3075 = EDGE_CURVE ( 'NONE', #9991, #6595, #937, .T. ) ;
#3076 = DIRECTION ( 'NONE',  ( -0.0000000000000000000, -0.0000000000000000000, 1.000000000000000000 ) ) ;
#3077 = CARTESIAN_POINT ( 'NONE',  ( 1.500000000000000200, 2.000000000000000000, -23.50000000000000700 ) ) ;
#3078 = MECHANICAL_DESIGN_GEOMETRIC_PRESENTATION_REPRESENTATION (  '', ( #1462 ), #1120 ) ;
#3079 = ORIENTED_EDGE ( 'NONE', *, *, #6451, .F. ) ;
#3080 = CARTESIAN_POINT ( 'NONE',  ( -15.49999999999994300, -15.50000000000005000, -2.266821225221747900E-017 ) ) ;
#3081 = EDGE_CURVE ( 'NONE', #9135, #2942, #6547, .T. ) ;
#3082 = UNCERTAINTY_MEASURE_WITH_UNIT (LENGTH_MEASURE( 1.000000000000000100E-005 ), #9963, 'distance_accuracy_value', 'NONE');
#3084 = PLANE ( 'NONE',  #1767 ) ;
#3083 = DIRECTION ( 'NONE',  ( -1.000000000000000000, 0.0000000000000000000, 0.0000000000000000000 ) ) ;
#3085 = STYLED_ITEM ( 'NONE', ( #1667 ), #9038 ) ;
#3086 = LINE ( 'NONE', #7998, #9187 ) ;
#3087 = ORIENTED_EDGE ( 'NONE', *, *, #7471, .T. ) ;
#3088 =( LENGTH_UNIT ( ) NAMED_UNIT ( * ) SI_UNIT ( .MILLI., .METRE. ) );
#3089 = CARTESIAN_POINT ( 'NONE',  ( -16.78307522795911300, 15.92449465477565200, 47.49867441544049000 ) ) ;
#3090 = VECTOR ( 'NONE', #3889, 1000.000000000000000 ) ;
#3091 = UNCERTAINTY_MEASURE_WITH_UNIT (LENGTH_MEASURE( 1.000000000000000100E-005 ), #3287, 'distance_accuracy_value', 'NONE');
#3092 = EDGE_LOOP ( 'NONE', ( #901, #8769, #9068, #3946, #739, #7814, #5289, #4497 ) ) ;
#3093 = DIRECTION ( 'NONE',  ( -7.771940727241890300E-015, -1.000000000000000000, 0.0000000000000000000 ) ) ;
#3094 = CARTESIAN_POINT ( 'NONE',  ( 15.49999999999983700, 15.50000000000016000, 47.50000000000000000 ) ) ;
#3095 = CARTESIAN_POINT ( 'NONE',  ( 16.94289321881346000, 20.64999999999999900, 0.5000000000000000000 ) ) ;
#3096 = CYLINDRICAL_SURFACE ( 'NONE', #7217, 0.4999999999999982200 ) ;
#3097 = PLANE ( 'NONE',  #2909 ) ;
#3098 = CIRCLE ( 'NONE', #8671, 0.5000000000000004400 ) ;
#3099 = EDGE_CURVE ( 'NONE', #2258, #5119, #3689, .T. ) ;
#3100 = EDGE_CURVE ( 'NONE', #9582, #1755, #3447, .T. ) ;
#3101 = ORIENTED_EDGE ( 'NONE', *, *, #1870, .F. ) ;
#3102 =( GEOMETRIC_REPRESENTATION_CONTEXT ( 3 ) GLOBAL_UNCERTAINTY_ASSIGNED_CONTEXT ( ( #6367 ) ) GLOBAL_UNIT_ASSIGNED_CONTEXT ( ( #31, #2329, #9540 ) ) REPRESENTATION_CONTEXT ( 'NONE', 'WORKASPACE' ) );
#3103 = VERTEX_POINT ( 'NONE', #5984 ) ;
#3104 = VERTEX_POINT ( 'NONE', #2745 ) ;
#3105 = LINE ( 'NONE', #1721, #9207 ) ;
#3106 = LINE ( 'NONE', #5699, #3480 ) ;
#3107 = CARTESIAN_POINT ( 'NONE',  ( 15.07550534522235500, 16.78307522795906000, 47.49867441544048300 ) ) ;
#3108 =( NAMED_UNIT ( * ) SI_UNIT ( $, .STERADIAN. ) SOLID_ANGLE_UNIT ( ) );
#3109 = STYLED_ITEM ( 'NONE', ( #3790 ), #6352 ) ;
#3110 = CARTESIAN_POINT ( 'NONE',  ( 16.78307522795901400, -15.07550534522241900, 46.50000000000000000 ) ) ;
#3111 = ORIENTED_EDGE ( 'NONE', *, *, #3075, .F. ) ;
#3112 =( GEOMETRIC_REPRESENTATION_CONTEXT ( 3 ) GLOBAL_UNCERTAINTY_ASSIGNED_CONTEXT ( ( #2000 ) ) GLOBAL_UNIT_ASSIGNED_CONTEXT ( ( #7270, #8944, #9757 ) ) REPRESENTATION_CONTEXT ( 'NONE', 'WORKASPACE' ) );
#3113 = B_SPLINE_CURVE_WITH_KNOTS ( 'NONE', 3,
 ( #9569, #7945, #3872, #7082 ),
 .UNSPECIFIED., .F., .F.,
 ( 4, 4 ),
 ( 0.0000000000000000000, 0.0001285675718497354600 ),
 .UNSPECIFIED. ) ;
#3114 = EDGE_CURVE ( 'NONE', #4296, #8245, #6817, .T. ) ;
#3115 = CARTESIAN_POINT ( 'NONE',  ( 15.49999999999983700, 15.50000000000016000, 4.500000000000000900 ) ) ;
#3116 = DIRECTION ( 'NONE',  ( 0.7071067811865475700, 0.7071067811865475700, 0.0000000000000000000 ) ) ;
#3117 = VECTOR ( 'NONE', #2230, 1000.000000000000000 ) ;
#3118 = FILL_AREA_STYLE ('',( #2304 ) ) ;
#3119 = DIRECTION ( 'NONE',  ( -0.0000000000000000000, -0.0000000000000000000, 1.000000000000000000 ) ) ;
#3121 = CARTESIAN_POINT ( 'NONE',  ( -15.07550534522247600, -15.94640676939193500, 47.50000000000000000 ) ) ;
#3120 = DIRECTION ( 'NONE',  ( -1.000000000000000000, -8.202002250481357500E-017, -0.0000000000000000000 ) ) ;
#3122 = DIRECTION ( 'NONE',  ( 1.000000000000000000, -8.173122824782951300E-015, 0.0000000000000000000 ) ) ;
#3123 = CIRCLE ( 'NONE', #2858, 1.299999999999999200 ) ;
#3124 = COLOUR_RGB ( '',0.2509803921568627400, 0.2509803921568627400, 0.2509803921568627400 ) ;
#3125 = LINE ( 'NONE', #6865, #7464 ) ;
#3126 = PRESENTATION_LAYER_ASSIGNMENT (  '', '', ( #8098 ) ) ;
#3127 = MECHANICAL_DESIGN_GEOMETRIC_PRESENTATION_REPRESENTATION (  '', ( #2062 ), #840 ) ;
#3128 =( NAMED_UNIT ( * ) SI_UNIT ( $, .STERADIAN. ) SOLID_ANGLE_UNIT ( ) );
#3129 = UNCERTAINTY_MEASURE_WITH_UNIT (LENGTH_MEASURE( 1.000000000000000100E-005 ), #9456, 'distance_accuracy_value', 'NONE');
#3130 = DIRECTION ( 'NONE',  ( 0.0000000000000000000, 0.0000000000000000000, 1.000000000000000000 ) ) ;
#3131 = ORIENTED_EDGE ( 'NONE', *, *, #508, .T. ) ;
#3132 = ORIENTED_EDGE ( 'NONE', *, *, #4610, .F. ) ;
#3133 = ADVANCED_FACE ( 'NONE', ( #10172 ), #2695, .F. ) ;
#3134 = CARTESIAN_POINT ( 'NONE',  ( -15.05359323060823400, 15.92449465477564100, 46.50000000000000000 ) ) ;
#3135 = DIRECTION ( 'NONE',  ( 8.673617379884112400E-016, 8.673617379884026600E-016, -1.000000000000000000 ) ) ;
#3136 = DIRECTION ( 'NONE',  ( 0.7071067811865441300, -0.7071067811865510100, 0.0000000000000000000 ) ) ;
#3137 = ORIENTED_EDGE ( 'NONE', *, *, #9160, .T. ) ;
#3138 = EDGE_CURVE ( 'NONE', #5180, #2784, #2322, .T. ) ;
#3139 = DIRECTION ( 'NONE',  ( 1.000000000000000000, -4.146740463834175500E-015, 0.0000000000000000000 ) ) ;
#3140 = EDGE_CURVE ( 'NONE', #9241, #7055, #9306, .T. ) ;
#3141 = MECHANICAL_DESIGN_GEOMETRIC_PRESENTATION_REPRESENTATION (  '', ( #3592 ), #2812 ) ;
#3142 = LINE ( 'NONE', #6379, #2641 ) ;
#3143 = CARTESIAN_POINT ( 'NONE',  ( -15.92449465477579000, -14.21692477204105200, 46.50000000000000000 ) ) ;
#3144 = DIRECTION ( 'NONE',  ( 0.0000000000000000000, 0.0000000000000000000, 1.000000000000000000 ) ) ;
#3145 = CARTESIAN_POINT ( 'NONE',  ( -16.80000000000016400, 15.49999999999897500, 47.50000000000000000 ) ) ;
#3146 = ORIENTED_EDGE ( 'NONE', *, *, #3472, .F. ) ;
#3148 = DIRECTION ( 'NONE',  ( -0.0000000000000000000, -1.000000000000000000, 0.0000000000000000000 ) ) ;
#3147 = DIRECTION ( 'NONE',  ( -1.000000000000000000, 0.0000000000000000000, -0.0000000000000000000 ) ) ;
#3149 = LINE ( 'NONE', #5882, #1518 ) ;
#3150 = AXIS2_PLACEMENT_3D ( 'NONE', #9696, #4833, #4076 ) ;
#3151 = LINE ( 'NONE', #7158, #1017 ) ;
#3152 = CARTESIAN_POINT ( 'NONE',  ( 11.00000000000000000, 1.347111479062088400E-015, -1.500000000000000000 ) ) ;
#3153 = DIRECTION ( 'NONE',  ( -2.081668171172166600E-014, 1.000000000000000000, -0.0000000000000000000 ) ) ;
#3154 = EDGE_CURVE ( 'NONE', #9856, #9620, #5313, .T. ) ;
#3155 = EDGE_CURVE ( 'NONE', #6153, #1309, #6293, .T. ) ;
#3156 = ORIENTED_EDGE ( 'NONE', *, *, #3684, .T. ) ;
#3157 = ORIENTED_EDGE ( 'NONE', *, *, #5695, .F. ) ;
#3158 = AXIS2_PLACEMENT_3D ( 'NONE', #1812, #281, #7370 ) ;
#3159 = VERTEX_POINT ( 'NONE', #5134 ) ;
#3160 = FACE_OUTER_BOUND ( 'NONE', #1981, .T. ) ;
#3161 = VECTOR ( 'NONE', #8737, 1000.000000000000000 ) ;
#3162 = EDGE_LOOP ( 'NONE', ( #1581, #2353 ) ) ;
#3163 = ORIENTED_EDGE ( 'NONE', *, *, #8683, .F. ) ;
#3164 = MECHANICAL_DESIGN_GEOMETRIC_PRESENTATION_REPRESENTATION (  '', ( #9022 ), #6900 ) ;
#3165 = VERTEX_POINT ( 'NONE', #7506 ) ;
#3166 = CIRCLE ( 'NONE', #9073, 1.300000000000000700 ) ;
#3167 = VERTEX_POINT ( 'NONE', #7547 ) ;
#3168 = EDGE_CURVE ( 'NONE', #9357, #7347, #4168, .T. ) ;
#3169 = EDGE_CURVE ( 'NONE', #7256, #7816, #7284, .T. ) ;
#3170 = CARTESIAN_POINT ( 'NONE',  ( 15.05359323060812200, -16.72095085742211400, 47.50000000000000000 ) ) ;
#3171 = CARTESIAN_POINT ( 'NONE',  ( -16.94289321881343500, 20.64999999999999900, 38.00000000000000000 ) ) ;
#3172 = DIRECTION ( 'NONE',  ( -1.000000000000000000, -0.0000000000000000000, -0.0000000000000000000 ) ) ;
#3173 = VECTOR ( 'NONE', #1271, 1000.000000000000000 ) ;
#3174 = ORIENTED_EDGE ( 'NONE', *, *, #4847, .T. ) ;
#3175 = B_SPLINE_CURVE_WITH_KNOTS ( 'NONE', 3,
 ( #7172, #7959, #1038, #7264 ),
 .UNSPECIFIED., .F., .F.,
 ( 4, 4 ),
 ( 0.0000000000000000000, 0.0002154103325655452200 ),
 .UNSPECIFIED. ) ;
#3176 = ORIENTED_EDGE ( 'NONE', *, *, #3620, .F. ) ;
#3177 = ORIENTED_EDGE ( 'NONE', *, *, #4209, .T. ) ;
#3178 = DIRECTION ( 'NONE',  ( -0.0000000000000000000, -0.0000000000000000000, -1.000000000000000000 ) ) ;
#3179 = PLANE ( 'NONE',  #8725 ) ;
#3180 = LINE ( 'NONE', #3461, #3911 ) ;
#3181 =( NAMED_UNIT ( * ) SI_UNIT ( $, .STERADIAN. ) SOLID_ANGLE_UNIT ( ) );
#3182 = ADVANCED_FACE ( 'NONE', ( #9173 ), #2074, .F. ) ;
#3183 = DIRECTION ( 'NONE',  ( 0.0000000000000000000, 0.0000000000000000000, -1.000000000000000000 ) ) ;
#3185 = CARTESIAN_POINT ( 'NONE',  ( -18.79644660940668600, 18.79644660940675000, -0.0000000000000000000 ) ) ;
#3184 = DIRECTION ( 'NONE',  ( 1.000000000000000000, -4.146740463834175500E-015, 0.0000000000000000000 ) ) ;
#3186 = ORIENTED_EDGE ( 'NONE', *, *, #4882, .F. ) ;
#3187 = DIRECTION ( 'NONE',  ( -0.0000000000000000000, -0.0000000000000000000, 1.000000000000000000 ) ) ;
#3188 = AXIS2_PLACEMENT_3D ( 'NONE', #8833, #3318, #6402 ) ;
#3189 = PRESENTATION_LAYER_ASSIGNMENT (  '', '', ( #9985 ) ) ;
#3190 = ORIENTED_EDGE ( 'NONE', *, *, #5592, .F. ) ;
#3191 = ORIENTED_EDGE ( 'NONE', *, *, #7538, .T. ) ;
#3192 =( NAMED_UNIT ( * ) SI_UNIT ( $, .STERADIAN. ) SOLID_ANGLE_UNIT ( ) );
#3193 = ORIENTED_EDGE ( 'NONE', *, *, #5300, .F. ) ;
#3194 = ORIENTED_EDGE ( 'NONE', *, *, #3155, .F. ) ;
#3195 = VECTOR ( 'NONE', #8674, 1000.000000000000000 ) ;
#3196 = SURFACE_SIDE_STYLE ('',( #3384 ) ) ;
#3197 = CARTESIAN_POINT ( 'NONE',  ( -13.32957238623956000, 21.14999999999999500, 40.00000000000000000 ) ) ;
#3198 = ORIENTED_EDGE ( 'NONE', *, *, #3138, .T. ) ;
#3199 = DIRECTION ( 'NONE',  ( -0.7071067811865484600, 0.7071067811865466800, 0.0000000000000000000 ) ) ;
#3200 = VECTOR ( 'NONE', #5071, 1000.000000000000000 ) ;
#3201 = ORIENTED_EDGE ( 'NONE', *, *, #5154, .F. ) ;
#3202 = STYLED_ITEM ( 'NONE', ( #7396 ), #2535 ) ;
#3203 = LINE ( 'NONE', #8434, #9312 ) ;
#3204 = VERTEX_POINT ( 'NONE', #3397 ) ;
#3205 = DIRECTION ( 'NONE',  ( 0.0000000000000000000, 0.0000000000000000000, 1.000000000000000000 ) ) ;
#3206 = CARTESIAN_POINT ( 'NONE',  ( 16.94289321881344500, -21.14999999999986400, 8.000000000000000000 ) ) ;
#3207 = COLOUR_RGB ( '',0.2509803921568627400, 0.2509803921568627400, 0.2509803921568627400 ) ;
#3208 = EDGE_LOOP ( 'NONE', ( #8508, #5015, #2969 ) ) ;
#3209 = FILL_AREA_STYLE_COLOUR ( '', #3207 ) ;
#3210 = SURFACE_STYLE_FILL_AREA ( #4153 ) ;
#3211 = SPHERICAL_SURFACE ( 'NONE', #9218, 0.5000000000000000000 ) ;
#3212 = DIRECTION ( 'NONE',  ( -1.000000000000000000, 0.0000000000000000000, 0.0000000000000000000 ) ) ;
#3213 = SURFACE_SIDE_STYLE ('',( #6389 ) ) ;
#3214 = PRESENTATION_LAYER_ASSIGNMENT (  '', '', ( #2675 ) ) ;
#3215 = ORIENTED_EDGE ( 'NONE', *, *, #7199, .T. ) ;
#3216 = SURFACE_STYLE_USAGE ( .BOTH. , #1572 ) ;
#3217 = EDGE_CURVE ( 'NONE', #868, #2606, #9422, .T. ) ;
#3218 = ORIENTED_EDGE ( 'NONE', *, *, #9564, .T. ) ;
#3219 = DIRECTION ( 'NONE',  ( 0.0000000000000000000, 0.0000000000000000000, 1.000000000000000000 ) ) ;
#3220 = CARTESIAN_POINT ( 'NONE',  ( -13.32957238623955800, 21.14999999999999900, 5.999999999999998200 ) ) ;
#3221 = AXIS2_PLACEMENT_3D ( 'NONE', #2028, #3656, #7660 ) ;
#3222 = ORIENTED_EDGE ( 'NONE', *, *, #7726, .F. ) ;
#3223 = LINE ( 'NONE', #9084, #1090 ) ;
#3224 = DIRECTION ( 'NONE',  ( -6.129842118587363700E-015, -1.000000000000000000, 0.0000000000000000000 ) ) ;
#3225 = ORIENTED_EDGE ( 'NONE', *, *, #9090, .F. ) ;
#3226 = DIRECTION ( 'NONE',  ( -8.202002250481356300E-017, 1.000000000000000000, 0.0000000000000000000 ) ) ;
#3227 = ORIENTED_EDGE ( 'NONE', *, *, #4535, .F. ) ;
#3228 = AXIS2_PLACEMENT_3D ( 'NONE', #4570, #2211, #6213 ) ;
#3229 =( GEOMETRIC_REPRESENTATION_CONTEXT ( 3 ) GLOBAL_UNCERTAINTY_ASSIGNED_CONTEXT ( ( #5696 ) ) GLOBAL_UNIT_ASSIGNED_CONTEXT ( ( #7679, #7642, #2009 ) ) REPRESENTATION_CONTEXT ( 'NONE', 'WORKASPACE' ) );
#3230 = COLOUR_RGB ( '',0.2509803921568627400, 0.2509803921568627400, 0.2509803921568627400 ) ;
#3231 = EDGE_CURVE ( 'NONE', #804, #9297, #322, .T. ) ;
#3232 = ADVANCED_FACE ( 'NONE', ( #78 ), #1855, .T. ) ;
#3233 = CARTESIAN_POINT ( 'NONE',  ( 20.64999999999999900, 16.94289321881344500, 0.0000000000000000000 ) ) ;
#3234 = CARTESIAN_POINT ( 'NONE',  ( -1.379851512413568000, -19.15000000000000600, 41.54834905086877900 ) ) ;
#3235 = CARTESIAN_POINT ( 'NONE',  ( -15.49999999999897900, -15.50000000000102100, 47.50000000000000000 ) ) ;
#3236 = CARTESIAN_POINT ( 'NONE',  ( 0.0000000000000000000, 0.0000000000000000000, -1.500000000000000000 ) ) ;
#3237 = DIRECTION ( 'NONE',  ( 1.000000000000000000, 0.0000000000000000000, -0.0000000000000000000 ) ) ;
#3238 =( GEOMETRIC_REPRESENTATION_CONTEXT ( 3 ) GLOBAL_UNCERTAINTY_ASSIGNED_CONTEXT ( ( #4916 ) ) GLOBAL_UNIT_ASSIGNED_CONTEXT ( ( #3968, #21, #5587 ) ) REPRESENTATION_CONTEXT ( 'NONE', 'WORKASPACE' ) );
#3239 = B_SPLINE_CURVE_WITH_KNOTS ( 'NONE', 3,
 ( #735, #826, #4708, #4680 ),
 .UNSPECIFIED., .F., .F.,
 ( 4, 4 ),
 ( 0.0000000000000000000, 0.0004464067693918816900 ),
 .UNSPECIFIED. ) ;
#3240 = CARTESIAN_POINT ( 'NONE',  ( 15.50000000000005000, -16.84930666606609500, 47.49923505645086400 ) ) ;
#3241 = DIRECTION ( 'NONE',  ( -0.0000000000000000000, 1.000000000000000000, -0.0000000000000000000 ) ) ;
#3242 = FILL_AREA_STYLE ('',( #110 ) ) ;
#3243 = LINE ( 'NONE', #4276, #5228 ) ;
#3244 = PRESENTATION_STYLE_ASSIGNMENT (( #1509 ) ) ;
#3245 = CARTESIAN_POINT ( 'NONE',  ( -15.49999999999897900, -15.50000000000102100, 46.00000000000000000 ) ) ;
#3246 = CARTESIAN_POINT ( 'NONE',  ( -16.74999999999999300, 15.50000000000000000, 4.500000000000000900 ) ) ;
#3247 = ORIENTED_EDGE ( 'NONE', *, *, #1665, .F. ) ;
#3248 = VERTEX_POINT ( 'NONE', #4956 ) ;
#3249 = SURFACE_STYLE_FILL_AREA ( #11 ) ;
#3250 = AXIS2_PLACEMENT_3D ( 'NONE', #8625, #7160, #3136 ) ;
#3251 = AXIS2_PLACEMENT_3D ( 'NONE', #9294, #10023, #2129 ) ;
#3252 = CARTESIAN_POINT ( 'NONE',  ( 16.94289321881344900, -20.65000000000000200, 0.5000000000000000000 ) ) ;
#3253 =( LENGTH_UNIT ( ) NAMED_UNIT ( * ) SI_UNIT ( .MILLI., .METRE. ) );
#3254 = DIRECTION ( 'NONE',  ( -4.086561412391584500E-015, -1.000000000000000000, 0.0000000000000000000 ) ) ;
#3255 = VERTEX_POINT ( 'NONE', #158 ) ;
#3256 = ORIENTED_EDGE ( 'NONE', *, *, #7016, .F. ) ;
#3257 = UNCERTAINTY_MEASURE_WITH_UNIT (LENGTH_MEASURE( 1.000000000000000100E-005 ), #7131, 'distance_accuracy_value', 'NONE');
#3258 =( NAMED_UNIT ( * ) PLANE_ANGLE_UNIT ( ) SI_UNIT ( $, .RADIAN. ) );
#3259 = VECTOR ( 'NONE', #4199, 1000.000000000000000 ) ;
#3260 = EDGE_CURVE ( 'NONE', #7148, #10157, #5427, .T. ) ;
#3261 = DIRECTION ( 'NONE',  ( -0.0000000000000000000, -0.0000000000000000000, 1.000000000000000000 ) ) ;
#3262 = CIRCLE ( 'NONE', #6704, 3.500000000000927700 ) ;
#3263 = DIRECTION ( 'NONE',  ( -0.0000000000000000000, -0.0000000000000000000, -1.000000000000000000 ) ) ;
#3264 = STYLED_ITEM ( 'NONE', ( #1426 ), #3585 ) ;
#3265 = ORIENTED_EDGE ( 'NONE', *, *, #9880, .F. ) ;
#3266 = ORIENTED_EDGE ( 'NONE', *, *, #5731, .F. ) ;
#3267 = LINE ( 'NONE', #8168, #4264 ) ;
#3268 = SURFACE_SIDE_STYLE ('',( #3936 ) ) ;
#3269 = EDGE_CURVE ( 'NONE', #4172, #4177, #7788, .T. ) ;
#3270 = AXIS2_PLACEMENT_3D ( 'NONE', #9198, #1952, #6751 ) ;
#3271 = FACE_OUTER_BOUND ( 'NONE', #6936, .T. ) ;
#3272 = FILL_AREA_STYLE ('',( #4123 ) ) ;
#3273 = ADVANCED_FACE ( 'NONE', ( #926 ), #3066, .T. ) ;
#3274 = SURFACE_STYLE_USAGE ( .BOTH. , #3928 ) ;
#3275 = SURFACE_STYLE_USAGE ( .BOTH. , #863 ) ;
#3276 = ORIENTED_EDGE ( 'NONE', *, *, #9005, .F. ) ;
#3277 = ORIENTED_EDGE ( 'NONE', *, *, #754, .F. ) ;
#3278 = CARTESIAN_POINT ( 'NONE',  ( 16.94289321881344900, -20.65000000000000200, 10.00000000000000000 ) ) ;
#3279 = ORIENTED_EDGE ( 'NONE', *, *, #9629, .F. ) ;
#3280 = LINE ( 'NONE', #7038, #2789 ) ;
#3281 = AXIS2_PLACEMENT_3D ( 'NONE', #8573, #6882, #2125 ) ;
#3282 = EDGE_CURVE ( 'NONE', #2355, #3694, #3311, .T. ) ;
#3283 = VECTOR ( 'NONE', #2757, 1000.000000000000000 ) ;
#3284 = EDGE_CURVE ( 'NONE', #6527, #4902, #6415, .T. ) ;
#3285 = FACE_OUTER_BOUND ( 'NONE', #3435, .T. ) ;
#3286 = PRODUCT_DEFINITION ( 'Î´Öª', '', #1666, #5551 ) ;
#3287 =( LENGTH_UNIT ( ) NAMED_UNIT ( * ) SI_UNIT ( .MILLI., .METRE. ) );
#3288 = DIRECTION ( 'NONE',  ( 0.0000000000000000000, -1.000000000000000000, 0.0000000000000000000 ) ) ;
#3289 = ORIENTED_EDGE ( 'NONE', *, *, #4549, .T. ) ;
#3290 = DIRECTION ( 'NONE',  ( -1.000000000000000000, -1.224646799147353500E-016, 0.0000000000000000000 ) ) ;
#3291 = EDGE_LOOP ( 'NONE', ( #9520, #10044, #3194 ) ) ;
#3292 = VECTOR ( 'NONE', #5013, 999.9999999999998900 ) ;
#3293 = CARTESIAN_POINT ( 'NONE',  ( 17.80000000000102000, -15.49999999999983700, 46.50000000000000000 ) ) ;
#3294 = CARTESIAN_POINT ( 'NONE',  ( 15.92449465477568900, 14.21692477204115900, 46.50000000000000000 ) ) ;
#3295 = CIRCLE ( 'NONE', #2213, 1.249999999999997600 ) ;
#3296 = ORIENTED_EDGE ( 'NONE', *, *, #3560, .T. ) ;
#3297 = AXIS2_PLACEMENT_3D ( 'NONE', #7242, #8041, #7312 ) ;
#3298 = CARTESIAN_POINT ( 'NONE',  ( 4.000000000000000000, 0.0000000000000000000, 48.00000000000000000 ) ) ;
#3299 = ORIENTED_EDGE ( 'NONE', *, *, #753, .T. ) ;
#3300 = AXIS2_PLACEMENT_3D ( 'NONE', #5507, #7210, #3224 ) ;
#3301 = EDGE_CURVE ( 'NONE', #8435, #3432, #8150, .T. ) ;
#3302 = EDGE_LOOP ( 'NONE', ( #3913, #3571, #3861, #10055, #6678, #9655, #9952, #5912, #4262, #4200, #2106, #4877 ) ) ;
#3303 = VERTEX_POINT ( 'NONE', #3366 ) ;
#3304 = VECTOR ( 'NONE', #9940, 1000.000000000000000 ) ;
#3305 = COLOUR_RGB ( '',0.2509803921568627400, 0.2509803921568627400, 0.2509803921568627400 ) ;
#3306 = DIRECTION ( 'NONE',  ( 0.0000000000000000000, 0.0000000000000000000, -1.000000000000000000 ) ) ;
#3307 = ORIENTED_EDGE ( 'NONE', *, *, #345, .T. ) ;
#3308 = B_SPLINE_CURVE_WITH_KNOTS ( 'NONE', 3,
 ( #2597, #7460, #1014, #977 ),
 .UNSPECIFIED., .F., .F.,
 ( 4, 4 ),
 ( 0.0000000000000000000, 0.0001285675718486913200 ),
 .UNSPECIFIED. ) ;
#3309 =( NAMED_UNIT ( * ) PLANE_ANGLE_UNIT ( ) SI_UNIT ( $, .RADIAN. ) );
#3310 =( NAMED_UNIT ( * ) PLANE_ANGLE_UNIT ( ) SI_UNIT ( $, .RADIAN. ) );
#3311 = LINE ( 'NONE', #4151, #8903 ) ;
#3312 = CARTESIAN_POINT ( 'NONE',  ( -21.15999999999998900, 13.31369220013744600, 5.999999999999998200 ) ) ;
#3313 = ORIENTED_EDGE ( 'NONE', *, *, #5888, .F. ) ;
#3314 = DIRECTION ( 'NONE',  ( 1.000000000000000000, 0.0000000000000000000, 0.0000000000000000000 ) ) ;
#3315 = ORIENTED_EDGE ( 'NONE', *, *, #3138, .F. ) ;
#3316 = LINE ( 'NONE', #8743, #5182 ) ;
#3317 = DIRECTION ( 'NONE',  ( 0.0000000000000000000, 0.0000000000000000000, 1.000000000000000000 ) ) ;
#3318 = DIRECTION ( 'NONE',  ( -0.0000000000000000000, -0.0000000000000000000, 1.000000000000000000 ) ) ;
#3319 = AXIS2_PLACEMENT_3D ( 'NONE', #8352, #1189, #5960 ) ;
#3320 = PRESENTATION_LAYER_ASSIGNMENT (  '', '', ( #2788 ) ) ;
#3321 = ORIENTED_EDGE ( 'NONE', *, *, #4727, .F. ) ;
#3322 = SURFACE_STYLE_USAGE ( .BOTH. , #4134 ) ;
#3323 = CIRCLE ( 'NONE', #1707, 25.00000000000000000 ) ;
#3324 = EDGE_LOOP ( 'NONE', ( #2663, #3436 ) ) ;
#3325 = CARTESIAN_POINT ( 'NONE',  ( -13.32957238623955800, 21.14999999999999900, 38.00000000000000000 ) ) ;
#3326 = DIRECTION ( 'NONE',  ( -0.0000000000000000000, -0.0000000000000000000, -1.000000000000000000 ) ) ;
#3327 = PRESENTATION_STYLE_ASSIGNMENT (( #5209 ) ) ;
#3328 = DIRECTION ( 'NONE',  ( 1.000000000000000000, 0.0000000000000000000, 0.0000000000000000000 ) ) ;
#3329 = VECTOR ( 'NONE', #8811, 1000.000000000000000 ) ;
#3330 = UNCERTAINTY_MEASURE_WITH_UNIT (LENGTH_MEASURE( 1.000000000000000100E-005 ), #2380, 'distance_accuracy_value', 'NONE');
#3332 = FILL_AREA_STYLE ('',( #8147 ) ) ;
#3331 = CARTESIAN_POINT ( 'NONE',  ( 3.500000000000000000, 0.0000000000000000000, 46.00000000000000000 ) ) ;
#3333 = ORIENTED_EDGE ( 'NONE', *, *, #2899, .F. ) ;
#3334 = ADVANCED_FACE ( 'NONE', ( #5178 ), #1058, .F. ) ;
#3335 = VERTEX_POINT ( 'NONE', #7383 ) ;
#3336 = CARTESIAN_POINT ( 'NONE',  ( 21.00355339059327500, -17.29644660940670100, 38.00000000000000000 ) ) ;
#3337 = VECTOR ( 'NONE', #4460, 1000.000000000000000 ) ;
#3338 = CARTESIAN_POINT ( 'NONE',  ( 16.84930666606603500, 15.94640676939203200, 46.50000000000000000 ) ) ;
#3339 = SURFACE_STYLE_FILL_AREA ( #7778 ) ;
#3340 = CARTESIAN_POINT ( 'NONE',  ( -18.79644660940671500, -18.79644660940671500, 47.50000000000000000 ) ) ;
#3341 = ORIENTED_EDGE ( 'NONE', *, *, #6356, .F. ) ;
#3342 = DIRECTION ( 'NONE',  ( 1.000000000000000000, -3.885970363620945200E-015, 0.0000000000000000000 ) ) ;
#3343 = ORIENTED_EDGE ( 'NONE', *, *, #4488, .T. ) ;
#3344 = EDGE_LOOP ( 'NONE', ( #7159, #9452, #8173, #3438 ) ) ;
#3345 = SURFACE_STYLE_USAGE ( .BOTH. , #3213 ) ;
#3346 =( GEOMETRIC_REPRESENTATION_CONTEXT ( 3 ) GLOBAL_UNCERTAINTY_ASSIGNED_CONTEXT ( ( #3871 ) ) GLOBAL_UNIT_ASSIGNED_CONTEXT ( ( #1036, #9078, #967 ) ) REPRESENTATION_CONTEXT ( 'NONE', 'WORKASPACE' ) );
#3347 = PLANE ( 'NONE',  #7137 ) ;
#3348 =( NAMED_UNIT ( * ) PLANE_ANGLE_UNIT ( ) SI_UNIT ( $, .RADIAN. ) );
#3349 = EDGE_CURVE ( 'NONE', #4751, #3690, #8012, .T. ) ;
#3350 = EDGE_CURVE ( 'NONE', #3001, #794, #3559, .T. ) ;
#3351 = FILL_AREA_STYLE_COLOUR ( '', #2463 ) ;
#3352 =( GEOMETRIC_REPRESENTATION_CONTEXT ( 3 ) GLOBAL_UNCERTAINTY_ASSIGNED_CONTEXT ( ( #6637 ) ) GLOBAL_UNIT_ASSIGNED_CONTEXT ( ( #2967, #528, #8517 ) ) REPRESENTATION_CONTEXT ( 'NONE', 'WORKASPACE' ) );
#3353 = ORIENTED_EDGE ( 'NONE', *, *, #4601, .T. ) ;
#3354 = LINE ( 'NONE', #8633, #3837 ) ;
#3355 = FACE_OUTER_BOUND ( 'NONE', #4128, .T. ) ;
#3356 = LINE ( 'NONE', #8622, #8825 ) ;
#3357 = CARTESIAN_POINT ( 'NONE',  ( 21.15000000000000200, -17.15000000000001600, 10.00000000000000000 ) ) ;
#3358 = CARTESIAN_POINT ( 'NONE',  ( -15.94640676939209500, 14.27904914257634400, 47.50000000000000000 ) ) ;
#3359 = CARTESIAN_POINT ( 'NONE',  ( -1.379851512413568000, -19.15000000000000600, 42.12714644778323200 ) ) ;
#3360 = PRESENTATION_LAYER_ASSIGNMENT (  '', '', ( #9022 ) ) ;
#3362 = DIRECTION ( 'NONE',  ( 1.000000000000000000, 0.0000000000000000000, 0.0000000000000000000 ) ) ;
#3361 = FILL_AREA_STYLE ('',( #3497 ) ) ;
#3363 = EDGE_CURVE ( 'NONE', #9109, #9619, #7032, .T. ) ;
#3364 = EDGE_CURVE ( 'NONE', #9887, #6174, #6924, .T. ) ;
#3365 = VECTOR ( 'NONE', #4255, 999.9999999999998900 ) ;
#3366 = CARTESIAN_POINT ( 'NONE',  ( 16.78307522795901000, -15.70908840092287500, 47.50000000000000000 ) ) ;
#3367 = FACE_OUTER_BOUND ( 'NONE', #692, .T. ) ;
#3368 = DIRECTION ( 'NONE',  ( -0.0000000000000000000, -0.0000000000000000000, 1.000000000000000000 ) ) ;
#3369 = ORIENTED_EDGE ( 'NONE', *, *, #8614, .T. ) ;
#3370 = CARTESIAN_POINT ( 'NONE',  ( 2.494294627413643700, -19.15000000000000600, 40.95372187942375300 ) ) ;
#3371 = ORIENTED_EDGE ( 'NONE', *, *, #6761, .F. ) ;
#3372 = CARTESIAN_POINT ( 'NONE',  ( -3.500000000000000000, 0.0000000000000000000, -1.500000000000000000 ) ) ;
#3373 = B_SPLINE_CURVE_WITH_KNOTS ( 'NONE', 3,
 ( #8443, #6152, #7741, #1346 ),
 .UNSPECIFIED., .F., .F.,
 ( 4, 4 ),
 ( 0.0000000000000000000, 5.435045947801988800E-005 ),
 .UNSPECIFIED. ) ;
#3374 = PRESENTATION_LAYER_ASSIGNMENT (  '', '', ( #6243 ) ) ;
#3375 = CARTESIAN_POINT ( 'NONE',  ( -13.20000000000016400, 15.49999999999897500, 46.00000000000000000 ) ) ;
#3376 = CARTESIAN_POINT ( 'NONE',  ( -16.84930666606614500, -15.94640676939191900, 47.49262389544728800 ) ) ;
#3377 = ADVANCED_FACE ( 'NONE', ( #5548 ), #9296, .T. ) ;
#3378 = CARTESIAN_POINT ( 'NONE',  ( -1.270437991958181900, 2.000000000000000000, -23.63773720482510000 ) ) ;
#3379 = EDGE_LOOP ( 'NONE', ( #9145, #966, #9767, #2941 ) ) ;
#3380 = CARTESIAN_POINT ( 'NONE',  ( 21.15349364153872400, -13.32403302392777900, 5.967958232163240100 ) ) ;
#3381 =( NAMED_UNIT ( * ) PLANE_ANGLE_UNIT ( ) SI_UNIT ( $, .RADIAN. ) );
#3382 = PRESENTATION_STYLE_ASSIGNMENT (( #8294 ) ) ;
#3383 = DIRECTION ( 'NONE',  ( 0.0000000000000000000, 0.0000000000000000000, 1.000000000000000000 ) ) ;
#3384 = SURFACE_STYLE_FILL_AREA ( #10314 ) ;
#3385 = FILL_AREA_STYLE_COLOUR ( '', #10024 ) ;
#3386 = ORIENTED_EDGE ( 'NONE', *, *, #8722, .F. ) ;
#3387 = DIRECTION ( 'NONE',  ( -1.000000000000000000, 0.0000000000000000000, 0.0000000000000000000 ) ) ;
#3388 =( GEOMETRIC_REPRESENTATION_CONTEXT ( 3 ) GLOBAL_UNCERTAINTY_ASSIGNED_CONTEXT ( ( #6257 ) ) GLOBAL_UNIT_ASSIGNED_CONTEXT ( ( #8403, #3669, #7641 ) ) REPRESENTATION_CONTEXT ( 'NONE', 'WORKASPACE' ) );
#3389 = FACE_OUTER_BOUND ( 'NONE', #8030, .T. ) ;
#3390 = CARTESIAN_POINT ( 'NONE',  ( 0.0000000000000000000, 0.0000000000000000000, 1.000000000000000000 ) ) ;
#3391 = UNCERTAINTY_MEASURE_WITH_UNIT (LENGTH_MEASURE( 1.000000000000000100E-005 ), #3039, 'distance_accuracy_value', 'NONE');
#3392 =( LENGTH_UNIT ( ) NAMED_UNIT ( * ) SI_UNIT ( .MILLI., .METRE. ) );
#3393 = CIRCLE ( 'NONE', #9393, 0.4999999999999982200 ) ;
#3395 = CARTESIAN_POINT ( 'NONE',  ( 0.0000000000000000000, 0.0000000000000000000, 0.5000000000000000000 ) ) ;
#3394 = CARTESIAN_POINT ( 'NONE',  ( 21.00355339059327500, -17.29644660940670100, 48.00000000000000000 ) ) ;
#3396 = CIRCLE ( 'NONE', #9181, 0.5000000000000004400 ) ;
#3397 = CARTESIAN_POINT ( 'NONE',  ( -12.49999999999923800, 15.49999999999897500, 47.50000000000000000 ) ) ;
#3398 = ORIENTED_EDGE ( 'NONE', *, *, #6961, .T. ) ;
#3399 = ORIENTED_EDGE ( 'NONE', *, *, #2486, .F. ) ;
#3400 = EDGE_LOOP ( 'NONE', ( #7545, #8093, #4852, #5264, #2602 ) ) ;
#3401 =( NAMED_UNIT ( * ) SI_UNIT ( $, .STERADIAN. ) SOLID_ANGLE_UNIT ( ) );
#3402 = DIRECTION ( 'NONE',  ( 1.000000000000000000, 0.0000000000000000000, 0.0000000000000000000 ) ) ;
#3403 = EDGE_CURVE ( 'NONE', #7525, #6659, #2813, .T. ) ;
#3404 = CARTESIAN_POINT ( 'NONE',  ( -14.15069333393214100, -15.94640676939194500, 46.50000000000000000 ) ) ;
#3405 = CARTESIAN_POINT ( 'NONE',  ( 13.19999999999983800, 15.50000000000016000, 47.50000000000000000 ) ) ;
#3406 = PRESENTATION_LAYER_ASSIGNMENT (  '', '', ( #5397 ) ) ;
#3407 = VECTOR ( 'NONE', #4726, 1000.000000000000000 ) ;
#3408 = DIRECTION ( 'NONE',  ( 1.000000000000000000, 0.0000000000000000000, 0.0000000000000000000 ) ) ;
#3409 = EDGE_CURVE ( 'NONE', #3687, #893, #4295, .T. ) ;
#3410 = EDGE_LOOP ( 'NONE', ( #3247, #2201, #115, #6538 ) ) ;
#3411 = EDGE_LOOP ( 'NONE', ( #3782, #4280, #9650 ) ) ;
#3412 = MECHANICAL_DESIGN_GEOMETRIC_PRESENTATION_REPRESENTATION (  '', ( #17 ), #7541 ) ;
#3413 = VERTEX_POINT ( 'NONE', #9100 ) ;
#3414 = VECTOR ( 'NONE', #6938, 1000.000000000000000 ) ;
#3415 = EDGE_CURVE ( 'NONE', #669, #2257, #912, .T. ) ;
#3416 = DIRECTION ( 'NONE',  ( -0.0000000000000000000, -0.0000000000000000000, 1.000000000000000000 ) ) ;
#3417 = FACE_BOUND ( 'NONE', #3162, .T. ) ;
#3418 = SURFACE_STYLE_USAGE ( .BOTH. , #5771 ) ;
#3419 = CARTESIAN_POINT ( 'NONE',  ( 0.0000000000000000000, 0.0000000000000000000, -1.500000000000000000 ) ) ;
#3420 =( NAMED_UNIT ( * ) PLANE_ANGLE_UNIT ( ) SI_UNIT ( $, .RADIAN. ) );
#3421 = LINE ( 'NONE', #1207, #5283 ) ;
#3422 = FILL_AREA_STYLE ('',( #6610 ) ) ;
#3423 = VERTEX_POINT ( 'NONE', #9139 ) ;
#3424 = DIRECTION ( 'NONE',  ( 1.000000000000000000, 0.0000000000000000000, 0.0000000000000000000 ) ) ;
#3425 = ORIENTED_EDGE ( 'NONE', *, *, #4135, .T. ) ;
#3426 = ORIENTED_EDGE ( 'NONE', *, *, #9343, .F. ) ;
#3427 = EDGE_CURVE ( 'NONE', #4525, #1829, #2939, .T. ) ;
#3428 = EDGE_CURVE ( 'NONE', #3848, #9856, #313, .T. ) ;
#3429 = LINE ( 'NONE', #421, #9168 ) ;
#3430 = CARTESIAN_POINT ( 'NONE',  ( -20.64999999999999500, 16.94289321881343800, 38.00000000000000000 ) ) ;
#3431 = DIRECTION ( 'NONE',  ( 0.0000000000000000000, -1.000000000000000000, 0.0000000000000000000 ) ) ;
#3432 = VERTEX_POINT ( 'NONE', #3534 ) ;
#3433 = CARTESIAN_POINT ( 'NONE',  ( 15.92449465477568900, 14.21692477204115900, 46.50000000000000000 ) ) ;
#3434 = CARTESIAN_POINT ( 'NONE',  ( 0.0000000000000000000, 0.0000000000000000000, 46.00000000000000000 ) ) ;
#3435 = EDGE_LOOP ( 'NONE', ( #8898, #3520, #1796, #8086, #4691, #6701, #836, #3176 ) ) ;
#3436 = ORIENTED_EDGE ( 'NONE', *, *, #5489, .T. ) ;
#3437 = ADVANCED_FACE ( 'NONE', ( #808 ), #1092, .F. ) ;
#3438 = ORIENTED_EDGE ( 'NONE', *, *, #825, .F. ) ;
#3439 = AXIS2_PLACEMENT_3D ( 'NONE', #8367, #2849, #9177 ) ;
#3440 = PLANE ( 'NONE',  #8492 ) ;
#3441 = LINE ( 'NONE', #3894, #10156 ) ;
#3442 = ORIENTED_EDGE ( 'NONE', *, *, #5541, .T. ) ;
#3443 = UNCERTAINTY_MEASURE_WITH_UNIT (LENGTH_MEASURE( 1.000000000000000100E-005 ), #4246, 'distance_accuracy_value', 'NONE');
#3444 = CARTESIAN_POINT ( 'NONE',  ( 15.07550534522235500, 16.78307522795906000, 46.50000000000000000 ) ) ;
#3445 = AXIS2_PLACEMENT_3D ( 'NONE', #1128, #7742, #5320 ) ;
#3446 = DIRECTION ( 'NONE',  ( -0.0000000000000000000, -1.000000000000000000, -2.081668171172166600E-014 ) ) ;
#3447 = LINE ( 'NONE', #1745, #1064 ) ;
#3448 = VERTEX_POINT ( 'NONE', #9949 ) ;
#3449 = ORIENTED_EDGE ( 'NONE', *, *, #3880, .F. ) ;
#3450 = FILL_AREA_STYLE_COLOUR ( '', #3025 ) ;
#3451 = CARTESIAN_POINT ( 'NONE',  ( 0.0000000000000000000, 0.0000000000000000000, 0.0000000000000000000 ) ) ;
#3452 = FACE_OUTER_BOUND ( 'NONE', #1469, .T. ) ;
#3453 = DIRECTION ( 'NONE',  ( -1.000000000000000000, 0.0000000000000000000, 0.0000000000000000000 ) ) ;
#3454 = VERTEX_POINT ( 'NONE', #7463 ) ;
#3455 = DIRECTION ( 'NONE',  ( -0.0000000000000000000, 1.000000000000000000, -1.387778780781444300E-014 ) ) ;
#3456 = DIRECTION ( 'NONE',  ( -0.0000000000000000000, -0.0000000000000000000, 1.000000000000000000 ) ) ;
#3457 = PRESENTATION_LAYER_ASSIGNMENT (  '', '', ( #7515 ) ) ;
#3458 = STYLED_ITEM ( 'NONE', ( #5336 ), #8110 ) ;
#3459 = LINE ( 'NONE', #7558, #3337 ) ;
#3460 = CARTESIAN_POINT ( 'NONE',  ( 21.14999999999999900, 17.14999999999999500, 38.00000000000000000 ) ) ;
#3461 = CARTESIAN_POINT ( 'NONE',  ( 15.07550534522236400, 15.94640676939203900, 46.50000000000000000 ) ) ;
#3462 = ORIENTED_EDGE ( 'NONE', *, *, #156, .F. ) ;
#3463 = CARTESIAN_POINT ( 'NONE',  ( 21.00355339059327500, -17.29644660940670100, 47.50000000000000000 ) ) ;
#3464 = DIRECTION ( 'NONE',  ( 0.0000000000000000000, -1.000000000000000000, 0.0000000000000000000 ) ) ;
#3465 = FILL_AREA_STYLE ('',( #6810 ) ) ;
#3466 = ORIENTED_EDGE ( 'NONE', *, *, #1162, .F. ) ;
#3467 = VERTEX_POINT ( 'NONE', #1972 ) ;
#3468 = FILL_AREA_STYLE ('',( #290 ) ) ;
#3469 = EDGE_CURVE ( 'NONE', #6803, #5260, #5036, .T. ) ;
#3470 = DIRECTION ( 'NONE',  ( -0.0000000000000000000, -0.0000000000000000000, 1.000000000000000000 ) ) ;
#3471 = ORIENTED_EDGE ( 'NONE', *, *, #5975, .T. ) ;
#3472 = EDGE_CURVE ( 'NONE', #9888, #6405, #7824, .T. ) ;
#3473 = EDGE_CURVE ( 'NONE', #5943, #8777, #65, .T. ) ;
#3474 = ORIENTED_EDGE ( 'NONE', *, *, #9613, .F. ) ;
#3475 = CARTESIAN_POINT ( 'NONE',  ( 0.0000000000000000000, -21.25000000000000700, 43.56695646205938000 ) ) ;
#3476 = AXIS2_PLACEMENT_3D ( 'NONE', #6857, #6115, #6052 ) ;
#3477 = CARTESIAN_POINT ( 'NONE',  ( 15.05359323060813500, -15.07550534522241900, 46.50000000000000000 ) ) ;
#3478 = FACE_OUTER_BOUND ( 'NONE', #4444, .T. ) ;
#3479 = DIRECTION ( 'NONE',  ( -1.000000000000000000, 0.0000000000000000000, 0.0000000000000000000 ) ) ;
#3480 = VECTOR ( 'NONE', #7252, 1000.000000000000000 ) ;
#3481 =( GEOMETRIC_REPRESENTATION_CONTEXT ( 3 ) GLOBAL_UNCERTAINTY_ASSIGNED_CONTEXT ( ( #6830 ) ) GLOBAL_UNIT_ASSIGNED_CONTEXT ( ( #4419, #2832, #9994 ) ) REPRESENTATION_CONTEXT ( 'NONE', 'WORKASPACE' ) );
#3482 = CARTESIAN_POINT ( 'NONE',  ( -19.00000000000109100, 15.49999999999897500, 47.50000000000000000 ) ) ;
#3483 = ADVANCED_FACE ( 'NONE', ( #1659 ), #5898, .F. ) ;
#3484 = SURFACE_STYLE_USAGE ( .BOTH. , #1914 ) ;
#3485 = EDGE_CURVE ( 'NONE', #6827, #7754, #9026, .T. ) ;
#3486 = EDGE_CURVE ( 'NONE', #1904, #8702, #7402, .T. ) ;
#3487 = CARTESIAN_POINT ( 'NONE',  ( 0.0000000000000000000, 0.0000000000000000000, -1.500000000000000000 ) ) ;
#3488 = CARTESIAN_POINT ( 'NONE',  ( -11.00000000000000000, 1.347111479062088400E-015, 0.0000000000000000000 ) ) ;
#3489 = CARTESIAN_POINT ( 'NONE',  ( 0.0000000000000000000, -21.16000000000000700, 5.999999999999998200 ) ) ;
#3490 = DIRECTION ( 'NONE',  ( -0.0000000000000000000, 1.000000000000000000, -0.0000000000000000000 ) ) ;
#3491 = LINE ( 'NONE', #8509, #6351 ) ;
#3492 = DIRECTION ( 'NONE',  ( 1.000000000000000000, 0.0000000000000000000, 0.0000000000000000000 ) ) ;
#3493 =( NAMED_UNIT ( * ) SI_UNIT ( $, .STERADIAN. ) SOLID_ANGLE_UNIT ( ) );
#3494 = CARTESIAN_POINT ( 'NONE',  ( 15.50000000000010500, -15.49999999999989200, -0.0000000000000000000 ) ) ;
#3495 = FILL_AREA_STYLE ('',( #1968 ) ) ;
#3496 = PRESENTATION_LAYER_ASSIGNMENT (  '', '', ( #2424 ) ) ;
#3497 = FILL_AREA_STYLE_COLOUR ( '', #3124 ) ;
#3498 = ORIENTED_EDGE ( 'NONE', *, *, #6287, .F. ) ;
#3499 = AXIS2_PLACEMENT_3D ( 'NONE', #4098, #182, #973 ) ;
#3500 = EDGE_CURVE ( 'NONE', #2063, #10248, #1318, .T. ) ;
#3501 = DIRECTION ( 'NONE',  ( 1.000000000000000000, -8.173122824782933900E-015, 0.0000000000000000000 ) ) ;
#3502 = VERTEX_POINT ( 'NONE', #7736 ) ;
#3503 = FACE_OUTER_BOUND ( 'NONE', #5162, .T. ) ;
#3504 = PLANE ( 'NONE',  #5075 ) ;
#3505 = VECTOR ( 'NONE', #9246, 1000.000000000000000 ) ;
#3506 = CARTESIAN_POINT ( 'NONE',  ( -15.94640676939209500, 15.92449465477564100, 46.50000000000000000 ) ) ;
#3507 =( NAMED_UNIT ( * ) PLANE_ANGLE_UNIT ( ) SI_UNIT ( $, .RADIAN. ) );
#3508 = DIRECTION ( 'NONE',  ( 1.000000000000000000, 0.0000000000000000000, 0.0000000000000000000 ) ) ;
#3509 = ADVANCED_FACE ( 'NONE', ( #7269 ), #8269, .T. ) ;
#3510 = ORIENTED_EDGE ( 'NONE', *, *, #10081, .T. ) ;
#3511 = CIRCLE ( 'NONE', #6155, 0.5787973969144516500 ) ;
#3512 = CARTESIAN_POINT ( 'NONE',  ( 15.50000000000010500, -15.49999999999989200, 4.500000000000000900 ) ) ;
#3513 = ORIENTED_EDGE ( 'NONE', *, *, #632, .T. ) ;
#3514 = AXIS2_PLACEMENT_3D ( 'NONE', #9968, #5922, #8392 ) ;
#3515 = PRESENTATION_LAYER_ASSIGNMENT (  '', '', ( #2987 ) ) ;
#3516 = LINE ( 'NONE', #8258, #3882 ) ;
#3517 = FILL_AREA_STYLE ('',( #2469 ) ) ;
#3518 = CARTESIAN_POINT ( 'NONE',  ( -14.21692477204121700, 15.78089184510481900, 47.50000000000000000 ) ) ;
#3519 = DIRECTION ( 'NONE',  ( -1.000000000000000000, 0.0000000000000000000, 0.0000000000000000000 ) ) ;
#3520 = ORIENTED_EDGE ( 'NONE', *, *, #2430, .T. ) ;
#3521 = DIRECTION ( 'NONE',  ( -1.000000000000000000, 0.0000000000000000000, 0.0000000000000000000 ) ) ;
#3522 = ORIENTED_EDGE ( 'NONE', *, *, #7076, .F. ) ;
#3523 = CARTESIAN_POINT ( 'NONE',  ( 15.14729938218399100, 16.78307522795906000, 47.49983667794647600 ) ) ;
#3524 = EDGE_LOOP ( 'NONE', ( #7072, #5736, #7354 ) ) ;
#3525 = CIRCLE ( 'NONE', #2565, 0.5000000000000000000 ) ;
#3526 = AXIS2_PLACEMENT_3D ( 'NONE', #2677, #1029, #4269 ) ;
#3527 = FILL_AREA_STYLE ('',( #5088 ) ) ;
#3528 = EDGE_LOOP ( 'NONE', ( #4459, #6307, #5791, #4344 ) ) ;
#3529 = CARTESIAN_POINT ( 'NONE',  ( 16.78307522795901400, -15.07550534522241900, 47.49867441544052600 ) ) ;
#3530 = ORIENTED_EDGE ( 'NONE', *, *, #2890, .F. ) ;
#3531 = ORIENTED_EDGE ( 'NONE', *, *, #1665, .T. ) ;
#3532 = DIRECTION ( 'NONE',  ( 0.0000000000000000000, 0.0000000000000000000, 1.000000000000000000 ) ) ;
#3533 = ADVANCED_FACE ( 'NONE', ( #1560 ), #2151, .F. ) ;
#3534 = CARTESIAN_POINT ( 'NONE',  ( 15.07550534522236100, 15.05359323060818100, 46.50000000000000000 ) ) ;
#3535 = PLANE ( 'NONE',  #5235 ) ;
#3536 = DIRECTION ( 'NONE',  ( -0.0000000000000000000, -0.0000000000000000000, -1.000000000000000000 ) ) ;
#3537 = ORIENTED_EDGE ( 'NONE', *, *, #6672, .T. ) ;
#3538 = DIRECTION ( 'NONE',  ( -0.0000000000000000000, -1.000000000000000000, 0.0000000000000000000 ) ) ;
#3539 = LINE ( 'NONE', #5117, #8126 ) ;
#3540 = MECHANICAL_DESIGN_GEOMETRIC_PRESENTATION_REPRESENTATION (  '', ( #5343 ), #3858 ) ;
#3541 = EDGE_CURVE ( 'NONE', #1638, #5574, #5418, .T. ) ;
#3542 = ORIENTED_EDGE ( 'NONE', *, *, #18, .F. ) ;
#3543 = AXIS2_PLACEMENT_3D ( 'NONE', #8213, #5783, #148 ) ;
#3544 = ORIENTED_EDGE ( 'NONE', *, *, #3558, .F. ) ;
#3545 = CARTESIAN_POINT ( 'NONE',  ( 16.84930666606603500, 15.79760451292807500, 47.49833231681234500 ) ) ;
#3546 =( NAMED_UNIT ( * ) SI_UNIT ( $, .STERADIAN. ) SOLID_ANGLE_UNIT ( ) );
#3547 = VERTEX_POINT ( 'NONE', #10087 ) ;
#3548 = DIRECTION ( 'NONE',  ( 0.0000000000000000000, 0.0000000000000000000, 1.000000000000000000 ) ) ;
#3549 = EDGE_LOOP ( 'NONE', ( #9730, #8559, #6137, #6285, #3774, #1355 ) ) ;
#3550 =( LENGTH_UNIT ( ) NAMED_UNIT ( * ) SI_UNIT ( .MILLI., .METRE. ) );
#3551 = DIRECTION ( 'NONE',  ( 1.000000000000000000, 0.0000000000000000000, 0.0000000000000000000 ) ) ;
#3552 = DIRECTION ( 'NONE',  ( 1.224646799147353200E-016, 1.000000000000000000, -0.0000000000000000000 ) ) ;
#3553 = LINE ( 'NONE', #8829, #7275 ) ;
#3554 = ORIENTED_EDGE ( 'NONE', *, *, #2946, .T. ) ;
#3555 = STYLED_ITEM ( 'NONE', ( #7091 ), #5069 ) ;
#3556 = CARTESIAN_POINT ( 'NONE',  ( -13.31369220013741200, -21.16000000000000700, 40.00000000000000000 ) ) ;
#3557 = ADVANCED_FACE ( 'NONE', ( #7154 ), #4779, .T. ) ;
#3558 = EDGE_CURVE ( 'NONE', #8033, #6430, #9091, .T. ) ;
#3559 = B_SPLINE_CURVE_WITH_KNOTS ( 'NONE', 3,
 ( #9978, #1121, #9064, #1241, #3572 ),
 .UNSPECIFIED., .F., .F.,
 ( 4, 1, 4 ),
 ( 0.0000000000000000000, 0.0004464067693919302600, 0.0008928135387838605200 ),
 .UNSPECIFIED. ) ;
#3560 = EDGE_CURVE ( 'NONE', #6780, #3918, #9913, .T. ) ;
#3561 = EDGE_LOOP ( 'NONE', ( #5404, #4453, #2814, #6828 ) ) ;
#3562 = VERTEX_POINT ( 'NONE', #6946 ) ;
#3563 = CARTESIAN_POINT ( 'NONE',  ( 11.00000000000000000, 0.0000000000000000000, -2.000000000000000000 ) ) ;
#3564 = CARTESIAN_POINT ( 'NONE',  ( 15.07550534522235900, 14.27125906389306200, 47.50000000000000000 ) ) ;
#3565 = CARTESIAN_POINT ( 'NONE',  ( -15.49999999999994300, -15.50000000000005000, 4.500000000000000900 ) ) ;
#3566 = DIRECTION ( 'NONE',  ( -0.0000000000000000000, -0.0000000000000000000, -1.000000000000000000 ) ) ;
#3567 = PLANE ( 'NONE',  #439 ) ;
#3568 = CYLINDRICAL_SURFACE ( 'NONE', #3849, 0.4999999999999982200 ) ;
#3570 =( NAMED_UNIT ( * ) PLANE_ANGLE_UNIT ( ) SI_UNIT ( $, .RADIAN. ) );
#3569 = CARTESIAN_POINT ( 'NONE',  ( 15.05359323060812200, -16.80673604214024100, 47.49756013713620500 ) ) ;
#3571 = ORIENTED_EDGE ( 'NONE', *, *, #2603, .T. ) ;
#3572 = CARTESIAN_POINT ( 'NONE',  ( 15.05359323060814000, -14.15069333393208400, 47.49262389544714600 ) ) ;
#3573 = DIRECTION ( 'NONE',  ( -1.224646799147353200E-016, 1.000000000000000000, 0.0000000000000000000 ) ) ;
#3574 = ORIENTED_EDGE ( 'NONE', *, *, #873, .F. ) ;
#3575 =( NAMED_UNIT ( * ) SI_UNIT ( $, .STERADIAN. ) SOLID_ANGLE_UNIT ( ) );
#3576 = DIRECTION ( 'NONE',  ( -0.0000000000000000000, -0.0000000000000000000, 1.000000000000000000 ) ) ;
#3577 = MECHANICAL_DESIGN_GEOMETRIC_PRESENTATION_REPRESENTATION (  '', ( #5704 ), #7709 ) ;
#3578 = PRESENTATION_LAYER_ASSIGNMENT (  '', '', ( #5843 ) ) ;
#3579 = FILL_AREA_STYLE ('',( #4376 ) ) ;
#3580 = SURFACE_STYLE_USAGE ( .BOTH. , #5321 ) ;
#3581 = CARTESIAN_POINT ( 'NONE',  ( -15.49999999999897900, -15.50000000000102100, 46.50000000000000000 ) ) ;
#3582 = ORIENTED_EDGE ( 'NONE', *, *, #10093, .T. ) ;
#3583 = FACE_OUTER_BOUND ( 'NONE', #8925, .T. ) ;
#3584 = CARTESIAN_POINT ( 'NONE',  ( 0.0000000000000000000, 0.0000000000000000000, 46.00000000000000000 ) ) ;
#3585 = ADVANCED_FACE ( 'NONE', ( #10152 ), #7892, .T. ) ;
#3586 = ORIENTED_EDGE ( 'NONE', *, *, #740, .F. ) ;
#3587 = PLANE ( 'NONE',  #7516 ) ;
#3588 = CARTESIAN_POINT ( 'NONE',  ( 16.72874093610813900, -15.07550534522242100, 47.50000000000000000 ) ) ;
#3589 = DIRECTION ( 'NONE',  ( -0.0000000000000000000, -0.0000000000000000000, -1.000000000000000000 ) ) ;
#3590 = DIRECTION ( 'NONE',  ( 0.7071067811865406900, -0.7071067811865544600, 0.0000000000000000000 ) ) ;
#3591 = MECHANICAL_DESIGN_GEOMETRIC_PRESENTATION_REPRESENTATION (  '', ( #3202 ), #4101 ) ;
#3592 = STYLED_ITEM ( 'NONE', ( #7927 ), #8239 ) ;
#3593 = EDGE_LOOP ( 'NONE', ( #5997, #5669, #9400 ) ) ;
#3594 = ORIENTED_EDGE ( 'NONE', *, *, #10145, .F. ) ;
#3595 = DIRECTION ( 'NONE',  ( -1.000000000000000000, 0.0000000000000000000, -0.0000000000000000000 ) ) ;
#3596 = DIRECTION ( 'NONE',  ( -0.0000000000000000000, -0.0000000000000000000, -1.000000000000000000 ) ) ;
#3597 = DIRECTION ( 'NONE',  ( 1.000000000000000000, 0.0000000000000000000, 0.0000000000000000000 ) ) ;
#3598 = CARTESIAN_POINT ( 'NONE',  ( -14.15069333393213600, -15.35119774353671200, 47.49878368663158300 ) ) ;
#3599 = DIRECTION ( 'NONE',  ( -1.000000000000000000, 0.0000000000000000000, 0.0000000000000000000 ) ) ;
#3600 = CARTESIAN_POINT ( 'NONE',  ( 15.49999999999983700, 15.50000000000016000, 47.50000000000000000 ) ) ;
#3601 = ORIENTED_EDGE ( 'NONE', *, *, #5731, .T. ) ;
#3602 = FILL_AREA_STYLE ('',( #8438 ) ) ;
#3603 = EDGE_CURVE ( 'NONE', #2856, #321, #8762, .T. ) ;
#3604 = LINE ( 'NONE', #763, #1239 ) ;
#3605 = CIRCLE ( 'NONE', #3742, 0.5000000000000004400 ) ;
#3606 = STYLED_ITEM ( 'NONE', ( #5298 ), #3509 ) ;
#3607 = DIRECTION ( 'NONE',  ( 4.086561412391467000E-015, 1.000000000000000000, 0.0000000000000000000 ) ) ;
#3608 = EDGE_CURVE ( 'NONE', #9053, #2673, #8655, .T. ) ;
#3609 =( NAMED_UNIT ( * ) PLANE_ANGLE_UNIT ( ) SI_UNIT ( $, .RADIAN. ) );
#3610 = AXIS2_PLACEMENT_3D ( 'NONE', #1570, #3958, #9553 ) ;
#3611 = CARTESIAN_POINT ( 'NONE',  ( -14.27125906389278500, 15.07550534522231100, 47.50000000000000000 ) ) ;
#3612 = DIRECTION ( 'NONE',  ( -0.0000000000000000000, 1.000000000000000000, -0.0000000000000000000 ) ) ;
#3613 =( LENGTH_UNIT ( ) NAMED_UNIT ( * ) SI_UNIT ( .MILLI., .METRE. ) );
#3614 = ADVANCED_FACE ( 'NONE', ( #2671 ), #6245, .F. ) ;
#3615 = VECTOR ( 'NONE', #4910, 1000.000000000000000 ) ;
#3616 = CARTESIAN_POINT ( 'NONE',  ( 2.799999999999999800, 3.429011037612588800E-016, 1.000000000000000000 ) ) ;
#3617 = AXIS2_PLACEMENT_3D ( 'NONE', #111, #5644, #2475 ) ;
#3618 = EDGE_CURVE ( 'NONE', #2298, #2217, #4770, .T. ) ;
#3619 = EDGE_LOOP ( 'NONE', ( #6735, #2118, #7696, #2427 ) ) ;
#3620 = EDGE_CURVE ( 'NONE', #727, #10026, #7147, .T. ) ;
#3621 = FILL_AREA_STYLE ('',( #1227 ) ) ;
#3622 = CARTESIAN_POINT ( 'NONE',  ( 16.78307522795901400, -15.07550534522241900, 47.49867441544052600 ) ) ;
#3623 =( NAMED_UNIT ( * ) SI_UNIT ( $, .STERADIAN. ) SOLID_ANGLE_UNIT ( ) );
#3624 = DIRECTION ( 'NONE',  ( -1.000000000000000000, 0.0000000000000000000, 0.0000000000000000000 ) ) ;
#3625 = AXIS2_PLACEMENT_3D ( 'NONE', #2568, #1784, #1027 ) ;
#3626 = PRESENTATION_STYLE_ASSIGNMENT (( #2881 ) ) ;
#3627 = DIRECTION ( 'NONE',  ( 0.0000000000000000000, 0.0000000000000000000, 1.000000000000000000 ) ) ;
#3628 = ORIENTED_EDGE ( 'NONE', *, *, #9377, .F. ) ;
#3629 = CARTESIAN_POINT ( 'NONE',  ( -17.29644660940670400, -21.00355339059327900, 47.50000000000000000 ) ) ;
#3630 = ORIENTED_EDGE ( 'NONE', *, *, #8481, .T. ) ;
#3631 = DIRECTION ( 'NONE',  ( -0.0000000000000000000, -0.0000000000000000000, -1.000000000000000000 ) ) ;
#3632 = AXIS2_PLACEMENT_3D ( 'NONE', #628, #5379, #1446 ) ;
#3633 = CARTESIAN_POINT ( 'NONE',  ( 20.64999999999999900, 21.14999999999999900, 0.5000000000000004400 ) ) ;
#3634 = AXIS2_PLACEMENT_3D ( 'NONE', #8175, #1842, #5009 ) ;
#3635 = EDGE_CURVE ( 'NONE', #4526, #7044, #9530, .T. ) ;
#3637 = ADVANCED_FACE ( 'NONE', ( #10028 ), #10311, .F. ) ;
#3636 = VECTOR ( 'NONE', #558, 1000.000000000000000 ) ;
#3638 =( NAMED_UNIT ( * ) SI_UNIT ( $, .STERADIAN. ) SOLID_ANGLE_UNIT ( ) );
#3639 = DIRECTION ( 'NONE',  ( 1.000000000000000000, 0.0000000000000000000, 0.0000000000000000000 ) ) ;
#3640 = EDGE_LOOP ( 'NONE', ( #8987, #8838, #6329, #9280 ) ) ;
#3641 = LINE ( 'NONE', #8118, #2266 ) ;
#3642 = DIRECTION ( 'NONE',  ( 1.000000000000000000, 0.0000000000000000000, -0.0000000000000000000 ) ) ;
#3643 = CARTESIAN_POINT ( 'NONE',  ( 16.94289321881341300, 20.64999999999999900, 48.00000000000000000 ) ) ;
#3644 = CARTESIAN_POINT ( 'NONE',  ( 16.78307522795901000, -15.78089184510934800, 47.50000000000000000 ) ) ;
#3645 = VERTEX_POINT ( 'NONE', #9488 ) ;
#3646 = ORIENTED_EDGE ( 'NONE', *, *, #999, .F. ) ;
#3647 = ORIENTED_EDGE ( 'NONE', *, *, #4649, .T. ) ;
#3648 = AXIS2_PLACEMENT_3D ( 'NONE', #8846, #4952, #5788 ) ;
#3649 = AXIS2_PLACEMENT_3D ( 'NONE', #4057, #5639, #9584 ) ;
#3650 = LINE ( 'NONE', #8672, #49 ) ;
#3651 = PRESENTATION_STYLE_ASSIGNMENT (( #4938 ) ) ;
#3652 = PLANE ( 'NONE',  #2014 ) ;
#3653 =( NAMED_UNIT ( * ) PLANE_ANGLE_UNIT ( ) SI_UNIT ( $, .RADIAN. ) );
#3654 = FILL_AREA_STYLE ('',( #9118 ) ) ;
#3655 = LINE ( 'NONE', #9489, #3161 ) ;
#3656 = DIRECTION ( 'NONE',  ( 0.0000000000000000000, 1.000000000000000000, 0.0000000000000000000 ) ) ;
#3657 = DIRECTION ( 'NONE',  ( -0.7071067811865545700, -0.7071067811865405800, -0.0000000000000000000 ) ) ;
#3658 = EDGE_LOOP ( 'NONE', ( #612, #2193, #10246 ) ) ;
#3659 = VERTEX_POINT ( 'NONE', #7074 ) ;
#3660 = ORIENTED_EDGE ( 'NONE', *, *, #4807, .F. ) ;
#3661 = CARTESIAN_POINT ( 'NONE',  ( 15.94640676939200000, -14.27904914257685900, 47.50000000000000000 ) ) ;
#3662 = ADVANCED_FACE ( 'NONE', ( #3672 ), #4665, .F. ) ;
#3663 = CYLINDRICAL_SURFACE ( 'NONE', #8899, 2.299999999999999800 ) ;
#3664 = AXIS2_PLACEMENT_3D ( 'NONE', #7397, #8123, #3408 ) ;
#3665 = VECTOR ( 'NONE', #6007, 1000.000000000000000 ) ;
#3666 = EDGE_CURVE ( 'NONE', #3335, #1638, #8516, .T. ) ;
#3667 = EDGE_CURVE ( 'NONE', #5179, #6333, #444, .T. ) ;
#3669 =( NAMED_UNIT ( * ) PLANE_ANGLE_UNIT ( ) SI_UNIT ( $, .RADIAN. ) );
#3668 = DIRECTION ( 'NONE',  ( -0.0000000000000000000, -0.0000000000000000000, -1.000000000000000000 ) ) ;
#3670 = ORIENTED_EDGE ( 'NONE', *, *, #9273, .T. ) ;
#3671 =( GEOMETRIC_REPRESENTATION_CONTEXT ( 3 ) GLOBAL_UNCERTAINTY_ASSIGNED_CONTEXT ( ( #133 ) ) GLOBAL_UNIT_ASSIGNED_CONTEXT ( ( #5484, #594, #2281 ) ) REPRESENTATION_CONTEXT ( 'NONE', 'WORKASPACE' ) );
#3672 = FACE_OUTER_BOUND ( 'NONE', #6407, .T. ) ;
#3673 = ORIENTED_EDGE ( 'NONE', *, *, #2026, .F. ) ;
#3674 = ORIENTED_EDGE ( 'NONE', *, *, #2622, .F. ) ;
#3675 = DIRECTION ( 'NONE',  ( -0.0000000000000000000, -0.0000000000000000000, -1.000000000000000000 ) ) ;
#3676 = VECTOR ( 'NONE', #5038, 1000.000000000000000 ) ;
#3677 = ORIENTED_EDGE ( 'NONE', *, *, #1546, .T. ) ;
#3678 = SURFACE_STYLE_USAGE ( .BOTH. , #5347 ) ;
#3679 = CARTESIAN_POINT ( 'NONE',  ( -15.07550534522247300, -16.78307522795895700, 46.50000000000000000 ) ) ;
#3680 = CARTESIAN_POINT ( 'NONE',  ( -16.78307522795903500, 15.07550534522243900, 46.50000000000000000 ) ) ;
#3681 = EDGE_LOOP ( 'NONE', ( #1563, #2073 ) ) ;
#3682 = ORIENTED_EDGE ( 'NONE', *, *, #3929, .T. ) ;
#3683 = VERTEX_POINT ( 'NONE', #3152 ) ;
#3684 = EDGE_CURVE ( 'NONE', #2717, #2673, #59, .T. ) ;
#3685 = EDGE_CURVE ( 'NONE', #8245, #8798, #796, .T. ) ;
#3686 = MECHANICAL_DESIGN_GEOMETRIC_PRESENTATION_REPRESENTATION (  '', ( #10287 ), #3867 ) ;
#3687 = VERTEX_POINT ( 'NONE', #8709 ) ;
#3688 = ADVANCED_FACE ( 'NONE', ( #4156 ), #3830, .F. ) ;
#3689 = LINE ( 'NONE', #9744, #7678 ) ;
#3690 = VERTEX_POINT ( 'NONE', #7103 ) ;
#3691 = SURFACE_STYLE_USAGE ( .BOTH. , #5992 ) ;
#3692 = DIRECTION ( 'NONE',  ( 9.714925909052381100E-015, 1.000000000000000000, 0.0000000000000000000 ) ) ;
#3693 = CARTESIAN_POINT ( 'NONE',  ( -15.49999999999994300, -15.50000000000005000, 4.500000000000000900 ) ) ;
#3694 = VERTEX_POINT ( 'NONE', #8073 ) ;
#3695 = EDGE_CURVE ( 'NONE', #4957, #4033, #1652, .T. ) ;
#3696 = B_SPLINE_CURVE_WITH_KNOTS ( 'NONE', 3,
 ( #3611, #8415, #5131, #6711 ),
 .UNSPECIFIED., .F., .F.,
 ( 4, 4 ),
 ( 0.0000000000000000000, 5.435045947768657700E-005 ),
 .UNSPECIFIED. ) ;
#3697 = EDGE_CURVE ( 'NONE', #7313, #3165, #9775, .T. ) ;
#3698 = DIRECTION ( 'NONE',  ( 1.224646799147353200E-016, 1.000000000000000000, -0.0000000000000000000 ) ) ;
#3699 = CARTESIAN_POINT ( 'NONE',  ( -13.31369220013741200, -21.16000000000000700, 5.999999999999998200 ) ) ;
#3700 = VERTEX_POINT ( 'NONE', #2658 ) ;
#3701 = LINE ( 'NONE', #6754, #5201 ) ;
#3702 = CARTESIAN_POINT ( 'NONE',  ( 16.94289321881341300, 20.64999999999999900, 47.50000000000000000 ) ) ;
#3703 = CYLINDRICAL_SURFACE ( 'NONE', #7796, 2.799999999999999800 ) ;
#3704 = CARTESIAN_POINT ( 'NONE',  ( -21.14999999999999500, 17.14999999999998100, 47.50000000000000000 ) ) ;
#3705 = DIRECTION ( 'NONE',  ( 0.0000000000000000000, 0.0000000000000000000, 1.000000000000000000 ) ) ;
#3706 = ORIENTED_EDGE ( 'NONE', *, *, #6458, .T. ) ;
#3707 = UNCERTAINTY_MEASURE_WITH_UNIT (LENGTH_MEASURE( 1.000000000000000100E-005 ), #6795, 'distance_accuracy_value', 'NONE');
#3708 = ORIENTED_EDGE ( 'NONE', *, *, #1893, .T. ) ;
#3709 = MECHANICAL_DESIGN_GEOMETRIC_PRESENTATION_REPRESENTATION (  '', ( #9985 ), #6372 ) ;
#3710 = ORIENTED_EDGE ( 'NONE', *, *, #3284, .T. ) ;
#3711 = CARTESIAN_POINT ( 'NONE',  ( 15.07550534522236100, 15.05359323060818100, 47.50000000000000000 ) ) ;
#3712 = CIRCLE ( 'NONE', #8423, 0.5000000000000004400 ) ;
#3713 = ADVANCED_FACE ( 'NONE', ( #10140 ), #8890, .T. ) ;
#3714 = LINE ( 'NONE', #1172, #4330 ) ;
#3715 = ORIENTED_EDGE ( 'NONE', *, *, #6288, .T. ) ;
#3716 = ORIENTED_EDGE ( 'NONE', *, *, #9733, .T. ) ;
#3717 = CARTESIAN_POINT ( 'NONE',  ( -15.92449465477579000, -14.21692477204105200, 46.50000000000000000 ) ) ;
#3718 = CIRCLE ( 'NONE', #3833, 0.5000000000000006700 ) ;
#3719 = FACE_OUTER_BOUND ( 'NONE', #3640, .T. ) ;
#3720 = PLANE ( 'NONE',  #4319 ) ;
#3721 = DIRECTION ( 'NONE',  ( 1.000000000000000000, 0.0000000000000000000, 0.0000000000000000000 ) ) ;
#3722 = PRESENTATION_LAYER_ASSIGNMENT (  '', '', ( #3202 ) ) ;
#3723 = CARTESIAN_POINT ( 'NONE',  ( 0.0000000000000000000, 0.0000000000000000000, 38.00000000000000000 ) ) ;
#3724 = CARTESIAN_POINT ( 'NONE',  ( -14.15069333393213200, -15.05359323060808800, 46.50000000000000000 ) ) ;
#3725 = CARTESIAN_POINT ( 'NONE',  ( -16.78307522795905600, 15.29091159908146700, 47.50000000000000000 ) ) ;
#3726 = CARTESIAN_POINT ( 'NONE',  ( 18.50000000000079900, -15.49999999999983700, 46.00000000000000000 ) ) ;
#3727 = DIRECTION ( 'NONE',  ( 0.0000000000000000000, 0.0000000000000000000, 1.000000000000000000 ) ) ;
#3729 = DIRECTION ( 'NONE',  ( -0.0000000000000000000, -0.0000000000000000000, -1.000000000000000000 ) ) ;
#3728 = SURFACE_STYLE_USAGE ( .BOTH. , #648 ) ;
#3730 = ADVANCED_FACE ( 'NONE', ( #1921 ), #7421, .T. ) ;
#3731 = MECHANICAL_DESIGN_GEOMETRIC_PRESENTATION_REPRESENTATION (  '', ( #2675 ), #3481 ) ;
#3732 = DIRECTION ( 'NONE',  ( -0.0000000000000000000, 1.000000000000000000, -0.0000000000000000000 ) ) ;
#3733 = CARTESIAN_POINT ( 'NONE',  ( -15.21910815489734700, -14.21692477204105900, 47.50000000000000000 ) ) ;
#3734 = EDGE_CURVE ( 'NONE', #9573, #1477, #5768, .T. ) ;
#3735 = SURFACE_SIDE_STYLE ('',( #4092 ) ) ;
#3736 = PRESENTATION_LAYER_ASSIGNMENT (  '', '', ( #2680 ) ) ;
#3737 = DIRECTION ( 'NONE',  ( 1.000000000000000000, 0.0000000000000000000, 0.0000000000000000000 ) ) ;
#3738 = ORIENTED_EDGE ( 'NONE', *, *, #632, .F. ) ;
#3739 = FACE_OUTER_BOUND ( 'NONE', #8188, .T. ) ;
#3740 = UNCERTAINTY_MEASURE_WITH_UNIT (LENGTH_MEASURE( 1.000000000000000100E-005 ), #93, 'distance_accuracy_value', 'NONE');
#3741 = COLOUR_RGB ( '',0.0000000000000000000, 0.5019607843137254800, 1.000000000000000000 ) ;
#3742 = AXIS2_PLACEMENT_3D ( 'NONE', #8469, #10084, #5309 ) ;
#3743 = EDGE_CURVE ( 'NONE', #6899, #3817, #1170, .T. ) ;
#3744 = DIRECTION ( 'NONE',  ( 1.000000000000000000, 0.0000000000000000000, 0.0000000000000000000 ) ) ;
#3745 = ORIENTED_EDGE ( 'NONE', *, *, #5872, .F. ) ;
#3746 =( NAMED_UNIT ( * ) PLANE_ANGLE_UNIT ( ) SI_UNIT ( $, .RADIAN. ) );
#3747 = ORIENTED_EDGE ( 'NONE', *, *, #8947, .F. ) ;
#3748 = VECTOR ( 'NONE', #10229, 1000.000000000000000 ) ;
#3749 = CARTESIAN_POINT ( 'NONE',  ( -15.94640676939209500, 16.84930666606597800, 46.50000000000000000 ) ) ;
#3750 = FACE_OUTER_BOUND ( 'NONE', #902, .T. ) ;
#3751 = DIRECTION ( 'NONE',  ( 1.224646799147353200E-016, 1.000000000000000000, -0.0000000000000000000 ) ) ;
#3752 = DIRECTION ( 'NONE',  ( 1.000000000000000000, 0.0000000000000000000, 0.0000000000000000000 ) ) ;
#3753 = FILL_AREA_STYLE ('',( #7571 ) ) ;
#3754 = ORIENTED_EDGE ( 'NONE', *, *, #5346, .F. ) ;
#3755 = ORIENTED_EDGE ( 'NONE', *, *, #9959, .T. ) ;
#3757 = DIRECTION ( 'NONE',  ( -0.0000000000000000000, -0.0000000000000000000, 1.000000000000000000 ) ) ;
#3756 = PLANE ( 'NONE',  #3228 ) ;
#3758 = AXIS2_PLACEMENT_3D ( 'NONE', #9333, #8479, #2249 ) ;
#3759 = CIRCLE ( 'NONE', #655, 25.00000000000000000 ) ;
#3760 = UNCERTAINTY_MEASURE_WITH_UNIT (LENGTH_MEASURE( 1.000000000000000100E-005 ), #10241, 'distance_accuracy_value', 'NONE');
#3761 = DIRECTION ( 'NONE',  ( 0.0000000000000000000, 0.0000000000000000000, 1.000000000000000000 ) ) ;
#3762 = FACE_BOUND ( 'NONE', #7507, .T. ) ;
#3763 = ORIENTED_EDGE ( 'NONE', *, *, #6821, .T. ) ;
#3764 = EDGE_LOOP ( 'NONE', ( #6476, #1167, #486, #7450, #1871 ) ) ;
#3765 = EDGE_LOOP ( 'NONE', ( #603, #2051, #9989, #10228 ) ) ;
#3766 = DIRECTION ( 'NONE',  ( 0.0000000000000000000, 0.0000000000000000000, 1.000000000000000000 ) ) ;
#3767 = CARTESIAN_POINT ( 'NONE',  ( 21.15000000000002300, 13.32957238623951900, 8.000000000000000000 ) ) ;
#3768 = CARTESIAN_POINT ( 'NONE',  ( -1.379851512413568000, -19.15000000000000600, 42.37285355221676000 ) ) ;
#3769 = ORIENTED_EDGE ( 'NONE', *, *, #10295, .T. ) ;
#3770 = CIRCLE ( 'NONE', #1949, 0.5000000000000004400 ) ;
#3771 = VECTOR ( 'NONE', #10143, 1000.000000000000000 ) ;
#3772 = AXIS2_PLACEMENT_3D ( 'NONE', #2330, #4744, #10260 ) ;
#3773 = PRESENTATION_LAYER_ASSIGNMENT (  '', '', ( #2726 ) ) ;
#3774 = ORIENTED_EDGE ( 'NONE', *, *, #8254, .F. ) ;
#3775 = PRESENTATION_STYLE_ASSIGNMENT (( #5853 ) ) ;
#3776 = CARTESIAN_POINT ( 'NONE',  ( -4.000000000000000000, 4.898587196589412800E-016, 47.50000000000000000 ) ) ;
#3777 = ORIENTED_EDGE ( 'NONE', *, *, #4658, .T. ) ;
#3778 = ADVANCED_FACE ( 'NONE', ( #8643 ), #2549, .F. ) ;
#3779 = DIRECTION ( 'NONE',  ( -0.0000000000000000000, -0.0000000000000000000, -1.000000000000000000 ) ) ;
#3780 = SPHERICAL_SURFACE ( 'NONE', #3270, 0.5000000000000000000 ) ;
#3781 = ORIENTED_EDGE ( 'NONE', *, *, #2401, .F. ) ;
#3782 = ORIENTED_EDGE ( 'NONE', *, *, #4416, .T. ) ;
#3783 = VECTOR ( 'NONE', #3470, 1000.000000000000000 ) ;
#3784 = EDGE_CURVE ( 'NONE', #7497, #1776, #4146, .T. ) ;
#3785 = ORIENTED_EDGE ( 'NONE', *, *, #8427, .T. ) ;
#3786 = ORIENTED_EDGE ( 'NONE', *, *, #1561, .T. ) ;
#3787 = DIRECTION ( 'NONE',  ( 0.0000000000000000000, 0.0000000000000000000, 1.000000000000000000 ) ) ;
#3788 = AXIS2_PLACEMENT_3D ( 'NONE', #5716, #224, #8950 ) ;
#3789 = DIRECTION ( 'NONE',  ( -0.0000000000000000000, -0.0000000000000000000, 1.000000000000000000 ) ) ;
#3790 = PRESENTATION_STYLE_ASSIGNMENT (( #8951 ) ) ;
#3791 = CARTESIAN_POINT ( 'NONE',  ( 15.07550534522236100, 15.05359323060818100, 47.50000000000000000 ) ) ;
#3792 = CYLINDRICAL_SURFACE ( 'NONE', #4662, 3.500000000000000000 ) ;
#3793 = EDGE_CURVE ( 'NONE', #4433, #2005, #9401, .T. ) ;
#3794 = CARTESIAN_POINT ( 'NONE',  ( 1.500000000000000200, 2.000000000000000000, -23.50000000000000700 ) ) ;
#3795 = VERTEX_POINT ( 'NONE', #3358 ) ;
#3796 = AXIS2_PLACEMENT_3D ( 'NONE', #6306, #3144, #1533 ) ;
#3797 = DIRECTION ( 'NONE',  ( 1.000000000000000000, 0.0000000000000000000, 0.0000000000000000000 ) ) ;
#3798 = CARTESIAN_POINT ( 'NONE',  ( -15.14729938218595300, -14.21692477204106100, 47.49983667794648300 ) ) ;
#3799 = ORIENTED_EDGE ( 'NONE', *, *, #7618, .F. ) ;
#3800 = ORIENTED_EDGE ( 'NONE', *, *, #4610, .T. ) ;
#3801 = FACE_OUTER_BOUND ( 'NONE', #6708, .T. ) ;
#3802 = PLANE ( 'NONE',  #9156 ) ;
#3803 = CIRCLE ( 'NONE', #8855, 3.000000000000927300 ) ;
#3804 = DIRECTION ( 'NONE',  ( -1.000000000000000000, 0.0000000000000000000, 0.0000000000000000000 ) ) ;
#3805 = DIRECTION ( 'NONE',  ( -1.000000000000000000, 0.0000000000000000000, -0.0000000000000000000 ) ) ;
#3806 = ORIENTED_EDGE ( 'NONE', *, *, #5541, .F. ) ;
#3807 = CARTESIAN_POINT ( 'NONE',  ( 15.92449465477568900, 14.21692477204115900, 46.50000000000000000 ) ) ;
#3808 =( GEOMETRIC_REPRESENTATION_CONTEXT ( 3 ) GLOBAL_UNCERTAINTY_ASSIGNED_CONTEXT ( ( #2811 ) ) GLOBAL_UNIT_ASSIGNED_CONTEXT ( ( #1442, #8075, #8882 ) ) REPRESENTATION_CONTEXT ( 'NONE', 'WORKASPACE' ) );
#3809 = EDGE_CURVE ( 'NONE', #88, #1117, #1961, .T. ) ;
#3810 = EDGE_CURVE ( 'NONE', #6569, #88, #7258, .T. ) ;
#3811 = ORIENTED_EDGE ( 'NONE', *, *, #7409, .F. ) ;
#3812 = STYLED_ITEM ( 'NONE', ( #7632 ), #10111 ) ;
#3813 = CIRCLE ( 'NONE', #2951, 0.5000000000000006700 ) ;
#3814 = PLANE ( 'NONE',  #1468 ) ;
#3815 = VERTEX_POINT ( 'NONE', #2034 ) ;
#3816 = DIRECTION ( 'NONE',  ( -0.0000000000000000000, 1.000000000000000000, -0.0000000000000000000 ) ) ;
#3817 = VERTEX_POINT ( 'NONE', #1998 ) ;
#3818 =( GEOMETRIC_REPRESENTATION_CONTEXT ( 3 ) GLOBAL_UNCERTAINTY_ASSIGNED_CONTEXT ( ( #5103 ) ) GLOBAL_UNIT_ASSIGNED_CONTEXT ( ( #2731, #1115, #5016 ) ) REPRESENTATION_CONTEXT ( 'NONE', 'WORKASPACE' ) );
#3819 = MECHANICAL_DESIGN_GEOMETRIC_PRESENTATION_REPRESENTATION (  '', ( #7430 ), #3112 ) ;
#3820 = EDGE_CURVE ( 'NONE', #6145, #5574, #3049, .T. ) ;
#3821 = CARTESIAN_POINT ( 'NONE',  ( -16.78307522795903500, 15.07550534522243900, 47.49867441544049700 ) ) ;
#3822 = DIRECTION ( 'NONE',  ( 1.000000000000000000, 0.0000000000000000000, 0.0000000000000000000 ) ) ;
#3823 = ORIENTED_EDGE ( 'NONE', *, *, #1140, .T. ) ;
#3824 =( NAMED_UNIT ( * ) PLANE_ANGLE_UNIT ( ) SI_UNIT ( $, .RADIAN. ) );
#3825 = DIRECTION ( 'NONE',  ( -0.0000000000000000000, 1.000000000000000000, 0.0000000000000000000 ) ) ;
#3826 = ORIENTED_EDGE ( 'NONE', *, *, #9161, .T. ) ;
#3827 = DIRECTION ( 'NONE',  ( -7.503031772074197400E-015, -1.000000000000000000, -0.0000000000000000000 ) ) ;
#3828 = ORIENTED_EDGE ( 'NONE', *, *, #4331, .F. ) ;
#3829 = CIRCLE ( 'NONE', #7691, 11.00000000000000000 ) ;
#3830 = PLANE ( 'NONE',  #3788 ) ;
#3831 = UNCERTAINTY_MEASURE_WITH_UNIT (LENGTH_MEASURE( 1.000000000000000100E-005 ), #1544, 'distance_accuracy_value', 'NONE');
#3832 = PRESENTATION_LAYER_ASSIGNMENT (  '', '', ( #1695 ) ) ;
#3833 = AXIS2_PLACEMENT_3D ( 'NONE', #5363, #10171, #9315 ) ;
#3834 = DIRECTION ( 'NONE',  ( 0.0000000000000000000, 0.0000000000000000000, -1.000000000000000000 ) ) ;
#3835 = ORIENTED_EDGE ( 'NONE', *, *, #5151, .F. ) ;
#3836 = DIRECTION ( 'NONE',  ( 1.000000000000000000, 3.690901012716600200E-015, 0.0000000000000000000 ) ) ;
#3837 = VECTOR ( 'NONE', #5499, 1000.000000000000000 ) ;
#3838 = PRESENTATION_STYLE_ASSIGNMENT (( #2880 ) ) ;
#3839 = COLOUR_RGB ( '',1.000000000000000000, 0.0000000000000000000, 0.0000000000000000000 ) ;
#3840 = CARTESIAN_POINT ( 'NONE',  ( 3.500000000000000000, 0.0000000000000000000, 46.00000000000000000 ) ) ;
#3842 = COLOUR_RGB ( '',0.2509803921568627400, 0.2509803921568627400, 0.2509803921568627400 ) ;
#3841 = DIRECTION ( 'NONE',  ( 0.0000000000000000000, 0.0000000000000000000, 1.000000000000000000 ) ) ;
#3843 = FACE_OUTER_BOUND ( 'NONE', #2144, .T. ) ;
#3844 = SURFACE_STYLE_USAGE ( .BOTH. , #704 ) ;
#3845 = FILL_AREA_STYLE_COLOUR ( '', #8854 ) ;
#3846 = MECHANICAL_DESIGN_GEOMETRIC_PRESENTATION_REPRESENTATION (  '', ( #9212 ), #849 ) ;
#3847 = DIRECTION ( 'NONE',  ( -0.0000000000000000000, 1.000000000000000000, 0.0000000000000000000 ) ) ;
#3848 = VERTEX_POINT ( 'NONE', #3629 ) ;
#3849 = AXIS2_PLACEMENT_3D ( 'NONE', #8217, #9096, #1199 ) ;
#3850 = CARTESIAN_POINT ( 'NONE',  ( 0.6589493591756449000, 2.000000000000000400, -23.89747120467749800 ) ) ;
#3851 = ORIENTED_EDGE ( 'NONE', *, *, #5010, .F. ) ;
#3852 = DIRECTION ( 'NONE',  ( 0.0000000000000000000, 0.0000000000000000000, 1.000000000000000000 ) ) ;
#3853 = CARTESIAN_POINT ( 'NONE',  ( -1.379851512413568000, -39.15000000000000600, 42.95165094913121400 ) ) ;
#3854 = CIRCLE ( 'NONE', #3648, 2.500000000000000000 ) ;
#3856 = CARTESIAN_POINT ( 'NONE',  ( 0.0000000000000000000, 0.0000000000000000000, 46.00000000000000000 ) ) ;
#3855 = CARTESIAN_POINT ( 'NONE',  ( -14.21692477204121700, 15.92449465477564100, 47.49867441544049000 ) ) ;
#3857 = CIRCLE ( 'NONE', #1047, 0.5000000000000006700 ) ;
#3858 =( GEOMETRIC_REPRESENTATION_CONTEXT ( 3 ) GLOBAL_UNCERTAINTY_ASSIGNED_CONTEXT ( ( #10201 ) ) GLOBAL_UNIT_ASSIGNED_CONTEXT ( ( #9000, #268, #5844 ) ) REPRESENTATION_CONTEXT ( 'NONE', 'WORKASPACE' ) );
#3859 = DIRECTION ( 'NONE',  ( 0.0000000000000000000, 0.0000000000000000000, 1.000000000000000000 ) ) ;
#3860 = CARTESIAN_POINT ( 'NONE',  ( 21.14999999999999900, 21.14999999999999900, 8.000000000000000000 ) ) ;
#3861 = ORIENTED_EDGE ( 'NONE', *, *, #1792, .T. ) ;
#3862 = EDGE_CURVE ( 'NONE', #1156, #2298, #680, .T. ) ;
#3863 = ORIENTED_EDGE ( 'NONE', *, *, #1118, .T. ) ;
#3864 = EDGE_CURVE ( 'NONE', #8395, #1377, #1540, .T. ) ;
#3865 = SPHERICAL_SURFACE ( 'NONE', #6784, 0.5000000000000000000 ) ;
#3866 = PLANE ( 'NONE',  #5417 ) ;
#3867 =( GEOMETRIC_REPRESENTATION_CONTEXT ( 3 ) GLOBAL_UNCERTAINTY_ASSIGNED_CONTEXT ( ( #2307 ) ) GLOBAL_UNIT_ASSIGNED_CONTEXT ( ( #3550, #6676, #1011 ) ) REPRESENTATION_CONTEXT ( 'NONE', 'WORKASPACE' ) );
#3868 = FACE_OUTER_BOUND ( 'NONE', #7530, .T. ) ;
#3869 = CARTESIAN_POINT ( 'NONE',  ( -17.14999999999996300, -21.15000000000000900, 0.2071067811865475700 ) ) ;
#3870 = SURFACE_STYLE_USAGE ( .BOTH. , #6281 ) ;
#3871 = UNCERTAINTY_MEASURE_WITH_UNIT (LENGTH_MEASURE( 1.000000000000000100E-005 ), #1036, 'distance_accuracy_value', 'NONE');
#3872 = CARTESIAN_POINT ( 'NONE',  ( 14.23619328529397700, 15.05359323060818400, 47.50000000000000000 ) ) ;
#3873 = COLOUR_RGB ( '',0.2509803921568627400, 0.2509803921568627400, 0.2509803921568627400 ) ;
#3874 = TOROIDAL_SURFACE ( 'NONE', #3445, 4.000000000000000000, 0.5000000000000000000 ) ;
#3875 = VERTEX_POINT ( 'NONE', #5156 ) ;
#3876 = AXIS2_PLACEMENT_3D ( 'NONE', #9032, #7465, #2739 ) ;
#3877 = FACE_OUTER_BOUND ( 'NONE', #8879, .T. ) ;
#3878 = EDGE_CURVE ( 'NONE', #9777, #1670, #9147, .T. ) ;
#3879 = CIRCLE ( 'NONE', #9363, 0.5000000000000004400 ) ;
#3880 = EDGE_CURVE ( 'NONE', #286, #5179, #7565, .T. ) ;
#3881 =( NAMED_UNIT ( * ) PLANE_ANGLE_UNIT ( ) SI_UNIT ( $, .RADIAN. ) );
#3882 = VECTOR ( 'NONE', #1213, 1000.000000000000000 ) ;
#3883 = DIRECTION ( 'NONE',  ( -0.0000000000000000000, -0.0000000000000000000, -1.000000000000000000 ) ) ;
#3884 =( LENGTH_UNIT ( ) NAMED_UNIT ( * ) SI_UNIT ( .MILLI., .METRE. ) );
#3885 = ORIENTED_EDGE ( 'NONE', *, *, #8468, .F. ) ;
#3886 = EDGE_LOOP ( 'NONE', ( #2517, #720, #5420, #723, #7136 ) ) ;
#3887 = ORIENTED_EDGE ( 'NONE', *, *, #9182, .F. ) ;
#3888 = LINE ( 'NONE', #7169, #6021 ) ;
#3889 = DIRECTION ( 'NONE',  ( 0.0000000000000000000, 0.0000000000000000000, -1.000000000000000000 ) ) ;
#3890 = CIRCLE ( 'NONE', #9591, 25.00000000000000000 ) ;
#3891 = DIRECTION ( 'NONE',  ( -0.7071067811865490200, -0.7071067811865460200, -0.0000000000000000000 ) ) ;
#3892 = CARTESIAN_POINT ( 'NONE',  ( 16.84930666606603500, 15.94640676939203200, 46.50000000000000000 ) ) ;
#3893 = SURFACE_STYLE_FILL_AREA ( #8140 ) ;
#3894 = CARTESIAN_POINT ( 'NONE',  ( -21.14999999999999500, -17.14999999999998800, 47.50000000000000000 ) ) ;
#3896 = ADVANCED_FACE ( 'NONE', ( #6902 ), #2799, .T. ) ;
#3895 = FACE_OUTER_BOUND ( 'NONE', #8448, .T. ) ;
#3898 = CARTESIAN_POINT ( 'NONE',  ( -15.05359323060823600, 14.23619328529337500, 47.50000000000000000 ) ) ;
#3897 = DIRECTION ( 'NONE',  ( 1.000000000000000000, 0.0000000000000000000, 0.0000000000000000000 ) ) ;
#3899 = ORIENTED_EDGE ( 'NONE', *, *, #8358, .F. ) ;
#3900 = ORIENTED_EDGE ( 'NONE', *, *, #8151, .F. ) ;
#3901 = AXIS2_PLACEMENT_3D ( 'NONE', #5293, #4523, #2232 ) ;
#3902 = MECHANICAL_DESIGN_GEOMETRIC_PRESENTATION_REPRESENTATION (  '', ( #6243 ), #971 ) ;
#3903 = VECTOR ( 'NONE', #2801, 1000.000000000000000 ) ;
#3904 = CARTESIAN_POINT ( 'NONE',  ( 15.05359323060813500, -15.07550534522241900, 46.50000000000000000 ) ) ;
#3905 = DIRECTION ( 'NONE',  ( -8.293480927668351100E-015, -1.000000000000000000, -0.0000000000000000000 ) ) ;
#3906 = DIRECTION ( 'NONE',  ( 0.0000000000000000000, -6.938893903907222100E-015, 1.000000000000000000 ) ) ;
#3907 = EDGE_LOOP ( 'NONE', ( #7440, #881, #7904, #5324 ) ) ;
#3908 = FILL_AREA_STYLE_COLOUR ( '', #5681 ) ;
#3909 = ORIENTED_EDGE ( 'NONE', *, *, #9442, .T. ) ;
#3910 = ORIENTED_EDGE ( 'NONE', *, *, #1545, .F. ) ;
#3911 = VECTOR ( 'NONE', #7563, 1000.000000000000000 ) ;
#3912 = CYLINDRICAL_SURFACE ( 'NONE', #76, 0.5000000000000004400 ) ;
#3913 = ORIENTED_EDGE ( 'NONE', *, *, #12, .T. ) ;
#3914 = VERTEX_POINT ( 'NONE', #8323 ) ;
#3915 = PRESENTATION_STYLE_ASSIGNMENT (( #8984 ) ) ;
#3916 = ORIENTED_EDGE ( 'NONE', *, *, #2006, .T. ) ;
#3917 = DIRECTION ( 'NONE',  ( 0.0000000000000000000, 0.0000000000000000000, 1.000000000000000000 ) ) ;
#3918 = VERTEX_POINT ( 'NONE', #3564 ) ;
#3919 = VECTOR ( 'NONE', #9133, 1000.000000000000000 ) ;
#3920 = LINE ( 'NONE', #8704, #1939 ) ;
#3921 = DIRECTION ( 'NONE',  ( 0.0000000000000000000, -0.0000000000000000000, 1.000000000000000000 ) ) ;
#3922 = VERTEX_POINT ( 'NONE', #5968 ) ;
#3923 = EDGE_CURVE ( 'NONE', #8836, #2501, #903, .T. ) ;
#3924 = AXIS2_PLACEMENT_3D ( 'NONE', #7867, #8644, #7771 ) ;
#3925 = LINE ( 'NONE', #2572, #2953 ) ;
#3926 = CARTESIAN_POINT ( 'NONE',  ( -15.49999999999999600, 15.50000000000000000, 0.0000000000000000000 ) ) ;
#3927 = ORIENTED_EDGE ( 'NONE', *, *, #8467, .T. ) ;
#3928 = SURFACE_SIDE_STYLE ('',( #8349 ) ) ;
#3929 = EDGE_CURVE ( 'NONE', #8139, #3448, #7020, .T. ) ;
#3930 = CARTESIAN_POINT ( 'NONE',  ( 0.0000000000000000000, 0.0000000000000000000, -1.734723475976807100E-015 ) ) ;
#3931 =( GEOMETRIC_REPRESENTATION_CONTEXT ( 3 ) GLOBAL_UNCERTAINTY_ASSIGNED_CONTEXT ( ( #13 ) ) GLOBAL_UNIT_ASSIGNED_CONTEXT ( ( #9825, #2617, #8965 ) ) REPRESENTATION_CONTEXT ( 'NONE', 'WORKASPACE' ) );
#3932 = EDGE_CURVE ( 'NONE', #149, #8777, #5658, .T. ) ;
#3933 = ADVANCED_FACE ( 'NONE', ( #7139 ), #9211, .F. ) ;
#3934 = VERTEX_POINT ( 'NONE', #5087 ) ;
#3935 = DIRECTION ( 'NONE',  ( 0.0000000000000000000, 0.0000000000000000000, 1.000000000000000000 ) ) ;
#3936 = SURFACE_STYLE_FILL_AREA ( #8758 ) ;
#3937 = DIRECTION ( 'NONE',  ( 0.0000000000000000000, -1.000000000000000000, 0.0000000000000000000 ) ) ;
#3938 = CARTESIAN_POINT ( 'NONE',  ( -17.29644660940670100, 21.00355339059327500, 0.5000000000000000000 ) ) ;
#3939 = PRESENTATION_LAYER_ASSIGNMENT (  '', '', ( #9624 ) ) ;
#3940 = CYLINDRICAL_SURFACE ( 'NONE', #3983, 3.000000000000639500 ) ;
#3941 = EDGE_CURVE ( 'NONE', #7754, #9021, #1773, .T. ) ;
#3942 = EDGE_CURVE ( 'NONE', #32, #8565, #3539, .T. ) ;
#3943 = ORIENTED_EDGE ( 'NONE', *, *, #7876, .F. ) ;
#3944 = ADVANCED_FACE ( 'NONE', ( #2054 ), #4289, .F. ) ;
#3945 = ORIENTED_EDGE ( 'NONE', *, *, #615, .T. ) ;
#3946 = ORIENTED_EDGE ( 'NONE', *, *, #1947, .T. ) ;
#3947 = VECTOR ( 'NONE', #4266, 1000.000000000000000 ) ;
#3948 =( NAMED_UNIT ( * ) PLANE_ANGLE_UNIT ( ) SI_UNIT ( $, .RADIAN. ) );
#3949 = CARTESIAN_POINT ( 'NONE',  ( 0.0000000000000000000, 0.0000000000000000000, 8.000000000000000000 ) ) ;
#3950 = ORIENTED_EDGE ( 'NONE', *, *, #494, .T. ) ;
#3951 = AXIS2_PLACEMENT_3D ( 'NONE', #3600, #9214, #1263 ) ;
#3952 = ORIENTED_EDGE ( 'NONE', *, *, #6760, .F. ) ;
#3953 = AXIS2_PLACEMENT_3D ( 'NONE', #9254, #8574, #3804 ) ;
#3954 = B_SPLINE_CURVE_WITH_KNOTS ( 'NONE', 3,
 ( #9245, #1157, #3569, #583 ),
 .UNSPECIFIED., .F., .F.,
 ( 4, 4 ),
 ( 0.0000000000000000000, 0.0001285675718485026600 ),
 .UNSPECIFIED. ) ;
#3955 = LINE ( 'NONE', #6072, #10203 ) ;
#3956 = DIRECTION ( 'NONE',  ( 1.000000000000000000, 0.0000000000000000000, 0.0000000000000000000 ) ) ;
#3957 = DIRECTION ( 'NONE',  ( 0.0000000000000000000, -0.0000000000000000000, 1.000000000000000000 ) ) ;
#3958 = DIRECTION ( 'NONE',  ( -0.0000000000000000000, -0.0000000000000000000, -1.000000000000000000 ) ) ;
#3959 =( NAMED_UNIT ( * ) SI_UNIT ( $, .STERADIAN. ) SOLID_ANGLE_UNIT ( ) );
#3960 = DIRECTION ( 'NONE',  ( 1.000000000000000000, 0.0000000000000000000, 0.0000000000000000000 ) ) ;
#3961 = CARTESIAN_POINT ( 'NONE',  ( 21.14999999999999900, -13.32957238623955700, 8.000000000000000000 ) ) ;
#3962 = CARTESIAN_POINT ( 'NONE',  ( 0.0000000000000000000, 21.15999999999999700, 40.00000000000000000 ) ) ;
#3963 = VECTOR ( 'NONE', #6697, 1000.000000000000000 ) ;
#3964 = SURFACE_STYLE_FILL_AREA ( #1051 ) ;
#3965 = VECTOR ( 'NONE', #38, 1000.000000000000000 ) ;
#3966 = AXIS2_PLACEMENT_3D ( 'NONE', #6475, #8108, #1015 ) ;
#3967 =( GEOMETRIC_REPRESENTATION_CONTEXT ( 3 ) GLOBAL_UNCERTAINTY_ASSIGNED_CONTEXT ( ( #4008 ) ) GLOBAL_UNIT_ASSIGNED_CONTEXT ( ( #6753, #5186, #2793 ) ) REPRESENTATION_CONTEXT ( 'NONE', 'WORKASPACE' ) );
#3968 =( LENGTH_UNIT ( ) NAMED_UNIT ( * ) SI_UNIT ( .MILLI., .METRE. ) );
#3969 = CARTESIAN_POINT ( 'NONE',  ( -15.70908840090987400, -14.21692477204105400, 47.50000000000000000 ) ) ;
#3970 =( LENGTH_UNIT ( ) NAMED_UNIT ( * ) SI_UNIT ( .MILLI., .METRE. ) );
#3971 = CIRCLE ( 'NONE', #2496, 2.299999999999999800 ) ;
#3972 = FACE_OUTER_BOUND ( 'NONE', #9424, .T. ) ;
#3973 = CIRCLE ( 'NONE', #4774, 0.5000000000000004400 ) ;
#3974 = ADVANCED_FACE ( 'NONE', ( #5019 ), #2289, .T. ) ;
#3975 = EDGE_CURVE ( 'NONE', #1096, #2606, #5276, .T. ) ;
#3976 = DIRECTION ( 'NONE',  ( 5.211847922874171200E-016, 1.000000000000000000, -0.0000000000000000000 ) ) ;
#3977 = AXIS2_PLACEMENT_3D ( 'NONE', #10078, #4496, #4469 ) ;
#3978 = ORIENTED_EDGE ( 'NONE', *, *, #7695, .F. ) ;
#3979 = PRESENTATION_STYLE_ASSIGNMENT (( #3216 ) ) ;
#3980 = EDGE_CURVE ( 'NONE', #7922, #6664, #9768, .T. ) ;
#3981 = SURFACE_STYLE_USAGE ( .BOTH. , #3268 ) ;
#3982 = EDGE_CURVE ( 'NONE', #10157, #7699, #433, .T. ) ;
#3983 = AXIS2_PLACEMENT_3D ( 'NONE', #7836, #7011, #10149 ) ;
#3984 = LINE ( 'NONE', #3185, #4375 ) ;
#3985 = CIRCLE ( 'NONE', #3758, 2.500000000000000000 ) ;
#3986 = CARTESIAN_POINT ( 'NONE',  ( 18.79644660940669400, -18.79644660940677500, -0.0000000000000000000 ) ) ;
#3987 = SURFACE_SIDE_STYLE ('',( #5895 ) ) ;
#3988 = ADVANCED_FACE ( 'NONE', ( #6512 ), #7519, .T. ) ;
#3989 = PLANE ( 'NONE',  #9784 ) ;
#3990 = ORIENTED_EDGE ( 'NONE', *, *, #6746, .F. ) ;
#3991 = LINE ( 'NONE', #8081, #1883 ) ;
#3992 = ORIENTED_EDGE ( 'NONE', *, *, #10102, .F. ) ;
#3993 =( NAMED_UNIT ( * ) SI_UNIT ( $, .STERADIAN. ) SOLID_ANGLE_UNIT ( ) );
#3994 = FACE_OUTER_BOUND ( 'NONE', #2919, .T. ) ;
#3995 = FACE_OUTER_BOUND ( 'NONE', #574, .T. ) ;
#3996 = DIRECTION ( 'NONE',  ( 8.173122824782951300E-015, 1.000000000000000000, 0.0000000000000000000 ) ) ;
#3997 = EDGE_CURVE ( 'NONE', #6145, #2217, #4888, .T. ) ;
#3998 = EDGE_CURVE ( 'NONE', #235, #2300, #3166, .T. ) ;
#3999 = EDGE_LOOP ( 'NONE', ( #660, #1920, #7153 ) ) ;
#4000 = AXIS2_PLACEMENT_3D ( 'NONE', #4783, #4842, #8754 ) ;
#4001 = VERTEX_POINT ( 'NONE', #4529 ) ;
#4002 =( NAMED_UNIT ( * ) PLANE_ANGLE_UNIT ( ) SI_UNIT ( $, .RADIAN. ) );
#4003 = FILL_AREA_STYLE ('',( #9568 ) ) ;
#4004 = DIRECTION ( 'NONE',  ( 1.000000000000000000, 0.0000000000000000000, 0.0000000000000000000 ) ) ;
#4005 = LINE ( 'NONE', #7962, #5761 ) ;
#4006 = ORIENTED_EDGE ( 'NONE', *, *, #631, .T. ) ;
#4007 = FACE_OUTER_BOUND ( 'NONE', #3907, .T. ) ;
#4008 = UNCERTAINTY_MEASURE_WITH_UNIT (LENGTH_MEASURE( 1.000000000000000100E-005 ), #6753, 'distance_accuracy_value', 'NONE');
#4009 = EDGE_LOOP ( 'NONE', ( #7970, #1168, #6573, #8316, #6926, #731, #1193, #4380 ) ) ;
#4010 = ORIENTED_EDGE ( 'NONE', *, *, #9092, .F. ) ;
#4011 =( GEOMETRIC_REPRESENTATION_CONTEXT ( 3 ) GLOBAL_UNCERTAINTY_ASSIGNED_CONTEXT ( ( #9325 ) ) GLOBAL_UNIT_ASSIGNED_CONTEXT ( ( #63, #3258, #8819 ) ) REPRESENTATION_CONTEXT ( 'NONE', 'WORKASPACE' ) );
#4012 = EDGE_LOOP ( 'NONE', ( #460, #8992, #1456, #160 ) ) ;
#4013 = CARTESIAN_POINT ( 'NONE',  ( -21.16000000000000000, 1.102827020480174800E-014, 40.00000000000000000 ) ) ;
#4014 = LINE ( 'NONE', #2498, #10251 ) ;
#4015 = EDGE_LOOP ( 'NONE', ( #8328, #4641 ) ) ;
#4016 = STYLED_ITEM ( 'NONE', ( #7505 ), #564 ) ;
#4017 = COLOUR_RGB ( '',0.2509803921568627400, 0.2509803921568627400, 0.2509803921568627400 ) ;
#4018 = EDGE_CURVE ( 'NONE', #4073, #4261, #2922, .T. ) ;
#4019 = SURFACE_SIDE_STYLE ('',( #9698 ) ) ;
#4020 = CARTESIAN_POINT ( 'NONE',  ( 13.32957238623955100, -21.15000000000000600, 99.84951795962939500 ) ) ;
#4021 = CARTESIAN_POINT ( 'NONE',  ( 15.92449465477569200, 15.05359323060817500, 47.50000000000000000 ) ) ;
#4022 = SURFACE_STYLE_FILL_AREA ( #8136 ) ;
#4023 = ORIENTED_EDGE ( 'NONE', *, *, #6081, .T. ) ;
#4024 = ORIENTED_EDGE ( 'NONE', *, *, #9686, .T. ) ;
#4025 = SURFACE_STYLE_USAGE ( .BOTH. , #10301 ) ;
#4026 = LINE ( 'NONE', #54, #9151 ) ;
#4027 = CARTESIAN_POINT ( 'NONE',  ( 14.24999999999983800, 15.50000000000016000, 0.0000000000000000000 ) ) ;
#4028 = ORIENTED_EDGE ( 'NONE', *, *, #9835, .F. ) ;
#4029 = AXIS2_PLACEMENT_3D ( 'NONE', #468, #3624, #9203 ) ;
#4030 = AXIS2_PLACEMENT_3D ( 'NONE', #9128, #4359, #395 ) ;
#4031 = ORIENTED_EDGE ( 'NONE', *, *, #8277, .F. ) ;
#4032 = COLOUR_RGB ( '',0.2509803921568627400, 0.2509803921568627400, 0.2509803921568627400 ) ;
#4033 = VERTEX_POINT ( 'NONE', #4565 ) ;
#4034 = DIRECTION ( 'NONE',  ( -0.0000000000000000000, 1.000000000000000000, -0.0000000000000000000 ) ) ;
#4035 = ORIENTED_EDGE ( 'NONE', *, *, #8495, .F. ) ;
#4036 = ORIENTED_EDGE ( 'NONE', *, *, #1404, .F. ) ;
#4037 = CIRCLE ( 'NONE', #747, 1.299999999999999200 ) ;
#4038 = CARTESIAN_POINT ( 'NONE',  ( -15.05359323060823600, 16.84930666606597800, 47.49262389544726700 ) ) ;
#4039 = DIRECTION ( 'NONE',  ( 0.7071067811865510100, -0.7071067811865441300, 0.0000000000000000000 ) ) ;
#4040 = ORIENTED_EDGE ( 'NONE', *, *, #1139, .T. ) ;
#4041 = CARTESIAN_POINT ( 'NONE',  ( 16.84930666606603100, 15.05359323060817400, 46.50000000000000000 ) ) ;
#4042 = CARTESIAN_POINT ( 'NONE',  ( -18.99999999999961600, -15.50000000000102100, 48.00000000000000000 ) ) ;
#4044 = PLANE ( 'NONE',  #5383 ) ;
#4043 = CARTESIAN_POINT ( 'NONE',  ( 1.379851512413564600, -39.15000000000000600, 42.12714644778323200 ) ) ;
#4045 = ORIENTED_EDGE ( 'NONE', *, *, #330, .F. ) ;
#4046 = ADVANCED_FACE ( 'NONE', ( #4763 ), #2878, .F. ) ;
#4047 = ORIENTED_EDGE ( 'NONE', *, *, #9359, .F. ) ;
#4048 = AXIS2_PLACEMENT_3D ( 'NONE', #4646, #5637, #8860 ) ;
#4049 = LINE ( 'NONE', #9974, #7050 ) ;
#4050 = ORIENTED_EDGE ( 'NONE', *, *, #5557, .F. ) ;
#4051 = PLANE ( 'NONE',  #6799 ) ;
#4052 = DIRECTION ( 'NONE',  ( 1.000000000000000000, 0.0000000000000000000, 0.0000000000000000000 ) ) ;
#4053 = LINE ( 'NONE', #9639, #9192 ) ;
#4054 = VERTEX_POINT ( 'NONE', #2906 ) ;
#4055 = SURFACE_STYLE_USAGE ( .BOTH. , #4816 ) ;
#4056 = VECTOR ( 'NONE', #5823, 1000.000000000000000 ) ;
#4057 = CARTESIAN_POINT ( 'NONE',  ( 15.49999999999983700, 15.50000000000016000, 47.50000000000000000 ) ) ;
#4058 = CARTESIAN_POINT ( 'NONE',  ( -15.49999999999897900, -15.50000000000102100, 46.00000000000000000 ) ) ;
#4059 = AXIS2_PLACEMENT_3D ( 'NONE', #5364, #3698, #2077 ) ;
#4060 = EDGE_LOOP ( 'NONE', ( #356, #2777, #8763, #2432 ) ) ;
#4061 = CARTESIAN_POINT ( 'NONE',  ( 20.64999999999999900, 1.693713464724399800E-015, 47.50000000000000000 ) ) ;
#4062 = EDGE_CURVE ( 'NONE', #332, #7238, #8359, .T. ) ;
#4063 = ORIENTED_EDGE ( 'NONE', *, *, #9443, .F. ) ;
#4064 = CARTESIAN_POINT ( 'NONE',  ( 0.0000000000000000000, 0.0000000000000000000, 40.00000000000000000 ) ) ;
#4065 = AXIS2_PLACEMENT_3D ( 'NONE', #7449, #6724, #7362 ) ;
#4066 = FACE_OUTER_BOUND ( 'NONE', #4110, .T. ) ;
#4067 = DIRECTION ( 'NONE',  ( 1.000000000000000000, -4.146740463834175500E-015, -0.0000000000000000000 ) ) ;
#4068 = VERTEX_POINT ( 'NONE', #6133 ) ;
#4069 = FILL_AREA_STYLE_COLOUR ( '', #1173 ) ;
#4070 = DIRECTION ( 'NONE',  ( -1.000000000000000000, 0.0000000000000000000, 0.0000000000000000000 ) ) ;
#4071 = ORIENTED_EDGE ( 'NONE', *, *, #2566, .T. ) ;
#4072 = DIRECTION ( 'NONE',  ( -0.0000000000000000000, -1.000000000000000000, 0.0000000000000000000 ) ) ;
#4073 = VERTEX_POINT ( 'NONE', #1391 ) ;
#4074 = FACE_OUTER_BOUND ( 'NONE', #3561, .T. ) ;
#4075 = CARTESIAN_POINT ( 'NONE',  ( 0.0000000000000000000, 0.0000000000000000000, 40.00000000000000000 ) ) ;
#4076 = DIRECTION ( 'NONE',  ( 6.938893903907228400E-015, 0.0000000000000000000, -1.000000000000000000 ) ) ;
#4077 = EDGE_CURVE ( 'NONE', #2545, #3335, #1417, .T. ) ;
#4078 = EDGE_CURVE ( 'NONE', #2819, #5005, #1035, .T. ) ;
#4079 = CARTESIAN_POINT ( 'NONE',  ( -15.49999999999897900, -15.50000000000102100, 47.50000000000000000 ) ) ;
#4080 = ORIENTED_EDGE ( 'NONE', *, *, #4549, .F. ) ;
#4082 = FACE_OUTER_BOUND ( 'NONE', #1626, .T. ) ;
#4081 = CARTESIAN_POINT ( 'NONE',  ( 15.92449465477571000, 16.74685775593360000, 47.50000000000000000 ) ) ;
#4083 = CIRCLE ( 'NONE', #5884, 0.4999999999999982200 ) ;
#4084 = LINE ( 'NONE', #9341, #3117 ) ;
#4085 = CARTESIAN_POINT ( 'NONE',  ( -15.49999999999999600, 15.50000000000000000, -2.266821225221747900E-017 ) ) ;
#4086 =( GEOMETRIC_REPRESENTATION_CONTEXT ( 3 ) GLOBAL_UNCERTAINTY_ASSIGNED_CONTEXT ( ( #8309 ) ) GLOBAL_UNIT_ASSIGNED_CONTEXT ( ( #2093, #9106, #5948 ) ) REPRESENTATION_CONTEXT ( 'NONE', 'WORKASPACE' ) );
#4087 =( GEOMETRIC_REPRESENTATION_CONTEXT ( 3 ) GLOBAL_UNCERTAINTY_ASSIGNED_CONTEXT ( ( #6779 ) ) GLOBAL_UNIT_ASSIGNED_CONTEXT ( ( #1104, #8234, #2720 ) ) REPRESENTATION_CONTEXT ( 'NONE', 'WORKASPACE' ) );
#4088 =( NAMED_UNIT ( * ) SI_UNIT ( $, .STERADIAN. ) SOLID_ANGLE_UNIT ( ) );
#4089 = CARTESIAN_POINT ( 'NONE',  ( 21.14999999999999900, 21.14999999999999900, 10.00000000000000000 ) ) ;
#4090 = CARTESIAN_POINT ( 'NONE',  ( -20.64999999999999500, 16.94289321881344900, 8.000000000000000000 ) ) ;
#4091 = SURFACE_STYLE_FILL_AREA ( #245 ) ;
#4092 = SURFACE_STYLE_FILL_AREA ( #10090 ) ;
#4093 = ADVANCED_FACE ( 'NONE', ( #7881 ), #3179, .F. ) ;
#4094 = DIRECTION ( 'NONE',  ( -0.0000000000000000000, -0.0000000000000000000, 1.000000000000000000 ) ) ;
#4095 = DIRECTION ( 'NONE',  ( 0.0000000000000000000, 0.0000000000000000000, 1.000000000000000000 ) ) ;
#4096 = CARTESIAN_POINT ( 'NONE',  ( -14.15069333393213700, -15.50000000000102300, 47.49878368663158300 ) ) ;
#4097 = ORIENTED_EDGE ( 'NONE', *, *, #4062, .F. ) ;
#4098 = CARTESIAN_POINT ( 'NONE',  ( 15.50000000000102000, -15.49999999999983700, 46.00000000000000000 ) ) ;
#4099 = ORIENTED_EDGE ( 'NONE', *, *, #2735, .F. ) ;
#4100 = CARTESIAN_POINT ( 'NONE',  ( -15.07550534522247600, -15.94640676939193500, 46.50000000000000000 ) ) ;
#4101 =( GEOMETRIC_REPRESENTATION_CONTEXT ( 3 ) GLOBAL_UNCERTAINTY_ASSIGNED_CONTEXT ( ( #3443 ) ) GLOBAL_UNIT_ASSIGNED_CONTEXT ( ( #4246, #6726, #5850 ) ) REPRESENTATION_CONTEXT ( 'NONE', 'WORKASPACE' ) );
#4102 = AXIS2_PLACEMENT_3D ( 'NONE', #3234, #7918, #7113 ) ;
#4103 = PRESENTATION_STYLE_ASSIGNMENT (( #8045 ) ) ;
#4104 = CARTESIAN_POINT ( 'NONE',  ( -16.94289321881342400, -20.65000000000000600, 0.0000000000000000000 ) ) ;
#4105 =( NAMED_UNIT ( * ) PLANE_ANGLE_UNIT ( ) SI_UNIT ( $, .RADIAN. ) );
#4106 = CARTESIAN_POINT ( 'NONE',  ( 4.000000000000000000, 4.898587196589412800E-016, -1.500000000000000000 ) ) ;
#4107 = CYLINDRICAL_SURFACE ( 'NONE', #6066, 0.5000000000000004400 ) ;
#4108 = ORIENTED_EDGE ( 'NONE', *, *, #5592, .T. ) ;
#4109 = DIRECTION ( 'NONE',  ( 0.0000000000000000000, 0.0000000000000000000, 1.000000000000000000 ) ) ;
#4110 = EDGE_LOOP ( 'NONE', ( #3510, #6633, #6029, #8904, #5755 ) ) ;
#4111 = VECTOR ( 'NONE', #1301, 1000.000000000000000 ) ;
#4112 = FACE_BOUND ( 'NONE', #5214, .T. ) ;
#4113 = EDGE_CURVE ( 'NONE', #5447, #6247, #9395, .T. ) ;
#4114 = DIRECTION ( 'NONE',  ( 0.0000000000000000000, -0.0000000000000000000, 1.000000000000000000 ) ) ;
#4115 = FACE_OUTER_BOUND ( 'NONE', #6161, .T. ) ;
#4116 = AXIS2_PLACEMENT_3D ( 'NONE', #2184, #3761, #5371 ) ;
#4117 = ORIENTED_EDGE ( 'NONE', *, *, #5694, .F. ) ;
#4118 = CARTESIAN_POINT ( 'NONE',  ( 20.65000000000000200, -16.94289321881342400, 48.00000000000000000 ) ) ;
#4119 = EDGE_CURVE ( 'NONE', #705, #7703, #8630, .T. ) ;
#4120 = AXIS2_PLACEMENT_3D ( 'NONE', #3776, #7655, #6199 ) ;
#4121 = CIRCLE ( 'NONE', #3901, 3.500000000000000000 ) ;
#4122 = CARTESIAN_POINT ( 'NONE',  ( 15.20239548707210300, -16.84930666606608800, 47.49833231681234500 ) ) ;
#4123 = FILL_AREA_STYLE_COLOUR ( '', #7993 ) ;
#4124 = CIRCLE ( 'NONE', #2030, 0.5000000000000004400 ) ;
#4125 = CARTESIAN_POINT ( 'NONE',  ( -16.72874093610754200, 15.92449465477565200, 47.50000000000000000 ) ) ;
#4126 = DIRECTION ( 'NONE',  ( -0.0000000000000000000, -0.0000000000000000000, 1.000000000000000000 ) ) ;
#4127 = VERTEX_POINT ( 'NONE', #1430 ) ;
#4128 = EDGE_LOOP ( 'NONE', ( #8686, #4316, #7991, #2816, #4160 ) ) ;
#4129 = DIRECTION ( 'NONE',  ( -0.0000000000000000000, -0.0000000000000000000, 1.000000000000000000 ) ) ;
#4130 = ORIENTED_EDGE ( 'NONE', *, *, #7575, .F. ) ;
#4131 = UNCERTAINTY_MEASURE_WITH_UNIT (LENGTH_MEASURE( 1.000000000000000100E-005 ), #4615, 'distance_accuracy_value', 'NONE');
#4132 = AXIS2_PLACEMENT_3D ( 'NONE', #3245, #4095, #1754 ) ;
#4133 = FACE_OUTER_BOUND ( 'NONE', #1628, .T. ) ;
#4134 = SURFACE_SIDE_STYLE ('',( #4022 ) ) ;
#4135 = EDGE_CURVE ( 'NONE', #9573, #5039, #3650, .T. ) ;
#4136 = CIRCLE ( 'NONE', #7810, 2.500000000000000000 ) ;
#4137 = EDGE_CURVE ( 'NONE', #4607, #8751, #7639, .T. ) ;
#4138 = AXIS2_PLACEMENT_3D ( 'NONE', #305, #9191, #3479 ) ;
#4139 =( NAMED_UNIT ( * ) SI_UNIT ( $, .STERADIAN. ) SOLID_ANGLE_UNIT ( ) );
#4140 = CARTESIAN_POINT ( 'NONE',  ( -15.07550534522247600, -15.94640676939193500, 46.50000000000000000 ) ) ;
#4141 = UNCERTAINTY_MEASURE_WITH_UNIT (LENGTH_MEASURE( 1.000000000000000100E-005 ), #7205, 'distance_accuracy_value', 'NONE');
#4142 = DIRECTION ( 'NONE',  ( 0.0000000000000000000, 0.0000000000000000000, -1.000000000000000000 ) ) ;
#4143 = ORIENTED_EDGE ( 'NONE', *, *, #2046, .T. ) ;
#4144 = DIRECTION ( 'NONE',  ( 0.0000000000000000000, 0.0000000000000000000, 1.000000000000000000 ) ) ;
#4145 = ORIENTED_EDGE ( 'NONE', *, *, #142, .F. ) ;
#4146 = CIRCLE ( 'NONE', #205, 2.500000000000000000 ) ;
#4147 = DIRECTION ( 'NONE',  ( 1.000000000000000000, 0.0000000000000000000, 0.0000000000000000000 ) ) ;
#4148 = VECTOR ( 'NONE', #4945, 1000.000000000000000 ) ;
#4149 = ADVANCED_FACE ( 'NONE', ( #10131 ), #5139, .T. ) ;
#4150 = CIRCLE ( 'NONE', #2530, 0.5000000000000004400 ) ;
#4151 = CARTESIAN_POINT ( 'NONE',  ( 16.78307522795900700, -15.92449465477577200, 46.50000000000000000 ) ) ;
#4152 = UNCERTAINTY_MEASURE_WITH_UNIT (LENGTH_MEASURE( 1.000000000000000100E-005 ), #1410, 'distance_accuracy_value', 'NONE');
#4153 = FILL_AREA_STYLE ('',( #8781 ) ) ;
#4154 = ORIENTED_EDGE ( 'NONE', *, *, #3982, .F. ) ;
#4155 = AXIS2_PLACEMENT_3D ( 'NONE', #6707, #5651, #6465 ) ;
#4156 = FACE_OUTER_BOUND ( 'NONE', #3886, .T. ) ;
#4157 = EDGE_CURVE ( 'NONE', #5260, #2826, #4749, .T. ) ;
#4158 = CARTESIAN_POINT ( 'NONE',  ( 15.50000000000102000, -15.49999999999983700, 47.50000000000000000 ) ) ;
#4159 = VERTEX_POINT ( 'NONE', #742 ) ;
#4160 = ORIENTED_EDGE ( 'NONE', *, *, #5478, .T. ) ;
#4161 = FACE_OUTER_BOUND ( 'NONE', #5037, .T. ) ;
#4162 = LINE ( 'NONE', #8091, #9018 ) ;
#4163 = DIRECTION ( 'NONE',  ( 1.000000000000000000, 0.0000000000000000000, 0.0000000000000000000 ) ) ;
#4164 = ORIENTED_EDGE ( 'NONE', *, *, #9138, .T. ) ;
#4165 = B_SPLINE_CURVE_WITH_KNOTS ( 'NONE', 3,
 ( #8598, #3005, #9385, #7001, #10107 ),
 .UNSPECIFIED., .F., .F.,
 ( 4, 1, 4 ),
 ( 0.0000000000000000000, 0.0004464067693919267900, 0.0008928135387838587900 ),
 .UNSPECIFIED. ) ;
#4166 = ORIENTED_EDGE ( 'NONE', *, *, #3997, .T. ) ;
#4167 = PLANE ( 'NONE',  #7073 ) ;
#4168 = LINE ( 'NONE', #2783, #7046 ) ;
#4169 = DIRECTION ( 'NONE',  ( 0.8571673007021116700, 1.049727191138617800E-016, -0.5150380749100552700 ) ) ;
#4170 = ORIENTED_EDGE ( 'NONE', *, *, #3820, .F. ) ;
#4171 = DIRECTION ( 'NONE',  ( 0.0000000000000000000, 0.0000000000000000000, -1.000000000000000000 ) ) ;
#4172 = VERTEX_POINT ( 'NONE', #1531 ) ;
#4173 = CARTESIAN_POINT ( 'NONE',  ( 11.50000000000000000, 1.408343819019456400E-015, 0.5000000000000000000 ) ) ;
#4174 = FILL_AREA_STYLE ('',( #7195 ) ) ;
#4175 = STYLED_ITEM ( 'NONE', ( #9495 ), #2057 ) ;
#4176 =( GEOMETRIC_REPRESENTATION_CONTEXT ( 3 ) GLOBAL_UNCERTAINTY_ASSIGNED_CONTEXT ( ( #7398 ) ) GLOBAL_UNIT_ASSIGNED_CONTEXT ( ( #4848, #107, #5673 ) ) REPRESENTATION_CONTEXT ( 'NONE', 'WORKASPACE' ) );
#4177 = VERTEX_POINT ( 'NONE', #764 ) ;
#4178 =( NAMED_UNIT ( * ) SI_UNIT ( $, .STERADIAN. ) SOLID_ANGLE_UNIT ( ) );
#4179 = DIRECTION ( 'NONE',  ( 0.0000000000000000000, 0.0000000000000000000, 1.000000000000000000 ) ) ;
#4180 = ORIENTED_EDGE ( 'NONE', *, *, #7, .T. ) ;
#4181 = FILL_AREA_STYLE_COLOUR ( '', #1307 ) ;
#4182 = SURFACE_SIDE_STYLE ('',( #7380 ) ) ;
#4183 = DIRECTION ( 'NONE',  ( -1.165791109086283400E-014, -1.000000000000000000, 0.0000000000000000000 ) ) ;
#4184 = DIRECTION ( 'NONE',  ( 1.000000000000000000, 0.0000000000000000000, 0.0000000000000000000 ) ) ;
#4185 = SURFACE_STYLE_FILL_AREA ( #7966 ) ;
#4187 = CARTESIAN_POINT ( 'NONE',  ( 13.31369220013741200, -21.16000000000000700, 40.00000000000000000 ) ) ;
#4186 = DIRECTION ( 'NONE',  ( 1.000000000000000000, -3.751515886037098700E-015, 0.0000000000000000000 ) ) ;
#4188 = ORIENTED_EDGE ( 'NONE', *, *, #10094, .F. ) ;
#4189 = AXIS2_PLACEMENT_3D ( 'NONE', #9928, #344, #5951 ) ;
#4190 = ORIENTED_EDGE ( 'NONE', *, *, #7747, .F. ) ;
#4191 = EDGE_CURVE ( 'NONE', #2459, #6640, #3280, .T. ) ;
#4192 = CARTESIAN_POINT ( 'NONE',  ( -15.49999999999999800, 15.50000000000000000, 5.251075773784450900 ) ) ;
#4193 = EDGE_CURVE ( 'NONE', #2848, #5962, #6641, .T. ) ;
#4194 = FACE_BOUND ( 'NONE', #5911, .T. ) ;
#4195 = UNCERTAINTY_MEASURE_WITH_UNIT (LENGTH_MEASURE( 1.000000000000000100E-005 ), #8720, 'distance_accuracy_value', 'NONE');
#4196 = DIRECTION ( 'NONE',  ( -0.0000000000000000000, 0.0000000000000000000, -1.000000000000000000 ) ) ;
#4197 = AXIS2_PLACEMENT_3D ( 'NONE', #7717, #9189, #8417 ) ;
#4198 = CARTESIAN_POINT ( 'NONE',  ( 16.78307522795901000, -15.29091159907682000, 47.50000000000000000 ) ) ;
#4199 = DIRECTION ( 'NONE',  ( 1.000000000000000000, -7.771940727241890300E-015, -0.0000000000000000000 ) ) ;
#4200 = ORIENTED_EDGE ( 'NONE', *, *, #4350, .T. ) ;
#4201 = CARTESIAN_POINT ( 'NONE',  ( 16.75000000000010700, -15.49999999999989200, -0.0000000000000000000 ) ) ;
#4202 = EDGE_LOOP ( 'NONE', ( #2036, #1538, #7405, #2075, #5272, #9676 ) ) ;
#4203 = ORIENTED_EDGE ( 'NONE', *, *, #1808, .F. ) ;
#4204 = DIRECTION ( 'NONE',  ( -1.000000000000000000, 0.0000000000000000000, 0.0000000000000000000 ) ) ;
#4205 = AXIS2_PLACEMENT_3D ( 'NONE', #5797, #5065, #5864 ) ;
#4206 = VECTOR ( 'NONE', #8991, 1000.000000000000000 ) ;
#4207 = ADVANCED_FACE ( 'NONE', ( #2413 ), #6154, .T. ) ;
#4208 = CARTESIAN_POINT ( 'NONE',  ( -15.49999999999994300, -15.50000000000005000, 0.0000000000000000000 ) ) ;
#4209 = EDGE_CURVE ( 'NONE', #216, #6138, #4014, .T. ) ;
#4210 = EDGE_CURVE ( 'NONE', #6300, #5835, #8117, .T. ) ;
#4211 = VERTEX_POINT ( 'NONE', #4717 ) ;
#4212 = CARTESIAN_POINT ( 'NONE',  ( -15.49999999999897900, -15.50000000000102100, 48.00000000000000000 ) ) ;
#4213 = CARTESIAN_POINT ( 'NONE',  ( -21.14999999999999500, 13.32957238623956400, 38.00000000000000000 ) ) ;
#4214 = CARTESIAN_POINT ( 'NONE',  ( 15.05359323060813800, -14.23619328529421700, 47.50000000000000000 ) ) ;
#4215 = AXIS2_PLACEMENT_3D ( 'NONE', #9760, #4221, #9796 ) ;
#4216 = ORIENTED_EDGE ( 'NONE', *, *, #7326, .T. ) ;
#4217 = DIRECTION ( 'NONE',  ( 1.000000000000000000, 0.0000000000000000000, 0.0000000000000000000 ) ) ;
#4218 = CARTESIAN_POINT ( 'NONE',  ( 15.49999999999983700, 15.50000000000016000, 46.00000000000000000 ) ) ;
#4219 = VECTOR ( 'NONE', #3827, 1000.000000000000000 ) ;
#4220 = PRESENTATION_STYLE_ASSIGNMENT (( #2970 ) ) ;
#4221 = DIRECTION ( 'NONE',  ( -0.0000000000000000000, -0.0000000000000000000, -1.000000000000000000 ) ) ;
#4222 = DIRECTION ( 'NONE',  ( 1.000000000000000000, -1.125454765811129600E-014, 0.0000000000000000000 ) ) ;
#4223 = PLANE ( 'NONE',  #8164 ) ;
#4224 = CARTESIAN_POINT ( 'NONE',  ( 21.16000000000000000, 13.31369220013742300, -53.84951795962939500 ) ) ;
#4225 = AXIS2_PLACEMENT_3D ( 'NONE', #4212, #1800, #2723 ) ;
#4226 = AXIS2_PLACEMENT_3D ( 'NONE', #1980, #6744, #959 ) ;
#4227 = EDGE_CURVE ( 'NONE', #7256, #8152, #3888, .T. ) ;
#4228 = VECTOR ( 'NONE', #8530, 1000.000000000000000 ) ;
#4229 = CIRCLE ( 'NONE', #5806, 3.500000000000000000 ) ;
#4230 = CARTESIAN_POINT ( 'NONE',  ( 17.29644660940672200, -21.00355339059327900, 0.0000000000000000000 ) ) ;
#4231 = ORIENTED_EDGE ( 'NONE', *, *, #9239, .F. ) ;
#4232 = CARTESIAN_POINT ( 'NONE',  ( -21.14999999999999500, 16.94289321881344900, 0.5000000000000004400 ) ) ;
#4233 = CARTESIAN_POINT ( 'NONE',  ( 14.21692477204111100, -15.85270061781257000, 47.49983667794648300 ) ) ;
#4234 = DIRECTION ( 'NONE',  ( 7.503031772074183200E-015, 1.000000000000000000, 0.0000000000000000000 ) ) ;
#4235 = LINE ( 'NONE', #1340, #991 ) ;
#4236 = CARTESIAN_POINT ( 'NONE',  ( -2.596119095141088600, -19.15000000000000600, 43.56695646205938000 ) ) ;
#4237 =( GEOMETRIC_REPRESENTATION_CONTEXT ( 3 ) GLOBAL_UNCERTAINTY_ASSIGNED_CONTEXT ( ( #9714 ) ) GLOBAL_UNIT_ASSIGNED_CONTEXT ( ( #5145, #6840, #2070 ) ) REPRESENTATION_CONTEXT ( 'NONE', 'WORKASPACE' ) );
#4238 = AXIS2_PLACEMENT_3D ( 'NONE', #6340, #4850, #9517 ) ;
#4239 = CARTESIAN_POINT ( 'NONE',  ( 0.0000000000000000000, 0.0000000000000000000, 45.00000000000000000 ) ) ;
#4240 = DIRECTION ( 'NONE',  ( 0.0000000000000000000, 1.000000000000000000, -0.0000000000000000000 ) ) ;
#4241 = CARTESIAN_POINT ( 'NONE',  ( 17.29644660940669400, 21.00355339059327500, 48.00000000000000000 ) ) ;
#4242 = ORIENTED_EDGE ( 'NONE', *, *, #4331, .T. ) ;
#4243 = CIRCLE ( 'NONE', #9042, 1.249999999999999300 ) ;
#4244 = DIRECTION ( 'NONE',  ( -1.000000000000000000, 2.488044278300495100E-014, 0.0000000000000000000 ) ) ;
#4245 = SURFACE_SIDE_STYLE ('',( #8241 ) ) ;
#4246 =( LENGTH_UNIT ( ) NAMED_UNIT ( * ) SI_UNIT ( .MILLI., .METRE. ) );
#4247 = CYLINDRICAL_SURFACE ( 'NONE', #8226, 0.5787973969144516500 ) ;
#4248 = CARTESIAN_POINT ( 'NONE',  ( 0.0000000000000000000, 0.0000000000000000000, -1.899999999999999900 ) ) ;
#4249 = EDGE_LOOP ( 'NONE', ( #8767, #2529, #10114, #3745 ) ) ;
#4250 =( LENGTH_UNIT ( ) NAMED_UNIT ( * ) SI_UNIT ( .MILLI., .METRE. ) );
#4251 = PRESENTATION_LAYER_ASSIGNMENT (  '', '', ( #4973 ) ) ;
#4252 = DIRECTION ( 'NONE',  ( -0.0000000000000000000, -1.000000000000000000, 0.0000000000000000000 ) ) ;
#4253 = CARTESIAN_POINT ( 'NONE',  ( 21.16000000000000000, -13.31369220013742300, -53.84951795962939500 ) ) ;
#4254 = CYLINDRICAL_SURFACE ( 'NONE', #6919, 0.5787973969144516500 ) ;
#4256 = CARTESIAN_POINT ( 'NONE',  ( -21.14999999999997700, 16.94289321881344900, 8.000000000000000000 ) ) ;
#4255 = DIRECTION ( 'NONE',  ( -0.7363275207553917600, 0.0000000000000000000, -0.6766252893427928700 ) ) ;
#4257 = SURFACE_STYLE_FILL_AREA ( #7951 ) ;
#4259 = ADVANCED_FACE ( 'NONE', ( #1909 ), #5640, .F. ) ;
#4258 = PRESENTATION_STYLE_ASSIGNMENT (( #10186 ) ) ;
#4260 = CARTESIAN_POINT ( 'NONE',  ( -16.94289321881343500, -20.65000000000000600, 47.50000000000000000 ) ) ;
#4261 = VERTEX_POINT ( 'NONE', #8765 ) ;
#4262 = ORIENTED_EDGE ( 'NONE', *, *, #265, .T. ) ;
#4263 = CARTESIAN_POINT ( 'NONE',  ( 21.15000000000000200, -16.94289321881343100, 38.00000000000000000 ) ) ;
#4264 = VECTOR ( 'NONE', #2718, 1000.000000000000000 ) ;
#4265 = DIRECTION ( 'NONE',  ( -1.000000000000000000, 0.0000000000000000000, 0.0000000000000000000 ) ) ;
#4266 = DIRECTION ( 'NONE',  ( -8.293480927668351100E-015, -1.000000000000000000, -0.0000000000000000000 ) ) ;
#4267 = SURFACE_STYLE_FILL_AREA ( #10197 ) ;
#4268 = FACE_OUTER_BOUND ( 'NONE', #9171, .T. ) ;
#4269 = DIRECTION ( 'NONE',  ( 1.000000000000000000, 0.0000000000000000000, 0.0000000000000000000 ) ) ;
#4270 = EDGE_CURVE ( 'NONE', #9021, #288, #9621, .T. ) ;
#4271 = ORIENTED_EDGE ( 'NONE', *, *, #9880, .T. ) ;
#4272 = ORIENTED_EDGE ( 'NONE', *, *, #9959, .F. ) ;
#4273 = AXIS2_PLACEMENT_3D ( 'NONE', #6893, #634, #7693 ) ;
#4274 = EDGE_LOOP ( 'NONE', ( #2173, #6990, #4117 ) ) ;
#4275 = SURFACE_SIDE_STYLE ('',( #1311 ) ) ;
#4276 = CARTESIAN_POINT ( 'NONE',  ( 12.49999999999984000, 15.50000000000016000, 46.00000000000000000 ) ) ;
#4277 = TOROIDAL_SURFACE ( 'NONE', #5482, 10.49999999999999800, 0.5000000000000000000 ) ;
#4278 = CARTESIAN_POINT ( 'NONE',  ( 21.14999999999999900, 21.14999999999999900, 8.000000000000000000 ) ) ;
#4279 = DIRECTION ( 'NONE',  ( 0.0000000000000000000, 0.0000000000000000000, 1.000000000000000000 ) ) ;
#4280 = ORIENTED_EDGE ( 'NONE', *, *, #9483, .T. ) ;
#4281 = PRESENTATION_LAYER_ASSIGNMENT (  '', '', ( #2895 ) ) ;
#4282 = DIRECTION ( 'NONE',  ( 1.000000000000000000, 0.0000000000000000000, 0.0000000000000000000 ) ) ;
#4283 = CARTESIAN_POINT ( 'NONE',  ( 3.503880904858911000, -21.25000000000000700, 40.26401485834065900 ) ) ;
#4284 = ORIENTED_EDGE ( 'NONE', *, *, #10235, .F. ) ;
#4285 = ADVANCED_FACE ( 'NONE', ( #8502 ), #6629, .F. ) ;
#4286 = AXIS2_PLACEMENT_3D ( 'NONE', #8335, #3573, #4372 ) ;
#4287 = EDGE_CURVE ( 'NONE', #2848, #6265, #5512, .T. ) ;
#4288 = CARTESIAN_POINT ( 'NONE',  ( 21.14999999999999900, 13.32957238623956000, 5.900501256289342000 ) ) ;
#4289 = PLANE ( 'NONE',  #6598 ) ;
#4290 = VECTOR ( 'NONE', #2719, 1000.000000000000000 ) ;
#4291 = ORIENTED_EDGE ( 'NONE', *, *, #3793, .F. ) ;
#4293 = SURFACE_SIDE_STYLE ('',( #10098 ) ) ;
#4292 = DIRECTION ( 'NONE',  ( -3.751515886037098700E-015, -1.000000000000000000, 0.0000000000000000000 ) ) ;
#4294 = ORIENTED_EDGE ( 'NONE', *, *, #3027, .F. ) ;
#4295 = LINE ( 'NONE', #5977, #9157 ) ;
#4296 = VERTEX_POINT ( 'NONE', #5604 ) ;
#4297 = ORIENTED_EDGE ( 'NONE', *, *, #1338, .F. ) ;
#4298 = ORIENTED_EDGE ( 'NONE', *, *, #3081, .T. ) ;
#4299 = CARTESIAN_POINT ( 'NONE',  ( -12.49999999999833900, -15.50000000000102100, 46.00000000000000000 ) ) ;
#4300 = DIRECTION ( 'NONE',  ( -1.000000000000000000, 1.559641304993420100E-012, 0.0000000000000000000 ) ) ;
#4301 = EDGE_LOOP ( 'NONE', ( #10290, #9336 ) ) ;
#4302 = DIRECTION ( 'NONE',  ( 1.000000000000000000, 0.0000000000000000000, 0.0000000000000000000 ) ) ;
#4303 = AXIS2_PLACEMENT_3D ( 'NONE', #5377, #1376, #10061 ) ;
#4304 = DIRECTION ( 'NONE',  ( -0.0000000000000000000, -0.0000000000000000000, 1.000000000000000000 ) ) ;
#4305 = CARTESIAN_POINT ( 'NONE',  ( 0.0000000000000000000, 0.0000000000000000000, 0.0000000000000000000 ) ) ;
#4306 = ORIENTED_EDGE ( 'NONE', *, *, #9288, .T. ) ;
#4307 = FACE_OUTER_BOUND ( 'NONE', #4664, .T. ) ;
#4308 = PRESENTATION_STYLE_ASSIGNMENT (( #2177 ) ) ;
#4309 = EDGE_LOOP ( 'NONE', ( #2339, #1089 ) ) ;
#4310 = DIRECTION ( 'NONE',  ( -1.000000000000000000, 0.0000000000000000000, 0.0000000000000000000 ) ) ;
#4311 = DIRECTION ( 'NONE',  ( 0.0000000000000000000, 0.0000000000000000000, 1.000000000000000000 ) ) ;
#4312 = ADVANCED_FACE ( 'NONE', ( #4515 ), #174, .F. ) ;
#4313 = CARTESIAN_POINT ( 'NONE',  ( -15.49999999999897900, -15.50000000000102100, 47.50000000000000000 ) ) ;
#4314 = PRESENTATION_STYLE_ASSIGNMENT (( #3981 ) ) ;
#4315 = DIRECTION ( 'NONE',  ( -1.000000000000000000, 3.751515886037098700E-015, 0.0000000000000000000 ) ) ;
#4316 = ORIENTED_EDGE ( 'NONE', *, *, #5210, .T. ) ;
#4317 =( NAMED_UNIT ( * ) PLANE_ANGLE_UNIT ( ) SI_UNIT ( $, .RADIAN. ) );
#4318 = CARTESIAN_POINT ( 'NONE',  ( -16.79999999999897800, -15.50000000000102100, 46.50000000000000000 ) ) ;
#4319 = AXIS2_PLACEMENT_3D ( 'NONE', #4555, #2993, #6164 ) ;
#4320 = LINE ( 'NONE', #6471, #4056 ) ;
#4321 = ORIENTED_EDGE ( 'NONE', *, *, #3929, .F. ) ;
#4322 = CARTESIAN_POINT ( 'NONE',  ( 16.80673604214032900, 15.94640676939203200, 47.49756013713621900 ) ) ;
#4323 = FILL_AREA_STYLE_COLOUR ( '', #1296 ) ;
#4324 = CARTESIAN_POINT ( 'NONE',  ( 17.79999999999983700, 15.50000000000016000, 46.00000000000000000 ) ) ;
#4325 = VERTEX_POINT ( 'NONE', #1831 ) ;
#4326 = DIRECTION ( 'NONE',  ( 1.000000000000000000, -4.086561412391584500E-015, -0.0000000000000000000 ) ) ;
#4327 = LINE ( 'NONE', #9790, #5582 ) ;
#4329 =( NAMED_UNIT ( * ) PLANE_ANGLE_UNIT ( ) SI_UNIT ( $, .RADIAN. ) );
#4328 = DIRECTION ( 'NONE',  ( 1.000000000000000000, 0.0000000000000000000, 0.0000000000000000000 ) ) ;
#4330 = VECTOR ( 'NONE', #1900, 1000.000000000000000 ) ;
#4331 = EDGE_CURVE ( 'NONE', #6999, #3918, #3267, .T. ) ;
#4332 = MECHANICAL_DESIGN_GEOMETRIC_PRESENTATION_REPRESENTATION (  '', ( #3264 ), #5940 ) ;
#4333 = DIRECTION ( 'NONE',  ( 1.000000000000000000, 0.0000000000000000000, 0.0000000000000000000 ) ) ;
#4334 = ORIENTED_EDGE ( 'NONE', *, *, #202, .T. ) ;
#4335 = EDGE_CURVE ( 'NONE', #9907, #2071, #9384, .T. ) ;
#4336 = ORIENTED_EDGE ( 'NONE', *, *, #2291, .F. ) ;
#4337 = DIRECTION ( 'NONE',  ( -0.0000000000000000000, -0.0000000000000000000, 1.000000000000000000 ) ) ;
#4338 = SURFACE_STYLE_USAGE ( .BOTH. , #6740 ) ;
#4339 = COLOUR_RGB ( '',0.2509803921568627400, 0.2509803921568627400, 0.2509803921568627400 ) ;
#4340 = APPLICATION_PROTOCOL_DEFINITION ( 'draft international standard', 'automotive_design', 1998, #1862 ) ;
#4341 = ADVANCED_FACE ( 'NONE', ( #6891 ), #409, .F. ) ;
#4342 = CYLINDRICAL_SURFACE ( 'NONE', #6648, 11.00000000000000000 ) ;
#4343 = DIRECTION ( 'NONE',  ( 8.673617379884026600E-016, -8.673617379884026600E-016, 1.000000000000000000 ) ) ;
#4344 = ORIENTED_EDGE ( 'NONE', *, *, #1082, .T. ) ;
#4345 = DIRECTION ( 'NONE',  ( 0.0000000000000000000, 0.0000000000000000000, 1.000000000000000000 ) ) ;
#4346 = DIRECTION ( 'NONE',  ( -0.0000000000000000000, -0.0000000000000000000, -1.000000000000000000 ) ) ;
#4347 = SURFACE_STYLE_FILL_AREA ( #1568 ) ;
#4348 = VECTOR ( 'NONE', #440, 1000.000000000000000 ) ;
#4349 = CARTESIAN_POINT ( 'NONE',  ( -15.92449465477579000, -14.23501994154215000, 47.49955985394393600 ) ) ;
#4350 = EDGE_CURVE ( 'NONE', #5560, #10133, #2779, .T. ) ;
#4351 = PRESENTATION_STYLE_ASSIGNMENT (( #6723 ) ) ;
#4352 = EDGE_CURVE ( 'NONE', #3547, #1377, #9510, .T. ) ;
#4353 = DIRECTION ( 'NONE',  ( -0.0000000000000000000, -0.0000000000000000000, -1.000000000000000000 ) ) ;
#4354 = CARTESIAN_POINT ( 'NONE',  ( 0.0000000000000000000, 0.0000000000000000000, 0.0000000000000000000 ) ) ;
#4355 = DIRECTION ( 'NONE',  ( -0.0000000000000000000, -0.0000000000000000000, 1.000000000000000000 ) ) ;
#4356 = CARTESIAN_POINT ( 'NONE',  ( 16.72874093610865000, -15.92449465477577200, 47.50000000000000000 ) ) ;
#4357 = AXIS2_PLACEMENT_3D ( 'NONE', #3235, #3917, #4813 ) ;
#4358 = CIRCLE ( 'NONE', #89, 2.299999999999999800 ) ;
#4359 = DIRECTION ( 'NONE',  ( 0.0000000000000000000, 0.0000000000000000000, -1.000000000000000000 ) ) ;
#4360 = CARTESIAN_POINT ( 'NONE',  ( 16.72095085742249100, 15.94640676939203200, 47.50000000000000000 ) ) ;
#4361 = CARTESIAN_POINT ( 'NONE',  ( 15.29091159908298900, 14.21692477204116000, 47.50000000000000000 ) ) ;
#4362 = CARTESIAN_POINT ( 'NONE',  ( -21.14999999999999500, 16.94289321881343800, 38.00000000000000000 ) ) ;
#4363 = CARTESIAN_POINT ( 'NONE',  ( 14.15069333393202900, 15.94640676939204300, 47.49262389544717400 ) ) ;
#4364 = AXIS2_PLACEMENT_3D ( 'NONE', #9059, #5090, #8183 ) ;
#4366 = CARTESIAN_POINT ( 'NONE',  ( -16.84930666606614500, -15.94640676939191900, 46.50000000000000000 ) ) ;
#4365 = DIRECTION ( 'NONE',  ( 0.7071067811865441300, -0.7071067811865510100, 0.0000000000000000000 ) ) ;
#4367 = ORIENTED_EDGE ( 'NONE', *, *, #8554, .F. ) ;
#4368 = MECHANICAL_DESIGN_GEOMETRIC_PRESENTATION_REPRESENTATION (  '', ( #2428 ), #5628 ) ;
#4369 = EDGE_CURVE ( 'NONE', #6394, #1180, #7367, .T. ) ;
#4370 = ADVANCED_FACE ( 'NONE', ( #4747 ), #662, .T. ) ;
#4371 = DIRECTION ( 'NONE',  ( -0.0000000000000000000, -0.0000000000000000000, -1.000000000000000000 ) ) ;
#4372 = DIRECTION ( 'NONE',  ( -1.000000000000000000, -1.224646799147349500E-016, 0.0000000000000000000 ) ) ;
#4373 = ORIENTED_EDGE ( 'NONE', *, *, #3878, .F. ) ;
#4374 = DIRECTION ( 'NONE',  ( 1.000000000000000000, 0.0000000000000000000, 0.0000000000000000000 ) ) ;
#4375 = VECTOR ( 'NONE', #7417, 1000.000000000000000 ) ;
#4376 = FILL_AREA_STYLE_COLOUR ( '', #7745 ) ;
#4377 = DIRECTION ( 'NONE',  ( 0.0000000000000000000, 0.0000000000000000000, 1.000000000000000000 ) ) ;
#4378 = ORIENTED_EDGE ( 'NONE', *, *, #2025, .T. ) ;
#4379 = CARTESIAN_POINT ( 'NONE',  ( 15.94640676939198100, -16.84930666606609200, 46.50000000000000000 ) ) ;
#4380 = ORIENTED_EDGE ( 'NONE', *, *, #5744, .F. ) ;
#4381 = PRESENTATION_STYLE_ASSIGNMENT (( #9349 ) ) ;
#4382 = AXIS2_PLACEMENT_3D ( 'NONE', #3565, #4396, #1706 ) ;
#4383 = AXIS2_PLACEMENT_3D ( 'NONE', #6995, #2142, #1390 ) ;
#4384 = DIRECTION ( 'NONE',  ( -0.0000000000000000000, -0.0000000000000000000, 1.000000000000000000 ) ) ;
#4385 = CARTESIAN_POINT ( 'NONE',  ( 15.49999999999983700, 15.50000000000016000, 4.500000000000000900 ) ) ;
#4386 = DIRECTION ( 'NONE',  ( 0.0000000000000000000, 0.0000000000000000000, 1.000000000000000000 ) ) ;
#4387 = DIRECTION ( 'NONE',  ( -0.0000000000000000000, -0.0000000000000000000, -1.000000000000000000 ) ) ;
#4388 = DIRECTION ( 'NONE',  ( 1.000000000000000000, 0.0000000000000000000, 0.0000000000000000000 ) ) ;
#4389 = EDGE_LOOP ( 'NONE', ( #5635, #7286, #2392, #6500 ) ) ;
#4390 = SURFACE_STYLE_USAGE ( .BOTH. , #9833 ) ;
#4391 = ADVANCED_FACE ( 'NONE', ( #7980 ), #1517, .T. ) ;
#4392 = LINE ( 'NONE', #5361, #2394 ) ;
#4393 = LINE ( 'NONE', #5818, #8381 ) ;
#4394 = CARTESIAN_POINT ( 'NONE',  ( 2.603880904858910200, -19.15000000000000600, 0.0000000000000000000 ) ) ;
#4395 = CARTESIAN_POINT ( 'NONE',  ( -15.92449465477579000, -14.21692477204105200, 46.50000000000000000 ) ) ;
#4396 = DIRECTION ( 'NONE',  ( -0.0000000000000000000, -0.0000000000000000000, -1.000000000000000000 ) ) ;
#4397 = VERTEX_POINT ( 'NONE', #993 ) ;
#4398 = CARTESIAN_POINT ( 'NONE',  ( 0.0000000000000000000, 0.0000000000000000000, 38.00000000000000000 ) ) ;
#4399 = VERTEX_POINT ( 'NONE', #3375 ) ;
#4400 = ORIENTED_EDGE ( 'NONE', *, *, #3864, .F. ) ;
#4401 = AXIS2_PLACEMENT_3D ( 'NONE', #7671, #2145, #9213 ) ;
#4402 = CIRCLE ( 'NONE', #6049, 2.500000000000000000 ) ;
#4403 = VERTEX_POINT ( 'NONE', #9044 ) ;
#4404 = CIRCLE ( 'NONE', #7079, 1.249999999999997600 ) ;
#4405 = LINE ( 'NONE', #1661, #3407 ) ;
#4406 = DIRECTION ( 'NONE',  ( -0.0000000000000000000, 1.000000000000000000, -0.0000000000000000000 ) ) ;
#4407 = ORIENTED_EDGE ( 'NONE', *, *, #5154, .T. ) ;
#4408 = ORIENTED_EDGE ( 'NONE', *, *, #1460, .F. ) ;
#4409 = CARTESIAN_POINT ( 'NONE',  ( -17.14999999999997700, -21.15000000000000600, 0.5000000000000004400 ) ) ;
#4410 = DIRECTION ( 'NONE',  ( -0.0000000000000000000, -0.0000000000000000000, 1.000000000000000000 ) ) ;
#4411 = DIRECTION ( 'NONE',  ( 1.000000000000000000, 0.0000000000000000000, 0.0000000000000000000 ) ) ;
#4412 = AXIS2_PLACEMENT_3D ( 'NONE', #5074, #312, #1794 ) ;
#4413 = LINE ( 'NONE', #5748, #8645 ) ;
#4414 = EDGE_CURVE ( 'NONE', #3165, #4524, #6368, .T. ) ;
#4415 = LINE ( 'NONE', #8347, #5910 ) ;
#4416 = EDGE_CURVE ( 'NONE', #2826, #5447, #5254, .T. ) ;
#4417 = CIRCLE ( 'NONE', #4286, 0.5000000000000004400 ) ;
#4418 = ORIENTED_EDGE ( 'NONE', *, *, #8588, .T. ) ;
#4419 =( LENGTH_UNIT ( ) NAMED_UNIT ( * ) SI_UNIT ( .MILLI., .METRE. ) );
#4420 = SURFACE_STYLE_FILL_AREA ( #942 ) ;
#4421 = DIRECTION ( 'NONE',  ( -8.202002250481356300E-017, 1.000000000000000000, 0.0000000000000000000 ) ) ;
#4422 = ORIENTED_EDGE ( 'NONE', *, *, #4227, .F. ) ;
#4423 = ADVANCED_FACE ( 'NONE', ( #8102 ), #4167, .F. ) ;
#4424 = VERTEX_POINT ( 'NONE', #1103 ) ;
#4425 = SURFACE_STYLE_FILL_AREA ( #2109 ) ;
#4426 = CARTESIAN_POINT ( 'NONE',  ( -14.15069333393214100, -15.94640676939194500, 47.49262389544732300 ) ) ;
#4427 = DIRECTION ( 'NONE',  ( -0.0000000000000000000, -0.0000000000000000000, 1.000000000000000000 ) ) ;
#4428 = CARTESIAN_POINT ( 'NONE',  ( -16.74685775593344100, 15.07550534522243300, 47.50000000000000000 ) ) ;
#4429 = LINE ( 'NONE', #9231, #4290 ) ;
#4430 = ORIENTED_EDGE ( 'NONE', *, *, #5135, .F. ) ;
#4431 = AXIS2_PLACEMENT_3D ( 'NONE', #7499, #8301, #5023 ) ;
#4432 = FILL_AREA_STYLE ('',( #5255 ) ) ;
#4433 = VERTEX_POINT ( 'NONE', #419 ) ;
#4434 = EDGE_CURVE ( 'NONE', #8048, #46, #4506, .T. ) ;
#4435 = EDGE_CURVE ( 'NONE', #4671, #595, #10239, .T. ) ;
#4436 = ORIENTED_EDGE ( 'NONE', *, *, #9498, .F. ) ;
#4437 = EDGE_LOOP ( 'NONE', ( #9269, #7247, #8770, #3146, #585, #407, #9961, #6053, #5332, #2052, #6249, #3449, #1305, #4923 ) ) ;
#4438 = FILL_AREA_STYLE_COLOUR ( '', #5593 ) ;
#4439 = CARTESIAN_POINT ( 'NONE',  ( 21.14999999999999900, 17.14999999999999500, 0.5000000000000004400 ) ) ;
#4440 = CARTESIAN_POINT ( 'NONE',  ( 18.99999999999983300, 15.50000000000016000, 47.50000000000000000 ) ) ;
#4441 = SURFACE_SIDE_STYLE ('',( #4685 ) ) ;
#4443 = DIRECTION ( 'NONE',  ( 1.000000000000000000, 0.0000000000000000000, 0.0000000000000000000 ) ) ;
#4442 = DIRECTION ( 'NONE',  ( -5.627273829055637800E-015, -1.000000000000000000, 0.0000000000000000000 ) ) ;
#4444 = EDGE_LOOP ( 'NONE', ( #3823, #6387, #3708, #1055, #816 ) ) ;
#4445 = CARTESIAN_POINT ( 'NONE',  ( -15.50000000000016500, 15.49999999999897500, 46.50000000000000000 ) ) ;
#4446 = PLANE ( 'NONE',  #5886 ) ;
#4447 = VERTEX_POINT ( 'NONE', #7552 ) ;
#4448 = CARTESIAN_POINT ( 'NONE',  ( 0.0000000000000000000, 0.0000000000000000000, 40.00000000000000000 ) ) ;
#4449 = AXIS2_PLACEMENT_3D ( 'NONE', #8489, #6231, #10166 ) ;
#4450 = AXIS2_PLACEMENT_3D ( 'NONE', #8832, #1625, #6399 ) ;
#4451 = CIRCLE ( 'NONE', #8119, 0.5000000000000004400 ) ;
#4452 = CARTESIAN_POINT ( 'NONE',  ( 14.15069333393202600, 15.20239548707217700, 47.49833231681222400 ) ) ;
#4453 = ORIENTED_EDGE ( 'NONE', *, *, #7150, .T. ) ;
#4454 = ADVANCED_FACE ( 'NONE', ( #9743 ), #1224, .T. ) ;
#4455 = VECTOR ( 'NONE', #7759, 1000.000000000000000 ) ;
#4456 = ORIENTED_EDGE ( 'NONE', *, *, #7631, .F. ) ;
#4457 = COLOUR_RGB ( '',0.2509803921568627400, 0.2509803921568627400, 0.2509803921568627400 ) ;
#4458 = DIRECTION ( 'NONE',  ( -0.0000000000000000000, 0.0000000000000000000, 1.000000000000000000 ) ) ;
#4459 = ORIENTED_EDGE ( 'NONE', *, *, #5437, .F. ) ;
#4460 = DIRECTION ( 'NONE',  ( -0.0000000000000000000, -0.0000000000000000000, 1.000000000000000000 ) ) ;
#4461 = SURFACE_STYLE_USAGE ( .BOTH. , #7626 ) ;
#4462 = CARTESIAN_POINT ( 'NONE',  ( -15.94640676939209500, 16.84930666606597800, 47.49262389544726700 ) ) ;
#4463 = PRESENTATION_LAYER_ASSIGNMENT (  '', '', ( #186 ) ) ;
#4464 = STYLED_ITEM ( 'NONE', ( #4220 ), #7751 ) ;
#4465 = EDGE_LOOP ( 'NONE', ( #9820, #4188 ) ) ;
#4466 = ORIENTED_EDGE ( 'NONE', *, *, #9750, .T. ) ;
#4467 = SURFACE_STYLE_FILL_AREA ( #4937 ) ;
#4468 =( LENGTH_UNIT ( ) NAMED_UNIT ( * ) SI_UNIT ( .MILLI., .METRE. ) );
#4469 = DIRECTION ( 'NONE',  ( -1.000000000000000000, 0.0000000000000000000, 0.0000000000000000000 ) ) ;
#4470 = ORIENTED_EDGE ( 'NONE', *, *, #8412, .T. ) ;
#4471 = DIRECTION ( 'NONE',  ( 1.000000000000000000, 0.0000000000000000000, 0.0000000000000000000 ) ) ;
#4472 = VERTEX_POINT ( 'NONE', #7510 ) ;
#4474 = DIRECTION ( 'NONE',  ( 0.0000000000000000000, 0.0000000000000000000, 1.000000000000000000 ) ) ;
#4473 = DIRECTION ( 'NONE',  ( 0.0000000000000000000, 0.0000000000000000000, 1.000000000000000000 ) ) ;
#4475 = EDGE_CURVE ( 'NONE', #6664, #4957, #2903, .T. ) ;
#4476 = CYLINDRICAL_SURFACE ( 'NONE', #4383, 0.5000000000000004400 ) ;
#4477 = FACE_OUTER_BOUND ( 'NONE', #8275, .T. ) ;
#4478 = ADVANCED_FACE ( 'NONE', ( #3389 ), #2154, .T. ) ;
#4479 = SURFACE_STYLE_USAGE ( .BOTH. , #2122 ) ;
#4480 = EDGE_CURVE ( 'NONE', #8859, #286, #2439, .T. ) ;
#4481 = UNCERTAINTY_MEASURE_WITH_UNIT (LENGTH_MEASURE( 1.000000000000000100E-005 ), #8315, 'distance_accuracy_value', 'NONE');
#4482 = PRESENTATION_LAYER_ASSIGNMENT (  '', '', ( #8936 ) ) ;
#4483 = CARTESIAN_POINT ( 'NONE',  ( 16.94289321881344900, -20.65000000000000200, 8.000000000000000000 ) ) ;
#4484 = EDGE_CURVE ( 'NONE', #3700, #6998, #6881, .T. ) ;
#4485 = CIRCLE ( 'NONE', #6717, 0.5787973969144516500 ) ;
#4486 = PRESENTATION_LAYER_ASSIGNMENT (  '', '', ( #8207 ) ) ;
#4487 = DIRECTION ( 'NONE',  ( 0.0000000000000000000, 0.0000000000000000000, -1.000000000000000000 ) ) ;
#4488 = EDGE_CURVE ( 'NONE', #4068, #5119, #8230, .T. ) ;
#4489 = EDGE_CURVE ( 'NONE', #5624, #9175, #2643, .T. ) ;
#4490 = DIRECTION ( 'NONE',  ( 0.0000000000000000000, 0.0000000000000000000, 1.000000000000000000 ) ) ;
#4491 = CARTESIAN_POINT ( 'NONE',  ( -16.72874093610758500, 15.07550534522243000, 47.50000000000000000 ) ) ;
#4492 = FILL_AREA_STYLE_COLOUR ( '', #9870 ) ;
#4493 = CIRCLE ( 'NONE', #1633, 0.5000000000000004400 ) ;
#4494 = DIRECTION ( 'NONE',  ( 0.0000000000000000000, 0.0000000000000000000, 1.000000000000000000 ) ) ;
#4495 = ADVANCED_FACE ( 'NONE', ( #7110 ), #1824, .T. ) ;
#4496 = DIRECTION ( 'NONE',  ( -0.0000000000000000000, -0.0000000000000000000, -1.000000000000000000 ) ) ;
#4497 = ORIENTED_EDGE ( 'NONE', *, *, #330, .T. ) ;
#4498 = SURFACE_STYLE_FILL_AREA ( #7068 ) ;
#4499 = CARTESIAN_POINT ( 'NONE',  ( -16.94289321881343100, 20.64999999999999900, 47.50000000000000000 ) ) ;
#4500 = AXIS2_PLACEMENT_3D ( 'NONE', #6074, #2178, #3043 ) ;
#4501 = CARTESIAN_POINT ( 'NONE',  ( -14.21692477204121700, 15.29091159908180900, 47.50000000000000000 ) ) ;
#4502 = SURFACE_STYLE_FILL_AREA ( #4598 ) ;
#4503 = PRESENTATION_LAYER_ASSIGNMENT (  '', '', ( #8568 ) ) ;
#4504 = CARTESIAN_POINT ( 'NONE',  ( 20.65000000000000200, -16.94289321881346700, 0.5000000000000000000 ) ) ;
#4505 = EDGE_LOOP ( 'NONE', ( #8009, #8260, #8661, #1724 ) ) ;
#4506 = CIRCLE ( 'NONE', #6534, 2.500000000000000000 ) ;
#4507 = CARTESIAN_POINT ( 'NONE',  ( 0.0000000000000000000, 0.0000000000000000000, 8.000000000000000000 ) ) ;
#4508 = LINE ( 'NONE', #6205, #4869 ) ;
#4509 = FILL_AREA_STYLE ('',( #1214 ) ) ;
#4510 = FACE_OUTER_BOUND ( 'NONE', #1395, .T. ) ;
#4511 = ORIENTED_EDGE ( 'NONE', *, *, #8588, .F. ) ;
#4512 = ORIENTED_EDGE ( 'NONE', *, *, #3793, .T. ) ;
#4513 =( GEOMETRIC_REPRESENTATION_CONTEXT ( 3 ) GLOBAL_UNCERTAINTY_ASSIGNED_CONTEXT ( ( #8452 ) ) GLOBAL_UNIT_ASSIGNED_CONTEXT ( ( #772, #7418, #9729 ) ) REPRESENTATION_CONTEXT ( 'NONE', 'WORKASPACE' ) );
#4514 = PRESENTATION_LAYER_ASSIGNMENT (  '', '', ( #4464 ) ) ;
#4515 = FACE_OUTER_BOUND ( 'NONE', #6, .T. ) ;
#4516 = UNCERTAINTY_MEASURE_WITH_UNIT (LENGTH_MEASURE( 1.000000000000000100E-005 ), #7763, 'distance_accuracy_value', 'NONE');
#4517 = CIRCLE ( 'NONE', #2248, 2.299999999999999800 ) ;
#4518 = DIRECTION ( 'NONE',  ( -0.0000000000000000000, 1.000000000000000000, -0.0000000000000000000 ) ) ;
#4519 = ADVANCED_FACE ( 'NONE', ( #2393 ), #236, .F. ) ;
#4520 = ORIENTED_EDGE ( 'NONE', *, *, #936, .T. ) ;
#4521 = VECTOR ( 'NONE', #7335, 1000.000000000000000 ) ;
#4522 = DIRECTION ( 'NONE',  ( 0.0000000000000000000, 0.0000000000000000000, 1.000000000000000000 ) ) ;
#4523 = DIRECTION ( 'NONE',  ( 0.0000000000000000000, 0.0000000000000000000, -1.000000000000000000 ) ) ;
#4524 = VERTEX_POINT ( 'NONE', #2607 ) ;
#4525 = VERTEX_POINT ( 'NONE', #5838 ) ;
#4526 = VERTEX_POINT ( 'NONE', #8990 ) ;
#4527 = CARTESIAN_POINT ( 'NONE',  ( 16.72874093610813900, -15.07550534522242100, 47.50000000000000000 ) ) ;
#4528 = EDGE_CURVE ( 'NONE', #9620, #8935, #8977, .T. ) ;
#4529 = CARTESIAN_POINT ( 'NONE',  ( 15.05359323060814000, -14.15069333393208400, 46.50000000000000000 ) ) ;
#4530 = PRESENTATION_LAYER_ASSIGNMENT (  '', '', ( #1462 ) ) ;
#4531 = PLANE ( 'NONE',  #8733 ) ;
#4532 = PRESENTATION_STYLE_ASSIGNMENT (( #4543 ) ) ;
#4534 = EDGE_CURVE ( 'NONE', #2819, #9763, #1744, .T. ) ;
#4533 = CARTESIAN_POINT ( 'NONE',  ( 16.74999999999983300, 15.50000000000016000, -2.266821225221747900E-017 ) ) ;
#4535 = EDGE_CURVE ( 'NONE', #161, #4751, #10001, .T. ) ;
#4537 = DIRECTION ( 'NONE',  ( -1.000000000000000000, 0.0000000000000000000, 0.0000000000000000000 ) ) ;
#4536 = CARTESIAN_POINT ( 'NONE',  ( -14.19999999999898000, -15.50000000000102100, 46.50000000000000000 ) ) ;
#4538 = EDGE_LOOP ( 'NONE', ( #10316, #9536, #6056, #4864 ) ) ;
#4539 = MECHANICAL_DESIGN_GEOMETRIC_PRESENTATION_REPRESENTATION (  '', ( #9549 ), #5066 ) ;
#4540 = ORIENTED_EDGE ( 'NONE', *, *, #4352, .T. ) ;
#4542 = SPHERICAL_SURFACE ( 'NONE', #3059, 0.5000000000000000000 ) ;
#4541 = CARTESIAN_POINT ( 'NONE',  ( 2.603880904858910200, -21.25000000000000700, 0.0000000000000000000 ) ) ;
#4543 = SURFACE_STYLE_USAGE ( .BOTH. , #6246 ) ;
#4544 = ORIENTED_EDGE ( 'NONE', *, *, #9227, .T. ) ;
#4545 = VERTEX_POINT ( 'NONE', #6630 ) ;
#4546 = AXIS2_PLACEMENT_3D ( 'NONE', #8959, #1024, #8191 ) ;
#4547 = EDGE_LOOP ( 'NONE', ( #5391, #1022, #2412, #9954 ) ) ;
#4548 = VERTEX_POINT ( 'NONE', #4232 ) ;
#4549 = EDGE_CURVE ( 'NONE', #5835, #9135, #4991, .T. ) ;
#4550 = EDGE_CURVE ( 'NONE', #5005, #9805, #769, .T. ) ;
#4551 = FACE_OUTER_BOUND ( 'NONE', #1567, .T. ) ;
#4552 = ORIENTED_EDGE ( 'NONE', *, *, #3635, .T. ) ;
#4553 = PLANE ( 'NONE',  #4273 ) ;
#4554 = SURFACE_STYLE_FILL_AREA ( #2018 ) ;
#4555 = CARTESIAN_POINT ( 'NONE',  ( -15.50000000000016500, 15.49999999999897500, 47.50000000000000000 ) ) ;
#4556 = ORIENTED_EDGE ( 'NONE', *, *, #4270, .F. ) ;
#4557 = SURFACE_STYLE_USAGE ( .BOTH. , #532 ) ;
#4558 = PRESENTATION_STYLE_ASSIGNMENT (( #2357 ) ) ;
#4559 = AXIS2_PLACEMENT_3D ( 'NONE', #246, #4244, #1917 ) ;
#4560 = CYLINDRICAL_SURFACE ( 'NONE', #9947, 1.249999999999999300 ) ;
#4561 = DIRECTION ( 'NONE',  ( -0.0000000000000000000, -0.0000000000000000000, -1.000000000000000000 ) ) ;
#4562 = EDGE_LOOP ( 'NONE', ( #3799, #806, #2625, #7539 ) ) ;
#4563 = AXIS2_PLACEMENT_3D ( 'NONE', #335, #9101, #7496 ) ;
#4564 = EDGE_CURVE ( 'NONE', #7108, #3817, #3991, .T. ) ;
#4565 = CARTESIAN_POINT ( 'NONE',  ( -3.599999999999998300, -21.15000000000000600, 44.50000000000000000 ) ) ;
#4566 = CARTESIAN_POINT ( 'NONE',  ( 21.00355339059327200, 17.29644660940672200, 38.00000000000000000 ) ) ;
#4567 = ORIENTED_EDGE ( 'NONE', *, *, #9477, .F. ) ;
#4568 = CARTESIAN_POINT ( 'NONE',  ( 20.65000000000000200, -16.94289321881343100, 47.50000000000000000 ) ) ;
#4569 = VECTOR ( 'NONE', #3551, 1000.000000000000000 ) ;
#4571 = CARTESIAN_POINT ( 'NONE',  ( -20.64999999999999500, -16.94289321881344500, 47.50000000000000000 ) ) ;
#4570 = CARTESIAN_POINT ( 'NONE',  ( 0.0000000000000000000, 0.0000000000000000000, 46.50000000000000000 ) ) ;
#4572 = FACE_OUTER_BOUND ( 'NONE', #4437, .T. ) ;
#4573 = ADVANCED_FACE ( 'NONE', ( #10113 ), #5025, .F. ) ;
#4574 = DIRECTION ( 'NONE',  ( 0.0000000000000000000, 0.0000000000000000000, 1.000000000000000000 ) ) ;
#4575 = CARTESIAN_POINT ( 'NONE',  ( 15.94640676939200000, -14.15069333393209000, 46.50000000000000000 ) ) ;
#4576 = ORIENTED_EDGE ( 'NONE', *, *, #3697, .F. ) ;
#4577 = ORIENTED_EDGE ( 'NONE', *, *, #345, .F. ) ;
#4578 = STYLED_ITEM ( 'NONE', ( #10002 ), #1601 ) ;
#4579 = AXIS2_PLACEMENT_3D ( 'NONE', #5155, #1260, #6808 ) ;
#4580 = FILL_AREA_STYLE_COLOUR ( '', #2023 ) ;
#4581 = CARTESIAN_POINT ( 'NONE',  ( 21.16000000000000000, 0.0000000000000000000, 5.999999999999998200 ) ) ;
#4582 = CIRCLE ( 'NONE', #9471, 1.300000000000000700 ) ;
#4583 = ORIENTED_EDGE ( 'NONE', *, *, #7732, .T. ) ;
#4584 = ORIENTED_EDGE ( 'NONE', *, *, #2474, .T. ) ;
#4585 = CARTESIAN_POINT ( 'NONE',  ( -20.64999999999999500, 17.14999999999999500, 0.0000000000000000000 ) ) ;
#4586 = FACE_OUTER_BOUND ( 'NONE', #7403, .T. ) ;
#4587 = FILL_AREA_STYLE_COLOUR ( '', #3839 ) ;
#4588 = CARTESIAN_POINT ( 'NONE',  ( -15.50000000000016500, 15.49999999999897500, 46.50000000000000000 ) ) ;
#4589 = CARTESIAN_POINT ( 'NONE',  ( 0.0000000000000000000, 0.0000000000000000000, 5.999999999999998200 ) ) ;
#4590 = PRESENTATION_LAYER_ASSIGNMENT (  '', '', ( #2397 ) ) ;
#4591 = CARTESIAN_POINT ( 'NONE',  ( 15.94640676939200000, -14.19326395785819300, 47.49756013713617600 ) ) ;
#4592 = ORIENTED_EDGE ( 'NONE', *, *, #8004, .F. ) ;
#4593 = CIRCLE ( 'NONE', #778, 25.00000000000000000 ) ;
#4594 = CIRCLE ( 'NONE', #9496, 25.00000000000000000 ) ;
#4595 = FILL_AREA_STYLE_COLOUR ( '', #630 ) ;
#4596 = CARTESIAN_POINT ( 'NONE',  ( 16.78307522795900700, -15.92449465477577200, 47.50000000000000000 ) ) ;
#4597 =( NAMED_UNIT ( * ) PLANE_ANGLE_UNIT ( ) SI_UNIT ( $, .RADIAN. ) );
#4598 = FILL_AREA_STYLE ('',( #7768 ) ) ;
#4599 = MECHANICAL_DESIGN_GEOMETRIC_PRESENTATION_REPRESENTATION (  '', ( #6397 ), #8539 ) ;
#4600 = CARTESIAN_POINT ( 'NONE',  ( 20.65000000000000200, -16.94289321881342400, 47.50000000000000000 ) ) ;
#4601 = EDGE_CURVE ( 'NONE', #727, #8300, #1627, .T. ) ;
#4602 =( NAMED_UNIT ( * ) SI_UNIT ( $, .STERADIAN. ) SOLID_ANGLE_UNIT ( ) );
#4603 = MECHANICAL_DESIGN_GEOMETRIC_PRESENTATION_REPRESENTATION (  '', ( #6543 ), #5683 ) ;
#4604 = CARTESIAN_POINT ( 'NONE',  ( 1.379851512413568000, -39.15000000000000600, 42.95165094913121400 ) ) ;
#4605 = DIRECTION ( 'NONE',  ( 1.000000000000000000, 0.0000000000000000000, 0.0000000000000000000 ) ) ;
#4606 = CARTESIAN_POINT ( 'NONE',  ( 15.49999999999983700, 15.50000000000016000, 0.0000000000000000000 ) ) ;
#4607 = VERTEX_POINT ( 'NONE', #3338 ) ;
#4608 = VERTEX_POINT ( 'NONE', #3370 ) ;
#4609 = VECTOR ( 'NONE', #717, 1000.000000000000000 ) ;
#4610 = EDGE_CURVE ( 'NONE', #223, #3204, #5747, .T. ) ;
#4611 = EDGE_CURVE ( 'NONE', #4608, #6899, #3641, .T. ) ;
#4612 = DIRECTION ( 'NONE',  ( -1.000000000000000000, 0.0000000000000000000, 0.0000000000000000000 ) ) ;
#4613 = CARTESIAN_POINT ( 'NONE',  ( 17.79999999999983700, 15.50000000000016000, 47.50000000000000000 ) ) ;
#4614 = ORIENTED_EDGE ( 'NONE', *, *, #5262, .F. ) ;
#4615 =( LENGTH_UNIT ( ) NAMED_UNIT ( * ) SI_UNIT ( .MILLI., .METRE. ) );
#4616 = EDGE_LOOP ( 'NONE', ( #894, #7248, #6085, #5614 ) ) ;
#4617 = FACE_OUTER_BOUND ( 'NONE', #6382, .T. ) ;
#4618 = COLOUR_RGB ( '',0.2509803921568627400, 0.2509803921568627400, 0.2509803921568627400 ) ;
#4619 = PLANE ( 'NONE',  #9543 ) ;
#4620 = FACE_OUTER_BOUND ( 'NONE', #6207, .T. ) ;
#4621 = FILL_AREA_STYLE ('',( #6210 ) ) ;
#4622 = DIRECTION ( 'NONE',  ( 0.0000000000000000000, 0.0000000000000000000, 1.000000000000000000 ) ) ;
#4623 = ORIENTED_EDGE ( 'NONE', *, *, #913, .F. ) ;
#4625 = DIRECTION ( 'NONE',  ( 0.0000000000000000000, 0.0000000000000000000, -1.000000000000000000 ) ) ;
#4624 = CARTESIAN_POINT ( 'NONE',  ( 0.0000000000000000000, 0.0000000000000000000, 7.999999999999992900 ) ) ;
#4626 = AXIS2_PLACEMENT_3D ( 'NONE', #5243, #490, #6051 ) ;
#4627 = AXIS2_PLACEMENT_3D ( 'NONE', #3419, #9046, #271 ) ;
#4628 = CIRCLE ( 'NONE', #3514, 0.5787973969144516500 ) ;
#4629 = SURFACE_STYLE_FILL_AREA ( #7790 ) ;
#4630 = SURFACE_STYLE_USAGE ( .BOTH. , #7832 ) ;
#4631 = ORIENTED_EDGE ( 'NONE', *, *, #6332, .F. ) ;
#4632 = ORIENTED_EDGE ( 'NONE', *, *, #265, .F. ) ;
#4633 = CARTESIAN_POINT ( 'NONE',  ( -14.27125906389278500, 15.92449465477564100, 47.50000000000000000 ) ) ;
#4634 = EDGE_LOOP ( 'NONE', ( #5645, #6781 ) ) ;
#4635 = DIRECTION ( 'NONE',  ( 2.775557561562888800E-014, -6.938893903907222100E-015, 1.000000000000000000 ) ) ;
#4636 = UNCERTAINTY_MEASURE_WITH_UNIT (LENGTH_MEASURE( 1.000000000000000100E-005 ), #9251, 'distance_accuracy_value', 'NONE');
#4637 = CARTESIAN_POINT ( 'NONE',  ( -21.14999999999999500, -17.14999999999998800, 38.00000000000000000 ) ) ;
#4638 = ORIENTED_EDGE ( 'NONE', *, *, #4227, .T. ) ;
#4639 = AXIS2_PLACEMENT_3D ( 'NONE', #403, #2734, #5897 ) ;
#4640 = MECHANICAL_DESIGN_GEOMETRIC_PRESENTATION_REPRESENTATION (  '', ( #392 ), #899 ) ;
#4641 = ORIENTED_EDGE ( 'NONE', *, *, #9733, .F. ) ;
#4642 = EDGE_LOOP ( 'NONE', ( #2100, #2766, #9066, #1413, #284 ) ) ;
#4643 = CARTESIAN_POINT ( 'NONE',  ( 15.07550534522235500, 16.76498005845824200, 47.49955985394395000 ) ) ;
#4644 = DIRECTION ( 'NONE',  ( 0.0000000000000000000, 0.0000000000000000000, -1.000000000000000000 ) ) ;
#4645 = DIRECTION ( 'NONE',  ( 1.000000000000000000, 0.0000000000000000000, 0.0000000000000000000 ) ) ;
#4646 = CARTESIAN_POINT ( 'NONE',  ( 1.379851512413564600, -39.15000000000000600, 41.54834905086877900 ) ) ;
#4647 = EDGE_LOOP ( 'NONE', ( #3198, #797, #4735, #3763, #10120, #3079 ) ) ;
#4648 = VECTOR ( 'NONE', #4944, 1000.000000000000000 ) ;
#4649 = EDGE_CURVE ( 'NONE', #1132, #8229, #3511, .T. ) ;
#4650 = VERTEX_POINT ( 'NONE', #8225 ) ;
#4651 = ORIENTED_EDGE ( 'NONE', *, *, #6218, .T. ) ;
#4652 = DIRECTION ( 'NONE',  ( -1.000000000000000000, 1.021640353097896100E-014, -0.0000000000000000000 ) ) ;
#4653 = CARTESIAN_POINT ( 'NONE',  ( 0.1346328369071442000, 2.000000000000000000, -24.00000000000002100 ) ) ;
#4654 = AXIS2_PLACEMENT_3D ( 'NONE', #5312, #517, #8540 ) ;
#4655 = PRESENTATION_STYLE_ASSIGNMENT (( #4390 ) ) ;
#4656 = CARTESIAN_POINT ( 'NONE',  ( -15.50000000000016500, 15.49999999999897500, 47.50000000000000000 ) ) ;
#4657 =( LENGTH_UNIT ( ) NAMED_UNIT ( * ) SI_UNIT ( .MILLI., .METRE. ) );
#4658 = EDGE_CURVE ( 'NONE', #2715, #1057, #9866, .T. ) ;
#4660 =( NAMED_UNIT ( * ) PLANE_ANGLE_UNIT ( ) SI_UNIT ( $, .RADIAN. ) );
#4659 =( NAMED_UNIT ( * ) PLANE_ANGLE_UNIT ( ) SI_UNIT ( $, .RADIAN. ) );
#4661 = ORIENTED_EDGE ( 'NONE', *, *, #1960, .F. ) ;
#4662 = AXIS2_PLACEMENT_3D ( 'NONE', #5439, #675, #6339 ) ;
#4663 = ADVANCED_FACE ( 'NONE', ( #6126 ), #9354, .T. ) ;
#4664 = EDGE_LOOP ( 'NONE', ( #2277, #811, #2400, #4298 ) ) ;
#4665 = PLANE ( 'NONE',  #2524 ) ;
#4666 =( NAMED_UNIT ( * ) SI_UNIT ( $, .STERADIAN. ) SOLID_ANGLE_UNIT ( ) );
#4667 = ORIENTED_EDGE ( 'NONE', *, *, #6014, .T. ) ;
#4668 = ORIENTED_EDGE ( 'NONE', *, *, #7876, .T. ) ;
#4669 = CARTESIAN_POINT ( 'NONE',  ( 19.00000000000079900, -15.49999999999983700, 48.00000000000000000 ) ) ;
#4670 = CARTESIAN_POINT ( 'NONE',  ( -17.14999999999997700, -21.15000000000000600, 0.5000000000000004400 ) ) ;
#4671 = VERTEX_POINT ( 'NONE', #1097 ) ;
#4672 = FILL_AREA_STYLE ('',( #3908 ) ) ;
#4673 = MECHANICAL_DESIGN_GEOMETRIC_PRESENTATION_REPRESENTATION (  '', ( #8001 ), #5354 ) ;
#4674 = EDGE_CURVE ( 'NONE', #3454, #2501, #9851, .T. ) ;
#4675 = EDGE_CURVE ( 'NONE', #7497, #8048, #9093, .T. ) ;
#4676 = EDGE_LOOP ( 'NONE', ( #2508, #5813 ) ) ;
#4677 = ADVANCED_FACE ( 'NONE', ( #3972 ), #3504, .T. ) ;
#4678 = VECTOR ( 'NONE', #7578, 1000.000000000000000 ) ;
#4679 = EDGE_LOOP ( 'NONE', ( #6901, #6489, #7180, #7399 ) ) ;
#4680 = CARTESIAN_POINT ( 'NONE',  ( 14.15069333393202700, 15.50000000000016200, 47.49878368663153300 ) ) ;
#4681 = FACE_OUTER_BOUND ( 'NONE', #2492, .T. ) ;
#4682 = ORIENTED_EDGE ( 'NONE', *, *, #3743, .F. ) ;
#4683 =( GEOMETRIC_REPRESENTATION_CONTEXT ( 3 ) GLOBAL_UNCERTAINTY_ASSIGNED_CONTEXT ( ( #5601 ) ) GLOBAL_UNIT_ASSIGNED_CONTEXT ( ( #1412, #6820, #10189 ) ) REPRESENTATION_CONTEXT ( 'NONE', 'WORKASPACE' ) );
#4684 =( NAMED_UNIT ( * ) SI_UNIT ( $, .STERADIAN. ) SOLID_ANGLE_UNIT ( ) );
#4685 = SURFACE_STYLE_FILL_AREA ( #1887 ) ;
#4686 = AXIS2_PLACEMENT_3D ( 'NONE', #8572, #10245, #6185 ) ;
#4687 = B_SPLINE_CURVE_WITH_KNOTS ( 'NONE', 3,
 ( #9048, #3518, #8389, #2835 ),
 .UNSPECIFIED., .F., .F.,
 ( 4, 4 ),
 ( 0.0000000000000000000, 0.0002154103325660310000 ),
 .UNSPECIFIED. ) ;
#4688 = EDGE_CURVE ( 'NONE', #7644, #6767, #5852, .T. ) ;
#4689 = CARTESIAN_POINT ( 'NONE',  ( -21.00355339059326800, -17.29644660940671500, 47.50000000000000000 ) ) ;
#4690 = DIRECTION ( 'NONE',  ( 1.000000000000000000, 0.0000000000000000000, 0.0000000000000000000 ) ) ;
#4691 = ORIENTED_EDGE ( 'NONE', *, *, #3284, .F. ) ;
#4692 = CARTESIAN_POINT ( 'NONE',  ( -16.94289321881343100, 20.64999999999999900, 10.00000000000000000 ) ) ;
#4693 = ORIENTED_EDGE ( 'NONE', *, *, #6661, .T. ) ;
#4695 = DIRECTION ( 'NONE',  ( -3.034740832678112900E-015, 1.000000000000000000, 0.0000000000000000000 ) ) ;
#4694 = CARTESIAN_POINT ( 'NONE',  ( 15.92449465477569200, 15.05359323060817500, 46.50000000000000000 ) ) ;
#4696 = ORIENTED_EDGE ( 'NONE', *, *, #8729, .T. ) ;
#4697 = VECTOR ( 'NONE', #6239, 1000.000000000000000 ) ;
#4698 = DIRECTION ( 'NONE',  ( 8.293480927668333700E-015, 1.000000000000000000, 0.0000000000000000000 ) ) ;
#4699 = DIRECTION ( 'NONE',  ( 1.000000000000000000, 1.875757943018545800E-015, 0.0000000000000000000 ) ) ;
#4700 = ORIENTED_EDGE ( 'NONE', *, *, #8544, .T. ) ;
#4701 = AXIS2_PLACEMENT_3D ( 'NONE', #6327, #2367, #4645 ) ;
#4702 = AXIS2_PLACEMENT_3D ( 'NONE', #2497, #6428, #8061 ) ;
#4703 = DIRECTION ( 'NONE',  ( 0.0000000000000000000, 0.0000000000000000000, 1.000000000000000000 ) ) ;
#4704 = ORIENTED_EDGE ( 'NONE', *, *, #5064, .T. ) ;
#4705 = SURFACE_STYLE_FILL_AREA ( #6132 ) ;
#4706 = COLOUR_RGB ( '',0.2509803921568627400, 0.2509803921568627400, 0.2509803921568627400 ) ;
#4707 = ADVANCED_FACE ( 'NONE', ( #5607 ), #2627, .F. ) ;
#4709 = LINE ( 'NONE', #9345, #1851 ) ;
#4708 = CARTESIAN_POINT ( 'NONE',  ( 14.15069333393202700, 15.64880225646412100, 47.49878368663153300 ) ) ;
#4710 = DIRECTION ( 'NONE',  ( -2.488044278300495100E-014, -1.000000000000000000, 0.0000000000000000000 ) ) ;
#4711 = CARTESIAN_POINT ( 'NONE',  ( -14.24999999999999600, 15.50000000000000000, 4.500000000000000900 ) ) ;
#4712 = AXIS2_PLACEMENT_3D ( 'NONE', #4963, #5730, #963 ) ;
#4713 = EDGE_CURVE ( 'NONE', #1057, #1045, #2994, .T. ) ;
#4714 = EDGE_CURVE ( 'NONE', #833, #1261, #6461, .T. ) ;
#4715 = MECHANICAL_DESIGN_GEOMETRIC_PRESENTATION_REPRESENTATION (  '', ( #10268 ), #987 ) ;
#4716 = DIRECTION ( 'NONE',  ( -0.0000000000000000000, -0.0000000000000000000, -1.000000000000000000 ) ) ;
#4717 = CARTESIAN_POINT ( 'NONE',  ( 16.94289321881345600, 21.14999999999999900, 0.5000000000000004400 ) ) ;
#4718 = LINE ( 'NONE', #9826, #9596 ) ;
#4719 = FACE_OUTER_BOUND ( 'NONE', #5062, .T. ) ;
#4720 = ADVANCED_FACE ( 'NONE', ( #519 ), #5945, .T. ) ;
#4721 = CARTESIAN_POINT ( 'NONE',  ( 0.0000000000000000000, 0.0000000000000000000, 6.000000000000000000 ) ) ;
#4722 = CIRCLE ( 'NONE', #5923, 2.299999999999999800 ) ;
#4724 = PLANE ( 'NONE',  #7841 ) ;
#4723 = CARTESIAN_POINT ( 'NONE',  ( 0.0000000000000000000, 0.0000000000000000000, -1.500000000000000000 ) ) ;
#4725 = AXIS2_PLACEMENT_3D ( 'NONE', #8920, #947, #7427 ) ;
#4726 = DIRECTION ( 'NONE',  ( -1.000000000000000000, -0.0000000000000000000, -0.0000000000000000000 ) ) ;
#4727 = EDGE_CURVE ( 'NONE', #7055, #5301, #4836, .T. ) ;
#4728 = ORIENTED_EDGE ( 'NONE', *, *, #8938, .F. ) ;
#4729 = EDGE_CURVE ( 'NONE', #7311, #525, #9597, .T. ) ;
#4730 = AXIS2_PLACEMENT_3D ( 'NONE', #2837, #8391, #10096 ) ;
#4731 = DIRECTION ( 'NONE',  ( -0.0000000000000000000, -0.0000000000000000000, -1.000000000000000000 ) ) ;
#4732 = UNCERTAINTY_MEASURE_WITH_UNIT (LENGTH_MEASURE( 1.000000000000000100E-005 ), #7282, 'distance_accuracy_value', 'NONE');
#4733 = CARTESIAN_POINT ( 'NONE',  ( 16.94289321881343100, -20.65000000000000600, 47.50000000000000000 ) ) ;
#4734 = VECTOR ( 'NONE', #4625, 1000.000000000000000 ) ;
#4735 = ORIENTED_EDGE ( 'NONE', *, *, #9498, .T. ) ;
#4736 = VECTOR ( 'NONE', #6750, 1000.000000000000000 ) ;
#4737 = STYLED_ITEM ( 'NONE', ( #1969 ), #5722 ) ;
#4738 = COLOUR_RGB ( '',0.2509803921568627400, 0.2509803921568627400, 0.2509803921568627400 ) ;
#4739 = CYLINDRICAL_SURFACE ( 'NONE', #941, 0.5000000000000004400 ) ;
#4740 = EDGE_CURVE ( 'NONE', #2825, #9541, #2137, .T. ) ;
#4741 = CARTESIAN_POINT ( 'NONE',  ( 17.29644660940672600, -21.00355339059328200, 8.000000000000000000 ) ) ;
#4742 = CYLINDRICAL_SURFACE ( 'NONE', #7296, 0.5000000000000004400 ) ;
#4743 = DIRECTION ( 'NONE',  ( 1.000000000000000000, 0.0000000000000000000, 0.0000000000000000000 ) ) ;
#4744 = DIRECTION ( 'NONE',  ( 1.000000000000000000, -0.0000000000000000000, 1.387778780781444300E-014 ) ) ;
#4745 = ORIENTED_EDGE ( 'NONE', *, *, #2678, .T. ) ;
#4746 = ORIENTED_EDGE ( 'NONE', *, *, #5944, .F. ) ;
#4747 = FACE_OUTER_BOUND ( 'NONE', #8922, .T. ) ;
#4748 = CARTESIAN_POINT ( 'NONE',  ( -15.07550534522246000, -14.21692477204106100, 46.50000000000000000 ) ) ;
#4749 = B_SPLINE_CURVE_WITH_KNOTS ( 'NONE', 3,
 ( #3077, #8590, #6235, #3850, #1496, #9479, #4653, #5470 ),
 .UNSPECIFIED., .F., .F.,
 ( 4, 2, 2, 4 ),
 ( 0.0000000000000000000, 0.0007972752717058464700, 0.001195912907558769800, 0.001594550543411692900 ),
 .UNSPECIFIED. ) ;
#4750 = VECTOR ( 'NONE', #3187, 1000.000000000000000 ) ;
#4751 = VERTEX_POINT ( 'NONE', #6083 ) ;
#4752 = FILL_AREA_STYLE_COLOUR ( '', #5149 ) ;
#4753 = VECTOR ( 'NONE', #6839, 1000.000000000000000 ) ;
#4754 = COLOUR_RGB ( '',0.2509803921568627400, 0.2509803921568627400, 0.2509803921568627400 ) ;
#4755 = DIRECTION ( 'NONE',  ( 0.0000000000000000000, 0.0000000000000000000, 1.000000000000000000 ) ) ;
#4756 = CARTESIAN_POINT ( 'NONE',  ( -14.21692477204121700, 15.07550534522231100, 47.49867441544049000 ) ) ;
#4757 = ORIENTED_EDGE ( 'NONE', *, *, #1354, .F. ) ;
#4758 = ORIENTED_EDGE ( 'NONE', *, *, #6330, .F. ) ;
#4759 = CARTESIAN_POINT ( 'NONE',  ( 15.92449465477569600, 15.94640676939203600, 46.50000000000000000 ) ) ;
#4760 = EDGE_LOOP ( 'NONE', ( #9441, #3786, #1406, #9501, #1956, #4584, #6408, #6560 ) ) ;
#4761 =( GEOMETRIC_REPRESENTATION_CONTEXT ( 3 ) GLOBAL_UNCERTAINTY_ASSIGNED_CONTEXT ( ( #6436 ) ) GLOBAL_UNIT_ASSIGNED_CONTEXT ( ( #6691, #3381, #1919 ) ) REPRESENTATION_CONTEXT ( 'NONE', 'WORKASPACE' ) );
#4762 = PRESENTATION_LAYER_ASSIGNMENT (  '', '', ( #8512 ) ) ;
#4763 = FACE_OUTER_BOUND ( 'NONE', #6478, .T. ) ;
#4764 = ADVANCED_FACE ( 'NONE', ( #859 ), #6918, .T. ) ;
#4765 = CARTESIAN_POINT ( 'NONE',  ( -17.80000000000016400, 15.49999999999897500, 46.50000000000000000 ) ) ;
#4766 = CARTESIAN_POINT ( 'NONE',  ( 15.49999999999983700, 15.50000000000016000, 47.50000000000000000 ) ) ;
#4767 = CARTESIAN_POINT ( 'NONE',  ( 16.72874093610865000, -15.92449465477577200, 47.50000000000000000 ) ) ;
#4768 = ORIENTED_EDGE ( 'NONE', *, *, #1481, .T. ) ;
#4769 = SURFACE_SIDE_STYLE ('',( #8667 ) ) ;
#4770 = CIRCLE ( 'NONE', #5596, 0.5000000000000004400 ) ;
#4771 = ORIENTED_EDGE ( 'NONE', *, *, #1872, .F. ) ;
#4772 = SURFACE_STYLE_FILL_AREA ( #9013 ) ;
#4773 = ADVANCED_FACE ( 'NONE', ( #122 ), #1372, .T. ) ;
#4774 = AXIS2_PLACEMENT_3D ( 'NONE', #482, #9324, #8370 ) ;
#4775 = FACE_BOUND ( 'NONE', #6196, .T. ) ;
#4776 = UNCERTAINTY_MEASURE_WITH_UNIT (LENGTH_MEASURE( 1.000000000000000100E-005 ), #2002, 'distance_accuracy_value', 'NONE');
#4777 = ORIENTED_EDGE ( 'NONE', *, *, #10286, .F. ) ;
#4778 = ORIENTED_EDGE ( 'NONE', *, *, #6139, .T. ) ;
#4779 = TOROIDAL_SURFACE ( 'NONE', #9347, 1.300000000000000000, 1.000000000000000000 ) ;
#4780 = ORIENTED_EDGE ( 'NONE', *, *, #1559, .F. ) ;
#4781 = CARTESIAN_POINT ( 'NONE',  ( 15.94640676939198100, -16.72095085742282100, 47.50000000000000000 ) ) ;
#4782 = ORIENTED_EDGE ( 'NONE', *, *, #7211, .T. ) ;
#4783 = CARTESIAN_POINT ( 'NONE',  ( 16.94289321881344200, -20.65000000000000200, 47.50000000000000000 ) ) ;
#4784 = VERTEX_POINT ( 'NONE', #10060 ) ;
#4785 =( NAMED_UNIT ( * ) PLANE_ANGLE_UNIT ( ) SI_UNIT ( $, .RADIAN. ) );
#4786 = ORIENTED_EDGE ( 'NONE', *, *, #3997, .F. ) ;
#4787 = CARTESIAN_POINT ( 'NONE',  ( 15.49999999999983700, 15.50000000000016000, 46.50000000000000000 ) ) ;
#4788 =( GEOMETRIC_REPRESENTATION_CONTEXT ( 3 ) GLOBAL_UNCERTAINTY_ASSIGNED_CONTEXT ( ( #1584 ) ) GLOBAL_UNIT_ASSIGNED_CONTEXT ( ( #3040, #2302, #2337 ) ) REPRESENTATION_CONTEXT ( 'NONE', 'WORKASPACE' ) );
#4789 = COLOUR_RGB ( '',0.2509803921568627400, 0.2509803921568627400, 0.2509803921568627400 ) ;
#4790 = ORIENTED_EDGE ( 'NONE', *, *, #999, .T. ) ;
#4791 = CARTESIAN_POINT ( 'NONE',  ( 2.603880904858910200, -21.25000000000000700, 0.0000000000000000000 ) ) ;
#4792 = EDGE_CURVE ( 'NONE', #4054, #7838, #8962, .T. ) ;
#4793 = LINE ( 'NONE', #5485, #1676 ) ;
#4795 = DIRECTION ( 'NONE',  ( 0.0000000000000000000, 0.0000000000000000000, -1.000000000000000000 ) ) ;
#4794 = CARTESIAN_POINT ( 'NONE',  ( 21.16000000000000000, -13.31369220013742300, 5.999999999999998200 ) ) ;
#4796 = CARTESIAN_POINT ( 'NONE',  ( 18.50000000000079900, -15.49999999999983700, 47.50000000000000000 ) ) ;
#4797 = PRESENTATION_LAYER_ASSIGNMENT (  '', '', ( #6543 ) ) ;
#4798 = LINE ( 'NONE', #4362, #10167 ) ;
#4799 = EDGE_LOOP ( 'NONE', ( #10271, #8592, #5084, #8779, #1770 ) ) ;
#4800 = LINE ( 'NONE', #2172, #9047 ) ;
#4801 = ORIENTED_EDGE ( 'NONE', *, *, #2547, .F. ) ;
#4802 = DIRECTION ( 'NONE',  ( 0.0000000000000000000, 0.0000000000000000000, 1.000000000000000000 ) ) ;
#4803 = DIRECTION ( 'NONE',  ( 0.0000000000000000000, 1.000000000000000000, 6.938893903907221300E-015 ) ) ;
#4804 = DIRECTION ( 'NONE',  ( 1.000000000000000000, 0.0000000000000000000, 0.0000000000000000000 ) ) ;
#4805 = PRESENTATION_LAYER_ASSIGNMENT (  '', '', ( #5007 ) ) ;
#4806 = FACE_OUTER_BOUND ( 'NONE', #4060, .T. ) ;
#4807 = EDGE_CURVE ( 'NONE', #10026, #3023, #8077, .T. ) ;
#4808 = EDGE_CURVE ( 'NONE', #3700, #9777, #6230, .T. ) ;
#4809 = ORIENTED_EDGE ( 'NONE', *, *, #6330, .T. ) ;
#4810 = VERTEX_POINT ( 'NONE', #1274 ) ;
#4811 = ADVANCED_FACE ( 'NONE', ( #2247 ), #8478, .T. ) ;
#4812 = FACE_OUTER_BOUND ( 'NONE', #10030, .T. ) ;
#4813 = DIRECTION ( 'NONE',  ( 1.000000000000000000, 0.0000000000000000000, -0.0000000000000000000 ) ) ;
#4814 = PLANE ( 'NONE',  #2927 ) ;
#4815 = ORIENTED_EDGE ( 'NONE', *, *, #8808, .F. ) ;
#4816 = SURFACE_SIDE_STYLE ('',( #6195 ) ) ;
#4817 = ORIENTED_EDGE ( 'NONE', *, *, #4993, .T. ) ;
#4818 = UNCERTAINTY_MEASURE_WITH_UNIT (LENGTH_MEASURE( 1.000000000000000100E-005 ), #2048, 'distance_accuracy_value', 'NONE');
#4819 = AXIS2_PLACEMENT_3D ( 'NONE', #9492, #8608, #5553 ) ;
#4820 = B_SPLINE_CURVE_WITH_KNOTS ( 'NONE', 3,
 ( #8607, #9427, #4871, #4633 ),
 .UNSPECIFIED., .F., .F.,
 ( 4, 4 ),
 ( 0.0000000000000000000, 5.435045947768657700E-005 ),
 .UNSPECIFIED. ) ;
#4821 = CARTESIAN_POINT ( 'NONE',  ( 0.0000000000000000000, 0.0000000000000000000, 38.00000000000000000 ) ) ;
#4822 = DIRECTION ( 'NONE',  ( -0.0000000000000000000, -0.0000000000000000000, -1.000000000000000000 ) ) ;
#4823 = ADVANCED_FACE ( 'NONE', ( #3843 ), #3802, .F. ) ;
#4824 = FILL_AREA_STYLE ('',( #1602 ) ) ;
#4825 = FILL_AREA_STYLE ('',( #2446 ) ) ;
#4826 = EDGE_LOOP ( 'NONE', ( #9548, #9413, #2841, #4321 ) ) ;
#4827 = PLANE ( 'NONE',  #3300 ) ;
#4828 = VECTOR ( 'NONE', #6937, 1000.000000000000000 ) ;
#4829 =( GEOMETRIC_REPRESENTATION_CONTEXT ( 3 ) GLOBAL_UNCERTAINTY_ASSIGNED_CONTEXT ( ( #8887 ) ) GLOBAL_UNIT_ASSIGNED_CONTEXT ( ( #2515, #3570, #1091 ) ) REPRESENTATION_CONTEXT ( 'NONE', 'WORKASPACE' ) );
#4830 = AXIS2_PLACEMENT_3D ( 'NONE', #2567, #6452, #2523 ) ;
#4831 = SURFACE_STYLE_USAGE ( .BOTH. , #9594 ) ;
#4832 = CARTESIAN_POINT ( 'NONE',  ( 21.15000000000000200, -21.15000000000000200, 40.00000000000000000 ) ) ;
#4834 = CARTESIAN_POINT ( 'NONE',  ( 15.50000000000102000, -15.49999999999983700, 47.50000000000000000 ) ) ;
#4833 = DIRECTION ( 'NONE',  ( -1.000000000000000000, -0.0000000000000000000, -6.938893903907221300E-015 ) ) ;
#4835 = CIRCLE ( 'NONE', #886, 2.999999999999999100 ) ;
#4836 = LINE ( 'NONE', #4409, #6976 ) ;
#4837 = CARTESIAN_POINT ( 'NONE',  ( -15.49999999999999600, 15.50000000000000000, 4.500000000000000900 ) ) ;
#4838 = ORIENTED_EDGE ( 'NONE', *, *, #7016, .T. ) ;
#4839 = EDGE_CURVE ( 'NONE', #3918, #2784, #3373, .T. ) ;
#4840 = CARTESIAN_POINT ( 'NONE',  ( -15.05359323060823600, 15.07550534522231100, 46.50000000000000000 ) ) ;
#4841 = DIRECTION ( 'NONE',  ( -0.0000000000000000000, -1.000000000000000000, 0.0000000000000000000 ) ) ;
#4842 = DIRECTION ( 'NONE',  ( 0.7071067811865475700, 0.7071067811865475700, 1.962615573354717300E-014 ) ) ;
#4843 = AXIS2_PLACEMENT_3D ( 'NONE', #9421, #3859, #1504 ) ;
#4844 = ORIENTED_EDGE ( 'NONE', *, *, #262, .F. ) ;
#4845 = LINE ( 'NONE', #1731, #2386 ) ;
#4846 =( LENGTH_UNIT ( ) NAMED_UNIT ( * ) SI_UNIT ( .MILLI., .METRE. ) );
#4847 = EDGE_CURVE ( 'NONE', #2965, #2929, #6599, .T. ) ;
#4848 =( LENGTH_UNIT ( ) NAMED_UNIT ( * ) SI_UNIT ( .MILLI., .METRE. ) );
#4849 = SURFACE_STYLE_USAGE ( .BOTH. , #3987 ) ;
#4850 = DIRECTION ( 'NONE',  ( 0.0000000000000000000, 0.0000000000000000000, -1.000000000000000000 ) ) ;
#4851 = ORIENTED_EDGE ( 'NONE', *, *, #5395, .F. ) ;
#4852 = ORIENTED_EDGE ( 'NONE', *, *, #4714, .F. ) ;
#4853 = SURFACE_STYLE_FILL_AREA ( #6997 ) ;
#4854 = CARTESIAN_POINT ( 'NONE',  ( 21.14999999999999900, -13.32957238623955700, 99.84951795962939500 ) ) ;
#4855 = DIRECTION ( 'NONE',  ( -0.0000000000000000000, -0.0000000000000000000, 1.000000000000000000 ) ) ;
#4856 = AXIS2_PLACEMENT_3D ( 'NONE', #6447, #3093, #2514 ) ;
#4857 = LINE ( 'NONE', #3405, #5126 ) ;
#4858 = CARTESIAN_POINT ( 'NONE',  ( 14.15069333393202900, 15.94640676939204300, 46.50000000000000000 ) ) ;
#4859 = PRESENTATION_STYLE_ASSIGNMENT (( #6739 ) ) ;
#4860 = EDGE_CURVE ( 'NONE', #868, #2216, #252, .T. ) ;
#4861 = EDGE_CURVE ( 'NONE', #10183, #705, #3491, .T. ) ;
#4862 = VERTEX_POINT ( 'NONE', #2156 ) ;
#4863 =( GEOMETRIC_REPRESENTATION_CONTEXT ( 3 ) GLOBAL_UNCERTAINTY_ASSIGNED_CONTEXT ( ( #7315 ) ) GLOBAL_UNIT_ASSIGNED_CONTEXT ( ( #3613, #9849, #6677 ) ) REPRESENTATION_CONTEXT ( 'NONE', 'WORKASPACE' ) );
#4864 = ORIENTED_EDGE ( 'NONE', *, *, #547, .T. ) ;
#4865 = PRESENTATION_STYLE_ASSIGNMENT (( #1623 ) ) ;
#4866 = DIRECTION ( 'NONE',  ( 1.000000000000000000, 0.0000000000000000000, 0.0000000000000000000 ) ) ;
#4867 = CARTESIAN_POINT ( 'NONE',  ( 16.78307522795900700, -15.92449465477577200, 46.50000000000000000 ) ) ;
#4868 = CARTESIAN_POINT ( 'NONE',  ( -15.78089184510904300, -16.78307522795895300, 47.50000000000000000 ) ) ;
#4869 = VECTOR ( 'NONE', #5388, 1000.000000000000000 ) ;
#4870 = DIRECTION ( 'NONE',  ( -0.0000000000000000000, -0.0000000000000000000, -1.000000000000000000 ) ) ;
#4872 = SURFACE_STYLE_USAGE ( .BOTH. , #1818 ) ;
#4871 = CARTESIAN_POINT ( 'NONE',  ( -14.25314224406689000, 15.92449465477564100, 47.50000000000000000 ) ) ;
#4874 = ADVANCED_FACE ( 'NONE', ( #4719 ), #3866, .T. ) ;
#4873 = CIRCLE ( 'NONE', #3634, 1.299999999999999200 ) ;
#4875 = CARTESIAN_POINT ( 'NONE',  ( -3.496119095141088500, -21.25000000000000700, 0.0000000000000000000 ) ) ;
#4876 = ORIENTED_EDGE ( 'NONE', *, *, #1612, .F. ) ;
#4877 = ORIENTED_EDGE ( 'NONE', *, *, #1070, .T. ) ;
#4878 = PRESENTATION_LAYER_ASSIGNMENT (  '', '', ( #2233 ) ) ;
#4879 = VERTEX_POINT ( 'NONE', #4043 ) ;
#4880 = DIRECTION ( 'NONE',  ( 1.000000000000000000, 0.0000000000000000000, 0.0000000000000000000 ) ) ;
#4881 = PRESENTATION_STYLE_ASSIGNMENT (( #9057 ) ) ;
#4882 = EDGE_CURVE ( 'NONE', #466, #1967, #5096, .T. ) ;
#4883 = FILL_AREA_STYLE ('',( #7321 ) ) ;
#4884 = DIRECTION ( 'NONE',  ( 0.0000000000000000000, 0.0000000000000000000, 1.000000000000000000 ) ) ;
#4885 = ORIENTED_EDGE ( 'NONE', *, *, #3100, .T. ) ;
#4886 = ORIENTED_EDGE ( 'NONE', *, *, #3269, .T. ) ;
#4887 = B_SPLINE_CURVE_WITH_KNOTS ( 'NONE', 3,
 ( #5906, #6632, #4233, #7543 ),
 .UNSPECIFIED., .F., .F.,
 ( 4, 4 ),
 ( 0.0000000000000000000, 0.0002154103325711763300 ),
 .UNSPECIFIED. ) ;
#4888 = LINE ( 'NONE', #9379, #9271 ) ;
#4889 = FILL_AREA_STYLE_COLOUR ( '', #2991 ) ;
#4890 =( NAMED_UNIT ( * ) SI_UNIT ( $, .STERADIAN. ) SOLID_ANGLE_UNIT ( ) );
#4891 = PRESENTATION_STYLE_ASSIGNMENT (( #2510 ) ) ;
#4892 = DIRECTION ( 'NONE',  ( -1.000000000000000000, 0.0000000000000000000, 0.0000000000000000000 ) ) ;
#4893 = SURFACE_SIDE_STYLE ('',( #4091 ) ) ;
#4894 = LINE ( 'NONE', #3063, #2803 ) ;
#4895 = FILL_AREA_STYLE_COLOUR ( '', #8570 ) ;
#4896 = SPHERICAL_SURFACE ( 'NONE', #7482, 0.5000000000000000000 ) ;
#4897 =( LENGTH_UNIT ( ) NAMED_UNIT ( * ) SI_UNIT ( .MILLI., .METRE. ) );
#4898 = AXIS2_PLACEMENT_3D ( 'NONE', #1195, #8322, #8361 ) ;
#4899 = VERTEX_POINT ( 'NONE', #4669 ) ;
#4900 = CARTESIAN_POINT ( 'NONE',  ( 21.14999999999999900, -13.32957238623955700, 99.84951795962939500 ) ) ;
#4901 = ORIENTED_EDGE ( 'NONE', *, *, #5282, .T. ) ;
#4902 = VERTEX_POINT ( 'NONE', #7243 ) ;
#4903 = VECTOR ( 'NONE', #9908, 1000.000000000000000 ) ;
#4904 = CYLINDRICAL_SURFACE ( 'NONE', #8198, 0.5000000000000004400 ) ;
#4905 = DIRECTION ( 'NONE',  ( -0.0000000000000000000, -0.0000000000000000000, -1.000000000000000000 ) ) ;
#4906 = UNCERTAINTY_MEASURE_WITH_UNIT (LENGTH_MEASURE( 1.000000000000000100E-005 ), #6939, 'distance_accuracy_value', 'NONE');
#4907 = CARTESIAN_POINT ( 'NONE',  ( 15.94640676939200000, -14.15069333393209000, 46.50000000000000000 ) ) ;
#4908 = ORIENTED_EDGE ( 'NONE', *, *, #6466, .T. ) ;
#4909 = CARTESIAN_POINT ( 'NONE',  ( 15.49999999999983700, 15.50000000000016000, 47.50000000000000000 ) ) ;
#4911 =( NAMED_UNIT ( * ) PLANE_ANGLE_UNIT ( ) SI_UNIT ( $, .RADIAN. ) );
#4910 = DIRECTION ( 'NONE',  ( -0.0000000000000000000, -0.0000000000000000000, 1.000000000000000000 ) ) ;
#4912 = ORIENTED_EDGE ( 'NONE', *, *, #3428, .T. ) ;
#4913 = VECTOR ( 'NONE', #5181, 1000.000000000000000 ) ;
#4914 = ORIENTED_EDGE ( 'NONE', *, *, #74, .T. ) ;
#4915 = ORIENTED_EDGE ( 'NONE', *, *, #5955, .F. ) ;
#4916 = UNCERTAINTY_MEASURE_WITH_UNIT (LENGTH_MEASURE( 1.000000000000000100E-005 ), #3968, 'distance_accuracy_value', 'NONE');
#4917 = DIRECTION ( 'NONE',  ( 1.000000000000000000, 0.0000000000000000000, -0.0000000000000000000 ) ) ;
#4918 = CIRCLE ( 'NONE', #5798, 0.5787973969144516500 ) ;
#4919 = VERTEX_POINT ( 'NONE', #8003 ) ;
#4920 = DIRECTION ( 'NONE',  ( 0.0000000000000000000, 0.0000000000000000000, -1.000000000000000000 ) ) ;
#4921 = PRESENTATION_LAYER_ASSIGNMENT (  '', '', ( #8472 ) ) ;
#4922 =( NAMED_UNIT ( * ) SI_UNIT ( $, .STERADIAN. ) SOLID_ANGLE_UNIT ( ) );
#4923 = ORIENTED_EDGE ( 'NONE', *, *, #4993, .F. ) ;
#4924 = CARTESIAN_POINT ( 'NONE',  ( 16.84930666606603500, 15.94640676939203200, 46.50000000000000000 ) ) ;
#4925 = FACE_OUTER_BOUND ( 'NONE', #6282, .T. ) ;
#4926 = VECTOR ( 'NONE', #7912, 1000.000000000000000 ) ;
#4927 = VERTEX_POINT ( 'NONE', #3331 ) ;
#4928 = DIRECTION ( 'NONE',  ( 0.0000000000000000000, 1.000000000000000000, 0.0000000000000000000 ) ) ;
#4929 = DIRECTION ( 'NONE',  ( 1.000000000000000000, 0.0000000000000000000, 0.0000000000000000000 ) ) ;
#4930 = AXIS2_PLACEMENT_3D ( 'NONE', #6571, #4997, #7358 ) ;
#4931 =( NAMED_UNIT ( * ) PLANE_ANGLE_UNIT ( ) SI_UNIT ( $, .RADIAN. ) );
#4932 = ADVANCED_FACE ( 'NONE', ( #9717 ), #9627, .F. ) ;
#4933 = EDGE_CURVE ( 'NONE', #10230, #3815, #1852, .T. ) ;
#4934 = LINE ( 'NONE', #8701, #10063 ) ;
#4935 = EDGE_CURVE ( 'NONE', #1388, #7306, #9841, .T. ) ;
#4936 = ORIENTED_EDGE ( 'NONE', *, *, #6218, .F. ) ;
#4937 = FILL_AREA_STYLE ('',( #3351 ) ) ;
#4938 = SURFACE_STYLE_USAGE ( .BOTH. , #1107 ) ;
#4939 = MECHANICAL_DESIGN_GEOMETRIC_PRESENTATION_REPRESENTATION (  '', ( #6823 ), #3352 ) ;
#4940 = FACE_OUTER_BOUND ( 'NONE', #1830, .T. ) ;
#4941 = FILL_AREA_STYLE ('',( #935 ) ) ;
#4942 = VERTEX_POINT ( 'NONE', #7078 ) ;
#4943 = DIRECTION ( 'NONE',  ( 0.0000000000000000000, 0.0000000000000000000, -1.000000000000000000 ) ) ;
#4944 = DIRECTION ( 'NONE',  ( -1.000000000000000000, -0.0000000000000000000, -0.0000000000000000000 ) ) ;
#4945 = DIRECTION ( 'NONE',  ( -0.0000000000000000000, 1.000000000000000000, -0.0000000000000000000 ) ) ;
#4946 = DIRECTION ( 'NONE',  ( -1.000000000000000000, 5.828955545431405900E-015, 0.0000000000000000000 ) ) ;
#4947 = ORIENTED_EDGE ( 'NONE', *, *, #1337, .F. ) ;
#4948 = CARTESIAN_POINT ( 'NONE',  ( -20.64999999999999500, -16.94289321881344500, 38.00000000000000000 ) ) ;
#4949 = STYLED_ITEM ( 'NONE', ( #209 ), #6042 ) ;
#4950 = VERTEX_POINT ( 'NONE', #8044 ) ;
#4952 = DIRECTION ( 'NONE',  ( 0.0000000000000000000, 0.0000000000000000000, 1.000000000000000000 ) ) ;
#4951 = DIRECTION ( 'NONE',  ( -0.0000000000000000000, -0.0000000000000000000, 1.000000000000000000 ) ) ;
#4953 = EDGE_CURVE ( 'NONE', #8435, #4159, #7950, .T. ) ;
#4954 = LINE ( 'NONE', #1711, #2863 ) ;
#4955 = EDGE_CURVE ( 'NONE', #5362, #1798, #4820, .T. ) ;
#4956 = CARTESIAN_POINT ( 'NONE',  ( -15.94640676939209500, 16.84930666606597800, 47.49262389544726700 ) ) ;
#4957 = VERTEX_POINT ( 'NONE', #5448 ) ;
#4958 = UNCERTAINTY_MEASURE_WITH_UNIT (LENGTH_MEASURE( 1.000000000000000100E-005 ), #10147, 'distance_accuracy_value', 'NONE');
#4959 = CARTESIAN_POINT ( 'NONE',  ( 4.000000000000000000, 0.0000000000000000000, 47.50000000000000000 ) ) ;
#4961 = VECTOR ( 'NONE', #2261, 1000.000000000000000 ) ;
#4960 = CARTESIAN_POINT ( 'NONE',  ( 15.50000000000102000, -15.49999999999983700, 47.50000000000000000 ) ) ;
#4962 = DIRECTION ( 'NONE',  ( -0.0000000000000000000, -0.0000000000000000000, -1.000000000000000000 ) ) ;
#4963 = CARTESIAN_POINT ( 'NONE',  ( -15.92449465477579700, -15.05359323060806700, 46.50000000000000000 ) ) ;
#4964 = STYLED_ITEM ( 'NONE', ( #990 ), #6741 ) ;
#4965 = SURFACE_STYLE_USAGE ( .BOTH. , #8964 ) ;
#4966 = DIRECTION ( 'NONE',  ( -1.000000000000000000, 0.0000000000000000000, 0.0000000000000000000 ) ) ;
#4967 = SURFACE_SIDE_STYLE ('',( #1350 ) ) ;
#4968 = CARTESIAN_POINT ( 'NONE',  ( 15.94640676939199500, -15.07550534522242500, 46.50000000000000000 ) ) ;
#4969 = ORIENTED_EDGE ( 'NONE', *, *, #9771, .F. ) ;
#4970 = DIRECTION ( 'NONE',  ( 0.0000000000000000000, 0.0000000000000000000, 1.000000000000000000 ) ) ;
#4971 = CARTESIAN_POINT ( 'NONE',  ( 21.66440277933047700, -21.25000000000000700, 23.57596773044785000 ) ) ;
#4972 =( LENGTH_UNIT ( ) NAMED_UNIT ( * ) SI_UNIT ( .MILLI., .METRE. ) );
#4973 = STYLED_ITEM ( 'NONE', ( #7039 ), #2649 ) ;
#4974 = MECHANICAL_DESIGN_GEOMETRIC_PRESENTATION_REPRESENTATION (  '', ( #2987 ), #3967 ) ;
#4975 = SURFACE_STYLE_FILL_AREA ( #6622 ) ;
#4976 = SURFACE_STYLE_USAGE ( .BOTH. , #4182 ) ;
#4977 = DIRECTION ( 'NONE',  ( 0.0000000000000000000, -1.000000000000000000, 0.0000000000000000000 ) ) ;
#4978 = DIRECTION ( 'NONE',  ( 0.0000000000000000000, 0.0000000000000000000, 1.000000000000000000 ) ) ;
#4979 = FILL_AREA_STYLE ('',( #1673 ) ) ;
#4980 = ADVANCED_FACE ( 'NONE', ( #6103 ), #5692, .F. ) ;
#4981 = DIRECTION ( 'NONE',  ( -0.0000000000000000000, -0.0000000000000000000, -1.000000000000000000 ) ) ;
#4982 = ORIENTED_EDGE ( 'NONE', *, *, #5615, .T. ) ;
#4983 = SURFACE_STYLE_FILL_AREA ( #2295 ) ;
#4984 = CARTESIAN_POINT ( 'NONE',  ( -21.14999999999999500, -21.15000000000000600, 38.00000000000000000 ) ) ;
#4985 = LINE ( 'NONE', #370, #8215 ) ;
#4986 = EDGE_CURVE ( 'NONE', #8700, #8836, #243, .T. ) ;
#4987 = CARTESIAN_POINT ( 'NONE',  ( 2.500000000000000000, 0.0000000000000000000, 45.50000000000002100 ) ) ;
#4988 = CARTESIAN_POINT ( 'NONE',  ( -16.84930666606613400, -15.05359323060806000, 46.50000000000000000 ) ) ;
#4989 = AXIS2_PLACEMENT_3D ( 'NONE', #4395, #9973, #9942 ) ;
#4990 = EDGE_LOOP ( 'NONE', ( #4667, #5871, #4552, #6545 ) ) ;
#4991 = CIRCLE ( 'NONE', #9358, 0.5000000000000004400 ) ;
#4992 = CARTESIAN_POINT ( 'NONE',  ( 21.16000000000000000, -0.0000000000000000000, 40.00000000000000000 ) ) ;
#4993 = EDGE_CURVE ( 'NONE', #6265, #8859, #7600, .T. ) ;
#4994 = AXIS2_PLACEMENT_3D ( 'NONE', #9416, #3852, #10207 ) ;
#4995 = CIRCLE ( 'NONE', #9930, 1.249999999999997600 ) ;
#4996 = EDGE_CURVE ( 'NONE', #4127, #6527, #5846, .T. ) ;
#4997 = DIRECTION ( 'NONE',  ( 0.0000000000000000000, 0.0000000000000000000, -1.000000000000000000 ) ) ;
#4998 = CARTESIAN_POINT ( 'NONE',  ( 21.65000000000000200, 4.018981102735856900E-017, 5.900501256289342000 ) ) ;
#4999 = COLOUR_RGB ( '',0.2509803921568627400, 0.2509803921568627400, 0.2509803921568627400 ) ;
#5000 = CARTESIAN_POINT ( 'NONE',  ( 15.49999999999983700, 15.50000000000016000, 47.50000000000000000 ) ) ;
#5001 = DIRECTION ( 'NONE',  ( -0.0000000000000000000, -0.0000000000000000000, 1.000000000000000000 ) ) ;
#5002 = CARTESIAN_POINT ( 'NONE',  ( -17.29644660940670400, 21.00355339059327200, 38.00000000000000000 ) ) ;
#5003 = ORIENTED_EDGE ( 'NONE', *, *, #272, .T. ) ;
#5004 = CARTESIAN_POINT ( 'NONE',  ( -14.27904914257671400, -15.05359323060808700, 47.50000000000000000 ) ) ;
#5005 = VERTEX_POINT ( 'NONE', #7378 ) ;
#5006 = SURFACE_STYLE_FILL_AREA ( #7260 ) ;
#5007 = STYLED_ITEM ( 'NONE', ( #3838 ), #5141 ) ;
#5008 = CONICAL_SURFACE ( 'NONE', #9252, 2.000000000000029300, 0.7853981633974391800 ) ;
#5009 = DIRECTION ( 'NONE',  ( 1.000000000000000000, 0.0000000000000000000, 0.0000000000000000000 ) ) ;
#5010 = EDGE_CURVE ( 'NONE', #752, #291, #3308, .T. ) ;
#5011 = CYLINDRICAL_SURFACE ( 'NONE', #10148, 0.5787973969144516500 ) ;
#5012 = EDGE_CURVE ( 'NONE', #9763, #2910, #6590, .T. ) ;
#5013 = DIRECTION ( 'NONE',  ( -0.7423134210256077100, 0.0000000000000000000, -0.6700528225186868100 ) ) ;
#5014 = DIRECTION ( 'NONE',  ( 0.0000000000000000000, 0.0000000000000000000, -1.000000000000000000 ) ) ;
#5015 = ORIENTED_EDGE ( 'NONE', *, *, #3942, .T. ) ;
#5016 =( NAMED_UNIT ( * ) SI_UNIT ( $, .STERADIAN. ) SOLID_ANGLE_UNIT ( ) );
#5017 = ORIENTED_EDGE ( 'NONE', *, *, #559, .T. ) ;
#5018 = ORIENTED_EDGE ( 'NONE', *, *, #3114, .T. ) ;
#5019 = FACE_OUTER_BOUND ( 'NONE', #5568, .T. ) ;
#5020 = DIRECTION ( 'NONE',  ( 0.0000000000000000000, 0.0000000000000000000, 1.000000000000000000 ) ) ;
#5021 =( LENGTH_UNIT ( ) NAMED_UNIT ( * ) SI_UNIT ( .MILLI., .METRE. ) );
#5022 = MECHANICAL_DESIGN_GEOMETRIC_PRESENTATION_REPRESENTATION (  '', ( #2424 ), #4683 ) ;
#5023 = DIRECTION ( 'NONE',  ( 1.000000000000000000, 0.0000000000000000000, 0.0000000000000000000 ) ) ;
#5024 = ORIENTED_EDGE ( 'NONE', *, *, #1081, .T. ) ;
#5025 = PLANE ( 'NONE',  #5612 ) ;
#5026 = MECHANICAL_DESIGN_GEOMETRIC_PRESENTATION_REPRESENTATION (  '', ( #8568 ), #3238 ) ;
#5027 = CARTESIAN_POINT ( 'NONE',  ( -2.500000000000000000, 3.061616997868383100E-016, -24.00000000000000000 ) ) ;
#5028 = ORIENTED_EDGE ( 'NONE', *, *, #6034, .T. ) ;
#5029 = APPLICATION_CONTEXT ( 'automotive_design' ) ;
#5030 = VECTOR ( 'NONE', #8319, 1000.000000000000000 ) ;
#5031 = DIRECTION ( 'NONE',  ( 0.0000000000000000000, 0.0000000000000000000, 1.000000000000000000 ) ) ;
#5032 = CARTESIAN_POINT ( 'NONE',  ( 0.0000000000000000000, 0.0000000000000000000, 5.999999999999998200 ) ) ;
#5033 = ORIENTED_EDGE ( 'NONE', *, *, #631, .F. ) ;
#5034 = ORIENTED_EDGE ( 'NONE', *, *, #9487, .F. ) ;
#5035 = SURFACE_SIDE_STYLE ('',( #5636 ) ) ;
#5036 = LINE ( 'NONE', #5165, #7033 ) ;
#5037 = EDGE_LOOP ( 'NONE', ( #5961, #3677, #5445, #184, #1524, #6927, #3474, #6794, #1557, #7197, #1593, #6008, #8100, #6790 ) ) ;
#5038 = DIRECTION ( 'NONE',  ( -1.000000000000000000, -6.220110695751237700E-015, 0.0000000000000000000 ) ) ;
#5039 = VERTEX_POINT ( 'NONE', #5720 ) ;
#5040 = ADVANCED_FACE ( 'NONE', ( #9474 ), #8186, .F. ) ;
#5041 = DIRECTION ( 'NONE',  ( -0.0000000000000000000, -0.0000000000000000000, 1.000000000000000000 ) ) ;
#5042 = ORIENTED_EDGE ( 'NONE', *, *, #3982, .T. ) ;
#5043 = COLOUR_RGB ( '',0.0000000000000000000, 0.0000000000000000000, 0.0000000000000000000 ) ;
#5044 = DIRECTION ( 'NONE',  ( -1.000000000000000000, 0.0000000000000000000, -0.0000000000000000000 ) ) ;
#5045 = CARTESIAN_POINT ( 'NONE',  ( -15.05359323060823600, 16.84930666606597800, 46.50000000000000000 ) ) ;
#5046 = AXIS2_PLACEMENT_3D ( 'NONE', #8822, #7222, #1643 ) ;
#5047 = CIRCLE ( 'NONE', #7864, 0.5000000000000004400 ) ;
#5048 = VERTEX_POINT ( 'NONE', #6280 ) ;
#5049 = DIRECTION ( 'NONE',  ( -0.7071067811865475700, 0.7071067811865475700, -1.471961680016038100E-014 ) ) ;
#5050 = ORIENTED_EDGE ( 'NONE', *, *, #6835, .F. ) ;
#5051 = DIRECTION ( 'NONE',  ( -1.000000000000000000, 0.0000000000000000000, 0.0000000000000000000 ) ) ;
#5052 = CARTESIAN_POINT ( 'NONE',  ( -15.05359323060823600, 16.76380671470457500, 47.50000000000000000 ) ) ;
#5053 = DIRECTION ( 'NONE',  ( 0.0000000000000000000, -1.000000000000000000, 0.0000000000000000000 ) ) ;
#5054 = LINE ( 'NONE', #9467, #2561 ) ;
#5055 = DIRECTION ( 'NONE',  ( -0.0000000000000000000, 1.000000000000000000, -0.0000000000000000000 ) ) ;
#5057 = DIRECTION ( 'NONE',  ( 0.0000000000000000000, 0.0000000000000000000, 1.000000000000000000 ) ) ;
#5056 = DIRECTION ( 'NONE',  ( -0.7071067811865487900, -0.7071067811865463500, 0.0000000000000000000 ) ) ;
#5058 = ORIENTED_EDGE ( 'NONE', *, *, #6228, .T. ) ;
#5059 = EDGE_CURVE ( 'NONE', #9507, #9049, #2877, .T. ) ;
#5060 = MECHANICAL_DESIGN_GEOMETRIC_PRESENTATION_REPRESENTATION (  '', ( #3606 ), #7728 ) ;
#5061 = DIRECTION ( 'NONE',  ( -1.000000000000000000, 0.0000000000000000000, 0.0000000000000000000 ) ) ;
#5062 = EDGE_LOOP ( 'NONE', ( #8940, #8135, #5745, #2924 ) ) ;
#5063 = EDGE_CURVE ( 'NONE', #4927, #4403, #4229, .T. ) ;
#5064 = EDGE_CURVE ( 'NONE', #2066, #8967, #8461, .T. ) ;
#5065 = DIRECTION ( 'NONE',  ( -0.0000000000000000000, -0.0000000000000000000, -1.000000000000000000 ) ) ;
#5066 =( GEOMETRIC_REPRESENTATION_CONTEXT ( 3 ) GLOBAL_UNCERTAINTY_ASSIGNED_CONTEXT ( ( #9267 ) ) GLOBAL_UNIT_ASSIGNED_CONTEXT ( ( #3253, #55, #3128 ) ) REPRESENTATION_CONTEXT ( 'NONE', 'WORKASPACE' ) );
#5067 = CYLINDRICAL_SURFACE ( 'NONE', #4197, 0.5000000000000006700 ) ;
#5068 = CARTESIAN_POINT ( 'NONE',  ( 14.21692477204111600, -15.14729938218608800, 47.49983667794648300 ) ) ;
#5069 = ADVANCED_FACE ( 'NONE', ( #1609 ), #9839, .F. ) ;
#5070 = VERTEX_POINT ( 'NONE', #8219 ) ;
#5071 = DIRECTION ( 'NONE',  ( -0.0000000000000000000, -0.0000000000000000000, -1.000000000000000000 ) ) ;
#5072 = ORIENTED_EDGE ( 'NONE', *, *, #6706, .F. ) ;
#5073 = ORIENTED_EDGE ( 'NONE', *, *, #3734, .F. ) ;
#5074 = CARTESIAN_POINT ( 'NONE',  ( 0.0000000000000000000, 0.0000000000000000000, 46.00000000000000000 ) ) ;
#5075 = AXIS2_PLACEMENT_3D ( 'NONE', #7580, #1211, #3642 ) ;
#5076 = FACE_OUTER_BOUND ( 'NONE', #3681, .T. ) ;
#5077 = DIRECTION ( 'NONE',  ( 0.0000000000000000000, 0.0000000000000000000, 1.000000000000000000 ) ) ;
#5078 = PLANE ( 'NONE',  #7102 ) ;
#5079 = EDGE_CURVE ( 'NONE', #5756, #5824, #8201, .T. ) ;
#5080 = EDGE_CURVE ( 'NONE', #5824, #9641, #509, .T. ) ;
#5081 = ORIENTED_EDGE ( 'NONE', *, *, #3472, .T. ) ;
#5082 = DIRECTION ( 'NONE',  ( -1.000000000000000000, 0.0000000000000000000, -0.0000000000000000000 ) ) ;
#5083 = CARTESIAN_POINT ( 'NONE',  ( 15.05359323060814000, -14.19326395785841800, 47.49756013713614800 ) ) ;
#5084 = ORIENTED_EDGE ( 'NONE', *, *, #4480, .T. ) ;
#5085 =( NAMED_UNIT ( * ) PLANE_ANGLE_UNIT ( ) SI_UNIT ( $, .RADIAN. ) );
#5086 = PRESENTATION_STYLE_ASSIGNMENT (( #6563 ) ) ;
#5087 = CARTESIAN_POINT ( 'NONE',  ( 13.31369220013741200, -21.16000000000000700, 5.999999999999998200 ) ) ;
#5088 = FILL_AREA_STYLE_COLOUR ( '', #4017 ) ;
#5089 = PLANE ( 'NONE',  #127 ) ;
#5090 = DIRECTION ( 'NONE',  ( 0.0000000000000000000, 0.0000000000000000000, -1.000000000000000000 ) ) ;
#5092 = DIRECTION ( 'NONE',  ( 0.0000000000000000000, -1.000000000000000000, 0.0000000000000000000 ) ) ;
#5091 = CARTESIAN_POINT ( 'NONE',  ( 0.0000000000000000000, 21.14999999999999900, 38.00000000000000000 ) ) ;
#5093 = AXIS2_PLACEMENT_3D ( 'NONE', #1165, #2513, #871 ) ;
#5094 = EDGE_CURVE ( 'NONE', #2501, #2029, #5352, .T. ) ;
#5095 = LINE ( 'NONE', #7566, #2 ) ;
#5096 = CIRCLE ( 'NONE', #6464, 0.5000000000000004400 ) ;
#5097 = ADVANCED_FACE ( 'NONE', ( #980 ), #9469, .T. ) ;
#5098 = CARTESIAN_POINT ( 'NONE',  ( 14.27904914257718800, 15.94640676939204300, 47.50000000000000000 ) ) ;
#5099 = SPHERICAL_SURFACE ( 'NONE', #1375, 0.5000000000000000000 ) ;
#5100 = FILL_AREA_STYLE ('',( #1130 ) ) ;
#5101 = TOROIDAL_SURFACE ( 'NONE', #1436, 15.50000000000000000, 0.5000000000000000000 ) ;
#5102 = DIRECTION ( 'NONE',  ( -0.8571673007021120000, 0.0000000000000000000, -0.5150380749100547100 ) ) ;
#5103 = UNCERTAINTY_MEASURE_WITH_UNIT (LENGTH_MEASURE( 1.000000000000000100E-005 ), #2731, 'distance_accuracy_value', 'NONE');
#5104 = PRESENTATION_LAYER_ASSIGNMENT (  '', '', ( #2062 ) ) ;
#5105 = ORIENTED_EDGE ( 'NONE', *, *, #1070, .F. ) ;
#5106 = CARTESIAN_POINT ( 'NONE',  ( -15.29091159907558900, -16.78307522795895300, 47.50000000000000000 ) ) ;
#5107 = ORIENTED_EDGE ( 'NONE', *, *, #6157, .F. ) ;
#5108 = FILL_AREA_STYLE ('',( #9117 ) ) ;
#5109 = DIRECTION ( 'NONE',  ( 1.000000000000000000, -1.125454765811127600E-014, 0.0000000000000000000 ) ) ;
#5110 = CARTESIAN_POINT ( 'NONE',  ( -15.07550534522246000, -14.27125906389359300, 47.50000000000000000 ) ) ;
#5111 = CARTESIAN_POINT ( 'NONE',  ( 1.379851512413564600, -39.15000000000000600, 41.54834905086877900 ) ) ;
#5112 = PRESENTATION_STYLE_ASSIGNMENT (( #3006 ) ) ;
#5113 = CARTESIAN_POINT ( 'NONE',  ( 16.84930666606603100, 15.05359323060817400, 47.50000000000000000 ) ) ;
#5114 = ADVANCED_FACE ( 'NONE', ( #3355 ), #5160, .F. ) ;
#5115 = CARTESIAN_POINT ( 'NONE',  ( -21.00355339059326800, -17.29644660940671500, 0.5000000000000000000 ) ) ;
#5116 = ORIENTED_EDGE ( 'NONE', *, *, #8597, .T. ) ;
#5117 = CARTESIAN_POINT ( 'NONE',  ( 14.25000000000010700, -15.49999999999989200, 4.500000000000000900 ) ) ;
#5118 = PRESENTATION_LAYER_ASSIGNMENT (  '', '', ( #10261 ) ) ;
#5119 = VERTEX_POINT ( 'NONE', #5124 ) ;
#5120 = CARTESIAN_POINT ( 'NONE',  ( -15.50000000000016500, 15.49999999999897500, 46.00000000000000000 ) ) ;
#5121 = CIRCLE ( 'NONE', #2039, 0.5000000000000004400 ) ;
#5122 = SURFACE_SIDE_STYLE ('',( #1799 ) ) ;
#5123 = PRESENTATION_STYLE_ASSIGNMENT (( #4557 ) ) ;
#5125 = CARTESIAN_POINT ( 'NONE',  ( -10.49999999999999800, 0.0000000000000000000, -2.000000000000000000 ) ) ;
#5124 = CARTESIAN_POINT ( 'NONE',  ( 21.00355339059327200, 17.29644660940672200, 47.50000000000000000 ) ) ;
#5126 = VECTOR ( 'NONE', #4962, 1000.000000000000000 ) ;
#5127 = CARTESIAN_POINT ( 'NONE',  ( 14.23619328529395600, 15.94640676939204300, 47.50000000000000000 ) ) ;
#5128 = ORIENTED_EDGE ( 'NONE', *, *, #4675, .F. ) ;
#5129 = ORIENTED_EDGE ( 'NONE', *, *, #6596, .F. ) ;
#5130 = DIRECTION ( 'NONE',  ( -1.000000000000000000, -0.0000000000000000000, 0.0000000000000000000 ) ) ;
#5131 = CARTESIAN_POINT ( 'NONE',  ( -14.23501994154195800, 15.07550534522231100, 47.49955985394395000 ) ) ;
#5132 = STYLED_ITEM ( 'NONE', ( #5265 ), #4370 ) ;
#5133 = LINE ( 'NONE', #2479, #6260 ) ;
#5134 = CARTESIAN_POINT ( 'NONE',  ( -16.72874093610758500, 15.07550534522243000, 47.50000000000000000 ) ) ;
#5135 = EDGE_CURVE ( 'NONE', #8727, #7045, #9708, .T. ) ;
#5136 = ORIENTED_EDGE ( 'NONE', *, *, #2633, .F. ) ;
#5137 = ORIENTED_EDGE ( 'NONE', *, *, #6486, .F. ) ;
#5138 = ORIENTED_EDGE ( 'NONE', *, *, #9228, .F. ) ;
#5139 = SPHERICAL_SURFACE ( 'NONE', #2824, 0.5000000000000000000 ) ;
#5140 = CARTESIAN_POINT ( 'NONE',  ( 16.84930666606603500, 15.64880225646411700, 47.49878368663161900 ) ) ;
#5141 = ADVANCED_FACE ( 'NONE', ( #3719 ), #5713, .T. ) ;
#5142 = CARTESIAN_POINT ( 'NONE',  ( 17.29644660940673300, 21.00355339059327500, 8.000000000000000000 ) ) ;
#5143 = LINE ( 'NONE', #3860, #897 ) ;
#5144 = CARTESIAN_POINT ( 'NONE',  ( -15.49999999999999600, 15.50000000000000000, -2.266821225221747900E-017 ) ) ;
#5145 =( LENGTH_UNIT ( ) NAMED_UNIT ( * ) SI_UNIT ( .MILLI., .METRE. ) );
#5146 = EDGE_LOOP ( 'NONE', ( #7006, #4912, #7879 ) ) ;
#5147 = EDGE_LOOP ( 'NONE', ( #1945, #9663 ) ) ;
#5148 = AXIS2_PLACEMENT_3D ( 'NONE', #2147, #1536, #3147 ) ;
#5149 = COLOUR_RGB ( '',0.2509803921568627400, 0.2509803921568627400, 0.2509803921568627400 ) ;
#5150 = DIRECTION ( 'NONE',  ( 1.000000000000000000, 0.0000000000000000000, 0.0000000000000000000 ) ) ;
#5151 = EDGE_CURVE ( 'NONE', #1974, #2477, #8333, .T. ) ;
#5152 = B_SPLINE_CURVE_WITH_KNOTS ( 'NONE', 3,
 ( #8586, #5465, #5529, #6208 ),
 .UNSPECIFIED., .F., .F.,
 ( 4, 4 ),
 ( 0.0000000000000000000, 0.0004464067693909223900 ),
 .UNSPECIFIED. ) ;
#5153 = FACE_OUTER_BOUND ( 'NONE', #7990, .T. ) ;
#5154 = EDGE_CURVE ( 'NONE', #7638, #1793, #7083, .T. ) ;
#5155 = CARTESIAN_POINT ( 'NONE',  ( -1.379851512413568000, -39.15000000000000600, 41.54834905086877900 ) ) ;
#5156 = CARTESIAN_POINT ( 'NONE',  ( 3.600000000000001400, -21.15000000000000600, 40.00000000000000000 ) ) ;
#5157 = SURFACE_SIDE_STYLE ('',( #8782 ) ) ;
#5158 = FACE_OUTER_BOUND ( 'NONE', #10255, .T. ) ;
#5159 = SURFACE_STYLE_USAGE ( .BOTH. , #5122 ) ;
#5161 =( LENGTH_UNIT ( ) NAMED_UNIT ( * ) SI_UNIT ( .MILLI., .METRE. ) );
#5160 = PLANE ( 'NONE',  #1611 ) ;
#5162 = EDGE_LOOP ( 'NONE', ( #7873, #7664, #4631, #7869 ) ) ;
#5163 = ORIENTED_EDGE ( 'NONE', *, *, #3350, .F. ) ;
#5164 = ORIENTED_EDGE ( 'NONE', *, *, #3231, .T. ) ;
#5166 = VECTOR ( 'NONE', #5995, 1000.000000000000000 ) ;
#5165 = CARTESIAN_POINT ( 'NONE',  ( 1.500000000000000200, 2.000000000000000000, -24.00000000000000000 ) ) ;
#5167 = CARTESIAN_POINT ( 'NONE',  ( -16.78307522795911300, 15.92449465477565200, 47.49867441544049000 ) ) ;
#5168 = CARTESIAN_POINT ( 'NONE',  ( -15.94640676939209500, 14.27904914257634400, 47.50000000000000000 ) ) ;
#5169 = CIRCLE ( 'NONE', #2742, 0.5000000000000000000 ) ;
#5170 = EDGE_LOOP ( 'NONE', ( #336, #3024, #563, #8206, #9900, #5425 ) ) ;
#5171 = DIRECTION ( 'NONE',  ( 0.0000000000000000000, 0.0000000000000000000, 1.000000000000000000 ) ) ;
#5172 = AXIS2_PLACEMENT_3D ( 'NONE', #7276, #1769, #6470 ) ;
#5173 = PRESENTATION_LAYER_ASSIGNMENT (  '', '', ( #10179 ) ) ;
#5174 = CARTESIAN_POINT ( 'NONE',  ( 14.15069333393202700, 15.50000000000016200, 47.49878368663153300 ) ) ;
#5175 = UNCERTAINTY_MEASURE_WITH_UNIT (LENGTH_MEASURE( 1.000000000000000100E-005 ), #5161, 'distance_accuracy_value', 'NONE');
#5176 = SURFACE_SIDE_STYLE ('',( #10067 ) ) ;
#5177 = ADVANCED_FACE ( 'NONE', ( #9965 ), #501, .T. ) ;
#5178 = FACE_OUTER_BOUND ( 'NONE', #5706, .T. ) ;
#5179 = VERTEX_POINT ( 'NONE', #9136 ) ;
#5180 = VERTEX_POINT ( 'NONE', #8369 ) ;
#5181 = DIRECTION ( 'NONE',  ( 7.503031772074183200E-015, 1.000000000000000000, 0.0000000000000000000 ) ) ;
#5182 = VECTOR ( 'NONE', #751, 1000.000000000000000 ) ;
#5183 = COLOUR_RGB ( '',0.2509803921568627400, 0.2509803921568627400, 0.2509803921568627400 ) ;
#5184 = ORIENTED_EDGE ( 'NONE', *, *, #6136, .T. ) ;
#5185 = CIRCLE ( 'NONE', #7246, 1.000000000000000900 ) ;
#5186 =( NAMED_UNIT ( * ) PLANE_ANGLE_UNIT ( ) SI_UNIT ( $, .RADIAN. ) );
#5187 = ORIENTED_EDGE ( 'NONE', *, *, #4860, .F. ) ;
#5188 = CARTESIAN_POINT ( 'NONE',  ( 14.15069333393202900, 15.94640676939204300, 46.50000000000000000 ) ) ;
#5189 = DIRECTION ( 'NONE',  ( 1.000000000000000000, -7.503031772074197400E-015, 0.0000000000000000000 ) ) ;
#5190 = MECHANICAL_DESIGN_GEOMETRIC_PRESENTATION_REPRESENTATION (  '', ( #5717 ), #2659 ) ;
#5191 = PRESENTATION_LAYER_ASSIGNMENT (  '', '', ( #3592 ) ) ;
#5192 = LINE ( 'NONE', #4637, #6068 ) ;
#5193 = SURFACE_STYLE_FILL_AREA ( #5100 ) ;
#5194 = CARTESIAN_POINT ( 'NONE',  ( 15.29091159908238300, 16.78307522795906000, 47.50000000000000000 ) ) ;
#5195 = EDGE_LOOP ( 'NONE', ( #2570, #1231, #5648, #2580 ) ) ;
#5196 = CARTESIAN_POINT ( 'NONE',  ( -15.05359323060823600, 15.07550534522231100, 47.50000000000000000 ) ) ;
#5197 = DIRECTION ( 'NONE',  ( -0.0000000000000000000, -0.0000000000000000000, 1.000000000000000000 ) ) ;
#5198 = CARTESIAN_POINT ( 'NONE',  ( 21.14999999999999900, 16.94289321881344500, 0.5000000000000004400 ) ) ;
#5199 = ORIENTED_EDGE ( 'NONE', *, *, #6661, .F. ) ;
#5200 = CARTESIAN_POINT ( 'NONE',  ( -3.496119095141088500, -21.25000000000000700, 40.26401485834066600 ) ) ;
#5201 = VECTOR ( 'NONE', #1988, 1000.000000000000000 ) ;
#5202 = UNCERTAINTY_MEASURE_WITH_UNIT (LENGTH_MEASURE( 1.000000000000000100E-005 ), #9804, 'distance_accuracy_value', 'NONE');
#5203 = DIRECTION ( 'NONE',  ( 1.000000000000000000, 0.0000000000000000000, 0.0000000000000000000 ) ) ;
#5204 = EDGE_CURVE ( 'NONE', #6151, #7313, #1844, .T. ) ;
#5205 = ADVANCED_FACE ( 'NONE', ( #2611 ), #6580, .F. ) ;
#5206 = CARTESIAN_POINT ( 'NONE',  ( 16.84930666606603500, 15.94640676939203200, 46.50000000000000000 ) ) ;
#5207 = CARTESIAN_POINT ( 'NONE',  ( 17.14999999999998400, -21.15000000000000200, 47.50000000000000000 ) ) ;
#5208 = VERTEX_POINT ( 'NONE', #5936 ) ;
#5209 = SURFACE_STYLE_USAGE ( .BOTH. , #9397 ) ;
#5210 = EDGE_CURVE ( 'NONE', #7846, #2257, #3954, .T. ) ;
#5211 = ORIENTED_EDGE ( 'NONE', *, *, #8072, .T. ) ;
#5212 = DIRECTION ( 'NONE',  ( -1.000000000000000000, 2.984279490192420800E-013, 0.0000000000000000000 ) ) ;
#5213 = AXIS2_PLACEMENT_3D ( 'NONE', #9263, #4487, #10195 ) ;
#5214 = EDGE_LOOP ( 'NONE', ( #3887, #1631 ) ) ;
#5215 = CARTESIAN_POINT ( 'NONE',  ( 2.000000000000029300, 2.755455298081562500E-016, 46.00000000000000000 ) ) ;
#5216 = DIRECTION ( 'NONE',  ( -0.0000000000000000000, -0.0000000000000000000, 1.000000000000000000 ) ) ;
#5217 = ORIENTED_EDGE ( 'NONE', *, *, #2546, .T. ) ;
#5218 = SURFACE_SIDE_STYLE ('',( #7861 ) ) ;
#5219 = PLANE ( 'NONE',  #9352 ) ;
#5220 = FACE_OUTER_BOUND ( 'NONE', #556, .T. ) ;
#5221 = EDGE_CURVE ( 'NONE', #804, #9297, #8579, .T. ) ;
#5222 = FACE_OUTER_BOUND ( 'NONE', #453, .T. ) ;
#5223 = EDGE_CURVE ( 'NONE', #9250, #5943, #4083, .T. ) ;
#5224 = CARTESIAN_POINT ( 'NONE',  ( 16.76498005845850200, -15.07550534522241900, 47.49955985394396400 ) ) ;
#5225 = PRESENTATION_LAYER_ASSIGNMENT (  '', '', ( #3812 ) ) ;
#5226 = CARTESIAN_POINT ( 'NONE',  ( -20.64999999999999500, 16.94289321881343500, 48.00000000000000000 ) ) ;
#5227 = ADVANCED_FACE ( 'NONE', ( #238 ), #9278, .T. ) ;
#5228 = VECTOR ( 'NONE', #9892, 1000.000000000000000 ) ;
#5229 = SURFACE_STYLE_USAGE ( .BOTH. , #5996 ) ;
#5230 = DIRECTION ( 'NONE',  ( 0.0000000000000000000, 0.0000000000000000000, 1.000000000000000000 ) ) ;
#5231 = FACE_OUTER_BOUND ( 'NONE', #8374, .T. ) ;
#5232 = DIRECTION ( 'NONE',  ( 0.0000000000000000000, -1.000000000000000000, 0.0000000000000000000 ) ) ;
#5233 = AXIS2_PLACEMENT_3D ( 'NONE', #367, #5055, #285 ) ;
#5234 = VERTEX_POINT ( 'NONE', #6943 ) ;
#5235 = AXIS2_PLACEMENT_3D ( 'NONE', #5691, #1122, #6734 ) ;
#5236 = EDGE_CURVE ( 'NONE', #9180, #1415, #8454, .T. ) ;
#5237 = CARTESIAN_POINT ( 'NONE',  ( -15.94640676939209500, 16.84930666606597800, 46.50000000000000000 ) ) ;
#5238 = DIRECTION ( 'NONE',  ( -1.000000000000000000, 1.125454765811129600E-014, 0.0000000000000000000 ) ) ;
#5239 = ORIENTED_EDGE ( 'NONE', *, *, #1481, .F. ) ;
#5240 = COLOUR_RGB ( '',0.2509803921568627400, 0.2509803921568627400, 0.2509803921568627400 ) ;
#5241 = FACE_OUTER_BOUND ( 'NONE', #2690, .T. ) ;
#5242 = UNCERTAINTY_MEASURE_WITH_UNIT (LENGTH_MEASURE( 1.000000000000000100E-005 ), #4657, 'distance_accuracy_value', 'NONE');
#5243 = CARTESIAN_POINT ( 'NONE',  ( 15.50000000000102000, -15.49999999999983700, 47.50000000000000000 ) ) ;
#5244 = CARTESIAN_POINT ( 'NONE',  ( -16.74999999999994300, -15.50000000000005000, 4.500000000000000900 ) ) ;
#5245 = EDGE_LOOP ( 'NONE', ( #2914, #5789, #2132 ) ) ;
#5246 = LINE ( 'NONE', #737, #3748 ) ;
#5247 = FILL_AREA_STYLE ('',( #10029 ) ) ;
#5249 = ADVANCED_FACE ( 'NONE', ( #4477 ), #3756, .F. ) ;
#5248 = LINE ( 'NONE', #7835, #6005 ) ;
#5250 =( NAMED_UNIT ( * ) SI_UNIT ( $, .STERADIAN. ) SOLID_ANGLE_UNIT ( ) );
#5251 = CARTESIAN_POINT ( 'NONE',  ( 10.49999999999999800, 1.316495309083404400E-015, -2.000000000000000000 ) ) ;
#5252 = ORIENTED_EDGE ( 'NONE', *, *, #754, .T. ) ;
#5253 = DIRECTION ( 'NONE',  ( -0.0000000000000000000, -0.0000000000000000000, -1.000000000000000000 ) ) ;
#5254 = CIRCLE ( 'NONE', #4930, 2.000000000000015500 ) ;
#5255 = FILL_AREA_STYLE_COLOUR ( '', #2098 ) ;
#5256 = LINE ( 'NONE', #7822, #5875 ) ;
#5257 = CARTESIAN_POINT ( 'NONE',  ( -20.64999999999999500, -16.94289321881344500, 38.00000000000000000 ) ) ;
#5258 = AXIS2_PLACEMENT_3D ( 'NONE', #10265, #641, #9511 ) ;
#5259 = CARTESIAN_POINT ( 'NONE',  ( 0.0000000000000000000, 0.0000000000000000000, 45.00000000000000000 ) ) ;
#5260 = VERTEX_POINT ( 'NONE', #3794 ) ;
#5262 = EDGE_CURVE ( 'NONE', #785, #9309, #4594, .T. ) ;
#5261 = DIRECTION ( 'NONE',  ( 1.000000000000000000, 6.938893903907221300E-015, -0.0000000000000000000 ) ) ;
#5263 = ORIENTED_EDGE ( 'NONE', *, *, #1603, .F. ) ;
#5264 = ORIENTED_EDGE ( 'NONE', *, *, #2546, .F. ) ;
#5265 = PRESENTATION_STYLE_ASSIGNMENT (( #4965 ) ) ;
#5266 = EDGE_CURVE ( 'NONE', #5070, #7347, #4165, .T. ) ;
#5268 = CARTESIAN_POINT ( 'NONE',  ( 16.94289321881345600, 20.64999999999999900, 0.0000000000000000000 ) ) ;
#5267 = DIRECTION ( 'NONE',  ( 0.0000000000000000000, 0.0000000000000000000, -1.000000000000000000 ) ) ;
#5269 = DIRECTION ( 'NONE',  ( 0.0000000000000000000, 6.938893903907228400E-015, 1.000000000000000000 ) ) ;
#5270 = CARTESIAN_POINT ( 'NONE',  ( -15.07550534522246900, -15.05359323060807800, 46.50000000000000000 ) ) ;
#5271 = VECTOR ( 'NONE', #2215, 999.9999999999998900 ) ;
#5272 = ORIENTED_EDGE ( 'NONE', *, *, #9706, .F. ) ;
#5273 = ORIENTED_EDGE ( 'NONE', *, *, #2349, .T. ) ;
#5274 = DIRECTION ( 'NONE',  ( -0.0000000000000000000, 1.000000000000000000, -0.0000000000000000000 ) ) ;
#5275 = EDGE_LOOP ( 'NONE', ( #8246, #3715, #6880 ) ) ;
#5276 = LINE ( 'NONE', #645, #3414 ) ;
#5277 = CARTESIAN_POINT ( 'NONE',  ( -15.92449465477579700, -15.05359323060806700, 46.50000000000000000 ) ) ;
#5278 = FILL_AREA_STYLE ('',( #2821 ) ) ;
#5279 = ADVANCED_FACE ( 'NONE', ( #6335 ), #6454, .T. ) ;
#5280 = EDGE_CURVE ( 'NONE', #4001, #8406, #117, .T. ) ;
#5281 = FACE_OUTER_BOUND ( 'NONE', #477, .T. ) ;
#5282 = EDGE_CURVE ( 'NONE', #6467, #5533, #3605, .T. ) ;
#5283 = VECTOR ( 'NONE', #3705, 1000.000000000000000 ) ;
#5284 = PRESENTATION_LAYER_ASSIGNMENT (  '', '', ( #7561 ) ) ;
#5285 = ORIENTED_EDGE ( 'NONE', *, *, #5478, .F. ) ;
#5286 = UNCERTAINTY_MEASURE_WITH_UNIT (LENGTH_MEASURE( 1.000000000000000100E-005 ), #6850, 'distance_accuracy_value', 'NONE');
#5287 = VECTOR ( 'NONE', #10244, 1000.000000000000000 ) ;
#5288 = CARTESIAN_POINT ( 'NONE',  ( 15.92449465477568900, 14.21692477204115900, 47.50000000000000000 ) ) ;
#5289 = ORIENTED_EDGE ( 'NONE', *, *, #1218, .T. ) ;
#5290 = ORIENTED_EDGE ( 'NONE', *, *, #507, .T. ) ;
#5291 = LINE ( 'NONE', #7175, #3304 ) ;
#5292 = CARTESIAN_POINT ( 'NONE',  ( 16.84930666606603100, 15.05359323060817400, 47.49262389544735900 ) ) ;
#5293 = CARTESIAN_POINT ( 'NONE',  ( 0.0000000000000000000, 0.0000000000000000000, -1.734723475976807100E-015 ) ) ;
#5294 = ORIENTED_EDGE ( 'NONE', *, *, #7852, .T. ) ;
#5295 = PLANE ( 'NONE',  #9056 ) ;
#5296 = ORIENTED_EDGE ( 'NONE', *, *, #10221, .T. ) ;
#5297 = AXIS2_PLACEMENT_3D ( 'NONE', #9140, #3675, #9287 ) ;
#5298 = PRESENTATION_STYLE_ASSIGNMENT (( #4479 ) ) ;
#5299 = ORIENTED_EDGE ( 'NONE', *, *, #208, .T. ) ;
#5300 = EDGE_CURVE ( 'NONE', #8784, #6153, #10318, .T. ) ;
#5301 = VERTEX_POINT ( 'NONE', #6109 ) ;
#5302 = ORIENTED_EDGE ( 'NONE', *, *, #3666, .F. ) ;
#5303 = DIRECTION ( 'NONE',  ( -0.0000000000000000000, -0.0000000000000000000, 1.000000000000000000 ) ) ;
#5304 = SURFACE_STYLE_USAGE ( .BOTH. , #9275 ) ;
#5305 = CARTESIAN_POINT ( 'NONE',  ( 3.503880904858911000, -21.25000000000000700, 0.0000000000000000000 ) ) ;
#5306 = VECTOR ( 'NONE', #2769, 1000.000000000000000 ) ;
#5307 = DIRECTION ( 'NONE',  ( -8.673617379884112400E-016, -8.673617379884026600E-016, -1.000000000000000000 ) ) ;
#5308 = SURFACE_STYLE_FILL_AREA ( #3118 ) ;
#5309 = DIRECTION ( 'NONE',  ( -1.000000000000000000, -1.224646799147353500E-016, 0.0000000000000000000 ) ) ;
#5310 = ORIENTED_EDGE ( 'NONE', *, *, #8632, .T. ) ;
#5311 = ADVANCED_FACE ( 'NONE', ( #2238 ), #6911, .F. ) ;
#5312 = CARTESIAN_POINT ( 'NONE',  ( 20.65000000000000200, -16.94289321881343100, 38.00000000000000000 ) ) ;
#5313 = LINE ( 'NONE', #8264, #6054 ) ;
#5314 = DIRECTION ( 'NONE',  ( 0.0000000000000000000, 1.000000000000000000, 0.0000000000000000000 ) ) ;
#5315 = ORIENTED_EDGE ( 'NONE', *, *, #3809, .F. ) ;
#5316 =( NAMED_UNIT ( * ) PLANE_ANGLE_UNIT ( ) SI_UNIT ( $, .RADIAN. ) );
#5317 = AXIS2_PLACEMENT_3D ( 'NONE', #1144, #5189, #7560 ) ;
#5318 = MECHANICAL_DESIGN_GEOMETRIC_PRESENTATION_REPRESENTATION (  '', ( #10179 ), #6973 ) ;
#5319 = CYLINDRICAL_SURFACE ( 'NONE', #6675, 1.249999999999997600 ) ;
#5320 = DIRECTION ( 'NONE',  ( -1.000000000000000000, 0.0000000000000000000, 0.0000000000000000000 ) ) ;
#5321 = SURFACE_SIDE_STYLE ('',( #1352 ) ) ;
#5322 = ORIENTED_EDGE ( 'NONE', *, *, #2275, .F. ) ;
#5323 = CIRCLE ( 'NONE', #2997, 1.249999999999997600 ) ;
#5324 = ORIENTED_EDGE ( 'NONE', *, *, #26, .T. ) ;
#5325 = VECTOR ( 'NONE', #8080, 1000.000000000000000 ) ;
#5326 = VECTOR ( 'NONE', #750, 1000.000000000000000 ) ;
#5327 = CARTESIAN_POINT ( 'NONE',  ( -17.29644660940670400, -21.00355339059327900, 48.00000000000000000 ) ) ;
#5328 = EDGE_LOOP ( 'NONE', ( #10075, #3426, #3137, #4790 ) ) ;
#5329 = CARTESIAN_POINT ( 'NONE',  ( 14.23501994154208500, -15.92449465477574600, 47.49955985394393600 ) ) ;
#5330 = CARTESIAN_POINT ( 'NONE',  ( 0.0000000000000000000, 0.0000000000000000000, -24.00000000000000000 ) ) ;
#5331 = MECHANICAL_DESIGN_GEOMETRIC_PRESENTATION_REPRESENTATION (  '', ( #4973 ), #5854 ) ;
#5332 = ORIENTED_EDGE ( 'NONE', *, *, #2634, .F. ) ;
#5333 = VERTEX_POINT ( 'NONE', #7961 ) ;
#5334 =( LENGTH_UNIT ( ) NAMED_UNIT ( * ) SI_UNIT ( .MILLI., .METRE. ) );
#5335 = VECTOR ( 'NONE', #1141, 1000.000000000000000 ) ;
#5336 = PRESENTATION_STYLE_ASSIGNMENT (( #7392 ) ) ;
#5337 = DIRECTION ( 'NONE',  ( -1.000000000000000000, 3.384847957477177300E-012, 0.0000000000000000000 ) ) ;
#5338 = ORIENTED_EDGE ( 'NONE', *, *, #5210, .F. ) ;
#5339 = DIRECTION ( 'NONE',  ( 1.000000000000000000, 0.0000000000000000000, 0.0000000000000000000 ) ) ;
#5340 = DIRECTION ( 'NONE',  ( 0.0000000000000000000, 0.0000000000000000000, 1.000000000000000000 ) ) ;
#5341 = EDGE_LOOP ( 'NONE', ( #1094, #616, #2544, #9830 ) ) ;
#5342 =( NAMED_UNIT ( * ) PLANE_ANGLE_UNIT ( ) SI_UNIT ( $, .RADIAN. ) );
#5343 = STYLED_ITEM ( 'NONE', ( #883 ), #4391 ) ;
#5344 = CARTESIAN_POINT ( 'NONE',  ( 16.78307522795901000, -15.29091159907682000, 47.50000000000000000 ) ) ;
#5345 = CIRCLE ( 'NONE', #5046, 0.5787973969144516500 ) ;
#5346 = EDGE_CURVE ( 'NONE', #1829, #3035, #8695, .T. ) ;
#5347 = SURFACE_SIDE_STYLE ('',( #1864 ) ) ;
#5348 = MECHANICAL_DESIGN_GEOMETRIC_PRESENTATION_REPRESENTATION (  '', ( #2680 ), #5874 ) ;
#5349 = CARTESIAN_POINT ( 'NONE',  ( -15.07550534522247300, -16.72874093610845800, 47.50000000000000000 ) ) ;
#5350 = DIRECTION ( 'NONE',  ( -0.0000000000000000000, -0.0000000000000000000, 1.000000000000000000 ) ) ;
#5351 = PRESENTATION_STYLE_ASSIGNMENT (( #5229 ) ) ;
#5352 = LINE ( 'NONE', #8981, #6860 ) ;
#5353 = FACE_OUTER_BOUND ( 'NONE', #9185, .T. ) ;
#5354 =( GEOMETRIC_REPRESENTATION_CONTEXT ( 3 ) GLOBAL_UNCERTAINTY_ASSIGNED_CONTEXT ( ( #2669 ) ) GLOBAL_UNIT_ASSIGNED_CONTEXT ( ( #8402, #6003, #9097 ) ) REPRESENTATION_CONTEXT ( 'NONE', 'WORKASPACE' ) );
#5355 = DIRECTION ( 'NONE',  ( 0.0000000000000000000, 0.0000000000000000000, 1.000000000000000000 ) ) ;
#5356 = ADVANCED_FACE ( 'NONE', ( #3478 ), #5472, .F. ) ;
#5357 = EDGE_CURVE ( 'NONE', #7774, #1571, #8320, .T. ) ;
#5358 = EDGE_CURVE ( 'NONE', #6467, #1516, #3829, .T. ) ;
#5359 = DIRECTION ( 'NONE',  ( -0.0000000000000000000, 1.000000000000000000, -0.0000000000000000000 ) ) ;
#5360 = SURFACE_STYLE_FILL_AREA ( #6251 ) ;
#5361 = CARTESIAN_POINT ( 'NONE',  ( 0.0000000000000000000, -19.15000000000000600, 43.56695646205938000 ) ) ;
#5362 = VERTEX_POINT ( 'NONE', #3855 ) ;
#5363 = CARTESIAN_POINT ( 'NONE',  ( -16.94289321881342000, -20.65000000000000900, 47.50000000000000000 ) ) ;
#5364 = CARTESIAN_POINT ( 'NONE',  ( 11.99999999999983800, 15.50000000000016000, 47.50000000000000000 ) ) ;
#5365 = EDGE_LOOP ( 'NONE', ( #9554, #498, #2831, #346 ) ) ;
#5366 = FILL_AREA_STYLE ('',( #1262 ) ) ;
#5367 = COLOUR_RGB ( '',0.2509803921568627400, 0.2509803921568627400, 0.2509803921568627400 ) ;
#5368 = SURFACE_SIDE_STYLE ('',( #4853 ) ) ;
#5369 = DIRECTION ( 'NONE',  ( 1.000000000000000000, 0.0000000000000000000, 0.0000000000000000000 ) ) ;
#5370 = STYLED_ITEM ( 'NONE', ( #8856 ), #907 ) ;
#5371 = DIRECTION ( 'NONE',  ( 1.000000000000000000, 0.0000000000000000000, 0.0000000000000000000 ) ) ;
#5372 = DIRECTION ( 'NONE',  ( 1.000000000000000000, -1.534293971618784800E-013, 0.0000000000000000000 ) ) ;
#5373 = EDGE_LOOP ( 'NONE', ( #9950, #1131, #9809, #810, #7902, #7848, #5434, #3369, #33, #6871, #1656, #6981 ) ) ;
#5374 = ORIENTED_EDGE ( 'NONE', *, *, #862, .F. ) ;
#5375 = CARTESIAN_POINT ( 'NONE',  ( -15.07550534522246900, -15.05359323060807800, 46.50000000000000000 ) ) ;
#5376 = LINE ( 'NONE', #4021, #1133 ) ;
#5377 = CARTESIAN_POINT ( 'NONE',  ( -15.49999999999897900, -15.50000000000102100, 47.50000000000000000 ) ) ;
#5378 = DIRECTION ( 'NONE',  ( -1.000000000000000000, 0.0000000000000000000, 0.0000000000000000000 ) ) ;
#5379 = DIRECTION ( 'NONE',  ( -0.7071067811865440200, 0.7071067811865510100, -4.906538933386820900E-015 ) ) ;
#5380 = LINE ( 'NONE', #8085, #7492 ) ;
#5381 = ORIENTED_EDGE ( 'NONE', *, *, #10295, .F. ) ;
#5382 = ORIENTED_EDGE ( 'NONE', *, *, #3975, .F. ) ;
#5383 = AXIS2_PLACEMENT_3D ( 'NONE', #3395, #9697, #9628 ) ;
#5384 = AXIS2_PLACEMENT_3D ( 'NONE', #6203, #3816, #10226 ) ;
#5385 = CARTESIAN_POINT ( 'NONE',  ( 0.0000000000000000000, 0.0000000000000000000, -23.50000000000000700 ) ) ;
#5386 = FACE_OUTER_BOUND ( 'NONE', #8125, .T. ) ;
#5387 =( LENGTH_UNIT ( ) NAMED_UNIT ( * ) SI_UNIT ( .MILLI., .METRE. ) );
#5388 = DIRECTION ( 'NONE',  ( -2.488044278300495100E-014, -1.000000000000000000, 0.0000000000000000000 ) ) ;
#5389 = EDGE_LOOP ( 'NONE', ( #7749, #3769 ) ) ;
#5390 = ORIENTED_EDGE ( 'NONE', *, *, #5223, .F. ) ;
#5391 = ORIENTED_EDGE ( 'NONE', *, *, #4018, .F. ) ;
#5392 = CARTESIAN_POINT ( 'NONE',  ( -2.000000000000015500, 2.755455298081554100E-016, -24.00000000000000000 ) ) ;
#5393 = EDGE_LOOP ( 'NONE', ( #1650, #531, #5199, #3225 ) ) ;
#5394 = VECTOR ( 'NONE', #4252, 1000.000000000000000 ) ;
#5395 = EDGE_CURVE ( 'NONE', #1282, #2747, #1470, .T. ) ;
#5396 =( NAMED_UNIT ( * ) SI_UNIT ( $, .STERADIAN. ) SOLID_ANGLE_UNIT ( ) );
#5397 = STYLED_ITEM ( 'NONE', ( #5531 ), #3713 ) ;
#5398 = CARTESIAN_POINT ( 'NONE',  ( 15.50000000000102000, -15.49999999999983700, 46.00000000000000000 ) ) ;
#5399 =( NAMED_UNIT ( * ) SI_UNIT ( $, .STERADIAN. ) SOLID_ANGLE_UNIT ( ) );
#5400 = EDGE_CURVE ( 'NONE', #2005, #829, #9695, .T. ) ;
#5402 = DIRECTION ( 'NONE',  ( 1.000000000000000000, 0.0000000000000000000, -0.0000000000000000000 ) ) ;
#5401 = DIRECTION ( 'NONE',  ( 1.000000000000000000, 0.0000000000000000000, 0.0000000000000000000 ) ) ;
#5403 = VERTEX_POINT ( 'NONE', #7900 ) ;
#5404 = ORIENTED_EDGE ( 'NONE', *, *, #684, .T. ) ;
#5405 = SURFACE_STYLE_FILL_AREA ( #712 ) ;
#5406 = ADVANCED_FACE ( 'NONE', ( #4586 ), #6341, .T. ) ;
#5408 = LINE ( 'NONE', #1727, #5909 ) ;
#5407 = DIRECTION ( 'NONE',  ( -1.000000000000000000, 0.0000000000000000000, 0.0000000000000000000 ) ) ;
#5409 = CARTESIAN_POINT ( 'NONE',  ( -16.78307522795905600, 15.29091159908146700, 47.50000000000000000 ) ) ;
#5410 = LINE ( 'NONE', #2064, #1422 ) ;
#5411 = ORIENTED_EDGE ( 'NONE', *, *, #7199, .F. ) ;
#5412 = CARTESIAN_POINT ( 'NONE',  ( -15.49999999999897900, -15.50000000000102100, 47.50000000000000000 ) ) ;
#5413 = CARTESIAN_POINT ( 'NONE',  ( -15.49999999999897900, -15.50000000000102100, 46.00000000000000000 ) ) ;
#5414 = CARTESIAN_POINT ( 'NONE',  ( 15.05359323060813500, -15.07550534522241900, 46.50000000000000000 ) ) ;
#5415 = ORIENTED_EDGE ( 'NONE', *, *, #9228, .T. ) ;
#5416 = PLANE ( 'NONE',  #759 ) ;
#5417 = AXIS2_PLACEMENT_3D ( 'NONE', #8815, #5660, #7008 ) ;
#5418 = LINE ( 'NONE', #3704, #6173 ) ;
#5419 = ORIENTED_EDGE ( 'NONE', *, *, #8989, .F. ) ;
#5420 = ORIENTED_EDGE ( 'NONE', *, *, #793, .T. ) ;
#5421 = EDGE_CURVE ( 'NONE', #194, #190, #1359, .T. ) ;
#5422 = EDGE_CURVE ( 'NONE', #768, #8048, #5459, .T. ) ;
#5423 = VECTOR ( 'NONE', #4326, 1000.000000000000000 ) ;
#5424 = CIRCLE ( 'NONE', #6277, 1.300000000000000700 ) ;
#5425 = ORIENTED_EDGE ( 'NONE', *, *, #3409, .F. ) ;
#5426 = DIRECTION ( 'NONE',  ( -1.000000000000000000, -1.387778780781444400E-014, 0.0000000000000000000 ) ) ;
#5427 = CIRCLE ( 'NONE', #6870, 1.299999999999999200 ) ;
#5428 = ORIENTED_EDGE ( 'NONE', *, *, #2210, .F. ) ;
#5429 = DIRECTION ( 'NONE',  ( 1.000000000000000000, 0.0000000000000000000, 0.0000000000000000000 ) ) ;
#5430 = ORIENTED_EDGE ( 'NONE', *, *, #3923, .T. ) ;
#5431 = CARTESIAN_POINT ( 'NONE',  ( -2.500000000000000000, 3.061616997868383100E-016, 45.00000000000000000 ) ) ;
#5432 = AXIS2_PLACEMENT_3D ( 'NONE', #7526, #7375, #1816 ) ;
#5433 = DIRECTION ( 'NONE',  ( 1.000000000000000000, -1.534293971618784800E-013, 0.0000000000000000000 ) ) ;
#5434 = ORIENTED_EDGE ( 'NONE', *, *, #9821, .T. ) ;
#5435 = PRESENTATION_LAYER_ASSIGNMENT (  '', '', ( #4016 ) ) ;
#5436 = B_SPLINE_CURVE_WITH_KNOTS ( 'NONE', 3,
 ( #2804, #3598, #1965, #297 ),
 .UNSPECIFIED., .F., .F.,
 ( 4, 4 ),
 ( 0.0004464067693909223900, 0.0008928135387838570500 ),
 .UNSPECIFIED. ) ;
#5437 = EDGE_CURVE ( 'NONE', #5824, #2593, #5964, .T. ) ;
#5438 = DIRECTION ( 'NONE',  ( -1.000000000000000000, 9.378789715092728600E-015, -0.0000000000000000000 ) ) ;
#5439 = CARTESIAN_POINT ( 'NONE',  ( 0.0000000000000000000, 0.0000000000000000000, -1.734723475976807100E-015 ) ) ;
#5440 = ORIENTED_EDGE ( 'NONE', *, *, #7150, .F. ) ;
#5441 = DIRECTION ( 'NONE',  ( 1.387778780781444300E-014, -1.000000000000000000, 0.0000000000000000000 ) ) ;
#5443 = DIRECTION ( 'NONE',  ( 1.000000000000000000, 0.0000000000000000000, -0.0000000000000000000 ) ) ;
#5442 = DIRECTION ( 'NONE',  ( -0.0000000000000000000, -0.0000000000000000000, 1.000000000000000000 ) ) ;
#5444 = LINE ( 'NONE', #2454, #3329 ) ;
#5445 = ORIENTED_EDGE ( 'NONE', *, *, #7761, .F. ) ;
#5446 = CARTESIAN_POINT ( 'NONE',  ( -16.78307522795903500, 15.07550534522243900, 46.50000000000000000 ) ) ;
#5447 = VERTEX_POINT ( 'NONE', #802 ) ;
#5448 = CARTESIAN_POINT ( 'NONE',  ( 3.600000000000001400, -21.15000000000000600, 44.50000000000000000 ) ) ;
#5449 = STYLED_ITEM ( 'NONE', ( #3382 ), #2087 ) ;
#5450 = PRESENTATION_LAYER_ASSIGNMENT (  '', '', ( #10065 ) ) ;
#5451 = CARTESIAN_POINT ( 'NONE',  ( 0.0000000000000000000, 0.0000000000000000000, 1.000000000000000000 ) ) ;
#5452 = DIRECTION ( 'NONE',  ( 1.000000000000000000, 0.0000000000000000000, 0.0000000000000000000 ) ) ;
#5453 = DIRECTION ( 'NONE',  ( -1.000000000000000000, -8.202002250481357500E-017, 0.0000000000000000000 ) ) ;
#5454 = CIRCLE ( 'NONE', #7201, 3.500000000000000000 ) ;
#5455 = ORIENTED_EDGE ( 'NONE', *, *, #10266, .T. ) ;
#5456 = ORIENTED_EDGE ( 'NONE', *, *, #9771, .T. ) ;
#5457 = ORIENTED_EDGE ( 'NONE', *, *, #5358, .F. ) ;
#5458 = CARTESIAN_POINT ( 'NONE',  ( -13.31369220013742800, 21.15999999999999700, 5.999999999999998200 ) ) ;
#5459 = LINE ( 'NONE', #7932, #1099 ) ;
#5460 = CIRCLE ( 'NONE', #4830, 2.500000000000000000 ) ;
#5461 = DIRECTION ( 'NONE',  ( -0.0000000000000000000, -0.0000000000000000000, 1.000000000000000000 ) ) ;
#5462 = SURFACE_SIDE_STYLE ('',( #4629 ) ) ;
#5463 = DIRECTION ( 'NONE',  ( -1.000000000000000000, 0.0000000000000000000, 0.0000000000000000000 ) ) ;
#5464 =( GEOMETRIC_REPRESENTATION_CONTEXT ( 3 ) GLOBAL_UNCERTAINTY_ASSIGNED_CONTEXT ( ( #6059 ) ) GLOBAL_UNIT_ASSIGNED_CONTEXT ( ( #5334, #6128, #506 ) ) REPRESENTATION_CONTEXT ( 'NONE', 'WORKASPACE' ) );
#5465 = CARTESIAN_POINT ( 'NONE',  ( -14.15069333393213900, -15.79760451292830400, 47.49833231681230200 ) ) ;
#5466 = VERTEX_POINT ( 'NONE', #1502 ) ;
#5467 = AXIS2_PLACEMENT_3D ( 'NONE', #9657, #4977, #151 ) ;
#5468 = COLOUR_RGB ( '',0.2509803921568627400, 0.2509803921568627400, 0.2509803921568627400 ) ;
#5469 = CARTESIAN_POINT ( 'NONE',  ( 2.799999999999999800, 0.0000000000000000000, 45.00000000000000000 ) ) ;
#5470 = CARTESIAN_POINT ( 'NONE',  ( 0.0000000000000000000, 2.000000000000000000, -24.00000000000000000 ) ) ;
#5471 = ADVANCED_FACE ( 'NONE', ( #7711 ), #7070, .F. ) ;
#5473 = CARTESIAN_POINT ( 'NONE',  ( 15.92449465477568900, 14.21692477204115900, 47.49867441544050500 ) ) ;
#5472 = PLANE ( 'NONE',  #10158 ) ;
#5474 = AXIS2_PLACEMENT_3D ( 'NONE', #1298, #1333, #7702 ) ;
#5475 = CARTESIAN_POINT ( 'NONE',  ( 15.94640676939199500, -15.07550534522242500, 47.50000000000000000 ) ) ;
#5476 = DIRECTION ( 'NONE',  ( -1.000000000000000000, 0.0000000000000000000, 0.0000000000000000000 ) ) ;
#5477 = VECTOR ( 'NONE', #6763, 1000.000000000000000 ) ;
#5478 = EDGE_CURVE ( 'NONE', #2747, #8255, #7202, .T. ) ;
#5479 = LINE ( 'NONE', #7476, #3965 ) ;
#5480 = EDGE_CURVE ( 'NONE', #668, #4399, #733, .T. ) ;
#5481 = SURFACE_SIDE_STYLE ('',( #5360 ) ) ;
#5482 = AXIS2_PLACEMENT_3D ( 'NONE', #9724, #8400, #4892 ) ;
#5483 = CARTESIAN_POINT ( 'NONE',  ( -21.14999999999999500, 17.14999999999999500, 0.5000000000000004400 ) ) ;
#5484 =( LENGTH_UNIT ( ) NAMED_UNIT ( * ) SI_UNIT ( .MILLI., .METRE. ) );
#5485 = CARTESIAN_POINT ( 'NONE',  ( -21.14999999999999500, 21.14999999999999900, 38.00000000000000000 ) ) ;
#5486 = EDGE_LOOP ( 'NONE', ( #7018, #4815, #2017, #5937 ) ) ;
#5487 = ORIENTED_EDGE ( 'NONE', *, *, #2335, .F. ) ;
#5488 =( GEOMETRIC_REPRESENTATION_CONTEXT ( 3 ) GLOBAL_UNCERTAINTY_ASSIGNED_CONTEXT ( ( #1265 ) ) GLOBAL_UNIT_ASSIGNED_CONTEXT ( ( #6253, #408, #3575 ) ) REPRESENTATION_CONTEXT ( 'NONE', 'WORKASPACE' ) );
#5489 = EDGE_CURVE ( 'NONE', #9360, #9887, #6445, .T. ) ;
#5490 = EDGE_CURVE ( 'NONE', #8892, #1008, #6845, .T. ) ;
#5491 = CARTESIAN_POINT ( 'NONE',  ( -20.64999999999999500, 16.94289321881344900, 10.00000000000000000 ) ) ;
#5492 = VERTEX_POINT ( 'NONE', #931 ) ;
#5493 = ORIENTED_EDGE ( 'NONE', *, *, #997, .F. ) ;
#5494 = CIRCLE ( 'NONE', #3951, 1.299999999999999200 ) ;
#5495 = CIRCLE ( 'NONE', #3250, 0.5000000000000006700 ) ;
#5496 = CARTESIAN_POINT ( 'NONE',  ( 12.49999999999984000, 15.50000000000016000, 46.00000000000000000 ) ) ;
#5497 = VECTOR ( 'NONE', #9946, 1000.000000000000000 ) ;
#5498 = VECTOR ( 'NONE', #2387, 1000.000000000000000 ) ;
#5499 = DIRECTION ( 'NONE',  ( 1.000000000000000000, 8.202002250481357500E-017, -0.0000000000000000000 ) ) ;
#5500 = DIRECTION ( 'NONE',  ( 1.000000000000000000, 0.0000000000000000000, 0.0000000000000000000 ) ) ;
#5501 = DIRECTION ( 'NONE',  ( -0.0000000000000000000, -0.0000000000000000000, -1.000000000000000000 ) ) ;
#5502 = VERTEX_POINT ( 'NONE', #9614 ) ;
#5503 = CARTESIAN_POINT ( 'NONE',  ( 20.64999999999999900, 16.94289321881344500, 47.50000000000000000 ) ) ;
#5504 =( GEOMETRIC_REPRESENTATION_CONTEXT ( 3 ) GLOBAL_UNCERTAINTY_ASSIGNED_CONTEXT ( ( #8621 ) ) GLOBAL_UNIT_ASSIGNED_CONTEXT ( ( #5822, #9019, #3493 ) ) REPRESENTATION_CONTEXT ( 'NONE', 'WORKASPACE' ) );
#5505 = AXIS2_PLACEMENT_3D ( 'NONE', #1534, #4755, #5577 ) ;
#5506 = FACE_OUTER_BOUND ( 'NONE', #5170, .T. ) ;
#5507 = CARTESIAN_POINT ( 'NONE',  ( 14.21692477204111100, -15.92449465477574600, 46.50000000000000000 ) ) ;
#5508 = CYLINDRICAL_SURFACE ( 'NONE', #2912, 25.00000000000000000 ) ;
#5509 = EDGE_LOOP ( 'NONE', ( #7654, #5294, #4407, #3399, #7447 ) ) ;
#5510 = ORIENTED_EDGE ( 'NONE', *, *, #2349, .F. ) ;
#5511 = EDGE_LOOP ( 'NONE', ( #2859, #7434, #3046, #4430, #5105 ) ) ;
#5512 = CIRCLE ( 'NONE', #681, 2.299999999999999800 ) ;
#5513 = CARTESIAN_POINT ( 'NONE',  ( 12.50000000000124000, -15.49999999999983700, 46.00000000000000000 ) ) ;
#5514 = DIRECTION ( 'NONE',  ( -1.000000000000000000, 0.0000000000000000000, 0.0000000000000000000 ) ) ;
#5515 = FACE_OUTER_BOUND ( 'NONE', #5869, .T. ) ;
#5516 = ORIENTED_EDGE ( 'NONE', *, *, #792, .T. ) ;
#5517 = FACE_OUTER_BOUND ( 'NONE', #4616, .T. ) ;
#5518 = ADVANCED_FACE ( 'NONE', ( #4074 ), #8908, .F. ) ;
#5519 = MECHANICAL_DESIGN_GEOMETRIC_PRESENTATION_REPRESENTATION (  '', ( #186 ), #5464 ) ;
#5520 = MECHANICAL_DESIGN_GEOMETRIC_PRESENTATION_REPRESENTATION (  '', ( #4464 ), #187 ) ;
#5521 = ORIENTED_EDGE ( 'NONE', *, *, #7538, .F. ) ;
#5522 = ORIENTED_EDGE ( 'NONE', *, *, #7000, .T. ) ;
#5523 = ORIENTED_EDGE ( 'NONE', *, *, #8360, .F. ) ;
#5524 = VECTOR ( 'NONE', #325, 1000.000000000000000 ) ;
#5525 = FACE_BOUND ( 'NONE', #7992, .T. ) ;
#5526 = SURFACE_SIDE_STYLE ('',( #2598 ) ) ;
#5527 = CARTESIAN_POINT ( 'NONE',  ( -16.94289321881343100, 20.64999999999999900, 0.5000000000000000000 ) ) ;
#5528 = VECTOR ( 'NONE', #2930, 1000.000000000000000 ) ;
#5529 = CARTESIAN_POINT ( 'NONE',  ( -14.15069333393213900, -15.64880225646466400, 47.49878368663158300 ) ) ;
#5530 = EDGE_LOOP ( 'NONE', ( #1932, #4583, #5017, #5285, #4851 ) ) ;
#5531 = PRESENTATION_STYLE_ASSIGNMENT (( #282 ) ) ;
#5532 = EDGE_CURVE ( 'NONE', #8255, #7846, #3105, .T. ) ;
#5533 = VERTEX_POINT ( 'NONE', #4173 ) ;
#5534 = ORIENTED_EDGE ( 'NONE', *, *, #6458, .F. ) ;
#5535 = CARTESIAN_POINT ( 'NONE',  ( 14.19999999999983800, 15.50000000000016000, 46.50000000000000000 ) ) ;
#5536 = PRESENTATION_LAYER_ASSIGNMENT (  '', '', ( #917 ) ) ;
#5537 = FACE_OUTER_BOUND ( 'NONE', #5146, .T. ) ;
#5538 = DIRECTION ( 'NONE',  ( -1.000000000000000000, 0.0000000000000000000, 0.0000000000000000000 ) ) ;
#5539 = CARTESIAN_POINT ( 'NONE',  ( 14.27904914257722300, 15.05359323060818400, 47.50000000000000000 ) ) ;
#5540 = PRESENTATION_STYLE_ASSIGNMENT (( #499 ) ) ;
#5541 = EDGE_CURVE ( 'NONE', #9654, #3255, #8561, .T. ) ;
#5542 = CARTESIAN_POINT ( 'NONE',  ( -15.49999999999897900, -15.50000000000102100, 47.50000000000000000 ) ) ;
#5543 = EDGE_LOOP ( 'NONE', ( #3582, #6311, #6202, #4801 ) ) ;
#5544 = AXIS2_PLACEMENT_3D ( 'NONE', #5845, #1833, #6643 ) ;
#5545 = EDGE_CURVE ( 'NONE', #9319, #8812, #3712, .T. ) ;
#5546 = ORIENTED_EDGE ( 'NONE', *, *, #4077, .F. ) ;
#5547 = CARTESIAN_POINT ( 'NONE',  ( 15.50000000000102000, -15.49999999999983700, 47.50000000000000000 ) ) ;
#5548 = FACE_OUTER_BOUND ( 'NONE', #5765, .T. ) ;
#5549 = VERTEX_POINT ( 'NONE', #7266 ) ;
#5550 = ORIENTED_EDGE ( 'NONE', *, *, #8277, .T. ) ;
#5551 = PRODUCT_DEFINITION_CONTEXT ( 'detailed design', #1862, 'design' ) ;
#5552 = LINE ( 'NONE', #2263, #582 ) ;
#5553 = DIRECTION ( 'NONE',  ( -1.000000000000000000, 0.0000000000000000000, 0.0000000000000000000 ) ) ;
#5554 = ORIENTED_EDGE ( 'NONE', *, *, #7431, .F. ) ;
#5555 = DIRECTION ( 'NONE',  ( -0.0000000000000000000, -0.0000000000000000000, 1.000000000000000000 ) ) ;
#5556 = AXIS2_PLACEMENT_3D ( 'NONE', #7707, #2119, #9418 ) ;
#5557 = EDGE_CURVE ( 'NONE', #572, #9481, #608, .T. ) ;
#5558 = VECTOR ( 'NONE', #8308, 1000.000000000000000 ) ;
#5559 = EDGE_CURVE ( 'NONE', #7839, #2279, #7891, .T. ) ;
#5560 = VERTEX_POINT ( 'NONE', #1629 ) ;
#5561 = UNCERTAINTY_MEASURE_WITH_UNIT (LENGTH_MEASURE( 1.000000000000000100E-005 ), #2532, 'distance_accuracy_value', 'NONE');
#5562 = VECTOR ( 'NONE', #6508, 1000.000000000000000 ) ;
#5563 = ADVANCED_FACE ( 'NONE', ( #1458 ), #2445, .F. ) ;
#5564 = ORIENTED_EDGE ( 'NONE', *, *, #4534, .F. ) ;
#5565 = PLANE ( 'NONE',  #7182 ) ;
#5566 = CARTESIAN_POINT ( 'NONE',  ( 13.20000000000102100, -15.49999999999983700, 46.50000000000000000 ) ) ;
#5567 = DIRECTION ( 'NONE',  ( 0.0000000000000000000, 0.0000000000000000000, 1.000000000000000000 ) ) ;
#5568 = EDGE_LOOP ( 'NONE', ( #9571, #10163, #5796, #2667 ) ) ;
#5569 = AXIS2_PLACEMENT_3D ( 'NONE', #541, #580, #8401 ) ;
#5570 =( NAMED_UNIT ( * ) SI_UNIT ( $, .STERADIAN. ) SOLID_ANGLE_UNIT ( ) );
#5571 = B_SPLINE_CURVE_WITH_KNOTS ( 'NONE', 3,
 ( #2647, #9715, #6535, #3376 ),
 .UNSPECIFIED., .F., .F.,
 ( 4, 4 ),
 ( 0.0004464067693929641600, 0.0008928135387838587900 ),
 .UNSPECIFIED. ) ;
#5572 = DIRECTION ( 'NONE',  ( 0.0000000000000000000, -0.0000000000000000000, -1.000000000000000000 ) ) ;
#5573 = CARTESIAN_POINT ( 'NONE',  ( -21.14999999999999500, -17.14999999999998800, 38.00000000000000000 ) ) ;
#5574 = VERTEX_POINT ( 'NONE', #6542 ) ;
#5575 = CARTESIAN_POINT ( 'NONE',  ( -14.15069333393214100, -15.94640676939194500, 47.49262389544732300 ) ) ;
#5576 = ADVANCED_FACE ( 'NONE', ( #6954 ), #217, .F. ) ;
#5577 = DIRECTION ( 'NONE',  ( 1.000000000000000000, 0.0000000000000000000, -0.0000000000000000000 ) ) ;
#5578 = ORIENTED_EDGE ( 'NONE', *, *, #9544, .T. ) ;
#5580 = DIRECTION ( 'NONE',  ( -1.000000000000000000, 0.0000000000000000000, 0.0000000000000000000 ) ) ;
#5579 = FILL_AREA_STYLE_COLOUR ( '', #5591 ) ;
#5581 = ORIENTED_EDGE ( 'NONE', *, *, #3349, .T. ) ;
#5582 = VECTOR ( 'NONE', #5848, 1000.000000000000000 ) ;
#5583 = DIRECTION ( 'NONE',  ( 0.0000000000000000000, -1.000000000000000000, 0.0000000000000000000 ) ) ;
#5584 = ORIENTED_EDGE ( 'NONE', *, *, #9817, .F. ) ;
#5585 = MECHANICAL_DESIGN_GEOMETRIC_PRESENTATION_REPRESENTATION (  '', ( #7515 ), #6647 ) ;
#5586 = AXIS2_PLACEMENT_3D ( 'NONE', #8052, #9669, #879 ) ;
#5587 =( NAMED_UNIT ( * ) SI_UNIT ( $, .STERADIAN. ) SOLID_ANGLE_UNIT ( ) );
#5588 = CARTESIAN_POINT ( 'NONE',  ( 16.94289321881345600, 21.14999999999999900, 0.0000000000000000000 ) ) ;
#5589 = VERTEX_POINT ( 'NONE', #9719 ) ;
#5590 = DIRECTION ( 'NONE',  ( -0.0000000000000000000, -0.0000000000000000000, 1.000000000000000000 ) ) ;
#5591 = COLOUR_RGB ( '',0.2509803921568627400, 0.2509803921568627400, 0.2509803921568627400 ) ;
#5592 = EDGE_CURVE ( 'NONE', #6028, #1516, #1697, .T. ) ;
#5593 = COLOUR_RGB ( '',1.000000000000000000, 0.0000000000000000000, 0.0000000000000000000 ) ;
#5594 = CARTESIAN_POINT ( 'NONE',  ( -17.14999999999997700, -21.15000000000000600, 47.50000000000000000 ) ) ;
#5595 = PLANE ( 'NONE',  #10064 ) ;
#5596 = AXIS2_PLACEMENT_3D ( 'NONE', #2314, #10213, #9522 ) ;
#5597 = PRESENTATION_STYLE_ASSIGNMENT (( #8862 ) ) ;
#5598 = EDGE_CURVE ( 'NONE', #1670, #6998, #7935, .T. ) ;
#5599 = SURFACE_SIDE_STYLE ('',( #463 ) ) ;
#5600 = EDGE_CURVE ( 'NONE', #5005, #6145, #6570, .T. ) ;
#5601 = UNCERTAINTY_MEASURE_WITH_UNIT (LENGTH_MEASURE( 1.000000000000000100E-005 ), #1412, 'distance_accuracy_value', 'NONE');
#5602 = AXIS2_PLACEMENT_3D ( 'NONE', #5749, #3431, #4142 ) ;
#5603 = SURFACE_SIDE_STYLE ('',( #2879 ) ) ;
#5604 = CARTESIAN_POINT ( 'NONE',  ( -15.49999999999994500, -15.50000000000005000, 5.251075773784450900 ) ) ;
#5605 = DIRECTION ( 'NONE',  ( 1.000000000000000000, 0.0000000000000000000, 0.0000000000000000000 ) ) ;
#5606 = FACE_OUTER_BOUND ( 'NONE', #9034, .T. ) ;
#5607 = FACE_OUTER_BOUND ( 'NONE', #6639, .T. ) ;
#5608 = DIRECTION ( 'NONE',  ( -0.7071067811865462400, 0.7071067811865489100, -0.0000000000000000000 ) ) ;
#5610 = CARTESIAN_POINT ( 'NONE',  ( -14.21692477204121700, 15.21910815489313300, 47.50000000000000000 ) ) ;
#5609 =( LENGTH_UNIT ( ) NAMED_UNIT ( * ) SI_UNIT ( .MILLI., .METRE. ) );
#5611 = FILL_AREA_STYLE_COLOUR ( '', #2925 ) ;
#5612 = AXIS2_PLACEMENT_3D ( 'NONE', #5759, #6562, #6484 ) ;
#5613 = EDGE_CURVE ( 'NONE', #7299, #5957, #4327, .T. ) ;
#5614 = ORIENTED_EDGE ( 'NONE', *, *, #9499, .F. ) ;
#5615 = EDGE_CURVE ( 'NONE', #291, #4950, #8185, .T. ) ;
#5616 = PRESENTATION_STYLE_ASSIGNMENT (( #7098 ) ) ;
#5617 = AXIS2_PLACEMENT_3D ( 'NONE', #6564, #8053, #4234 ) ;
#5618 = CARTESIAN_POINT ( 'NONE',  ( 0.0000000000000000000, 0.0000000000000000000, 45.00000000000000000 ) ) ;
#5619 = VECTOR ( 'NONE', #15, 1000.000000000000000 ) ;
#5620 = PRESENTATION_STYLE_ASSIGNMENT (( #8741 ) ) ;
#5621 = ADVANCED_FACE ( 'NONE', ( #6209 ), #2756, .T. ) ;
#5622 = EDGE_LOOP ( 'NONE', ( #1336, #9392 ) ) ;
#5623 = COLOUR_RGB ( '',0.2509803921568627400, 0.2509803921568627400, 0.2509803921568627400 ) ;
#5624 = VERTEX_POINT ( 'NONE', #5774 ) ;
#5625 = AXIS2_PLACEMENT_3D ( 'NONE', #7596, #4387, #8429 ) ;
#5626 = PLANE ( 'NONE',  #821 ) ;
#5627 = CIRCLE ( 'NONE', #7648, 0.5000000000000000000 ) ;
#5628 =( GEOMETRIC_REPRESENTATION_CONTEXT ( 3 ) GLOBAL_UNCERTAINTY_ASSIGNED_CONTEXT ( ( #891 ) ) GLOBAL_UNIT_ASSIGNED_CONTEXT ( ( #10182, #7737, #4666 ) ) REPRESENTATION_CONTEXT ( 'NONE', 'WORKASPACE' ) );
#5629 = FACE_OUTER_BOUND ( 'NONE', #2108, .T. ) ;
#5630 = EDGE_CURVE ( 'NONE', #646, #972, #9060, .T. ) ;
#5631 = SURFACE_STYLE_FILL_AREA ( #523 ) ;
#5632 = PLANE ( 'NONE',  #633 ) ;
#5633 = CARTESIAN_POINT ( 'NONE',  ( 17.29644660940673300, 21.00355339059327500, 0.5000000000000000000 ) ) ;
#5634 = ORIENTED_EDGE ( 'NONE', *, *, #2773, .F. ) ;
#5635 = ORIENTED_EDGE ( 'NONE', *, *, #2237, .F. ) ;
#5636 = SURFACE_STYLE_FILL_AREA ( #2577 ) ;
#5637 = DIRECTION ( 'NONE',  ( -0.0000000000000000000, 1.000000000000000000, -0.0000000000000000000 ) ) ;
#5638 = LINE ( 'NONE', #838, #1398 ) ;
#5639 = DIRECTION ( 'NONE',  ( 0.0000000000000000000, 0.0000000000000000000, 1.000000000000000000 ) ) ;
#5640 = PLANE ( 'NONE',  #1400 ) ;
#5641 = LINE ( 'NONE', #1229, #4753 ) ;
#5642 = DIRECTION ( 'NONE',  ( 0.0000000000000000000, 0.0000000000000000000, 1.000000000000000000 ) ) ;
#5643 = CARTESIAN_POINT ( 'NONE',  ( -0.5305570004894404300, 2.000000000000000000, -23.94413871639188300 ) ) ;
#5644 = DIRECTION ( 'NONE',  ( 0.0000000000000000000, 0.0000000000000000000, 1.000000000000000000 ) ) ;
#5645 = ORIENTED_EDGE ( 'NONE', *, *, #8613, .T. ) ;
#5646 = ORIENTED_EDGE ( 'NONE', *, *, #7620, .F. ) ;
#5647 = SURFACE_STYLE_USAGE ( .BOTH. , #81 ) ;
#5648 = ORIENTED_EDGE ( 'NONE', *, *, #3980, .F. ) ;
#5649 =( GEOMETRIC_REPRESENTATION_CONTEXT ( 3 ) GLOBAL_UNCERTAINTY_ASSIGNED_CONTEXT ( ( #7527 ) ) GLOBAL_UNIT_ASSIGNED_CONTEXT ( ( #5890, #1926, #5931 ) ) REPRESENTATION_CONTEXT ( 'NONE', 'WORKASPACE' ) );
#5650 = STYLED_ITEM ( 'NONE', ( #9082 ), #7548 ) ;
#5651 = DIRECTION ( 'NONE',  ( 0.0000000000000000000, 0.0000000000000000000, 1.000000000000000000 ) ) ;
#5652 = CIRCLE ( 'NONE', #3016, 0.5000000000000000000 ) ;
#5653 = CIRCLE ( 'NONE', #5974, 0.5000000000000004400 ) ;
#5654 = SURFACE_SIDE_STYLE ('',( #6033 ) ) ;
#5655 = SURFACE_SIDE_STYLE ('',( #9939 ) ) ;
#5656 = ORIENTED_EDGE ( 'NONE', *, *, #3560, .F. ) ;
#5657 = FILL_AREA_STYLE ('',( #9764 ) ) ;
#5658 = LINE ( 'NONE', #4439, #7650 ) ;
#5659 = DIRECTION ( 'NONE',  ( -1.000000000000000000, 1.125454765811129600E-014, -0.0000000000000000000 ) ) ;
#5661 =( NAMED_UNIT ( * ) PLANE_ANGLE_UNIT ( ) SI_UNIT ( $, .RADIAN. ) );
#5660 = DIRECTION ( 'NONE',  ( -1.000000000000000000, 5.211847922874171200E-016, 0.0000000000000000000 ) ) ;
#5662 = AXIS2_PLACEMENT_3D ( 'NONE', #383, #4343, #1176 ) ;
#5663 = ORIENTED_EDGE ( 'NONE', *, *, #740, .T. ) ;
#5664 = ADVANCED_FACE ( 'NONE', ( #4066 ), #7360, .F. ) ;
#5665 = ORIENTED_EDGE ( 'NONE', *, *, #4414, .F. ) ;
#5666 = SURFACE_STYLE_FILL_AREA ( #587 ) ;
#5667 = DIRECTION ( 'NONE',  ( -0.0000000000000000000, -0.0000000000000000000, 1.000000000000000000 ) ) ;
#5668 = ORIENTED_EDGE ( 'NONE', *, *, #1962, .T. ) ;
#5669 = ORIENTED_EDGE ( 'NONE', *, *, #1808, .T. ) ;
#5670 = CYLINDRICAL_SURFACE ( 'NONE', #10020, 0.5000000000000004400 ) ;
#5671 = PLANE ( 'NONE',  #10079 ) ;
#5672 = ORIENTED_EDGE ( 'NONE', *, *, #4077, .T. ) ;
#5673 =( NAMED_UNIT ( * ) SI_UNIT ( $, .STERADIAN. ) SOLID_ANGLE_UNIT ( ) );
#5674 = DIRECTION ( 'NONE',  ( -0.0000000000000000000, -0.0000000000000000000, 1.000000000000000000 ) ) ;
#5675 = MECHANICAL_DESIGN_GEOMETRIC_PRESENTATION_REPRESENTATION (  '', ( #9608 ), #9225 ) ;
#5676 = ORIENTED_EDGE ( 'NONE', *, *, #5280, .F. ) ;
#5677 = ADVANCED_FACE ( 'NONE', ( #10188 ), #7411, .F. ) ;
#5678 = DIRECTION ( 'NONE',  ( 0.0000000000000000000, 0.0000000000000000000, 1.000000000000000000 ) ) ;
#5679 = EDGE_LOOP ( 'NONE', ( #9409, #2642, #159, #1428 ) ) ;
#5680 = EDGE_CURVE ( 'NONE', #8245, #5624, #2221, .T. ) ;
#5681 = COLOUR_RGB ( '',0.2509803921568627400, 0.2509803921568627400, 0.2509803921568627400 ) ;
#5682 = FILL_AREA_STYLE ('',( #4895 ) ) ;
#5683 =( GEOMETRIC_REPRESENTATION_CONTEXT ( 3 ) GLOBAL_UNCERTAINTY_ASSIGNED_CONTEXT ( ( #1086 ) ) GLOBAL_UNIT_ASSIGNED_CONTEXT ( ( #9202, #426, #9235 ) ) REPRESENTATION_CONTEXT ( 'NONE', 'WORKASPACE' ) );
#5684 = UNCERTAINTY_MEASURE_WITH_UNIT (LENGTH_MEASURE( 1.000000000000000100E-005 ), #864, 'distance_accuracy_value', 'NONE');
#5685 = ORIENTED_EDGE ( 'NONE', *, *, #8412, .F. ) ;
#5686 = LINE ( 'NONE', #6457, #1325 ) ;
#5687 = EDGE_LOOP ( 'NONE', ( #487, #7645, #9787, #4786 ) ) ;
#5688 = CARTESIAN_POINT ( 'NONE',  ( -3.599999999999999200, -21.15000000000000600, 40.00000000000000000 ) ) ;
#5689 = CARTESIAN_POINT ( 'NONE',  ( -15.50000000000016500, 15.49999999999897500, 47.50000000000000000 ) ) ;
#5690 =( GEOMETRIC_REPRESENTATION_CONTEXT ( 3 ) GLOBAL_UNCERTAINTY_ASSIGNED_CONTEXT ( ( #10085 ) ) GLOBAL_UNIT_ASSIGNED_CONTEXT ( ( #8437, #2850, #10010 ) ) REPRESENTATION_CONTEXT ( 'NONE', 'WORKASPACE' ) );
#5691 = CARTESIAN_POINT ( 'NONE',  ( 0.0000000000000000000, -21.25000000000000700, 0.0000000000000000000 ) ) ;
#5693 = PLANE ( 'NONE',  #6502 ) ;
#5692 = PLANE ( 'NONE',  #7553 ) ;
#5694 = EDGE_CURVE ( 'NONE', #5502, #1571, #3223, .T. ) ;
#5695 = EDGE_CURVE ( 'NONE', #2300, #5362, #4687, .T. ) ;
#5696 = UNCERTAINTY_MEASURE_WITH_UNIT (LENGTH_MEASURE( 1.000000000000000100E-005 ), #7679, 'distance_accuracy_value', 'NONE');
#5697 = ORIENTED_EDGE ( 'NONE', *, *, #6959, .T. ) ;
#5698 = CARTESIAN_POINT ( 'NONE',  ( -15.05359323060823600, 16.84930666606597800, 46.50000000000000000 ) ) ;
#5699 = CARTESIAN_POINT ( 'NONE',  ( 3.600000000000001400, -21.15000000000000600, 44.50000000000000000 ) ) ;
#5700 = DIRECTION ( 'NONE',  ( 9.378789715092728600E-015, 1.000000000000000000, 0.0000000000000000000 ) ) ;
#5701 = ORIENTED_EDGE ( 'NONE', *, *, #3743, .T. ) ;
#5702 = DIRECTION ( 'NONE',  ( 0.0000000000000000000, 1.000000000000000000, 0.0000000000000000000 ) ) ;
#5703 = EDGE_LOOP ( 'NONE', ( #9692, #3630, #9270, #2321, #951 ) ) ;
#5704 = STYLED_ITEM ( 'NONE', ( #4891 ), #1119 ) ;
#5705 = B_SPLINE_CURVE_WITH_KNOTS ( 'NONE', 3,
 ( #5932, #5857, #7458, #2079 ),
 .UNSPECIFIED., .F., .F.,
 ( 4, 4 ),
 ( 0.0000000000000000000, 0.0001285675718494369200 ),
 .UNSPECIFIED. ) ;
#5706 = EDGE_LOOP ( 'NONE', ( #642, #10294, #7666, #4696, #7363, #2090, #1194, #4704 ) ) ;
#5707 = DIRECTION ( 'NONE',  ( 0.0000000000000000000, 0.0000000000000000000, 1.000000000000000000 ) ) ;
#5708 = DIRECTION ( 'NONE',  ( -1.000000000000000000, 0.0000000000000000000, 0.0000000000000000000 ) ) ;
#5709 = CARTESIAN_POINT ( 'NONE',  ( -15.94640676939209500, 15.92449465477564100, 47.50000000000000000 ) ) ;
#5710 = ORIENTED_EDGE ( 'NONE', *, *, #3099, .T. ) ;
#5711 = DIRECTION ( 'NONE',  ( 0.0000000000000000000, 0.0000000000000000000, 1.000000000000000000 ) ) ;
#5712 = VECTOR ( 'NONE', #9450, 1000.000000000000000 ) ;
#5713 = CYLINDRICAL_SURFACE ( 'NONE', #1416, 0.5000000000000004400 ) ;
#5714 = SURFACE_STYLE_FILL_AREA ( #7024 ) ;
#5715 = FILL_AREA_STYLE ('',( #3385 ) ) ;
#5716 = CARTESIAN_POINT ( 'NONE',  ( 14.15069333393202900, 15.94640676939204300, 46.50000000000000000 ) ) ;
#5717 = STYLED_ITEM ( 'NONE', ( #5112 ), #2229 ) ;
#5718 = AXIS2_PLACEMENT_3D ( 'NONE', #7723, #9366, #4612 ) ;
#5719 = SURFACE_STYLE_USAGE ( .BOTH. , #5787 ) ;
#5720 = CARTESIAN_POINT ( 'NONE',  ( 13.31369220013742800, 21.15999999999999700, 5.999999999999998200 ) ) ;
#5721 = VECTOR ( 'NONE', #2751, 1000.000000000000000 ) ;
#5722 = ADVANCED_FACE ( 'NONE', ( #9334 ), #9996, .F. ) ;
#5723 = DIRECTION ( 'NONE',  ( -1.000000000000000000, 0.0000000000000000000, 0.0000000000000000000 ) ) ;
#5724 = UNCERTAINTY_MEASURE_WITH_UNIT (LENGTH_MEASURE( 1.000000000000000100E-005 ), #8021, 'distance_accuracy_value', 'NONE');
#5725 = ORIENTED_EDGE ( 'NONE', *, *, #9143, .T. ) ;
#5726 = EDGE_CURVE ( 'NONE', #1922, #466, #2455, .T. ) ;
#5727 = CARTESIAN_POINT ( 'NONE',  ( 0.0000000000000000000, -21.16000000000000700, -53.84951795962939500 ) ) ;
#5728 = DIRECTION ( 'NONE',  ( -1.000000000000000000, 9.378789715092728600E-015, 0.0000000000000000000 ) ) ;
#5729 = EDGE_LOOP ( 'NONE', ( #5273, #6660, #6770, #4567, #7155 ) ) ;
#5730 = DIRECTION ( 'NONE',  ( -1.000000000000000000, 8.293480927668351100E-015, 0.0000000000000000000 ) ) ;
#5731 = EDGE_CURVE ( 'NONE', #3502, #8605, #3701, .T. ) ;
#5732 = AXIS2_PLACEMENT_3D ( 'NONE', #5385, #5355, #6060 ) ;
#5733 = CARTESIAN_POINT ( 'NONE',  ( 18.79644660940675700, 18.79644660940669000, 0.5000000000000000000 ) ) ;
#5734 = DIRECTION ( 'NONE',  ( -1.000000000000000000, -8.202002250481357500E-017, 0.0000000000000000000 ) ) ;
#5735 = CARTESIAN_POINT ( 'NONE',  ( -2.486532817695816800, -19.15000000000000600, 40.95372187942375300 ) ) ;
#5736 = ORIENTED_EDGE ( 'NONE', *, *, #8210, .T. ) ;
#5737 = ORIENTED_EDGE ( 'NONE', *, *, #2827, .F. ) ;
#5738 = COLOUR_RGB ( '',0.2509803921568627400, 0.2509803921568627400, 0.2509803921568627400 ) ;
#5739 =( NAMED_UNIT ( * ) PLANE_ANGLE_UNIT ( ) SI_UNIT ( $, .RADIAN. ) );
#5740 = DIRECTION ( 'NONE',  ( 0.0000000000000000000, 1.000000000000000000, 0.0000000000000000000 ) ) ;
#5741 = STYLED_ITEM ( 'NONE', ( #106 ), #5518 ) ;
#5742 = DIRECTION ( 'NONE',  ( 1.000000000000000000, -1.125454765811127600E-014, 0.0000000000000000000 ) ) ;
#5743 = EDGE_CURVE ( 'NONE', #6430, #2717, #172, .T. ) ;
#5744 = EDGE_CURVE ( 'NONE', #5466, #5208, #3459, .T. ) ;
#5745 = ORIENTED_EDGE ( 'NONE', *, *, #5872, .T. ) ;
#5746 = DIRECTION ( 'NONE',  ( 1.000000000000000000, -0.0000000000000000000, 0.0000000000000000000 ) ) ;
#5747 = CIRCLE ( 'NONE', #4546, 0.5000000000000004400 ) ;
#5748 = CARTESIAN_POINT ( 'NONE',  ( 19.14999999999996700, -19.15000000000004800, 8.000000000000000000 ) ) ;
#5749 = CARTESIAN_POINT ( 'NONE',  ( 1.379851512413564600, -39.15000000000000600, 41.54834905086877900 ) ) ;
#5750 =( NAMED_UNIT ( * ) PLANE_ANGLE_UNIT ( ) SI_UNIT ( $, .RADIAN. ) );
#5751 =( NAMED_UNIT ( * ) SI_UNIT ( $, .STERADIAN. ) SOLID_ANGLE_UNIT ( ) );
#5752 = FACE_OUTER_BOUND ( 'NONE', #8235, .T. ) ;
#5753 = VECTOR ( 'NONE', #9920, 1000.000000000000000 ) ;
#5754 = CARTESIAN_POINT ( 'NONE',  ( 15.50000000000102000, -15.49999999999983700, 47.50000000000000000 ) ) ;
#5755 = ORIENTED_EDGE ( 'NONE', *, *, #8149, .T. ) ;
#5756 = VERTEX_POINT ( 'NONE', #9164 ) ;
#5757 = MECHANICAL_DESIGN_GEOMETRIC_PRESENTATION_REPRESENTATION (  '', ( #2368 ), #7162 ) ;
#5758 = ORIENTED_EDGE ( 'NONE', *, *, #7198, .T. ) ;
#5759 = CARTESIAN_POINT ( 'NONE',  ( 0.0000000000000000000, 0.0000000000000000000, 46.50000000000000000 ) ) ;
#5760 = AXIS2_PLACEMENT_3D ( 'NONE', #6011, #1942, #6786 ) ;
#5761 = VECTOR ( 'NONE', #47, 1000.000000000000000 ) ;
#5762 = EDGE_CURVE ( 'NONE', #4784, #1440, #7297, .T. ) ;
#5763 = DIRECTION ( 'NONE',  ( 0.0000000000000000000, 0.0000000000000000000, 1.000000000000000000 ) ) ;
#5764 = CIRCLE ( 'NONE', #8082, 3.499999999999996000 ) ;
#5765 = EDGE_LOOP ( 'NONE', ( #7051, #9121, #7009, #6889 ) ) ;
#5766 = ORIENTED_EDGE ( 'NONE', *, *, #4484, .T. ) ;
#5767 = B_SPLINE_CURVE_WITH_KNOTS ( 'NONE', 3,
 ( #5168, #2222, #1209, #6778 ),
 .UNSPECIFIED., .F., .F.,
 ( 4, 4 ),
 ( 0.0000000000000000000, 0.0001285675718489020600 ),
 .UNSPECIFIED. ) ;
#5768 = LINE ( 'NONE', #1009, #8881 ) ;
#5769 = DIRECTION ( 'NONE',  ( 0.0000000000000000000, 0.0000000000000000000, 1.000000000000000000 ) ) ;
#5770 = FACE_BOUND ( 'NONE', #8413, .T. ) ;
#5771 = SURFACE_SIDE_STYLE ('',( #2422 ) ) ;
#5772 = ADVANCED_FACE ( 'NONE', ( #4940 ), #2966, .F. ) ;
#5773 = CARTESIAN_POINT ( 'NONE',  ( 16.94289321881342000, 21.14999999999999900, 47.50000000000000000 ) ) ;
#5774 = CARTESIAN_POINT ( 'NONE',  ( -16.74999999999994300, -15.50000000000005000, -2.266821225221747900E-017 ) ) ;
#5775 = DIRECTION ( 'NONE',  ( 7.503031772074197400E-015, 1.000000000000000000, 0.0000000000000000000 ) ) ;
#5776 = AXIS2_PLACEMENT_3D ( 'NONE', #4589, #666, #1454 ) ;
#5777 = AXIS2_PLACEMENT_3D ( 'NONE', #7513, #2104, #10034 ) ;
#5778 = EDGE_LOOP ( 'NONE', ( #8525, #8244, #10305, #3916 ) ) ;
#5779 = CARTESIAN_POINT ( 'NONE',  ( 0.0000000000000000000, 0.0000000000000000000, 0.0000000000000000000 ) ) ;
#5780 = ORIENTED_EDGE ( 'NONE', *, *, #3100, .F. ) ;
#5781 = ORIENTED_EDGE ( 'NONE', *, *, #1267, .F. ) ;
#5782 = COLOUR_RGB ( '',0.2509803921568627400, 0.2509803921568627400, 0.2509803921568627400 ) ;
#5783 = DIRECTION ( 'NONE',  ( -0.0000000000000000000, -0.0000000000000000000, -1.000000000000000000 ) ) ;
#5784 = SURFACE_SIDE_STYLE ('',( #4420 ) ) ;
#5785 = DIRECTION ( 'NONE',  ( 0.0000000000000000000, 0.0000000000000000000, 1.000000000000000000 ) ) ;
#5786 = EDGE_LOOP ( 'NONE', ( #6018, #7292, #4203, #3386 ) ) ;
#5787 = SURFACE_SIDE_STYLE ('',( #457 ) ) ;
#5788 = DIRECTION ( 'NONE',  ( -1.000000000000000000, -8.881784197001252300E-016, 0.0000000000000000000 ) ) ;
#5789 = ORIENTED_EDGE ( 'NONE', *, *, #6097, .T. ) ;
#5790 = VERTEX_POINT ( 'NONE', #4501 ) ;
#5791 = ORIENTED_EDGE ( 'NONE', *, *, #222, .T. ) ;
#5792 = PRESENTATION_LAYER_ASSIGNMENT (  '', '', ( #9212 ) ) ;
#5793 = EDGE_CURVE ( 'NONE', #8430, #4526, #1223, .T. ) ;
#5794 = DIRECTION ( 'NONE',  ( 0.0000000000000000000, 1.000000000000000000, 0.0000000000000000000 ) ) ;
#5795 = EDGE_CURVE ( 'NONE', #9641, #2836, #6426, .T. ) ;
#5796 = ORIENTED_EDGE ( 'NONE', *, *, #6887, .T. ) ;
#5797 = CARTESIAN_POINT ( 'NONE',  ( -16.94289321881343500, -20.65000000000000600, 38.00000000000000000 ) ) ;
#5798 = AXIS2_PLACEMENT_3D ( 'NONE', #7343, #8326, #2768 ) ;
#5799 = CARTESIAN_POINT ( 'NONE',  ( 14.21692477204111600, -15.29091159908856000, 47.50000000000000000 ) ) ;
#5800 = DIRECTION ( 'NONE',  ( 0.0000000000000000000, -0.0000000000000000000, -1.000000000000000000 ) ) ;
#5801 = VECTOR ( 'NONE', #7356, 1000.000000000000000 ) ;
#5802 = ORIENTED_EDGE ( 'NONE', *, *, #3363, .F. ) ;
#5803 = DIRECTION ( 'NONE',  ( 1.000000000000000000, 3.690901012716600200E-015, 0.0000000000000000000 ) ) ;
#5804 = ORIENTED_EDGE ( 'NONE', *, *, #2828, .T. ) ;
#5805 = DIRECTION ( 'NONE',  ( 0.0000000000000000000, 0.0000000000000000000, -1.000000000000000000 ) ) ;
#5806 = AXIS2_PLACEMENT_3D ( 'NONE', #3434, #258, #4147 ) ;
#5807 = DIRECTION ( 'NONE',  ( 1.000000000000000000, 0.0000000000000000000, 0.0000000000000000000 ) ) ;
#5808 =( NAMED_UNIT ( * ) SI_UNIT ( $, .STERADIAN. ) SOLID_ANGLE_UNIT ( ) );
#5809 = EDGE_CURVE ( 'NONE', #7787, #7783, #1823, .T. ) ;
#5810 = FACE_OUTER_BOUND ( 'NONE', #8932, .T. ) ;
#5811 = EDGE_CURVE ( 'NONE', #7699, #8859, #9713, .T. ) ;
#5812 = CARTESIAN_POINT ( 'NONE',  ( -16.84930666606614500, -15.94640676939191900, 47.50000000000000000 ) ) ;
#5813 = ORIENTED_EDGE ( 'NONE', *, *, #7015, .T. ) ;
#5814 = CARTESIAN_POINT ( 'NONE',  ( -15.07550534522246000, -14.23501994154212400, 47.49955985394392900 ) ) ;
#5815 = DIRECTION ( 'NONE',  ( -1.000000000000000000, 0.0000000000000000000, 0.0000000000000000000 ) ) ;
#5816 = VECTOR ( 'NONE', #953, 1000.000000000000000 ) ;
#5817 = COLOUR_RGB ( '',0.2509803921568627400, 0.2509803921568627400, 0.2509803921568627400 ) ;
#5818 = CARTESIAN_POINT ( 'NONE',  ( -16.84930666606614500, -15.94640676939191900, 46.50000000000000000 ) ) ;
#5819 = CARTESIAN_POINT ( 'NONE',  ( -18.79644660940671100, -18.79644660940671100, 48.00000000000000000 ) ) ;
#5820 = ORIENTED_EDGE ( 'NONE', *, *, #478, .T. ) ;
#5821 = CARTESIAN_POINT ( 'NONE',  ( -15.70908840090987400, -14.21692477204105400, 47.50000000000000000 ) ) ;
#5822 =( LENGTH_UNIT ( ) NAMED_UNIT ( * ) SI_UNIT ( .MILLI., .METRE. ) );
#5823 = DIRECTION ( 'NONE',  ( -0.0000000000000000000, 1.000000000000000000, -0.0000000000000000000 ) ) ;
#5824 = VERTEX_POINT ( 'NONE', #3336 ) ;
#5825 = DIRECTION ( 'NONE',  ( 1.000000000000000000, 0.0000000000000000000, -0.0000000000000000000 ) ) ;
#5826 = AXIS2_PLACEMENT_3D ( 'NONE', #7250, #7218, #162 ) ;
#5827 = ORIENTED_EDGE ( 'NONE', *, *, #2740, .F. ) ;
#5828 = SURFACE_STYLE_FILL_AREA ( #3654 ) ;
#5830 = CARTESIAN_POINT ( 'NONE',  ( 0.0000000000000000000, 0.0000000000000000000, 1.000000000000000000 ) ) ;
#5829 = DIRECTION ( 'NONE',  ( -0.0000000000000000000, -0.0000000000000000000, -1.000000000000000000 ) ) ;
#5831 = STYLED_ITEM ( 'NONE', ( #4859 ), #756 ) ;
#5832 = EDGE_CURVE ( 'NONE', #893, #2465, #9448, .T. ) ;
#5833 = ADVANCED_FACE ( 'NONE', ( #2709 ), #3096, .T. ) ;
#5834 =( NAMED_UNIT ( * ) SI_UNIT ( $, .STERADIAN. ) SOLID_ANGLE_UNIT ( ) );
#5835 = VERTEX_POINT ( 'NONE', #3298 ) ;
#5836 = DIRECTION ( 'NONE',  ( 0.0000000000000000000, 0.0000000000000000000, 1.000000000000000000 ) ) ;
#5837 = EDGE_LOOP ( 'NONE', ( #1021, #8138, #7579, #8694, #6682 ) ) ;
#5838 = CARTESIAN_POINT ( 'NONE',  ( 3.500000000000000000, 4.286263797015736600E-016, -1.734723475976807100E-015 ) ) ;
#5840 = CIRCLE ( 'NONE', #7910, 1.250000000000001100 ) ;
#5839 = CARTESIAN_POINT ( 'NONE',  ( 14.21692477204111600, -15.07550534522241200, 47.49867441544043300 ) ) ;
#5841 = VECTOR ( 'NONE', #7595, 1000.000000000000000 ) ;
#5842 = STYLED_ITEM ( 'NONE', ( #10134 ), #1240 ) ;
#5843 = STYLED_ITEM ( 'NONE', ( #401 ), #6721 ) ;
#5844 =( NAMED_UNIT ( * ) SI_UNIT ( $, .STERADIAN. ) SOLID_ANGLE_UNIT ( ) );
#5845 = CARTESIAN_POINT ( 'NONE',  ( 15.50000000000010500, -15.49999999999989200, -0.0000000000000000000 ) ) ;
#5846 = LINE ( 'NONE', #9803, #3365 ) ;
#5847 = DIRECTION ( 'NONE',  ( -1.000000000000000000, 7.503031772074197400E-015, 0.0000000000000000000 ) ) ;
#5848 = DIRECTION ( 'NONE',  ( 0.0000000000000000000, 0.0000000000000000000, 1.000000000000000000 ) ) ;
#5849 =( NAMED_UNIT ( * ) PLANE_ANGLE_UNIT ( ) SI_UNIT ( $, .RADIAN. ) );
#5850 =( NAMED_UNIT ( * ) SI_UNIT ( $, .STERADIAN. ) SOLID_ANGLE_UNIT ( ) );
#5851 = ADVANCED_FACE ( 'NONE', ( #8550, #954 ), #5626, .T. ) ;
#5852 = CIRCLE ( 'NONE', #10220, 1.299999999999999200 ) ;
#5853 = SURFACE_STYLE_USAGE ( .BOTH. , #5784 ) ;
#5854 =( GEOMETRIC_REPRESENTATION_CONTEXT ( 3 ) GLOBAL_UNCERTAINTY_ASSIGNED_CONTEXT ( ( #6483 ) ) GLOBAL_UNIT_ASSIGNED_CONTEXT ( ( #1389, #8493, #1258 ) ) REPRESENTATION_CONTEXT ( 'NONE', 'WORKASPACE' ) );
#5855 = LINE ( 'NONE', #4366, #5497 ) ;
#5856 = FILL_AREA_STYLE_COLOUR ( '', #8753 ) ;
#5857 = CARTESIAN_POINT ( 'NONE',  ( -16.76380671470438000, -15.05359323060806000, 47.50000000000000000 ) ) ;
#5858 = CARTESIAN_POINT ( 'NONE',  ( 14.15069333393202900, 15.94640676939204300, 46.50000000000000000 ) ) ;
#5860 =( NAMED_UNIT ( * ) SI_UNIT ( $, .STERADIAN. ) SOLID_ANGLE_UNIT ( ) );
#5859 = DIRECTION ( 'NONE',  ( 1.000000000000000000, 0.0000000000000000000, 0.0000000000000000000 ) ) ;
#5861 = DIRECTION ( 'NONE',  ( -0.0000000000000000000, -0.0000000000000000000, 1.000000000000000000 ) ) ;
#5862 = ORIENTED_EDGE ( 'NONE', *, *, #2964, .F. ) ;
#5863 = SURFACE_STYLE_FILL_AREA ( #4979 ) ;
#5864 = DIRECTION ( 'NONE',  ( 1.000000000000000000, 0.0000000000000000000, 0.0000000000000000000 ) ) ;
#5865 = FACE_OUTER_BOUND ( 'NONE', #8820, .T. ) ;
#5866 = COLOUR_RGB ( '',0.2509803921568627400, 0.2509803921568627400, 0.2509803921568627400 ) ;
#5867 = DIRECTION ( 'NONE',  ( -0.7071067811865580100, 0.7071067811865371400, 0.0000000000000000000 ) ) ;
#5868 = MECHANICAL_DESIGN_GEOMETRIC_PRESENTATION_REPRESENTATION (  '', ( #6742 ), #9 ) ;
#5869 = EDGE_LOOP ( 'NONE', ( #3065, #7475, #9570, #10270 ) ) ;
#5870 = VECTOR ( 'NONE', #9035, 1000.000000000000000 ) ;
#5871 = ORIENTED_EDGE ( 'NONE', *, *, #5793, .T. ) ;
#5872 = EDGE_CURVE ( 'NONE', #190, #5234, #9196, .T. ) ;
#5873 = UNCERTAINTY_MEASURE_WITH_UNIT (LENGTH_MEASURE( 1.000000000000000100E-005 ), #2536, 'distance_accuracy_value', 'NONE');
#5874 =( GEOMETRIC_REPRESENTATION_CONTEXT ( 3 ) GLOBAL_UNCERTAINTY_ASSIGNED_CONTEXT ( ( #2956 ) ) GLOBAL_UNIT_ASSIGNED_CONTEXT ( ( #5387, #2168, #6165 ) ) REPRESENTATION_CONTEXT ( 'NONE', 'WORKASPACE' ) );
#5875 = VECTOR ( 'NONE', #568, 1000.000000000000000 ) ;
#5876 = CARTESIAN_POINT ( 'NONE',  ( -21.14999999999999500, -16.94289321881344500, 0.5000000000000004400 ) ) ;
#5877 = ADVANCED_FACE ( 'NONE', ( #480 ), #6449, .T. ) ;
#5878 = DIRECTION ( 'NONE',  ( 1.000000000000000000, 0.0000000000000000000, 0.0000000000000000000 ) ) ;
#5879 =( LENGTH_UNIT ( ) NAMED_UNIT ( * ) SI_UNIT ( .MILLI., .METRE. ) );
#5880 = FILL_AREA_STYLE_COLOUR ( '', #9822 ) ;
#5881 = ORIENTED_EDGE ( 'NONE', *, *, #10022, .T. ) ;
#5882 = CARTESIAN_POINT ( 'NONE',  ( 1.379851512413564600, -39.15000000000000600, 42.12714644778323200 ) ) ;
#5883 = ORIENTED_EDGE ( 'NONE', *, *, #8884, .F. ) ;
#5884 = AXIS2_PLACEMENT_3D ( 'NONE', #617, #10137, #3044 ) ;
#5885 = CYLINDRICAL_SURFACE ( 'NONE', #6567, 0.5000000000000004400 ) ;
#5886 = AXIS2_PLACEMENT_3D ( 'NONE', #9249, #3607, #550 ) ;
#5887 = SPHERICAL_SURFACE ( 'NONE', #3221, 0.5000000000000000000 ) ;
#5888 = EDGE_CURVE ( 'NONE', #846, #1044, #7061, .T. ) ;
#5889 = DIRECTION ( 'NONE',  ( -0.7071067811865411300, 0.0000000000000000000, -0.7071067811865539000 ) ) ;
#5890 =( LENGTH_UNIT ( ) NAMED_UNIT ( * ) SI_UNIT ( .MILLI., .METRE. ) );
#5891 = CARTESIAN_POINT ( 'NONE',  ( -13.32957238623956900, -21.14999999999999100, 5.999999999999998200 ) ) ;
#5892 = EDGE_LOOP ( 'NONE', ( #1308, #7189, #6863, #2010 ) ) ;
#5893 = ORIENTED_EDGE ( 'NONE', *, *, #208, .F. ) ;
#5894 = ORIENTED_EDGE ( 'NONE', *, *, #6274, .T. ) ;
#5895 = SURFACE_STYLE_FILL_AREA ( #3272 ) ;
#5897 = DIRECTION ( 'NONE',  ( 1.000000000000000000, 0.0000000000000000000, 0.0000000000000000000 ) ) ;
#5896 = CARTESIAN_POINT ( 'NONE',  ( 0.0000000000000000000, 21.14999999999999900, 40.00000000000000000 ) ) ;
#5898 = PLANE ( 'NONE',  #7856 ) ;
#5899 = DIRECTION ( 'NONE',  ( -0.0000000000000000000, -0.0000000000000000000, -1.000000000000000000 ) ) ;
#5900 = VECTOR ( 'NONE', #588, 1000.000000000000000 ) ;
#5901 = CARTESIAN_POINT ( 'NONE',  ( -15.94640676939209500, 16.84930666606597800, 47.49262389544726700 ) ) ;
#5902 = ORIENTED_EDGE ( 'NONE', *, *, #4955, .T. ) ;
#5903 = CARTESIAN_POINT ( 'NONE',  ( -2.000000000000015500, 2.449293598294725600E-016, -24.00000000000000000 ) ) ;
#5904 = PRESENTATION_LAYER_ASSIGNMENT (  '', '', ( #1825 ) ) ;
#5905 = COLOUR_RGB ( '',0.2509803921568627400, 0.2509803921568627400, 0.2509803921568627400 ) ;
#5906 = CARTESIAN_POINT ( 'NONE',  ( 14.21692477204111200, -15.70908840091109900, 47.50000000000000000 ) ) ;
#5907 = ORIENTED_EDGE ( 'NONE', *, *, #2112, .T. ) ;
#5908 = ADVANCED_FACE ( 'NONE', ( #6942 ), #8927, .F. ) ;
#5909 = VECTOR ( 'NONE', #90, 1000.000000000000000 ) ;
#5910 = VECTOR ( 'NONE', #4421, 1000.000000000000000 ) ;
#5911 = EDGE_LOOP ( 'NONE', ( #9058, #10254 ) ) ;
#5912 = ORIENTED_EDGE ( 'NONE', *, *, #6614, .T. ) ;
#5913 = CARTESIAN_POINT ( 'NONE',  ( -15.49999999999897900, -15.50000000000102100, 47.50000000000000000 ) ) ;
#5914 = VECTOR ( 'NONE', #2706, 999.9999999999998900 ) ;
#5915 = ORIENTED_EDGE ( 'NONE', *, *, #2474, .F. ) ;
#5916 = CARTESIAN_POINT ( 'NONE',  ( -16.84930666606613400, -15.05359323060806000, 46.50000000000000000 ) ) ;
#5917 = VERTEX_POINT ( 'NONE', #2425 ) ;
#5918 = ORIENTED_EDGE ( 'NONE', *, *, #5613, .F. ) ;
#5919 = LINE ( 'NONE', #6587, #694 ) ;
#5920 = SURFACE_STYLE_USAGE ( .BOTH. , #7625 ) ;
#5921 = CARTESIAN_POINT ( 'NONE',  ( -16.74999999999994300, -15.50000000000005000, 0.0000000000000000000 ) ) ;
#5922 = DIRECTION ( 'NONE',  ( -0.0000000000000000000, -1.000000000000000000, 0.0000000000000000000 ) ) ;
#5923 = AXIS2_PLACEMENT_3D ( 'NONE', #1931, #5057, #1116 ) ;
#5924 = PRESENTATION_LAYER_ASSIGNMENT (  '', '', ( #1109 ) ) ;
#5925 = CYLINDRICAL_SURFACE ( 'NONE', #1127, 1.249999999999997600 ) ;
#5926 = ORIENTED_EDGE ( 'NONE', *, *, #3685, .T. ) ;
#5927 = CARTESIAN_POINT ( 'NONE',  ( -14.21692477204121700, 15.92449465477564100, 46.50000000000000000 ) ) ;
#5928 = ORIENTED_EDGE ( 'NONE', *, *, #6596, .T. ) ;
#5929 = EDGE_LOOP ( 'NONE', ( #5710, #866, #5137, #6651 ) ) ;
#5930 = DIRECTION ( 'NONE',  ( -0.0000000000000000000, -1.000000000000000000, 0.0000000000000000000 ) ) ;
#5931 =( NAMED_UNIT ( * ) SI_UNIT ( $, .STERADIAN. ) SOLID_ANGLE_UNIT ( ) );
#5932 = CARTESIAN_POINT ( 'NONE',  ( -16.72095085742123300, -15.05359323060806200, 47.50000000000000000 ) ) ;
#5933 = LINE ( 'NONE', #6979, #706 ) ;
#5934 = CARTESIAN_POINT ( 'NONE',  ( 21.14999999999999900, 17.14999999999999500, 38.00000000000000000 ) ) ;
#5935 = VECTOR ( 'NONE', #7423, 1000.000000000000000 ) ;
#5936 = CARTESIAN_POINT ( 'NONE',  ( -1.500000000000000200, 2.000000000000000000, -1.899999999999999000 ) ) ;
#5937 = ORIENTED_EDGE ( 'NONE', *, *, #4414, .T. ) ;
#5938 = EDGE_CURVE ( 'NONE', #7230, #4033, #1078, .T. ) ;
#5939 = ADVANCED_FACE ( 'NONE', ( #4194, #9322 ), #6520, .T. ) ;
#5940 =( GEOMETRIC_REPRESENTATION_CONTEXT ( 3 ) GLOBAL_UNCERTAINTY_ASSIGNED_CONTEXT ( ( #4818 ) ) GLOBAL_UNIT_ASSIGNED_CONTEXT ( ( #2048, #8409, #3638 ) ) REPRESENTATION_CONTEXT ( 'NONE', 'WORKASPACE' ) );
#5941 = DIRECTION ( 'NONE',  ( -1.000000000000000000, 0.0000000000000000000, 0.0000000000000000000 ) ) ;
#5942 = CARTESIAN_POINT ( 'NONE',  ( 15.05359323060812200, -16.84930666606608400, 46.50000000000000000 ) ) ;
#5943 = VERTEX_POINT ( 'NONE', #3233 ) ;
#5944 = EDGE_CURVE ( 'NONE', #4068, #2836, #10066, .T. ) ;
#5945 = PLANE ( 'NONE',  #6684 ) ;
#5946 = AXIS2_PLACEMENT_3D ( 'NONE', #8532, #613, #3752 ) ;
#5947 = PRESENTATION_STYLE_ASSIGNMENT (( #1669 ) ) ;
#5948 =( NAMED_UNIT ( * ) SI_UNIT ( $, .STERADIAN. ) SOLID_ANGLE_UNIT ( ) );
#5949 =( LENGTH_UNIT ( ) NAMED_UNIT ( * ) SI_UNIT ( .MILLI., .METRE. ) );
#5950 = EDGE_LOOP ( 'NONE', ( #9282, #7893, #5780, #2753, #9926, #196, #193, #1841 ) ) ;
#5951 = DIRECTION ( 'NONE',  ( -0.7071067811865406900, 0.7071067811865544600, 0.0000000000000000000 ) ) ;
#5952 = ORIENTED_EDGE ( 'NONE', *, *, #2430, .F. ) ;
#5953 = AXIS2_PLACEMENT_3D ( 'NONE', #8845, #7834, #2458 ) ;
#5954 = CARTESIAN_POINT ( 'NONE',  ( 0.0000000000000000000, -21.25000000000000700, 44.41033917074156500 ) ) ;
#5955 = EDGE_CURVE ( 'NONE', #3248, #10191, #8761, .T. ) ;
#5956 = EDGE_CURVE ( 'NONE', #1053, #1156, #2585, .T. ) ;
#5957 = VERTEX_POINT ( 'NONE', #2638 ) ;
#5958 = DIRECTION ( 'NONE',  ( 0.0000000000000000000, 0.0000000000000000000, 1.000000000000000000 ) ) ;
#5959 = DIRECTION ( 'NONE',  ( 1.000000000000000000, 0.0000000000000000000, 0.0000000000000000000 ) ) ;
#5960 = DIRECTION ( 'NONE',  ( 1.000000000000000000, 0.0000000000000000000, 0.0000000000000000000 ) ) ;
#5961 = ORIENTED_EDGE ( 'NONE', *, *, #10285, .F. ) ;
#5962 = VERTEX_POINT ( 'NONE', #9846 ) ;
#5963 = CARTESIAN_POINT ( 'NONE',  ( 15.07550534522235500, 16.78307522795906000, 46.50000000000000000 ) ) ;
#5964 = LINE ( 'NONE', #7828, #9071 ) ;
#5965 = ADVANCED_FACE ( 'NONE', ( #7801 ), #3440, .F. ) ;
#5966 = LINE ( 'NONE', #6259, #9074 ) ;
#5967 = CARTESIAN_POINT ( 'NONE',  ( 13.31369220013742800, 21.15999999999999700, -53.84951795962939500 ) ) ;
#5968 = CARTESIAN_POINT ( 'NONE',  ( 3.503880904858911000, -21.25000000000000700, 40.26401485834065900 ) ) ;
#5969 =( NAMED_UNIT ( * ) SI_UNIT ( $, .STERADIAN. ) SOLID_ANGLE_UNIT ( ) );
#5970 = AXIS2_PLACEMENT_3D ( 'NONE', #1012, #4072, #4144 ) ;
#5971 = EDGE_LOOP ( 'NONE', ( #7138, #8500, #2421, #6443 ) ) ;
#5973 =( LENGTH_UNIT ( ) NAMED_UNIT ( * ) SI_UNIT ( .MILLI., .METRE. ) );
#5972 = DIRECTION ( 'NONE',  ( -0.0000000000000000000, -0.0000000000000000000, 1.000000000000000000 ) ) ;
#5974 = AXIS2_PLACEMENT_3D ( 'NONE', #7179, #3153, #2352 ) ;
#5975 = EDGE_CURVE ( 'NONE', #3303, #915, #1958, .T. ) ;
#5976 = VECTOR ( 'NONE', #4652, 1000.000000000000000 ) ;
#5977 = CARTESIAN_POINT ( 'NONE',  ( -15.92449465477582700, -16.78307522795895000, 46.50000000000000000 ) ) ;
#5978 = FACE_OUTER_BOUND ( 'NONE', #7799, .T. ) ;
#5979 = DIRECTION ( 'NONE',  ( 0.0000000000000000000, 0.0000000000000000000, 1.000000000000000000 ) ) ;
#5980 = DIRECTION ( 'NONE',  ( -1.000000000000000000, 0.0000000000000000000, 0.0000000000000000000 ) ) ;
#5981 = CARTESIAN_POINT ( 'NONE',  ( 16.78307522795901000, -15.70908840092287500, 47.50000000000000000 ) ) ;
#5982 = PRESENTATION_STYLE_ASSIGNMENT (( #7406 ) ) ;
#5983 = VECTOR ( 'NONE', #5274, 1000.000000000000000 ) ;
#5984 = CARTESIAN_POINT ( 'NONE',  ( -16.84930666606613400, -15.05359323060806000, 47.49262389544721000 ) ) ;
#5985 = MECHANICAL_DESIGN_GEOMETRIC_PRESENTATION_REPRESENTATION (  '', ( #7776 ), #7234 ) ;
#5986 = ORIENTED_EDGE ( 'NONE', *, *, #2754, .T. ) ;
#5987 = CARTESIAN_POINT ( 'NONE',  ( -18.49999999999961600, -15.50000000000102100, 46.00000000000000000 ) ) ;
#5988 = ADVANCED_FACE ( 'NONE', ( #9186 ), #8302, .T. ) ;
#5989 = ORIENTED_EDGE ( 'NONE', *, *, #5762, .T. ) ;
#5990 = CARTESIAN_POINT ( 'NONE',  ( 0.0000000000000000000, 0.0000000000000000000, 1.000000000000000000 ) ) ;
#5991 = SURFACE_STYLE_USAGE ( .BOTH. , #9967 ) ;
#5992 = SURFACE_SIDE_STYLE ('',( #7244 ) ) ;
#5993 = DIRECTION ( 'NONE',  ( 1.000000000000000000, 0.0000000000000000000, 0.0000000000000000000 ) ) ;
#5994 = PRESENTATION_STYLE_ASSIGNMENT (( #8731 ) ) ;
#5995 = DIRECTION ( 'NONE',  ( -0.0000000000000000000, -0.0000000000000000000, 1.000000000000000000 ) ) ;
#5996 = SURFACE_SIDE_STYLE ('',( #9344 ) ) ;
#5997 = ORIENTED_EDGE ( 'NONE', *, *, #6332, .T. ) ;
#5998 = DIRECTION ( 'NONE',  ( 0.0000000000000000000, 0.0000000000000000000, 1.000000000000000000 ) ) ;
#5999 = ORIENTED_EDGE ( 'NONE', *, *, #7221, .F. ) ;
#6000 = DIRECTION ( 'NONE',  ( 1.000000000000000000, -1.658696185533663300E-014, 0.0000000000000000000 ) ) ;
#6001 = UNCERTAINTY_MEASURE_WITH_UNIT (LENGTH_MEASURE( 1.000000000000000100E-005 ), #4897, 'distance_accuracy_value', 'NONE');
#6002 = SURFACE_STYLE_FILL_AREA ( #4174 ) ;
#6003 =( NAMED_UNIT ( * ) PLANE_ANGLE_UNIT ( ) SI_UNIT ( $, .RADIAN. ) );
#6004 = MECHANICAL_DESIGN_GEOMETRIC_PRESENTATION_REPRESENTATION (  '', ( #8472 ), #7062 ) ;
#6005 = VECTOR ( 'NONE', #9567, 1000.000000000000000 ) ;
#6006 = CARTESIAN_POINT ( 'NONE',  ( 15.50000000000102000, -15.49999999999983700, 47.50000000000000000 ) ) ;
#6007 = DIRECTION ( 'NONE',  ( -0.0000000000000000000, -0.0000000000000000000, 1.000000000000000000 ) ) ;
#6008 = ORIENTED_EDGE ( 'NONE', *, *, #5762, .F. ) ;
#6009 = UNCERTAINTY_MEASURE_WITH_UNIT (LENGTH_MEASURE( 1.000000000000000100E-005 ), #9148, 'distance_accuracy_value', 'NONE');
#6010 = DIRECTION ( 'NONE',  ( 0.7071067811865474600, -0.7071067811865474600, -0.0000000000000000000 ) ) ;
#6011 = CARTESIAN_POINT ( 'NONE',  ( 15.49999999999983700, 15.50000000000016000, 47.50000000000000000 ) ) ;
#6012 = CARTESIAN_POINT ( 'NONE',  ( 0.0000000000000000000, 0.0000000000000000000, 46.00000000000000000 ) ) ;
#6013 = ADVANCED_FACE ( 'NONE', ( #8040 ), #2326, .T. ) ;
#6014 = EDGE_CURVE ( 'NONE', #1477, #8430, #2573, .T. ) ;
#6015 = UNCERTAINTY_MEASURE_WITH_UNIT (LENGTH_MEASURE( 1.000000000000000100E-005 ), #6856, 'distance_accuracy_value', 'NONE');
#6016 = EDGE_CURVE ( 'NONE', #2836, #5756, #9674, .T. ) ;
#6017 = VERTEX_POINT ( 'NONE', #4192 ) ;
#6018 = ORIENTED_EDGE ( 'NONE', *, *, #6603, .T. ) ;
#6019 = AXIS2_PLACEMENT_3D ( 'NONE', #5330, #4522, #5959 ) ;
#6020 = ORIENTED_EDGE ( 'NONE', *, *, #4674, .T. ) ;
#6021 = VECTOR ( 'NONE', #8025, 1000.000000000000000 ) ;
#6022 = CIRCLE ( 'NONE', #2311, 3.500000000000927700 ) ;
#6023 = DIRECTION ( 'NONE',  ( 1.000000000000000000, 0.0000000000000000000, 0.0000000000000000000 ) ) ;
#6024 = CIRCLE ( 'NONE', #9960, 3.500000000000000000 ) ;
#6025 = CARTESIAN_POINT ( 'NONE',  ( -21.00355339059326800, -17.29644660940671500, 0.0000000000000000000 ) ) ;
#6026 = CARTESIAN_POINT ( 'NONE',  ( -1.379851512413568000, -39.15000000000000600, 41.54834905086877900 ) ) ;
#6027 = CARTESIAN_POINT ( 'NONE',  ( -12.49999999999833900, -15.50000000000102100, 46.00000000000000000 ) ) ;
#6028 = VERTEX_POINT ( 'NONE', #6593 ) ;
#6029 = ORIENTED_EDGE ( 'NONE', *, *, #8416, .F. ) ;
#6030 = AXIS2_PLACEMENT_3D ( 'NONE', #449, #5453, #9142 ) ;
#6031 = CARTESIAN_POINT ( 'NONE',  ( 15.78089184510561300, 16.78307522795905600, 47.50000000000000000 ) ) ;
#6032 = EDGE_CURVE ( 'NONE', #8605, #8901, #1573, .T. ) ;
#6033 = SURFACE_STYLE_FILL_AREA ( #7240 ) ;
#6034 = EDGE_CURVE ( 'NONE', #7755, #8555, #8676, .T. ) ;
#6035 = CYLINDRICAL_SURFACE ( 'NONE', #687, 2.299999999999998000 ) ;
#6036 = DIRECTION ( 'NONE',  ( 0.0000000000000000000, 0.0000000000000000000, -1.000000000000000000 ) ) ;
#6037 = LINE ( 'NONE', #4840, #685 ) ;
#6038 = DIRECTION ( 'NONE',  ( -1.000000000000000000, 0.0000000000000000000, 8.673617379884027600E-016 ) ) ;
#6039 = CARTESIAN_POINT ( 'NONE',  ( -15.49999999999897900, -15.50000000000102100, 47.50000000000000000 ) ) ;
#6040 = ORIENTED_EDGE ( 'NONE', *, *, #10162, .F. ) ;
#6041 = ORIENTED_EDGE ( 'NONE', *, *, #8006, .T. ) ;
#6042 = ADVANCED_FACE ( 'NONE', ( #4925 ), #263, .F. ) ;
#6043 = EDGE_LOOP ( 'NONE', ( #4512, #10129 ) ) ;
#6044 = CARTESIAN_POINT ( 'NONE',  ( 16.78307522795901400, -15.07550534522241900, 47.49867441544052600 ) ) ;
#6045 = CARTESIAN_POINT ( 'NONE',  ( -21.14999999999999500, -16.94289321881344500, 8.000000000000000000 ) ) ;
#6046 = VECTOR ( 'NONE', #9645, 1000.000000000000000 ) ;
#6047 = ORIENTED_EDGE ( 'NONE', *, *, #8495, .T. ) ;
#6048 = DIRECTION ( 'NONE',  ( 0.0000000000000000000, 0.0000000000000000000, 1.000000000000000000 ) ) ;
#6049 = AXIS2_PLACEMENT_3D ( 'NONE', #3390, #2660, #8216 ) ;
#6050 = STYLED_ITEM ( 'NONE', ( #5982 ), #6858 ) ;
#6051 = DIRECTION ( 'NONE',  ( 1.000000000000000000, 0.0000000000000000000, -0.0000000000000000000 ) ) ;
#6052 = DIRECTION ( 'NONE',  ( -9.637352644315601400E-017, 0.0000000000000000000, -1.000000000000000000 ) ) ;
#6053 = ORIENTED_EDGE ( 'NONE', *, *, #6601, .F. ) ;
#6054 = VECTOR ( 'NONE', #6715, 1000.000000000000000 ) ;
#6055 = EDGE_LOOP ( 'NONE', ( #8420, #3594, #9935, #6662 ) ) ;
#6056 = ORIENTED_EDGE ( 'NONE', *, *, #6346, .F. ) ;
#6057 = DIRECTION ( 'NONE',  ( 1.000000000000000000, 0.0000000000000000000, 0.0000000000000000000 ) ) ;
#6058 = ORIENTED_EDGE ( 'NONE', *, *, #2890, .T. ) ;
#6059 = UNCERTAINTY_MEASURE_WITH_UNIT (LENGTH_MEASURE( 1.000000000000000100E-005 ), #5334, 'distance_accuracy_value', 'NONE');
#6060 = DIRECTION ( 'NONE',  ( -1.000000000000000000, 0.0000000000000000000, 0.0000000000000000000 ) ) ;
#6061 = FACE_OUTER_BOUND ( 'NONE', #1657, .T. ) ;
#6062 = CARTESIAN_POINT ( 'NONE',  ( 15.94640676939198100, -16.84930666606609200, 47.49262389544739400 ) ) ;
#6063 = ORIENTED_EDGE ( 'NONE', *, *, #3140, .T. ) ;
#6064 = CARTESIAN_POINT ( 'NONE',  ( -15.92449465477582700, -16.76498005845852600, 47.49955985394396400 ) ) ;
#6065 = FILL_AREA_STYLE_COLOUR ( '', #4738 ) ;
#6066 = AXIS2_PLACEMENT_3D ( 'NONE', #3633, #441, #9217 ) ;
#6067 = AXIS2_PLACEMENT_3D ( 'NONE', #2220, #1476, #9431 ) ;
#6068 = VECTOR ( 'NONE', #8577, 1000.000000000000100 ) ;
#6069 = CYLINDRICAL_SURFACE ( 'NONE', #6585, 0.5000000000000004400 ) ;
#6070 = VERTEX_POINT ( 'NONE', #2855 ) ;
#6071 = ADVANCED_FACE ( 'NONE', ( #1210 ), #10293, .F. ) ;
#6072 = CARTESIAN_POINT ( 'NONE',  ( -1.379851512413568000, -39.15000000000000600, 43.53044834604566700 ) ) ;
#6073 = CARTESIAN_POINT ( 'NONE',  ( 16.80673604214031500, 15.05359323060817400, 47.49756013713621900 ) ) ;
#6074 = CARTESIAN_POINT ( 'NONE',  ( -15.49999999999897900, -15.50000000000102100, 47.50000000000000000 ) ) ;
#6075 = VECTOR ( 'NONE', #5130, 1000.000000000000000 ) ;
#6076 = DIRECTION ( 'NONE',  ( 1.000000000000000000, 0.0000000000000000000, 0.0000000000000000000 ) ) ;
#6077 = FACE_OUTER_BOUND ( 'NONE', #5486, .T. ) ;
#6078 = EDGE_CURVE ( 'NONE', #7838, #9250, #1329, .T. ) ;
#6079 = CARTESIAN_POINT ( 'NONE',  ( -15.05359323060823600, 16.72095085742160900, 47.50000000000000000 ) ) ;
#6080 = VERTEX_POINT ( 'NONE', #7537 ) ;
#6081 = EDGE_CURVE ( 'NONE', #4127, #316, #92, .T. ) ;
#6082 = ORIENTED_EDGE ( 'NONE', *, *, #1419, .F. ) ;
#6083 = CARTESIAN_POINT ( 'NONE',  ( -21.00355339059326800, -17.29644660940671100, 8.000000000000000000 ) ) ;
#6084 = MECHANICAL_DESIGN_GEOMETRIC_PRESENTATION_REPRESENTATION (  '', ( #8936 ), #10211 ) ;
#6085 = ORIENTED_EDGE ( 'NONE', *, *, #4113, .T. ) ;
#6086 =( NAMED_UNIT ( * ) PLANE_ANGLE_UNIT ( ) SI_UNIT ( $, .RADIAN. ) );
#6087 = EDGE_CURVE ( 'NONE', #8935, #2545, #5192, .T. ) ;
#6088 =( LENGTH_UNIT ( ) NAMED_UNIT ( * ) SI_UNIT ( .MILLI., .METRE. ) );
#6089 = VECTOR ( 'NONE', #5109, 1000.000000000000000 ) ;
#6090 = VERTEX_POINT ( 'NONE', #690 ) ;
#6091 = VERTEX_POINT ( 'NONE', #3807 ) ;
#6092 =( GEOMETRIC_REPRESENTATION_CONTEXT ( 3 ) GLOBAL_UNCERTAINTY_ASSIGNED_CONTEXT ( ( #8344 ) ) GLOBAL_UNIT_ASSIGNED_CONTEXT ( ( #9323, #5342, #1369 ) ) REPRESENTATION_CONTEXT ( 'NONE', 'WORKASPACE' ) );
#6093 = CYLINDRICAL_SURFACE ( 'NONE', #459, 1.249999999999999300 ) ;
#6094 = ADVANCED_FACE ( 'NONE', ( #10059 ), #5416, .F. ) ;
#6095 = EDGE_CURVE ( 'NONE', #3795, #5070, #5767, .T. ) ;
#6096 = PRESENTATION_STYLE_ASSIGNMENT (( #5920 ) ) ;
#6097 = EDGE_CURVE ( 'NONE', #1922, #2171, #6188, .T. ) ;
#6098 = CARTESIAN_POINT ( 'NONE',  ( -1.379851512413568000, -39.15000000000000600, 42.12714644778323200 ) ) ;
#6099 = FILL_AREA_STYLE_COLOUR ( '', #1902 ) ;
#6100 =( LENGTH_UNIT ( ) NAMED_UNIT ( * ) SI_UNIT ( .MILLI., .METRE. ) );
#6101 = CARTESIAN_POINT ( 'NONE',  ( -1.379851512413568000, -39.15000000000000600, 41.54834905086877900 ) ) ;
#6102 = LINE ( 'NONE', #5967, #9473 ) ;
#6103 = FACE_OUTER_BOUND ( 'NONE', #4647, .T. ) ;
#6104 = CARTESIAN_POINT ( 'NONE',  ( -3.599999999999998300, -21.15000000000000600, 40.00000000000000000 ) ) ;
#6105 = CARTESIAN_POINT ( 'NONE',  ( 16.76380671470515100, 15.05359323060817400, 47.50000000000000000 ) ) ;
#6106 = SURFACE_STYLE_FILL_AREA ( #7203 ) ;
#6107 = CARTESIAN_POINT ( 'NONE',  ( 14.21692477204111100, -15.92449465477574600, 47.50000000000000000 ) ) ;
#6108 = AXIS2_PLACEMENT_3D ( 'NONE', #4909, #2594, #3328 ) ;
#6110 = CARTESIAN_POINT ( 'NONE',  ( 16.78307522795901400, -15.07550534522241900, 46.50000000000000000 ) ) ;
#6109 = CARTESIAN_POINT ( 'NONE',  ( -17.14999999999997700, -21.15000000000000600, 0.5000000000000004400 ) ) ;
#6111 = AXIS2_PLACEMENT_3D ( 'NONE', #3094, #2354, #7811 ) ;
#6112 = VECTOR ( 'NONE', #411, 1000.000000000000000 ) ;
#6113 = COLOUR_RGB ( '',0.2509803921568627400, 0.2509803921568627400, 0.2509803921568627400 ) ;
#6114 = SURFACE_SIDE_STYLE ('',( #1515 ) ) ;
#6115 = DIRECTION ( 'NONE',  ( 1.000000000000000000, 8.202002250481357500E-017, -9.637352644315601400E-017 ) ) ;
#6116 = ADVANCED_FACE ( 'NONE', ( #6680 ), #1948, .F. ) ;
#6117 = ORIENTED_EDGE ( 'NONE', *, *, #8938, .T. ) ;
#6118 = CIRCLE ( 'NONE', #6920, 3.499999999999996000 ) ;
#6119 = AXIS2_PLACEMENT_3D ( 'NONE', #10126, #639, #3721 ) ;
#6120 = PRESENTATION_LAYER_ASSIGNMENT (  '', '', ( #3458 ) ) ;
#6121 = SURFACE_STYLE_FILL_AREA ( #9662 ) ;
#6122 = FACE_BOUND ( 'NONE', #10141, .T. ) ;
#6123 = CARTESIAN_POINT ( 'NONE',  ( 14.25314224406724900, -15.92449465477574600, 47.50000000000000000 ) ) ;
#6124 = EDGE_LOOP ( 'NONE', ( #3174, #2115, #4520, #8810, #9289, #3950, #2558, #1783, #5003, #308, #3068, #4006 ) ) ;
#6125 = CARTESIAN_POINT ( 'NONE',  ( -21.14999999999999500, 16.94289321881344900, 0.0000000000000000000 ) ) ;
#6126 = FACE_OUTER_BOUND ( 'NONE', #10130, .T. ) ;
#6127 = LINE ( 'NONE', #6964, #8619 ) ;
#6128 =( NAMED_UNIT ( * ) PLANE_ANGLE_UNIT ( ) SI_UNIT ( $, .RADIAN. ) );
#6129 = CIRCLE ( 'NONE', #4000, 0.4999999999999982200 ) ;
#6130 = EDGE_CURVE ( 'NONE', #9109, #2279, #2829, .T. ) ;
#6131 = LINE ( 'NONE', #3506, #7493 ) ;
#6132 = FILL_AREA_STYLE ('',( #4595 ) ) ;
#6133 = CARTESIAN_POINT ( 'NONE',  ( 21.14999999999999900, 16.94289321881344500, 47.50000000000000000 ) ) ;
#6134 = AXIS2_PLACEMENT_3D ( 'NONE', #5547, #8571, #3797 ) ;
#6136 = EDGE_CURVE ( 'NONE', #3690, #9309, #80, .T. ) ;
#6135 = FILL_AREA_STYLE_COLOUR ( '', #8719 ) ;
#6137 = ORIENTED_EDGE ( 'NONE', *, *, #10286, .T. ) ;
#6138 = VERTEX_POINT ( 'NONE', #3768 ) ;
#6139 = EDGE_CURVE ( 'NONE', #5957, #1756, #5933, .T. ) ;
#6141 = DIRECTION ( 'NONE',  ( -0.0000000000000000000, -0.0000000000000000000, 1.000000000000000000 ) ) ;
#6140 = CARTESIAN_POINT ( 'NONE',  ( -17.29644660940670100, 21.00355339059327500, 0.0000000000000000000 ) ) ;
#6142 = AXIS2_PLACEMENT_3D ( 'NONE', #688, #2989, #4605 ) ;
#6143 = ADVANCED_FACE ( 'NONE', ( #4307 ), #3072, .F. ) ;
#6144 = ORIENTED_EDGE ( 'NONE', *, *, #2025, .F. ) ;
#6145 = VERTEX_POINT ( 'NONE', #2282 ) ;
#6146 = VECTOR ( 'NONE', #9050, 1000.000000000000000 ) ;
#6147 = CARTESIAN_POINT ( 'NONE',  ( 16.78307522795901000, -15.21910815488984200, 47.50000000000000000 ) ) ;
#6148 = DIRECTION ( 'NONE',  ( -0.7071067811865406900, 0.7071067811865544600, 0.0000000000000000000 ) ) ;
#6149 = LINE ( 'NONE', #7995, #4521 ) ;
#6150 = ORIENTED_EDGE ( 'NONE', *, *, #4611, .F. ) ;
#6151 = VERTEX_POINT ( 'NONE', #2389 ) ;
#6152 = CARTESIAN_POINT ( 'NONE',  ( 15.07550534522236100, 14.25314224406705700, 47.50000000000000000 ) ) ;
#6153 = VERTEX_POINT ( 'NONE', #3938 ) ;
#6154 = TOROIDAL_SURFACE ( 'NONE', #6945, 3.500000000000927300, 0.5000000000000000000 ) ;
#6155 = AXIS2_PLACEMENT_3D ( 'NONE', #9881, #9953, #5171 ) ;
#6156 = LINE ( 'NONE', #326, #5394 ) ;
#6157 = EDGE_CURVE ( 'NONE', #6827, #3248, #1441, .T. ) ;
#6158 = SURFACE_STYLE_FILL_AREA ( #3422 ) ;
#6159 = EDGE_CURVE ( 'NONE', #7698, #3448, #6934, .T. ) ;
#6160 = LINE ( 'NONE', #1608, #6506 ) ;
#6161 = EDGE_LOOP ( 'NONE', ( #4231, #3163, #6275, #4809 ) ) ;
#6162 = CARTESIAN_POINT ( 'NONE',  ( -15.50000000000016500, 15.49999999999897500, 47.50000000000000000 ) ) ;
#6163 = ORIENTED_EDGE ( 'NONE', *, *, #4658, .F. ) ;
#6164 = DIRECTION ( 'NONE',  ( 1.000000000000000000, 0.0000000000000000000, -0.0000000000000000000 ) ) ;
#6165 =( NAMED_UNIT ( * ) SI_UNIT ( $, .STERADIAN. ) SOLID_ANGLE_UNIT ( ) );
#6166 = SURFACE_SIDE_STYLE ('',( #7865 ) ) ;
#6167 = LINE ( 'NONE', #4027, #6046 ) ;
#6168 = ORIENTED_EDGE ( 'NONE', *, *, #6814, .F. ) ;
#6169 = MECHANICAL_DESIGN_GEOMETRIC_PRESENTATION_REPRESENTATION (  '', ( #7425 ), #4011 ) ;
#6170 = DIRECTION ( 'NONE',  ( 0.0000000000000000000, -0.0000000000000000000, 1.000000000000000000 ) ) ;
#6171 = ORIENTED_EDGE ( 'NONE', *, *, #8192, .F. ) ;
#6172 = AXIS2_PLACEMENT_3D ( 'NONE', #4075, #904, #2738 ) ;
#6173 = VECTOR ( 'NONE', #3732, 1000.000000000000000 ) ;
#6174 = VERTEX_POINT ( 'NONE', #7145 ) ;
#6175 = EDGE_CURVE ( 'NONE', #4159, #6780, #3113, .T. ) ;
#6176 = ORIENTED_EDGE ( 'NONE', *, *, #9092, .T. ) ;
#6177 = EDGE_LOOP ( 'NONE', ( #62, #323, #3013, #4768, #9977, #2931, #6849, #10283, #9519, #1675, #3341, #661 ) ) ;
#6178 = CARTESIAN_POINT ( 'NONE',  ( 2.000000000000015500, 0.0000000000000000000, -24.00000000000000000 ) ) ;
#6179 = PRESENTATION_STYLE_ASSIGNMENT (( #6702 ) ) ;
#6180 = CARTESIAN_POINT ( 'NONE',  ( 21.14999999999999900, 16.94289321881344500, 8.000000000000000000 ) ) ;
#6181 = COLOUR_RGB ( '',0.2509803921568627400, 0.2509803921568627400, 0.2509803921568627400 ) ;
#6182 = DIRECTION ( 'NONE',  ( -0.0000000000000000000, -0.0000000000000000000, 1.000000000000000000 ) ) ;
#6183 = ORIENTED_EDGE ( 'NONE', *, *, #8735, .F. ) ;
#6184 = DIRECTION ( 'NONE',  ( 0.0000000000000000000, 0.0000000000000000000, 1.000000000000000000 ) ) ;
#6185 = DIRECTION ( 'NONE',  ( -0.0000000000000000000, 0.0000000000000000000, 1.000000000000000000 ) ) ;
#6186 = ORIENTED_EDGE ( 'NONE', *, *, #3684, .F. ) ;
#6187 = ORIENTED_EDGE ( 'NONE', *, *, #921, .T. ) ;
#6188 = CIRCLE ( 'NONE', #3632, 0.5000000000000006700 ) ;
#6189 = DIRECTION ( 'NONE',  ( -0.0000000000000000000, -0.0000000000000000000, 1.000000000000000000 ) ) ;
#6190 = PRESENTATION_LAYER_ASSIGNMENT (  '', '', ( #7233 ) ) ;
#6191 = AXIS2_PLACEMENT_3D ( 'NONE', #3115, #3178, #3212 ) ;
#6192 = FACE_OUTER_BOUND ( 'NONE', #4389, .T. ) ;
#6193 = ORIENTED_EDGE ( 'NONE', *, *, #551, .T. ) ;
#6194 = FILL_AREA_STYLE ('',( #7614 ) ) ;
#6195 = SURFACE_STYLE_FILL_AREA ( #9581 ) ;
#6196 = EDGE_LOOP ( 'NONE', ( #4036, #10193 ) ) ;
#6197 = VECTOR ( 'NONE', #299, 1000.000000000000000 ) ;
#6198 = FACE_OUTER_BOUND ( 'NONE', #5328, .T. ) ;
#6199 = DIRECTION ( 'NONE',  ( -1.000000000000000000, 1.224646799147351500E-016, 0.0000000000000000000 ) ) ;
#6201 = ADVANCED_FACE ( 'NONE', ( #3801 ), #3097, .F. ) ;
#6200 = CARTESIAN_POINT ( 'NONE',  ( -16.84930666606614500, -15.94640676939191900, 47.49262389544728800 ) ) ;
#6202 = ORIENTED_EDGE ( 'NONE', *, *, #212, .F. ) ;
#6203 = CARTESIAN_POINT ( 'NONE',  ( -1.379851512413568000, -39.15000000000000600, 41.54834905086877900 ) ) ;
#6204 = CARTESIAN_POINT ( 'NONE',  ( 15.92449465477568900, 14.23501994154182500, 47.49955985394395700 ) ) ;
#6205 = CARTESIAN_POINT ( 'NONE',  ( -15.92449465477580800, -15.94640676939192800, 46.50000000000000000 ) ) ;
#6206 = PRESENTATION_LAYER_ASSIGNMENT (  '', '', ( #1386 ) ) ;
#6207 = EDGE_LOOP ( 'NONE', ( #7978, #3755, #368, #4284 ) ) ;
#6208 = CARTESIAN_POINT ( 'NONE',  ( -14.15069333393213700, -15.50000000000102300, 47.49878368663158300 ) ) ;
#6209 = FACE_OUTER_BOUND ( 'NONE', #542, .T. ) ;
#6210 = FILL_AREA_STYLE_COLOUR ( '', #163 ) ;
#6211 = EDGE_LOOP ( 'NONE', ( #3055, #4746, #7815, #3628 ) ) ;
#6212 = ORIENTED_EDGE ( 'NONE', *, *, #7747, .T. ) ;
#6214 = CARTESIAN_POINT ( 'NONE',  ( 3.503880904858911000, -19.15000000000000600, 0.0000000000000000000 ) ) ;
#6213 = DIRECTION ( 'NONE',  ( -1.000000000000000000, 0.0000000000000000000, 0.0000000000000000000 ) ) ;
#6215 = ORIENTED_EDGE ( 'NONE', *, *, #5956, .T. ) ;
#6216 = AXIS2_PLACEMENT_3D ( 'NONE', #1598, #2441, #2470 ) ;
#6217 = DIRECTION ( 'NONE',  ( -1.000000000000000000, 4.086561412391467000E-015, 0.0000000000000000000 ) ) ;
#6218 = EDGE_CURVE ( 'NONE', #8418, #3562, #4793, .T. ) ;
#6219 = AXIS2_PLACEMENT_3D ( 'NONE', #8557, #4644, #10164 ) ;
#6220 =( NAMED_UNIT ( * ) SI_UNIT ( $, .STERADIAN. ) SOLID_ANGLE_UNIT ( ) );
#6221 = DIRECTION ( 'NONE',  ( 1.000000000000000000, 0.0000000000000000000, 0.0000000000000000000 ) ) ;
#6222 = VERTEX_POINT ( 'NONE', #2420 ) ;
#6223 = LINE ( 'NONE', #8764, #5712 ) ;
#6224 = VECTOR ( 'NONE', #2733, 1000.000000000000000 ) ;
#6225 = CIRCLE ( 'NONE', #53, 2.000000000000029300 ) ;
#6226 = AXIS2_PLACEMENT_3D ( 'NONE', #4837, #8853, #5723 ) ;
#6227 = DIRECTION ( 'NONE',  ( 0.0000000000000000000, 0.0000000000000000000, 1.000000000000000000 ) ) ;
#6228 = EDGE_CURVE ( 'NONE', #2929, #3467, #5054, .T. ) ;
#6229 = EDGE_CURVE ( 'NONE', #1053, #9763, #9929, .T. ) ;
#6230 = CIRCLE ( 'NONE', #2223, 2.799999999999999800 ) ;
#6231 = DIRECTION ( 'NONE',  ( 0.0000000000000000000, 0.0000000000000000000, 1.000000000000000000 ) ) ;
#6232 = DIRECTION ( 'NONE',  ( 0.0000000000000000000, 0.0000000000000000000, 1.000000000000000000 ) ) ;
#6233 = EDGE_LOOP ( 'NONE', ( #4063, #4511, #3289, #3498 ) ) ;
#6234 = B_SPLINE_CURVE_WITH_KNOTS ( 'NONE', 3,
 ( #2840, #10040, #4591, #2234 ),
 .UNSPECIFIED., .F., .F.,
 ( 4, 4 ),
 ( 0.0000000000000000000, 0.0001285675718493048900 ),
 .UNSPECIFIED. ) ;
#6235 = CARTESIAN_POINT ( 'NONE',  ( 1.034555470891354000, 1.999999999999999100, -23.76036669716651800 ) ) ;
#6236 = ORIENTED_EDGE ( 'NONE', *, *, #6130, .T. ) ;
#6237 = DIRECTION ( 'NONE',  ( -0.7071067811865474600, 0.7071067811865474600, 0.0000000000000000000 ) ) ;
#6238 = FACE_BOUND ( 'NONE', #4465, .T. ) ;
#6240 = CARTESIAN_POINT ( 'NONE',  ( -15.05359323060823600, 14.19326395785794800, 47.49756013713619000 ) ) ;
#6239 = DIRECTION ( 'NONE',  ( -0.0000000000000000000, -0.0000000000000000000, 1.000000000000000000 ) ) ;
#6241 = LINE ( 'NONE', #3121, #9607 ) ;
#6242 = STYLED_ITEM ( 'NONE', ( #9523 ), #1149 ) ;
#6243 = STYLED_ITEM ( 'NONE', ( #1367 ), #6974 ) ;
#6244 = ADVANCED_FACE ( 'NONE', ( #2700 ), #8778, .F. ) ;
#6245 = PLANE ( 'NONE',  #1645 ) ;
#6246 = SURFACE_SIDE_STYLE ('',( #7384 ) ) ;
#6247 = VERTEX_POINT ( 'NONE', #1513 ) ;
#6248 = ADVANCED_BREP_SHAPE_REPRESENTATION ( '17HS19-2004S1', ( #7548, #1356 ), #7878 ) ;
#6249 = ORIENTED_EDGE ( 'NONE', *, *, #9161, .F. ) ;
#6250 = CYLINDRICAL_SURFACE ( 'NONE', #7649, 0.5000000000000000000 ) ;
#6251 = FILL_AREA_STYLE ('',( #9391 ) ) ;
#6252 = DIRECTION ( 'NONE',  ( 1.224646799147353200E-016, 1.000000000000000000, -0.0000000000000000000 ) ) ;
#6253 =( LENGTH_UNIT ( ) NAMED_UNIT ( * ) SI_UNIT ( .MILLI., .METRE. ) );
#6254 = ORIENTED_EDGE ( 'NONE', *, *, #423, .T. ) ;
#6255 = MECHANICAL_DESIGN_GEOMETRIC_PRESENTATION_REPRESENTATION (  '', ( #7842 ), #1256 ) ;
#6256 = DIRECTION ( 'NONE',  ( 1.000000000000000000, 0.0000000000000000000, 0.0000000000000000000 ) ) ;
#6257 = UNCERTAINTY_MEASURE_WITH_UNIT (LENGTH_MEASURE( 1.000000000000000100E-005 ), #8403, 'distance_accuracy_value', 'NONE');
#6258 = CIRCLE ( 'NONE', #1875, 25.00000000000000000 ) ;
#6259 = CARTESIAN_POINT ( 'NONE',  ( 15.92449465477569200, 15.05359323060817500, 46.50000000000000000 ) ) ;
#6260 = VECTOR ( 'NONE', #4067, 1000.000000000000000 ) ;
#6261 = SURFACE_STYLE_USAGE ( .BOTH. , #5462 ) ;
#6262 = SURFACE_SIDE_STYLE ('',( #4983 ) ) ;
#6263 = ORIENTED_EDGE ( 'NONE', *, *, #9915, .F. ) ;
#6264 = ORIENTED_EDGE ( 'NONE', *, *, #10017, .T. ) ;
#6265 = VERTEX_POINT ( 'NONE', #8689 ) ;
#6266 = COLOUR_RGB ( '',0.2509803921568627400, 0.2509803921568627400, 0.2509803921568627400 ) ;
#6267 = CARTESIAN_POINT ( 'NONE',  ( 18.99999999999983300, 15.50000000000016000, 48.00000000000000000 ) ) ;
#6268 = EDGE_CURVE ( 'NONE', #4001, #794, #3316, .T. ) ;
#6269 = CARTESIAN_POINT ( 'NONE',  ( 14.25000000000010500, -15.49999999999989200, 0.0000000000000000000 ) ) ;
#6270 = CARTESIAN_POINT ( 'NONE',  ( 20.64999999999999900, 16.94289321881344500, 47.50000000000000000 ) ) ;
#6271 = LINE ( 'NONE', #8178, #10135 ) ;
#6272 = PRESENTATION_STYLE_ASSIGNMENT (( #3322 ) ) ;
#6273 = DIRECTION ( 'NONE',  ( -1.000000000000000000, 0.0000000000000000000, 0.0000000000000000000 ) ) ;
#6274 = EDGE_CURVE ( 'NONE', #473, #1320, #197, .T. ) ;
#6275 = ORIENTED_EDGE ( 'NONE', *, *, #8192, .T. ) ;
#6276 = EDGE_LOOP ( 'NONE', ( #6144, #7636, #1466, #2518 ) ) ;
#6277 = AXIS2_PLACEMENT_3D ( 'NONE', #4656, #7857, #9380 ) ;
#6278 = LINE ( 'NONE', #2551, #7882 ) ;
#6279 = CIRCLE ( 'NONE', #2976, 0.5000000000000000000 ) ;
#6280 = CARTESIAN_POINT ( 'NONE',  ( 13.20000000000102100, -15.49999999999983700, 46.00000000000000000 ) ) ;
#6281 = SURFACE_SIDE_STYLE ('',( #3339 ) ) ;
#6282 = EDGE_LOOP ( 'NONE', ( #8441, #5634, #2382, #311 ) ) ;
#6283 = DIRECTION ( 'NONE',  ( 1.000000000000000000, 0.0000000000000000000, 0.0000000000000000000 ) ) ;
#6284 = PRESENTATION_LAYER_ASSIGNMENT (  '', '', ( #5741 ) ) ;
#6285 = ORIENTED_EDGE ( 'NONE', *, *, #4062, .T. ) ;
#6286 = ORIENTED_EDGE ( 'NONE', *, *, #8468, .T. ) ;
#6287 = EDGE_CURVE ( 'NONE', #2942, #9135, #590, .T. ) ;
#6288 = EDGE_CURVE ( 'NONE', #3159, #3795, #8289, .T. ) ;
#6289 = FACE_OUTER_BOUND ( 'NONE', #4826, .T. ) ;
#6290 = VERTEX_POINT ( 'NONE', #8878 ) ;
#6291 = ADVANCED_FACE ( 'NONE', ( #2318 ), #7290, .T. ) ;
#6292 = ORIENTED_EDGE ( 'NONE', *, *, #4839, .T. ) ;
#6293 = CIRCLE ( 'NONE', #4189, 0.4999999999999982200 ) ;
#6294 = PLANE ( 'NONE',  #599 ) ;
#6295 = ORIENTED_EDGE ( 'NONE', *, *, #6302, .F. ) ;
#6296 = ORIENTED_EDGE ( 'NONE', *, *, #9562, .F. ) ;
#6297 = CARTESIAN_POINT ( 'NONE',  ( 3.503880904858911000, -19.15000000000000600, 44.41033917074156500 ) ) ;
#6298 = AXIS2_PLACEMENT_3D ( 'NONE', #4733, #10252, #8654 ) ;
#6299 = CARTESIAN_POINT ( 'NONE',  ( -14.21692477204121700, 15.92449465477564100, 46.50000000000000000 ) ) ;
#6300 = VERTEX_POINT ( 'NONE', #8105 ) ;
#6301 = PRESENTATION_LAYER_ASSIGNMENT (  '', '', ( #5831 ) ) ;
#6302 = EDGE_CURVE ( 'NONE', #8404, #1829, #9040, .T. ) ;
#6303 =( LENGTH_UNIT ( ) NAMED_UNIT ( * ) SI_UNIT ( .MILLI., .METRE. ) );
#6304 = DIRECTION ( 'NONE',  ( -0.0000000000000000000, -0.0000000000000000000, -1.000000000000000000 ) ) ;
#6305 = CIRCLE ( 'NONE', #3664, 1.299999999999999200 ) ;
#6306 = CARTESIAN_POINT ( 'NONE',  ( -15.50000000000016500, 15.49999999999897500, 47.50000000000000000 ) ) ;
#6307 = ORIENTED_EDGE ( 'NONE', *, *, #5080, .T. ) ;
#6308 = ADVANCED_FACE ( 'NONE', ( #8780 ), #8842, .F. ) ;
#6309 = CARTESIAN_POINT ( 'NONE',  ( 21.16000000000000000, -13.31369220013742300, 40.00000000000000000 ) ) ;
#6310 = FACE_OUTER_BOUND ( 'NONE', #7944, .T. ) ;
#6311 = ORIENTED_EDGE ( 'NONE', *, *, #222, .F. ) ;
#6312 = CARTESIAN_POINT ( 'NONE',  ( -21.14999999999999500, -16.94289321881344500, 48.00000000000000000 ) ) ;
#6313 = ORIENTED_EDGE ( 'NONE', *, *, #7633, .T. ) ;
#6314 = PRESENTATION_LAYER_ASSIGNMENT (  '', '', ( #7586 ) ) ;
#6315 = AXIS2_PLACEMENT_3D ( 'NONE', #353, #2755, #9895 ) ;
#6316 = PLANE ( 'NONE',  #3047 ) ;
#6317 = CARTESIAN_POINT ( 'NONE',  ( -21.14999999999999500, -17.14999999999998800, 0.5000000000000004400 ) ) ;
#6318 = VECTOR ( 'NONE', #4427, 1000.000000000000000 ) ;
#6319 = DIRECTION ( 'NONE',  ( -0.0000000000000000000, -0.0000000000000000000, -1.000000000000000000 ) ) ;
#6320 = VECTOR ( 'NONE', #8514, 1000.000000000000000 ) ;
#6321 = ORIENTED_EDGE ( 'NONE', *, *, #7733, .F. ) ;
#6322 = UNCERTAINTY_MEASURE_WITH_UNIT (LENGTH_MEASURE( 1.000000000000000100E-005 ), #4972, 'distance_accuracy_value', 'NONE');
#6323 = ORIENTED_EDGE ( 'NONE', *, *, #1872, .T. ) ;
#6324 = ORIENTED_EDGE ( 'NONE', *, *, #5357, .F. ) ;
#6325 = SURFACE_STYLE_USAGE ( .BOTH. , #5526 ) ;
#6326 = DIRECTION ( 'NONE',  ( -1.000000000000000000, 0.0000000000000000000, 0.0000000000000000000 ) ) ;
#6327 = CARTESIAN_POINT ( 'NONE',  ( 0.0000000000000000000, 0.0000000000000000000, 5.999999999999998200 ) ) ;
#6328 = AXIS2_PLACEMENT_3D ( 'NONE', #4079, #4109, #124 ) ;
#6329 = ORIENTED_EDGE ( 'NONE', *, *, #4488, .F. ) ;
#6330 = EDGE_CURVE ( 'NONE', #8524, #2950, #8155, .T. ) ;
#6331 = CARTESIAN_POINT ( 'NONE',  ( 15.05359323060812700, -15.92449465477574800, 46.50000000000000000 ) ) ;
#6332 = EDGE_CURVE ( 'NONE', #2258, #6914, #2435, .T. ) ;
#6333 = VERTEX_POINT ( 'NONE', #2456 ) ;
#6334 = AXIS2_PLACEMENT_3D ( 'NONE', #5259, #2907, #511 ) ;
#6335 = FACE_OUTER_BOUND ( 'NONE', #1208, .T. ) ;
#6336 = DIRECTION ( 'NONE',  ( -0.0000000000000000000, -0.0000000000000000000, 1.000000000000000000 ) ) ;
#6337 = DIRECTION ( 'NONE',  ( 1.224646799147353200E-016, 1.000000000000000000, -0.0000000000000000000 ) ) ;
#6338 = FACE_OUTER_BOUND ( 'NONE', #4679, .T. ) ;
#6339 = DIRECTION ( 'NONE',  ( -1.000000000000000000, 0.0000000000000000000, 0.0000000000000000000 ) ) ;
#6340 = CARTESIAN_POINT ( 'NONE',  ( 16.94289321881342000, 20.64999999999999900, 38.00000000000000000 ) ) ;
#6342 =( NAMED_UNIT ( * ) SI_UNIT ( $, .STERADIAN. ) SOLID_ANGLE_UNIT ( ) );
#6341 = PLANE ( 'NONE',  #7480 ) ;
#6343 = AXIS2_PLACEMENT_3D ( 'NONE', #488, #5979, #4374 ) ;
#6344 = PLANE ( 'NONE',  #2236 ) ;
#6345 = CIRCLE ( 'NONE', #7366, 1.249999999999997600 ) ;
#6346 = EDGE_CURVE ( 'NONE', #9680, #7318, #814, .T. ) ;
#6347 = EDGE_CURVE ( 'NONE', #7748, #804, #8827, .T. ) ;
#6348 = CARTESIAN_POINT ( 'NONE',  ( -19.00000000000109100, 15.49999999999897500, 48.00000000000000000 ) ) ;
#6349 = DIRECTION ( 'NONE',  ( -1.000000000000000000, -0.0000000000000000000, 0.0000000000000000000 ) ) ;
#6350 = ORIENTED_EDGE ( 'NONE', *, *, #7320, .F. ) ;
#6351 = VECTOR ( 'NONE', #6189, 1000.000000000000000 ) ;
#6352 = ADVANCED_FACE ( 'NONE', ( #579 ), #7410, .T. ) ;
#6353 = CYLINDRICAL_SURFACE ( 'NONE', #6584, 2.799999999999999800 ) ;
#6354 = PRESENTATION_LAYER_ASSIGNMENT (  '', '', ( #2839 ) ) ;
#6355 = AXIS2_PLACEMENT_3D ( 'NONE', #1093, #9844, #5061 ) ;
#6356 = EDGE_CURVE ( 'NONE', #9109, #9158, #1185, .T. ) ;
#6357 = DIRECTION ( 'NONE',  ( 1.000000000000000000, 0.0000000000000000000, -0.0000000000000000000 ) ) ;
#6358 = CARTESIAN_POINT ( 'NONE',  ( 15.92449465477569200, 15.05359323060817500, 47.50000000000000000 ) ) ;
#6359 = EDGE_LOOP ( 'NONE', ( #7200, #3087, #4422, #2653 ) ) ;
#6360 = CIRCLE ( 'NONE', #3439, 4.000000000000000000 ) ;
#6361 = VECTOR ( 'NONE', #2771, 1000.000000000000000 ) ;
#6362 = UNCERTAINTY_MEASURE_WITH_UNIT (LENGTH_MEASURE( 1.000000000000000100E-005 ), #5973, 'distance_accuracy_value', 'NONE');
#6363 = B_SPLINE_CURVE_WITH_KNOTS ( 'NONE', 3,
 ( #2363, #7156, #29, #8698 ),
 .UNSPECIFIED., .F., .F.,
 ( 4, 4 ),
 ( 0.0000000000000000000, 0.0004464067693929641600 ),
 .UNSPECIFIED. ) ;
#6364 = CARTESIAN_POINT ( 'NONE',  ( 14.21692477204111100, -15.92449465477574600, 46.50000000000000000 ) ) ;
#6365 = DIRECTION ( 'NONE',  ( 0.0000000000000000000, 0.0000000000000000000, 1.000000000000000000 ) ) ;
#6366 = ORIENTED_EDGE ( 'NONE', *, *, #8405, .T. ) ;
#6367 = UNCERTAINTY_MEASURE_WITH_UNIT (LENGTH_MEASURE( 1.000000000000000100E-005 ), #31, 'distance_accuracy_value', 'NONE');
#6368 = CIRCLE ( 'NONE', #4412, 2.799999999999999800 ) ;
#6369 = FILL_AREA_STYLE ('',( #5579 ) ) ;
#6370 = FILL_AREA_STYLE ('',( #5611 ) ) ;
#6371 = STYLED_ITEM ( 'NONE', ( #8377 ), #1637 ) ;
#6372 =( GEOMETRIC_REPRESENTATION_CONTEXT ( 3 ) GLOBAL_UNCERTAINTY_ASSIGNED_CONTEXT ( ( #2187 ) ) GLOBAL_UNIT_ASSIGNED_CONTEXT ( ( #8726, #801, #3959 ) ) REPRESENTATION_CONTEXT ( 'NONE', 'WORKASPACE' ) );
#6373 = COLOUR_RGB ( '',0.2509803921568627400, 0.2509803921568627400, 0.2509803921568627400 ) ;
#6374 = DIRECTION ( 'NONE',  ( 0.0000000000000000000, -0.0000000000000000000, -1.000000000000000000 ) ) ;
#6375 = COLOUR_RGB ( '',0.2509803921568627400, 0.2509803921568627400, 0.2509803921568627400 ) ;
#6376 = ORIENTED_EDGE ( 'NONE', *, *, #10162, .T. ) ;
#6377 = ORIENTED_EDGE ( 'NONE', *, *, #7, .F. ) ;
#6378 = SURFACE_STYLE_FILL_AREA ( #9745 ) ;
#6379 = CARTESIAN_POINT ( 'NONE',  ( -13.32957238623954800, -21.15000000000000600, 99.84951795962939500 ) ) ;
#6380 = CARTESIAN_POINT ( 'NONE',  ( 14.15069333393202600, 15.05359323060818400, 46.50000000000000000 ) ) ;
#6381 = COLOUR_RGB ( '',0.2509803921568627400, 0.2509803921568627400, 0.2509803921568627400 ) ;
#6382 = EDGE_LOOP ( 'NONE', ( #6176, #5034, #7442, #5685 ) ) ;
#6383 = COLOUR_RGB ( '',1.000000000000000000, 1.000000000000000000, 1.000000000000000000 ) ;
#6384 = LINE ( 'NONE', #8911, #7245 ) ;
#6385 = AXIS2_PLACEMENT_3D ( 'NONE', #1878, #394, #6694 ) ;
#6386 = EDGE_LOOP ( 'NONE', ( #4031, #9230, #1065, #1324 ) ) ;
#6387 = ORIENTED_EDGE ( 'NONE', *, *, #9971, .T. ) ;
#6388 = EDGE_LOOP ( 'NONE', ( #6419, #3321, #9688, #875 ) ) ;
#6389 = SURFACE_STYLE_FILL_AREA ( #1714 ) ;
#6390 = FACE_OUTER_BOUND ( 'NONE', #3765, .T. ) ;
#6391 = DIRECTION ( 'NONE',  ( 0.0000000000000000000, 0.0000000000000000000, 1.000000000000000000 ) ) ;
#6392 = DIRECTION ( 'NONE',  ( 0.0000000000000000000, 0.0000000000000000000, -1.000000000000000000 ) ) ;
#6393 = DIRECTION ( 'NONE',  ( -1.000000000000000000, 1.244022139150247500E-014, 0.0000000000000000000 ) ) ;
#6394 = VERTEX_POINT ( 'NONE', #1704 ) ;
#6395 = VECTOR ( 'NONE', #1542, 1000.000000000000000 ) ;
#6396 = ORIENTED_EDGE ( 'NONE', *, *, #9499, .T. ) ;
#6397 = STYLED_ITEM ( 'NONE', ( #4865 ), #4312 ) ;
#6398 = ADVANCED_FACE ( 'NONE', ( #9921 ), #2701, .T. ) ;
#6399 = DIRECTION ( 'NONE',  ( 0.0000000000000000000, 0.0000000000000000000, -1.000000000000000000 ) ) ;
#6400 = EDGE_CURVE ( 'NONE', #9332, #3103, #71, .T. ) ;
#6401 = ORIENTED_EDGE ( 'NONE', *, *, #2415, .F. ) ;
#6402 = DIRECTION ( 'NONE',  ( 1.000000000000000000, 0.0000000000000000000, 0.0000000000000000000 ) ) ;
#6403 = AXIS2_PLACEMENT_3D ( 'NONE', #1801, #7412, #247 ) ;
#6404 = ORIENTED_EDGE ( 'NONE', *, *, #445, .F. ) ;
#6405 = VERTEX_POINT ( 'NONE', #4363 ) ;
#6406 = CARTESIAN_POINT ( 'NONE',  ( 15.49999999999983700, 15.50000000000016000, 48.00000000000000000 ) ) ;
#6407 = EDGE_LOOP ( 'NONE', ( #6931, #4271, #6532, #9944, #2191 ) ) ;
#6408 = ORIENTED_EDGE ( 'NONE', *, *, #7337, .T. ) ;
#6409 = CIRCLE ( 'NONE', #3796, 1.300000000000000700 ) ;
#6410 = FILL_AREA_STYLE ('',( #4069 ) ) ;
#6411 = EDGE_LOOP ( 'NONE', ( #8998, #7047 ) ) ;
#6412 = CARTESIAN_POINT ( 'NONE',  ( 16.84930666606603100, 15.05359323060817400, 46.50000000000000000 ) ) ;
#6413 = AXIS2_PLACEMENT_3D ( 'NONE', #4536, #545, #5267 ) ;
#6414 = AXIS2_PLACEMENT_3D ( 'NONE', #6714, #9990, #6057 ) ;
#6415 = LINE ( 'NONE', #4875, #818 ) ;
#6416 = EDGE_CURVE ( 'NONE', #2279, #6769, #9300, .T. ) ;
#6417 = ORIENTED_EDGE ( 'NONE', *, *, #10082, .F. ) ;
#6418 = CARTESIAN_POINT ( 'NONE',  ( -15.49999999999897900, -15.50000000000102100, 46.00000000000000000 ) ) ;
#6419 = ORIENTED_EDGE ( 'NONE', *, *, #985, .T. ) ;
#6420 = CARTESIAN_POINT ( 'NONE',  ( -12.49999999999923800, 15.49999999999897500, 46.00000000000000000 ) ) ;
#6421 = PLANE ( 'NONE',  #2759 ) ;
#6422 = DIRECTION ( 'NONE',  ( -0.0000000000000000000, -0.0000000000000000000, 1.000000000000000000 ) ) ;
#6423 = SURFACE_STYLE_FILL_AREA ( #4432 ) ;
#6424 = EDGE_LOOP ( 'NONE', ( #2313, #3647 ) ) ;
#6425 = DIRECTION ( 'NONE',  ( 0.0000000000000000000, -1.000000000000000000, 0.0000000000000000000 ) ) ;
#6426 = CIRCLE ( 'NONE', #2107, 0.5000000000000004400 ) ;
#6427 = AXIS2_PLACEMENT_3D ( 'NONE', #7616, #9069, #6825 ) ;
#6428 = DIRECTION ( 'NONE',  ( 0.0000000000000000000, 0.0000000000000000000, 1.000000000000000000 ) ) ;
#6429 = CARTESIAN_POINT ( 'NONE',  ( -17.14999999999997700, 21.14999999999999900, 38.00000000000000000 ) ) ;
#6430 = VERTEX_POINT ( 'NONE', #3529 ) ;
#6431 = DIRECTION ( 'NONE',  ( 0.0000000000000000000, 0.0000000000000000000, 1.000000000000000000 ) ) ;
#6432 =( NAMED_UNIT ( * ) SI_UNIT ( $, .STERADIAN. ) SOLID_ANGLE_UNIT ( ) );
#6433 = ORIENTED_EDGE ( 'NONE', *, *, #10285, .T. ) ;
#6434 = DIRECTION ( 'NONE',  ( -0.0000000000000000000, -0.0000000000000000000, 1.000000000000000000 ) ) ;
#6435 =( NAMED_UNIT ( * ) SI_UNIT ( $, .STERADIAN. ) SOLID_ANGLE_UNIT ( ) );
#6436 = UNCERTAINTY_MEASURE_WITH_UNIT (LENGTH_MEASURE( 1.000000000000000100E-005 ), #6691, 'distance_accuracy_value', 'NONE');
#6437 = PRESENTATION_STYLE_ASSIGNMENT (( #177 ) ) ;
#6438 = ADVANCED_FACE ( 'NONE', ( #4551 ), #2195, .T. ) ;
#6439 = EDGE_LOOP ( 'NONE', ( #6295, #5523, #10280, #3754 ) ) ;
#6440 = PRESENTATION_LAYER_ASSIGNMENT (  '', '', ( #4175 ) ) ;
#6441 = AXIS2_PLACEMENT_3D ( 'NONE', #6597, #380, #9776 ) ;
#6442 = DIRECTION ( 'NONE',  ( -1.000000000000000000, 0.0000000000000000000, 0.0000000000000000000 ) ) ;
#6443 = ORIENTED_EDGE ( 'NONE', *, *, #5300, .T. ) ;
#6444 =( NAMED_UNIT ( * ) PLANE_ANGLE_UNIT ( ) SI_UNIT ( $, .RADIAN. ) );
#6445 = CIRCLE ( 'NONE', #4132, 3.000000000000639500 ) ;
#6446 = DIRECTION ( 'NONE',  ( -0.0000000000000000000, -0.0000000000000000000, -1.000000000000000000 ) ) ;
#6447 = CARTESIAN_POINT ( 'NONE',  ( 15.94640676939198100, -16.84930666606609200, 46.50000000000000000 ) ) ;
#6448 = ADVANCED_FACE ( 'NONE', ( #7785 ), #7161, .T. ) ;
#6449 = PLANE ( 'NONE',  #7946 ) ;
#6450 = ORIENTED_EDGE ( 'NONE', *, *, #5204, .F. ) ;
#6451 = EDGE_CURVE ( 'NONE', #5180, #6091, #8019, .T. ) ;
#6453 = CONICAL_SURFACE ( 'NONE', #6191, 1.249999999999997600, 1.029744258676653200 ) ;
#6452 = DIRECTION ( 'NONE',  ( 0.0000000000000000000, 0.0000000000000000000, -1.000000000000000000 ) ) ;
#6454 = CYLINDRICAL_SURFACE ( 'NONE', #9087, 11.00000000000000000 ) ;
#6455 = DIRECTION ( 'NONE',  ( -0.0000000000000000000, -0.0000000000000000000, -1.000000000000000000 ) ) ;
#6456 = CIRCLE ( 'NONE', #730, 2.999999999999780600 ) ;
#6457 = CARTESIAN_POINT ( 'NONE',  ( -15.07550534522246900, -15.05359323060807800, 47.50000000000000000 ) ) ;
#6458 = EDGE_CURVE ( 'NONE', #9250, #1922, #5919, .T. ) ;
#6459 = AXIS2_PLACEMENT_3D ( 'NONE', #4440, #5232, #6036 ) ;
#6460 = CARTESIAN_POINT ( 'NONE',  ( -14.24999999999994300, -15.50000000000005000, -2.266821225221747900E-017 ) ) ;
#6461 = LINE ( 'NONE', #376, #1717 ) ;
#6462 = CARTESIAN_POINT ( 'NONE',  ( -3.500000000000000000, 4.286263797015736600E-016, 46.00000000000000000 ) ) ;
#6463 = ORIENTED_EDGE ( 'NONE', *, *, #7633, .F. ) ;
#6464 = AXIS2_PLACEMENT_3D ( 'NONE', #9463, #654, #1474 ) ;
#6465 = DIRECTION ( 'NONE',  ( 1.000000000000000000, 0.0000000000000000000, 0.0000000000000000000 ) ) ;
#6466 = EDGE_CURVE ( 'NONE', #8418, #10062, #919, .T. ) ;
#6467 = VERTEX_POINT ( 'NONE', #8980 ) ;
#6468 = EDGE_CURVE ( 'NONE', #7783, #6827, #7040, .T. ) ;
#6469 =( GEOMETRIC_REPRESENTATION_CONTEXT ( 3 ) GLOBAL_UNCERTAINTY_ASSIGNED_CONTEXT ( ( #8162 ) ) GLOBAL_UNIT_ASSIGNED_CONTEXT ( ( #1487, #8520, #3108 ) ) REPRESENTATION_CONTEXT ( 'NONE', 'WORKASPACE' ) );
#6470 = DIRECTION ( 'NONE',  ( 1.000000000000000000, 0.0000000000000000000, -0.0000000000000000000 ) ) ;
#6471 = CARTESIAN_POINT ( 'NONE',  ( 2.603880904858909800, -21.25000000000000700, 41.09104188536768000 ) ) ;
#6472 = DIRECTION ( 'NONE',  ( 0.0000000000000000000, 0.0000000000000000000, 1.000000000000000000 ) ) ;
#6473 = CIRCLE ( 'NONE', #729, 3.000000000000639500 ) ;
#6474 = CARTESIAN_POINT ( 'NONE',  ( -11.50000000000000000, 0.0000000000000000000, 0.0000000000000000000 ) ) ;
#6475 = CARTESIAN_POINT ( 'NONE',  ( 0.0000000000000000000, 0.0000000000000000000, 47.50000000000000000 ) ) ;
#6476 = ORIENTED_EDGE ( 'NONE', *, *, #2097, .T. ) ;
#6477 = DIRECTION ( 'NONE',  ( -0.0000000000000000000, -0.0000000000000000000, 1.000000000000000000 ) ) ;
#6478 = EDGE_LOOP ( 'NONE', ( #998, #7178, #4544, #4876, #267 ) ) ;
#6479 = FACE_OUTER_BOUND ( 'NONE', #597, .T. ) ;
#6480 = STYLED_ITEM ( 'NONE', ( #4558 ), #6244 ) ;
#6481 = DIRECTION ( 'NONE',  ( -0.7071067811865475700, 0.7071067811865475700, 0.0000000000000000000 ) ) ;
#6482 = LINE ( 'NONE', #4711, #9617 ) ;
#6483 = UNCERTAINTY_MEASURE_WITH_UNIT (LENGTH_MEASURE( 1.000000000000000100E-005 ), #1389, 'distance_accuracy_value', 'NONE');
#6484 = DIRECTION ( 'NONE',  ( -1.000000000000000000, 0.0000000000000000000, -0.0000000000000000000 ) ) ;
#6485 = MECHANICAL_DESIGN_GEOMETRIC_PRESENTATION_REPRESENTATION (  '', ( #2772 ), #7031 ) ;
#6486 = EDGE_CURVE ( 'NONE', #10062, #8910, #9162, .T. ) ;
#6487 = DIRECTION ( 'NONE',  ( 0.0000000000000000000, 1.000000000000000000, 0.0000000000000000000 ) ) ;
#6488 = CARTESIAN_POINT ( 'NONE',  ( 15.07550534522236100, 15.05359323060818100, 46.50000000000000000 ) ) ;
#6489 = ORIENTED_EDGE ( 'NONE', *, *, #609, .F. ) ;
#6490 = B_SPLINE_CURVE_WITH_KNOTS ( 'NONE', 3,
 ( #2069, #9165, #6064, #6866 ),
 .UNSPECIFIED., .F., .F.,
 ( 4, 4 ),
 ( 0.0000000000000000000, 5.435045947672811500E-005 ),
 .UNSPECIFIED. ) ;
#6491 = VECTOR ( 'NONE', #2838, 1000.000000000000100 ) ;
#6492 = DIRECTION ( 'NONE',  ( 1.000000000000000000, 0.0000000000000000000, 0.0000000000000000000 ) ) ;
#6493 =( NAMED_UNIT ( * ) PLANE_ANGLE_UNIT ( ) SI_UNIT ( $, .RADIAN. ) );
#6494 = CARTESIAN_POINT ( 'NONE',  ( 21.00355339059327500, 17.29644660940671800, 0.5000000000000000000 ) ) ;
#6496 = ADVANCED_FACE ( 'NONE', ( #8896 ), #3567, .F. ) ;
#6495 = LINE ( 'NONE', #4900, #414 ) ;
#6497 = FILL_AREA_STYLE_COLOUR ( '', #636 ) ;
#6498 = DIRECTION ( 'NONE',  ( -1.000000000000000000, 0.0000000000000000000, 0.0000000000000000000 ) ) ;
#6499 = VERTEX_POINT ( 'NONE', #7424 ) ;
#6500 = ORIENTED_EDGE ( 'NONE', *, *, #2527, .T. ) ;
#6501 = ORIENTED_EDGE ( 'NONE', *, *, #2620, .F. ) ;
#6502 = AXIS2_PLACEMENT_3D ( 'NONE', #8982, #7573, #9910 ) ;
#6503 = STYLED_ITEM ( 'NONE', ( #7720 ), #7467 ) ;
#6504 = VECTOR ( 'NONE', #9451, 1000.000000000000100 ) ;
#6505 = PLANE ( 'NONE',  #100 ) ;
#6506 = VECTOR ( 'NONE', #51, 1000.000000000000000 ) ;
#6507 = CARTESIAN_POINT ( 'NONE',  ( 1.379851512413568000, -39.15000000000000600, 42.37285355221676000 ) ) ;
#6508 = DIRECTION ( 'NONE',  ( 0.0000000000000000000, -1.000000000000000000, 0.0000000000000000000 ) ) ;
#6509 = VERTEX_POINT ( 'NONE', #438 ) ;
#6510 = DIRECTION ( 'NONE',  ( 0.0000000000000000000, 0.0000000000000000000, 1.000000000000000000 ) ) ;
#6511 = ORIENTED_EDGE ( 'NONE', *, *, #921, .F. ) ;
#6512 = FACE_OUTER_BOUND ( 'NONE', #8060, .T. ) ;
#6514 =( LENGTH_UNIT ( ) NAMED_UNIT ( * ) SI_UNIT ( .MILLI., .METRE. ) );
#6513 = CARTESIAN_POINT ( 'NONE',  ( 15.07550534522236100, 15.05359323060818100, 46.50000000000000000 ) ) ;
#6515 = SURFACE_STYLE_FILL_AREA ( #6410 ) ;
#6516 =( GEOMETRIC_REPRESENTATION_CONTEXT ( 3 ) GLOBAL_UNCERTAINTY_ASSIGNED_CONTEXT ( ( #6362 ) ) GLOBAL_UNIT_ASSIGNED_CONTEXT ( ( #5973, #6971, #4684 ) ) REPRESENTATION_CONTEXT ( 'NONE', 'WORKASPACE' ) );
#6517 = FACE_OUTER_BOUND ( 'NONE', #5703, .T. ) ;
#6518 = DIRECTION ( 'NONE',  ( 0.0000000000000000000, 0.0000000000000000000, 1.000000000000000000 ) ) ;
#6519 = VECTOR ( 'NONE', #6854, 1000.000000000000100 ) ;
#6520 = PLANE ( 'NONE',  #2973 ) ;
#6521 = ORIENTED_EDGE ( 'NONE', *, *, #3154, .F. ) ;
#6522 = SURFACE_STYLE_FILL_AREA ( #6550 ) ;
#6523 = CARTESIAN_POINT ( 'NONE',  ( 0.0000000000000000000, 0.0000000000000000000, 38.00000000000000000 ) ) ;
#6524 = CARTESIAN_POINT ( 'NONE',  ( 3.600000000000001400, -19.15000000000000600, 40.00000000000000000 ) ) ;
#6525 = ORIENTED_EDGE ( 'NONE', *, *, #1857, .F. ) ;
#6526 = DIRECTION ( 'NONE',  ( -0.0000000000000000000, -0.0000000000000000000, 1.000000000000000000 ) ) ;
#6527 = VERTEX_POINT ( 'NONE', #5200 ) ;
#6528 = LINE ( 'NONE', #6650, #7659 ) ;
#6529 = FACE_OUTER_BOUND ( 'NONE', #7779, .T. ) ;
#6530 = DIRECTION ( 'NONE',  ( -0.0000000000000000000, -0.0000000000000000000, -1.000000000000000000 ) ) ;
#6531 = EDGE_LOOP ( 'NONE', ( #6047, #8641 ) ) ;
#6532 = ORIENTED_EDGE ( 'NONE', *, *, #6836, .F. ) ;
#6533 = DIRECTION ( 'NONE',  ( 0.0000000000000000000, 1.000000000000000000, 0.0000000000000000000 ) ) ;
#6534 = AXIS2_PLACEMENT_3D ( 'NONE', #385, #2790, #8346 ) ;
#6535 = CARTESIAN_POINT ( 'NONE',  ( -16.84930666606614500, -15.79760451292828600, 47.49833231681228100 ) ) ;
#6536 = ORIENTED_EDGE ( 'NONE', *, *, #2398, .F. ) ;
#6537 = CARTESIAN_POINT ( 'NONE',  ( -16.00000000000000000, 0.0000000000000000000, 0.0000000000000000000 ) ) ;
#6538 = ORIENTED_EDGE ( 'NONE', *, *, #8949, .T. ) ;
#6539 = EDGE_CURVE ( 'NONE', #6151, #4524, #8606, .T. ) ;
#6540 = EDGE_CURVE ( 'NONE', #7066, #9654, #2020, .T. ) ;
#6541 = VECTOR ( 'NONE', #3836, 1000.000000000000000 ) ;
#6542 = CARTESIAN_POINT ( 'NONE',  ( -21.14999999999999500, 16.94289321881343800, 47.50000000000000000 ) ) ;
#6543 = STYLED_ITEM ( 'NONE', ( #8240 ), #9885 ) ;
#6544 = COLOUR_RGB ( '',0.2509803921568627400, 0.2509803921568627400, 0.2509803921568627400 ) ;
#6545 = ORIENTED_EDGE ( 'NONE', *, *, #422, .F. ) ;
#6546 = DIRECTION ( 'NONE',  ( 0.0000000000000000000, 0.0000000000000000000, 1.000000000000000000 ) ) ;
#6547 = CIRCLE ( 'NONE', #7792, 3.500000000000000000 ) ;
#6548 = ORIENTED_EDGE ( 'NONE', *, *, #7631, .T. ) ;
#6549 = PLANE ( 'NONE',  #2624 ) ;
#6550 = FILL_AREA_STYLE ('',( #4181 ) ) ;
#6551 = DIRECTION ( 'NONE',  ( 0.0000000000000000000, 0.0000000000000000000, -1.000000000000000000 ) ) ;
#6552 = CARTESIAN_POINT ( 'NONE',  ( -16.84930666606614500, -15.94640676939191900, 46.50000000000000000 ) ) ;
#6553 = CIRCLE ( 'NONE', #5602, 0.5787973969144516500 ) ;
#6554 = ORIENTED_EDGE ( 'NONE', *, *, #6539, .T. ) ;
#6555 = EDGE_CURVE ( 'NONE', #8555, #3815, #9491, .T. ) ;
#6556 = EDGE_CURVE ( 'NONE', #8404, #2882, #6360, .T. ) ;
#6557 = ADVANCED_FACE ( 'NONE', ( #6479 ), #10231, .T. ) ;
#6558 = CARTESIAN_POINT ( 'NONE',  ( 15.49999999999983700, 15.50000000000016000, 47.50000000000000000 ) ) ;
#6559 = LINE ( 'NONE', #7095, #334 ) ;
#6560 = ORIENTED_EDGE ( 'NONE', *, *, #2547, .T. ) ;
#6561 = DIRECTION ( 'NONE',  ( 0.0000000000000000000, 0.0000000000000000000, 1.000000000000000000 ) ) ;
#6562 = DIRECTION ( 'NONE',  ( 0.0000000000000000000, 0.0000000000000000000, -1.000000000000000000 ) ) ;
#6563 = SURFACE_STYLE_USAGE ( .BOTH. , #4019 ) ;
#6564 = CARTESIAN_POINT ( 'NONE',  ( 15.94640676939198100, -16.84930666606609200, 46.50000000000000000 ) ) ;
#6565 = ORIENTED_EDGE ( 'NONE', *, *, #10022, .F. ) ;
#6566 = ORIENTED_EDGE ( 'NONE', *, *, #4953, .T. ) ;
#6567 = AXIS2_PLACEMENT_3D ( 'NONE', #3278, #9559, #8872 ) ;
#6568 = STYLED_ITEM ( 'NONE', ( #10215 ), #6878 ) ;
#6569 = VERTEX_POINT ( 'NONE', #8499 ) ;
#6570 = LINE ( 'NONE', #1836, #2350 ) ;
#6571 = CARTESIAN_POINT ( 'NONE',  ( 0.0000000000000000000, 0.0000000000000000000, -24.00000000000000000 ) ) ;
#6572 = LINE ( 'NONE', #1349, #9948 ) ;
#6573 = ORIENTED_EDGE ( 'NONE', *, *, #4935, .T. ) ;
#6574 = CARTESIAN_POINT ( 'NONE',  ( 0.0000000000000000000, 0.0000000000000000000, 8.000000000000000000 ) ) ;
#6575 = PLANE ( 'NONE',  #6403 ) ;
#6576 = ORIENTED_EDGE ( 'NONE', *, *, #2112, .F. ) ;
#6577 = CARTESIAN_POINT ( 'NONE',  ( 17.29644660940671100, -21.00355339059327500, 47.50000000000000000 ) ) ;
#6578 = DIRECTION ( 'NONE',  ( 0.7363275207553917600, 0.0000000000000000000, -0.6766252893427928700 ) ) ;
#6579 = CIRCLE ( 'NONE', #10116, 3.000000000000927300 ) ;
#6580 = CYLINDRICAL_SURFACE ( 'NONE', #7146, 3.500000000000000000 ) ;
#6581 = FACE_OUTER_BOUND ( 'NONE', #2310, .T. ) ;
#6582 = CARTESIAN_POINT ( 'NONE',  ( -17.14999999999997700, -21.15000000000000600, 10.00000000000000000 ) ) ;
#6583 = CARTESIAN_POINT ( 'NONE',  ( -3.599999999999998300, -21.15000000000000600, 44.50000000000000000 ) ) ;
#6584 = AXIS2_PLACEMENT_3D ( 'NONE', #5830, #6658, #8247 ) ;
#6585 = AXIS2_PLACEMENT_3D ( 'NONE', #7277, #8104, #975 ) ;
#6586 =( LENGTH_UNIT ( ) NAMED_UNIT ( * ) SI_UNIT ( .MILLI., .METRE. ) );
#6587 = CARTESIAN_POINT ( 'NONE',  ( 17.15000000000000900, 21.14999999999999900, 0.5000000000000004400 ) ) ;
#6589 = DIRECTION ( 'NONE',  ( 1.000000000000000000, 0.0000000000000000000, 0.0000000000000000000 ) ) ;
#6588 = DIRECTION ( 'NONE',  ( -0.0000000000000000000, -0.0000000000000000000, 1.000000000000000000 ) ) ;
#6590 = LINE ( 'NONE', #8952, #2365 ) ;
#6591 = FILL_AREA_STYLE ('',( #1708 ) ) ;
#6592 = CIRCLE ( 'NONE', #5777, 0.5000000000000004400 ) ;
#6593 = CARTESIAN_POINT ( 'NONE',  ( -11.00000000000000000, 0.0000000000000000000, -1.500000000000000000 ) ) ;
#6594 = UNCERTAINTY_MEASURE_WITH_UNIT (LENGTH_MEASURE( 1.000000000000000100E-005 ), #3884, 'distance_accuracy_value', 'NONE');
#6595 = VERTEX_POINT ( 'NONE', #8466 ) ;
#6596 = EDGE_CURVE ( 'NONE', #9481, #149, #7621, .T. ) ;
#6597 = CARTESIAN_POINT ( 'NONE',  ( -1.379851512413568000, -39.15000000000000600, 42.95165094913121400 ) ) ;
#6598 = AXIS2_PLACEMENT_3D ( 'NONE', #7602, #8287, #6728 ) ;
#6599 = LINE ( 'NONE', #5375, #2377 ) ;
#6600 = CARTESIAN_POINT ( 'NONE',  ( 21.14999999999999900, 13.32957238623956000, 99.84951795962939500 ) ) ;
#6601 = EDGE_CURVE ( 'NONE', #8691, #8265, #5494, .T. ) ;
#6602 = AXIS2_PLACEMENT_3D ( 'NONE', #4385, #9079, #7511 ) ;
#6603 = EDGE_CURVE ( 'NONE', #2298, #6290, #5121, .T. ) ;
#6604 = DIRECTION ( 'NONE',  ( 0.0000000000000000000, 0.0000000000000000000, 1.000000000000000000 ) ) ;
#6605 = ADVANCED_FACE ( 'NONE', ( #8852 ), #2146, .T. ) ;
#6606 = DIRECTION ( 'NONE',  ( -1.000000000000000000, 0.0000000000000000000, 0.0000000000000000000 ) ) ;
#6607 = ORIENTED_EDGE ( 'NONE', *, *, #7431, .T. ) ;
#6608 = SURFACE_STYLE_FILL_AREA ( #3753 ) ;
#6609 = DIRECTION ( 'NONE',  ( 1.000000000000000000, -2.073370231917079000E-014, 0.0000000000000000000 ) ) ;
#6610 = FILL_AREA_STYLE_COLOUR ( '', #9006 ) ;
#6611 = DIRECTION ( 'NONE',  ( 1.000000000000000000, 0.0000000000000000000, 0.0000000000000000000 ) ) ;
#6612 = AXIS2_PLACEMENT_3D ( 'NONE', #4723, #10306, #3083 ) ;
#6613 =( NAMED_UNIT ( * ) PLANE_ANGLE_UNIT ( ) SI_UNIT ( $, .RADIAN. ) );
#6614 = EDGE_CURVE ( 'NONE', #9021, #8907, #653, .T. ) ;
#6615 = EDGE_CURVE ( 'NONE', #6174, #6499, #6747, .T. ) ;
#6616 = DIRECTION ( 'NONE',  ( 0.0000000000000000000, 0.0000000000000000000, 1.000000000000000000 ) ) ;
#6617 = EDGE_LOOP ( 'NONE', ( #6696, #9330, #8858, #3442, #5440, #9204, #3863, #6366 ) ) ;
#6618 = CARTESIAN_POINT ( 'NONE',  ( -15.05359323060823600, 16.72095085742160900, 47.50000000000000000 ) ) ;
#6619 =( LENGTH_UNIT ( ) NAMED_UNIT ( * ) SI_UNIT ( .MILLI., .METRE. ) );
#6620 = CARTESIAN_POINT ( 'NONE',  ( -17.79999999999897800, -15.50000000000102100, 46.00000000000000000 ) ) ;
#6622 = FILL_AREA_STYLE ('',( #1970 ) ) ;
#6621 = DIRECTION ( 'NONE',  ( 1.000000000000000000, 0.0000000000000000000, 0.0000000000000000000 ) ) ;
#6623 = VECTOR ( 'NONE', #3779, 1000.000000000000000 ) ;
#6624 = CARTESIAN_POINT ( 'NONE',  ( -15.07550534522247300, -16.78307522795895700, 47.50000000000000000 ) ) ;
#6625 = VERTEX_POINT ( 'NONE', #6910 ) ;
#6626 = AXIS2_PLACEMENT_3D ( 'NONE', #8436, #5307, #6038 ) ;
#6627 = ORIENTED_EDGE ( 'NONE', *, *, #6994, .F. ) ;
#6628 = SURFACE_SIDE_STYLE ('',( #470 ) ) ;
#6629 = CYLINDRICAL_SURFACE ( 'NONE', #1599, 3.000000000000639500 ) ;
#6630 = CARTESIAN_POINT ( 'NONE',  ( -21.00355339059326800, 17.29644660940672200, 0.5000000000000000000 ) ) ;
#6631 = CYLINDRICAL_SURFACE ( 'NONE', #1178, 2.500000000000000000 ) ;
#6632 = CARTESIAN_POINT ( 'NONE',  ( 14.21692477204111200, -15.78089184510149000, 47.50000000000000000 ) ) ;
#6633 = ORIENTED_EDGE ( 'NONE', *, *, #9915, .T. ) ;
#6634 = PRODUCT_CONTEXT ( 'NONE', #5029, 'mechanical' ) ;
#6635 = CIRCLE ( 'NONE', #1548, 0.5000000000000004400 ) ;
#6636 = FACE_BOUND ( 'NONE', #7487, .T. ) ;
#6637 = UNCERTAINTY_MEASURE_WITH_UNIT (LENGTH_MEASURE( 1.000000000000000100E-005 ), #2967, 'distance_accuracy_value', 'NONE');
#6638 = ORIENTED_EDGE ( 'NONE', *, *, #5079, .F. ) ;
#6639 = EDGE_LOOP ( 'NONE', ( #7559, #7668, #343, #1226 ) ) ;
#6640 = VERTEX_POINT ( 'NONE', #4533 ) ;
#6641 = CIRCLE ( 'NONE', #9956, 1.000000000000000900 ) ;
#6642 = CYLINDRICAL_SURFACE ( 'NONE', #10115, 0.5000000000000004400 ) ;
#6643 = DIRECTION ( 'NONE',  ( -1.000000000000000000, 0.0000000000000000000, 0.0000000000000000000 ) ) ;
#6644 = CARTESIAN_POINT ( 'NONE',  ( 15.49999999999983700, 15.50000000000016000, 47.50000000000000000 ) ) ;
#6645 = PRESENTATION_STYLE_ASSIGNMENT (( #6690 ) ) ;
#6646 = DIRECTION ( 'NONE',  ( 1.000000000000000000, 0.0000000000000000000, 0.0000000000000000000 ) ) ;
#6647 =( GEOMETRIC_REPRESENTATION_CONTEXT ( 3 ) GLOBAL_UNCERTAINTY_ASSIGNED_CONTEXT ( ( #418 ) ) GLOBAL_UNIT_ASSIGNED_CONTEXT ( ( #6514, #4911, #5751 ) ) REPRESENTATION_CONTEXT ( 'NONE', 'WORKASPACE' ) );
#6648 = AXIS2_PLACEMENT_3D ( 'NONE', #9577, #5461, #2431 ) ;
#6649 = ORIENTED_EDGE ( 'NONE', *, *, #3350, .T. ) ;
#6650 = CARTESIAN_POINT ( 'NONE',  ( 15.92449465477569600, 15.94640676939203600, 46.50000000000000000 ) ) ;
#6651 = ORIENTED_EDGE ( 'NONE', *, *, #6875, .T. ) ;
#6652 = CARTESIAN_POINT ( 'NONE',  ( -2.799999999999999800, 0.0000000000000000000, 1.000000000000000000 ) ) ;
#6653 = COLOUR_RGB ( '',0.2509803921568627400, 0.2509803921568627400, 0.2509803921568627400 ) ;
#6654 = FILL_AREA_STYLE ('',( #5856 ) ) ;
#6655 = EDGE_LOOP ( 'NONE', ( #8310, #7393, #8587, #8692, #8527 ) ) ;
#6656 = SURFACE_SIDE_STYLE ('',( #10049 ) ) ;
#6658 = DIRECTION ( 'NONE',  ( -0.0000000000000000000, -0.0000000000000000000, -1.000000000000000000 ) ) ;
#6657 = DIRECTION ( 'NONE',  ( 1.000000000000000000, 0.0000000000000000000, 0.0000000000000000000 ) ) ;
#6659 = VERTEX_POINT ( 'NONE', #7859 ) ;
#6660 = ORIENTED_EDGE ( 'NONE', *, *, #7575, .T. ) ;
#6661 = EDGE_CURVE ( 'NONE', #846, #149, #9992, .T. ) ;
#6662 = ORIENTED_EDGE ( 'NONE', *, *, #7337, .F. ) ;
#6663 = ADVANCED_FACE ( 'NONE', ( #4617 ), #6250, .T. ) ;
#6664 = VERTEX_POINT ( 'NONE', #2305 ) ;
#6665 = AXIS2_PLACEMENT_3D ( 'NONE', #6733, #9919, #9842 ) ;
#6666 = DIRECTION ( 'NONE',  ( 0.0000000000000000000, 0.0000000000000000000, 1.000000000000000000 ) ) ;
#6667 = CARTESIAN_POINT ( 'NONE',  ( -13.32957238623955800, 21.14999999999999900, 99.84951795962939500 ) ) ;
#6668 = VECTOR ( 'NONE', #402, 1000.000000000000000 ) ;
#6669 = EDGE_CURVE ( 'NONE', #4073, #2822, #6118, .T. ) ;
#6670 =( NAMED_UNIT ( * ) PLANE_ANGLE_UNIT ( ) SI_UNIT ( $, .RADIAN. ) );
#6671 = CYLINDRICAL_SURFACE ( 'NONE', #1791, 2.999999999999780600 ) ;
#6672 = EDGE_CURVE ( 'NONE', #8777, #4054, #8366, .T. ) ;
#6673 = ORIENTED_EDGE ( 'NONE', *, *, #7339, .F. ) ;
#6674 = DIRECTION ( 'NONE',  ( 1.000000000000000000, 0.0000000000000000000, 0.0000000000000000000 ) ) ;
#6675 = AXIS2_PLACEMENT_3D ( 'NONE', #22, #815, #5514 ) ;
#6676 =( NAMED_UNIT ( * ) PLANE_ANGLE_UNIT ( ) SI_UNIT ( $, .RADIAN. ) );
#6677 =( NAMED_UNIT ( * ) SI_UNIT ( $, .STERADIAN. ) SOLID_ANGLE_UNIT ( ) );
#6678 = ORIENTED_EDGE ( 'NONE', *, *, #6468, .T. ) ;
#6679 = SURFACE_SIDE_STYLE ('',( #4554 ) ) ;
#6680 = FACE_OUTER_BOUND ( 'NONE', #5679, .T. ) ;
#6681 = CIRCLE ( 'NONE', #6334, 2.799999999999999800 ) ;
#6682 = ORIENTED_EDGE ( 'NONE', *, *, #4137, .F. ) ;
#6683 = DIRECTION ( 'NONE',  ( 1.000000000000000000, 0.0000000000000000000, 0.0000000000000000000 ) ) ;
#6684 = AXIS2_PLACEMENT_3D ( 'NONE', #1169, #2053, #2013 ) ;
#6685 = EDGE_CURVE ( 'NONE', #9175, #5624, #4243, .T. ) ;
#6686 = EDGE_CURVE ( 'NONE', #2589, #216, #2894, .T. ) ;
#6687 = CARTESIAN_POINT ( 'NONE',  ( 15.94640676939198100, -16.84930666606609200, 47.49262389544739400 ) ) ;
#6688 = DIRECTION ( 'NONE',  ( 0.0000000000000000000, 0.0000000000000000000, 1.000000000000000000 ) ) ;
#6689 = ORIENTED_EDGE ( 'NONE', *, *, #2237, .T. ) ;
#6690 = SURFACE_STYLE_USAGE ( .BOTH. , #1001 ) ;
#6691 =( LENGTH_UNIT ( ) NAMED_UNIT ( * ) SI_UNIT ( .MILLI., .METRE. ) );
#6692 = MECHANICAL_DESIGN_GEOMETRIC_PRESENTATION_REPRESENTATION (  '', ( #3812 ), #3102 ) ;
#6693 = UNCERTAINTY_MEASURE_WITH_UNIT (LENGTH_MEASURE( 1.000000000000000100E-005 ), #9665, 'distance_accuracy_value', 'NONE');
#6694 = DIRECTION ( 'NONE',  ( 1.000000000000000000, 0.0000000000000000000, 0.0000000000000000000 ) ) ;
#6695 = ADVANCED_FACE ( 'NONE', ( #8095 ), #3865, .T. ) ;
#6696 = ORIENTED_EDGE ( 'NONE', *, *, #5944, .T. ) ;
#6697 = DIRECTION ( 'NONE',  ( 0.0000000000000000000, 0.0000000000000000000, -1.000000000000000000 ) ) ;
#6698 = DIRECTION ( 'NONE',  ( -8.202002250481356300E-017, 1.000000000000000000, 0.0000000000000000000 ) ) ;
#6699 = SURFACE_SIDE_STYLE ('',( #2791 ) ) ;
#6700 = CARTESIAN_POINT ( 'NONE',  ( 15.92449465477569600, 15.94640676939203600, 46.50000000000000000 ) ) ;
#6701 = ORIENTED_EDGE ( 'NONE', *, *, #4996, .F. ) ;
#6702 = SURFACE_STYLE_USAGE ( .BOTH. , #6656 ) ;
#6703 = AXIS2_PLACEMENT_3D ( 'NONE', #8958, #1166, #1059 ) ;
#6704 = AXIS2_PLACEMENT_3D ( 'NONE', #8299, #5899, #4333 ) ;
#6705 = PRESENTATION_STYLE_ASSIGNMENT (( #3580 ) ) ;
#6706 = EDGE_CURVE ( 'NONE', #6803, #5208, #1738, .T. ) ;
#6707 = CARTESIAN_POINT ( 'NONE',  ( 16.94289321881344200, -20.65000000000000200, 47.50000000000000000 ) ) ;
#6708 = EDGE_LOOP ( 'NONE', ( #6837, #5042, #6627, #7870, #651 ) ) ;
#6709 = CARTESIAN_POINT ( 'NONE',  ( 0.0000000000000000000, 0.0000000000000000000, -2.000000000000000000 ) ) ;
#6710 = ORIENTED_EDGE ( 'NONE', *, *, #1613, .T. ) ;
#6711 = CARTESIAN_POINT ( 'NONE',  ( -14.21692477204121700, 15.07550534522231100, 47.49867441544049000 ) ) ;
#6712 = CARTESIAN_POINT ( 'NONE',  ( 16.84930666606603100, 15.05359323060817400, 46.50000000000000000 ) ) ;
#6713 = CYLINDRICAL_SURFACE ( 'NONE', #7722, 2.500000000000000000 ) ;
#6714 = CARTESIAN_POINT ( 'NONE',  ( 15.50000000000102000, -15.49999999999983700, 47.50000000000000000 ) ) ;
#6715 = DIRECTION ( 'NONE',  ( -0.0000000000000000000, 0.0000000000000000000, -1.000000000000000000 ) ) ;
#6716 = AXIS2_PLACEMENT_3D ( 'NONE', #4318, #3552, #1990 ) ;
#6717 = AXIS2_PLACEMENT_3D ( 'NONE', #363, #2762, #9210 ) ;
#6718 = ORIENTED_EDGE ( 'NONE', *, *, #1525, .F. ) ;
#6719 = DIRECTION ( 'NONE',  ( 1.000000000000000000, 0.0000000000000000000, 0.0000000000000000000 ) ) ;
#6720 = LINE ( 'NONE', #9478, #371 ) ;
#6721 = ADVANCED_FACE ( 'NONE', ( #2637 ), #10136, .F. ) ;
#6722 = FILL_AREA_STYLE_COLOUR ( '', #242 ) ;
#6723 = SURFACE_STYLE_USAGE ( .BOTH. , #1186 ) ;
#6724 = DIRECTION ( 'NONE',  ( -0.0000000000000000000, -0.0000000000000000000, -1.000000000000000000 ) ) ;
#6725 = DIRECTION ( 'NONE',  ( -0.0000000000000000000, 1.000000000000000000, -0.0000000000000000000 ) ) ;
#6726 =( NAMED_UNIT ( * ) PLANE_ANGLE_UNIT ( ) SI_UNIT ( $, .RADIAN. ) );
#6727 = DIRECTION ( 'NONE',  ( -1.000000000000000000, 0.0000000000000000000, 0.0000000000000000000 ) ) ;
#6728 = DIRECTION ( 'NONE',  ( 1.036685115958541700E-014, 1.000000000000000000, 0.0000000000000000000 ) ) ;
#6729 =( GEOMETRIC_REPRESENTATION_CONTEXT ( 3 ) GLOBAL_UNCERTAINTY_ASSIGNED_CONTEXT ( ( #6693 ) ) GLOBAL_UNIT_ASSIGNED_CONTEXT ( ( #9665, #949, #1736 ) ) REPRESENTATION_CONTEXT ( 'NONE', 'WORKASPACE' ) );
#6730 =( NAMED_UNIT ( * ) SI_UNIT ( $, .STERADIAN. ) SOLID_ANGLE_UNIT ( ) );
#6731 = DIRECTION ( 'NONE',  ( 1.658696185533663300E-014, 1.000000000000000000, 0.0000000000000000000 ) ) ;
#6732 = CARTESIAN_POINT ( 'NONE',  ( -15.49999999999897900, -15.50000000000102100, 47.50000000000000000 ) ) ;
#6733 = CARTESIAN_POINT ( 'NONE',  ( -21.48631967451538900, -21.25000000000000700, 23.80347179627697000 ) ) ;
#6734 = DIRECTION ( 'NONE',  ( 0.0000000000000000000, -0.0000000000000000000, -1.000000000000000000 ) ) ;
#6735 = ORIENTED_EDGE ( 'NONE', *, *, #5422, .F. ) ;
#6736 = FILL_AREA_STYLE ('',( #8156 ) ) ;
#6737 = PRESENTATION_STYLE_ASSIGNMENT (( #153 ) ) ;
#6738 = LINE ( 'NONE', #7803, #393 ) ;
#6739 = SURFACE_STYLE_USAGE ( .BOTH. , #8305 ) ;
#6740 = SURFACE_SIDE_STYLE ('',( #7574 ) ) ;
#6741 = ADVANCED_FACE ( 'NONE', ( #3503 ), #6982, .T. ) ;
#6742 = STYLED_ITEM ( 'NONE', ( #2041 ), #4259 ) ;
#6743 = VERTEX_POINT ( 'NONE', #3145 ) ;
#6744 = DIRECTION ( 'NONE',  ( 0.0000000000000000000, 0.0000000000000000000, 1.000000000000000000 ) ) ;
#6745 = ORIENTED_EDGE ( 'NONE', *, *, #3099, .F. ) ;
#6746 = EDGE_CURVE ( 'NONE', #8812, #1327, #7226, .T. ) ;
#6747 = CIRCLE ( 'NONE', #4500, 3.000000000000639500 ) ;
#6748 = STYLED_ITEM ( 'NONE', ( #7112 ), #10013 ) ;
#6749 = FACE_OUTER_BOUND ( 'NONE', #8431, .T. ) ;
#6750 = DIRECTION ( 'NONE',  ( -1.000000000000000000, 0.0000000000000000000, 0.0000000000000000000 ) ) ;
#6751 = DIRECTION ( 'NONE',  ( 1.000000000000000000, 0.0000000000000000000, 0.0000000000000000000 ) ) ;
#6752 = TOROIDAL_SURFACE ( 'NONE', #3953, 15.50000000000000000, 0.5000000000000000000 ) ;
#6753 =( LENGTH_UNIT ( ) NAMED_UNIT ( * ) SI_UNIT ( .MILLI., .METRE. ) );
#6754 = CARTESIAN_POINT ( 'NONE',  ( -17.79999999999897800, -15.50000000000102100, 47.50000000000000000 ) ) ;
#6755 = FILL_AREA_STYLE ('',( #504 ) ) ;
#6756 = EDGE_LOOP ( 'NONE', ( #415, #8058, #3670, #9785, #7030 ) ) ;
#6757 = CARTESIAN_POINT ( 'NONE',  ( -15.50000000000016700, 16.84930666606597800, 47.49923505645085700 ) ) ;
#6758 = PRESENTATION_LAYER_ASSIGNMENT (  '', '', ( #7628 ) ) ;
#6759 = SURFACE_SIDE_STYLE ('',( #4772 ) ) ;
#6760 = EDGE_CURVE ( 'NONE', #727, #9261, #7097, .T. ) ;
#6761 = EDGE_CURVE ( 'NONE', #7838, #466, #1379, .T. ) ;
#6762 = SURFACE_STYLE_FILL_AREA ( #4941 ) ;
#6763 = DIRECTION ( 'NONE',  ( -0.0000000000000000000, -0.0000000000000000000, 1.000000000000000000 ) ) ;
#6764 = CARTESIAN_POINT ( 'NONE',  ( 16.76380671470517900, 15.94640676939203200, 47.50000000000000000 ) ) ;
#6765 = DIRECTION ( 'NONE',  ( 0.7071067811865463500, -0.7071067811865487900, 0.0000000000000000000 ) ) ;
#6766 = CARTESIAN_POINT ( 'NONE',  ( 13.32957238623955100, -21.15000000000000600, 99.84951795962939500 ) ) ;
#6767 = VERTEX_POINT ( 'NONE', #861 ) ;
#6768 = CARTESIAN_POINT ( 'NONE',  ( 0.0000000000000000000, 0.0000000000000000000, 6.000000000000000000 ) ) ;
#6769 = VERTEX_POINT ( 'NONE', #6309 ) ;
#6770 = ORIENTED_EDGE ( 'NONE', *, *, #6888, .F. ) ;
#6771 = VECTOR ( 'NONE', #2240, 1000.000000000000000 ) ;
#6772 = FILL_AREA_STYLE_COLOUR ( '', #2360 ) ;
#6773 = ADVANCED_FACE ( 'NONE', ( #3739 ), #3989, .F. ) ;
#6774 = CIRCLE ( 'NONE', #4215, 2.299999999999999800 ) ;
#6775 = CARTESIAN_POINT ( 'NONE',  ( 14.19326395785826000, 15.94640676939204300, 47.49756013713616200 ) ) ;
#6776 = CARTESIAN_POINT ( 'NONE',  ( -21.16000000000000700, -13.31369220013740100, 5.999999999999998200 ) ) ;
#6777 = VECTOR ( 'NONE', #19, 1000.000000000000000 ) ;
#6778 = CARTESIAN_POINT ( 'NONE',  ( -15.94640676939209500, 14.15069333393197400, 47.49262389544726700 ) ) ;
#6779 = UNCERTAINTY_MEASURE_WITH_UNIT (LENGTH_MEASURE( 1.000000000000000100E-005 ), #1104, 'distance_accuracy_value', 'NONE');
#6780 = VERTEX_POINT ( 'NONE', #5539 ) ;
#6781 = ORIENTED_EDGE ( 'NONE', *, *, #2620, .T. ) ;
#6782 =( NAMED_UNIT ( * ) SI_UNIT ( $, .STERADIAN. ) SOLID_ANGLE_UNIT ( ) );
#6783 = MECHANICAL_DESIGN_GEOMETRIC_PRESENTATION_REPRESENTATION (  '', ( #6242 ), #9984 ) ;
#6784 = AXIS2_PLACEMENT_3D ( 'NONE', #4568, #10276, #10237 ) ;
#6785 = VECTOR ( 'NONE', #2114, 1000.000000000000000 ) ;
#6786 = DIRECTION ( 'NONE',  ( 1.000000000000000000, 0.0000000000000000000, 0.0000000000000000000 ) ) ;
#6787 = DIRECTION ( 'NONE',  ( 9.399091248501948900E-014, -1.000000000000000000, 0.0000000000000000000 ) ) ;
#6788 =( BOUNDED_CURVE ( )  B_SPLINE_CURVE ( 3, ( #8651, #10216, #3869, #4670 ),
 .UNSPECIFIED., .F., .F. ) 
 B_SPLINE_CURVE_WITH_KNOTS ( ( 4, 4 ),
 ( 4.712388980384688800, 6.283185307179586200 ),
 .UNSPECIFIED. ) 
 CURVE ( )  GEOMETRIC_REPRESENTATION_ITEM ( )  RATIONAL_B_SPLINE_CURVE ( ( 1.000000000000000000, 0.8047378541243648300, 0.8047378541243648300, 1.000000000000000000 ) ) 
 REPRESENTATION_ITEM ( '' )  );
#6789 = FACE_OUTER_BOUND ( 'NONE', #10128, .T. ) ;
#6790 = ORIENTED_EDGE ( 'NONE', *, *, #5236, .F. ) ;
#6791 = CARTESIAN_POINT ( 'NONE',  ( 0.0000000000000000000, 0.0000000000000000000, -53.84951795962939500 ) ) ;
#6792 = CARTESIAN_POINT ( 'NONE',  ( -13.32957238623954800, -21.15000000000000600, 8.000000000000000000 ) ) ;
#6793 = ORIENTED_EDGE ( 'NONE', *, *, #9359, .T. ) ;
#6794 = ORIENTED_EDGE ( 'NONE', *, *, #551, .F. ) ;
#6795 =( LENGTH_UNIT ( ) NAMED_UNIT ( * ) SI_UNIT ( .MILLI., .METRE. ) );
#6796 = CARTESIAN_POINT ( 'NONE',  ( 14.21692477204111600, -15.07550534522241200, 47.49867441544043300 ) ) ;
#6797 = PLANE ( 'NONE',  #4029 ) ;
#6798 = AXIS2_PLACEMENT_3D ( 'NONE', #2761, #358, #3595 ) ;
#6799 = AXIS2_PLACEMENT_3D ( 'NONE', #4158, #203, #1682 ) ;
#6800 = COLOUR_RGB ( '',0.2509803921568627400, 0.2509803921568627400, 0.2509803921568627400 ) ;
#6801 = ORIENTED_EDGE ( 'NONE', *, *, #6032, .F. ) ;
#6802 = DIRECTION ( 'NONE',  ( 1.658696185533663300E-014, 1.000000000000000000, 0.0000000000000000000 ) ) ;
#6803 = VERTEX_POINT ( 'NONE', #7899 ) ;
#6804 = ADVANCED_FACE ( 'NONE', ( #6238, #7840 ), #9610, .T. ) ;
#6805 = VECTOR ( 'NONE', #1820, 1000.000000000000000 ) ;
#6806 = EDGE_LOOP ( 'NONE', ( #9765, #9868, #4170, #1425 ) ) ;
#6807 = ORIENTED_EDGE ( 'NONE', *, *, #4740, .T. ) ;
#6808 = DIRECTION ( 'NONE',  ( 0.0000000000000000000, 0.0000000000000000000, 1.000000000000000000 ) ) ;
#6809 = CARTESIAN_POINT ( 'NONE',  ( -15.94640676939209500, 15.92449465477564100, 46.50000000000000000 ) ) ;
#6810 = FILL_AREA_STYLE_COLOUR ( '', #5183 ) ;
#6812 = CARTESIAN_POINT ( 'NONE',  ( -15.07550534522247300, -16.78307522795895700, 47.49867441544054700 ) ) ;
#6811 = CARTESIAN_POINT ( 'NONE',  ( 15.05359323060812200, -16.84930666606608400, 46.50000000000000000 ) ) ;
#6813 = ORIENTED_EDGE ( 'NONE', *, *, #1720, .F. ) ;
#6814 = EDGE_CURVE ( 'NONE', #2826, #5466, #8703, .T. ) ;
#6815 = AXIS2_PLACEMENT_3D ( 'NONE', #4541, #7713, #9353 ) ;
#6816 = CARTESIAN_POINT ( 'NONE',  ( -19.14999999999999100, -19.14999999999999100, 8.000000000000000000 ) ) ;
#6817 = LINE ( 'NONE', #8963, #8426 ) ;
#6818 = CARTESIAN_POINT ( 'NONE',  ( -21.16000000000001100, -13.31369220013740500, 40.00000000000000000 ) ) ;
#6819 = ORIENTED_EDGE ( 'NONE', *, *, #9307, .T. ) ;
#6820 =( NAMED_UNIT ( * ) PLANE_ANGLE_UNIT ( ) SI_UNIT ( $, .RADIAN. ) );
#6821 = EDGE_CURVE ( 'NONE', #7081, #2286, #3175, .T. ) ;
#6822 = CARTESIAN_POINT ( 'NONE',  ( 15.07550534522236400, 15.94640676939203900, 46.50000000000000000 ) ) ;
#6823 = STYLED_ITEM ( 'NONE', ( #1299 ), #9500 ) ;
#6824 = LINE ( 'NONE', #5588, #211 ) ;
#6825 = DIRECTION ( 'NONE',  ( -1.000000000000000000, 0.0000000000000000000, 0.0000000000000000000 ) ) ;
#6826 =( NAMED_UNIT ( * ) PLANE_ANGLE_UNIT ( ) SI_UNIT ( $, .RADIAN. ) );
#6827 = VERTEX_POINT ( 'NONE', #9556 ) ;
#6828 = ORIENTED_EDGE ( 'NONE', *, *, #2962, .F. ) ;
#6829 = PRESENTATION_STYLE_ASSIGNMENT (( #8010 ) ) ;
#6830 = UNCERTAINTY_MEASURE_WITH_UNIT (LENGTH_MEASURE( 1.000000000000000100E-005 ), #4419, 'distance_accuracy_value', 'NONE');
#6831 = MECHANICAL_DESIGN_GEOMETRIC_PRESENTATION_REPRESENTATION (  '', ( #5741 ), #7334 ) ;
#6832 = LINE ( 'NONE', #9396, #2851 ) ;
#6833 = CARTESIAN_POINT ( 'NONE',  ( -14.15069333393213200, -15.05359323060808800, 46.50000000000000000 ) ) ;
#6834 = ADVANCED_FACE ( 'NONE', ( #2136 ), #1863, .F. ) ;
#6835 = EDGE_CURVE ( 'NONE', #929, #4261, #4835, .T. ) ;
#6836 = EDGE_CURVE ( 'NONE', #6625, #5549, #7724, .T. ) ;
#6837 = ORIENTED_EDGE ( 'NONE', *, *, #2633, .T. ) ;
#6838 = CARTESIAN_POINT ( 'NONE',  ( -14.27904914257597800, -15.94640676939194500, 47.50000000000000000 ) ) ;
#6839 = DIRECTION ( 'NONE',  ( -0.0000000000000000000, 1.000000000000000000, -0.0000000000000000000 ) ) ;
#6840 =( NAMED_UNIT ( * ) PLANE_ANGLE_UNIT ( ) SI_UNIT ( $, .RADIAN. ) );
#6841 = AXIS2_PLACEMENT_3D ( 'NONE', #1614, #3205, #8016 ) ;
#6842 = EDGE_LOOP ( 'NONE', ( #3279, #10155, #3992, #3193 ) ) ;
#6843 = EDGE_LOOP ( 'NONE', ( #4758, #6536 ) ) ;
#6844 = SURFACE_SIDE_STYLE ('',( #6423 ) ) ;
#6845 = CIRCLE ( 'NONE', #3617, 2.999999999999780600 ) ;
#6846 = EDGE_LOOP ( 'NONE', ( #8679, #3781, #2276, #5493 ) ) ;
#6847 = SURFACE_SIDE_STYLE ('',( #7793 ) ) ;
#6848 = AXIS2_PLACEMENT_3D ( 'NONE', #2251, #7813, #8610 ) ;
#6849 = ORIENTED_EDGE ( 'NONE', *, *, #74, .F. ) ;
#6850 =( LENGTH_UNIT ( ) NAMED_UNIT ( * ) SI_UNIT ( .MILLI., .METRE. ) );
#6851 = MECHANICAL_DESIGN_GEOMETRIC_PRESENTATION_REPRESENTATION (  '', ( #5831 ), #9574 ) ;
#6852 = CIRCLE ( 'NONE', #9394, 0.5000000000000000000 ) ;
#6853 = DIRECTION ( 'NONE',  ( 1.000000000000000000, 0.0000000000000000000, 0.0000000000000000000 ) ) ;
#6854 = DIRECTION ( 'NONE',  ( -0.7071067811865465700, -0.7071067811865483500, 0.0000000000000000000 ) ) ;
#6855 = DIRECTION ( 'NONE',  ( 0.0000000000000000000, 0.0000000000000000000, 1.000000000000000000 ) ) ;
#6856 =( LENGTH_UNIT ( ) NAMED_UNIT ( * ) SI_UNIT ( .MILLI., .METRE. ) );
#6857 = CARTESIAN_POINT ( 'NONE',  ( 3.600000000000001400, -19.15000000000000600, 44.50000000000000000 ) ) ;
#6858 = ADVANCED_FACE ( 'NONE', ( #5606 ), #5101, .F. ) ;
#6859 = LINE ( 'NONE', #538, #2618 ) ;
#6860 = VECTOR ( 'NONE', #6657, 1000.000000000000000 ) ;
#6861 = AXIS2_PLACEMENT_3D ( 'NONE', #3702, #10054, #8470 ) ;
#6862 = AXIS2_PLACEMENT_3D ( 'NONE', #5990, #8428, #8388 ) ;
#6863 = ORIENTED_EDGE ( 'NONE', *, *, #404, .F. ) ;
#6864 = FILL_AREA_STYLE ('',( #9365 ) ) ;
#6865 = CARTESIAN_POINT ( 'NONE',  ( 16.94289321881342000, 21.14999999999999900, 38.00000000000000000 ) ) ;
#6866 = CARTESIAN_POINT ( 'NONE',  ( -15.92449465477582700, -16.78307522795895000, 47.49867441544054000 ) ) ;
#6867 = FILL_AREA_STYLE ('',( #9937 ) ) ;
#6868 = CARTESIAN_POINT ( 'NONE',  ( 15.05359323060812700, -15.92449465477574800, 46.50000000000000000 ) ) ;
#6869 = CARTESIAN_POINT ( 'NONE',  ( 21.00355339059327200, 17.29644660940672200, 38.00000000000000000 ) ) ;
#6870 = AXIS2_PLACEMENT_3D ( 'NONE', #6558, #982, #8850 ) ;
#6871 = ORIENTED_EDGE ( 'NONE', *, *, #1494, .T. ) ;
#6873 = EDGE_CURVE ( 'NONE', #4607, #286, #4718, .T. ) ;
#6872 = DIRECTION ( 'NONE',  ( 1.000000000000000000, 0.0000000000000000000, 0.0000000000000000000 ) ) ;
#6874 = COLOUR_RGB ( '',0.2509803921568627400, 0.2509803921568627400, 0.2509803921568627400 ) ;
#6875 = EDGE_CURVE ( 'NONE', #10062, #2258, #2886, .T. ) ;
#6876 = AXIS2_PLACEMENT_3D ( 'NONE', #8181, #5014, #4070 ) ;
#6878 = ADVANCED_FACE ( 'NONE', ( #2376 ), #8906, .F. ) ;
#6877 = LINE ( 'NONE', #10117, #9497 ) ;
#6879 = CARTESIAN_POINT ( 'NONE',  ( -21.14999999999999500, 13.32957238623956400, 5.999999999999998200 ) ) ;
#6880 = ORIENTED_EDGE ( 'NONE', *, *, #2097, .F. ) ;
#6881 = LINE ( 'NONE', #3616, #28 ) ;
#6882 = DIRECTION ( 'NONE',  ( 0.6700528225186871400, 0.0000000000000000000, 0.7423134210256073800 ) ) ;
#6883 = COLOUR_RGB ( '',0.0000000000000000000, 0.5019607843137254800, 1.000000000000000000 ) ;
#6884 = FILL_AREA_STYLE ('',( #4580 ) ) ;
#6885 = AXIS2_PLACEMENT_3D ( 'NONE', #6791, #4384, #6719 ) ;
#6886 = FACE_OUTER_BOUND ( 'NONE', #8750, .T. ) ;
#6887 = EDGE_CURVE ( 'NONE', #4399, #2708, #3971, .T. ) ;
#6888 = EDGE_CURVE ( 'NONE', #4472, #9174, #8212, .T. ) ;
#6889 = ORIENTED_EDGE ( 'NONE', *, *, #1404, .T. ) ;
#6890 = EDGE_LOOP ( 'NONE', ( #6525, #1700, #6710 ) ) ;
#6891 = FACE_OUTER_BOUND ( 'NONE', #3070, .T. ) ;
#6892 = LINE ( 'NONE', #1722, #4750 ) ;
#6893 = CARTESIAN_POINT ( 'NONE',  ( 21.14999999999999900, 21.14999999999999900, 38.00000000000000000 ) ) ;
#6894 = VERTEX_POINT ( 'NONE', #6537 ) ;
#6895 = EDGE_LOOP ( 'NONE', ( #4700, #1550 ) ) ;
#6896 = DIRECTION ( 'NONE',  ( 0.0000000000000000000, 0.0000000000000000000, 1.000000000000000000 ) ) ;
#6897 = CARTESIAN_POINT ( 'NONE',  ( 14.27904914257718800, 15.94640676939204300, 47.50000000000000000 ) ) ;
#6898 = ORIENTED_EDGE ( 'NONE', *, *, #202, .F. ) ;
#6899 = VERTEX_POINT ( 'NONE', #5735 ) ;
#6900 =( GEOMETRIC_REPRESENTATION_CONTEXT ( 3 ) GLOBAL_UNCERTAINTY_ASSIGNED_CONTEXT ( ( #9449 ) ) GLOBAL_UNIT_ASSIGNED_CONTEXT ( ( #1040, #3420, #7514 ) ) REPRESENTATION_CONTEXT ( 'NONE', 'WORKASPACE' ) );
#6901 = ORIENTED_EDGE ( 'NONE', *, *, #10033, .F. ) ;
#6902 = FACE_OUTER_BOUND ( 'NONE', #3344, .T. ) ;
#6903 = CARTESIAN_POINT ( 'NONE',  ( -16.72874093610754200, 15.92449465477565200, 47.50000000000000000 ) ) ;
#6904 = ADVANCED_FACE ( 'NONE', ( #518 ), #2246, .T. ) ;
#6905 = FACE_OUTER_BOUND ( 'NONE', #6806, .T. ) ;
#6906 = EDGE_CURVE ( 'NONE', #9049, #9560, #2372, .T. ) ;
#6907 = DIRECTION ( 'NONE',  ( 0.7071067811865490200, 0.7071067811865460200, -0.0000000000000000000 ) ) ;
#6908 = VECTOR ( 'NONE', #2698, 1000.000000000000000 ) ;
#6909 = CIRCLE ( 'NONE', #5297, 1.249999999999997600 ) ;
#6910 = CARTESIAN_POINT ( 'NONE',  ( 14.21692477204111600, -15.07550534522241200, 46.50000000000000000 ) ) ;
#6912 = PLANE ( 'NONE',  #9999 ) ;
#6911 = PLANE ( 'NONE',  #5148 ) ;
#6913 = ORIENTED_EDGE ( 'NONE', *, *, #9630, .F. ) ;
#6914 = VERTEX_POINT ( 'NONE', #5773 ) ;
#6916 = VECTOR ( 'NONE', #535, 1000.000000000000000 ) ;
#6915 = DIRECTION ( 'NONE',  ( 0.0000000000000000000, -1.000000000000000000, 0.0000000000000000000 ) ) ;
#6917 = EDGE_LOOP ( 'NONE', ( #7532, #1785, #387, #4071, #10247, #4844 ) ) ;
#6918 = PLANE ( 'NONE',  #1541 ) ;
#6919 = AXIS2_PLACEMENT_3D ( 'NONE', #5111, #6725, #355 ) ;
#6920 = AXIS2_PLACEMENT_3D ( 'NONE', #7800, #9417, #7731 ) ;
#6921 = DIRECTION ( 'NONE',  ( -0.0000000000000000000, 1.000000000000000000, -0.0000000000000000000 ) ) ;
#6922 = DIRECTION ( 'NONE',  ( 1.000000000000000000, 0.0000000000000000000, 0.0000000000000000000 ) ) ;
#6923 = ORIENTED_EDGE ( 'NONE', *, *, #3695, .F. ) ;
#6924 = LINE ( 'NONE', #4299, #8526 ) ;
#6925 = EDGE_LOOP ( 'NONE', ( #986, #8604, #7551 ) ) ;
#6926 = ORIENTED_EDGE ( 'NONE', *, *, #825, .T. ) ;
#6927 = ORIENTED_EDGE ( 'NONE', *, *, #6906, .F. ) ;
#6928 = VECTOR ( 'NONE', #976, 1000.000000000000000 ) ;
#6929 = ORIENTED_EDGE ( 'NONE', *, *, #3541, .F. ) ;
#6930 = ADVANCED_FACE ( 'NONE', ( #9850 ), #5078, .F. ) ;
#6931 = ORIENTED_EDGE ( 'NONE', *, *, #2947, .T. ) ;
#6932 = DIRECTION ( 'NONE',  ( 8.202002250481323000E-017, -1.000000000000000000, 0.0000000000000000000 ) ) ;
#6933 = PRESENTATION_LAYER_ASSIGNMENT (  '', '', ( #5717 ) ) ;
#6934 = CIRCLE ( 'NONE', #6298, 0.5000000000000004400 ) ;
#6935 = FILL_AREA_STYLE_COLOUR ( '', #5782 ) ;
#6936 = EDGE_LOOP ( 'NONE', ( #2040, #228, #8759, #8739 ) ) ;
#6937 = DIRECTION ( 'NONE',  ( -0.0000000000000000000, -0.0000000000000000000, 1.000000000000000000 ) ) ;
#6938 = DIRECTION ( 'NONE',  ( -0.0000000000000000000, -0.0000000000000000000, 1.000000000000000000 ) ) ;
#6939 =( LENGTH_UNIT ( ) NAMED_UNIT ( * ) SI_UNIT ( .MILLI., .METRE. ) );
#6940 = ORIENTED_EDGE ( 'NONE', *, *, #3301, .T. ) ;
#6941 = SURFACE_STYLE_USAGE ( .BOTH. , #1500 ) ;
#6942 = FACE_OUTER_BOUND ( 'NONE', #6890, .T. ) ;
#6943 = CARTESIAN_POINT ( 'NONE',  ( -21.15999999999999300, 13.31369220013744600, 40.00000000000000000 ) ) ;
#6944 = FACE_OUTER_BOUND ( 'NONE', #3302, .T. ) ;
#6945 = AXIS2_PLACEMENT_3D ( 'NONE', #10302, #9644, #4929 ) ;
#6946 = CARTESIAN_POINT ( 'NONE',  ( 13.32957238623956200, 21.14999999999999100, 38.00000000000000000 ) ) ;
#6947 = CARTESIAN_POINT ( 'NONE',  ( -15.07550534522247300, -16.78307522795895700, 46.50000000000000000 ) ) ;
#6948 = ORIENTED_EDGE ( 'NONE', *, *, #8425, .T. ) ;
#6949 = EDGE_CURVE ( 'NONE', #9180, #3502, #1110, .T. ) ;
#6950 = ORIENTED_EDGE ( 'NONE', *, *, #4078, .T. ) ;
#6951 = DIRECTION ( 'NONE',  ( 0.0000000000000000000, 0.0000000000000000000, -1.000000000000000000 ) ) ;
#6952 = AXIS2_PLACEMENT_3D ( 'NONE', #9898, #275, #319 ) ;
#6953 = FILL_AREA_STYLE ('',( #593 ) ) ;
#6954 = FACE_OUTER_BOUND ( 'NONE', #2974, .T. ) ;
#6955 = LINE ( 'NONE', #6420, #10190 ) ;
#6956 = ORIENTED_EDGE ( 'NONE', *, *, #9007, .T. ) ;
#6957 = ORIENTED_EDGE ( 'NONE', *, *, #9273, .F. ) ;
#6958 = MECHANICAL_DESIGN_GEOMETRIC_PRESENTATION_REPRESENTATION (  '', ( #2895 ), #6092 ) ;
#6959 = EDGE_CURVE ( 'NONE', #2856, #4261, #3243, .T. ) ;
#6960 = CYLINDRICAL_SURFACE ( 'NONE', #5384, 0.5787973969144516500 ) ;
#6961 = EDGE_CURVE ( 'NONE', #1440, #7117, #3123, .T. ) ;
#6962 = CARTESIAN_POINT ( 'NONE',  ( -15.92449465477582700, -16.78307522795895000, 47.49867441544054000 ) ) ;
#6963 = CARTESIAN_POINT ( 'NONE',  ( 16.75000000000010300, -15.49999999999989200, 4.500000000000000900 ) ) ;
#6964 = CARTESIAN_POINT ( 'NONE',  ( 15.05359323060813500, -15.07550534522241900, 47.50000000000000000 ) ) ;
#6965 = UNCERTAINTY_MEASURE_WITH_UNIT (LENGTH_MEASURE( 1.000000000000000100E-005 ), #9070, 'distance_accuracy_value', 'NONE');
#6966 = DIRECTION ( 'NONE',  ( -4.101001125240678300E-016, -1.000000000000000000, 0.0000000000000000000 ) ) ;
#6967 = ORIENTED_EDGE ( 'NONE', *, *, #10033, .T. ) ;
#6968 = DIRECTION ( 'NONE',  ( -1.000000000000000000, 0.0000000000000000000, 0.0000000000000000000 ) ) ;
#6969 = CARTESIAN_POINT ( 'NONE',  ( 16.94289321881344900, -21.15000000000000200, 8.000000000000000000 ) ) ;
#6970 = FILL_AREA_STYLE_COLOUR ( '', #5738 ) ;
#6971 =( NAMED_UNIT ( * ) PLANE_ANGLE_UNIT ( ) SI_UNIT ( $, .RADIAN. ) );
#6972 = STYLED_ITEM ( 'NONE', ( #2507 ), #860 ) ;
#6973 =( GEOMETRIC_REPRESENTATION_CONTEXT ( 3 ) GLOBAL_UNCERTAINTY_ASSIGNED_CONTEXT ( ( #5242 ) ) GLOBAL_UNIT_ASSIGNED_CONTEXT ( ( #4657, #715, #2242 ) ) REPRESENTATION_CONTEXT ( 'NONE', 'WORKASPACE' ) );
#6974 = ADVANCED_FACE ( 'NONE', ( #979 ), #7462, .T. ) ;
#6975 = CARTESIAN_POINT ( 'NONE',  ( -2.596119095141090400, -19.15000000000000600, 41.09104188536768700 ) ) ;
#6976 = VECTOR ( 'NONE', #6010, 1000.000000000000100 ) ;
#6977 = FILL_AREA_STYLE ('',( #7646 ) ) ;
#6978 =( NAMED_UNIT ( * ) PLANE_ANGLE_UNIT ( ) SI_UNIT ( $, .RADIAN. ) );
#6979 = CARTESIAN_POINT ( 'NONE',  ( 0.0000000000000000000, -19.15000000000000600, 44.41033917074156500 ) ) ;
#6980 = EDGE_LOOP ( 'NONE', ( #5058, #67, #8017, #10313, #9742, #9490 ) ) ;
#6981 = ORIENTED_EDGE ( 'NONE', *, *, #5280, .T. ) ;
#6982 = CYLINDRICAL_SURFACE ( 'NONE', #4238, 0.5000000000000004400 ) ;
#6983 = AXIS2_PLACEMENT_3D ( 'NONE', #7847, #5567, #9579 ) ;
#6984 = AXIS2_PLACEMENT_3D ( 'NONE', #9200, #8455, #464 ) ;
#6985 = PRESENTATION_STYLE_ASSIGNMENT (( #4872 ) ) ;
#6986 = CIRCLE ( 'NONE', #1588, 0.5787973969144516500 ) ;
#6987 = CARTESIAN_POINT ( 'NONE',  ( 14.20000000000102100, -15.49999999999983700, 46.50000000000000000 ) ) ;
#6988 = ORIENTED_EDGE ( 'NONE', *, *, #8249, .T. ) ;
#6989 = DIRECTION ( 'NONE',  ( -0.0000000000000000000, -0.0000000000000000000, -1.000000000000000000 ) ) ;
#6990 = ORIENTED_EDGE ( 'NONE', *, *, #5357, .T. ) ;
#6991 = VECTOR ( 'NONE', #3172, 1000.000000000000000 ) ;
#6992 = CARTESIAN_POINT ( 'NONE',  ( 0.0000000000000000000, 2.000000000000000000, 0.0000000000000000000 ) ) ;
#6993 = CIRCLE ( 'NONE', #7017, 2.999999999999780600 ) ;
#6994 = EDGE_CURVE ( 'NONE', #5492, #7699, #8460, .T. ) ;
#6995 = CARTESIAN_POINT ( 'NONE',  ( 16.94289321881345600, 20.64999999999999900, 10.00000000000000000 ) ) ;
#6996 = AXIS2_PLACEMENT_3D ( 'NONE', #4100, #9689, #4222 ) ;
#6997 = FILL_AREA_STYLE ('',( #6970 ) ) ;
#6998 = VERTEX_POINT ( 'NONE', #9320 ) ;
#6999 = VERTEX_POINT ( 'NONE', #3791 ) ;
#7000 = EDGE_CURVE ( 'NONE', #525, #8435, #2876, .T. ) ;
#7002 = PLANE ( 'NONE',  #9599 ) ;
#7001 = CARTESIAN_POINT ( 'NONE',  ( -15.20239548707221800, 14.15069333393197400, 47.49833231681228100 ) ) ;
#7003 = PRESENTATION_LAYER_ASSIGNMENT (  '', '', ( #3085 ) ) ;
#7004 = VECTOR ( 'NONE', #2872, 1000.000000000000000 ) ;
#7005 = FILL_AREA_STYLE ('',( #2272 ) ) ;
#7006 = ORIENTED_EDGE ( 'NONE', *, *, #7221, .T. ) ;
#7007 = ORIENTED_EDGE ( 'NONE', *, *, #7015, .F. ) ;
#7008 = DIRECTION ( 'NONE',  ( -5.211847922874171200E-016, -1.000000000000000000, 0.0000000000000000000 ) ) ;
#7009 = ORIENTED_EDGE ( 'NONE', *, *, #7733, .T. ) ;
#7010 = DIRECTION ( 'NONE',  ( -8.202002250481356300E-017, 1.000000000000000000, 0.0000000000000000000 ) ) ;
#7011 = DIRECTION ( 'NONE',  ( -0.0000000000000000000, -0.0000000000000000000, 1.000000000000000000 ) ) ;
#7012 = CARTESIAN_POINT ( 'NONE',  ( -21.14999999999999500, -21.15000000000000600, 8.000000000000000000 ) ) ;
#7013 = AXIS2_PLACEMENT_3D ( 'NONE', #1780, #955, #7350 ) ;
#7014 = SURFACE_STYLE_FILL_AREA ( #6654 ) ;
#7015 = EDGE_CURVE ( 'NONE', #5589, #4879, #4485, .T. ) ;
#7016 = EDGE_CURVE ( 'NONE', #3683, #6467, #7718, .T. ) ;
#7017 = AXIS2_PLACEMENT_3D ( 'NONE', #7353, #5763, #961 ) ;
#7018 = ORIENTED_EDGE ( 'NONE', *, *, #6539, .F. ) ;
#7019 = ORIENTED_EDGE ( 'NONE', *, *, #874, .F. ) ;
#7020 = LINE ( 'NONE', #1924, #7770 ) ;
#7021 = CARTESIAN_POINT ( 'NONE',  ( -15.21910815488903900, -16.78307522795895300, 47.50000000000000000 ) ) ;
#7022 = ADVANCED_FACE ( 'NONE', ( #7090 ), #852, .T. ) ;
#7023 = VECTOR ( 'NONE', #3226, 1000.000000000000000 ) ;
#7024 = FILL_AREA_STYLE ('',( #4587 ) ) ;
#7025 = FILL_AREA_STYLE_COLOUR ( '', #6383 ) ;
#7026 = CIRCLE ( 'NONE', #347, 1.299999999999999200 ) ;
#7027 = CIRCLE ( 'NONE', #6414, 1.299999999999999200 ) ;
#7028 = MECHANICAL_DESIGN_GEOMETRIC_PRESENTATION_REPRESENTATION (  '', ( #3109 ), #7348 ) ;
#7029 = PLANE ( 'NONE',  #123 ) ;
#7030 = ORIENTED_EDGE ( 'NONE', *, *, #2083, .F. ) ;
#7031 =( GEOMETRIC_REPRESENTATION_CONTEXT ( 3 ) GLOBAL_UNCERTAINTY_ASSIGNED_CONTEXT ( ( #3831 ) ) GLOBAL_UNIT_ASSIGNED_CONTEXT ( ( #1544, #867, #3192 ) ) REPRESENTATION_CONTEXT ( 'NONE', 'WORKASPACE' ) );
#7032 = B_SPLINE_CURVE_WITH_KNOTS ( 'NONE', 3,
 ( #7432, #373, #7495, #296 ),
 .UNSPECIFIED., .F., .F.,
 ( 4, 4 ),
 ( 0.0000000000000000000, 0.0001012530508707635600 ),
 .UNSPECIFIED. ) ;
#7033 = VECTOR ( 'NONE', #1894, 1000.000000000000000 ) ;
#7034 = EDGE_CURVE ( 'NONE', #4810, #6222, #1486, .T. ) ;
#7035 = ORIENTED_EDGE ( 'NONE', *, *, #6468, .F. ) ;
#7036 = ORIENTED_EDGE ( 'NONE', *, *, #4528, .F. ) ;
#7037 = SURFACE_SIDE_STYLE ('',( #4347 ) ) ;
#7038 = CARTESIAN_POINT ( 'NONE',  ( 16.74999999999983300, 15.50000000000016000, 0.0000000000000000000 ) ) ;
#7039 = PRESENTATION_STYLE_ASSIGNMENT (( #2141 ) ) ;
#7040 = LINE ( 'NONE', #2631, #4903 ) ;
#7041 = DIRECTION ( 'NONE',  ( 0.0000000000000000000, 0.0000000000000000000, 1.000000000000000000 ) ) ;
#7042 = FACE_OUTER_BOUND ( 'NONE', #9205, .T. ) ;
#7043 = CARTESIAN_POINT ( 'NONE',  ( 15.50000000000102000, -15.49999999999983700, 47.50000000000000000 ) ) ;
#7044 = VERTEX_POINT ( 'NONE', #9176 ) ;
#7045 = VERTEX_POINT ( 'NONE', #5196 ) ;
#7046 = VECTOR ( 'NONE', #9153, 1000.000000000000000 ) ;
#7047 = ORIENTED_EDGE ( 'NONE', *, *, #4713, .F. ) ;
#7048 = ORIENTED_EDGE ( 'NONE', *, *, #8933, .F. ) ;
#7049 = PRESENTATION_LAYER_ASSIGNMENT (  '', '', ( #5449 ) ) ;
#7050 = VECTOR ( 'NONE', #9869, 1000.000000000000000 ) ;
#7051 = ORIENTED_EDGE ( 'NONE', *, *, #7483, .F. ) ;
#7052 = EDGE_LOOP ( 'NONE', ( #7135, #5028, #5758, #8986 ) ) ;
#7053 = LINE ( 'NONE', #944, #5562 ) ;
#7054 = DIRECTION ( 'NONE',  ( -0.0000000000000000000, -0.0000000000000000000, 1.000000000000000000 ) ) ;
#7055 = VERTEX_POINT ( 'NONE', #5115 ) ;
#7056 = FILL_AREA_STYLE_COLOUR ( '', #3230 ) ;
#7057 = DIRECTION ( 'NONE',  ( -1.000000000000000000, 4.086561412391467000E-015, 0.0000000000000000000 ) ) ;
#7058 = MECHANICAL_DESIGN_GEOMETRIC_PRESENTATION_REPRESENTATION (  '', ( #1386 ), #6729 ) ;
#7059 = FACE_OUTER_BOUND ( 'NONE', #5950, .T. ) ;
#7060 = ORIENTED_EDGE ( 'NONE', *, *, #5598, .F. ) ;
#7061 = CIRCLE ( 'NONE', #5826, 0.5000000000000006700 ) ;
#7062 =( GEOMETRIC_REPRESENTATION_CONTEXT ( 3 ) GLOBAL_UNCERTAINTY_ASSIGNED_CONTEXT ( ( #4906 ) ) GLOBAL_UNIT_ASSIGNED_CONTEXT ( ( #6939, #10048, #8498 ) ) REPRESENTATION_CONTEXT ( 'NONE', 'WORKASPACE' ) );
#7063 = LINE ( 'NONE', #10217, #6320 ) ;
#7064 = DIRECTION ( 'NONE',  ( 0.0000000000000000000, 0.0000000000000000000, -1.000000000000000000 ) ) ;
#7065 = SURFACE_STYLE_USAGE ( .BOTH. , #7826 ) ;
#7066 = VERTEX_POINT ( 'NONE', #7601 ) ;
#7067 = DIRECTION ( 'NONE',  ( 1.000000000000000000, 0.0000000000000000000, 0.0000000000000000000 ) ) ;
#7068 = FILL_AREA_STYLE ('',( #6135 ) ) ;
#7069 = ORIENTED_EDGE ( 'NONE', *, *, #5063, .T. ) ;
#7071 = DIRECTION ( 'NONE',  ( 0.0000000000000000000, 0.0000000000000000000, 1.000000000000000000 ) ) ;
#7070 = PLANE ( 'NONE',  #2358 ) ;
#7072 = ORIENTED_EDGE ( 'NONE', *, *, #812, .F. ) ;
#7073 = AXIS2_PLACEMENT_3D ( 'NONE', #2615, #214, #1982 ) ;
#7074 = CARTESIAN_POINT ( 'NONE',  ( -21.14999999999999500, -13.32957238623956400, 5.999999999999998200 ) ) ;
#7075 = FACE_OUTER_BOUND ( 'NONE', #1507, .T. ) ;
#7076 = EDGE_CURVE ( 'NONE', #6640, #4397, #6345, .T. ) ;
#7077 = EDGE_CURVE ( 'NONE', #6090, #46, #5095, .T. ) ;
#7078 = CARTESIAN_POINT ( 'NONE',  ( 14.27125906389338000, -15.92449465477574600, 47.50000000000000000 ) ) ;
#7079 = AXIS2_PLACEMENT_3D ( 'NONE', #5144, #1918, #9119 ) ;
#7080 = CARTESIAN_POINT ( 'NONE',  ( 0.0000000000000000000, 0.0000000000000000000, 45.00000000000000000 ) ) ;
#7081 = VERTEX_POINT ( 'NONE', #9240 ) ;
#7082 = CARTESIAN_POINT ( 'NONE',  ( 14.27904914257722300, 15.05359323060818400, 47.50000000000000000 ) ) ;
#7083 = LINE ( 'NONE', #369, #4348 ) ;
#7084 = ADVANCED_FACE ( 'NONE', ( #1248 ), #2845, .F. ) ;
#7085 = UNCERTAINTY_MEASURE_WITH_UNIT (LENGTH_MEASURE( 1.000000000000000100E-005 ), #1929, 'distance_accuracy_value', 'NONE');
#7086 = PRESENTATION_LAYER_ASSIGNMENT (  '', '', ( #505 ) ) ;
#7087 = EDGE_CURVE ( 'NONE', #5039, #7044, #6102, .T. ) ;
#7088 = EDGE_CURVE ( 'NONE', #8300, #7525, #9972, .T. ) ;
#7090 = FACE_OUTER_BOUND ( 'NONE', #1238, .T. ) ;
#7089 = CARTESIAN_POINT ( 'NONE',  ( 15.49999999999983700, 15.50000000000016000, 46.00000000000000000 ) ) ;
#7091 = PRESENTATION_STYLE_ASSIGNMENT (( #229 ) ) ;
#7092 = DIRECTION ( 'NONE',  ( 0.0000000000000000000, 1.000000000000000000, 1.301042606982604100E-015 ) ) ;
#7093 =( NAMED_UNIT ( * ) SI_UNIT ( $, .STERADIAN. ) SOLID_ANGLE_UNIT ( ) );
#7094 = FACE_OUTER_BOUND ( 'NONE', #9916, .T. ) ;
#7095 = CARTESIAN_POINT ( 'NONE',  ( -3.599999999999998300, -19.15000000000000600, 40.00000000000000000 ) ) ;
#7096 =( NAMED_UNIT ( * ) PLANE_ANGLE_UNIT ( ) SI_UNIT ( $, .RADIAN. ) );
#7097 = LINE ( 'NONE', #4791, #9980 ) ;
#7098 = SURFACE_STYLE_USAGE ( .BOTH. , #767 ) ;
#7099 = LINE ( 'NONE', #2004, #254 ) ;
#7101 = DIRECTION ( 'NONE',  ( 1.000000000000000000, 0.0000000000000000000, 0.0000000000000000000 ) ) ;
#7100 = DIRECTION ( 'NONE',  ( -1.000000000000000000, 0.0000000000000000000, 0.0000000000000000000 ) ) ;
#7102 = AXIS2_PLACEMENT_3D ( 'NONE', #7446, #5847, #1953 ) ;
#7103 = CARTESIAN_POINT ( 'NONE',  ( -17.14999999999997700, -21.14999999999999100, 8.000000000000000000 ) ) ;
#7104 = ORIENTED_EDGE ( 'NONE', *, *, #9802, .T. ) ;
#7105 = VECTOR ( 'NONE', #7057, 1000.000000000000000 ) ;
#7106 = CARTESIAN_POINT ( 'NONE',  ( -15.49999999999897900, -15.50000000000102100, 46.00000000000000000 ) ) ;
#7107 = DIRECTION ( 'NONE',  ( 0.0000000000000000000, 0.0000000000000000000, 1.000000000000000000 ) ) ;
#7108 = VERTEX_POINT ( 'NONE', #1112 ) ;
#7109 = AXIS2_PLACEMENT_3D ( 'NONE', #2959, #3019, #2190 ) ;
#7110 = FACE_OUTER_BOUND ( 'NONE', #5365, .T. ) ;
#7111 = CIRCLE ( 'NONE', #10308, 1.250000000000001100 ) ;
#7112 = PRESENTATION_STYLE_ASSIGNMENT (( #6261 ) ) ;
#7113 = DIRECTION ( 'NONE',  ( 0.0000000000000000000, 0.0000000000000000000, 1.000000000000000000 ) ) ;
#7114 = FACE_OUTER_BOUND ( 'NONE', #5275, .T. ) ;
#7115 = CARTESIAN_POINT ( 'NONE',  ( -15.94640676939209500, 14.15069333393197400, 46.50000000000000000 ) ) ;
#7116 = DIRECTION ( 'NONE',  ( 0.0000000000000000000, 0.0000000000000000000, -1.000000000000000000 ) ) ;
#7117 = VERTEX_POINT ( 'NONE', #2730 ) ;
#7118 = ORIENTED_EDGE ( 'NONE', *, *, #2046, .F. ) ;
#7119 = COLOUR_RGB ( '',0.2509803921568627400, 0.2509803921568627400, 0.2509803921568627400 ) ;
#7120 = FILL_AREA_STYLE ('',( #9672 ) ) ;
#7121 = UNCERTAINTY_MEASURE_WITH_UNIT (LENGTH_MEASURE( 1.000000000000000100E-005 ), #8090, 'distance_accuracy_value', 'NONE');
#7122 = LINE ( 'NONE', #4759, #2045 ) ;
#7123 = EDGE_CURVE ( 'NONE', #9777, #3700, #2990, .T. ) ;
#7124 = ORIENTED_EDGE ( 'NONE', *, *, #3998, .T. ) ;
#7125 = DIRECTION ( 'NONE',  ( -0.0000000000000000000, -1.000000000000000000, -0.0000000000000000000 ) ) ;
#7126 = SURFACE_STYLE_USAGE ( .BOTH. , #9551 ) ;
#7127 = PRESENTATION_LAYER_ASSIGNMENT (  '', '', ( #5132 ) ) ;
#7128 = LINE ( 'NONE', #2688, #6146 ) ;
#7129 = DIRECTION ( 'NONE',  ( 0.0000000000000000000, 0.0000000000000000000, 1.000000000000000000 ) ) ;
#7130 = ADVANCED_FACE ( 'NONE', ( #8953 ), #1151, .F. ) ;
#7131 =( LENGTH_UNIT ( ) NAMED_UNIT ( * ) SI_UNIT ( .MILLI., .METRE. ) );
#7132 = EDGE_CURVE ( 'NONE', #6247, #7306, #2364, .T. ) ;
#7134 = DIRECTION ( 'NONE',  ( 0.0000000000000000000, 1.000000000000000000, 0.0000000000000000000 ) ) ;
#7133 = CARTESIAN_POINT ( 'NONE',  ( 15.05359323060812700, -15.92449465477574800, 46.50000000000000000 ) ) ;
#7135 = ORIENTED_EDGE ( 'NONE', *, *, #1124, .F. ) ;
#7136 = ORIENTED_EDGE ( 'NONE', *, *, #7000, .F. ) ;
#7137 = AXIS2_PLACEMENT_3D ( 'NONE', #1716, #2534, #1037 ) ;
#7138 = ORIENTED_EDGE ( 'NONE', *, *, #997, .T. ) ;
#7139 = FACE_OUTER_BOUND ( 'NONE', #6980, .T. ) ;
#7140 = EDGE_CURVE ( 'NONE', #454, #6743, #8711, .T. ) ;
#7141 = DIRECTION ( 'NONE',  ( -1.875757943018545800E-015, 1.000000000000000000, 0.0000000000000000000 ) ) ;
#7142 = LINE ( 'NONE', #7612, #2297 ) ;
#7143 = FILL_AREA_STYLE_COLOUR ( '', #8042 ) ;
#7144 = VERTEX_POINT ( 'NONE', #1332 ) ;
#7145 = CARTESIAN_POINT ( 'NONE',  ( -12.49999999999833900, -15.50000000000102100, 47.50000000000000000 ) ) ;
#7146 = AXIS2_PLACEMENT_3D ( 'NONE', #481, #3668, #9976 ) ;
#7147 = LINE ( 'NONE', #8681, #302 ) ;
#7148 = VERTEX_POINT ( 'NONE', #2205 ) ;
#7149 = EDGE_CURVE ( 'NONE', #4033, #8615, #7329, .T. ) ;
#7150 = EDGE_CURVE ( 'NONE', #2410, #3255, #4709, .T. ) ;
#7151 = PRESENTATION_STYLE_ASSIGNMENT (( #2578 ) ) ;
#7152 = ORIENTED_EDGE ( 'NONE', *, *, #6356, .T. ) ;
#7153 = ORIENTED_EDGE ( 'NONE', *, *, #9350, .T. ) ;
#7154 = FACE_OUTER_BOUND ( 'NONE', #2182, .T. ) ;
#7155 = ORIENTED_EDGE ( 'NONE', *, *, #3975, .T. ) ;
#7156 = CARTESIAN_POINT ( 'NONE',  ( -16.84930666606613800, -15.20239548707238000, 47.49833231681227400 ) ) ;
#7157 = EDGE_LOOP ( 'NONE', ( #9233, #9889, #2429, #8022 ) ) ;
#7158 = CARTESIAN_POINT ( 'NONE',  ( -15.92449465477580800, -15.94640676939192800, 47.50000000000000000 ) ) ;
#7159 = ORIENTED_EDGE ( 'NONE', *, *, #4113, .F. ) ;
#7160 = DIRECTION ( 'NONE',  ( -0.7071067811865510100, -0.7071067811865440200, -4.906538933386772800E-015 ) ) ;
#7161 = TOROIDAL_SURFACE ( 'NONE', #4364, 4.000000000000000000, 0.5000000000000000000 ) ;
#7162 =( GEOMETRIC_REPRESENTATION_CONTEXT ( 3 ) GLOBAL_UNCERTAINTY_ASSIGNED_CONTEXT ( ( #1898 ) ) GLOBAL_UNIT_ASSIGNED_CONTEXT ( ( #3392, #5750, #2553 ) ) REPRESENTATION_CONTEXT ( 'NONE', 'WORKASPACE' ) );
#7163 = SURFACE_STYLE_FILL_AREA ( #3242 ) ;
#7164 = CARTESIAN_POINT ( 'NONE',  ( 14.21692477204111100, -15.92449465477574600, 47.49867441544045500 ) ) ;
#7165 = ORIENTED_EDGE ( 'NONE', *, *, #9238, .F. ) ;
#7166 = AXIS2_PLACEMENT_3D ( 'NONE', #189, #8103, #8918 ) ;
#7167 = B_SPLINE_CURVE_WITH_KNOTS ( 'NONE', 3,
 ( #960, #4081, #8786, #914 ),
 .UNSPECIFIED., .F., .F.,
 ( 4, 4 ),
 ( 0.0000000000000000000, 5.435045947736368100E-005 ),
 .UNSPECIFIED. ) ;
#7168 = DIRECTION ( 'NONE',  ( -0.0000000000000000000, -0.0000000000000000000, -1.000000000000000000 ) ) ;
#7169 = CARTESIAN_POINT ( 'NONE',  ( 15.94640676939198100, -16.84930666606609200, 46.50000000000000000 ) ) ;
#7170 = PLANE ( 'NONE',  #2888 ) ;
#7171 = ORIENTED_EDGE ( 'NONE', *, *, #4729, .F. ) ;
#7172 = CARTESIAN_POINT ( 'NONE',  ( 15.70908840091667400, 14.21692477204116000, 47.50000000000000000 ) ) ;
#7173 = VECTOR ( 'NONE', #5590, 1000.000000000000000 ) ;
#7175 = CARTESIAN_POINT ( 'NONE',  ( -17.14999999999997700, -20.65000000000000600, 0.0000000000000000000 ) ) ;
#7174 = CARTESIAN_POINT ( 'NONE',  ( 21.15000000000000200, -21.15000000000000200, 38.00000000000000000 ) ) ;
#7176 = SURFACE_SIDE_STYLE ('',( #2283 ) ) ;
#7177 = PRESENTATION_STYLE_ASSIGNMENT (( #366 ) ) ;
#7178 = ORIENTED_EDGE ( 'NONE', *, *, #5743, .T. ) ;
#7179 = CARTESIAN_POINT ( 'NONE',  ( -20.64999999999999500, -16.94289321881343500, 47.50000000000000000 ) ) ;
#7180 = ORIENTED_EDGE ( 'NONE', *, *, #3618, .F. ) ;
#7181 = MECHANICAL_DESIGN_GEOMETRIC_PRESENTATION_REPRESENTATION (  '', ( #7365 ), #4513 ) ;
#7182 = AXIS2_PLACEMENT_3D ( 'NONE', #7089, #6391, #6357 ) ;
#7183 = DIRECTION ( 'NONE',  ( 0.0000000000000000000, 0.0000000000000000000, 1.000000000000000000 ) ) ;
#7184 = CARTESIAN_POINT ( 'NONE',  ( 18.79644660940674000, -18.79644660940669400, 47.50000000000000000 ) ) ;
#7185 = CARTESIAN_POINT ( 'NONE',  ( -15.94640676939209500, 16.84930666606597800, 46.50000000000000000 ) ) ;
#7186 = FACE_OUTER_BOUND ( 'NONE', #5245, .T. ) ;
#7187 = ORIENTED_EDGE ( 'NONE', *, *, #7681, .T. ) ;
#7188 = ADVANCED_FACE ( 'NONE', ( #2736 ), #9219, .F. ) ;
#7189 = ORIENTED_EDGE ( 'NONE', *, *, #5938, .F. ) ;
#7190 = ORIENTED_EDGE ( 'NONE', *, *, #8276, .F. ) ;
#7191 = VECTOR ( 'NONE', #3317, 1000.000000000000000 ) ;
#7192 = LINE ( 'NONE', #8337, #7700 ) ;
#7193 = EDGE_CURVE ( 'NONE', #776, #6290, #6859, .T. ) ;
#7194 = SURFACE_STYLE_USAGE ( .BOTH. , #8716 ) ;
#7195 = FILL_AREA_STYLE_COLOUR ( '', #4618 ) ;
#7196 = AXIS2_PLACEMENT_3D ( 'NONE', #549, #9285, #7611 ) ;
#7197 = ORIENTED_EDGE ( 'NONE', *, *, #9750, .F. ) ;
#7198 = EDGE_CURVE ( 'NONE', #8555, #1044, #1843, .T. ) ;
#7199 = EDGE_CURVE ( 'NONE', #6595, #5917, #5840, .T. ) ;
#7200 = ORIENTED_EDGE ( 'NONE', *, *, #3415, .T. ) ;
#7201 = AXIS2_PLACEMENT_3D ( 'NONE', #6012, #9255, #6221 ) ;
#7202 = LINE ( 'NONE', #143, #2862 ) ;
#7203 = FILL_AREA_STYLE ('',( #8089 ) ) ;
#7204 = VECTOR ( 'NONE', #8715, 1000.000000000000000 ) ;
#7205 =( LENGTH_UNIT ( ) NAMED_UNIT ( * ) SI_UNIT ( .MILLI., .METRE. ) );
#7206 =( NAMED_UNIT ( * ) PLANE_ANGLE_UNIT ( ) SI_UNIT ( $, .RADIAN. ) );
#7207 =( NAMED_UNIT ( * ) SI_UNIT ( $, .STERADIAN. ) SOLID_ANGLE_UNIT ( ) );
#7208 = DIRECTION ( 'NONE',  ( -1.000000000000000000, 1.021640353097896100E-014, -0.0000000000000000000 ) ) ;
#7209 = MECHANICAL_DESIGN_GEOMETRIC_PRESENTATION_REPRESENTATION (  '', ( #1135 ), #8268 ) ;
#7210 = DIRECTION ( 'NONE',  ( -1.000000000000000000, 6.129842118587363700E-015, 0.0000000000000000000 ) ) ;
#7211 = EDGE_CURVE ( 'NONE', #9620, #4447, #2480, .T. ) ;
#7212 = EDGE_CURVE ( 'NONE', #2910, #5234, #4593, .T. ) ;
#7213 = DIRECTION ( 'NONE',  ( -0.7071067811865466800, -0.7071067811865484600, 0.0000000000000000000 ) ) ;
#7214 = UNCERTAINTY_MEASURE_WITH_UNIT (LENGTH_MEASURE( 1.000000000000000100E-005 ), #6100, 'distance_accuracy_value', 'NONE');
#7215 = SURFACE_STYLE_FILL_AREA ( #7301 ) ;
#7216 = COLOUR_RGB ( '',0.2509803921568627400, 0.2509803921568627400, 0.2509803921568627400 ) ;
#7217 = AXIS2_PLACEMENT_3D ( 'NONE', #8926, #910, #6481 ) ;
#7218 = DIRECTION ( 'NONE',  ( -0.7071067811865510100, -0.7071067811865440200, 1.471961680016036800E-014 ) ) ;
#7219 = EDGE_LOOP ( 'NONE', ( #933, #7680, #5050, #7048 ) ) ;
#7220 = AXIS2_PLACEMENT_3D ( 'NONE', #5270, #2049, #5238 ) ;
#7221 = EDGE_CURVE ( 'NONE', #8124, #3848, #3718, .T. ) ;
#7222 = DIRECTION ( 'NONE',  ( -0.0000000000000000000, -1.000000000000000000, 0.0000000000000000000 ) ) ;
#7223 = FILL_AREA_STYLE_COLOUR ( '', #6373 ) ;
#7224 = CARTESIAN_POINT ( 'NONE',  ( 15.50000000000102000, -15.49999999999983700, 47.50000000000000000 ) ) ;
#7225 = ORIENTED_EDGE ( 'NONE', *, *, #5266, .F. ) ;
#7226 = CIRCLE ( 'NONE', #8569, 2.999999999999780600 ) ;
#7227 = DIRECTION ( 'NONE',  ( -0.0000000000000000000, 0.0000000000000000000, 1.000000000000000000 ) ) ;
#7228 = CARTESIAN_POINT ( 'NONE',  ( -15.05359323060823400, 15.92449465477564100, 46.50000000000000000 ) ) ;
#7229 = ADVANCED_FACE ( 'NONE', ( #4082 ), #4476, .T. ) ;
#7230 = VERTEX_POINT ( 'NONE', #1297 ) ;
#7231 = EDGE_LOOP ( 'NONE', ( #5211, #442, #1882 ) ) ;
#7232 = DIRECTION ( 'NONE',  ( -1.000000000000000000, 0.0000000000000000000, -0.0000000000000000000 ) ) ;
#7233 = STYLED_ITEM ( 'NONE', ( #4881 ), #1216 ) ;
#7234 =( GEOMETRIC_REPRESENTATION_CONTEXT ( 3 ) GLOBAL_UNCERTAINTY_ASSIGNED_CONTEXT ( ( #3391 ) ) GLOBAL_UNIT_ASSIGNED_CONTEXT ( ( #3039, #3000, #5396 ) ) REPRESENTATION_CONTEXT ( 'NONE', 'WORKASPACE' ) );
#7235 = FACE_OUTER_BOUND ( 'NONE', #8295, .T. ) ;
#7236 = FACE_OUTER_BOUND ( 'NONE', #9446, .T. ) ;
#7237 = FILL_AREA_STYLE_COLOUR ( '', #8637 ) ;
#7238 = VERTEX_POINT ( 'NONE', #3821 ) ;
#7239 = ORIENTED_EDGE ( 'NONE', *, *, #5282, .F. ) ;
#7240 = FILL_AREA_STYLE ('',( #8776 ) ) ;
#7241 = CARTESIAN_POINT ( 'NONE',  ( 16.76498005845866900, -15.92449465477577200, 47.49955985394397100 ) ) ;
#7242 = CARTESIAN_POINT ( 'NONE',  ( 0.0000000000000000000, 0.0000000000000000000, 47.50000000000000000 ) ) ;
#7243 = CARTESIAN_POINT ( 'NONE',  ( -3.496119095141088500, -21.25000000000000700, 44.41033917074156500 ) ) ;
#7244 = SURFACE_STYLE_FILL_AREA ( #8456 ) ;
#7245 = VECTOR ( 'NONE', #9793, 1000.000000000000000 ) ;
#7246 = AXIS2_PLACEMENT_3D ( 'NONE', #7255, #6425, #3306 ) ;
#7247 = ORIENTED_EDGE ( 'NONE', *, *, #4193, .T. ) ;
#7248 = ORIENTED_EDGE ( 'NONE', *, *, #9483, .F. ) ;
#7249 = ORIENTED_EDGE ( 'NONE', *, *, #7211, .F. ) ;
#7250 = CARTESIAN_POINT ( 'NONE',  ( 20.65000000000000600, -16.94289321881346300, 0.5000000000000000000 ) ) ;
#7251 = PRESENTATION_STYLE_ASSIGNMENT (( #1085 ) ) ;
#7252 = DIRECTION ( 'NONE',  ( 9.637352644315601400E-017, -0.0000000000000000000, 1.000000000000000000 ) ) ;
#7253 = CARTESIAN_POINT ( 'NONE',  ( -15.05359323060823600, 15.07550534522231100, 46.50000000000000000 ) ) ;
#7254 = COLOUR_RGB ( '',0.2509803921568627400, 0.2509803921568627400, 0.2509803921568627400 ) ;
#7255 = CARTESIAN_POINT ( 'NONE',  ( -14.20000000000016400, 15.49999999999897500, 46.50000000000000000 ) ) ;
#7256 = VERTEX_POINT ( 'NONE', #7797 ) ;
#7257 = VERTEX_POINT ( 'NONE', #3724 ) ;
#7258 = LINE ( 'NONE', #1196, #2531 ) ;
#7259 = CARTESIAN_POINT ( 'NONE',  ( -20.64999999999999500, -16.94289321881344500, 47.50000000000000000 ) ) ;
#7260 = FILL_AREA_STYLE ('',( #888 ) ) ;
#7261 = PRESENTATION_LAYER_ASSIGNMENT (  '', '', ( #6397 ) ) ;
#7262 = PRESENTATION_STYLE_ASSIGNMENT (( #4831 ) ) ;
#7263 = CARTESIAN_POINT ( 'NONE',  ( -20.64999999999999500, 16.94289321881344900, 0.5000000000000000000 ) ) ;
#7264 = CARTESIAN_POINT ( 'NONE',  ( 15.92449465477568900, 14.21692477204115900, 47.49867441544050500 ) ) ;
#7265 = EDGE_CURVE ( 'NONE', #2589, #2797, #3955, .T. ) ;
#7266 = CARTESIAN_POINT ( 'NONE',  ( 14.21692477204111600, -15.07550534522241200, 47.49867441544043300 ) ) ;
#7267 = PRESENTATION_LAYER_ASSIGNMENT (  '', '', ( #6748 ) ) ;
#7268 = ORIENTED_EDGE ( 'NONE', *, *, #9305, .F. ) ;
#7269 = FACE_OUTER_BOUND ( 'NONE', #8894, .T. ) ;
#7270 =( LENGTH_UNIT ( ) NAMED_UNIT ( * ) SI_UNIT ( .MILLI., .METRE. ) );
#7271 = ORIENTED_EDGE ( 'NONE', *, *, #5545, .F. ) ;
#7272 = EDGE_LOOP ( 'NONE', ( #7784, #10150 ) ) ;
#7273 = LINE ( 'NONE', #5963, #5166 ) ;
#7274 = CARTESIAN_POINT ( 'NONE',  ( -21.48631967451538900, -19.15000000000000600, 23.80347179627697000 ) ) ;
#7275 = VECTOR ( 'NONE', #9586, 1000.000000000000000 ) ;
#7276 = CARTESIAN_POINT ( 'NONE',  ( -3.599999999999998300, -19.15000000000000600, 44.50000000000000000 ) ) ;
#7277 = CARTESIAN_POINT ( 'NONE',  ( 0.0000000000000000000, 20.64999999999999900, 47.50000000000000000 ) ) ;
#7278 = ORIENTED_EDGE ( 'NONE', *, *, #2527, .F. ) ;
#7279 = CARTESIAN_POINT ( 'NONE',  ( -15.70908840092238800, -16.78307522795895300, 47.50000000000000000 ) ) ;
#7280 = DIRECTION ( 'NONE',  ( -0.0000000000000000000, -0.0000000000000000000, -1.000000000000000000 ) ) ;
#7282 =( LENGTH_UNIT ( ) NAMED_UNIT ( * ) SI_UNIT ( .MILLI., .METRE. ) );
#7281 = CARTESIAN_POINT ( 'NONE',  ( 0.0000000000000000000, 0.0000000000000000000, 5.999999999999998200 ) ) ;
#7283 = EDGE_CURVE ( 'NONE', #5119, #8910, #9468, .T. ) ;
#7284 = LINE ( 'NONE', #4379, #4913 ) ;
#7285 = EDGE_CURVE ( 'NONE', #2929, #9507, #2866, .T. ) ;
#7286 = ORIENTED_EDGE ( 'NONE', *, *, #8199, .F. ) ;
#7287 = ADVANCED_FACE ( 'NONE', ( #5220 ), #116, .T. ) ;
#7288 = VERTEX_POINT ( 'NONE', #7955 ) ;
#7289 = SURFACE_STYLE_USAGE ( .BOTH. , #9807 ) ;
#7290 = TOROIDAL_SURFACE ( 'NONE', #6108, 3.499999999999997300, 0.5000000000000000000 ) ;
#7291 = FACE_OUTER_BOUND ( 'NONE', #2519, .T. ) ;
#7292 = ORIENTED_EDGE ( 'NONE', *, *, #7193, .F. ) ;
#7293 = EDGE_LOOP ( 'NONE', ( #10070, #5668, #9664 ) ) ;
#7294 = CARTESIAN_POINT ( 'NONE',  ( 0.0000000000000000000, 0.0000000000000000000, 47.50000000000000000 ) ) ;
#7295 = COLOUR_RGB ( '',0.2509803921568627400, 0.2509803921568627400, 0.2509803921568627400 ) ;
#7296 = AXIS2_PLACEMENT_3D ( 'NONE', #7582, #9923, #5980 ) ;
#7297 = B_SPLINE_CURVE_WITH_KNOTS ( 'NONE', 3,
 ( #9201, #2068, #10035, #2870 ),
 .UNSPECIFIED., .F., .F.,
 ( 4, 4 ),
 ( 0.0000000000000000000, 0.0001285675718491145300 ),
 .UNSPECIFIED. ) ;
#7298 =( GEOMETRIC_REPRESENTATION_CONTEXT ( 3 ) GLOBAL_UNCERTAINTY_ASSIGNED_CONTEXT ( ( #5873 ) ) GLOBAL_UNIT_ASSIGNED_CONTEXT ( ( #2536, #3348, #5808 ) ) REPRESENTATION_CONTEXT ( 'NONE', 'WORKASPACE' ) );
#7299 = VERTEX_POINT ( 'NONE', #7895 ) ;
#7300 =( NAMED_UNIT ( * ) SI_UNIT ( $, .STERADIAN. ) SOLID_ANGLE_UNIT ( ) );
#7301 = FILL_AREA_STYLE ('',( #890 ) ) ;
#7302 = EDGE_LOOP ( 'NONE', ( #180, #775, #399, #5382, #1409 ) ) ;
#7303 = CARTESIAN_POINT ( 'NONE',  ( 0.0000000000000000000, 0.0000000000000000000, 46.00000000000000000 ) ) ;
#7304 = LINE ( 'NONE', #3680, #7692 ) ;
#7305 = SURFACE_SIDE_STYLE ('',( #6762 ) ) ;
#7306 = VERTEX_POINT ( 'NONE', #711 ) ;
#7307 = DIRECTION ( 'NONE',  ( -0.0000000000000000000, -0.0000000000000000000, 1.000000000000000000 ) ) ;
#7308 = AXIS2_PLACEMENT_3D ( 'NONE', #3749, #2904, #6170 ) ;
#7309 = CARTESIAN_POINT ( 'NONE',  ( -13.32957238623954800, -21.15000000000000600, 99.84951795962939500 ) ) ;
#7310 = DIRECTION ( 'NONE',  ( 8.173122824782951300E-015, 1.000000000000000000, 0.0000000000000000000 ) ) ;
#7311 = VERTEX_POINT ( 'NONE', #798 ) ;
#7312 = DIRECTION ( 'NONE',  ( 1.000000000000000000, 0.0000000000000000000, 0.0000000000000000000 ) ) ;
#7313 = VERTEX_POINT ( 'NONE', #5469 ) ;
#7314 = LINE ( 'NONE', #2328, #7204 ) ;
#7315 = UNCERTAINTY_MEASURE_WITH_UNIT (LENGTH_MEASURE( 1.000000000000000100E-005 ), #3613, 'distance_accuracy_value', 'NONE');
#7316 = DIRECTION ( 'NONE',  ( 1.000000000000000000, 0.0000000000000000000, 0.0000000000000000000 ) ) ;
#7317 = SURFACE_SIDE_STYLE ('',( #600 ) ) ;
#7318 = VERTEX_POINT ( 'NONE', #2373 ) ;
#7319 = FILL_AREA_STYLE ('',( #1860 ) ) ;
#7320 = EDGE_CURVE ( 'NONE', #7364, #2545, #6720, .T. ) ;
#7322 = COLOUR_RGB ( '',0.2509803921568627400, 0.2509803921568627400, 0.2509803921568627400 ) ;
#7321 = FILL_AREA_STYLE_COLOUR ( '', #1360 ) ;
#7323 = PRESENTATION_STYLE_ASSIGNMENT (( #7640 ) ) ;
#7324 = DIRECTION ( 'NONE',  ( -0.0000000000000000000, -0.0000000000000000000, 1.000000000000000000 ) ) ;
#7325 = AXIS2_PLACEMENT_3D ( 'NONE', #1437, #8101, #3387 ) ;
#7326 = EDGE_CURVE ( 'NONE', #10191, #1290, #8578, .T. ) ;
#7327 = DIRECTION ( 'NONE',  ( 1.000000000000000000, 0.0000000000000000000, 0.0000000000000000000 ) ) ;
#7328 = DIRECTION ( 'NONE',  ( -0.7071067811865475700, 0.7071067811865475700, 0.0000000000000000000 ) ) ;
#7329 = LINE ( 'NONE', #6104, #4228 ) ;
#7330 = ADVANCED_FACE ( 'NONE', ( #741 ), #6453, .F. ) ;
#7331 = DIRECTION ( 'NONE',  ( -0.0000000000000000000, -0.0000000000000000000, 1.000000000000000000 ) ) ;
#7332 = DIRECTION ( 'NONE',  ( 0.0000000000000000000, 0.0000000000000000000, 1.000000000000000000 ) ) ;
#7333 = ORIENTED_EDGE ( 'NONE', *, *, #9894, .F. ) ;
#7334 =( GEOMETRIC_REPRESENTATION_CONTEXT ( 3 ) GLOBAL_UNCERTAINTY_ASSIGNED_CONTEXT ( ( #934 ) ) GLOBAL_UNIT_ASSIGNED_CONTEXT ( ( #2581, #9649, #2503 ) ) REPRESENTATION_CONTEXT ( 'NONE', 'WORKASPACE' ) );
#7335 = DIRECTION ( 'NONE',  ( -0.0000000000000000000, -0.0000000000000000000, 1.000000000000000000 ) ) ;
#7336 = CARTESIAN_POINT ( 'NONE',  ( 0.0000000000000000000, 0.0000000000000000000, 0.5000000000000000000 ) ) ;
#7337 = EDGE_CURVE ( 'NONE', #8124, #7698, #3354, .T. ) ;
#7338 = EDGE_LOOP ( 'NONE', ( #7069, #6988 ) ) ;
#7339 = EDGE_CURVE ( 'NONE', #8565, #5917, #1712, .T. ) ;
#7340 = DIRECTION ( 'NONE',  ( -0.7071067811865460200, 0.7071067811865490200, 0.0000000000000000000 ) ) ;
#7341 = AXIS2_PLACEMENT_3D ( 'NONE', #9778, #6455, #1683 ) ;
#7342 = DIRECTION ( 'NONE',  ( 1.000000000000000000, 0.0000000000000000000, 0.0000000000000000000 ) ) ;
#7343 = CARTESIAN_POINT ( 'NONE',  ( 1.379851512413568000, -39.15000000000000600, 42.95165094913121400 ) ) ;
#7344 = FILL_AREA_STYLE ('',( #2483 ) ) ;
#7346 = DIRECTION ( 'NONE',  ( -0.7071067811865474600, 0.7071067811865474600, -0.0000000000000000000 ) ) ;
#7345 =( LENGTH_UNIT ( ) NAMED_UNIT ( * ) SI_UNIT ( .MILLI., .METRE. ) );
#7347 = VERTEX_POINT ( 'NONE', #10272 ) ;
#7348 =( GEOMETRIC_REPRESENTATION_CONTEXT ( 3 ) GLOBAL_UNCERTAINTY_ASSIGNED_CONTEXT ( ( #3740 ) ) GLOBAL_UNIT_ASSIGNED_CONTEXT ( ( #93, #6444, #9659 ) ) REPRESENTATION_CONTEXT ( 'NONE', 'WORKASPACE' ) );
#7349 = SURFACE_STYLE_USAGE ( .BOTH. , #6628 ) ;
#7350 = DIRECTION ( 'NONE',  ( -1.000000000000000000, 0.0000000000000000000, 0.0000000000000000000 ) ) ;
#7351 = CIRCLE ( 'NONE', #6861, 0.5000000000000006700 ) ;
#7352 = AXIS2_PLACEMENT_3D ( 'NONE', #9685, #3383, #3424 ) ;
#7353 = CARTESIAN_POINT ( 'NONE',  ( 15.50000000000102000, -15.49999999999983700, 47.50000000000000000 ) ) ;
#7354 = ORIENTED_EDGE ( 'NONE', *, *, #1607, .F. ) ;
#7355 = PRESENTATION_STYLE_ASSIGNMENT (( #2748 ) ) ;
#7356 = DIRECTION ( 'NONE',  ( 3.885970363620945200E-015, 1.000000000000000000, -0.0000000000000000000 ) ) ;
#7357 = VECTOR ( 'NONE', #5993, 1000.000000000000000 ) ;
#7358 = DIRECTION ( 'NONE',  ( -1.000000000000000000, 0.0000000000000000000, 0.0000000000000000000 ) ) ;
#7359 = DIRECTION ( 'NONE',  ( -0.0000000000000000000, 1.000000000000000000, -0.0000000000000000000 ) ) ;
#7360 = PLANE ( 'NONE',  #4559 ) ;
#7361 = ORIENTED_EDGE ( 'NONE', *, *, #1859, .F. ) ;
#7362 = DIRECTION ( 'NONE',  ( 1.000000000000000000, 0.0000000000000000000, 0.0000000000000000000 ) ) ;
#7363 = ORIENTED_EDGE ( 'NONE', *, *, #4534, .T. ) ;
#7364 = VERTEX_POINT ( 'NONE', #4689 ) ;
#7365 = STYLED_ITEM ( 'NONE', ( #7974 ), #1944 ) ;
#7366 = AXIS2_PLACEMENT_3D ( 'NONE', #324, #3596, #6727 ) ;
#7367 = CIRCLE ( 'NONE', #857, 15.50000000000000000 ) ;
#7368 = SPHERICAL_SURFACE ( 'NONE', #8707, 0.5000000000000000000 ) ;
#7369 = FACE_BOUND ( 'NONE', #9521, .T. ) ;
#7370 = DIRECTION ( 'NONE',  ( 1.000000000000000000, 0.0000000000000000000, 0.0000000000000000000 ) ) ;
#7371 = CARTESIAN_POINT ( 'NONE',  ( 2.799999999999999800, 0.0000000000000000000, 45.00000000000000000 ) ) ;
#7372 =( NAMED_UNIT ( * ) PLANE_ANGLE_UNIT ( ) SI_UNIT ( $, .RADIAN. ) );
#7373 = DIRECTION ( 'NONE',  ( -1.000000000000000000, 1.165791109086283400E-014, 0.0000000000000000000 ) ) ;
#7374 = ORIENTED_EDGE ( 'NONE', *, *, #4986, .F. ) ;
#7375 = DIRECTION ( 'NONE',  ( -0.0000000000000000000, -0.0000000000000000000, -1.000000000000000000 ) ) ;
#7376 = EDGE_LOOP ( 'NONE', ( #5138, #1827, #6923, #9260, #9565, #8642, #3191, #3682, #9419, #2798, #4782, #4040 ) ) ;
#7377 = ORIENTED_EDGE ( 'NONE', *, *, #3998, .F. ) ;
#7379 = SURFACE_SIDE_STYLE ('',( #6121 ) ) ;
#7378 = CARTESIAN_POINT ( 'NONE',  ( -21.00355339059326800, 17.29644660940670800, 38.00000000000000000 ) ) ;
#7380 = SURFACE_STYLE_FILL_AREA ( #225 ) ;
#7381 = ADVANCED_FACE ( 'NONE', ( #500 ), #6093, .F. ) ;
#7382 = MECHANICAL_DESIGN_GEOMETRIC_PRESENTATION_REPRESENTATION (  '', ( #2397 ), #6516 ) ;
#7383 = CARTESIAN_POINT ( 'NONE',  ( -21.14999999999999500, -16.94289321881344500, 38.00000000000000000 ) ) ;
#7384 = SURFACE_STYLE_FILL_AREA ( #7772 ) ;
#7385 = EDGE_CURVE ( 'NONE', #4902, #9383, #6223, .T. ) ;
#7386 = DIRECTION ( 'NONE',  ( 0.0000000000000000000, -0.0000000000000000000, -1.000000000000000000 ) ) ;
#7387 = EDGE_CURVE ( 'NONE', #5403, #7922, #3604, .T. ) ;
#7388 = ORIENTED_EDGE ( 'NONE', *, *, #7675, .T. ) ;
#7389 = DIRECTION ( 'NONE',  ( -1.000000000000000000, 0.0000000000000000000, 0.0000000000000000000 ) ) ;
#7390 = MECHANICAL_DESIGN_GEOMETRIC_PRESENTATION_REPRESENTATION (  '', ( #1530 ), #3671 ) ;
#7391 = VECTOR ( 'NONE', #7307, 1000.000000000000000 ) ;
#7392 = SURFACE_STYLE_USAGE ( .BOTH. , #7502 ) ;
#7393 = ORIENTED_EDGE ( 'NONE', *, *, #2844, .T. ) ;
#7394 = CARTESIAN_POINT ( 'NONE',  ( 16.94289321881345200, -20.65000000000000200, 0.0000000000000000000 ) ) ;
#7395 = ORIENTED_EDGE ( 'NONE', *, *, #862, .T. ) ;
#7396 = PRESENTATION_STYLE_ASSIGNMENT (( #1993 ) ) ;
#7397 = CARTESIAN_POINT ( 'NONE',  ( 15.49999999999983700, 15.50000000000016000, 47.50000000000000000 ) ) ;
#7398 = UNCERTAINTY_MEASURE_WITH_UNIT (LENGTH_MEASURE( 1.000000000000000100E-005 ), #4848, 'distance_accuracy_value', 'NONE');
#7399 = ORIENTED_EDGE ( 'NONE', *, *, #3862, .F. ) ;
#7400 = ORIENTED_EDGE ( 'NONE', *, *, #2012, .F. ) ;
#7401 = AXIS2_PLACEMENT_3D ( 'NONE', #5412, #6048, #2985 ) ;
#7402 = CIRCLE ( 'NONE', #7196, 2.299999999999999800 ) ;
#7403 = EDGE_LOOP ( 'NONE', ( #9455, #3398, #5883 ) ) ;
#7404 = CARTESIAN_POINT ( 'NONE',  ( 16.78307522795901400, -15.07550534522241900, 47.50000000000000000 ) ) ;
#7405 = ORIENTED_EDGE ( 'NONE', *, *, #8821, .T. ) ;
#7406 = SURFACE_STYLE_USAGE ( .BOTH. , #4893 ) ;
#7407 = ORIENTED_EDGE ( 'NONE', *, *, #7034, .F. ) ;
#7408 = EDGE_CURVE ( 'NONE', #2882, #3035, #6852, .T. ) ;
#7409 = EDGE_CURVE ( 'NONE', #846, #10230, #1479, .T. ) ;
#7410 = CYLINDRICAL_SURFACE ( 'NONE', #9321, 0.5000000000000004400 ) ;
#7411 = PLANE ( 'NONE',  #9437 ) ;
#7412 = DIRECTION ( 'NONE',  ( 0.0000000000000000000, 0.0000000000000000000, 1.000000000000000000 ) ) ;
#7413 = DIRECTION ( 'NONE',  ( -0.0000000000000000000, -0.0000000000000000000, -1.000000000000000000 ) ) ;
#7414 = AXIS2_PLACEMENT_3D ( 'NONE', #5491, #736, #6326 ) ;
#7415 = ORIENTED_EDGE ( 'NONE', *, *, #86, .F. ) ;
#7416 = CARTESIAN_POINT ( 'NONE',  ( -3.420868563588839200, -21.25000000000000700, 40.11033917074156100 ) ) ;
#7417 = DIRECTION ( 'NONE',  ( 0.7071067811865487900, 0.7071067811865463500, -0.0000000000000000000 ) ) ;
#7418 =( NAMED_UNIT ( * ) PLANE_ANGLE_UNIT ( ) SI_UNIT ( $, .RADIAN. ) );
#7419 = ORIENTED_EDGE ( 'NONE', *, *, #3469, .T. ) ;
#7420 = SURFACE_STYLE_USAGE ( .BOTH. , #1046 ) ;
#7421 = PLANE ( 'NONE',  #7534 ) ;
#7422 = DIRECTION ( 'NONE',  ( 0.0000000000000000000, 0.0000000000000000000, -1.000000000000000000 ) ) ;
#7423 = DIRECTION ( 'NONE',  ( 0.0000000000000000000, 0.0000000000000000000, -1.000000000000000000 ) ) ;
#7424 = CARTESIAN_POINT ( 'NONE',  ( -18.49999999999961600, -15.50000000000102100, 47.50000000000000000 ) ) ;
#7425 = STYLED_ITEM ( 'NONE', ( #2334 ), #5939 ) ;
#7426 = CONICAL_SURFACE ( 'NONE', #6876, 2.000000000000029300, 0.7853981633974391800 ) ;
#7428 = DIRECTION ( 'NONE',  ( -1.000000000000000000, 0.0000000000000000000, 0.0000000000000000000 ) ) ;
#7427 = DIRECTION ( 'NONE',  ( 0.0000000000000000000, 0.0000000000000000000, -1.000000000000000000 ) ) ;
#7429 = ORIENTED_EDGE ( 'NONE', *, *, #8483, .F. ) ;
#7430 = STYLED_ITEM ( 'NONE', ( #6272 ), #492 ) ;
#7431 = EDGE_CURVE ( 'NONE', #3204, #829, #6579, .T. ) ;
#7432 = CARTESIAN_POINT ( 'NONE',  ( 21.16000000000000000, 13.31369220013742300, 5.999999999999998200 ) ) ;
#7433 = CONICAL_SURFACE ( 'NONE', #8037, 1.249999999999999300, 1.029744258676653900 ) ;
#7434 = ORIENTED_EDGE ( 'NONE', *, *, #2293, .T. ) ;
#7435 = DIRECTION ( 'NONE',  ( 0.0000000000000000000, 0.0000000000000000000, -1.000000000000000000 ) ) ;
#7436 = VECTOR ( 'NONE', #9702, 1000.000000000000000 ) ;
#7437 = DIRECTION ( 'NONE',  ( -1.000000000000000000, 0.0000000000000000000, 0.0000000000000000000 ) ) ;
#7438 = CARTESIAN_POINT ( 'NONE',  ( 16.94289321881344200, -21.15000000000000200, 38.00000000000000000 ) ) ;
#7439 = ORIENTED_EDGE ( 'NONE', *, *, #6175, .F. ) ;
#7440 = ORIENTED_EDGE ( 'NONE', *, *, #7387, .T. ) ;
#7441 =( GEOMETRIC_REPRESENTATION_CONTEXT ( 3 ) GLOBAL_UNCERTAINTY_ASSIGNED_CONTEXT ( ( #1405 ) ) GLOBAL_UNIT_ASSIGNED_CONTEXT ( ( #8092, #996, #2500 ) ) REPRESENTATION_CONTEXT ( 'NONE', 'WORKASPACE' ) );
#7442 = ORIENTED_EDGE ( 'NONE', *, *, #8072, .F. ) ;
#7443 = FILL_AREA_STYLE_COLOUR ( '', #544 ) ;
#7444 = COLOUR_RGB ( '',0.0000000000000000000, 0.0000000000000000000, 0.0000000000000000000 ) ;
#7445 = ADVANCED_FACE ( 'NONE', ( #7592 ), #9348, .T. ) ;
#7446 = CARTESIAN_POINT ( 'NONE',  ( 15.05359323060813500, -15.07550534522241900, 46.50000000000000000 ) ) ;
#7447 = ORIENTED_EDGE ( 'NONE', *, *, #362, .F. ) ;
#7448 = DIRECTION ( 'NONE',  ( -1.000000000000000000, 1.244022139150247500E-014, 0.0000000000000000000 ) ) ;
#7449 = CARTESIAN_POINT ( 'NONE',  ( 16.94289321881344200, -20.65000000000000200, 38.00000000000000000 ) ) ;
#7450 = ORIENTED_EDGE ( 'NONE', *, *, #4350, .F. ) ;
#7451 = UNCERTAINTY_MEASURE_WITH_UNIT (LENGTH_MEASURE( 1.000000000000000100E-005 ), #2604, 'distance_accuracy_value', 'NONE');
#7452 = CARTESIAN_POINT ( 'NONE',  ( -2.486532817695816800, -21.25000000000000700, 40.95372187942375300 ) ) ;
#7453 = CARTESIAN_POINT ( 'NONE',  ( -20.64999999999999500, -16.94289321881344500, 47.50000000000000000 ) ) ;
#7454 = CARTESIAN_POINT ( 'NONE',  ( 21.14999999999999900, -13.32957238623955700, 38.00000000000000000 ) ) ;
#7455 = DIRECTION ( 'NONE',  ( 1.000000000000000000, 0.0000000000000000000, 0.0000000000000000000 ) ) ;
#7456 = AXIS2_PLACEMENT_3D ( 'NONE', #7607, #10278, #7101 ) ;
#7457 = SURFACE_SIDE_STYLE ('',( #7014 ) ) ;
#7458 = CARTESIAN_POINT ( 'NONE',  ( -16.80673604213998500, -15.05359323060806000, 47.49756013713617600 ) ) ;
#7459 = DIRECTION ( 'NONE',  ( 0.0000000000000000000, 0.0000000000000000000, 1.000000000000000000 ) ) ;
#7461 = DIRECTION ( 'NONE',  ( 1.000000000000000000, 0.0000000000000000000, 0.0000000000000000000 ) ) ;
#7460 = CARTESIAN_POINT ( 'NONE',  ( -16.80673604214023700, -15.94640676939191900, 47.49756013713619800 ) ) ;
#7462 = TOROIDAL_SURFACE ( 'NONE', #8450, 3.499999999999997300, 0.5000000000000000000 ) ;
#7463 = CARTESIAN_POINT ( 'NONE',  ( -13.32957238623954800, -21.15000000000000600, 40.00000000000000000 ) ) ;
#7464 = VECTOR ( 'NONE', #4353, 1000.000000000000000 ) ;
#7465 = DIRECTION ( 'NONE',  ( 0.0000000000000000000, 0.0000000000000000000, 1.000000000000000000 ) ) ;
#7466 = CARTESIAN_POINT ( 'NONE',  ( -15.07550534522247300, -16.78307522795895700, 46.50000000000000000 ) ) ;
#7467 = ADVANCED_FACE ( 'NONE', ( #5353 ), #856, .F. ) ;
#7468 = AXIS2_PLACEMENT_3D ( 'NONE', #5733, #9786, #1750 ) ;
#7469 = SHAPE_DEFINITION_REPRESENTATION ( #2384, #6248 ) ;
#7470 = VECTOR ( 'NONE', #4094, 1000.000000000000000 ) ;
#7471 = EDGE_CURVE ( 'NONE', #2257, #8152, #37, .T. ) ;
#7472 = EDGE_LOOP ( 'NONE', ( #1190, #1146, #7769, #6171 ) ) ;
#7473 = CARTESIAN_POINT ( 'NONE',  ( 13.32957238623955800, 21.14999999999999900, 99.84951795962939500 ) ) ;
#7474 = CARTESIAN_POINT ( 'NONE',  ( -15.92449465477579000, -14.27125906389369400, 47.50000000000000000 ) ) ;
#7475 = ORIENTED_EDGE ( 'NONE', *, *, #5422, .T. ) ;
#7476 = CARTESIAN_POINT ( 'NONE',  ( 21.00355339059327900, -17.29644660940674000, 8.000000000000000000 ) ) ;
#7477 = CARTESIAN_POINT ( 'NONE',  ( -11.00000000000000000, 1.347111479062088400E-015, -2.000000000000000000 ) ) ;
#7478 = CARTESIAN_POINT ( 'NONE',  ( -13.31369220013742800, 21.15999999999999700, 40.00000000000000000 ) ) ;
#7479 = LINE ( 'NONE', #5819, #1876 ) ;
#7480 = AXIS2_PLACEMENT_3D ( 'NONE', #5542, #10277, #716 ) ;
#7481 = CARTESIAN_POINT ( 'NONE',  ( 15.07550534522235500, 16.78307522795906000, 47.49867441544048300 ) ) ;
#7482 = AXIS2_PLACEMENT_3D ( 'NONE', #4504, #5314, #3639 ) ;
#7483 = EDGE_CURVE ( 'NONE', #709, #6070, #2621, .T. ) ;
#7484 = ORIENTED_EDGE ( 'NONE', *, *, #3473, .F. ) ;
#7485 = CARTESIAN_POINT ( 'NONE',  ( 0.0000000000000000000, 0.0000000000000000000, 7.999999999999992900 ) ) ;
#7486 = DIRECTION ( 'NONE',  ( 1.000000000000000000, -0.0000000000000000000, -0.0000000000000000000 ) ) ;
#7487 = EDGE_LOOP ( 'NONE', ( #7757, #1684, #8002, #7187, #45, #4778, #6689, #2921 ) ) ;
#7488 = CARTESIAN_POINT ( 'NONE',  ( -17.29644660940670400, 21.00355339059327900, 8.000000000000000000 ) ) ;
#7489 = CARTESIAN_POINT ( 'NONE',  ( -16.84930666606613400, -15.05359323060806000, 46.50000000000000000 ) ) ;
#7490 = CIRCLE ( 'NONE', #9526, 1.000000000000000900 ) ;
#7491 = SURFACE_SIDE_STYLE ('',( #372 ) ) ;
#7492 = VECTOR ( 'NONE', #9709, 1000.000000000000000 ) ;
#7494 = ADVANCED_FACE ( 'NONE', ( #3367 ), #925, .T. ) ;
#7493 = VECTOR ( 'NONE', #4304, 1000.000000000000000 ) ;
#7495 = CARTESIAN_POINT ( 'NONE',  ( 21.15000000000000200, 13.32957238623955100, 5.934847352626159800 ) ) ;
#7496 = DIRECTION ( 'NONE',  ( 0.0000000000000000000, 0.0000000000000000000, -1.000000000000000000 ) ) ;
#7497 = VERTEX_POINT ( 'NONE', #831 ) ;
#7498 = EDGE_LOOP ( 'NONE', ( #543, #4466, #2265, #56, #5907 ) ) ;
#7499 = CARTESIAN_POINT ( 'NONE',  ( -15.49999999999897900, -15.50000000000102100, 46.00000000000000000 ) ) ;
#7500 =( GEOMETRIC_REPRESENTATION_CONTEXT ( 3 ) GLOBAL_UNCERTAINTY_ASSIGNED_CONTEXT ( ( #8626 ) ) GLOBAL_UNIT_ASSIGNED_CONTEXT ( ( #8445, #6978, #7684 ) ) REPRESENTATION_CONTEXT ( 'NONE', 'WORKASPACE' ) );
#7501 = CARTESIAN_POINT ( 'NONE',  ( 15.92449465477571000, 16.78307522795905600, 46.50000000000000000 ) ) ;
#7502 = SURFACE_SIDE_STYLE ('',( #8447 ) ) ;
#7503 = ORIENTED_EDGE ( 'NONE', *, *, #8614, .F. ) ;
#7504 = SURFACE_SIDE_STYLE ('',( #5193 ) ) ;
#7505 = PRESENTATION_STYLE_ASSIGNMENT (( #2654 ) ) ;
#7506 = CARTESIAN_POINT ( 'NONE',  ( 2.799999999999999800, 0.0000000000000000000, 46.00000000000000000 ) ) ;
#7507 = EDGE_LOOP ( 'NONE', ( #7407, #8266 ) ) ;
#7508 = ORIENTED_EDGE ( 'NONE', *, *, #3260, .F. ) ;
#7509 = ORIENTED_EDGE ( 'NONE', *, *, #6175, .T. ) ;
#7510 = CARTESIAN_POINT ( 'NONE',  ( -14.15069333393214100, -15.94640676939194500, 46.50000000000000000 ) ) ;
#7511 = DIRECTION ( 'NONE',  ( -1.000000000000000000, 0.0000000000000000000, 0.0000000000000000000 ) ) ;
#7512 = SURFACE_SIDE_STYLE ('',( #7833 ) ) ;
#7513 = CARTESIAN_POINT ( 'NONE',  ( 20.64999999999999900, 16.94289321881344500, 0.5000000000000000000 ) ) ;
#7514 =( NAMED_UNIT ( * ) SI_UNIT ( $, .STERADIAN. ) SOLID_ANGLE_UNIT ( ) );
#7515 = STYLED_ITEM ( 'NONE', ( #4103 ), #1994 ) ;
#7516 = AXIS2_PLACEMENT_3D ( 'NONE', #9163, #4386, #503 ) ;
#7517 = ORIENTED_EDGE ( 'NONE', *, *, #9361, .F. ) ;
#7518 = ORIENTED_EDGE ( 'NONE', *, *, #1720, .T. ) ;
#7519 = TOROIDAL_SURFACE ( 'NONE', #5474, 3.500000000000638600, 0.5000000000000000000 ) ;
#7520 = ADVANCED_FACE ( 'NONE', ( #7094 ), #5099, .T. ) ;
#7521 = CARTESIAN_POINT ( 'NONE',  ( -20.64999999999999500, 16.94289321881343800, 47.50000000000000000 ) ) ;
#7522 = CONICAL_SURFACE ( 'NONE', #3543, 1.249999999999997600, 1.029744258676653200 ) ;
#7523 = DIRECTION ( 'NONE',  ( 1.000000000000000000, 0.0000000000000000000, 0.0000000000000000000 ) ) ;
#7524 =( NAMED_UNIT ( * ) PLANE_ANGLE_UNIT ( ) SI_UNIT ( $, .RADIAN. ) );
#7525 = VERTEX_POINT ( 'NONE', #1713 ) ;
#7526 = CARTESIAN_POINT ( 'NONE',  ( 16.94289321881342000, 20.64999999999999900, 38.00000000000000000 ) ) ;
#7527 = UNCERTAINTY_MEASURE_WITH_UNIT (LENGTH_MEASURE( 1.000000000000000100E-005 ), #5890, 'distance_accuracy_value', 'NONE');
#7529 = CARTESIAN_POINT ( 'NONE',  ( -15.05359323060823400, 15.92449465477564100, 46.50000000000000000 ) ) ;
#7528 = SURFACE_STYLE_USAGE ( .BOTH. , #191 ) ;
#7530 = EDGE_LOOP ( 'NONE', ( #9029, #3471, #2810 ) ) ;
#7531 = EDGE_CURVE ( 'NONE', #1044, #572, #5479, .T. ) ;
#7532 = ORIENTED_EDGE ( 'NONE', *, *, #4714, .T. ) ;
#7533 = ORIENTED_EDGE ( 'NONE', *, *, #212, .T. ) ;
#7534 = AXIS2_PLACEMENT_3D ( 'NONE', #1084, #5746, #1701 ) ;
#7535 = DIRECTION ( 'NONE',  ( 0.7071067811865474600, -0.7071067811865474600, -0.0000000000000000000 ) ) ;
#7536 = CARTESIAN_POINT ( 'NONE',  ( -13.20000000000016400, 15.49999999999897500, 46.50000000000000000 ) ) ;
#7537 = CARTESIAN_POINT ( 'NONE',  ( -14.21692477204121700, 15.07550534522231100, 46.50000000000000000 ) ) ;
#7538 = EDGE_CURVE ( 'NONE', #7066, #8139, #9718, .T. ) ;
#7539 = ORIENTED_EDGE ( 'NONE', *, *, #4435, .F. ) ;
#7540 = DIRECTION ( 'NONE',  ( -0.7071067811865411300, 8.659560562354854000E-017, 0.7071067811865539000 ) ) ;
#7541 =( GEOMETRIC_REPRESENTATION_CONTEXT ( 3 ) GLOBAL_UNCERTAINTY_ASSIGNED_CONTEXT ( ( #4141 ) ) GLOBAL_UNIT_ASSIGNED_CONTEXT ( ( #7205, #2442, #3181 ) ) REPRESENTATION_CONTEXT ( 'NONE', 'WORKASPACE' ) );
#7542 = CARTESIAN_POINT ( 'NONE',  ( -15.70908840092238800, -16.78307522795895300, 47.50000000000000000 ) ) ;
#7543 = CARTESIAN_POINT ( 'NONE',  ( 14.21692477204111100, -15.92449465477574600, 47.49867441544045500 ) ) ;
#7544 = PRESENTATION_STYLE_ASSIGNMENT (( #7289 ) ) ;
#7545 = ORIENTED_EDGE ( 'NONE', *, *, #2275, .T. ) ;
#7546 = ORIENTED_EDGE ( 'NONE', *, *, #4727, .T. ) ;
#7547 = CARTESIAN_POINT ( 'NONE',  ( 13.32957238623955100, -21.15000000000000600, 5.999999999999998200 ) ) ;
#7548 = MANIFOLD_SOLID_BREP ( 'ÇÐ³ý-À­Éì12', #9914 ) ;
#7549 = VECTOR ( 'NONE', #6319, 1000.000000000000000 ) ;
#7550 = VECTOR ( 'NONE', #476, 1000.000000000000000 ) ;
#7551 = ORIENTED_EDGE ( 'NONE', *, *, #4119, .F. ) ;
#7552 = CARTESIAN_POINT ( 'NONE',  ( -13.32957238623954800, -21.15000000000000600, 38.00000000000000000 ) ) ;
#7553 = AXIS2_PLACEMENT_3D ( 'NONE', #3294, #3254, #905 ) ;
#7554 = CARTESIAN_POINT ( 'NONE',  ( 0.0000000000000000000, 0.0000000000000000000, 5.999999999999998200 ) ) ;
#7555 = ADVANCED_FACE ( 'NONE', ( #2131 ), #77, .T. ) ;
#7556 = EDGE_CURVE ( 'NONE', #6914, #8418, #3125, .T. ) ;
#7557 = EDGE_CURVE ( 'NONE', #9250, #8777, #6592, .T. ) ;
#7558 = CARTESIAN_POINT ( 'NONE',  ( -1.500000000000000200, 2.000000000000000000, -24.00000000000000000 ) ) ;
#7559 = ORIENTED_EDGE ( 'NONE', *, *, #8249, .F. ) ;
#7560 = DIRECTION ( 'NONE',  ( 7.503031772074197400E-015, 1.000000000000000000, 0.0000000000000000000 ) ) ;
#7561 = STYLED_ITEM ( 'NONE', ( #8594 ), #6248 ) ;
#7562 = VECTOR ( 'NONE', #3536, 1000.000000000000000 ) ;
#7563 = DIRECTION ( 'NONE',  ( -0.0000000000000000000, -0.0000000000000000000, 1.000000000000000000 ) ) ;
#7564 = EDGE_LOOP ( 'NONE', ( #7060, #3586 ) ) ;
#7565 = B_SPLINE_CURVE_WITH_KNOTS ( 'NONE', 3,
 ( #435, #4322, #6764, #4360 ),
 .UNSPECIFIED., .F., .F.,
 ( 4, 4 ),
 ( 0.0000000000000000000, 0.0001285675718480742400 ),
 .UNSPECIFIED. ) ;
#7566 = CARTESIAN_POINT ( 'NONE',  ( -2.000000000000029300, 0.0000000000000000000, 46.00000000000000000 ) ) ;
#7567 = DIRECTION ( 'NONE',  ( -0.0000000000000000000, -0.0000000000000000000, -1.000000000000000000 ) ) ;
#7568 = SURFACE_STYLE_USAGE ( .BOTH. , #9086 ) ;
#7569 = CARTESIAN_POINT ( 'NONE',  ( 14.21692477204111100, -15.92449465477574600, 46.50000000000000000 ) ) ;
#7570 = EDGE_LOOP ( 'NONE', ( #3909, #3343, #1779 ) ) ;
#7571 = FILL_AREA_STYLE_COLOUR ( '', #1508 ) ;
#7573 = DIRECTION ( 'NONE',  ( -0.7071067811865489100, -0.7071067811865462400, -0.0000000000000000000 ) ) ;
#7572 = CARTESIAN_POINT ( 'NONE',  ( 0.0000000000000000000, 0.0000000000000000000, -53.84951795962939500 ) ) ;
#7574 = SURFACE_STYLE_FILL_AREA ( #8227 ) ;
#7575 = EDGE_CURVE ( 'NONE', #2216, #9174, #2495, .T. ) ;
#7576 = CARTESIAN_POINT ( 'NONE',  ( -20.64999999999999500, -16.94289321881343500, 48.00000000000000000 ) ) ;
#7577 = EDGE_LOOP ( 'NONE', ( #4757, #9043, #4886 ) ) ;
#7578 = DIRECTION ( 'NONE',  ( -0.0000000000000000000, -0.0000000000000000000, -1.000000000000000000 ) ) ;
#7579 = ORIENTED_EDGE ( 'NONE', *, *, #3667, .T. ) ;
#7580 = CARTESIAN_POINT ( 'NONE',  ( -15.50000000000016500, 15.49999999999897500, 47.50000000000000000 ) ) ;
#7581 = ORIENTED_EDGE ( 'NONE', *, *, #9874, .F. ) ;
#7582 = CARTESIAN_POINT ( 'NONE',  ( -16.94289321881343500, -20.65000000000000600, 38.00000000000000000 ) ) ;
#7583 = VECTOR ( 'NONE', #9484, 1000.000000000000000 ) ;
#7584 = DIRECTION ( 'NONE',  ( 0.0000000000000000000, 0.0000000000000000000, 1.000000000000000000 ) ) ;
#7585 = ADVANCED_FACE ( 'NONE', ( #1856 ), #8196, .F. ) ;
#7586 = STYLED_ITEM ( 'NONE', ( #5123 ), #1734 ) ;
#7587 = MECHANICAL_DESIGN_GEOMETRIC_PRESENTATION_REPRESENTATION (  '', ( #1511 ), #310 ) ;
#7588 = ORIENTED_EDGE ( 'NONE', *, *, #2843, .F. ) ;
#7589 = UNCERTAINTY_MEASURE_WITH_UNIT (LENGTH_MEASURE( 1.000000000000000100E-005 ), #3970, 'distance_accuracy_value', 'NONE');
#7590 = FILL_AREA_STYLE_COLOUR ( '', #8490 ) ;
#7591 = CARTESIAN_POINT ( 'NONE',  ( 15.50000000000010500, -15.49999999999989200, 4.500000000000000900 ) ) ;
#7592 = FACE_OUTER_BOUND ( 'NONE', #6177, .T. ) ;
#7593 = VECTOR ( 'NONE', #1396, 1000.000000000000000 ) ;
#7594 = VECTOR ( 'NONE', #4315, 1000.000000000000000 ) ;
#7595 = DIRECTION ( 'NONE',  ( 0.7423134210256074900, 0.0000000000000000000, -0.6700528225186872500 ) ) ;
#7596 = CARTESIAN_POINT ( 'NONE',  ( -15.49999999999994300, -15.50000000000005000, 4.500000000000000900 ) ) ;
#7597 = CARTESIAN_POINT ( 'NONE',  ( 15.49999999999983700, 15.50000000000016000, 46.50000000000000000 ) ) ;
#7598 = SURFACE_STYLE_USAGE ( .BOTH. , #6844 ) ;
#7599 = VECTOR ( 'NONE', #6787, 1000.000000000000000 ) ;
#7600 = CIRCLE ( 'NONE', #4725, 1.000000000000000900 ) ;
#7601 = CARTESIAN_POINT ( 'NONE',  ( 13.32957238623955100, -21.15000000000000600, 38.00000000000000000 ) ) ;
#7602 = CARTESIAN_POINT ( 'NONE',  ( -15.07550534522246900, -15.05359323060807800, 46.50000000000000000 ) ) ;
#7603 = AXIS2_PLACEMENT_3D ( 'NONE', #512, #3727, #10050 ) ;
#7604 = DIRECTION ( 'NONE',  ( -0.0000000000000000000, -0.0000000000000000000, -1.000000000000000000 ) ) ;
#7605 = CARTESIAN_POINT ( 'NONE',  ( -2.799999999999999800, 3.429011037612588800E-016, 45.00000000000000000 ) ) ;
#7607 = CARTESIAN_POINT ( 'NONE',  ( -15.50000000000016500, 15.49999999999897500, 47.50000000000000000 ) ) ;
#7606 = CARTESIAN_POINT ( 'NONE',  ( -15.05359323060823600, 15.07550534522231100, 46.50000000000000000 ) ) ;
#7608 = ORIENTED_EDGE ( 'NONE', *, *, #5695, .T. ) ;
#7609 = AXIS2_PLACEMENT_3D ( 'NONE', #5618, #9595, #2388 ) ;
#7610 = ADVANCED_FACE ( 'NONE', ( #5231 ), #389, .T. ) ;
#7611 = DIRECTION ( 'NONE',  ( 1.000000000000000000, 0.0000000000000000000, 0.0000000000000000000 ) ) ;
#7612 = CARTESIAN_POINT ( 'NONE',  ( -14.21692477204121700, 15.07550534522231100, 46.50000000000000000 ) ) ;
#7613 = ORIENTED_EDGE ( 'NONE', *, *, #359, .F. ) ;
#7614 = FILL_AREA_STYLE_COLOUR ( '', #8163 ) ;
#7615 = DIRECTION ( 'NONE',  ( -1.000000000000000000, 3.751515886037098700E-015, 0.0000000000000000000 ) ) ;
#7616 = CARTESIAN_POINT ( 'NONE',  ( 0.0000000000000000000, 0.0000000000000000000, 40.00000000000000000 ) ) ;
#7617 = ORIENTED_EDGE ( 'NONE', *, *, #2274, .T. ) ;
#7618 = EDGE_CURVE ( 'NONE', #9680, #4671, #2868, .T. ) ;
#7619 = EDGE_LOOP ( 'NONE', ( #948, #3156, #8937 ) ) ;
#7620 = EDGE_CURVE ( 'NONE', #8152, #7774, #9643, .T. ) ;
#7621 = LINE ( 'NONE', #9243, #1000 ) ;
#7622 = MECHANICAL_DESIGN_GEOMETRIC_PRESENTATION_REPRESENTATION (  '', ( #2157 ), #8134 ) ;
#7623 = DIRECTION ( 'NONE',  ( 0.0000000000000000000, -1.000000000000000000, 0.0000000000000000000 ) ) ;
#7624 = CYLINDRICAL_SURFACE ( 'NONE', #6111, 2.299999999999999800 ) ;
#7625 = SURFACE_SIDE_STYLE ('',( #9221 ) ) ;
#7626 = SURFACE_SIDE_STYLE ('',( #9126 ) ) ;
#7627 = ORIENTED_EDGE ( 'NONE', *, *, #746, .T. ) ;
#7628 = STYLED_ITEM ( 'NONE', ( #1685 ), #5988 ) ;
#7629 = DIRECTION ( 'NONE',  ( 1.000000000000000000, 0.0000000000000000000, 0.0000000000000000000 ) ) ;
#7630 = ADVANCED_FACE ( 'NONE', ( #6338 ), #8948, .T. ) ;
#7631 = EDGE_CURVE ( 'NONE', #4751, #7055, #10319, .T. ) ;
#7632 = PRESENTATION_STYLE_ASSIGNMENT (( #7194 ) ) ;
#7633 = EDGE_CURVE ( 'NONE', #1793, #9888, #2481, .T. ) ;
#7634 = FILL_AREA_STYLE_COLOUR ( '', #431 ) ;
#7635 = PLANE ( 'NONE',  #4401 ) ;
#7636 = ORIENTED_EDGE ( 'NONE', *, *, #5490, .F. ) ;
#7637 = ORIENTED_EDGE ( 'NONE', *, *, #9238, .T. ) ;
#7638 = VERTEX_POINT ( 'NONE', #2067 ) ;
#7639 = LINE ( 'NONE', #3892, #6771 ) ;
#7641 =( NAMED_UNIT ( * ) SI_UNIT ( $, .STERADIAN. ) SOLID_ANGLE_UNIT ( ) );
#7640 = SURFACE_STYLE_USAGE ( .BOTH. , #2084 ) ;
#7642 =( NAMED_UNIT ( * ) PLANE_ANGLE_UNIT ( ) SI_UNIT ( $, .RADIAN. ) );
#7643 = VECTOR ( 'NONE', #7906, 1000.000000000000000 ) ;
#7644 = VERTEX_POINT ( 'NONE', #9234 ) ;
#7645 = ORIENTED_EDGE ( 'NONE', *, *, #221, .F. ) ;
#7646 = FILL_AREA_STYLE_COLOUR ( '', #7216 ) ;
#7647 = EDGE_LOOP ( 'NONE', ( #4436, #3299 ) ) ;
#7648 = AXIS2_PLACEMENT_3D ( 'NONE', #569, #9405, #2996 ) ;
#7649 = AXIS2_PLACEMENT_3D ( 'NONE', #10175, #3825, #7041 ) ;
#7650 = VECTOR ( 'NONE', #6698, 1000.000000000000000 ) ;
#7651 = CARTESIAN_POINT ( 'NONE',  ( 15.05359323060814000, -14.15069333393208400, 47.49262389544714600 ) ) ;
#7652 = FACE_BOUND ( 'NONE', #6895, .T. ) ;
#7653 = COLOUR_RGB ( '',0.2509803921568627400, 0.2509803921568627400, 0.2509803921568627400 ) ;
#7654 = ORIENTED_EDGE ( 'NONE', *, *, #2605, .T. ) ;
#7655 = DIRECTION ( 'NONE',  ( 1.224646799147353200E-016, 1.000000000000000000, -0.0000000000000000000 ) ) ;
#7656 = ORIENTED_EDGE ( 'NONE', *, *, #4688, .T. ) ;
#7657 = ADVANCED_FACE ( 'NONE', ( #10088 ), #3587, .F. ) ;
#7658 = ORIENTED_EDGE ( 'NONE', *, *, #1480, .F. ) ;
#7659 = VECTOR ( 'NONE', #6802, 1000.000000000000000 ) ;
#7660 = DIRECTION ( 'NONE',  ( 1.000000000000000000, 0.0000000000000000000, 0.0000000000000000000 ) ) ;
#7661 = FILL_AREA_STYLE ('',( #4492 ) ) ;
#7662 = PRESENTATION_LAYER_ASSIGNMENT (  '', '', ( #898 ) ) ;
#7663 = LINE ( 'NONE', #6833, #450 ) ;
#7664 = ORIENTED_EDGE ( 'NONE', *, *, #7556, .F. ) ;
#7665 = DIRECTION ( 'NONE',  ( -1.000000000000000000, 0.0000000000000000000, 0.0000000000000000000 ) ) ;
#7666 = ORIENTED_EDGE ( 'NONE', *, *, #3541, .T. ) ;
#7667 = EDGE_LOOP ( 'NONE', ( #7931, #1378, #9039, #8482, #3045, #2103, #3738, #8528, #5073, #6793, #9795, #300 ) ) ;
#7668 = ORIENTED_EDGE ( 'NONE', *, *, #1353, .T. ) ;
#7669 = DIRECTION ( 'NONE',  ( -0.0000000000000000000, 1.000000000000000000, -0.0000000000000000000 ) ) ;
#7670 = DIRECTION ( 'NONE',  ( -1.000000000000000000, -6.220110695751237700E-015, 0.0000000000000000000 ) ) ;
#7671 = CARTESIAN_POINT ( 'NONE',  ( 0.0000000000000000000, -21.25000000000000700, 40.95372187942375300 ) ) ;
#7673 = CARTESIAN_POINT ( 'NONE',  ( -15.07550534522247300, -16.74685775593399500, 47.50000000000000000 ) ) ;
#7672 = DIRECTION ( 'NONE',  ( -0.0000000000000000000, -0.0000000000000000000, -1.000000000000000000 ) ) ;
#7674 = ORIENTED_EDGE ( 'NONE', *, *, #3075, .T. ) ;
#7675 = EDGE_CURVE ( 'NONE', #7774, #5502, #2613, .T. ) ;
#7676 = AXIS2_PLACEMENT_3D ( 'NONE', #8200, #6533, #7327 ) ;
#7677 = DIRECTION ( 'NONE',  ( 3.751515886037091600E-015, 1.000000000000000000, 0.0000000000000000000 ) ) ;
#7678 = VECTOR ( 'NONE', #240, 1000.000000000000100 ) ;
#7679 =( LENGTH_UNIT ( ) NAMED_UNIT ( * ) SI_UNIT ( .MILLI., .METRE. ) );
#7680 = ORIENTED_EDGE ( 'NONE', *, *, #4018, .T. ) ;
#7681 = EDGE_CURVE ( 'NONE', #316, #7299, #3356, .T. ) ;
#7682 = STYLED_ITEM ( 'NONE', ( #2818 ), #9283 ) ;
#7683 = FACE_OUTER_BOUND ( 'NONE', #3619, .T. ) ;
#7684 =( NAMED_UNIT ( * ) SI_UNIT ( $, .STERADIAN. ) SOLID_ANGLE_UNIT ( ) );
#7685 = EDGE_CURVE ( 'NONE', #1008, #8892, #6456, .T. ) ;
#7686 = DIRECTION ( 'NONE',  ( -0.0000000000000000000, -0.0000000000000000000, 1.000000000000000000 ) ) ;
#7687 = ORIENTED_EDGE ( 'NONE', *, *, #8149, .F. ) ;
#7688 = ADVANCED_FACE ( 'NONE', ( #5978 ), #3720, .T. ) ;
#7689 = PRESENTATION_STYLE_ASSIGNMENT (( #4055 ) ) ;
#7690 = VERTEX_POINT ( 'NONE', #6098 ) ;
#7691 = AXIS2_PLACEMENT_3D ( 'NONE', #9588, #1574, #7100 ) ;
#7692 = VECTOR ( 'NONE', #7686, 1000.000000000000000 ) ;
#7693 = DIRECTION ( 'NONE',  ( 8.202002250481356300E-017, -1.000000000000000000, 0.0000000000000000000 ) ) ;
#7694 = EDGE_CURVE ( 'NONE', #768, #6090, #6225, .T. ) ;
#7695 = EDGE_CURVE ( 'NONE', #473, #10248, #1986, .T. ) ;
#7696 = ORIENTED_EDGE ( 'NONE', *, *, #7077, .T. ) ;
#7697 =( LENGTH_UNIT ( ) NAMED_UNIT ( * ) SI_UNIT ( .MILLI., .METRE. ) );
#7698 = VERTEX_POINT ( 'NONE', #10071 ) ;
#7699 = VERTEX_POINT ( 'NONE', #5292 ) ;
#7700 = VECTOR ( 'NONE', #3612, 1000.000000000000000 ) ;
#7701 = DIRECTION ( 'NONE',  ( -1.000000000000000000, 0.0000000000000000000, 0.0000000000000000000 ) ) ;
#7702 = DIRECTION ( 'NONE',  ( 1.000000000000000000, 0.0000000000000000000, 0.0000000000000000000 ) ) ;
#7703 = VERTEX_POINT ( 'NONE', #2200 ) ;
#7704 = CARTESIAN_POINT ( 'NONE',  ( 12.50000000000124000, -15.49999999999983700, 47.50000000000000000 ) ) ;
#7705 = AXIS2_PLACEMENT_3D ( 'NONE', #1585, #3199, #3130 ) ;
#7706 = ORIENTED_EDGE ( 'NONE', *, *, #4860, .T. ) ;
#7708 = DIRECTION ( 'NONE',  ( 0.6766252893427929800, 0.0000000000000000000, 0.7363275207553916500 ) ) ;
#7707 = CARTESIAN_POINT ( 'NONE',  ( 15.50000000000102000, -15.49999999999983700, 47.50000000000000000 ) ) ;
#7709 =( GEOMETRIC_REPRESENTATION_CONTEXT ( 3 ) GLOBAL_UNCERTAINTY_ASSIGNED_CONTEXT ( ( #2746 ) ) GLOBAL_UNIT_ASSIGNED_CONTEXT ( ( #2482, #4002, #1634 ) ) REPRESENTATION_CONTEXT ( 'NONE', 'WORKASPACE' ) );
#7710 = VECTOR ( 'NONE', #1916, 1000.000000000000000 ) ;
#7711 = FACE_OUTER_BOUND ( 'NONE', #7376, .T. ) ;
#7712 = ADVANCED_FACE ( 'NONE', ( #5222 ), #502, .T. ) ;
#7713 = DIRECTION ( 'NONE',  ( 1.000000000000000000, 0.0000000000000000000, 0.0000000000000000000 ) ) ;
#7714 = FACE_OUTER_BOUND ( 'NONE', #6531, .T. ) ;
#7715 = CARTESIAN_POINT ( 'NONE',  ( 17.14999999999999900, -21.15000000000000200, 0.5000000000000004400 ) ) ;
#7716 = CARTESIAN_POINT ( 'NONE',  ( 15.07550534522236400, 15.94640676939203900, 46.50000000000000000 ) ) ;
#7717 = CARTESIAN_POINT ( 'NONE',  ( 18.79644660940664700, 18.79644660940677500, 47.50000000000000000 ) ) ;
#7718 = LINE ( 'NONE', #3563, #5477 ) ;
#7719 = VECTOR ( 'NONE', #6588, 1000.000000000000000 ) ;
#7720 = PRESENTATION_STYLE_ASSIGNMENT (( #1105 ) ) ;
#7721 = AXIS2_PLACEMENT_3D ( 'NONE', #3949, #8665, #828 ) ;
#7722 = AXIS2_PLACEMENT_3D ( 'NONE', #128, #3261, #2609 ) ;
#7724 = LINE ( 'NONE', #8966, #8475 ) ;
#7723 = CARTESIAN_POINT ( 'NONE',  ( 0.0000000000000000000, 0.0000000000000000000, 0.5000000000000000000 ) ) ;
#7725 = UNCERTAINTY_MEASURE_WITH_UNIT (LENGTH_MEASURE( 1.000000000000000100E-005 ), #9381, 'distance_accuracy_value', 'NONE');
#7726 = EDGE_CURVE ( 'NONE', #10058, #2901, #10206, .T. ) ;
#7727 = CARTESIAN_POINT ( 'NONE',  ( 15.50000000000010500, -15.49999999999989200, -2.266821225221747900E-017 ) ) ;
#7728 =( GEOMETRIC_REPRESENTATION_CONTEXT ( 3 ) GLOBAL_UNCERTAINTY_ASSIGNED_CONTEXT ( ( #8670 ) ) GLOBAL_UNIT_ASSIGNED_CONTEXT ( ( #10056, #8473, #2088 ) ) REPRESENTATION_CONTEXT ( 'NONE', 'WORKASPACE' ) );
#7729 = ORIENTED_EDGE ( 'NONE', *, *, #8342, .F. ) ;
#7730 = CARTESIAN_POINT ( 'NONE',  ( 16.84930666606603500, 15.50000000000016200, 47.49878368663161900 ) ) ;
#7732 = EDGE_CURVE ( 'NONE', #2893, #4942, #1747, .T. ) ;
#7731 = DIRECTION ( 'NONE',  ( 1.000000000000000000, 0.0000000000000000000, 0.0000000000000000000 ) ) ;
#7733 = EDGE_CURVE ( 'NONE', #10058, #5048, #4084, .T. ) ;
#7734 = AXIS2_PLACEMENT_3D ( 'NONE', #10187, #3834, #3805 ) ;
#7735 = LINE ( 'NONE', #1503, #7968 ) ;
#7736 = CARTESIAN_POINT ( 'NONE',  ( -17.79999999999897800, -15.50000000000102100, 46.50000000000000000 ) ) ;
#7737 =( NAMED_UNIT ( * ) PLANE_ANGLE_UNIT ( ) SI_UNIT ( $, .RADIAN. ) );
#7738 = ORIENTED_EDGE ( 'NONE', *, *, #4933, .T. ) ;
#7739 = VECTOR ( 'NONE', #1899, 1000.000000000000000 ) ;
#7740 = ORIENTED_EDGE ( 'NONE', *, *, #2947, .F. ) ;
#7741 = CARTESIAN_POINT ( 'NONE',  ( 15.07550534522235900, 14.23501994154201400, 47.49955985394394300 ) ) ;
#7742 = DIRECTION ( 'NONE',  ( 0.0000000000000000000, 0.0000000000000000000, -1.000000000000000000 ) ) ;
#7743 = CARTESIAN_POINT ( 'NONE',  ( 21.14999999999999900, 16.94289321881344500, 48.00000000000000000 ) ) ;
#7744 = PRESENTATION_LAYER_ASSIGNMENT (  '', '', ( #1478 ) ) ;
#7745 = COLOUR_RGB ( '',0.2509803921568627400, 0.2509803921568627400, 0.2509803921568627400 ) ;
#7746 = EDGE_CURVE ( 'NONE', #8997, #5533, #9710, .T. ) ;
#7747 = EDGE_CURVE ( 'NONE', #5790, #2300, #7827, .T. ) ;
#7748 = VERTEX_POINT ( 'NONE', #6962 ) ;
#7749 = ORIENTED_EDGE ( 'NONE', *, *, #7746, .T. ) ;
#7750 = PRESENTATION_STYLE_ASSIGNMENT (( #5647 ) ) ;
#7751 = ADVANCED_FACE ( 'NONE', ( #6581 ), #6960, .T. ) ;
#7752 = CARTESIAN_POINT ( 'NONE',  ( -21.66084925377253600, -21.25000000000000700, 23.57210065851715100 ) ) ;
#7753 = CARTESIAN_POINT ( 'NONE',  ( 15.92449465477571000, 16.78307522795905600, 47.50000000000000000 ) ) ;
#7754 = VERTEX_POINT ( 'NONE', #9538 ) ;
#7755 = VERTEX_POINT ( 'NONE', #4741 ) ;
#7756 = PRESENTATION_LAYER_ASSIGNMENT (  '', '', ( #4737 ) ) ;
#7757 = ORIENTED_EDGE ( 'NONE', *, *, #7088, .F. ) ;
#7758 = VECTOR ( 'NONE', #5438, 1000.000000000000000 ) ;
#7759 = DIRECTION ( 'NONE',  ( -0.0000000000000000000, -0.0000000000000000000, 1.000000000000000000 ) ) ;
#7760 = B_SPLINE_CURVE_WITH_KNOTS ( 'NONE', 3,
 ( #2309, #6240, #3898, #1433 ),
 .UNSPECIFIED., .F., .F.,
 ( 4, 4 ),
 ( 0.0000000000000000000, 0.0001285675718489003200 ),
 .UNSPECIFIED. ) ;
#7761 = EDGE_CURVE ( 'NONE', #3103, #4325, #6363, .T. ) ;
#7762 = CARTESIAN_POINT ( 'NONE',  ( 0.0000000000000000000, 0.0000000000000000000, 40.00000000000000000 ) ) ;
#7763 =( LENGTH_UNIT ( ) NAMED_UNIT ( * ) SI_UNIT ( .MILLI., .METRE. ) );
#7764 = LINE ( 'NONE', #6364, #2666 ) ;
#7765 = CARTESIAN_POINT ( 'NONE',  ( -16.78307522795911300, 15.92449465477565200, 46.50000000000000000 ) ) ;
#7766 = LINE ( 'NONE', #3962, #6777 ) ;
#7767 = SURFACE_SIDE_STYLE ('',( #4498 ) ) ;
#7768 = FILL_AREA_STYLE_COLOUR ( '', #3741 ) ;
#7769 = ORIENTED_EDGE ( 'NONE', *, *, #2398, .T. ) ;
#7770 = VECTOR ( 'NONE', #5197, 1000.000000000000000 ) ;
#7771 = DIRECTION ( 'NONE',  ( -1.000000000000000000, 0.0000000000000000000, 0.0000000000000000000 ) ) ;
#7772 = FILL_AREA_STYLE ('',( #10214 ) ) ;
#7773 = VECTOR ( 'NONE', #8552, 1000.000000000000000 ) ;
#7774 = VERTEX_POINT ( 'NONE', #4781 ) ;
#7775 = MECHANICAL_DESIGN_GEOMETRIC_PRESENTATION_REPRESENTATION (  '', ( #5842 ), #5649 ) ;
#7776 = STYLED_ITEM ( 'NONE', ( #8332 ), #7229 ) ;
#7777 = CARTESIAN_POINT ( 'NONE',  ( 15.07550534522235500, 16.78307522795906000, 46.50000000000000000 ) ) ;
#7778 = FILL_AREA_STYLE ('',( #1512 ) ) ;
#7779 = EDGE_LOOP ( 'NONE', ( #1030, #6948, #7429 ) ) ;
#7780 = DIRECTION ( 'NONE',  ( -0.0000000000000000000, -0.0000000000000000000, -1.000000000000000000 ) ) ;
#7781 = COLOUR_RGB ( '',0.2509803921568627400, 0.2509803921568627400, 0.2509803921568627400 ) ;
#7782 = ORIENTED_EDGE ( 'NONE', *, *, #1118, .F. ) ;
#7783 = VERTEX_POINT ( 'NONE', #9472 ) ;
#7784 = ORIENTED_EDGE ( 'NONE', *, *, #5490, .T. ) ;
#7785 = FACE_OUTER_BOUND ( 'NONE', #6439, .T. ) ;
#7786 = FACE_OUTER_BOUND ( 'NONE', #6842, .T. ) ;
#7787 = VERTEX_POINT ( 'NONE', #3134 ) ;
#7788 = CIRCLE ( 'NONE', #8464, 1.249999999999997600 ) ;
#7789 = EDGE_LOOP ( 'NONE', ( #1709, #962, #4577, #1640, #2979 ) ) ;
#7790 = FILL_AREA_STYLE ('',( #10259 ) ) ;
#7791 = EDGE_LOOP ( 'NONE', ( #5918, #5862, #3710, #64 ) ) ;
#7792 = AXIS2_PLACEMENT_3D ( 'NONE', #7294, #1788, #9781 ) ;
#7793 = SURFACE_STYLE_FILL_AREA ( #5366 ) ;
#7794 = CARTESIAN_POINT ( 'NONE',  ( -2.596119095141088600, -21.25000000000000700, 0.0000000000000000000 ) ) ;
#7795 = ORIENTED_EDGE ( 'NONE', *, *, #4193, .F. ) ;
#7796 = AXIS2_PLACEMENT_3D ( 'NONE', #7080, #626, #5452 ) ;
#7797 = CARTESIAN_POINT ( 'NONE',  ( 15.94640676939198100, -16.84930666606609200, 46.50000000000000000 ) ) ;
#7798 = VECTOR ( 'NONE', #8231, 1000.000000000000000 ) ;
#7799 = EDGE_LOOP ( 'NONE', ( #4190, #10174, #7124 ) ) ;
#7800 = CARTESIAN_POINT ( 'NONE',  ( 15.49999999999983700, 15.50000000000016000, 48.00000000000000000 ) ) ;
#7801 = FACE_OUTER_BOUND ( 'NONE', #9918, .T. ) ;
#7803 = CARTESIAN_POINT ( 'NONE',  ( -15.94640676939209500, 14.15069333393197400, 46.50000000000000000 ) ) ;
#7802 = CARTESIAN_POINT ( 'NONE',  ( -15.92449465477582700, -16.78307522795895000, 47.50000000000000000 ) ) ;
#7804 = ADVANCED_FACE ( 'NONE', ( #7714, #9462 ), #5565, .T. ) ;
#7805 = AXIS2_PLACEMENT_3D ( 'NONE', #4239, #3416, #6683 ) ;
#7806 =( NAMED_UNIT ( * ) PLANE_ANGLE_UNIT ( ) SI_UNIT ( $, .RADIAN. ) );
#7807 = DIRECTION ( 'NONE',  ( -0.0000000000000000000, -1.000000000000000000, -0.0000000000000000000 ) ) ;
#7808 = EDGE_CURVE ( 'NONE', #1045, #1057, #8063, .T. ) ;
#7809 = ORIENTED_EDGE ( 'NONE', *, *, #1420, .T. ) ;
#7810 = AXIS2_PLACEMENT_3D ( 'NONE', #4248, #4943, #9836 ) ;
#7811 = DIRECTION ( 'NONE',  ( -1.000000000000000000, 0.0000000000000000000, 0.0000000000000000000 ) ) ;
#7812 = CARTESIAN_POINT ( 'NONE',  ( 4.000000000000000000, 4.898587196589412800E-016, -2.000000000000000000 ) ) ;
#7813 = DIRECTION ( 'NONE',  ( -0.0000000000000000000, -0.0000000000000000000, -1.000000000000000000 ) ) ;
#7814 = ORIENTED_EDGE ( 'NONE', *, *, #2401, .T. ) ;
#7815 = ORIENTED_EDGE ( 'NONE', *, *, #9442, .F. ) ;
#7816 = VERTEX_POINT ( 'NONE', #1520 ) ;
#7817 = CARTESIAN_POINT ( 'NONE',  ( 13.32957238623974700, -21.14999999999988100, 8.000000000000000000 ) ) ;
#7818 = AXIS2_PLACEMENT_3D ( 'NONE', #6523, #382, #165 ) ;
#7819 = VECTOR ( 'NONE', #1485, 1000.000000000000000 ) ;
#7820 = EDGE_CURVE ( 'NONE', #6405, #5962, #3239, .T. ) ;
#7821 =( LENGTH_UNIT ( ) NAMED_UNIT ( * ) SI_UNIT ( .MILLI., .METRE. ) );
#7822 = CARTESIAN_POINT ( 'NONE',  ( -15.05359323060823400, 15.92449465477564100, 47.50000000000000000 ) ) ;
#7823 = EDGE_LOOP ( 'NONE', ( #5701, #1679, #6183, #1589 ) ) ;
#7824 = B_SPLINE_CURVE_WITH_KNOTS ( 'NONE', 3,
 ( #5098, #5127, #6775, #2008 ),
 .UNSPECIFIED., .F., .F.,
 ( 4, 4 ),
 ( 0.0000000000000000000, 0.0001285675718496969700 ),
 .UNSPECIFIED. ) ;
#7825 = CARTESIAN_POINT ( 'NONE',  ( 0.0000000000000000000, 0.0000000000000000000, -53.84951795962939500 ) ) ;
#7826 = SURFACE_SIDE_STYLE ('',( #9636 ) ) ;
#7827 = LINE ( 'NONE', #10196, #1242 ) ;
#7829 = DIRECTION ( 'NONE',  ( 0.0000000000000000000, -1.000000000000000000, 0.0000000000000000000 ) ) ;
#7828 = CARTESIAN_POINT ( 'NONE',  ( 17.14999999999998400, -21.15000000000000200, 38.00000000000000000 ) ) ;
#7830 = MECHANICAL_DESIGN_GEOMETRIC_PRESENTATION_REPRESENTATION (  '', ( #1825 ), #4086 ) ;
#7831 = PRESENTATION_LAYER_ASSIGNMENT (  '', '', ( #1748 ) ) ;
#7832 = SURFACE_SIDE_STYLE ('',( #10269 ) ) ;
#7833 = SURFACE_STYLE_FILL_AREA ( #9932 ) ;
#7834 = DIRECTION ( 'NONE',  ( 0.0000000000000000000, 0.0000000000000000000, -1.000000000000000000 ) ) ;
#7835 = CARTESIAN_POINT ( 'NONE',  ( 13.31369220013741200, -21.16000000000000700, -53.84951795962939500 ) ) ;
#7836 = CARTESIAN_POINT ( 'NONE',  ( -15.49999999999897900, -15.50000000000102100, 46.00000000000000000 ) ) ;
#7837 = DIRECTION ( 'NONE',  ( -1.875757943018545800E-015, -1.000000000000000000, 0.0000000000000000000 ) ) ;
#7838 = VERTEX_POINT ( 'NONE', #7975 ) ;
#7839 = VERTEX_POINT ( 'NONE', #7845 ) ;
#7840 = FACE_OUTER_BOUND ( 'NONE', #4309, .T. ) ;
#7841 = AXIS2_PLACEMENT_3D ( 'NONE', #803, #1807, #5580 ) ;
#7842 = STYLED_ITEM ( 'NONE', ( #8321 ), #7903 ) ;
#7843 = UNCERTAINTY_MEASURE_WITH_UNIT (LENGTH_MEASURE( 1.000000000000000100E-005 ), #1562, 'distance_accuracy_value', 'NONE');
#7844 = ADVANCED_FACE ( 'NONE', ( #1979 ), #8817, .T. ) ;
#7845 = CARTESIAN_POINT ( 'NONE',  ( 21.14999999999999900, -13.32957238623955700, 5.900501256289339300 ) ) ;
#7846 = VERTEX_POINT ( 'NONE', #3170 ) ;
#7847 = CARTESIAN_POINT ( 'NONE',  ( -15.50000000000016500, 15.49999999999897500, 46.00000000000000000 ) ) ;
#7848 = ORIENTED_EDGE ( 'NONE', *, *, #3169, .T. ) ;
#7849 = UNCERTAINTY_MEASURE_WITH_UNIT (LENGTH_MEASURE( 1.000000000000000100E-005 ), #9862, 'distance_accuracy_value', 'NONE');
#7850 = ORIENTED_EDGE ( 'NONE', *, *, #2486, .T. ) ;
#7851 = FACE_OUTER_BOUND ( 'NONE', #1564, .T. ) ;
#7852 = EDGE_CURVE ( 'NONE', #1526, #7638, #2574, .T. ) ;
#7853 = LINE ( 'NONE', #5483, #5498 ) ;
#7854 = DIRECTION ( 'NONE',  ( 0.0000000000000000000, 0.0000000000000000000, 1.000000000000000000 ) ) ;
#7855 =( NAMED_UNIT ( * ) SI_UNIT ( $, .STERADIAN. ) SOLID_ANGLE_UNIT ( ) );
#7856 = AXIS2_PLACEMENT_3D ( 'NONE', #5206, #7677, #9248 ) ;
#7857 = DIRECTION ( 'NONE',  ( 0.0000000000000000000, 0.0000000000000000000, 1.000000000000000000 ) ) ;
#7858 = ADVANCED_FACE ( 'NONE', ( #7075 ), #4342, .T. ) ;
#7859 = CARTESIAN_POINT ( 'NONE',  ( 3.503880904858911000, -19.15000000000000600, 40.26401485834065900 ) ) ;
#7860 = EDGE_LOOP ( 'NONE', ( #276, #4771, #2732, #819 ) ) ;
#7861 = SURFACE_STYLE_FILL_AREA ( #1134 ) ;
#7862 = EDGE_CURVE ( 'NONE', #3645, #10074, #5966, .T. ) ;
#7863 = CARTESIAN_POINT ( 'NONE',  ( -18.49999999999961600, -15.50000000000102100, 46.00000000000000000 ) ) ;
#7864 = AXIS2_PLACEMENT_3D ( 'NONE', #4090, #5642, #5605 ) ;
#7865 = SURFACE_STYLE_FILL_AREA ( #9166 ) ;
#7866 = CIRCLE ( 'NONE', #1408, 2.299999999999999800 ) ;
#7867 = CARTESIAN_POINT ( 'NONE',  ( 0.0000000000000000000, 0.0000000000000000000, 40.00000000000000000 ) ) ;
#7868 = ORIENTED_EDGE ( 'NONE', *, *, #1719, .F. ) ;
#7869 = ORIENTED_EDGE ( 'NONE', *, *, #6875, .F. ) ;
#7870 = ORIENTED_EDGE ( 'NONE', *, *, #8132, .F. ) ;
#7871 =( GEOMETRIC_REPRESENTATION_CONTEXT ( 3 ) GLOBAL_UNCERTAINTY_ASSIGNED_CONTEXT ( ( #5286 ) ) GLOBAL_UNIT_ASSIGNED_CONTEXT ( ( #6850, #8329, #9945 ) ) REPRESENTATION_CONTEXT ( 'NONE', 'WORKASPACE' ) );
#7872 = VECTOR ( 'NONE', #4129, 1000.000000000000000 ) ;
#7873 = ORIENTED_EDGE ( 'NONE', *, *, #6466, .F. ) ;
#7874 = EDGE_CURVE ( 'NONE', #194, #9144, #361, .T. ) ;
#7875 = LINE ( 'NONE', #5188, #9264 ) ;
#7876 = EDGE_CURVE ( 'NONE', #3432, #5180, #7314, .T. ) ;
#7877 = CIRCLE ( 'NONE', #9705, 25.00000000000000000 ) ;
#7878 =( GEOMETRIC_REPRESENTATION_CONTEXT ( 3 ) GLOBAL_UNCERTAINTY_ASSIGNED_CONTEXT ( ( #1455 ) ) GLOBAL_UNIT_ASSIGNED_CONTEXT ( ( #2823, #8379, #9149 ) ) REPRESENTATION_CONTEXT ( 'NONE', 'WORKASPACE' ) );
#7879 = ORIENTED_EDGE ( 'NONE', *, *, #1018, .F. ) ;
#7880 = ORIENTED_EDGE ( 'NONE', *, *, #1220, .F. ) ;
#7881 = FACE_OUTER_BOUND ( 'NONE', #1439, .T. ) ;
#7882 = VECTOR ( 'NONE', #119, 1000.000000000000000 ) ;
#7883 = CARTESIAN_POINT ( 'NONE',  ( 15.49999999999983700, 15.50000000000016000, 46.50000000000000000 ) ) ;
#7884 =( NAMED_UNIT ( * ) PLANE_ANGLE_UNIT ( ) SI_UNIT ( $, .RADIAN. ) );
#7885 = PRESENTATION_STYLE_ASSIGNMENT (( #7420 ) ) ;
#7886 = PRESENTATION_STYLE_ASSIGNMENT (( #2916 ) ) ;
#7887 = STYLED_ITEM ( 'NONE', ( #1815 ), #6496 ) ;
#7888 = ORIENTED_EDGE ( 'NONE', *, *, #5236, .T. ) ;
#7889 = UNCERTAINTY_MEASURE_WITH_UNIT (LENGTH_MEASURE( 1.000000000000000100E-005 ), #3088, 'distance_accuracy_value', 'NONE');
#7890 = PRESENTATION_LAYER_ASSIGNMENT (  '', '', ( #824 ) ) ;
#7891 = B_SPLINE_CURVE_WITH_KNOTS ( 'NONE', 3,
 ( #8869, #9681, #3380, #4794 ),
 .UNSPECIFIED., .F., .F.,
 ( 4, 4 ),
 ( 2.602085213965210600E-018, 0.0001012530508707626700 ),
 .UNSPECIFIED. ) ;
#7892 = CYLINDRICAL_SURFACE ( 'NONE', #4116, 0.5000000000000004400 ) ;
#7893 = ORIENTED_EDGE ( 'NONE', *, *, #9005, .T. ) ;
#7894 = ORIENTED_EDGE ( 'NONE', *, *, #6032, .T. ) ;
#7895 = CARTESIAN_POINT ( 'NONE',  ( -3.496119095141088500, -19.15000000000000600, 40.26401485834066600 ) ) ;
#7896 = FILL_AREA_STYLE_COLOUR ( '', #6266 ) ;
#7897 = VECTOR ( 'NONE', #3490, 1000.000000000000000 ) ;
#7898 = CARTESIAN_POINT ( 'NONE',  ( 15.50000000000102000, -15.49999999999983700, 47.50000000000000000 ) ) ;
#7899 = CARTESIAN_POINT ( 'NONE',  ( 1.500000000000000200, 2.000000000000000000, -1.899999999999999900 ) ) ;
#7901 = CARTESIAN_POINT ( 'NONE',  ( 21.14999999999999900, 13.32957238623956000, 40.00000000000000000 ) ) ;
#7900 = CARTESIAN_POINT ( 'NONE',  ( -3.599999999999998300, -19.15000000000000600, 40.00000000000000000 ) ) ;
#7902 = ORIENTED_EDGE ( 'NONE', *, *, #10202, .T. ) ;
#7903 = ADVANCED_FACE ( 'NONE', ( #9209 ), #6294, .F. ) ;
#7904 = ORIENTED_EDGE ( 'NONE', *, *, #404, .T. ) ;
#7905 = CARTESIAN_POINT ( 'NONE',  ( 16.84930666606603500, 15.94640676939203200, 47.50000000000000000 ) ) ;
#7906 = DIRECTION ( 'NONE',  ( 1.036685115958539500E-014, -1.000000000000000000, 0.0000000000000000000 ) ) ;
#7907 = ORIENTED_EDGE ( 'NONE', *, *, #793, .F. ) ;
#7908 = ORIENTED_EDGE ( 'NONE', *, *, #4564, .F. ) ;
#7909 = MECHANICAL_DESIGN_GEOMETRIC_PRESENTATION_REPRESENTATION (  '', ( #7586 ), #2061 ) ;
#7910 = AXIS2_PLACEMENT_3D ( 'NONE', #7727, #9378, #7701 ) ;
#7911 = CARTESIAN_POINT ( 'NONE',  ( -11.99999999999834100, -15.50000000000102100, 48.00000000000000000 ) ) ;
#7912 = DIRECTION ( 'NONE',  ( -1.000000000000000000, -8.202002250481357500E-017, 0.0000000000000000000 ) ) ;
#7913 = ORIENTED_EDGE ( 'NONE', *, *, #10209, .F. ) ;
#7914 = CONICAL_SURFACE ( 'NONE', #3526, 2.000000000000015500, 0.7853981633974391800 ) ;
#7915 = EDGE_LOOP ( 'NONE', ( #7908, #8510, #9382, #1463 ) ) ;
#7916 = ADVANCED_FACE ( 'NONE', ( #9957 ), #6713, .T. ) ;
#7917 = EDGE_LOOP ( 'NONE', ( #8851, #1537, #7782, #6264, #4936, #4908 ) ) ;
#7918 = DIRECTION ( 'NONE',  ( -0.0000000000000000000, -1.000000000000000000, 0.0000000000000000000 ) ) ;
#7919 = DIRECTION ( 'NONE',  ( 0.0000000000000000000, 1.226634733346691600E-015, -1.000000000000000000 ) ) ;
#7920 = CARTESIAN_POINT ( 'NONE',  ( 15.92449465477571000, 16.72874093610781200, 47.50000000000000000 ) ) ;
#7921 = LINE ( 'NONE', #3110, #4455 ) ;
#7922 = VERTEX_POINT ( 'NONE', #6524 ) ;
#7923 = EDGE_CURVE ( 'NONE', #8784, #2076, #1101, .T. ) ;
#7924 =( NAMED_UNIT ( * ) SI_UNIT ( $, .STERADIAN. ) SOLID_ANGLE_UNIT ( ) );
#7925 = EDGE_CURVE ( 'NONE', #3875, #4957, #3106, .T. ) ;
#7926 = AXIS2_PLACEMENT_3D ( 'NONE', #2035, #10104, #8465 ) ;
#7927 = PRESENTATION_STYLE_ASSIGNMENT (( #560 ) ) ;
#7928 =( NAMED_UNIT ( * ) SI_UNIT ( $, .STERADIAN. ) SOLID_ANGLE_UNIT ( ) );
#7929 = ORIENTED_EDGE ( 'NONE', *, *, #8745, .F. ) ;
#7930 =( NAMED_UNIT ( * ) SI_UNIT ( $, .STERADIAN. ) SOLID_ANGLE_UNIT ( ) );
#7931 = ORIENTED_EDGE ( 'NONE', *, *, #1287, .F. ) ;
#7933 = DIRECTION ( 'NONE',  ( 0.7071067811865474600, -0.7071067811865474600, -0.0000000000000000000 ) ) ;
#7932 = CARTESIAN_POINT ( 'NONE',  ( 2.000000000000029300, 2.449293598294742400E-016, 46.00000000000000000 ) ) ;
#7934 = ORIENTED_EDGE ( 'NONE', *, *, #1893, .F. ) ;
#7935 = CIRCLE ( 'NONE', #9237, 2.799999999999999800 ) ;
#7936 = PRESENTATION_LAYER_ASSIGNMENT (  '', '', ( #2096 ) ) ;
#7937 = VECTOR ( 'NONE', #340, 1000.000000000000000 ) ;
#7938 = CARTESIAN_POINT ( 'NONE',  ( -13.32957238623955800, 21.14999999999999900, 8.000000000000000000 ) ) ;
#7939 = EDGE_CURVE ( 'NONE', #1743, #1261, #7167, .T. ) ;
#7940 = EDGE_CURVE ( 'NONE', #9383, #3922, #4954, .T. ) ;
#7941 = ORIENTED_EDGE ( 'NONE', *, *, #8809, .T. ) ;
#7942 = CARTESIAN_POINT ( 'NONE',  ( -1.379851512413568000, -19.15000000000000600, 40.96955165395432600 ) ) ;
#7943 = CARTESIAN_POINT ( 'NONE',  ( 15.49999999999983700, 15.50000000000016000, 46.00000000000000000 ) ) ;
#7944 = EDGE_LOOP ( 'NONE', ( #6040, #10300, #7972, #2327 ) ) ;
#7945 = CARTESIAN_POINT ( 'NONE',  ( 14.19326395785826900, 15.05359323060818400, 47.49756013713615500 ) ) ;
#7946 = AXIS2_PLACEMENT_3D ( 'NONE', #9635, #6561, #4917 ) ;
#7947 = ADVANCED_FACE ( 'NONE', ( #1472 ), #734, .T. ) ;
#7948 = EDGE_CURVE ( 'NONE', #46, #8048, #5460, .T. ) ;
#7949 = CARTESIAN_POINT ( 'NONE',  ( -21.16000000000000000, 1.102827020480174800E-014, 5.999999999999998200 ) ) ;
#7950 = LINE ( 'NONE', #9661, #3615 ) ;
#7951 = FILL_AREA_STYLE ('',( #7223 ) ) ;
#7952 = COLOUR_RGB ( '',0.2509803921568627400, 0.2509803921568627400, 0.2509803921568627400 ) ;
#7953 = CARTESIAN_POINT ( 'NONE',  ( -4.000000000000000000, 0.0000000000000000000, -2.000000000000000000 ) ) ;
#7954 = B_SPLINE_CURVE_WITH_KNOTS ( 'NONE', 3,
 ( #698, #7021, #8620, #1483 ),
 .UNSPECIFIED., .F., .F.,
 ( 4, 4 ),
 ( 0.0000000000000000000, 0.0002154103325596452700 ),
 .UNSPECIFIED. ) ;
#7955 = CARTESIAN_POINT ( 'NONE',  ( -14.27125906389278500, 15.07550534522231100, 47.50000000000000000 ) ) ;
#7956 = DIRECTION ( 'NONE',  ( -1.000000000000000000, 0.0000000000000000000, 0.0000000000000000000 ) ) ;
#7957 = CARTESIAN_POINT ( 'NONE',  ( -15.07550534522246900, -15.05359323060807800, 47.50000000000000000 ) ) ;
#7958 = ADVANCED_FACE ( 'NONE', ( #848 ), #2983, .T. ) ;
#7959 = CARTESIAN_POINT ( 'NONE',  ( 15.78089184510519000, 14.21692477204116000, 47.50000000000000000 ) ) ;
#7960 = CYLINDRICAL_SURFACE ( 'NONE', #4639, 0.5000000000000004400 ) ;
#7961 = CARTESIAN_POINT ( 'NONE',  ( -16.94289321881343100, 21.14999999999999900, 8.000000000000000000 ) ) ;
#7962 = CARTESIAN_POINT ( 'NONE',  ( 15.92449465477569200, 15.05359323060817500, 46.50000000000000000 ) ) ;
#7963 = AXIS2_PLACEMENT_3D ( 'NONE', #8978, #9837, #7523 ) ;
#7964 =( GEOMETRIC_REPRESENTATION_CONTEXT ( 3 ) GLOBAL_UNCERTAINTY_ASSIGNED_CONTEXT ( ( #9587 ) ) GLOBAL_UNIT_ASSIGNED_CONTEXT ( ( #2264, #614, #1393 ) ) REPRESENTATION_CONTEXT ( 'NONE', 'WORKASPACE' ) );
#7965 = ORIENTED_EDGE ( 'NONE', *, *, #507, .F. ) ;
#7966 = FILL_AREA_STYLE ('',( #7143 ) ) ;
#7967 = DIRECTION ( 'NONE',  ( 1.000000000000000000, -1.875757943018545800E-015, 0.0000000000000000000 ) ) ;
#7968 = VECTOR ( 'NONE', #6182, 1000.000000000000000 ) ;
#7969 = CIRCLE ( 'NONE', #4303, 1.299999999999999200 ) ;
#7970 = ORIENTED_EDGE ( 'NONE', *, *, #2012, .T. ) ;
#7971 = SURFACE_STYLE_FILL_AREA ( #7319 ) ;
#7972 = ORIENTED_EDGE ( 'NONE', *, *, #4675, .T. ) ;
#7973 = CARTESIAN_POINT ( 'NONE',  ( -3.599999999999998300, -19.15000000000000600, 44.50000000000000000 ) ) ;
#7974 = PRESENTATION_STYLE_ASSIGNMENT (( #7568 ) ) ;
#7975 = CARTESIAN_POINT ( 'NONE',  ( 21.00355339059327500, 17.29644660940671800, 8.000000000000000000 ) ) ;
#7976 = DIRECTION ( 'NONE',  ( -1.000000000000000000, 0.0000000000000000000, 0.0000000000000000000 ) ) ;
#7977 = DIRECTION ( 'NONE',  ( -1.000000000000000000, 0.0000000000000000000, -0.0000000000000000000 ) ) ;
#7978 = ORIENTED_EDGE ( 'NONE', *, *, #4287, .T. ) ;
#7979 = ORIENTED_EDGE ( 'NONE', *, *, #6288, .F. ) ;
#7980 = FACE_OUTER_BOUND ( 'NONE', #3291, .T. ) ;
#7981 = FACE_OUTER_BOUND ( 'NONE', #9514, .T. ) ;
#7982 = ORIENTED_EDGE ( 'NONE', *, *, #7387, .F. ) ;
#7983 = CARTESIAN_POINT ( 'NONE',  ( -16.78307522795911300, 15.92449465477565200, 46.50000000000000000 ) ) ;
#7984 = STYLED_ITEM ( 'NONE', ( #289 ), #4149 ) ;
#7985 = FACE_BOUND ( 'NONE', #1819, .T. ) ;
#7986 = DIRECTION ( 'NONE',  ( 1.000000000000000000, 8.202002250481362500E-017, 0.0000000000000000000 ) ) ;
#7987 = CARTESIAN_POINT ( 'NONE',  ( 19.15000000000003400, 19.14999999999996700, 8.000000000000000000 ) ) ;
#7988 = EDGE_CURVE ( 'NONE', #6222, #4810, #5345, .T. ) ;
#7989 = DIRECTION ( 'NONE',  ( -5.627273829055637800E-015, -1.000000000000000000, -0.0000000000000000000 ) ) ;
#7990 = EDGE_LOOP ( 'NONE', ( #8740, #9120, #5820, #6321 ) ) ;
#7991 = ORIENTED_EDGE ( 'NONE', *, *, #3415, .F. ) ;
#7992 = EDGE_LOOP ( 'NONE', ( #6254, #3054 ) ) ;
#7993 = COLOUR_RGB ( '',0.2509803921568627400, 0.2509803921568627400, 0.2509803921568627400 ) ;
#7994 = ADVANCED_FACE ( 'NONE', ( #493 ), #4051, .T. ) ;
#7995 = CARTESIAN_POINT ( 'NONE',  ( -15.94640676939209500, 15.07550534522231100, 46.50000000000000000 ) ) ;
#7996 = FACE_OUTER_BOUND ( 'NONE', #1233, .T. ) ;
#7997 = PLANE ( 'NONE',  #5172 ) ;
#7998 = CARTESIAN_POINT ( 'NONE',  ( -15.92449465477582700, -16.78307522795895000, 46.50000000000000000 ) ) ;
#7999 = ORIENTED_EDGE ( 'NONE', *, *, #1220, .T. ) ;
#8000 = CARTESIAN_POINT ( 'NONE',  ( 16.94289321881342000, 20.64999999999999900, 47.50000000000000000 ) ) ;
#8001 = STYLED_ITEM ( 'NONE', ( #7323 ), #5177 ) ;
#8002 = ORIENTED_EDGE ( 'NONE', *, *, #8697, .T. ) ;
#8003 = CARTESIAN_POINT ( 'NONE',  ( 15.05359323060813500, -15.07550534522241900, 47.50000000000000000 ) ) ;
#8004 = EDGE_CURVE ( 'NONE', #6138, #2797, #9575, .T. ) ;
#8005 = CIRCLE ( 'NONE', #7166, 16.00000000000000000 ) ;
#8006 = EDGE_CURVE ( 'NONE', #4433, #3204, #6955, .T. ) ;
#8007 = ADVANCED_FACE ( 'NONE', ( #8314 ), #1459, .T. ) ;
#8008 = COLOUR_RGB ( '',0.2509803921568627400, 0.2509803921568627400, 0.2509803921568627400 ) ;
#8009 = ORIENTED_EDGE ( 'NONE', *, *, #4484, .F. ) ;
#8010 = SURFACE_STYLE_USAGE ( .BOTH. , #8049 ) ;
#8011 = ORIENTED_EDGE ( 'NONE', *, *, #9350, .F. ) ;
#8012 = LINE ( 'NONE', #6816, #1054 ) ;
#8013 = EDGE_LOOP ( 'NONE', ( #5455, #882, #3131, #5487, #5928, #9169, #3537, #3462 ) ) ;
#8014 = DIRECTION ( 'NONE',  ( 1.000000000000000000, 0.0000000000000000000, 0.0000000000000000000 ) ) ;
#8015 = ORIENTED_EDGE ( 'NONE', *, *, #3231, .F. ) ;
#8016 = DIRECTION ( 'NONE',  ( 1.000000000000000000, 0.0000000000000000000, 0.0000000000000000000 ) ) ;
#8017 = ORIENTED_EDGE ( 'NONE', *, *, #1338, .T. ) ;
#8018 = DIRECTION ( 'NONE',  ( 0.0000000000000000000, 0.0000000000000000000, 1.000000000000000000 ) ) ;
#8019 = LINE ( 'NONE', #3433, #5423 ) ;
#8020 = VECTOR ( 'NONE', #3789, 1000.000000000000000 ) ;
#8021 =( LENGTH_UNIT ( ) NAMED_UNIT ( * ) SI_UNIT ( .MILLI., .METRE. ) );
#8022 = ORIENTED_EDGE ( 'NONE', *, *, #5680, .F. ) ;
#8023 = MECHANICAL_DESIGN_GEOMETRIC_PRESENTATION_REPRESENTATION (  '', ( #8376 ), #2645 ) ;
#8024 = CARTESIAN_POINT ( 'NONE',  ( 21.15000000000000200, -21.15000000000000200, 38.00000000000000000 ) ) ;
#8025 = DIRECTION ( 'NONE',  ( -0.0000000000000000000, -0.0000000000000000000, 1.000000000000000000 ) ) ;
#8026 = SURFACE_STYLE_FILL_AREA ( #2635 ) ;
#8027 = DIRECTION ( 'NONE',  ( -0.0000000000000000000, 1.000000000000000000, 0.0000000000000000000 ) ) ;
#8028 = ORIENTED_EDGE ( 'NONE', *, *, #479, .F. ) ;
#8029 = CARTESIAN_POINT ( 'NONE',  ( -1.033852198464327400, 2.000000000000000000, -23.76082040583163400 ) ) ;
#8030 = EDGE_LOOP ( 'NONE', ( #8547, #8422, #1506, #1595, #5430, #9108, #8177, #6377, #758, #7658, #2227, #2999 ) ) ;
#8031 = SURFACE_STYLE_USAGE ( .BOTH. , #7176 ) ;
#8032 = VECTOR ( 'NONE', #400, 1000.000000000000000 ) ;
#8033 = VERTEX_POINT ( 'NONE', #4198 ) ;
#8034 = SURFACE_STYLE_USAGE ( .BOTH. , #7305 ) ;
#8035 = PRESENTATION_STYLE_ASSIGNMENT (( #920 ) ) ;
#8036 = ORIENTED_EDGE ( 'NONE', *, *, #5079, .T. ) ;
#8037 = AXIS2_PLACEMENT_3D ( 'NONE', #3693, #2936, #7665 ) ;
#8038 = DIRECTION ( 'NONE',  ( 0.0000000000000000000, 1.000000000000000000, 0.0000000000000000000 ) ) ;
#8039 = PLANE ( 'NONE',  #9411 ) ;
#8040 = FACE_OUTER_BOUND ( 'NONE', #9302, .T. ) ;
#8041 = DIRECTION ( 'NONE',  ( 0.0000000000000000000, 0.0000000000000000000, 1.000000000000000000 ) ) ;
#8042 = COLOUR_RGB ( '',0.2509803921568627400, 0.2509803921568627400, 0.2509803921568627400 ) ;
#8043 = CARTESIAN_POINT ( 'NONE',  ( 20.64999999999999900, 16.94289321881344500, 38.00000000000000000 ) ) ;
#8045 = SURFACE_STYLE_USAGE ( .BOTH. , #2485 ) ;
#8044 = CARTESIAN_POINT ( 'NONE',  ( -15.92449465477580800, -15.94640676939192800, 47.50000000000000000 ) ) ;
#8046 = ORIENTED_EDGE ( 'NONE', *, *, #5135, .T. ) ;
#8047 = DIRECTION ( 'NONE',  ( -4.146740463834158200E-015, 1.000000000000000000, 0.0000000000000000000 ) ) ;
#8048 = VERTEX_POINT ( 'NONE', #4987 ) ;
#8049 = SURFACE_SIDE_STYLE ('',( #3210 ) ) ;
#8050 = LINE ( 'NONE', #3711, #8806 ) ;
#8051 = EDGE_CURVE ( 'NONE', #4472, #7257, #9335, .T. ) ;
#8052 = CARTESIAN_POINT ( 'NONE',  ( -15.49999999999897900, -15.50000000000102100, 47.50000000000000000 ) ) ;
#8053 = DIRECTION ( 'NONE',  ( 1.000000000000000000, -7.503031772074183200E-015, 0.0000000000000000000 ) ) ;
#8054 =( GEOMETRIC_REPRESENTATION_CONTEXT ( 3 ) GLOBAL_UNCERTAINTY_ASSIGNED_CONTEXT ( ( #8971 ) ) GLOBAL_UNIT_ASSIGNED_CONTEXT ( ( #9017, #8179, #4139 ) ) REPRESENTATION_CONTEXT ( 'NONE', 'WORKASPACE' ) );
#8055 = ORIENTED_EDGE ( 'NONE', *, *, #5726, .F. ) ;
#8056 = DIRECTION ( 'NONE',  ( -8.202002250481357500E-017, 1.000000000000000000, 0.0000000000000000000 ) ) ;
#8057 = EDGE_CURVE ( 'NONE', #9541, #1388, #10077, .T. ) ;
#8058 = ORIENTED_EDGE ( 'NONE', *, *, #7761, .T. ) ;
#8059 = AXIS2_PLACEMENT_3D ( 'NONE', #858, #2472, #889 ) ;
#8060 = EDGE_LOOP ( 'NONE', ( #1250, #5550, #9399, #83 ) ) ;
#8061 = DIRECTION ( 'NONE',  ( 1.000000000000000000, 0.0000000000000000000, -0.0000000000000000000 ) ) ;
#8062 = SURFACE_SIDE_STYLE ('',( #5006 ) ) ;
#8063 = CIRCLE ( 'NONE', #4102, 0.5787973969144516500 ) ;
#8064 = DIRECTION ( 'NONE',  ( -0.0000000000000000000, -1.000000000000000000, -0.0000000000000000000 ) ) ;
#8065 = ADVANCED_FACE ( 'NONE', ( #841 ), #1943, .F. ) ;
#8066 = CARTESIAN_POINT ( 'NONE',  ( 12.00000000000123800, -15.49999999999983700, 47.50000000000000000 ) ) ;
#8067 = CARTESIAN_POINT ( 'NONE',  ( 20.64999999999999900, 16.94289321881344500, 47.50000000000000000 ) ) ;
#8068 = ORIENTED_EDGE ( 'NONE', *, *, #2843, .T. ) ;
#8069 = AXIS2_PLACEMENT_3D ( 'NONE', #7281, #2632, #6621 ) ;
#8070 = DIRECTION ( 'NONE',  ( -1.000000000000000000, 0.0000000000000000000, 0.0000000000000000000 ) ) ;
#8071 = EDGE_CURVE ( 'NONE', #3104, #2893, #4887, .T. ) ;
#8072 = EDGE_CURVE ( 'NONE', #9241, #8627, #231, .T. ) ;
#8073 = CARTESIAN_POINT ( 'NONE',  ( 16.78307522795900700, -15.92449465477577200, 47.49867441544055400 ) ) ;
#8074 = DIRECTION ( 'NONE',  ( 0.7071067811865490200, 0.7071067811865460200, -0.0000000000000000000 ) ) ;
#8076 = CARTESIAN_POINT ( 'NONE',  ( -18.50000000000109100, 15.49999999999897500, 46.00000000000000000 ) ) ;
#8075 =( NAMED_UNIT ( * ) PLANE_ANGLE_UNIT ( ) SI_UNIT ( $, .RADIAN. ) );
#8077 = LINE ( 'NONE', #2091, #5983 ) ;
#8078 = CARTESIAN_POINT ( 'NONE',  ( -21.14999999999999500, -21.15000000000000600, 38.00000000000000000 ) ) ;
#8079 = MECHANICAL_DESIGN_GEOMETRIC_PRESENTATION_REPRESENTATION (  '', ( #7887 ), #1489 ) ;
#8080 = DIRECTION ( 'NONE',  ( -1.875757943018545800E-015, 1.000000000000000000, -0.0000000000000000000 ) ) ;
#8081 = CARTESIAN_POINT ( 'NONE',  ( 0.0000000000000000000, -19.15000000000000600, 40.11033917074156800 ) ) ;
#8082 = AXIS2_PLACEMENT_3D ( 'NONE', #6406, #842, #1580 ) ;
#8083 = EDGE_CURVE ( 'NONE', #5549, #10041, #965, .T. ) ;
#8084 = DIRECTION ( 'NONE',  ( 0.0000000000000000000, 0.0000000000000000000, -1.000000000000000000 ) ) ;
#8085 = CARTESIAN_POINT ( 'NONE',  ( 21.14999999999999900, 13.32957238623956000, 99.84951795962939500 ) ) ;
#8086 = ORIENTED_EDGE ( 'NONE', *, *, #7385, .F. ) ;
#8087 = SURFACE_STYLE_FILL_AREA ( #3332 ) ;
#8088 = LINE ( 'NONE', #4971, #1381 ) ;
#8089 = FILL_AREA_STYLE_COLOUR ( '', #7952 ) ;
#8090 =( LENGTH_UNIT ( ) NAMED_UNIT ( * ) SI_UNIT ( .MILLI., .METRE. ) );
#8091 = CARTESIAN_POINT ( 'NONE',  ( 1.379851512413568000, -39.15000000000000600, 42.37285355221676000 ) ) ;
#8092 =( LENGTH_UNIT ( ) NAMED_UNIT ( * ) SI_UNIT ( .MILLI., .METRE. ) );
#8093 = ORIENTED_EDGE ( 'NONE', *, *, #7939, .T. ) ;
#8094 = EDGE_LOOP ( 'NONE', ( #924, #4047, #3425, #5239 ) ) ;
#8095 = FACE_OUTER_BOUND ( 'NONE', #9313, .T. ) ;
#8096 = DIRECTION ( 'NONE',  ( 1.000000000000000000, 0.0000000000000000000, 0.0000000000000000000 ) ) ;
#8097 = CARTESIAN_POINT ( 'NONE',  ( 0.0000000000000000000, 21.15999999999999700, -53.84951795962939500 ) ) ;
#8098 = STYLED_ITEM ( 'NONE', ( #8368 ), #1797 ) ;
#8099 =( GEOMETRIC_REPRESENTATION_CONTEXT ( 3 ) GLOBAL_UNCERTAINTY_ASSIGNED_CONTEXT ( ( #3707 ) ) GLOBAL_UNIT_ASSIGNED_CONTEXT ( ( #6795, #3653, #5250 ) ) REPRESENTATION_CONTEXT ( 'NONE', 'WORKASPACE' ) );
#8100 = ORIENTED_EDGE ( 'NONE', *, *, #1276, .F. ) ;
#8101 = DIRECTION ( 'NONE',  ( -0.0000000000000000000, -0.0000000000000000000, -1.000000000000000000 ) ) ;
#8102 = FACE_OUTER_BOUND ( 'NONE', #3764, .T. ) ;
#8103 = DIRECTION ( 'NONE',  ( 0.0000000000000000000, 0.0000000000000000000, -1.000000000000000000 ) ) ;
#8104 = DIRECTION ( 'NONE',  ( 1.000000000000000000, 0.0000000000000000000, -0.0000000000000000000 ) ) ;
#8105 = CARTESIAN_POINT ( 'NONE',  ( -4.000000000000000000, 4.898587196589412800E-016, 48.00000000000000000 ) ) ;
#8106 = CIRCLE ( 'NONE', #3319, 2.299999999999999800 ) ;
#8108 = DIRECTION ( 'NONE',  ( 0.0000000000000000000, 0.0000000000000000000, 1.000000000000000000 ) ) ;
#8107 = CARTESIAN_POINT ( 'NONE',  ( -18.79644660940668600, 18.79644660940675000, 0.5000000000000000000 ) ) ;
#8110 = ADVANCED_FACE ( 'NONE', ( #5076 ), #9848, .T. ) ;
#8109 = FACE_OUTER_BOUND ( 'NONE', #5929, .T. ) ;
#8111 = AXIS2_PLACEMENT_3D ( 'NONE', #8078, #8885, #2489 ) ;
#8112 = CARTESIAN_POINT ( 'NONE',  ( 0.0000000000000000000, 20.64999999999999900, 0.5000000000000004400 ) ) ;
#8113 = EDGE_LOOP ( 'NONE', ( #7738, #8501, #8713, #68 ) ) ;
#8114 = ORIENTED_EDGE ( 'NONE', *, *, #3427, .T. ) ;
#8115 = ORIENTED_EDGE ( 'NONE', *, *, #2204, .F. ) ;
#8116 = CARTESIAN_POINT ( 'NONE',  ( 16.84930666606603100, 15.20239548707217000, 47.49833231681235200 ) ) ;
#8117 = CIRCLE ( 'NONE', #6216, 4.000000000000000000 ) ;
#8118 = CARTESIAN_POINT ( 'NONE',  ( 0.0000000000000000000, -19.15000000000000600, 40.95372187942375300 ) ) ;
#8119 = AXIS2_PLACEMENT_3D ( 'NONE', #1814, #3288, #6551 ) ;
#8120 = CYLINDRICAL_SURFACE ( 'NONE', #3188, 3.000000000000927300 ) ;
#8121 = FACE_OUTER_BOUND ( 'NONE', #4274, .T. ) ;
#8122 = CYLINDRICAL_SURFACE ( 'NONE', #443, 0.5000000000000004400 ) ;
#8123 = DIRECTION ( 'NONE',  ( 0.0000000000000000000, 0.0000000000000000000, 1.000000000000000000 ) ) ;
#8124 = VERTEX_POINT ( 'NONE', #2640 ) ;
#8125 = EDGE_LOOP ( 'NONE', ( #4272, #1423, #2252, #9694 ) ) ;
#8126 = VECTOR ( 'NONE', #9055, 1000.000000000000000 ) ;
#8127 = AXIS2_PLACEMENT_3D ( 'NONE', #5913, #4345, #9155 ) ;
#8128 = FACE_OUTER_BOUND ( 'NONE', #5892, .T. ) ;
#8129 = FILL_AREA_STYLE ('',( #6497 ) ) ;
#8130 = EDGE_CURVE ( 'NONE', #9560, #705, #2351, .T. ) ;
#8131 = FACE_OUTER_BOUND ( 'NONE', #7052, .T. ) ;
#8132 = EDGE_CURVE ( 'NONE', #3645, #5492, #9684, .T. ) ;
#8133 = CARTESIAN_POINT ( 'NONE',  ( 20.65000000000000200, -16.94289321881346300, 8.000000000000000000 ) ) ;
#8134 =( GEOMETRIC_REPRESENTATION_CONTEXT ( 3 ) GLOBAL_UNCERTAINTY_ASSIGNED_CONTEXT ( ( #8934 ) ) GLOBAL_UNIT_ASSIGNED_CONTEXT ( ( #7697, #9265, #3623 ) ) REPRESENTATION_CONTEXT ( 'NONE', 'WORKASPACE' ) );
#8135 = ORIENTED_EDGE ( 'NONE', *, *, #5421, .T. ) ;
#8136 = FILL_AREA_STYLE ('',( #85 ) ) ;
#8137 = DIRECTION ( 'NONE',  ( 0.0000000000000000000, 0.0000000000000000000, -1.000000000000000000 ) ) ;
#8138 = ORIENTED_EDGE ( 'NONE', *, *, #3880, .T. ) ;
#8139 = VERTEX_POINT ( 'NONE', #7438 ) ;
#8140 = FILL_AREA_STYLE ('',( #1765 ) ) ;
#8141 = CARTESIAN_POINT ( 'NONE',  ( -15.50000000000016500, 15.49999999999897500, 46.00000000000000000 ) ) ;
#8142 = FACE_OUTER_BOUND ( 'NONE', #10238, .T. ) ;
#8143 = FILL_AREA_STYLE_COLOUR ( '', #896 ) ;
#8144 = ORIENTED_EDGE ( 'NONE', *, *, #1681, .F. ) ;
#8145 = PRESENTATION_LAYER_ASSIGNMENT (  '', '', ( #7425 ) ) ;
#8147 = FILL_AREA_STYLE_COLOUR ( '', #1380 ) ;
#8146 = CARTESIAN_POINT ( 'NONE',  ( -21.14999999999999500, -13.32957238623956400, 99.84951795962939500 ) ) ;
#8148 = ORIENTED_EDGE ( 'NONE', *, *, #5795, .F. ) ;
#8149 = EDGE_CURVE ( 'NONE', #9159, #4950, #3714, .T. ) ;
#8150 = LINE ( 'NONE', #8154, #6805 ) ;
#8151 = EDGE_CURVE ( 'NONE', #8406, #4919, #9062, .T. ) ;
#8152 = VERTEX_POINT ( 'NONE', #9812 ) ;
#8153 = ORIENTED_EDGE ( 'NONE', *, *, #9007, .F. ) ;
#8154 = CARTESIAN_POINT ( 'NONE',  ( 15.07550534522236100, 15.05359323060818100, 46.50000000000000000 ) ) ;
#8155 = CIRCLE ( 'NONE', #5970, 0.5787973969144516500 ) ;
#8156 = FILL_AREA_STYLE_COLOUR ( '', #7295 ) ;
#8157 = VERTEX_POINT ( 'NONE', #9224 ) ;
#8158 = DIRECTION ( 'NONE',  ( 1.036685115958539500E-014, -1.000000000000000000, 0.0000000000000000000 ) ) ;
#8159 = DIRECTION ( 'NONE',  ( -1.000000000000000000, 9.378789715092728600E-015, -0.0000000000000000000 ) ) ;
#8160 = ORIENTED_EDGE ( 'NONE', *, *, #7471, .F. ) ;
#8161 = CARTESIAN_POINT ( 'NONE',  ( 16.84930666606603500, 15.94640676939203200, 46.50000000000000000 ) ) ;
#8162 = UNCERTAINTY_MEASURE_WITH_UNIT (LENGTH_MEASURE( 1.000000000000000100E-005 ), #1487, 'distance_accuracy_value', 'NONE');
#8163 = COLOUR_RGB ( '',0.2509803921568627400, 0.2509803921568627400, 0.2509803921568627400 ) ;
#8164 = AXIS2_PLACEMENT_3D ( 'NONE', #1884, #5053, #9095 ) ;
#8165 = PRESENTATION_LAYER_ASSIGNMENT (  '', '', ( #4964 ) ) ;
#8166 = FACE_OUTER_BOUND ( 'NONE', #5543, .T. ) ;
#8167 = ORIENTED_EDGE ( 'NONE', *, *, #25, .F. ) ;
#8168 = CARTESIAN_POINT ( 'NONE',  ( 15.07550534522236100, 15.05359323060818100, 47.50000000000000000 ) ) ;
#8169 = FILL_AREA_STYLE_COLOUR ( '', #8263 ) ;
#8170 = ADVANCED_FACE ( 'NONE', ( #4812 ), #1277, .F. ) ;
#8171 = CARTESIAN_POINT ( 'NONE',  ( -14.15069333393214100, -15.94640676939194500, 46.50000000000000000 ) ) ;
#8172 = CIRCLE ( 'NONE', #9943, 25.00000000000000000 ) ;
#8173 = ORIENTED_EDGE ( 'NONE', *, *, #4157, .F. ) ;
#8174 = CARTESIAN_POINT ( 'NONE',  ( 0.0000000000000000000, 0.0000000000000000000, 5.999999999999998200 ) ) ;
#8175 = CARTESIAN_POINT ( 'NONE',  ( -15.49999999999897900, -15.50000000000102100, 47.50000000000000000 ) ) ;
#8176 = CARTESIAN_POINT ( 'NONE',  ( -15.07550534522247300, -16.78307522795895700, 47.49867441544054700 ) ) ;
#8177 = ORIENTED_EDGE ( 'NONE', *, *, #1139, .F. ) ;
#8178 = CARTESIAN_POINT ( 'NONE',  ( -21.14999999999999500, -21.15000000000000600, 40.00000000000000000 ) ) ;
#8179 =( NAMED_UNIT ( * ) PLANE_ANGLE_UNIT ( ) SI_UNIT ( $, .RADIAN. ) );
#8180 = AXIS2_PLACEMENT_3D ( 'NONE', #7336, #8137, #8706 ) ;
#8181 = CARTESIAN_POINT ( 'NONE',  ( 0.0000000000000000000, 0.0000000000000000000, 46.00000000000000000 ) ) ;
#8182 = ORIENTED_EDGE ( 'NONE', *, *, #5680, .T. ) ;
#8183 = DIRECTION ( 'NONE',  ( -1.000000000000000000, 0.0000000000000000000, 0.0000000000000000000 ) ) ;
#8184 = ORIENTED_EDGE ( 'NONE', *, *, #4792, .T. ) ;
#8185 = LINE ( 'NONE', #5812, #6089 ) ;
#8187 = DIRECTION ( 'NONE',  ( -1.000000000000000000, 0.0000000000000000000, 0.0000000000000000000 ) ) ;
#8186 = PLANE ( 'NONE',  #8480 ) ;
#8188 = EDGE_LOOP ( 'NONE', ( #553, #2918, #8999, #7374 ) ) ;
#8189 = DIRECTION ( 'NONE',  ( -1.000000000000000000, 0.0000000000000000000, -0.0000000000000000000 ) ) ;
#8190 = ORIENTED_EDGE ( 'NONE', *, *, #6016, .F. ) ;
#8191 = DIRECTION ( 'NONE',  ( 0.0000000000000000000, 0.0000000000000000000, -1.000000000000000000 ) ) ;
#8192 = EDGE_CURVE ( 'NONE', #8229, #8524, #6572, .T. ) ;
#8193 = CARTESIAN_POINT ( 'NONE',  ( 14.21692477204111400, -15.21910815489766700, 47.50000000000000000 ) ) ;
#8194 = VECTOR ( 'NONE', #7672, 1000.000000000000000 ) ;
#8195 = DIRECTION ( 'NONE',  ( 0.0000000000000000000, -1.000000000000000000, 0.0000000000000000000 ) ) ;
#8196 = CYLINDRICAL_SURFACE ( 'NONE', #6862, 2.799999999999999800 ) ;
#8197 = EDGE_CURVE ( 'NONE', #6780, #6999, #8050, .T. ) ;
#8198 = AXIS2_PLACEMENT_3D ( 'NONE', #4061, #1600, #7986 ) ;
#8199 = EDGE_CURVE ( 'NONE', #9383, #1756, #7192, .T. ) ;
#8200 = CARTESIAN_POINT ( 'NONE',  ( -16.94289321881343100, 20.64999999999999900, 0.5000000000000000000 ) ) ;
#8201 = CIRCLE ( 'NONE', #562, 0.5000000000000004400 ) ;
#8202 = CARTESIAN_POINT ( 'NONE',  ( 0.0000000000000000000, 0.0000000000000000000, 0.0000000000000000000 ) ) ;
#8203 = DIRECTION ( 'NONE',  ( -0.0000000000000000000, -0.0000000000000000000, -1.000000000000000000 ) ) ;
#8204 = CARTESIAN_POINT ( 'NONE',  ( 0.0000000000000000000, 0.0000000000000000000, 40.00000000000000000 ) ) ;
#8205 = UNCERTAINTY_MEASURE_WITH_UNIT (LENGTH_MEASURE( 1.000000000000000100E-005 ), #9052, 'distance_accuracy_value', 'NONE');
#8206 = ORIENTED_EDGE ( 'NONE', *, *, #9562, .T. ) ;
#8207 = STYLED_ITEM ( 'NONE', ( #847 ), #5471 ) ;
#8208 =( NAMED_UNIT ( * ) SI_UNIT ( $, .STERADIAN. ) SOLID_ANGLE_UNIT ( ) );
#8209 = DIRECTION ( 'NONE',  ( 0.7071067811865465700, 0.7071067811865483500, -0.0000000000000000000 ) ) ;
#8210 = EDGE_CURVE ( 'NONE', #4862, #7288, #4582, .T. ) ;
#8211 = EDGE_CURVE ( 'NONE', #3694, #3303, #762, .T. ) ;
#8212 = LINE ( 'NONE', #8171, #7470 ) ;
#8213 = CARTESIAN_POINT ( 'NONE',  ( 15.49999999999983700, 15.50000000000016000, 4.500000000000000900 ) ) ;
#8214 = SURFACE_SIDE_STYLE ('',( #6522 ) ) ;
#8215 = VECTOR ( 'NONE', #2809, 1000.000000000000000 ) ;
#8216 = DIRECTION ( 'NONE',  ( -1.000000000000000000, 0.0000000000000000000, 0.0000000000000000000 ) ) ;
#8217 = CARTESIAN_POINT ( 'NONE',  ( -18.79644660940671500, -18.79644660940671500, 0.5000000000000000000 ) ) ;
#8218 = FILL_AREA_STYLE_COLOUR ( '', #3058 ) ;
#8219 = CARTESIAN_POINT ( 'NONE',  ( -15.94640676939209500, 14.15069333393197400, 47.49262389544726700 ) ) ;
#8220 = ADVANCED_FACE ( 'NONE', ( #3583 ), #5067, .T. ) ;
#8221 = ORIENTED_EDGE ( 'NONE', *, *, #6821, .F. ) ;
#8222 = PRESENTATION_STYLE_ASSIGNMENT (( #6941 ) ) ;
#8223 = AXIS2_PLACEMENT_3D ( 'NONE', #4106, #945, #3290 ) ;
#8224 = CARTESIAN_POINT ( 'NONE',  ( -15.94640676939209500, 14.15069333393197400, 46.50000000000000000 ) ) ;
#8225 = CARTESIAN_POINT ( 'NONE',  ( -14.24999999999999600, 15.50000000000000000, -2.266821225221747900E-017 ) ) ;
#8226 = AXIS2_PLACEMENT_3D ( 'NONE', #4604, #6921, #2889 ) ;
#8227 = FILL_AREA_STYLE ('',( #1977 ) ) ;
#8228 = PLANE ( 'NONE',  #1145 ) ;
#8229 = VERTEX_POINT ( 'NONE', #413 ) ;
#8230 = CIRCLE ( 'NONE', #2961, 0.5000000000000004400 ) ;
#8231 = DIRECTION ( 'NONE',  ( 0.0000000000000000000, -1.000000000000000000, 0.0000000000000000000 ) ) ;
#8232 = DIRECTION ( 'NONE',  ( 0.0000000000000000000, 0.0000000000000000000, -1.000000000000000000 ) ) ;
#8233 = VECTOR ( 'NONE', #9741, 1000.000000000000000 ) ;
#8234 =( NAMED_UNIT ( * ) PLANE_ANGLE_UNIT ( ) SI_UNIT ( $, .RADIAN. ) );
#8235 = EDGE_LOOP ( 'NONE', ( #3201, #3554, #6463 ) ) ;
#8236 = CARTESIAN_POINT ( 'NONE',  ( 0.0000000000000000000, 0.0000000000000000000, -24.00000000000000000 ) ) ;
#8237 = VERTEX_POINT ( 'NONE', #2016 ) ;
#8238 = AXIS2_PLACEMENT_3D ( 'NONE', #7466, #2713, #8259 ) ;
#8239 = ADVANCED_FACE ( 'NONE', ( #8929 ), #2094, .F. ) ;
#8240 = PRESENTATION_STYLE_ASSIGNMENT (( #4461 ) ) ;
#8241 = SURFACE_STYLE_FILL_AREA ( #2626 ) ;
#8242 =( NAMED_UNIT ( * ) PLANE_ANGLE_UNIT ( ) SI_UNIT ( $, .RADIAN. ) );
#8243 = DIRECTION ( 'NONE',  ( -1.000000000000000000, 0.0000000000000000000, 0.0000000000000000000 ) ) ;
#8244 = ORIENTED_EDGE ( 'NONE', *, *, #9687, .F. ) ;
#8245 = VERTEX_POINT ( 'NONE', #5244 ) ;
#8246 = ORIENTED_EDGE ( 'NONE', *, *, #2752, .F. ) ;
#8247 = DIRECTION ( 'NONE',  ( -1.000000000000000000, 0.0000000000000000000, 0.0000000000000000000 ) ) ;
#8248 = FACE_OUTER_BOUND ( 'NONE', #5971, .T. ) ;
#8249 = EDGE_CURVE ( 'NONE', #4403, #4927, #5454, .T. ) ;
#8250 = PRESENTATION_LAYER_ASSIGNMENT (  '', '', ( #9480 ) ) ;
#8251 = CARTESIAN_POINT ( 'NONE',  ( -16.84930666606614500, -15.94640676939191900, 46.50000000000000000 ) ) ;
#8252 = LINE ( 'NONE', #2853, #3173 ) ;
#8253 = DIRECTION ( 'NONE',  ( 1.000000000000000000, 0.0000000000000000000, 0.0000000000000000000 ) ) ;
#8254 = EDGE_CURVE ( 'NONE', #8907, #7238, #7304, .T. ) ;
#8255 = VERTEX_POINT ( 'NONE', #2891 ) ;
#8256 = CARTESIAN_POINT ( 'NONE',  ( 2.500000000000000000, 0.0000000000000000000, 45.00000000000000000 ) ) ;
#8257 = AXIS2_PLACEMENT_3D ( 'NONE', #2250, #9356, #5378 ) ;
#8258 = CARTESIAN_POINT ( 'NONE',  ( -15.05359323060823600, 15.07550534522231100, 47.50000000000000000 ) ) ;
#8259 = DIRECTION ( 'NONE',  ( -4.146740463834158200E-015, 1.000000000000000000, 0.0000000000000000000 ) ) ;
#8260 = ORIENTED_EDGE ( 'NONE', *, *, #7123, .F. ) ;
#8261 = CARTESIAN_POINT ( 'NONE',  ( -16.78307522795911300, 15.92449465477565200, 47.50000000000000000 ) ) ;
#8262 = CARTESIAN_POINT ( 'NONE',  ( -3.599999999999998300, -19.15000000000000600, 40.00000000000000000 ) ) ;
#8263 = COLOUR_RGB ( '',0.2509803921568627400, 0.2509803921568627400, 0.2509803921568627400 ) ;
#8264 = CARTESIAN_POINT ( 'NONE',  ( -16.94289321881343500, -21.15000000000000600, 38.00000000000000000 ) ) ;
#8265 = VERTEX_POINT ( 'NONE', #8652 ) ;
#8266 = ORIENTED_EDGE ( 'NONE', *, *, #7988, .F. ) ;
#8267 = DIRECTION ( 'NONE',  ( 0.0000000000000000000, -1.000000000000000000, 0.0000000000000000000 ) ) ;
#8268 =( GEOMETRIC_REPRESENTATION_CONTEXT ( 3 ) GLOBAL_UNCERTAINTY_ASSIGNED_CONTEXT ( ( #4958 ) ) GLOBAL_UNIT_ASSIGNED_CONTEXT ( ( #10147, #5316, #10185 ) ) REPRESENTATION_CONTEXT ( 'NONE', 'WORKASPACE' ) );
#8269 = CYLINDRICAL_SURFACE ( 'NONE', #4654, 0.5000000000000004400 ) ;
#8270 = ORIENTED_EDGE ( 'NONE', *, *, #5437, .T. ) ;
#8271 = DIRECTION ( 'NONE',  ( -1.000000000000000000, 0.0000000000000000000, 0.0000000000000000000 ) ) ;
#8272 = ORIENTED_EDGE ( 'NONE', *, *, #2362, .T. ) ;
#8273 = ADVANCED_FACE ( 'NONE', ( #6944 ), #1444, .F. ) ;
#8274 = DIRECTION ( 'NONE',  ( -3.885970363620945200E-015, -1.000000000000000000, 0.0000000000000000000 ) ) ;
#8275 = EDGE_LOOP ( 'NONE', ( #4668, #2169, #9601, #922, #2908, #652, #5217, #1083, #1906, #9425, #5522, #6940 ) ) ;
#8276 = EDGE_CURVE ( 'NONE', #7816, #5502, #6832, .T. ) ;
#8277 = EDGE_CURVE ( 'NONE', #646, #6499, #3098, .T. ) ;
#8278 = CARTESIAN_POINT ( 'NONE',  ( 17.80000000000102000, -15.49999999999983700, 47.50000000000000000 ) ) ;
#8279 = DIRECTION ( 'NONE',  ( 0.0000000000000000000, 0.0000000000000000000, -1.000000000000000000 ) ) ;
#8280 = AXIS2_PLACEMENT_3D ( 'NONE', #10125, #7919, #7092 ) ;
#8281 = VECTOR ( 'NONE', #9482, 1000.000000000000000 ) ;
#8282 = ORIENTED_EDGE ( 'NONE', *, *, #4369, .F. ) ;
#8283 = FILL_AREA_STYLE_COLOUR ( '', #8519 ) ;
#8284 = PRESENTATION_STYLE_ASSIGNMENT (( #9075 ) ) ;
#8285 = ORIENTED_EDGE ( 'NONE', *, *, #1529, .F. ) ;
#8286 =( NAMED_UNIT ( * ) PLANE_ANGLE_UNIT ( ) SI_UNIT ( $, .RADIAN. ) );
#8287 = DIRECTION ( 'NONE',  ( 1.000000000000000000, -1.036685115958541700E-014, 0.0000000000000000000 ) ) ;
#8288 = CARTESIAN_POINT ( 'NONE',  ( 15.92449465477569600, 15.94640676939203600, 46.50000000000000000 ) ) ;
#8289 = CIRCLE ( 'NONE', #8957, 1.300000000000000700 ) ;
#8290 =( NAMED_UNIT ( * ) PLANE_ANGLE_UNIT ( ) SI_UNIT ( $, .RADIAN. ) );
#8291 = MECHANICAL_DESIGN_GEOMETRIC_PRESENTATION_REPRESENTATION (  '', ( #2839 ), #8818 ) ;
#8292 = LINE ( 'NONE', #6107, #7550 ) ;
#8294 = SURFACE_STYLE_USAGE ( .BOTH. , #4293 ) ;
#8293 = CARTESIAN_POINT ( 'NONE',  ( 0.0000000000000000000, 0.0000000000000000000, 45.00000000000000000 ) ) ;
#8295 = EDGE_LOOP ( 'NONE', ( #4024, #2332 ) ) ;
#8296 =( GEOMETRIC_REPRESENTATION_CONTEXT ( 3 ) GLOBAL_UNCERTAINTY_ASSIGNED_CONTEXT ( ( #2767 ) ) GLOBAL_UNIT_ASSIGNED_CONTEXT ( ( #2543, #1004, #4178 ) ) REPRESENTATION_CONTEXT ( 'NONE', 'WORKASPACE' ) );
#8297 = EDGE_CURVE ( 'NONE', #2747, #669, #7063, .T. ) ;
#8298 = FACE_OUTER_BOUND ( 'NONE', #8669, .T. ) ;
#8299 = CARTESIAN_POINT ( 'NONE',  ( -15.50000000000016500, 15.49999999999897500, 48.00000000000000000 ) ) ;
#8300 = VERTEX_POINT ( 'NONE', #1411 ) ;
#8301 = DIRECTION ( 'NONE',  ( 0.0000000000000000000, 0.0000000000000000000, 1.000000000000000000 ) ) ;
#8302 = SPHERICAL_SURFACE ( 'NONE', #287, 0.5000000000000000000 ) ;
#8303 = CARTESIAN_POINT ( 'NONE',  ( 15.50000000000102000, -15.49999999999983700, 47.50000000000000000 ) ) ;
#8304 = CYLINDRICAL_SURFACE ( 'NONE', #7609, 2.500000000000000000 ) ;
#8305 = SURFACE_SIDE_STYLE ('',( #10119 ) ) ;
#8306 = ADVANCED_FACE ( 'NONE', ( #7186 ), #3211, .T. ) ;
#8307 = ORIENTED_EDGE ( 'NONE', *, *, #6540, .T. ) ;
#8308 = DIRECTION ( 'NONE',  ( -0.0000000000000000000, -0.0000000000000000000, 1.000000000000000000 ) ) ;
#8309 = UNCERTAINTY_MEASURE_WITH_UNIT (LENGTH_MEASURE( 1.000000000000000100E-005 ), #2093, 'distance_accuracy_value', 'NONE');
#8310 = ORIENTED_EDGE ( 'NONE', *, *, #6888, .T. ) ;
#8311 = PRESENTATION_LAYER_ASSIGNMENT (  '', '', ( #4578 ) ) ;
#8312 = AXIS2_PLACEMENT_3D ( 'NONE', #7825, #6336, #2722 ) ;
#8313 = CARTESIAN_POINT ( 'NONE',  ( 16.84930666606603500, 15.50000000000016200, 47.49878368663161900 ) ) ;
#8314 = FACE_OUTER_BOUND ( 'NONE', #10200, .T. ) ;
#8315 =( LENGTH_UNIT ( ) NAMED_UNIT ( * ) SI_UNIT ( .MILLI., .METRE. ) );
#8316 = ORIENTED_EDGE ( 'NONE', *, *, #7132, .F. ) ;
#8317 = CARTESIAN_POINT ( 'NONE',  ( -16.78307522795903500, 15.07550534522243900, 46.50000000000000000 ) ) ;
#8318 = EDGE_LOOP ( 'NONE', ( #8871, #2864, #4010 ) ) ;
#8319 = DIRECTION ( 'NONE',  ( -0.0000000000000000000, 1.000000000000000000, -0.0000000000000000000 ) ) ;
#8320 = CIRCLE ( 'NONE', #1959, 1.299999999999999200 ) ;
#8321 = PRESENTATION_STYLE_ASSIGNMENT (( #6325 ) ) ;
#8322 = DIRECTION ( 'NONE',  ( 5.828955545431405900E-015, 1.000000000000000000, 0.0000000000000000000 ) ) ;
#8323 = CARTESIAN_POINT ( 'NONE',  ( 20.64999999999999900, 16.94289321881344200, 48.00000000000000000 ) ) ;
#8324 = AXIS2_PLACEMENT_3D ( 'NONE', #1219, #8788, #854 ) ;
#8325 = DIRECTION ( 'NONE',  ( 0.0000000000000000000, 0.0000000000000000000, -1.000000000000000000 ) ) ;
#8326 = DIRECTION ( 'NONE',  ( 0.0000000000000000000, -1.000000000000000000, 0.0000000000000000000 ) ) ;
#8327 = DIRECTION ( 'NONE',  ( -0.7071067811865462400, 0.7071067811865489100, -0.0000000000000000000 ) ) ;
#8328 = ORIENTED_EDGE ( 'NONE', *, *, #1081, .F. ) ;
#8330 = DIRECTION ( 'NONE',  ( -1.224646799147353200E-016, 1.000000000000000000, 0.0000000000000000000 ) ) ;
#8329 =( NAMED_UNIT ( * ) PLANE_ANGLE_UNIT ( ) SI_UNIT ( $, .RADIAN. ) );
#8331 = AXIS2_PLACEMENT_3D ( 'NONE', #1702, #3326, #9691 ) ;
#8332 = PRESENTATION_STYLE_ASSIGNMENT (( #2239 ) ) ;
#8333 = LINE ( 'NONE', #1202, #6224 ) ;
#8334 = ADVANCED_FACE ( 'NONE', ( #6077 ), #3703, .F. ) ;
#8335 = CARTESIAN_POINT ( 'NONE',  ( 15.50000000000000000, 1.898202538678397600E-015, 0.0000000000000000000 ) ) ;
#8336 = SURFACE_STYLE_USAGE ( .BOTH. , #3020 ) ;
#8337 = CARTESIAN_POINT ( 'NONE',  ( 3.503880904858911000, -21.25000000000000700, 44.41033917074156500 ) ) ;
#8338 = DIRECTION ( 'NONE',  ( 1.000000000000000000, 0.0000000000000000000, -0.0000000000000000000 ) ) ;
#8339 = AXIS2_PLACEMENT_3D ( 'NONE', #9346, #611, #7670 ) ;
#8340 = VECTOR ( 'NONE', #7331, 1000.000000000000000 ) ;
#8341 = DIRECTION ( 'NONE',  ( -1.000000000000000000, 0.0000000000000000000, 0.0000000000000000000 ) ) ;
#8342 = EDGE_CURVE ( 'NONE', #4899, #1327, #2457, .T. ) ;
#8343 = AXIS2_PLACEMENT_3D ( 'NONE', #2651, #8203, #4388 ) ;
#8344 = UNCERTAINTY_MEASURE_WITH_UNIT (LENGTH_MEASURE( 1.000000000000000100E-005 ), #9323, 'distance_accuracy_value', 'NONE');
#8345 = ORIENTED_EDGE ( 'NONE', *, *, #7988, .T. ) ;
#8346 = DIRECTION ( 'NONE',  ( 1.000000000000000000, 0.0000000000000000000, 0.0000000000000000000 ) ) ;
#8347 = CARTESIAN_POINT ( 'NONE',  ( 20.64999999999999900, 17.14999999999999500, 48.00000000000000000 ) ) ;
#8348 = ORIENTED_EDGE ( 'NONE', *, *, #4210, .F. ) ;
#8349 = SURFACE_STYLE_FILL_AREA ( #2378 ) ;
#8350 = DIRECTION ( 'NONE',  ( -0.0000000000000000000, 1.000000000000000000, 0.0000000000000000000 ) ) ;
#8351 = DIRECTION ( 'NONE',  ( -0.0000000000000000000, -0.0000000000000000000, 1.000000000000000000 ) ) ;
#8352 = CARTESIAN_POINT ( 'NONE',  ( -15.50000000000016500, 15.49999999999897500, 46.50000000000000000 ) ) ;
#8353 = VECTOR ( 'NONE', #8187, 1000.000000000000000 ) ;
#8354 = FACE_OUTER_BOUND ( 'NONE', #7915, .T. ) ;
#8355 = AXIS2_PLACEMENT_3D ( 'NONE', #8941, #2687, #5044 ) ;
#8356 = CARTESIAN_POINT ( 'NONE',  ( 18.79644660940673600, -18.79644660940669000, 48.00000000000000000 ) ) ;
#8357 = ADVANCED_FACE ( 'NONE', ( #4572 ), #1586, .T. ) ;
#8358 = EDGE_CURVE ( 'NONE', #9319, #4899, #9197, .T. ) ;
#8359 = B_SPLINE_CURVE_WITH_KNOTS ( 'NONE', 3,
 ( #3725, #10047, #9316, #8433 ),
 .UNSPECIFIED., .F., .F.,
 ( 4, 4 ),
 ( 0.0000000000000000000, 0.0002154103325655573700 ),
 .UNSPECIFIED. ) ;
#8360 = EDGE_CURVE ( 'NONE', #2882, #8404, #8551, .T. ) ;
#8361 = DIRECTION ( 'NONE',  ( -1.000000000000000000, 5.828955545431405900E-015, 0.0000000000000000000 ) ) ;
#8362 = ORIENTED_EDGE ( 'NONE', *, *, #4882, .T. ) ;
#8363 = CARTESIAN_POINT ( 'NONE',  ( 0.0000000000000000000, 0.0000000000000000000, -24.00000000000000000 ) ) ;
#8364 = ORIENTED_EDGE ( 'NONE', *, *, #3260, .T. ) ;
#8365 = DIRECTION ( 'NONE',  ( -0.7423134210256077100, 0.0000000000000000000, -0.6700528225186868100 ) ) ;
#8366 = LINE ( 'NONE', #6180, #9110 ) ;
#8367 = CARTESIAN_POINT ( 'NONE',  ( 0.0000000000000000000, 0.0000000000000000000, -2.000000000000000000 ) ) ;
#8368 = PRESENTATION_STYLE_ASSIGNMENT (( #1522 ) ) ;
#8370 = DIRECTION ( 'NONE',  ( -1.000000000000000000, 0.0000000000000000000, 1.301042606982604100E-015 ) ) ;
#8369 = CARTESIAN_POINT ( 'NONE',  ( 15.07550534522235900, 14.21692477204116200, 46.50000000000000000 ) ) ;
#8371 = CIRCLE ( 'NONE', #4819, 1.249999999999997600 ) ;
#8372 = CARTESIAN_POINT ( 'NONE',  ( 3.500000000000000000, 4.286263797015736600E-016, -1.734723475976807100E-015 ) ) ;
#8373 = CARTESIAN_POINT ( 'NONE',  ( 18.50000000000079900, -15.49999999999983700, 46.00000000000000000 ) ) ;
#8374 = EDGE_LOOP ( 'NONE', ( #429, #3660, #5986, #4023 ) ) ;
#8375 = STYLED_ITEM ( 'NONE', ( #7262 ), #1073 ) ;
#8376 = STYLED_ITEM ( 'NONE', ( #3979 ), #6773 ) ;
#8377 = PRESENTATION_STYLE_ASSIGNMENT (( #10073 ) ) ;
#8378 = CARTESIAN_POINT ( 'NONE',  ( 0.0000000000000000000, 0.0000000000000000000, -53.84951795962939500 ) ) ;
#8379 =( NAMED_UNIT ( * ) PLANE_ANGLE_UNIT ( ) SI_UNIT ( $, .RADIAN. ) );
#8380 = CIRCLE ( 'NONE', #8280, 0.5000000000000004400 ) ;
#8381 = VECTOR ( 'NONE', #5742, 1000.000000000000000 ) ;
#8382 = ORIENTED_EDGE ( 'NONE', *, *, #1810, .F. ) ;
#8383 = ORIENTED_EDGE ( 'NONE', *, *, #9971, .F. ) ;
#8384 = ORIENTED_EDGE ( 'NONE', *, *, #3603, .F. ) ;
#8385 = CARTESIAN_POINT ( 'NONE',  ( 16.84930666606603500, 15.94640676939203200, 47.49262389544735900 ) ) ;
#8386 = FACE_OUTER_BOUND ( 'NONE', #7570, .T. ) ;
#8387 = ADVANCED_FACE ( 'NONE', ( #4806 ), #3940, .F. ) ;
#8388 = DIRECTION ( 'NONE',  ( -1.000000000000000000, 0.0000000000000000000, 0.0000000000000000000 ) ) ;
#8389 = CARTESIAN_POINT ( 'NONE',  ( -14.21692477204121700, 15.85270061781417900, 47.49983667794647600 ) ) ;
#8390 = CYLINDRICAL_SURFACE ( 'NONE', #8494, 0.5787973969144516500 ) ;
#8391 = DIRECTION ( 'NONE',  ( 0.0000000000000000000, 0.0000000000000000000, -1.000000000000000000 ) ) ;
#8392 = DIRECTION ( 'NONE',  ( 0.0000000000000000000, 0.0000000000000000000, 1.000000000000000000 ) ) ;
#8393 = AXIS2_PLACEMENT_3D ( 'NONE', #5779, #2408, #1005 ) ;
#8394 = PRESENTATION_LAYER_ASSIGNMENT (  '', '', ( #392 ) ) ;
#8395 = VERTEX_POINT ( 'NONE', #3767 ) ;
#8396 = ORIENTED_EDGE ( 'NONE', *, *, #2487, .T. ) ;
#8397 = DIRECTION ( 'NONE',  ( 0.0000000000000000000, -1.000000000000000000, 0.0000000000000000000 ) ) ;
#8398 = DIRECTION ( 'NONE',  ( -0.0000000000000000000, -0.0000000000000000000, 1.000000000000000000 ) ) ;
#8399 = DIRECTION ( 'NONE',  ( 0.0000000000000000000, 0.0000000000000000000, 1.000000000000000000 ) ) ;
#8400 = DIRECTION ( 'NONE',  ( 0.0000000000000000000, 0.0000000000000000000, -1.000000000000000000 ) ) ;
#8401 = DIRECTION ( 'NONE',  ( 1.000000000000000000, 0.0000000000000000000, 0.0000000000000000000 ) ) ;
#8403 =( LENGTH_UNIT ( ) NAMED_UNIT ( * ) SI_UNIT ( .MILLI., .METRE. ) );
#8402 =( LENGTH_UNIT ( ) NAMED_UNIT ( * ) SI_UNIT ( .MILLI., .METRE. ) );
#8404 = VERTEX_POINT ( 'NONE', #7812 ) ;
#8405 = EDGE_CURVE ( 'NONE', #8157, #4068, #8690, .T. ) ;
#8406 = VERTEX_POINT ( 'NONE', #5414 ) ;
#8407 = ORIENTED_EDGE ( 'NONE', *, *, #7531, .F. ) ;
#8408 = AXIS2_PLACEMENT_3D ( 'NONE', #9876, #333, #5269 ) ;
#8409 =( NAMED_UNIT ( * ) PLANE_ANGLE_UNIT ( ) SI_UNIT ( $, .RADIAN. ) );
#8410 = SURFACE_SIDE_STYLE ('',( #1300 ) ) ;
#8411 = LINE ( 'NONE', #995, #9534 ) ;
#8412 = EDGE_CURVE ( 'NONE', #4548, #9241, #726, .T. ) ;
#8413 = EDGE_LOOP ( 'NONE', ( #4418, #2095 ) ) ;
#8414 = SURFACE_STYLE_USAGE ( .BOTH. , #2710 ) ;
#8415 = CARTESIAN_POINT ( 'NONE',  ( -14.25314224406689000, 15.07550534522231100, 47.50000000000000000 ) ) ;
#8416 = EDGE_CURVE ( 'NONE', #3687, #7748, #3086, .T. ) ;
#8417 = DIRECTION ( 'NONE',  ( 0.7071067811865441300, 0.7071067811865510100, 0.0000000000000000000 ) ) ;
#8418 = VERTEX_POINT ( 'NONE', #658 ) ;
#8419 = ORIENTED_EDGE ( 'NONE', *, *, #1603, .T. ) ;
#8420 = ORIENTED_EDGE ( 'NONE', *, *, #1018, .T. ) ;
#8421 = CIRCLE ( 'NONE', #483, 0.5000000000000004400 ) ;
#8422 = ORIENTED_EDGE ( 'NONE', *, *, #5262, .T. ) ;
#8423 = AXIS2_PLACEMENT_3D ( 'NONE', #8066, #8804, #6498 ) ;
#8424 = CARTESIAN_POINT ( 'NONE',  ( -15.05359323060823600, 14.15069333393197400, 46.50000000000000000 ) ) ;
#8425 = EDGE_CURVE ( 'NONE', #5574, #2697, #1578, .T. ) ;
#8426 = VECTOR ( 'NONE', #5102, 1000.000000000000000 ) ;
#8427 = EDGE_CURVE ( 'NONE', #430, #3875, #94, .T. ) ;
#8428 = DIRECTION ( 'NONE',  ( -0.0000000000000000000, -0.0000000000000000000, -1.000000000000000000 ) ) ;
#8429 = DIRECTION ( 'NONE',  ( -1.000000000000000000, 0.0000000000000000000, 0.0000000000000000000 ) ) ;
#8430 = VERTEX_POINT ( 'NONE', #3197 ) ;
#8431 = EDGE_LOOP ( 'NONE', ( #9532, #1934 ) ) ;
#8432 = DIRECTION ( 'NONE',  ( 0.0000000000000000000, 0.0000000000000000000, 1.000000000000000000 ) ) ;
#8433 = CARTESIAN_POINT ( 'NONE',  ( -16.78307522795903500, 15.07550534522243900, 47.49867441544049700 ) ) ;
#8434 = CARTESIAN_POINT ( 'NONE',  ( -3.500000000000000000, 0.0000000000000000000, -1.734723475976807100E-015 ) ) ;
#8435 = VERTEX_POINT ( 'NONE', #6380 ) ;
#8436 = CARTESIAN_POINT ( 'NONE',  ( 16.94289321881344900, -20.65000000000000200, 0.5000000000000000000 ) ) ;
#8438 = FILL_AREA_STYLE_COLOUR ( '', #1865 ) ;
#8437 =( LENGTH_UNIT ( ) NAMED_UNIT ( * ) SI_UNIT ( .MILLI., .METRE. ) );
#8439 = AXIS2_PLACEMENT_3D ( 'NONE', #4600, #3051, #6148 ) ;
#8440 = ADVANCED_FACE ( 'NONE', ( #8166 ), #471, .T. ) ;
#8441 = ORIENTED_EDGE ( 'NONE', *, *, #7149, .T. ) ;
#8442 = ORIENTED_EDGE ( 'NONE', *, *, #6229, .T. ) ;
#8443 = CARTESIAN_POINT ( 'NONE',  ( 15.07550534522235900, 14.27125906389306200, 47.50000000000000000 ) ) ;
#8444 = ORIENTED_EDGE ( 'NONE', *, *, #9811, .F. ) ;
#8445 =( LENGTH_UNIT ( ) NAMED_UNIT ( * ) SI_UNIT ( .MILLI., .METRE. ) );
#8446 = CARTESIAN_POINT ( 'NONE',  ( 16.78307522795900700, -15.85270061781651100, 47.49983667794647600 ) ) ;
#8447 = SURFACE_STYLE_FILL_AREA ( #303 ) ;
#8448 = EDGE_LOOP ( 'NONE', ( #304, #10039, #6082, #1154, #4143 ) ) ;
#8449 = AXIS2_PLACEMENT_3D ( 'NONE', #4834, #978, #6589 ) ;
#8450 = AXIS2_PLACEMENT_3D ( 'NONE', #6644, #5836, #9951 ) ;
#8451 = ORIENTED_EDGE ( 'NONE', *, *, #6087, .F. ) ;
#8452 = UNCERTAINTY_MEASURE_WITH_UNIT (LENGTH_MEASURE( 1.000000000000000100E-005 ), #772, 'distance_accuracy_value', 'NONE');
#8453 = DIRECTION ( 'NONE',  ( 1.000000000000000000, -4.086561412391584500E-015, -0.0000000000000000000 ) ) ;
#8454 = CIRCLE ( 'NONE', #6413, 1.000000000000000900 ) ;
#8455 = DIRECTION ( 'NONE',  ( 0.0000000000000000000, 0.0000000000000000000, 1.000000000000000000 ) ) ;
#8456 = FILL_AREA_STYLE ('',( #6099 ) ) ;
#8457 =( NAMED_UNIT ( * ) SI_UNIT ( $, .STERADIAN. ) SOLID_ANGLE_UNIT ( ) );
#8458 = CARTESIAN_POINT ( 'NONE',  ( -1.379851512413568000, -39.15000000000000600, 42.12714644778323200 ) ) ;
#8459 = ADVANCED_FACE ( 'NONE', ( #6310 ), #8304, .T. ) ;
#8460 = LINE ( 'NONE', #4041, #5721 ) ;
#8461 = LINE ( 'NONE', #8146, #1249 ) ;
#8462 = DIRECTION ( 'NONE',  ( 8.202002250481356300E-017, -1.000000000000000000, 0.0000000000000000000 ) ) ;
#8463 = DIRECTION ( 'NONE',  ( 0.7071067811865474600, 0.7071067811865474600, -0.0000000000000000000 ) ) ;
#8464 = AXIS2_PLACEMENT_3D ( 'NONE', #9773, #4981, #1020 ) ;
#8465 = DIRECTION ( 'NONE',  ( 1.000000000000000000, 0.0000000000000000000, 0.0000000000000000000 ) ) ;
#8467 = EDGE_CURVE ( 'NONE', #9241, #161, #5444, .T. ) ;
#8466 = CARTESIAN_POINT ( 'NONE',  ( 16.75000000000010700, -15.49999999999989200, -2.266821225221747900E-017 ) ) ;
#8468 = EDGE_CURVE ( 'NONE', #1967, #4211, #6824, .T. ) ;
#8470 = DIRECTION ( 'NONE',  ( -0.7071067811865510100, -0.7071067811865441300, 0.0000000000000000000 ) ) ;
#8469 = CARTESIAN_POINT ( 'NONE',  ( 11.50000000000000000, 1.408343819019456200E-015, 0.0000000000000000000 ) ) ;
#8471 = ORIENTED_EDGE ( 'NONE', *, *, #2887, .T. ) ;
#8472 = STYLED_ITEM ( 'NONE', ( #4308 ), #8847 ) ;
#8473 =( NAMED_UNIT ( * ) PLANE_ANGLE_UNIT ( ) SI_UNIT ( $, .RADIAN. ) );
#8474 = CARTESIAN_POINT ( 'NONE',  ( -16.78307522795910200, 15.78089184510488400, 47.50000000000000000 ) ) ;
#8475 = VECTOR ( 'NONE', #4126, 1000.000000000000000 ) ;
#8476 = COLOUR_RGB ( '',0.2509803921568627400, 0.2509803921568627400, 0.2509803921568627400 ) ;
#8477 = FACE_OUTER_BOUND ( 'NONE', #4505, .T. ) ;
#8478 = PLANE ( 'NONE',  #3281 ) ;
#8479 = DIRECTION ( 'NONE',  ( 0.0000000000000000000, 0.0000000000000000000, 1.000000000000000000 ) ) ;
#8480 = AXIS2_PLACEMENT_3D ( 'NONE', #6513, #4292, #4186 ) ;
#8481 = EDGE_CURVE ( 'NONE', #1571, #3694, #9583, .T. ) ;
#8482 = ORIENTED_EDGE ( 'NONE', *, *, #7212, .F. ) ;
#8483 = EDGE_CURVE ( 'NONE', #6145, #2697, #3813, .T. ) ;
#8484 = CYLINDRICAL_SURFACE ( 'NONE', #391, 2.999999999999999100 ) ;
#8485 = CARTESIAN_POINT ( 'NONE',  ( -2.500000000000000000, 3.061616997868383100E-016, -23.50000000000000700 ) ) ;
#8486 = ADVANCED_FACE ( 'NONE', ( #6198 ), #5319, .F. ) ;
#8487 = CARTESIAN_POINT ( 'NONE',  ( -16.94289321881343500, -21.15000000000000600, 47.50000000000000000 ) ) ;
#8488 = ORIENTED_EDGE ( 'NONE', *, *, #4861, .F. ) ;
#8489 = CARTESIAN_POINT ( 'NONE',  ( 0.0000000000000000000, 0.0000000000000000000, 8.000000000000000000 ) ) ;
#8490 = COLOUR_RGB ( '',0.2509803921568627400, 0.2509803921568627400, 0.2509803921568627400 ) ;
#8491 = UNCERTAINTY_MEASURE_WITH_UNIT (LENGTH_MEASURE( 1.000000000000000100E-005 ), #2340, 'distance_accuracy_value', 'NONE');
#8492 = AXIS2_PLACEMENT_3D ( 'NONE', #8224, #337, #7386 ) ;
#8493 =( NAMED_UNIT ( * ) PLANE_ANGLE_UNIT ( ) SI_UNIT ( $, .RADIAN. ) );
#8494 = AXIS2_PLACEMENT_3D ( 'NONE', #10312, #4034, #3935 ) ;
#8495 = EDGE_CURVE ( 'NONE', #321, #2856, #9801, .T. ) ;
#8496 = CIRCLE ( 'NONE', #6427, 25.00000000000000000 ) ;
#8497 = DIRECTION ( 'NONE',  ( 1.000000000000000000, 0.0000000000000000000, 0.0000000000000000000 ) ) ;
#8498 =( NAMED_UNIT ( * ) SI_UNIT ( $, .STERADIAN. ) SOLID_ANGLE_UNIT ( ) );
#8499 = CARTESIAN_POINT ( 'NONE',  ( -15.05359323060823400, 15.92449465477564100, 47.50000000000000000 ) ) ;
#8500 = ORIENTED_EDGE ( 'NONE', *, *, #2291, .T. ) ;
#8501 = ORIENTED_EDGE ( 'NONE', *, *, #87, .F. ) ;
#8502 = FACE_OUTER_BOUND ( 'NONE', #5341, .T. ) ;
#8503 = FILL_AREA_STYLE ('',( #2948 ) ) ;
#8504 = FACE_BOUND ( 'NONE', #9460, .T. ) ;
#8505 = FILL_AREA_STYLE ('',( #2952 ) ) ;
#8506 = CARTESIAN_POINT ( 'NONE',  ( -16.72095085742198600, -15.94640676939191900, 47.50000000000000000 ) ) ;
#8507 = ORIENTED_EDGE ( 'NONE', *, *, #1067, .F. ) ;
#8508 = ORIENTED_EDGE ( 'NONE', *, *, #9281, .F. ) ;
#8509 = CARTESIAN_POINT ( 'NONE',  ( -15.92449465477579700, -15.05359323060806700, 46.50000000000000000 ) ) ;
#8510 = ORIENTED_EDGE ( 'NONE', *, *, #8949, .F. ) ;
#8511 =( GEOMETRIC_REPRESENTATION_CONTEXT ( 3 ) GLOBAL_UNCERTAINTY_ASSIGNED_CONTEXT ( ( #6001 ) ) GLOBAL_UNIT_ASSIGNED_CONTEXT ( ( #4897, #2539, #8768 ) ) REPRESENTATION_CONTEXT ( 'NONE', 'WORKASPACE' ) );
#8512 = STYLED_ITEM ( 'NONE', ( #8222 ), #6663 ) ;
#8513 = SURFACE_SIDE_STYLE ('',( #5631 ) ) ;
#8514 = DIRECTION ( 'NONE',  ( -5.627273829055637800E-015, -1.000000000000000000, -0.0000000000000000000 ) ) ;
#8515 = ORIENTED_EDGE ( 'NONE', *, *, #1287, .T. ) ;
#8516 = LINE ( 'NONE', #6312, #6395 ) ;
#8517 =( NAMED_UNIT ( * ) SI_UNIT ( $, .STERADIAN. ) SOLID_ANGLE_UNIT ( ) );
#8518 = VERTEX_POINT ( 'NONE', #6348 ) ;
#8519 = COLOUR_RGB ( '',0.2509803921568627400, 0.2509803921568627400, 0.2509803921568627400 ) ;
#8520 =( NAMED_UNIT ( * ) PLANE_ANGLE_UNIT ( ) SI_UNIT ( $, .RADIAN. ) );
#8521 = DIRECTION ( 'NONE',  ( -7.503031772074197400E-015, -1.000000000000000000, -0.0000000000000000000 ) ) ;
#8522 = AXIS2_PLACEMENT_3D ( 'NONE', #251, #2655, #5150 ) ;
#8523 = CIRCLE ( 'NONE', #555, 0.4999999999999982200 ) ;
#8524 = VERTEX_POINT ( 'NONE', #1583 ) ;
#8525 = ORIENTED_EDGE ( 'NONE', *, *, #3427, .F. ) ;
#8526 = VECTOR ( 'NONE', #5861, 1000.000000000000000 ) ;
#8527 = ORIENTED_EDGE ( 'NONE', *, *, #8051, .F. ) ;
#8528 = ORIENTED_EDGE ( 'NONE', *, *, #6014, .F. ) ;
#8529 = EDGE_LOOP ( 'NONE', ( #6063, #4456, #3227, #9216 ) ) ;
#8530 = DIRECTION ( 'NONE',  ( -0.0000000000000000000, -0.0000000000000000000, -1.000000000000000000 ) ) ;
#8531 = CARTESIAN_POINT ( 'NONE',  ( 3.600000000000001400, -19.15000000000000600, 44.50000000000000000 ) ) ;
#8532 = CARTESIAN_POINT ( 'NONE',  ( -15.50000000000016500, 15.49999999999897500, 47.50000000000000000 ) ) ;
#8533 = FACE_OUTER_BOUND ( 'NONE', #9329, .T. ) ;
#8535 = CARTESIAN_POINT ( 'NONE',  ( 15.92449465477569600, 15.94640676939203600, 47.50000000000000000 ) ) ;
#8534 = CARTESIAN_POINT ( 'NONE',  ( 20.65000000000000200, -16.94289321881343100, 47.50000000000000000 ) ) ;
#8536 = VERTEX_POINT ( 'NONE', #3969 ) ;
#8537 = UNCERTAINTY_MEASURE_WITH_UNIT (LENGTH_MEASURE( 1.000000000000000100E-005 ), #4846, 'distance_accuracy_value', 'NONE');
#8538 = ADVANCED_FACE ( 'NONE', ( #1330 ), #6069, .T. ) ;
#8539 =( GEOMETRIC_REPRESENTATION_CONTEXT ( 3 ) GLOBAL_UNCERTAINTY_ASSIGNED_CONTEXT ( ( #1125 ) ) GLOBAL_UNIT_ASSIGNED_CONTEXT ( ( #8863, #6493, #136 ) ) REPRESENTATION_CONTEXT ( 'NONE', 'WORKASPACE' ) );
#8540 = DIRECTION ( 'NONE',  ( -1.000000000000000000, 0.0000000000000000000, 0.0000000000000000000 ) ) ;
#8541 = SURFACE_STYLE_FILL_AREA ( #6591 ) ;
#8542 = CARTESIAN_POINT ( 'NONE',  ( -11.99999999999923600, 15.49999999999897500, 48.00000000000000000 ) ) ;
#8543 = ORIENTED_EDGE ( 'NONE', *, *, #5545, .T. ) ;
#8544 = EDGE_CURVE ( 'NONE', #4899, #9319, #2575, .T. ) ;
#8545 = CARTESIAN_POINT ( 'NONE',  ( 0.0000000000000000000, 0.0000000000000000000, 1.000000000000000000 ) ) ;
#8546 = CIRCLE ( 'NONE', #7926, 2.000000000000029300 ) ;
#8547 = ORIENTED_EDGE ( 'NONE', *, *, #2696, .F. ) ;
#8548 = LINE ( 'NONE', #8458, #9317 ) ;
#8549 = EDGE_LOOP ( 'NONE', ( #3899, #8543, #7913, #7729 ) ) ;
#8550 = FACE_OUTER_BOUND ( 'NONE', #3324, .T. ) ;
#8551 = CIRCLE ( 'NONE', #8257, 4.000000000000000000 ) ;
#8552 = DIRECTION ( 'NONE',  ( 1.000000000000000000, -1.125454765811129600E-014, 0.0000000000000000000 ) ) ;
#8553 = EDGE_CURVE ( 'NONE', #972, #6174, #4451, .T. ) ;
#8554 = EDGE_CURVE ( 'NONE', #4879, #5589, #6553, .T. ) ;
#8555 = VERTEX_POINT ( 'NONE', #1610 ) ;
#8556 = CARTESIAN_POINT ( 'NONE',  ( 0.0000000000000000000, 0.0000000000000000000, 7.999999999999992900 ) ) ;
#8557 = CARTESIAN_POINT ( 'NONE',  ( 0.0000000000000000000, 0.0000000000000000000, 0.0000000000000000000 ) ) ;
#8558 = DIRECTION ( 'NONE',  ( -1.000000000000000000, 0.0000000000000000000, 0.0000000000000000000 ) ) ;
#8559 = ORIENTED_EDGE ( 'NONE', *, *, #66, .T. ) ;
#8560 = CARTESIAN_POINT ( 'NONE',  ( -16.76498005845837400, 15.92449465477565200, 47.49955985394395000 ) ) ;
#8561 = LINE ( 'NONE', #4854, #7191 ) ;
#8562 = B_SPLINE_CURVE_WITH_KNOTS ( 'NONE', 3,
 ( #4756, #2588, #5610, #8974 ),
 .UNSPECIFIED., .F., .F.,
 ( 4, 4 ),
 ( 0.0000000000000000000, 0.0002154103325660292700 ),
 .UNSPECIFIED. ) ;
#8563 = CARTESIAN_POINT ( 'NONE',  ( 2.500000000000000000, 0.0000000000000000000, -24.00000000000000000 ) ) ;
#8564 =( NAMED_UNIT ( * ) PLANE_ANGLE_UNIT ( ) SI_UNIT ( $, .RADIAN. ) );
#8565 = VERTEX_POINT ( 'NONE', #8841 ) ;
#8566 = DIRECTION ( 'NONE',  ( -0.0000000000000000000, 1.000000000000000000, -0.0000000000000000000 ) ) ;
#8567 = ORIENTED_EDGE ( 'NONE', *, *, #10161, .T. ) ;
#8568 = STYLED_ITEM ( 'NONE', ( #5620 ), #1019 ) ;
#8569 = AXIS2_PLACEMENT_3D ( 'NONE', #2473, #6365, #2342 ) ;
#8570 = COLOUR_RGB ( '',0.2509803921568627400, 0.2509803921568627400, 0.2509803921568627400 ) ;
#8571 = DIRECTION ( 'NONE',  ( 0.0000000000000000000, 0.0000000000000000000, 1.000000000000000000 ) ) ;
#8572 = CARTESIAN_POINT ( 'NONE',  ( -15.94640676939209500, 16.84930666606597800, 46.50000000000000000 ) ) ;
#8573 = CARTESIAN_POINT ( 'NONE',  ( 21.48980450031715600, -21.25000000000000700, 23.80733243662596600 ) ) ;
#8574 = DIRECTION ( 'NONE',  ( 0.0000000000000000000, 0.0000000000000000000, -1.000000000000000000 ) ) ;
#8575 = DIRECTION ( 'NONE',  ( 0.0000000000000000000, 1.000000000000000000, 0.0000000000000000000 ) ) ;
#8576 = ORIENTED_EDGE ( 'NONE', *, *, #2293, .F. ) ;
#8577 = DIRECTION ( 'NONE',  ( -0.7071067811865474600, 0.7071067811865474600, -0.0000000000000000000 ) ) ;
#8578 = LINE ( 'NONE', #1597, #4961 ) ;
#8579 = LINE ( 'NONE', #7802, #7593 ) ;
#8580 = PRESENTATION_LAYER_ASSIGNMENT (  '', '', ( #9122 ) ) ;
#8581 = PRESENTATION_LAYER_ASSIGNMENT (  '', '', ( #7842 ) ) ;
#8582 = CARTESIAN_POINT ( 'NONE',  ( 20.64999999999999900, 16.94289321881344200, 47.50000000000000000 ) ) ;
#8583 = ADVANCED_FACE ( 'NONE', ( #7683 ), #7426, .T. ) ;
#8584 = DIRECTION ( 'NONE',  ( 0.0000000000000000000, 0.0000000000000000000, 1.000000000000000000 ) ) ;
#8585 = CARTESIAN_POINT ( 'NONE',  ( 21.48980450031715600, -19.15000000000000600, 23.80733243662596600 ) ) ;
#8586 = CARTESIAN_POINT ( 'NONE',  ( -14.15069333393214100, -15.94640676939194500, 47.49262389544732300 ) ) ;
#8587 = ORIENTED_EDGE ( 'NONE', *, *, #1276, .T. ) ;
#8588 = EDGE_CURVE ( 'NONE', #5835, #6300, #8678, .T. ) ;
#8589 = CARTESIAN_POINT ( 'NONE',  ( -16.80000000000016400, 15.49999999999897500, 46.50000000000000000 ) ) ;
#8590 = CARTESIAN_POINT ( 'NONE',  ( 1.270660914494728500, 2.000000000000000000, -23.63760345130316800 ) ) ;
#8591 = PRESENTATION_LAYER_ASSIGNMENT (  '', '', ( #3606 ) ) ;
#8592 = ORIENTED_EDGE ( 'NONE', *, *, #5811, .T. ) ;
#8593 = CARTESIAN_POINT ( 'NONE',  ( 15.94640676939199500, -15.07550534522242500, 47.50000000000000000 ) ) ;
#8594 = PRESENTATION_STYLE_ASSIGNMENT (( #9037 ) ) ;
#8595 = CARTESIAN_POINT ( 'NONE',  ( 1.500000000000000200, 2.000000000000000000, -1.899999999999999900 ) ) ;
#8596 = COLOUR_RGB ( '',0.2509803921568627400, 0.2509803921568627400, 0.2509803921568627400 ) ;
#8597 = EDGE_CURVE ( 'NONE', #9261, #7525, #4320, .T. ) ;
#8599 = CARTESIAN_POINT ( 'NONE',  ( -15.50000000000016500, 15.49999999999897500, 47.50000000000000000 ) ) ;
#8598 = CARTESIAN_POINT ( 'NONE',  ( -15.94640676939209500, 14.15069333393197400, 47.49262389544726700 ) ) ;
#8600 = PRESENTATION_LAYER_ASSIGNMENT (  '', '', ( #7682 ) ) ;
#8601 = FACE_BOUND ( 'NONE', #7564, .T. ) ;
#8602 = DIRECTION ( 'NONE',  ( -1.000000000000000000, -9.399091248501948900E-014, 0.0000000000000000000 ) ) ;
#8603 = CARTESIAN_POINT ( 'NONE',  ( 16.84930666606603500, 15.94640676939203200, 47.49262389544735900 ) ) ;
#8604 = ORIENTED_EDGE ( 'NONE', *, *, #9547, .T. ) ;
#8605 = VERTEX_POINT ( 'NONE', #6620 ) ;
#8606 = LINE ( 'NONE', #7605, #4111 ) ;
#8607 = CARTESIAN_POINT ( 'NONE',  ( -14.21692477204121700, 15.92449465477564100, 47.49867441544049000 ) ) ;
#8608 = DIRECTION ( 'NONE',  ( -0.0000000000000000000, -0.0000000000000000000, -1.000000000000000000 ) ) ;
#8609 = DIRECTION ( 'NONE',  ( -1.000000000000000000, 0.0000000000000000000, 0.0000000000000000000 ) ) ;
#8610 = DIRECTION ( 'NONE',  ( -1.000000000000000000, 0.0000000000000000000, 0.0000000000000000000 ) ) ;
#8611 = AXIS2_PLACEMENT_3D ( 'NONE', #1126, #4337, #4302 ) ;
#8612 = LINE ( 'NONE', #2158, #9740 ) ;
#8613 = EDGE_CURVE ( 'NONE', #7690, #2715, #2092, .T. ) ;
#8614 = EDGE_CURVE ( 'NONE', #2355, #2198, #10180, .T. ) ;
#8615 = VERTEX_POINT ( 'NONE', #5688 ) ;
#8616 = AXIS2_PLACEMENT_3D ( 'NONE', #2612, #5700, #5728 ) ;
#8617 = VECTOR ( 'NONE', #108, 1000.000000000000000 ) ;
#8618 = UNCERTAINTY_MEASURE_WITH_UNIT (LENGTH_MEASURE( 1.000000000000000100E-005 ), #9020, 'distance_accuracy_value', 'NONE');
#8619 = VECTOR ( 'NONE', #8521, 1000.000000000000000 ) ;
#8620 = CARTESIAN_POINT ( 'NONE',  ( -15.14729938218180600, -16.78307522795895700, 47.49983667794647600 ) ) ;
#8621 = UNCERTAINTY_MEASURE_WITH_UNIT (LENGTH_MEASURE( 1.000000000000000100E-005 ), #5822, 'distance_accuracy_value', 'NONE');
#8622 = CARTESIAN_POINT ( 'NONE',  ( -21.66084925377253600, -19.15000000000000600, 23.57210065851715100 ) ) ;
#8623 = LINE ( 'NONE', #2506, #2407 ) ;
#8624 = CARTESIAN_POINT ( 'NONE',  ( 15.92449465477569200, 14.27125906389250100, 47.50000000000000000 ) ) ;
#8625 = CARTESIAN_POINT ( 'NONE',  ( -20.64999999999999500, 16.94289321881344500, 0.5000000000000000000 ) ) ;
#8626 = UNCERTAINTY_MEASURE_WITH_UNIT (LENGTH_MEASURE( 1.000000000000000100E-005 ), #8445, 'distance_accuracy_value', 'NONE');
#8627 = VERTEX_POINT ( 'NONE', #226 ) ;
#8628 = ORIENTED_EDGE ( 'NONE', *, *, #9834, .T. ) ;
#8629 = ORIENTED_EDGE ( 'NONE', *, *, #3485, .F. ) ;
#8630 = LINE ( 'NONE', #10204, #7758 ) ;
#8631 = CIRCLE ( 'NONE', #4382, 1.249999999999999300 ) ;
#8632 = EDGE_CURVE ( 'NONE', #60, #3659, #7053, .T. ) ;
#8633 = CARTESIAN_POINT ( 'NONE',  ( 17.14999999999998400, -20.65000000000000600, 48.00000000000000000 ) ) ;
#8634 = CARTESIAN_POINT ( 'NONE',  ( -20.64999999999999500, 16.94289321881343800, 38.00000000000000000 ) ) ;
#8635 = LINE ( 'NONE', #6582, #6908 ) ;
#8636 = DIRECTION ( 'NONE',  ( 1.000000000000000000, 0.0000000000000000000, 0.0000000000000000000 ) ) ;
#8637 = COLOUR_RGB ( '',0.0000000000000000000, 0.0000000000000000000, 0.0000000000000000000 ) ;
#8638 = DIRECTION ( 'NONE',  ( -1.000000000000000000, 0.0000000000000000000, 0.0000000000000000000 ) ) ;
#8640 = DIRECTION ( 'NONE',  ( 0.0000000000000000000, -0.0000000000000000000, -1.000000000000000000 ) ) ;
#8639 = SURFACE_SIDE_STYLE ('',( #9461 ) ) ;
#8641 = ORIENTED_EDGE ( 'NONE', *, *, #3603, .T. ) ;
#8642 = ORIENTED_EDGE ( 'NONE', *, *, #8745, .T. ) ;
#8643 = FACE_OUTER_BOUND ( 'NONE', #5729, .T. ) ;
#8645 = VECTOR ( 'NONE', #8074, 1000.000000000000100 ) ;
#8644 = DIRECTION ( 'NONE',  ( -0.0000000000000000000, -0.0000000000000000000, 1.000000000000000000 ) ) ;
#8646 = CARTESIAN_POINT ( 'NONE',  ( -18.79644660940671100, 18.79644660940671100, 48.00000000000000000 ) ) ;
#8647 = CIRCLE ( 'NONE', #6602, 1.249999999999997600 ) ;
#8648 = FACE_OUTER_BOUND ( 'NONE', #6917, .T. ) ;
#8649 = DIRECTION ( 'NONE',  ( 1.000000000000000000, 0.0000000000000000000, 0.0000000000000000000 ) ) ;
#8650 = AXIS2_PLACEMENT_3D ( 'NONE', #192, #230, #1775 ) ;
#8651 = CARTESIAN_POINT ( 'NONE',  ( -16.94289321881342400, -20.65000000000000600, 0.0000000000000000000 ) ) ;
#8652 = CARTESIAN_POINT ( 'NONE',  ( 15.29091159908238300, 16.78307522795906000, 47.50000000000000000 ) ) ;
#8653 = EDGE_LOOP ( 'NONE', ( #9911, #1935, #876, #1221, #5737, #7503 ) ) ;
#8654 = DIRECTION ( 'NONE',  ( -2.081668171172166600E-014, 1.000000000000000000, 0.0000000000000000000 ) ) ;
#8655 = LINE ( 'NONE', #5475, #5287 ) ;
#8656 = ORIENTED_EDGE ( 'NONE', *, *, #792, .F. ) ;
#8657 = ORIENTED_EDGE ( 'NONE', *, *, #2773, .T. ) ;
#8658 = ADVANCED_FACE ( 'NONE', ( #1686 ), #8039, .F. ) ;
#8659 = SURFACE_STYLE_FILL_AREA ( #5247 ) ;
#8660 = ORIENTED_EDGE ( 'NONE', *, *, #9673, .F. ) ;
#8661 = ORIENTED_EDGE ( 'NONE', *, *, #3878, .T. ) ;
#8662 = EDGE_LOOP ( 'NONE', ( #9884, #213, #2686 ) ) ;
#8663 = DIRECTION ( 'NONE',  ( 0.0000000000000000000, 0.0000000000000000000, 1.000000000000000000 ) ) ;
#8664 = ORIENTED_EDGE ( 'NONE', *, *, #3685, .F. ) ;
#8665 = DIRECTION ( 'NONE',  ( 0.0000000000000000000, 0.0000000000000000000, 1.000000000000000000 ) ) ;
#8666 =( GEOMETRIC_REPRESENTATION_CONTEXT ( 3 ) GLOBAL_UNCERTAINTY_ASSIGNED_CONTEXT ( ( #5724 ) ) GLOBAL_UNIT_ASSIGNED_CONTEXT ( ( #8021, #2437, #7924 ) ) REPRESENTATION_CONTEXT ( 'NONE', 'WORKASPACE' ) );
#8667 = SURFACE_STYLE_FILL_AREA ( #4672 ) ;
#8668 = DIRECTION ( 'NONE',  ( -4.146740463834175500E-015, -1.000000000000000000, 0.0000000000000000000 ) ) ;
#8669 = EDGE_LOOP ( 'NONE', ( #2854, #2681, #5107, #7035 ) ) ;
#8670 = UNCERTAINTY_MEASURE_WITH_UNIT (LENGTH_MEASURE( 1.000000000000000100E-005 ), #10056, 'distance_accuracy_value', 'NONE');
#8671 = AXIS2_PLACEMENT_3D ( 'NONE', #9465, #6252, #8609 ) ;
#8672 = CARTESIAN_POINT ( 'NONE',  ( 0.0000000000000000000, 21.15999999999999700, 5.999999999999998200 ) ) ;
#8673 = VECTOR ( 'NONE', #1102, 1000.000000000000000 ) ;
#8674 = DIRECTION ( 'NONE',  ( 8.173122824782951300E-015, 1.000000000000000000, 0.0000000000000000000 ) ) ;
#8675 = ORIENTED_EDGE ( 'NONE', *, *, #7076, .T. ) ;
#8676 = LINE ( 'NONE', #4230, #6197 ) ;
#8677 = CARTESIAN_POINT ( 'NONE',  ( 17.29644660940669400, 21.00355339059327500, 47.50000000000000000 ) ) ;
#8678 = CIRCLE ( 'NONE', #9737, 4.000000000000000000 ) ;
#8679 = ORIENTED_EDGE ( 'NONE', *, *, #3155, .T. ) ;
#8680 = MECHANICAL_DESIGN_GEOMETRIC_PRESENTATION_REPRESENTATION (  '', ( #7984 ), #4788 ) ;
#8681 = CARTESIAN_POINT ( 'NONE',  ( 0.0000000000000000000, -21.25000000000000700, 43.56695646205938000 ) ) ;
#8682 = CARTESIAN_POINT ( 'NONE',  ( 13.32957238623955100, -21.15000000000000600, 40.00000000000000000 ) ) ;
#8683 = EDGE_CURVE ( 'NONE', #8229, #1132, #4918, .T. ) ;
#8684 = CONICAL_SURFACE ( 'NONE', #475, 1.249999999999997600, 1.029744258676653900 ) ;
#8685 = EDGE_CURVE ( 'NONE', #10112, #4001, #2319, .T. ) ;
#8686 = ORIENTED_EDGE ( 'NONE', *, *, #5532, .T. ) ;
#8687 = PRESENTATION_LAYER_ASSIGNMENT (  '', '', ( #497 ) ) ;
#8688 = VECTOR ( 'NONE', #1095, 1000.000000000000000 ) ;
#8689 = CARTESIAN_POINT ( 'NONE',  ( 17.79999999999983700, 15.50000000000016000, 46.50000000000000000 ) ) ;
#8690 = LINE ( 'NONE', #7743, #5326 ) ;
#8691 = VERTEX_POINT ( 'NONE', #9906 ) ;
#8692 = ORIENTED_EDGE ( 'NONE', *, *, #9288, .F. ) ;
#8693 = MECHANICAL_DESIGN_GEOMETRIC_PRESENTATION_REPRESENTATION (  '', ( #505 ), #9572 ) ;
#8694 = ORIENTED_EDGE ( 'NONE', *, *, #1366, .F. ) ;
#8695 = CIRCLE ( 'NONE', #6612, 3.500000000000000000 ) ;
#8696 = EDGE_CURVE ( 'NONE', #6625, #1282, #1950, .T. ) ;
#8697 = EDGE_CURVE ( 'NONE', #3023, #316, #2702, .T. ) ;
#8698 = CARTESIAN_POINT ( 'NONE',  ( -16.84930666606614100, -15.50000000000102300, 47.49878368663156900 ) ) ;
#8699 = CARTESIAN_POINT ( 'NONE',  ( -14.21692477204121700, 15.92449465477564100, 46.50000000000000000 ) ) ;
#8700 = VERTEX_POINT ( 'NONE', #5891 ) ;
#8701 = CARTESIAN_POINT ( 'NONE',  ( -16.78307522795903500, 15.07550534522243900, 47.50000000000000000 ) ) ;
#8702 = VERTEX_POINT ( 'NONE', #4324 ) ;
#8703 = B_SPLINE_CURVE_WITH_KNOTS ( 'NONE', 3,
 ( #8766, #835, #5643, #8029, #3378, #9788 ),
 .UNSPECIFIED., .F., .F.,
 ( 4, 2, 4 ),
 ( 3.302031795870729000E-031, 0.0007961420118602707000, 0.001592284023720541400 ),
 .UNSPECIFIED. ) ;
#8704 = CARTESIAN_POINT ( 'NONE',  ( 3.428630373306654500, -21.25000000000000700, 40.11033917074156800 ) ) ;
#8705 = ADVANCED_FACE ( 'NONE', ( #7291 ), #4560, .F. ) ;
#8706 = DIRECTION ( 'NONE',  ( -1.000000000000000000, 0.0000000000000000000, 0.0000000000000000000 ) ) ;
#8707 = AXIS2_PLACEMENT_3D ( 'NONE', #8067, #9682, #9615 ) ;
#8708 = MECHANICAL_DESIGN_GEOMETRIC_PRESENTATION_REPRESENTATION (  '', ( #4964 ), #1034 ) ;
#8709 = CARTESIAN_POINT ( 'NONE',  ( -15.92449465477582700, -16.78307522795895000, 46.50000000000000000 ) ) ;
#8710 = SURFACE_SIDE_STYLE ('',( #9398 ) ) ;
#8711 = CIRCLE ( 'NONE', #656, 1.000000000000000900 ) ;
#8712 = DIRECTION ( 'NONE',  ( -0.0000000000000000000, -0.0000000000000000000, 1.000000000000000000 ) ) ;
#8713 = ORIENTED_EDGE ( 'NONE', *, *, #985, .F. ) ;
#8714 = AXIS2_PLACEMENT_3D ( 'NONE', #7453, #5049, #2693 ) ;
#8715 = DIRECTION ( 'NONE',  ( -2.073370231917083400E-015, -1.000000000000000000, 0.0000000000000000000 ) ) ;
#8716 = SURFACE_SIDE_STYLE ('',( #4257 ) ) ;
#8717 = CARTESIAN_POINT ( 'NONE',  ( 15.07550534522236400, 15.94640676939203900, 47.50000000000000000 ) ) ;
#8718 = ORIENTED_EDGE ( 'NONE', *, *, #4935, .F. ) ;
#8719 = COLOUR_RGB ( '',0.2509803921568627400, 0.2509803921568627400, 0.2509803921568627400 ) ;
#8720 =( LENGTH_UNIT ( ) NAMED_UNIT ( * ) SI_UNIT ( .MILLI., .METRE. ) );
#8721 = LINE ( 'NONE', #10108, #3505 ) ;
#8722 = EDGE_CURVE ( 'NONE', #2298, #6914, #4049, .T. ) ;
#8723 = DIRECTION ( 'NONE',  ( 1.000000000000000000, -0.0000000000000000000, -0.0000000000000000000 ) ) ;
#8724 =( LENGTH_UNIT ( ) NAMED_UNIT ( * ) SI_UNIT ( .MILLI., .METRE. ) );
#8725 = AXIS2_PLACEMENT_3D ( 'NONE', #5573, #3116, #3957 ) ;
#8726 =( LENGTH_UNIT ( ) NAMED_UNIT ( * ) SI_UNIT ( .MILLI., .METRE. ) );
#8727 = VERTEX_POINT ( 'NONE', #1927 ) ;
#8728 = VECTOR ( 'NONE', #9704, 1000.000000000000000 ) ;
#8729 = EDGE_CURVE ( 'NONE', #5574, #2819, #4798, .T. ) ;
#8731 = SURFACE_STYLE_USAGE ( .BOTH. , #9589 ) ;
#8730 = DIRECTION ( 'NONE',  ( 0.7071067811865411300, 8.659560562354854000E-017, -0.7071067811865539000 ) ) ;
#8732 = DIRECTION ( 'NONE',  ( 0.0000000000000000000, 0.0000000000000000000, -1.000000000000000000 ) ) ;
#8733 = AXIS2_PLACEMENT_3D ( 'NONE', #5305, #5339, #9242 ) ;
#8734 = LINE ( 'NONE', #2796, #6491 ) ;
#8735 = EDGE_CURVE ( 'NONE', #7318, #595, #2449, .T. ) ;
#8736 = LINE ( 'NONE', #204, #3259 ) ;
#8737 = DIRECTION ( 'NONE',  ( -0.0000000000000000000, -0.0000000000000000000, -1.000000000000000000 ) ) ;
#8738 = CIRCLE ( 'NONE', #6172, 25.00000000000000000 ) ;
#8739 = ORIENTED_EDGE ( 'NONE', *, *, #7087, .F. ) ;
#8740 = ORIENTED_EDGE ( 'NONE', *, *, #9673, .T. ) ;
#8741 = SURFACE_STYLE_USAGE ( .BOTH. , #3196 ) ;
#8742 = DIRECTION ( 'NONE',  ( 1.000000000000000000, 0.0000000000000000000, 0.0000000000000000000 ) ) ;
#8743 = CARTESIAN_POINT ( 'NONE',  ( 15.05359323060814000, -14.15069333393208400, 46.50000000000000000 ) ) ;
#8744 = PRESENTATION_LAYER_ASSIGNMENT (  '', '', ( #3555 ) ) ;
#8745 = EDGE_CURVE ( 'NONE', #430, #7066, #707, .T. ) ;
#8746 = EDGE_CURVE ( 'NONE', #2005, #4433, #3803, .T. ) ;
#8748 = ADVANCED_FACE ( 'NONE', ( #2830 ), #5089, .F. ) ;
#8747 = VECTOR ( 'NONE', #4870, 1000.000000000000000 ) ;
#8749 = ORIENTED_EDGE ( 'NONE', *, *, #1525, .T. ) ;
#8750 = EDGE_LOOP ( 'NONE', ( #8144, #7656, #7740 ) ) ;
#8751 = VERTEX_POINT ( 'NONE', #8288 ) ;
#8752 = VECTOR ( 'NONE', #7567, 1000.000000000000000 ) ;
#8753 = COLOUR_RGB ( '',0.2509803921568627400, 0.2509803921568627400, 0.2509803921568627400 ) ;
#8754 = DIRECTION ( 'NONE',  ( 0.7071067811865475700, -0.7071067811865475700, 0.0000000000000000000 ) ) ;
#8755 = CARTESIAN_POINT ( 'NONE',  ( -15.05359323060823400, 15.92449465477564100, 46.50000000000000000 ) ) ;
#8756 = CYLINDRICAL_SURFACE ( 'NONE', #6952, 0.5000000000000006700 ) ;
#8757 = AXIS2_PLACEMENT_3D ( 'NONE', #6552, #8919, #9693 ) ;
#8758 = FILL_AREA_STYLE ('',( #738 ) ) ;
#8759 = ORIENTED_EDGE ( 'NONE', *, *, #422, .T. ) ;
#8760 = AXIS2_PLACEMENT_3D ( 'NONE', #5413, #3766, #9292 ) ;
#8761 = B_SPLINE_CURVE_WITH_KNOTS ( 'NONE', 3,
 ( #5901, #1858, #375, #9103 ),
 .UNSPECIFIED., .F., .F.,
 ( 4, 4 ),
 ( 0.0000000000000000000, 0.0001285675718489037600 ),
 .UNSPECIFIED. ) ;
#8762 = CIRCLE ( 'NONE', #4843, 2.999999999999999100 ) ;
#8763 = ORIENTED_EDGE ( 'NONE', *, *, #2166, .T. ) ;
#8764 = CARTESIAN_POINT ( 'NONE',  ( 0.0000000000000000000, -21.25000000000000700, 44.41033917074156500 ) ) ;
#8765 = CARTESIAN_POINT ( 'NONE',  ( 12.49999999999984000, 15.50000000000016000, 47.50000000000000000 ) ) ;
#8766 = CARTESIAN_POINT ( 'NONE',  ( 0.0000000000000000000, 2.000000000000000000, -24.00000000000000000 ) ) ;
#8767 = ORIENTED_EDGE ( 'NONE', *, *, #1480, .T. ) ;
#8768 =( NAMED_UNIT ( * ) SI_UNIT ( $, .STERADIAN. ) SOLID_ANGLE_UNIT ( ) );
#8769 = ORIENTED_EDGE ( 'NONE', *, *, #7409, .T. ) ;
#8770 = ORIENTED_EDGE ( 'NONE', *, *, #7820, .F. ) ;
#8771 = CARTESIAN_POINT ( 'NONE',  ( 15.07550534522235500, 16.78307522795906000, 46.50000000000000000 ) ) ;
#8772 = EDGE_LOOP ( 'NONE', ( #4693, #5881, #3313 ) ) ;
#8773 = ORIENTED_EDGE ( 'NONE', *, *, #1781, .F. ) ;
#8774 = PRESENTATION_LAYER_ASSIGNMENT (  '', '', ( #9194 ) ) ;
#8775 =( GEOMETRIC_REPRESENTATION_CONTEXT ( 3 ) GLOBAL_UNCERTAINTY_ASSIGNED_CONTEXT ( ( #6965 ) ) GLOBAL_UNIT_ASSIGNED_CONTEXT ( ( #9070, #3507, #9883 ) ) REPRESENTATION_CONTEXT ( 'NONE', 'WORKASPACE' ) );
#8776 = FILL_AREA_STYLE_COLOUR ( '', #10257 ) ;
#8777 = VERTEX_POINT ( 'NONE', #5198 ) ;
#8778 = PLANE ( 'NONE',  #7705 ) ;
#8779 = ORIENTED_EDGE ( 'NONE', *, *, #6873, .F. ) ;
#8780 = FACE_OUTER_BOUND ( 'NONE', #2203, .T. ) ;
#8781 = FILL_AREA_STYLE_COLOUR ( '', #1339 ) ;
#8782 = SURFACE_STYLE_FILL_AREA ( #3465 ) ;
#8783 = ADVANCED_FACE ( 'NONE', ( #592 ), #3568, .T. ) ;
#8784 = VERTEX_POINT ( 'NONE', #7488 ) ;
#8785 = EDGE_CURVE ( 'NONE', #4548, #4545, #8421, .T. ) ;
#8786 = CARTESIAN_POINT ( 'NONE',  ( 15.92449465477571000, 16.76498005845842000, 47.49955985394395000 ) ) ;
#8787 = CARTESIAN_POINT ( 'NONE',  ( 14.21692477204111600, -15.29091159908856000, 47.50000000000000000 ) ) ;
#8788 = DIRECTION ( 'NONE',  ( 0.0000000000000000000, 0.0000000000000000000, -1.000000000000000000 ) ) ;
#8789 = AXIS2_PLACEMENT_3D ( 'NONE', #1270, #4574, #6853 ) ;
#8790 = CIRCLE ( 'NONE', #5258, 3.500000000000638200 ) ;
#8791 = EDGE_LOOP ( 'NONE', ( #9268, #3826, #5322 ) ) ;
#8792 = CARTESIAN_POINT ( 'NONE',  ( -14.24999999999999600, 15.50000000000000000, 0.0000000000000000000 ) ) ;
#8793 = EDGE_CURVE ( 'NONE', #7703, #3103, #5705, .T. ) ;
#8794 = PRESENTATION_LAYER_ASSIGNMENT (  '', '', ( #9549 ) ) ;
#8795 = PRESENTATION_STYLE_ASSIGNMENT (( #3870 ) ) ;
#8796 = SURFACE_SIDE_STYLE ('',( #6106 ) ) ;
#8797 = DIRECTION ( 'NONE',  ( 1.000000000000000000, 0.0000000000000000000, 0.0000000000000000000 ) ) ;
#8798 = VERTEX_POINT ( 'NONE', #9838 ) ;
#8799 = CARTESIAN_POINT ( 'NONE',  ( -15.92449465477580800, -15.94640676939192800, 46.50000000000000000 ) ) ;
#8800 = ADVANCED_FACE ( 'NONE', ( #822 ), #7635, .F. ) ;
#8801 = FILL_AREA_STYLE_COLOUR ( '', #5367 ) ;
#8802 = UNCERTAINTY_MEASURE_WITH_UNIT (LENGTH_MEASURE( 1.000000000000000100E-005 ), #5949, 'distance_accuracy_value', 'NONE');
#8803 = ORIENTED_EDGE ( 'NONE', *, *, #86, .T. ) ;
#8804 = DIRECTION ( 'NONE',  ( 1.224646799147353200E-016, 1.000000000000000000, -0.0000000000000000000 ) ) ;
#8805 = CARTESIAN_POINT ( 'NONE',  ( 13.32957238623955800, 21.14999999999999900, 8.000000000000000000 ) ) ;
#8806 = VECTOR ( 'NONE', #9955, 1000.000000000000000 ) ;
#8807 = CARTESIAN_POINT ( 'NONE',  ( 16.78307522795900700, -15.92449465477577200, 46.50000000000000000 ) ) ;
#8808 = EDGE_CURVE ( 'NONE', #7313, #6151, #6681, .T. ) ;
#8809 = EDGE_CURVE ( 'NONE', #6090, #768, #8546, .T. ) ;
#8810 = ORIENTED_EDGE ( 'NONE', *, *, #10223, .T. ) ;
#8811 = DIRECTION ( 'NONE',  ( -0.0000000000000000000, -0.0000000000000000000, 1.000000000000000000 ) ) ;
#8812 = VERTEX_POINT ( 'NONE', #7704 ) ;
#8813 = CARTESIAN_POINT ( 'NONE',  ( -15.92449465477582700, -16.78307522795895000, 47.49867441544054000 ) ) ;
#8814 = CARTESIAN_POINT ( 'NONE',  ( -14.21692477204121700, 15.07550534522231100, 47.49867441544049000 ) ) ;
#8816 = CARTESIAN_POINT ( 'NONE',  ( 15.49999999999983500, 15.50000000000016000, 5.251075773784450900 ) ) ;
#8815 = CARTESIAN_POINT ( 'NONE',  ( -21.16000000000000000, 1.102827020480174800E-014, -53.84951795962939500 ) ) ;
#8817 = TOROIDAL_SURFACE ( 'NONE', #3060, 1.299999999999999600, 1.000000000000000000 ) ;
#8818 =( GEOMETRIC_REPRESENTATION_CONTEXT ( 3 ) GLOBAL_UNCERTAINTY_ASSIGNED_CONTEXT ( ( #817 ) ) GLOBAL_UNIT_ASSIGNED_CONTEXT ( ( #5609, #5739, #7207 ) ) REPRESENTATION_CONTEXT ( 'NONE', 'WORKASPACE' ) );
#8819 =( NAMED_UNIT ( * ) SI_UNIT ( $, .STERADIAN. ) SOLID_ANGLE_UNIT ( ) );
#8820 = EDGE_LOOP ( 'NONE', ( #8384, #5697, #2419, #4947 ) ) ;
#8821 = EDGE_CURVE ( 'NONE', #10041, #3104, #8292, .T. ) ;
#8822 = CARTESIAN_POINT ( 'NONE',  ( 1.379851512413564600, -19.15000000000000600, 41.54834905086877900 ) ) ;
#8823 = CARTESIAN_POINT ( 'NONE',  ( 0.0000000000000000000, 0.0000000000000000000, 46.50000000000000000 ) ) ;
#8824 = DIRECTION ( 'NONE',  ( 0.0000000000000000000, 0.0000000000000000000, -1.000000000000000000 ) ) ;
#8825 = VECTOR ( 'NONE', #665, 999.9999999999998900 ) ;
#8826 = CARTESIAN_POINT ( 'NONE',  ( 21.15000000000000200, -21.15000000000000200, 10.00000000000000000 ) ) ;
#8827 = B_SPLINE_CURVE_WITH_KNOTS ( 'NONE', 3,
 ( #8813, #1671, #4868, #7279 ),
 .UNSPECIFIED., .F., .F.,
 ( 4, 4 ),
 ( 0.0000000000000000000, 0.0002154103325599696900 ),
 .UNSPECIFIED. ) ;
#8828 = DIRECTION ( 'NONE',  ( -1.000000000000000000, 0.0000000000000000000, 0.0000000000000000000 ) ) ;
#8829 = CARTESIAN_POINT ( 'NONE',  ( 20.65000000000000200, -17.15000000000001600, 0.0000000000000000000 ) ) ;
#8830 = SURFACE_STYLE_FILL_AREA ( #8129 ) ;
#8831 = PRESENTATION_STYLE_ASSIGNMENT (( #9331 ) ) ;
#8832 = CARTESIAN_POINT ( 'NONE',  ( -17.14999999999997700, -21.15000000000000600, 10.00000000000000000 ) ) ;
#8833 = CARTESIAN_POINT ( 'NONE',  ( -15.50000000000016500, 15.49999999999897500, 46.00000000000000000 ) ) ;
#8834 = MECHANICAL_DESIGN_GEOMETRIC_PRESENTATION_REPRESENTATION (  '', ( #4578 ), #4237 ) ;
#8835 = PRESENTATION_LAYER_ASSIGNMENT (  '', '', ( #6503 ) ) ;
#8836 = VERTEX_POINT ( 'NONE', #3699 ) ;
#8837 = FILL_AREA_STYLE_COLOUR ( '', #4754 ) ;
#8838 = ORIENTED_EDGE ( 'NONE', *, *, #7283, .F. ) ;
#8839 = VECTOR ( 'NONE', #5608, 999.9999999999998900 ) ;
#8840 = FACE_OUTER_BOUND ( 'NONE', #6233, .T. ) ;
#8841 = CARTESIAN_POINT ( 'NONE',  ( 14.25000000000010700, -15.49999999999989200, 4.500000000000000900 ) ) ;
#8842 = PLANE ( 'NONE',  #8757 ) ;
#8843 = FACE_OUTER_BOUND ( 'NONE', #7338, .T. ) ;
#8844 = DIRECTION ( 'NONE',  ( 0.0000000000000000000, 0.0000000000000000000, -1.000000000000000000 ) ) ;
#8846 = CARTESIAN_POINT ( 'NONE',  ( 0.0000000000000000000, 0.0000000000000000000, -23.50000000000000700 ) ) ;
#8845 = CARTESIAN_POINT ( 'NONE',  ( 0.0000000000000000000, 0.0000000000000000000, 1.000000000000000000 ) ) ;
#8847 = ADVANCED_FACE ( 'NONE', ( #199 ), #1069, .T. ) ;
#8848 = EDGE_LOOP ( 'NONE', ( #6404, #8664, #8182, #1663 ) ) ;
#8849 = PRESENTATION_LAYER_ASSIGNMENT (  '', '', ( #2802 ) ) ;
#8850 = DIRECTION ( 'NONE',  ( 1.000000000000000000, 0.0000000000000000000, 0.0000000000000000000 ) ) ;
#8851 = ORIENTED_EDGE ( 'NONE', *, *, #6486, .T. ) ;
#8852 = FACE_OUTER_BOUND ( 'NONE', #27, .T. ) ;
#8853 = DIRECTION ( 'NONE',  ( -0.0000000000000000000, -0.0000000000000000000, -1.000000000000000000 ) ) ;
#8854 = COLOUR_RGB ( '',0.2509803921568627400, 0.2509803921568627400, 0.2509803921568627400 ) ;
#8855 = AXIS2_PLACEMENT_3D ( 'NONE', #5120, #9131, #436 ) ;
#8856 = PRESENTATION_STYLE_ASSIGNMENT (( #1314 ) ) ;
#8857 = CARTESIAN_POINT ( 'NONE',  ( 15.29091159908298900, 14.21692477204116000, 47.50000000000000000 ) ) ;
#8858 = ORIENTED_EDGE ( 'NONE', *, *, #913, .T. ) ;
#8859 = VERTEX_POINT ( 'NONE', #7730 ) ;
#8860 = DIRECTION ( 'NONE',  ( 0.0000000000000000000, 0.0000000000000000000, 1.000000000000000000 ) ) ;
#8861 = VECTOR ( 'NONE', #10198, 1000.000000000000000 ) ;
#8862 = SURFACE_STYLE_USAGE ( .BOTH. , #8796 ) ;
#8863 =( LENGTH_UNIT ( ) NAMED_UNIT ( * ) SI_UNIT ( .MILLI., .METRE. ) );
#8864 = MECHANICAL_DESIGN_GEOMETRIC_PRESENTATION_REPRESENTATION (  '', ( #2471 ), #9420 ) ;
#8865 = CARTESIAN_POINT ( 'NONE',  ( 3.500000000000000000, 0.0000000000000000000, 47.50000000000000000 ) ) ;
#8866 = CYLINDRICAL_SURFACE ( 'NONE', #1160, 2.299999999999999800 ) ;
#8867 = SURFACE_SIDE_STYLE ('',( #7215 ) ) ;
#8868 = EDGE_CURVE ( 'NONE', #1632, #3035, #3203, .T. ) ;
#8869 = CARTESIAN_POINT ( 'NONE',  ( 21.14999999999999900, -13.32957238623955700, 5.900501256289339300 ) ) ;
#8870 = ORIENTED_EDGE ( 'NONE', *, *, #8197, .F. ) ;
#8871 = ORIENTED_EDGE ( 'NONE', *, *, #8785, .T. ) ;
#8872 = DIRECTION ( 'NONE',  ( 1.000000000000000000, 0.0000000000000000000, 0.0000000000000000000 ) ) ;
#8873 = MECHANICAL_DESIGN_GEOMETRIC_PRESENTATION_REPRESENTATION (  '', ( #497 ), #1723 ) ;
#8874 = ORIENTED_EDGE ( 'NONE', *, *, #7088, .T. ) ;
#8875 = PRESENTATION_STYLE_ASSIGNMENT (( #2414 ) ) ;
#8876 =( NAMED_UNIT ( * ) PLANE_ANGLE_UNIT ( ) SI_UNIT ( $, .RADIAN. ) );
#8877 = ORIENTED_EDGE ( 'NONE', *, *, #3081, .F. ) ;
#8878 = CARTESIAN_POINT ( 'NONE',  ( -16.94289321881343100, 20.64999999999999900, 48.00000000000000000 ) ) ;
#8879 = EDGE_LOOP ( 'NONE', ( #7007, #8567, #8345, #6718 ) ) ;
#8880 = AXIS2_PLACEMENT_3D ( 'NONE', #6574, #6688, #9857 ) ;
#8881 = VECTOR ( 'NONE', #8915, 1000.000000000000000 ) ;
#8882 =( NAMED_UNIT ( * ) SI_UNIT ( $, .STERADIAN. ) SOLID_ANGLE_UNIT ( ) );
#8883 = AXIS2_PLACEMENT_3D ( 'NONE', #1280, #5031, #2571 ) ;
#8884 = EDGE_CURVE ( 'NONE', #9723, #7117, #2958, .T. ) ;
#8885 = DIRECTION ( 'NONE',  ( 1.000000000000000000, 0.0000000000000000000, -0.0000000000000000000 ) ) ;
#8886 = LINE ( 'NONE', #7715, #2806 ) ;
#8887 = UNCERTAINTY_MEASURE_WITH_UNIT (LENGTH_MEASURE( 1.000000000000000100E-005 ), #2515, 'distance_accuracy_value', 'NONE');
#8888 = VERTEX_POINT ( 'NONE', #1392 ) ;
#8889 = CARTESIAN_POINT ( 'NONE',  ( 2.603880904858910200, -21.25000000000000700, 43.56695646205938000 ) ) ;
#8890 = CYLINDRICAL_SURFACE ( 'NONE', #70, 0.5000000000000004400 ) ;
#8891 = DIRECTION ( 'NONE',  ( 0.0000000000000000000, 0.0000000000000000000, 1.000000000000000000 ) ) ;
#8892 = VERTEX_POINT ( 'NONE', #3726 ) ;
#8893 = DIRECTION ( 'NONE',  ( -1.000000000000000000, -8.202002250481357500E-017, -0.0000000000000000000 ) ) ;
#8894 = EDGE_LOOP ( 'NONE', ( #6638, #8190, #8148, #2461 ) ) ;
#8895 = LINE ( 'NONE', #8356, #306 ) ;
#8896 = FACE_OUTER_BOUND ( 'NONE', #1579, .T. ) ;
#8897 = LINE ( 'NONE', #2683, #61 ) ;
#8898 = ORIENTED_EDGE ( 'NONE', *, *, #6760, .T. ) ;
#8899 = AXIS2_PLACEMENT_3D ( 'NONE', #869, #4905, #6442 ) ;
#8900 = MECHANICAL_DESIGN_GEOMETRIC_PRESENTATION_REPRESENTATION (  '', ( #6050 ), #7298 ) ;
#8901 = VERTEX_POINT ( 'NONE', #2980 ) ;
#8902 =( NAMED_UNIT ( * ) SI_UNIT ( $, .STERADIAN. ) SOLID_ANGLE_UNIT ( ) );
#8903 = VECTOR ( 'NONE', #6477, 1000.000000000000000 ) ;
#8904 = ORIENTED_EDGE ( 'NONE', *, *, #1649, .F. ) ;
#8905 = ADVANCED_FACE ( 'NONE', ( #6192 ), #4531, .T. ) ;
#8906 = PLANE ( 'NONE',  #3048 ) ;
#8907 = VERTEX_POINT ( 'NONE', #578 ) ;
#8908 = PLANE ( 'NONE',  #8943 ) ;
#8909 = CARTESIAN_POINT ( 'NONE',  ( 15.50000000000102000, -15.49999999999983700, 46.00000000000000000 ) ) ;
#8910 = VERTEX_POINT ( 'NONE', #4566 ) ;
#8911 = CARTESIAN_POINT ( 'NONE',  ( 2.494294627413643700, -21.25000000000000700, 40.95372187942375300 ) ) ;
#8912 = LINE ( 'NONE', #6600, #3200 ) ;
#8913 = ORIENTED_EDGE ( 'NONE', *, *, #8425, .F. ) ;
#8914 = CARTESIAN_POINT ( 'NONE',  ( -16.94289321881343100, 20.64999999999999900, 8.000000000000000000 ) ) ;
#8915 = DIRECTION ( 'NONE',  ( -0.0000000000000000000, -0.0000000000000000000, 1.000000000000000000 ) ) ;
#8916 = PRESENTATION_LAYER_ASSIGNMENT (  '', '', ( #1255 ) ) ;
#8917 = MECHANICAL_DESIGN_GEOMETRIC_PRESENTATION_REPRESENTATION (  '', ( #3458 ), #8775 ) ;
#8918 = DIRECTION ( 'NONE',  ( -1.000000000000000000, 0.0000000000000000000, 0.0000000000000000000 ) ) ;
#8919 = DIRECTION ( 'NONE',  ( -1.125454765811127600E-014, -1.000000000000000000, 0.0000000000000000000 ) ) ;
#8921 = FILL_AREA_STYLE_COLOUR ( '', #6874 ) ;
#8920 = CARTESIAN_POINT ( 'NONE',  ( 16.79999999999983700, 15.50000000000016000, 46.50000000000000000 ) ) ;
#8922 = EDGE_LOOP ( 'NONE', ( #9998, #4045, #9792, #5534 ) ) ;
#8923 = DIRECTION ( 'NONE',  ( 1.000000000000000000, 0.0000000000000000000, -0.0000000000000000000 ) ) ;
#8924 = FACE_OUTER_BOUND ( 'NONE', #1071, .T. ) ;
#8925 = EDGE_LOOP ( 'NONE', ( #1758, #6745, #9751, #1215 ) ) ;
#8926 = CARTESIAN_POINT ( 'NONE',  ( -18.79644660940671500, 18.79644660940671500, 47.50000000000000000 ) ) ;
#8927 = CONICAL_SURFACE ( 'NONE', #6226, 1.249999999999997600, 1.029744258676653900 ) ;
#8928 = DIRECTION ( 'NONE',  ( -1.000000000000000000, -1.036685115958539500E-014, 0.0000000000000000000 ) ) ;
#8929 = FACE_OUTER_BOUND ( 'NONE', #5195, .T. ) ;
#8930 = EDGE_CURVE ( 'NONE', #5790, #235, #9656, .T. ) ;
#8931 = PLANE ( 'NONE',  #5617 ) ;
#8932 = EDGE_LOOP ( 'NONE', ( #2556, #4367, #8749, #98 ) ) ;
#8933 = EDGE_CURVE ( 'NONE', #2822, #929, #1323, .T. ) ;
#8934 = UNCERTAINTY_MEASURE_WITH_UNIT (LENGTH_MEASURE( 1.000000000000000100E-005 ), #7697, 'distance_accuracy_value', 'NONE');
#8935 = VERTEX_POINT ( 'NONE', #540 ) ;
#8936 = STYLED_ITEM ( 'NONE', ( #5540 ), #9340 ) ;
#8937 = ORIENTED_EDGE ( 'NONE', *, *, #3608, .F. ) ;
#8938 = EDGE_CURVE ( 'NONE', #9134, #6743, #6409, .T. ) ;
#8939 = DIRECTION ( 'NONE',  ( 0.0000000000000000000, 0.0000000000000000000, 1.000000000000000000 ) ) ;
#8940 = ORIENTED_EDGE ( 'NONE', *, *, #7874, .F. ) ;
#8941 = CARTESIAN_POINT ( 'NONE',  ( 0.0000000000000000000, 0.0000000000000000000, 40.00000000000000000 ) ) ;
#8942 = ORIENTED_EDGE ( 'NONE', *, *, #813, .T. ) ;
#8943 = AXIS2_PLACEMENT_3D ( 'NONE', #4064, #892, #7232 ) ;
#8944 =( NAMED_UNIT ( * ) PLANE_ANGLE_UNIT ( ) SI_UNIT ( $, .RADIAN. ) );
#8945 = PRESENTATION_STYLE_ASSIGNMENT (( #2301 ) ) ;
#8946 = VECTOR ( 'NONE', #5972, 1000.000000000000000 ) ;
#8947 = EDGE_CURVE ( 'NONE', #2901, #3104, #4037, .T. ) ;
#8948 = CYLINDRICAL_SURFACE ( 'NONE', #6984, 0.5000000000000004400 ) ;
#8949 = EDGE_CURVE ( 'NONE', #4671, #7108, #3920, .T. ) ;
#8950 = DIRECTION ( 'NONE',  ( -3.885970363620945200E-015, -1.000000000000000000, 0.0000000000000000000 ) ) ;
#8951 = SURFACE_STYLE_USAGE ( .BOTH. , #120 ) ;
#8952 = CARTESIAN_POINT ( 'NONE',  ( -21.14999999999999500, 13.32957238623956400, 99.84951795962939500 ) ) ;
#8953 = FACE_OUTER_BOUND ( 'NONE', #3012, .T. ) ;
#8954 = COLOUR_RGB ( '',0.2509803921568627400, 0.2509803921568627400, 0.2509803921568627400 ) ;
#8955 = ADVANCED_FACE ( 'NONE', ( #72 ), #5925, .F. ) ;
#8956 = COLOUR_RGB ( '',1.000000000000000000, 1.000000000000000000, 1.000000000000000000 ) ;
#8957 = AXIS2_PLACEMENT_3D ( 'NONE', #5689, #4978, #4184 ) ;
#8958 = CARTESIAN_POINT ( 'NONE',  ( 15.50000000000102000, -15.49999999999983700, 47.50000000000000000 ) ) ;
#8959 = CARTESIAN_POINT ( 'NONE',  ( -11.99999999999923600, 15.49999999999897500, 47.50000000000000000 ) ) ;
#8960 = STYLED_ITEM ( 'NONE', ( #7251 ), #1183 ) ;
#8961 = CARTESIAN_POINT ( 'NONE',  ( -21.14999999999997700, 13.32957238623959000, 8.000000000000000000 ) ) ;
#8962 = CIRCLE ( 'NONE', #1658, 0.5000000000000004400 ) ;
#8963 = CARTESIAN_POINT ( 'NONE',  ( -16.74999999999994300, -15.50000000000005000, 4.500000000000000900 ) ) ;
#8964 = SURFACE_SIDE_STYLE ('',( #6378 ) ) ;
#8965 =( NAMED_UNIT ( * ) SI_UNIT ( $, .STERADIAN. ) SOLID_ANGLE_UNIT ( ) );
#8966 = CARTESIAN_POINT ( 'NONE',  ( 14.21692477204111600, -15.07550534522241200, 46.50000000000000000 ) ) ;
#8967 = VERTEX_POINT ( 'NONE', #765 ) ;
#8968 =( GEOMETRIC_REPRESENTATION_CONTEXT ( 3 ) GLOBAL_UNCERTAINTY_ASSIGNED_CONTEXT ( ( #6594 ) ) GLOBAL_UNIT_ASSIGNED_CONTEXT ( ( #3884, #7884, #7093 ) ) REPRESENTATION_CONTEXT ( 'NONE', 'WORKASPACE' ) );
#8969 = AXIS2_PLACEMENT_3D ( 'NONE', #1997, #5930, #8432 ) ;
#8970 = TOROIDAL_SURFACE ( 'NONE', #3966, 4.000000000000000000, 0.5000000000000000000 ) ;
#8971 = UNCERTAINTY_MEASURE_WITH_UNIT (LENGTH_MEASURE( 1.000000000000000100E-005 ), #9017, 'distance_accuracy_value', 'NONE');
#8972 = FACE_OUTER_BOUND ( 'NONE', #8529, .T. ) ;
#8973 = CARTESIAN_POINT ( 'NONE',  ( 15.50000000000102000, -15.49999999999983700, 46.50000000000000000 ) ) ;
#8974 = CARTESIAN_POINT ( 'NONE',  ( -14.21692477204121700, 15.29091159908180900, 47.50000000000000000 ) ) ;
#8975 = DIRECTION ( 'NONE',  ( 0.0000000000000000000, 0.0000000000000000000, -1.000000000000000000 ) ) ;
#8976 = ORIENTED_EDGE ( 'NONE', *, *, #4191, .T. ) ;
#8977 = CIRCLE ( 'NONE', #4205, 0.5000000000000004400 ) ;
#8978 = CARTESIAN_POINT ( 'NONE',  ( -15.50000000000016500, 15.49999999999897500, 46.00000000000000000 ) ) ;
#8979 =( LENGTH_UNIT ( ) NAMED_UNIT ( * ) SI_UNIT ( .MILLI., .METRE. ) );
#8980 = CARTESIAN_POINT ( 'NONE',  ( 11.00000000000000000, 0.0000000000000000000, 0.0000000000000000000 ) ) ;
#8982 = CARTESIAN_POINT ( 'NONE',  ( 17.15000000000000900, 21.14999999999999900, 10.00000000000000000 ) ) ;
#8981 = CARTESIAN_POINT ( 'NONE',  ( 0.0000000000000000000, -21.16000000000000700, 40.00000000000000000 ) ) ;
#8983 = AXIS2_PLACEMENT_3D ( 'NONE', #10003, #4494, #7629 ) ;
#8984 = SURFACE_STYLE_USAGE ( .BOTH. , #9700 ) ;
#8985 = EDGE_CURVE ( 'NONE', #3848, #7364, #3441, .T. ) ;
#8986 = ORIENTED_EDGE ( 'NONE', *, *, #7531, .T. ) ;
#8987 = ORIENTED_EDGE ( 'NONE', *, *, #700, .F. ) ;
#8988 = CARTESIAN_POINT ( 'NONE',  ( -21.14999999999999500, 21.14999999999999900, 38.00000000000000000 ) ) ;
#8989 = EDGE_CURVE ( 'NONE', #10133, #9357, #9301, .T. ) ;
#8990 = CARTESIAN_POINT ( 'NONE',  ( 13.32957238623955800, 21.14999999999999900, 40.00000000000000000 ) ) ;
#8991 = DIRECTION ( 'NONE',  ( 9.714925909052381100E-015, 1.000000000000000000, 0.0000000000000000000 ) ) ;
#8992 = ORIENTED_EDGE ( 'NONE', *, *, #6302, .T. ) ;
#8993 = CARTESIAN_POINT ( 'NONE',  ( -15.92449465477579700, -15.05359323060806700, 46.50000000000000000 ) ) ;
#8994 = FACE_OUTER_BOUND ( 'NONE', #7472, .T. ) ;
#8995 = VECTOR ( 'NONE', #4282, 1000.000000000000000 ) ;
#8996 = CARTESIAN_POINT ( 'NONE',  ( -3.496119095141088500, -21.25000000000000700, 40.26401485834066600 ) ) ;
#8997 = VERTEX_POINT ( 'NONE', #9516 ) ;
#8998 = ORIENTED_EDGE ( 'NONE', *, *, #7808, .F. ) ;
#8999 = ORIENTED_EDGE ( 'NONE', *, *, #566, .F. ) ;
#9000 =( LENGTH_UNIT ( ) NAMED_UNIT ( * ) SI_UNIT ( .MILLI., .METRE. ) );
#9001 = MECHANICAL_DESIGN_GEOMETRIC_PRESENTATION_REPRESENTATION (  '', ( #2096 ), #3808 ) ;
#9002 = PRESENTATION_STYLE_ASSIGNMENT (( #8031 ) ) ;
#9003 = FILL_AREA_STYLE_COLOUR ( '', #6653 ) ;
#9004 = ADVANCED_FACE ( 'NONE', ( #8533 ), #3792, .F. ) ;
#9005 = EDGE_CURVE ( 'NONE', #3815, #1755, #1803, .T. ) ;
#9006 = COLOUR_RGB ( '',0.2509803921568627400, 0.2509803921568627400, 0.2509803921568627400 ) ;
#9007 = EDGE_CURVE ( 'NONE', #10191, #9259, #5424, .T. ) ;
#9008 = DIRECTION ( 'NONE',  ( -1.534293971618784800E-013, -1.000000000000000000, 0.0000000000000000000 ) ) ;
#9009 = DIRECTION ( 'NONE',  ( 0.0000000000000000000, -1.387778780781444400E-014, -1.000000000000000000 ) ) ;
#9010 = FILL_AREA_STYLE_COLOUR ( '', #9386 ) ;
#9011 = ORIENTED_EDGE ( 'NONE', *, *, #8597, .F. ) ;
#9012 = PRESENTATION_STYLE_ASSIGNMENT (( #4630 ) ) ;
#9013 = FILL_AREA_STYLE ('',( #9125 ) ) ;
#9014 = ORIENTED_EDGE ( 'NONE', *, *, #1962, .F. ) ;
#9015 = VECTOR ( 'NONE', #6966, 1000.000000000000000 ) ;
#9016 = CARTESIAN_POINT ( 'NONE',  ( 0.0000000000000000000, 0.0000000000000000000, -1.734723475976807100E-015 ) ) ;
#9017 =( LENGTH_UNIT ( ) NAMED_UNIT ( * ) SI_UNIT ( .MILLI., .METRE. ) );
#9018 = VECTOR ( 'NONE', #7359, 1000.000000000000000 ) ;
#9019 =( NAMED_UNIT ( * ) PLANE_ANGLE_UNIT ( ) SI_UNIT ( $, .RADIAN. ) );
#9020 =( LENGTH_UNIT ( ) NAMED_UNIT ( * ) SI_UNIT ( .MILLI., .METRE. ) );
#9021 = VERTEX_POINT ( 'NONE', #7765 ) ;
#9022 = STYLED_ITEM ( 'NONE', ( #348 ), #5621 ) ;
#9024 = CARTESIAN_POINT ( 'NONE',  ( -21.14999999999999500, -13.32957238623956400, 40.00000000000000000 ) ) ;
#9023 = CARTESIAN_POINT ( 'NONE',  ( 20.65000000000000200, -16.94289321881343100, 38.00000000000000000 ) ) ;
#9025 = ORIENTED_EDGE ( 'NONE', *, *, #8685, .F. ) ;
#9026 = LINE ( 'NONE', #5237, #9537 ) ;
#9027 = ORIENTED_EDGE ( 'NONE', *, *, #3269, .F. ) ;
#9028 = EDGE_CURVE ( 'NONE', #3303, #8033, #9033, .T. ) ;
#9029 = ORIENTED_EDGE ( 'NONE', *, *, #9028, .F. ) ;
#9030 = ORIENTED_EDGE ( 'NONE', *, *, #2622, .T. ) ;
#9031 = PRESENTATION_STYLE_ASSIGNMENT (( #5159 ) ) ;
#9032 = CARTESIAN_POINT ( 'NONE',  ( -15.49999999999897900, -15.50000000000102100, 46.50000000000000000 ) ) ;
#9033 = LINE ( 'NONE', #4596, #3195 ) ;
#9034 = EDGE_LOOP ( 'NONE', ( #6401, #9755, #3716, #5893 ) ) ;
#9035 = DIRECTION ( 'NONE',  ( -0.0000000000000000000, 1.000000000000000000, -0.0000000000000000000 ) ) ;
#9036 = DIRECTION ( 'NONE',  ( 0.0000000000000000000, 2.081668171172168500E-014, -1.000000000000000000 ) ) ;
#9037 = SURFACE_STYLE_USAGE ( .BOTH. , #7504 ) ;
#9038 = ADVANCED_FACE ( 'NONE', ( #7786 ), #5670, .T. ) ;
#9039 = ORIENTED_EDGE ( 'NONE', *, *, #410, .T. ) ;
#9040 = CIRCLE ( 'NONE', #8223, 0.5000000000000000000 ) ;
#9041 = MECHANICAL_DESIGN_GEOMETRIC_PRESENTATION_REPRESENTATION (  '', ( #1907 ), #2447 ) ;
#9042 = AXIS2_PLACEMENT_3D ( 'NONE', #3080, #5501, #8638 ) ;
#9043 = ORIENTED_EDGE ( 'NONE', *, *, #1857, .T. ) ;
#9044 = CARTESIAN_POINT ( 'NONE',  ( -3.500000000000000000, 4.286263797015736600E-016, 46.00000000000000000 ) ) ;
#9045 = DIRECTION ( 'NONE',  ( 1.224646799147353200E-016, 1.000000000000000000, -0.0000000000000000000 ) ) ;
#9046 = DIRECTION ( 'NONE',  ( 0.0000000000000000000, 0.0000000000000000000, -1.000000000000000000 ) ) ;
#9047 = VECTOR ( 'NONE', #4561, 1000.000000000000000 ) ;
#9048 = CARTESIAN_POINT ( 'NONE',  ( -14.21692477204121700, 15.70908840091614100, 47.50000000000000000 ) ) ;
#9049 = VERTEX_POINT ( 'NONE', #1431 ) ;
#9050 = DIRECTION ( 'NONE',  ( 1.000000000000000000, -2.073370231917079000E-014, 0.0000000000000000000 ) ) ;
#9051 = CARTESIAN_POINT ( 'NONE',  ( 21.00355339059328200, -17.29644660940674300, 8.000000000000000000 ) ) ;
#9052 =( LENGTH_UNIT ( ) NAMED_UNIT ( * ) SI_UNIT ( .MILLI., .METRE. ) );
#9053 = VERTEX_POINT ( 'NONE', #8593 ) ;
#9054 = DIRECTION ( 'NONE',  ( 0.0000000000000000000, 0.0000000000000000000, -1.000000000000000000 ) ) ;
#9055 = DIRECTION ( 'NONE',  ( -0.8571673007021116700, 0.0000000000000000000, -0.5150380749100552700 ) ) ;
#9056 = AXIS2_PLACEMENT_3D ( 'NONE', #3723, #3627, #10100 ) ;
#9057 = SURFACE_STYLE_USAGE ( .BOTH. , #6699 ) ;
#9058 = ORIENTED_EDGE ( 'NONE', *, *, #8360, .T. ) ;
#9059 = CARTESIAN_POINT ( 'NONE',  ( 0.0000000000000000000, 0.0000000000000000000, -1.500000000000000000 ) ) ;
#9060 = CIRCLE ( 'NONE', #4225, 3.500000000000638200 ) ;
#9061 = PLANE ( 'NONE',  #1108 ) ;
#9062 = LINE ( 'NONE', #3477, #101 ) ;
#9063 = ADVANCED_FACE ( 'NONE', ( #2436 ), #2241, .T. ) ;
#9064 = CARTESIAN_POINT ( 'NONE',  ( 15.50000000000006900, -14.15069333393208400, 47.49923505645085700 ) ) ;
#9065 = CARTESIAN_POINT ( 'NONE',  ( -17.29644660940670400, 21.00355339059327200, 38.00000000000000000 ) ) ;
#9066 = ORIENTED_EDGE ( 'NONE', *, *, #6400, .F. ) ;
#9067 = DIRECTION ( 'NONE',  ( -0.0000000000000000000, -0.0000000000000000000, 1.000000000000000000 ) ) ;
#9068 = ORIENTED_EDGE ( 'NONE', *, *, #2521, .T. ) ;
#9069 = DIRECTION ( 'NONE',  ( -0.0000000000000000000, -0.0000000000000000000, 1.000000000000000000 ) ) ;
#9070 =( LENGTH_UNIT ( ) NAMED_UNIT ( * ) SI_UNIT ( .MILLI., .METRE. ) );
#9071 = VECTOR ( 'NONE', #9557, 1000.000000000000100 ) ;
#9072 = DIRECTION ( 'NONE',  ( -0.7071067811865372500, -0.7071067811865580100, 0.0000000000000000000 ) ) ;
#9073 = AXIS2_PLACEMENT_3D ( 'NONE', #577, #3787, #8497 ) ;
#9074 = VECTOR ( 'NONE', #1, 1000.000000000000000 ) ;
#9075 = SURFACE_STYLE_USAGE ( .BOTH. , #6679 ) ;
#9076 = EDGE_CURVE ( 'NONE', #8406, #6625, #5552, .T. ) ;
#9077 = PRESENTATION_LAYER_ASSIGNMENT (  '', '', ( #6823 ) ) ;
#9078 =( NAMED_UNIT ( * ) PLANE_ANGLE_UNIT ( ) SI_UNIT ( $, .RADIAN. ) );
#9079 = DIRECTION ( 'NONE',  ( -0.0000000000000000000, -0.0000000000000000000, -1.000000000000000000 ) ) ;
#9080 = PRESENTATION_STYLE_ASSIGNMENT (( #7528 ) ) ;
#9081 = SURFACE_STYLE_USAGE ( .BOTH. , #7512 ) ;
#9082 = PRESENTATION_STYLE_ASSIGNMENT (( #1653 ) ) ;
#9083 =( NAMED_UNIT ( * ) PLANE_ANGLE_UNIT ( ) SI_UNIT ( $, .RADIAN. ) );
#9084 = CARTESIAN_POINT ( 'NONE',  ( 15.94640676939198800, -15.92449465477575500, 47.50000000000000000 ) ) ;
#9085 =( LENGTH_UNIT ( ) NAMED_UNIT ( * ) SI_UNIT ( .MILLI., .METRE. ) );
#9086 = SURFACE_SIDE_STYLE ('',( #6002 ) ) ;
#9087 = AXIS2_PLACEMENT_3D ( 'NONE', #513, #10176, #5401 ) ;
#9088 =( NAMED_UNIT ( * ) SI_UNIT ( $, .STERADIAN. ) SOLID_ANGLE_UNIT ( ) );
#9089 = ADVANCED_FACE ( 'NONE', ( #1432 ), #6671, .F. ) ;
#9090 = EDGE_CURVE ( 'NONE', #5943, #846, #3553, .T. ) ;
#9091 = B_SPLINE_CURVE_WITH_KNOTS ( 'NONE', 3,
 ( #5344, #6147, #1371, #6044 ),
 .UNSPECIFIED., .F., .F.,
 ( 4, 4 ),
 ( 0.0000000000000000000, 0.0002154103325609307800 ),
 .UNSPECIFIED. ) ;
#9092 = EDGE_CURVE ( 'NONE', #4548, #10139, #5169, .T. ) ;
#9093 = LINE ( 'NONE', #8256, #6112 ) ;
#9094 = CARTESIAN_POINT ( 'NONE',  ( -15.05359323060823600, 16.80673604214000600, 47.49756013713619000 ) ) ;
#9095 = DIRECTION ( 'NONE',  ( 0.0000000000000000000, -0.0000000000000000000, -1.000000000000000000 ) ) ;
#9096 = DIRECTION ( 'NONE',  ( 0.7071067811865475700, -0.7071067811865475700, 0.0000000000000000000 ) ) ;
#9098 = CARTESIAN_POINT ( 'NONE',  ( 10.49999999999999800, 1.285879139104720600E-015, -1.500000000000000000 ) ) ;
#9097 =( NAMED_UNIT ( * ) SI_UNIT ( $, .STERADIAN. ) SOLID_ANGLE_UNIT ( ) );
#9099 = ORIENTED_EDGE ( 'NONE', *, *, #7874, .T. ) ;
#9100 = CARTESIAN_POINT ( 'NONE',  ( -15.29091159908805700, -14.21692477204105900, 47.50000000000000000 ) ) ;
#9101 = DIRECTION ( 'NONE',  ( 0.0000000000000000000, -1.000000000000000000, 0.0000000000000000000 ) ) ;
#9102 = ORIENTED_EDGE ( 'NONE', *, *, #293, .T. ) ;
#9103 = CARTESIAN_POINT ( 'NONE',  ( -15.94640676939209500, 16.72095085742160900, 47.50000000000000000 ) ) ;
#9104 = FACE_OUTER_BOUND ( 'NONE', #10019, .T. ) ;
#9105 = PRESENTATION_LAYER_ASSIGNMENT (  '', '', ( #8375 ) ) ;
#9106 =( NAMED_UNIT ( * ) PLANE_ANGLE_UNIT ( ) SI_UNIT ( $, .RADIAN. ) );
#9107 = FILL_AREA_STYLE_COLOUR ( '', #7444 ) ;
#9108 = ORIENTED_EDGE ( 'NONE', *, *, #4674, .F. ) ;
#9109 = VERTEX_POINT ( 'NONE', #40 ) ;
#9110 = VECTOR ( 'NONE', #3119, 1000.000000000000000 ) ;
#9111 = FACE_OUTER_BOUND ( 'NONE', #1558, .T. ) ;
#9112 = CARTESIAN_POINT ( 'NONE',  ( 3.600000000000001400, -19.15000000000000600, 44.50000000000000000 ) ) ;
#9113 = LINE ( 'NONE', #4988, #9618 ) ;
#9115 = ADVANCED_FACE ( 'NONE', ( #3061 ), #9545, .T. ) ;
#9114 = FACE_OUTER_BOUND ( 'NONE', #784, .T. ) ;
#9116 =( NAMED_UNIT ( * ) SI_UNIT ( $, .STERADIAN. ) SOLID_ANGLE_UNIT ( ) );
#9117 = FILL_AREA_STYLE_COLOUR ( '', #4706 ) ;
#9118 = FILL_AREA_STYLE_COLOUR ( '', #99 ) ;
#9119 = DIRECTION ( 'NONE',  ( -1.000000000000000000, 0.0000000000000000000, 0.0000000000000000000 ) ) ;
#9120 = ORIENTED_EDGE ( 'NONE', *, *, #7483, .T. ) ;
#9121 = ORIENTED_EDGE ( 'NONE', *, *, #9817, .T. ) ;
#9122 = STYLED_ITEM ( 'NONE', ( #3626 ), #2159 ) ;
#9123 = MECHANICAL_DESIGN_GEOMETRIC_PRESENTATION_REPRESENTATION (  '', ( #1109 ), #10192 ) ;
#9124 = LINE ( 'NONE', #2724, #7004 ) ;
#9125 = FILL_AREA_STYLE_COLOUR ( '', #1554 ) ;
#9126 = SURFACE_STYLE_FILL_AREA ( #6755 ) ;
#9127 = FACE_BOUND ( 'NONE', #6411, .T. ) ;
#9128 = CARTESIAN_POINT ( 'NONE',  ( 0.0000000000000000000, 0.0000000000000000000, 1.000000000000000000 ) ) ;
#9129 = DIRECTION ( 'NONE',  ( -0.0000000000000000000, -0.0000000000000000000, 1.000000000000000000 ) ) ;
#9130 = CARTESIAN_POINT ( 'NONE',  ( 15.14729938218419700, 14.21692477204116200, 47.49983667794647600 ) ) ;
#9131 = DIRECTION ( 'NONE',  ( 0.0000000000000000000, 0.0000000000000000000, 1.000000000000000000 ) ) ;
#9132 = ORIENTED_EDGE ( 'NONE', *, *, #7726, .T. ) ;
#9133 = DIRECTION ( 'NONE',  ( -0.0000000000000000000, -0.0000000000000000000, 1.000000000000000000 ) ) ;
#9134 = VERTEX_POINT ( 'NONE', #9609 ) ;
#9135 = VERTEX_POINT ( 'NONE', #8865 ) ;
#9137 = DIRECTION ( 'NONE',  ( -1.000000000000000000, -1.224646799147353500E-016, 0.0000000000000000000 ) ) ;
#9136 = CARTESIAN_POINT ( 'NONE',  ( 16.72095085742249100, 15.94640676939203200, 47.50000000000000000 ) ) ;
#9138 = EDGE_CURVE ( 'NONE', #2076, #2063, #5047, .T. ) ;
#9139 = CARTESIAN_POINT ( 'NONE',  ( -15.94640676939209500, 15.07550534522231100, 47.50000000000000000 ) ) ;
#9140 = CARTESIAN_POINT ( 'NONE',  ( 15.49999999999983700, 15.50000000000016000, 4.500000000000000900 ) ) ;
#9141 = FACE_OUTER_BOUND ( 'NONE', #1434, .T. ) ;
#9142 = DIRECTION ( 'NONE',  ( 8.202002250481357500E-017, -1.000000000000000000, 0.0000000000000000000 ) ) ;
#9143 = EDGE_CURVE ( 'NONE', #1974, #2459, #10288, .T. ) ;
#9144 = VERTEX_POINT ( 'NONE', #3312 ) ;
#9145 = ORIENTED_EDGE ( 'NONE', *, *, #3923, .F. ) ;
#9146 = AXIS2_PLACEMENT_3D ( 'NONE', #1983, #1225, #8271 ) ;
#9147 = LINE ( 'NONE', #6652, #8752 ) ;
#9148 =( LENGTH_UNIT ( ) NAMED_UNIT ( * ) SI_UNIT ( .MILLI., .METRE. ) );
#9149 =( NAMED_UNIT ( * ) SI_UNIT ( $, .STERADIAN. ) SOLID_ANGLE_UNIT ( ) );
#9150 = ADVANCED_FACE ( 'NONE', ( #1566 ), #4904, .T. ) ;
#9151 = VECTOR ( 'NONE', #9726, 1000.000000000000000 ) ;
#9152 = FACE_OUTER_BOUND ( 'NONE', #9931, .T. ) ;
#9153 = DIRECTION ( 'NONE',  ( -0.0000000000000000000, -0.0000000000000000000, 1.000000000000000000 ) ) ;
#9154 = ORIENTED_EDGE ( 'NONE', *, *, #3217, .F. ) ;
#9155 = DIRECTION ( 'NONE',  ( 1.000000000000000000, 0.0000000000000000000, -0.0000000000000000000 ) ) ;
#9156 = AXIS2_PLACEMENT_3D ( 'NONE', #7716, #591, #2920 ) ;
#9157 = VECTOR ( 'NONE', #3501, 1000.000000000000000 ) ;
#9158 = VERTEX_POINT ( 'NONE', #1624 ) ;
#9159 = VERTEX_POINT ( 'NONE', #8799 ) ;
#9160 = EDGE_CURVE ( 'NONE', #2477, #4397, #6167, .T. ) ;
#9161 = EDGE_CURVE ( 'NONE', #5179, #1743, #188, .T. ) ;
#9162 = LINE ( 'NONE', #5934, #620 ) ;
#9163 = CARTESIAN_POINT ( 'NONE',  ( 0.0000000000000000000, 0.0000000000000000000, 38.00000000000000000 ) ) ;
#9164 = CARTESIAN_POINT ( 'NONE',  ( 21.15000000000000200, -16.94289321881343100, 38.00000000000000000 ) ) ;
#9165 = CARTESIAN_POINT ( 'NONE',  ( -15.92449465477582700, -16.74685775593391700, 47.50000000000000000 ) ) ;
#9166 = FILL_AREA_STYLE ('',( #6065 ) ) ;
#9167 = AXIS2_PLACEMENT_3D ( 'NONE', #341, #5867, #9072 ) ;
#9168 = VECTOR ( 'NONE', #4346, 1000.000000000000000 ) ;
#9169 = ORIENTED_EDGE ( 'NONE', *, *, #3932, .T. ) ;
#9170 = CARTESIAN_POINT ( 'NONE',  ( -1.379851512413568000, -39.15000000000000600, 43.53044834604566700 ) ) ;
#9171 = EDGE_LOOP ( 'NONE', ( #3222, #5584, #183, #575, #561, #9879, #6324, #5646, #8160, #5338, #3542, #105, #2188, #3747 ) ) ;
#9172 = B_SPLINE_CURVE_WITH_KNOTS ( 'NONE', 3,
 ( #472, #9272, #6031, #9206 ),
 .UNSPECIFIED., .F., .F.,
 ( 4, 4 ),
 ( 0.0000000000000000000, 0.0002154103325649380700 ),
 .UNSPECIFIED. ) ;
#9173 = FACE_OUTER_BOUND ( 'NONE', #9612, .T. ) ;
#9174 = VERTEX_POINT ( 'NONE', #5575 ) ;
#9175 = VERTEX_POINT ( 'NONE', #6460 ) ;
#9176 = CARTESIAN_POINT ( 'NONE',  ( 13.31369220013742800, 21.15999999999999700, 40.00000000000000000 ) ) ;
#9177 = DIRECTION ( 'NONE',  ( -1.000000000000000000, 0.0000000000000000000, 0.0000000000000000000 ) ) ;
#9178 = PRESENTATION_LAYER_ASSIGNMENT (  '', '', ( #2368 ) ) ;
#9179 = CARTESIAN_POINT ( 'NONE',  ( 20.64999999999999900, 16.94289321881344500, 38.00000000000000000 ) ) ;
#9180 = VERTEX_POINT ( 'NONE', #1689 ) ;
#9181 = AXIS2_PLACEMENT_3D ( 'NONE', #8043, #7280, #2707 ) ;
#9182 = EDGE_CURVE ( 'NONE', #2708, #4399, #2186, .T. ) ;
#9183 = ADVANCED_FACE ( 'NONE', ( #8142 ), #7170, .F. ) ;
#9184 = CARTESIAN_POINT ( 'NONE',  ( 21.66440277933047700, -19.15000000000000600, 23.57596773044785000 ) ) ;
#9185 = EDGE_LOOP ( 'NONE', ( #4623, #8036, #8270, #9634, #5521, #8307 ) ) ;
#9186 = FACE_OUTER_BOUND ( 'NONE', #916, .T. ) ;
#9187 = VECTOR ( 'NONE', #845, 1000.000000000000000 ) ;
#9188 = CARTESIAN_POINT ( 'NONE',  ( 14.15069333393202600, 15.05359323060818400, 47.49262389544717400 ) ) ;
#9189 = DIRECTION ( 'NONE',  ( 0.7071067811865500200, -0.7071067811865451300, 0.0000000000000000000 ) ) ;
#9190 = ORIENTED_EDGE ( 'NONE', *, *, #8985, .F. ) ;
#9191 = DIRECTION ( 'NONE',  ( -0.0000000000000000000, -0.0000000000000000000, 1.000000000000000000 ) ) ;
#9192 = VECTOR ( 'NONE', #6393, 1000.000000000000000 ) ;
#9193 = ORIENTED_EDGE ( 'NONE', *, *, #4808, .F. ) ;
#9194 = STYLED_ITEM ( 'NONE', ( #6985 ), #2024 ) ;
#9195 = MECHANICAL_DESIGN_GEOMETRIC_PRESENTATION_REPRESENTATION (  '', ( #10065 ), #2584 ) ;
#9196 = LINE ( 'NONE', #4013, #7436 ) ;
#9197 = CIRCLE ( 'NONE', #6142, 3.499999999999781100 ) ;
#9198 = CARTESIAN_POINT ( 'NONE',  ( -20.64999999999999500, 16.94289321881343800, 47.50000000000000000 ) ) ;
#9199 = ORIENTED_EDGE ( 'NONE', *, *, #7923, .T. ) ;
#9200 = CARTESIAN_POINT ( 'NONE',  ( -16.94289321881343500, 20.64999999999999900, 38.00000000000000000 ) ) ;
#9201 = CARTESIAN_POINT ( 'NONE',  ( -14.15069333393213200, -15.05359323060808800, 47.49262389544724500 ) ) ;
#9202 =( LENGTH_UNIT ( ) NAMED_UNIT ( * ) SI_UNIT ( .MILLI., .METRE. ) );
#9203 = DIRECTION ( 'NONE',  ( 0.0000000000000000000, 0.0000000000000000000, 1.000000000000000000 ) ) ;
#9204 = ORIENTED_EDGE ( 'NONE', *, *, #3014, .T. ) ;
#9205 = EDGE_LOOP ( 'NONE', ( #1182, #3466, #689, #417 ) ) ;
#9206 = CARTESIAN_POINT ( 'NONE',  ( 15.70908840091730200, 16.78307522795905600, 47.50000000000000000 ) ) ;
#9207 = VECTOR ( 'NONE', #7989, 1000.000000000000000 ) ;
#9208 = ADVANCED_FACE ( 'NONE', ( #10037 ), #2550, .F. ) ;
#9209 = FACE_OUTER_BOUND ( 'NONE', #3379, .T. ) ;
#9210 = DIRECTION ( 'NONE',  ( 0.0000000000000000000, 0.0000000000000000000, -1.000000000000000000 ) ) ;
#9211 = PLANE ( 'NONE',  #4989 ) ;
#9212 = STYLED_ITEM ( 'NONE', ( #7689 ), #2892 ) ;
#9213 = DIRECTION ( 'NONE',  ( -1.000000000000000000, 0.0000000000000000000, 0.0000000000000000000 ) ) ;
#9215 = EDGE_CURVE ( 'NONE', #2217, #6290, #8523, .T. ) ;
#9214 = DIRECTION ( 'NONE',  ( 0.0000000000000000000, 0.0000000000000000000, 1.000000000000000000 ) ) ;
#9216 = ORIENTED_EDGE ( 'NONE', *, *, #8467, .F. ) ;
#9217 = DIRECTION ( 'NONE',  ( 1.000000000000000000, 0.0000000000000000000, 0.0000000000000000000 ) ) ;
#9218 = AXIS2_PLACEMENT_3D ( 'NONE', #3095, #8575, #3737 ) ;
#9219 = CYLINDRICAL_SURFACE ( 'NONE', #1322, 2.999999999999780600 ) ;
#9220 = COLOUR_RGB ( '',0.2509803921568627400, 0.2509803921568627400, 0.2509803921568627400 ) ;
#9221 = SURFACE_STYLE_FILL_AREA ( #3621 ) ;
#9222 = DIRECTION ( 'NONE',  ( 0.0000000000000000000, 0.0000000000000000000, 1.000000000000000000 ) ) ;
#9223 = CARTESIAN_POINT ( 'NONE',  ( 14.15069333393202700, 15.35119774353616900, 47.49878368663153300 ) ) ;
#9224 = CARTESIAN_POINT ( 'NONE',  ( 21.14999999999999900, 16.94289321881344500, 38.00000000000000000 ) ) ;
#9225 =( GEOMETRIC_REPRESENTATION_CONTEXT ( 3 ) GLOBAL_UNCERTAINTY_ASSIGNED_CONTEXT ( ( #7121 ) ) GLOBAL_UNIT_ASSIGNED_CONTEXT ( ( #8090, #3310, #4890 ) ) REPRESENTATION_CONTEXT ( 'NONE', 'WORKASPACE' ) );
#9226 = SURFACE_STYLE_FILL_AREA ( #3361 ) ;
#9227 = EDGE_CURVE ( 'NONE', #2717, #9053, #2306, .T. ) ;
#9228 = EDGE_CURVE ( 'NONE', #8615, #3454, #8897, .T. ) ;
#9229 =( GEOMETRIC_REPRESENTATION_CONTEXT ( 3 ) GLOBAL_UNCERTAINTY_ASSIGNED_CONTEXT ( ( #6322 ) ) GLOBAL_UNIT_ASSIGNED_CONTEXT ( ( #4972, #8242, #940 ) ) REPRESENTATION_CONTEXT ( 'NONE', 'WORKASPACE' ) );
#9230 = ORIENTED_EDGE ( 'NONE', *, *, #2828, .F. ) ;
#9231 = CARTESIAN_POINT ( 'NONE',  ( 21.15000000000000200, -21.15000000000000200, 6.000000000000000000 ) ) ;
#9232 = ADVANCED_FACE ( 'NONE', ( #6289 ), #3912, .T. ) ;
#9233 = ORIENTED_EDGE ( 'NONE', *, *, #1273, .F. ) ;
#9234 = CARTESIAN_POINT ( 'NONE',  ( 15.05359323060813800, -14.27904914257755200, 47.50000000000000000 ) ) ;
#9235 =( NAMED_UNIT ( * ) SI_UNIT ( $, .STERADIAN. ) SOLID_ANGLE_UNIT ( ) );
#9236 = CARTESIAN_POINT ( 'NONE',  ( -3.500000000000000000, 0.0000000000000000000, -1.734723475976807100E-015 ) ) ;
#9237 = AXIS2_PLACEMENT_3D ( 'NONE', #8202, #274, #3453 ) ;
#9238 = EDGE_CURVE ( 'NONE', #8518, #829, #695, .T. ) ;
#9239 = EDGE_CURVE ( 'NONE', #1132, #2950, #4162, .T. ) ;
#9240 = CARTESIAN_POINT ( 'NONE',  ( 15.70908840091667400, 14.21692477204116000, 47.50000000000000000 ) ) ;
#9241 = VERTEX_POINT ( 'NONE', #5876 ) ;
#9242 = DIRECTION ( 'NONE',  ( 0.0000000000000000000, 0.0000000000000000000, -1.000000000000000000 ) ) ;
#9243 = CARTESIAN_POINT ( 'NONE',  ( 21.15000000000000200, -16.94289321881346300, 0.0000000000000000000 ) ) ;
#9244 = LINE ( 'NONE', #7753, #7105 ) ;
#9246 = DIRECTION ( 'NONE',  ( -0.0000000000000000000, -0.0000000000000000000, -1.000000000000000000 ) ) ;
#9245 = CARTESIAN_POINT ( 'NONE',  ( 15.05359323060812200, -16.72095085742211400, 47.50000000000000000 ) ) ;
#9247 = LINE ( 'NONE', #1348, #3636 ) ;
#9248 = DIRECTION ( 'NONE',  ( -1.000000000000000000, 3.751515886037091600E-015, 0.0000000000000000000 ) ) ;
#9249 = CARTESIAN_POINT ( 'NONE',  ( 15.92449465477571000, 16.78307522795905600, 46.50000000000000000 ) ) ;
#9250 = VERTEX_POINT ( 'NONE', #6494 ) ;
#9251 =( LENGTH_UNIT ( ) NAMED_UNIT ( * ) SI_UNIT ( .MILLI., .METRE. ) );
#9252 = AXIS2_PLACEMENT_3D ( 'NONE', #7303, #8732, #112 ) ;
#9253 = PRESENTATION_LAYER_ASSIGNMENT (  '', '', ( #6050 ) ) ;
#9254 = CARTESIAN_POINT ( 'NONE',  ( 0.0000000000000000000, 0.0000000000000000000, 0.0000000000000000000 ) ) ;
#9255 = DIRECTION ( 'NONE',  ( 0.0000000000000000000, 0.0000000000000000000, 1.000000000000000000 ) ) ;
#9256 = ADVANCED_FACE ( 'NONE', ( #9780, #4775 ), #3347, .T. ) ;
#9257 = LINE ( 'NONE', #4020, #10243 ) ;
#9258 = PRESENTATION_STYLE_ASSIGNMENT (( #2743 ) ) ;
#9259 = VERTEX_POINT ( 'NONE', #4125 ) ;
#9260 = ORIENTED_EDGE ( 'NONE', *, *, #7925, .F. ) ;
#9261 = VERTEX_POINT ( 'NONE', #1752 ) ;
#9262 = VECTOR ( 'NONE', #1694, 1000.000000000000000 ) ;
#9263 = CARTESIAN_POINT ( 'NONE',  ( 0.0000000000000000000, 0.0000000000000000000, -24.00000000000000000 ) ) ;
#9264 = VECTOR ( 'NONE', #8351, 1000.000000000000000 ) ;
#9265 =( NAMED_UNIT ( * ) PLANE_ANGLE_UNIT ( ) SI_UNIT ( $, .RADIAN. ) );
#9266 = AXIS2_PLACEMENT_3D ( 'NONE', #4571, #10138, #5369 ) ;
#9267 = UNCERTAINTY_MEASURE_WITH_UNIT (LENGTH_MEASURE( 1.000000000000000100E-005 ), #3253, 'distance_accuracy_value', 'NONE');
#9268 = ORIENTED_EDGE ( 'NONE', *, *, #3667, .F. ) ;
#9269 = ORIENTED_EDGE ( 'NONE', *, *, #4287, .F. ) ;
#9270 = ORIENTED_EDGE ( 'NONE', *, *, #3282, .F. ) ;
#9271 = VECTOR ( 'NONE', #8463, 1000.000000000000100 ) ;
#9272 = CARTESIAN_POINT ( 'NONE',  ( 15.85270061781461200, 16.78307522795905600, 47.49983667794647600 ) ) ;
#9273 = EDGE_CURVE ( 'NONE', #4325, #752, #5571, .T. ) ;
#9274 = LINE ( 'NONE', #1048, #1161 ) ;
#9275 = SURFACE_SIDE_STYLE ('',( #557 ) ) ;
#9276 = LINE ( 'NONE', #2133, #7773 ) ;
#9277 = LINE ( 'NONE', #8646, #1547 ) ;
#9279 = CARTESIAN_POINT ( 'NONE',  ( -15.07550534522247300, -16.72874093610845800, 47.50000000000000000 ) ) ;
#9278 = PLANE ( 'NONE',  #5556 ) ;
#9280 = ORIENTED_EDGE ( 'NONE', *, *, #8405, .F. ) ;
#9281 = EDGE_CURVE ( 'NONE', #32, #9991, #8411, .T. ) ;
#9282 = ORIENTED_EDGE ( 'NONE', *, *, #87, .T. ) ;
#9283 = ADVANCED_FACE ( 'NONE', ( #2934 ), #1556, .F. ) ;
#9284 = AXIS2_PLACEMENT_3D ( 'NONE', #8634, #2374, #674 ) ;
#9286 = SURFACE_STYLE_FILL_AREA ( #1148 ) ;
#9285 = DIRECTION ( 'NONE',  ( 0.0000000000000000000, 0.0000000000000000000, 1.000000000000000000 ) ) ;
#9287 = DIRECTION ( 'NONE',  ( -1.000000000000000000, 0.0000000000000000000, 0.0000000000000000000 ) ) ;
#9288 = EDGE_CURVE ( 'NONE', #7257, #4784, #7663, .T. ) ;
#9289 = ORIENTED_EDGE ( 'NONE', *, *, #2083, .T. ) ;
#9290 =( NAMED_UNIT ( * ) PLANE_ANGLE_UNIT ( ) SI_UNIT ( $, .RADIAN. ) );
#9291 = AXIS2_PLACEMENT_3D ( 'NONE', #927, #7129, #800 ) ;
#9292 = DIRECTION ( 'NONE',  ( 1.000000000000000000, 0.0000000000000000000, 0.0000000000000000000 ) ) ;
#9293 = EDGE_CURVE ( 'NONE', #8700, #3167, #4429, .T. ) ;
#9294 = CARTESIAN_POINT ( 'NONE',  ( 15.07550534522236100, 15.05359323060818100, 46.50000000000000000 ) ) ;
#9295 = ORIENTED_EDGE ( 'NONE', *, *, #7320, .T. ) ;
#9296 = CYLINDRICAL_SURFACE ( 'NONE', #2207, 2.299999999999999800 ) ;
#9297 = VERTEX_POINT ( 'NONE', #5106 ) ;
#9298 = EDGE_LOOP ( 'NONE', ( #7415, #8976, #8675, #928 ) ) ;
#9299 = ORIENTED_EDGE ( 'NONE', *, *, #4550, .T. ) ;
#9300 = LINE ( 'NONE', #4253, #6668 ) ;
#9301 = LINE ( 'NONE', #2208, #8281 ) ;
#9302 = EDGE_LOOP ( 'NONE', ( #964, #2019, #7888, #9611, #4130, #5187, #2955, #6296, #8015, #1312, #6263, #7019, #3851, #6957 ) ) ;
#9303 = MECHANICAL_DESIGN_GEOMETRIC_PRESENTATION_REPRESENTATION (  '', ( #3555 ), #9831 ) ;
#9304 = DIRECTION ( 'NONE',  ( 1.000000000000000000, -2.073370231917079000E-014, 0.0000000000000000000 ) ) ;
#9305 = EDGE_CURVE ( 'NONE', #2071, #9907, #1787, .T. ) ;
#9306 = CIRCLE ( 'NONE', #5662, 0.5000000000000004400 ) ;
#9307 = EDGE_CURVE ( 'NONE', #454, #2708, #3429, .T. ) ;
#9308 = DIRECTION ( 'NONE',  ( 1.224646799147353200E-016, 1.000000000000000000, -0.0000000000000000000 ) ) ;
#9309 = VERTEX_POINT ( 'NONE', #6792 ) ;
#9310 = DIRECTION ( 'NONE',  ( 1.000000000000000000, 0.0000000000000000000, 0.0000000000000000000 ) ) ;
#9311 = VECTOR ( 'NONE', #1244, 1000.000000000000000 ) ;
#9312 = VECTOR ( 'NONE', #7604, 1000.000000000000000 ) ;
#9313 = EDGE_LOOP ( 'NONE', ( #7533, #169, #8444 ) ) ;
#9314 = ADVANCED_FACE ( 'NONE', ( #7042 ), #5219, .T. ) ;
#9315 = DIRECTION ( 'NONE',  ( 0.7071067811865650000, 0.7071067811865302500, 0.0000000000000000000 ) ) ;
#9316 = CARTESIAN_POINT ( 'NONE',  ( -16.78307522795904200, 15.14729938218374300, 47.49983667794647600 ) ) ;
#9317 = VECTOR ( 'NONE', #2875, 1000.000000000000000 ) ;
#9318 = DIRECTION ( 'NONE',  ( 0.0000000000000000000, 1.000000000000000000, 0.0000000000000000000 ) ) ;
#9319 = VERTEX_POINT ( 'NONE', #1137 ) ;
#9320 = CARTESIAN_POINT ( 'NONE',  ( 2.799999999999999800, 3.429011037612588800E-016, 0.0000000000000000000 ) ) ;
#9321 = AXIS2_PLACEMENT_3D ( 'NONE', #4948, #6472, #9623 ) ;
#9322 = FACE_OUTER_BOUND ( 'NONE', #9529, .T. ) ;
#9324 = DIRECTION ( 'NONE',  ( -1.226634733346691600E-015, 0.0000000000000000000, -1.000000000000000000 ) ) ;
#9323 =( LENGTH_UNIT ( ) NAMED_UNIT ( * ) SI_UNIT ( .MILLI., .METRE. ) );
#9325 = UNCERTAINTY_MEASURE_WITH_UNIT (LENGTH_MEASURE( 1.000000000000000100E-005 ), #63, 'distance_accuracy_value', 'NONE');
#9326 =( GEOMETRIC_REPRESENTATION_CONTEXT ( 3 ) GLOBAL_UNCERTAINTY_ASSIGNED_CONTEXT ( ( #4152 ) ) GLOBAL_UNIT_ASSIGNED_CONTEXT ( ( #1410, #625, #2923 ) ) REPRESENTATION_CONTEXT ( 'NONE', 'WORKASPACE' ) );
#9327 = DIRECTION ( 'NONE',  ( 1.000000000000000000, 0.0000000000000000000, 0.0000000000000000000 ) ) ;
#9328 = CARTESIAN_POINT ( 'NONE',  ( 18.49999999999983700, 15.50000000000016000, 46.00000000000000000 ) ) ;
#9329 = EDGE_LOOP ( 'NONE', ( #2180, #8114, #691, #1159 ) ) ;
#9330 = ORIENTED_EDGE ( 'NONE', *, *, #6016, .T. ) ;
#9331 = SURFACE_STYLE_USAGE ( .BOTH. , #3735 ) ;
#9332 = VERTEX_POINT ( 'NONE', #5916 ) ;
#9333 = CARTESIAN_POINT ( 'NONE',  ( 0.0000000000000000000, 0.0000000000000000000, -23.50000000000000700 ) ) ;
#9334 = FACE_OUTER_BOUND ( 'NONE', #4634, .T. ) ;
#9335 = LINE ( 'NONE', #3404, #4206 ) ;
#9336 = ORIENTED_EDGE ( 'NONE', *, *, #9770, .F. ) ;
#9337 = MECHANICAL_DESIGN_GEOMETRIC_PRESENTATION_REPRESENTATION (  '', ( #9194 ), #4829 ) ;
#9338 = EDGE_LOOP ( 'NONE', ( #2682, #7809, #2559, #3900, #5676 ) ) ;
#9339 = DIRECTION ( 'NONE',  ( -1.387778780781444300E-014, 1.000000000000000000, 0.0000000000000000000 ) ) ;
#9340 = ADVANCED_FACE ( 'NONE', ( #6529 ), #3780, .T. ) ;
#9341 = CARTESIAN_POINT ( 'NONE',  ( 13.20000000000102100, -15.49999999999983700, 47.50000000000000000 ) ) ;
#9342 = DIRECTION ( 'NONE',  ( 1.000000000000000000, -9.714925909052381100E-015, 0.0000000000000000000 ) ) ;
#9343 = EDGE_CURVE ( 'NONE', #2477, #2459, #8647, .T. ) ;
#9344 = SURFACE_STYLE_FILL_AREA ( #10005 ) ;
#9345 = CARTESIAN_POINT ( 'NONE',  ( 21.14999999999999900, 21.14999999999999900, 40.00000000000000000 ) ) ;
#9346 = CARTESIAN_POINT ( 'NONE',  ( 16.78307522795901400, -15.07550534522241900, 46.50000000000000000 ) ) ;
#9347 = AXIS2_PLACEMENT_3D ( 'NONE', #4445, #6184, #9327 ) ;
#9348 = CYLINDRICAL_SURFACE ( 'NONE', #8312, 25.00000000000000000 ) ;
#9349 = SURFACE_STYLE_USAGE ( .BOTH. , #5368 ) ;
#9350 = EDGE_CURVE ( 'NONE', #9991, #8565, #3295, .T. ) ;
#9351 = CARTESIAN_POINT ( 'NONE',  ( 21.15000000000012600, -21.14999999999984900, 8.000000000000000000 ) ) ;
#9352 = AXIS2_PLACEMENT_3D ( 'NONE', #5954, #4458, #2865 ) ;
#9353 = DIRECTION ( 'NONE',  ( 0.0000000000000000000, 0.0000000000000000000, -1.000000000000000000 ) ) ;
#9354 = TOROIDAL_SURFACE ( 'NONE', #6343, 3.499999999999780600, 0.5000000000000000000 ) ;
#9355 = DIRECTION ( 'NONE',  ( 1.036685115958541700E-014, 1.000000000000000000, 0.0000000000000000000 ) ) ;
#9356 = DIRECTION ( 'NONE',  ( -0.0000000000000000000, -0.0000000000000000000, 1.000000000000000000 ) ) ;
#9357 = VERTEX_POINT ( 'NONE', #8424 ) ;
#9358 = AXIS2_PLACEMENT_3D ( 'NONE', #4959, #201, #4920 ) ;
#9359 = EDGE_CURVE ( 'NONE', #9573, #1320, #10262, .T. ) ;
#9360 = VERTEX_POINT ( 'NONE', #5987 ) ;
#9361 = EDGE_CURVE ( 'NONE', #4524, #3165, #9648, .T. ) ;
#9362 = COLOUR_RGB ( '',0.2509803921568627400, 0.2509803921568627400, 0.2509803921568627400 ) ;
#9363 = AXIS2_PLACEMENT_3D ( 'NONE', #3171, #9602, #4743 ) ;
#9364 = CIRCLE ( 'NONE', #8180, 15.50000000000000000 ) ;
#9365 = FILL_AREA_STYLE_COLOUR ( '', #8008 ) ;
#9366 = DIRECTION ( 'NONE',  ( -0.0000000000000000000, -0.0000000000000000000, 1.000000000000000000 ) ) ;
#9367 = CARTESIAN_POINT ( 'NONE',  ( -2.596119095141088600, -21.25000000000000700, 43.56695646205938000 ) ) ;
#9368 = ORIENTED_EDGE ( 'NONE', *, *, #7694, .T. ) ;
#9369 =( NAMED_UNIT ( * ) SI_UNIT ( $, .STERADIAN. ) SOLID_ANGLE_UNIT ( ) );
#9370 = ORIENTED_EDGE ( 'NONE', *, *, #2155, .F. ) ;
#9371 =( GEOMETRIC_REPRESENTATION_CONTEXT ( 3 ) GLOBAL_UNCERTAINTY_ASSIGNED_CONTEXT ( ( #7589 ) ) GLOBAL_UNIT_ASSIGNED_CONTEXT ( ( #3970, #725, #58 ) ) REPRESENTATION_CONTEXT ( 'NONE', 'WORKASPACE' ) );
#9372 = CIRCLE ( 'NONE', #3772, 0.5000000000000004400 ) ;
#9373 = DIRECTION ( 'NONE',  ( -1.000000000000000000, 0.0000000000000000000, 0.0000000000000000000 ) ) ;
#9374 = PRESENTATION_LAYER_ASSIGNMENT (  '', '', ( #2428 ) ) ;
#9375 = B_SPLINE_CURVE_WITH_KNOTS ( 'NONE', 3,
 ( #5194, #2728, #3523, #7481 ),
 .UNSPECIFIED., .F., .F.,
 ( 4, 4 ),
 ( 0.0000000000000000000, 0.0002154103325665583800 ),
 .UNSPECIFIED. ) ;
#9376 = VECTOR ( 'NONE', #7324, 1000.000000000000000 ) ;
#9377 = EDGE_CURVE ( 'NONE', #3034, #3914, #4415, .T. ) ;
#9378 = DIRECTION ( 'NONE',  ( -0.0000000000000000000, -0.0000000000000000000, -1.000000000000000000 ) ) ;
#9379 = CARTESIAN_POINT ( 'NONE',  ( -17.14999999999997700, 21.14999999999999900, 47.50000000000000000 ) ) ;
#9380 = DIRECTION ( 'NONE',  ( 1.000000000000000000, 0.0000000000000000000, 0.0000000000000000000 ) ) ;
#9381 =( LENGTH_UNIT ( ) NAMED_UNIT ( * ) SI_UNIT ( .MILLI., .METRE. ) );
#9382 = ORIENTED_EDGE ( 'NONE', *, *, #4435, .T. ) ;
#9383 = VERTEX_POINT ( 'NONE', #2749 ) ;
#9384 = CIRCLE ( 'NONE', #548, 10.49999999999999800 ) ;
#9385 = CARTESIAN_POINT ( 'NONE',  ( -15.50000000000016700, 14.15069333393197400, 47.49923505645085700 ) ) ;
#9386 = COLOUR_RGB ( '',0.2509803921568627400, 0.2509803921568627400, 0.2509803921568627400 ) ;
#9387 = ADVANCED_FACE ( 'NONE', ( #790 ), #3652, .T. ) ;
#9388 = LINE ( 'NONE', #9065, #8747 ) ;
#9389 = EDGE_LOOP ( 'NONE', ( #9412, #7637, #5554, #3132 ) ) ;
#9390 = EDGE_LOOP ( 'NONE', ( #4334, #8272, #6212, #7608, #7965, #10121 ) ) ;
#9391 = FILL_AREA_STYLE_COLOUR ( '', #8476 ) ;
#9392 = ORIENTED_EDGE ( 'NONE', *, *, #1664, .T. ) ;
#9393 = AXIS2_PLACEMENT_3D ( 'NONE', #427, #3657, #3590 ) ;
#9394 = AXIS2_PLACEMENT_3D ( 'NONE', #673, #7125, #7064 ) ;
#9395 = LINE ( 'NONE', #6178, #6504 ) ;
#9396 = CARTESIAN_POINT ( 'NONE',  ( 15.94640676939198800, -15.92449465477575500, 46.50000000000000000 ) ) ;
#9397 = SURFACE_SIDE_STYLE ('',( #9436 ) ) ;
#9398 = SURFACE_STYLE_FILL_AREA ( #2381 ) ;
#9399 = ORIENTED_EDGE ( 'NONE', *, *, #6615, .F. ) ;
#9400 = ORIENTED_EDGE ( 'NONE', *, *, #2111, .F. ) ;
#9401 = CIRCLE ( 'NONE', #743, 3.000000000000927300 ) ;
#9402 = LINE ( 'NONE', #9430, #4148 ) ;
#9403 = DIRECTION ( 'NONE',  ( -1.000000000000000000, 0.0000000000000000000, 0.0000000000000000000 ) ) ;
#9404 = DIRECTION ( 'NONE',  ( 0.6766252893427929800, 0.0000000000000000000, -0.7363275207553916500 ) ) ;
#9405 = DIRECTION ( 'NONE',  ( -0.0000000000000000000, -1.000000000000000000, -0.0000000000000000000 ) ) ;
#9406 = MECHANICAL_DESIGN_GEOMETRIC_PRESENTATION_REPRESENTATION (  '', ( #2802 ), #1197 ) ;
#9407 = VECTOR ( 'NONE', #8453, 1000.000000000000000 ) ;
#9408 = UNCERTAINTY_MEASURE_WITH_UNIT (LENGTH_MEASURE( 1.000000000000000100E-005 ), #3018, 'distance_accuracy_value', 'NONE');
#9409 = ORIENTED_EDGE ( 'NONE', *, *, #2887, .F. ) ;
#9410 = EDGE_LOOP ( 'NONE', ( #9979, #5672, #1895, #4180, #7249, #939 ) ) ;
#9411 = AXIS2_PLACEMENT_3D ( 'NONE', #9727, #7373, #4183 ) ;
#9412 = ORIENTED_EDGE ( 'NONE', *, *, #701, .F. ) ;
#9413 = ORIENTED_EDGE ( 'NONE', *, *, #1082, .F. ) ;
#9414 = DIRECTION ( 'NONE',  ( -1.000000000000000000, 0.0000000000000000000, 0.0000000000000000000 ) ) ;
#9415 = SPHERICAL_SURFACE ( 'NONE', #6385, 0.5000000000000000000 ) ;
#9416 = CARTESIAN_POINT ( 'NONE',  ( 0.0000000000000000000, 0.0000000000000000000, 46.00000000000000000 ) ) ;
#9417 = DIRECTION ( 'NONE',  ( -0.0000000000000000000, -0.0000000000000000000, -1.000000000000000000 ) ) ;
#9418 = DIRECTION ( 'NONE',  ( 1.000000000000000000, 0.0000000000000000000, -0.0000000000000000000 ) ) ;
#9419 = ORIENTED_EDGE ( 'NONE', *, *, #10145, .T. ) ;
#9420 =( GEOMETRIC_REPRESENTATION_CONTEXT ( 3 ) GLOBAL_UNCERTAINTY_ASSIGNED_CONTEXT ( ( #515 ) ) GLOBAL_UNIT_ASSIGNED_CONTEXT ( ( #8724, #8, #7855 ) ) REPRESENTATION_CONTEXT ( 'NONE', 'WORKASPACE' ) );
#9421 = CARTESIAN_POINT ( 'NONE',  ( 15.49999999999983700, 15.50000000000016000, 46.00000000000000000 ) ) ;
#9422 = LINE ( 'NONE', #6624, #1192 ) ;
#9423 = CARTESIAN_POINT ( 'NONE',  ( -1.379851512413568000, -39.15000000000000600, 42.37285355221676000 ) ) ;
#9424 = EDGE_LOOP ( 'NONE', ( #4777, #6117, #1896 ) ) ;
#9425 = ORIENTED_EDGE ( 'NONE', *, *, #4729, .T. ) ;
#9426 = EDGE_CURVE ( 'NONE', #2697, #170, #5410, .T. ) ;
#9427 = CARTESIAN_POINT ( 'NONE',  ( -14.23501994154195800, 15.92449465477564100, 47.49955985394395000 ) ) ;
#9428 = AXIS2_PLACEMENT_3D ( 'NONE', #4354, #1142, #3519 ) ;
#9429 = VECTOR ( 'NONE', #4946, 1000.000000000000000 ) ;
#9430 = CARTESIAN_POINT ( 'NONE',  ( -15.05359323060823600, 15.07550534522231100, 46.50000000000000000 ) ) ;
#9431 = DIRECTION ( 'NONE',  ( 1.000000000000000000, 0.0000000000000000000, 0.0000000000000000000 ) ) ;
#9432 = ORIENTED_EDGE ( 'NONE', *, *, #9343, .T. ) ;
#9433 = DIRECTION ( 'NONE',  ( -1.000000000000000000, 0.0000000000000000000, 0.0000000000000000000 ) ) ;
#9434 = FACE_OUTER_BOUND ( 'NONE', #126, .T. ) ;
#9435 = ORIENTED_EDGE ( 'NONE', *, *, #10264, .F. ) ;
#9436 = SURFACE_STYLE_FILL_AREA ( #6194 ) ;
#9437 = AXIS2_PLACEMENT_3D ( 'NONE', #8317, #9008, #9828 ) ;
#9438 = PRESENTATION_STYLE_ASSIGNMENT (( #2592 ) ) ;
#9439 = CARTESIAN_POINT ( 'NONE',  ( -15.92449465477579000, -14.27125906389369400, 47.50000000000000000 ) ) ;
#9440 = ADVANCED_FACE ( 'NONE', ( #6517 ), #3814, .F. ) ;
#9441 = ORIENTED_EDGE ( 'NONE', *, *, #9377, .T. ) ;
#9442 = EDGE_CURVE ( 'NONE', #3914, #4068, #4150, .T. ) ;
#9443 = EDGE_CURVE ( 'NONE', #6300, #2942, #9903, .T. ) ;
#9444 = DIRECTION ( 'NONE',  ( 1.000000000000000000, 0.0000000000000000000, 0.0000000000000000000 ) ) ;
#9445 = PLANE ( 'NONE',  #7721 ) ;
#9446 = EDGE_LOOP ( 'NONE', ( #1539, #5252, #6898, #2450, #8046 ) ) ;
#9447 = CARTESIAN_POINT ( 'NONE',  ( -16.78307522795911300, 15.92449465477565200, 47.49867441544049000 ) ) ;
#9448 = LINE ( 'NONE', #850, #9810 ) ;
#9449 = UNCERTAINTY_MEASURE_WITH_UNIT (LENGTH_MEASURE( 1.000000000000000100E-005 ), #1040, 'distance_accuracy_value', 'NONE');
#9450 = DIRECTION ( 'NONE',  ( 1.000000000000000000, 0.0000000000000000000, 0.0000000000000000000 ) ) ;
#9451 = DIRECTION ( 'NONE',  ( 0.7071067811865411300, 0.0000000000000000000, 0.7071067811865539000 ) ) ;
#9452 = ORIENTED_EDGE ( 'NONE', *, *, #4416, .F. ) ;
#9453 = DIRECTION ( 'NONE',  ( -0.0000000000000000000, -0.0000000000000000000, 1.000000000000000000 ) ) ;
#9454 = DIRECTION ( 'NONE',  ( 0.0000000000000000000, 0.0000000000000000000, -1.000000000000000000 ) ) ;
#9455 = ORIENTED_EDGE ( 'NONE', *, *, #2898, .F. ) ;
#9457 = CARTESIAN_POINT ( 'NONE',  ( 21.16000000000000000, -13.31369220013742300, 5.999999999999998200 ) ) ;
#9456 =( LENGTH_UNIT ( ) NAMED_UNIT ( * ) SI_UNIT ( .MILLI., .METRE. ) );
#9458 = PRESENTATION_LAYER_ASSIGNMENT (  '', '', ( #6242 ) ) ;
#9459 = MECHANICAL_DESIGN_GEOMETRIC_PRESENTATION_REPRESENTATION (  '', ( #1748 ), #4087 ) ;
#9460 = EDGE_LOOP ( 'NONE', ( #1905, #384 ) ) ;
#9461 = SURFACE_STYLE_FILL_AREA ( #6369 ) ;
#9462 = FACE_BOUND ( 'NONE', #451, .T. ) ;
#9463 = CARTESIAN_POINT ( 'NONE',  ( 16.94289321881345600, 20.64999999999999900, 8.000000000000000000 ) ) ;
#9464 = CARTESIAN_POINT ( 'NONE',  ( 18.49999999999983700, 15.50000000000016000, 47.50000000000000000 ) ) ;
#9465 = CARTESIAN_POINT ( 'NONE',  ( -18.99999999999961600, -15.50000000000102100, 47.50000000000000000 ) ) ;
#9466 = ORIENTED_EDGE ( 'NONE', *, *, #2964, .T. ) ;
#9467 = CARTESIAN_POINT ( 'NONE',  ( -15.07550534522246000, -14.21692477204106100, 46.50000000000000000 ) ) ;
#9468 = LINE ( 'NONE', #6869, #2359 ) ;
#9469 = CYLINDRICAL_SURFACE ( 'NONE', #870, 0.5000000000000006700 ) ;
#9470 = MECHANICAL_DESIGN_GEOMETRIC_PRESENTATION_REPRESENTATION (  '', ( #1255 ), #10127 ) ;
#9471 = AXIS2_PLACEMENT_3D ( 'NONE', #1247, #2056, #6922 ) ;
#9473 = VECTOR ( 'NONE', #8398, 1000.000000000000000 ) ;
#9472 = CARTESIAN_POINT ( 'NONE',  ( -15.05359323060823600, 16.84930666606597800, 46.50000000000000000 ) ) ;
#9474 = FACE_OUTER_BOUND ( 'NONE', #570, .T. ) ;
#9475 = CARTESIAN_POINT ( 'NONE',  ( 1.693713464724400800E-015, -20.65000000000000600, 47.50000000000000000 ) ) ;
#9476 = ORIENTED_EDGE ( 'NONE', *, *, #6814, .T. ) ;
#9477 = EDGE_CURVE ( 'NONE', #1096, #4472, #9276, .T. ) ;
#9478 = CARTESIAN_POINT ( 'NONE',  ( -21.00355339059326800, -17.29644660940671500, 38.00000000000000000 ) ) ;
#9479 = CARTESIAN_POINT ( 'NONE',  ( 0.2672860996805787600, 2.000000000000000400, -23.98630900375075100 ) ) ;
#9480 = STYLED_ITEM ( 'NONE', ( #9012 ), #3614 ) ;
#9481 = VERTEX_POINT ( 'NONE', #1418 ) ;
#9482 = DIRECTION ( 'NONE',  ( 1.000000000000000000, 0.0000000000000000000, 0.0000000000000000000 ) ) ;
#9483 = EDGE_CURVE ( 'NONE', #5447, #2825, #176, .T. ) ;
#9485 = CARTESIAN_POINT ( 'NONE',  ( -14.21692477204121700, 15.70908840091614100, 47.50000000000000000 ) ) ;
#9484 = DIRECTION ( 'NONE',  ( 1.000000000000000000, -4.146740463834175500E-015, -0.0000000000000000000 ) ) ;
#9486 = MECHANICAL_DESIGN_GEOMETRIC_PRESENTATION_REPRESENTATION (  '', ( #3085 ), #1275 ) ;
#9487 = EDGE_CURVE ( 'NONE', #8627, #10139, #2296, .T. ) ;
#9488 = CARTESIAN_POINT ( 'NONE',  ( 15.92449465477569200, 15.05359323060817500, 46.50000000000000000 ) ) ;
#9489 = CARTESIAN_POINT ( 'NONE',  ( -14.24999999999994300, -15.50000000000005000, 0.0000000000000000000 ) ) ;
#9490 = ORIENTED_EDGE ( 'NONE', *, *, #7285, .F. ) ;
#9491 = CIRCLE ( 'NONE', #6626, 0.5000000000000004400 ) ;
#9492 = CARTESIAN_POINT ( 'NONE',  ( 15.49999999999983700, 15.50000000000016000, -2.266821225221747900E-017 ) ) ;
#9493 = CARTESIAN_POINT ( 'NONE',  ( 16.74685775593414000, -15.92449465477576900, 47.50000000000000000 ) ) ;
#9494 = CARTESIAN_POINT ( 'NONE',  ( 0.0000000000000000000, 0.0000000000000000000, 46.00000000000000000 ) ) ;
#9495 = PRESENTATION_STYLE_ASSIGNMENT (( #1052 ) ) ;
#9496 = AXIS2_PLACEMENT_3D ( 'NONE', #4624, #1303, #2179 ) ;
#9497 = VECTOR ( 'NONE', #7010, 1000.000000000000000 ) ;
#9498 = EDGE_CURVE ( 'NONE', #10279, #7081, #10144, .T. ) ;
#9499 = EDGE_CURVE ( 'NONE', #9541, #6247, #9772, .T. ) ;
#9500 = ADVANCED_FACE ( 'NONE', ( #2926 ), #4553, .F. ) ;
#9501 = ORIENTED_EDGE ( 'NONE', *, *, #221, .T. ) ;
#9502 = CIRCLE ( 'NONE', #6716, 1.000000000000000900 ) ;
#9503 = FACE_OUTER_BOUND ( 'NONE', #6055, .T. ) ;
#9504 = VECTOR ( 'NONE', #1937, 1000.000000000000000 ) ;
#9505 = PLANE ( 'NONE',  #4357 ) ;
#9506 = EDGE_LOOP ( 'NONE', ( #10153, #2438, #4408, #4661 ) ) ;
#9507 = VERTEX_POINT ( 'NONE', #3717 ) ;
#9508 = AXIS2_PLACEMENT_3D ( 'NONE', #6732, #7459, #5825 ) ;
#9509 = ORIENTED_EDGE ( 'NONE', *, *, #5400, .F. ) ;
#9510 = LINE ( 'NONE', #7473, #34 ) ;
#9511 = DIRECTION ( 'NONE',  ( 1.000000000000000000, 0.0000000000000000000, 0.0000000000000000000 ) ) ;
#9512 = MECHANICAL_DESIGN_GEOMETRIC_PRESENTATION_REPRESENTATION (  '', ( #6972 ), #7500 ) ;
#9513 = B_SPLINE_CURVE_WITH_KNOTS ( 'NONE', 3,
 ( #2900, #1989, #2871, #6796 ),
 .UNSPECIFIED., .F., .F.,
 ( 4, 4 ),
 ( 0.0000000000000000000, 5.435045947890708400E-005 ),
 .UNSPECIFIED. ) ;
#9514 = EDGE_LOOP ( 'NONE', ( #3574, #3276, #573, #9782 ) ) ;
#9515 = DIRECTION ( 'NONE',  ( 1.000000000000000000, 0.0000000000000000000, 0.0000000000000000000 ) ) ;
#9516 = CARTESIAN_POINT ( 'NONE',  ( -11.50000000000000000, 0.0000000000000000000, 0.5000000000000000000 ) ) ;
#9517 = DIRECTION ( 'NONE',  ( -1.000000000000000000, 0.0000000000000000000, 0.0000000000000000000 ) ) ;
#9518 = DIRECTION ( 'NONE',  ( -1.000000000000000000, 0.0000000000000000000, -0.0000000000000000000 ) ) ;
#9519 = ORIENTED_EDGE ( 'NONE', *, *, #3014, .F. ) ;
#9520 = ORIENTED_EDGE ( 'NONE', *, *, #10102, .T. ) ;
#9521 = EDGE_LOOP ( 'NONE', ( #2937, #5411 ) ) ;
#9523 = PRESENTATION_STYLE_ASSIGNMENT (( #4976 ) ) ;
#9522 = DIRECTION ( 'NONE',  ( 1.000000000000000000, 0.0000000000000000000, 0.0000000000000000000 ) ) ;
#9524 = PLANE ( 'NONE',  #1492 ) ;
#9525 = CIRCLE ( 'NONE', #7818, 25.00000000000000000 ) ;
#9526 = AXIS2_PLACEMENT_3D ( 'NONE', #1565, #4, #7116 ) ;
#9527 = FILL_AREA_STYLE_COLOUR ( '', #5866 ) ;
#9528 = CARTESIAN_POINT ( 'NONE',  ( -20.64999999999999500, 16.94289321881343500, 47.50000000000000000 ) ) ;
#9529 = EDGE_LOOP ( 'NONE', ( #1933, #670 ) ) ;
#9530 = CIRCLE ( 'NONE', #3924, 25.00000000000000000 ) ;
#9531 = ORIENTED_EDGE ( 'NONE', *, *, #7265, .T. ) ;
#9532 = ORIENTED_EDGE ( 'NONE', *, *, #4369, .T. ) ;
#9533 = FACE_OUTER_BOUND ( 'NONE', #9652, .T. ) ;
#9534 = VECTOR ( 'NONE', #4169, 1000.000000000000000 ) ;
#9535 = ORIENTED_EDGE ( 'NONE', *, *, #1337, .T. ) ;
#9536 = ORIENTED_EDGE ( 'NONE', *, *, #565, .F. ) ;
#9537 = VECTOR ( 'NONE', #6915, 1000.000000000000000 ) ;
#9538 = CARTESIAN_POINT ( 'NONE',  ( -15.94640676939209500, 15.92449465477564100, 46.50000000000000000 ) ) ;
#9539 = EDGE_LOOP ( 'NONE', ( #8870, #3296, #3828 ) ) ;
#9540 =( NAMED_UNIT ( * ) SI_UNIT ( $, .STERADIAN. ) SOLID_ANGLE_UNIT ( ) );
#9541 = VERTEX_POINT ( 'NONE', #8485 ) ;
#9542 = CARTESIAN_POINT ( 'NONE',  ( -14.27125906389278500, 15.92449465477564100, 47.50000000000000000 ) ) ;
#9543 = AXIS2_PLACEMENT_3D ( 'NONE', #6331, #8668, #3139 ) ;
#9544 = EDGE_CURVE ( 'NONE', #8935, #3848, #908, .T. ) ;
#9545 = CYLINDRICAL_SURFACE ( 'NONE', #3610, 2.299999999999998000 ) ;
#9546 =( NAMED_UNIT ( * ) PLANE_ANGLE_UNIT ( ) SI_UNIT ( $, .RADIAN. ) );
#9547 = EDGE_CURVE ( 'NONE', #9560, #7703, #7026, .T. ) ;
#9548 = ORIENTED_EDGE ( 'NONE', *, *, #9749, .F. ) ;
#9549 = STYLED_ITEM ( 'NONE', ( #5947 ), #8440 ) ;
#9550 = CARTESIAN_POINT ( 'NONE',  ( -15.49999999999994300, -15.50000000000005000, 0.0000000000000000000 ) ) ;
#9551 = SURFACE_SIDE_STYLE ('',( #5405 ) ) ;
#9552 = COLOUR_RGB ( '',0.2509803921568627400, 0.2509803921568627400, 0.2509803921568627400 ) ;
#9553 = DIRECTION ( 'NONE',  ( -1.000000000000000000, 0.0000000000000000000, 0.0000000000000000000 ) ) ;
#9554 = ORIENTED_EDGE ( 'NONE', *, *, #10032, .F. ) ;
#9555 = ADVANCED_FACE ( 'NONE', ( #5281 ), #6035, .T. ) ;
#9556 = CARTESIAN_POINT ( 'NONE',  ( -15.94640676939209500, 16.84930666606597800, 46.50000000000000000 ) ) ;
#9558 = PLANE ( 'NONE',  #2324 ) ;
#9557 = DIRECTION ( 'NONE',  ( -0.7071067811865465700, -0.7071067811865483500, 0.0000000000000000000 ) ) ;
#9559 = DIRECTION ( 'NONE',  ( 0.0000000000000000000, 0.0000000000000000000, 1.000000000000000000 ) ) ;
#9560 = VERTEX_POINT ( 'NONE', #9439 ) ;
#9561 = PRESENTATION_LAYER_ASSIGNMENT (  '', '', ( #1135 ) ) ;
#9562 = EDGE_CURVE ( 'NONE', #9297, #2465, #7954, .T. ) ;
#9563 = LINE ( 'NONE', #8792, #2579 ) ;
#9564 = EDGE_CURVE ( 'NONE', #4424, #5333, #4894, .T. ) ;
#9565 = ORIENTED_EDGE ( 'NONE', *, *, #8427, .F. ) ;
#9566 = MECHANICAL_DESIGN_GEOMETRIC_PRESENTATION_REPRESENTATION (  '', ( #6748 ), #6469 ) ;
#9567 = DIRECTION ( 'NONE',  ( -0.0000000000000000000, -0.0000000000000000000, 1.000000000000000000 ) ) ;
#9568 = FILL_AREA_STYLE_COLOUR ( '', #1212 ) ;
#9569 = CARTESIAN_POINT ( 'NONE',  ( 14.15069333393202600, 15.05359323060818400, 47.49262389544717400 ) ) ;
#9570 = ORIENTED_EDGE ( 'NONE', *, *, #7948, .F. ) ;
#9571 = ORIENTED_EDGE ( 'NONE', *, *, #10012, .T. ) ;
#9572 =( GEOMETRIC_REPRESENTATION_CONTEXT ( 3 ) GLOBAL_UNCERTAINTY_ASSIGNED_CONTEXT ( ( #181 ) ) GLOBAL_UNIT_ASSIGNED_CONTEXT ( ( #1678, #1641, #9666 ) ) REPRESENTATION_CONTEXT ( 'NONE', 'WORKASPACE' ) );
#9573 = VERTEX_POINT ( 'NONE', #5458 ) ;
#9574 =( GEOMETRIC_REPRESENTATION_CONTEXT ( 3 ) GLOBAL_UNCERTAINTY_ASSIGNED_CONTEXT ( ( #6015 ) ) GLOBAL_UNIT_ASSIGNED_CONTEXT ( ( #6856, #452, #2055 ) ) REPRESENTATION_CONTEXT ( 'NONE', 'WORKASPACE' ) );
#9575 = CIRCLE ( 'NONE', #2928, 0.5787973969144516500 ) ;
#9576 = EDGE_CURVE ( 'NONE', #4927, #9135, #2059, .T. ) ;
#9577 = CARTESIAN_POINT ( 'NONE',  ( 0.0000000000000000000, 0.0000000000000000000, -2.000000000000000000 ) ) ;
#9578 = CARTESIAN_POINT ( 'NONE',  ( -20.64999999999999500, 16.94289321881344900, 0.0000000000000000000 ) ) ;
#9579 = DIRECTION ( 'NONE',  ( 1.000000000000000000, 0.0000000000000000000, -0.0000000000000000000 ) ) ;
#9580 = EDGE_LOOP ( 'NONE', ( #2491, #8628, #10292, #130, #4632 ) ) ;
#9581 = FILL_AREA_STYLE ('',( #3209 ) ) ;
#9582 = VERTEX_POINT ( 'NONE', #7817 ) ;
#9583 = B_SPLINE_CURVE_WITH_KNOTS ( 'NONE', 3,
 ( #4767, #9493, #7241, #10289 ),
 .UNSPECIFIED., .F., .F.,
 ( 4, 4 ),
 ( 0.0000000000000000000, 5.435045947647458100E-005 ),
 .UNSPECIFIED. ) ;
#9584 = DIRECTION ( 'NONE',  ( 1.000000000000000000, 0.0000000000000000000, -0.0000000000000000000 ) ) ;
#9585 = DIRECTION ( 'NONE',  ( 8.202002250481356300E-017, -1.000000000000000000, 0.0000000000000000000 ) ) ;
#9586 = DIRECTION ( 'NONE',  ( 8.202002250481356300E-017, -1.000000000000000000, -0.0000000000000000000 ) ) ;
#9587 = UNCERTAINTY_MEASURE_WITH_UNIT (LENGTH_MEASURE( 1.000000000000000100E-005 ), #2264, 'distance_accuracy_value', 'NONE');
#9589 = SURFACE_SIDE_STYLE ('',( #2149 ) ) ;
#9588 = CARTESIAN_POINT ( 'NONE',  ( 0.0000000000000000000, 0.0000000000000000000, 0.0000000000000000000 ) ) ;
#9590 = CARTESIAN_POINT ( 'NONE',  ( 14.21692477204111100, -15.92449465477574600, 46.50000000000000000 ) ) ;
#9591 = AXIS2_PLACEMENT_3D ( 'NONE', #8174, #7332, #6646 ) ;
#9592 = AXIS2_PLACEMENT_3D ( 'NONE', #3853, #647, #9454 ) ;
#9593 = ADVANCED_FACE ( 'NONE', ( #9152 ), #7522, .F. ) ;
#9594 = SURFACE_SIDE_STYLE ('',( #6515 ) ) ;
#9595 = DIRECTION ( 'NONE',  ( -0.0000000000000000000, -0.0000000000000000000, 1.000000000000000000 ) ) ;
#9596 = VECTOR ( 'NONE', #5041, 1000.000000000000000 ) ;
#9597 = LINE ( 'NONE', #6822, #1111 ) ;
#9598 = ADVANCED_FACE ( 'NONE', ( #8131 ), #6549, .F. ) ;
#9599 = AXIS2_PLACEMENT_3D ( 'NONE', #8599, #2244, #5443 ) ;
#9600 = FILL_AREA_STYLE_COLOUR ( '', #4457 ) ;
#9601 = ORIENTED_EDGE ( 'NONE', *, *, #1285, .T. ) ;
#9602 = DIRECTION ( 'NONE',  ( -0.0000000000000000000, -0.0000000000000000000, -1.000000000000000000 ) ) ;
#9603 = DIRECTION ( 'NONE',  ( 1.000000000000000000, 0.0000000000000000000, -0.0000000000000000000 ) ) ;
#9604 = ORIENTED_EDGE ( 'NONE', *, *, #813, .F. ) ;
#9605 = CIRCLE ( 'NONE', #8449, 1.299999999999999200 ) ;
#9606 = DIRECTION ( 'NONE',  ( -0.0000000000000000000, -0.0000000000000000000, -1.000000000000000000 ) ) ;
#9607 = VECTOR ( 'NONE', #618, 1000.000000000000000 ) ;
#9608 = STYLED_ITEM ( 'NONE', ( #3036 ), #4207 ) ;
#9609 = CARTESIAN_POINT ( 'NONE',  ( -16.78307522795909900, 15.70908840091624000, 47.50000000000000000 ) ) ;
#9610 = PLANE ( 'NONE',  #5505 ) ;
#9611 = ORIENTED_EDGE ( 'NONE', *, *, #2844, .F. ) ;
#9612 = EDGE_LOOP ( 'NONE', ( #7239, #1394, #3945, #5381 ) ) ;
#9613 = EDGE_CURVE ( 'NONE', #8536, #9049, #710, .T. ) ;
#9614 = CARTESIAN_POINT ( 'NONE',  ( 15.94640676939198800, -15.92449465477575500, 47.50000000000000000 ) ) ;
#9615 = DIRECTION ( 'NONE',  ( 1.000000000000000000, 0.0000000000000000000, 0.0000000000000000000 ) ) ;
#9616 = AXIS2_PLACEMENT_3D ( 'NONE', #7752, #9404, #2256 ) ;
#9617 = VECTOR ( 'NONE', #10298, 1000.000000000000000 ) ;
#9618 = VECTOR ( 'NONE', #8159, 1000.000000000000000 ) ;
#9619 = VERTEX_POINT ( 'NONE', #4288 ) ;
#9620 = VERTEX_POINT ( 'NONE', #9864 ) ;
#9621 = LINE ( 'NONE', #7983, #8617 ) ;
#9622 = UNCERTAINTY_MEASURE_WITH_UNIT (LENGTH_MEASURE( 1.000000000000000100E-005 ), #1688, 'distance_accuracy_value', 'NONE');
#9623 = DIRECTION ( 'NONE',  ( 1.000000000000000000, 0.0000000000000000000, 0.0000000000000000000 ) ) ;
#9624 = STYLED_ITEM ( 'NONE', ( #9080 ), #5097 ) ;
#9625 = LINE ( 'NONE', #3246, #9262 ) ;
#9626 = PLANE ( 'NONE',  #5093 ) ;
#9628 = DIRECTION ( 'NONE',  ( -1.000000000000000000, 0.0000000000000000000, -0.0000000000000000000 ) ) ;
#9627 = PLANE ( 'NONE',  #4856 ) ;
#9629 = EDGE_CURVE ( 'NONE', #5333, #8784, #3770, .T. ) ;
#9630 = EDGE_CURVE ( 'NONE', #3690, #5301, #8635, .T. ) ;
#9631 = PRESENTATION_STYLE_ASSIGNMENT (( #8034 ) ) ;
#9632 = ORIENTED_EDGE ( 'NONE', *, *, #2343, .F. ) ;
#9633 = ORIENTED_EDGE ( 'NONE', *, *, #5559, .F. ) ;
#9634 = ORIENTED_EDGE ( 'NONE', *, *, #9749, .T. ) ;
#9635 = CARTESIAN_POINT ( 'NONE',  ( 15.49999999999983700, 15.50000000000016000, 47.50000000000000000 ) ) ;
#9636 = SURFACE_STYLE_FILL_AREA ( #4621 ) ;
#9637 = CARTESIAN_POINT ( 'NONE',  ( -1.379851512413568000, -19.15000000000000600, 42.95165094913121400 ) ) ;
#9638 = DIRECTION ( 'NONE',  ( 0.0000000000000000000, 0.0000000000000000000, 1.000000000000000000 ) ) ;
#9639 = CARTESIAN_POINT ( 'NONE',  ( -15.94640676939209500, 15.92449465477564100, 47.50000000000000000 ) ) ;
#9640 = ORIENTED_EDGE ( 'NONE', *, *, #7557, .F. ) ;
#9641 = VERTEX_POINT ( 'NONE', #3463 ) ;
#9642 = AXIS2_PLACEMENT_3D ( 'NONE', #4483, #2219, #10091 ) ;
#9643 = B_SPLINE_CURVE_WITH_KNOTS ( 'NONE', 3,
 ( #6062, #1987, #1252, #2027 ),
 .UNSPECIFIED., .F., .F.,
 ( 4, 4 ),
 ( 0.0000000000000000000, 0.0001285675718477986100 ),
 .UNSPECIFIED. ) ;
#9644 = DIRECTION ( 'NONE',  ( 0.0000000000000000000, 0.0000000000000000000, 1.000000000000000000 ) ) ;
#9645 = DIRECTION ( 'NONE',  ( -0.0000000000000000000, -0.0000000000000000000, -1.000000000000000000 ) ) ;
#9646 = ADVANCED_FACE ( 'NONE', ( #2525 ), #295, .F. ) ;
#9647 =( NAMED_UNIT ( * ) PLANE_ANGLE_UNIT ( ) SI_UNIT ( $, .RADIAN. ) );
#9648 = CIRCLE ( 'NONE', #923, 2.799999999999999800 ) ;
#9649 =( NAMED_UNIT ( * ) PLANE_ANGLE_UNIT ( ) SI_UNIT ( $, .RADIAN. ) );
#9650 = ORIENTED_EDGE ( 'NONE', *, *, #9894, .T. ) ;
#9651 = CARTESIAN_POINT ( 'NONE',  ( -16.94289321881343500, 20.64999999999999900, 0.0000000000000000000 ) ) ;
#9652 = EDGE_LOOP ( 'NONE', ( #5516, #3785, #8382, #7982, #8657, #5415, #6020, #2785 ) ) ;
#9653 = SURFACE_STYLE_FILL_AREA ( #8505 ) ;
#9654 = VERTEX_POINT ( 'NONE', #7454 ) ;
#9655 = ORIENTED_EDGE ( 'NONE', *, *, #3485, .T. ) ;
#9656 = CIRCLE ( 'NONE', #5946, 1.300000000000000700 ) ;
#9657 = CARTESIAN_POINT ( 'NONE',  ( -1.379851512413568000, -39.15000000000000600, 41.54834905086877900 ) ) ;
#9658 = ORIENTED_EDGE ( 'NONE', *, *, #10221, .F. ) ;
#9659 =( NAMED_UNIT ( * ) SI_UNIT ( $, .STERADIAN. ) SOLID_ANGLE_UNIT ( ) );
#9660 = CARTESIAN_POINT ( 'NONE',  ( 2.603880904858910200, -21.25000000000000700, 43.56695646205938000 ) ) ;
#9662 = FILL_AREA_STYLE ('',( #8921 ) ) ;
#9661 = CARTESIAN_POINT ( 'NONE',  ( 14.15069333393202600, 15.05359323060818400, 46.50000000000000000 ) ) ;
#9663 = ORIENTED_EDGE ( 'NONE', *, *, #4808, .T. ) ;
#9664 = ORIENTED_EDGE ( 'NONE', *, *, #8947, .T. ) ;
#9665 =( LENGTH_UNIT ( ) NAMED_UNIT ( * ) SI_UNIT ( .MILLI., .METRE. ) );
#9666 =( NAMED_UNIT ( * ) SI_UNIT ( $, .STERADIAN. ) SOLID_ANGLE_UNIT ( ) );
#9667 = ORIENTED_EDGE ( 'NONE', *, *, #1124, .T. ) ;
#9668 = EDGE_CURVE ( 'NONE', #2066, #2910, #6271, .T. ) ;
#9669 = DIRECTION ( 'NONE',  ( -0.0000000000000000000, -0.0000000000000000000, -1.000000000000000000 ) ) ;
#9670 = FACE_OUTER_BOUND ( 'NONE', #7647, .T. ) ;
#9671 = ORIENTED_EDGE ( 'NONE', *, *, #9544, .F. ) ;
#9672 = FILL_AREA_STYLE_COLOUR ( '', #9552 ) ;
#9673 = EDGE_CURVE ( 'NONE', #10058, #709, #6774, .T. ) ;
#9674 = LINE ( 'NONE', #4263, #7562 ) ;
#9675 = AXIS2_PLACEMENT_3D ( 'NONE', #3482, #9045, #315 ) ;
#9676 = ORIENTED_EDGE ( 'NONE', *, *, #8696, .F. ) ;
#9677 = DIRECTION ( 'NONE',  ( -0.0000000000000000000, -0.0000000000000000000, -1.000000000000000000 ) ) ;
#9678 =( NAMED_UNIT ( * ) PLANE_ANGLE_UNIT ( ) SI_UNIT ( $, .RADIAN. ) );
#9679 = CARTESIAN_POINT ( 'NONE',  ( 16.74999999999983300, 15.50000000000016000, 4.500000000000000900 ) ) ;
#9680 = VERTEX_POINT ( 'NONE', #2548 ) ;
#9681 = CARTESIAN_POINT ( 'NONE',  ( 21.15000000000000200, -13.32957238623955700, 5.934847352626164300 ) ) ;
#9682 = DIRECTION ( 'NONE',  ( 0.0000000000000000000, 1.000000000000000000, 0.0000000000000000000 ) ) ;
#9683 = MECHANICAL_DESIGN_GEOMETRIC_PRESENTATION_REPRESENTATION (  '', ( #2541 ), #807 ) ;
#9684 = LINE ( 'NONE', #6712, #1832 ) ;
#9685 = CARTESIAN_POINT ( 'NONE',  ( 0.0000000000000000000, 0.0000000000000000000, 47.50000000000000000 ) ) ;
#9686 = EDGE_CURVE ( 'NONE', #5208, #6803, #4136, .T. ) ;
#9687 = EDGE_CURVE ( 'NONE', #1632, #4525, #6024, .T. ) ;
#9688 = ORIENTED_EDGE ( 'NONE', *, *, #10296, .F. ) ;
#9689 = DIRECTION ( 'NONE',  ( -1.125454765811129600E-014, -1.000000000000000000, 0.0000000000000000000 ) ) ;
#9690 =( NAMED_UNIT ( * ) PLANE_ANGLE_UNIT ( ) SI_UNIT ( $, .RADIAN. ) );
#9691 = DIRECTION ( 'NONE',  ( 1.000000000000000000, 0.0000000000000000000, 0.0000000000000000000 ) ) ;
#9692 = ORIENTED_EDGE ( 'NONE', *, *, #5694, .T. ) ;
#9693 = DIRECTION ( 'NONE',  ( 1.000000000000000000, -1.125454765811127600E-014, 0.0000000000000000000 ) ) ;
#9694 = ORIENTED_EDGE ( 'NONE', *, *, #3486, .T. ) ;
#9695 = LINE ( 'NONE', #2345, #4697 ) ;
#9697 = DIRECTION ( 'NONE',  ( 0.0000000000000000000, 0.0000000000000000000, -1.000000000000000000 ) ) ;
#9696 = CARTESIAN_POINT ( 'NONE',  ( 16.94289321881344900, -20.65000000000000200, 0.5000000000000004400 ) ) ;
#9698 = SURFACE_STYLE_FILL_AREA ( #4883 ) ;
#9699 = ADVANCED_FACE ( 'NONE', ( #1646 ), #4277, .T. ) ;
#9700 = SURFACE_SIDE_STYLE ('',( #8026 ) ) ;
#9701 = AXIS2_PLACEMENT_3D ( 'NONE', #9494, #8712, #4804 ) ;
#9702 = DIRECTION ( 'NONE',  ( 5.211847922874171200E-016, 1.000000000000000000, 0.0000000000000000000 ) ) ;
#9703 = ORIENTED_EDGE ( 'NONE', *, *, #9443, .T. ) ;
#9704 = DIRECTION ( 'NONE',  ( -0.0000000000000000000, -1.000000000000000000, 0.0000000000000000000 ) ) ;
#9705 = AXIS2_PLACEMENT_3D ( 'NONE', #1699, #1761, #8070 ) ;
#9706 = EDGE_CURVE ( 'NONE', #1282, #2893, #7764, .T. ) ;
#9707 =( NAMED_UNIT ( * ) PLANE_ANGLE_UNIT ( ) SI_UNIT ( $, .RADIAN. ) );
#9708 = LINE ( 'NONE', #7606, #8946 ) ;
#9709 = DIRECTION ( 'NONE',  ( -0.0000000000000000000, -0.0000000000000000000, -1.000000000000000000 ) ) ;
#9710 = CIRCLE ( 'NONE', #5718, 11.50000000000000000 ) ;
#9711 = CARTESIAN_POINT ( 'NONE',  ( 16.78307522795901400, -15.07550534522241900, 46.50000000000000000 ) ) ;
#9712 = UNCERTAINTY_MEASURE_WITH_UNIT (LENGTH_MEASURE( 1.000000000000000100E-005 ), #5879, 'distance_accuracy_value', 'NONE');
#9713 = B_SPLINE_CURVE_WITH_KNOTS ( 'NONE', 3,
 ( #2520, #8116, #125, #2462 ),
 .UNSPECIFIED., .F., .F.,
 ( 4, 4 ),
 ( 0.0000000000000000000, 0.0004464067693919874500 ),
 .UNSPECIFIED. ) ;
#9714 = UNCERTAINTY_MEASURE_WITH_UNIT (LENGTH_MEASURE( 1.000000000000000100E-005 ), #5145, 'distance_accuracy_value', 'NONE');
#9715 = CARTESIAN_POINT ( 'NONE',  ( -16.84930666606614100, -15.64880225646465600, 47.49878368663156900 ) ) ;
#9716 = LINE ( 'NONE', #8261, #7599 ) ;
#9717 = FACE_OUTER_BOUND ( 'NONE', #6359, .T. ) ;
#9718 = LINE ( 'NONE', #8024, #7710 ) ;
#9719 = CARTESIAN_POINT ( 'NONE',  ( 1.379851512413564600, -39.15000000000000600, 40.96955165395432600 ) ) ;
#9720 = MECHANICAL_DESIGN_GEOMETRIC_PRESENTATION_REPRESENTATION (  '', ( #8098 ), #8968 ) ;
#9721 = AXIS2_PLACEMENT_3D ( 'NONE', #2905, #3076, #3956 ) ;
#9722 = DIRECTION ( 'NONE',  ( 0.0000000000000000000, 1.000000000000000000, -0.0000000000000000000 ) ) ;
#9723 = VERTEX_POINT ( 'NONE', #7957 ) ;
#9724 = CARTESIAN_POINT ( 'NONE',  ( 0.0000000000000000000, 0.0000000000000000000, -1.500000000000000000 ) ) ;
#9725 = FILL_AREA_STYLE_COLOUR ( '', #5905 ) ;
#9726 = DIRECTION ( 'NONE',  ( -0.0000000000000000000, -0.0000000000000000000, -1.000000000000000000 ) ) ;
#9727 = CARTESIAN_POINT ( 'NONE',  ( -16.84930666606614500, -15.94640676939191900, 46.50000000000000000 ) ) ;
#9729 =( NAMED_UNIT ( * ) SI_UNIT ( $, .STERADIAN. ) SOLID_ANGLE_UNIT ( ) );
#9728 =( NAMED_UNIT ( * ) SI_UNIT ( $, .STERADIAN. ) SOLID_ANGLE_UNIT ( ) );
#9730 = ORIENTED_EDGE ( 'NONE', *, *, #4270, .T. ) ;
#9731 = PRESENTATION_LAYER_ASSIGNMENT (  '', '', ( #2944 ) ) ;
#9732 = ORIENTED_EDGE ( 'NONE', *, *, #7140, .F. ) ;
#9733 = EDGE_CURVE ( 'NONE', #1790, #6894, #1163, .T. ) ;
#9734 = DIRECTION ( 'NONE',  ( 1.000000000000000000, 0.0000000000000000000, -0.0000000000000000000 ) ) ;
#9735 = VECTOR ( 'NONE', #605, 1000.000000000000000 ) ;
#9736 = EDGE_CURVE ( 'NONE', #4211, #2171, #5652, .T. ) ;
#9737 = AXIS2_PLACEMENT_3D ( 'NONE', #256, #900, #9762 ) ;
#9738 = LINE ( 'NONE', #9840, #1501 ) ;
#9739 = DIRECTION ( 'NONE',  ( -0.7071067811865475700, 0.7071067811865475700, 0.0000000000000000000 ) ) ;
#9740 = VECTOR ( 'NONE', #2280, 1000.000000000000000 ) ;
#9741 = DIRECTION ( 'NONE',  ( -0.0000000000000000000, 1.000000000000000000, -0.0000000000000000000 ) ) ;
#9742 = ORIENTED_EDGE ( 'NONE', *, *, #5059, .F. ) ;
#9743 = FACE_OUTER_BOUND ( 'NONE', #8662, .T. ) ;
#9744 = CARTESIAN_POINT ( 'NONE',  ( 21.14999999999999900, 17.14999999999999500, 47.50000000000000000 ) ) ;
#9745 = FILL_AREA_STYLE ('',( #7443 ) ) ;
#9746 = FILL_AREA_STYLE ('',( #9003 ) ) ;
#9747 = ADVANCED_FACE ( 'NONE', ( #52 ), #8756, .T. ) ;
#9748 = DIRECTION ( 'NONE',  ( -0.0000000000000000000, -0.0000000000000000000, -1.000000000000000000 ) ) ;
#9749 = EDGE_CURVE ( 'NONE', #2593, #8139, #1915, .T. ) ;
#9750 = EDGE_CURVE ( 'NONE', #7117, #3467, #830, .T. ) ;
#9751 = ORIENTED_EDGE ( 'NONE', *, *, #2111, .T. ) ;
#9752 = ORIENTED_EDGE ( 'NONE', *, *, #4535, .T. ) ;
#9753 = DIRECTION ( 'NONE',  ( -0.0000000000000000000, -0.0000000000000000000, 1.000000000000000000 ) ) ;
#9754 = AXIS2_PLACEMENT_3D ( 'NONE', #3487, #4355, #1076 ) ;
#9755 = ORIENTED_EDGE ( 'NONE', *, *, #142, .T. ) ;
#9756 = UNCERTAINTY_MEASURE_WITH_UNIT (LENGTH_MEASURE( 1.000000000000000100E-005 ), #5021, 'distance_accuracy_value', 'NONE');
#9757 =( NAMED_UNIT ( * ) SI_UNIT ( $, .STERADIAN. ) SOLID_ANGLE_UNIT ( ) );
#9758 = CIRCLE ( 'NONE', #2101, 2.299999999999999800 ) ;
#9759 = VECTOR ( 'NONE', #5372, 1000.000000000000000 ) ;
#9760 = CARTESIAN_POINT ( 'NONE',  ( 15.50000000000102000, -15.49999999999983700, 46.50000000000000000 ) ) ;
#9761 = DIRECTION ( 'NONE',  ( 0.0000000000000000000, 0.0000000000000000000, 1.000000000000000000 ) ) ;
#9762 = DIRECTION ( 'NONE',  ( 1.000000000000000000, 0.0000000000000000000, 0.0000000000000000000 ) ) ;
#9763 = VERTEX_POINT ( 'NONE', #4213 ) ;
#9764 = FILL_AREA_STYLE_COLOUR ( '', #2957 ) ;
#9765 = ORIENTED_EDGE ( 'NONE', *, *, #4078, .F. ) ;
#9766 = MECHANICAL_DESIGN_GEOMETRIC_PRESENTATION_REPRESENTATION (  '', ( #4737 ), #1232 ) ;
#9767 = ORIENTED_EDGE ( 'NONE', *, *, #958, .T. ) ;
#9768 = LINE ( 'NONE', #8531, #6785 ) ;
#9769 = CARTESIAN_POINT ( 'NONE',  ( 16.94289321881345600, 21.14999999999999900, 8.000000000000000000 ) ) ;
#9770 = EDGE_CURVE ( 'NONE', #4650, #8888, #4404, .T. ) ;
#9771 = EDGE_CURVE ( 'NONE', #1967, #1377, #167, .T. ) ;
#9772 = CIRCLE ( 'NONE', #5732, 2.500000000000000000 ) ;
#9773 = CARTESIAN_POINT ( 'NONE',  ( -15.49999999999999600, 15.50000000000000000, 4.500000000000000900 ) ) ;
#9774 = EDGE_LOOP ( 'NONE', ( #2038, #4035, #9535, #2763 ) ) ;
#9775 = LINE ( 'NONE', #7371, #7391 ) ;
#9776 = DIRECTION ( 'NONE',  ( 0.0000000000000000000, -0.0000000000000000000, -1.000000000000000000 ) ) ;
#9777 = VERTEX_POINT ( 'NONE', #9858 ) ;
#9778 = CARTESIAN_POINT ( 'NONE',  ( 15.50000000000010500, -15.49999999999989200, 4.500000000000000900 ) ) ;
#9779 = ORIENTED_EDGE ( 'NONE', *, *, #2962, .T. ) ;
#9780 = FACE_OUTER_BOUND ( 'NONE', #7272, .T. ) ;
#9781 = DIRECTION ( 'NONE',  ( 1.000000000000000000, 0.0000000000000000000, 0.0000000000000000000 ) ) ;
#9782 = ORIENTED_EDGE ( 'NONE', *, *, #6034, .F. ) ;
#9783 =( GEOMETRIC_REPRESENTATION_CONTEXT ( 3 ) GLOBAL_UNCERTAINTY_ASSIGNED_CONTEXT ( ( #4131 ) ) GLOBAL_UNIT_ASSIGNED_CONTEXT ( ( #4615, #3746, #8457 ) ) REPRESENTATION_CONTEXT ( 'NONE', 'WORKASPACE' ) );
#9784 = AXIS2_PLACEMENT_3D ( 'NONE', #4721, #10304, #745 ) ;
#9785 = ORIENTED_EDGE ( 'NONE', *, *, #748, .F. ) ;
#9786 = DIRECTION ( 'NONE',  ( -0.7071067811865462400, 0.7071067811865487900, 0.0000000000000000000 ) ) ;
#9787 = ORIENTED_EDGE ( 'NONE', *, *, #9215, .F. ) ;
#9788 = CARTESIAN_POINT ( 'NONE',  ( -1.500000000000000200, 2.000000000000000000, -23.50000000000000700 ) ) ;
#9789 = ORIENTED_EDGE ( 'NONE', *, *, #5955, .T. ) ;
#9790 = CARTESIAN_POINT ( 'NONE',  ( -3.496119095141088500, -19.15000000000000600, 0.0000000000000000000 ) ) ;
#9791 = CARTESIAN_POINT ( 'NONE',  ( 15.05359323060813800, -14.27904914257755200, 47.50000000000000000 ) ) ;
#9792 = ORIENTED_EDGE ( 'NONE', *, *, #6097, .F. ) ;
#9793 = DIRECTION ( 'NONE',  ( -0.0000000000000000000, 1.000000000000000000, -0.0000000000000000000 ) ) ;
#9794 = VECTOR ( 'NONE', #6530, 1000.000000000000000 ) ;
#9795 = ORIENTED_EDGE ( 'NONE', *, *, #6274, .F. ) ;
#9796 = DIRECTION ( 'NONE',  ( 1.000000000000000000, 0.0000000000000000000, 0.0000000000000000000 ) ) ;
#9797 =( NAMED_UNIT ( * ) SI_UNIT ( $, .STERADIAN. ) SOLID_ANGLE_UNIT ( ) );
#9798 = MECHANICAL_DESIGN_GEOMETRIC_PRESENTATION_REPRESENTATION (  '', ( #9122 ), #3388 ) ;
#9799 = CARTESIAN_POINT ( 'NONE',  ( -3.496119095141088500, -21.25000000000000700, 44.41033917074156500 ) ) ;
#9800 = COLOUR_RGB ( '',0.2509803921568627400, 0.2509803921568627400, 0.2509803921568627400 ) ;
#9801 = CIRCLE ( 'NONE', #2086, 2.999999999999999100 ) ;
#9802 = EDGE_CURVE ( 'NONE', #3683, #6028, #2047, .T. ) ;
#9804 =( LENGTH_UNIT ( ) NAMED_UNIT ( * ) SI_UNIT ( .MILLI., .METRE. ) );
#9803 = CARTESIAN_POINT ( 'NONE',  ( -21.66084925377253600, -21.25000000000000700, 23.57210065851715100 ) ) ;
#9805 = VERTEX_POINT ( 'NONE', #5002 ) ;
#9806 = ADVANCED_FACE ( 'NONE', ( #8121 ), #6575, .T. ) ;
#9807 = SURFACE_SIDE_STYLE ('',( #8541 ) ) ;
#9808 = CYLINDRICAL_SURFACE ( 'NONE', #4048, 0.5787973969144516500 ) ;
#9809 = ORIENTED_EDGE ( 'NONE', *, *, #5395, .T. ) ;
#9810 = VECTOR ( 'NONE', #3368, 1000.000000000000000 ) ;
#9811 = EDGE_CURVE ( 'NONE', #3034, #2836, #6635, .T. ) ;
#9812 = CARTESIAN_POINT ( 'NONE',  ( 15.94640676939198100, -16.84930666606609200, 47.49262389544739400 ) ) ;
#9813 = CARTESIAN_POINT ( 'NONE',  ( 1.379851512413564600, -39.15000000000000600, 40.96955165395432600 ) ) ;
#9814 = MECHANICAL_DESIGN_GEOMETRIC_PRESENTATION_REPRESENTATION (  '', ( #917 ), #1217 ) ;
#9815 = ORIENTED_EDGE ( 'NONE', *, *, #4550, .F. ) ;
#9816 = CARTESIAN_POINT ( 'NONE',  ( 15.94640676939200000, -14.15069333393209000, 47.49262389544721700 ) ) ;
#9817 = EDGE_CURVE ( 'NONE', #709, #10058, #1286, .T. ) ;
#9818 = ORIENTED_EDGE ( 'NONE', *, *, #8342, .T. ) ;
#9819 = MECHANICAL_DESIGN_GEOMETRIC_PRESENTATION_REPRESENTATION (  '', ( #619 ), #1068 ) ;
#9820 = ORIENTED_EDGE ( 'NONE', *, *, #3784, .F. ) ;
#9821 = EDGE_CURVE ( 'NONE', #7816, #2355, #7128, .T. ) ;
#9822 = COLOUR_RGB ( '',0.2509803921568627400, 0.2509803921568627400, 0.2509803921568627400 ) ;
#9823 = CARTESIAN_POINT ( 'NONE',  ( 0.0000000000000000000, 0.0000000000000000000, 0.5000000000000000000 ) ) ;
#9824 = COLOUR_RGB ( '',0.2509803921568627400, 0.2509803921568627400, 0.2509803921568627400 ) ;
#9825 =( LENGTH_UNIT ( ) NAMED_UNIT ( * ) SI_UNIT ( .MILLI., .METRE. ) );
#9826 = CARTESIAN_POINT ( 'NONE',  ( 16.84930666606603500, 15.94640676939203200, 46.50000000000000000 ) ) ;
#9827 = ORIENTED_EDGE ( 'NONE', *, *, #6761, .T. ) ;
#9828 = DIRECTION ( 'NONE',  ( 1.000000000000000000, -1.534293971618784800E-013, 0.0000000000000000000 ) ) ;
#9829 = DIRECTION ( 'NONE',  ( -0.0000000000000000000, 1.000000000000000000, -0.0000000000000000000 ) ) ;
#9830 = ORIENTED_EDGE ( 'NONE', *, *, #6615, .T. ) ;
#9831 =( GEOMETRIC_REPRESENTATION_CONTEXT ( 3 ) GLOBAL_UNCERTAINTY_ASSIGNED_CONTEXT ( ( #57 ) ) GLOBAL_UNIT_ASSIGNED_CONTEXT ( ( #7345, #1817, #9728 ) ) REPRESENTATION_CONTEXT ( 'NONE', 'WORKASPACE' ) );
#9832 = CARTESIAN_POINT ( 'NONE',  ( 15.49999999999983700, 15.50000000000016000, 47.50000000000000000 ) ) ;
#9833 = SURFACE_SIDE_STYLE ('',( #9286 ) ) ;
#9834 = EDGE_CURVE ( 'NONE', #7238, #3159, #10234, .T. ) ;
#9835 = EDGE_CURVE ( 'NONE', #525, #6405, #7875, .T. ) ;
#9836 = DIRECTION ( 'NONE',  ( -1.000000000000000000, 0.0000000000000000000, 0.0000000000000000000 ) ) ;
#9837 = DIRECTION ( 'NONE',  ( -0.0000000000000000000, -0.0000000000000000000, 1.000000000000000000 ) ) ;
#9838 = CARTESIAN_POINT ( 'NONE',  ( -14.24999999999994300, -15.50000000000005000, 4.500000000000000900 ) ) ;
#9840 = CARTESIAN_POINT ( 'NONE',  ( -15.94640676939209500, 15.07550534522231100, 47.50000000000000000 ) ) ;
#9839 = PLANE ( 'NONE',  #1079 ) ;
#9841 = CIRCLE ( 'NONE', #5953, 2.500000000000000000 ) ;
#9842 = DIRECTION ( 'NONE',  ( -0.7423134210256077100, 0.0000000000000000000, -0.6700528225186868100 ) ) ;
#9843 = VECTOR ( 'NONE', #9677, 1000.000000000000000 ) ;
#9844 = DIRECTION ( 'NONE',  ( 0.0000000000000000000, 0.0000000000000000000, -1.000000000000000000 ) ) ;
#9845 = MECHANICAL_DESIGN_GEOMETRIC_PRESENTATION_REPRESENTATION (  '', ( #2233 ), #1821 ) ;
#9846 = CARTESIAN_POINT ( 'NONE',  ( 14.15069333393202700, 15.50000000000016200, 47.49878368663153300 ) ) ;
#9847 = DIRECTION ( 'NONE',  ( 0.0000000000000000000, 0.0000000000000000000, 1.000000000000000000 ) ) ;
#9848 = PLANE ( 'NONE',  #6441 ) ;
#9849 =( NAMED_UNIT ( * ) PLANE_ANGLE_UNIT ( ) SI_UNIT ( $, .RADIAN. ) );
#9850 = FACE_OUTER_BOUND ( 'NONE', #9338, .T. ) ;
#9851 = CIRCLE ( 'NONE', #10281, 25.00000000000000000 ) ;
#9852 = DIRECTION ( 'NONE',  ( 3.885970363620945200E-015, 1.000000000000000000, 0.0000000000000000000 ) ) ;
#9853 =( NAMED_UNIT ( * ) SI_UNIT ( $, .STERADIAN. ) SOLID_ANGLE_UNIT ( ) );
#9854 = ADVANCED_FACE ( 'NONE', ( #5517 ), #2405, .T. ) ;
#9855 = DIRECTION ( 'NONE',  ( -0.0000000000000000000, -0.0000000000000000000, -1.000000000000000000 ) ) ;
#9856 = VERTEX_POINT ( 'NONE', #8487 ) ;
#9857 = DIRECTION ( 'NONE',  ( 1.000000000000000000, 0.0000000000000000000, -0.0000000000000000000 ) ) ;
#9858 = CARTESIAN_POINT ( 'NONE',  ( -2.799999999999999800, 0.0000000000000000000, 1.000000000000000000 ) ) ;
#9859 = CARTESIAN_POINT ( 'NONE',  ( -16.94289321881343100, 20.64999999999999900, 0.5000000000000004400 ) ) ;
#9860 = MECHANICAL_DESIGN_GEOMETRIC_PRESENTATION_REPRESENTATION (  '', ( #4175 ), #598 ) ;
#9861 = CIRCLE ( 'NONE', #7456, 1.300000000000000700 ) ;
#9862 =( LENGTH_UNIT ( ) NAMED_UNIT ( * ) SI_UNIT ( .MILLI., .METRE. ) );
#9863 = PLANE ( 'NONE',  #6798 ) ;
#9864 = CARTESIAN_POINT ( 'NONE',  ( -16.94289321881343500, -21.15000000000000600, 38.00000000000000000 ) ) ;
#9865 = ORIENTED_EDGE ( 'NONE', *, *, #3810, .F. ) ;
#9866 = LINE ( 'NONE', #9982, #7739 ) ;
#9867 =( NAMED_UNIT ( * ) SI_UNIT ( $, .STERADIAN. ) SOLID_ANGLE_UNIT ( ) );
#9868 = ORIENTED_EDGE ( 'NONE', *, *, #8729, .F. ) ;
#9869 = DIRECTION ( 'NONE',  ( 1.000000000000000000, -0.0000000000000000000, -0.0000000000000000000 ) ) ;
#9870 = COLOUR_RGB ( '',1.000000000000000000, 1.000000000000000000, 1.000000000000000000 ) ;
#9872 =( NAMED_UNIT ( * ) PLANE_ANGLE_UNIT ( ) SI_UNIT ( $, .RADIAN. ) );
#9871 = FILL_AREA_STYLE_COLOUR ( '', #8954 ) ;
#9873 = COLOUR_RGB ( '',0.2509803921568627400, 0.2509803921568627400, 0.2509803921568627400 ) ;
#9874 = EDGE_CURVE ( 'NONE', #6265, #2848, #9758, .T. ) ;
#9875 = MECHANICAL_DESIGN_GEOMETRIC_PRESENTATION_REPRESENTATION (  '', ( #5397 ), #8054 ) ;
#9876 = CARTESIAN_POINT ( 'NONE',  ( 20.64999999999999900, 16.94289321881344500, 0.5000000000000004400 ) ) ;
#9877 = CARTESIAN_POINT ( 'NONE',  ( -15.07550534522246900, -15.05359323060807800, 46.50000000000000000 ) ) ;
#9878 = ORIENTED_EDGE ( 'NONE', *, *, #2487, .F. ) ;
#9879 = ORIENTED_EDGE ( 'NONE', *, *, #8481, .F. ) ;
#9880 = EDGE_CURVE ( 'NONE', #6767, #5549, #9513, .T. ) ;
#9881 = CARTESIAN_POINT ( 'NONE',  ( 1.379851512413568000, -39.15000000000000600, 42.95165094913121400 ) ) ;
#9882 = CARTESIAN_POINT ( 'NONE',  ( -18.50000000000109100, 15.49999999999897500, 47.50000000000000000 ) ) ;
#9883 =( NAMED_UNIT ( * ) SI_UNIT ( $, .STERADIAN. ) SOLID_ANGLE_UNIT ( ) );
#9884 = ORIENTED_EDGE ( 'NONE', *, *, #5615, .F. ) ;
#9885 = ADVANCED_FACE ( 'NONE', ( #8994 ), #5011, .T. ) ;
#9886 = COLOUR_RGB ( '',0.0000000000000000000, 0.5019607843137254800, 0.2509803921568627400 ) ;
#9887 = VERTEX_POINT ( 'NONE', #6027 ) ;
#9888 = VERTEX_POINT ( 'NONE', #6897 ) ;
#9889 = ORIENTED_EDGE ( 'NONE', *, *, #445, .T. ) ;
#9890 = CARTESIAN_POINT ( 'NONE',  ( -15.94640676939209500, 15.07550534522231100, 46.50000000000000000 ) ) ;
#9891 = AXIS2_PLACEMENT_3D ( 'NONE', #1941, #3538, #2780 ) ;
#9892 = DIRECTION ( 'NONE',  ( -0.0000000000000000000, -0.0000000000000000000, 1.000000000000000000 ) ) ;
#9893 = EDGE_CURVE ( 'NONE', #595, #3817, #5641, .T. ) ;
#9894 = EDGE_CURVE ( 'NONE', #2825, #2826, #2915, .T. ) ;
#9895 = DIRECTION ( 'NONE',  ( 0.0000000000000000000, 0.0000000000000000000, -1.000000000000000000 ) ) ;
#9896 = DIRECTION ( 'NONE',  ( -0.0000000000000000000, -0.0000000000000000000, 1.000000000000000000 ) ) ;
#9897 = LINE ( 'NONE', #8771, #7643 ) ;
#9898 = CARTESIAN_POINT ( 'NONE',  ( 18.79644660940669000, -18.79644660940677200, 0.5000000000000000000 ) ) ;
#9899 = PLANE ( 'NONE',  #5317 ) ;
#9900 = ORIENTED_EDGE ( 'NONE', *, *, #5832, .F. ) ;
#9901 = CARTESIAN_POINT ( 'NONE',  ( 17.29644660940671100, -21.00355339059327500, 38.00000000000000000 ) ) ;
#9902 = DIRECTION ( 'NONE',  ( -1.875757943018545800E-015, 1.000000000000000000, -0.0000000000000000000 ) ) ;
#9903 = CIRCLE ( 'NONE', #4120, 0.5000000000000004400 ) ;
#9904 = CARTESIAN_POINT ( 'NONE',  ( 15.50000000000000000, 1.928818708657081300E-015, 0.5000000000000000000 ) ) ;
#9905 = UNCERTAINTY_MEASURE_WITH_UNIT (LENGTH_MEASURE( 1.000000000000000100E-005 ), #6088, 'distance_accuracy_value', 'NONE');
#9906 = CARTESIAN_POINT ( 'NONE',  ( 15.70908840091730200, 16.78307522795905600, 47.50000000000000000 ) ) ;
#9907 = VERTEX_POINT ( 'NONE', #5251 ) ;
#9908 = DIRECTION ( 'NONE',  ( -1.000000000000000000, -0.0000000000000000000, -0.0000000000000000000 ) ) ;
#9909 = STYLED_ITEM ( 'NONE', ( #9031 ), #6438 ) ;
#9910 = DIRECTION ( 'NONE',  ( 0.0000000000000000000, 0.0000000000000000000, -1.000000000000000000 ) ) ;
#9911 = ORIENTED_EDGE ( 'NONE', *, *, #3282, .T. ) ;
#9912 = MECHANICAL_DESIGN_GEOMETRIC_PRESENTATION_REPRESENTATION (  '', ( #824 ), #8296 ) ;
#9913 = CIRCLE ( 'NONE', #8789, 1.299999999999999200 ) ;
#9914 = CLOSED_SHELL ( 'NONE', ( #9885, #1601, #7751, #381, #6557, #8357, #7712, #2488, #6858, #1734, #5279, #9699, #820, #9004, #7585, #7916, #2968, #9854, #4207, #6974, #7958, #3988, #492, #1342, #1100, #9115, #968, #3974, #1259, #8387, #7188, #2391, #7287, #4341, #4707, #6071, #7330, #8955, #2781, #6834, #2705, #9208, #3133, #516, #664, #9387, #7688, #2341, #41, #5877, #2913, #7494, #10320, #7555, #7994, #9806, #1880, #3232, #805, #4454, #6605, #10042, #5406, #6398, #9256, #5851, #7804, #1853, #9941, #5177, #4478, #766, #7445, #6496, #6773, #6094, #6878, #2649, #7467, #3334, #5471, #9500, #5069, #7657, #1149, #5563, #2535, #5518, #5311, #4874, #7903, #3730, #1499, #1637, #1797, #5621, #2057, #2892, #4259, #1216, #4764, #2134, #8705, #5772, #7381, #5908, #6116, #9593, #8486, #6143, #2269, #8334, #6804, #8459, #9063, #9646, #9089, #4285, #1317, #9555, #4677, #621, #9988, #7947, #10069, #3377, #5227, #4093, #6721, #6244, #9598, #564, #2024, #4312, #1240, #8583, #1971, #4773, #4663, #6291, #2729, #756, #8007, #6352, #2599, #7520, #9232, #10013, #2938, #1183, #8847, #9340, #3509, #8440, #5833, #7630, #6695, #2478, #5141, #9150, #8538, #6741, #1284, #4149, #8220, #3585, #5988, #4370, #7229, #244, #2159, #8306, #97, #3273, #9038, #1383, #9747, #4391, #1119, #5097, #10111, #3713, #9917, #8783, #6663, #1994, #2087, #9283, #1944, #4720, #3896, #2842, #1484, #1019, #2110, #2426, #5205, #6448, #5939, #6904, #7858, #3182, #907, #10256, #7084, #5965, #4423, #5677, #3637, #5576, #294, #2674, #432, #9183, #2750, #8273, #8170, #5040, #3688, #4823, #4519, #138, #8748, #3483, #3008, #6201, #5356, #4980, #5249, #3662, #6930, #7130, #1555, #4046, #406, #9440, #10275, #4932, #5114, #2815, #462, #10092, #3944, #195, #1690, #3778, #8065, #10212, #5664, #6308, #8658, #10159, #3064, #3933, #4573, #6013, #536, #7844, #3557, #6042, #1073, #8239, #3533, #2183, #8905, #9314, #1591, #9966, #7610, #4495, #350, #4811, #8800, #3437, #2444, #728, #6438, #8110, #7022, #5722, #2867, #2229, #860, #3614, #1913 ) ) ;
#9915 = EDGE_CURVE ( 'NONE', #7144, #7748, #6490, .T. ) ;
#9916 = EDGE_LOOP ( 'NONE', ( #1031, #8396, #7613 ) ) ;
#9917 = ADVANCED_FACE ( 'NONE', ( #1636 ), #5887, .T. ) ;
#9918 = EDGE_LOOP ( 'NONE', ( #7617, #10009, #10169, #5419 ) ) ;
#9919 = DIRECTION ( 'NONE',  ( 0.6700528225186868100, 0.0000000000000000000, -0.7423134210256077100 ) ) ;
#9920 = DIRECTION ( 'NONE',  ( -0.0000000000000000000, -0.0000000000000000000, -1.000000000000000000 ) ) ;
#9921 = FACE_OUTER_BOUND ( 'NONE', #1399, .T. ) ;
#9922 = EDGE_LOOP ( 'NONE', ( #5546, #6350, #9632, #5302 ) ) ;
#9923 = DIRECTION ( 'NONE',  ( 0.0000000000000000000, 0.0000000000000000000, -1.000000000000000000 ) ) ;
#9924 = CARTESIAN_POINT ( 'NONE',  ( 15.49999999999983700, 15.50000000000016000, 47.50000000000000000 ) ) ;
#9925 = COLOUR_RGB ( '',1.000000000000000000, 1.000000000000000000, 1.000000000000000000 ) ;
#9926 = ORIENTED_EDGE ( 'NONE', *, *, #9293, .F. ) ;
#9927 = ORIENTED_EDGE ( 'NONE', *, *, #6540, .F. ) ;
#9928 = CARTESIAN_POINT ( 'NONE',  ( -16.94289321881343500, 20.64999999999999900, 0.5000000000000000000 ) ) ;
#9929 = CIRCLE ( 'NONE', #640, 25.00000000000000000 ) ;
#9930 = AXIS2_PLACEMENT_3D ( 'NONE', #10036, #5253, #3521 ) ;
#9931 = EDGE_LOOP ( 'NONE', ( #1407, #278, #9432 ) ) ;
#9932 = FILL_AREA_STYLE ('',( #6722 ) ) ;
#9933 = CARTESIAN_POINT ( 'NONE',  ( -14.23619328529319000, -15.94640676939194500, 47.50000000000000000 ) ) ;
#9934 =( NAMED_UNIT ( * ) PLANE_ANGLE_UNIT ( ) SI_UNIT ( $, .RADIAN. ) );
#9935 = ORIENTED_EDGE ( 'NONE', *, *, #6159, .F. ) ;
#9936 = CARTESIAN_POINT ( 'NONE',  ( 16.94289321881345600, 20.64999999999999900, 0.5000000000000000000 ) ) ;
#9937 = FILL_AREA_STYLE_COLOUR ( '', #6883 ) ;
#9938 = VECTOR ( 'NONE', #4406, 1000.000000000000000 ) ;
#9939 = SURFACE_STYLE_FILL_AREA ( #4003 ) ;
#9940 = DIRECTION ( 'NONE',  ( -1.000000000000000000, -8.202002250481357500E-017, -0.0000000000000000000 ) ) ;
#9941 = ADVANCED_FACE ( 'NONE', ( #1532, #782, #7985, #1028, #8504, #7369 ), #2795, .T. ) ;
#9942 = DIRECTION ( 'NONE',  ( -1.000000000000000000, 1.021640353097896100E-014, 0.0000000000000000000 ) ) ;
#9943 = AXIS2_PLACEMENT_3D ( 'NONE', #708, #6232, #2259 ) ;
#9944 = ORIENTED_EDGE ( 'NONE', *, *, #9076, .F. ) ;
#9946 = DIRECTION ( 'NONE',  ( -1.165791109086283700E-014, -1.000000000000000000, -0.0000000000000000000 ) ) ;
#9945 =( NAMED_UNIT ( * ) SI_UNIT ( $, .STERADIAN. ) SOLID_ANGLE_UNIT ( ) );
#9947 = AXIS2_PLACEMENT_3D ( 'NONE', #3494, #3566, #3599 ) ;
#9948 = VECTOR ( 'NONE', #491, 1000.000000000000000 ) ;
#9949 = CARTESIAN_POINT ( 'NONE',  ( 16.94289321881344200, -21.15000000000000200, 47.50000000000000000 ) ) ;
#9950 = ORIENTED_EDGE ( 'NONE', *, *, #9076, .T. ) ;
#9951 = DIRECTION ( 'NONE',  ( 1.000000000000000000, 0.0000000000000000000, 0.0000000000000000000 ) ) ;
#9952 = ORIENTED_EDGE ( 'NONE', *, *, #3941, .T. ) ;
#9953 = DIRECTION ( 'NONE',  ( 0.0000000000000000000, -1.000000000000000000, 0.0000000000000000000 ) ) ;
#9954 = ORIENTED_EDGE ( 'NONE', *, *, #938, .F. ) ;
#9955 = DIRECTION ( 'NONE',  ( 1.000000000000000000, -3.751515886037098700E-015, -0.0000000000000000000 ) ) ;
#9956 = AXIS2_PLACEMENT_3D ( 'NONE', #5535, #6337, #7956 ) ;
#9957 = FACE_OUTER_BOUND ( 'NONE', #4009, .T. ) ;
#9958 = FILL_AREA_STYLE_COLOUR ( '', #9925 ) ;
#9959 = EDGE_CURVE ( 'NONE', #6265, #8702, #1278, .T. ) ;
#9960 = AXIS2_PLACEMENT_3D ( 'NONE', #9016, #8975, #5051 ) ;
#9961 = ORIENTED_EDGE ( 'NONE', *, *, #2566, .F. ) ;
#9962 = CARTESIAN_POINT ( 'NONE',  ( 0.0000000000000000000, -21.25000000000000700, 40.11033917074156800 ) ) ;
#9963 =( LENGTH_UNIT ( ) NAMED_UNIT ( * ) SI_UNIT ( .MILLI., .METRE. ) );
#9964 = VECTOR ( 'NONE', #4716, 1000.000000000000000 ) ;
#9965 = FACE_OUTER_BOUND ( 'NONE', #7667, .T. ) ;
#9966 = ADVANCED_FACE ( 'NONE', ( #4510 ), #2294, .T. ) ;
#9967 = SURFACE_SIDE_STYLE ('',( #5828 ) ) ;
#9968 = CARTESIAN_POINT ( 'NONE',  ( -1.379851512413568000, -19.15000000000000600, 42.95165094913121400 ) ) ;
#9969 = EDGE_CURVE ( 'NONE', #1798, #6569, #5256, .T. ) ;
#9970 = B_SPLINE_CURVE_WITH_KNOTS ( 'NONE', 3,
 ( #6812, #2120, #7673, #9279 ),
 .UNSPECIFIED., .F., .F.,
 ( 4, 4 ),
 ( 0.0000000000000000000, 5.435045947661695100E-005 ),
 .UNSPECIFIED. ) ;
#9971 = EDGE_CURVE ( 'NONE', #2286, #7148, #1621, .T. ) ;
#9972 = LINE ( 'NONE', #4394, #3963 ) ;
#9973 = DIRECTION ( 'NONE',  ( 1.021640353097896100E-014, 1.000000000000000000, 0.0000000000000000000 ) ) ;
#9974 = CARTESIAN_POINT ( 'NONE',  ( 17.14999999999996700, 21.14999999999999900, 47.50000000000000000 ) ) ;
#9975 = DIRECTION ( 'NONE',  ( 9.399091248501948900E-014, -1.000000000000000000, 0.0000000000000000000 ) ) ;
#9976 = DIRECTION ( 'NONE',  ( -1.000000000000000000, 0.0000000000000000000, 0.0000000000000000000 ) ) ;
#9977 = ORIENTED_EDGE ( 'NONE', *, *, #7087, .T. ) ;
#9978 = CARTESIAN_POINT ( 'NONE',  ( 15.94640676939200000, -14.15069333393209000, 47.49262389544721700 ) ) ;
#9979 = ORIENTED_EDGE ( 'NONE', *, *, #6087, .T. ) ;
#9980 = VECTOR ( 'NONE', #3183, 1000.000000000000000 ) ;
#9981 = DIRECTION ( 'NONE',  ( 0.0000000000000000000, 0.0000000000000000000, 1.000000000000000000 ) ) ;
#9982 = CARTESIAN_POINT ( 'NONE',  ( -1.379851512413568000, -39.15000000000000600, 40.96955165395432600 ) ) ;
#9983 = CIRCLE ( 'NONE', #8393, 11.00000000000000000 ) ;
#9984 =( GEOMETRIC_REPRESENTATION_CONTEXT ( 3 ) GLOBAL_UNCERTAINTY_ASSIGNED_CONTEXT ( ( #602 ) ) GLOBAL_UNIT_ASSIGNED_CONTEXT ( ( #6619, #7372, #9867 ) ) REPRESENTATION_CONTEXT ( 'NONE', 'WORKASPACE' ) );
#9985 = STYLED_ITEM ( 'NONE', ( #5616 ), #6804 ) ;
#9986 = DIRECTION ( 'NONE',  ( 1.000000000000000000, 0.0000000000000000000, 0.0000000000000000000 ) ) ;
#9987 =( NAMED_UNIT ( * ) PLANE_ANGLE_UNIT ( ) SI_UNIT ( $, .RADIAN. ) );
#9988 = ADVANCED_FACE ( 'NONE', ( #5752 ), #2231, .T. ) ;
#9989 = ORIENTED_EDGE ( 'NONE', *, *, #2210, .T. ) ;
#9990 = DIRECTION ( 'NONE',  ( 0.0000000000000000000, 0.0000000000000000000, 1.000000000000000000 ) ) ;
#9991 = VERTEX_POINT ( 'NONE', #6963 ) ;
#9992 = CIRCLE ( 'NONE', #378, 0.5000000000000004400 ) ;
#9993 = CIRCLE ( 'NONE', #5776, 25.00000000000000000 ) ;
#9994 =( NAMED_UNIT ( * ) SI_UNIT ( $, .STERADIAN. ) SOLID_ANGLE_UNIT ( ) );
#9995 = DIRECTION ( 'NONE',  ( 0.0000000000000000000, 0.0000000000000000000, 1.000000000000000000 ) ) ;
#9996 = PLANE ( 'NONE',  #152 ) ;
#9997 = CARTESIAN_POINT ( 'NONE',  ( 1.379851512413568000, -39.15000000000000600, 42.95165094913121400 ) ) ;
#9998 = ORIENTED_EDGE ( 'NONE', *, *, #5223, .T. ) ;
#9999 = AXIS2_PLACEMENT_3D ( 'NONE', #2148, #7708, #1304 ) ;
#10000 = AXIS2_PLACEMENT_3D ( 'NONE', #1384, #3029, #3744 ) ;
#10001 = CIRCLE ( 'NONE', #2021, 0.5000000000000004400 ) ;
#10002 = PRESENTATION_STYLE_ASSIGNMENT (( #2105 ) ) ;
#10003 = CARTESIAN_POINT ( 'NONE',  ( -15.50000000000016500, 15.49999999999897500, 47.50000000000000000 ) ) ;
#10004 = FACE_OUTER_BOUND ( 'NONE', #4642, .T. ) ;
#10005 = FILL_AREA_STYLE ('',( #4438 ) ) ;
#10006 = DIRECTION ( 'NONE',  ( 1.036685115958541700E-014, 1.000000000000000000, 0.0000000000000000000 ) ) ;
#10007 = ORIENTED_EDGE ( 'NONE', *, *, #5630, .T. ) ;
#10008 = EDGE_LOOP ( 'NONE', ( #9640, #104, #1347, #496 ) ) ;
#10009 = ORIENTED_EDGE ( 'NONE', *, *, #5266, .T. ) ;
#10010 =( NAMED_UNIT ( * ) SI_UNIT ( $, .STERADIAN. ) SOLID_ANGLE_UNIT ( ) );
#10011 = SURFACE_STYLE_FILL_AREA ( #1874 ) ;
#10012 = EDGE_CURVE ( 'NONE', #454, #668, #7866, .T. ) ;
#10013 = ADVANCED_FACE ( 'NONE', ( #9503 ), #4739, .T. ) ;
#10014 = MECHANICAL_DESIGN_GEOMETRIC_PRESENTATION_REPRESENTATION (  '', ( #9480 ), #2007 ) ;
#10015 = CARTESIAN_POINT ( 'NONE',  ( 21.15000000000000200, -16.94289321881346300, 0.5000000000000004400 ) ) ;
#10016 = LINE ( 'NONE', #1402, #5271 ) ;
#10017 = EDGE_CURVE ( 'NONE', #8237, #3562, #6258, .T. ) ;
#10018 = ORIENTED_EDGE ( 'NONE', *, *, #4933, .F. ) ;
#10019 = EDGE_LOOP ( 'NONE', ( #3371, #678, #3706, #79 ) ) ;
#10020 = AXIS2_PLACEMENT_3D ( 'NONE', #4692, #3041, #8636 ) ;
#10021 = PLANE ( 'NONE',  #4626 ) ;
#10022 = EDGE_CURVE ( 'NONE', #149, #1044, #8380, .T. ) ;
#10023 = DIRECTION ( 'NONE',  ( -1.000000000000000000, 2.073370231917083400E-015, 0.0000000000000000000 ) ) ;
#10024 = COLOUR_RGB ( '',0.2509803921568627400, 0.2509803921568627400, 0.2509803921568627400 ) ;
#10025 = LINE ( 'NONE', #8373, #3665 ) ;
#10026 = VERTEX_POINT ( 'NONE', #9367 ) ;
#10027 = AXIS2_PLACEMENT_3D ( 'NONE', #8133, #2537, #8096 ) ;
#10028 = FACE_OUTER_BOUND ( 'NONE', #3549, .T. ) ;
#10029 = FILL_AREA_STYLE_COLOUR ( '', #6800 ) ;
#10030 = EDGE_LOOP ( 'NONE', ( #4242, #6292, #3315, #3943, #5296 ) ) ;
#10031 = ORIENTED_EDGE ( 'NONE', *, *, #6746, .T. ) ;
#10032 = EDGE_CURVE ( 'NONE', #8300, #3023, #4392, .T. ) ;
#10033 = EDGE_CURVE ( 'NONE', #9805, #1156, #3879, .T. ) ;
#10034 = DIRECTION ( 'NONE',  ( 0.0000000000000000000, 1.000000000000000000, -8.673617379884027600E-016 ) ) ;
#10035 = CARTESIAN_POINT ( 'NONE',  ( -14.23619328529367500, -15.05359323060808700, 47.50000000000000000 ) ) ;
#10036 = CARTESIAN_POINT ( 'NONE',  ( -15.49999999999999600, 15.50000000000000000, 4.500000000000000900 ) ) ;
#10037 = FACE_OUTER_BOUND ( 'NONE', #96, .T. ) ;
#10038 = UNCERTAINTY_MEASURE_WITH_UNIT (LENGTH_MEASURE( 1.000000000000000100E-005 ), #1795, 'distance_accuracy_value', 'NONE');
#10039 = ORIENTED_EDGE ( 'NONE', *, *, #3809, .T. ) ;
#10040 = CARTESIAN_POINT ( 'NONE',  ( 15.94640676939200000, -14.23619328529375700, 47.50000000000000000 ) ) ;
#10041 = VERTEX_POINT ( 'NONE', #8787 ) ;
#10042 = ADVANCED_FACE ( 'NONE', ( #3995 ), #5632, .T. ) ;
#10043 = VECTOR ( 'NONE', #1164, 1000.000000000000000 ) ;
#10044 = ORIENTED_EDGE ( 'NONE', *, *, #1460, .T. ) ;
#10045 = ORIENTED_EDGE ( 'NONE', *, *, #8985, .T. ) ;
#10046 = SURFACE_SIDE_STYLE ('',( #4705 ) ) ;
#10047 = CARTESIAN_POINT ( 'NONE',  ( -16.78307522795904900, 15.21910815489294700, 47.50000000000000000 ) ) ;
#10048 =( NAMED_UNIT ( * ) PLANE_ANGLE_UNIT ( ) SI_UNIT ( $, .RADIAN. ) );
#10049 = SURFACE_STYLE_FILL_AREA ( #329 ) ;
#10050 = DIRECTION ( 'NONE',  ( 1.000000000000000000, 0.0000000000000000000, -0.0000000000000000000 ) ) ;
#10051 = AXIS2_PLACEMENT_3D ( 'NONE', #8000, #6510, #1728 ) ;
#10052 = VECTOR ( 'NONE', #2499, 1000.000000000000000 ) ;
#10054 = DIRECTION ( 'NONE',  ( 0.7071067811865441300, -0.7071067811865510100, -0.0000000000000000000 ) ) ;
#10053 = FILL_AREA_STYLE ('',( #2003 ) ) ;
#10055 = ORIENTED_EDGE ( 'NONE', *, *, #5809, .T. ) ;
#10056 =( LENGTH_UNIT ( ) NAMED_UNIT ( * ) SI_UNIT ( .MILLI., .METRE. ) );
#10057 = VECTOR ( 'NONE', #992, 1000.000000000000000 ) ;
#10058 = VERTEX_POINT ( 'NONE', #5566 ) ;
#10059 = FACE_OUTER_BOUND ( 'NONE', #8094, .T. ) ;
#10060 = CARTESIAN_POINT ( 'NONE',  ( -14.15069333393213200, -15.05359323060808800, 47.49262389544724500 ) ) ;
#10061 = DIRECTION ( 'NONE',  ( 1.000000000000000000, 0.0000000000000000000, 0.0000000000000000000 ) ) ;
#10062 = VERTEX_POINT ( 'NONE', #1521 ) ;
#10063 = VECTOR ( 'NONE', #5433, 1000.000000000000000 ) ;
#10064 = AXIS2_PLACEMENT_3D ( 'NONE', #7224, #8018, #9603 ) ;
#10065 = STYLED_ITEM ( 'NONE', ( #5351 ), #7022 ) ;
#10066 = LINE ( 'NONE', #2490, #8688 ) ;
#10067 = SURFACE_STYLE_FILL_AREA ( #5278 ) ;
#10068 = DIRECTION ( 'NONE',  ( -0.0000000000000000000, -0.0000000000000000000, -1.000000000000000000 ) ) ;
#10069 = ADVANCED_FACE ( 'NONE', ( #2516 ), #9505, .T. ) ;
#10070 = ORIENTED_EDGE ( 'NONE', *, *, #8821, .F. ) ;
#10071 = CARTESIAN_POINT ( 'NONE',  ( 16.94289321881343100, -20.65000000000000600, 48.00000000000000000 ) ) ;
#10072 = DIRECTION ( 'NONE',  ( 0.0000000000000000000, 0.0000000000000000000, 1.000000000000000000 ) ) ;
#10073 = SURFACE_STYLE_USAGE ( .BOTH. , #6166 ) ;
#10074 = VERTEX_POINT ( 'NONE', #6358 ) ;
#10075 = ORIENTED_EDGE ( 'NONE', *, *, #4191, .F. ) ;
#10076 = VECTOR ( 'NONE', #5001, 1000.000000000000000 ) ;
#10077 = LINE ( 'NONE', #5027, #7937 ) ;
#10078 = CARTESIAN_POINT ( 'NONE',  ( -15.50000000000016500, 15.49999999999897500, 47.50000000000000000 ) ) ;
#10079 = AXIS2_PLACEMENT_3D ( 'NONE', #2369, #4884, #3237 ) ;
#10080 = VERTEX_POINT ( 'NONE', #8699 ) ;
#10081 = EDGE_CURVE ( 'NONE', #4950, #7144, #3151, .T. ) ;
#10082 = EDGE_CURVE ( 'NONE', #9582, #3167, #9257, .T. ) ;
#10083 = ORIENTED_EDGE ( 'NONE', *, *, #7808, .T. ) ;
#10084 = DIRECTION ( 'NONE',  ( -1.224646799147353200E-016, 1.000000000000000000, 0.0000000000000000000 ) ) ;
#10085 = UNCERTAINTY_MEASURE_WITH_UNIT (LENGTH_MEASURE( 1.000000000000000100E-005 ), #8437, 'distance_accuracy_value', 'NONE');
#10086 = AXIS2_PLACEMENT_3D ( 'NONE', #7184, #7213, #4039 ) ;
#10087 = CARTESIAN_POINT ( 'NONE',  ( 13.32957238623955800, 21.14999999999999900, 5.999999999999998200 ) ) ;
#10088 = FACE_OUTER_BOUND ( 'NONE', #7917, .T. ) ;
#10089 = CARTESIAN_POINT ( 'NONE',  ( -16.78307522795909900, 15.70908840091624000, 47.50000000000000000 ) ) ;
#10090 = FILL_AREA_STYLE ('',( #1373 ) ) ;
#10091 = DIRECTION ( 'NONE',  ( 1.000000000000000000, 0.0000000000000000000, 0.0000000000000000000 ) ) ;
#10092 = ADVANCED_FACE ( 'NONE', ( #2271 ), #6421, .F. ) ;
#10093 = EDGE_CURVE ( 'NONE', #7698, #552, #6129, .T. ) ;
#10094 = EDGE_CURVE ( 'NONE', #1776, #7497, #269, .T. ) ;
#10095 = PRODUCT_RELATED_PRODUCT_CATEGORY ( 'part', '', ( #1493 ) ) ;
#10096 = DIRECTION ( 'NONE',  ( -1.000000000000000000, 0.0000000000000000000, 0.0000000000000000000 ) ) ;
#10097 = CARTESIAN_POINT ( 'NONE',  ( -21.14999999999999500, -16.94289321881344500, 47.50000000000000000 ) ) ;
#10098 = SURFACE_STYLE_FILL_AREA ( #3468 ) ;
#10099 = MECHANICAL_DESIGN_GEOMETRIC_PRESENTATION_REPRESENTATION (  '', ( #7628 ), #1729 ) ;
#10100 = DIRECTION ( 'NONE',  ( -1.000000000000000000, 0.0000000000000000000, 0.0000000000000000000 ) ) ;
#10101 = B_SPLINE_CURVE_WITH_KNOTS ( 'NONE', 3,
 ( #5174, #9223, #4452, #9188 ),
 .UNSPECIFIED., .F., .F.,
 ( 4, 4 ),
 ( 0.0004464067693918816900, 0.0008928135387838587900 ),
 .UNSPECIFIED. ) ;
#10102 = EDGE_CURVE ( 'NONE', #6153, #4424, #4124, .T. ) ;
#10103 = ORIENTED_EDGE ( 'NONE', *, *, #2678, .F. ) ;
#10104 = DIRECTION ( 'NONE',  ( 0.0000000000000000000, 0.0000000000000000000, 1.000000000000000000 ) ) ;
#10105 = SURFACE_STYLE_USAGE ( .BOTH. , #4441 ) ;
#10106 = FACE_OUTER_BOUND ( 'NONE', #7231, .T. ) ;
#10108 = CARTESIAN_POINT ( 'NONE',  ( -13.19999999999897800, -15.50000000000102100, 47.50000000000000000 ) ) ;
#10107 = CARTESIAN_POINT ( 'NONE',  ( -15.05359323060823600, 14.15069333393197400, 47.49262389544726700 ) ) ;
#10109 = COLOUR_RGB ( '',0.2509803921568627400, 0.2509803921568627400, 0.2509803921568627400 ) ;
#10111 = ADVANCED_FACE ( 'NONE', ( #2032 ), #155, .T. ) ;
#10110 = CIRCLE ( 'NONE', #1435, 2.999999999999999100 ) ;
#10112 = VERTEX_POINT ( 'NONE', #2366 ) ;
#10113 = FACE_OUTER_BOUND ( 'NONE', #6124, .T. ) ;
#10114 = ORIENTED_EDGE ( 'NONE', *, *, #7212, .T. ) ;
#10115 = AXIS2_PLACEMENT_3D ( 'NONE', #3430, #7422, #8243 ) ;
#10116 = AXIS2_PLACEMENT_3D ( 'NONE', #2404, #7854, #2336 ) ;
#10117 = CARTESIAN_POINT ( 'NONE',  ( 21.14999999999999900, 21.14999999999999900, 38.00000000000000000 ) ) ;
#10118 = LINE ( 'NONE', #1742, #1519 ) ;
#10119 = SURFACE_STYLE_FILL_AREA ( #3579 ) ;
#10120 = ORIENTED_EDGE ( 'NONE', *, *, #1140, .F. ) ;
#10121 = ORIENTED_EDGE ( 'NONE', *, *, #2603, .F. ) ;
#10122 = LINE ( 'NONE', #932, #3026 ) ;
#10123 = PRESENTATION_STYLE_ASSIGNMENT (( #3691 ) ) ;
#10124 = CARTESIAN_POINT ( 'NONE',  ( 14.21692477204111100, -15.92449465477574600, 47.49867441544045500 ) ) ;
#10125 = CARTESIAN_POINT ( 'NONE',  ( 20.65000000000000200, -16.94289321881346300, 0.5000000000000004400 ) ) ;
#10126 = CARTESIAN_POINT ( 'NONE',  ( -15.50000000000016500, 15.49999999999897500, 47.50000000000000000 ) ) ;
#10127 =( GEOMETRIC_REPRESENTATION_CONTEXT ( 3 ) GLOBAL_UNCERTAINTY_ASSIGNED_CONTEXT ( ( #8205 ) ) GLOBAL_UNIT_ASSIGNED_CONTEXT ( ( #9052, #5085, #9088 ) ) REPRESENTATION_CONTEXT ( 'NONE', 'WORKASPACE' ) );
#10128 = EDGE_LOOP ( 'NONE', ( #2935, #6956, #3530 ) ) ;
#10129 = ORIENTED_EDGE ( 'NONE', *, *, #8746, .T. ) ;
#10130 = EDGE_LOOP ( 'NONE', ( #7271, #1616, #9818, #3990 ) ) ;
#10131 = FACE_OUTER_BOUND ( 'NONE', #3593, .T. ) ;
#10132 = CARTESIAN_POINT ( 'NONE',  ( -17.80000000000016400, 15.49999999999897500, 46.00000000000000000 ) ) ;
#10133 = VERTEX_POINT ( 'NONE', #7115 ) ;
#10134 = PRESENTATION_STYLE_ASSIGNMENT (( #365 ) ) ;
#10135 = VECTOR ( 'NONE', #2657, 1000.000000000000000 ) ;
#10136 = PLANE ( 'NONE',  #4450 ) ;
#10138 = DIRECTION ( 'NONE',  ( 0.0000000000000000000, 0.0000000000000000000, 1.000000000000000000 ) ) ;
#10137 = DIRECTION ( 'NONE',  ( -0.7071067811865475700, 0.7071067811865475700, -0.0000000000000000000 ) ) ;
#10139 = VERTEX_POINT ( 'NONE', #9578 ) ;
#10140 = FACE_OUTER_BOUND ( 'NONE', #8113, .T. ) ;
#10141 = EDGE_LOOP ( 'NONE', ( #5665, #7517 ) ) ;
#10142 = PRESENTATION_LAYER_ASSIGNMENT (  '', '', ( #5343 ) ) ;
#10143 = DIRECTION ( 'NONE',  ( -0.0000000000000000000, -0.0000000000000000000, 1.000000000000000000 ) ) ;
#10144 = LINE ( 'NONE', #5288, #9407 ) ;
#10145 = EDGE_CURVE ( 'NONE', #3448, #9856, #1892, .T. ) ;
#10146 = ORIENTED_EDGE ( 'NONE', *, *, #4713, .T. ) ;
#10147 =( LENGTH_UNIT ( ) NAMED_UNIT ( * ) SI_UNIT ( .MILLI., .METRE. ) );
#10148 = AXIS2_PLACEMENT_3D ( 'NONE', #9997, #467, #10072 ) ;
#10149 = DIRECTION ( 'NONE',  ( 1.000000000000000000, 0.0000000000000000000, 0.0000000000000000000 ) ) ;
#10150 = ORIENTED_EDGE ( 'NONE', *, *, #7685, .T. ) ;
#10151 = DIRECTION ( 'NONE',  ( 1.000000000000000000, 0.0000000000000000000, -0.0000000000000000000 ) ) ;
#10152 = FACE_OUTER_BOUND ( 'NONE', #10008, .T. ) ;
#10153 = ORIENTED_EDGE ( 'NONE', *, *, #9736, .T. ) ;
#10154 = ORIENTED_EDGE ( 'NONE', *, *, #7140, .T. ) ;
#10155 = ORIENTED_EDGE ( 'NONE', *, *, #9564, .F. ) ;
#10156 = VECTOR ( 'NONE', #6237, 1000.000000000000100 ) ;
#10157 = VERTEX_POINT ( 'NONE', #129 ) ;
#10158 = AXIS2_PLACEMENT_3D ( 'NONE', #4694, #3184, #10240 ) ;
#10159 = ADVANCED_FACE ( 'NONE', ( #10004 ), #239, .F. ) ;
#10160 = UNCERTAINTY_MEASURE_WITH_UNIT (LENGTH_MEASURE( 1.000000000000000100E-005 ), #6586, 'distance_accuracy_value', 'NONE');
#10161 = EDGE_CURVE ( 'NONE', #5589, #6222, #2646, .T. ) ;
#10162 = EDGE_CURVE ( 'NONE', #1776, #46, #10118, .T. ) ;
#10163 = ORIENTED_EDGE ( 'NONE', *, *, #5480, .T. ) ;
#10164 = DIRECTION ( 'NONE',  ( -1.000000000000000000, 0.0000000000000000000, -0.0000000000000000000 ) ) ;
#10165 = ORIENTED_EDGE ( 'NONE', *, *, #6555, .T. ) ;
#10166 = DIRECTION ( 'NONE',  ( 1.000000000000000000, 0.0000000000000000000, -0.0000000000000000000 ) ) ;
#10167 = VECTOR ( 'NONE', #2661, 1000.000000000000000 ) ;
#10168 = CARTESIAN_POINT ( 'NONE',  ( -1.379851512413568000, -19.15000000000000600, 43.53044834604566700 ) ) ;
#10169 = ORIENTED_EDGE ( 'NONE', *, *, #3168, .F. ) ;
#10170 = B_SPLINE_CURVE_WITH_KNOTS ( 'NONE', 3,
 ( #6903, #2975, #8560, #9447 ),
 .UNSPECIFIED., .F., .F.,
 ( 4, 4 ),
 ( 0.0000000000000000000, 5.435045947769351600E-005 ),
 .UNSPECIFIED. ) ;
#10171 = DIRECTION ( 'NONE',  ( 0.7071067811865302500, -0.7071067811865648900, 0.0000000000000000000 ) ) ;
#10172 = FACE_OUTER_BOUND ( 'NONE', #3999, .T. ) ;
#10173 = SURFACE_STYLE_USAGE ( .BOTH. , #3002 ) ;
#10174 = ORIENTED_EDGE ( 'NONE', *, *, #8930, .T. ) ;
#10175 = CARTESIAN_POINT ( 'NONE',  ( -20.64999999999999500, -21.15000000000000600, 0.5000000000000004400 ) ) ;
#10177 = CARTESIAN_POINT ( 'NONE',  ( -16.94289321881343500, 21.14999999999999900, 47.50000000000000000 ) ) ;
#10176 = DIRECTION ( 'NONE',  ( -0.0000000000000000000, -0.0000000000000000000, 1.000000000000000000 ) ) ;
#10178 = PRESENTATION_LAYER_ASSIGNMENT (  '', '', ( #2711 ) ) ;
#10179 = STYLED_ITEM ( 'NONE', ( #4381 ), #6695 ) ;
#10180 = LINE ( 'NONE', #4867, #946 ) ;
#10181 = DIRECTION ( 'NONE',  ( -1.000000000000000000, 8.293480927668333700E-015, 0.0000000000000000000 ) ) ;
#10182 =( LENGTH_UNIT ( ) NAMED_UNIT ( * ) SI_UNIT ( .MILLI., .METRE. ) );
#10183 = VERTEX_POINT ( 'NONE', #8993 ) ;
#10184 = ORIENTED_EDGE ( 'NONE', *, *, #5956, .F. ) ;
#10185 =( NAMED_UNIT ( * ) SI_UNIT ( $, .STERADIAN. ) SOLID_ANGLE_UNIT ( ) );
#10186 = SURFACE_STYLE_USAGE ( .BOTH. , #8513 ) ;
#10187 = CARTESIAN_POINT ( 'NONE',  ( 0.0000000000000000000, 0.0000000000000000000, 46.50000000000000000 ) ) ;
#10188 = FACE_OUTER_BOUND ( 'NONE', #9580, .T. ) ;
#10189 =( NAMED_UNIT ( * ) SI_UNIT ( $, .STERADIAN. ) SOLID_ANGLE_UNIT ( ) );
#10190 = VECTOR ( 'NONE', #5667, 1000.000000000000000 ) ;
#10191 = VERTEX_POINT ( 'NONE', #1826 ) ;
#10192 =( GEOMETRIC_REPRESENTATION_CONTEXT ( 3 ) GLOBAL_UNCERTAINTY_ASSIGNED_CONTEXT ( ( #1535 ) ) GLOBAL_UNIT_ASSIGNED_CONTEXT ( ( #1782, #9707, #4922 ) ) REPRESENTATION_CONTEXT ( 'NONE', 'WORKASPACE' ) );
#10193 = ORIENTED_EDGE ( 'NONE', *, *, #478, .F. ) ;
#10194 = EDGE_LOOP ( 'NONE', ( #2528, #6548, #7546, #6913 ) ) ;
#10195 = DIRECTION ( 'NONE',  ( -1.000000000000000000, 0.0000000000000000000, 0.0000000000000000000 ) ) ;
#10196 = CARTESIAN_POINT ( 'NONE',  ( -14.21692477204121700, 15.92449465477564100, 47.50000000000000000 ) ) ;
#10197 = FILL_AREA_STYLE ('',( #7025 ) ) ;
#10198 = DIRECTION ( 'NONE',  ( 0.7423134210256074900, 0.0000000000000000000, -0.6700528225186872500 ) ) ;
#10199 = PLANE ( 'NONE',  #981 ) ;
#10200 = EDGE_LOOP ( 'NONE', ( #9878, #9190, #5999, #5915 ) ) ;
#10201 = UNCERTAINTY_MEASURE_WITH_UNIT (LENGTH_MEASURE( 1.000000000000000100E-005 ), #9000, 'distance_accuracy_value', 'NONE');
#10202 = EDGE_CURVE ( 'NONE', #669, #7256, #8736, .T. ) ;
#10203 = VECTOR ( 'NONE', #7669, 1000.000000000000000 ) ;
#10204 = CARTESIAN_POINT ( 'NONE',  ( -16.84930666606613400, -15.05359323060806000, 47.50000000000000000 ) ) ;
#10205 = AXIS2_PLACEMENT_3D ( 'NONE', #8363, #8399, #397 ) ;
#10206 = CIRCLE ( 'NONE', #1449, 1.000000000000000900 ) ;
#10207 = DIRECTION ( 'NONE',  ( 1.000000000000000000, 0.0000000000000000000, -0.0000000000000000000 ) ) ;
#10208 = CARTESIAN_POINT ( 'NONE',  ( 20.65000000000000200, -16.94289321881347000, 0.5000000000000000000 ) ) ;
#10209 = EDGE_CURVE ( 'NONE', #1327, #8812, #6993, .T. ) ;
#10210 = CARTESIAN_POINT ( 'NONE',  ( 15.05359323060812200, -16.84930666606608400, 47.49262389544731600 ) ) ;
#10211 =( GEOMETRIC_REPRESENTATION_CONTEXT ( 3 ) GLOBAL_UNCERTAINTY_ASSIGNED_CONTEXT ( ( #3082 ) ) GLOBAL_UNIT_ASSIGNED_CONTEXT ( ( #9963, #1912, #3546 ) ) REPRESENTATION_CONTEXT ( 'NONE', 'WORKASPACE' ) );
#10212 = ADVANCED_FACE ( 'NONE', ( #5506 ), #166, .F. ) ;
#10213 = DIRECTION ( 'NONE',  ( 0.0000000000000000000, -0.0000000000000000000, 1.000000000000000000 ) ) ;
#10214 = FILL_AREA_STYLE_COLOUR ( '', #178 ) ;
#10215 = PRESENTATION_STYLE_ASSIGNMENT (( #1691 ) ) ;
#10216 = CARTESIAN_POINT ( 'NONE',  ( -17.06421356237305900, -20.94289321881346000, -9.710461316629347700E-017 ) ) ;
#10217 = CARTESIAN_POINT ( 'NONE',  ( 15.05359323060812200, -16.84930666606608400, 46.50000000000000000 ) ) ;
#10218 = FILL_AREA_STYLE ('',( #1822 ) ) ;
#10219 = ORIENTED_EDGE ( 'NONE', *, *, #7685, .F. ) ;
#10220 = AXIS2_PLACEMENT_3D ( 'NONE', #8303, #9222, #6674 ) ;
#10221 = EDGE_CURVE ( 'NONE', #3432, #6999, #1136, .T. ) ;
#10222 = ORIENTED_EDGE ( 'NONE', *, *, #851, .F. ) ;
#10223 = EDGE_CURVE ( 'NONE', #10183, #9332, #9113, .T. ) ;
#10224 = LINE ( 'NONE', #9351, #2493 ) ;
#10225 = DIRECTION ( 'NONE',  ( -0.0000000000000000000, -0.0000000000000000000, 1.000000000000000000 ) ) ;
#10226 = DIRECTION ( 'NONE',  ( 0.0000000000000000000, 0.0000000000000000000, 1.000000000000000000 ) ) ;
#10227 = DIRECTION ( 'NONE',  ( 1.000000000000000000, 0.0000000000000000000, 0.0000000000000000000 ) ) ;
#10228 = ORIENTED_EDGE ( 'NONE', *, *, #8006, .F. ) ;
#10229 = DIRECTION ( 'NONE',  ( 8.202002250481357500E-017, -1.000000000000000000, -0.0000000000000000000 ) ) ;
#10230 = VERTEX_POINT ( 'NONE', #7394 ) ;
#10231 = TOROIDAL_SURFACE ( 'NONE', #5569, 1.300000000000000000, 1.000000000000000000 ) ;
#10232 = AXIS2_PLACEMENT_3D ( 'NONE', #4398, #5340, #6872 ) ;
#10233 = CIRCLE ( 'NONE', #777, 11.00000000000000000 ) ;
#10234 = B_SPLINE_CURVE_WITH_KNOTS ( 'NONE', 3,
 ( #1253, #1188, #4428, #4491 ),
 .UNSPECIFIED., .F., .F.,
 ( 4, 4 ),
 ( 0.0000000000000000000, 5.435045947756848700E-005 ),
 .UNSPECIFIED. ) ;
#10235 = EDGE_CURVE ( 'NONE', #2848, #1904, #4857, .T. ) ;
#10236 = DIRECTION ( 'NONE',  ( -1.000000000000000000, 8.293480927668333700E-015, 0.0000000000000000000 ) ) ;
#10237 = DIRECTION ( 'NONE',  ( 1.000000000000000000, 0.0000000000000000000, 0.0000000000000000000 ) ) ;
#10238 = EDGE_LOOP ( 'NONE', ( #5290, #5902, #2348, #7118, #2595 ) ) ;
#10239 = LINE ( 'NONE', #9962, #4736 ) ;
#10241 =( LENGTH_UNIT ( ) NAMED_UNIT ( * ) SI_UNIT ( .MILLI., .METRE. ) );
#10240 = DIRECTION ( 'NONE',  ( 4.146740463834175500E-015, 1.000000000000000000, 0.0000000000000000000 ) ) ;
#10242 = SURFACE_STYLE_FILL_AREA ( #6867 ) ;
#10243 = VECTOR ( 'NONE', #3263, 1000.000000000000000 ) ;
#10244 = DIRECTION ( 'NONE',  ( 7.503031772074197400E-015, 1.000000000000000000, 0.0000000000000000000 ) ) ;
#10245 = DIRECTION ( 'NONE',  ( -1.000000000000000000, 0.0000000000000000000, -0.0000000000000000000 ) ) ;
#10246 = ORIENTED_EDGE ( 'NONE', *, *, #6603, .F. ) ;
#10247 = ORIENTED_EDGE ( 'NONE', *, *, #2605, .F. ) ;
#10248 = VERTEX_POINT ( 'NONE', #8961 ) ;
#10249 =( GEOMETRIC_REPRESENTATION_CONTEXT ( 3 ) GLOBAL_UNCERTAINTY_ASSIGNED_CONTEXT ( ( #5175 ) ) GLOBAL_UNIT_ASSIGNED_CONTEXT ( ( #5161, #9872, #5860 ) ) REPRESENTATION_CONTEXT ( 'NONE', 'WORKASPACE' ) );
#10250 = MECHANICAL_DESIGN_GEOMETRIC_PRESENTATION_REPRESENTATION (  '', ( #6503 ), #1840 ) ;
#10251 = VECTOR ( 'NONE', #3241, 1000.000000000000000 ) ;
#10252 = DIRECTION ( 'NONE',  ( 1.000000000000000000, 2.081668171172181100E-014, -0.0000000000000000000 ) ) ;
#10253 = LINE ( 'NONE', #4968, #1760 ) ;
#10254 = ORIENTED_EDGE ( 'NONE', *, *, #6556, .T. ) ;
#10255 = EDGE_LOOP ( 'NONE', ( #4306, #5989, #2564, #6576, #5033 ) ) ;
#10256 = ADVANCED_FACE ( 'NONE', ( #7236 ), #988, .F. ) ;
#10257 = COLOUR_RGB ( '',0.2509803921568627400, 0.2509803921568627400, 0.2509803921568627400 ) ;
#10258 = CARTESIAN_POINT ( 'NONE',  ( 15.07550534522235700, 16.72874093610725800, 47.50000000000000000 ) ) ;
#10259 = FILL_AREA_STYLE_COLOUR ( '', #9873 ) ;
#10260 = DIRECTION ( 'NONE',  ( 1.387778780781444400E-014, 0.0000000000000000000, -1.000000000000000000 ) ) ;
#10261 = STYLED_ITEM ( 'NONE', ( #8035 ), #2938 ) ;
#10262 = CIRCLE ( 'NONE', #412, 25.00000000000000000 ) ;
#10263 = VECTOR ( 'NONE', #2522, 1000.000000000000000 ) ;
#10264 = EDGE_CURVE ( 'NONE', #8565, #9991, #3021, .T. ) ;
#10265 = CARTESIAN_POINT ( 'NONE',  ( -15.49999999999897900, -15.50000000000102100, 48.00000000000000000 ) ) ;
#10266 = EDGE_CURVE ( 'NONE', #8395, #9619, #5380, .T. ) ;
#10267 = EDGE_LOOP ( 'NONE', ( #6215, #1281, #1032, #1928, #4651, #4914, #1049, #3513 ) ) ;
#10268 = STYLED_ITEM ( 'NONE', ( #9438 ), #8538 ) ;
#10269 = SURFACE_STYLE_FILL_AREA ( #7005 ) ;
#10270 = ORIENTED_EDGE ( 'NONE', *, *, #7077, .F. ) ;
#10271 = ORIENTED_EDGE ( 'NONE', *, *, #6994, .T. ) ;
#10272 = CARTESIAN_POINT ( 'NONE',  ( -15.05359323060823600, 14.15069333393197400, 47.49262389544726700 ) ) ;
#10273 = CARTESIAN_POINT ( 'NONE',  ( 16.94289321881342000, 20.64999999999999900, 47.50000000000000000 ) ) ;
#10274 = TOROIDAL_SURFACE ( 'NONE', #8522, 1.299999999999999600, 1.000000000000000000 ) ;
#10275 = ADVANCED_FACE ( 'NONE', ( #5629 ), #8931, .F. ) ;
#10276 = DIRECTION ( 'NONE',  ( 0.0000000000000000000, 1.000000000000000000, 0.0000000000000000000 ) ) ;
#10278 = DIRECTION ( 'NONE',  ( 0.0000000000000000000, 0.0000000000000000000, 1.000000000000000000 ) ) ;
#10277 = DIRECTION ( 'NONE',  ( 0.0000000000000000000, 0.0000000000000000000, 1.000000000000000000 ) ) ;
#10279 = VERTEX_POINT ( 'NONE', #8857 ) ;
#10280 = ORIENTED_EDGE ( 'NONE', *, *, #7408, .T. ) ;
#10281 = AXIS2_PLACEMENT_3D ( 'NONE', #4448, #2857, #5212 ) ;
#10282 =( NAMED_UNIT ( * ) SI_UNIT ( $, .STERADIAN. ) SOLID_ANGLE_UNIT ( ) );
#10283 = ORIENTED_EDGE ( 'NONE', *, *, #10017, .F. ) ;
#10284 = ORIENTED_EDGE ( 'NONE', *, *, #5559, .T. ) ;
#10285 = EDGE_CURVE ( 'NONE', #3502, #9180, #4358, .T. ) ;
#10286 = EDGE_CURVE ( 'NONE', #9134, #332, #9716, .T. ) ;
#10287 = STYLED_ITEM ( 'NONE', ( #1763 ), #9699 ) ;
#10288 = LINE ( 'NONE', #9679, #10052 ) ;
#10289 = CARTESIAN_POINT ( 'NONE',  ( 16.78307522795900700, -15.92449465477577200, 47.49867441544055400 ) ) ;
#10290 = ORIENTED_EDGE ( 'NONE', *, *, #2883, .F. ) ;
#10291 = CARTESIAN_POINT ( 'NONE',  ( 0.0000000000000000000, 0.0000000000000000000, 38.00000000000000000 ) ) ;
#10292 = ORIENTED_EDGE ( 'NONE', *, *, #2752, .T. ) ;
#10293 = CYLINDRICAL_SURFACE ( 'NONE', #233, 1.249999999999997600 ) ;
#10294 = ORIENTED_EDGE ( 'NONE', *, *, #3666, .T. ) ;
#10295 = EDGE_CURVE ( 'NONE', #5533, #8997, #623, .T. ) ;
#10296 = EDGE_CURVE ( 'NONE', #8627, #7055, #338, .T. ) ;
#10297 = FILL_AREA_STYLE ('',( #7056 ) ) ;
#10298 = DIRECTION ( 'NONE',  ( 0.8571673007021120000, 1.049727191138618300E-016, -0.5150380749100547100 ) ) ;
#10299 = FACE_OUTER_BOUND ( 'NONE', #5530, .T. ) ;
#10300 = ORIENTED_EDGE ( 'NONE', *, *, #10094, .T. ) ;
#10301 = SURFACE_SIDE_STYLE ('',( #3893 ) ) ;
#10302 = CARTESIAN_POINT ( 'NONE',  ( -15.50000000000016500, 15.49999999999897500, 47.50000000000000000 ) ) ;
#10303 = ORIENTED_EDGE ( 'NONE', *, *, #2735, .T. ) ;
#10304 = DIRECTION ( 'NONE',  ( 0.0000000000000000000, 0.0000000000000000000, 1.000000000000000000 ) ) ;
#10305 = ORIENTED_EDGE ( 'NONE', *, *, #8868, .T. ) ;
#10307 = CARTESIAN_POINT ( 'NONE',  ( 16.74999999999983300, 15.50000000000016000, 4.500000000000000900 ) ) ;
#10306 = DIRECTION ( 'NONE',  ( 0.0000000000000000000, 0.0000000000000000000, -1.000000000000000000 ) ) ;
#10308 = AXIS2_PLACEMENT_3D ( 'NONE', #2933, #6989, #8558 ) ;
#10309 = PRESENTATION_LAYER_ASSIGNMENT (  '', '', ( #6568 ) ) ;
#10310 = ORIENTED_EDGE ( 'NONE', *, *, #2899, .T. ) ;
#10311 = PLANE ( 'NONE',  #2737 ) ;
#10312 = CARTESIAN_POINT ( 'NONE',  ( -1.379851512413568000, -39.15000000000000600, 42.95165094913121400 ) ) ;
#10313 = ORIENTED_EDGE ( 'NONE', *, *, #9613, .T. ) ;
#10314 = FILL_AREA_STYLE ('',( #9527 ) ) ;
#10315 = DIRECTION ( 'NONE',  ( 0.7071067811865510100, 0.7071067811865441300, -0.0000000000000000000 ) ) ;
#10316 = ORIENTED_EDGE ( 'NONE', *, *, #4611, .T. ) ;
#10317 = VECTOR ( 'NONE', #6907, 1000.000000000000100 ) ;
#10318 = LINE ( 'NONE', #6140, #8194 ) ;
#10319 = LINE ( 'NONE', #6025, #1845 ) ;
#10320 = ADVANCED_FACE ( 'NONE', ( #957 ), #8228, .T. ) ;
ENDSEC;
END-ISO-10303-21;
