ISO-10303-21;
HEADER;
/* Generated by software containing ST-Developer
 * from STEP Tools, Inc. (www.steptools.com) 
 */

FILE_DESCRIPTION(
/* description */ (''),
/* implementation_level */ '2;1');

FILE_NAME(
/* name */ 'DUT-STOOL200x200mm-V1.0.step',
/* time_stamp */ '2026-04-06T13:14:26+02:00',
/* author */ (''),
/* organization */ (''),
/* preprocessor_version */ 'ST-DEVELOPER v20.1',
/* originating_system */ 'Autodesk Translation Framework v14.24.0.0',
/* authorisation */ '');

FILE_SCHEMA (('AUTOMOTIVE_DESIGN { 1 0 10303 214 3 1 1 }'));
ENDSEC;

DATA;
#10=MECHANICAL_DESIGN_GEOMETRIC_PRESENTATION_REPRESENTATION('',(#13),#3500);
#11=SHAPE_REPRESENTATION_RELATIONSHIP('SRR','None',#3507,#12);
#12=ADVANCED_BREP_SHAPE_REPRESENTATION('',(#14),#3499);
#13=STYLED_ITEM('',(#3517),#14);
#14=MANIFOLD_SOLID_BREP('STOOl-200x200mm',#1782);
#15=SPHERICAL_SURFACE('',#1874,3.);
#16=SPHERICAL_SURFACE('',#1882,3.);
#17=SPHERICAL_SURFACE('',#1884,3.);
#18=SPHERICAL_SURFACE('',#1886,3.);
#19=SPHERICAL_SURFACE('',#1892,3.);
#20=SPHERICAL_SURFACE('',#1894,3.);
#21=SPHERICAL_SURFACE('',#1900,3.);
#22=SPHERICAL_SURFACE('',#1902,3.);
#23=SPHERICAL_SURFACE('',#1933,3.);
#24=SPHERICAL_SURFACE('',#1938,3.);
#25=SPHERICAL_SURFACE('',#1943,3.);
#26=SPHERICAL_SURFACE('',#1945,3.);
#27=TOROIDAL_SURFACE('',#1825,30.,2.);
#28=TOROIDAL_SURFACE('',#1835,30.,2.);
#29=TOROIDAL_SURFACE('',#1845,30.,2.);
#30=TOROIDAL_SURFACE('',#1861,30.,2.);
#31=TOROIDAL_SURFACE('',#1870,31.,3.);
#32=TOROIDAL_SURFACE('',#1878,31.,3.);
#33=TOROIDAL_SURFACE('',#1888,31.,3.);
#34=TOROIDAL_SURFACE('',#1896,31.,3.);
#35=TOROIDAL_SURFACE('',#1953,6.,3.);
#36=TOROIDAL_SURFACE('',#1955,6.,3.);
#37=TOROIDAL_SURFACE('',#1960,6.,3.);
#38=TOROIDAL_SURFACE('',#1964,6.,3.);
#39=TOROIDAL_SURFACE('',#1969,6.,3.);
#40=TOROIDAL_SURFACE('',#1975,6.,3.);
#41=TOROIDAL_SURFACE('',#1980,6.,3.);
#42=CYLINDRICAL_SURFACE('',#1804,5.);
#43=CYLINDRICAL_SURFACE('',#1805,5.);
#44=CYLINDRICAL_SURFACE('',#1806,1.98);
#45=CYLINDRICAL_SURFACE('',#1809,5.);
#46=CYLINDRICAL_SURFACE('',#1819,1.98);
#47=CYLINDRICAL_SURFACE('',#1823,15.);
#48=CYLINDRICAL_SURFACE('',#1831,3.);
#49=CYLINDRICAL_SURFACE('',#1833,3.);
#50=CYLINDRICAL_SURFACE('',#1841,3.);
#51=CYLINDRICAL_SURFACE('',#1843,3.);
#52=CYLINDRICAL_SURFACE('',#1848,28.);
#53=CYLINDRICAL_SURFACE('',#1856,3.);
#54=CYLINDRICAL_SURFACE('',#1863,3.);
#55=CYLINDRICAL_SURFACE('',#1868,3.);
#56=CYLINDRICAL_SURFACE('',#1876,3.);
#57=CYLINDRICAL_SURFACE('',#1904,3.);
#58=CYLINDRICAL_SURFACE('',#1908,3.);
#59=CYLINDRICAL_SURFACE('',#1910,3.);
#60=CYLINDRICAL_SURFACE('',#1915,3.);
#61=CYLINDRICAL_SURFACE('',#1925,20.7);
#62=CYLINDRICAL_SURFACE('',#1927,3.);
#63=CYLINDRICAL_SURFACE('',#1930,3.);
#64=CYLINDRICAL_SURFACE('',#1935,3.);
#65=CYLINDRICAL_SURFACE('',#1940,3.);
#66=CYLINDRICAL_SURFACE('',#1947,3.);
#67=CYLINDRICAL_SURFACE('',#1949,3.);
#68=CYLINDRICAL_SURFACE('',#1951,3.);
#69=CYLINDRICAL_SURFACE('',#1958,3.);
#70=CYLINDRICAL_SURFACE('',#1962,3.);
#71=CYLINDRICAL_SURFACE('',#1967,3.);
#72=CYLINDRICAL_SURFACE('',#1972,3.);
#73=CYLINDRICAL_SURFACE('',#1973,3.);
#74=CYLINDRICAL_SURFACE('',#1978,3.);
#75=CYLINDRICAL_SURFACE('',#1983,3.);
#76=CYLINDRICAL_SURFACE('',#1985,3.);
#77=CYLINDRICAL_SURFACE('',#1988,3.);
#78=CYLINDRICAL_SURFACE('',#1992,3.);
#79=CYLINDRICAL_SURFACE('',#1995,3.);
#80=CYLINDRICAL_SURFACE('',#1999,3.);
#81=CYLINDRICAL_SURFACE('',#2000,3.);
#82=CYLINDRICAL_SURFACE('',#2004,1.75);
#83=CYLINDRICAL_SURFACE('',#2005,3.);
#84=CYLINDRICAL_SURFACE('',#2007,3.);
#85=CYLINDRICAL_SURFACE('',#2009,3.);
#86=CYLINDRICAL_SURFACE('',#2011,3.);
#87=FACE_BOUND('',#580,.T.);
#88=FACE_BOUND('',#632,.T.);
#89=FACE_BOUND('',#634,.T.);
#90=FACE_BOUND('',#678,.T.);
#91=LINE('',#2749,#212);
#92=LINE('',#2753,#213);
#93=LINE('',#2761,#214);
#94=LINE('',#2764,#215);
#95=LINE('',#2780,#216);
#96=LINE('',#2783,#217);
#97=LINE('',#2821,#218);
#98=LINE('',#2825,#219);
#99=LINE('',#2832,#220);
#100=LINE('',#2833,#221);
#101=LINE('',#2840,#222);
#102=LINE('',#2842,#223);
#103=LINE('',#2846,#224);
#104=LINE('',#2850,#225);
#105=LINE('',#2854,#226);
#106=LINE('',#2857,#227);
#107=LINE('',#2860,#228);
#108=LINE('',#2862,#229);
#109=LINE('',#2897,#230);
#110=LINE('',#2899,#231);
#111=LINE('',#2901,#232);
#112=LINE('',#2940,#233);
#113=LINE('',#2942,#234);
#114=LINE('',#2944,#235);
#115=LINE('',#2948,#236);
#116=LINE('',#2951,#237);
#117=LINE('',#2954,#238);
#118=LINE('',#2957,#239);
#119=LINE('',#2995,#240);
#120=LINE('',#2997,#241);
#121=LINE('',#2999,#242);
#122=LINE('',#3003,#243);
#123=LINE('',#3006,#244);
#124=LINE('',#3009,#245);
#125=LINE('',#3012,#246);
#126=LINE('',#3050,#247);
#127=LINE('',#3071,#248);
#128=LINE('',#3076,#249);
#129=LINE('',#3078,#250);
#130=LINE('',#3082,#251);
#131=LINE('',#3086,#252);
#132=LINE('',#3113,#253);
#133=LINE('',#3119,#254);
#134=LINE('',#3121,#255);
#135=LINE('',#3122,#256);
#136=LINE('',#3157,#257);
#137=LINE('',#3163,#258);
#138=LINE('',#3165,#259);
#139=LINE('',#3166,#260);
#140=LINE('',#3170,#261);
#141=LINE('',#3182,#262);
#142=LINE('',#3217,#263);
#143=LINE('',#3220,#264);
#144=LINE('',#3223,#265);
#145=LINE('',#3224,#266);
#146=LINE('',#3227,#267);
#147=LINE('',#3229,#268);
#148=LINE('',#3230,#269);
#149=LINE('',#3233,#270);
#150=LINE('',#3237,#271);
#151=LINE('',#3240,#272);
#152=LINE('',#3243,#273);
#153=LINE('',#3244,#274);
#154=LINE('',#3247,#275);
#155=LINE('',#3249,#276);
#156=LINE('',#3252,#277);
#157=LINE('',#3255,#278);
#158=LINE('',#3260,#279);
#159=LINE('',#3262,#280);
#160=LINE('',#3264,#281);
#161=LINE('',#3265,#282);
#162=LINE('',#3269,#283);
#163=LINE('',#3273,#284);
#164=LINE('',#3275,#285);
#165=LINE('',#3279,#286);
#166=LINE('',#3282,#287);
#167=LINE('',#3284,#288);
#168=LINE('',#3288,#289);
#169=LINE('',#3291,#290);
#170=LINE('',#3295,#291);
#171=LINE('',#3338,#292);
#172=LINE('',#3344,#293);
#173=LINE('',#3352,#294);
#174=LINE('',#3360,#295);
#175=LINE('',#3367,#296);
#176=LINE('',#3368,#297);
#177=LINE('',#3370,#298);
#178=LINE('',#3372,#299);
#179=LINE('',#3374,#300);
#180=LINE('',#3378,#301);
#181=LINE('',#3388,#302);
#182=LINE('',#3394,#303);
#183=LINE('',#3402,#304);
#184=LINE('',#3408,#305);
#185=LINE('',#3412,#306);
#186=LINE('',#3420,#307);
#187=LINE('',#3426,#308);
#188=LINE('',#3429,#309);
#189=LINE('',#3430,#310);
#190=LINE('',#3433,#311);
#191=LINE('',#3437,#312);
#192=LINE('',#3438,#313);
#193=LINE('',#3441,#314);
#194=LINE('',#3444,#315);
#195=LINE('',#3447,#316);
#196=LINE('',#3448,#317);
#197=LINE('',#3451,#318);
#198=LINE('',#3455,#319);
#199=LINE('',#3456,#320);
#200=LINE('',#3459,#321);
#201=LINE('',#3462,#322);
#202=LINE('',#3465,#323);
#203=LINE('',#3466,#324);
#204=LINE('',#3468,#325);
#205=LINE('',#3470,#326);
#206=LINE('',#3471,#327);
#207=LINE('',#3476,#328);
#208=LINE('',#3479,#329);
#209=LINE('',#3484,#330);
#210=LINE('',#3487,#331);
#211=LINE('',#3495,#332);
#212=VECTOR('',#2032,10.);
#213=VECTOR('',#2035,10.);
#214=VECTOR('',#2040,10.);
#215=VECTOR('',#2043,10.);
#216=VECTOR('',#2048,10.);
#217=VECTOR('',#2051,10.);
#218=VECTOR('',#2054,10.);
#219=VECTOR('',#2057,10.);
#220=VECTOR('',#2060,10.);
#221=VECTOR('',#2061,10.);
#222=VECTOR('',#2068,10.);
#223=VECTOR('',#2069,10.);
#224=VECTOR('',#2072,10.);
#225=VECTOR('',#2075,10.);
#226=VECTOR('',#2078,10.);
#227=VECTOR('',#2081,10.);
#228=VECTOR('',#2084,10.);
#229=VECTOR('',#2087,10.);
#230=VECTOR('',#2090,10.);
#231=VECTOR('',#2093,10.);
#232=VECTOR('',#2096,10.);
#233=VECTOR('',#2109,10.);
#234=VECTOR('',#2110,10.);
#235=VECTOR('',#2111,10.);
#236=VECTOR('',#2116,10.);
#237=VECTOR('',#2119,10.);
#238=VECTOR('',#2122,10.);
#239=VECTOR('',#2125,10.);
#240=VECTOR('',#2136,10.);
#241=VECTOR('',#2137,10.);
#242=VECTOR('',#2138,10.);
#243=VECTOR('',#2143,10.);
#244=VECTOR('',#2146,10.);
#245=VECTOR('',#2149,10.);
#246=VECTOR('',#2152,10.);
#247=VECTOR('',#2163,35.);
#248=VECTOR('',#2164,35.);
#249=VECTOR('',#2171,10.);
#250=VECTOR('',#2172,10.);
#251=VECTOR('',#2175,10.);
#252=VECTOR('',#2178,10.);
#253=VECTOR('',#2185,10.);
#254=VECTOR('',#2192,10.);
#255=VECTOR('',#2193,10.);
#256=VECTOR('',#2194,10.);
#257=VECTOR('',#2203,10.);
#258=VECTOR('',#2210,10.);
#259=VECTOR('',#2211,10.);
#260=VECTOR('',#2212,10.);
#261=VECTOR('',#2217,10.);
#262=VECTOR('',#2234,10.);
#263=VECTOR('',#2289,10.);
#264=VECTOR('',#2292,10.);
#265=VECTOR('',#2295,10.);
#266=VECTOR('',#2296,10.);
#267=VECTOR('',#2299,10.);
#268=VECTOR('',#2300,10.);
#269=VECTOR('',#2301,10.);
#270=VECTOR('',#2304,10.);
#271=VECTOR('',#2309,10.);
#272=VECTOR('',#2312,10.);
#273=VECTOR('',#2315,10.);
#274=VECTOR('',#2316,10.);
#275=VECTOR('',#2319,10.);
#276=VECTOR('',#2320,10.);
#277=VECTOR('',#2323,10.);
#278=VECTOR('',#2326,10.);
#279=VECTOR('',#2331,10.);
#280=VECTOR('',#2332,10.);
#281=VECTOR('',#2333,10.);
#282=VECTOR('',#2334,10.);
#283=VECTOR('',#2337,10.);
#284=VECTOR('',#2342,10.);
#285=VECTOR('',#2343,10.);
#286=VECTOR('',#2346,10.);
#287=VECTOR('',#2349,10.);
#288=VECTOR('',#2350,10.);
#289=VECTOR('',#2353,10.);
#290=VECTOR('',#2356,10.);
#291=VECTOR('',#2361,20.75);
#292=VECTOR('',#2366,10.);
#293=VECTOR('',#2373,10.);
#294=VECTOR('',#2384,10.);
#295=VECTOR('',#2395,10.);
#296=VECTOR('',#2408,10.);
#297=VECTOR('',#2409,10.);
#298=VECTOR('',#2412,10.);
#299=VECTOR('',#2415,10.);
#300=VECTOR('',#2418,10.);
#301=VECTOR('',#2423,10.);
#302=VECTOR('',#2438,10.);
#303=VECTOR('',#2447,10.);
#304=VECTOR('',#2458,10.);
#305=VECTOR('',#2467,10.);
#306=VECTOR('',#2472,10.);
#307=VECTOR('',#2483,10.);
#308=VECTOR('',#2492,10.);
#309=VECTOR('',#2495,10.);
#310=VECTOR('',#2496,10.);
#311=VECTOR('',#2499,10.);
#312=VECTOR('',#2504,10.);
#313=VECTOR('',#2505,10.);
#314=VECTOR('',#2508,10.);
#315=VECTOR('',#2513,10.);
#316=VECTOR('',#2516,10.);
#317=VECTOR('',#2517,10.);
#318=VECTOR('',#2520,10.);
#319=VECTOR('',#2525,10.);
#320=VECTOR('',#2526,10.);
#321=VECTOR('',#2529,10.);
#322=VECTOR('',#2534,10.);
#323=VECTOR('',#2537,10.);
#324=VECTOR('',#2538,10.);
#325=VECTOR('',#2541,10.);
#326=VECTOR('',#2544,10.);
#327=VECTOR('',#2545,10.);
#328=VECTOR('',#2554,1.75);
#329=VECTOR('',#2557,10.);
#330=VECTOR('',#2564,10.);
#331=VECTOR('',#2567,10.);
#332=VECTOR('',#2582,10.);
#333=CIRCLE('',#1800,20.7);
#334=CIRCLE('',#1801,5.);
#335=CIRCLE('',#1802,15.);
#336=CIRCLE('',#1803,5.);
#337=CIRCLE('',#1807,1.98);
#338=CIRCLE('',#1808,1.98);
#339=CIRCLE('',#1810,5.);
#340=CIRCLE('',#1813,15.);
#341=CIRCLE('',#1814,1.98);
#342=CIRCLE('',#1815,3.);
#343=CIRCLE('',#1816,3.);
#344=CIRCLE('',#1817,3.);
#345=CIRCLE('',#1818,3.);
#346=CIRCLE('',#1820,1.98);
#347=CIRCLE('',#1826,30.);
#348=CIRCLE('',#1827,28.);
#349=CIRCLE('',#1829,3.);
#350=CIRCLE('',#1830,3.);
#351=CIRCLE('',#1832,3.);
#352=CIRCLE('',#1834,3.);
#353=CIRCLE('',#1836,30.);
#354=CIRCLE('',#1837,28.);
#355=CIRCLE('',#1839,3.);
#356=CIRCLE('',#1840,3.);
#357=CIRCLE('',#1842,3.);
#358=CIRCLE('',#1844,3.);
#359=CIRCLE('',#1846,28.);
#360=CIRCLE('',#1847,30.);
#361=CIRCLE('',#1849,28.);
#362=CIRCLE('',#1850,28.);
#363=CIRCLE('',#1851,28.);
#364=CIRCLE('',#1852,28.);
#365=CIRCLE('',#1853,28.);
#366=CIRCLE('',#1854,28.);
#367=CIRCLE('',#1855,28.);
#368=CIRCLE('',#1857,3.);
#369=CIRCLE('',#1858,3.00000000000001);
#370=CIRCLE('',#1860,3.);
#371=CIRCLE('',#1862,30.);
#372=CIRCLE('',#1864,3.);
#373=CIRCLE('',#1865,3.);
#374=CIRCLE('',#1867,3.);
#375=CIRCLE('',#1869,2.99999999999999);
#376=CIRCLE('',#1871,3.);
#377=CIRCLE('',#1872,31.);
#378=CIRCLE('',#1873,3.);
#379=CIRCLE('',#1875,3.);
#380=CIRCLE('',#1877,3.);
#381=CIRCLE('',#1879,3.);
#382=CIRCLE('',#1880,31.);
#383=CIRCLE('',#1881,3.);
#384=CIRCLE('',#1883,3.);
#385=CIRCLE('',#1885,3.);
#386=CIRCLE('',#1887,3.);
#387=CIRCLE('',#1889,3.);
#388=CIRCLE('',#1890,31.);
#389=CIRCLE('',#1891,3.);
#390=CIRCLE('',#1893,3.);
#391=CIRCLE('',#1895,3.);
#392=CIRCLE('',#1897,3.);
#393=CIRCLE('',#1898,31.);
#394=CIRCLE('',#1899,3.);
#395=CIRCLE('',#1901,3.);
#396=CIRCLE('',#1903,3.);
#397=CIRCLE('',#1905,3.);
#398=CIRCLE('',#1909,3.);
#399=CIRCLE('',#1911,3.);
#400=CIRCLE('',#1914,3.);
#401=CIRCLE('',#1918,6.);
#402=CIRCLE('',#1919,6.);
#403=CIRCLE('',#1920,6.);
#404=CIRCLE('',#1921,6.);
#405=CIRCLE('',#1922,6.);
#406=CIRCLE('',#1923,6.);
#407=CIRCLE('',#1924,6.);
#408=CIRCLE('',#1926,20.7);
#409=CIRCLE('',#1928,3.);
#410=CIRCLE('',#1929,3.00000000000001);
#411=CIRCLE('',#1931,3.);
#412=CIRCLE('',#1932,3.00000000000001);
#413=CIRCLE('',#1934,2.99999999999999);
#414=CIRCLE('',#1936,3.);
#415=CIRCLE('',#1937,3.00000000000001);
#416=CIRCLE('',#1939,2.99999999999999);
#417=CIRCLE('',#1941,3.);
#418=CIRCLE('',#1942,3.00000000000001);
#419=CIRCLE('',#1944,2.99999999999999);
#420=CIRCLE('',#1946,2.99999999999999);
#421=CIRCLE('',#1952,3.);
#422=CIRCLE('',#1954,3.);
#423=CIRCLE('',#1956,3.);
#424=CIRCLE('',#1957,3.);
#425=CIRCLE('',#1959,3.);
#426=CIRCLE('',#1961,3.);
#427=CIRCLE('',#1963,3.);
#428=CIRCLE('',#1965,3.);
#429=CIRCLE('',#1966,3.);
#430=CIRCLE('',#1968,3.);
#431=CIRCLE('',#1970,3.);
#432=CIRCLE('',#1971,3.);
#433=CIRCLE('',#1974,3.);
#434=CIRCLE('',#1976,3.);
#435=CIRCLE('',#1977,3.);
#436=CIRCLE('',#1979,3.);
#437=CIRCLE('',#1981,3.);
#438=CIRCLE('',#1982,3.);
#439=PLANE('',#1799);
#440=PLANE('',#1811);
#441=PLANE('',#1812);
#442=PLANE('',#1821);
#443=PLANE('',#1822);
#444=PLANE('',#1824);
#445=PLANE('',#1828);
#446=PLANE('',#1838);
#447=PLANE('',#1859);
#448=PLANE('',#1866);
#449=PLANE('',#1906);
#450=PLANE('',#1907);
#451=PLANE('',#1912);
#452=PLANE('',#1913);
#453=PLANE('',#1917);
#454=PLANE('',#1948);
#455=PLANE('',#1950);
#456=PLANE('',#1984);
#457=PLANE('',#1987);
#458=PLANE('',#1990);
#459=PLANE('',#1991);
#460=PLANE('',#1994);
#461=PLANE('',#1997);
#462=PLANE('',#1998);
#463=PLANE('',#2001);
#464=PLANE('',#2002);
#465=PLANE('',#2003);
#466=PLANE('',#2013);
#467=PLANE('',#2014);
#468=PLANE('',#2015);
#469=PLANE('',#2016);
#470=PLANE('',#2017);
#471=FACE_OUTER_BOUND('',#578,.T.);
#472=FACE_OUTER_BOUND('',#579,.T.);
#473=FACE_OUTER_BOUND('',#581,.T.);
#474=FACE_OUTER_BOUND('',#582,.T.);
#475=FACE_OUTER_BOUND('',#583,.T.);
#476=FACE_OUTER_BOUND('',#584,.T.);
#477=FACE_OUTER_BOUND('',#585,.T.);
#478=FACE_OUTER_BOUND('',#586,.T.);
#479=FACE_OUTER_BOUND('',#587,.T.);
#480=FACE_OUTER_BOUND('',#588,.T.);
#481=FACE_OUTER_BOUND('',#589,.T.);
#482=FACE_OUTER_BOUND('',#590,.T.);
#483=FACE_OUTER_BOUND('',#591,.T.);
#484=FACE_OUTER_BOUND('',#592,.T.);
#485=FACE_OUTER_BOUND('',#593,.T.);
#486=FACE_OUTER_BOUND('',#594,.T.);
#487=FACE_OUTER_BOUND('',#595,.T.);
#488=FACE_OUTER_BOUND('',#596,.T.);
#489=FACE_OUTER_BOUND('',#597,.T.);
#490=FACE_OUTER_BOUND('',#598,.T.);
#491=FACE_OUTER_BOUND('',#599,.T.);
#492=FACE_OUTER_BOUND('',#600,.T.);
#493=FACE_OUTER_BOUND('',#601,.T.);
#494=FACE_OUTER_BOUND('',#602,.T.);
#495=FACE_OUTER_BOUND('',#603,.T.);
#496=FACE_OUTER_BOUND('',#604,.T.);
#497=FACE_OUTER_BOUND('',#605,.T.);
#498=FACE_OUTER_BOUND('',#606,.T.);
#499=FACE_OUTER_BOUND('',#607,.T.);
#500=FACE_OUTER_BOUND('',#608,.T.);
#501=FACE_OUTER_BOUND('',#609,.T.);
#502=FACE_OUTER_BOUND('',#610,.T.);
#503=FACE_OUTER_BOUND('',#611,.T.);
#504=FACE_OUTER_BOUND('',#612,.T.);
#505=FACE_OUTER_BOUND('',#613,.T.);
#506=FACE_OUTER_BOUND('',#614,.T.);
#507=FACE_OUTER_BOUND('',#615,.T.);
#508=FACE_OUTER_BOUND('',#616,.T.);
#509=FACE_OUTER_BOUND('',#617,.T.);
#510=FACE_OUTER_BOUND('',#618,.T.);
#511=FACE_OUTER_BOUND('',#619,.T.);
#512=FACE_OUTER_BOUND('',#620,.T.);
#513=FACE_OUTER_BOUND('',#621,.T.);
#514=FACE_OUTER_BOUND('',#622,.T.);
#515=FACE_OUTER_BOUND('',#623,.T.);
#516=FACE_OUTER_BOUND('',#624,.T.);
#517=FACE_OUTER_BOUND('',#625,.T.);
#518=FACE_OUTER_BOUND('',#626,.T.);
#519=FACE_OUTER_BOUND('',#627,.T.);
#520=FACE_OUTER_BOUND('',#628,.T.);
#521=FACE_OUTER_BOUND('',#629,.T.);
#522=FACE_OUTER_BOUND('',#630,.T.);
#523=FACE_OUTER_BOUND('',#631,.T.);
#524=FACE_OUTER_BOUND('',#633,.T.);
#525=FACE_OUTER_BOUND('',#635,.T.);
#526=FACE_OUTER_BOUND('',#636,.T.);
#527=FACE_OUTER_BOUND('',#637,.T.);
#528=FACE_OUTER_BOUND('',#638,.T.);
#529=FACE_OUTER_BOUND('',#639,.T.);
#530=FACE_OUTER_BOUND('',#640,.T.);
#531=FACE_OUTER_BOUND('',#641,.T.);
#532=FACE_OUTER_BOUND('',#642,.T.);
#533=FACE_OUTER_BOUND('',#643,.T.);
#534=FACE_OUTER_BOUND('',#644,.T.);
#535=FACE_OUTER_BOUND('',#645,.T.);
#536=FACE_OUTER_BOUND('',#646,.T.);
#537=FACE_OUTER_BOUND('',#647,.T.);
#538=FACE_OUTER_BOUND('',#648,.T.);
#539=FACE_OUTER_BOUND('',#649,.T.);
#540=FACE_OUTER_BOUND('',#650,.T.);
#541=FACE_OUTER_BOUND('',#651,.T.);
#542=FACE_OUTER_BOUND('',#652,.T.);
#543=FACE_OUTER_BOUND('',#653,.T.);
#544=FACE_OUTER_BOUND('',#654,.T.);
#545=FACE_OUTER_BOUND('',#655,.T.);
#546=FACE_OUTER_BOUND('',#656,.T.);
#547=FACE_OUTER_BOUND('',#657,.T.);
#548=FACE_OUTER_BOUND('',#658,.T.);
#549=FACE_OUTER_BOUND('',#659,.T.);
#550=FACE_OUTER_BOUND('',#660,.T.);
#551=FACE_OUTER_BOUND('',#661,.T.);
#552=FACE_OUTER_BOUND('',#662,.T.);
#553=FACE_OUTER_BOUND('',#663,.T.);
#554=FACE_OUTER_BOUND('',#664,.T.);
#555=FACE_OUTER_BOUND('',#665,.T.);
#556=FACE_OUTER_BOUND('',#666,.T.);
#557=FACE_OUTER_BOUND('',#667,.T.);
#558=FACE_OUTER_BOUND('',#668,.T.);
#559=FACE_OUTER_BOUND('',#669,.T.);
#560=FACE_OUTER_BOUND('',#670,.T.);
#561=FACE_OUTER_BOUND('',#671,.T.);
#562=FACE_OUTER_BOUND('',#672,.T.);
#563=FACE_OUTER_BOUND('',#673,.T.);
#564=FACE_OUTER_BOUND('',#674,.T.);
#565=FACE_OUTER_BOUND('',#675,.T.);
#566=FACE_OUTER_BOUND('',#676,.T.);
#567=FACE_OUTER_BOUND('',#677,.T.);
#568=FACE_OUTER_BOUND('',#679,.T.);
#569=FACE_OUTER_BOUND('',#680,.T.);
#570=FACE_OUTER_BOUND('',#681,.T.);
#571=FACE_OUTER_BOUND('',#682,.T.);
#572=FACE_OUTER_BOUND('',#683,.T.);
#573=FACE_OUTER_BOUND('',#684,.T.);
#574=FACE_OUTER_BOUND('',#685,.T.);
#575=FACE_OUTER_BOUND('',#686,.T.);
#576=FACE_OUTER_BOUND('',#687,.T.);
#577=FACE_OUTER_BOUND('',#688,.T.);
#578=EDGE_LOOP('',(#1146,#1147,#1148,#1149,#1150,#1151));
#579=EDGE_LOOP('',(#1152));
#580=EDGE_LOOP('',(#1153,#1154,#1155,#1156,#1157,#1158));
#581=EDGE_LOOP('',(#1159,#1160,#1161,#1162));
#582=EDGE_LOOP('',(#1163,#1164,#1165,#1166));
#583=EDGE_LOOP('',(#1167,#1168,#1169,#1170));
#584=EDGE_LOOP('',(#1171,#1172,#1173,#1174,#1175,#1176));
#585=EDGE_LOOP('',(#1177,#1178,#1179,#1180,#1181,#1182));
#586=EDGE_LOOP('',(#1183,#1184,#1185,#1186));
#587=EDGE_LOOP('',(#1187,#1188,#1189,#1190,#1191,#1192,#1193,#1194,#1195,
#1196,#1197,#1198,#1199,#1200));
#588=EDGE_LOOP('',(#1201,#1202,#1203,#1204));
#589=EDGE_LOOP('',(#1205,#1206,#1207,#1208,#1209,#1210));
#590=EDGE_LOOP('',(#1211,#1212,#1213,#1214));
#591=EDGE_LOOP('',(#1215,#1216,#1217,#1218));
#592=EDGE_LOOP('',(#1219,#1220,#1221,#1222,#1223,#1224,#1225,#1226));
#593=EDGE_LOOP('',(#1227,#1228,#1229,#1230));
#594=EDGE_LOOP('',(#1231,#1232,#1233,#1234));
#595=EDGE_LOOP('',(#1235,#1236,#1237,#1238,#1239,#1240));
#596=EDGE_LOOP('',(#1241,#1242,#1243,#1244,#1245));
#597=EDGE_LOOP('',(#1246,#1247,#1248,#1249,#1250));
#598=EDGE_LOOP('',(#1251,#1252,#1253,#1254));
#599=EDGE_LOOP('',(#1255,#1256,#1257,#1258,#1259,#1260));
#600=EDGE_LOOP('',(#1261,#1262,#1263,#1264,#1265));
#601=EDGE_LOOP('',(#1266,#1267,#1268,#1269,#1270));
#602=EDGE_LOOP('',(#1271,#1272,#1273,#1274));
#603=EDGE_LOOP('',(#1275,#1276,#1277,#1278,#1279,#1280,#1281,#1282,#1283,
#1284,#1285,#1286,#1287,#1288,#1289,#1290,#1291,#1292,#1293,#1294,#1295,
#1296,#1297,#1298,#1299));
#604=EDGE_LOOP('',(#1300,#1301,#1302,#1303,#1304));
#605=EDGE_LOOP('',(#1305,#1306,#1307,#1308,#1309,#1310));
#606=EDGE_LOOP('',(#1311,#1312,#1313,#1314));
#607=EDGE_LOOP('',(#1315,#1316,#1317,#1318,#1319));
#608=EDGE_LOOP('',(#1320,#1321,#1322,#1323,#1324,#1325));
#609=EDGE_LOOP('',(#1326,#1327,#1328,#1329,#1330));
#610=EDGE_LOOP('',(#1331,#1332,#1333,#1334));
#611=EDGE_LOOP('',(#1335,#1336,#1337));
#612=EDGE_LOOP('',(#1338,#1339,#1340,#1341,#1342));
#613=EDGE_LOOP('',(#1343,#1344,#1345,#1346));
#614=EDGE_LOOP('',(#1347,#1348,#1349));
#615=EDGE_LOOP('',(#1350,#1351,#1352));
#616=EDGE_LOOP('',(#1353,#1354,#1355));
#617=EDGE_LOOP('',(#1356,#1357,#1358,#1359));
#618=EDGE_LOOP('',(#1360,#1361,#1362));
#619=EDGE_LOOP('',(#1363,#1364,#1365));
#620=EDGE_LOOP('',(#1366,#1367,#1368,#1369,#1370));
#621=EDGE_LOOP('',(#1371,#1372,#1373));
#622=EDGE_LOOP('',(#1374,#1375,#1376));
#623=EDGE_LOOP('',(#1377,#1378,#1379,#1380));
#624=EDGE_LOOP('',(#1381,#1382,#1383,#1384,#1385));
#625=EDGE_LOOP('',(#1386,#1387,#1388,#1389,#1390));
#626=EDGE_LOOP('',(#1391,#1392,#1393,#1394));
#627=EDGE_LOOP('',(#1395,#1396,#1397,#1398));
#628=EDGE_LOOP('',(#1399,#1400,#1401,#1402,#1403));
#629=EDGE_LOOP('',(#1404,#1405,#1406,#1407,#1408,#1409));
#630=EDGE_LOOP('',(#1410,#1411,#1412,#1413));
#631=EDGE_LOOP('',(#1414,#1415,#1416,#1417));
#632=EDGE_LOOP('',(#1418,#1419,#1420,#1421,#1422,#1423,#1424,#1425,#1426,
#1427,#1428,#1429,#1430,#1431,#1432,#1433,#1434,#1435,#1436,#1437,#1438,
#1439,#1440));
#633=EDGE_LOOP('',(#1441,#1442,#1443,#1444));
#634=EDGE_LOOP('',(#1445,#1446));
#635=EDGE_LOOP('',(#1447,#1448,#1449,#1450));
#636=EDGE_LOOP('',(#1451,#1452,#1453,#1454));
#637=EDGE_LOOP('',(#1455,#1456,#1457));
#638=EDGE_LOOP('',(#1458,#1459,#1460,#1461));
#639=EDGE_LOOP('',(#1462,#1463,#1464));
#640=EDGE_LOOP('',(#1465,#1466,#1467,#1468));
#641=EDGE_LOOP('',(#1469,#1470,#1471));
#642=EDGE_LOOP('',(#1472,#1473,#1474));
#643=EDGE_LOOP('',(#1475,#1476,#1477,#1478));
#644=EDGE_LOOP('',(#1479,#1480,#1481,#1482));
#645=EDGE_LOOP('',(#1483,#1484,#1485,#1486));
#646=EDGE_LOOP('',(#1487,#1488,#1489,#1490,#1491,#1492,#1493,#1494));
#647=EDGE_LOOP('',(#1495,#1496,#1497,#1498));
#648=EDGE_LOOP('',(#1499,#1500,#1501,#1502));
#649=EDGE_LOOP('',(#1503,#1504,#1505,#1506));
#650=EDGE_LOOP('',(#1507,#1508,#1509,#1510));
#651=EDGE_LOOP('',(#1511,#1512,#1513,#1514));
#652=EDGE_LOOP('',(#1515,#1516,#1517,#1518));
#653=EDGE_LOOP('',(#1519,#1520,#1521,#1522));
#654=EDGE_LOOP('',(#1523,#1524,#1525,#1526));
#655=EDGE_LOOP('',(#1527,#1528,#1529,#1530));
#656=EDGE_LOOP('',(#1531,#1532,#1533,#1534));
#657=EDGE_LOOP('',(#1535,#1536,#1537,#1538));
#658=EDGE_LOOP('',(#1539,#1540,#1541,#1542));
#659=EDGE_LOOP('',(#1543,#1544,#1545,#1546));
#660=EDGE_LOOP('',(#1547,#1548,#1549,#1550));
#661=EDGE_LOOP('',(#1551,#1552,#1553,#1554));
#662=EDGE_LOOP('',(#1555,#1556,#1557,#1558,#1559));
#663=EDGE_LOOP('',(#1560,#1561,#1562,#1563));
#664=EDGE_LOOP('',(#1564,#1565,#1566,#1567));
#665=EDGE_LOOP('',(#1568,#1569,#1570,#1571));
#666=EDGE_LOOP('',(#1572,#1573,#1574,#1575,#1576));
#667=EDGE_LOOP('',(#1577,#1578,#1579,#1580,#1581));
#668=EDGE_LOOP('',(#1582,#1583,#1584,#1585));
#669=EDGE_LOOP('',(#1586,#1587,#1588,#1589));
#670=EDGE_LOOP('',(#1590,#1591,#1592,#1593));
#671=EDGE_LOOP('',(#1594,#1595,#1596,#1597,#1598));
#672=EDGE_LOOP('',(#1599,#1600,#1601,#1602));
#673=EDGE_LOOP('',(#1603,#1604,#1605,#1606));
#674=EDGE_LOOP('',(#1607,#1608,#1609,#1610));
#675=EDGE_LOOP('',(#1611,#1612,#1613,#1614));
#676=EDGE_LOOP('',(#1615,#1616,#1617,#1618));
#677=EDGE_LOOP('',(#1619));
#678=EDGE_LOOP('',(#1620));
#679=EDGE_LOOP('',(#1621,#1622,#1623,#1624,#1625,#1626,#1627));
#680=EDGE_LOOP('',(#1628,#1629,#1630,#1631));
#681=EDGE_LOOP('',(#1632,#1633,#1634,#1635));
#682=EDGE_LOOP('',(#1636,#1637,#1638,#1639));
#683=EDGE_LOOP('',(#1640,#1641,#1642,#1643,#1644));
#684=EDGE_LOOP('',(#1645,#1646,#1647,#1648,#1649,#1650));
#685=EDGE_LOOP('',(#1651,#1652,#1653,#1654,#1655,#1656));
#686=EDGE_LOOP('',(#1657,#1658,#1659,#1660,#1661));
#687=EDGE_LOOP('',(#1662,#1663,#1664,#1665,#1666,#1667));
#688=EDGE_LOOP('',(#1668,#1669,#1670,#1671));
#689=ELLIPSE('',#1796,15.8113883008419,5.);
#690=ELLIPSE('',#1797,15.8113883008419,5.);
#691=ELLIPSE('',#1798,15.8113883008419,5.);
#692=ELLIPSE('',#1916,4.24264068711929,3.);
#693=ELLIPSE('',#1986,3.27128770538725,3.);
#694=ELLIPSE('',#1989,3.27128770538725,3.);
#695=ELLIPSE('',#1993,3.27128770538725,3.);
#696=ELLIPSE('',#1996,3.27128770538725,3.);
#697=ELLIPSE('',#2006,4.24264068711928,3.);
#698=ELLIPSE('',#2008,3.27128770538725,3.);
#699=ELLIPSE('',#2010,3.27128770538725,3.);
#700=ELLIPSE('',#2012,3.27128770538725,3.);
#701=B_SPLINE_CURVE_WITH_KNOTS('',3,(#2696,#2697,#2698,#2699,#2700,#2701,
#2702,#2703,#2704,#2705,#2706,#2707,#2708),.UNSPECIFIED.,.F.,.F.,(4,3,3,
3,4),(0.,0.00695581711900692,0.0119135348071099,0.0135220891160605,0.022768686189135),
 .UNSPECIFIED.);
#702=B_SPLINE_CURVE_WITH_KNOTS('',3,(#2712,#2713,#2714,#2715,#2716,#2717,
#2718,#2719,#2720,#2721,#2722,#2723,#2724),.UNSPECIFIED.,.F.,.F.,(4,3,3,
3,4),(-9.67372798277386E-5,0.00914997523370506,0.0107585648648623,0.0157163781466685,
0.0226723293305712),.UNSPECIFIED.);
#703=B_SPLINE_CURVE_WITH_KNOTS('',3,(#2728,#2729,#2730,#2731,#2732,#2733,
#2734,#2735,#2736,#2737,#2738,#2739,#2740,#2741),.UNSPECIFIED.,.F.,.F.,
(4,2,2,2,2,2,4),(0.,0.159268135385493,0.238209190990536,0.306595483180202,
0.373670131676572,0.452733766396762,0.596840225817587),.UNSPECIFIED.);
#704=B_SPLINE_CURVE_WITH_KNOTS('',3,(#2757,#2758,#2759,#2760),
 .UNSPECIFIED.,.F.,.F.,(4,4),(0.411509943860741,0.435013247785279),
 .UNSPECIFIED.);
#705=B_SPLINE_CURVE_WITH_KNOTS('',3,(#2765,#2766,#2767,#2768,#2769,#2770,
#2771,#2772,#2773,#2774),.UNSPECIFIED.,.F.,.F.,(4,3,3,4),(0.0237965393364605,
0.0313842488206025,0.034900302267017,0.0353791446413577),.UNSPECIFIED.);
#706=B_SPLINE_CURVE_WITH_KNOTS('',3,(#2805,#2806,#2807,#2808,#2809,#2810),
 .UNSPECIFIED.,.F.,.F.,(4,2,4),(0.0415889556477184,0.196165165441097,0.380331730726358),
 .UNSPECIFIED.);
#707=B_SPLINE_CURVE_WITH_KNOTS('',3,(#2811,#2812,#2813,#2814),
 .UNSPECIFIED.,.F.,.F.,(4,4),(3.97090713279089,4.4089663833683),
 .UNSPECIFIED.);
#708=B_SPLINE_CURVE_WITH_KNOTS('',3,(#2815,#2816,#2817,#2818),
 .UNSPECIFIED.,.F.,.F.,(4,4),(-4.4089663833683,-4.39829880779092),
 .UNSPECIFIED.);
#709=B_SPLINE_CURVE_WITH_KNOTS('',3,(#2826,#2827,#2828,#2829),
 .UNSPECIFIED.,.F.,.F.,(4,4),(4.40705712089045,4.41772740728357),
 .UNSPECIFIED.);
#710=B_SPLINE_CURVE_WITH_KNOTS('',3,(#2884,#2885,#2886,#2887),
 .UNSPECIFIED.,.F.,.F.,(4,4),(-4.41772740728357,-3.97879367461508),
 .UNSPECIFIED.);
#711=B_SPLINE_CURVE_WITH_KNOTS('',3,(#2888,#2889,#2890,#2891,#2892,#2893,
#2894,#2895),.UNSPECIFIED.,.F.,.F.,(4,2,2,4),(0.,0.0901237216748611,0.265612382429395,
0.390866238275478),.UNSPECIFIED.);
#712=B_SPLINE_CURVE_WITH_KNOTS('',3,(#2906,#2907,#2908,#2909,#2910,#2911,
#2912,#2913,#2914,#2915,#2916,#2917,#2918,#2919),.UNSPECIFIED.,.F.,.F.,
(4,2,2,2,2,2,4),(-0.000946488290632701,0.,0.114950727059348,0.223613390349888,
0.323939891371117,0.399878047492408,0.416487381947192),.UNSPECIFIED.);
#713=B_SPLINE_CURVE_WITH_KNOTS('',3,(#2923,#2924,#2925,#2926,#2927,#2928,
#2929,#2930,#2931,#2932,#2933,#2934),.UNSPECIFIED.,.F.,.F.,(4,2,2,2,2,4),
(1.05984954938927,1.13262639913833,1.22528952113329,1.34632363117983,1.47624652951095,
1.4771924689671),.UNSPECIFIED.);
#714=B_SPLINE_CURVE_WITH_KNOTS('',3,(#2961,#2962,#2963,#2964,#2965,#2966,
#2967,#2968,#2969,#2970,#2971,#2972,#2973,#2974),.UNSPECIFIED.,.F.,.F.,
(4,2,2,2,2,2,4),(-0.000946488290282435,0.,0.11495072705917,0.223613390349466,
0.323939891370249,0.399878047491207,0.416487381945917),.UNSPECIFIED.);
#715=B_SPLINE_CURVE_WITH_KNOTS('',3,(#2978,#2979,#2980,#2981,#2982,#2983,
#2984,#2985,#2986,#2987,#2988,#2989),.UNSPECIFIED.,.F.,.F.,(4,2,2,2,2,4),
(1.05984954935099,1.13262639909741,1.22528952108902,1.34632363113124,1.47624652945772,
1.47719246891349),.UNSPECIFIED.);
#716=B_SPLINE_CURVE_WITH_KNOTS('',3,(#3016,#3017,#3018,#3019,#3020,#3021,
#3022,#3023,#3024,#3025,#3026,#3027),.UNSPECIFIED.,.F.,.F.,(4,2,2,2,2,4),
(1.05984954906103,1.13262639878768,1.22528952075411,1.34632363076349,1.47624652905454,
1.4771924685107),.UNSPECIFIED.);
#717=B_SPLINE_CURVE_WITH_KNOTS('',3,(#3031,#3032,#3033,#3034,#3035,#3036,
#3037,#3038,#3039,#3040,#3041,#3042,#3043,#3044),.UNSPECIFIED.,.F.,.F.,
(4,2,2,2,2,2,4),(-0.000946488290197966,0.,0.11495072707592,0.223613390381075,
0.32393989141575,0.399878047547216,0.416487382004225),.UNSPECIFIED.);
#718=B_SPLINE_CURVE_WITH_KNOTS('',3,(#3052,#3053,#3054,#3055,#3056,#3057,
#3058,#3059,#3060,#3061,#3062,#3063,#3064,#3065,#3066,#3067,#3068,#3069),
 .UNSPECIFIED.,.F.,.F.,(4,2,2,2,2,2,2,2,4),(0.263754431122905,0.329693021877845,
0.395631612632785,0.461570237439298,0.527508862245811,0.593447487052323,
0.659386111858836,0.725324702613776,0.791263293368716),.UNSPECIFIED.);
#719=B_SPLINE_CURVE_WITH_KNOTS('',3,(#3089,#3090,#3091,#3092,#3093,#3094,
#3095,#3096,#3097,#3098),.UNSPECIFIED.,.F.,.F.,(4,2,2,2,4),(0.,0.0659386248065128,
0.131877249613026,0.197815840367965,0.263754431122905),.UNSPECIFIED.);
#720=B_SPLINE_CURVE_WITH_KNOTS('',3,(#3099,#3100,#3101,#3102,#3103,#3104,
#3105,#3106,#3107,#3108),.UNSPECIFIED.,.F.,.F.,(4,2,2,2,4),(0.791263293368716,
0.857201884123655,0.923140474878595,0.989079099685108,1.05501772449162),
 .UNSPECIFIED.);
#721=B_SPLINE_CURVE_WITH_KNOTS('',3,(#3125,#3126,#3127,#3128,#3129,#3130,
#3131,#3132,#3133,#3134,#3135,#3136),.UNSPECIFIED.,.F.,.F.,(4,2,2,2,2,4),
(1.05984954936183,1.13262639910902,1.22528952110159,1.34632363114502,1.47624652947274,
1.4771924689287),.UNSPECIFIED.);
#722=B_SPLINE_CURVE_WITH_KNOTS('',3,(#3138,#3139,#3140,#3141,#3142,#3143,
#3144,#3145,#3146,#3147,#3148,#3149,#3150,#3151),.UNSPECIFIED.,.F.,.F.,
(4,2,2,2,2,2,4),(-0.000946488290633946,0.,0.11495072702629,0.223613390287718,
0.32393989128185,0.399878047382636,0.416487381832934),.UNSPECIFIED.);
#723=B_SPLINE_CURVE_WITH_KNOTS('',3,(#3298,#3299,#3300,#3301,#3302,#3303,
#3304,#3305,#3306,#3307,#3308,#3309,#3310,#3311,#3312,#3313,#3314,#3315,
#3316,#3317,#3318,#3319,#3320,#3321,#3322,#3323),.UNSPECIFIED.,.F.,.F.,
(4,2,2,2,2,2,2,2,2,2,2,2,4),(0.,0.0659540134959828,0.131908026991966,0.197861926119131,
0.263815825246297,0.329769724373463,0.395723623500629,0.461677636996612,
0.527631650492595,0.593585663988577,0.659539677484561,0.725493576611726,
0.791447475738892),.UNSPECIFIED.);
#724=B_SPLINE_CURVE_WITH_KNOTS('',3,(#3324,#3325,#3326,#3327,#3328,#3329,
#3330,#3331,#3332,#3333),.UNSPECIFIED.,.F.,.F.,(4,2,2,2,4),(0.791447475738892,
0.857401374866058,0.923355273993224,0.989309287489207,1.05526330098519),
 .UNSPECIFIED.);
#725=VERTEX_POINT('',#2694);
#726=VERTEX_POINT('',#2695);
#727=VERTEX_POINT('',#2709);
#728=VERTEX_POINT('',#2711);
#729=VERTEX_POINT('',#2725);
#730=VERTEX_POINT('',#2727);
#731=VERTEX_POINT('',#2744);
#732=VERTEX_POINT('',#2746);
#733=VERTEX_POINT('',#2748);
#734=VERTEX_POINT('',#2750);
#735=VERTEX_POINT('',#2752);
#736=VERTEX_POINT('',#2756);
#737=VERTEX_POINT('',#2763);
#738=VERTEX_POINT('',#2776);
#739=VERTEX_POINT('',#2777);
#740=VERTEX_POINT('',#2779);
#741=VERTEX_POINT('',#2781);
#742=VERTEX_POINT('',#2804);
#743=VERTEX_POINT('',#2820);
#744=VERTEX_POINT('',#2822);
#745=VERTEX_POINT('',#2824);
#746=VERTEX_POINT('',#2831);
#747=VERTEX_POINT('',#2835);
#748=VERTEX_POINT('',#2837);
#749=VERTEX_POINT('',#2839);
#750=VERTEX_POINT('',#2841);
#751=VERTEX_POINT('',#2843);
#752=VERTEX_POINT('',#2845);
#753=VERTEX_POINT('',#2847);
#754=VERTEX_POINT('',#2849);
#755=VERTEX_POINT('',#2851);
#756=VERTEX_POINT('',#2853);
#757=VERTEX_POINT('',#2855);
#758=VERTEX_POINT('',#2859);
#759=VERTEX_POINT('',#2883);
#760=VERTEX_POINT('',#2904);
#761=VERTEX_POINT('',#2905);
#762=VERTEX_POINT('',#2920);
#763=VERTEX_POINT('',#2922);
#764=VERTEX_POINT('',#2937);
#765=VERTEX_POINT('',#2939);
#766=VERTEX_POINT('',#2941);
#767=VERTEX_POINT('',#2943);
#768=VERTEX_POINT('',#2947);
#769=VERTEX_POINT('',#2949);
#770=VERTEX_POINT('',#2953);
#771=VERTEX_POINT('',#2955);
#772=VERTEX_POINT('',#2959);
#773=VERTEX_POINT('',#2960);
#774=VERTEX_POINT('',#2975);
#775=VERTEX_POINT('',#2977);
#776=VERTEX_POINT('',#2992);
#777=VERTEX_POINT('',#2994);
#778=VERTEX_POINT('',#2996);
#779=VERTEX_POINT('',#2998);
#780=VERTEX_POINT('',#3002);
#781=VERTEX_POINT('',#3004);
#782=VERTEX_POINT('',#3008);
#783=VERTEX_POINT('',#3010);
#784=VERTEX_POINT('',#3014);
#785=VERTEX_POINT('',#3015);
#786=VERTEX_POINT('',#3028);
#787=VERTEX_POINT('',#3030);
#788=VERTEX_POINT('',#3047);
#789=VERTEX_POINT('',#3049);
#790=VERTEX_POINT('',#3051);
#791=VERTEX_POINT('',#3070);
#792=VERTEX_POINT('',#3074);
#793=VERTEX_POINT('',#3077);
#794=VERTEX_POINT('',#3079);
#795=VERTEX_POINT('',#3081);
#796=VERTEX_POINT('',#3083);
#797=VERTEX_POINT('',#3085);
#798=VERTEX_POINT('',#3088);
#799=VERTEX_POINT('',#3110);
#800=VERTEX_POINT('',#3112);
#801=VERTEX_POINT('',#3116);
#802=VERTEX_POINT('',#3118);
#803=VERTEX_POINT('',#3120);
#804=VERTEX_POINT('',#3124);
#805=VERTEX_POINT('',#3137);
#806=VERTEX_POINT('',#3154);
#807=VERTEX_POINT('',#3156);
#808=VERTEX_POINT('',#3160);
#809=VERTEX_POINT('',#3162);
#810=VERTEX_POINT('',#3164);
#811=VERTEX_POINT('',#3168);
#812=VERTEX_POINT('',#3172);
#813=VERTEX_POINT('',#3174);
#814=VERTEX_POINT('',#3180);
#815=VERTEX_POINT('',#3184);
#816=VERTEX_POINT('',#3186);
#817=VERTEX_POINT('',#3196);
#818=VERTEX_POINT('',#3198);
#819=VERTEX_POINT('',#3206);
#820=VERTEX_POINT('',#3208);
#821=VERTEX_POINT('',#3216);
#822=VERTEX_POINT('',#3218);
#823=VERTEX_POINT('',#3222);
#824=VERTEX_POINT('',#3226);
#825=VERTEX_POINT('',#3228);
#826=VERTEX_POINT('',#3232);
#827=VERTEX_POINT('',#3236);
#828=VERTEX_POINT('',#3238);
#829=VERTEX_POINT('',#3242);
#830=VERTEX_POINT('',#3246);
#831=VERTEX_POINT('',#3248);
#832=VERTEX_POINT('',#3250);
#833=VERTEX_POINT('',#3254);
#834=VERTEX_POINT('',#3258);
#835=VERTEX_POINT('',#3259);
#836=VERTEX_POINT('',#3261);
#837=VERTEX_POINT('',#3263);
#838=VERTEX_POINT('',#3266);
#839=VERTEX_POINT('',#3268);
#840=VERTEX_POINT('',#3271);
#841=VERTEX_POINT('',#3274);
#842=VERTEX_POINT('',#3276);
#843=VERTEX_POINT('',#3278);
#844=VERTEX_POINT('',#3280);
#845=VERTEX_POINT('',#3283);
#846=VERTEX_POINT('',#3285);
#847=VERTEX_POINT('',#3287);
#848=VERTEX_POINT('',#3289);
#849=VERTEX_POINT('',#3293);
#850=VERTEX_POINT('',#3296);
#851=VERTEX_POINT('',#3297);
#852=VERTEX_POINT('',#3335);
#853=VERTEX_POINT('',#3337);
#854=VERTEX_POINT('',#3341);
#855=VERTEX_POINT('',#3343);
#856=VERTEX_POINT('',#3349);
#857=VERTEX_POINT('',#3351);
#858=VERTEX_POINT('',#3357);
#859=VERTEX_POINT('',#3359);
#860=VERTEX_POINT('',#3376);
#861=VERTEX_POINT('',#3382);
#862=VERTEX_POINT('',#3386);
#863=VERTEX_POINT('',#3392);
#864=VERTEX_POINT('',#3396);
#865=VERTEX_POINT('',#3400);
#866=VERTEX_POINT('',#3404);
#867=VERTEX_POINT('',#3410);
#868=VERTEX_POINT('',#3414);
#869=VERTEX_POINT('',#3418);
#870=VERTEX_POINT('',#3422);
#871=VERTEX_POINT('',#3428);
#872=VERTEX_POINT('',#3432);
#873=VERTEX_POINT('',#3436);
#874=VERTEX_POINT('',#3440);
#875=VERTEX_POINT('',#3446);
#876=VERTEX_POINT('',#3450);
#877=VERTEX_POINT('',#3454);
#878=VERTEX_POINT('',#3458);
#879=VERTEX_POINT('',#3464);
#880=VERTEX_POINT('',#3478);
#881=VERTEX_POINT('',#3482);
#882=VERTEX_POINT('',#3486);
#883=EDGE_CURVE('',#725,#726,#701,.T.);
#884=EDGE_CURVE('',#726,#727,#689,.T.);
#885=EDGE_CURVE('',#727,#728,#702,.T.);
#886=EDGE_CURVE('',#728,#729,#690,.T.);
#887=EDGE_CURVE('',#729,#730,#703,.T.);
#888=EDGE_CURVE('',#730,#725,#691,.T.);
#889=EDGE_CURVE('',#731,#731,#333,.T.);
#890=EDGE_CURVE('',#732,#729,#334,.F.);
#891=EDGE_CURVE('',#732,#733,#91,.F.);
#892=EDGE_CURVE('',#733,#734,#335,.T.);
#893=EDGE_CURVE('',#734,#735,#92,.F.);
#894=EDGE_CURVE('',#730,#735,#336,.F.);
#895=EDGE_CURVE('',#736,#728,#704,.T.);
#896=EDGE_CURVE('',#732,#736,#93,.T.);
#897=EDGE_CURVE('',#737,#735,#94,.T.);
#898=EDGE_CURVE('',#725,#737,#705,.T.);
#899=EDGE_CURVE('',#738,#739,#337,.T.);
#900=EDGE_CURVE('',#739,#740,#95,.T.);
#901=EDGE_CURVE('',#740,#741,#338,.T.);
#902=EDGE_CURVE('',#741,#738,#96,.T.);
#903=EDGE_CURVE('',#737,#742,#706,.T.);
#904=EDGE_CURVE('',#742,#741,#707,.T.);
#905=EDGE_CURVE('',#740,#726,#708,.T.);
#906=EDGE_CURVE('',#743,#740,#97,.T.);
#907=EDGE_CURVE('',#744,#743,#339,.F.);
#908=EDGE_CURVE('',#745,#744,#98,.T.);
#909=EDGE_CURVE('',#727,#745,#709,.T.);
#910=EDGE_CURVE('',#746,#739,#99,.F.);
#911=EDGE_CURVE('',#743,#746,#100,.T.);
#912=EDGE_CURVE('',#738,#747,#340,.T.);
#913=EDGE_CURVE('',#748,#747,#341,.T.);
#914=EDGE_CURVE('',#748,#749,#101,.F.);
#915=EDGE_CURVE('',#749,#750,#102,.F.);
#916=EDGE_CURVE('',#751,#750,#342,.F.);
#917=EDGE_CURVE('',#751,#752,#103,.F.);
#918=EDGE_CURVE('',#753,#752,#343,.F.);
#919=EDGE_CURVE('',#753,#754,#104,.F.);
#920=EDGE_CURVE('',#755,#754,#344,.F.);
#921=EDGE_CURVE('',#755,#756,#105,.F.);
#922=EDGE_CURVE('',#757,#756,#345,.F.);
#923=EDGE_CURVE('',#757,#746,#106,.F.);
#924=EDGE_CURVE('',#747,#758,#107,.T.);
#925=EDGE_CURVE('',#758,#745,#346,.T.);
#926=EDGE_CURVE('',#745,#748,#108,.T.);
#927=EDGE_CURVE('',#758,#759,#710,.T.);
#928=EDGE_CURVE('',#759,#736,#711,.T.);
#929=EDGE_CURVE('',#759,#733,#109,.F.);
#930=EDGE_CURVE('',#749,#744,#110,.T.);
#931=EDGE_CURVE('',#742,#734,#111,.T.);
#932=EDGE_CURVE('',#760,#761,#712,.T.);
#933=EDGE_CURVE('',#761,#762,#347,.T.);
#934=EDGE_CURVE('',#762,#763,#713,.T.);
#935=EDGE_CURVE('',#763,#760,#348,.T.);
#936=EDGE_CURVE('',#764,#761,#349,.F.);
#937=EDGE_CURVE('',#764,#765,#112,.T.);
#938=EDGE_CURVE('',#766,#765,#113,.F.);
#939=EDGE_CURVE('',#767,#766,#114,.F.);
#940=EDGE_CURVE('',#762,#767,#350,.F.);
#941=EDGE_CURVE('',#760,#768,#115,.T.);
#942=EDGE_CURVE('',#768,#769,#351,.T.);
#943=EDGE_CURVE('',#769,#764,#116,.T.);
#944=EDGE_CURVE('',#767,#770,#117,.T.);
#945=EDGE_CURVE('',#770,#771,#352,.T.);
#946=EDGE_CURVE('',#771,#763,#118,.T.);
#947=EDGE_CURVE('',#772,#773,#714,.T.);
#948=EDGE_CURVE('',#773,#774,#353,.T.);
#949=EDGE_CURVE('',#774,#775,#715,.T.);
#950=EDGE_CURVE('',#775,#772,#354,.T.);
#951=EDGE_CURVE('',#776,#773,#355,.F.);
#952=EDGE_CURVE('',#776,#777,#119,.T.);
#953=EDGE_CURVE('',#778,#777,#120,.F.);
#954=EDGE_CURVE('',#778,#779,#121,.T.);
#955=EDGE_CURVE('',#774,#779,#356,.F.);
#956=EDGE_CURVE('',#772,#780,#122,.T.);
#957=EDGE_CURVE('',#780,#781,#357,.T.);
#958=EDGE_CURVE('',#781,#776,#123,.T.);
#959=EDGE_CURVE('',#779,#782,#124,.T.);
#960=EDGE_CURVE('',#782,#783,#358,.T.);
#961=EDGE_CURVE('',#783,#775,#125,.T.);
#962=EDGE_CURVE('',#784,#785,#716,.T.);
#963=EDGE_CURVE('',#785,#786,#359,.T.);
#964=EDGE_CURVE('',#786,#787,#717,.T.);
#965=EDGE_CURVE('',#787,#784,#360,.T.);
#966=EDGE_CURVE('',#788,#788,#361,.T.);
#967=EDGE_CURVE('',#788,#789,#126,.T.);
#968=EDGE_CURVE('',#789,#790,#718,.F.);
#969=EDGE_CURVE('',#790,#791,#127,.T.);
#970=EDGE_CURVE('',#768,#791,#362,.T.);
#971=EDGE_CURVE('',#780,#771,#363,.T.);
#972=EDGE_CURVE('',#792,#783,#364,.T.);
#973=EDGE_CURVE('',#786,#792,#128,.T.);
#974=EDGE_CURVE('',#793,#785,#129,.T.);
#975=EDGE_CURVE('',#794,#793,#365,.T.);
#976=EDGE_CURVE('',#795,#794,#130,.T.);
#977=EDGE_CURVE('',#796,#795,#366,.T.);
#978=EDGE_CURVE('',#797,#796,#131,.T.);
#979=EDGE_CURVE('',#791,#797,#367,.T.);
#980=EDGE_CURVE('',#790,#798,#719,.F.);
#981=EDGE_CURVE('',#798,#789,#720,.F.);
#982=EDGE_CURVE('',#784,#799,#368,.F.);
#983=EDGE_CURVE('',#799,#800,#132,.T.);
#984=EDGE_CURVE('',#800,#793,#369,.T.);
#985=EDGE_CURVE('',#801,#787,#370,.F.);
#986=EDGE_CURVE('',#801,#802,#133,.T.);
#987=EDGE_CURVE('',#803,#802,#134,.F.);
#988=EDGE_CURVE('',#803,#799,#135,.T.);
#989=EDGE_CURVE('',#804,#796,#721,.T.);
#990=EDGE_CURVE('',#795,#805,#722,.T.);
#991=EDGE_CURVE('',#805,#804,#371,.T.);
#992=EDGE_CURVE('',#804,#806,#372,.F.);
#993=EDGE_CURVE('',#806,#807,#136,.T.);
#994=EDGE_CURVE('',#807,#797,#373,.T.);
#995=EDGE_CURVE('',#808,#805,#374,.F.);
#996=EDGE_CURVE('',#808,#809,#137,.T.);
#997=EDGE_CURVE('',#810,#809,#138,.F.);
#998=EDGE_CURVE('',#810,#806,#139,.T.);
#999=EDGE_CURVE('',#794,#811,#375,.T.);
#1000=EDGE_CURVE('',#811,#808,#140,.T.);
#1001=EDGE_CURVE('',#793,#812,#376,.T.);
#1002=EDGE_CURVE('',#812,#813,#377,.T.);
#1003=EDGE_CURVE('',#813,#794,#378,.T.);
#1004=EDGE_CURVE('',#813,#811,#379,.T.);
#1005=EDGE_CURVE('',#792,#814,#380,.T.);
#1006=EDGE_CURVE('',#814,#801,#141,.T.);
#1007=EDGE_CURVE('',#783,#815,#381,.T.);
#1008=EDGE_CURVE('',#815,#816,#382,.T.);
#1009=EDGE_CURVE('',#816,#792,#383,.T.);
#1010=EDGE_CURVE('',#816,#814,#384,.T.);
#1011=EDGE_CURVE('',#782,#815,#385,.T.);
#1012=EDGE_CURVE('',#800,#812,#386,.T.);
#1013=EDGE_CURVE('',#771,#817,#387,.T.);
#1014=EDGE_CURVE('',#817,#818,#388,.T.);
#1015=EDGE_CURVE('',#818,#780,#389,.T.);
#1016=EDGE_CURVE('',#818,#781,#390,.T.);
#1017=EDGE_CURVE('',#770,#817,#391,.T.);
#1018=EDGE_CURVE('',#797,#819,#392,.T.);
#1019=EDGE_CURVE('',#819,#820,#393,.T.);
#1020=EDGE_CURVE('',#820,#768,#394,.T.);
#1021=EDGE_CURVE('',#820,#769,#395,.T.);
#1022=EDGE_CURVE('',#807,#819,#396,.T.);
#1023=EDGE_CURVE('',#782,#821,#142,.T.);
#1024=EDGE_CURVE('',#822,#821,#397,.T.);
#1025=EDGE_CURVE('',#822,#815,#143,.T.);
#1026=EDGE_CURVE('',#823,#778,#144,.T.);
#1027=EDGE_CURVE('',#821,#823,#145,.T.);
#1028=EDGE_CURVE('',#824,#781,#146,.T.);
#1029=EDGE_CURVE('',#825,#824,#147,.T.);
#1030=EDGE_CURVE('',#777,#825,#148,.T.);
#1031=EDGE_CURVE('',#818,#826,#149,.T.);
#1032=EDGE_CURVE('',#826,#824,#398,.T.);
#1033=EDGE_CURVE('',#770,#827,#150,.T.);
#1034=EDGE_CURVE('',#828,#827,#399,.T.);
#1035=EDGE_CURVE('',#828,#817,#151,.T.);
#1036=EDGE_CURVE('',#829,#766,#152,.T.);
#1037=EDGE_CURVE('',#827,#829,#153,.T.);
#1038=EDGE_CURVE('',#830,#769,#154,.T.);
#1039=EDGE_CURVE('',#830,#831,#155,.T.);
#1040=EDGE_CURVE('',#832,#831,#400,.T.);
#1041=EDGE_CURVE('',#765,#832,#156,.T.);
#1042=EDGE_CURVE('',#820,#833,#157,.T.);
#1043=EDGE_CURVE('',#833,#830,#692,.T.);
#1044=EDGE_CURVE('',#834,#835,#158,.T.);
#1045=EDGE_CURVE('',#836,#834,#159,.T.);
#1046=EDGE_CURVE('',#837,#836,#160,.T.);
#1047=EDGE_CURVE('',#835,#837,#161,.T.);
#1048=EDGE_CURVE('',#838,#822,#401,.T.);
#1049=EDGE_CURVE('',#839,#838,#162,.T.);
#1050=EDGE_CURVE('',#826,#839,#402,.T.);
#1051=EDGE_CURVE('',#840,#828,#403,.T.);
#1052=EDGE_CURVE('',#833,#840,#163,.T.);
#1053=EDGE_CURVE('',#841,#819,#164,.T.);
#1054=EDGE_CURVE('',#842,#841,#404,.T.);
#1055=EDGE_CURVE('',#843,#842,#165,.T.);
#1056=EDGE_CURVE('',#844,#843,#405,.T.);
#1057=EDGE_CURVE('',#813,#844,#166,.T.);
#1058=EDGE_CURVE('',#845,#812,#167,.T.);
#1059=EDGE_CURVE('',#846,#845,#406,.T.);
#1060=EDGE_CURVE('',#847,#846,#168,.T.);
#1061=EDGE_CURVE('',#848,#847,#407,.T.);
#1062=EDGE_CURVE('',#816,#848,#169,.T.);
#1063=EDGE_CURVE('',#849,#849,#408,.F.);
#1064=EDGE_CURVE('',#849,#731,#170,.T.);
#1065=EDGE_CURVE('',#850,#851,#723,.T.);
#1066=EDGE_CURVE('',#851,#850,#724,.T.);
#1067=EDGE_CURVE('',#834,#852,#409,.T.);
#1068=EDGE_CURVE('',#852,#853,#171,.T.);
#1069=EDGE_CURVE('',#853,#836,#410,.T.);
#1070=EDGE_CURVE('',#836,#854,#411,.T.);
#1071=EDGE_CURVE('',#854,#855,#172,.T.);
#1072=EDGE_CURVE('',#855,#837,#412,.T.);
#1073=EDGE_CURVE('',#853,#854,#413,.T.);
#1074=EDGE_CURVE('',#837,#856,#414,.T.);
#1075=EDGE_CURVE('',#856,#857,#173,.T.);
#1076=EDGE_CURVE('',#857,#835,#415,.T.);
#1077=EDGE_CURVE('',#855,#856,#416,.T.);
#1078=EDGE_CURVE('',#835,#858,#417,.T.);
#1079=EDGE_CURVE('',#858,#859,#174,.T.);
#1080=EDGE_CURVE('',#859,#834,#418,.T.);
#1081=EDGE_CURVE('',#857,#858,#419,.T.);
#1082=EDGE_CURVE('',#859,#852,#420,.T.);
#1083=EDGE_CURVE('',#853,#755,#175,.T.);
#1084=EDGE_CURVE('',#754,#854,#176,.T.);
#1085=EDGE_CURVE('',#756,#852,#177,.T.);
#1086=EDGE_CURVE('',#859,#757,#178,.T.);
#1087=EDGE_CURVE('',#750,#858,#179,.T.);
#1088=EDGE_CURVE('',#840,#860,#421,.T.);
#1089=EDGE_CURVE('',#860,#830,#180,.T.);
#1090=EDGE_CURVE('',#827,#860,#422,.T.);
#1091=EDGE_CURVE('',#839,#861,#423,.T.);
#1092=EDGE_CURVE('',#861,#824,#424,.T.);
#1093=EDGE_CURVE('',#838,#862,#425,.T.);
#1094=EDGE_CURVE('',#862,#861,#181,.T.);
#1095=EDGE_CURVE('',#821,#862,#426,.T.);
#1096=EDGE_CURVE('',#848,#863,#427,.T.);
#1097=EDGE_CURVE('',#863,#814,#182,.T.);
#1098=EDGE_CURVE('',#847,#864,#428,.T.);
#1099=EDGE_CURVE('',#864,#863,#429,.T.);
#1100=EDGE_CURVE('',#846,#865,#430,.T.);
#1101=EDGE_CURVE('',#865,#864,#183,.T.);
#1102=EDGE_CURVE('',#845,#866,#431,.T.);
#1103=EDGE_CURVE('',#866,#865,#432,.T.);
#1104=EDGE_CURVE('',#800,#866,#184,.T.);
#1105=EDGE_CURVE('',#844,#867,#433,.T.);
#1106=EDGE_CURVE('',#867,#811,#185,.T.);
#1107=EDGE_CURVE('',#843,#868,#434,.T.);
#1108=EDGE_CURVE('',#868,#867,#435,.T.);
#1109=EDGE_CURVE('',#842,#869,#436,.T.);
#1110=EDGE_CURVE('',#869,#868,#186,.T.);
#1111=EDGE_CURVE('',#841,#870,#437,.T.);
#1112=EDGE_CURVE('',#870,#869,#438,.T.);
#1113=EDGE_CURVE('',#807,#870,#187,.T.);
#1114=EDGE_CURVE('',#871,#863,#188,.T.);
#1115=EDGE_CURVE('',#802,#871,#189,.T.);
#1116=EDGE_CURVE('',#864,#872,#190,.T.);
#1117=EDGE_CURVE('',#872,#871,#693,.T.);
#1118=EDGE_CURVE('',#873,#865,#191,.T.);
#1119=EDGE_CURVE('',#872,#873,#192,.T.);
#1120=EDGE_CURVE('',#866,#874,#193,.T.);
#1121=EDGE_CURVE('',#874,#873,#694,.T.);
#1122=EDGE_CURVE('',#874,#803,#194,.T.);
#1123=EDGE_CURVE('',#875,#867,#195,.T.);
#1124=EDGE_CURVE('',#809,#875,#196,.T.);
#1125=EDGE_CURVE('',#868,#876,#197,.T.);
#1126=EDGE_CURVE('',#876,#875,#695,.T.);
#1127=EDGE_CURVE('',#877,#869,#198,.T.);
#1128=EDGE_CURVE('',#876,#877,#199,.T.);
#1129=EDGE_CURVE('',#870,#878,#200,.T.);
#1130=EDGE_CURVE('',#878,#877,#696,.T.);
#1131=EDGE_CURVE('',#878,#810,#201,.T.);
#1132=EDGE_CURVE('',#879,#860,#202,.T.);
#1133=EDGE_CURVE('',#831,#879,#203,.T.);
#1134=EDGE_CURVE('',#857,#751,#204,.T.);
#1135=EDGE_CURVE('',#855,#753,#205,.T.);
#1136=EDGE_CURVE('',#752,#856,#206,.T.);
#1137=EDGE_CURVE('',#790,#851,#207,.T.);
#1138=EDGE_CURVE('',#880,#832,#208,.T.);
#1139=EDGE_CURVE('',#879,#880,#697,.T.);
#1140=EDGE_CURVE('',#823,#881,#698,.T.);
#1141=EDGE_CURVE('',#881,#862,#209,.T.);
#1142=EDGE_CURVE('',#861,#882,#210,.T.);
#1143=EDGE_CURVE('',#882,#825,#699,.T.);
#1144=EDGE_CURVE('',#829,#880,#700,.T.);
#1145=EDGE_CURVE('',#882,#881,#211,.T.);
#1146=ORIENTED_EDGE('',*,*,#883,.T.);
#1147=ORIENTED_EDGE('',*,*,#884,.T.);
#1148=ORIENTED_EDGE('',*,*,#885,.T.);
#1149=ORIENTED_EDGE('',*,*,#886,.T.);
#1150=ORIENTED_EDGE('',*,*,#887,.T.);
#1151=ORIENTED_EDGE('',*,*,#888,.T.);
#1152=ORIENTED_EDGE('',*,*,#889,.F.);
#1153=ORIENTED_EDGE('',*,*,#887,.F.);
#1154=ORIENTED_EDGE('',*,*,#890,.F.);
#1155=ORIENTED_EDGE('',*,*,#891,.T.);
#1156=ORIENTED_EDGE('',*,*,#892,.T.);
#1157=ORIENTED_EDGE('',*,*,#893,.T.);
#1158=ORIENTED_EDGE('',*,*,#894,.F.);
#1159=ORIENTED_EDGE('',*,*,#886,.F.);
#1160=ORIENTED_EDGE('',*,*,#895,.F.);
#1161=ORIENTED_EDGE('',*,*,#896,.F.);
#1162=ORIENTED_EDGE('',*,*,#890,.T.);
#1163=ORIENTED_EDGE('',*,*,#888,.F.);
#1164=ORIENTED_EDGE('',*,*,#894,.T.);
#1165=ORIENTED_EDGE('',*,*,#897,.F.);
#1166=ORIENTED_EDGE('',*,*,#898,.F.);
#1167=ORIENTED_EDGE('',*,*,#899,.T.);
#1168=ORIENTED_EDGE('',*,*,#900,.T.);
#1169=ORIENTED_EDGE('',*,*,#901,.T.);
#1170=ORIENTED_EDGE('',*,*,#902,.T.);
#1171=ORIENTED_EDGE('',*,*,#883,.F.);
#1172=ORIENTED_EDGE('',*,*,#898,.T.);
#1173=ORIENTED_EDGE('',*,*,#903,.T.);
#1174=ORIENTED_EDGE('',*,*,#904,.T.);
#1175=ORIENTED_EDGE('',*,*,#901,.F.);
#1176=ORIENTED_EDGE('',*,*,#905,.T.);
#1177=ORIENTED_EDGE('',*,*,#884,.F.);
#1178=ORIENTED_EDGE('',*,*,#905,.F.);
#1179=ORIENTED_EDGE('',*,*,#906,.F.);
#1180=ORIENTED_EDGE('',*,*,#907,.F.);
#1181=ORIENTED_EDGE('',*,*,#908,.F.);
#1182=ORIENTED_EDGE('',*,*,#909,.F.);
#1183=ORIENTED_EDGE('',*,*,#900,.F.);
#1184=ORIENTED_EDGE('',*,*,#910,.F.);
#1185=ORIENTED_EDGE('',*,*,#911,.F.);
#1186=ORIENTED_EDGE('',*,*,#906,.T.);
#1187=ORIENTED_EDGE('',*,*,#899,.F.);
#1188=ORIENTED_EDGE('',*,*,#912,.T.);
#1189=ORIENTED_EDGE('',*,*,#913,.F.);
#1190=ORIENTED_EDGE('',*,*,#914,.T.);
#1191=ORIENTED_EDGE('',*,*,#915,.T.);
#1192=ORIENTED_EDGE('',*,*,#916,.F.);
#1193=ORIENTED_EDGE('',*,*,#917,.T.);
#1194=ORIENTED_EDGE('',*,*,#918,.F.);
#1195=ORIENTED_EDGE('',*,*,#919,.T.);
#1196=ORIENTED_EDGE('',*,*,#920,.F.);
#1197=ORIENTED_EDGE('',*,*,#921,.T.);
#1198=ORIENTED_EDGE('',*,*,#922,.F.);
#1199=ORIENTED_EDGE('',*,*,#923,.T.);
#1200=ORIENTED_EDGE('',*,*,#910,.T.);
#1201=ORIENTED_EDGE('',*,*,#913,.T.);
#1202=ORIENTED_EDGE('',*,*,#924,.T.);
#1203=ORIENTED_EDGE('',*,*,#925,.T.);
#1204=ORIENTED_EDGE('',*,*,#926,.T.);
#1205=ORIENTED_EDGE('',*,*,#885,.F.);
#1206=ORIENTED_EDGE('',*,*,#909,.T.);
#1207=ORIENTED_EDGE('',*,*,#925,.F.);
#1208=ORIENTED_EDGE('',*,*,#927,.T.);
#1209=ORIENTED_EDGE('',*,*,#928,.T.);
#1210=ORIENTED_EDGE('',*,*,#895,.T.);
#1211=ORIENTED_EDGE('',*,*,#928,.F.);
#1212=ORIENTED_EDGE('',*,*,#929,.T.);
#1213=ORIENTED_EDGE('',*,*,#891,.F.);
#1214=ORIENTED_EDGE('',*,*,#896,.T.);
#1215=ORIENTED_EDGE('',*,*,#926,.F.);
#1216=ORIENTED_EDGE('',*,*,#908,.T.);
#1217=ORIENTED_EDGE('',*,*,#930,.F.);
#1218=ORIENTED_EDGE('',*,*,#914,.F.);
#1219=ORIENTED_EDGE('',*,*,#904,.F.);
#1220=ORIENTED_EDGE('',*,*,#931,.T.);
#1221=ORIENTED_EDGE('',*,*,#892,.F.);
#1222=ORIENTED_EDGE('',*,*,#929,.F.);
#1223=ORIENTED_EDGE('',*,*,#927,.F.);
#1224=ORIENTED_EDGE('',*,*,#924,.F.);
#1225=ORIENTED_EDGE('',*,*,#912,.F.);
#1226=ORIENTED_EDGE('',*,*,#902,.F.);
#1227=ORIENTED_EDGE('',*,*,#903,.F.);
#1228=ORIENTED_EDGE('',*,*,#897,.T.);
#1229=ORIENTED_EDGE('',*,*,#893,.F.);
#1230=ORIENTED_EDGE('',*,*,#931,.F.);
#1231=ORIENTED_EDGE('',*,*,#932,.T.);
#1232=ORIENTED_EDGE('',*,*,#933,.T.);
#1233=ORIENTED_EDGE('',*,*,#934,.T.);
#1234=ORIENTED_EDGE('',*,*,#935,.T.);
#1235=ORIENTED_EDGE('',*,*,#933,.F.);
#1236=ORIENTED_EDGE('',*,*,#936,.F.);
#1237=ORIENTED_EDGE('',*,*,#937,.T.);
#1238=ORIENTED_EDGE('',*,*,#938,.F.);
#1239=ORIENTED_EDGE('',*,*,#939,.F.);
#1240=ORIENTED_EDGE('',*,*,#940,.F.);
#1241=ORIENTED_EDGE('',*,*,#936,.T.);
#1242=ORIENTED_EDGE('',*,*,#932,.F.);
#1243=ORIENTED_EDGE('',*,*,#941,.T.);
#1244=ORIENTED_EDGE('',*,*,#942,.T.);
#1245=ORIENTED_EDGE('',*,*,#943,.T.);
#1246=ORIENTED_EDGE('',*,*,#940,.T.);
#1247=ORIENTED_EDGE('',*,*,#944,.T.);
#1248=ORIENTED_EDGE('',*,*,#945,.T.);
#1249=ORIENTED_EDGE('',*,*,#946,.T.);
#1250=ORIENTED_EDGE('',*,*,#934,.F.);
#1251=ORIENTED_EDGE('',*,*,#947,.T.);
#1252=ORIENTED_EDGE('',*,*,#948,.T.);
#1253=ORIENTED_EDGE('',*,*,#949,.T.);
#1254=ORIENTED_EDGE('',*,*,#950,.T.);
#1255=ORIENTED_EDGE('',*,*,#948,.F.);
#1256=ORIENTED_EDGE('',*,*,#951,.F.);
#1257=ORIENTED_EDGE('',*,*,#952,.T.);
#1258=ORIENTED_EDGE('',*,*,#953,.F.);
#1259=ORIENTED_EDGE('',*,*,#954,.T.);
#1260=ORIENTED_EDGE('',*,*,#955,.F.);
#1261=ORIENTED_EDGE('',*,*,#951,.T.);
#1262=ORIENTED_EDGE('',*,*,#947,.F.);
#1263=ORIENTED_EDGE('',*,*,#956,.T.);
#1264=ORIENTED_EDGE('',*,*,#957,.T.);
#1265=ORIENTED_EDGE('',*,*,#958,.T.);
#1266=ORIENTED_EDGE('',*,*,#955,.T.);
#1267=ORIENTED_EDGE('',*,*,#959,.T.);
#1268=ORIENTED_EDGE('',*,*,#960,.T.);
#1269=ORIENTED_EDGE('',*,*,#961,.T.);
#1270=ORIENTED_EDGE('',*,*,#949,.F.);
#1271=ORIENTED_EDGE('',*,*,#962,.T.);
#1272=ORIENTED_EDGE('',*,*,#963,.T.);
#1273=ORIENTED_EDGE('',*,*,#964,.T.);
#1274=ORIENTED_EDGE('',*,*,#965,.T.);
#1275=ORIENTED_EDGE('',*,*,#966,.F.);
#1276=ORIENTED_EDGE('',*,*,#967,.T.);
#1277=ORIENTED_EDGE('',*,*,#968,.T.);
#1278=ORIENTED_EDGE('',*,*,#969,.T.);
#1279=ORIENTED_EDGE('',*,*,#970,.F.);
#1280=ORIENTED_EDGE('',*,*,#941,.F.);
#1281=ORIENTED_EDGE('',*,*,#935,.F.);
#1282=ORIENTED_EDGE('',*,*,#946,.F.);
#1283=ORIENTED_EDGE('',*,*,#971,.F.);
#1284=ORIENTED_EDGE('',*,*,#956,.F.);
#1285=ORIENTED_EDGE('',*,*,#950,.F.);
#1286=ORIENTED_EDGE('',*,*,#961,.F.);
#1287=ORIENTED_EDGE('',*,*,#972,.F.);
#1288=ORIENTED_EDGE('',*,*,#973,.F.);
#1289=ORIENTED_EDGE('',*,*,#963,.F.);
#1290=ORIENTED_EDGE('',*,*,#974,.F.);
#1291=ORIENTED_EDGE('',*,*,#975,.F.);
#1292=ORIENTED_EDGE('',*,*,#976,.F.);
#1293=ORIENTED_EDGE('',*,*,#977,.F.);
#1294=ORIENTED_EDGE('',*,*,#978,.F.);
#1295=ORIENTED_EDGE('',*,*,#979,.F.);
#1296=ORIENTED_EDGE('',*,*,#969,.F.);
#1297=ORIENTED_EDGE('',*,*,#980,.T.);
#1298=ORIENTED_EDGE('',*,*,#981,.T.);
#1299=ORIENTED_EDGE('',*,*,#967,.F.);
#1300=ORIENTED_EDGE('',*,*,#982,.T.);
#1301=ORIENTED_EDGE('',*,*,#983,.T.);
#1302=ORIENTED_EDGE('',*,*,#984,.T.);
#1303=ORIENTED_EDGE('',*,*,#974,.T.);
#1304=ORIENTED_EDGE('',*,*,#962,.F.);
#1305=ORIENTED_EDGE('',*,*,#965,.F.);
#1306=ORIENTED_EDGE('',*,*,#985,.F.);
#1307=ORIENTED_EDGE('',*,*,#986,.T.);
#1308=ORIENTED_EDGE('',*,*,#987,.F.);
#1309=ORIENTED_EDGE('',*,*,#988,.T.);
#1310=ORIENTED_EDGE('',*,*,#982,.F.);
#1311=ORIENTED_EDGE('',*,*,#989,.T.);
#1312=ORIENTED_EDGE('',*,*,#977,.T.);
#1313=ORIENTED_EDGE('',*,*,#990,.T.);
#1314=ORIENTED_EDGE('',*,*,#991,.T.);
#1315=ORIENTED_EDGE('',*,*,#992,.T.);
#1316=ORIENTED_EDGE('',*,*,#993,.T.);
#1317=ORIENTED_EDGE('',*,*,#994,.T.);
#1318=ORIENTED_EDGE('',*,*,#978,.T.);
#1319=ORIENTED_EDGE('',*,*,#989,.F.);
#1320=ORIENTED_EDGE('',*,*,#991,.F.);
#1321=ORIENTED_EDGE('',*,*,#995,.F.);
#1322=ORIENTED_EDGE('',*,*,#996,.T.);
#1323=ORIENTED_EDGE('',*,*,#997,.F.);
#1324=ORIENTED_EDGE('',*,*,#998,.T.);
#1325=ORIENTED_EDGE('',*,*,#992,.F.);
#1326=ORIENTED_EDGE('',*,*,#995,.T.);
#1327=ORIENTED_EDGE('',*,*,#990,.F.);
#1328=ORIENTED_EDGE('',*,*,#976,.T.);
#1329=ORIENTED_EDGE('',*,*,#999,.T.);
#1330=ORIENTED_EDGE('',*,*,#1000,.T.);
#1331=ORIENTED_EDGE('',*,*,#1001,.T.);
#1332=ORIENTED_EDGE('',*,*,#1002,.T.);
#1333=ORIENTED_EDGE('',*,*,#1003,.T.);
#1334=ORIENTED_EDGE('',*,*,#975,.T.);
#1335=ORIENTED_EDGE('',*,*,#1003,.F.);
#1336=ORIENTED_EDGE('',*,*,#1004,.T.);
#1337=ORIENTED_EDGE('',*,*,#999,.F.);
#1338=ORIENTED_EDGE('',*,*,#985,.T.);
#1339=ORIENTED_EDGE('',*,*,#964,.F.);
#1340=ORIENTED_EDGE('',*,*,#973,.T.);
#1341=ORIENTED_EDGE('',*,*,#1005,.T.);
#1342=ORIENTED_EDGE('',*,*,#1006,.T.);
#1343=ORIENTED_EDGE('',*,*,#1007,.T.);
#1344=ORIENTED_EDGE('',*,*,#1008,.T.);
#1345=ORIENTED_EDGE('',*,*,#1009,.T.);
#1346=ORIENTED_EDGE('',*,*,#972,.T.);
#1347=ORIENTED_EDGE('',*,*,#1009,.F.);
#1348=ORIENTED_EDGE('',*,*,#1010,.T.);
#1349=ORIENTED_EDGE('',*,*,#1005,.F.);
#1350=ORIENTED_EDGE('',*,*,#960,.F.);
#1351=ORIENTED_EDGE('',*,*,#1011,.T.);
#1352=ORIENTED_EDGE('',*,*,#1007,.F.);
#1353=ORIENTED_EDGE('',*,*,#984,.F.);
#1354=ORIENTED_EDGE('',*,*,#1012,.T.);
#1355=ORIENTED_EDGE('',*,*,#1001,.F.);
#1356=ORIENTED_EDGE('',*,*,#1013,.T.);
#1357=ORIENTED_EDGE('',*,*,#1014,.T.);
#1358=ORIENTED_EDGE('',*,*,#1015,.T.);
#1359=ORIENTED_EDGE('',*,*,#971,.T.);
#1360=ORIENTED_EDGE('',*,*,#1015,.F.);
#1361=ORIENTED_EDGE('',*,*,#1016,.T.);
#1362=ORIENTED_EDGE('',*,*,#957,.F.);
#1363=ORIENTED_EDGE('',*,*,#945,.F.);
#1364=ORIENTED_EDGE('',*,*,#1017,.T.);
#1365=ORIENTED_EDGE('',*,*,#1013,.F.);
#1366=ORIENTED_EDGE('',*,*,#1018,.T.);
#1367=ORIENTED_EDGE('',*,*,#1019,.T.);
#1368=ORIENTED_EDGE('',*,*,#1020,.T.);
#1369=ORIENTED_EDGE('',*,*,#970,.T.);
#1370=ORIENTED_EDGE('',*,*,#979,.T.);
#1371=ORIENTED_EDGE('',*,*,#1020,.F.);
#1372=ORIENTED_EDGE('',*,*,#1021,.T.);
#1373=ORIENTED_EDGE('',*,*,#942,.F.);
#1374=ORIENTED_EDGE('',*,*,#994,.F.);
#1375=ORIENTED_EDGE('',*,*,#1022,.T.);
#1376=ORIENTED_EDGE('',*,*,#1018,.F.);
#1377=ORIENTED_EDGE('',*,*,#1011,.F.);
#1378=ORIENTED_EDGE('',*,*,#1023,.T.);
#1379=ORIENTED_EDGE('',*,*,#1024,.F.);
#1380=ORIENTED_EDGE('',*,*,#1025,.T.);
#1381=ORIENTED_EDGE('',*,*,#959,.F.);
#1382=ORIENTED_EDGE('',*,*,#954,.F.);
#1383=ORIENTED_EDGE('',*,*,#1026,.F.);
#1384=ORIENTED_EDGE('',*,*,#1027,.F.);
#1385=ORIENTED_EDGE('',*,*,#1023,.F.);
#1386=ORIENTED_EDGE('',*,*,#958,.F.);
#1387=ORIENTED_EDGE('',*,*,#1028,.F.);
#1388=ORIENTED_EDGE('',*,*,#1029,.F.);
#1389=ORIENTED_EDGE('',*,*,#1030,.F.);
#1390=ORIENTED_EDGE('',*,*,#952,.F.);
#1391=ORIENTED_EDGE('',*,*,#1016,.F.);
#1392=ORIENTED_EDGE('',*,*,#1031,.T.);
#1393=ORIENTED_EDGE('',*,*,#1032,.T.);
#1394=ORIENTED_EDGE('',*,*,#1028,.T.);
#1395=ORIENTED_EDGE('',*,*,#1017,.F.);
#1396=ORIENTED_EDGE('',*,*,#1033,.T.);
#1397=ORIENTED_EDGE('',*,*,#1034,.F.);
#1398=ORIENTED_EDGE('',*,*,#1035,.T.);
#1399=ORIENTED_EDGE('',*,*,#944,.F.);
#1400=ORIENTED_EDGE('',*,*,#939,.T.);
#1401=ORIENTED_EDGE('',*,*,#1036,.F.);
#1402=ORIENTED_EDGE('',*,*,#1037,.F.);
#1403=ORIENTED_EDGE('',*,*,#1033,.F.);
#1404=ORIENTED_EDGE('',*,*,#943,.F.);
#1405=ORIENTED_EDGE('',*,*,#1038,.F.);
#1406=ORIENTED_EDGE('',*,*,#1039,.T.);
#1407=ORIENTED_EDGE('',*,*,#1040,.F.);
#1408=ORIENTED_EDGE('',*,*,#1041,.F.);
#1409=ORIENTED_EDGE('',*,*,#937,.F.);
#1410=ORIENTED_EDGE('',*,*,#1021,.F.);
#1411=ORIENTED_EDGE('',*,*,#1042,.T.);
#1412=ORIENTED_EDGE('',*,*,#1043,.T.);
#1413=ORIENTED_EDGE('',*,*,#1038,.T.);
#1414=ORIENTED_EDGE('',*,*,#1044,.F.);
#1415=ORIENTED_EDGE('',*,*,#1045,.F.);
#1416=ORIENTED_EDGE('',*,*,#1046,.F.);
#1417=ORIENTED_EDGE('',*,*,#1047,.F.);
#1418=ORIENTED_EDGE('',*,*,#1008,.F.);
#1419=ORIENTED_EDGE('',*,*,#1025,.F.);
#1420=ORIENTED_EDGE('',*,*,#1048,.F.);
#1421=ORIENTED_EDGE('',*,*,#1049,.F.);
#1422=ORIENTED_EDGE('',*,*,#1050,.F.);
#1423=ORIENTED_EDGE('',*,*,#1031,.F.);
#1424=ORIENTED_EDGE('',*,*,#1014,.F.);
#1425=ORIENTED_EDGE('',*,*,#1035,.F.);
#1426=ORIENTED_EDGE('',*,*,#1051,.F.);
#1427=ORIENTED_EDGE('',*,*,#1052,.F.);
#1428=ORIENTED_EDGE('',*,*,#1042,.F.);
#1429=ORIENTED_EDGE('',*,*,#1019,.F.);
#1430=ORIENTED_EDGE('',*,*,#1053,.F.);
#1431=ORIENTED_EDGE('',*,*,#1054,.F.);
#1432=ORIENTED_EDGE('',*,*,#1055,.F.);
#1433=ORIENTED_EDGE('',*,*,#1056,.F.);
#1434=ORIENTED_EDGE('',*,*,#1057,.F.);
#1435=ORIENTED_EDGE('',*,*,#1002,.F.);
#1436=ORIENTED_EDGE('',*,*,#1058,.F.);
#1437=ORIENTED_EDGE('',*,*,#1059,.F.);
#1438=ORIENTED_EDGE('',*,*,#1060,.F.);
#1439=ORIENTED_EDGE('',*,*,#1061,.F.);
#1440=ORIENTED_EDGE('',*,*,#1062,.F.);
#1441=ORIENTED_EDGE('',*,*,#1063,.F.);
#1442=ORIENTED_EDGE('',*,*,#1064,.T.);
#1443=ORIENTED_EDGE('',*,*,#889,.T.);
#1444=ORIENTED_EDGE('',*,*,#1064,.F.);
#1445=ORIENTED_EDGE('',*,*,#1065,.T.);
#1446=ORIENTED_EDGE('',*,*,#1066,.T.);
#1447=ORIENTED_EDGE('',*,*,#1067,.T.);
#1448=ORIENTED_EDGE('',*,*,#1068,.T.);
#1449=ORIENTED_EDGE('',*,*,#1069,.T.);
#1450=ORIENTED_EDGE('',*,*,#1045,.T.);
#1451=ORIENTED_EDGE('',*,*,#1070,.T.);
#1452=ORIENTED_EDGE('',*,*,#1071,.T.);
#1453=ORIENTED_EDGE('',*,*,#1072,.T.);
#1454=ORIENTED_EDGE('',*,*,#1046,.T.);
#1455=ORIENTED_EDGE('',*,*,#1070,.F.);
#1456=ORIENTED_EDGE('',*,*,#1069,.F.);
#1457=ORIENTED_EDGE('',*,*,#1073,.T.);
#1458=ORIENTED_EDGE('',*,*,#1074,.T.);
#1459=ORIENTED_EDGE('',*,*,#1075,.T.);
#1460=ORIENTED_EDGE('',*,*,#1076,.T.);
#1461=ORIENTED_EDGE('',*,*,#1047,.T.);
#1462=ORIENTED_EDGE('',*,*,#1074,.F.);
#1463=ORIENTED_EDGE('',*,*,#1072,.F.);
#1464=ORIENTED_EDGE('',*,*,#1077,.T.);
#1465=ORIENTED_EDGE('',*,*,#1078,.T.);
#1466=ORIENTED_EDGE('',*,*,#1079,.T.);
#1467=ORIENTED_EDGE('',*,*,#1080,.T.);
#1468=ORIENTED_EDGE('',*,*,#1044,.T.);
#1469=ORIENTED_EDGE('',*,*,#1078,.F.);
#1470=ORIENTED_EDGE('',*,*,#1076,.F.);
#1471=ORIENTED_EDGE('',*,*,#1081,.T.);
#1472=ORIENTED_EDGE('',*,*,#1067,.F.);
#1473=ORIENTED_EDGE('',*,*,#1080,.F.);
#1474=ORIENTED_EDGE('',*,*,#1082,.T.);
#1475=ORIENTED_EDGE('',*,*,#1073,.F.);
#1476=ORIENTED_EDGE('',*,*,#1083,.T.);
#1477=ORIENTED_EDGE('',*,*,#920,.T.);
#1478=ORIENTED_EDGE('',*,*,#1084,.T.);
#1479=ORIENTED_EDGE('',*,*,#1068,.F.);
#1480=ORIENTED_EDGE('',*,*,#1085,.F.);
#1481=ORIENTED_EDGE('',*,*,#921,.F.);
#1482=ORIENTED_EDGE('',*,*,#1083,.F.);
#1483=ORIENTED_EDGE('',*,*,#1082,.F.);
#1484=ORIENTED_EDGE('',*,*,#1086,.T.);
#1485=ORIENTED_EDGE('',*,*,#922,.T.);
#1486=ORIENTED_EDGE('',*,*,#1085,.T.);
#1487=ORIENTED_EDGE('',*,*,#911,.T.);
#1488=ORIENTED_EDGE('',*,*,#923,.F.);
#1489=ORIENTED_EDGE('',*,*,#1086,.F.);
#1490=ORIENTED_EDGE('',*,*,#1079,.F.);
#1491=ORIENTED_EDGE('',*,*,#1087,.F.);
#1492=ORIENTED_EDGE('',*,*,#915,.F.);
#1493=ORIENTED_EDGE('',*,*,#930,.T.);
#1494=ORIENTED_EDGE('',*,*,#907,.T.);
#1495=ORIENTED_EDGE('',*,*,#1052,.T.);
#1496=ORIENTED_EDGE('',*,*,#1088,.T.);
#1497=ORIENTED_EDGE('',*,*,#1089,.T.);
#1498=ORIENTED_EDGE('',*,*,#1043,.F.);
#1499=ORIENTED_EDGE('',*,*,#1034,.T.);
#1500=ORIENTED_EDGE('',*,*,#1090,.T.);
#1501=ORIENTED_EDGE('',*,*,#1088,.F.);
#1502=ORIENTED_EDGE('',*,*,#1051,.T.);
#1503=ORIENTED_EDGE('',*,*,#1091,.T.);
#1504=ORIENTED_EDGE('',*,*,#1092,.T.);
#1505=ORIENTED_EDGE('',*,*,#1032,.F.);
#1506=ORIENTED_EDGE('',*,*,#1050,.T.);
#1507=ORIENTED_EDGE('',*,*,#1093,.T.);
#1508=ORIENTED_EDGE('',*,*,#1094,.T.);
#1509=ORIENTED_EDGE('',*,*,#1091,.F.);
#1510=ORIENTED_EDGE('',*,*,#1049,.T.);
#1511=ORIENTED_EDGE('',*,*,#1024,.T.);
#1512=ORIENTED_EDGE('',*,*,#1095,.T.);
#1513=ORIENTED_EDGE('',*,*,#1093,.F.);
#1514=ORIENTED_EDGE('',*,*,#1048,.T.);
#1515=ORIENTED_EDGE('',*,*,#1010,.F.);
#1516=ORIENTED_EDGE('',*,*,#1062,.T.);
#1517=ORIENTED_EDGE('',*,*,#1096,.T.);
#1518=ORIENTED_EDGE('',*,*,#1097,.T.);
#1519=ORIENTED_EDGE('',*,*,#1098,.T.);
#1520=ORIENTED_EDGE('',*,*,#1099,.T.);
#1521=ORIENTED_EDGE('',*,*,#1096,.F.);
#1522=ORIENTED_EDGE('',*,*,#1061,.T.);
#1523=ORIENTED_EDGE('',*,*,#1100,.T.);
#1524=ORIENTED_EDGE('',*,*,#1101,.T.);
#1525=ORIENTED_EDGE('',*,*,#1098,.F.);
#1526=ORIENTED_EDGE('',*,*,#1060,.T.);
#1527=ORIENTED_EDGE('',*,*,#1102,.T.);
#1528=ORIENTED_EDGE('',*,*,#1103,.T.);
#1529=ORIENTED_EDGE('',*,*,#1100,.F.);
#1530=ORIENTED_EDGE('',*,*,#1059,.T.);
#1531=ORIENTED_EDGE('',*,*,#1012,.F.);
#1532=ORIENTED_EDGE('',*,*,#1104,.T.);
#1533=ORIENTED_EDGE('',*,*,#1102,.F.);
#1534=ORIENTED_EDGE('',*,*,#1058,.T.);
#1535=ORIENTED_EDGE('',*,*,#1004,.F.);
#1536=ORIENTED_EDGE('',*,*,#1057,.T.);
#1537=ORIENTED_EDGE('',*,*,#1105,.T.);
#1538=ORIENTED_EDGE('',*,*,#1106,.T.);
#1539=ORIENTED_EDGE('',*,*,#1107,.T.);
#1540=ORIENTED_EDGE('',*,*,#1108,.T.);
#1541=ORIENTED_EDGE('',*,*,#1105,.F.);
#1542=ORIENTED_EDGE('',*,*,#1056,.T.);
#1543=ORIENTED_EDGE('',*,*,#1109,.T.);
#1544=ORIENTED_EDGE('',*,*,#1110,.T.);
#1545=ORIENTED_EDGE('',*,*,#1107,.F.);
#1546=ORIENTED_EDGE('',*,*,#1055,.T.);
#1547=ORIENTED_EDGE('',*,*,#1111,.T.);
#1548=ORIENTED_EDGE('',*,*,#1112,.T.);
#1549=ORIENTED_EDGE('',*,*,#1109,.F.);
#1550=ORIENTED_EDGE('',*,*,#1054,.T.);
#1551=ORIENTED_EDGE('',*,*,#1022,.F.);
#1552=ORIENTED_EDGE('',*,*,#1113,.T.);
#1553=ORIENTED_EDGE('',*,*,#1111,.F.);
#1554=ORIENTED_EDGE('',*,*,#1053,.T.);
#1555=ORIENTED_EDGE('',*,*,#1006,.F.);
#1556=ORIENTED_EDGE('',*,*,#1097,.F.);
#1557=ORIENTED_EDGE('',*,*,#1114,.F.);
#1558=ORIENTED_EDGE('',*,*,#1115,.F.);
#1559=ORIENTED_EDGE('',*,*,#986,.F.);
#1560=ORIENTED_EDGE('',*,*,#1099,.F.);
#1561=ORIENTED_EDGE('',*,*,#1116,.T.);
#1562=ORIENTED_EDGE('',*,*,#1117,.T.);
#1563=ORIENTED_EDGE('',*,*,#1114,.T.);
#1564=ORIENTED_EDGE('',*,*,#1101,.F.);
#1565=ORIENTED_EDGE('',*,*,#1118,.F.);
#1566=ORIENTED_EDGE('',*,*,#1119,.F.);
#1567=ORIENTED_EDGE('',*,*,#1116,.F.);
#1568=ORIENTED_EDGE('',*,*,#1103,.F.);
#1569=ORIENTED_EDGE('',*,*,#1120,.T.);
#1570=ORIENTED_EDGE('',*,*,#1121,.T.);
#1571=ORIENTED_EDGE('',*,*,#1118,.T.);
#1572=ORIENTED_EDGE('',*,*,#983,.F.);
#1573=ORIENTED_EDGE('',*,*,#988,.F.);
#1574=ORIENTED_EDGE('',*,*,#1122,.F.);
#1575=ORIENTED_EDGE('',*,*,#1120,.F.);
#1576=ORIENTED_EDGE('',*,*,#1104,.F.);
#1577=ORIENTED_EDGE('',*,*,#1000,.F.);
#1578=ORIENTED_EDGE('',*,*,#1106,.F.);
#1579=ORIENTED_EDGE('',*,*,#1123,.F.);
#1580=ORIENTED_EDGE('',*,*,#1124,.F.);
#1581=ORIENTED_EDGE('',*,*,#996,.F.);
#1582=ORIENTED_EDGE('',*,*,#1108,.F.);
#1583=ORIENTED_EDGE('',*,*,#1125,.T.);
#1584=ORIENTED_EDGE('',*,*,#1126,.T.);
#1585=ORIENTED_EDGE('',*,*,#1123,.T.);
#1586=ORIENTED_EDGE('',*,*,#1110,.F.);
#1587=ORIENTED_EDGE('',*,*,#1127,.F.);
#1588=ORIENTED_EDGE('',*,*,#1128,.F.);
#1589=ORIENTED_EDGE('',*,*,#1125,.F.);
#1590=ORIENTED_EDGE('',*,*,#1112,.F.);
#1591=ORIENTED_EDGE('',*,*,#1129,.T.);
#1592=ORIENTED_EDGE('',*,*,#1130,.T.);
#1593=ORIENTED_EDGE('',*,*,#1127,.T.);
#1594=ORIENTED_EDGE('',*,*,#993,.F.);
#1595=ORIENTED_EDGE('',*,*,#998,.F.);
#1596=ORIENTED_EDGE('',*,*,#1131,.F.);
#1597=ORIENTED_EDGE('',*,*,#1129,.F.);
#1598=ORIENTED_EDGE('',*,*,#1113,.F.);
#1599=ORIENTED_EDGE('',*,*,#1089,.F.);
#1600=ORIENTED_EDGE('',*,*,#1132,.F.);
#1601=ORIENTED_EDGE('',*,*,#1133,.F.);
#1602=ORIENTED_EDGE('',*,*,#1039,.F.);
#1603=ORIENTED_EDGE('',*,*,#1081,.F.);
#1604=ORIENTED_EDGE('',*,*,#1134,.T.);
#1605=ORIENTED_EDGE('',*,*,#916,.T.);
#1606=ORIENTED_EDGE('',*,*,#1087,.T.);
#1607=ORIENTED_EDGE('',*,*,#1077,.F.);
#1608=ORIENTED_EDGE('',*,*,#1135,.T.);
#1609=ORIENTED_EDGE('',*,*,#918,.T.);
#1610=ORIENTED_EDGE('',*,*,#1136,.T.);
#1611=ORIENTED_EDGE('',*,*,#1071,.F.);
#1612=ORIENTED_EDGE('',*,*,#1084,.F.);
#1613=ORIENTED_EDGE('',*,*,#919,.F.);
#1614=ORIENTED_EDGE('',*,*,#1135,.F.);
#1615=ORIENTED_EDGE('',*,*,#1075,.F.);
#1616=ORIENTED_EDGE('',*,*,#1136,.F.);
#1617=ORIENTED_EDGE('',*,*,#917,.F.);
#1618=ORIENTED_EDGE('',*,*,#1134,.F.);
#1619=ORIENTED_EDGE('',*,*,#966,.T.);
#1620=ORIENTED_EDGE('',*,*,#1063,.T.);
#1621=ORIENTED_EDGE('',*,*,#981,.F.);
#1622=ORIENTED_EDGE('',*,*,#980,.F.);
#1623=ORIENTED_EDGE('',*,*,#1137,.T.);
#1624=ORIENTED_EDGE('',*,*,#1065,.F.);
#1625=ORIENTED_EDGE('',*,*,#1066,.F.);
#1626=ORIENTED_EDGE('',*,*,#1137,.F.);
#1627=ORIENTED_EDGE('',*,*,#968,.F.);
#1628=ORIENTED_EDGE('',*,*,#1138,.T.);
#1629=ORIENTED_EDGE('',*,*,#1040,.T.);
#1630=ORIENTED_EDGE('',*,*,#1133,.T.);
#1631=ORIENTED_EDGE('',*,*,#1139,.T.);
#1632=ORIENTED_EDGE('',*,*,#1095,.F.);
#1633=ORIENTED_EDGE('',*,*,#1027,.T.);
#1634=ORIENTED_EDGE('',*,*,#1140,.T.);
#1635=ORIENTED_EDGE('',*,*,#1141,.T.);
#1636=ORIENTED_EDGE('',*,*,#1092,.F.);
#1637=ORIENTED_EDGE('',*,*,#1142,.T.);
#1638=ORIENTED_EDGE('',*,*,#1143,.T.);
#1639=ORIENTED_EDGE('',*,*,#1029,.T.);
#1640=ORIENTED_EDGE('',*,*,#1090,.F.);
#1641=ORIENTED_EDGE('',*,*,#1037,.T.);
#1642=ORIENTED_EDGE('',*,*,#1144,.T.);
#1643=ORIENTED_EDGE('',*,*,#1139,.F.);
#1644=ORIENTED_EDGE('',*,*,#1132,.T.);
#1645=ORIENTED_EDGE('',*,*,#1117,.F.);
#1646=ORIENTED_EDGE('',*,*,#1119,.T.);
#1647=ORIENTED_EDGE('',*,*,#1121,.F.);
#1648=ORIENTED_EDGE('',*,*,#1122,.T.);
#1649=ORIENTED_EDGE('',*,*,#987,.T.);
#1650=ORIENTED_EDGE('',*,*,#1115,.T.);
#1651=ORIENTED_EDGE('',*,*,#1126,.F.);
#1652=ORIENTED_EDGE('',*,*,#1128,.T.);
#1653=ORIENTED_EDGE('',*,*,#1130,.F.);
#1654=ORIENTED_EDGE('',*,*,#1131,.T.);
#1655=ORIENTED_EDGE('',*,*,#997,.T.);
#1656=ORIENTED_EDGE('',*,*,#1124,.T.);
#1657=ORIENTED_EDGE('',*,*,#1144,.F.);
#1658=ORIENTED_EDGE('',*,*,#1036,.T.);
#1659=ORIENTED_EDGE('',*,*,#938,.T.);
#1660=ORIENTED_EDGE('',*,*,#1041,.T.);
#1661=ORIENTED_EDGE('',*,*,#1138,.F.);
#1662=ORIENTED_EDGE('',*,*,#1140,.F.);
#1663=ORIENTED_EDGE('',*,*,#1026,.T.);
#1664=ORIENTED_EDGE('',*,*,#953,.T.);
#1665=ORIENTED_EDGE('',*,*,#1030,.T.);
#1666=ORIENTED_EDGE('',*,*,#1143,.F.);
#1667=ORIENTED_EDGE('',*,*,#1145,.T.);
#1668=ORIENTED_EDGE('',*,*,#1094,.F.);
#1669=ORIENTED_EDGE('',*,*,#1141,.F.);
#1670=ORIENTED_EDGE('',*,*,#1145,.F.);
#1671=ORIENTED_EDGE('',*,*,#1142,.F.);
#1672=B_SPLINE_SURFACE_WITH_KNOTS('',3,3,((#2586,#2587,#2588,#2589,#2590,
#2591,#2592,#2593,#2594,#2595,#2596,#2597,#2598,#2599,#2600,#2601,#2602,
#2603),(#2604,#2605,#2606,#2607,#2608,#2609,#2610,#2611,#2612,#2613,#2614,
#2615,#2616,#2617,#2618,#2619,#2620,#2621),(#2622,#2623,#2624,#2625,#2626,
#2627,#2628,#2629,#2630,#2631,#2632,#2633,#2634,#2635,#2636,#2637,#2638,
#2639),(#2640,#2641,#2642,#2643,#2644,#2645,#2646,#2647,#2648,#2649,#2650,
#2651,#2652,#2653,#2654,#2655,#2656,#2657),(#2658,#2659,#2660,#2661,#2662,
#2663,#2664,#2665,#2666,#2667,#2668,#2669,#2670,#2671,#2672,#2673,#2674,
#2675),(#2676,#2677,#2678,#2679,#2680,#2681,#2682,#2683,#2684,#2685,#2686,
#2687,#2688,#2689,#2690,#2691,#2692,#2693)),.UNSPECIFIED.,.F.,.F.,.F.,(4,
1,1,4),(4,1,1,1,1,1,1,1,1,1,1,1,1,1,1,4),(0.,0.285714285714286,0.571428571428571,
1.),(-1.55550335174281,-1.11107382410395,-0.6666442964651,-0.611090605510243,
-0.444429532645673,-0.222214768826246,-0.111107386916533,-5.00681962556371E-9,
0.111107376902894,0.16666106785775,0.194437913335179,0.222214758812607,
0.444429522632034,0.666644286451461,1.11107381409031,1.55550334172917),
 .UNSPECIFIED.);
#1673=B_SPLINE_SURFACE_WITH_KNOTS('',3,3,((#2784,#2785,#2786,#2787),(#2788,
#2789,#2790,#2791),(#2792,#2793,#2794,#2795),(#2796,#2797,#2798,#2799),
(#2800,#2801,#2802,#2803)),.UNSPECIFIED.,.F.,.F.,.F.,(4,1,4),(4,4),(0.,
0.571428571428571,1.),(3.97090713279089,4.4089663833683),.UNSPECIFIED.);
#1674=B_SPLINE_SURFACE_WITH_KNOTS('',3,3,((#2863,#2864,#2865,#2866),(#2867,
#2868,#2869,#2870),(#2871,#2872,#2873,#2874),(#2875,#2876,#2877,#2878),
(#2879,#2880,#2881,#2882)),.UNSPECIFIED.,.F.,.F.,.F.,(4,1,4),(4,4),(0.,
0.571428571428571,1.),(3.97879367461508,4.41772740728357),.UNSPECIFIED.);
#1675=ADVANCED_FACE('',(#471),#1672,.F.);
#1676=ADVANCED_FACE('',(#472,#87),#439,.F.);
#1677=ADVANCED_FACE('',(#473),#42,.F.);
#1678=ADVANCED_FACE('',(#474),#43,.F.);
#1679=ADVANCED_FACE('',(#475),#44,.T.);
#1680=ADVANCED_FACE('',(#476),#1673,.F.);
#1681=ADVANCED_FACE('',(#477),#45,.F.);
#1682=ADVANCED_FACE('',(#478),#440,.T.);
#1683=ADVANCED_FACE('',(#479),#441,.T.);
#1684=ADVANCED_FACE('',(#480),#46,.T.);
#1685=ADVANCED_FACE('',(#481),#1674,.F.);
#1686=ADVANCED_FACE('',(#482),#442,.T.);
#1687=ADVANCED_FACE('',(#483),#443,.T.);
#1688=ADVANCED_FACE('',(#484),#47,.F.);
#1689=ADVANCED_FACE('',(#485),#444,.T.);
#1690=ADVANCED_FACE('',(#486),#27,.F.);
#1691=ADVANCED_FACE('',(#487),#445,.T.);
#1692=ADVANCED_FACE('',(#488),#48,.F.);
#1693=ADVANCED_FACE('',(#489),#49,.F.);
#1694=ADVANCED_FACE('',(#490),#28,.F.);
#1695=ADVANCED_FACE('',(#491),#446,.T.);
#1696=ADVANCED_FACE('',(#492),#50,.F.);
#1697=ADVANCED_FACE('',(#493),#51,.F.);
#1698=ADVANCED_FACE('',(#494),#29,.F.);
#1699=ADVANCED_FACE('',(#495),#52,.T.);
#1700=ADVANCED_FACE('',(#496),#53,.F.);
#1701=ADVANCED_FACE('',(#497),#447,.T.);
#1702=ADVANCED_FACE('',(#498),#30,.F.);
#1703=ADVANCED_FACE('',(#499),#54,.F.);
#1704=ADVANCED_FACE('',(#500),#448,.T.);
#1705=ADVANCED_FACE('',(#501),#55,.F.);
#1706=ADVANCED_FACE('',(#502),#31,.F.);
#1707=ADVANCED_FACE('',(#503),#15,.F.);
#1708=ADVANCED_FACE('',(#504),#56,.F.);
#1709=ADVANCED_FACE('',(#505),#32,.F.);
#1710=ADVANCED_FACE('',(#506),#16,.F.);
#1711=ADVANCED_FACE('',(#507),#17,.F.);
#1712=ADVANCED_FACE('',(#508),#18,.F.);
#1713=ADVANCED_FACE('',(#509),#33,.F.);
#1714=ADVANCED_FACE('',(#510),#19,.F.);
#1715=ADVANCED_FACE('',(#511),#20,.F.);
#1716=ADVANCED_FACE('',(#512),#34,.F.);
#1717=ADVANCED_FACE('',(#513),#21,.F.);
#1718=ADVANCED_FACE('',(#514),#22,.F.);
#1719=ADVANCED_FACE('',(#515),#57,.F.);
#1720=ADVANCED_FACE('',(#516),#449,.T.);
#1721=ADVANCED_FACE('',(#517),#450,.T.);
#1722=ADVANCED_FACE('',(#518),#58,.F.);
#1723=ADVANCED_FACE('',(#519),#59,.F.);
#1724=ADVANCED_FACE('',(#520),#451,.T.);
#1725=ADVANCED_FACE('',(#521),#452,.T.);
#1726=ADVANCED_FACE('',(#522),#60,.F.);
#1727=ADVANCED_FACE('',(#523,#88),#453,.F.);
#1728=ADVANCED_FACE('',(#524,#89),#61,.F.);
#1729=ADVANCED_FACE('',(#525),#62,.T.);
#1730=ADVANCED_FACE('',(#526),#63,.T.);
#1731=ADVANCED_FACE('',(#527),#23,.T.);
#1732=ADVANCED_FACE('',(#528),#64,.T.);
#1733=ADVANCED_FACE('',(#529),#24,.T.);
#1734=ADVANCED_FACE('',(#530),#65,.T.);
#1735=ADVANCED_FACE('',(#531),#25,.T.);
#1736=ADVANCED_FACE('',(#532),#26,.T.);
#1737=ADVANCED_FACE('',(#533),#66,.T.);
#1738=ADVANCED_FACE('',(#534),#454,.F.);
#1739=ADVANCED_FACE('',(#535),#67,.T.);
#1740=ADVANCED_FACE('',(#536),#455,.F.);
#1741=ADVANCED_FACE('',(#537),#68,.F.);
#1742=ADVANCED_FACE('',(#538),#35,.F.);
#1743=ADVANCED_FACE('',(#539),#36,.F.);
#1744=ADVANCED_FACE('',(#540),#69,.F.);
#1745=ADVANCED_FACE('',(#541),#37,.F.);
#1746=ADVANCED_FACE('',(#542),#70,.F.);
#1747=ADVANCED_FACE('',(#543),#38,.F.);
#1748=ADVANCED_FACE('',(#544),#71,.F.);
#1749=ADVANCED_FACE('',(#545),#39,.F.);
#1750=ADVANCED_FACE('',(#546),#72,.F.);
#1751=ADVANCED_FACE('',(#547),#73,.F.);
#1752=ADVANCED_FACE('',(#548),#40,.F.);
#1753=ADVANCED_FACE('',(#549),#74,.F.);
#1754=ADVANCED_FACE('',(#550),#41,.F.);
#1755=ADVANCED_FACE('',(#551),#75,.F.);
#1756=ADVANCED_FACE('',(#552),#456,.T.);
#1757=ADVANCED_FACE('',(#553),#76,.T.);
#1758=ADVANCED_FACE('',(#554),#457,.T.);
#1759=ADVANCED_FACE('',(#555),#77,.T.);
#1760=ADVANCED_FACE('',(#556),#458,.T.);
#1761=ADVANCED_FACE('',(#557),#459,.T.);
#1762=ADVANCED_FACE('',(#558),#78,.T.);
#1763=ADVANCED_FACE('',(#559),#460,.T.);
#1764=ADVANCED_FACE('',(#560),#79,.T.);
#1765=ADVANCED_FACE('',(#561),#461,.T.);
#1766=ADVANCED_FACE('',(#562),#462,.T.);
#1767=ADVANCED_FACE('',(#563),#80,.T.);
#1768=ADVANCED_FACE('',(#564),#81,.T.);
#1769=ADVANCED_FACE('',(#565),#463,.F.);
#1770=ADVANCED_FACE('',(#566),#464,.F.);
#1771=ADVANCED_FACE('',(#567,#90),#465,.T.);
#1772=ADVANCED_FACE('',(#568),#82,.F.);
#1773=ADVANCED_FACE('',(#569),#83,.T.);
#1774=ADVANCED_FACE('',(#570),#84,.T.);
#1775=ADVANCED_FACE('',(#571),#85,.T.);
#1776=ADVANCED_FACE('',(#572),#86,.T.);
#1777=ADVANCED_FACE('',(#573),#466,.T.);
#1778=ADVANCED_FACE('',(#574),#467,.T.);
#1779=ADVANCED_FACE('',(#575),#468,.T.);
#1780=ADVANCED_FACE('',(#576),#469,.T.);
#1781=ADVANCED_FACE('',(#577),#470,.T.);
#1782=CLOSED_SHELL('',(#1675,#1676,#1677,#1678,#1679,#1680,#1681,#1682,
#1683,#1684,#1685,#1686,#1687,#1688,#1689,#1690,#1691,#1692,#1693,#1694,
#1695,#1696,#1697,#1698,#1699,#1700,#1701,#1702,#1703,#1704,#1705,#1706,
#1707,#1708,#1709,#1710,#1711,#1712,#1713,#1714,#1715,#1716,#1717,#1718,
#1719,#1720,#1721,#1722,#1723,#1724,#1725,#1726,#1727,#1728,#1729,#1730,
#1731,#1732,#1733,#1734,#1735,#1736,#1737,#1738,#1739,#1740,#1741,#1742,
#1743,#1744,#1745,#1746,#1747,#1748,#1749,#1750,#1751,#1752,#1753,#1754,
#1755,#1756,#1757,#1758,#1759,#1760,#1761,#1762,#1763,#1764,#1765,#1766,
#1767,#1768,#1769,#1770,#1771,#1772,#1773,#1774,#1775,#1776,#1777,#1778,
#1779,#1780,#1781));
#1783=DERIVED_UNIT_ELEMENT(#1785,1.);
#1784=DERIVED_UNIT_ELEMENT(#3502,-3.);
#1785=(
MASS_UNIT()
NAMED_UNIT(*)
SI_UNIT(.KILO.,.GRAM.)
);
#1786=DERIVED_UNIT((#1783,#1784));
#1787=MEASURE_REPRESENTATION_ITEM('density measure',
POSITIVE_RATIO_MEASURE(7850.),#1786);
#1788=PROPERTY_DEFINITION_REPRESENTATION(#1793,#1790);
#1789=PROPERTY_DEFINITION_REPRESENTATION(#1794,#1791);
#1790=REPRESENTATION('material name',(#1792),#3499);
#1791=REPRESENTATION('density',(#1787),#3499);
#1792=DESCRIPTIVE_REPRESENTATION_ITEM('Steel','Steel');
#1793=PROPERTY_DEFINITION('material property','material name',#3509);
#1794=PROPERTY_DEFINITION('material property','density of part',#3509);
#1795=AXIS2_PLACEMENT_3D('',#2585,#2018,#2019);
#1796=AXIS2_PLACEMENT_3D('',#2710,#2020,#2021);
#1797=AXIS2_PLACEMENT_3D('',#2726,#2022,#2023);
#1798=AXIS2_PLACEMENT_3D('',#2742,#2024,#2025);
#1799=AXIS2_PLACEMENT_3D('',#2743,#2026,#2027);
#1800=AXIS2_PLACEMENT_3D('',#2745,#2028,#2029);
#1801=AXIS2_PLACEMENT_3D('',#2747,#2030,#2031);
#1802=AXIS2_PLACEMENT_3D('',#2751,#2033,#2034);
#1803=AXIS2_PLACEMENT_3D('',#2754,#2036,#2037);
#1804=AXIS2_PLACEMENT_3D('',#2755,#2038,#2039);
#1805=AXIS2_PLACEMENT_3D('',#2762,#2041,#2042);
#1806=AXIS2_PLACEMENT_3D('',#2775,#2044,#2045);
#1807=AXIS2_PLACEMENT_3D('',#2778,#2046,#2047);
#1808=AXIS2_PLACEMENT_3D('',#2782,#2049,#2050);
#1809=AXIS2_PLACEMENT_3D('',#2819,#2052,#2053);
#1810=AXIS2_PLACEMENT_3D('',#2823,#2055,#2056);
#1811=AXIS2_PLACEMENT_3D('',#2830,#2058,#2059);
#1812=AXIS2_PLACEMENT_3D('',#2834,#2062,#2063);
#1813=AXIS2_PLACEMENT_3D('',#2836,#2064,#2065);
#1814=AXIS2_PLACEMENT_3D('',#2838,#2066,#2067);
#1815=AXIS2_PLACEMENT_3D('',#2844,#2070,#2071);
#1816=AXIS2_PLACEMENT_3D('',#2848,#2073,#2074);
#1817=AXIS2_PLACEMENT_3D('',#2852,#2076,#2077);
#1818=AXIS2_PLACEMENT_3D('',#2856,#2079,#2080);
#1819=AXIS2_PLACEMENT_3D('',#2858,#2082,#2083);
#1820=AXIS2_PLACEMENT_3D('',#2861,#2085,#2086);
#1821=AXIS2_PLACEMENT_3D('',#2896,#2088,#2089);
#1822=AXIS2_PLACEMENT_3D('',#2898,#2091,#2092);
#1823=AXIS2_PLACEMENT_3D('',#2900,#2094,#2095);
#1824=AXIS2_PLACEMENT_3D('',#2902,#2097,#2098);
#1825=AXIS2_PLACEMENT_3D('',#2903,#2099,#2100);
#1826=AXIS2_PLACEMENT_3D('',#2921,#2101,#2102);
#1827=AXIS2_PLACEMENT_3D('',#2935,#2103,#2104);
#1828=AXIS2_PLACEMENT_3D('',#2936,#2105,#2106);
#1829=AXIS2_PLACEMENT_3D('',#2938,#2107,#2108);
#1830=AXIS2_PLACEMENT_3D('',#2945,#2112,#2113);
#1831=AXIS2_PLACEMENT_3D('',#2946,#2114,#2115);
#1832=AXIS2_PLACEMENT_3D('',#2950,#2117,#2118);
#1833=AXIS2_PLACEMENT_3D('',#2952,#2120,#2121);
#1834=AXIS2_PLACEMENT_3D('',#2956,#2123,#2124);
#1835=AXIS2_PLACEMENT_3D('',#2958,#2126,#2127);
#1836=AXIS2_PLACEMENT_3D('',#2976,#2128,#2129);
#1837=AXIS2_PLACEMENT_3D('',#2990,#2130,#2131);
#1838=AXIS2_PLACEMENT_3D('',#2991,#2132,#2133);
#1839=AXIS2_PLACEMENT_3D('',#2993,#2134,#2135);
#1840=AXIS2_PLACEMENT_3D('',#3000,#2139,#2140);
#1841=AXIS2_PLACEMENT_3D('',#3001,#2141,#2142);
#1842=AXIS2_PLACEMENT_3D('',#3005,#2144,#2145);
#1843=AXIS2_PLACEMENT_3D('',#3007,#2147,#2148);
#1844=AXIS2_PLACEMENT_3D('',#3011,#2150,#2151);
#1845=AXIS2_PLACEMENT_3D('',#3013,#2153,#2154);
#1846=AXIS2_PLACEMENT_3D('',#3029,#2155,#2156);
#1847=AXIS2_PLACEMENT_3D('',#3045,#2157,#2158);
#1848=AXIS2_PLACEMENT_3D('',#3046,#2159,#2160);
#1849=AXIS2_PLACEMENT_3D('',#3048,#2161,#2162);
#1850=AXIS2_PLACEMENT_3D('',#3072,#2165,#2166);
#1851=AXIS2_PLACEMENT_3D('',#3073,#2167,#2168);
#1852=AXIS2_PLACEMENT_3D('',#3075,#2169,#2170);
#1853=AXIS2_PLACEMENT_3D('',#3080,#2173,#2174);
#1854=AXIS2_PLACEMENT_3D('',#3084,#2176,#2177);
#1855=AXIS2_PLACEMENT_3D('',#3087,#2179,#2180);
#1856=AXIS2_PLACEMENT_3D('',#3109,#2181,#2182);
#1857=AXIS2_PLACEMENT_3D('',#3111,#2183,#2184);
#1858=AXIS2_PLACEMENT_3D('',#3114,#2186,#2187);
#1859=AXIS2_PLACEMENT_3D('',#3115,#2188,#2189);
#1860=AXIS2_PLACEMENT_3D('',#3117,#2190,#2191);
#1861=AXIS2_PLACEMENT_3D('',#3123,#2195,#2196);
#1862=AXIS2_PLACEMENT_3D('',#3152,#2197,#2198);
#1863=AXIS2_PLACEMENT_3D('',#3153,#2199,#2200);
#1864=AXIS2_PLACEMENT_3D('',#3155,#2201,#2202);
#1865=AXIS2_PLACEMENT_3D('',#3158,#2204,#2205);
#1866=AXIS2_PLACEMENT_3D('',#3159,#2206,#2207);
#1867=AXIS2_PLACEMENT_3D('',#3161,#2208,#2209);
#1868=AXIS2_PLACEMENT_3D('',#3167,#2213,#2214);
#1869=AXIS2_PLACEMENT_3D('',#3169,#2215,#2216);
#1870=AXIS2_PLACEMENT_3D('',#3171,#2218,#2219);
#1871=AXIS2_PLACEMENT_3D('',#3173,#2220,#2221);
#1872=AXIS2_PLACEMENT_3D('',#3175,#2222,#2223);
#1873=AXIS2_PLACEMENT_3D('',#3176,#2224,#2225);
#1874=AXIS2_PLACEMENT_3D('',#3177,#2226,#2227);
#1875=AXIS2_PLACEMENT_3D('',#3178,#2228,#2229);
#1876=AXIS2_PLACEMENT_3D('',#3179,#2230,#2231);
#1877=AXIS2_PLACEMENT_3D('',#3181,#2232,#2233);
#1878=AXIS2_PLACEMENT_3D('',#3183,#2235,#2236);
#1879=AXIS2_PLACEMENT_3D('',#3185,#2237,#2238);
#1880=AXIS2_PLACEMENT_3D('',#3187,#2239,#2240);
#1881=AXIS2_PLACEMENT_3D('',#3188,#2241,#2242);
#1882=AXIS2_PLACEMENT_3D('',#3189,#2243,#2244);
#1883=AXIS2_PLACEMENT_3D('',#3190,#2245,#2246);
#1884=AXIS2_PLACEMENT_3D('',#3191,#2247,#2248);
#1885=AXIS2_PLACEMENT_3D('',#3192,#2249,#2250);
#1886=AXIS2_PLACEMENT_3D('',#3193,#2251,#2252);
#1887=AXIS2_PLACEMENT_3D('',#3194,#2253,#2254);
#1888=AXIS2_PLACEMENT_3D('',#3195,#2255,#2256);
#1889=AXIS2_PLACEMENT_3D('',#3197,#2257,#2258);
#1890=AXIS2_PLACEMENT_3D('',#3199,#2259,#2260);
#1891=AXIS2_PLACEMENT_3D('',#3200,#2261,#2262);
#1892=AXIS2_PLACEMENT_3D('',#3201,#2263,#2264);
#1893=AXIS2_PLACEMENT_3D('',#3202,#2265,#2266);
#1894=AXIS2_PLACEMENT_3D('',#3203,#2267,#2268);
#1895=AXIS2_PLACEMENT_3D('',#3204,#2269,#2270);
#1896=AXIS2_PLACEMENT_3D('',#3205,#2271,#2272);
#1897=AXIS2_PLACEMENT_3D('',#3207,#2273,#2274);
#1898=AXIS2_PLACEMENT_3D('',#3209,#2275,#2276);
#1899=AXIS2_PLACEMENT_3D('',#3210,#2277,#2278);
#1900=AXIS2_PLACEMENT_3D('',#3211,#2279,#2280);
#1901=AXIS2_PLACEMENT_3D('',#3212,#2281,#2282);
#1902=AXIS2_PLACEMENT_3D('',#3213,#2283,#2284);
#1903=AXIS2_PLACEMENT_3D('',#3214,#2285,#2286);
#1904=AXIS2_PLACEMENT_3D('',#3215,#2287,#2288);
#1905=AXIS2_PLACEMENT_3D('',#3219,#2290,#2291);
#1906=AXIS2_PLACEMENT_3D('',#3221,#2293,#2294);
#1907=AXIS2_PLACEMENT_3D('',#3225,#2297,#2298);
#1908=AXIS2_PLACEMENT_3D('',#3231,#2302,#2303);
#1909=AXIS2_PLACEMENT_3D('',#3234,#2305,#2306);
#1910=AXIS2_PLACEMENT_3D('',#3235,#2307,#2308);
#1911=AXIS2_PLACEMENT_3D('',#3239,#2310,#2311);
#1912=AXIS2_PLACEMENT_3D('',#3241,#2313,#2314);
#1913=AXIS2_PLACEMENT_3D('',#3245,#2317,#2318);
#1914=AXIS2_PLACEMENT_3D('',#3251,#2321,#2322);
#1915=AXIS2_PLACEMENT_3D('',#3253,#2324,#2325);
#1916=AXIS2_PLACEMENT_3D('',#3256,#2327,#2328);
#1917=AXIS2_PLACEMENT_3D('',#3257,#2329,#2330);
#1918=AXIS2_PLACEMENT_3D('',#3267,#2335,#2336);
#1919=AXIS2_PLACEMENT_3D('',#3270,#2338,#2339);
#1920=AXIS2_PLACEMENT_3D('',#3272,#2340,#2341);
#1921=AXIS2_PLACEMENT_3D('',#3277,#2344,#2345);
#1922=AXIS2_PLACEMENT_3D('',#3281,#2347,#2348);
#1923=AXIS2_PLACEMENT_3D('',#3286,#2351,#2352);
#1924=AXIS2_PLACEMENT_3D('',#3290,#2354,#2355);
#1925=AXIS2_PLACEMENT_3D('',#3292,#2357,#2358);
#1926=AXIS2_PLACEMENT_3D('',#3294,#2359,#2360);
#1927=AXIS2_PLACEMENT_3D('',#3334,#2362,#2363);
#1928=AXIS2_PLACEMENT_3D('',#3336,#2364,#2365);
#1929=AXIS2_PLACEMENT_3D('',#3339,#2367,#2368);
#1930=AXIS2_PLACEMENT_3D('',#3340,#2369,#2370);
#1931=AXIS2_PLACEMENT_3D('',#3342,#2371,#2372);
#1932=AXIS2_PLACEMENT_3D('',#3345,#2374,#2375);
#1933=AXIS2_PLACEMENT_3D('',#3346,#2376,#2377);
#1934=AXIS2_PLACEMENT_3D('',#3347,#2378,#2379);
#1935=AXIS2_PLACEMENT_3D('',#3348,#2380,#2381);
#1936=AXIS2_PLACEMENT_3D('',#3350,#2382,#2383);
#1937=AXIS2_PLACEMENT_3D('',#3353,#2385,#2386);
#1938=AXIS2_PLACEMENT_3D('',#3354,#2387,#2388);
#1939=AXIS2_PLACEMENT_3D('',#3355,#2389,#2390);
#1940=AXIS2_PLACEMENT_3D('',#3356,#2391,#2392);
#1941=AXIS2_PLACEMENT_3D('',#3358,#2393,#2394);
#1942=AXIS2_PLACEMENT_3D('',#3361,#2396,#2397);
#1943=AXIS2_PLACEMENT_3D('',#3362,#2398,#2399);
#1944=AXIS2_PLACEMENT_3D('',#3363,#2400,#2401);
#1945=AXIS2_PLACEMENT_3D('',#3364,#2402,#2403);
#1946=AXIS2_PLACEMENT_3D('',#3365,#2404,#2405);
#1947=AXIS2_PLACEMENT_3D('',#3366,#2406,#2407);
#1948=AXIS2_PLACEMENT_3D('',#3369,#2410,#2411);
#1949=AXIS2_PLACEMENT_3D('',#3371,#2413,#2414);
#1950=AXIS2_PLACEMENT_3D('',#3373,#2416,#2417);
#1951=AXIS2_PLACEMENT_3D('',#3375,#2419,#2420);
#1952=AXIS2_PLACEMENT_3D('',#3377,#2421,#2422);
#1953=AXIS2_PLACEMENT_3D('',#3379,#2424,#2425);
#1954=AXIS2_PLACEMENT_3D('',#3380,#2426,#2427);
#1955=AXIS2_PLACEMENT_3D('',#3381,#2428,#2429);
#1956=AXIS2_PLACEMENT_3D('',#3383,#2430,#2431);
#1957=AXIS2_PLACEMENT_3D('',#3384,#2432,#2433);
#1958=AXIS2_PLACEMENT_3D('',#3385,#2434,#2435);
#1959=AXIS2_PLACEMENT_3D('',#3387,#2436,#2437);
#1960=AXIS2_PLACEMENT_3D('',#3389,#2439,#2440);
#1961=AXIS2_PLACEMENT_3D('',#3390,#2441,#2442);
#1962=AXIS2_PLACEMENT_3D('',#3391,#2443,#2444);
#1963=AXIS2_PLACEMENT_3D('',#3393,#2445,#2446);
#1964=AXIS2_PLACEMENT_3D('',#3395,#2448,#2449);
#1965=AXIS2_PLACEMENT_3D('',#3397,#2450,#2451);
#1966=AXIS2_PLACEMENT_3D('',#3398,#2452,#2453);
#1967=AXIS2_PLACEMENT_3D('',#3399,#2454,#2455);
#1968=AXIS2_PLACEMENT_3D('',#3401,#2456,#2457);
#1969=AXIS2_PLACEMENT_3D('',#3403,#2459,#2460);
#1970=AXIS2_PLACEMENT_3D('',#3405,#2461,#2462);
#1971=AXIS2_PLACEMENT_3D('',#3406,#2463,#2464);
#1972=AXIS2_PLACEMENT_3D('',#3407,#2465,#2466);
#1973=AXIS2_PLACEMENT_3D('',#3409,#2468,#2469);
#1974=AXIS2_PLACEMENT_3D('',#3411,#2470,#2471);
#1975=AXIS2_PLACEMENT_3D('',#3413,#2473,#2474);
#1976=AXIS2_PLACEMENT_3D('',#3415,#2475,#2476);
#1977=AXIS2_PLACEMENT_3D('',#3416,#2477,#2478);
#1978=AXIS2_PLACEMENT_3D('',#3417,#2479,#2480);
#1979=AXIS2_PLACEMENT_3D('',#3419,#2481,#2482);
#1980=AXIS2_PLACEMENT_3D('',#3421,#2484,#2485);
#1981=AXIS2_PLACEMENT_3D('',#3423,#2486,#2487);
#1982=AXIS2_PLACEMENT_3D('',#3424,#2488,#2489);
#1983=AXIS2_PLACEMENT_3D('',#3425,#2490,#2491);
#1984=AXIS2_PLACEMENT_3D('',#3427,#2493,#2494);
#1985=AXIS2_PLACEMENT_3D('',#3431,#2497,#2498);
#1986=AXIS2_PLACEMENT_3D('',#3434,#2500,#2501);
#1987=AXIS2_PLACEMENT_3D('',#3435,#2502,#2503);
#1988=AXIS2_PLACEMENT_3D('',#3439,#2506,#2507);
#1989=AXIS2_PLACEMENT_3D('',#3442,#2509,#2510);
#1990=AXIS2_PLACEMENT_3D('',#3443,#2511,#2512);
#1991=AXIS2_PLACEMENT_3D('',#3445,#2514,#2515);
#1992=AXIS2_PLACEMENT_3D('',#3449,#2518,#2519);
#1993=AXIS2_PLACEMENT_3D('',#3452,#2521,#2522);
#1994=AXIS2_PLACEMENT_3D('',#3453,#2523,#2524);
#1995=AXIS2_PLACEMENT_3D('',#3457,#2527,#2528);
#1996=AXIS2_PLACEMENT_3D('',#3460,#2530,#2531);
#1997=AXIS2_PLACEMENT_3D('',#3461,#2532,#2533);
#1998=AXIS2_PLACEMENT_3D('',#3463,#2535,#2536);
#1999=AXIS2_PLACEMENT_3D('',#3467,#2539,#2540);
#2000=AXIS2_PLACEMENT_3D('',#3469,#2542,#2543);
#2001=AXIS2_PLACEMENT_3D('',#3472,#2546,#2547);
#2002=AXIS2_PLACEMENT_3D('',#3473,#2548,#2549);
#2003=AXIS2_PLACEMENT_3D('',#3474,#2550,#2551);
#2004=AXIS2_PLACEMENT_3D('',#3475,#2552,#2553);
#2005=AXIS2_PLACEMENT_3D('',#3477,#2555,#2556);
#2006=AXIS2_PLACEMENT_3D('',#3480,#2558,#2559);
#2007=AXIS2_PLACEMENT_3D('',#3481,#2560,#2561);
#2008=AXIS2_PLACEMENT_3D('',#3483,#2562,#2563);
#2009=AXIS2_PLACEMENT_3D('',#3485,#2565,#2566);
#2010=AXIS2_PLACEMENT_3D('',#3488,#2568,#2569);
#2011=AXIS2_PLACEMENT_3D('',#3489,#2570,#2571);
#2012=AXIS2_PLACEMENT_3D('',#3490,#2572,#2573);
#2013=AXIS2_PLACEMENT_3D('',#3491,#2574,#2575);
#2014=AXIS2_PLACEMENT_3D('',#3492,#2576,#2577);
#2015=AXIS2_PLACEMENT_3D('',#3493,#2578,#2579);
#2016=AXIS2_PLACEMENT_3D('',#3494,#2580,#2581);
#2017=AXIS2_PLACEMENT_3D('',#3496,#2583,#2584);
#2018=DIRECTION('axis',(0.,0.,1.));
#2019=DIRECTION('refdir',(1.,0.,0.));
#2020=DIRECTION('center_axis',(0.316227766016838,1.40433338743068E-16,0.948683298050514));
#2021=DIRECTION('ref_axis',(0.948683298050514,0.,-0.316227766016838));
#2022=DIRECTION('center_axis',(-0.948683298050514,0.,-0.316227766016838));
#2023=DIRECTION('ref_axis',(0.316227766016838,0.,-0.948683298050514));
#2024=DIRECTION('center_axis',(-0.948683298050514,0.,-0.316227766016838));
#2025=DIRECTION('ref_axis',(0.316227766016838,0.,-0.948683298050514));
#2026=DIRECTION('center_axis',(0.,0.,1.));
#2027=DIRECTION('ref_axis',(-1.,0.,0.));
#2028=DIRECTION('center_axis',(0.,0.,1.));
#2029=DIRECTION('ref_axis',(-1.,0.,0.));
#2030=DIRECTION('center_axis',(0.,0.,1.));
#2031=DIRECTION('ref_axis',(0.707106781186547,0.707106781186548,0.));
#2032=DIRECTION('',(1.,0.,0.));
#2033=DIRECTION('center_axis',(0.,0.,1.));
#2034=DIRECTION('ref_axis',(1.,0.,0.));
#2035=DIRECTION('',(-1.,0.,0.));
#2036=DIRECTION('center_axis',(0.,0.,1.));
#2037=DIRECTION('ref_axis',(0.707106781186547,0.707106781186548,0.));
#2038=DIRECTION('center_axis',(0.,0.,1.));
#2039=DIRECTION('ref_axis',(0.707106781186547,0.707106781186548,0.));
#2040=DIRECTION('',(0.,0.,1.));
#2041=DIRECTION('center_axis',(0.,0.,1.));
#2042=DIRECTION('ref_axis',(0.707106781186547,0.707106781186548,0.));
#2043=DIRECTION('',(0.,0.,-1.));
#2044=DIRECTION('center_axis',(0.,0.,-1.));
#2045=DIRECTION('ref_axis',(-0.542645446133519,0.839961856152143,0.));
#2046=DIRECTION('center_axis',(0.,0.,-1.));
#2047=DIRECTION('ref_axis',(-0.542645446133519,0.839961856152143,0.));
#2048=DIRECTION('',(0.,0.,-1.));
#2049=DIRECTION('center_axis',(0.,0.,1.));
#2050=DIRECTION('ref_axis',(0.,1.,0.));
#2051=DIRECTION('',(0.,0.,1.));
#2052=DIRECTION('center_axis',(1.,0.,0.));
#2053=DIRECTION('ref_axis',(0.,0.707106781186548,-0.707106781186548));
#2054=DIRECTION('',(-1.,0.,0.));
#2055=DIRECTION('center_axis',(1.,0.,0.));
#2056=DIRECTION('ref_axis',(0.,0.707106781186548,-0.707106781186548));
#2057=DIRECTION('',(1.,0.,0.));
#2058=DIRECTION('center_axis',(0.,1.,0.));
#2059=DIRECTION('ref_axis',(1.,0.,0.));
#2060=DIRECTION('',(1.,0.,0.));
#2061=DIRECTION('',(0.,0.,1.));
#2062=DIRECTION('center_axis',(0.,0.,1.));
#2063=DIRECTION('ref_axis',(0.,-1.,0.));
#2064=DIRECTION('center_axis',(0.,0.,-1.));
#2065=DIRECTION('ref_axis',(1.,0.,0.));
#2066=DIRECTION('center_axis',(0.,0.,-1.));
#2067=DIRECTION('ref_axis',(-0.542645437238866,-0.839961861898408,0.));
#2068=DIRECTION('',(-1.,0.,0.));
#2069=DIRECTION('',(0.,-1.,0.));
#2070=DIRECTION('center_axis',(0.,0.,1.));
#2071=DIRECTION('ref_axis',(0.707106781186548,0.707106781186548,0.));
#2072=DIRECTION('',(1.,0.,0.));
#2073=DIRECTION('center_axis',(0.,0.,1.));
#2074=DIRECTION('ref_axis',(-0.707106781186548,0.707106781186548,0.));
#2075=DIRECTION('',(0.,1.,0.));
#2076=DIRECTION('center_axis',(0.,0.,1.));
#2077=DIRECTION('ref_axis',(-0.707106781186548,-0.707106781186548,0.));
#2078=DIRECTION('',(-1.,0.,0.));
#2079=DIRECTION('center_axis',(0.,0.,1.));
#2080=DIRECTION('ref_axis',(0.707106781186548,-0.707106781186548,0.));
#2081=DIRECTION('',(0.,-1.,0.));
#2082=DIRECTION('center_axis',(0.,0.,-1.));
#2083=DIRECTION('ref_axis',(-0.542645437238866,-0.839961861898408,0.));
#2084=DIRECTION('',(0.,0.,-1.));
#2085=DIRECTION('center_axis',(0.,0.,1.));
#2086=DIRECTION('ref_axis',(-0.911602943627668,-0.411071858887678,0.));
#2087=DIRECTION('',(0.,0.,1.));
#2088=DIRECTION('center_axis',(0.,-1.,0.));
#2089=DIRECTION('ref_axis',(-1.,0.,0.));
#2090=DIRECTION('',(0.,0.,1.));
#2091=DIRECTION('center_axis',(0.,-1.,0.));
#2092=DIRECTION('ref_axis',(-1.,0.,0.));
#2093=DIRECTION('',(0.,0.,-1.));
#2094=DIRECTION('center_axis',(0.,0.,-1.));
#2095=DIRECTION('ref_axis',(-1.,-1.08718391070921E-8,0.));
#2096=DIRECTION('',(0.,0.,-1.));
#2097=DIRECTION('center_axis',(0.,1.,0.));
#2098=DIRECTION('ref_axis',(1.,0.,0.));
#2099=DIRECTION('center_axis',(0.,0.,-1.));
#2100=DIRECTION('ref_axis',(-1.,0.,0.));
#2101=DIRECTION('center_axis',(0.,0.,-1.));
#2102=DIRECTION('ref_axis',(-0.707106781186547,-0.707106781186547,0.));
#2103=DIRECTION('center_axis',(0.,0.,1.));
#2104=DIRECTION('ref_axis',(-0.707106781186548,-0.707106781186548,0.));
#2105=DIRECTION('center_axis',(0.,0.,-1.));
#2106=DIRECTION('ref_axis',(0.,1.,0.));
#2107=DIRECTION('center_axis',(0.,0.,1.));
#2108=DIRECTION('ref_axis',(-0.164685158123547,0.986346186028933,0.));
#2109=DIRECTION('',(-0.707106781186548,-0.707106781186548,0.));
#2110=DIRECTION('',(-0.707106781186548,0.707106781186548,0.));
#2111=DIRECTION('',(0.707106781186548,0.707106781186548,0.));
#2112=DIRECTION('center_axis',(0.,0.,1.));
#2113=DIRECTION('ref_axis',(0.986346186028933,-0.164685158123548,0.));
#2114=DIRECTION('center_axis',(0.,0.,1.));
#2115=DIRECTION('ref_axis',(-0.164685158123547,0.986346186028933,0.));
#2116=DIRECTION('',(0.,0.,1.));
#2117=DIRECTION('center_axis',(0.,0.,1.));
#2118=DIRECTION('ref_axis',(0.43903159938893,0.898471621554069,0.));
#2119=DIRECTION('',(0.,0.,-1.));
#2120=DIRECTION('center_axis',(0.,0.,-1.));
#2121=DIRECTION('ref_axis',(0.986346186028933,-0.164685158123548,0.));
#2122=DIRECTION('',(0.,0.,1.));
#2123=DIRECTION('center_axis',(0.,0.,1.));
#2124=DIRECTION('ref_axis',(0.707106781186547,-0.707106781186548,0.));
#2125=DIRECTION('',(0.,0.,-1.));
#2126=DIRECTION('center_axis',(0.,0.,-1.));
#2127=DIRECTION('ref_axis',(-1.,0.,0.));
#2128=DIRECTION('center_axis',(0.,0.,-1.));
#2129=DIRECTION('ref_axis',(-0.707106781186547,0.707106781186547,0.));
#2130=DIRECTION('center_axis',(0.,0.,1.));
#2131=DIRECTION('ref_axis',(-0.707106781186548,0.707106781186548,0.));
#2132=DIRECTION('center_axis',(0.,0.,-1.));
#2133=DIRECTION('ref_axis',(0.,1.,0.));
#2134=DIRECTION('center_axis',(0.,0.,1.));
#2135=DIRECTION('ref_axis',(0.986346186028933,0.164685158123548,0.));
#2136=DIRECTION('',(-0.707106781186548,0.707106781186548,0.));
#2137=DIRECTION('',(0.707106781186548,0.707106781186548,0.));
#2138=DIRECTION('',(0.707106781186548,-0.707106781186548,0.));
#2139=DIRECTION('center_axis',(0.,0.,1.));
#2140=DIRECTION('ref_axis',(-0.164685158123547,-0.986346186028933,0.));
#2141=DIRECTION('center_axis',(0.,0.,1.));
#2142=DIRECTION('ref_axis',(0.986346186028933,0.164685158123548,0.));
#2143=DIRECTION('',(0.,0.,1.));
#2144=DIRECTION('center_axis',(0.,0.,1.));
#2145=DIRECTION('ref_axis',(0.898471621554069,-0.43903159938893,0.));
#2146=DIRECTION('',(0.,0.,-1.));
#2147=DIRECTION('center_axis',(0.,0.,-1.));
#2148=DIRECTION('ref_axis',(-0.164685158123547,-0.986346186028933,0.));
#2149=DIRECTION('',(0.,0.,1.));
#2150=DIRECTION('center_axis',(0.,0.,1.));
#2151=DIRECTION('ref_axis',(-0.707106781186548,-0.707106781186547,0.));
#2152=DIRECTION('',(0.,0.,-1.));
#2153=DIRECTION('center_axis',(0.,0.,1.));
#2154=DIRECTION('ref_axis',(1.,0.,0.));
#2155=DIRECTION('center_axis',(0.,0.,1.));
#2156=DIRECTION('ref_axis',(0.707106781186548,0.707106781186547,0.));
#2157=DIRECTION('center_axis',(0.,0.,-1.));
#2158=DIRECTION('ref_axis',(0.707106781186548,0.707106781186547,0.));
#2159=DIRECTION('center_axis',(0.,0.,-1.));
#2160=DIRECTION('ref_axis',(0.,1.,0.));
#2161=DIRECTION('center_axis',(0.,0.,-1.));
#2162=DIRECTION('ref_axis',(0.,1.,0.));
#2163=DIRECTION('',(0.,0.,1.));
#2164=DIRECTION('',(0.,0.,1.));
#2165=DIRECTION('center_axis',(0.,0.,1.));
#2166=DIRECTION('ref_axis',(1.22464679914735E-16,-1.,0.));
#2167=DIRECTION('center_axis',(0.,0.,1.));
#2168=DIRECTION('ref_axis',(-1.,6.12323399573677E-17,0.));
#2169=DIRECTION('center_axis',(0.,0.,1.));
#2170=DIRECTION('ref_axis',(0.,1.,0.));
#2171=DIRECTION('',(0.,0.,1.));
#2172=DIRECTION('',(0.,0.,-1.));
#2173=DIRECTION('center_axis',(0.,0.,1.));
#2174=DIRECTION('ref_axis',(1.,6.12323399573677E-17,0.));
#2175=DIRECTION('',(0.,0.,1.));
#2176=DIRECTION('center_axis',(0.,0.,1.));
#2177=DIRECTION('ref_axis',(0.707106781186548,-0.707106781186548,0.));
#2178=DIRECTION('',(0.,0.,-1.));
#2179=DIRECTION('center_axis',(0.,0.,1.));
#2180=DIRECTION('ref_axis',(1.22464679914735E-16,-1.,0.));
#2181=DIRECTION('center_axis',(0.,0.,-1.));
#2182=DIRECTION('ref_axis',(-0.986346186028933,0.164685158123549,0.));
#2183=DIRECTION('center_axis',(0.,0.,1.));
#2184=DIRECTION('ref_axis',(-0.986346186028933,0.164685158123549,0.));
#2185=DIRECTION('',(0.,0.,1.));
#2186=DIRECTION('center_axis',(0.,0.,1.));
#2187=DIRECTION('ref_axis',(-0.707106781186549,0.707106781186546,0.));
#2188=DIRECTION('center_axis',(0.,0.,-1.));
#2189=DIRECTION('ref_axis',(0.,1.,0.));
#2190=DIRECTION('center_axis',(0.,0.,1.));
#2191=DIRECTION('ref_axis',(0.164685158123547,-0.986346186028933,0.));
#2192=DIRECTION('',(0.707106781186548,0.707106781186548,0.));
#2193=DIRECTION('',(0.707106781186548,-0.707106781186548,0.));
#2194=DIRECTION('',(-0.707106781186548,-0.707106781186548,0.));
#2195=DIRECTION('center_axis',(0.,0.,1.));
#2196=DIRECTION('ref_axis',(1.,0.,0.));
#2197=DIRECTION('center_axis',(0.,0.,-1.));
#2198=DIRECTION('ref_axis',(0.707106781186547,-0.707106781186547,0.));
#2199=DIRECTION('center_axis',(0.,0.,-1.));
#2200=DIRECTION('ref_axis',(0.164685158123547,0.986346186028933,0.));
#2201=DIRECTION('center_axis',(0.,0.,1.));
#2202=DIRECTION('ref_axis',(0.164685158123547,0.986346186028933,0.));
#2203=DIRECTION('',(0.,0.,1.));
#2204=DIRECTION('center_axis',(0.,0.,1.));
#2205=DIRECTION('ref_axis',(0.707106781186547,0.707106781186548,0.));
#2206=DIRECTION('center_axis',(0.,0.,-1.));
#2207=DIRECTION('ref_axis',(0.,1.,0.));
#2208=DIRECTION('center_axis',(0.,0.,1.));
#2209=DIRECTION('ref_axis',(-0.986346186028933,-0.164685158123549,0.));
#2210=DIRECTION('',(0.707106781186548,-0.707106781186548,0.));
#2211=DIRECTION('',(-0.707106781186548,-0.707106781186548,0.));
#2212=DIRECTION('',(-0.707106781186548,0.707106781186548,0.));
#2213=DIRECTION('center_axis',(0.,0.,1.));
#2214=DIRECTION('ref_axis',(-0.986346186028933,-0.164685158123549,0.));
#2215=DIRECTION('center_axis',(0.,0.,1.));
#2216=DIRECTION('ref_axis',(-0.898471621554069,0.439031599388931,0.));
#2217=DIRECTION('',(0.,0.,-1.));
#2218=DIRECTION('center_axis',(0.,0.,-1.));
#2219=DIRECTION('ref_axis',(1.,1.22464679914735E-16,0.));
#2220=DIRECTION('center_axis',(-0.43903159938893,0.898471621554069,6.65002587481085E-16));
#2221=DIRECTION('ref_axis',(-0.898471621554069,-0.43903159938893,0.));
#2222=DIRECTION('center_axis',(0.,0.,-1.));
#2223=DIRECTION('ref_axis',(1.,6.12323399573677E-17,0.));
#2224=DIRECTION('center_axis',(-0.439031599388931,-0.898471621554069,6.65002587481085E-16));
#2225=DIRECTION('ref_axis',(0.,7.40148683083438E-16,1.));
#2226=DIRECTION('center_axis',(-0.516295132320339,-0.0862031472407387,-0.852061238261732));
#2227=DIRECTION('ref_axis',(-0.840427352622549,-0.140321839754079,0.523442113563558));
#2228=DIRECTION('center_axis',(0.707106781186548,-0.707106781186548,0.));
#2229=DIRECTION('ref_axis',(-0.500000000000001,-0.5,0.707106781186547));
#2230=DIRECTION('center_axis',(0.,0.,1.));
#2231=DIRECTION('ref_axis',(0.164685158123547,-0.986346186028933,0.));
#2232=DIRECTION('center_axis',(0.,0.,1.));
#2233=DIRECTION('ref_axis',(-0.43903159938893,-0.898471621554069,0.));
#2234=DIRECTION('',(0.,0.,-1.));
#2235=DIRECTION('center_axis',(0.,0.,-1.));
#2236=DIRECTION('ref_axis',(-1.,0.,0.));
#2237=DIRECTION('center_axis',(-0.898471621554069,-0.439031599388931,-1.51052672416198E-17));
#2238=DIRECTION('ref_axis',(0.439031599388931,-0.898471621554069,0.));
#2239=DIRECTION('center_axis',(0.,0.,-1.));
#2240=DIRECTION('ref_axis',(0.,1.,0.));
#2241=DIRECTION('center_axis',(0.898471621554069,-0.439031599388931,-6.80107854722704E-16));
#2242=DIRECTION('ref_axis',(1.48029736616688E-15,1.48029736616688E-15,1.));
#2243=DIRECTION('center_axis',(-0.990105944476666,-0.119108781194096,0.0741843444024808));
#2244=DIRECTION('ref_axis',(0.140321839754077,-0.84042735262255,0.523442113563556));
#2245=DIRECTION('center_axis',(0.707106781186548,0.707106781186548,0.));
#2246=DIRECTION('ref_axis',(0.499999999999998,-0.5,0.707106781186549));
#2247=DIRECTION('center_axis',(-0.990105944476666,0.119108781194094,-0.07418434440248));
#2248=DIRECTION('ref_axis',(-0.140321839754076,-0.840427352622551,0.523442113563556));
#2249=DIRECTION('center_axis',(-0.707106781186548,0.707106781186548,0.));
#2250=DIRECTION('ref_axis',(-0.499999999999998,-0.500000000000001,0.707106781186548));
#2251=DIRECTION('center_axis',(-0.516295132320337,0.0862031472407363,-0.852061238261733));
#2252=DIRECTION('ref_axis',(-0.84042735262255,0.140321839754076,0.523442113563556));
#2253=DIRECTION('center_axis',(0.707106781186548,0.707106781186548,0.));
#2254=DIRECTION('ref_axis',(-0.5,0.5,0.707106781186548));
#2255=DIRECTION('center_axis',(0.,0.,-1.));
#2256=DIRECTION('ref_axis',(-1.,0.,0.));
#2257=DIRECTION('center_axis',(0.439031599388931,-0.898471621554069,6.49897320239465E-16));
#2258=DIRECTION('ref_axis',(0.898471621554069,0.439031599388931,0.));
#2259=DIRECTION('center_axis',(0.,0.,-1.));
#2260=DIRECTION('ref_axis',(-1.,6.12323399573676E-17,0.));
#2261=DIRECTION('center_axis',(0.439031599388931,0.898471621554069,-1.51052672416198E-17));
#2262=DIRECTION('ref_axis',(-1.48029736616688E-15,7.40148683083438E-16,
1.));
#2263=DIRECTION('center_axis',(0.516295132320338,0.0862031472407387,-0.852061238261732));
#2264=DIRECTION('ref_axis',(0.840427352622549,0.14032183975408,0.523442113563557));
#2265=DIRECTION('center_axis',(-0.707106781186548,0.707106781186548,0.));
#2266=DIRECTION('ref_axis',(0.5,0.5,0.707106781186548));
#2267=DIRECTION('center_axis',(0.516295132320338,-0.0862031472407398,-0.852061238261732));
#2268=DIRECTION('ref_axis',(0.840427352622549,-0.140321839754081,0.523442113563557));
#2269=DIRECTION('center_axis',(-0.707106781186548,-0.707106781186548,0.));
#2270=DIRECTION('ref_axis',(0.499999999999998,-0.5,0.707106781186549));
#2271=DIRECTION('center_axis',(0.,0.,-1.));
#2272=DIRECTION('ref_axis',(-1.,0.,0.));
#2273=DIRECTION('center_axis',(0.898471621554068,0.439031599388931,6.49897320239466E-16));
#2274=DIRECTION('ref_axis',(-0.439031599388931,0.898471621554068,0.));
#2275=DIRECTION('center_axis',(0.,0.,-1.));
#2276=DIRECTION('ref_axis',(1.22464679914735E-16,-1.,0.));
#2277=DIRECTION('center_axis',(-0.898471621554069,0.43903159938893,-6.65002587481085E-16));
#2278=DIRECTION('ref_axis',(-7.40148683083438E-16,0.,1.));
#2279=DIRECTION('center_axis',(-0.990105944476666,-0.119108781194097,-0.0741843444024817));
#2280=DIRECTION('ref_axis',(-0.140321839754078,0.84042735262255,0.523442113563556));
#2281=DIRECTION('center_axis',(-0.707106781186548,-0.707106781186548,0.));
#2282=DIRECTION('ref_axis',(-0.5,0.5,0.707106781186548));
#2283=DIRECTION('center_axis',(-0.990105944476666,0.119108781194094,0.07418434440248));
#2284=DIRECTION('ref_axis',(0.140321839754076,0.840427352622551,0.523442113563556));
#2285=DIRECTION('center_axis',(0.707106781186548,-0.707106781186548,0.));
#2286=DIRECTION('ref_axis',(0.499999999999998,0.500000000000001,0.707106781186548));
#2287=DIRECTION('center_axis',(0.707106781186548,-0.707106781186548,0.));
#2288=DIRECTION('ref_axis',(-0.5,-0.5,0.707106781186548));
#2289=DIRECTION('',(-0.707106781186548,0.707106781186548,0.));
#2290=DIRECTION('center_axis',(0.707106781186548,-0.707106781186548,0.));
#2291=DIRECTION('ref_axis',(0.,0.,1.));
#2292=DIRECTION('',(0.707106781186548,-0.707106781186548,0.));
#2293=DIRECTION('center_axis',(0.707106781186548,0.707106781186548,0.));
#2294=DIRECTION('ref_axis',(0.707106781186548,-0.707106781186548,0.));
#2295=DIRECTION('',(0.648466455599791,-0.648466455599791,-0.39872611141445));
#2296=DIRECTION('',(0.,0.,-1.));
#2297=DIRECTION('center_axis',(-0.707106781186548,-0.707106781186548,0.));
#2298=DIRECTION('ref_axis',(-0.707106781186548,0.707106781186548,0.));
#2299=DIRECTION('',(0.707106781186548,-0.707106781186548,0.));
#2300=DIRECTION('',(0.,0.,1.));
#2301=DIRECTION('',(-0.648466455599791,0.648466455599791,0.39872611141445));
#2302=DIRECTION('center_axis',(-0.707106781186548,0.707106781186548,0.));
#2303=DIRECTION('ref_axis',(0.5,0.5,0.707106781186548));
#2304=DIRECTION('',(-0.707106781186548,0.707106781186548,0.));
#2305=DIRECTION('center_axis',(-0.707106781186546,0.707106781186549,0.));
#2306=DIRECTION('ref_axis',(0.,0.,1.));
#2307=DIRECTION('center_axis',(0.707106781186548,0.707106781186548,0.));
#2308=DIRECTION('ref_axis',(0.5,-0.5,0.707106781186548));
#2309=DIRECTION('',(-0.707106781186548,-0.707106781186548,0.));
#2310=DIRECTION('center_axis',(0.707106781186548,0.707106781186548,0.));
#2311=DIRECTION('ref_axis',(0.,0.,1.));
#2312=DIRECTION('',(0.707106781186548,0.707106781186548,0.));
#2313=DIRECTION('center_axis',(-0.707106781186548,0.707106781186548,0.));
#2314=DIRECTION('ref_axis',(0.707106781186548,0.707106781186548,0.));
#2315=DIRECTION('',(0.648466455599791,0.648466455599791,-0.39872611141445));
#2316=DIRECTION('',(0.,0.,-1.));
#2317=DIRECTION('center_axis',(0.707106781186548,-0.707106781186548,0.));
#2318=DIRECTION('ref_axis',(-0.707106781186548,-0.707106781186548,0.));
#2319=DIRECTION('',(0.707106781186548,0.707106781186548,0.));
#2320=DIRECTION('',(0.,0.,-1.));
#2321=DIRECTION('center_axis',(-0.707106781186548,0.707106781186548,0.));
#2322=DIRECTION('ref_axis',(-0.591338758964448,-0.591338758964448,-0.548303697135788));
#2323=DIRECTION('',(-0.648466455599791,-0.648466455599791,0.39872611141445));
#2324=DIRECTION('center_axis',(-0.707106781186548,-0.707106781186548,0.));
#2325=DIRECTION('ref_axis',(-0.5,0.5,0.707106781186548));
#2326=DIRECTION('',(-0.707106781186548,-0.707106781186548,0.));
#2327=DIRECTION('center_axis',(-1.,0.,-5.9211894646675E-15));
#2328=DIRECTION('ref_axis',(3.50604846764894E-29,1.,-5.9211894646675E-15));
#2329=DIRECTION('center_axis',(0.,0.,1.));
#2330=DIRECTION('ref_axis',(0.,-1.,0.));
#2331=DIRECTION('',(0.,1.,0.));
#2332=DIRECTION('',(1.,0.,0.));
#2333=DIRECTION('',(0.,-1.,0.));
#2334=DIRECTION('',(-1.,0.,0.));
#2335=DIRECTION('center_axis',(0.,0.,-1.));
#2336=DIRECTION('ref_axis',(0.,1.,0.));
#2337=DIRECTION('',(0.707106781186548,0.707106781186548,0.));
#2338=DIRECTION('center_axis',(0.,0.,-1.));
#2339=DIRECTION('ref_axis',(-1.,0.,0.));
#2340=DIRECTION('center_axis',(0.,0.,-1.));
#2341=DIRECTION('ref_axis',(-1.,0.,0.));
#2342=DIRECTION('',(-0.707106781186548,0.707106781186548,0.));
#2343=DIRECTION('',(-0.707106781186548,0.707106781186548,0.));
#2344=DIRECTION('center_axis',(0.,0.,-1.));
#2345=DIRECTION('ref_axis',(0.,-1.,0.));
#2346=DIRECTION('',(-0.707106781186548,-0.707106781186548,0.));
#2347=DIRECTION('center_axis',(0.,0.,-1.));
#2348=DIRECTION('ref_axis',(1.,0.,0.));
#2349=DIRECTION('',(0.707106781186547,-0.707106781186547,0.));
#2350=DIRECTION('',(-0.707106781186548,-0.707106781186548,0.));
#2351=DIRECTION('center_axis',(0.,0.,-1.));
#2352=DIRECTION('ref_axis',(1.,0.,0.));
#2353=DIRECTION('',(0.707106781186548,-0.707106781186548,0.));
#2354=DIRECTION('center_axis',(0.,0.,-1.));
#2355=DIRECTION('ref_axis',(0.,1.,0.));
#2356=DIRECTION('',(0.707106781186548,0.707106781186548,0.));
#2357=DIRECTION('center_axis',(0.,0.,1.));
#2358=DIRECTION('ref_axis',(-1.,0.,0.));
#2359=DIRECTION('center_axis',(0.,0.,-1.));
#2360=DIRECTION('ref_axis',(-1.,0.,0.));
#2361=DIRECTION('',(0.,0.,1.));
#2362=DIRECTION('center_axis',(-1.,0.,0.));
#2363=DIRECTION('ref_axis',(0.,-0.707106781186548,-0.707106781186547));
#2364=DIRECTION('center_axis',(-1.,0.,0.));
#2365=DIRECTION('ref_axis',(0.,0.,-1.));
#2366=DIRECTION('',(-1.,0.,0.));
#2367=DIRECTION('center_axis',(1.,0.,0.));
#2368=DIRECTION('ref_axis',(0.,-1.,0.));
#2369=DIRECTION('center_axis',(0.,1.,0.));
#2370=DIRECTION('ref_axis',(-0.707106781186548,0.,-0.707106781186547));
#2371=DIRECTION('center_axis',(0.,1.,0.));
#2372=DIRECTION('ref_axis',(0.,0.,-1.));
#2373=DIRECTION('',(0.,1.,0.));
#2374=DIRECTION('center_axis',(0.,-1.,0.));
#2375=DIRECTION('ref_axis',(-1.,0.,0.));
#2376=DIRECTION('center_axis',(-0.816496580927725,0.408248290463865,0.408248290463864));
#2377=DIRECTION('ref_axis',(-0.577350269189627,-0.577350269189627,-0.577350269189624));
#2378=DIRECTION('center_axis',(0.,0.,-1.));
#2379=DIRECTION('ref_axis',(-0.707106781186547,-0.707106781186547,0.));
#2380=DIRECTION('center_axis',(1.,0.,0.));
#2381=DIRECTION('ref_axis',(0.,0.707106781186548,-0.707106781186547));
#2382=DIRECTION('center_axis',(1.,0.,0.));
#2383=DIRECTION('ref_axis',(0.,0.,-1.));
#2384=DIRECTION('',(1.,0.,0.));
#2385=DIRECTION('center_axis',(-1.,0.,0.));
#2386=DIRECTION('ref_axis',(0.,1.,0.));
#2387=DIRECTION('center_axis',(-0.816496580927725,-0.408248290463865,0.408248290463864));
#2388=DIRECTION('ref_axis',(-0.577350269189627,0.577350269189627,-0.577350269189624));
#2389=DIRECTION('center_axis',(0.,0.,-1.));
#2390=DIRECTION('ref_axis',(-0.707106781186547,0.707106781186547,0.));
#2391=DIRECTION('center_axis',(0.,-1.,0.));
#2392=DIRECTION('ref_axis',(0.707106781186548,0.,-0.707106781186547));
#2393=DIRECTION('center_axis',(0.,-1.,0.));
#2394=DIRECTION('ref_axis',(0.,0.,-1.));
#2395=DIRECTION('',(0.,-1.,0.));
#2396=DIRECTION('center_axis',(0.,1.,0.));
#2397=DIRECTION('ref_axis',(1.,0.,0.));
#2398=DIRECTION('center_axis',(-0.816496580927725,0.408248290463865,-0.408248290463864));
#2399=DIRECTION('ref_axis',(0.577350269189627,0.577350269189627,-0.577350269189624));
#2400=DIRECTION('center_axis',(0.,0.,-1.));
#2401=DIRECTION('ref_axis',(0.707106781186547,0.707106781186547,0.));
#2402=DIRECTION('center_axis',(-0.816496580927725,-0.408248290463865,-0.408248290463864));
#2403=DIRECTION('ref_axis',(0.577350269189627,-0.577350269189627,-0.577350269189624));
#2404=DIRECTION('center_axis',(0.,0.,-1.));
#2405=DIRECTION('ref_axis',(0.707106781186547,-0.707106781186547,0.));
#2406=DIRECTION('center_axis',(0.,0.,-1.));
#2407=DIRECTION('ref_axis',(-0.707106781186548,-0.707106781186548,0.));
#2408=DIRECTION('',(0.,0.,1.));
#2409=DIRECTION('',(0.,0.,-1.));
#2410=DIRECTION('center_axis',(0.,1.,0.));
#2411=DIRECTION('ref_axis',(0.,0.,1.));
#2412=DIRECTION('',(0.,0.,-1.));
#2413=DIRECTION('center_axis',(0.,0.,-1.));
#2414=DIRECTION('ref_axis',(0.707106781186548,-0.707106781186548,0.));
#2415=DIRECTION('',(0.,0.,1.));
#2416=DIRECTION('center_axis',(-1.,0.,0.));
#2417=DIRECTION('ref_axis',(0.,0.,-1.));
#2418=DIRECTION('',(0.,0.,-1.));
#2419=DIRECTION('center_axis',(-0.707106781186548,0.707106781186548,0.));
#2420=DIRECTION('ref_axis',(0.500000000000002,0.500000000000002,0.707106781186545));
#2421=DIRECTION('center_axis',(-0.707106781186548,0.707106781186548,0.));
#2422=DIRECTION('ref_axis',(0.,0.,1.));
#2423=DIRECTION('',(0.707106781186548,-0.707106781186548,0.));
#2424=DIRECTION('center_axis',(0.,0.,-1.));
#2425=DIRECTION('ref_axis',(-1.,0.,0.));
#2426=DIRECTION('center_axis',(0.,0.,1.));
#2427=DIRECTION('ref_axis',(-1.,0.,0.));
#2428=DIRECTION('center_axis',(0.,0.,-1.));
#2429=DIRECTION('ref_axis',(-1.,0.,0.));
#2430=DIRECTION('center_axis',(0.707106781186548,0.707106781186548,0.));
#2431=DIRECTION('ref_axis',(0.,0.,1.));
#2432=DIRECTION('center_axis',(0.,0.,1.));
#2433=DIRECTION('ref_axis',(-1.,0.,0.));
#2434=DIRECTION('center_axis',(0.707106781186548,0.707106781186548,0.));
#2435=DIRECTION('ref_axis',(0.500000000000002,-0.500000000000002,0.707106781186545));
#2436=DIRECTION('center_axis',(0.707106781186548,0.707106781186548,0.));
#2437=DIRECTION('ref_axis',(0.,0.,1.));
#2438=DIRECTION('',(-0.707106781186548,-0.707106781186548,0.));
#2439=DIRECTION('center_axis',(0.,0.,-1.));
#2440=DIRECTION('ref_axis',(-1.,0.,0.));
#2441=DIRECTION('center_axis',(0.,0.,1.));
#2442=DIRECTION('ref_axis',(0.,1.,0.));
#2443=DIRECTION('center_axis',(0.707106781186548,0.707106781186548,0.));
#2444=DIRECTION('ref_axis',(0.5,-0.5,0.707106781186548));
#2445=DIRECTION('center_axis',(0.707106781186552,0.707106781186543,0.));
#2446=DIRECTION('ref_axis',(0.,0.,1.));
#2447=DIRECTION('',(-0.707106781186548,-0.707106781186548,0.));
#2448=DIRECTION('center_axis',(0.,0.,-1.));
#2449=DIRECTION('ref_axis',(-1.,0.,0.));
#2450=DIRECTION('center_axis',(0.707106781186548,-0.707106781186548,0.));
#2451=DIRECTION('ref_axis',(0.,0.,1.));
#2452=DIRECTION('center_axis',(0.,0.,1.));
#2453=DIRECTION('ref_axis',(0.,1.,0.));
#2454=DIRECTION('center_axis',(0.707106781186548,-0.707106781186548,0.));
#2455=DIRECTION('ref_axis',(-0.500000000000002,-0.500000000000002,0.707106781186545));
#2456=DIRECTION('center_axis',(0.707106781186548,-0.707106781186548,0.));
#2457=DIRECTION('ref_axis',(0.,0.,1.));
#2458=DIRECTION('',(-0.707106781186548,0.707106781186548,0.));
#2459=DIRECTION('center_axis',(0.,0.,-1.));
#2460=DIRECTION('ref_axis',(1.,0.,0.));
#2461=DIRECTION('center_axis',(-0.707106781186548,-0.707106781186548,0.));
#2462=DIRECTION('ref_axis',(0.,0.,1.));
#2463=DIRECTION('center_axis',(0.,0.,1.));
#2464=DIRECTION('ref_axis',(1.,0.,0.));
#2465=DIRECTION('center_axis',(-0.707106781186548,-0.707106781186548,0.));
#2466=DIRECTION('ref_axis',(-0.5,0.5,0.707106781186548));
#2467=DIRECTION('',(0.707106781186547,0.707106781186547,0.));
#2468=DIRECTION('center_axis',(0.707106781186548,-0.707106781186548,0.));
#2469=DIRECTION('ref_axis',(-0.5,-0.5,0.707106781186548));
#2470=DIRECTION('center_axis',(0.707106781186546,-0.707106781186549,0.));
#2471=DIRECTION('ref_axis',(0.,0.,1.));
#2472=DIRECTION('',(-0.707106781186548,0.707106781186548,0.));
#2473=DIRECTION('center_axis',(0.,0.,-1.));
#2474=DIRECTION('ref_axis',(1.,0.,0.));
#2475=DIRECTION('center_axis',(-0.707106781186548,-0.707106781186548,0.));
#2476=DIRECTION('ref_axis',(0.,0.,1.));
#2477=DIRECTION('center_axis',(0.,0.,1.));
#2478=DIRECTION('ref_axis',(1.,0.,0.));
#2479=DIRECTION('center_axis',(-0.707106781186548,-0.707106781186548,0.));
#2480=DIRECTION('ref_axis',(-0.500000000000002,0.500000000000002,0.707106781186545));
#2481=DIRECTION('center_axis',(-0.707106781186548,-0.707106781186548,0.));
#2482=DIRECTION('ref_axis',(0.,0.,1.));
#2483=DIRECTION('',(0.707106781186548,0.707106781186548,0.));
#2484=DIRECTION('center_axis',(0.,0.,-1.));
#2485=DIRECTION('ref_axis',(-1.,0.,0.));
#2486=DIRECTION('center_axis',(-0.707106781186548,0.707106781186548,0.));
#2487=DIRECTION('ref_axis',(0.,0.,1.));
#2488=DIRECTION('center_axis',(0.,0.,1.));
#2489=DIRECTION('ref_axis',(0.,-1.,0.));
#2490=DIRECTION('center_axis',(-0.707106781186548,0.707106781186548,0.));
#2491=DIRECTION('ref_axis',(0.5,0.5,0.707106781186548));
#2492=DIRECTION('',(0.707106781186548,-0.707106781186548,0.));
#2493=DIRECTION('center_axis',(-0.707106781186548,0.707106781186548,0.));
#2494=DIRECTION('ref_axis',(0.707106781186548,0.707106781186548,0.));
#2495=DIRECTION('',(0.,0.,1.));
#2496=DIRECTION('',(0.648466455599791,0.648466455599791,0.39872611141445));
#2497=DIRECTION('center_axis',(0.,0.,-1.));
#2498=DIRECTION('ref_axis',(0.,1.,0.));
#2499=DIRECTION('',(0.,0.,-1.));
#2500=DIRECTION('center_axis',(-0.2819419372173,-0.2819419372173,0.917070056253235));
#2501=DIRECTION('ref_axis',(0.648466455599791,0.648466455599791,0.39872611141445));
#2502=DIRECTION('center_axis',(0.707106781186548,0.707106781186548,0.));
#2503=DIRECTION('ref_axis',(0.707106781186548,-0.707106781186548,0.));
#2504=DIRECTION('',(0.,0.,1.));
#2505=DIRECTION('',(0.707106781186548,-0.707106781186548,0.));
#2506=DIRECTION('center_axis',(0.,0.,-1.));
#2507=DIRECTION('ref_axis',(1.,0.,0.));
#2508=DIRECTION('',(0.,0.,-1.));
#2509=DIRECTION('center_axis',(-0.2819419372173,-0.2819419372173,0.917070056253235));
#2510=DIRECTION('ref_axis',(0.648466455599791,0.648466455599791,0.39872611141445));
#2511=DIRECTION('center_axis',(0.707106781186548,-0.707106781186548,0.));
#2512=DIRECTION('ref_axis',(-0.707106781186548,-0.707106781186548,0.));
#2513=DIRECTION('',(-0.648466455599791,-0.648466455599791,-0.39872611141445));
#2514=DIRECTION('center_axis',(0.707106781186548,0.707106781186548,0.));
#2515=DIRECTION('ref_axis',(0.707106781186548,-0.707106781186548,0.));
#2516=DIRECTION('',(0.,0.,1.));
#2517=DIRECTION('',(0.648466455599791,-0.648466455599791,0.39872611141445));
#2518=DIRECTION('center_axis',(0.,0.,-1.));
#2519=DIRECTION('ref_axis',(1.,0.,0.));
#2520=DIRECTION('',(0.,0.,-1.));
#2521=DIRECTION('center_axis',(-0.2819419372173,0.2819419372173,0.917070056253235));
#2522=DIRECTION('ref_axis',(0.648466455599791,-0.648466455599791,0.39872611141445));
#2523=DIRECTION('center_axis',(0.707106781186548,-0.707106781186548,0.));
#2524=DIRECTION('ref_axis',(-0.707106781186548,-0.707106781186548,0.));
#2525=DIRECTION('',(0.,0.,1.));
#2526=DIRECTION('',(-0.707106781186548,-0.707106781186548,0.));
#2527=DIRECTION('center_axis',(0.,0.,-1.));
#2528=DIRECTION('ref_axis',(0.,-1.,0.));
#2529=DIRECTION('',(0.,0.,-1.));
#2530=DIRECTION('center_axis',(-0.2819419372173,0.2819419372173,0.917070056253235));
#2531=DIRECTION('ref_axis',(0.648466455599791,-0.648466455599791,0.39872611141445));
#2532=DIRECTION('center_axis',(-0.707106781186548,-0.707106781186548,0.));
#2533=DIRECTION('ref_axis',(-0.707106781186548,0.707106781186548,0.));
#2534=DIRECTION('',(-0.648466455599791,0.648466455599791,-0.39872611141445));
#2535=DIRECTION('center_axis',(-0.707106781186548,-0.707106781186548,0.));
#2536=DIRECTION('ref_axis',(-0.707106781186548,0.707106781186548,0.));
#2537=DIRECTION('',(0.,0.,1.));
#2538=DIRECTION('',(-0.707106781186548,0.707106781186548,0.));
#2539=DIRECTION('center_axis',(0.,0.,-1.));
#2540=DIRECTION('ref_axis',(0.707106781186548,0.707106781186548,0.));
#2541=DIRECTION('',(0.,0.,1.));
#2542=DIRECTION('center_axis',(0.,0.,-1.));
#2543=DIRECTION('ref_axis',(-0.707106781186548,0.707106781186548,0.));
#2544=DIRECTION('',(0.,0.,1.));
#2545=DIRECTION('',(0.,0.,-1.));
#2546=DIRECTION('center_axis',(1.,0.,0.));
#2547=DIRECTION('ref_axis',(0.,0.,1.));
#2548=DIRECTION('center_axis',(0.,-1.,0.));
#2549=DIRECTION('ref_axis',(0.,0.,-1.));
#2550=DIRECTION('center_axis',(0.,0.,-1.));
#2551=DIRECTION('ref_axis',(0.,1.,0.));
#2552=DIRECTION('center_axis',(1.22464679914735E-16,1.,0.));
#2553=DIRECTION('ref_axis',(0.,0.,-1.));
#2554=DIRECTION('',(1.22464679914735E-16,1.,0.));
#2555=DIRECTION('center_axis',(-0.707106781186548,0.707106781186548,0.));
#2556=DIRECTION('ref_axis',(-0.591338758964448,-0.591338758964448,-0.548303697135788));
#2557=DIRECTION('',(0.707106781186548,-0.707106781186548,0.));
#2558=DIRECTION('center_axis',(0.500000000000002,-0.5,-0.707106781186547));
#2559=DIRECTION('ref_axis',(0.499999999999998,-0.5,0.707106781186548));
#2560=DIRECTION('center_axis',(0.,0.,-1.));
#2561=DIRECTION('ref_axis',(0.,1.,0.));
#2562=DIRECTION('center_axis',(0.2819419372173,-0.2819419372173,0.917070056253235));
#2563=DIRECTION('ref_axis',(-0.648466455599791,0.648466455599791,0.39872611141445));
#2564=DIRECTION('',(0.,0.,1.));
#2565=DIRECTION('center_axis',(0.,0.,-1.));
#2566=DIRECTION('ref_axis',(-1.,0.,0.));
#2567=DIRECTION('',(0.,0.,-1.));
#2568=DIRECTION('center_axis',(0.2819419372173,-0.2819419372173,0.917070056253235));
#2569=DIRECTION('ref_axis',(-0.648466455599791,0.648466455599791,0.39872611141445));
#2570=DIRECTION('center_axis',(0.,0.,-1.));
#2571=DIRECTION('ref_axis',(-1.,0.,0.));
#2572=DIRECTION('center_axis',(0.2819419372173,0.2819419372173,0.917070056253235));
#2573=DIRECTION('ref_axis',(-0.648466455599791,-0.648466455599791,0.39872611141445));
#2574=DIRECTION('center_axis',(0.2819419372173,0.2819419372173,-0.917070056253235));
#2575=DIRECTION('ref_axis',(-0.95584738016189,0.,-0.293863549692117));
#2576=DIRECTION('center_axis',(0.2819419372173,-0.2819419372173,-0.917070056253235));
#2577=DIRECTION('ref_axis',(-0.95584738016189,0.,-0.293863549692117));
#2578=DIRECTION('center_axis',(-0.2819419372173,-0.2819419372173,-0.917070056253235));
#2579=DIRECTION('ref_axis',(-0.95584738016189,0.,0.293863549692117));
#2580=DIRECTION('center_axis',(-0.2819419372173,0.2819419372173,-0.917070056253235));
#2581=DIRECTION('ref_axis',(-0.95584738016189,0.,0.293863549692117));
#2582=DIRECTION('',(0.707106781186548,0.707106781186548,0.));
#2583=DIRECTION('center_axis',(-0.707106781186548,0.707106781186548,0.));
#2584=DIRECTION('ref_axis',(0.707106781186548,0.707106781186548,0.));
#2585=CARTESIAN_POINT('',(0.,0.,0.));
#2586=CARTESIAN_POINT('Ctrl Pts',(15.3264622225826,4.99941548759315,7.27061442003686));
#2587=CARTESIAN_POINT('Ctrl Pts',(16.0670914861739,4.98808817967006,5.04872662926315));
#2588=CARTESIAN_POINT('Ctrl Pts',(17.5428705899402,4.63113201876168,0.621389317964102));
#2589=CARTESIAN_POINT('Ctrl Pts',(18.7953549015089,3.61417729707012,-3.13606361674199));
#2590=CARTESIAN_POINT('Ctrl Pts',(19.4576259293334,2.72153350783456,-5.12287670021547));
#2591=CARTESIAN_POINT('Ctrl Pts',(19.8321478456741,2.07949536570406,-6.24644244923749));
#2592=CARTESIAN_POINT('Ctrl Pts',(20.1063918161649,1.28712472233566,-7.06917436070996));
#2593=CARTESIAN_POINT('Ctrl Pts',(20.2293992297261,0.555536243763754,-7.43819660139352));
#2594=CARTESIAN_POINT('Ctrl Pts',(20.2603179958073,-1.80993908537729E-6,
-7.53095289963715));
#2595=CARTESIAN_POINT('Ctrl Pts',(20.2345550073274,-0.46295037938373,-7.45366393419732));
#2596=CARTESIAN_POINT('Ctrl Pts',(20.189686173377,-0.784023819304769,-7.3190574323464));
#2597=CARTESIAN_POINT('Ctrl Pts',(20.1564203491284,-0.966204646912228,-7.21925995960048));
#2598=CARTESIAN_POINT('Ctrl Pts',(20.060747802104,-1.41923929144233,-6.93224231852739));
#2599=CARTESIAN_POINT('Ctrl Pts',(19.8013902782288,-2.16731243697733,-6.15416974690177));
#2600=CARTESIAN_POINT('Ctrl Pts',(19.016105279268,-3.43447532871426,-3.79831475001942));
#2601=CARTESIAN_POINT('Ctrl Pts',(17.5430620626709,-4.63129335474036,0.620814899772005));
#2602=CARTESIAN_POINT('Ctrl Pts',(16.0670915361228,-4.98808784366246,5.04872647941641));
#2603=CARTESIAN_POINT('Ctrl Pts',(15.326462272645,-4.99941515900194,7.27061426984984));
#2604=CARTESIAN_POINT('Ctrl Pts',(15.3410241222325,4.99919277546255,7.28517972588335));
#2605=CARTESIAN_POINT('Ctrl Pts',(16.2226596373252,4.98355113951484,5.20439717168169));
#2606=CARTESIAN_POINT('Ctrl Pts',(17.9753775003255,4.48015316173287,1.05931960694694));
#2607=CARTESIAN_POINT('Ctrl Pts',(19.2320092217874,3.18629165214828,-2.33685673193662));
#2608=CARTESIAN_POINT('Ctrl Pts',(19.7748073461609,2.23001679695182,-4.05828633111445));
#2609=CARTESIAN_POINT('Ctrl Pts',(20.0453140675364,1.59166190730644,-5.0087168067714));
#2610=CARTESIAN_POINT('Ctrl Pts',(20.1885155854338,0.927208213232609,-5.66821698364155));
#2611=CARTESIAN_POINT('Ctrl Pts',(20.2418729402214,0.389362492285782,-5.95629092490144));
#2612=CARTESIAN_POINT('Ctrl Pts',(20.2537878341245,-7.3699453783133E-5,
-6.02767940329176));
#2613=CARTESIAN_POINT('Ctrl Pts',(20.2438368350115,-0.324471833288212,-5.9681806072621));
#2614=CARTESIAN_POINT('Ctrl Pts',(20.2246719621801,-0.557950276836175,-5.86328797989301));
#2615=CARTESIAN_POINT('Ctrl Pts',(20.2096516428497,-0.693870973965992,-5.7849587260437));
#2616=CARTESIAN_POINT('Ctrl Pts',(20.1651424381452,-1.03799857207438,-5.558727144685));
#2617=CARTESIAN_POINT('Ctrl Pts',(20.027724541772,-1.66514223751103,-4.93391589451163));
#2618=CARTESIAN_POINT('Ctrl Pts',(19.4523074073361,-2.95712851313304,-2.93488970364327));
#2619=CARTESIAN_POINT('Ctrl Pts',(17.9764021324817,-4.48066880794498,1.05840777876218));
#2620=CARTESIAN_POINT('Ctrl Pts',(16.2226596966973,-4.98355080039197,5.20439703139447));
#2621=CARTESIAN_POINT('Ctrl Pts',(15.3410241818261,-4.99919244657972,7.28517958523424));
#2622=CARTESIAN_POINT('Ctrl Pts',(15.3701498678609,4.99887461089869,7.31431033757378));
#2623=CARTESIAN_POINT('Ctrl Pts',(16.5338544455646,4.97706948615626,5.51573825634421));
#2624=CARTESIAN_POINT('Ctrl Pts',(18.8459707754473,4.26683477583153,1.93524855188772));
#2625=CARTESIAN_POINT('Ctrl Pts',(20.2999846612823,2.55688291334445,-0.738636352028322));
#2626=CARTESIAN_POINT('Ctrl Pts',(20.7822280092037,1.4932935659763,-1.93088683466329));
#2627=CARTESIAN_POINT('Ctrl Pts',(20.9673853167307,0.852161446523238,-2.53630268493633));
#2628=CARTESIAN_POINT('Ctrl Pts',(20.9683790594183,0.375837543658833,-2.87108951448204));
#2629=CARTESIAN_POINT('Ctrl Pts',(20.940944552494,0.133927779284828,-2.99811038537485));
#2630=CARTESIAN_POINT('Ctrl Pts',(20.9305584695373,-0.000326540808253552,
-3.02709782575615));
#2631=CARTESIAN_POINT('Ctrl Pts',(20.939233080993,-0.111347593386872,-3.00293337047666));
#2632=CARTESIAN_POINT('Ctrl Pts',(20.9498348129736,-0.210984264801135,-2.95710663615781));
#2633=CARTESIAN_POINT('Ctrl Pts',(20.9556056669881,-0.276504558270193,-2.92143319800373));
#2634=CARTESIAN_POINT('Ctrl Pts',(20.969016948919,-0.455479822125195,-2.81607106737674));
#2635=CARTESIAN_POINT('Ctrl Pts',(20.9640360705506,-0.904080605919122,-2.49634259107433));
#2636=CARTESIAN_POINT('Ctrl Pts',(20.5537498682098,-2.25305610873598,-1.20826445734889));
#2637=CARTESIAN_POINT('Ctrl Pts',(18.8480076931448,-4.26814612525838,1.93363763773472));
#2638=CARTESIAN_POINT('Ctrl Pts',(16.5338545238611,-4.97706914258266,5.51573813517602));
#2639=CARTESIAN_POINT('Ctrl Pts',(15.3701499465207,-4.99887428159924,7.3143102160005));
#2640=CARTESIAN_POINT('Ctrl Pts',(15.4211247887154,4.99876325176033,7.3652869615736));
#2641=CARTESIAN_POINT('Ctrl Pts',(17.0785916335541,4.97480085178885,6.06052664214057));
#2642=CARTESIAN_POINT('Ctrl Pts',(20.376832089689,4.19294897433502,3.46703273780992));
#2643=CARTESIAN_POINT('Ctrl Pts',(22.6892221018265,2.33005424317041,1.84108226397126));
#2644=CARTESIAN_POINT('Ctrl Pts',(23.6180391259199,1.22326986871381,1.31569280570405));
#2645=CARTESIAN_POINT('Ctrl Pts',(24.0518888378763,0.578388183473112,1.12175105268737));
#2646=CARTESIAN_POINT('Ctrl Pts',(24.2260097416079,0.169900430271761,1.13966513421484));
#2647=CARTESIAN_POINT('Ctrl Pts',(24.2732833182587,0.0383145457018881,1.18158964218713));
#2648=CARTESIAN_POINT('Ctrl Pts',(24.2814965097779,-0.000555231840576775,
1.19609302854133));
#2649=CARTESIAN_POINT('Ctrl Pts',(24.274712104128,-0.0312982047221058,1.18391245555351));
#2650=CARTESIAN_POINT('Ctrl Pts',(24.258029460177,-0.0811408603890432,1.16802938837341));
#2651=CARTESIAN_POINT('Ctrl Pts',(24.2433632636065,-0.120555078194235,1.15881133151739));
#2652=CARTESIAN_POINT('Ctrl Pts',(24.1977070443501,-0.238457986333697,1.13600403942882));
#2653=CARTESIAN_POINT('Ctrl Pts',(24.029322703763,-0.622343909835128,1.12324801517666));
#2654=CARTESIAN_POINT('Ctrl Pts',(23.0945271516216,-1.99874457696488,1.55730059396839));
#2655=CARTESIAN_POINT('Ctrl Pts',(20.3788559601853,-4.19460767369134,3.46472311581731));
#2656=CARTESIAN_POINT('Ctrl Pts',(17.0785917451627,-4.97480050665739,6.06052655435279));
#2657=CARTESIAN_POINT('Ctrl Pts',(15.4211249007507,-4.99876292231506,7.3652868733792));
#2658=CARTESIAN_POINT('Ctrl Pts',(15.4575380533271,4.99908141939725,7.4016953600762));
#2659=CARTESIAN_POINT('Ctrl Pts',(17.4677679892485,4.98128261134846,6.44955671939329));
#2660=CARTESIAN_POINT('Ctrl Pts',(21.471686324588,4.40482886977343,4.55851207714884));
#2661=CARTESIAN_POINT('Ctrl Pts',(24.6873351857449,2.9725786384068,3.29860051574671));
#2662=CARTESIAN_POINT('Ctrl Pts',(26.2760466443511,1.98405988258429,2.81618814811297));
#2663=CARTESIAN_POINT('Ctrl Pts',(27.1399025712302,1.34734721149096,2.59791203531988));
#2664=CARTESIAN_POINT('Ctrl Pts',(27.7176892172998,0.746681301661384,2.52103927687807));
#2665=CARTESIAN_POINT('Ctrl Pts',(27.9652797971981,0.305837853706261,2.50238704922469));
#2666=CARTESIAN_POINT('Ctrl Pts',(28.0259247603126,7.26352828095217E-5,
2.50043607710889));
#2667=CARTESIAN_POINT('Ctrl Pts',(27.975350717734,-0.255257620809157,2.50225697919386));
#2668=CARTESIAN_POINT('Ctrl Pts',(27.8853457634913,-0.44463087856109,2.50836962005128));
#2669=CARTESIAN_POINT('Ctrl Pts',(27.8177847959161,-0.557278023651024,2.51400670219887));
#2670=CARTESIAN_POINT('Ctrl Pts',(27.6220003802981,-0.846674354549565,2.53257832201751));
#2671=CARTESIAN_POINT('Ctrl Pts',(27.0738063971908,-1.41374265682038,2.60922635626472));
#2672=CARTESIAN_POINT('Ctrl Pts',(25.2533002702387,-2.718532207535,3.07821758798165));
#2673=CARTESIAN_POINT('Ctrl Pts',(21.4727496114976,-4.40559511240125,4.55719770726216));
#2674=CARTESIAN_POINT('Ctrl Pts',(17.467768124756,-4.98128227066793,6.44955665530957));
#2675=CARTESIAN_POINT('Ctrl Pts',(15.4575381892072,-4.99908109036861,7.40169529571703));
#2676=CARTESIAN_POINT('Ctrl Pts',(15.4793860120968,4.99941548759315,7.42353820955104));
#2677=CARTESIAN_POINT('Ctrl Pts',(17.7012738028705,4.98808817967006,6.6829089459598));
#2678=CARTESIAN_POINT('Ctrl Pts',(22.1286111141696,4.63113201876168,5.20712984219345));
#2679=CARTESIAN_POINT('Ctrl Pts',(25.8860640488756,3.61417729707012,3.95464553062475));
#2680=CARTESIAN_POINT('Ctrl Pts',(27.8728771323491,2.72153350783456,3.29237450280026));
#2681=CARTESIAN_POINT('Ctrl Pts',(28.9964428813712,2.07949536570406,2.91785258645958));
#2682=CARTESIAN_POINT('Ctrl Pts',(29.8191747928436,1.28712472233566,2.64360861596876));
#2683=CARTESIAN_POINT('Ctrl Pts',(30.1881970335272,0.555536243763755,2.52060120240757));
#2684=CARTESIAN_POINT('Ctrl Pts',(30.2809533317708,-1.80993908535077E-6,
2.48968243632636));
#2685=CARTESIAN_POINT('Ctrl Pts',(30.203664366331,-0.46295037938373,2.51544542480631));
#2686=CARTESIAN_POINT('Ctrl Pts',(30.0690578644801,-0.78402381930477,2.56031425875661));
#2687=CARTESIAN_POINT('Ctrl Pts',(29.9692603917341,-0.966204646912229,2.59358008300525));
#2688=CARTESIAN_POINT('Ctrl Pts',(29.682242750661,-1.41923929144233,2.68925263002961));
#2689=CARTESIAN_POINT('Ctrl Pts',(28.9041701790354,-2.16731243697733,2.94861015390482));
#2690=CARTESIAN_POINT('Ctrl Pts',(26.5483151821531,-3.43447532871427,3.73389515286561));
#2691=CARTESIAN_POINT('Ctrl Pts',(22.1291855323617,-4.63129335474035,5.20693836946275));
#2692=CARTESIAN_POINT('Ctrl Pts',(17.7012739527173,-4.98808784366246,6.68290889601089));
#2693=CARTESIAN_POINT('Ctrl Pts',(15.4793861622838,-4.99941515900194,7.4235381594887));
#2694=CARTESIAN_POINT('',(15.3338478897399,-4.99929674528966,7.24845741856479));
#2695=CARTESIAN_POINT('',(15.4793861711815,-4.99941515797357,7.42353812269477));
#2696=CARTESIAN_POINT('Ctrl Pts',(15.3338478855849,-4.99929666329046,7.24845743103008));
#2697=CARTESIAN_POINT('Ctrl Pts',(15.3485017611216,-4.99905071508389,7.26642396218861));
#2698=CARTESIAN_POINT('Ctrl Pts',(15.3632098210962,-4.99888346183873,7.28434623679106));
#2699=CARTESIAN_POINT('Ctrl Pts',(15.3779690190068,-4.99879498686969,7.30222630961925));
#2700=CARTESIAN_POINT('Ctrl Pts',(15.3884885503992,-4.99873192685654,7.31497022623009));
#2701=CARTESIAN_POINT('Ctrl Pts',(15.3990341096569,-4.99870888836478,7.3276927515574));
#2702=CARTESIAN_POINT('Ctrl Pts',(15.4096051813367,-4.9987259359486,7.34039520372314));
#2703=CARTESIAN_POINT('Ctrl Pts',(15.4130350141692,-4.99873146711558,7.34451657275842));
#2704=CARTESIAN_POINT('Ctrl Pts',(15.4164674490968,-4.99874121830272,7.34863572891043));
#2705=CARTESIAN_POINT('Ctrl Pts',(15.4199024409574,-4.99875519164475,7.35275269054977));
#2706=CARTESIAN_POINT('Ctrl Pts',(15.4396481128986,-4.9988355158606,7.37641859056475));
#2707=CARTESIAN_POINT('Ctrl Pts',(15.4594779652916,-4.99905534073689,7.40001166802345));
#2708=CARTESIAN_POINT('Ctrl Pts',(15.479386146424,-4.99941515875944,7.4235381436326));
#2709=CARTESIAN_POINT('',(15.4793860120973,4.99941548759315,7.42353820955086));
#2710=CARTESIAN_POINT('Origin',(15.2500003278255,1.63912772244146E-7,7.50000010430813));
#2711=CARTESIAN_POINT('',(15.3338478346999,4.99929707403837,7.24845758367744));
#2712=CARTESIAN_POINT('Ctrl Pts',(15.4793860120968,4.99941548759315,7.42353820955104));
#2713=CARTESIAN_POINT('Ctrl Pts',(15.4594772167618,4.99905565864051,7.40001100838181));
#2714=CARTESIAN_POINT('Ctrl Pts',(15.4396477603532,4.99883584353363,7.37641840222633));
#2715=CARTESIAN_POINT('Ctrl Pts',(15.419902325608,4.99875551763028,7.35275279135937));
#2716=CARTESIAN_POINT('Ctrl Pts',(15.416467342467,4.9987415438623,7.34863584101622));
#2717=CARTESIAN_POINT('Ctrl Pts',(15.4130349115609,4.99873179217196,7.34451669076954));
#2718=CARTESIAN_POINT('Ctrl Pts',(15.4096050709992,4.99872626049258,7.34039531405287));
#2719=CARTESIAN_POINT('Ctrl Pts',(15.3990340037972,4.99870921137516,7.32769287221843));
#2720=CARTESIAN_POINT('Ctrl Pts',(15.3884884484679,4.99873224818226,7.31497035721066));
#2721=CARTESIAN_POINT('Ctrl Pts',(15.3779689221892,4.99879530753818,7.30222645010791));
#2722=CARTESIAN_POINT('Ctrl Pts',(15.3632097315716,4.99888378158441,7.28434639076317));
#2723=CARTESIAN_POINT('Ctrl Pts',(15.3485016808842,4.99905103639988,7.26642412796857));
#2724=CARTESIAN_POINT('Ctrl Pts',(15.3338478273821,4.9992969893668,7.24845760563838));
#2725=CARTESIAN_POINT('',(19.4166670292616,2.7638541034588,-5.));
#2726=CARTESIAN_POINT('Origin',(15.2500003278255,1.63912772244146E-7,7.50000010430813));
#2727=CARTESIAN_POINT('',(19.4166670292616,-2.76385377563325,-5.));
#2728=CARTESIAN_POINT('Ctrl Pts',(19.4166670292616,2.7638541034588,-5.));
#2729=CARTESIAN_POINT('Ctrl Pts',(19.7101296048811,2.32144261258511,-5.));
#2730=CARTESIAN_POINT('Ctrl Pts',(20.013713998131,1.82054272733617,-5.));
#2731=CARTESIAN_POINT('Ctrl Pts',(20.3408558416284,1.08880804833517,-5.));
#2732=CARTESIAN_POINT('Ctrl Pts',(20.4375406092931,0.829238401233277,-5.));
#2733=CARTESIAN_POINT('Ctrl Pts',(20.5509221408963,0.344316195601301,-5.));
#2734=CARTESIAN_POINT('Ctrl Pts',(20.5696651089093,0.149276072681845,-4.99999999999998));
#2735=CARTESIAN_POINT('Ctrl Pts',(20.5650866654828,-0.203926964359017,-4.99999999999998));
#2736=CARTESIAN_POINT('Ctrl Pts',(20.5423389769344,-0.398279791249046,-5.00000000003876));
#2737=CARTESIAN_POINT('Ctrl Pts',(20.4154736262871,-0.897780583884621,-5.00000000003876));
#2738=CARTESIAN_POINT('Ctrl Pts',(20.3093418740617,-1.16806684585357,-4.99999999999127));
#2739=CARTESIAN_POINT('Ctrl Pts',(19.9782508750503,-1.87854651058903,-4.99999999999127));
#2740=CARTESIAN_POINT('Ctrl Pts',(19.6942871291565,-2.34532571619766,-5.));
#2741=CARTESIAN_POINT('Ctrl Pts',(19.4166670292616,-2.76385377563326,-5.));
#2742=CARTESIAN_POINT('Origin',(15.2500003278255,1.63912772244146E-7,7.50000010430813));
#2743=CARTESIAN_POINT('Origin',(0.,-1.36436014138178E-15,-5.));
#2744=CARTESIAN_POINT('',(20.7,1.17065873285324E-15,-5.));
#2745=CARTESIAN_POINT('Origin',(0.,-1.36436014138178E-15,-5.));
#2746=CARTESIAN_POINT('',(15.2500003278255,5.00000016391277,-5.));
#2747=CARTESIAN_POINT('Origin',(15.2500003278255,1.63912772244146E-7,-5.));
#2748=CARTESIAN_POINT('',(14.142135565779,5.00000016391277,-5.));
#2749=CARTESIAN_POINT('',(27.125,5.00000016391277,-5.));
#2750=CARTESIAN_POINT('',(14.1421356816829,-4.99999983608723,-5.));
#2751=CARTESIAN_POINT('Origin',(0.,0.,-5.));
#2752=CARTESIAN_POINT('',(15.2500003278255,-4.99999983608723,-5.));
#2753=CARTESIAN_POINT('',(27.125,-4.99999983608723,-5.));
#2754=CARTESIAN_POINT('Origin',(15.2500003278255,1.63912772244146E-7,-5.));
#2755=CARTESIAN_POINT('Origin',(15.2500003278255,1.63912772244146E-7,6.50000010430813));
#2756=CARTESIAN_POINT('',(15.2500003278255,5.00000016391277,7.12113421585943));
#2757=CARTESIAN_POINT('Ctrl Pts',(15.2500003278255,5.00000016391277,7.12113421585943));
#2758=CARTESIAN_POINT('Ctrl Pts',(15.2794330197341,5.00000016391277,7.1719815850285));
#2759=CARTESIAN_POINT('Ctrl Pts',(15.3080981957692,4.99972894337237,7.2168869201129));
#2760=CARTESIAN_POINT('Ctrl Pts',(15.3338478346989,4.99929707403835,7.24845758367826));
#2761=CARTESIAN_POINT('',(15.2500003278255,5.00000016391277,6.50000010430813));
#2762=CARTESIAN_POINT('Origin',(15.2500003278255,1.63912772244146E-7,6.50000010430813));
#2763=CARTESIAN_POINT('',(15.2500003278255,-4.99999983608723,7.12113396131719));
#2764=CARTESIAN_POINT('',(15.2500003278255,-4.99999983608723,6.50000010430813));
#2765=CARTESIAN_POINT('Ctrl Pts',(15.3342245471112,-4.99910410467868,7.24895247380537));
#2766=CARTESIAN_POINT('Ctrl Pts',(15.3180331503085,-4.99935097085169,7.22911665775317));
#2767=CARTESIAN_POINT('Ctrl Pts',(15.3006052418899,-4.99953050206314,7.20397472035492));
#2768=CARTESIAN_POINT('Ctrl Pts',(15.2817390905044,-4.99959568414009,7.17385104627975));
#2769=CARTESIAN_POINT('Ctrl Pts',(15.2729967425351,-4.99962588873171,7.15989209749922));
#2770=CARTESIAN_POINT('Ctrl Pts',(15.2639461051565,-4.99963132791679,7.14486291897741));
#2771=CARTESIAN_POINT('Ctrl Pts',(15.2545694349475,-4.99960737895205,7.12879283252555));
#2772=CARTESIAN_POINT('Ctrl Pts',(15.2532925894327,-4.99960411775938,7.12660452715164));
#2773=CARTESIAN_POINT('Ctrl Pts',(15.2520133802618,-4.99960026849704,7.12440247874342));
#2774=CARTESIAN_POINT('Ctrl Pts',(15.2507318586087,-4.99959594874076,7.12218871660913));
#2775=CARTESIAN_POINT('Origin',(15.4790181306252,-6.97999983608723,3.));
#2776=CARTESIAN_POINT('',(13.6740442850046,-6.16607759371663,13.));
#2777=CARTESIAN_POINT('',(15.4790181306252,-4.99999983608723,13.));
#2778=CARTESIAN_POINT('Origin',(15.4790181306252,-6.97999983608723,13.));
#2779=CARTESIAN_POINT('',(15.4790181306252,-4.99999983608723,7.50000010430813));
#2780=CARTESIAN_POINT('',(15.4790181306252,-4.99999983608723,3.));
#2781=CARTESIAN_POINT('',(13.6740442850046,-6.16607759371663,7.50000010430813));
#2782=CARTESIAN_POINT('Origin',(15.4790181306252,-6.97999983608723,7.50000010430813));
#2783=CARTESIAN_POINT('',(13.6740442850046,-6.16607759371663,3.));
#2784=CARTESIAN_POINT('Ctrl Pts',(14.1421356817404,-4.99999983592446,3.41529690248174));
#2785=CARTESIAN_POINT('Ctrl Pts',(13.8799715642392,-5.74151196437437,4.57840641995991));
#2786=CARTESIAN_POINT('Ctrl Pts',(13.6740442850046,-6.16607759371663,6.03980260238343));
#2787=CARTESIAN_POINT('Ctrl Pts',(13.6740442850046,-6.16607759371663,7.50000010430813));
#2788=CARTESIAN_POINT('Ctrl Pts',(14.2716195290451,-4.63376419647101,3.71263954699011));
#2789=CARTESIAN_POINT('Ctrl Pts',(14.040933952844,-5.34973129178671,4.77859520348334));
#2790=CARTESIAN_POINT('Ctrl Pts',(13.8518927755331,-5.771676436977,6.13920964812126));
#2791=CARTESIAN_POINT('Ctrl Pts',(13.8518927755331,-5.771676436977,7.50000010430813));
#2792=CARTESIAN_POINT('Ctrl Pts',(14.8104398665186,-4.10679091801444,4.23042621803058));
#2793=CARTESIAN_POINT('Ctrl Pts',(14.5847480557165,-4.77829828523452,5.12897779093249));
#2794=CARTESIAN_POINT('Ctrl Pts',(14.3968921999235,-5.18938913725988,6.3122526065805));
#2795=CARTESIAN_POINT('Ctrl Pts',(14.3968921999235,-5.18938913725988,7.50000010430813));
#2796=CARTESIAN_POINT('Ctrl Pts',(15.6496142177918,-4.01093977703917,4.51371703329343));
#2797=CARTESIAN_POINT('Ctrl Pts',(15.3740611317854,-4.63237274242599,5.34840052365187));
#2798=CARTESIAN_POINT('Ctrl Pts',(15.1545338068332,-4.99999983608723,6.42349704035026));
#2799=CARTESIAN_POINT('Ctrl Pts',(15.1545338068332,-4.99999983608723,7.50000010430813));
#2800=CARTESIAN_POINT('Ctrl Pts',(16.0088975917301,-4.05444108120131,4.5739949454067));
#2801=CARTESIAN_POINT('Ctrl Pts',(15.7121278107188,-4.65572455498734,5.40716795219623));
#2802=CARTESIAN_POINT('Ctrl Pts',(15.4790181306252,-4.99999983608723,6.45401335507842));
#2803=CARTESIAN_POINT('Ctrl Pts',(15.4790181306252,-4.99999983608723,7.50000010430813));
#2804=CARTESIAN_POINT('',(14.142135681717,-4.9999998359907,3.41529690243423));
#2805=CARTESIAN_POINT('Ctrl Pts',(15.2500003278255,-4.99999983608723,7.12113396131719));
#2806=CARTESIAN_POINT('Ctrl Pts',(14.9735297083127,-4.99999983608723,6.6435084523129));
#2807=CARTESIAN_POINT('Ctrl Pts',(14.7009858705312,-4.99999983608723,6.09010748995727));
#2808=CARTESIAN_POINT('Ctrl Pts',(14.2474850253168,-4.99999983608723,4.72827757532901));
#2809=CARTESIAN_POINT('Ctrl Pts',(14.1421356816829,-4.99999983608723,4.03747473476655));
#2810=CARTESIAN_POINT('Ctrl Pts',(14.1421356816829,-4.99999983608723,3.41529690273705));
#2811=CARTESIAN_POINT('Ctrl Pts',(14.1421356817404,-4.99999983592446,3.41529690248174));
#2812=CARTESIAN_POINT('Ctrl Pts',(13.8799715642392,-5.74151196437437,4.57840641995991));
#2813=CARTESIAN_POINT('Ctrl Pts',(13.6740442850046,-6.16607759371663,6.03980260238343));
#2814=CARTESIAN_POINT('Ctrl Pts',(13.6740442850046,-6.16607759371663,7.50000010430813));
#2815=CARTESIAN_POINT('Ctrl Pts',(15.4790181306252,-4.99999983608723,7.50000010430813));
#2816=CARTESIAN_POINT('Ctrl Pts',(15.4790181306252,-4.99999983608723,7.47452833836406));
#2817=CARTESIAN_POINT('Ctrl Pts',(15.4791563681832,-4.99979567565019,7.44905606322541));
#2818=CARTESIAN_POINT('Ctrl Pts',(15.4794303962704,-4.99938861500405,7.42358637694471));
#2819=CARTESIAN_POINT('Origin',(54.25,1.63912772244146E-7,7.50000010430813));
#2820=CARTESIAN_POINT('',(100.,-4.99999983608723,7.50000010430813));
#2821=CARTESIAN_POINT('',(54.25,-4.99999983608723,7.50000010430813));
#2822=CARTESIAN_POINT('',(100.,5.00000016391277,7.50000010430813));
#2823=CARTESIAN_POINT('Origin',(100.,1.63912772244146E-7,7.50000010430813));
#2824=CARTESIAN_POINT('',(15.4790179827978,5.00000016391277,7.50000010430813));
#2825=CARTESIAN_POINT('',(54.25,5.00000016391277,7.50000010430813));
#2826=CARTESIAN_POINT('Ctrl Pts',(15.4794257749436,4.99939723452161,7.42358281132207));
#2827=CARTESIAN_POINT('Ctrl Pts',(15.4791546996498,4.99979882080509,7.4490485082493));
#2828=CARTESIAN_POINT('Ctrl Pts',(15.4790179827978,5.00000016391277,7.4745218655471));
#2829=CARTESIAN_POINT('Ctrl Pts',(15.4790179827978,5.00000016391277,7.50000010430813));
#2830=CARTESIAN_POINT('Origin',(54.25,-4.99999983608723,10.0000001043081));
#2831=CARTESIAN_POINT('',(100.,-4.99999983608723,13.));
#2832=CARTESIAN_POINT('',(27.125,-4.99999983608723,13.));
#2833=CARTESIAN_POINT('',(100.,-4.99999983608723,7.50000005215406));
#2834=CARTESIAN_POINT('Origin',(0.,0.,13.));
#2835=CARTESIAN_POINT('',(13.674044154415,6.16607788331517,13.));
#2836=CARTESIAN_POINT('Origin',(0.,0.,13.));
#2837=CARTESIAN_POINT('',(15.4790179827978,5.00000016391277,13.));
#2838=CARTESIAN_POINT('Origin',(15.4790179827978,6.98000016391277,13.));
#2839=CARTESIAN_POINT('',(100.,5.00000016391277,13.));
#2840=CARTESIAN_POINT('',(27.125,5.00000016391277,13.));
#2841=CARTESIAN_POINT('',(100.,97.,13.));
#2842=CARTESIAN_POINT('',(100.,0.,13.));
#2843=CARTESIAN_POINT('',(97.,100.,13.));
#2844=CARTESIAN_POINT('Origin',(97.,97.,13.));
#2845=CARTESIAN_POINT('',(-97.,100.,13.));
#2846=CARTESIAN_POINT('',(0.,100.,13.));
#2847=CARTESIAN_POINT('',(-100.,97.,13.));
#2848=CARTESIAN_POINT('Origin',(-97.,97.,13.));
#2849=CARTESIAN_POINT('',(-100.,-97.,13.));
#2850=CARTESIAN_POINT('',(-100.,0.,13.));
#2851=CARTESIAN_POINT('',(-97.,-100.,13.));
#2852=CARTESIAN_POINT('Origin',(-97.,-97.,13.));
#2853=CARTESIAN_POINT('',(97.,-100.,13.));
#2854=CARTESIAN_POINT('',(0.,-100.,13.));
#2855=CARTESIAN_POINT('',(100.,-97.,13.));
#2856=CARTESIAN_POINT('Origin',(97.,-97.,13.));
#2857=CARTESIAN_POINT('',(100.,0.,13.));
#2858=CARTESIAN_POINT('Origin',(15.4790179827978,6.98000016391277,3.));
#2859=CARTESIAN_POINT('',(13.674044154415,6.16607788331517,7.50000010430813));
#2860=CARTESIAN_POINT('',(13.674044154415,6.16607788331517,3.));
#2861=CARTESIAN_POINT('Origin',(15.4790179827978,6.98000016391277,7.50000010430813));
#2862=CARTESIAN_POINT('',(15.4790179827978,5.00000016391277,3.));
#2863=CARTESIAN_POINT('Ctrl Pts',(16.0088974686609,4.0544414235446,4.57399496552332));
#2864=CARTESIAN_POINT('Ctrl Pts',(15.7103670827505,4.65929200651115,5.41211077297212));
#2865=CARTESIAN_POINT('Ctrl Pts',(15.4790179827978,5.00000016391277,6.45192528895835));
#2866=CARTESIAN_POINT('Ctrl Pts',(15.4790179827978,5.00000016391277,7.50000010430813));
#2867=CARTESIAN_POINT('Ctrl Pts',(15.5298529780498,3.99643968241165,4.49362441208076));
#2868=CARTESIAN_POINT('Ctrl Pts',(15.2602332232322,4.62858298105433,5.3331799787144));
#2869=CARTESIAN_POINT('Ctrl Pts',(15.0463722257293,5.00000016391277,6.41136977605919));
#2870=CARTESIAN_POINT('Ctrl Pts',(15.0463722257293,5.00000016391277,7.50000010430813));
#2871=CARTESIAN_POINT('Ctrl Pts',(14.6956542624475,4.16493280041628,4.15917893890753));
#2872=CARTESIAN_POINT('Ctrl Pts',(14.4743294139842,4.84731889204297,5.08573541253392));
#2873=CARTESIAN_POINT('Ctrl Pts',(14.2915235020139,5.25746132690866,6.28560979395059));
#2874=CARTESIAN_POINT('Ctrl Pts',(14.2915235020139,5.25746132690866,7.50000010430813));
#2875=CARTESIAN_POINT('Ctrl Pts',(14.2392484632044,4.72532341953626,3.6383039104152));
#2876=CARTESIAN_POINT('Ctrl Pts',(13.9989008768047,5.4517692391918,4.73541126722451));
#2877=CARTESIAN_POINT('Ctrl Pts',(13.8074305261135,5.8702770240464,6.11144853988145));
#2878=CARTESIAN_POINT('Ctrl Pts',(13.8074305261135,5.8702770240464,7.50000010430813));
#2879=CARTESIAN_POINT('Ctrl Pts',(14.142135573022,5.0000001434265,3.41529693056453));
#2880=CARTESIAN_POINT('Ctrl Pts',(13.8784161508397,5.74591128637819,4.58530659776306));
#2881=CARTESIAN_POINT('Ctrl Pts',(13.674044154415,6.16607788331517,6.03688766207982));
#2882=CARTESIAN_POINT('Ctrl Pts',(13.674044154415,6.16607788331517,7.50000010430814));
#2883=CARTESIAN_POINT('',(14.1421355700744,5.00000015176359,3.41529692458503));
#2884=CARTESIAN_POINT('Ctrl Pts',(13.674044154415,6.16607788331517,7.50000010430814));
#2885=CARTESIAN_POINT('Ctrl Pts',(13.674044154415,6.16607788331517,6.03688766207982));
#2886=CARTESIAN_POINT('Ctrl Pts',(13.8784161508397,5.74591128637819,4.58530659776306));
#2887=CARTESIAN_POINT('Ctrl Pts',(14.142135573022,5.0000001434265,3.41529693056453));
#2888=CARTESIAN_POINT('Ctrl Pts',(14.142135565779,5.00000016391277,3.41529696269857));
#2889=CARTESIAN_POINT('Ctrl Pts',(14.142135565779,5.00000016391277,3.71570936828144));
#2890=CARTESIAN_POINT('Ctrl Pts',(14.1668494359947,5.00000016409231,4.01656609306783));
#2891=CARTESIAN_POINT('Ctrl Pts',(14.3009475384421,5.00000016409231,4.89225413090106));
#2892=CARTESIAN_POINT('Ctrl Pts',(14.4680570447975,5.00000016391277,5.45782128346448));
#2893=CARTESIAN_POINT('Ctrl Pts',(14.8533886083788,5.00000016391277,6.38889778736086));
#2894=CARTESIAN_POINT('Ctrl Pts',(15.0402120056309,5.00000016391277,6.75870782621316));
#2895=CARTESIAN_POINT('Ctrl Pts',(15.2500003278255,5.00000016391277,7.12113421585943));
#2896=CARTESIAN_POINT('Origin',(54.25,5.00000016391277,10.0000001043081));
#2897=CARTESIAN_POINT('',(14.142135565779,5.00000016391277,3.));
#2898=CARTESIAN_POINT('Origin',(54.25,5.00000016391277,10.0000001043081));
#2899=CARTESIAN_POINT('',(100.,5.00000016391277,7.50000005215406));
#2900=CARTESIAN_POINT('Origin',(0.,0.,3.));
#2901=CARTESIAN_POINT('',(14.1421356816829,-4.99999983608723,3.));
#2902=CARTESIAN_POINT('Origin',(54.25,-4.99999983608723,10.0000001043081));
#2903=CARTESIAN_POINT('Origin',(0.,0.,-32.));
#2904=CARTESIAN_POINT('',(-12.2928847828901,-25.1572054035139,-32.));
#2905=CARTESIAN_POINT('',(-15.6115466174123,-25.6179548795832,-30.));
#2906=CARTESIAN_POINT('Ctrl Pts',(-12.2928847828901,-25.1572054035139,-32.));
#2907=CARTESIAN_POINT('Ctrl Pts',(-12.2950348973024,-25.1561547658013,-31.9979440459331));
#2908=CARTESIAN_POINT('Ctrl Pts',(-12.2971862701471,-25.1551067001502,-31.9958880906213));
#2909=CARTESIAN_POINT('Ctrl Pts',(-12.5607747776624,-25.0270865922883,-31.7441377714584));
#2910=CARTESIAN_POINT('Ctrl Pts',(-12.8430647605712,-24.9369372102782,-31.4922164485045));
#2911=CARTESIAN_POINT('Ctrl Pts',(-13.4173619230496,-24.8455029043168,-31.0271197674281));
#2912=CARTESIAN_POINT('Ctrl Pts',(-13.7131754212928,-24.8388859177147,-30.8082772788318));
#2913=CARTESIAN_POINT('Ctrl Pts',(-14.2950711948864,-24.9183169873526,-30.4382120423716));
#2914=CARTESIAN_POINT('Ctrl Pts',(-14.5841672511495,-24.9980619928459,-30.2804535499729));
#2915=CARTESIAN_POINT('Ctrl Pts',(-15.0823357041582,-25.2281104078864,-30.0827078701697));
#2916=CARTESIAN_POINT('Ctrl Pts',(-15.2917270006197,-25.3557744139292,-30.0243152857181));
#2917=CARTESIAN_POINT('Ctrl Pts',(-15.5294471438739,-25.5464036956921,-30.0020311396659));
#2918=CARTESIAN_POINT('Ctrl Pts',(-15.5710535428177,-25.5816856449484,-30.));
#2919=CARTESIAN_POINT('Ctrl Pts',(-15.6115466174123,-25.6179548795832,-30.));
#2920=CARTESIAN_POINT('',(-25.6179548795832,-15.6115466174123,-30.));
#2921=CARTESIAN_POINT('Origin',(0.,0.,-30.));
#2922=CARTESIAN_POINT('',(-25.1572054035139,-12.2928847828901,-32.));
#2923=CARTESIAN_POINT('Ctrl Pts',(-25.6179548795832,-15.6115466174123,-30.));
#2924=CARTESIAN_POINT('Ctrl Pts',(-25.4577971753118,-15.4327372785537,-30.));
#2925=CARTESIAN_POINT('Ctrl Pts',(-25.322158330024,-15.2378816331787,-30.0393331421034));
#2926=CARTESIAN_POINT('Ctrl Pts',(-25.0729103661153,-14.7760093303525,-30.1928779416769));
#2927=CARTESIAN_POINT('Ctrl Pts',(-24.9781103290476,-14.5092112263415,-30.3226860827891));
#2928=CARTESIAN_POINT('Ctrl Pts',(-24.8470173927322,-13.9069790246182,-30.6725425832248));
#2929=CARTESIAN_POINT('Ctrl Pts',(-24.8361361473522,-13.5710609334919,-30.9105961224849));
#2930=CARTESIAN_POINT('Ctrl Pts',(-24.9137776248559,-12.9177168500426,-31.4258116474898));
#2931=CARTESIAN_POINT('Ctrl Pts',(-25.0104650599742,-12.5949978772087,-31.7114516869584));
#2932=CARTESIAN_POINT('Ctrl Pts',(-25.1551067001506,-12.2971862701462,-31.9958880906217));
#2933=CARTESIAN_POINT('Ctrl Pts',(-25.1561547658011,-12.2950348973028,-31.9979440459326));
#2934=CARTESIAN_POINT('Ctrl Pts',(-25.1572054035139,-12.29288478289,-32.));
#2935=CARTESIAN_POINT('Origin',(0.,0.,-32.));
#2936=CARTESIAN_POINT('Origin',(0.,0.,-30.));
#2937=CARTESIAN_POINT('',(-15.7312999246165,-25.7312999246165,-30.));
#2938=CARTESIAN_POINT('Origin',(-13.6099795810568,-27.8526202681761,-30.));
#2939=CARTESIAN_POINT('',(-37.4730880654188,-47.4730880654188,-30.));
#2940=CARTESIAN_POINT('',(-7.11919964354081,-17.1191996435408,-30.));
#2941=CARTESIAN_POINT('',(-47.4730880654188,-37.4730880654188,-30.));
#2942=CARTESIAN_POINT('',(-41.2230880654188,-43.7230880654188,-30.));
#2943=CARTESIAN_POINT('',(-25.7312999246165,-15.7312999246165,-30.));
#2944=CARTESIAN_POINT('',(-42.5,-32.5,-30.));
#2945=CARTESIAN_POINT('Origin',(-27.8526202681761,-13.6099795810568,-30.));
#2946=CARTESIAN_POINT('Origin',(-13.6099795810568,-27.8526202681761,-20.));
#2947=CARTESIAN_POINT('',(-12.2928847828901,-25.1572054035139,-6.));
#2948=CARTESIAN_POINT('',(-12.2928847828901,-25.1572054035139,-20.));
#2949=CARTESIAN_POINT('',(-15.7312999246165,-25.7312999246165,-6.));
#2950=CARTESIAN_POINT('Origin',(-13.6099795810568,-27.8526202681761,-6.));
#2951=CARTESIAN_POINT('',(-15.7312999246165,-25.7312999246165,-20.));
#2952=CARTESIAN_POINT('Origin',(-27.8526202681761,-13.6099795810568,-20.));
#2953=CARTESIAN_POINT('',(-25.7312999246165,-15.7312999246165,-6.));
#2954=CARTESIAN_POINT('',(-25.7312999246165,-15.7312999246165,-20.));
#2955=CARTESIAN_POINT('',(-25.1572054035139,-12.2928847828901,-6.));
#2956=CARTESIAN_POINT('Origin',(-27.8526202681761,-13.6099795810568,-6.));
#2957=CARTESIAN_POINT('',(-25.1572054035139,-12.2928847828901,-20.));
#2958=CARTESIAN_POINT('Origin',(0.,0.,-32.));
#2959=CARTESIAN_POINT('',(-25.1572054035139,12.2928847828901,-32.));
#2960=CARTESIAN_POINT('',(-25.6179548795832,15.6115466174123,-30.));
#2961=CARTESIAN_POINT('Ctrl Pts',(-25.1572054035139,12.2928847828901,-32.));
#2962=CARTESIAN_POINT('Ctrl Pts',(-25.1561547658017,12.2950348973016,-31.9979440459338));
#2963=CARTESIAN_POINT('Ctrl Pts',(-25.1551067001513,12.2971862701446,-31.9958880906236));
#2964=CARTESIAN_POINT('Ctrl Pts',(-25.0270865922897,12.5607747776587,-31.7441377714619));
#2965=CARTESIAN_POINT('Ctrl Pts',(-24.9369372102788,12.8430647605687,-31.4922164485066));
#2966=CARTESIAN_POINT('Ctrl Pts',(-24.8455029043168,13.4173619230484,-31.0271197674291));
#2967=CARTESIAN_POINT('Ctrl Pts',(-24.8388859177146,13.7131754212921,-30.8082772788322));
#2968=CARTESIAN_POINT('Ctrl Pts',(-24.9183169873526,14.2950711948864,-30.4382120423716));
#2969=CARTESIAN_POINT('Ctrl Pts',(-24.9980619928459,14.5841672511495,-30.2804535499729));
#2970=CARTESIAN_POINT('Ctrl Pts',(-25.2281104078864,15.0823357041583,-30.0827078701697));
#2971=CARTESIAN_POINT('Ctrl Pts',(-25.3557744139292,15.2917270006197,-30.0243152857181));
#2972=CARTESIAN_POINT('Ctrl Pts',(-25.5464036956921,15.5294471438739,-30.0020311396659));
#2973=CARTESIAN_POINT('Ctrl Pts',(-25.5816856449483,15.5710535428177,-30.));
#2974=CARTESIAN_POINT('Ctrl Pts',(-25.6179548795832,15.6115466174123,-30.));
#2975=CARTESIAN_POINT('',(-15.6115466174123,25.6179548795832,-30.));
#2976=CARTESIAN_POINT('Origin',(0.,0.,-30.));
#2977=CARTESIAN_POINT('',(-12.2928847828901,25.1572054035139,-32.));
#2978=CARTESIAN_POINT('Ctrl Pts',(-15.6115466174123,25.6179548795832,-30.));
#2979=CARTESIAN_POINT('Ctrl Pts',(-15.4327372785538,25.4577971753118,-30.));
#2980=CARTESIAN_POINT('Ctrl Pts',(-15.2378816331787,25.322158330024,-30.0393331421034));
#2981=CARTESIAN_POINT('Ctrl Pts',(-14.7760093303525,25.0729103661153,-30.1928779416769));
#2982=CARTESIAN_POINT('Ctrl Pts',(-14.5092112263415,24.9781103290476,-30.3226860827891));
#2983=CARTESIAN_POINT('Ctrl Pts',(-13.906979024618,24.8470173927322,-30.672542583225));
#2984=CARTESIAN_POINT('Ctrl Pts',(-13.5710609334916,24.8361361473522,-30.9105961224851));
#2985=CARTESIAN_POINT('Ctrl Pts',(-12.9177168500418,24.913777624856,-31.4258116474904));
#2986=CARTESIAN_POINT('Ctrl Pts',(-12.5949978771898,25.0104650599833,-31.7114516869622));
#2987=CARTESIAN_POINT('Ctrl Pts',(-12.2971862701465,25.1551067001504,-31.9958880906218));
#2988=CARTESIAN_POINT('Ctrl Pts',(-12.295034897302,25.1561547658015,-31.9979440459335));
#2989=CARTESIAN_POINT('Ctrl Pts',(-12.29288478289,25.1572054035139,-32.));
#2990=CARTESIAN_POINT('Origin',(0.,0.,-32.));
#2991=CARTESIAN_POINT('Origin',(0.,0.,-30.));
#2992=CARTESIAN_POINT('',(-25.7312999246165,15.7312999246165,-30.));
#2993=CARTESIAN_POINT('Origin',(-27.8526202681761,13.6099795810568,-30.));
#2994=CARTESIAN_POINT('',(-47.4730880654188,37.4730880654188,-30.));
#2995=CARTESIAN_POINT('',(-15.,5.,-30.));
#2996=CARTESIAN_POINT('',(-37.4730880654188,47.4730880654188,-30.));
#2997=CARTESIAN_POINT('',(-43.7230880654188,41.2230880654188,-30.));
#2998=CARTESIAN_POINT('',(-15.7312999246165,25.7312999246165,-30.));
#2999=CARTESIAN_POINT('',(15.,-5.,-30.));
#3000=CARTESIAN_POINT('Origin',(-13.6099795810568,27.8526202681761,-30.));
#3001=CARTESIAN_POINT('Origin',(-27.8526202681761,13.6099795810568,-20.));
#3002=CARTESIAN_POINT('',(-25.1572054035139,12.2928847828901,-6.));
#3003=CARTESIAN_POINT('',(-25.1572054035139,12.2928847828901,-20.));
#3004=CARTESIAN_POINT('',(-25.7312999246165,15.7312999246165,-6.));
#3005=CARTESIAN_POINT('Origin',(-27.8526202681761,13.6099795810568,-6.));
#3006=CARTESIAN_POINT('',(-25.7312999246165,15.7312999246165,-20.));
#3007=CARTESIAN_POINT('Origin',(-13.6099795810568,27.8526202681761,-20.));
#3008=CARTESIAN_POINT('',(-15.7312999246165,25.7312999246165,-6.));
#3009=CARTESIAN_POINT('',(-15.7312999246165,25.7312999246165,-20.));
#3010=CARTESIAN_POINT('',(-12.2928847828901,25.1572054035139,-6.));
#3011=CARTESIAN_POINT('Origin',(-13.6099795810568,27.8526202681761,-6.));
#3012=CARTESIAN_POINT('',(-12.2928847828901,25.1572054035139,-20.));
#3013=CARTESIAN_POINT('Origin',(0.,0.,-32.));
#3014=CARTESIAN_POINT('',(25.6179548795832,15.6115466174123,-30.));
#3015=CARTESIAN_POINT('',(25.1572054035139,12.29288478289,-32.));
#3016=CARTESIAN_POINT('Ctrl Pts',(25.6179548795832,15.6115466174123,-30.));
#3017=CARTESIAN_POINT('Ctrl Pts',(25.4577971753118,15.4327372785538,-30.));
#3018=CARTESIAN_POINT('Ctrl Pts',(25.322158330024,15.2378816331787,-30.0393331421034));
#3019=CARTESIAN_POINT('Ctrl Pts',(25.0729103661153,14.7760093303525,-30.1928779416769));
#3020=CARTESIAN_POINT('Ctrl Pts',(24.9781103290476,14.5092112263414,-30.3226860827891));
#3021=CARTESIAN_POINT('Ctrl Pts',(24.8470173927321,13.9069790246179,-30.672542583225));
#3022=CARTESIAN_POINT('Ctrl Pts',(24.8361361473522,13.5710609334915,-30.9105961224852));
#3023=CARTESIAN_POINT('Ctrl Pts',(24.913777624856,12.917716850042,-31.4258116474902));
#3024=CARTESIAN_POINT('Ctrl Pts',(25.0104650600701,12.5949978770117,-31.7114516869888));
#3025=CARTESIAN_POINT('Ctrl Pts',(25.1551067001491,12.2971862701492,-31.9958880906235));
#3026=CARTESIAN_POINT('Ctrl Pts',(25.1561547658012,12.2950348973026,-31.9979440459329));
#3027=CARTESIAN_POINT('Ctrl Pts',(25.1572054035139,12.29288478289,-32.));
#3028=CARTESIAN_POINT('',(12.2928847828901,25.1572054035139,-32.));
#3029=CARTESIAN_POINT('Origin',(0.,0.,-32.));
#3030=CARTESIAN_POINT('',(15.6115466174123,25.6179548795832,-30.));
#3031=CARTESIAN_POINT('Ctrl Pts',(12.2928847828901,25.1572054035139,-32.));
#3032=CARTESIAN_POINT('Ctrl Pts',(12.2950348973014,25.1561547658018,-31.997944045934));
#3033=CARTESIAN_POINT('Ctrl Pts',(12.2971862701456,25.1551067001509,-31.9958880906206));
#3034=CARTESIAN_POINT('Ctrl Pts',(12.5607747777266,25.0270865922569,-31.7441377714602));
#3035=CARTESIAN_POINT('Ctrl Pts',(12.8430647605679,24.9369372102788,-31.4922164485072));
#3036=CARTESIAN_POINT('Ctrl Pts',(13.4173619230494,24.8455029043168,-31.0271197674283));
#3037=CARTESIAN_POINT('Ctrl Pts',(13.7131754212927,24.8388859177147,-30.8082772788318));
#3038=CARTESIAN_POINT('Ctrl Pts',(14.2950711948864,24.9183169873526,-30.4382120423716));
#3039=CARTESIAN_POINT('Ctrl Pts',(14.5841672511495,24.9980619928459,-30.2804535499729));
#3040=CARTESIAN_POINT('Ctrl Pts',(15.0823357041582,25.2281104078864,-30.0827078701697));
#3041=CARTESIAN_POINT('Ctrl Pts',(15.2917270006197,25.3557744139292,-30.0243152857181));
#3042=CARTESIAN_POINT('Ctrl Pts',(15.5294471438739,25.5464036956921,-30.0020311396659));
#3043=CARTESIAN_POINT('Ctrl Pts',(15.5710535428177,25.5816856449483,-30.));
#3044=CARTESIAN_POINT('Ctrl Pts',(15.6115466174123,25.6179548795832,-30.));
#3045=CARTESIAN_POINT('Origin',(0.,0.,-30.));
#3046=CARTESIAN_POINT('Origin',(0.,0.,-20.));
#3047=CARTESIAN_POINT('',(-3.42901103761259E-15,-28.,-60.));
#3048=CARTESIAN_POINT('Origin',(0.,0.,-60.));
#3049=CARTESIAN_POINT('',(-1.59307487548792E-15,-28.,-23.2679810523987));
#3050=CARTESIAN_POINT('',(-3.42901103761259E-15,-28.,-20.));
#3051=CARTESIAN_POINT('',(-1.29817188457186E-15,-28.,-19.7679810523987));
#3052=CARTESIAN_POINT('Ctrl Pts',(9.0205620750794E-16,-28.,-19.7679810523987));
#3053=CARTESIAN_POINT('Ctrl Pts',(-0.219795302516465,-28.,-19.7679810523987));
#3054=CARTESIAN_POINT('Ctrl Pts',(-0.454202009092249,-27.9971462665709,
-19.8119189175486));
#3055=CARTESIAN_POINT('Ctrl Pts',(-0.885348995099975,-27.9868300401115,
-19.9905306842317));
#3056=CARTESIAN_POINT('Ctrl Pts',(-1.08209409900965,-27.9795148449773,-20.1252014172554));
#3057=CARTESIAN_POINT('Ctrl Pts',(-1.39277971536436,-27.9657709224841,-20.4358870336101));
#3058=CARTESIAN_POINT('Ctrl Pts',(-1.52745038716401,-27.9584494835498,-20.6326321015339));
#3059=CARTESIAN_POINT('Ctrl Pts',(-1.70606210421155,-27.9481189764095,-21.0637789709701));
#3060=CARTESIAN_POINT('Ctrl Pts',(-1.75,-27.9452589896748,-21.298185636377));
#3061=CARTESIAN_POINT('Ctrl Pts',(-1.75,-27.9452589896748,-21.7377764684204));
#3062=CARTESIAN_POINT('Ctrl Pts',(-1.70606210421155,-27.9481189764095,-21.9721831338273));
#3063=CARTESIAN_POINT('Ctrl Pts',(-1.52745038716402,-27.9584494835498,-22.4033300032635));
#3064=CARTESIAN_POINT('Ctrl Pts',(-1.39277971536436,-27.9657709224841,-22.6000750711872));
#3065=CARTESIAN_POINT('Ctrl Pts',(-1.08209409900965,-27.9795148449773,-22.910760687542));
#3066=CARTESIAN_POINT('Ctrl Pts',(-0.885348995099977,-27.9868300401115,
-23.0454314205657));
#3067=CARTESIAN_POINT('Ctrl Pts',(-0.454202009092251,-27.9971462665709,
-23.2240431872488));
#3068=CARTESIAN_POINT('Ctrl Pts',(-0.219795302516466,-28.,-23.2679810523987));
#3069=CARTESIAN_POINT('Ctrl Pts',(3.46944695195361E-16,-28.,-23.2679810523987));
#3070=CARTESIAN_POINT('',(-3.42901103761259E-15,-28.,-6.));
#3071=CARTESIAN_POINT('',(-3.42901103761259E-15,-28.,-20.));
#3072=CARTESIAN_POINT('Origin',(0.,0.,-6.));
#3073=CARTESIAN_POINT('Origin',(0.,0.,-6.));
#3074=CARTESIAN_POINT('',(12.2928847828901,25.1572054035139,-6.));
#3075=CARTESIAN_POINT('Origin',(0.,0.,-6.));
#3076=CARTESIAN_POINT('',(12.2928847828901,25.1572054035139,-20.));
#3077=CARTESIAN_POINT('',(25.1572054035139,12.2928847828901,-6.));
#3078=CARTESIAN_POINT('',(25.1572054035139,12.29288478289,-20.));
#3079=CARTESIAN_POINT('',(25.1572054035139,-12.2928847828901,-6.));
#3080=CARTESIAN_POINT('Origin',(0.,0.,-6.));
#3081=CARTESIAN_POINT('',(25.1572054035139,-12.2928847828901,-32.));
#3082=CARTESIAN_POINT('',(25.1572054035139,-12.2928847828901,-20.));
#3083=CARTESIAN_POINT('',(12.2928847828901,-25.1572054035139,-32.));
#3084=CARTESIAN_POINT('Origin',(0.,0.,-32.));
#3085=CARTESIAN_POINT('',(12.2928847828901,-25.1572054035139,-6.));
#3086=CARTESIAN_POINT('',(12.2928847828901,-25.1572054035139,-20.));
#3087=CARTESIAN_POINT('Origin',(0.,0.,-6.));
#3088=CARTESIAN_POINT('',(1.75,-27.9452589896748,-21.5179810523987));
#3089=CARTESIAN_POINT('Ctrl Pts',(1.75,-27.9452589896748,-21.5179810523987));
#3090=CARTESIAN_POINT('Ctrl Pts',(1.75,-27.9452589896748,-21.298185636377));
#3091=CARTESIAN_POINT('Ctrl Pts',(1.70606210421156,-27.9481189764095,-21.0637789709701));
#3092=CARTESIAN_POINT('Ctrl Pts',(1.52745038716402,-27.9584494835498,-20.6326321015339));
#3093=CARTESIAN_POINT('Ctrl Pts',(1.39277971536436,-27.9657709224841,-20.4358870336101));
#3094=CARTESIAN_POINT('Ctrl Pts',(1.08209409900965,-27.9795148449773,-20.1252014172554));
#3095=CARTESIAN_POINT('Ctrl Pts',(0.885348995099977,-27.9868300401115,-19.9905306842317));
#3096=CARTESIAN_POINT('Ctrl Pts',(0.454202009092251,-27.9971462665709,-19.8119189175486));
#3097=CARTESIAN_POINT('Ctrl Pts',(0.219795302516468,-28.,-19.7679810523987));
#3098=CARTESIAN_POINT('Ctrl Pts',(1.38777878078145E-15,-28.,-19.7679810523987));
#3099=CARTESIAN_POINT('Ctrl Pts',(2.77555756156289E-16,-28.,-23.2679810523987));
#3100=CARTESIAN_POINT('Ctrl Pts',(0.219795302516466,-28.,-23.2679810523987));
#3101=CARTESIAN_POINT('Ctrl Pts',(0.45420200909225,-27.9971462665709,-23.2240431872488));
#3102=CARTESIAN_POINT('Ctrl Pts',(0.885348995099976,-27.9868300401115,-23.0454314205657));
#3103=CARTESIAN_POINT('Ctrl Pts',(1.08209409900965,-27.9795148449773,-22.910760687542));
#3104=CARTESIAN_POINT('Ctrl Pts',(1.39277971536436,-27.9657709224841,-22.6000750711873));
#3105=CARTESIAN_POINT('Ctrl Pts',(1.52745038716401,-27.9584494835498,-22.4033300032635));
#3106=CARTESIAN_POINT('Ctrl Pts',(1.70606210421156,-27.9481189764095,-21.9721831338273));
#3107=CARTESIAN_POINT('Ctrl Pts',(1.75,-27.9452589896748,-21.7377764684204));
#3108=CARTESIAN_POINT('Ctrl Pts',(1.75,-27.9452589896748,-21.5179810523987));
#3109=CARTESIAN_POINT('Origin',(27.8526202681761,13.6099795810568,-20.));
#3110=CARTESIAN_POINT('',(25.7312999246165,15.7312999246165,-30.));
#3111=CARTESIAN_POINT('Origin',(27.8526202681761,13.6099795810568,-30.));
#3112=CARTESIAN_POINT('',(25.7312999246165,15.7312999246165,-6.));
#3113=CARTESIAN_POINT('',(25.7312999246165,15.7312999246165,-20.));
#3114=CARTESIAN_POINT('Origin',(27.8526202681761,13.6099795810568,-6.));
#3115=CARTESIAN_POINT('Origin',(0.,0.,-30.));
#3116=CARTESIAN_POINT('',(15.7312999246165,25.7312999246165,-30.));
#3117=CARTESIAN_POINT('Origin',(13.6099795810568,27.8526202681761,-30.));
#3118=CARTESIAN_POINT('',(37.4730880654188,47.4730880654188,-30.));
#3119=CARTESIAN_POINT('',(-42.5,-32.5,-30.));
#3120=CARTESIAN_POINT('',(47.4730880654188,37.4730880654188,-30.));
#3121=CARTESIAN_POINT('',(41.2230880654188,43.7230880654188,-30.));
#3122=CARTESIAN_POINT('',(-7.11919964354081,-17.1191996435408,-30.));
#3123=CARTESIAN_POINT('Origin',(0.,0.,-32.));
#3124=CARTESIAN_POINT('',(15.6115466174123,-25.6179548795832,-30.));
#3125=CARTESIAN_POINT('Ctrl Pts',(15.6115466174123,-25.6179548795832,-30.));
#3126=CARTESIAN_POINT('Ctrl Pts',(15.4327372785538,-25.4577971753118,-30.));
#3127=CARTESIAN_POINT('Ctrl Pts',(15.2378816331787,-25.322158330024,-30.0393331421034));
#3128=CARTESIAN_POINT('Ctrl Pts',(14.7760093303525,-25.0729103661153,-30.1928779416769));
#3129=CARTESIAN_POINT('Ctrl Pts',(14.5092112263415,-24.9781103290476,-30.3226860827891));
#3130=CARTESIAN_POINT('Ctrl Pts',(13.9069790246182,-24.8470173927322,-30.6725425832248));
#3131=CARTESIAN_POINT('Ctrl Pts',(13.5710609334919,-24.8361361473522,-30.9105961224849));
#3132=CARTESIAN_POINT('Ctrl Pts',(12.9177168500427,-24.9137776248559,-31.4258116474897));
#3133=CARTESIAN_POINT('Ctrl Pts',(12.5949978771921,-25.0104650599823,-31.7114516869605));
#3134=CARTESIAN_POINT('Ctrl Pts',(12.2971862701471,-25.1551067001502,-31.9958880906213));
#3135=CARTESIAN_POINT('Ctrl Pts',(12.2950348973024,-25.1561547658013,-31.9979440459331));
#3136=CARTESIAN_POINT('Ctrl Pts',(12.2928847828901,-25.1572054035139,-32.));
#3137=CARTESIAN_POINT('',(25.6179548795832,-15.6115466174123,-30.));
#3138=CARTESIAN_POINT('Ctrl Pts',(25.1572054035139,-12.2928847828901,-32.));
#3139=CARTESIAN_POINT('Ctrl Pts',(25.1561547658013,-12.2950348973024,-31.9979440459331));
#3140=CARTESIAN_POINT('Ctrl Pts',(25.1551067001499,-12.2971862701475,-31.9958880906251));
#3141=CARTESIAN_POINT('Ctrl Pts',(25.027086592353,-12.5607747775292,-31.7441377714583));
#3142=CARTESIAN_POINT('Ctrl Pts',(24.9369372102778,-12.8430647605747,-31.4922164485017));
#3143=CARTESIAN_POINT('Ctrl Pts',(24.8455029043168,-13.4173619230484,-31.0271197674291));
#3144=CARTESIAN_POINT('Ctrl Pts',(24.8388859177146,-13.7131754212922,-30.8082772788322));
#3145=CARTESIAN_POINT('Ctrl Pts',(24.9183169873526,-14.2950711948864,-30.4382120423716));
#3146=CARTESIAN_POINT('Ctrl Pts',(24.9980619928459,-14.5841672511495,-30.2804535499729));
#3147=CARTESIAN_POINT('Ctrl Pts',(25.2281104078864,-15.0823357041583,-30.0827078701697));
#3148=CARTESIAN_POINT('Ctrl Pts',(25.3557744139292,-15.2917270006197,-30.0243152857181));
#3149=CARTESIAN_POINT('Ctrl Pts',(25.5464036956921,-15.5294471438739,-30.0020311396659));
#3150=CARTESIAN_POINT('Ctrl Pts',(25.5816856449483,-15.5710535428177,-30.));
#3151=CARTESIAN_POINT('Ctrl Pts',(25.6179548795832,-15.6115466174123,-30.));
#3152=CARTESIAN_POINT('Origin',(0.,0.,-30.));
#3153=CARTESIAN_POINT('Origin',(13.6099795810568,-27.8526202681761,-20.));
#3154=CARTESIAN_POINT('',(15.7312999246165,-25.7312999246165,-30.));
#3155=CARTESIAN_POINT('Origin',(13.6099795810568,-27.8526202681761,-30.));
#3156=CARTESIAN_POINT('',(15.7312999246165,-25.7312999246165,-6.));
#3157=CARTESIAN_POINT('',(15.7312999246165,-25.7312999246165,-20.));
#3158=CARTESIAN_POINT('Origin',(13.6099795810568,-27.8526202681761,-6.));
#3159=CARTESIAN_POINT('Origin',(0.,0.,-30.));
#3160=CARTESIAN_POINT('',(25.7312999246165,-15.7312999246165,-30.));
#3161=CARTESIAN_POINT('Origin',(27.8526202681761,-13.6099795810568,-30.));
#3162=CARTESIAN_POINT('',(47.4730880654188,-37.4730880654188,-30.));
#3163=CARTESIAN_POINT('',(15.,-5.,-30.));
#3164=CARTESIAN_POINT('',(37.4730880654188,-47.4730880654188,-30.));
#3165=CARTESIAN_POINT('',(43.7230880654188,-41.2230880654188,-30.));
#3166=CARTESIAN_POINT('',(-15.,5.,-30.));
#3167=CARTESIAN_POINT('Origin',(27.8526202681761,-13.6099795810568,-20.));
#3168=CARTESIAN_POINT('',(25.7312999246165,-15.7312999246165,-6.));
#3169=CARTESIAN_POINT('Origin',(27.8526202681761,-13.6099795810568,-6.));
#3170=CARTESIAN_POINT('',(25.7312999246165,-15.7312999246165,-20.));
#3171=CARTESIAN_POINT('Origin',(0.,0.,-6.));
#3172=CARTESIAN_POINT('',(27.8526202681761,13.6099795810568,-3.));
#3173=CARTESIAN_POINT('Origin',(27.8526202681761,13.6099795810568,-6.));
#3174=CARTESIAN_POINT('',(27.8526202681761,-13.6099795810568,-3.));
#3175=CARTESIAN_POINT('Origin',(0.,0.,-3.));
#3176=CARTESIAN_POINT('Origin',(27.8526202681761,-13.6099795810568,-6.));
#3177=CARTESIAN_POINT('Origin',(27.8526202681761,-13.6099795810568,-6.));
#3178=CARTESIAN_POINT('Origin',(27.8526202681761,-13.6099795810568,-6.));
#3179=CARTESIAN_POINT('Origin',(13.6099795810568,27.8526202681761,-20.));
#3180=CARTESIAN_POINT('',(15.7312999246165,25.7312999246165,-6.));
#3181=CARTESIAN_POINT('Origin',(13.6099795810568,27.8526202681761,-6.));
#3182=CARTESIAN_POINT('',(15.7312999246165,25.7312999246165,-20.));
#3183=CARTESIAN_POINT('Origin',(0.,0.,-6.));
#3184=CARTESIAN_POINT('',(-13.6099795810569,27.8526202681761,-3.));
#3185=CARTESIAN_POINT('Origin',(-13.6099795810568,27.8526202681761,-6.));
#3186=CARTESIAN_POINT('',(13.6099795810569,27.8526202681761,-3.));
#3187=CARTESIAN_POINT('Origin',(0.,0.,-3.));
#3188=CARTESIAN_POINT('Origin',(13.6099795810568,27.8526202681761,-6.));
#3189=CARTESIAN_POINT('Origin',(13.6099795810569,27.8526202681761,-6.));
#3190=CARTESIAN_POINT('Origin',(13.6099795810569,27.8526202681762,-6.));
#3191=CARTESIAN_POINT('Origin',(-13.6099795810569,27.8526202681761,-6.));
#3192=CARTESIAN_POINT('Origin',(-13.6099795810569,27.8526202681762,-6.));
#3193=CARTESIAN_POINT('Origin',(27.8526202681761,13.6099795810568,-6.));
#3194=CARTESIAN_POINT('Origin',(27.8526202681761,13.6099795810568,-6.));
#3195=CARTESIAN_POINT('Origin',(0.,0.,-6.));
#3196=CARTESIAN_POINT('',(-27.8526202681761,-13.6099795810569,-3.));
#3197=CARTESIAN_POINT('Origin',(-27.8526202681761,-13.6099795810569,-6.));
#3198=CARTESIAN_POINT('',(-27.8526202681761,13.6099795810569,-3.));
#3199=CARTESIAN_POINT('Origin',(0.,0.,-3.));
#3200=CARTESIAN_POINT('Origin',(-27.8526202681761,13.6099795810568,-6.));
#3201=CARTESIAN_POINT('Origin',(-27.8526202681761,13.6099795810568,-6.));
#3202=CARTESIAN_POINT('Origin',(-27.8526202681761,13.6099795810568,-6.));
#3203=CARTESIAN_POINT('Origin',(-27.8526202681761,-13.6099795810568,-6.));
#3204=CARTESIAN_POINT('Origin',(-27.8526202681761,-13.6099795810568,-6.));
#3205=CARTESIAN_POINT('Origin',(0.,0.,-6.));
#3206=CARTESIAN_POINT('',(13.6099795810569,-27.8526202681761,-3.));
#3207=CARTESIAN_POINT('Origin',(13.6099795810569,-27.8526202681761,-6.));
#3208=CARTESIAN_POINT('',(-13.6099795810568,-27.8526202681761,-3.));
#3209=CARTESIAN_POINT('Origin',(0.,0.,-3.));
#3210=CARTESIAN_POINT('Origin',(-13.6099795810568,-27.8526202681761,-6.));
#3211=CARTESIAN_POINT('Origin',(-13.6099795810568,-27.8526202681761,-6.));
#3212=CARTESIAN_POINT('Origin',(-13.6099795810569,-27.8526202681761,-6.));
#3213=CARTESIAN_POINT('Origin',(13.6099795810569,-27.8526202681761,-6.));
#3214=CARTESIAN_POINT('Origin',(13.6099795810569,-27.8526202681762,-6.));
#3215=CARTESIAN_POINT('Origin',(17.1213203435596,-2.87867965644036,-6.));
#3216=CARTESIAN_POINT('',(-67.8786796564403,77.8786796564404,-6.));
#3217=CARTESIAN_POINT('',(15.,-5.,-6.));
#3218=CARTESIAN_POINT('',(-65.7573593128807,80.,-3.));
#3219=CARTESIAN_POINT('Origin',(-65.7573593128807,80.,-6.));
#3220=CARTESIAN_POINT('',(17.1213203435596,-2.87867965644036,-3.));
#3221=CARTESIAN_POINT('Origin',(25.,-15.,0.));
#3222=CARTESIAN_POINT('',(-67.8786796564403,77.8786796564403,-11.304347826087));
#3223=CARTESIAN_POINT('',(-59.0952105656521,69.0952105656521,-16.7050874403816));
#3224=CARTESIAN_POINT('',(-67.8786796564403,77.8786796564404,0.));
#3225=CARTESIAN_POINT('Origin',(-25.,15.,0.));
#3226=CARTESIAN_POINT('',(-77.8786796564403,67.8786796564404,-6.));
#3227=CARTESIAN_POINT('',(-15.,5.,-6.));
#3228=CARTESIAN_POINT('',(-77.8786796564403,67.8786796564403,-11.304347826087));
#3229=CARTESIAN_POINT('',(-77.8786796564403,67.8786796564404,0.));
#3230=CARTESIAN_POINT('',(-45.9672296435536,35.9672296435536,-30.9259153927024));
#3231=CARTESIAN_POINT('Origin',(-17.1213203435596,2.87867965644036,-6.));
#3232=CARTESIAN_POINT('',(-80.,65.7573593128807,-3.));
#3233=CARTESIAN_POINT('',(-17.1213203435596,2.87867965644036,-3.));
#3234=CARTESIAN_POINT('Origin',(-80.,65.7573593128807,-6.));
#3235=CARTESIAN_POINT('Origin',(-44.6213203435596,-30.3786796564404,-6.));
#3236=CARTESIAN_POINT('',(-77.8786796564404,-67.8786796564403,-6.));
#3237=CARTESIAN_POINT('',(-42.5,-32.5,-6.));
#3238=CARTESIAN_POINT('',(-80.,-65.7573593128807,-3.));
#3239=CARTESIAN_POINT('Origin',(-80.,-65.7573593128807,-6.));
#3240=CARTESIAN_POINT('',(-44.6213203435596,-30.3786796564404,-3.));
#3241=CARTESIAN_POINT('Origin',(-80.,-70.,0.));
#3242=CARTESIAN_POINT('',(-77.8786796564403,-67.8786796564403,-11.304347826087));
#3243=CARTESIAN_POINT('',(-69.0952105656521,-59.0952105656521,-16.7050874403816));
#3244=CARTESIAN_POINT('',(-77.8786796564404,-67.8786796564403,0.));
#3245=CARTESIAN_POINT('Origin',(-19.2383992870816,-29.2383992870816,0.));
#3246=CARTESIAN_POINT('',(-70.,-80.,-6.));
#3247=CARTESIAN_POINT('',(-7.11919964354081,-17.1191996435408,-6.));
#3248=CARTESIAN_POINT('',(-70.,-80.,-8.03306012069972));
#3249=CARTESIAN_POINT('',(-70.,-80.,0.));
#3250=CARTESIAN_POINT('',(-68.7245054680922,-78.7245054680922,-10.7842702894594));
#3251=CARTESIAN_POINT('Origin',(-67.8786796564404,-77.8786796564404,-8.03306012069972));
#3252=CARTESIAN_POINT('',(-37.7495136044965,-47.7495136044965,-29.8300327189783));
#3253=CARTESIAN_POINT('Origin',(-4.99787929998117,-19.2405199871005,-6.));
#3254=CARTESIAN_POINT('',(-70.,-84.2426406871193,-3.));
#3255=CARTESIAN_POINT('',(-4.99787929998117,-19.2405199871005,-3.));
#3256=CARTESIAN_POINT('Origin',(-70.,-84.2426406871193,-6.));
#3257=CARTESIAN_POINT('Origin',(0.,0.,-3.));
#3258=CARTESIAN_POINT('',(97.,-97.,-3.));
#3259=CARTESIAN_POINT('',(97.,97.,-3.));
#3260=CARTESIAN_POINT('',(97.,0.,-3.));
#3261=CARTESIAN_POINT('',(-97.,-97.,-3.));
#3262=CARTESIAN_POINT('',(0.,-97.,-3.));
#3263=CARTESIAN_POINT('',(-97.,97.,-3.));
#3264=CARTESIAN_POINT('',(-97.,0.,-3.));
#3265=CARTESIAN_POINT('',(0.,97.,-3.));
#3266=CARTESIAN_POINT('',(-74.2426406871193,80.,-3.));
#3267=CARTESIAN_POINT('Origin',(-70.,75.7573593128807,-3.));
#3268=CARTESIAN_POINT('',(-80.,74.2426406871193,-3.));
#3269=CARTESIAN_POINT('',(-79.6213203435596,74.6213203435597,-3.));
#3270=CARTESIAN_POINT('Origin',(-75.7573593128807,70.,-3.));
#3271=CARTESIAN_POINT('',(-80.,-74.2426406871193,-3.));
#3272=CARTESIAN_POINT('Origin',(-75.7573593128807,-70.,-3.));
#3273=CARTESIAN_POINT('',(-74.6213203435597,-79.6213203435596,-3.));
#3274=CARTESIAN_POINT('',(65.7573593128807,-80.,-3.));
#3275=CARTESIAN_POINT('',(-17.1213203435596,2.87867965644036,-3.));
#3276=CARTESIAN_POINT('',(74.2426406871193,-80.,-3.));
#3277=CARTESIAN_POINT('Origin',(70.,-75.7573593128807,-3.));
#3278=CARTESIAN_POINT('',(80.,-74.2426406871193,-3.));
#3279=CARTESIAN_POINT('',(79.6213203435596,-74.6213203435597,-3.));
#3280=CARTESIAN_POINT('',(80.,-65.7573593128807,-3.));
#3281=CARTESIAN_POINT('Origin',(75.7573593128807,-70.,-3.));
#3282=CARTESIAN_POINT('',(17.1213203435596,-2.87867965644036,-3.));
#3283=CARTESIAN_POINT('',(80.,65.7573593128807,-3.));
#3284=CARTESIAN_POINT('',(-4.99787929998117,-19.2405199871005,-3.));
#3285=CARTESIAN_POINT('',(80.,74.2426406871193,-3.));
#3286=CARTESIAN_POINT('Origin',(75.7573593128807,70.,-3.));
#3287=CARTESIAN_POINT('',(74.2426406871193,80.,-3.));
#3288=CARTESIAN_POINT('',(74.6213203435597,79.6213203435596,-3.));
#3289=CARTESIAN_POINT('',(65.7573593128807,80.,-3.));
#3290=CARTESIAN_POINT('Origin',(70.,75.7573593128807,-3.));
#3291=CARTESIAN_POINT('',(-44.6213203435596,-30.3786796564404,-3.));
#3292=CARTESIAN_POINT('Origin',(0.,-1.36436014138178E-15,-20.));
#3293=CARTESIAN_POINT('',(20.7,-3.8993790156168E-15,-60.));
#3294=CARTESIAN_POINT('Origin',(0.,-1.36436014138178E-15,-60.));
#3295=CARTESIAN_POINT('',(20.7,1.17065873285324E-15,-20.));
#3296=CARTESIAN_POINT('',(-1.75,-20.625893920022,-21.5179810523987));
#3297=CARTESIAN_POINT('',(1.9889186723823E-15,-20.7,-19.7679810523987));
#3298=CARTESIAN_POINT('Ctrl Pts',(-1.75,-20.625893920022,-21.5179810523987));
#3299=CARTESIAN_POINT('Ctrl Pts',(-1.75,-20.625893920022,-21.737827764052));
#3300=CARTESIAN_POINT('Ctrl Pts',(-1.70604208746987,-20.6297708717664,-21.9722563843906));
#3301=CARTESIAN_POINT('Ctrl Pts',(-1.52741560010752,-20.6437648549271,-22.403389034719));
#3302=CARTESIAN_POINT('Ctrl Pts',(-1.39275277337219,-20.6536788310979,-22.6001020131794));
#3303=CARTESIAN_POINT('Ctrl Pts',(-1.08212123010924,-20.6722815166895,-22.9107335564424));
#3304=CARTESIAN_POINT('Ctrl Pts',(-0.88540813275521,-20.682180012627,-23.0453965922217));
#3305=CARTESIAN_POINT('Ctrl Pts',(-0.454275087983351,-20.6961385717243,
-23.2240232389224));
#3306=CARTESIAN_POINT('Ctrl Pts',(-0.219846330423884,-20.7,-23.2679810523987));
#3307=CARTESIAN_POINT('Ctrl Pts',(0.219846330423888,-20.7,-23.2679810523987));
#3308=CARTESIAN_POINT('Ctrl Pts',(0.454275087983355,-20.6961385717243,-23.2240232389224));
#3309=CARTESIAN_POINT('Ctrl Pts',(0.885408132755213,-20.682180012627,-23.0453965922217));
#3310=CARTESIAN_POINT('Ctrl Pts',(1.08212123010924,-20.6722815166895,-22.9107335564424));
#3311=CARTESIAN_POINT('Ctrl Pts',(1.39275277337219,-20.6536788310979,-22.6001020131794));
#3312=CARTESIAN_POINT('Ctrl Pts',(1.52741560010753,-20.6437648549271,-22.403389034719));
#3313=CARTESIAN_POINT('Ctrl Pts',(1.70604208746987,-20.6297708717664,-21.9722563843906));
#3314=CARTESIAN_POINT('Ctrl Pts',(1.75,-20.625893920022,-21.737827764052));
#3315=CARTESIAN_POINT('Ctrl Pts',(1.75,-20.625893920022,-21.2981343407454));
#3316=CARTESIAN_POINT('Ctrl Pts',(1.70604208746987,-20.6297708717664,-21.0637057204067));
#3317=CARTESIAN_POINT('Ctrl Pts',(1.52741560010752,-20.6437648549271,-20.6325730700784));
#3318=CARTESIAN_POINT('Ctrl Pts',(1.39275277337219,-20.6536788310979,-20.435860091618));
#3319=CARTESIAN_POINT('Ctrl Pts',(1.08212123010924,-20.6722815166895,-20.125228548355));
#3320=CARTESIAN_POINT('Ctrl Pts',(0.885408132755211,-20.682180012627,-19.9905655125757));
#3321=CARTESIAN_POINT('Ctrl Pts',(0.454275087983352,-20.6961385717243,-19.8119388658749));
#3322=CARTESIAN_POINT('Ctrl Pts',(0.219846330423888,-20.7,-19.7679810523987));
#3323=CARTESIAN_POINT('Ctrl Pts',(1.87350135405495E-15,-20.7,-19.7679810523987));
#3324=CARTESIAN_POINT('Ctrl Pts',(2.0122792321331E-15,-20.7,-19.7679810523987));
#3325=CARTESIAN_POINT('Ctrl Pts',(-0.219846330423884,-20.7,-19.7679810523987));
#3326=CARTESIAN_POINT('Ctrl Pts',(-0.454275087983348,-20.6961385717243,
-19.8119388658749));
#3327=CARTESIAN_POINT('Ctrl Pts',(-0.885408132755207,-20.682180012627,-19.9905655125757));
#3328=CARTESIAN_POINT('Ctrl Pts',(-1.08212123010924,-20.6722815166895,-20.125228548355));
#3329=CARTESIAN_POINT('Ctrl Pts',(-1.39275277337219,-20.6536788310979,-20.435860091618));
#3330=CARTESIAN_POINT('Ctrl Pts',(-1.52741560010752,-20.6437648549271,-20.6325730700784));
#3331=CARTESIAN_POINT('Ctrl Pts',(-1.70604208746987,-20.6297708717664,-21.0637057204067));
#3332=CARTESIAN_POINT('Ctrl Pts',(-1.75,-20.625893920022,-21.2981343407454));
#3333=CARTESIAN_POINT('Ctrl Pts',(-1.75,-20.625893920022,-21.5179810523987));
#3334=CARTESIAN_POINT('Origin',(0.,-97.,0.));
#3335=CARTESIAN_POINT('',(97.,-100.,0.));
#3336=CARTESIAN_POINT('Origin',(97.,-97.,0.));
#3337=CARTESIAN_POINT('',(-97.,-100.,0.));
#3338=CARTESIAN_POINT('',(0.,-100.,0.));
#3339=CARTESIAN_POINT('Origin',(-97.,-97.,0.));
#3340=CARTESIAN_POINT('Origin',(-97.,0.,0.));
#3341=CARTESIAN_POINT('',(-100.,-97.,0.));
#3342=CARTESIAN_POINT('Origin',(-97.,-97.,0.));
#3343=CARTESIAN_POINT('',(-100.,97.,0.));
#3344=CARTESIAN_POINT('',(-100.,0.,0.));
#3345=CARTESIAN_POINT('Origin',(-97.,97.,0.));
#3346=CARTESIAN_POINT('Origin',(-97.,-97.,0.));
#3347=CARTESIAN_POINT('Origin',(-97.,-97.,0.));
#3348=CARTESIAN_POINT('Origin',(0.,97.,0.));
#3349=CARTESIAN_POINT('',(-97.,100.,0.));
#3350=CARTESIAN_POINT('Origin',(-97.,97.,0.));
#3351=CARTESIAN_POINT('',(97.,100.,0.));
#3352=CARTESIAN_POINT('',(0.,100.,0.));
#3353=CARTESIAN_POINT('Origin',(97.,97.,0.));
#3354=CARTESIAN_POINT('Origin',(-97.,97.,0.));
#3355=CARTESIAN_POINT('Origin',(-97.,97.,0.));
#3356=CARTESIAN_POINT('Origin',(97.,0.,0.));
#3357=CARTESIAN_POINT('',(100.,97.,0.));
#3358=CARTESIAN_POINT('Origin',(97.,97.,0.));
#3359=CARTESIAN_POINT('',(100.,-97.,0.));
#3360=CARTESIAN_POINT('',(100.,0.,0.));
#3361=CARTESIAN_POINT('Origin',(97.,-97.,0.));
#3362=CARTESIAN_POINT('Origin',(97.,97.,0.));
#3363=CARTESIAN_POINT('Origin',(97.,97.,0.));
#3364=CARTESIAN_POINT('Origin',(97.,-97.,0.));
#3365=CARTESIAN_POINT('Origin',(97.,-97.,0.));
#3366=CARTESIAN_POINT('Origin',(-97.,-97.,5.));
#3367=CARTESIAN_POINT('',(-97.,-100.,5.));
#3368=CARTESIAN_POINT('',(-100.,-97.,5.));
#3369=CARTESIAN_POINT('Origin',(0.,-100.,5.));
#3370=CARTESIAN_POINT('',(97.,-100.,5.));
#3371=CARTESIAN_POINT('Origin',(97.,-97.,5.));
#3372=CARTESIAN_POINT('',(100.,-97.,5.));
#3373=CARTESIAN_POINT('Origin',(100.,0.,5.));
#3374=CARTESIAN_POINT('',(100.,97.,5.));
#3375=CARTESIAN_POINT('Origin',(-74.6213203435597,-79.6213203435596,-6.));
#3376=CARTESIAN_POINT('',(-77.8786796564404,-72.1213203435597,-6.));
#3377=CARTESIAN_POINT('Origin',(-80.,-74.2426406871193,-6.));
#3378=CARTESIAN_POINT('',(-72.5,-77.5,-6.));
#3379=CARTESIAN_POINT('Origin',(-75.7573593128807,-70.,-6.));
#3380=CARTESIAN_POINT('Origin',(-75.7573593128807,-70.,-6.));
#3381=CARTESIAN_POINT('Origin',(-75.7573593128807,70.,-6.));
#3382=CARTESIAN_POINT('',(-77.8786796564404,72.1213203435597,-6.));
#3383=CARTESIAN_POINT('Origin',(-80.,74.2426406871193,-6.));
#3384=CARTESIAN_POINT('Origin',(-75.7573593128807,70.,-6.));
#3385=CARTESIAN_POINT('Origin',(-79.6213203435596,74.6213203435597,-6.));
#3386=CARTESIAN_POINT('',(-72.1213203435597,77.8786796564404,-6.));
#3387=CARTESIAN_POINT('Origin',(-74.2426406871193,80.,-6.));
#3388=CARTESIAN_POINT('',(-77.5,72.5,-6.));
#3389=CARTESIAN_POINT('Origin',(-70.,75.7573593128807,-6.));
#3390=CARTESIAN_POINT('Origin',(-70.,75.7573593128807,-6.));
#3391=CARTESIAN_POINT('Origin',(-44.6213203435596,-30.3786796564404,-6.));
#3392=CARTESIAN_POINT('',(67.8786796564404,77.8786796564403,-6.));
#3393=CARTESIAN_POINT('Origin',(65.7573593128807,80.,-6.));
#3394=CARTESIAN_POINT('',(-42.5,-32.5,-6.));
#3395=CARTESIAN_POINT('Origin',(70.,75.7573593128807,-6.));
#3396=CARTESIAN_POINT('',(72.1213203435597,77.8786796564404,-6.));
#3397=CARTESIAN_POINT('Origin',(74.2426406871193,80.,-6.));
#3398=CARTESIAN_POINT('Origin',(70.,75.7573593128807,-6.));
#3399=CARTESIAN_POINT('Origin',(74.6213203435597,79.6213203435596,-6.));
#3400=CARTESIAN_POINT('',(77.8786796564404,72.1213203435597,-6.));
#3401=CARTESIAN_POINT('Origin',(80.,74.2426406871193,-6.));
#3402=CARTESIAN_POINT('',(72.5,77.5,-6.));
#3403=CARTESIAN_POINT('Origin',(75.7573593128807,70.,-6.));
#3404=CARTESIAN_POINT('',(77.8786796564404,67.8786796564403,-6.));
#3405=CARTESIAN_POINT('Origin',(80.,65.7573593128807,-6.));
#3406=CARTESIAN_POINT('Origin',(75.7573593128807,70.,-6.));
#3407=CARTESIAN_POINT('Origin',(-4.99787929998117,-19.2405199871005,-6.));
#3408=CARTESIAN_POINT('',(-7.11919964354081,-17.1191996435408,-6.));
#3409=CARTESIAN_POINT('Origin',(17.1213203435596,-2.87867965644036,-6.));
#3410=CARTESIAN_POINT('',(77.8786796564403,-67.8786796564404,-6.));
#3411=CARTESIAN_POINT('Origin',(80.,-65.7573593128807,-6.));
#3412=CARTESIAN_POINT('',(15.,-5.,-6.));
#3413=CARTESIAN_POINT('Origin',(75.7573593128807,-70.,-6.));
#3414=CARTESIAN_POINT('',(77.8786796564404,-72.1213203435597,-6.));
#3415=CARTESIAN_POINT('Origin',(80.,-74.2426406871193,-6.));
#3416=CARTESIAN_POINT('Origin',(75.7573593128807,-70.,-6.));
#3417=CARTESIAN_POINT('Origin',(79.6213203435596,-74.6213203435597,-6.));
#3418=CARTESIAN_POINT('',(72.1213203435597,-77.8786796564404,-6.));
#3419=CARTESIAN_POINT('Origin',(74.2426406871193,-80.,-6.));
#3420=CARTESIAN_POINT('',(77.5,-72.5,-6.));
#3421=CARTESIAN_POINT('Origin',(70.,-75.7573593128807,-6.));
#3422=CARTESIAN_POINT('',(67.8786796564403,-77.8786796564404,-6.));
#3423=CARTESIAN_POINT('Origin',(65.7573593128807,-80.,-6.));
#3424=CARTESIAN_POINT('Origin',(70.,-75.7573593128807,-6.));
#3425=CARTESIAN_POINT('Origin',(-17.1213203435596,2.87867965644036,-6.));
#3426=CARTESIAN_POINT('',(-15.,5.,-6.));
#3427=CARTESIAN_POINT('Origin',(-80.,-70.,0.));
#3428=CARTESIAN_POINT('',(67.8786796564403,77.8786796564403,-11.304347826087));
#3429=CARTESIAN_POINT('',(67.8786796564404,77.8786796564403,0.));
#3430=CARTESIAN_POINT('',(35.9672296435536,45.9672296435536,-30.9259153927024));
#3431=CARTESIAN_POINT('Origin',(70.,75.7573593128807,0.));
#3432=CARTESIAN_POINT('',(72.1213203435597,77.8786796564404,-10.));
#3433=CARTESIAN_POINT('',(72.1213203435597,77.8786796564404,0.));
#3434=CARTESIAN_POINT('Origin',(70.,75.7573593128807,-11.304347826087));
#3435=CARTESIAN_POINT('Origin',(70.,80.,0.));
#3436=CARTESIAN_POINT('',(77.8786796564404,72.1213203435597,-10.));
#3437=CARTESIAN_POINT('',(77.8786796564404,72.1213203435597,0.));
#3438=CARTESIAN_POINT('',(72.5,77.5,-10.));
#3439=CARTESIAN_POINT('Origin',(75.7573593128807,70.,0.));
#3440=CARTESIAN_POINT('',(77.8786796564403,67.8786796564403,-11.304347826087));
#3441=CARTESIAN_POINT('',(77.8786796564404,67.8786796564403,0.));
#3442=CARTESIAN_POINT('Origin',(75.7573593128807,70.,-11.304347826087));
#3443=CARTESIAN_POINT('Origin',(-19.2383992870816,-29.2383992870816,0.));
#3444=CARTESIAN_POINT('',(69.0952105656521,59.0952105656521,-16.7050874403816));
#3445=CARTESIAN_POINT('Origin',(25.,-15.,0.));
#3446=CARTESIAN_POINT('',(77.8786796564403,-67.8786796564403,-11.304347826087));
#3447=CARTESIAN_POINT('',(77.8786796564403,-67.8786796564404,0.));
#3448=CARTESIAN_POINT('',(45.9672296435536,-35.9672296435536,-30.9259153927024));
#3449=CARTESIAN_POINT('Origin',(75.7573593128807,-70.,0.));
#3450=CARTESIAN_POINT('',(77.8786796564404,-72.1213203435597,-10.));
#3451=CARTESIAN_POINT('',(77.8786796564404,-72.1213203435597,0.));
#3452=CARTESIAN_POINT('Origin',(75.7573593128807,-70.,-11.304347826087));
#3453=CARTESIAN_POINT('Origin',(80.,-70.,0.));
#3454=CARTESIAN_POINT('',(72.1213203435597,-77.8786796564404,-10.));
#3455=CARTESIAN_POINT('',(72.1213203435597,-77.8786796564404,0.));
#3456=CARTESIAN_POINT('',(77.5,-72.5,-10.));
#3457=CARTESIAN_POINT('Origin',(70.,-75.7573593128807,0.));
#3458=CARTESIAN_POINT('',(67.8786796564403,-77.8786796564403,-11.304347826087));
#3459=CARTESIAN_POINT('',(67.8786796564403,-77.8786796564404,0.));
#3460=CARTESIAN_POINT('Origin',(70.,-75.7573593128807,-11.304347826087));
#3461=CARTESIAN_POINT('Origin',(-25.,15.,0.));
#3462=CARTESIAN_POINT('',(59.0952105656521,-69.0952105656521,-16.7050874403816));
#3463=CARTESIAN_POINT('Origin',(-70.,-80.,0.));
#3464=CARTESIAN_POINT('',(-77.8786796564404,-72.1213203435597,-8.03306012069972));
#3465=CARTESIAN_POINT('',(-77.8786796564404,-72.1213203435597,0.));
#3466=CARTESIAN_POINT('',(-71.25,-78.75,-8.03306012069972));
#3467=CARTESIAN_POINT('Origin',(97.,97.,5.));
#3468=CARTESIAN_POINT('',(97.,100.,5.));
#3469=CARTESIAN_POINT('Origin',(-97.,97.,5.));
#3470=CARTESIAN_POINT('',(-100.,97.,5.));
#3471=CARTESIAN_POINT('',(-97.,100.,5.));
#3472=CARTESIAN_POINT('Origin',(-100.,0.,5.));
#3473=CARTESIAN_POINT('Origin',(0.,100.,5.));
#3474=CARTESIAN_POINT('Origin',(0.,0.,-60.));
#3475=CARTESIAN_POINT('Origin',(1.22464679914735E-15,-25.,-21.5179810523987));
#3476=CARTESIAN_POINT('',(1.43895998899814E-15,-25.,-19.7679810523987));
#3477=CARTESIAN_POINT('Origin',(-69.1286796564404,-76.6286796564404,-8.03306012069972));
#3478=CARTESIAN_POINT('',(-78.548584491332,-68.9004264448525,-10.7842702894594));
#3479=CARTESIAN_POINT('',(-69.9745054680922,-77.4745054680922,-10.7842702894594));
#3480=CARTESIAN_POINT('Origin',(-75.7573593128807,-70.,-8.03306012069972));
#3481=CARTESIAN_POINT('Origin',(-70.,75.7573593128807,0.));
#3482=CARTESIAN_POINT('',(-72.1213203435597,77.8786796564404,-10.));
#3483=CARTESIAN_POINT('Origin',(-70.,75.7573593128807,-11.304347826087));
#3484=CARTESIAN_POINT('',(-72.1213203435597,77.8786796564404,0.));
#3485=CARTESIAN_POINT('Origin',(-75.7573593128807,70.,0.));
#3486=CARTESIAN_POINT('',(-77.8786796564404,72.1213203435597,-10.));
#3487=CARTESIAN_POINT('',(-77.8786796564404,72.1213203435597,0.));
#3488=CARTESIAN_POINT('Origin',(-75.7573593128807,70.,-11.304347826087));
#3489=CARTESIAN_POINT('Origin',(-75.7573593128807,-70.,0.));
#3490=CARTESIAN_POINT('Origin',(-75.7573593128807,-70.,-11.304347826087));
#3491=CARTESIAN_POINT('Origin',(48.1048160490641,53.1048160490641,-25.));
#3492=CARTESIAN_POINT('Origin',(53.1048160490641,-48.1048160490641,-25.));
#3493=CARTESIAN_POINT('Origin',(-48.1048160490641,-53.1048160490641,-25.));
#3494=CARTESIAN_POINT('Origin',(-53.1048160490641,48.1048160490641,-25.));
#3495=CARTESIAN_POINT('',(-77.5,72.5,-10.));
#3496=CARTESIAN_POINT('Origin',(-80.,70.,0.));
#3497=UNCERTAINTY_MEASURE_WITH_UNIT(LENGTH_MEASURE(0.01),#3501,
'DISTANCE_ACCURACY_VALUE',
'Maximum model space distance between geometric entities at asserted c
onnectivities');
#3498=UNCERTAINTY_MEASURE_WITH_UNIT(LENGTH_MEASURE(0.01),#3501,
'DISTANCE_ACCURACY_VALUE',
'Maximum model space distance between geometric entities at asserted c
onnectivities');
#3499=(
GEOMETRIC_REPRESENTATION_CONTEXT(3)
GLOBAL_UNCERTAINTY_ASSIGNED_CONTEXT((#3497))
GLOBAL_UNIT_ASSIGNED_CONTEXT((#3501,#3503,#3504))
REPRESENTATION_CONTEXT('','3D')
);
#3500=(
GEOMETRIC_REPRESENTATION_CONTEXT(3)
GLOBAL_UNCERTAINTY_ASSIGNED_CONTEXT((#3498))
GLOBAL_UNIT_ASSIGNED_CONTEXT((#3501,#3503,#3504))
REPRESENTATION_CONTEXT('','3D')
);
#3501=(
LENGTH_UNIT()
NAMED_UNIT(*)
SI_UNIT(.MILLI.,.METRE.)
);
#3502=(
LENGTH_UNIT()
NAMED_UNIT(*)
SI_UNIT($,.METRE.)
);
#3503=(
NAMED_UNIT(*)
PLANE_ANGLE_UNIT()
SI_UNIT($,.RADIAN.)
);
#3504=(
NAMED_UNIT(*)
SI_UNIT($,.STERADIAN.)
SOLID_ANGLE_UNIT()
);
#3505=SHAPE_DEFINITION_REPRESENTATION(#3506,#3507);
#3506=PRODUCT_DEFINITION_SHAPE('',$,#3509);
#3507=SHAPE_REPRESENTATION('',(#1795),#3499);
#3508=PRODUCT_DEFINITION_CONTEXT('part definition',#3513,'design');
#3509=PRODUCT_DEFINITION('DUT-STOOL V1.0','DUT-STOOL V1.0 v37',#3510,#3508);
#3510=PRODUCT_DEFINITION_FORMATION('',$,#3515);
#3511=PRODUCT_RELATED_PRODUCT_CATEGORY('DUT-STOOL V1.0 v37',
'DUT-STOOL V1.0 v37',(#3515));
#3512=APPLICATION_PROTOCOL_DEFINITION('international standard',
'automotive_design',2009,#3513);
#3513=APPLICATION_CONTEXT(
'Core Data for Automotive Mechanical Design Process');
#3514=PRODUCT_CONTEXT('part definition',#3513,'mechanical');
#3515=PRODUCT('DUT-STOOL V1.0','DUT-STOOL V1.0 v37',$,(#3514));
#3516=PRESENTATION_STYLE_ASSIGNMENT((#3518));
#3517=PRESENTATION_STYLE_ASSIGNMENT((#3519));
#3518=SURFACE_STYLE_USAGE(.BOTH.,#3520);
#3519=SURFACE_STYLE_USAGE(.BOTH.,#3521);
#3520=SURFACE_SIDE_STYLE('',(#3522));
#3521=SURFACE_SIDE_STYLE('',(#3523));
#3522=SURFACE_STYLE_FILL_AREA(#3524);
#3523=SURFACE_STYLE_FILL_AREA(#3525);
#3524=FILL_AREA_STYLE('Steel - Satin',(#3526));
#3525=FILL_AREA_STYLE('Plastic - Translucent Matte (Red)',(#3527));
#3526=FILL_AREA_STYLE_COLOUR('Steel - Satin',#3528);
#3527=FILL_AREA_STYLE_COLOUR('Plastic - Translucent Matte (Red)',#3529);
#3528=COLOUR_RGB('Steel - Satin',0.627450980392157,0.627450980392157,0.627450980392157);
#3529=COLOUR_RGB('Plastic - Translucent Matte (Red)',0.768627450980392,
0.207843137254902,0.152941176470588);
ENDSEC;
END-ISO-10303-21;
