ISO-10303-21;
HEADER;
/* Generated by software containing ST-Developer
 * from STEP Tools, Inc. (www.steptools.com) 
 */

FILE_DESCRIPTION(
/* description */ ('STEP AP214'),
/* implementation_level */ '2;1');

FILE_NAME(
/* name */ 'Gravity-Tripod-01.step',
/* time_stamp */ '2026-04-20T14:19:55+02:00',
/* author */ (''),
/* organization */ (''),
/* preprocessor_version */ 'ST-DEVELOPER v20.1',
/* originating_system */ 'Autodesk Translation Framework v15.8.0.0',
/* authorisation */ '');

FILE_SCHEMA (('AUTOMOTIVE_DESIGN { 1 0 10303 214 3 1 1 }'));
ENDSEC;

DATA;
#10=MECHANICAL_DESIGN_GEOMETRIC_PRESENTATION_REPRESENTATION('',(#54,#55,
#56,#57,#58),#3992);
#11=SHAPE_REPRESENTATION_RELATIONSHIP('SRR','None',#3998,#12);
#12=ADVANCED_BREP_SHAPE_REPRESENTATION('',(#59,#60,#61,#62,#63),#3991);
#13=CONICAL_SURFACE('',#1134,47.250003144145,0.998766805549256);
#14=TOROIDAL_SURFACE('',#1130,31.1633491179293,2.);
#15=(
BOUNDED_CURVE()
B_SPLINE_CURVE(2,(#1852,#1853,#1854),.UNSPECIFIED.,.F.,.F.)
B_SPLINE_CURVE_WITH_KNOTS((3,3),(-0.382907704236747,-0.271454372525172),
 .UNSPECIFIED.)
CURVE()
GEOMETRIC_REPRESENTATION_ITEM()
RATIONAL_B_SPLINE_CURVE((1.,0.995298550712778,0.993695166672711))
REPRESENTATION_ITEM('')
);
#16=(
BOUNDED_CURVE()
B_SPLINE_CURVE(2,(#1882,#1883,#1884),.UNSPECIFIED.,.F.,.F.)
B_SPLINE_CURVE_WITH_KNOTS((3,3),(-0.0730713750501134,-0.0446371094421622),
 .UNSPECIFIED.)
CURVE()
GEOMETRIC_REPRESENTATION_ITEM()
RATIONAL_B_SPLINE_CURVE((0.997802753387692,0.998800553956331,1.))
REPRESENTATION_ITEM('')
);
#17=(
BOUNDED_CURVE()
B_SPLINE_CURVE(2,(#3551,#3552,#3553),.UNSPECIFIED.,.F.,.F.)
B_SPLINE_CURVE_WITH_KNOTS((3,3),(5.95446242273904,7.92698900997991),
 .UNSPECIFIED.)
CURVE()
GEOMETRIC_REPRESENTATION_ITEM()
RATIONAL_B_SPLINE_CURVE((1.46323534435428,1.46323534435428,1.41240040593482))
REPRESENTATION_ITEM('')
);
#18=(
BOUNDED_CURVE()
B_SPLINE_CURVE(2,(#3564,#3565,#3566),.UNSPECIFIED.,.F.,.F.)
B_SPLINE_CURVE_WITH_KNOTS((3,3),(2.06178819047335,4.4229993863496),
 .UNSPECIFIED.)
CURVE()
GEOMETRIC_REPRESENTATION_ITEM()
RATIONAL_B_SPLINE_CURVE((1.04434798539032,1.0475682014946,1.))
REPRESENTATION_ITEM('')
);
#19=(
BOUNDED_CURVE()
B_SPLINE_CURVE(2,(#3601,#3602,#3603),.UNSPECIFIED.,.F.,.F.)
B_SPLINE_CURVE_WITH_KNOTS((3,3),(0.,2.36121119587625),.UNSPECIFIED.)
CURVE()
GEOMETRIC_REPRESENTATION_ITEM()
RATIONAL_B_SPLINE_CURVE((1.,1.04756820149464,1.04434798539036))
REPRESENTATION_ITEM('')
);
#20=(
BOUNDED_CURVE()
B_SPLINE_CURVE(2,(#3614,#3615,#3616),.UNSPECIFIED.,.F.,.F.)
B_SPLINE_CURVE_WITH_KNOTS((3,3),(3.9819358354982,7.92698900997992),
 .UNSPECIFIED.)
CURVE()
GEOMETRIC_REPRESENTATION_ITEM()
RATIONAL_B_SPLINE_CURVE((1.41240040593482,1.51407028277373,1.41240040593482))
REPRESENTATION_ITEM('')
);
#21=(
BOUNDED_CURVE()
B_SPLINE_CURVE(2,(#3627,#3628,#3629),.UNSPECIFIED.,.F.,.F.)
B_SPLINE_CURVE_WITH_KNOTS((3,3),(2.06178819047338,4.4229993863496),
 .UNSPECIFIED.)
CURVE()
GEOMETRIC_REPRESENTATION_ITEM()
RATIONAL_B_SPLINE_CURVE((1.0443479853904,1.04756820149468,1.))
REPRESENTATION_ITEM('')
);
#22=(
BOUNDED_CURVE()
B_SPLINE_CURVE(2,(#3633,#3634,#3635),.UNSPECIFIED.,.F.,.F.)
B_SPLINE_CURVE_WITH_KNOTS((3,3),(0.,2.36121119587624),.UNSPECIFIED.)
CURVE()
GEOMETRIC_REPRESENTATION_ITEM()
RATIONAL_B_SPLINE_CURVE((1.,1.0475682014946,1.04434798539032))
REPRESENTATION_ITEM('')
);
#23=(
BOUNDED_CURVE()
B_SPLINE_CURVE(2,(#3645,#3646,#3647),.UNSPECIFIED.,.F.,.F.)
B_SPLINE_CURVE_WITH_KNOTS((3,3),(3.98193583549819,5.95446242273904),
 .UNSPECIFIED.)
CURVE()
GEOMETRIC_REPRESENTATION_ITEM()
RATIONAL_B_SPLINE_CURVE((1.41240040593482,1.46323534435428,1.46323534435428))
REPRESENTATION_ITEM('')
);
#24=(
BOUNDED_SURFACE()
B_SPLINE_SURFACE(2,2,((#1806,#1807,#1808,#1809,#1810),(#1811,#1812,#1813,
#1814,#1815),(#1816,#1817,#1818,#1819,#1820)),.UNSPECIFIED.,.F.,.F.,.F.)
B_SPLINE_SURFACE_WITH_KNOTS((3,3),(3,2,3),(0.,1.1237909657599),(-0.852977337346229,
0.00132846912146944,0.855634275589168),.UNSPECIFIED.)
GEOMETRIC_REPRESENTATION_ITEM()
RATIONAL_B_SPLINE_SURFACE(((1.,0.910148935567415,1.,0.910148935567415,1.),
(0.846246735240018,0.770210565306103,0.846246735240018,0.770210565306103,
0.846246735240018),(1.,0.910148935567415,1.,0.910148935567415,1.)))
REPRESENTATION_ITEM('')
SURFACE()
);
#25=(
BOUNDED_SURFACE()
B_SPLINE_SURFACE(2,2,((#1822,#1823,#1824,#1825,#1826,#1827,#1828,#1829,
#1830),(#1831,#1832,#1833,#1834,#1835,#1836,#1837,#1838,#1839),(#1840,#1841,
#1842,#1843,#1844,#1845,#1846,#1847,#1848)),.UNSPECIFIED.,.F.,.T.,.F.)
B_SPLINE_SURFACE_WITH_KNOTS((3,3),(3,2,2,2,3),(0.0446371094421622,0.382907704236747),
(-3.14159265358979,-1.5707963267949,0.,1.5707963267949,3.14159265358979),
 .UNSPECIFIED.)
GEOMETRIC_REPRESENTATION_ITEM()
RATIONAL_B_SPLINE_SURFACE(((1.,0.707106781186548,1.,0.707106781186548,1.,
0.707106781186548,1.,0.707106781186548,1.),(0.985730690842864,0.697016855918689,
0.985730690842864,0.697016855918689,0.985730690842864,0.697016855918689,
0.985730690842864,0.697016855918689,0.985730690842864),(1.,0.707106781186548,
1.,0.707106781186548,1.,0.707106781186548,1.,0.707106781186548,1.)))
REPRESENTATION_ITEM('')
SURFACE()
);
#26=(
BOUNDED_SURFACE()
B_SPLINE_SURFACE(2,2,((#2312,#2313,#2314,#2315,#2316),(#2317,#2318,#2319,
#2320,#2321),(#2322,#2323,#2324,#2325,#2326)),.UNSPECIFIED.,.F.,.F.,.F.)
B_SPLINE_SURFACE_WITH_KNOTS((3,3),(3,2,3),(0.,1.1237909657599),(-0.852977337346231,
0.00132846912146978,0.855634275589171),.UNSPECIFIED.)
GEOMETRIC_REPRESENTATION_ITEM()
RATIONAL_B_SPLINE_SURFACE(((1.,0.910148935567415,1.,0.910148935567415,1.),
(0.846246735240019,0.770210565306103,0.846246735240019,0.770210565306103,
0.846246735240019),(1.,0.910148935567415,1.,0.910148935567415,1.)))
REPRESENTATION_ITEM('')
SURFACE()
);
#27=(
BOUNDED_SURFACE()
B_SPLINE_SURFACE(2,2,((#2708,#2709,#2710,#2711,#2712),(#2713,#2714,#2715,
#2716,#2717),(#2718,#2719,#2720,#2721,#2722)),.UNSPECIFIED.,.F.,.F.,.F.)
B_SPLINE_SURFACE_WITH_KNOTS((3,3),(3,2,3),(0.,1.1237909657599),(-0.852977337346229,
0.00132846912147055,0.85563427558917),.UNSPECIFIED.)
GEOMETRIC_REPRESENTATION_ITEM()
RATIONAL_B_SPLINE_SURFACE(((1.,0.910148935567415,1.,0.910148935567415,1.),
(0.846246735240011,0.770210565306096,0.846246735240011,0.770210565306096,
0.846246735240011),(1.,0.910148935567415,1.,0.910148935567415,1.)))
REPRESENTATION_ITEM('')
SURFACE()
);
#28=(
BOUNDED_SURFACE()
B_SPLINE_SURFACE(2,2,((#3300,#3301,#3302,#3303,#3304),(#3305,#3306,#3307,
#3308,#3309),(#3310,#3311,#3312,#3313,#3314)),.UNSPECIFIED.,.F.,.F.,.F.)
B_SPLINE_SURFACE_WITH_KNOTS((3,3),(3,2,3),(0.,1.1237909657599),(-0.852977337346229,
0.00132846912146989,0.855634275589169),.UNSPECIFIED.)
GEOMETRIC_REPRESENTATION_ITEM()
RATIONAL_B_SPLINE_SURFACE(((1.,0.910148935567415,1.,0.910148935567415,1.),
(0.84624673524002,0.770210565306105,0.84624673524002,0.770210565306105,
0.84624673524002),(1.,0.910148935567415,1.,0.910148935567415,1.)))
REPRESENTATION_ITEM('')
SURFACE()
);
#29=(
BOUNDED_SURFACE()
B_SPLINE_SURFACE(2,2,((#3525,#3526,#3527,#3528,#3529),(#3530,#3531,#3532,
#3533,#3534),(#3535,#3536,#3537,#3538,#3539)),.UNSPECIFIED.,.F.,.F.,.F.)
B_SPLINE_SURFACE_WITH_KNOTS((3,3),(3,2,3),(0.,1.1237909657599),(-0.852977337346231,
0.00132846912146967,0.85563427558917),.UNSPECIFIED.)
GEOMETRIC_REPRESENTATION_ITEM()
RATIONAL_B_SPLINE_SURFACE(((1.,0.910148935567415,1.,0.910148935567415,1.),
(0.846246735240011,0.770210565306096,0.846246735240011,0.770210565306096,
0.846246735240011),(1.,0.910148935567415,1.,0.910148935567415,1.)))
REPRESENTATION_ITEM('')
SURFACE()
);
#30=(
BOUNDED_SURFACE()
B_SPLINE_SURFACE(2,2,((#3650,#3651,#3652,#3653,#3654),(#3655,#3656,#3657,
#3658,#3659),(#3660,#3661,#3662,#3663,#3664)),.UNSPECIFIED.,.F.,.F.,.F.)
B_SPLINE_SURFACE_WITH_KNOTS((3,3),(3,2,3),(0.,1.12379096575985),(-0.852977337346215,
0.00132846912147655,0.855634275589168),.UNSPECIFIED.)
GEOMETRIC_REPRESENTATION_ITEM()
RATIONAL_B_SPLINE_SURFACE(((1.,0.910148935567417,1.,0.910148935567417,1.),
(0.84624673524005,0.770210565306133,0.84624673524005,0.770210565306133,
0.84624673524005),(1.,0.910148935567417,1.,0.910148935567417,1.)))
REPRESENTATION_ITEM('')
SURFACE()
);
#31=(
BOUNDED_SURFACE()
B_SPLINE_SURFACE(2,2,((#3666,#3667,#3668,#3669,#3670),(#3671,#3672,#3673,
#3674,#3675),(#3676,#3677,#3678,#3679,#3680)),.UNSPECIFIED.,.F.,.F.,.F.)
B_SPLINE_SURFACE_WITH_KNOTS((3,3),(3,2,3),(0.,1.12379096575982),(-0.85297733734621,
0.00132846912147866,0.855634275589167),.UNSPECIFIED.)
GEOMETRIC_REPRESENTATION_ITEM()
RATIONAL_B_SPLINE_SURFACE(((1.,0.910148935567417,1.,0.910148935567417,1.),
(0.846246735240022,0.770210565306109,0.846246735240022,0.770210565306109,
0.846246735240022),(1.,0.910148935567417,1.,0.910148935567417,1.)))
REPRESENTATION_ITEM('')
SURFACE()
);
#32=(
BOUNDED_SURFACE()
B_SPLINE_SURFACE(2,2,((#3681,#3682,#3683,#3684,#3685),(#3686,#3687,#3688,
#3689,#3690),(#3691,#3692,#3693,#3694,#3695)),.UNSPECIFIED.,.F.,.F.,.F.)
B_SPLINE_SURFACE_WITH_KNOTS((3,3),(3,2,3),(0.,1.12379096575982),(-0.852977337346208,
0.00132846912147921,0.855634275589167),.UNSPECIFIED.)
GEOMETRIC_REPRESENTATION_ITEM()
RATIONAL_B_SPLINE_SURFACE(((1.,0.910148935567418,1.,0.910148935567418,1.),
(0.846246735240025,0.770210565306111,0.846246735240025,0.770210565306111,
0.846246735240025),(1.,0.910148935567418,1.,0.910148935567418,1.)))
REPRESENTATION_ITEM('')
SURFACE()
);
#33=B_SPLINE_SURFACE_WITH_KNOTS('',3,3,((#1592,#1593,#1594,#1595,#1596,
#1597,#1598,#1599,#1600,#1601),(#1602,#1603,#1604,#1605,#1606,#1607,#1608,
#1609,#1610,#1611),(#1612,#1613,#1614,#1615,#1616,#1617,#1618,#1619,#1620,
#1621),(#1622,#1623,#1624,#1625,#1626,#1627,#1628,#1629,#1630,#1631),(#1632,
#1633,#1634,#1635,#1636,#1637,#1638,#1639,#1640,#1641)),.UNSPECIFIED.,.F.,
 .F.,.F.,(4,1,4),(4,1,1,1,1,1,1,4),(0.,0.5,1.),(0.,0.188033221082582,0.376066442165164,
0.564099663247746,0.752132884330329,0.940166105412911,1.12819932649549,
1.31623254757807),.UNSPECIFIED.);
#34=B_SPLINE_SURFACE_WITH_KNOTS('',3,3,((#1668,#1669,#1670,#1671,#1672,
#1673,#1674,#1675,#1676,#1677,#1678,#1679,#1680,#1681,#1682,#1683,#1684,
#1685,#1686,#1687,#1688,#1689,#1690),(#1691,#1692,#1693,#1694,#1695,#1696,
#1697,#1698,#1699,#1700,#1701,#1702,#1703,#1704,#1705,#1706,#1707,#1708,
#1709,#1710,#1711,#1712,#1713),(#1714,#1715,#1716,#1717,#1718,#1719,#1720,
#1721,#1722,#1723,#1724,#1725,#1726,#1727,#1728,#1729,#1730,#1731,#1732,
#1733,#1734,#1735,#1736),(#1737,#1738,#1739,#1740,#1741,#1742,#1743,#1744,
#1745,#1746,#1747,#1748,#1749,#1750,#1751,#1752,#1753,#1754,#1755,#1756,
#1757,#1758,#1759)),.UNSPECIFIED.,.F.,.F.,.F.,(4,4),(4,1,1,1,1,1,1,1,1,
1,1,1,1,1,1,1,1,1,1,1,4),(0.,1.),(1.52786950009949E-13,0.344171695485036,
0.602300467098698,0.645321929034309,0.688343390969919,0.860429238712361,
0.946472162583582,0.989493624519192,1.0325150864548,1.11855801032602,1.16157947226163,
1.20460093419724,1.29064385806846,1.37668678193969,1.46272970581091,1.54877262968213,
1.63481555355335,1.72085847742457,1.89294432516701,2.06503017290945,2.40920186839434),
 .UNSPECIFIED.);
#35=B_SPLINE_SURFACE_WITH_KNOTS('',3,3,((#2133,#2134,#2135,#2136,#2137,
#2138,#2139,#2140,#2141,#2142),(#2143,#2144,#2145,#2146,#2147,#2148,#2149,
#2150,#2151,#2152),(#2153,#2154,#2155,#2156,#2157,#2158,#2159,#2160,#2161,
#2162),(#2163,#2164,#2165,#2166,#2167,#2168,#2169,#2170,#2171,#2172),(#2173,
#2174,#2175,#2176,#2177,#2178,#2179,#2180,#2181,#2182)),.UNSPECIFIED.,.F.,
 .F.,.F.,(4,1,4),(4,1,1,1,1,1,1,4),(0.,0.5,1.),(0.,0.188033221082582,0.376066442165164,
0.564099663247745,0.752132884330327,0.940166105412909,1.12819932649549,
1.31623254757807),.UNSPECIFIED.);
#36=B_SPLINE_SURFACE_WITH_KNOTS('',3,3,((#2197,#2198,#2199,#2200,#2201,
#2202,#2203,#2204,#2205,#2206,#2207,#2208,#2209,#2210,#2211,#2212,#2213,
#2214,#2215,#2216,#2217,#2218,#2219),(#2220,#2221,#2222,#2223,#2224,#2225,
#2226,#2227,#2228,#2229,#2230,#2231,#2232,#2233,#2234,#2235,#2236,#2237,
#2238,#2239,#2240,#2241,#2242),(#2243,#2244,#2245,#2246,#2247,#2248,#2249,
#2250,#2251,#2252,#2253,#2254,#2255,#2256,#2257,#2258,#2259,#2260,#2261,
#2262,#2263,#2264,#2265),(#2266,#2267,#2268,#2269,#2270,#2271,#2272,#2273,
#2274,#2275,#2276,#2277,#2278,#2279,#2280,#2281,#2282,#2283,#2284,#2285,
#2286,#2287,#2288)),.UNSPECIFIED.,.F.,.F.,.F.,(4,4),(4,1,1,1,1,1,1,1,1,
1,1,1,1,1,1,1,1,1,1,1,4),(0.,1.),(1.49179349223067E-13,0.344171695485031,
0.602300467098693,0.645321929034303,0.688343390969914,0.860429238712355,
0.946472162583575,0.989493624519186,1.0325150864548,1.11855801032602,1.16157947226163,
1.20460093419724,1.29064385806846,1.37668678193968,1.4627297058109,1.54877262968212,
1.63481555355334,1.72085847742456,1.892944325167,2.06503017290944,2.40920186839432),
 .UNSPECIFIED.);
#37=B_SPLINE_SURFACE_WITH_KNOTS('',3,3,((#2328,#2329,#2330,#2331,#2332,
#2333,#2334,#2335,#2336,#2337,#2338,#2339,#2340,#2341,#2342,#2343,#2344,
#2345,#2346,#2347,#2348,#2349,#2350,#2351,#2352,#2353,#2354,#2355,#2356),
(#2357,#2358,#2359,#2360,#2361,#2362,#2363,#2364,#2365,#2366,#2367,#2368,
#2369,#2370,#2371,#2372,#2373,#2374,#2375,#2376,#2377,#2378,#2379,#2380,
#2381,#2382,#2383,#2384,#2385),(#2386,#2387,#2388,#2389,#2390,#2391,#2392,
#2393,#2394,#2395,#2396,#2397,#2398,#2399,#2400,#2401,#2402,#2403,#2404,
#2405,#2406,#2407,#2408,#2409,#2410,#2411,#2412,#2413,#2414),(#2415,#2416,
#2417,#2418,#2419,#2420,#2421,#2422,#2423,#2424,#2425,#2426,#2427,#2428,
#2429,#2430,#2431,#2432,#2433,#2434,#2435,#2436,#2437,#2438,#2439,#2440,
#2441,#2442,#2443)),.UNSPECIFIED.,.F.,.F.,.F.,(4,4),(4,1,1,1,1,1,1,1,1,
1,1,1,1,1,1,1,1,1,1,1,1,1,1,1,1,1,4),(0.,1.),(0.,0.344110787533531,0.559180029741988,
0.60219387818368,0.645207726625371,0.688221575067063,0.774249271950445,
0.860276968833828,0.946304665717211,0.989318514158902,1.01082543837975,
1.03233236260059,1.11836005948398,1.20438775636736,1.29041545325074,1.37644315013413,
1.39795007435497,1.40870353646539,1.41945699857582,1.46247084701751,1.5054846954592,
1.54849854390089,1.63452624078427,1.72055393766766,1.89260933143442,2.06466472520119,
2.40877551273472),.UNSPECIFIED.);
#38=B_SPLINE_SURFACE_WITH_KNOTS('',3,3,((#2477,#2478,#2479,#2480,#2481,
#2482,#2483,#2484,#2485,#2486),(#2487,#2488,#2489,#2490,#2491,#2492,#2493,
#2494,#2495,#2496),(#2497,#2498,#2499,#2500,#2501,#2502,#2503,#2504,#2505,
#2506),(#2507,#2508,#2509,#2510,#2511,#2512,#2513,#2514,#2515,#2516),(#2517,
#2518,#2519,#2520,#2521,#2522,#2523,#2524,#2525,#2526)),.UNSPECIFIED.,.F.,
 .F.,.F.,(4,1,4),(4,1,1,1,1,1,1,4),(0.,0.5,1.),(1.92427268144398E-13,0.188033221082506,
0.37606644216482,0.564099663247134,0.752132884329448,0.940166105411762,
1.12819932649408,1.31623254757639),.UNSPECIFIED.);
#39=B_SPLINE_SURFACE_WITH_KNOTS('',3,3,((#2539,#2540,#2541,#2542,#2543,
#2544,#2545,#2546,#2547,#2548),(#2549,#2550,#2551,#2552,#2553,#2554,#2555,
#2556,#2557,#2558),(#2559,#2560,#2561,#2562,#2563,#2564,#2565,#2566,#2567,
#2568),(#2569,#2570,#2571,#2572,#2573,#2574,#2575,#2576,#2577,#2578),(#2579,
#2580,#2581,#2582,#2583,#2584,#2585,#2586,#2587,#2588)),.UNSPECIFIED.,.F.,
 .F.,.F.,(4,1,4),(4,1,1,1,1,1,1,4),(0.,0.5,1.),(0.,0.188033221082582,0.376066442165165,
0.564099663247747,0.75213288433033,0.940166105412912,1.12819932649549,1.31623254757808),
 .UNSPECIFIED.);
#40=B_SPLINE_SURFACE_WITH_KNOTS('',3,3,((#2603,#2604,#2605,#2606,#2607,
#2608,#2609,#2610,#2611,#2612,#2613,#2614,#2615,#2616,#2617,#2618,#2619,
#2620,#2621,#2622,#2623),(#2624,#2625,#2626,#2627,#2628,#2629,#2630,#2631,
#2632,#2633,#2634,#2635,#2636,#2637,#2638,#2639,#2640,#2641,#2642,#2643,
#2644),(#2645,#2646,#2647,#2648,#2649,#2650,#2651,#2652,#2653,#2654,#2655,
#2656,#2657,#2658,#2659,#2660,#2661,#2662,#2663,#2664,#2665),(#2666,#2667,
#2668,#2669,#2670,#2671,#2672,#2673,#2674,#2675,#2676,#2677,#2678,#2679,
#2680,#2681,#2682,#2683,#2684,#2685,#2686)),.UNSPECIFIED.,.F.,.F.,.F.,(4,
4),(4,1,1,1,1,1,1,1,1,1,1,1,1,1,1,1,1,1,4),(0.,1.),(1.5789390785931E-13,
0.0860276968834484,0.172055393766739,0.34411078753332,0.688221575066482,
0.860276968833062,1.03233236259964,1.11836005948293,1.16137390792458,1.20438775636622,
1.24740160480787,1.29041545324951,1.37644315013281,1.54849854389939,1.72055393766597,
2.06466472519913,2.23672011896571,2.322747815849,2.40877551273229),
 .UNSPECIFIED.);
#41=B_SPLINE_SURFACE_WITH_KNOTS('',3,3,((#2724,#2725,#2726,#2727,#2728,
#2729,#2730,#2731,#2732,#2733,#2734,#2735,#2736,#2737,#2738,#2739,#2740,
#2741,#2742,#2743,#2744,#2745,#2746,#2747),(#2748,#2749,#2750,#2751,#2752,
#2753,#2754,#2755,#2756,#2757,#2758,#2759,#2760,#2761,#2762,#2763,#2764,
#2765,#2766,#2767,#2768,#2769,#2770,#2771),(#2772,#2773,#2774,#2775,#2776,
#2777,#2778,#2779,#2780,#2781,#2782,#2783,#2784,#2785,#2786,#2787,#2788,
#2789,#2790,#2791,#2792,#2793,#2794,#2795),(#2796,#2797,#2798,#2799,#2800,
#2801,#2802,#2803,#2804,#2805,#2806,#2807,#2808,#2809,#2810,#2811,#2812,
#2813,#2814,#2815,#2816,#2817,#2818,#2819)),.UNSPECIFIED.,.F.,.F.,.F.,(4,
4),(4,1,1,1,1,1,1,1,1,1,1,1,1,1,1,1,1,1,1,1,1,4),(0.,1.),(0.,0.172085847742689,
0.344171695485378,0.688343390970756,0.774386314842101,0.817407776777773,
0.860429238713445,0.94647216258479,1.03251508645613,1.09704727935964,1.11855801032748,
1.20460093419882,1.29064385807017,1.33366532000584,1.37668678194151,1.46272970581286,
1.5487726296842,1.63481555355555,1.72085847742689,2.06503017291227,2.23711602065496,
2.40920186839765),.UNSPECIFIED.);
#42=B_SPLINE_SURFACE_WITH_KNOTS('',3,3,((#2848,#2849,#2850,#2851,#2852,
#2853,#2854,#2855,#2856,#2857),(#2858,#2859,#2860,#2861,#2862,#2863,#2864,
#2865,#2866,#2867),(#2868,#2869,#2870,#2871,#2872,#2873,#2874,#2875,#2876,
#2877),(#2878,#2879,#2880,#2881,#2882,#2883,#2884,#2885,#2886,#2887),(#2888,
#2889,#2890,#2891,#2892,#2893,#2894,#2895,#2896,#2897)),.UNSPECIFIED.,.F.,
 .F.,.F.,(4,1,4),(4,1,1,1,1,1,1,4),(0.,0.5,1.),(2.44679939056213E-13,0.188033221082448,
0.376066442164652,0.564099663246855,0.752132884329059,0.940166105411262,
1.12819932649347,1.31623254757567),.UNSPECIFIED.);
#43=B_SPLINE_SURFACE_WITH_KNOTS('',3,3,((#2910,#2911,#2912,#2913,#2914,
#2915,#2916,#2917,#2918,#2919,#2920,#2921,#2922,#2923,#2924,#2925,#2926,
#2927,#2928,#2929,#2930,#2931,#2932),(#2933,#2934,#2935,#2936,#2937,#2938,
#2939,#2940,#2941,#2942,#2943,#2944,#2945,#2946,#2947,#2948,#2949,#2950,
#2951,#2952,#2953,#2954,#2955),(#2956,#2957,#2958,#2959,#2960,#2961,#2962,
#2963,#2964,#2965,#2966,#2967,#2968,#2969,#2970,#2971,#2972,#2973,#2974,
#2975,#2976,#2977,#2978),(#2979,#2980,#2981,#2982,#2983,#2984,#2985,#2986,
#2987,#2988,#2989,#2990,#2991,#2992,#2993,#2994,#2995,#2996,#2997,#2998,
#2999,#3000,#3001)),.UNSPECIFIED.,.F.,.F.,.F.,(4,4),(4,1,1,1,1,1,1,1,1,
1,1,1,1,1,1,1,1,1,1,1,4),(0.,1.),(0.,0.344171695485378,0.602300467099411,
0.645321929035084,0.688343390970756,0.860429238713445,0.946472162584789,
0.989493624520462,1.03251508645613,1.11855801032748,1.16157947226315,1.20460093419882,
1.29064385807017,1.37668678194151,1.46272970581286,1.5487726296842,1.63481555355555,
1.72085847742689,1.89294432516958,2.06503017291227,2.40920186839765),
 .UNSPECIFIED.);
#44=B_SPLINE_SURFACE_WITH_KNOTS('',3,3,((#3029,#3030,#3031,#3032,#3033,
#3034,#3035,#3036,#3037,#3038),(#3039,#3040,#3041,#3042,#3043,#3044,#3045,
#3046,#3047,#3048),(#3049,#3050,#3051,#3052,#3053,#3054,#3055,#3056,#3057,
#3058),(#3059,#3060,#3061,#3062,#3063,#3064,#3065,#3066,#3067,#3068),(#3069,
#3070,#3071,#3072,#3073,#3074,#3075,#3076,#3077,#3078)),.UNSPECIFIED.,.F.,
 .F.,.F.,(4,1,4),(4,1,1,1,1,1,1,4),(0.,0.5,1.),(2.50546957536906E-13,0.188033221082455,
0.37606644216466,0.564099663246865,0.752132884329069,0.940166105411274,
1.12819932649348,1.31623254757568),.UNSPECIFIED.);
#45=B_SPLINE_SURFACE_WITH_KNOTS('',3,3,((#3091,#3092,#3093,#3094,#3095,
#3096,#3097,#3098,#3099,#3100),(#3101,#3102,#3103,#3104,#3105,#3106,#3107,
#3108,#3109,#3110),(#3111,#3112,#3113,#3114,#3115,#3116,#3117,#3118,#3119,
#3120),(#3121,#3122,#3123,#3124,#3125,#3126,#3127,#3128,#3129,#3130),(#3131,
#3132,#3133,#3134,#3135,#3136,#3137,#3138,#3139,#3140)),.UNSPECIFIED.,.F.,
 .F.,.F.,(4,1,4),(4,1,1,1,1,1,1,4),(0.,0.5,1.),(0.,0.188033221082582,0.376066442165163,
0.564099663247745,0.752132884330327,0.940166105412909,1.12819932649549,
1.31623254757807),.UNSPECIFIED.);
#46=B_SPLINE_SURFACE_WITH_KNOTS('',3,3,((#3155,#3156,#3157,#3158,#3159,
#3160,#3161,#3162,#3163,#3164,#3165,#3166,#3167,#3168,#3169,#3170,#3171,
#3172,#3173,#3174,#3175,#3176,#3177,#3178,#3179,#3180,#3181,#3182,#3183),
(#3184,#3185,#3186,#3187,#3188,#3189,#3190,#3191,#3192,#3193,#3194,#3195,
#3196,#3197,#3198,#3199,#3200,#3201,#3202,#3203,#3204,#3205,#3206,#3207,
#3208,#3209,#3210,#3211,#3212),(#3213,#3214,#3215,#3216,#3217,#3218,#3219,
#3220,#3221,#3222,#3223,#3224,#3225,#3226,#3227,#3228,#3229,#3230,#3231,
#3232,#3233,#3234,#3235,#3236,#3237,#3238,#3239,#3240,#3241),(#3242,#3243,
#3244,#3245,#3246,#3247,#3248,#3249,#3250,#3251,#3252,#3253,#3254,#3255,
#3256,#3257,#3258,#3259,#3260,#3261,#3262,#3263,#3264,#3265,#3266,#3267,
#3268,#3269,#3270)),.UNSPECIFIED.,.F.,.F.,.F.,(4,4),(4,1,1,1,1,1,1,1,1,
1,1,1,1,1,1,1,1,1,1,1,1,1,1,1,1,1,4),(0.,1.),(1.63644913434529E-13,0.344110787183673,
0.559180029173367,0.602193877571305,0.645207725969244,0.688221574367183,
0.77424927116306,0.860276967958937,0.946304664754815,0.989318513152754,
1.01082543735172,1.03233236155069,1.11836005834657,1.20438775514245,1.29041545193832,
1.3764431487342,1.39795007293317,1.40870353503266,1.41945699713214,1.46247084553008,
1.50548469392802,1.54849854232596,1.63452623912183,1.72055393591771,1.89260932950947,
2.06466472310122,2.40877551028473),.UNSPECIFIED.);
#47=B_SPLINE_SURFACE_WITH_KNOTS('',3,3,((#3316,#3317,#3318,#3319,#3320,
#3321,#3322,#3323,#3324,#3325),(#3326,#3327,#3328,#3329,#3330,#3331,#3332,
#3333,#3334,#3335),(#3336,#3337,#3338,#3339,#3340,#3341,#3342,#3343,#3344,
#3345),(#3346,#3347,#3348,#3349,#3350,#3351,#3352,#3353,#3354,#3355),(#3356,
#3357,#3358,#3359,#3360,#3361,#3362,#3363,#3364,#3365)),.UNSPECIFIED.,.F.,
 .F.,.F.,(4,1,4),(4,1,1,1,1,1,1,4),(0.,0.5,1.),(0.,0.188033221082582,0.376066442165164,
0.564099663247746,0.752132884330328,0.940166105412909,1.12819932649549,
1.31623254757807),.UNSPECIFIED.);
#48=B_SPLINE_SURFACE_WITH_KNOTS('',3,3,((#3380,#3381,#3382,#3383,#3384,
#3385,#3386,#3387,#3388,#3389,#3390,#3391,#3392,#3393,#3394,#3395,#3396,
#3397,#3398,#3399,#3400,#3401,#3402,#3403,#3404,#3405,#3406,#3407,#3408),
(#3409,#3410,#3411,#3412,#3413,#3414,#3415,#3416,#3417,#3418,#3419,#3420,
#3421,#3422,#3423,#3424,#3425,#3426,#3427,#3428,#3429,#3430,#3431,#3432,
#3433,#3434,#3435,#3436,#3437),(#3438,#3439,#3440,#3441,#3442,#3443,#3444,
#3445,#3446,#3447,#3448,#3449,#3450,#3451,#3452,#3453,#3454,#3455,#3456,
#3457,#3458,#3459,#3460,#3461,#3462,#3463,#3464,#3465,#3466),(#3467,#3468,
#3469,#3470,#3471,#3472,#3473,#3474,#3475,#3476,#3477,#3478,#3479,#3480,
#3481,#3482,#3483,#3484,#3485,#3486,#3487,#3488,#3489,#3490,#3491,#3492,
#3493,#3494,#3495)),.UNSPECIFIED.,.F.,.F.,.F.,(4,4),(4,1,1,1,1,1,1,1,1,
1,1,1,1,1,1,1,1,1,1,1,1,1,1,1,1,1,4),(0.,1.),(1.56798713406276E-13,0.172055393766739,
0.34411078753332,0.688221575066484,0.774249271949774,0.81726312039142,0.860276968833065,
0.946304665716356,1.03233236259965,1.07534621104129,1.11836005948294,1.20438775636623,
1.29041545324952,1.31192237747034,1.37644315013281,1.41945699857446,1.4624708470161,
1.54849854389939,1.63452624078268,1.72055393766597,1.89260933143256,1.97863702831585,
2.02165087675749,2.04315780097831,2.06466472519914,2.23672011896572,2.4087755127323),
 .UNSPECIFIED.);
#49=B_SPLINE_SURFACE_WITH_KNOTS('',3,3,((#3719,#3720,#3721,#3722),(#3723,
#3724,#3725,#3726),(#3727,#3728,#3729,#3730),(#3731,#3732,#3733,#3734),
(#3735,#3736,#3737,#3738)),.UNSPECIFIED.,.F.,.F.,.F.,(4,1,4),(4,4),(0.,
0.571428571428571,1.),(0.0605777763557905,2.68030698885461),
 .UNSPECIFIED.);
#50=B_SPLINE_SURFACE_WITH_KNOTS('',3,3,((#3756,#3757,#3758,#3759,#3760),
(#3761,#3762,#3763,#3764,#3765),(#3766,#3767,#3768,#3769,#3770),(#3771,
#3772,#3773,#3774,#3775),(#3776,#3777,#3778,#3779,#3780)),.UNSPECIFIED.,
 .F.,.F.,.F.,(4,1,4),(4,1,4),(0.,0.571428571428571,1.),(1.75549206912681E-14,
0.542410604239205,1.26562474322479),.UNSPECIFIED.);
#51=B_SPLINE_SURFACE_WITH_KNOTS('',3,3,((#3788,#3789,#3790,#3791,#3792,
#3793),(#3794,#3795,#3796,#3797,#3798,#3799),(#3800,#3801,#3802,#3803,#3804,
#3805),(#3806,#3807,#3808,#3809,#3810,#3811),(#3812,#3813,#3814,#3815,#3816,
#3817)),.UNSPECIFIED.,.F.,.F.,.F.,(4,1,4),(4,1,1,4),(0.,0.5,1.),(0.,1.21339296802665,
2.02232161337774,2.83125025872884),.UNSPECIFIED.);
#52=B_SPLINE_SURFACE_WITH_KNOTS('',3,3,((#3826,#3827,#3828,#3829,#3830),
(#3831,#3832,#3833,#3834,#3835),(#3836,#3837,#3838,#3839,#3840),(#3841,
#3842,#3843,#3844,#3845),(#3846,#3847,#3848,#3849,#3850)),.UNSPECIFIED.,
 .F.,.F.,.F.,(4,1,4),(4,1,4),(0.,0.571428571428571,1.),(3.82093014603247E-15,
0.5424106859171,1.26562493380656),.UNSPECIFIED.);
#53=B_SPLINE_SURFACE_WITH_KNOTS('',3,3,((#3858,#3859,#3860,#3861),(#3862,
#3863,#3864,#3865),(#3866,#3867,#3868,#3869),(#3870,#3871,#3872,#3873),
(#3874,#3875,#3876,#3877)),.UNSPECIFIED.,.F.,.F.,.F.,(4,1,4),(4,4),(0.,
0.571428571428571,1.),(0.,2.61972921249886),.UNSPECIFIED.);
#54=STYLED_ITEM('',(#4016),#59);
#55=STYLED_ITEM('',(#4016),#60);
#56=STYLED_ITEM('',(#4016),#61);
#57=STYLED_ITEM('',(#4016),#62);
#58=STYLED_ITEM('',(#4016),#63);
#59=MANIFOLD_SOLID_BREP('Statief-As-41.5mm',#1079);
#60=MANIFOLD_SOLID_BREP('Statief-poot-1',#1080);
#61=MANIFOLD_SOLID_BREP('BASE-Replica',#1081);
#62=MANIFOLD_SOLID_BREP('Statief-poot-2',#1082);
#63=MANIFOLD_SOLID_BREP('Statief-poot-1 (2)',#1083);
#64=PLANE('',#1093);
#65=PLANE('',#1094);
#66=PLANE('',#1098);
#67=PLANE('',#1099);
#68=PLANE('',#1143);
#69=PLANE('',#1145);
#70=PLANE('',#1148);
#71=PLANE('',#1151);
#72=PLANE('',#1156);
#73=PLANE('',#1162);
#74=PLANE('',#1163);
#75=PLANE('',#1165);
#76=PLANE('',#1167);
#77=PLANE('',#1168);
#78=PLANE('',#1170);
#79=PLANE('',#1176);
#80=PLANE('',#1177);
#81=PLANE('',#1181);
#82=PLANE('',#1182);
#83=FACE_BOUND('',#229,.T.);
#84=FACE_BOUND('',#230,.T.);
#85=FACE_BOUND('',#232,.T.);
#86=FACE_BOUND('',#233,.T.);
#87=FACE_BOUND('',#235,.T.);
#88=FACE_BOUND('',#237,.T.);
#89=FACE_BOUND('',#245,.T.);
#90=FACE_BOUND('',#246,.T.);
#91=FACE_BOUND('',#247,.T.);
#92=FACE_BOUND('',#248,.T.);
#93=FACE_BOUND('',#249,.T.);
#94=FACE_BOUND('',#250,.T.);
#95=FACE_BOUND('',#251,.T.);
#96=FACE_BOUND('',#284,.T.);
#97=FACE_BOUND('',#296,.T.);
#98=CIRCLE('',#1088,20.);
#99=CIRCLE('',#1089,20.);
#100=CIRCLE('',#1091,20.75);
#101=CIRCLE('',#1092,20.75);
#102=CIRCLE('',#1096,17.5);
#103=CIRCLE('',#1097,17.5);
#104=CIRCLE('',#1100,1.5);
#105=CIRCLE('',#1101,1.49999999999999);
#106=CIRCLE('',#1102,4.);
#107=CIRCLE('',#1103,23.7156606530739);
#108=CIRCLE('',#1104,29.165341258662);
#109=CIRCLE('',#1105,29.165341258662);
#110=CIRCLE('',#1106,1.5);
#111=CIRCLE('',#1107,1.5);
#112=CIRCLE('',#1108,4.);
#113=CIRCLE('',#1109,1.5);
#114=CIRCLE('',#1110,1.50000000000001);
#115=CIRCLE('',#1112,4.);
#116=CIRCLE('',#1113,1.5);
#117=CIRCLE('',#1114,1.49999999999999);
#118=CIRCLE('',#1115,4.);
#119=CIRCLE('',#1116,1.5);
#120=CIRCLE('',#1117,1.49999999999999);
#121=CIRCLE('',#1119,4.);
#122=CIRCLE('',#1120,1.5);
#123=CIRCLE('',#1121,1.49999999999999);
#124=CIRCLE('',#1123,4.);
#125=CIRCLE('',#1124,1.5);
#126=CIRCLE('',#1125,1.49999999999999);
#127=CIRCLE('',#1126,4.);
#128=CIRCLE('',#1127,1.5);
#129=CIRCLE('',#1128,1.5);
#130=CIRCLE('',#1129,4.);
#131=CIRCLE('',#1131,2.);
#132=CIRCLE('',#1132,30.0806699336958);
#133=CIRCLE('',#1133,30.0806699336958);
#134=CIRCLE('',#1135,65.5000034160912);
#135=CIRCLE('',#1136,65.5000034160912);
#136=CIRCLE('',#1137,65.5000034160912);
#137=CIRCLE('',#1144,20.0000003129244);
#138=CIRCLE('',#1147,20.);
#139=CIRCLE('',#1150,20.);
#140=CIRCLE('',#1152,2.);
#141=CIRCLE('',#1153,2.);
#142=CIRCLE('',#1154,2.);
#143=CIRCLE('',#1155,2.);
#144=CIRCLE('',#1157,20.);
#145=CIRCLE('',#1158,20.);
#146=CIRCLE('',#1159,20.);
#147=CIRCLE('',#1160,20.);
#148=CIRCLE('',#1161,20.0000002980232);
#149=CIRCLE('',#1174,17.5);
#150=CIRCLE('',#1175,17.5);
#151=CIRCLE('',#1179,17.5);
#152=CIRCLE('',#1180,17.5);
#153=FACE_OUTER_BOUND('',#226,.T.);
#154=FACE_OUTER_BOUND('',#227,.T.);
#155=FACE_OUTER_BOUND('',#228,.T.);
#156=FACE_OUTER_BOUND('',#231,.T.);
#157=FACE_OUTER_BOUND('',#234,.T.);
#158=FACE_OUTER_BOUND('',#236,.T.);
#159=FACE_OUTER_BOUND('',#238,.T.);
#160=FACE_OUTER_BOUND('',#239,.T.);
#161=FACE_OUTER_BOUND('',#240,.T.);
#162=FACE_OUTER_BOUND('',#241,.T.);
#163=FACE_OUTER_BOUND('',#242,.T.);
#164=FACE_OUTER_BOUND('',#243,.T.);
#165=FACE_OUTER_BOUND('',#244,.T.);
#166=FACE_OUTER_BOUND('',#252,.T.);
#167=FACE_OUTER_BOUND('',#253,.T.);
#168=FACE_OUTER_BOUND('',#254,.T.);
#169=FACE_OUTER_BOUND('',#255,.T.);
#170=FACE_OUTER_BOUND('',#256,.T.);
#171=FACE_OUTER_BOUND('',#257,.T.);
#172=FACE_OUTER_BOUND('',#258,.T.);
#173=FACE_OUTER_BOUND('',#259,.T.);
#174=FACE_OUTER_BOUND('',#260,.T.);
#175=FACE_OUTER_BOUND('',#261,.T.);
#176=FACE_OUTER_BOUND('',#262,.T.);
#177=FACE_OUTER_BOUND('',#263,.T.);
#178=FACE_OUTER_BOUND('',#264,.T.);
#179=FACE_OUTER_BOUND('',#265,.T.);
#180=FACE_OUTER_BOUND('',#266,.T.);
#181=FACE_OUTER_BOUND('',#267,.T.);
#182=FACE_OUTER_BOUND('',#268,.T.);
#183=FACE_OUTER_BOUND('',#269,.T.);
#184=FACE_OUTER_BOUND('',#270,.T.);
#185=FACE_OUTER_BOUND('',#271,.T.);
#186=FACE_OUTER_BOUND('',#272,.T.);
#187=FACE_OUTER_BOUND('',#273,.T.);
#188=FACE_OUTER_BOUND('',#274,.T.);
#189=FACE_OUTER_BOUND('',#275,.T.);
#190=FACE_OUTER_BOUND('',#276,.T.);
#191=FACE_OUTER_BOUND('',#277,.T.);
#192=FACE_OUTER_BOUND('',#278,.T.);
#193=FACE_OUTER_BOUND('',#279,.T.);
#194=FACE_OUTER_BOUND('',#280,.T.);
#195=FACE_OUTER_BOUND('',#281,.T.);
#196=FACE_OUTER_BOUND('',#282,.T.);
#197=FACE_OUTER_BOUND('',#283,.T.);
#198=FACE_OUTER_BOUND('',#285,.T.);
#199=FACE_OUTER_BOUND('',#286,.T.);
#200=FACE_OUTER_BOUND('',#287,.T.);
#201=FACE_OUTER_BOUND('',#288,.T.);
#202=FACE_OUTER_BOUND('',#289,.T.);
#203=FACE_OUTER_BOUND('',#290,.T.);
#204=FACE_OUTER_BOUND('',#291,.T.);
#205=FACE_OUTER_BOUND('',#292,.T.);
#206=FACE_OUTER_BOUND('',#293,.T.);
#207=FACE_OUTER_BOUND('',#294,.T.);
#208=FACE_OUTER_BOUND('',#295,.T.);
#209=FACE_OUTER_BOUND('',#297,.T.);
#210=FACE_OUTER_BOUND('',#298,.T.);
#211=FACE_OUTER_BOUND('',#299,.T.);
#212=FACE_OUTER_BOUND('',#300,.T.);
#213=FACE_OUTER_BOUND('',#301,.T.);
#214=FACE_OUTER_BOUND('',#302,.T.);
#215=FACE_OUTER_BOUND('',#303,.T.);
#216=FACE_OUTER_BOUND('',#304,.T.);
#217=FACE_OUTER_BOUND('',#305,.T.);
#218=FACE_OUTER_BOUND('',#306,.T.);
#219=FACE_OUTER_BOUND('',#307,.T.);
#220=FACE_OUTER_BOUND('',#308,.T.);
#221=FACE_OUTER_BOUND('',#309,.T.);
#222=FACE_OUTER_BOUND('',#310,.T.);
#223=FACE_OUTER_BOUND('',#311,.T.);
#224=FACE_OUTER_BOUND('',#312,.T.);
#225=FACE_OUTER_BOUND('',#313,.T.);
#226=EDGE_LOOP('',(#680,#681,#682,#683,#684,#685));
#227=EDGE_LOOP('',(#686,#687,#688,#689,#690,#691));
#228=EDGE_LOOP('',(#692,#693,#694,#695));
#229=EDGE_LOOP('',(#696,#697));
#230=EDGE_LOOP('',(#698,#699));
#231=EDGE_LOOP('',(#700,#701,#702,#703));
#232=EDGE_LOOP('',(#704,#705));
#233=EDGE_LOOP('',(#706,#707));
#234=EDGE_LOOP('',(#708));
#235=EDGE_LOOP('',(#709));
#236=EDGE_LOOP('',(#710));
#237=EDGE_LOOP('',(#711));
#238=EDGE_LOOP('',(#712,#713,#714,#715));
#239=EDGE_LOOP('',(#716));
#240=EDGE_LOOP('',(#717));
#241=EDGE_LOOP('',(#718,#719,#720,#721));
#242=EDGE_LOOP('',(#722,#723,#724,#725));
#243=EDGE_LOOP('',(#726,#727));
#244=EDGE_LOOP('',(#728,#729,#730,#731,#732,#733,#734,#735,#736,#737,#738));
#245=EDGE_LOOP('',(#739,#740));
#246=EDGE_LOOP('',(#741,#742));
#247=EDGE_LOOP('',(#743,#744));
#248=EDGE_LOOP('',(#745,#746));
#249=EDGE_LOOP('',(#747,#748));
#250=EDGE_LOOP('',(#749,#750));
#251=EDGE_LOOP('',(#751,#752));
#252=EDGE_LOOP('',(#753,#754,#755,#756));
#253=EDGE_LOOP('',(#757,#758,#759,#760));
#254=EDGE_LOOP('',(#761,#762));
#255=EDGE_LOOP('',(#763,#764,#765,#766));
#256=EDGE_LOOP('',(#767,#768,#769,#770));
#257=EDGE_LOOP('',(#771,#772));
#258=EDGE_LOOP('',(#773,#774,#775,#776));
#259=EDGE_LOOP('',(#777,#778,#779,#780));
#260=EDGE_LOOP('',(#781,#782));
#261=EDGE_LOOP('',(#783,#784,#785,#786));
#262=EDGE_LOOP('',(#787,#788,#789,#790));
#263=EDGE_LOOP('',(#791,#792));
#264=EDGE_LOOP('',(#793,#794,#795,#796));
#265=EDGE_LOOP('',(#797,#798,#799,#800));
#266=EDGE_LOOP('',(#801,#802));
#267=EDGE_LOOP('',(#803,#804,#805,#806,#807));
#268=EDGE_LOOP('',(#808,#809,#810,#811,#812));
#269=EDGE_LOOP('',(#813,#814));
#270=EDGE_LOOP('',(#815,#816,#817,#818));
#271=EDGE_LOOP('',(#819,#820,#821,#822));
#272=EDGE_LOOP('',(#823,#824));
#273=EDGE_LOOP('',(#825,#826,#827,#828,#829,#830));
#274=EDGE_LOOP('',(#831,#832,#833,#834,#835,#836,#837,#838,#839,#840,#841,
#842,#843,#844,#845,#846,#847,#848,#849,#850,#851,#852,#853));
#275=EDGE_LOOP('',(#854,#855));
#276=EDGE_LOOP('',(#856,#857));
#277=EDGE_LOOP('',(#858,#859));
#278=EDGE_LOOP('',(#860,#861));
#279=EDGE_LOOP('',(#862,#863));
#280=EDGE_LOOP('',(#864,#865));
#281=EDGE_LOOP('',(#866,#867));
#282=EDGE_LOOP('',(#868,#869));
#283=EDGE_LOOP('',(#870));
#284=EDGE_LOOP('',(#871));
#285=EDGE_LOOP('',(#872,#873,#874));
#286=EDGE_LOOP('',(#875,#876,#877,#878));
#287=EDGE_LOOP('',(#879,#880,#881,#882,#883));
#288=EDGE_LOOP('',(#884,#885,#886,#887));
#289=EDGE_LOOP('',(#888,#889,#890));
#290=EDGE_LOOP('',(#891,#892,#893,#894));
#291=EDGE_LOOP('',(#895,#896,#897,#898));
#292=EDGE_LOOP('',(#899,#900,#901,#902));
#293=EDGE_LOOP('',(#903,#904,#905,#906));
#294=EDGE_LOOP('',(#907,#908,#909,#910));
#295=EDGE_LOOP('',(#911,#912,#913,#914,#915,#916,#917,#918,#919,#920,#921,
#922,#923,#924,#925,#926,#927,#928,#929,#930));
#296=EDGE_LOOP('',(#931));
#297=EDGE_LOOP('',(#932,#933,#934));
#298=EDGE_LOOP('',(#935,#936,#937));
#299=EDGE_LOOP('',(#938,#939,#940,#941));
#300=EDGE_LOOP('',(#942,#943,#944,#945));
#301=EDGE_LOOP('',(#946,#947,#948,#949));
#302=EDGE_LOOP('',(#950,#951,#952));
#303=EDGE_LOOP('',(#953,#954,#955,#956));
#304=EDGE_LOOP('',(#957,#958,#959,#960));
#305=EDGE_LOOP('',(#961,#962,#963));
#306=EDGE_LOOP('',(#964,#965,#966,#967));
#307=EDGE_LOOP('',(#968,#969,#970,#971));
#308=EDGE_LOOP('',(#972,#973,#974,#975));
#309=EDGE_LOOP('',(#976));
#310=EDGE_LOOP('',(#977));
#311=EDGE_LOOP('',(#978,#979,#980,#981));
#312=EDGE_LOOP('',(#982));
#313=EDGE_LOOP('',(#983));
#314=LINE('',#1434,#344);
#315=LINE('',#1513,#345);
#316=LINE('',#1574,#346);
#317=LINE('',#1580,#347);
#318=LINE('',#1588,#348);
#319=LINE('',#3549,#349);
#320=LINE('',#3703,#350);
#321=LINE('',#3704,#351);
#322=LINE('',#3707,#352);
#323=LINE('',#3711,#353);
#324=LINE('',#3712,#354);
#325=LINE('',#3715,#355);
#326=LINE('',#3718,#356);
#327=LINE('',#3934,#357);
#328=LINE('',#3938,#358);
#329=LINE('',#3941,#359);
#330=LINE('',#3943,#360);
#331=LINE('',#3947,#361);
#332=LINE('',#3950,#362);
#333=LINE('',#3954,#363);
#334=LINE('',#3956,#364);
#335=LINE('',#3958,#365);
#336=LINE('',#3960,#366);
#337=LINE('',#3963,#367);
#338=LINE('',#3965,#368);
#339=LINE('',#3966,#369);
#340=LINE('',#3969,#370);
#341=LINE('',#3972,#371);
#342=LINE('',#3977,#372);
#343=LINE('',#3985,#373);
#344=VECTOR('',#1187,7.5);
#345=VECTOR('',#1190,7.5);
#346=VECTOR('',#1195,20.);
#347=VECTOR('',#1202,20.75);
#348=VECTOR('',#1213,17.5);
#349=VECTOR('',#1290,47.250003144145);
#350=VECTOR('',#1313,10.);
#351=VECTOR('',#1314,10.);
#352=VECTOR('',#1317,10.);
#353=VECTOR('',#1322,10.);
#354=VECTOR('',#1323,10.);
#355=VECTOR('',#1326,10.);
#356=VECTOR('',#1331,10.);
#357=VECTOR('',#1342,10.);
#358=VECTOR('',#1345,10.);
#359=VECTOR('',#1348,10.);
#360=VECTOR('',#1349,10.);
#361=VECTOR('',#1352,10.);
#362=VECTOR('',#1355,10.);
#363=VECTOR('',#1360,10.);
#364=VECTOR('',#1363,10.);
#365=VECTOR('',#1366,10.);
#366=VECTOR('',#1369,10.);
#367=VECTOR('',#1374,10.);
#368=VECTOR('',#1377,10.);
#369=VECTOR('',#1378,10.);
#370=VECTOR('',#1383,10.);
#371=VECTOR('',#1388,20.0000002980232);
#372=VECTOR('',#1393,17.5);
#373=VECTOR('',#1404,17.5);
#374=B_SPLINE_CURVE_WITH_KNOTS('',3,(#1415,#1416,#1417,#1418,#1419,#1420,
#1421,#1422,#1423,#1424,#1425,#1426,#1427,#1428,#1429,#1430,#1431,#1432),
 .UNSPECIFIED.,.F.,.F.,(4,2,2,2,2,2,2,2,4),(1.14133587274682,1.42657648838452,
1.71181710402222,1.99724442475793,2.28267174549364,2.56809906622935,2.85352638696505,
3.13876700260276,3.42400761824046),.UNSPECIFIED.);
#375=B_SPLINE_CURVE_WITH_KNOTS('',3,(#1436,#1437,#1438,#1439,#1440,#1441,
#1442,#1443,#1444,#1445),.UNSPECIFIED.,.F.,.F.,(4,2,2,2,4),(0.,0.285708970248075,
0.57141794049615,0.857072927669829,1.14272791484351),.UNSPECIFIED.);
#376=B_SPLINE_CURVE_WITH_KNOTS('',3,(#1446,#1447,#1448,#1449,#1450,#1451,
#1452,#1453,#1454,#1455,#1456,#1457,#1458,#1459,#1460,#1461,#1462,#1463,
#1464,#1465,#1466,#1467,#1468,#1469,#1470,#1471),.UNSPECIFIED.,.F.,.F.,
(4,2,2,2,2,2,2,2,2,2,2,2,4),(1.14272791484351,1.42799264953682,1.71325738423014,
1.99889917427611,2.28454096432208,2.57018275436805,2.85582454441402,3.14108927910733,
3.42635401380065,3.71200900097433,3.99766398814801,4.28337295839608,4.56908192864416),
 .UNSPECIFIED.);
#377=B_SPLINE_CURVE_WITH_KNOTS('',3,(#1472,#1473,#1474,#1475,#1476,#1477,
#1478,#1479,#1480,#1481,#1482,#1483,#1484,#1485,#1486,#1487,#1488,#1489,
#1490),.UNSPECIFIED.,.F.,.F.,(4,2,2,2,3,2,2,2,4),(3.42400761824046,3.70924823387816,
3.99448884951586,4.27991617025157,4.56534349098728,4.85077081172299,5.13619813245869,
5.4214387480964,5.7066793637341),.UNSPECIFIED.);
#378=B_SPLINE_CURVE_WITH_KNOTS('',3,(#1494,#1495,#1496,#1497,#1498,#1499,
#1500,#1501,#1502,#1503,#1504,#1505,#1506,#1507,#1508,#1509,#1510,#1511),
 .UNSPECIFIED.,.F.,.F.,(4,2,2,2,2,2,2,2,4),(1.14133587274682,1.42657648838452,
1.71181710402222,1.99724442475793,2.28267174549364,2.56809906622935,2.85352638696505,
3.13876700260276,3.42400761824046),.UNSPECIFIED.);
#379=B_SPLINE_CURVE_WITH_KNOTS('',3,(#1515,#1516,#1517,#1518,#1519,#1520,
#1521,#1522,#1523,#1524),.UNSPECIFIED.,.F.,.F.,(4,2,2,2,4),(0.,0.285708970248072,
0.571417940496143,0.857072927669824,1.1427279148435),.UNSPECIFIED.);
#380=B_SPLINE_CURVE_WITH_KNOTS('',3,(#1525,#1526,#1527,#1528,#1529,#1530,
#1531,#1532,#1533,#1534,#1535,#1536,#1537,#1538,#1539,#1540,#1541,#1542,
#1543,#1544,#1545,#1546,#1547,#1548,#1549,#1550),.UNSPECIFIED.,.F.,.F.,
(4,2,2,2,2,2,2,2,2,2,2,2,4),(1.1427279148435,1.42799264953682,1.71325738423013,
1.99889917427611,2.28454096432208,2.57018275436805,2.85582454441401,3.14108927910733,
3.42635401380065,3.71200900097433,3.99766398814801,4.28337295839608,4.56908192864415),
 .UNSPECIFIED.);
#381=B_SPLINE_CURVE_WITH_KNOTS('',3,(#1551,#1552,#1553,#1554,#1555,#1556,
#1557,#1558,#1559,#1560,#1561,#1562,#1563,#1564,#1565,#1566,#1567,#1568,
#1569),.UNSPECIFIED.,.F.,.F.,(4,2,2,2,3,2,2,2,4),(3.42400761824046,3.70924823387816,
3.99448884951586,4.27991617025157,4.56534349098728,4.85077081172299,5.13619813245869,
5.4214387480964,5.7066793637341),.UNSPECIFIED.);
#382=B_SPLINE_CURVE_WITH_KNOTS('',3,(#1646,#1647,#1648,#1649,#1650,#1651,
#1652,#1653,#1654,#1655),.UNSPECIFIED.,.F.,.F.,(4,1,1,1,1,1,1,4),(-1.31623254757807,
-1.12819932649549,-0.940166105412911,-0.752132884330329,-0.564099663247746,
-0.376066442165164,-0.188033221082582,0.),.UNSPECIFIED.);
#383=B_SPLINE_CURVE_WITH_KNOTS('',3,(#1658,#1659,#1660,#1661,#1662,#1663,
#1664,#1665,#1666,#1667),.UNSPECIFIED.,.F.,.F.,(4,1,1,1,1,1,1,4),(0.,0.188033221082582,
0.376066442165164,0.564099663247746,0.752132884330329,0.940166105412911,
1.12819932649549,1.31623254757807),.UNSPECIFIED.);
#384=B_SPLINE_CURVE_WITH_KNOTS('',3,(#1760,#1761,#1762,#1763,#1764,#1765,
#1766,#1767,#1768,#1769,#1770,#1771,#1772,#1773,#1774,#1775,#1776,#1777,
#1778,#1779,#1780,#1781,#1782),.UNSPECIFIED.,.F.,.F.,(4,1,1,1,1,1,1,1,1,
1,1,1,1,1,1,1,1,1,1,1,4),(-2.40920186839434,-2.06503017290945,-1.89294432516701,
-1.72085847742457,-1.63481555355335,-1.54877262968213,-1.46272970581091,
-1.37668678193969,-1.29064385806846,-1.20460093419724,-1.16157947226163,
-1.11855801032602,-1.0325150864548,-0.989493624519192,-0.946472162583582,
-0.860429238712361,-0.688343390969919,-0.645321929034309,-0.602300467098698,
-0.344171695485036,-1.52786950009949E-13),.UNSPECIFIED.);
#385=B_SPLINE_CURVE_WITH_KNOTS('',3,(#1783,#1784,#1785,#1786,#1787,#1788,
#1789,#1790,#1791,#1792,#1793,#1794,#1795,#1796,#1797,#1798,#1799,#1800,
#1801,#1802,#1803,#1804,#1805),.UNSPECIFIED.,.F.,.F.,(4,1,1,1,1,1,1,1,1,
1,1,1,1,1,1,1,1,1,1,1,4),(1.52786950009949E-13,0.344171695485036,0.602300467098698,
0.645321929034309,0.688343390969919,0.860429238712361,0.946472162583582,
0.989493624519192,1.0325150864548,1.11855801032602,1.16157947226163,1.20460093419724,
1.29064385806846,1.37668678193969,1.46272970581091,1.54877262968213,1.63481555355335,
1.72085847742457,1.89294432516701,2.06503017290945,2.40920186839434),
 .UNSPECIFIED.);
#386=B_SPLINE_CURVE_WITH_KNOTS('',3,(#1856,#1857,#1858,#1859,#1860,#1861,
#1862,#1863,#1864,#1865,#1866,#1867,#1868,#1869,#1870,#1871,#1872),
 .UNSPECIFIED.,.F.,.F.,(4,1,1,1,1,1,1,1,1,1,1,1,1,1,4),(-2.40877551028473,
-2.06466472310122,-1.89260932950947,-1.72055393591771,-1.63452623912183,
-1.54849854232596,-1.50548469392802,-1.46247084553008,-1.41945699713214,
-1.40870353503266,-1.39795007293317,-1.3764431487342,-1.29041545193832,
-1.20438775514245,-1.20433504277573),.UNSPECIFIED.);
#387=B_SPLINE_CURVE_WITH_KNOTS('',3,(#1874,#1875,#1876,#1877,#1878,#1879,
#1880),.UNSPECIFIED.,.F.,.F.,(4,1,1,1,4),(-0.65811301478954,-0.564099663247745,
-0.376066442165163,-0.188033221082582,0.),.UNSPECIFIED.);
#388=B_SPLINE_CURVE_WITH_KNOTS('',3,(#1889,#1890,#1891,#1892,#1893,#1894,
#1895),.UNSPECIFIED.,.F.,.F.,(4,1,1,1,4),(-1.31623254757807,-1.12819932649549,
-0.940166105412909,-0.752132884330327,-0.658043515945227),.UNSPECIFIED.);
#389=B_SPLINE_CURVE_WITH_KNOTS('',3,(#1896,#1897,#1898,#1899,#1900,#1901,
#1902,#1903,#1904,#1905,#1906,#1907,#1908,#1909,#1910,#1911),
 .UNSPECIFIED.,.F.,.F.,(4,1,1,1,1,1,1,1,1,1,1,1,1,4),(-1.20433504277573,
-1.11836005834657,-1.03233236155069,-1.01082543735172,-0.989318513152754,
-0.946304664754815,-0.860276967958937,-0.77424927116306,-0.688221574367183,
-0.645207725969244,-0.602193877571305,-0.559180029173367,-0.344110787183673,
-1.63644913434529E-13),.UNSPECIFIED.);
#390=B_SPLINE_CURVE_WITH_KNOTS('',3,(#1914,#1915,#1916,#1917,#1918,#1919,
#1920,#1921,#1922,#1923),.UNSPECIFIED.,.F.,.F.,(4,1,1,1,1,1,1,4),(-1.31623254757807,
-1.12819932649549,-0.940166105412909,-0.752132884330327,-0.564099663247745,
-0.376066442165164,-0.188033221082582,0.),.UNSPECIFIED.);
#391=B_SPLINE_CURVE_WITH_KNOTS('',3,(#1924,#1925,#1926,#1927,#1928,#1929,
#1930,#1931,#1932,#1933,#1934,#1935,#1936,#1937,#1938,#1939,#1940,#1941,
#1942,#1943,#1944,#1945,#1946),.UNSPECIFIED.,.F.,.F.,(4,1,1,1,1,1,1,1,1,
1,1,1,1,1,1,1,1,1,1,1,4),(-2.40920186839432,-2.06503017290944,-1.892944325167,
-1.72085847742456,-1.63481555355334,-1.54877262968212,-1.4627297058109,
-1.37668678193968,-1.29064385806846,-1.20460093419724,-1.16157947226163,
-1.11855801032602,-1.0325150864548,-0.989493624519186,-0.946472162583575,
-0.860429238712355,-0.688343390969914,-0.645321929034303,-0.602300467098693,
-0.344171695485031,-1.49179349223067E-13),.UNSPECIFIED.);
#392=B_SPLINE_CURVE_WITH_KNOTS('',3,(#1949,#1950,#1951,#1952,#1953,#1954,
#1955,#1956,#1957,#1958),.UNSPECIFIED.,.F.,.F.,(4,1,1,1,1,1,1,4),(-1.31623254757808,
-1.12819932649549,-0.940166105412912,-0.75213288433033,-0.564099663247747,
-0.376066442165165,-0.188033221082582,0.),.UNSPECIFIED.);
#393=B_SPLINE_CURVE_WITH_KNOTS('',3,(#1959,#1960,#1961,#1962,#1963,#1964,
#1965,#1966,#1967,#1968,#1969,#1970,#1971,#1972,#1973,#1974,#1975,#1976,
#1977,#1978,#1979),.UNSPECIFIED.,.F.,.F.,(4,1,1,1,1,1,1,1,1,1,1,1,1,1,1,
1,1,1,4),(-2.40877551273229,-2.322747815849,-2.23672011896571,-2.06466472519913,
-1.72055393766597,-1.54849854389939,-1.37644315013281,-1.29041545324951,
-1.24740160480787,-1.20438775636622,-1.16137390792458,-1.11836005948293,
-1.03233236259964,-0.860276968833062,-0.688221575066482,-0.34411078753332,
-0.172055393766739,-0.0860276968834484,-1.5789390785931E-13),
 .UNSPECIFIED.);
#394=B_SPLINE_CURVE_WITH_KNOTS('',3,(#1982,#1983,#1984,#1985,#1986,#1987,
#1988,#1989,#1990,#1991,#1992,#1993,#1994,#1995,#1996,#1997,#1998,#1999,
#2000,#2001,#2002,#2003,#2004),.UNSPECIFIED.,.F.,.F.,(4,1,1,1,1,1,1,1,1,
1,1,1,1,1,1,1,1,1,1,1,4),(-2.40920186839765,-2.06503017291227,-1.89294432516958,
-1.72085847742689,-1.63481555355555,-1.5487726296842,-1.46272970581286,
-1.37668678194151,-1.29064385807017,-1.20460093419882,-1.16157947226315,
-1.11855801032748,-1.03251508645613,-0.989493624520462,-0.946472162584789,
-0.860429238713445,-0.688343390970756,-0.645321929035084,-0.602300467099411,
-0.344171695485378,0.),.UNSPECIFIED.);
#395=B_SPLINE_CURVE_WITH_KNOTS('',3,(#2005,#2006,#2007,#2008,#2009,#2010,
#2011,#2012,#2013,#2014),.UNSPECIFIED.,.F.,.F.,(4,1,1,1,1,1,1,4),(-1.31623254757568,
-1.12819932649348,-0.940166105411274,-0.752132884329069,-0.564099663246865,
-0.37606644216466,-0.188033221082455,-2.50546957536906E-13),
 .UNSPECIFIED.);
#396=B_SPLINE_CURVE_WITH_KNOTS('',3,(#2017,#2018,#2019,#2020,#2021,#2022,
#2023,#2024,#2025,#2026),.UNSPECIFIED.,.F.,.F.,(4,1,1,1,1,1,1,4),(-1.31623254757807,
-1.12819932649549,-0.940166105412909,-0.752132884330328,-0.564099663247746,
-0.376066442165164,-0.188033221082582,0.),.UNSPECIFIED.);
#397=B_SPLINE_CURVE_WITH_KNOTS('',3,(#2027,#2028,#2029,#2030,#2031,#2032,
#2033,#2034,#2035,#2036,#2037,#2038,#2039,#2040,#2041,#2042,#2043,#2044,
#2045,#2046,#2047,#2048,#2049,#2050,#2051,#2052,#2053,#2054,#2055),
 .UNSPECIFIED.,.F.,.F.,(4,1,1,1,1,1,1,1,1,1,1,1,1,1,1,1,1,1,1,1,1,1,1,1,
1,1,4),(-2.4087755127323,-2.23672011896572,-2.06466472519914,-2.04315780097831,
-2.02165087675749,-1.97863702831585,-1.89260933143256,-1.72055393766597,
-1.63452624078268,-1.54849854389939,-1.4624708470161,-1.41945699857446,
-1.37644315013281,-1.31192237747034,-1.29041545324952,-1.20438775636623,
-1.11836005948294,-1.07534621104129,-1.03233236259965,-0.946304665716356,
-0.860276968833065,-0.81726312039142,-0.774249271949774,-0.688221575066484,
-0.34411078753332,-0.172055393766739,-1.56798713406276E-13),
 .UNSPECIFIED.);
#398=B_SPLINE_CURVE_WITH_KNOTS('',3,(#2058,#2059,#2060,#2061,#2062,#2063,
#2064,#2065,#2066,#2067,#2068,#2069,#2070,#2071,#2072,#2073,#2074,#2075,
#2076,#2077,#2078,#2079,#2080,#2081),.UNSPECIFIED.,.F.,.F.,(4,1,1,1,1,1,
1,1,1,1,1,1,1,1,1,1,1,1,1,1,1,4),(-2.40920186839765,-2.23711602065496,-2.06503017291227,
-1.72085847742689,-1.63481555355555,-1.5487726296842,-1.46272970581286,
-1.37668678194151,-1.33366532000584,-1.29064385807017,-1.20460093419882,
-1.11855801032748,-1.09704727935964,-1.03251508645613,-0.94647216258479,
-0.860429238713445,-0.817407776777773,-0.774386314842101,-0.688343390970756,
-0.344171695485378,-0.172085847742689,0.),.UNSPECIFIED.);
#399=B_SPLINE_CURVE_WITH_KNOTS('',3,(#2082,#2083,#2084,#2085,#2086,#2087,
#2088,#2089,#2090,#2091),.UNSPECIFIED.,.F.,.F.,(4,1,1,1,1,1,1,4),(-1.31623254757567,
-1.12819932649347,-0.940166105411262,-0.752132884329059,-0.564099663246855,
-0.376066442164652,-0.188033221082448,-2.44679939056213E-13),
 .UNSPECIFIED.);
#400=B_SPLINE_CURVE_WITH_KNOTS('',3,(#2094,#2095,#2096,#2097,#2098,#2099,
#2100,#2101,#2102,#2103,#2104,#2105,#2106,#2107,#2108,#2109,#2110,#2111,
#2112,#2113,#2114,#2115,#2116,#2117,#2118,#2119,#2120,#2121,#2122),
 .UNSPECIFIED.,.F.,.F.,(4,1,1,1,1,1,1,1,1,1,1,1,1,1,1,1,1,1,1,1,1,1,1,1,
1,1,4),(-2.40877551273472,-2.06466472520119,-1.89260933143442,-1.72055393766766,
-1.63452624078427,-1.54849854390089,-1.5054846954592,-1.46247084701751,
-1.41945699857582,-1.40870353646539,-1.39795007435497,-1.37644315013413,
-1.29041545325074,-1.20438775636736,-1.11836005948398,-1.03233236260059,
-1.01082543837975,-0.989318514158902,-0.946304665717211,-0.860276968833828,
-0.774249271950445,-0.688221575067063,-0.645207726625371,-0.60219387818368,
-0.559180029741988,-0.344110787533531,0.),.UNSPECIFIED.);
#401=B_SPLINE_CURVE_WITH_KNOTS('',3,(#2123,#2124,#2125,#2126,#2127,#2128,
#2129,#2130,#2131,#2132),.UNSPECIFIED.,.F.,.F.,(4,1,1,1,1,1,1,4),(-1.31623254757639,
-1.12819932649408,-0.940166105411762,-0.752132884329448,-0.564099663247134,
-0.37606644216482,-0.188033221082506,-1.92427268144398E-13),
 .UNSPECIFIED.);
#402=B_SPLINE_CURVE_WITH_KNOTS('',3,(#2187,#2188,#2189,#2190,#2191,#2192,
#2193,#2194,#2195,#2196),.UNSPECIFIED.,.F.,.F.,(4,1,1,1,1,1,1,4),(0.,0.188033221082582,
0.376066442165164,0.564099663247745,0.752132884330327,0.940166105412909,
1.12819932649549,1.31623254757807),.UNSPECIFIED.);
#403=B_SPLINE_CURVE_WITH_KNOTS('',3,(#2289,#2290,#2291,#2292,#2293,#2294,
#2295,#2296,#2297,#2298,#2299,#2300,#2301,#2302,#2303,#2304,#2305,#2306,
#2307,#2308,#2309,#2310,#2311),.UNSPECIFIED.,.F.,.F.,(4,1,1,1,1,1,1,1,1,
1,1,1,1,1,1,1,1,1,1,1,4),(1.49179349223067E-13,0.344171695485031,0.602300467098693,
0.645321929034303,0.688343390969914,0.860429238712355,0.946472162583575,
0.989493624519186,1.0325150864548,1.11855801032602,1.16157947226163,1.20460093419724,
1.29064385806846,1.37668678193968,1.4627297058109,1.54877262968212,1.63481555355334,
1.72085847742456,1.892944325167,2.06503017290944,2.40920186839432),
 .UNSPECIFIED.);
#404=B_SPLINE_CURVE_WITH_KNOTS('',3,(#2448,#2449,#2450,#2451,#2452,#2453,
#2454,#2455,#2456,#2457,#2458,#2459,#2460,#2461,#2462,#2463,#2464,#2465,
#2466,#2467,#2468,#2469,#2470,#2471,#2472,#2473,#2474,#2475,#2476),
 .UNSPECIFIED.,.F.,.F.,(4,1,1,1,1,1,1,1,1,1,1,1,1,1,1,1,1,1,1,1,1,1,1,1,
1,1,4),(0.,0.344110787533531,0.559180029741988,0.60219387818368,0.645207726625371,
0.688221575067063,0.774249271950445,0.860276968833828,0.946304665717211,
0.989318514158902,1.01082543837975,1.03233236260059,1.11836005948398,1.20438775636736,
1.29041545325074,1.37644315013413,1.39795007435497,1.40870353646539,1.41945699857582,
1.46247084701751,1.5054846954592,1.54849854390089,1.63452624078427,1.72055393766766,
1.89260933143442,2.06466472520119,2.40877551273472),.UNSPECIFIED.);
#405=B_SPLINE_CURVE_WITH_KNOTS('',3,(#2527,#2528,#2529,#2530,#2531,#2532,
#2533,#2534,#2535,#2536),.UNSPECIFIED.,.F.,.F.,(4,1,1,1,1,1,1,4),(1.92427268144398E-13,
0.188033221082506,0.37606644216482,0.564099663247134,0.752132884329448,
0.940166105411762,1.12819932649408,1.31623254757639),.UNSPECIFIED.);
#406=B_SPLINE_CURVE_WITH_KNOTS('',3,(#2593,#2594,#2595,#2596,#2597,#2598,
#2599,#2600,#2601,#2602),.UNSPECIFIED.,.F.,.F.,(4,1,1,1,1,1,1,4),(0.,0.188033221082582,
0.376066442165165,0.564099663247747,0.75213288433033,0.940166105412912,
1.12819932649549,1.31623254757808),.UNSPECIFIED.);
#407=B_SPLINE_CURVE_WITH_KNOTS('',3,(#2687,#2688,#2689,#2690,#2691,#2692,
#2693,#2694,#2695,#2696,#2697,#2698,#2699,#2700,#2701,#2702,#2703,#2704,
#2705,#2706,#2707),.UNSPECIFIED.,.F.,.F.,(4,1,1,1,1,1,1,1,1,1,1,1,1,1,1,
1,1,1,4),(1.5789390785931E-13,0.0860276968834484,0.172055393766739,0.34411078753332,
0.688221575066482,0.860276968833062,1.03233236259964,1.11836005948293,1.16137390792458,
1.20438775636622,1.24740160480787,1.29041545324951,1.37644315013281,1.54849854389939,
1.72055393766597,2.06466472519913,2.23672011896571,2.322747815849,2.40877551273229),
 .UNSPECIFIED.);
#408=B_SPLINE_CURVE_WITH_KNOTS('',3,(#2824,#2825,#2826,#2827,#2828,#2829,
#2830,#2831,#2832,#2833,#2834,#2835,#2836,#2837,#2838,#2839,#2840,#2841,
#2842,#2843,#2844,#2845,#2846,#2847),.UNSPECIFIED.,.F.,.F.,(4,1,1,1,1,1,
1,1,1,1,1,1,1,1,1,1,1,1,1,1,1,4),(0.,0.172085847742689,0.344171695485378,
0.688343390970756,0.774386314842101,0.817407776777773,0.860429238713445,
0.94647216258479,1.03251508645613,1.09704727935964,1.11855801032748,1.20460093419882,
1.29064385807017,1.33366532000584,1.37668678194151,1.46272970581286,1.5487726296842,
1.63481555355555,1.72085847742689,2.06503017291227,2.23711602065496,2.40920186839765),
 .UNSPECIFIED.);
#409=B_SPLINE_CURVE_WITH_KNOTS('',3,(#2898,#2899,#2900,#2901,#2902,#2903,
#2904,#2905,#2906,#2907),.UNSPECIFIED.,.F.,.F.,(4,1,1,1,1,1,1,4),(2.44679939056213E-13,
0.188033221082448,0.376066442164652,0.564099663246855,0.752132884329059,
0.940166105411262,1.12819932649347,1.31623254757567),.UNSPECIFIED.);
#410=B_SPLINE_CURVE_WITH_KNOTS('',3,(#3006,#3007,#3008,#3009,#3010,#3011,
#3012,#3013,#3014,#3015,#3016,#3017,#3018,#3019,#3020,#3021,#3022,#3023,
#3024,#3025,#3026,#3027,#3028),.UNSPECIFIED.,.F.,.F.,(4,1,1,1,1,1,1,1,1,
1,1,1,1,1,1,1,1,1,1,1,4),(0.,0.344171695485378,0.602300467099411,0.645321929035084,
0.688343390970756,0.860429238713445,0.946472162584789,0.989493624520462,
1.03251508645613,1.11855801032748,1.16157947226315,1.20460093419882,1.29064385807017,
1.37668678194151,1.46272970581286,1.5487726296842,1.63481555355555,1.72085847742689,
1.89294432516958,2.06503017291227,2.40920186839765),.UNSPECIFIED.);
#411=B_SPLINE_CURVE_WITH_KNOTS('',3,(#3079,#3080,#3081,#3082,#3083,#3084,
#3085,#3086,#3087,#3088),.UNSPECIFIED.,.F.,.F.,(4,1,1,1,1,1,1,4),(2.50546957536906E-13,
0.188033221082455,0.37606644216466,0.564099663246865,0.752132884329069,
0.940166105411274,1.12819932649348,1.31623254757568),.UNSPECIFIED.);
#412=B_SPLINE_CURVE_WITH_KNOTS('',3,(#3145,#3146,#3147,#3148,#3149,#3150,
#3151,#3152,#3153,#3154),.UNSPECIFIED.,.F.,.F.,(4,1,1,1,1,1,1,4),(0.,0.188033221082582,
0.376066442165163,0.564099663247745,0.752132884330327,0.940166105412909,
1.12819932649549,1.31623254757807),.UNSPECIFIED.);
#413=B_SPLINE_CURVE_WITH_KNOTS('',3,(#3271,#3272,#3273,#3274,#3275,#3276,
#3277,#3278,#3279,#3280,#3281,#3282,#3283,#3284,#3285,#3286,#3287,#3288,
#3289,#3290,#3291,#3292,#3293,#3294,#3295,#3296,#3297,#3298,#3299),
 .UNSPECIFIED.,.F.,.F.,(4,1,1,1,1,1,1,1,1,1,1,1,1,1,1,1,1,1,1,1,1,1,1,1,
1,1,4),(1.63644913434529E-13,0.344110787183673,0.559180029173367,0.602193877571305,
0.645207725969244,0.688221574367183,0.77424927116306,0.860276967958937,
0.946304664754815,0.989318513152754,1.01082543735172,1.03233236155069,1.11836005834657,
1.20438775514245,1.29041545193832,1.3764431487342,1.39795007293317,1.40870353503266,
1.41945699713214,1.46247084553008,1.50548469392802,1.54849854232596,1.63452623912183,
1.72055393591771,1.89260932950947,2.06466472310122,2.40877551028473),
 .UNSPECIFIED.);
#414=B_SPLINE_CURVE_WITH_KNOTS('',3,(#3370,#3371,#3372,#3373,#3374,#3375,
#3376,#3377,#3378,#3379),.UNSPECIFIED.,.F.,.F.,(4,1,1,1,1,1,1,4),(0.,0.188033221082582,
0.376066442165164,0.564099663247746,0.752132884330328,0.940166105412909,
1.12819932649549,1.31623254757807),.UNSPECIFIED.);
#415=B_SPLINE_CURVE_WITH_KNOTS('',3,(#3496,#3497,#3498,#3499,#3500,#3501,
#3502,#3503,#3504,#3505,#3506,#3507,#3508,#3509,#3510,#3511,#3512,#3513,
#3514,#3515,#3516,#3517,#3518,#3519,#3520,#3521,#3522,#3523,#3524),
 .UNSPECIFIED.,.F.,.F.,(4,1,1,1,1,1,1,1,1,1,1,1,1,1,1,1,1,1,1,1,1,1,1,1,
1,1,4),(1.56798713406276E-13,0.172055393766739,0.34411078753332,0.688221575066484,
0.774249271949774,0.81726312039142,0.860276968833065,0.946304665716356,
1.03233236259965,1.07534621104129,1.11836005948294,1.20438775636623,1.29041545324952,
1.31192237747034,1.37644315013281,1.41945699857446,1.4624708470161,1.54849854389939,
1.63452624078268,1.72055393766597,1.89260933143256,1.97863702831585,2.02165087675749,
2.04315780097831,2.06466472519914,2.23672011896572,2.4087755127323),
 .UNSPECIFIED.);
#416=B_SPLINE_CURVE_WITH_KNOTS('',3,(#3555,#3556,#3557,#3558,#3559,#3560,
#3561,#3562),.UNSPECIFIED.,.F.,.F.,(4,2,2,4),(2.99551445967531,3.09283478507073,
3.65362380092748,4.08633022968928),.UNSPECIFIED.);
#417=B_SPLINE_CURVE_WITH_KNOTS('',3,(#3570,#3571,#3572,#3573),
 .UNSPECIFIED.,.F.,.F.,(4,4),(-2.68030698885461,-0.0605777763557905),
 .UNSPECIFIED.);
#418=B_SPLINE_CURVE_WITH_KNOTS('',3,(#3575,#3576,#3577,#3578,#3579),
 .UNSPECIFIED.,.F.,.F.,(4,1,4),(-1.26562474322479,-0.542410604239205,-1.75549206912681E-14),
 .UNSPECIFIED.);
#419=B_SPLINE_CURVE_WITH_KNOTS('',3,(#3581,#3582,#3583,#3584,#3585,#3586),
 .UNSPECIFIED.,.F.,.F.,(4,1,1,4),(-2.83125025872884,-2.02232161337774,-1.21339296802665,
0.),.UNSPECIFIED.);
#420=B_SPLINE_CURVE_WITH_KNOTS('',3,(#3588,#3589,#3590,#3591,#3592),
 .UNSPECIFIED.,.F.,.F.,(4,1,4),(-1.26562493380656,-0.5424106859171,-3.82093014603247E-15),
 .UNSPECIFIED.);
#421=B_SPLINE_CURVE_WITH_KNOTS('',3,(#3594,#3595,#3596,#3597),
 .UNSPECIFIED.,.F.,.F.,(4,4),(-2.61972921249886,0.),.UNSPECIFIED.);
#422=B_SPLINE_CURVE_WITH_KNOTS('',3,(#3605,#3606,#3607,#3608,#3609,#3610,
#3611,#3612),.UNSPECIFIED.,.F.,.F.,(4,2,2,4),(0.977761308738697,1.41046773750049,
1.97125675335724,2.06857707875267),.UNSPECIFIED.);
#423=B_SPLINE_CURVE_WITH_KNOTS('',3,(#3618,#3619,#3620,#3621,#3622,#3623,
#3624,#3625),.UNSPECIFIED.,.F.,.F.,(4,2,2,4),(2.99551445967531,3.09283478507073,
3.65362380092748,4.08633022968928),.UNSPECIFIED.);
#424=B_SPLINE_CURVE_WITH_KNOTS('',3,(#3637,#3638,#3639,#3640,#3641,#3642,
#3643,#3644),.UNSPECIFIED.,.F.,.F.,(4,2,2,4),(0.977761308738696,1.4104677375005,
1.97125675335724,2.06857707875267),.UNSPECIFIED.);
#425=B_SPLINE_CURVE_WITH_KNOTS('',3,(#3740,#3741,#3742,#3743,#3744,#3745,
#3746,#3747,#3748,#3749),.UNSPECIFIED.,.F.,.F.,(4,2,2,2,4),(0.,0.0473806187333079,
0.116826500047047,0.227870411837802,0.375434354842535),.UNSPECIFIED.);
#426=B_SPLINE_CURVE_WITH_KNOTS('',3,(#3751,#3752,#3753,#3754),
 .UNSPECIFIED.,.F.,.F.,(4,4),(0.381023935289632,2.68030698885461),
 .UNSPECIFIED.);
#427=B_SPLINE_CURVE_WITH_KNOTS('',3,(#3783,#3784,#3785,#3786,#3787),
 .UNSPECIFIED.,.F.,.F.,(4,1,4),(1.75549206912681E-14,0.542410604239205,
1.26562474322479),.UNSPECIFIED.);
#428=B_SPLINE_CURVE_WITH_KNOTS('',3,(#3820,#3821,#3822,#3823,#3824,#3825),
 .UNSPECIFIED.,.F.,.F.,(4,1,1,4),(0.,1.21339296802665,2.02232161337774,
2.83125025872884),.UNSPECIFIED.);
#429=B_SPLINE_CURVE_WITH_KNOTS('',3,(#3853,#3854,#3855,#3856,#3857),
 .UNSPECIFIED.,.F.,.F.,(4,1,4),(3.82093014603247E-15,0.5424106859171,1.26562493380656),
 .UNSPECIFIED.);
#430=B_SPLINE_CURVE_WITH_KNOTS('',3,(#3879,#3880,#3881,#3882,#3883,#3884,
#3885,#3886,#3887,#3888,#3889,#3890,#3891,#3892,#3893,#3894,#3895,#3896,
#3897,#3898,#3899,#3900,#3901,#3902,#3903,#3904,#3905,#3906,#3907,#3908,
#3909,#3910,#3911,#3912,#3913,#3914,#3915,#3916,#3917,#3918,#3919,#3920,
#3921,#3922,#3923,#3924,#3925,#3926,#3927),.UNSPECIFIED.,.F.,.F.,(4,3,3,
3,3,3,3,3,3,3,3,3,3,3,3,3,4),(0.,0.0411065794673565,0.0834636804123446,
0.127038126754292,0.170583830623537,0.213804297824902,0.257024765026267,
0.300058255275094,0.311062853197054,0.355598236011015,0.400133618824976,
0.428226773672866,0.455442462597867,0.467273794431885,0.49345824385671,
0.518850416952734,0.527423162884519),.UNSPECIFIED.);
#431=B_SPLINE_CURVE_WITH_KNOTS('',3,(#3928,#3929,#3930,#3931),
 .UNSPECIFIED.,.F.,.F.,(4,4),(0.,2.29928305356501),.UNSPECIFIED.);
#432=VERTEX_POINT('',#1413);
#433=VERTEX_POINT('',#1414);
#434=VERTEX_POINT('',#1433);
#435=VERTEX_POINT('',#1435);
#436=VERTEX_POINT('',#1492);
#437=VERTEX_POINT('',#1493);
#438=VERTEX_POINT('',#1512);
#439=VERTEX_POINT('',#1514);
#440=VERTEX_POINT('',#1571);
#441=VERTEX_POINT('',#1573);
#442=VERTEX_POINT('',#1577);
#443=VERTEX_POINT('',#1579);
#444=VERTEX_POINT('',#1585);
#445=VERTEX_POINT('',#1587);
#446=VERTEX_POINT('',#1642);
#447=VERTEX_POINT('',#1643);
#448=VERTEX_POINT('',#1645);
#449=VERTEX_POINT('',#1656);
#450=VERTEX_POINT('',#1849);
#451=VERTEX_POINT('',#1851);
#452=VERTEX_POINT('',#1855);
#453=VERTEX_POINT('',#1873);
#454=VERTEX_POINT('',#1881);
#455=VERTEX_POINT('',#1885);
#456=VERTEX_POINT('',#1888);
#457=VERTEX_POINT('',#1912);
#458=VERTEX_POINT('',#1913);
#459=VERTEX_POINT('',#1947);
#460=VERTEX_POINT('',#1948);
#461=VERTEX_POINT('',#1980);
#462=VERTEX_POINT('',#1981);
#463=VERTEX_POINT('',#2015);
#464=VERTEX_POINT('',#2016);
#465=VERTEX_POINT('',#2056);
#466=VERTEX_POINT('',#2057);
#467=VERTEX_POINT('',#2092);
#468=VERTEX_POINT('',#2093);
#469=VERTEX_POINT('',#2183);
#470=VERTEX_POINT('',#2185);
#471=VERTEX_POINT('',#2444);
#472=VERTEX_POINT('',#2446);
#473=VERTEX_POINT('',#2589);
#474=VERTEX_POINT('',#2591);
#475=VERTEX_POINT('',#2820);
#476=VERTEX_POINT('',#2822);
#477=VERTEX_POINT('',#3002);
#478=VERTEX_POINT('',#3004);
#479=VERTEX_POINT('',#3141);
#480=VERTEX_POINT('',#3143);
#481=VERTEX_POINT('',#3366);
#482=VERTEX_POINT('',#3368);
#483=VERTEX_POINT('',#3542);
#484=VERTEX_POINT('',#3544);
#485=VERTEX_POINT('',#3548);
#486=VERTEX_POINT('',#3550);
#487=VERTEX_POINT('',#3554);
#488=VERTEX_POINT('',#3563);
#489=VERTEX_POINT('',#3567);
#490=VERTEX_POINT('',#3569);
#491=VERTEX_POINT('',#3574);
#492=VERTEX_POINT('',#3580);
#493=VERTEX_POINT('',#3587);
#494=VERTEX_POINT('',#3593);
#495=VERTEX_POINT('',#3598);
#496=VERTEX_POINT('',#3600);
#497=VERTEX_POINT('',#3604);
#498=VERTEX_POINT('',#3613);
#499=VERTEX_POINT('',#3617);
#500=VERTEX_POINT('',#3626);
#501=VERTEX_POINT('',#3630);
#502=VERTEX_POINT('',#3632);
#503=VERTEX_POINT('',#3636);
#504=VERTEX_POINT('',#3699);
#505=VERTEX_POINT('',#3702);
#506=VERTEX_POINT('',#3706);
#507=VERTEX_POINT('',#3710);
#508=VERTEX_POINT('',#3714);
#509=VERTEX_POINT('',#3739);
#510=VERTEX_POINT('',#3750);
#511=VERTEX_POINT('',#3781);
#512=VERTEX_POINT('',#3818);
#513=VERTEX_POINT('',#3851);
#514=VERTEX_POINT('',#3878);
#515=VERTEX_POINT('',#3933);
#516=VERTEX_POINT('',#3935);
#517=VERTEX_POINT('',#3937);
#518=VERTEX_POINT('',#3939);
#519=VERTEX_POINT('',#3942);
#520=VERTEX_POINT('',#3944);
#521=VERTEX_POINT('',#3946);
#522=VERTEX_POINT('',#3948);
#523=VERTEX_POINT('',#3951);
#524=VERTEX_POINT('',#3974);
#525=VERTEX_POINT('',#3976);
#526=VERTEX_POINT('',#3982);
#527=VERTEX_POINT('',#3984);
#528=EDGE_CURVE('',#432,#433,#374,.T.);
#529=EDGE_CURVE('',#432,#434,#314,.T.);
#530=EDGE_CURVE('',#435,#434,#375,.T.);
#531=EDGE_CURVE('',#434,#435,#376,.T.);
#532=EDGE_CURVE('',#433,#432,#377,.T.);
#533=EDGE_CURVE('',#436,#437,#378,.T.);
#534=EDGE_CURVE('',#436,#438,#315,.T.);
#535=EDGE_CURVE('',#439,#438,#379,.T.);
#536=EDGE_CURVE('',#438,#439,#380,.T.);
#537=EDGE_CURVE('',#437,#436,#381,.T.);
#538=EDGE_CURVE('',#440,#440,#98,.T.);
#539=EDGE_CURVE('',#440,#441,#316,.T.);
#540=EDGE_CURVE('',#441,#441,#99,.T.);
#541=EDGE_CURVE('',#442,#442,#100,.T.);
#542=EDGE_CURVE('',#442,#443,#317,.T.);
#543=EDGE_CURVE('',#443,#443,#101,.T.);
#544=EDGE_CURVE('',#444,#444,#102,.T.);
#545=EDGE_CURVE('',#444,#445,#318,.T.);
#546=EDGE_CURVE('',#445,#445,#103,.T.);
#547=EDGE_CURVE('',#446,#447,#104,.T.);
#548=EDGE_CURVE('',#447,#448,#382,.T.);
#549=EDGE_CURVE('',#448,#449,#105,.T.);
#550=EDGE_CURVE('',#449,#446,#383,.T.);
#551=EDGE_CURVE('',#448,#447,#384,.T.);
#552=EDGE_CURVE('',#446,#449,#385,.T.);
#553=EDGE_CURVE('',#446,#449,#106,.T.);
#554=EDGE_CURVE('',#450,#450,#107,.F.);
#555=EDGE_CURVE('',#450,#451,#15,.T.);
#556=EDGE_CURVE('',#452,#451,#386,.T.);
#557=EDGE_CURVE('',#453,#452,#387,.T.);
#558=EDGE_CURVE('',#453,#454,#16,.T.);
#559=EDGE_CURVE('',#455,#454,#108,.T.);
#560=EDGE_CURVE('',#454,#455,#109,.T.);
#561=EDGE_CURVE('',#456,#453,#388,.T.);
#562=EDGE_CURVE('',#451,#456,#389,.T.);
#563=EDGE_CURVE('',#457,#458,#390,.T.);
#564=EDGE_CURVE('',#458,#457,#391,.T.);
#565=EDGE_CURVE('',#459,#460,#392,.T.);
#566=EDGE_CURVE('',#460,#459,#393,.T.);
#567=EDGE_CURVE('',#461,#462,#394,.T.);
#568=EDGE_CURVE('',#462,#461,#395,.T.);
#569=EDGE_CURVE('',#463,#464,#396,.T.);
#570=EDGE_CURVE('',#464,#463,#397,.T.);
#571=EDGE_CURVE('',#465,#466,#398,.T.);
#572=EDGE_CURVE('',#466,#465,#399,.T.);
#573=EDGE_CURVE('',#467,#468,#400,.T.);
#574=EDGE_CURVE('',#468,#467,#401,.T.);
#575=EDGE_CURVE('',#469,#457,#110,.T.);
#576=EDGE_CURVE('',#458,#470,#111,.T.);
#577=EDGE_CURVE('',#470,#469,#402,.T.);
#578=EDGE_CURVE('',#469,#470,#403,.T.);
#579=EDGE_CURVE('',#469,#470,#112,.T.);
#580=EDGE_CURVE('',#471,#467,#113,.T.);
#581=EDGE_CURVE('',#468,#472,#114,.T.);
#582=EDGE_CURVE('',#472,#471,#404,.T.);
#583=EDGE_CURVE('',#471,#472,#405,.T.);
#584=EDGE_CURVE('',#472,#471,#115,.T.);
#585=EDGE_CURVE('',#473,#459,#116,.T.);
#586=EDGE_CURVE('',#460,#474,#117,.T.);
#587=EDGE_CURVE('',#474,#473,#406,.T.);
#588=EDGE_CURVE('',#473,#474,#407,.T.);
#589=EDGE_CURVE('',#473,#474,#118,.T.);
#590=EDGE_CURVE('',#475,#465,#119,.T.);
#591=EDGE_CURVE('',#466,#476,#120,.T.);
#592=EDGE_CURVE('',#476,#475,#408,.T.);
#593=EDGE_CURVE('',#475,#476,#409,.T.);
#594=EDGE_CURVE('',#476,#475,#121,.T.);
#595=EDGE_CURVE('',#477,#461,#122,.T.);
#596=EDGE_CURVE('',#462,#478,#123,.T.);
#597=EDGE_CURVE('',#478,#477,#410,.T.);
#598=EDGE_CURVE('',#477,#478,#411,.T.);
#599=EDGE_CURVE('',#478,#477,#124,.T.);
#600=EDGE_CURVE('',#479,#456,#125,.T.);
#601=EDGE_CURVE('',#452,#480,#126,.T.);
#602=EDGE_CURVE('',#480,#479,#412,.T.);
#603=EDGE_CURVE('',#479,#480,#413,.T.);
#604=EDGE_CURVE('',#479,#480,#127,.T.);
#605=EDGE_CURVE('',#481,#463,#128,.T.);
#606=EDGE_CURVE('',#464,#482,#129,.T.);
#607=EDGE_CURVE('',#482,#481,#414,.T.);
#608=EDGE_CURVE('',#481,#482,#415,.T.);
#609=EDGE_CURVE('',#481,#482,#130,.T.);
#610=EDGE_CURVE('',#455,#483,#131,.T.);
#611=EDGE_CURVE('',#483,#484,#132,.T.);
#612=EDGE_CURVE('',#484,#483,#133,.T.);
#613=EDGE_CURVE('',#484,#485,#319,.T.);
#614=EDGE_CURVE('',#485,#486,#17,.T.);
#615=EDGE_CURVE('',#486,#487,#416,.T.);
#616=EDGE_CURVE('',#487,#488,#18,.T.);
#617=EDGE_CURVE('',#488,#489,#134,.T.);
#618=EDGE_CURVE('',#490,#489,#417,.T.);
#619=EDGE_CURVE('',#491,#490,#418,.T.);
#620=EDGE_CURVE('',#492,#491,#419,.T.);
#621=EDGE_CURVE('',#493,#492,#420,.T.);
#622=EDGE_CURVE('',#494,#493,#421,.T.);
#623=EDGE_CURVE('',#494,#495,#135,.T.);
#624=EDGE_CURVE('',#495,#496,#19,.T.);
#625=EDGE_CURVE('',#496,#497,#422,.T.);
#626=EDGE_CURVE('',#497,#498,#20,.T.);
#627=EDGE_CURVE('',#498,#499,#423,.T.);
#628=EDGE_CURVE('',#499,#500,#21,.T.);
#629=EDGE_CURVE('',#500,#501,#136,.T.);
#630=EDGE_CURVE('',#501,#502,#22,.T.);
#631=EDGE_CURVE('',#502,#503,#424,.T.);
#632=EDGE_CURVE('',#503,#485,#23,.T.);
#633=EDGE_CURVE('',#504,#504,#137,.T.);
#634=EDGE_CURVE('',#505,#502,#320,.T.);
#635=EDGE_CURVE('',#505,#501,#321,.T.);
#636=EDGE_CURVE('',#506,#503,#322,.T.);
#637=EDGE_CURVE('',#506,#505,#138,.T.);
#638=EDGE_CURVE('',#507,#486,#323,.T.);
#639=EDGE_CURVE('',#507,#506,#324,.T.);
#640=EDGE_CURVE('',#508,#487,#325,.T.);
#641=EDGE_CURVE('',#508,#507,#139,.T.);
#642=EDGE_CURVE('',#488,#508,#326,.T.);
#643=EDGE_CURVE('',#489,#509,#425,.T.);
#644=EDGE_CURVE('',#509,#510,#426,.T.);
#645=EDGE_CURVE('',#510,#490,#140,.T.);
#646=EDGE_CURVE('',#511,#491,#141,.T.);
#647=EDGE_CURVE('',#510,#511,#427,.T.);
#648=EDGE_CURVE('',#512,#492,#142,.T.);
#649=EDGE_CURVE('',#511,#512,#428,.T.);
#650=EDGE_CURVE('',#513,#493,#143,.T.);
#651=EDGE_CURVE('',#512,#513,#429,.T.);
#652=EDGE_CURVE('',#514,#494,#430,.T.);
#653=EDGE_CURVE('',#513,#514,#431,.T.);
#654=EDGE_CURVE('',#500,#515,#327,.T.);
#655=EDGE_CURVE('',#515,#516,#144,.T.);
#656=EDGE_CURVE('',#516,#517,#328,.T.);
#657=EDGE_CURVE('',#517,#518,#145,.T.);
#658=EDGE_CURVE('',#518,#495,#329,.T.);
#659=EDGE_CURVE('',#514,#519,#330,.T.);
#660=EDGE_CURVE('',#519,#520,#146,.T.);
#661=EDGE_CURVE('',#520,#521,#331,.T.);
#662=EDGE_CURVE('',#521,#522,#147,.T.);
#663=EDGE_CURVE('',#522,#509,#332,.T.);
#664=EDGE_CURVE('',#523,#523,#148,.T.);
#665=EDGE_CURVE('',#515,#499,#333,.T.);
#666=EDGE_CURVE('',#518,#496,#334,.T.);
#667=EDGE_CURVE('',#517,#497,#335,.T.);
#668=EDGE_CURVE('',#516,#498,#336,.T.);
#669=EDGE_CURVE('',#519,#513,#337,.T.);
#670=EDGE_CURVE('',#521,#511,#338,.T.);
#671=EDGE_CURVE('',#520,#512,#339,.T.);
#672=EDGE_CURVE('',#522,#510,#340,.T.);
#673=EDGE_CURVE('',#504,#523,#341,.T.);
#674=EDGE_CURVE('',#524,#524,#149,.T.);
#675=EDGE_CURVE('',#524,#525,#342,.T.);
#676=EDGE_CURVE('',#525,#525,#150,.T.);
#677=EDGE_CURVE('',#526,#526,#151,.T.);
#678=EDGE_CURVE('',#526,#527,#343,.T.);
#679=EDGE_CURVE('',#527,#527,#152,.T.);
#680=ORIENTED_EDGE('',*,*,#528,.F.);
#681=ORIENTED_EDGE('',*,*,#529,.T.);
#682=ORIENTED_EDGE('',*,*,#530,.F.);
#683=ORIENTED_EDGE('',*,*,#531,.F.);
#684=ORIENTED_EDGE('',*,*,#529,.F.);
#685=ORIENTED_EDGE('',*,*,#532,.F.);
#686=ORIENTED_EDGE('',*,*,#533,.F.);
#687=ORIENTED_EDGE('',*,*,#534,.T.);
#688=ORIENTED_EDGE('',*,*,#535,.F.);
#689=ORIENTED_EDGE('',*,*,#536,.F.);
#690=ORIENTED_EDGE('',*,*,#534,.F.);
#691=ORIENTED_EDGE('',*,*,#537,.F.);
#692=ORIENTED_EDGE('',*,*,#538,.F.);
#693=ORIENTED_EDGE('',*,*,#539,.T.);
#694=ORIENTED_EDGE('',*,*,#540,.F.);
#695=ORIENTED_EDGE('',*,*,#539,.F.);
#696=ORIENTED_EDGE('',*,*,#530,.T.);
#697=ORIENTED_EDGE('',*,*,#531,.T.);
#698=ORIENTED_EDGE('',*,*,#535,.T.);
#699=ORIENTED_EDGE('',*,*,#536,.T.);
#700=ORIENTED_EDGE('',*,*,#541,.F.);
#701=ORIENTED_EDGE('',*,*,#542,.T.);
#702=ORIENTED_EDGE('',*,*,#543,.F.);
#703=ORIENTED_EDGE('',*,*,#542,.F.);
#704=ORIENTED_EDGE('',*,*,#528,.T.);
#705=ORIENTED_EDGE('',*,*,#532,.T.);
#706=ORIENTED_EDGE('',*,*,#533,.T.);
#707=ORIENTED_EDGE('',*,*,#537,.T.);
#708=ORIENTED_EDGE('',*,*,#543,.T.);
#709=ORIENTED_EDGE('',*,*,#540,.T.);
#710=ORIENTED_EDGE('',*,*,#541,.T.);
#711=ORIENTED_EDGE('',*,*,#538,.T.);
#712=ORIENTED_EDGE('',*,*,#544,.F.);
#713=ORIENTED_EDGE('',*,*,#545,.T.);
#714=ORIENTED_EDGE('',*,*,#546,.F.);
#715=ORIENTED_EDGE('',*,*,#545,.F.);
#716=ORIENTED_EDGE('',*,*,#546,.T.);
#717=ORIENTED_EDGE('',*,*,#544,.T.);
#718=ORIENTED_EDGE('',*,*,#547,.T.);
#719=ORIENTED_EDGE('',*,*,#548,.T.);
#720=ORIENTED_EDGE('',*,*,#549,.T.);
#721=ORIENTED_EDGE('',*,*,#550,.T.);
#722=ORIENTED_EDGE('',*,*,#549,.F.);
#723=ORIENTED_EDGE('',*,*,#551,.T.);
#724=ORIENTED_EDGE('',*,*,#547,.F.);
#725=ORIENTED_EDGE('',*,*,#552,.T.);
#726=ORIENTED_EDGE('',*,*,#550,.F.);
#727=ORIENTED_EDGE('',*,*,#553,.F.);
#728=ORIENTED_EDGE('',*,*,#554,.F.);
#729=ORIENTED_EDGE('',*,*,#555,.T.);
#730=ORIENTED_EDGE('',*,*,#556,.F.);
#731=ORIENTED_EDGE('',*,*,#557,.F.);
#732=ORIENTED_EDGE('',*,*,#558,.T.);
#733=ORIENTED_EDGE('',*,*,#559,.F.);
#734=ORIENTED_EDGE('',*,*,#560,.F.);
#735=ORIENTED_EDGE('',*,*,#558,.F.);
#736=ORIENTED_EDGE('',*,*,#561,.F.);
#737=ORIENTED_EDGE('',*,*,#562,.F.);
#738=ORIENTED_EDGE('',*,*,#555,.F.);
#739=ORIENTED_EDGE('',*,*,#563,.F.);
#740=ORIENTED_EDGE('',*,*,#564,.F.);
#741=ORIENTED_EDGE('',*,*,#565,.F.);
#742=ORIENTED_EDGE('',*,*,#566,.F.);
#743=ORIENTED_EDGE('',*,*,#567,.F.);
#744=ORIENTED_EDGE('',*,*,#568,.F.);
#745=ORIENTED_EDGE('',*,*,#569,.F.);
#746=ORIENTED_EDGE('',*,*,#570,.F.);
#747=ORIENTED_EDGE('',*,*,#571,.F.);
#748=ORIENTED_EDGE('',*,*,#572,.F.);
#749=ORIENTED_EDGE('',*,*,#573,.F.);
#750=ORIENTED_EDGE('',*,*,#574,.F.);
#751=ORIENTED_EDGE('',*,*,#548,.F.);
#752=ORIENTED_EDGE('',*,*,#551,.F.);
#753=ORIENTED_EDGE('',*,*,#575,.T.);
#754=ORIENTED_EDGE('',*,*,#563,.T.);
#755=ORIENTED_EDGE('',*,*,#576,.T.);
#756=ORIENTED_EDGE('',*,*,#577,.T.);
#757=ORIENTED_EDGE('',*,*,#576,.F.);
#758=ORIENTED_EDGE('',*,*,#564,.T.);
#759=ORIENTED_EDGE('',*,*,#575,.F.);
#760=ORIENTED_EDGE('',*,*,#578,.T.);
#761=ORIENTED_EDGE('',*,*,#577,.F.);
#762=ORIENTED_EDGE('',*,*,#579,.F.);
#763=ORIENTED_EDGE('',*,*,#580,.T.);
#764=ORIENTED_EDGE('',*,*,#573,.T.);
#765=ORIENTED_EDGE('',*,*,#581,.T.);
#766=ORIENTED_EDGE('',*,*,#582,.T.);
#767=ORIENTED_EDGE('',*,*,#581,.F.);
#768=ORIENTED_EDGE('',*,*,#574,.T.);
#769=ORIENTED_EDGE('',*,*,#580,.F.);
#770=ORIENTED_EDGE('',*,*,#583,.T.);
#771=ORIENTED_EDGE('',*,*,#582,.F.);
#772=ORIENTED_EDGE('',*,*,#584,.T.);
#773=ORIENTED_EDGE('',*,*,#585,.T.);
#774=ORIENTED_EDGE('',*,*,#565,.T.);
#775=ORIENTED_EDGE('',*,*,#586,.T.);
#776=ORIENTED_EDGE('',*,*,#587,.T.);
#777=ORIENTED_EDGE('',*,*,#586,.F.);
#778=ORIENTED_EDGE('',*,*,#566,.T.);
#779=ORIENTED_EDGE('',*,*,#585,.F.);
#780=ORIENTED_EDGE('',*,*,#588,.T.);
#781=ORIENTED_EDGE('',*,*,#587,.F.);
#782=ORIENTED_EDGE('',*,*,#589,.F.);
#783=ORIENTED_EDGE('',*,*,#590,.T.);
#784=ORIENTED_EDGE('',*,*,#571,.T.);
#785=ORIENTED_EDGE('',*,*,#591,.T.);
#786=ORIENTED_EDGE('',*,*,#592,.T.);
#787=ORIENTED_EDGE('',*,*,#591,.F.);
#788=ORIENTED_EDGE('',*,*,#572,.T.);
#789=ORIENTED_EDGE('',*,*,#590,.F.);
#790=ORIENTED_EDGE('',*,*,#593,.T.);
#791=ORIENTED_EDGE('',*,*,#592,.F.);
#792=ORIENTED_EDGE('',*,*,#594,.T.);
#793=ORIENTED_EDGE('',*,*,#595,.T.);
#794=ORIENTED_EDGE('',*,*,#567,.T.);
#795=ORIENTED_EDGE('',*,*,#596,.T.);
#796=ORIENTED_EDGE('',*,*,#597,.T.);
#797=ORIENTED_EDGE('',*,*,#596,.F.);
#798=ORIENTED_EDGE('',*,*,#568,.T.);
#799=ORIENTED_EDGE('',*,*,#595,.F.);
#800=ORIENTED_EDGE('',*,*,#598,.T.);
#801=ORIENTED_EDGE('',*,*,#597,.F.);
#802=ORIENTED_EDGE('',*,*,#599,.T.);
#803=ORIENTED_EDGE('',*,*,#600,.T.);
#804=ORIENTED_EDGE('',*,*,#561,.T.);
#805=ORIENTED_EDGE('',*,*,#557,.T.);
#806=ORIENTED_EDGE('',*,*,#601,.T.);
#807=ORIENTED_EDGE('',*,*,#602,.T.);
#808=ORIENTED_EDGE('',*,*,#601,.F.);
#809=ORIENTED_EDGE('',*,*,#556,.T.);
#810=ORIENTED_EDGE('',*,*,#562,.T.);
#811=ORIENTED_EDGE('',*,*,#600,.F.);
#812=ORIENTED_EDGE('',*,*,#603,.T.);
#813=ORIENTED_EDGE('',*,*,#602,.F.);
#814=ORIENTED_EDGE('',*,*,#604,.F.);
#815=ORIENTED_EDGE('',*,*,#605,.T.);
#816=ORIENTED_EDGE('',*,*,#569,.T.);
#817=ORIENTED_EDGE('',*,*,#606,.T.);
#818=ORIENTED_EDGE('',*,*,#607,.T.);
#819=ORIENTED_EDGE('',*,*,#606,.F.);
#820=ORIENTED_EDGE('',*,*,#570,.T.);
#821=ORIENTED_EDGE('',*,*,#605,.F.);
#822=ORIENTED_EDGE('',*,*,#608,.T.);
#823=ORIENTED_EDGE('',*,*,#607,.F.);
#824=ORIENTED_EDGE('',*,*,#609,.F.);
#825=ORIENTED_EDGE('',*,*,#560,.T.);
#826=ORIENTED_EDGE('',*,*,#610,.T.);
#827=ORIENTED_EDGE('',*,*,#611,.T.);
#828=ORIENTED_EDGE('',*,*,#612,.T.);
#829=ORIENTED_EDGE('',*,*,#610,.F.);
#830=ORIENTED_EDGE('',*,*,#559,.T.);
#831=ORIENTED_EDGE('',*,*,#612,.F.);
#832=ORIENTED_EDGE('',*,*,#613,.T.);
#833=ORIENTED_EDGE('',*,*,#614,.T.);
#834=ORIENTED_EDGE('',*,*,#615,.T.);
#835=ORIENTED_EDGE('',*,*,#616,.T.);
#836=ORIENTED_EDGE('',*,*,#617,.T.);
#837=ORIENTED_EDGE('',*,*,#618,.F.);
#838=ORIENTED_EDGE('',*,*,#619,.F.);
#839=ORIENTED_EDGE('',*,*,#620,.F.);
#840=ORIENTED_EDGE('',*,*,#621,.F.);
#841=ORIENTED_EDGE('',*,*,#622,.F.);
#842=ORIENTED_EDGE('',*,*,#623,.T.);
#843=ORIENTED_EDGE('',*,*,#624,.T.);
#844=ORIENTED_EDGE('',*,*,#625,.T.);
#845=ORIENTED_EDGE('',*,*,#626,.T.);
#846=ORIENTED_EDGE('',*,*,#627,.T.);
#847=ORIENTED_EDGE('',*,*,#628,.T.);
#848=ORIENTED_EDGE('',*,*,#629,.T.);
#849=ORIENTED_EDGE('',*,*,#630,.T.);
#850=ORIENTED_EDGE('',*,*,#631,.T.);
#851=ORIENTED_EDGE('',*,*,#632,.T.);
#852=ORIENTED_EDGE('',*,*,#613,.F.);
#853=ORIENTED_EDGE('',*,*,#611,.F.);
#854=ORIENTED_EDGE('',*,*,#552,.F.);
#855=ORIENTED_EDGE('',*,*,#553,.T.);
#856=ORIENTED_EDGE('',*,*,#578,.F.);
#857=ORIENTED_EDGE('',*,*,#579,.T.);
#858=ORIENTED_EDGE('',*,*,#583,.F.);
#859=ORIENTED_EDGE('',*,*,#584,.F.);
#860=ORIENTED_EDGE('',*,*,#588,.F.);
#861=ORIENTED_EDGE('',*,*,#589,.T.);
#862=ORIENTED_EDGE('',*,*,#593,.F.);
#863=ORIENTED_EDGE('',*,*,#594,.F.);
#864=ORIENTED_EDGE('',*,*,#598,.F.);
#865=ORIENTED_EDGE('',*,*,#599,.F.);
#866=ORIENTED_EDGE('',*,*,#603,.F.);
#867=ORIENTED_EDGE('',*,*,#604,.T.);
#868=ORIENTED_EDGE('',*,*,#608,.F.);
#869=ORIENTED_EDGE('',*,*,#609,.T.);
#870=ORIENTED_EDGE('',*,*,#554,.T.);
#871=ORIENTED_EDGE('',*,*,#633,.F.);
#872=ORIENTED_EDGE('',*,*,#634,.T.);
#873=ORIENTED_EDGE('',*,*,#630,.F.);
#874=ORIENTED_EDGE('',*,*,#635,.F.);
#875=ORIENTED_EDGE('',*,*,#636,.T.);
#876=ORIENTED_EDGE('',*,*,#631,.F.);
#877=ORIENTED_EDGE('',*,*,#634,.F.);
#878=ORIENTED_EDGE('',*,*,#637,.F.);
#879=ORIENTED_EDGE('',*,*,#638,.T.);
#880=ORIENTED_EDGE('',*,*,#614,.F.);
#881=ORIENTED_EDGE('',*,*,#632,.F.);
#882=ORIENTED_EDGE('',*,*,#636,.F.);
#883=ORIENTED_EDGE('',*,*,#639,.F.);
#884=ORIENTED_EDGE('',*,*,#640,.T.);
#885=ORIENTED_EDGE('',*,*,#615,.F.);
#886=ORIENTED_EDGE('',*,*,#638,.F.);
#887=ORIENTED_EDGE('',*,*,#641,.F.);
#888=ORIENTED_EDGE('',*,*,#642,.F.);
#889=ORIENTED_EDGE('',*,*,#616,.F.);
#890=ORIENTED_EDGE('',*,*,#640,.F.);
#891=ORIENTED_EDGE('',*,*,#643,.T.);
#892=ORIENTED_EDGE('',*,*,#644,.T.);
#893=ORIENTED_EDGE('',*,*,#645,.T.);
#894=ORIENTED_EDGE('',*,*,#618,.T.);
#895=ORIENTED_EDGE('',*,*,#646,.T.);
#896=ORIENTED_EDGE('',*,*,#619,.T.);
#897=ORIENTED_EDGE('',*,*,#645,.F.);
#898=ORIENTED_EDGE('',*,*,#647,.T.);
#899=ORIENTED_EDGE('',*,*,#648,.T.);
#900=ORIENTED_EDGE('',*,*,#620,.T.);
#901=ORIENTED_EDGE('',*,*,#646,.F.);
#902=ORIENTED_EDGE('',*,*,#649,.T.);
#903=ORIENTED_EDGE('',*,*,#650,.T.);
#904=ORIENTED_EDGE('',*,*,#621,.T.);
#905=ORIENTED_EDGE('',*,*,#648,.F.);
#906=ORIENTED_EDGE('',*,*,#651,.T.);
#907=ORIENTED_EDGE('',*,*,#652,.T.);
#908=ORIENTED_EDGE('',*,*,#622,.T.);
#909=ORIENTED_EDGE('',*,*,#650,.F.);
#910=ORIENTED_EDGE('',*,*,#653,.T.);
#911=ORIENTED_EDGE('',*,*,#635,.T.);
#912=ORIENTED_EDGE('',*,*,#629,.F.);
#913=ORIENTED_EDGE('',*,*,#654,.T.);
#914=ORIENTED_EDGE('',*,*,#655,.T.);
#915=ORIENTED_EDGE('',*,*,#656,.T.);
#916=ORIENTED_EDGE('',*,*,#657,.T.);
#917=ORIENTED_EDGE('',*,*,#658,.T.);
#918=ORIENTED_EDGE('',*,*,#623,.F.);
#919=ORIENTED_EDGE('',*,*,#652,.F.);
#920=ORIENTED_EDGE('',*,*,#659,.T.);
#921=ORIENTED_EDGE('',*,*,#660,.T.);
#922=ORIENTED_EDGE('',*,*,#661,.T.);
#923=ORIENTED_EDGE('',*,*,#662,.T.);
#924=ORIENTED_EDGE('',*,*,#663,.T.);
#925=ORIENTED_EDGE('',*,*,#643,.F.);
#926=ORIENTED_EDGE('',*,*,#617,.F.);
#927=ORIENTED_EDGE('',*,*,#642,.T.);
#928=ORIENTED_EDGE('',*,*,#641,.T.);
#929=ORIENTED_EDGE('',*,*,#639,.T.);
#930=ORIENTED_EDGE('',*,*,#637,.T.);
#931=ORIENTED_EDGE('',*,*,#664,.T.);
#932=ORIENTED_EDGE('',*,*,#654,.F.);
#933=ORIENTED_EDGE('',*,*,#628,.F.);
#934=ORIENTED_EDGE('',*,*,#665,.F.);
#935=ORIENTED_EDGE('',*,*,#666,.T.);
#936=ORIENTED_EDGE('',*,*,#624,.F.);
#937=ORIENTED_EDGE('',*,*,#658,.F.);
#938=ORIENTED_EDGE('',*,*,#667,.T.);
#939=ORIENTED_EDGE('',*,*,#625,.F.);
#940=ORIENTED_EDGE('',*,*,#666,.F.);
#941=ORIENTED_EDGE('',*,*,#657,.F.);
#942=ORIENTED_EDGE('',*,*,#668,.T.);
#943=ORIENTED_EDGE('',*,*,#626,.F.);
#944=ORIENTED_EDGE('',*,*,#667,.F.);
#945=ORIENTED_EDGE('',*,*,#656,.F.);
#946=ORIENTED_EDGE('',*,*,#665,.T.);
#947=ORIENTED_EDGE('',*,*,#627,.F.);
#948=ORIENTED_EDGE('',*,*,#668,.F.);
#949=ORIENTED_EDGE('',*,*,#655,.F.);
#950=ORIENTED_EDGE('',*,*,#653,.F.);
#951=ORIENTED_EDGE('',*,*,#669,.F.);
#952=ORIENTED_EDGE('',*,*,#659,.F.);
#953=ORIENTED_EDGE('',*,*,#649,.F.);
#954=ORIENTED_EDGE('',*,*,#670,.F.);
#955=ORIENTED_EDGE('',*,*,#661,.F.);
#956=ORIENTED_EDGE('',*,*,#671,.T.);
#957=ORIENTED_EDGE('',*,*,#651,.F.);
#958=ORIENTED_EDGE('',*,*,#671,.F.);
#959=ORIENTED_EDGE('',*,*,#660,.F.);
#960=ORIENTED_EDGE('',*,*,#669,.T.);
#961=ORIENTED_EDGE('',*,*,#644,.F.);
#962=ORIENTED_EDGE('',*,*,#663,.F.);
#963=ORIENTED_EDGE('',*,*,#672,.T.);
#964=ORIENTED_EDGE('',*,*,#647,.F.);
#965=ORIENTED_EDGE('',*,*,#672,.F.);
#966=ORIENTED_EDGE('',*,*,#662,.F.);
#967=ORIENTED_EDGE('',*,*,#670,.T.);
#968=ORIENTED_EDGE('',*,*,#633,.T.);
#969=ORIENTED_EDGE('',*,*,#673,.T.);
#970=ORIENTED_EDGE('',*,*,#664,.F.);
#971=ORIENTED_EDGE('',*,*,#673,.F.);
#972=ORIENTED_EDGE('',*,*,#674,.F.);
#973=ORIENTED_EDGE('',*,*,#675,.T.);
#974=ORIENTED_EDGE('',*,*,#676,.F.);
#975=ORIENTED_EDGE('',*,*,#675,.F.);
#976=ORIENTED_EDGE('',*,*,#676,.T.);
#977=ORIENTED_EDGE('',*,*,#674,.T.);
#978=ORIENTED_EDGE('',*,*,#677,.F.);
#979=ORIENTED_EDGE('',*,*,#678,.T.);
#980=ORIENTED_EDGE('',*,*,#679,.F.);
#981=ORIENTED_EDGE('',*,*,#678,.F.);
#982=ORIENTED_EDGE('',*,*,#679,.T.);
#983=ORIENTED_EDGE('',*,*,#677,.T.);
#984=CYLINDRICAL_SURFACE('',#1085,7.5);
#985=CYLINDRICAL_SURFACE('',#1086,7.5);
#986=CYLINDRICAL_SURFACE('',#1087,20.);
#987=CYLINDRICAL_SURFACE('',#1090,20.75);
#988=CYLINDRICAL_SURFACE('',#1095,17.5);
#989=CYLINDRICAL_SURFACE('',#1111,4.);
#990=CYLINDRICAL_SURFACE('',#1118,4.);
#991=CYLINDRICAL_SURFACE('',#1122,4.);
#992=CYLINDRICAL_SURFACE('',#1138,4.);
#993=CYLINDRICAL_SURFACE('',#1139,4.);
#994=CYLINDRICAL_SURFACE('',#1140,4.);
#995=CYLINDRICAL_SURFACE('',#1141,4.);
#996=CYLINDRICAL_SURFACE('',#1142,4.);
#997=CYLINDRICAL_SURFACE('',#1146,20.);
#998=CYLINDRICAL_SURFACE('',#1149,20.);
#999=CYLINDRICAL_SURFACE('',#1164,20.);
#1000=CYLINDRICAL_SURFACE('',#1166,20.);
#1001=CYLINDRICAL_SURFACE('',#1169,20.);
#1002=CYLINDRICAL_SURFACE('',#1171,20.);
#1003=CYLINDRICAL_SURFACE('',#1172,20.0000002980232);
#1004=CYLINDRICAL_SURFACE('',#1173,17.5);
#1005=CYLINDRICAL_SURFACE('',#1178,17.5);
#1006=ADVANCED_FACE('',(#153),#984,.F.);
#1007=ADVANCED_FACE('',(#154),#985,.F.);
#1008=ADVANCED_FACE('',(#155,#83,#84),#986,.F.);
#1009=ADVANCED_FACE('',(#156,#85,#86),#987,.T.);
#1010=ADVANCED_FACE('',(#157,#87),#64,.T.);
#1011=ADVANCED_FACE('',(#158,#88),#65,.T.);
#1012=ADVANCED_FACE('',(#159),#988,.T.);
#1013=ADVANCED_FACE('',(#160),#66,.T.);
#1014=ADVANCED_FACE('',(#161),#67,.T.);
#1015=ADVANCED_FACE('',(#162),#33,.F.);
#1016=ADVANCED_FACE('',(#163),#34,.F.);
#1017=ADVANCED_FACE('',(#164),#24,.T.);
#1018=ADVANCED_FACE('',(#165,#89,#90,#91,#92,#93,#94,#95),#25,.F.);
#1019=ADVANCED_FACE('',(#166),#35,.F.);
#1020=ADVANCED_FACE('',(#167),#36,.F.);
#1021=ADVANCED_FACE('',(#168),#26,.T.);
#1022=ADVANCED_FACE('',(#169),#37,.F.);
#1023=ADVANCED_FACE('',(#170),#38,.F.);
#1024=ADVANCED_FACE('',(#171),#989,.F.);
#1025=ADVANCED_FACE('',(#172),#39,.F.);
#1026=ADVANCED_FACE('',(#173),#40,.F.);
#1027=ADVANCED_FACE('',(#174),#27,.T.);
#1028=ADVANCED_FACE('',(#175),#41,.F.);
#1029=ADVANCED_FACE('',(#176),#42,.F.);
#1030=ADVANCED_FACE('',(#177),#990,.F.);
#1031=ADVANCED_FACE('',(#178),#43,.F.);
#1032=ADVANCED_FACE('',(#179),#44,.F.);
#1033=ADVANCED_FACE('',(#180),#991,.F.);
#1034=ADVANCED_FACE('',(#181),#45,.F.);
#1035=ADVANCED_FACE('',(#182),#46,.F.);
#1036=ADVANCED_FACE('',(#183),#28,.T.);
#1037=ADVANCED_FACE('',(#184),#47,.F.);
#1038=ADVANCED_FACE('',(#185),#48,.F.);
#1039=ADVANCED_FACE('',(#186),#29,.T.);
#1040=ADVANCED_FACE('',(#187),#14,.F.);
#1041=ADVANCED_FACE('',(#188),#13,.T.);
#1042=ADVANCED_FACE('',(#189),#992,.F.);
#1043=ADVANCED_FACE('',(#190),#993,.F.);
#1044=ADVANCED_FACE('',(#191),#30,.T.);
#1045=ADVANCED_FACE('',(#192),#994,.F.);
#1046=ADVANCED_FACE('',(#193),#31,.T.);
#1047=ADVANCED_FACE('',(#194),#32,.T.);
#1048=ADVANCED_FACE('',(#195),#995,.F.);
#1049=ADVANCED_FACE('',(#196),#996,.F.);
#1050=ADVANCED_FACE('',(#197,#96),#68,.T.);
#1051=ADVANCED_FACE('',(#198),#69,.F.);
#1052=ADVANCED_FACE('',(#199),#997,.F.);
#1053=ADVANCED_FACE('',(#200),#70,.F.);
#1054=ADVANCED_FACE('',(#201),#998,.F.);
#1055=ADVANCED_FACE('',(#202),#71,.F.);
#1056=ADVANCED_FACE('',(#203),#49,.F.);
#1057=ADVANCED_FACE('',(#204),#50,.F.);
#1058=ADVANCED_FACE('',(#205),#51,.F.);
#1059=ADVANCED_FACE('',(#206),#52,.F.);
#1060=ADVANCED_FACE('',(#207),#53,.F.);
#1061=ADVANCED_FACE('',(#208,#97),#72,.T.);
#1062=ADVANCED_FACE('',(#209),#73,.F.);
#1063=ADVANCED_FACE('',(#210),#74,.F.);
#1064=ADVANCED_FACE('',(#211),#999,.F.);
#1065=ADVANCED_FACE('',(#212),#75,.F.);
#1066=ADVANCED_FACE('',(#213),#1000,.F.);
#1067=ADVANCED_FACE('',(#214),#76,.F.);
#1068=ADVANCED_FACE('',(#215),#77,.F.);
#1069=ADVANCED_FACE('',(#216),#1001,.F.);
#1070=ADVANCED_FACE('',(#217),#78,.F.);
#1071=ADVANCED_FACE('',(#218),#1002,.F.);
#1072=ADVANCED_FACE('',(#219),#1003,.F.);
#1073=ADVANCED_FACE('',(#220),#1004,.T.);
#1074=ADVANCED_FACE('',(#221),#79,.T.);
#1075=ADVANCED_FACE('',(#222),#80,.T.);
#1076=ADVANCED_FACE('',(#223),#1005,.T.);
#1077=ADVANCED_FACE('',(#224),#81,.T.);
#1078=ADVANCED_FACE('',(#225),#82,.T.);
#1079=CLOSED_SHELL('',(#1006,#1007,#1008,#1009,#1010,#1011));
#1080=CLOSED_SHELL('',(#1012,#1013,#1014));
#1081=CLOSED_SHELL('',(#1015,#1016,#1017,#1018,#1019,#1020,#1021,#1022,
#1023,#1024,#1025,#1026,#1027,#1028,#1029,#1030,#1031,#1032,#1033,#1034,
#1035,#1036,#1037,#1038,#1039,#1040,#1041,#1042,#1043,#1044,#1045,#1046,
#1047,#1048,#1049,#1050,#1051,#1052,#1053,#1054,#1055,#1056,#1057,#1058,
#1059,#1060,#1061,#1062,#1063,#1064,#1065,#1066,#1067,#1068,#1069,#1070,
#1071,#1072));
#1082=CLOSED_SHELL('',(#1073,#1074,#1075));
#1083=CLOSED_SHELL('',(#1076,#1077,#1078));
#1084=AXIS2_PLACEMENT_3D('',#1411,#1183,#1184);
#1085=AXIS2_PLACEMENT_3D('',#1412,#1185,#1186);
#1086=AXIS2_PLACEMENT_3D('',#1491,#1188,#1189);
#1087=AXIS2_PLACEMENT_3D('',#1570,#1191,#1192);
#1088=AXIS2_PLACEMENT_3D('',#1572,#1193,#1194);
#1089=AXIS2_PLACEMENT_3D('',#1575,#1196,#1197);
#1090=AXIS2_PLACEMENT_3D('',#1576,#1198,#1199);
#1091=AXIS2_PLACEMENT_3D('',#1578,#1200,#1201);
#1092=AXIS2_PLACEMENT_3D('',#1581,#1203,#1204);
#1093=AXIS2_PLACEMENT_3D('',#1582,#1205,#1206);
#1094=AXIS2_PLACEMENT_3D('',#1583,#1207,#1208);
#1095=AXIS2_PLACEMENT_3D('',#1584,#1209,#1210);
#1096=AXIS2_PLACEMENT_3D('',#1586,#1211,#1212);
#1097=AXIS2_PLACEMENT_3D('',#1589,#1214,#1215);
#1098=AXIS2_PLACEMENT_3D('',#1590,#1216,#1217);
#1099=AXIS2_PLACEMENT_3D('',#1591,#1218,#1219);
#1100=AXIS2_PLACEMENT_3D('',#1644,#1220,#1221);
#1101=AXIS2_PLACEMENT_3D('',#1657,#1222,#1223);
#1102=AXIS2_PLACEMENT_3D('',#1821,#1224,#1225);
#1103=AXIS2_PLACEMENT_3D('',#1850,#1226,#1227);
#1104=AXIS2_PLACEMENT_3D('',#1886,#1228,#1229);
#1105=AXIS2_PLACEMENT_3D('',#1887,#1230,#1231);
#1106=AXIS2_PLACEMENT_3D('',#2184,#1232,#1233);
#1107=AXIS2_PLACEMENT_3D('',#2186,#1234,#1235);
#1108=AXIS2_PLACEMENT_3D('',#2327,#1236,#1237);
#1109=AXIS2_PLACEMENT_3D('',#2445,#1238,#1239);
#1110=AXIS2_PLACEMENT_3D('',#2447,#1240,#1241);
#1111=AXIS2_PLACEMENT_3D('',#2537,#1242,#1243);
#1112=AXIS2_PLACEMENT_3D('',#2538,#1244,#1245);
#1113=AXIS2_PLACEMENT_3D('',#2590,#1246,#1247);
#1114=AXIS2_PLACEMENT_3D('',#2592,#1248,#1249);
#1115=AXIS2_PLACEMENT_3D('',#2723,#1250,#1251);
#1116=AXIS2_PLACEMENT_3D('',#2821,#1252,#1253);
#1117=AXIS2_PLACEMENT_3D('',#2823,#1254,#1255);
#1118=AXIS2_PLACEMENT_3D('',#2908,#1256,#1257);
#1119=AXIS2_PLACEMENT_3D('',#2909,#1258,#1259);
#1120=AXIS2_PLACEMENT_3D('',#3003,#1260,#1261);
#1121=AXIS2_PLACEMENT_3D('',#3005,#1262,#1263);
#1122=AXIS2_PLACEMENT_3D('',#3089,#1264,#1265);
#1123=AXIS2_PLACEMENT_3D('',#3090,#1266,#1267);
#1124=AXIS2_PLACEMENT_3D('',#3142,#1268,#1269);
#1125=AXIS2_PLACEMENT_3D('',#3144,#1270,#1271);
#1126=AXIS2_PLACEMENT_3D('',#3315,#1272,#1273);
#1127=AXIS2_PLACEMENT_3D('',#3367,#1274,#1275);
#1128=AXIS2_PLACEMENT_3D('',#3369,#1276,#1277);
#1129=AXIS2_PLACEMENT_3D('',#3540,#1278,#1279);
#1130=AXIS2_PLACEMENT_3D('',#3541,#1280,#1281);
#1131=AXIS2_PLACEMENT_3D('',#3543,#1282,#1283);
#1132=AXIS2_PLACEMENT_3D('',#3545,#1284,#1285);
#1133=AXIS2_PLACEMENT_3D('',#3546,#1286,#1287);
#1134=AXIS2_PLACEMENT_3D('',#3547,#1288,#1289);
#1135=AXIS2_PLACEMENT_3D('',#3568,#1291,#1292);
#1136=AXIS2_PLACEMENT_3D('',#3599,#1293,#1294);
#1137=AXIS2_PLACEMENT_3D('',#3631,#1295,#1296);
#1138=AXIS2_PLACEMENT_3D('',#3648,#1297,#1298);
#1139=AXIS2_PLACEMENT_3D('',#3649,#1299,#1300);
#1140=AXIS2_PLACEMENT_3D('',#3665,#1301,#1302);
#1141=AXIS2_PLACEMENT_3D('',#3696,#1303,#1304);
#1142=AXIS2_PLACEMENT_3D('',#3697,#1305,#1306);
#1143=AXIS2_PLACEMENT_3D('',#3698,#1307,#1308);
#1144=AXIS2_PLACEMENT_3D('',#3700,#1309,#1310);
#1145=AXIS2_PLACEMENT_3D('',#3701,#1311,#1312);
#1146=AXIS2_PLACEMENT_3D('',#3705,#1315,#1316);
#1147=AXIS2_PLACEMENT_3D('',#3708,#1318,#1319);
#1148=AXIS2_PLACEMENT_3D('',#3709,#1320,#1321);
#1149=AXIS2_PLACEMENT_3D('',#3713,#1324,#1325);
#1150=AXIS2_PLACEMENT_3D('',#3716,#1327,#1328);
#1151=AXIS2_PLACEMENT_3D('',#3717,#1329,#1330);
#1152=AXIS2_PLACEMENT_3D('',#3755,#1332,#1333);
#1153=AXIS2_PLACEMENT_3D('',#3782,#1334,#1335);
#1154=AXIS2_PLACEMENT_3D('',#3819,#1336,#1337);
#1155=AXIS2_PLACEMENT_3D('',#3852,#1338,#1339);
#1156=AXIS2_PLACEMENT_3D('',#3932,#1340,#1341);
#1157=AXIS2_PLACEMENT_3D('',#3936,#1343,#1344);
#1158=AXIS2_PLACEMENT_3D('',#3940,#1346,#1347);
#1159=AXIS2_PLACEMENT_3D('',#3945,#1350,#1351);
#1160=AXIS2_PLACEMENT_3D('',#3949,#1353,#1354);
#1161=AXIS2_PLACEMENT_3D('',#3952,#1356,#1357);
#1162=AXIS2_PLACEMENT_3D('',#3953,#1358,#1359);
#1163=AXIS2_PLACEMENT_3D('',#3955,#1361,#1362);
#1164=AXIS2_PLACEMENT_3D('',#3957,#1364,#1365);
#1165=AXIS2_PLACEMENT_3D('',#3959,#1367,#1368);
#1166=AXIS2_PLACEMENT_3D('',#3961,#1370,#1371);
#1167=AXIS2_PLACEMENT_3D('',#3962,#1372,#1373);
#1168=AXIS2_PLACEMENT_3D('',#3964,#1375,#1376);
#1169=AXIS2_PLACEMENT_3D('',#3967,#1379,#1380);
#1170=AXIS2_PLACEMENT_3D('',#3968,#1381,#1382);
#1171=AXIS2_PLACEMENT_3D('',#3970,#1384,#1385);
#1172=AXIS2_PLACEMENT_3D('',#3971,#1386,#1387);
#1173=AXIS2_PLACEMENT_3D('',#3973,#1389,#1390);
#1174=AXIS2_PLACEMENT_3D('',#3975,#1391,#1392);
#1175=AXIS2_PLACEMENT_3D('',#3978,#1394,#1395);
#1176=AXIS2_PLACEMENT_3D('',#3979,#1396,#1397);
#1177=AXIS2_PLACEMENT_3D('',#3980,#1398,#1399);
#1178=AXIS2_PLACEMENT_3D('',#3981,#1400,#1401);
#1179=AXIS2_PLACEMENT_3D('',#3983,#1402,#1403);
#1180=AXIS2_PLACEMENT_3D('',#3986,#1405,#1406);
#1181=AXIS2_PLACEMENT_3D('',#3987,#1407,#1408);
#1182=AXIS2_PLACEMENT_3D('',#3988,#1409,#1410);
#1183=DIRECTION('axis',(0.,0.,1.));
#1184=DIRECTION('refdir',(1.,0.,0.));
#1185=DIRECTION('center_axis',(-6.12323399573676E-17,1.,0.));
#1186=DIRECTION('ref_axis',(0.,0.,-1.));
#1187=DIRECTION('',(-6.12323399573676E-17,1.,0.));
#1188=DIRECTION('center_axis',(-6.12323399573676E-17,1.,0.));
#1189=DIRECTION('ref_axis',(0.,0.,-1.));
#1190=DIRECTION('',(-6.12323399573676E-17,1.,0.));
#1191=DIRECTION('center_axis',(0.,0.,-1.));
#1192=DIRECTION('ref_axis',(1.,0.,0.));
#1193=DIRECTION('center_axis',(0.,0.,-1.));
#1194=DIRECTION('ref_axis',(1.,0.,0.));
#1195=DIRECTION('',(0.,0.,-1.));
#1196=DIRECTION('center_axis',(0.,0.,1.));
#1197=DIRECTION('ref_axis',(1.,0.,0.));
#1198=DIRECTION('center_axis',(0.,0.,1.));
#1199=DIRECTION('ref_axis',(1.,0.,0.));
#1200=DIRECTION('center_axis',(0.,0.,1.));
#1201=DIRECTION('ref_axis',(1.,0.,0.));
#1202=DIRECTION('',(0.,0.,-1.));
#1203=DIRECTION('center_axis',(0.,0.,-1.));
#1204=DIRECTION('ref_axis',(1.,0.,0.));
#1205=DIRECTION('center_axis',(0.,0.,-1.));
#1206=DIRECTION('ref_axis',(-1.,0.,0.));
#1207=DIRECTION('center_axis',(0.,0.,1.));
#1208=DIRECTION('ref_axis',(1.,0.,0.));
#1209=DIRECTION('center_axis',(0.898794046299167,-2.22044604925031E-16,
-0.438371146789078));
#1210=DIRECTION('ref_axis',(-1.99572368919469E-16,-1.,9.73379480993136E-17));
#1211=DIRECTION('center_axis',(0.898794046299167,-2.22044604925031E-16,
-0.438371146789078));
#1212=DIRECTION('ref_axis',(-1.99572368919469E-16,-1.,9.73379480993136E-17));
#1213=DIRECTION('',(-0.898794046299167,2.22044604925031E-16,0.438371146789078));
#1214=DIRECTION('center_axis',(-0.898794046299167,2.22044604925031E-16,
0.438371146789078));
#1215=DIRECTION('ref_axis',(-1.99572368919469E-16,-1.,9.73379480993136E-17));
#1216=DIRECTION('center_axis',(-0.898794046299167,2.22044604925031E-16,
0.438371146789078));
#1217=DIRECTION('ref_axis',(1.99572368919469E-16,1.,-9.73379480993136E-17));
#1218=DIRECTION('center_axis',(0.898794046299167,-2.22044604925031E-16,
-0.438371146789078));
#1219=DIRECTION('ref_axis',(-1.99572368919469E-16,-1.,9.73379480993136E-17));
#1220=DIRECTION('center_axis',(-0.00809781066843987,0.15127497333936,-0.988458551434279));
#1221=DIRECTION('ref_axis',(-0.998570319676644,-0.0534538741428923,2.03688917584561E-12));
#1222=DIRECTION('center_axis',(-0.151274973339338,0.00809781066839182,-0.988458551434283));
#1223=DIRECTION('ref_axis',(-0.799106695914313,0.587598078248637,0.127110137217368));
#1224=DIRECTION('center_axis',(0.,0.,-1.));
#1225=DIRECTION('ref_axis',(0.707106781186548,-0.707106781186547,0.));
#1226=DIRECTION('center_axis',(0.,0.,-1.));
#1227=DIRECTION('ref_axis',(1.,0.,0.));
#1228=DIRECTION('center_axis',(0.,0.,-1.));
#1229=DIRECTION('ref_axis',(1.,0.,0.));
#1230=DIRECTION('center_axis',(0.,0.,-1.));
#1231=DIRECTION('ref_axis',(1.,0.,0.));
#1232=DIRECTION('center_axis',(-0.151274973339393,-0.00809781066839476,
-0.988458551434275));
#1233=DIRECTION('ref_axis',(0.0534538741428924,-0.998570319676644,1.98951966012828E-12));
#1234=DIRECTION('center_axis',(-0.00809781066843987,-0.15127497333936,-0.988458551434279));
#1235=DIRECTION('ref_axis',(-0.587598078248635,-0.799106695914307,0.127110137217414));
#1236=DIRECTION('center_axis',(0.,0.,-1.));
#1237=DIRECTION('ref_axis',(0.707106781186547,0.707106781186548,0.));
#1238=DIRECTION('center_axis',(-0.101241542631699,0.112693576308995,0.988458551434628));
#1239=DIRECTION('ref_axis',(-0.743893441422316,-0.668298247647607,5.30538576034208E-12));
#1240=DIRECTION('center_axis',(0.101241542631681,0.112693576309045,0.988458551434624));
#1241=DIRECTION('ref_axis',(-0.149559177830828,-0.980548349314383,0.127110137217319));
#1242=DIRECTION('center_axis',(0.,0.,1.));
#1243=DIRECTION('ref_axis',(3.06161699786838E-16,1.,0.));
#1244=DIRECTION('center_axis',(0.,0.,-1.));
#1245=DIRECTION('ref_axis',(6.12323399573676E-17,1.,0.));
#1246=DIRECTION('center_axis',(0.112693576308504,-0.101241542635603,-0.988458551434284));
#1247=DIRECTION('ref_axis',(0.668298247647843,0.743893441422105,2.08425869156296E-12));
#1248=DIRECTION('center_axis',(0.112693576308453,0.10124154263562,-0.988458551434288));
#1249=DIRECTION('ref_axis',(0.980548349314382,0.149559177830792,0.127110137217368));
#1250=DIRECTION('center_axis',(0.,0.,-1.));
#1251=DIRECTION('ref_axis',(-1.,-1.22464679914735E-16,0.));
#1252=DIRECTION('center_axis',(-0.151274973335871,0.00809781067296091,0.988458551434776));
#1253=DIRECTION('ref_axis',(-0.0534538741433248,-0.998570319676621,6.72647123186229E-12));
#1254=DIRECTION('center_axis',(-0.00809781067295837,0.151274973335816,0.988458551434785));
#1255=DIRECTION('ref_axis',(0.587598078248611,-0.799106695914362,0.127110137217178));
#1256=DIRECTION('center_axis',(0.,0.,1.));
#1257=DIRECTION('ref_axis',(-0.707106781186548,0.707106781186547,0.));
#1258=DIRECTION('center_axis',(0.,0.,-1.));
#1259=DIRECTION('ref_axis',(-0.707106781186548,0.707106781186548,0.));
#1260=DIRECTION('center_axis',(-0.00809781067295795,-0.151274973335816,
0.988458551434785));
#1261=DIRECTION('ref_axis',(0.998570319676621,-0.0534538741433248,6.72647123186228E-12));
#1262=DIRECTION('center_axis',(-0.151274973335816,-0.00809781067295838,
0.988458551434785));
#1263=DIRECTION('ref_axis',(0.799106695914362,0.587598078248611,0.127110137217178));
#1264=DIRECTION('center_axis',(0.,0.,1.));
#1265=DIRECTION('ref_axis',(-0.707106781186548,-0.707106781186547,0.));
#1266=DIRECTION('center_axis',(0.,0.,-1.));
#1267=DIRECTION('ref_axis',(-0.707106781186547,-0.707106781186548,0.));
#1268=DIRECTION('center_axis',(-0.112693576308503,0.101241542635602,-0.988458551434284));
#1269=DIRECTION('ref_axis',(-0.668298247647841,-0.743893441422106,2.08425869156296E-12));
#1270=DIRECTION('center_axis',(-0.112693576308462,-0.101241542635565,-0.988458551434292));
#1271=DIRECTION('ref_axis',(-0.980548349314382,-0.149559177830792,0.127110137217368));
#1272=DIRECTION('center_axis',(0.,0.,-1.));
#1273=DIRECTION('ref_axis',(1.,3.08148791101958E-32,0.));
#1274=DIRECTION('center_axis',(0.101241542635621,0.112693576308453,-0.988458551434288));
#1275=DIRECTION('ref_axis',(-0.743893441422105,0.668298247647843,2.03688917584562E-12));
#1276=DIRECTION('center_axis',(-0.10124154263562,0.112693576308453,-0.988458551434288));
#1277=DIRECTION('ref_axis',(-0.149559177830792,0.980548349314382,0.127110137217367));
#1278=DIRECTION('center_axis',(0.,0.,-1.));
#1279=DIRECTION('ref_axis',(6.12323399573677E-17,-1.,0.));
#1280=DIRECTION('center_axis',(0.,0.,-1.));
#1281=DIRECTION('ref_axis',(-1.,0.,0.));
#1282=DIRECTION('center_axis',(-1.22464679914735E-16,-1.,0.));
#1283=DIRECTION('ref_axis',(1.,-1.22464679914735E-16,0.));
#1284=DIRECTION('center_axis',(0.,0.,1.));
#1285=DIRECTION('ref_axis',(1.,6.17883701352418E-17,0.));
#1286=DIRECTION('center_axis',(0.,0.,1.));
#1287=DIRECTION('ref_axis',(1.,6.17883701352418E-17,0.));
#1288=DIRECTION('center_axis',(0.,0.,-1.));
#1289=DIRECTION('ref_axis',(1.,0.,0.));
#1290=DIRECTION('',(-0.840804047330232,-1.02968798527311E-16,-0.541339592116724));
#1291=DIRECTION('center_axis',(0.,0.,1.));
#1292=DIRECTION('ref_axis',(1.,0.,0.));
#1293=DIRECTION('center_axis',(0.,0.,1.));
#1294=DIRECTION('ref_axis',(1.,0.,0.));
#1295=DIRECTION('center_axis',(0.,0.,1.));
#1296=DIRECTION('ref_axis',(1.,0.,0.));
#1297=DIRECTION('center_axis',(0.,0.,1.));
#1298=DIRECTION('ref_axis',(0.707106781186547,-0.707106781186548,0.));
#1299=DIRECTION('center_axis',(0.,0.,1.));
#1300=DIRECTION('ref_axis',(0.707106781186548,0.707106781186547,0.));
#1301=DIRECTION('center_axis',(0.,0.,1.));
#1302=DIRECTION('ref_axis',(-1.,1.22464679914735E-16,0.));
#1303=DIRECTION('center_axis',(0.,0.,1.));
#1304=DIRECTION('ref_axis',(1.,-1.1331077795296E-15,0.));
#1305=DIRECTION('center_axis',(0.,0.,1.));
#1306=DIRECTION('ref_axis',(-6.27786229722166E-16,-1.,0.));
#1307=DIRECTION('center_axis',(0.,0.,1.));
#1308=DIRECTION('ref_axis',(1.,0.,0.));
#1309=DIRECTION('center_axis',(0.,0.,1.));
#1310=DIRECTION('ref_axis',(1.,0.,0.));
#1311=DIRECTION('center_axis',(0.866025403784439,0.5,0.));
#1312=DIRECTION('ref_axis',(-0.5,0.866025403784439,0.));
#1313=DIRECTION('',(0.,0.,1.));
#1314=DIRECTION('',(-0.5,0.866025403784439,0.));
#1315=DIRECTION('center_axis',(0.,0.,1.));
#1316=DIRECTION('ref_axis',(1.,-1.11022302462516E-15,0.));
#1317=DIRECTION('',(0.,0.,1.));
#1318=DIRECTION('center_axis',(0.,0.,1.));
#1319=DIRECTION('ref_axis',(1.,-1.11022302462516E-15,0.));
#1320=DIRECTION('center_axis',(1.,-1.01461704626196E-15,0.));
#1321=DIRECTION('ref_axis',(1.01461704626196E-15,1.,0.));
#1322=DIRECTION('',(0.,0.,1.));
#1323=DIRECTION('',(1.01461704626196E-15,1.,0.));
#1324=DIRECTION('center_axis',(0.,0.,1.));
#1325=DIRECTION('ref_axis',(0.866025403784438,-0.5,0.));
#1326=DIRECTION('',(0.,0.,1.));
#1327=DIRECTION('center_axis',(0.,0.,1.));
#1328=DIRECTION('ref_axis',(0.866025403784438,-0.5,0.));
#1329=DIRECTION('center_axis',(0.866025403784438,-0.5,0.));
#1330=DIRECTION('ref_axis',(0.5,0.866025403784438,0.));
#1331=DIRECTION('',(0.5,0.866025403784438,0.));
#1332=DIRECTION('center_axis',(-0.431685996182167,-0.747702078303919,-0.504567936754021));
#1333=DIRECTION('ref_axis',(0.86602540378456,-0.499999999999789,0.));
#1334=DIRECTION('center_axis',(-0.839238347007605,-0.48453448555901,-0.24679005088538));
#1335=DIRECTION('ref_axis',(0.499999999999933,-0.866025403784478,0.));
#1336=DIRECTION('center_axis',(-0.839238347007539,-0.484534485559118,0.246790050885393));
#1337=DIRECTION('ref_axis',(0.500000000000045,-0.866025403784413,0.));
#1338=DIRECTION('center_axis',(-0.863371992364685,1.99375376665872E-13,
0.504567936754046));
#1339=DIRECTION('ref_axis',(-2.30926389122032E-13,-1.,0.));
#1340=DIRECTION('center_axis',(0.,0.,-1.));
#1341=DIRECTION('ref_axis',(-1.,0.,0.));
#1342=DIRECTION('',(0.5,-0.866025403784439,0.));
#1343=DIRECTION('center_axis',(0.,0.,1.));
#1344=DIRECTION('ref_axis',(-0.866025403784439,-0.5,0.));
#1345=DIRECTION('',(0.866025403784438,-0.500000000000001,0.));
#1346=DIRECTION('center_axis',(0.,0.,1.));
#1347=DIRECTION('ref_axis',(-0.500000000000001,-0.866025403784438,0.));
#1348=DIRECTION('',(1.,-7.97406519549072E-16,0.));
#1349=DIRECTION('',(-1.,8.01192363997333E-16,0.));
#1350=DIRECTION('center_axis',(0.,0.,1.));
#1351=DIRECTION('ref_axis',(1.11022302462516E-15,1.,0.));
#1352=DIRECTION('',(-0.866025403784439,-0.5,0.));
#1353=DIRECTION('center_axis',(0.,0.,1.));
#1354=DIRECTION('ref_axis',(-0.5,0.866025403784439,0.));
#1355=DIRECTION('',(-0.5,-0.866025403784438,0.));
#1356=DIRECTION('center_axis',(0.,0.,1.));
#1357=DIRECTION('ref_axis',(1.,0.,0.));
#1358=DIRECTION('center_axis',(-0.866025403784439,-0.5,0.));
#1359=DIRECTION('ref_axis',(0.5,-0.866025403784439,0.));
#1360=DIRECTION('',(0.,0.,1.));
#1361=DIRECTION('center_axis',(-7.97406519549072E-16,-1.,0.));
#1362=DIRECTION('ref_axis',(1.,-7.97406519549072E-16,0.));
#1363=DIRECTION('',(0.,0.,1.));
#1364=DIRECTION('center_axis',(0.,0.,1.));
#1365=DIRECTION('ref_axis',(-0.500000000000001,-0.866025403784438,0.));
#1366=DIRECTION('',(0.,0.,1.));
#1367=DIRECTION('center_axis',(-0.500000000000001,-0.866025403784438,0.));
#1368=DIRECTION('ref_axis',(0.866025403784438,-0.500000000000001,0.));
#1369=DIRECTION('',(0.,0.,1.));
#1370=DIRECTION('center_axis',(0.,0.,1.));
#1371=DIRECTION('ref_axis',(-0.866025403784439,-0.5,0.));
#1372=DIRECTION('center_axis',(8.01192363997333E-16,1.,0.));
#1373=DIRECTION('ref_axis',(-1.,8.01192363997333E-16,0.));
#1374=DIRECTION('',(0.,0.,1.));
#1375=DIRECTION('center_axis',(-0.5,0.866025403784439,0.));
#1376=DIRECTION('ref_axis',(-0.866025403784439,-0.5,0.));
#1377=DIRECTION('',(0.,0.,1.));
#1378=DIRECTION('',(0.,0.,1.));
#1379=DIRECTION('center_axis',(0.,0.,1.));
#1380=DIRECTION('ref_axis',(1.11022302462516E-15,1.,0.));
#1381=DIRECTION('center_axis',(-0.866025403784438,0.5,0.));
#1382=DIRECTION('ref_axis',(-0.5,-0.866025403784438,0.));
#1383=DIRECTION('',(0.,0.,1.));
#1384=DIRECTION('center_axis',(0.,0.,1.));
#1385=DIRECTION('ref_axis',(-0.5,0.866025403784439,0.));
#1386=DIRECTION('center_axis',(0.,0.,1.));
#1387=DIRECTION('ref_axis',(1.,0.,0.));
#1388=DIRECTION('',(0.,0.,-1.));
#1389=DIRECTION('center_axis',(-0.449397023149583,0.778378476865286,-0.438371146789078));
#1390=DIRECTION('ref_axis',(0.866025403784439,0.5,9.73379480993136E-17));
#1391=DIRECTION('center_axis',(-0.449397023149583,0.778378476865286,-0.438371146789078));
#1392=DIRECTION('ref_axis',(0.866025403784439,0.5,9.73379480993136E-17));
#1393=DIRECTION('',(0.449397023149583,-0.778378476865286,0.438371146789078));
#1394=DIRECTION('center_axis',(0.449397023149583,-0.778378476865286,0.438371146789078));
#1395=DIRECTION('ref_axis',(0.866025403784439,0.5,9.73379480993136E-17));
#1396=DIRECTION('center_axis',(0.449397023149583,-0.778378476865286,0.438371146789078));
#1397=DIRECTION('ref_axis',(-0.866025403784439,-0.5,-9.73379480993136E-17));
#1398=DIRECTION('center_axis',(-0.449397023149583,0.778378476865286,-0.438371146789078));
#1399=DIRECTION('ref_axis',(0.866025403784439,0.5,9.73379480993136E-17));
#1400=DIRECTION('center_axis',(-0.449397023149584,-0.778378476865285,-0.438371146789078));
#1401=DIRECTION('ref_axis',(-0.866025403784438,0.500000000000001,9.73379480993136E-17));
#1402=DIRECTION('center_axis',(-0.449397023149584,-0.778378476865285,-0.438371146789078));
#1403=DIRECTION('ref_axis',(-0.866025403784438,0.500000000000001,9.73379480993136E-17));
#1404=DIRECTION('',(0.449397023149584,0.778378476865285,0.438371146789078));
#1405=DIRECTION('center_axis',(0.449397023149584,0.778378476865285,0.438371146789078));
#1406=DIRECTION('ref_axis',(-0.866025403784438,0.500000000000001,9.73379480993136E-17));
#1407=DIRECTION('center_axis',(0.449397023149584,0.778378476865285,0.438371146789078));
#1408=DIRECTION('ref_axis',(0.866025403784438,-0.500000000000001,-9.73379480993136E-17));
#1409=DIRECTION('center_axis',(-0.449397023149584,-0.778378476865285,-0.438371146789078));
#1410=DIRECTION('ref_axis',(-0.866025403784438,0.500000000000001,9.73379480993136E-17));
#1411=CARTESIAN_POINT('',(0.,0.,0.));
#1412=CARTESIAN_POINT('Origin',(-1.53080849893419E-16,-18.25,188.835735321045));
#1413=CARTESIAN_POINT('',(1.27057105411537E-15,-20.75,196.335735321045));
#1414=CARTESIAN_POINT('',(0.,-20.75,181.335735321045));
#1415=CARTESIAN_POINT('Ctrl Pts',(1.66533453693773E-15,-20.75,196.335735321045));
#1416=CARTESIAN_POINT('Ctrl Pts',(0.950802052125675,-20.75,196.335735321045));
#1417=CARTESIAN_POINT('Ctrl Pts',(1.9592602561636,-20.6782980533403,196.143968516595));
#1418=CARTESIAN_POINT('Ctrl Pts',(3.80475476055299,-20.4194650352642,195.375828049124));
#1419=CARTESIAN_POINT('Ctrl Pts',(4.64242965177631,-20.2355533830491,194.799907387067));
#1420=CARTESIAN_POINT('Ctrl Pts',(5.96460464124692,-19.8860221556411,193.477732397596));
#1421=CARTESIAN_POINT('Ctrl Pts',(6.54019419478632,-19.6965540352612,192.6402264659));
#1422=CARTESIAN_POINT('Ctrl Pts',(7.30808525330072,-19.4247337289194,190.795370851388));
#1423=CARTESIAN_POINT('Ctrl Pts',(7.5,-19.3471574139459,189.787159723497));
#1424=CARTESIAN_POINT('Ctrl Pts',(7.5,-19.3471574139459,187.884310918593));
#1425=CARTESIAN_POINT('Ctrl Pts',(7.30808525330072,-19.4247337289194,186.876099790702));
#1426=CARTESIAN_POINT('Ctrl Pts',(6.54019419478634,-19.6965540352612,185.03124417619));
#1427=CARTESIAN_POINT('Ctrl Pts',(5.96460464124692,-19.8860221556411,184.193738244494));
#1428=CARTESIAN_POINT('Ctrl Pts',(4.64242965177632,-20.2355533830491,182.871563255023));
#1429=CARTESIAN_POINT('Ctrl Pts',(3.80475476055299,-20.4194650352642,182.295642592966));
#1430=CARTESIAN_POINT('Ctrl Pts',(1.95926025616362,-20.6782980533403,181.527502125494));
#1431=CARTESIAN_POINT('Ctrl Pts',(0.950802052125678,-20.75,181.335735321045));
#1432=CARTESIAN_POINT('Ctrl Pts',(4.71844785465692E-15,-20.75,181.335735321045));
#1433=CARTESIAN_POINT('',(1.82939779572908E-15,-20.1743716720644,196.335735321045));
#1434=CARTESIAN_POINT('',(7.65404249467096E-16,-18.25,196.335735321045));
#1435=CARTESIAN_POINT('',(7.5,-18.6786284952428,188.835735321045));
#1436=CARTESIAN_POINT('Ctrl Pts',(7.5,-18.6786284952428,188.835735321045));
#1437=CARTESIAN_POINT('Ctrl Pts',(7.5,-18.6786284952428,189.788098555205));
#1438=CARTESIAN_POINT('Ctrl Pts',(7.30773411567788,-18.7608465822521,190.796517176454));
#1439=CARTESIAN_POINT('Ctrl Pts',(6.53987339480878,-19.0483636103194,192.640694201704));
#1440=CARTESIAN_POINT('Ctrl Pts',(5.96469508058438,-19.2485770348165,193.477415237305));
#1441=CARTESIAN_POINT('Ctrl Pts',(4.64385014638085,-19.6184927864975,194.7987132587));
#1442=CARTESIAN_POINT('Ctrl Pts',(3.80674403430097,-19.8135713494453,195.374688072462));
#1443=CARTESIAN_POINT('Ctrl Pts',(1.96125680043092,-20.0910289424904,196.143448824381));
#1444=CARTESIAN_POINT('Ctrl Pts',(0.952173765289726,-20.1701126168045,196.335735321045));
#1445=CARTESIAN_POINT('Ctrl Pts',(1.66533453693773E-15,-20.1743716720644,
196.335735321045));
#1446=CARTESIAN_POINT('Ctrl Pts',(1.94289029309402E-15,-20.1743716720644,
196.335735321045));
#1447=CARTESIAN_POINT('Ctrl Pts',(-0.950872936701648,-20.1786249087426,
196.335735321045));
#1448=CARTESIAN_POINT('Ctrl Pts',(-1.95934743112926,-20.1087533039254,196.143919834181));
#1449=CARTESIAN_POINT('Ctrl Pts',(-3.80450894209968,-19.8485769309696,195.375942761807));
#1450=CARTESIAN_POINT('Ctrl Pts',(-4.64185966925264,-19.6615874766907,194.800256452676));
#1451=CARTESIAN_POINT('Ctrl Pts',(-5.96384225343447,-19.3046787235251,193.478715697838));
#1452=CARTESIAN_POINT('Ctrl Pts',(-6.53954066995893,-19.1103450158344,192.641381893523));
#1453=CARTESIAN_POINT('Ctrl Pts',(-7.30781984332624,-18.8310006481957,190.796422663208));
#1454=CARTESIAN_POINT('Ctrl Pts',(-7.5,-18.7510051494772,189.787874621198));
#1455=CARTESIAN_POINT('Ctrl Pts',(-7.5,-18.7510051494772,187.883596020892));
#1456=CARTESIAN_POINT('Ctrl Pts',(-7.30781984332627,-18.8310006481957,186.875047978882));
#1457=CARTESIAN_POINT('Ctrl Pts',(-6.53954066995897,-19.1103450158344,185.030088748567));
#1458=CARTESIAN_POINT('Ctrl Pts',(-5.96384225343447,-19.3046787235251,184.192754944252));
#1459=CARTESIAN_POINT('Ctrl Pts',(-4.64185966925265,-19.6615874766907,182.871214189414));
#1460=CARTESIAN_POINT('Ctrl Pts',(-3.80450894209968,-19.8485769309696,182.295527880283));
#1461=CARTESIAN_POINT('Ctrl Pts',(-1.95934743112926,-20.1087533039254,181.527550807909));
#1462=CARTESIAN_POINT('Ctrl Pts',(-0.950872936701652,-20.1786249087426,
181.335735321045));
#1463=CARTESIAN_POINT('Ctrl Pts',(0.952173765289724,-20.1701126168045,181.335735321045));
#1464=CARTESIAN_POINT('Ctrl Pts',(1.96125680043092,-20.0910289424904,181.528021817708));
#1465=CARTESIAN_POINT('Ctrl Pts',(3.80674403430096,-19.8135713494453,182.296782569628));
#1466=CARTESIAN_POINT('Ctrl Pts',(4.64385014638085,-19.6184927864975,182.87275738339));
#1467=CARTESIAN_POINT('Ctrl Pts',(5.96469508058438,-19.2485770348165,184.194055404785));
#1468=CARTESIAN_POINT('Ctrl Pts',(6.5398733948088,-19.0483636103194,185.030776440386));
#1469=CARTESIAN_POINT('Ctrl Pts',(7.30773411567787,-18.7608465822521,186.874953465636));
#1470=CARTESIAN_POINT('Ctrl Pts',(7.5,-18.6786284952428,187.883372086885));
#1471=CARTESIAN_POINT('Ctrl Pts',(7.5,-18.6786284952428,188.835735321045));
#1472=CARTESIAN_POINT('Ctrl Pts',(1.38777878078145E-15,-20.75,181.335735321045));
#1473=CARTESIAN_POINT('Ctrl Pts',(-0.950802052125672,-20.75,181.335735321045));
#1474=CARTESIAN_POINT('Ctrl Pts',(-1.95926025616362,-20.6782980533403,181.527502125494));
#1475=CARTESIAN_POINT('Ctrl Pts',(-3.80475476055301,-20.4194650352642,182.295642592966));
#1476=CARTESIAN_POINT('Ctrl Pts',(-4.64242965177631,-20.2355533830491,182.871563255023));
#1477=CARTESIAN_POINT('Ctrl Pts',(-5.96460464124692,-19.8860221556411,184.193738244494));
#1478=CARTESIAN_POINT('Ctrl Pts',(-6.54019419478632,-19.6965540352612,185.03124417619));
#1479=CARTESIAN_POINT('Ctrl Pts',(-7.30808525330071,-19.4247337289194,186.876099790702));
#1480=CARTESIAN_POINT('Ctrl Pts',(-7.5,-19.3471574139459,187.884310918593));
#1481=CARTESIAN_POINT('Ctrl Pts',(-7.5,-19.3471574139459,188.835735321045));
#1482=CARTESIAN_POINT('Ctrl Pts',(-7.5,-19.3471574139459,189.787159723497));
#1483=CARTESIAN_POINT('Ctrl Pts',(-7.30808525330072,-19.4247337289194,190.795370851388));
#1484=CARTESIAN_POINT('Ctrl Pts',(-6.54019419478632,-19.6965540352612,192.6402264659));
#1485=CARTESIAN_POINT('Ctrl Pts',(-5.96460464124692,-19.8860221556411,193.477732397596));
#1486=CARTESIAN_POINT('Ctrl Pts',(-4.64242965177631,-20.2355533830491,194.799907387067));
#1487=CARTESIAN_POINT('Ctrl Pts',(-3.80475476055299,-20.4194650352642,195.375828049124));
#1488=CARTESIAN_POINT('Ctrl Pts',(-1.9592602561636,-20.6782980533403,196.143968516595));
#1489=CARTESIAN_POINT('Ctrl Pts',(-0.950802052125678,-20.75,196.335735321045));
#1490=CARTESIAN_POINT('Ctrl Pts',(-5.27355936696949E-15,-20.75,196.335735321045));
#1491=CARTESIAN_POINT('Origin',(-1.53080849893419E-16,-18.25,1047.48802185059));
#1492=CARTESIAN_POINT('',(1.27057105411537E-15,-20.75,1054.98802185059));
#1493=CARTESIAN_POINT('',(0.,-20.75,1039.98802185059));
#1494=CARTESIAN_POINT('Ctrl Pts',(6.93889390390723E-15,-20.75,1054.98802185059));
#1495=CARTESIAN_POINT('Ctrl Pts',(0.95080205212568,-20.75,1054.98802185059));
#1496=CARTESIAN_POINT('Ctrl Pts',(1.9592602561636,-20.6782980533403,1054.79625504614));
#1497=CARTESIAN_POINT('Ctrl Pts',(3.80475476055301,-20.4194650352642,1054.02811457866));
#1498=CARTESIAN_POINT('Ctrl Pts',(4.64242965177631,-20.2355533830491,1053.45219391661));
#1499=CARTESIAN_POINT('Ctrl Pts',(5.96460464124692,-19.8860221556411,1052.13001892714));
#1500=CARTESIAN_POINT('Ctrl Pts',(6.54019419478632,-19.6965540352612,1051.29251299544));
#1501=CARTESIAN_POINT('Ctrl Pts',(7.30808525330074,-19.4247337289194,1049.44765738093));
#1502=CARTESIAN_POINT('Ctrl Pts',(7.5,-19.3471574139459,1048.43944625304));
#1503=CARTESIAN_POINT('Ctrl Pts',(7.5,-19.3471574139459,1046.53659744813));
#1504=CARTESIAN_POINT('Ctrl Pts',(7.30808525330082,-19.4247337289194,1045.52838632024));
#1505=CARTESIAN_POINT('Ctrl Pts',(6.54019419478647,-19.6965540352611,1043.68353070573));
#1506=CARTESIAN_POINT('Ctrl Pts',(5.96460464124692,-19.8860221556411,1042.84602477403));
#1507=CARTESIAN_POINT('Ctrl Pts',(4.64242965177632,-20.2355533830491,1041.52384978456));
#1508=CARTESIAN_POINT('Ctrl Pts',(3.80475476055303,-20.4194650352642,1040.94792912251));
#1509=CARTESIAN_POINT('Ctrl Pts',(1.95926025616364,-20.6782980533403,1040.17978865504));
#1510=CARTESIAN_POINT('Ctrl Pts',(0.950802052125686,-20.75,1039.98802185059));
#1511=CARTESIAN_POINT('Ctrl Pts',(1.22124532708767E-14,-20.75,1039.98802185059));
#1512=CARTESIAN_POINT('',(-1.91760491238082E-15,-20.1743716720644,1054.98802185059));
#1513=CARTESIAN_POINT('',(7.65404249467096E-16,-18.25,1054.98802185059));
#1514=CARTESIAN_POINT('',(7.5,-18.6786284952428,1047.48802185059));
#1515=CARTESIAN_POINT('Ctrl Pts',(7.5,-18.6786284952428,1047.48802185059));
#1516=CARTESIAN_POINT('Ctrl Pts',(7.5,-18.6786284952428,1048.44038508475));
#1517=CARTESIAN_POINT('Ctrl Pts',(7.30773411567786,-18.7608465822521,1049.448803706));
#1518=CARTESIAN_POINT('Ctrl Pts',(6.53987339480877,-19.0483636103194,1051.29298073124));
#1519=CARTESIAN_POINT('Ctrl Pts',(5.96469508058437,-19.2485770348165,1052.12970176685));
#1520=CARTESIAN_POINT('Ctrl Pts',(4.64385014638085,-19.6184927864975,1053.45099978824));
#1521=CARTESIAN_POINT('Ctrl Pts',(3.80674403430094,-19.8135713494453,1054.026974602));
#1522=CARTESIAN_POINT('Ctrl Pts',(1.9612568004309,-20.0910289424904,1054.79573535392));
#1523=CARTESIAN_POINT('Ctrl Pts',(0.952173765289734,-20.1701126168045,1054.98802185059));
#1524=CARTESIAN_POINT('Ctrl Pts',(4.44089209850063E-15,-20.1743716720644,
1054.98802185059));
#1525=CARTESIAN_POINT('Ctrl Pts',(-1.2490009027033E-14,-20.1743716720644,
1054.98802185059));
#1526=CARTESIAN_POINT('Ctrl Pts',(-0.950872936701657,-20.1786249087426,
1054.98802185059));
#1527=CARTESIAN_POINT('Ctrl Pts',(-1.95934743112925,-20.1087533039254,1054.79620636372));
#1528=CARTESIAN_POINT('Ctrl Pts',(-3.80450894209967,-19.8485769309696,1054.02822929135));
#1529=CARTESIAN_POINT('Ctrl Pts',(-4.64185966925264,-19.6615874766907,1053.45254298222));
#1530=CARTESIAN_POINT('Ctrl Pts',(-5.96384225343448,-19.3046787235251,1052.13100222738));
#1531=CARTESIAN_POINT('Ctrl Pts',(-6.53954066995891,-19.1103450158345,1051.29366842306));
#1532=CARTESIAN_POINT('Ctrl Pts',(-7.30781984332628,-18.8310006481957,1049.44870919275));
#1533=CARTESIAN_POINT('Ctrl Pts',(-7.5,-18.7510051494772,1048.44016115074));
#1534=CARTESIAN_POINT('Ctrl Pts',(-7.5,-18.7510051494772,1046.53588255043));
#1535=CARTESIAN_POINT('Ctrl Pts',(-7.3078198433264,-18.8310006481956,1045.52733450842));
#1536=CARTESIAN_POINT('Ctrl Pts',(-6.53954066995913,-19.1103450158344,1043.68237527811));
#1537=CARTESIAN_POINT('Ctrl Pts',(-5.96384225343446,-19.3046787235251,1042.84504147379));
#1538=CARTESIAN_POINT('Ctrl Pts',(-4.64185966925265,-19.6615874766907,1041.52350071895));
#1539=CARTESIAN_POINT('Ctrl Pts',(-3.80450894209968,-19.8485769309696,1040.94781440982));
#1540=CARTESIAN_POINT('Ctrl Pts',(-1.95934743112926,-20.1087533039254,1040.17983733745));
#1541=CARTESIAN_POINT('Ctrl Pts',(-0.950872936701658,-20.1786249087426,
1039.98802185059));
#1542=CARTESIAN_POINT('Ctrl Pts',(0.952173765289728,-20.1701126168045,1039.98802185059));
#1543=CARTESIAN_POINT('Ctrl Pts',(1.96125680043096,-20.0910289424904,1040.18030834725));
#1544=CARTESIAN_POINT('Ctrl Pts',(3.80674403430109,-19.8135713494453,1040.94906909917));
#1545=CARTESIAN_POINT('Ctrl Pts',(4.64385014638085,-19.6184927864975,1041.52504391293));
#1546=CARTESIAN_POINT('Ctrl Pts',(5.96469508058437,-19.2485770348165,1042.84634193433));
#1547=CARTESIAN_POINT('Ctrl Pts',(6.53987339480886,-19.0483636103193,1043.68306296993));
#1548=CARTESIAN_POINT('Ctrl Pts',(7.30773411567791,-18.7608465822521,1045.52723999518));
#1549=CARTESIAN_POINT('Ctrl Pts',(7.5,-18.6786284952428,1046.53565861643));
#1550=CARTESIAN_POINT('Ctrl Pts',(7.50000000000001,-18.6786284952428,1047.48802185059));
#1551=CARTESIAN_POINT('Ctrl Pts',(-8.88178419700125E-15,-20.75,1039.98802185059));
#1552=CARTESIAN_POINT('Ctrl Pts',(-0.950802052125682,-20.75,1039.98802185059));
#1553=CARTESIAN_POINT('Ctrl Pts',(-1.95926025616369,-20.6782980533403,1040.17978865504));
#1554=CARTESIAN_POINT('Ctrl Pts',(-3.80475476055302,-20.4194650352642,1040.94792912251));
#1555=CARTESIAN_POINT('Ctrl Pts',(-4.64242965177631,-20.2355533830491,1041.52384978456));
#1556=CARTESIAN_POINT('Ctrl Pts',(-5.96460464124692,-19.8860221556411,1042.84602477403));
#1557=CARTESIAN_POINT('Ctrl Pts',(-6.54019419478632,-19.6965540352612,1043.68353070573));
#1558=CARTESIAN_POINT('Ctrl Pts',(-7.30808525330074,-19.4247337289194,1045.52838632024));
#1559=CARTESIAN_POINT('Ctrl Pts',(-7.5,-19.3471574139459,1046.53659744813));
#1560=CARTESIAN_POINT('Ctrl Pts',(-7.5,-19.3471574139459,1047.48802185059));
#1561=CARTESIAN_POINT('Ctrl Pts',(-7.5,-19.3471574139459,1048.43944625304));
#1562=CARTESIAN_POINT('Ctrl Pts',(-7.30808525330074,-19.4247337289194,1049.44765738093));
#1563=CARTESIAN_POINT('Ctrl Pts',(-6.54019419478632,-19.6965540352612,1051.29251299544));
#1564=CARTESIAN_POINT('Ctrl Pts',(-5.96460464124692,-19.8860221556411,1052.13001892714));
#1565=CARTESIAN_POINT('Ctrl Pts',(-4.64242965177631,-20.2355533830491,1053.45219391661));
#1566=CARTESIAN_POINT('Ctrl Pts',(-3.80475476055301,-20.4194650352642,1054.02811457866));
#1567=CARTESIAN_POINT('Ctrl Pts',(-1.95926025616361,-20.6782980533403,1054.79625504614));
#1568=CARTESIAN_POINT('Ctrl Pts',(-0.950802052125659,-20.75,1054.98802185059));
#1569=CARTESIAN_POINT('Ctrl Pts',(1.33226762955019E-14,-20.75,1054.98802185059));
#1570=CARTESIAN_POINT('Origin',(-0.0894587271606362,-0.174571744661751,
515.));
#1571=CARTESIAN_POINT('',(-20.0894587271606,-0.174571744661749,1065.));
#1572=CARTESIAN_POINT('Origin',(-0.0894587271606362,-0.174571744661751,
1065.));
#1573=CARTESIAN_POINT('',(-20.0894587271606,-0.174571744661754,165.));
#1574=CARTESIAN_POINT('',(-20.0894587271606,-0.174571744661749,515.));
#1575=CARTESIAN_POINT('Origin',(-0.0894587271606362,-0.174571744661751,
165.));
#1576=CARTESIAN_POINT('Origin',(0.,0.,615.));
#1577=CARTESIAN_POINT('',(-20.75,-2.54114210823076E-15,1065.));
#1578=CARTESIAN_POINT('Origin',(0.,0.,1065.));
#1579=CARTESIAN_POINT('',(-20.75,-2.54114210823076E-15,165.));
#1580=CARTESIAN_POINT('',(-20.75,-2.54114210823076E-15,615.));
#1581=CARTESIAN_POINT('Origin',(0.,0.,165.));
#1582=CARTESIAN_POINT('Origin',(0.,0.,165.));
#1583=CARTESIAN_POINT('Origin',(0.,0.,1065.));
#1584=CARTESIAN_POINT('Origin',(362.681928240441,-7.105427357601E-14,166.38846477158));
#1585=CARTESIAN_POINT('',(668.271903982157,17.4999999999999,17.3422748632934));
#1586=CARTESIAN_POINT('Origin',(668.271903982157,-1.4210854715202E-13,17.3422748632934));
#1587=CARTESIAN_POINT('',(43.6100418042362,17.5,322.010221881702));
#1588=CARTESIAN_POINT('',(362.681928240441,17.4999999999999,166.38846477158));
#1589=CARTESIAN_POINT('Origin',(43.6100418042362,7.7715611723761E-15,322.010221881702));
#1590=CARTESIAN_POINT('Origin',(43.6100418042362,3.33066907387547E-15,322.010221881702));
#1591=CARTESIAN_POINT('Origin',(668.271903982157,-1.4210854715202E-13,17.3422748632934));
#1592=CARTESIAN_POINT('Ctrl Pts',(-21.7805723227613,17.5724755474831,370.499999999997));
#1593=CARTESIAN_POINT('Ctrl Pts',(-21.8495292209584,17.5761668382068,370.086971010368));
#1594=CARTESIAN_POINT('Ctrl Pts',(-21.8384485997164,17.751113069039,369.243022987535));
#1595=CARTESIAN_POINT('Ctrl Pts',(-21.3713892968067,18.4649282677415,368.246341926752));
#1596=CARTESIAN_POINT('Ctrl Pts',(-20.4767697046623,19.4008326939804,367.777919310158));
#1597=CARTESIAN_POINT('Ctrl Pts',(-19.4023354062693,20.4784352189063,367.777017359067));
#1598=CARTESIAN_POINT('Ctrl Pts',(-18.4669509395499,21.3745749096759,368.243163455994));
#1599=CARTESIAN_POINT('Ctrl Pts',(-17.75342520762,21.8404277952579,369.242143668391));
#1600=CARTESIAN_POINT('Ctrl Pts',(-17.5761668382068,21.8495292209584,370.086971010368));
#1601=CARTESIAN_POINT('Ctrl Pts',(-17.5724755474831,21.7805723227613,370.499999999997));
#1602=CARTESIAN_POINT('Ctrl Pts',(-22.0262352358674,17.5856259828405,370.537704302633));
#1603=CARTESIAN_POINT('Ctrl Pts',(-22.0983621630387,17.5885363128343,370.100027721638));
#1604=CARTESIAN_POINT('Ctrl Pts',(-22.0863188028477,17.7744446636819,369.206148854657));
#1605=CARTESIAN_POINT('Ctrl Pts',(-21.5906340779359,18.538202349313,368.147822825077));
#1606=CARTESIAN_POINT('Ctrl Pts',(-20.6644385355536,19.5478304814278,367.663340041759));
#1607=CARTESIAN_POINT('Ctrl Pts',(-19.5485237476236,20.6660181449922,367.661908489037));
#1608=CARTESIAN_POINT('Ctrl Pts',(-18.5394704889445,21.5934045305578,368.143805560132));
#1609=CARTESIAN_POINT('Ctrl Pts',(-17.7762479551709,22.0877782020193,369.204597658086));
#1610=CARTESIAN_POINT('Ctrl Pts',(-17.5885363128343,22.0983621630386,370.100027721639));
#1611=CARTESIAN_POINT('Ctrl Pts',(-17.5856259828405,22.0262352358674,370.537704302633));
#1612=CARTESIAN_POINT('Ctrl Pts',(-22.5239845249136,17.4854598611022,370.61305989952));
#1613=CARTESIAN_POINT('Ctrl Pts',(-22.6046255468066,17.4876188790731,370.108486030637));
#1614=CARTESIAN_POINT('Ctrl Pts',(-22.5904005261647,17.7044819902128,369.07832920913));
#1615=CARTESIAN_POINT('Ctrl Pts',(-22.0229955778677,18.5967971177796,367.85734129646));
#1616=CARTESIAN_POINT('Ctrl Pts',(-21.0103763934095,19.784581882853,367.305236844486));
#1617=CARTESIAN_POINT('Ctrl Pts',(-19.7836921701461,21.0116821381879,367.303348103791));
#1618=CARTESIAN_POINT('Ctrl Pts',(-18.5966039423027,22.0249011219431,367.852348542922));
#1619=CARTESIAN_POINT('Ctrl Pts',(-17.7052988190363,22.5907115485658,369.076207652163));
#1620=CARTESIAN_POINT('Ctrl Pts',(-17.4876188790731,22.6046255468062,370.108486030641));
#1621=CARTESIAN_POINT('Ctrl Pts',(-17.4854598611022,22.5239845249136,370.61305989952));
#1622=CARTESIAN_POINT('Ctrl Pts',(-22.9145992678829,17.1573948749711,370.67015245702));
#1623=CARTESIAN_POINT('Ctrl Pts',(-23.0065700034082,17.1604167201945,370.080304072092));
#1624=CARTESIAN_POINT('Ctrl Pts',(-22.9903364345557,17.4180568196297,368.875361858323));
#1625=CARTESIAN_POINT('Ctrl Pts',(-22.3395959058883,18.4671053906434,367.450928344715));
#1626=CARTESIAN_POINT('Ctrl Pts',(-21.2042224517252,19.8456350099353,366.789194512667));
#1627=CARTESIAN_POINT('Ctrl Pts',(-19.8436753989831,21.2057788359491,366.787625841108));
#1628=CARTESIAN_POINT('Ctrl Pts',(-18.4662353502578,22.3413776568465,367.445999261892));
#1629=CARTESIAN_POINT('Ctrl Pts',(-17.4184811653634,22.9901892167463,368.87373860491));
#1630=CARTESIAN_POINT('Ctrl Pts',(-17.1604167201945,23.0065700034075,370.080304072096));
#1631=CARTESIAN_POINT('Ctrl Pts',(-17.157394874971,22.9145992678829,370.670152457021));
#1632=CARTESIAN_POINT('Ctrl Pts',(-23.0594131778471,16.9560171853411,370.690665205822));
#1633=CARTESIAN_POINT('Ctrl Pts',(-23.1572032389115,16.9597352396674,370.058698189454));
#1634=CARTESIAN_POINT('Ctrl Pts',(-23.1404459220869,17.2373573042829,368.767390975306));
#1635=CARTESIAN_POINT('Ctrl Pts',(-22.4499657097034,18.3630391260918,367.242390135004));
#1636=CARTESIAN_POINT('Ctrl Pts',(-21.2495679234537,19.8281723902463,366.525666488864));
#1637=CARTESIAN_POINT('Ctrl Pts',(-19.8258815687991,21.2514667466988,366.524286432368));
#1638=CARTESIAN_POINT('Ctrl Pts',(-18.3621138836753,22.4519793740145,367.237526823394));
#1639=CARTESIAN_POINT('Ctrl Pts',(-17.2378470047599,23.1403234335919,368.766045547481));
#1640=CARTESIAN_POINT('Ctrl Pts',(-16.9597352396674,23.1572032389107,370.058698189459));
#1641=CARTESIAN_POINT('Ctrl Pts',(-16.9560171853411,23.0594131778471,370.690665205822));
#1642=CARTESIAN_POINT('',(-17.5724755474831,21.7805723227613,370.499999999999));
#1643=CARTESIAN_POINT('',(-16.9560171853411,23.0594131778471,370.690665205822));
#1644=CARTESIAN_POINT('Origin',(-16.0746200679681,21.8607531339756,370.499999999996));
#1645=CARTESIAN_POINT('',(-23.0594131778471,16.9560171853411,370.690665205822));
#1646=CARTESIAN_POINT('Ctrl Pts',(-16.9560171853411,23.0594131778471,370.690665205822));
#1647=CARTESIAN_POINT('Ctrl Pts',(-16.9597352396674,23.1572032389107,370.058698189459));
#1648=CARTESIAN_POINT('Ctrl Pts',(-17.2378470047599,23.1403234335919,368.766045547481));
#1649=CARTESIAN_POINT('Ctrl Pts',(-18.3621138836753,22.4519793740145,367.237526823394));
#1650=CARTESIAN_POINT('Ctrl Pts',(-19.8258815687991,21.2514667466988,366.524286432368));
#1651=CARTESIAN_POINT('Ctrl Pts',(-21.2495679234537,19.8281723902463,366.525666488864));
#1652=CARTESIAN_POINT('Ctrl Pts',(-22.4499657097034,18.3630391260918,367.242390135004));
#1653=CARTESIAN_POINT('Ctrl Pts',(-23.1404459220869,17.2373573042829,368.767390975306));
#1654=CARTESIAN_POINT('Ctrl Pts',(-23.1572032389115,16.9597352396674,370.058698189454));
#1655=CARTESIAN_POINT('Ctrl Pts',(-23.0594131778471,16.9560171853411,370.690665205822));
#1656=CARTESIAN_POINT('',(-21.7805723227613,17.5724755474831,370.499999999998));
#1657=CARTESIAN_POINT('Origin',(-21.8607531339756,16.0746200679682,370.499999999996));
#1658=CARTESIAN_POINT('Ctrl Pts',(-21.7805723227613,17.5724755474831,370.499999999997));
#1659=CARTESIAN_POINT('Ctrl Pts',(-21.8495292209584,17.5761668382068,370.086971010368));
#1660=CARTESIAN_POINT('Ctrl Pts',(-21.8384485997164,17.751113069039,369.243022987535));
#1661=CARTESIAN_POINT('Ctrl Pts',(-21.3713892968067,18.4649282677415,368.246341926752));
#1662=CARTESIAN_POINT('Ctrl Pts',(-20.4767697046623,19.4008326939804,367.777919310158));
#1663=CARTESIAN_POINT('Ctrl Pts',(-19.4023354062693,20.4784352189063,367.777017359067));
#1664=CARTESIAN_POINT('Ctrl Pts',(-18.4669509395499,21.3745749096759,368.243163455994));
#1665=CARTESIAN_POINT('Ctrl Pts',(-17.75342520762,21.8404277952579,369.242143668391));
#1666=CARTESIAN_POINT('Ctrl Pts',(-17.5761668382068,21.8495292209584,370.086971010368));
#1667=CARTESIAN_POINT('Ctrl Pts',(-17.5724755474831,21.7805723227613,370.499999999997));
#1668=CARTESIAN_POINT('Ctrl Pts',(-17.5724755474831,21.7805723227611,370.499999999997));
#1669=CARTESIAN_POINT('Ctrl Pts',(-17.5657190936,21.6543551977693,371.633998185209));
#1670=CARTESIAN_POINT('Ctrl Pts',(-17.5613542575518,21.3861708879925,373.610644843334));
#1671=CARTESIAN_POINT('Ctrl Pts',(-17.6033863707823,20.9892102779668,375.678334132162));
#1672=CARTESIAN_POINT('Ctrl Pts',(-17.6541679376901,20.7338448465117,376.770312373499));
#1673=CARTESIAN_POINT('Ctrl Pts',(-17.6999441447661,20.5320145122566,377.583712466986));
#1674=CARTESIAN_POINT('Ctrl Pts',(-17.7765562631937,20.2654055971487,378.518727036085));
#1675=CARTESIAN_POINT('Ctrl Pts',(-17.9077526487718,19.9444427196455,379.399905584665));
#1676=CARTESIAN_POINT('Ctrl Pts',(-18.0075838334145,19.738479010728,379.880138650009));
#1677=CARTESIAN_POINT('Ctrl Pts',(-18.12865902185,19.5152648938691,380.334944866013));
#1678=CARTESIAN_POINT('Ctrl Pts',(-18.2912191467855,19.2592697458336,380.740962154898));
#1679=CARTESIAN_POINT('Ctrl Pts',(-18.5221728087203,18.9666959107726,381.004810121354));
#1680=CARTESIAN_POINT('Ctrl Pts',(-18.8065448466304,18.6575192379018,381.110217247835));
#1681=CARTESIAN_POINT('Ctrl Pts',(-19.1961619982429,18.3300501815627,380.846342199698));
#1682=CARTESIAN_POINT('Ctrl Pts',(-19.5755817382168,18.0912641465435,380.235541912294));
#1683=CARTESIAN_POINT('Ctrl Pts',(-19.897016554894,17.9270314779163,379.530587142079));
#1684=CARTESIAN_POINT('Ctrl Pts',(-20.1730733755371,17.8146428156819,378.770813601753));
#1685=CARTESIAN_POINT('Ctrl Pts',(-20.416317591493,17.7335408257868,377.987929782272));
#1686=CARTESIAN_POINT('Ctrl Pts',(-20.7056293684836,17.6564124394495,376.919882009308));
#1687=CARTESIAN_POINT('Ctrl Pts',(-21.016141958436,17.6001534268411,375.548376921218));
#1688=CARTESIAN_POINT('Ctrl Pts',(-21.4251274075736,17.5616245802756,373.326670932635));
#1689=CARTESIAN_POINT('Ctrl Pts',(-21.6543551977693,17.5657190936,371.633998185209));
#1690=CARTESIAN_POINT('Ctrl Pts',(-21.7805723227611,17.5724755474831,370.499999999997));
#1691=CARTESIAN_POINT('Ctrl Pts',(-17.5987764181979,22.2718981489735,370.575408605269));
#1692=CARTESIAN_POINT('Ctrl Pts',(-17.574932329127,22.1282409204483,371.717495923384));
#1693=CARTESIAN_POINT('Ctrl Pts',(-17.5382696313369,21.8218648245662,373.707463122507));
#1694=CARTESIAN_POINT('Ctrl Pts',(-17.5473474230346,21.3630894230357,375.787430188532));
#1695=CARTESIAN_POINT('Ctrl Pts',(-17.582854977894,21.065943820284,376.885392018966));
#1696=CARTESIAN_POINT('Ctrl Pts',(-17.618352841225,20.8308047704018,377.703161260248));
#1697=CARTESIAN_POINT('Ctrl Pts',(-17.6862930372718,20.5192296637659,378.642926266003));
#1698=CARTESIAN_POINT('Ctrl Pts',(-17.8178082247875,20.1431564939626,379.528276715931));
#1699=CARTESIAN_POINT('Ctrl Pts',(-17.9221354432694,19.9017893281742,380.010708354787));
#1700=CARTESIAN_POINT('Ctrl Pts',(-18.0514967907592,19.6403533341786,380.467550051977));
#1701=CARTESIAN_POINT('Ctrl Pts',(-18.2299541203665,19.3409054421646,380.875325347247));
#1702=CARTESIAN_POINT('Ctrl Pts',(-18.4901467829155,19.0007758040288,381.14028803617));
#1703=CARTESIAN_POINT('Ctrl Pts',(-18.8149976082413,18.6437179881714,381.246134843506));
#1704=CARTESIAN_POINT('Ctrl Pts',(-19.2670810017232,18.2723202705257,380.981159959125));
#1705=CARTESIAN_POINT('Ctrl Pts',(-19.7109441367865,18.0105719326475,380.36771745187));
#1706=CARTESIAN_POINT('Ctrl Pts',(-20.0875803024107,17.8370001544471,379.659571717663));
#1707=CARTESIAN_POINT('Ctrl Pts',(-20.411056370976,17.7244642893021,378.896203281255));
#1708=CARTESIAN_POINT('Ctrl Pts',(-20.6955988622023,17.6481933706821,378.109429845348));
#1709=CARTESIAN_POINT('Ctrl Pts',(-21.0333277090805,17.5824390342098,377.035838913511));
#1710=CARTESIAN_POINT('Ctrl Pts',(-21.3941199780915,17.545539488971,375.656695448172));
#1711=CARTESIAN_POINT('Ctrl Pts',(-21.8665738951421,17.5438379117065,373.421616076237));
#1712=CARTESIAN_POINT('Ctrl Pts',(-22.1282409204483,17.574932329127,371.717495923384));
#1713=CARTESIAN_POINT('Ctrl Pts',(-22.2718981489735,17.598776418198,370.575408605269));
#1714=CARTESIAN_POINT('Ctrl Pts',(-17.358772564601,22.7697853579186,370.64963970822));
#1715=CARTESIAN_POINT('Ctrl Pts',(-17.3373104457957,22.6005732428316,371.799849198251));
#1716=CARTESIAN_POINT('Ctrl Pts',(-17.307128768905,22.2414895547892,373.803305595554));
#1717=CARTESIAN_POINT('Ctrl Pts',(-17.332364865786,21.7105158514894,375.895849055161));
#1718=CARTESIAN_POINT('Ctrl Pts',(-17.3813226513857,21.3688963740043,376.999987294726));
#1719=CARTESIAN_POINT('Ctrl Pts',(-17.4281234884556,21.0990816048827,377.822262763584));
#1720=CARTESIAN_POINT('Ctrl Pts',(-17.512930191323,20.7430657459062,378.766920318102));
#1721=CARTESIAN_POINT('Ctrl Pts',(-17.6693733315178,20.3155860529114,379.656555804828));
#1722=CARTESIAN_POINT('Ctrl Pts',(-17.7915476843476,20.0418526839807,380.14123770026));
#1723=CARTESIAN_POINT('Ctrl Pts',(-17.9418083006797,19.7457204702341,380.6001581058));
#1724=CARTESIAN_POINT('Ctrl Pts',(-18.1470613657105,19.4071172662578,381.009716779246));
#1725=CARTESIAN_POINT('Ctrl Pts',(-18.4436972321871,19.02250156605,381.27580704054));
#1726=CARTESIAN_POINT('Ctrl Pts',(-18.8124326506371,18.6183438982882,381.382097818343));
#1727=CARTESIAN_POINT('Ctrl Pts',(-19.3236053341136,18.1959058230306,381.116013034212));
#1728=CARTESIAN_POINT('Ctrl Pts',(-19.8255401091373,17.894680004309,380.499890226141));
#1729=CARTESIAN_POINT('Ctrl Pts',(-20.2523916596956,17.6922507865567,379.788484292687));
#1730=CARTESIAN_POINT('Ctrl Pts',(-20.6200854884712,17.5583289432401,379.021423039363));
#1731=CARTESIAN_POINT('Ctrl Pts',(-20.9445779610441,17.4653362777717,378.230646433954));
#1732=CARTESIAN_POINT('Ctrl Pts',(-21.3310897647728,17.3819836015135,377.151337940913));
#1733=CARTESIAN_POINT('Ctrl Pts',(-21.7462531716841,17.3294708262738,375.764341110998));
#1734=CARTESIAN_POINT('Ctrl Pts',(-22.2939555080251,17.3116479342874,373.515535462946));
#1735=CARTESIAN_POINT('Ctrl Pts',(-22.6005732428316,17.3373104457957,371.799849198251));
#1736=CARTESIAN_POINT('Ctrl Pts',(-22.7697853579186,17.358772564601,370.64963970822));
#1737=CARTESIAN_POINT('Ctrl Pts',(-16.9560171853411,23.0594131778468,370.690665205823));
#1738=CARTESIAN_POINT('Ctrl Pts',(-16.9492117439739,22.8804204928071,371.847403138947));
#1739=CARTESIAN_POINT('Ctrl Pts',(-16.9491279835809,22.4997995086156,373.863686938738));
#1740=CARTESIAN_POINT('Ctrl Pts',(-17.0187907726194,21.9348393340541,375.972839021601));
#1741=CARTESIAN_POINT('Ctrl Pts',(-17.0977448214695,21.5705731888077,377.086714396687));
#1742=CARTESIAN_POINT('Ctrl Pts',(-17.1682516905062,21.2824725247582,377.91642537437));
#1743=CARTESIAN_POINT('Ctrl Pts',(-17.2845947613389,20.9013308658839,378.870189528673));
#1744=CARTESIAN_POINT('Ctrl Pts',(-17.4805518858302,20.4410642045843,379.769038103821));
#1745=CARTESIAN_POINT('Ctrl Pts',(-17.6287046442026,20.1451363207579,380.258901148284));
#1746=CARTESIAN_POINT('Ctrl Pts',(-17.8076988658753,19.8239573523325,380.722827465922));
#1747=CARTESIAN_POINT('Ctrl Pts',(-18.0468831831239,19.4547497007514,381.136986505752));
#1748=CARTESIAN_POINT('Ctrl Pts',(-18.3846775922765,19.0312251511412,381.406125341561));
#1749=CARTESIAN_POINT('Ctrl Pts',(-18.7990791325085,18.5823178811708,381.513646167619));
#1750=CARTESIAN_POINT('Ctrl Pts',(-19.3637799127865,18.1040702759761,381.244479707067));
#1751=CARTESIAN_POINT('Ctrl Pts',(-19.9109157174999,17.7526377018802,380.62143121262));
#1752=CARTESIAN_POINT('Ctrl Pts',(-20.3730576614997,17.5093547013215,379.902340181895));
#1753=CARTESIAN_POINT('Ctrl Pts',(-20.7689128073721,17.3414580039234,379.12733111562));
#1754=CARTESIAN_POINT('Ctrl Pts',(-21.117060623696,17.2192399846785,378.328748346236));
#1755=CARTESIAN_POINT('Ctrl Pts',(-21.5304450028617,17.1016292336427,377.2392833105));
#1756=CARTESIAN_POINT('Ctrl Pts',(-21.9731797931566,17.0135139867931,375.840275815114));
#1757=CARTESIAN_POINT('Ctrl Pts',(-22.5551022333352,16.9486174757237,373.574018578765));
#1758=CARTESIAN_POINT('Ctrl Pts',(-22.8804204928071,16.9492117439739,371.847403138947));
#1759=CARTESIAN_POINT('Ctrl Pts',(-23.0594131778469,16.9560171853411,370.690665205823));
#1760=CARTESIAN_POINT('Ctrl Pts',(-23.0594131778469,16.9560171853411,370.690665205823));
#1761=CARTESIAN_POINT('Ctrl Pts',(-22.8804204928071,16.9492117439739,371.847403138947));
#1762=CARTESIAN_POINT('Ctrl Pts',(-22.5551022333352,16.9486174757237,373.574018578765));
#1763=CARTESIAN_POINT('Ctrl Pts',(-21.9731797931566,17.0135139867931,375.840275815114));
#1764=CARTESIAN_POINT('Ctrl Pts',(-21.5304450028617,17.1016292336427,377.2392833105));
#1765=CARTESIAN_POINT('Ctrl Pts',(-21.117060623696,17.2192399846785,378.328748346236));
#1766=CARTESIAN_POINT('Ctrl Pts',(-20.7689128073721,17.3414580039234,379.12733111562));
#1767=CARTESIAN_POINT('Ctrl Pts',(-20.3730576614997,17.5093547013215,379.902340181895));
#1768=CARTESIAN_POINT('Ctrl Pts',(-19.9109157174999,17.7526377018802,380.62143121262));
#1769=CARTESIAN_POINT('Ctrl Pts',(-19.3637799127865,18.1040702759761,381.244479707067));
#1770=CARTESIAN_POINT('Ctrl Pts',(-18.7990791325085,18.5823178811708,381.513646167619));
#1771=CARTESIAN_POINT('Ctrl Pts',(-18.3846775922765,19.0312251511412,381.406125341561));
#1772=CARTESIAN_POINT('Ctrl Pts',(-18.0468831831239,19.4547497007514,381.136986505752));
#1773=CARTESIAN_POINT('Ctrl Pts',(-17.8076988658753,19.8239573523325,380.722827465922));
#1774=CARTESIAN_POINT('Ctrl Pts',(-17.6287046442026,20.1451363207579,380.258901148284));
#1775=CARTESIAN_POINT('Ctrl Pts',(-17.4805518858302,20.4410642045843,379.769038103821));
#1776=CARTESIAN_POINT('Ctrl Pts',(-17.2845947613389,20.9013308658839,378.870189528673));
#1777=CARTESIAN_POINT('Ctrl Pts',(-17.1682516905062,21.2824725247582,377.91642537437));
#1778=CARTESIAN_POINT('Ctrl Pts',(-17.0977448214695,21.5705731888077,377.086714396687));
#1779=CARTESIAN_POINT('Ctrl Pts',(-17.0187907726194,21.9348393340541,375.972839021601));
#1780=CARTESIAN_POINT('Ctrl Pts',(-16.9491279835809,22.4997995086156,373.863686938738));
#1781=CARTESIAN_POINT('Ctrl Pts',(-16.9492117439739,22.8804204928071,371.847403138947));
#1782=CARTESIAN_POINT('Ctrl Pts',(-16.9560171853411,23.0594131778468,370.690665205823));
#1783=CARTESIAN_POINT('Ctrl Pts',(-17.5724755474831,21.7805723227611,370.499999999997));
#1784=CARTESIAN_POINT('Ctrl Pts',(-17.5657190936,21.6543551977693,371.633998185209));
#1785=CARTESIAN_POINT('Ctrl Pts',(-17.5613542575518,21.3861708879925,373.610644843334));
#1786=CARTESIAN_POINT('Ctrl Pts',(-17.6033863707823,20.9892102779668,375.678334132162));
#1787=CARTESIAN_POINT('Ctrl Pts',(-17.6541679376901,20.7338448465117,376.770312373499));
#1788=CARTESIAN_POINT('Ctrl Pts',(-17.6999441447661,20.5320145122566,377.583712466986));
#1789=CARTESIAN_POINT('Ctrl Pts',(-17.7765562631937,20.2654055971487,378.518727036085));
#1790=CARTESIAN_POINT('Ctrl Pts',(-17.9077526487718,19.9444427196455,379.399905584665));
#1791=CARTESIAN_POINT('Ctrl Pts',(-18.0075838334145,19.738479010728,379.880138650009));
#1792=CARTESIAN_POINT('Ctrl Pts',(-18.12865902185,19.5152648938691,380.334944866013));
#1793=CARTESIAN_POINT('Ctrl Pts',(-18.2912191467855,19.2592697458336,380.740962154898));
#1794=CARTESIAN_POINT('Ctrl Pts',(-18.5221728087203,18.9666959107726,381.004810121354));
#1795=CARTESIAN_POINT('Ctrl Pts',(-18.8065448466304,18.6575192379018,381.110217247835));
#1796=CARTESIAN_POINT('Ctrl Pts',(-19.1961619982429,18.3300501815627,380.846342199698));
#1797=CARTESIAN_POINT('Ctrl Pts',(-19.5755817382168,18.0912641465435,380.235541912294));
#1798=CARTESIAN_POINT('Ctrl Pts',(-19.897016554894,17.9270314779163,379.530587142079));
#1799=CARTESIAN_POINT('Ctrl Pts',(-20.1730733755371,17.8146428156819,378.770813601753));
#1800=CARTESIAN_POINT('Ctrl Pts',(-20.416317591493,17.7335408257868,377.987929782272));
#1801=CARTESIAN_POINT('Ctrl Pts',(-20.7056293684836,17.6564124394495,376.919882009308));
#1802=CARTESIAN_POINT('Ctrl Pts',(-21.016141958436,17.6001534268411,375.548376921218));
#1803=CARTESIAN_POINT('Ctrl Pts',(-21.4251274075736,17.5616245802756,373.326670932635));
#1804=CARTESIAN_POINT('Ctrl Pts',(-21.6543551977693,17.5657190936,371.633998185209));
#1805=CARTESIAN_POINT('Ctrl Pts',(-21.7805723227611,17.5724755474831,370.499999999997));
#1806=CARTESIAN_POINT('Ctrl Pts',(-17.575887240058,21.8368678153938,370.5));
#1807=CARTESIAN_POINT('Ctrl Pts',(-17.4529382356104,20.0203055054314,370.5));
#1808=CARTESIAN_POINT('Ctrl Pts',(-18.7420896742823,18.7345747202976,370.5));
#1809=CARTESIAN_POINT('Ctrl Pts',(-20.0312411129541,17.4488439351638,370.5));
#1810=CARTESIAN_POINT('Ctrl Pts',(-21.8474703435447,17.5766189938368,370.5));
#1811=CARTESIAN_POINT('Ctrl Pts',(-17.575887240058,21.8368678153938,368.611220363661));
#1812=CARTESIAN_POINT('Ctrl Pts',(-17.4529382356104,20.0203055054314,368.611220363661));
#1813=CARTESIAN_POINT('Ctrl Pts',(-18.7420896742823,18.7345747202976,368.611220363661));
#1814=CARTESIAN_POINT('Ctrl Pts',(-20.0312411129541,17.4488439351638,368.611220363661));
#1815=CARTESIAN_POINT('Ctrl Pts',(-21.8474703435447,17.5766189938368,368.611220363661));
#1816=CARTESIAN_POINT('Ctrl Pts',(-19.2751982911944,21.7218546386709,367.794763117192));
#1817=CARTESIAN_POINT('Ctrl Pts',(-19.2046009352974,20.6787840055912,367.794763117192));
#1818=CARTESIAN_POINT('Ctrl Pts',(-19.9448320850336,19.9405169961609,367.794763117192));
#1819=CARTESIAN_POINT('Ctrl Pts',(-20.6850632347699,19.2022499867307,367.794763117192));
#1820=CARTESIAN_POINT('Ctrl Pts',(-21.7279426135727,19.2756184644376,367.794763117192));
#1821=CARTESIAN_POINT('Origin',(-21.5667568261897,21.5667568261897,370.5));
#1822=CARTESIAN_POINT('Ctrl Pts',(-29.165341258662,0.,364.396609657735));
#1823=CARTESIAN_POINT('Ctrl Pts',(-29.165341258662,-29.165341258662,364.396609657735));
#1824=CARTESIAN_POINT('Ctrl Pts',(0.,-29.165341258662,364.396609657735));
#1825=CARTESIAN_POINT('Ctrl Pts',(29.165341258662,-29.165341258662,364.396609657735));
#1826=CARTESIAN_POINT('Ctrl Pts',(29.165341258662,0.,364.396609657735));
#1827=CARTESIAN_POINT('Ctrl Pts',(29.165341258662,29.165341258662,364.396609657735));
#1828=CARTESIAN_POINT('Ctrl Pts',(0.,29.165341258662,364.396609657735));
#1829=CARTESIAN_POINT('Ctrl Pts',(-29.165341258662,29.165341258662,364.396609657735));
#1830=CARTESIAN_POINT('Ctrl Pts',(-29.165341258662,0.,364.396609657735));
#1831=CARTESIAN_POINT('Ctrl Pts',(-28.58391345739,0.,377.41361720551));
#1832=CARTESIAN_POINT('Ctrl Pts',(-28.58391345739,-28.58391345739,377.41361720551));
#1833=CARTESIAN_POINT('Ctrl Pts',(0.,-28.58391345739,377.41361720551));
#1834=CARTESIAN_POINT('Ctrl Pts',(28.58391345739,-28.58391345739,377.41361720551));
#1835=CARTESIAN_POINT('Ctrl Pts',(28.58391345739,0.,377.41361720551));
#1836=CARTESIAN_POINT('Ctrl Pts',(28.58391345739,28.58391345739,377.41361720551));
#1837=CARTESIAN_POINT('Ctrl Pts',(0.,28.58391345739,377.41361720551));
#1838=CARTESIAN_POINT('Ctrl Pts',(-28.58391345739,28.58391345739,377.41361720551));
#1839=CARTESIAN_POINT('Ctrl Pts',(-28.58391345739,0.,377.41361720551));
#1840=CARTESIAN_POINT('Ctrl Pts',(-23.7156606530739,0.,389.50000038743));
#1841=CARTESIAN_POINT('Ctrl Pts',(-23.7156606530739,-23.7156606530739,389.50000038743));
#1842=CARTESIAN_POINT('Ctrl Pts',(0.,-23.7156606530739,389.50000038743));
#1843=CARTESIAN_POINT('Ctrl Pts',(23.7156606530739,-23.7156606530739,389.50000038743));
#1844=CARTESIAN_POINT('Ctrl Pts',(23.7156606530739,0.,389.50000038743));
#1845=CARTESIAN_POINT('Ctrl Pts',(23.7156606530739,23.7156606530739,389.50000038743));
#1846=CARTESIAN_POINT('Ctrl Pts',(0.,23.7156606530739,389.50000038743));
#1847=CARTESIAN_POINT('Ctrl Pts',(-23.7156606530739,23.7156606530739,389.50000038743));
#1848=CARTESIAN_POINT('Ctrl Pts',(-23.7156606530739,0.,389.50000038743));
#1849=CARTESIAN_POINT('',(-23.7156606530739,2.90433079084518E-15,389.50000038743));
#1850=CARTESIAN_POINT('Origin',(0.,0.,389.50000038743));
#1851=CARTESIAN_POINT('',(-26.4448456949759,5.72205246940993E-8,381.460063385835));
#1852=CARTESIAN_POINT('Ctrl Pts',(-23.7156606530739,0.,389.50000038743));
#1853=CARTESIAN_POINT('Ctrl Pts',(-25.3042324138691,0.,385.556062431717));
#1854=CARTESIAN_POINT('Ctrl Pts',(-26.444791243496,0.,381.460048223506));
#1855=CARTESIAN_POINT('',(-28.295448082468,-4.31410097497215,370.690526348102));
#1856=CARTESIAN_POINT('Ctrl Pts',(-28.2962184429339,-4.30931601408253,370.690124083238));
#1857=CARTESIAN_POINT('Ctrl Pts',(-28.1648184095777,-4.18781000792577,371.846571425492));
#1858=CARTESIAN_POINT('Ctrl Pts',(-27.9344834953759,-3.95815450347404,373.572093391864));
#1859=CARTESIAN_POINT('Ctrl Pts',(-27.5683581651981,-3.50080966488873,375.840676643465));
#1860=CARTESIAN_POINT('Ctrl Pts',(-27.3180075207018,-3.1268196763137,377.236671569211));
#1861=CARTESIAN_POINT('Ctrl Pts',(-27.1086491106118,-2.75131097875935,378.327009957928));
#1862=CARTESIAN_POINT('Ctrl Pts',(-26.9749583978104,-2.47416805254665,378.994844759483));
#1863=CARTESIAN_POINT('Ctrl Pts',(-26.8678318856428,-2.21891758649365,379.51480669051));
#1864=CARTESIAN_POINT('Ctrl Pts',(-26.7881504022861,-2.00758164826239,379.894596830851));
#1865=CARTESIAN_POINT('Ctrl Pts',(-26.7295187956407,-1.83127230853886,380.169281203633));
#1866=CARTESIAN_POINT('Ctrl Pts',(-26.6912879153849,-1.70428152259678,380.346639108587));
#1867=CARTESIAN_POINT('Ctrl Pts',(-26.6660422926404,-1.61719464903491,380.463287359246));
#1868=CARTESIAN_POINT('Ctrl Pts',(-26.5981644778802,-1.36393526339768,380.775209025527));
#1869=CARTESIAN_POINT('Ctrl Pts',(-26.4943546224339,-0.892398537235269,
381.242404155447));
#1870=CARTESIAN_POINT('Ctrl Pts',(-26.4449735285495,-0.298638418212388,
381.459645221132));
#1871=CARTESIAN_POINT('Ctrl Pts',(-26.4450714127464,-0.000182760156263617,
381.459207690314));
#1872=CARTESIAN_POINT('Ctrl Pts',(-26.4450714819819,3.27664844676544E-9,
381.459207381492));
#1873=CARTESIAN_POINT('',(-29.0384596540796,0.000700254268021615,366.554546267157));
#1874=CARTESIAN_POINT('Ctrl Pts',(-29.0384167736093,0.000733711478519659,
366.554391497958));
#1875=CARTESIAN_POINT('Ctrl Pts',(-29.0384295126992,-0.329427765181905,
366.554625377652));
#1876=CARTESIAN_POINT('Ctrl Pts',(-29.0151315967061,-1.32005483440608,366.644670506083));
#1877=CARTESIAN_POINT('Ctrl Pts',(-28.8590804101793,-2.89192505760995,367.241455490455));
#1878=CARTESIAN_POINT('Ctrl Pts',(-28.5513557200093,-4.17307973401757,368.768410587001));
#1879=CARTESIAN_POINT('Ctrl Pts',(-28.3669592386468,-4.38227164845218,370.058698189453));
#1880=CARTESIAN_POINT('Ctrl Pts',(-28.2951821619084,-4.31575269456775,370.690665205821));
#1881=CARTESIAN_POINT('',(-29.165341258662,3.57172418184607E-15,364.396609657735));
#1882=CARTESIAN_POINT('Ctrl Pts',(-29.0383031942665,0.,366.554534830279));
#1883=CARTESIAN_POINT('Ctrl Pts',(-29.1171072822324,0.,365.47647208239));
#1884=CARTESIAN_POINT('Ctrl Pts',(-29.165341258662,0.,364.396609657735));
#1885=CARTESIAN_POINT('',(29.165341258662,-3.57172418184607E-15,364.396609657735));
#1886=CARTESIAN_POINT('Origin',(0.,0.,364.396609657735));
#1887=CARTESIAN_POINT('Origin',(0.,0.,364.396609657735));
#1888=CARTESIAN_POINT('',(-28.2954423591389,4.31414943890893,370.690530659442));
#1889=CARTESIAN_POINT('Ctrl Pts',(-28.2956847747228,4.31265574831233,370.690405307842));
#1890=CARTESIAN_POINT('Ctrl Pts',(-28.3674035902021,4.37912887520171,370.058971085578));
#1891=CARTESIAN_POINT('Ctrl Pts',(-28.5519409078191,4.17044154632618,368.767259210034));
#1892=CARTESIAN_POINT('Ctrl Pts',(-28.8598547292504,2.8896960541832,367.239961190448));
#1893=CARTESIAN_POINT('Ctrl Pts',(-29.0148292653396,1.32030410598277,366.645935751992));
#1894=CARTESIAN_POINT('Ctrl Pts',(-29.038170393819,0.330230646781742,366.557417503656));
#1895=CARTESIAN_POINT('Ctrl Pts',(-29.0381716866325,6.6788687635988E-9,
366.55769587921));
#1896=CARTESIAN_POINT('Ctrl Pts',(-26.4446068832324,1.11154153568531E-7,
381.460928564374));
#1897=CARTESIAN_POINT('Ctrl Pts',(-26.4447198213065,0.298502231730278,381.460424802105));
#1898=CARTESIAN_POINT('Ctrl Pts',(-26.4943974002484,0.898598504966973,381.241742279221));
#1899=CARTESIAN_POINT('Ctrl Pts',(-26.5980840287054,1.36798625200024,380.774799855302));
#1900=CARTESIAN_POINT('Ctrl Pts',(-26.6722594568011,1.6446418349771,380.433751430575));
#1901=CARTESIAN_POINT('Ctrl Pts',(-26.7231818160455,1.81646278218067,380.197874661434));
#1902=CARTESIAN_POINT('Ctrl Pts',(-26.8146671497857,2.09188236621359,379.768980427755));
#1903=CARTESIAN_POINT('Ctrl Pts',(-26.9482867169248,2.42380759416427,379.126255261672));
#1904=CARTESIAN_POINT('Ctrl Pts',(-27.1079083900241,2.75530064397636,378.328510099239));
#1905=CARTESIAN_POINT('Ctrl Pts',(-27.2390827171495,2.99123824317073,377.645033064891));
#1906=CARTESIAN_POINT('Ctrl Pts',(-27.3417453593154,3.16025909698212,377.091596125519));
#1907=CARTESIAN_POINT('Ctrl Pts',(-27.4174058905376,3.27813485054926,376.674062894017));
#1908=CARTESIAN_POINT('Ctrl Pts',(-27.5906326084203,3.53410643394872,375.694323122474));
#1909=CARTESIAN_POINT('Ctrl Pts',(-27.913951950531,3.94398261349649,373.719042563337));
#1910=CARTESIAN_POINT('Ctrl Pts',(-28.1638262970464,4.1940194739578,371.84719843024));
#1911=CARTESIAN_POINT('Ctrl Pts',(-28.2951821619083,4.31575269456761,370.690665205823));
#1912=CARTESIAN_POINT('',(-23.0594131778471,-16.9560171853411,370.690665205822));
#1913=CARTESIAN_POINT('',(-16.9560171853411,-23.0594131778471,370.690665205822));
#1914=CARTESIAN_POINT('Ctrl Pts',(-23.0594131778471,-16.9560171853411,370.690665205822));
#1915=CARTESIAN_POINT('Ctrl Pts',(-23.1572032389117,-16.9597352396674,370.058698189452));
#1916=CARTESIAN_POINT('Ctrl Pts',(-23.1404658811061,-17.2373106041144,368.767505995591));
#1917=CARTESIAN_POINT('Ctrl Pts',(-22.450009939828,-18.3629802221387,367.24243210201));
#1918=CARTESIAN_POINT('Ctrl Pts',(-21.2496186533208,-19.828115386686,366.525688313707));
#1919=CARTESIAN_POINT('Ctrl Pts',(-19.8259416860208,-21.2514118824387,366.524272334452));
#1920=CARTESIAN_POINT('Ctrl Pts',(-18.3621688374753,-22.451936961095,367.23749605453));
#1921=CARTESIAN_POINT('Ctrl Pts',(-17.2378968289951,-23.1403024199411,368.765921486112));
#1922=CARTESIAN_POINT('Ctrl Pts',(-16.9597352396674,-23.1572032389115,370.058698189453));
#1923=CARTESIAN_POINT('Ctrl Pts',(-16.9560171853411,-23.0594131778471,370.690665205822));
#1924=CARTESIAN_POINT('Ctrl Pts',(-16.9560171853411,-23.0594131778468,370.690665205823));
#1925=CARTESIAN_POINT('Ctrl Pts',(-16.9492117439739,-22.880420492807,371.847403138947));
#1926=CARTESIAN_POINT('Ctrl Pts',(-16.9486174757237,-22.5551022333352,373.574018578765));
#1927=CARTESIAN_POINT('Ctrl Pts',(-17.013513986793,-21.9731797931567,375.840275815114));
#1928=CARTESIAN_POINT('Ctrl Pts',(-17.1016292336426,-21.5304450028618,377.2392833105));
#1929=CARTESIAN_POINT('Ctrl Pts',(-17.2192399846783,-21.1170606236962,378.328748346236));
#1930=CARTESIAN_POINT('Ctrl Pts',(-17.3414580039233,-20.7689128073722,379.127331115619));
#1931=CARTESIAN_POINT('Ctrl Pts',(-17.5093547013213,-20.3730576614999,379.902340181895));
#1932=CARTESIAN_POINT('Ctrl Pts',(-17.7526377018801,-19.9109157175,380.62143121262));
#1933=CARTESIAN_POINT('Ctrl Pts',(-18.1040702759759,-19.3637799127867,381.244479707068));
#1934=CARTESIAN_POINT('Ctrl Pts',(-18.5823178811709,-18.7990791325084,381.513646167619));
#1935=CARTESIAN_POINT('Ctrl Pts',(-19.031225151141,-18.3846775922766,381.406125341561));
#1936=CARTESIAN_POINT('Ctrl Pts',(-19.4547497007516,-18.0468831831237,381.136986505753));
#1937=CARTESIAN_POINT('Ctrl Pts',(-19.8239573523328,-17.8076988658751,380.722827465923));
#1938=CARTESIAN_POINT('Ctrl Pts',(-20.1451363207581,-17.6287046442025,380.258901148285));
#1939=CARTESIAN_POINT('Ctrl Pts',(-20.4410642045845,-17.4805518858301,379.769038103822));
#1940=CARTESIAN_POINT('Ctrl Pts',(-20.901330865884,-17.2845947613388,378.870189528674));
#1941=CARTESIAN_POINT('Ctrl Pts',(-21.2824725247583,-17.1682516905062,377.916425374371));
#1942=CARTESIAN_POINT('Ctrl Pts',(-21.5705731888078,-17.0977448214694,377.086714396687));
#1943=CARTESIAN_POINT('Ctrl Pts',(-21.9348393340543,-17.0187907726193,375.972839021601));
#1944=CARTESIAN_POINT('Ctrl Pts',(-22.4997995086156,-16.9491279835809,373.863686938739));
#1945=CARTESIAN_POINT('Ctrl Pts',(-22.8804204928071,-16.9492117439739,371.847403138947));
#1946=CARTESIAN_POINT('Ctrl Pts',(-23.0594131778468,-16.9560171853411,370.690665205823));
#1947=CARTESIAN_POINT('',(28.2951821619084,-4.31575269456777,370.690665205822));
#1948=CARTESIAN_POINT('',(28.2951821619084,4.31575269456776,370.690665205822));
#1949=CARTESIAN_POINT('Ctrl Pts',(28.2951821619084,-4.31575269456776,370.690665205822));
#1950=CARTESIAN_POINT('Ctrl Pts',(28.3669592386463,-4.3822716484518,370.058698189457));
#1951=CARTESIAN_POINT('Ctrl Pts',(28.551671357352,-4.17340011325932,368.765896986327));
#1952=CARTESIAN_POINT('Ctrl Pts',(28.8599159292188,-2.89161643436386,367.237324032962));
#1953=CARTESIAN_POINT('Ctrl Pts',(29.0460485515963,-1.00728401158287,366.523909334672));
#1954=CARTESIAN_POINT('Ctrl Pts',(29.0463431322695,1.00566771268967,366.525308544293));
#1955=CARTESIAN_POINT('Ctrl Pts',(28.8590804101793,2.89192505760974,367.241455490454));
#1956=CARTESIAN_POINT('Ctrl Pts',(28.5513557200094,4.17307973401765,368.768410587001));
#1957=CARTESIAN_POINT('Ctrl Pts',(28.3669592386468,4.3822716484522,370.058698189453));
#1958=CARTESIAN_POINT('Ctrl Pts',(28.2951821619084,4.31575269456775,370.690665205822));
#1959=CARTESIAN_POINT('Ctrl Pts',(28.2951821619082,4.3157526945676,370.690665205823));
#1960=CARTESIAN_POINT('Ctrl Pts',(28.2623431956594,4.28531938938422,370.979798512221));
#1961=CARTESIAN_POINT('Ctrl Pts',(28.1938999601133,4.22024938641569,371.557452957638));
#1962=CARTESIAN_POINT('Ctrl Pts',(28.0461262422262,4.0730258547766,372.709410220238));
#1963=CARTESIAN_POINT('Ctrl Pts',(27.760580674842,3.76018181471878,374.711719313916));
#1964=CARTESIAN_POINT('Ctrl Pts',(27.3737744394264,3.25818738248792,376.974322249101));
#1965=CARTESIAN_POINT('Ctrl Pts',(26.948747443089,2.45312794329454,379.139954979965));
#1966=CARTESIAN_POINT('Ctrl Pts',(26.6780063261478,1.74267003065378,380.415005972316));
#1967=CARTESIAN_POINT('Ctrl Pts',(26.5173798062148,0.994389732732758,381.138406567851));
#1968=CARTESIAN_POINT('Ctrl Pts',(26.4568205611955,0.452837961130424,381.407205757926));
#1969=CARTESIAN_POINT('Ctrl Pts',(26.4392587038696,-0.00154513098718532,
381.484663504201));
#1970=CARTESIAN_POINT('Ctrl Pts',(26.4571071307952,-0.455665168874771,381.405935785227));
#1971=CARTESIAN_POINT('Ctrl Pts',(26.5178536036504,-0.996685505010999,381.136287596932));
#1972=CARTESIAN_POINT('Ctrl Pts',(26.6790425630666,-1.74415624981741,380.410303924422));
#1973=CARTESIAN_POINT('Ctrl Pts',(26.9491461949408,-2.45587534749974,379.137780737395));
#1974=CARTESIAN_POINT('Ctrl Pts',(27.3740438898663,-3.2588776273146,376.972563096547));
#1975=CARTESIAN_POINT('Ctrl Pts',(27.76105777897,-3.76111642545911,374.708445175023));
#1976=CARTESIAN_POINT('Ctrl Pts',(28.0457370926032,-4.0726328002758,372.712084834548));
#1977=CARTESIAN_POINT('Ctrl Pts',(28.1938277743241,-4.22025295546065,371.558133392441));
#1978=CARTESIAN_POINT('Ctrl Pts',(28.2623431956594,-4.28531938938422,370.979798512221));
#1979=CARTESIAN_POINT('Ctrl Pts',(28.2951821619083,-4.3157526945676,370.690665205823));
#1980=CARTESIAN_POINT('',(16.9560171853412,23.0594131778495,370.690665205806));
#1981=CARTESIAN_POINT('',(23.0594131778495,16.9560171853412,370.690665205806));
#1982=CARTESIAN_POINT('Ctrl Pts',(16.9560171853412,23.0594131778495,370.690665205806));
#1983=CARTESIAN_POINT('Ctrl Pts',(16.9492117439739,22.8804204928099,371.847403138931));
#1984=CARTESIAN_POINT('Ctrl Pts',(16.9486174757237,22.5551022333381,373.574018578753));
#1985=CARTESIAN_POINT('Ctrl Pts',(17.0135139867927,21.9731797931596,375.840275815105));
#1986=CARTESIAN_POINT('Ctrl Pts',(17.1016292336422,21.5304450028644,377.239283310494));
#1987=CARTESIAN_POINT('Ctrl Pts',(17.2192399846779,21.1170606236986,378.328748346232));
#1988=CARTESIAN_POINT('Ctrl Pts',(17.3414580039227,20.7689128073745,379.127331115617));
#1989=CARTESIAN_POINT('Ctrl Pts',(17.5093547013207,20.3730576615018,379.902340181894));
#1990=CARTESIAN_POINT('Ctrl Pts',(17.7526377018795,19.9109157175015,380.621431212621));
#1991=CARTESIAN_POINT('Ctrl Pts',(18.1040702759756,19.3637799127876,381.24447970707));
#1992=CARTESIAN_POINT('Ctrl Pts',(18.5823178811709,18.7990791325087,381.513646167622));
#1993=CARTESIAN_POINT('Ctrl Pts',(19.031225151142,18.384677592276,381.406125341564));
#1994=CARTESIAN_POINT('Ctrl Pts',(19.4547497007525,18.0468831831234,381.136986505754));
#1995=CARTESIAN_POINT('Ctrl Pts',(19.823957352334,17.8076988658746,380.722827465924));
#1996=CARTESIAN_POINT('Ctrl Pts',(20.1451363207597,17.6287046442019,380.258901148285));
#1997=CARTESIAN_POINT('Ctrl Pts',(20.4410642045862,17.4805518858296,379.769038103821));
#1998=CARTESIAN_POINT('Ctrl Pts',(20.9013308658861,17.2845947613383,378.870189528672));
#1999=CARTESIAN_POINT('Ctrl Pts',(21.2824725247607,17.1682516905057,377.916425374366));
#2000=CARTESIAN_POINT('Ctrl Pts',(21.5705731888103,17.0977448214691,377.086714396681));
#2001=CARTESIAN_POINT('Ctrl Pts',(21.9348393340569,17.0187907726191,375.972839021593));
#2002=CARTESIAN_POINT('Ctrl Pts',(22.4997995086185,16.9491279835808,373.863686938727));
#2003=CARTESIAN_POINT('Ctrl Pts',(22.8804204928099,16.9492117439739,371.847403138931));
#2004=CARTESIAN_POINT('Ctrl Pts',(23.0594131778495,16.9560171853412,370.690665205806));
#2005=CARTESIAN_POINT('Ctrl Pts',(23.0594131778492,16.9560171853412,370.690665205808));
#2006=CARTESIAN_POINT('Ctrl Pts',(23.1572032389133,16.9597352396694,370.058698189432));
#2007=CARTESIAN_POINT('Ctrl Pts',(23.1401177255885,17.2380417255008,368.765902950986));
#2008=CARTESIAN_POINT('Ctrl Pts',(22.451720985951,18.3623630655555,367.237327819863));
#2009=CARTESIAN_POINT('Ctrl Pts',(21.2509109808108,19.8264047493736,366.523913732663));
#2010=CARTESIAN_POINT('Ctrl Pts',(19.8277498099399,21.249983488116,366.525306224051));
#2011=CARTESIAN_POINT('Ctrl Pts',(18.3615520053615,22.4513528410948,367.241448261078));
#2012=CARTESIAN_POINT('Ctrl Pts',(17.2380438284458,23.1396722622211,368.7684027377));
#2013=CARTESIAN_POINT('Ctrl Pts',(16.9597352396694,23.1572032389122,370.058698189439));
#2014=CARTESIAN_POINT('Ctrl Pts',(16.9560171853412,23.0594131778491,370.690665205808));
#2015=CARTESIAN_POINT('',(4.31575269456777,28.2951821619084,370.690665205821));
#2016=CARTESIAN_POINT('',(-4.31575269456777,28.2951821619084,370.690665205821));
#2017=CARTESIAN_POINT('Ctrl Pts',(4.31575269456777,28.2951821619084,370.690665205822));
#2018=CARTESIAN_POINT('Ctrl Pts',(4.38227164845237,28.366959238647,370.058698189451));
#2019=CARTESIAN_POINT('Ctrl Pts',(4.17368910802424,28.5516793191099,368.766042442762));
#2020=CARTESIAN_POINT('Ctrl Pts',(2.89198305376431,28.8599227576329,367.237526508723));
#2021=CARTESIAN_POINT('Ctrl Pts',(1.00805883765105,29.0460720551895,366.524287586605));
#2022=CARTESIAN_POINT('Ctrl Pts',(-1.00506358920606,29.0463486926702,366.525673232968));
#2023=CARTESIAN_POINT('Ctrl Pts',(-2.88988079212174,28.859151643042,367.24240249638));
#2024=CARTESIAN_POINT('Ctrl Pts',(-4.17410511362439,28.5514181349131,368.767398632289));
#2025=CARTESIAN_POINT('Ctrl Pts',(-4.38227164845222,28.3669592386468,370.058698189453));
#2026=CARTESIAN_POINT('Ctrl Pts',(-4.31575269456777,28.2951821619084,370.690665205821));
#2027=CARTESIAN_POINT('Ctrl Pts',(-4.31575269456762,28.2951821619083,370.690665205823));
#2028=CARTESIAN_POINT('Ctrl Pts',(-4.25488608420087,28.2295042294106,371.268931818619));
#2029=CARTESIAN_POINT('Ctrl Pts',(-4.11715680309681,28.0870268562004,372.422973929169));
#2030=CARTESIAN_POINT('Ctrl Pts',(-3.9288652483885,27.9135161047905,373.639126539759));
#2031=CARTESIAN_POINT('Ctrl Pts',(-3.7997800678395,27.8045347039742,374.350898870848));
#2032=CARTESIAN_POINT('Ctrl Pts',(-3.74643259055268,27.7603372842844,374.635255667627));
#2033=CARTESIAN_POINT('Ctrl Pts',(-3.64855104561488,27.6814290682521,375.13187724427));
#2034=CARTESIAN_POINT('Ctrl Pts',(-3.43272451187218,27.5175196909885,376.12082297552));
#2035=CARTESIAN_POINT('Ctrl Pts',(-3.13382374565343,27.3173722774442,377.237347396414));
#2036=CARTESIAN_POINT('Ctrl Pts',(-2.75821886615897,27.1081021755324,378.327751167534));
#2037=CARTESIAN_POINT('Ctrl Pts',(-2.42524530770035,26.9477469822828,379.129153334768));
#2038=CARTESIAN_POINT('Ctrl Pts',(-2.09259467725112,26.8138332576107,379.773118004434));
#2039=CARTESIAN_POINT('Ctrl Pts',(-1.77840569400586,26.7096044251918,380.261632344137));
#2040=CARTESIAN_POINT('Ctrl Pts',(-1.47002415375823,26.6216950395866,380.667170493773));
#2041=CARTESIAN_POINT('Ctrl Pts',(-1.15413872672521,26.5521074737302,380.982066300633));
#2042=CARTESIAN_POINT('Ctrl Pts',(-0.673474196854144,26.4753897054503,381.325476648642));
#2043=CARTESIAN_POINT('Ctrl Pts',(0.00176441624730418,26.4204744813245,
381.56728212471));
#2044=CARTESIAN_POINT('Ctrl Pts',(0.751808443600275,26.4814978221596,381.298484279321));
#2045=CARTESIAN_POINT('Ctrl Pts',(1.21108911402246,26.5638145529378,380.929233525472));
#2046=CARTESIAN_POINT('Ctrl Pts',(1.61763727481625,26.6577656380964,380.502172434574));
#2047=CARTESIAN_POINT('Ctrl Pts',(2.02787061529706,26.7879043474812,379.897723562303));
#2048=CARTESIAN_POINT('Ctrl Pts',(2.36091113889888,26.9214225852785,379.255416769664));
#2049=CARTESIAN_POINT('Ctrl Pts',(2.59239815749017,27.0279951374614,378.727837331504));
#2050=CARTESIAN_POINT('Ctrl Pts',(2.80545825732612,27.1340095034859,378.192430030411));
#2051=CARTESIAN_POINT('Ctrl Pts',(3.32228813686073,27.4231177326281,376.686298630139));
#2052=CARTESIAN_POINT('Ctrl Pts',(3.76175822875967,27.7606397509471,374.710244525243));
#2053=CARTESIAN_POINT('Ctrl Pts',(4.11730121294678,28.0864860033459,372.426512173023));
#2054=CARTESIAN_POINT('Ctrl Pts',(4.25488608420084,28.2295042294106,371.268931818619));
#2055=CARTESIAN_POINT('Ctrl Pts',(4.3157526945676,28.2951821619083,370.690665205823));
#2056=CARTESIAN_POINT('',(23.0594131778495,-16.9560171853412,370.690665205806));
#2057=CARTESIAN_POINT('',(16.9560171853412,-23.0594131778495,370.690665205806));
#2058=CARTESIAN_POINT('Ctrl Pts',(23.0594131778495,-16.9560171853412,370.690665205806));
#2059=CARTESIAN_POINT('Ctrl Pts',(22.9699168353297,-16.9526144646575,371.269034172368));
#2060=CARTESIAN_POINT('Ctrl Pts',(22.7717890749825,-16.9487314090187,372.425231844336));
#2061=CARTESIAN_POINT('Ctrl Pts',(22.2895798924738,-16.9697421637951,374.711400237663));
#2062=CARTESIAN_POINT('Ctrl Pts',(21.7384041793853,-17.041959259385,376.693197407736));
#2063=CARTESIAN_POINT('Ctrl Pts',(21.1185726947789,-17.2176464748176,378.32904603946));
#2064=CARTESIAN_POINT('Ctrl Pts',(20.771254681865,-17.3388423338962,379.128167568807));
#2065=CARTESIAN_POINT('Ctrl Pts',(20.3739899733974,-17.5087068630667,379.901523171762));
#2066=CARTESIAN_POINT('Ctrl Pts',(19.9921009676032,-17.7069829197702,380.504446223442));
#2067=CARTESIAN_POINT('Ctrl Pts',(19.6379213627614,-17.9283826062317,380.931190002441));
#2068=CARTESIAN_POINT('Ctrl Pts',(19.2543003222284,-18.1956813453181,381.300096329802));
#2069=CARTESIAN_POINT('Ctrl Pts',(18.6809109553479,-18.6836300506946,381.566228061745));
#2070=CARTESIAN_POINT('Ctrl Pts',(18.2414513981151,-19.2009191404778,381.323814203349));
#2071=CARTESIAN_POINT('Ctrl Pts',(17.9566322241732,-19.5945948404523,380.979238769774));
#2072=CARTESIAN_POINT('Ctrl Pts',(17.7254083362291,-19.9571073362124,380.559081455763));
#2073=CARTESIAN_POINT('Ctrl Pts',(17.5078575475927,-20.376387835165,379.896381066373));
#2074=CARTESIAN_POINT('Ctrl Pts',(17.366899001883,-20.7060449403002,379.254567688096));
#2075=CARTESIAN_POINT('Ctrl Pts',(17.2782371711693,-20.945968547672,378.725042884059));
#2076=CARTESIAN_POINT('Ctrl Pts',(17.2023157384831,-21.1724687498086,378.187243420295));
#2077=CARTESIAN_POINT('Ctrl Pts',(17.0414408029513,-21.7426250700794,376.678969837089));
#2078=CARTESIAN_POINT('Ctrl Pts',(16.9697959518738,-22.2897661320105,374.709683466408));
#2079=CARTESIAN_POINT('Ctrl Pts',(16.9487416003378,-22.7714563786596,372.427205538262));
#2080=CARTESIAN_POINT('Ctrl Pts',(16.9526144646575,-22.9699168353297,371.269034172368));
#2081=CARTESIAN_POINT('Ctrl Pts',(16.9560171853412,-23.0594131778495,370.690665205806));
#2082=CARTESIAN_POINT('Ctrl Pts',(16.9560171853412,-23.0594131778492,370.690665205808));
#2083=CARTESIAN_POINT('Ctrl Pts',(16.9597352396693,-23.1572032389109,370.058698189448));
#2084=CARTESIAN_POINT('Ctrl Pts',(17.2378470047647,-23.1403234335895,368.766045547472));
#2085=CARTESIAN_POINT('Ctrl Pts',(18.3621138836797,-22.4519793740111,367.237526823392));
#2086=CARTESIAN_POINT('Ctrl Pts',(19.8258815688005,-21.2514667466973,366.524286432369));
#2087=CARTESIAN_POINT('Ctrl Pts',(21.2495679234523,-19.8281723902477,366.525666488865));
#2088=CARTESIAN_POINT('Ctrl Pts',(22.4499657097001,-18.3630391260962,367.242390135001));
#2089=CARTESIAN_POINT('Ctrl Pts',(23.1404459220847,-17.2373573042873,368.767390975298));
#2090=CARTESIAN_POINT('Ctrl Pts',(23.157203238912,-16.9597352396694,370.058698189441));
#2091=CARTESIAN_POINT('Ctrl Pts',(23.0594131778491,-16.9560171853412,370.690665205808));
#2092=CARTESIAN_POINT('',(4.31575269456897,-28.2951821619097,370.69066520581));
#2093=CARTESIAN_POINT('',(-4.31575269456898,-28.2951821619097,370.69066520581));
#2094=CARTESIAN_POINT('Ctrl Pts',(4.31575269456898,-28.2951821619097,370.69066520581));
#2095=CARTESIAN_POINT('Ctrl Pts',(4.19401947383558,-28.1638262969144,371.847198431404));
#2096=CARTESIAN_POINT('Ctrl Pts',(3.9639597946498,-27.9335378311905,373.572862969385));
#2097=CARTESIAN_POINT('Ctrl Pts',(3.50585617952611,-27.5675332163897,375.84167687553));
#2098=CARTESIAN_POINT('Ctrl Pts',(3.13127980384717,-27.3172561688366,377.237828137158));
#2099=CARTESIAN_POINT('Ctrl Pts',(2.75520155297355,-27.107965510088,378.328300127972));
#2100=CARTESIAN_POINT('Ctrl Pts',(2.47764799864728,-26.974317187901,378.996221031571));
#2101=CARTESIAN_POINT('Ctrl Pts',(2.22202543901533,-26.8672259212467,379.516252003537));
#2102=CARTESIAN_POINT('Ctrl Pts',(2.01038474590248,-26.7875709207811,379.896093436594));
#2103=CARTESIAN_POINT('Ctrl Pts',(1.83382370097853,-26.7289586303538,380.170815855013));
#2104=CARTESIAN_POINT('Ctrl Pts',(1.70665256780812,-26.6907405321061,380.348198718999));
#2105=CARTESIAN_POINT('Ctrl Pts',(1.61944228035329,-26.6655033560465,380.464863473584));
#2106=CARTESIAN_POINT('Ctrl Pts',(1.36582533117884,-26.5976482586327,380.776829597537));
#2107=CARTESIAN_POINT('Ctrl Pts',(0.89362934013988,-26.4938731140622,381.244092775454));
#2108=CARTESIAN_POINT('Ctrl Pts',(0.00203366230470642,-26.4198494851433,
381.569903501381));
#2109=CARTESIAN_POINT('Ctrl Pts',(-0.898470679538346,-26.4943691651547,
381.241869434248));
#2110=CARTESIAN_POINT('Ctrl Pts',(-1.3679862887211,-26.5980840382164,380.774799813012));
#2111=CARTESIAN_POINT('Ctrl Pts',(-1.64464187194781,-26.6722594692425,380.433751373793));
#2112=CARTESIAN_POINT('Ctrl Pts',(-1.81646279979042,-26.723181823772,380.197874626276));
#2113=CARTESIAN_POINT('Ctrl Pts',(-2.09188231834649,-26.8146671385179,379.768980478607));
#2114=CARTESIAN_POINT('Ctrl Pts',(-2.42380742951258,-26.9482866438315,379.126255622838));
#2115=CARTESIAN_POINT('Ctrl Pts',(-2.75530072765746,-27.1079084296509,378.328509907313));
#2116=CARTESIAN_POINT('Ctrl Pts',(-2.99123844683416,-27.2390828380332,377.645032427624));
#2117=CARTESIAN_POINT('Ctrl Pts',(-3.16025928026582,-27.3417454772956,377.091595482114));
#2118=CARTESIAN_POINT('Ctrl Pts',(-3.27813501321089,-27.41740600121,376.674062276646));
#2119=CARTESIAN_POINT('Ctrl Pts',(-3.53410651537112,-27.5906326762257,375.694322710564));
#2120=CARTESIAN_POINT('Ctrl Pts',(-3.94398258642203,-27.9139519330618,373.719042657086));
#2121=CARTESIAN_POINT('Ctrl Pts',(-4.1940194738356,-28.1638262969144,371.847198431404));
#2122=CARTESIAN_POINT('Ctrl Pts',(-4.31575269456899,-28.2951821619097,370.69066520581));
#2123=CARTESIAN_POINT('Ctrl Pts',(-4.31575269456878,-28.2951821619095,370.690665205812));
#2124=CARTESIAN_POINT('Ctrl Pts',(-4.38227164845185,-28.3669592386486,370.058698189439));
#2125=CARTESIAN_POINT('Ctrl Pts',(-4.17415235612853,-28.5513992174235,368.767513708219));
#2126=CARTESIAN_POINT('Ctrl Pts',(-2.88995385881287,-28.8591412558159,367.242444540816));
#2127=CARTESIAN_POINT('Ctrl Pts',(-1.00513992247473,-29.0463442495644,366.525695113125));
#2128=CARTESIAN_POINT('Ctrl Pts',(1.00797735780449,-29.0460757670875,366.524273524726));
#2129=CARTESIAN_POINT('Ctrl Pts',(2.89191408443576,-28.8599316267145,367.237495745678));
#2130=CARTESIAN_POINT('Ctrl Pts',(4.17363890557839,-28.5516996993746,368.765918347801));
#2131=CARTESIAN_POINT('Ctrl Pts',(4.38227164845159,-28.3669592386481,370.058698189442));
#2132=CARTESIAN_POINT('Ctrl Pts',(4.31575269456876,-28.2951821619095,370.690665205812));
#2133=CARTESIAN_POINT('Ctrl Pts',(-17.5724755474831,-21.7805723227613,370.499999999997));
#2134=CARTESIAN_POINT('Ctrl Pts',(-17.5761668382068,-21.8495292209584,370.086971010369));
#2135=CARTESIAN_POINT('Ctrl Pts',(-17.7534570229643,-21.8404137311262,369.242062586721));
#2136=CARTESIAN_POINT('Ctrl Pts',(-18.4669851873908,-21.3745457732227,368.243143346667));
#2137=CARTESIAN_POINT('Ctrl Pts',(-19.4023764775797,-20.4783928820994,367.77700814522));
#2138=CARTESIAN_POINT('Ctrl Pts',(-20.476809217708,-19.4007934650996,367.777933574025));
#2139=CARTESIAN_POINT('Ctrl Pts',(-21.371419950157,-18.4648911802528,368.246369354751));
#2140=CARTESIAN_POINT('Ctrl Pts',(-21.8384621470563,-17.7510829672018,369.243098160306));
#2141=CARTESIAN_POINT('Ctrl Pts',(-21.8495292209584,-17.5761668382068,370.086971010369));
#2142=CARTESIAN_POINT('Ctrl Pts',(-21.7805723227613,-17.5724755474831,370.499999999997));
#2143=CARTESIAN_POINT('Ctrl Pts',(-17.5856259828405,-22.0262352358674,370.537704302633));
#2144=CARTESIAN_POINT('Ctrl Pts',(-17.5885363128343,-22.0983621630387,370.100027721638));
#2145=CARTESIAN_POINT('Ctrl Pts',(-17.776281783082,-22.08776322933,369.204511650193));
#2146=CARTESIAN_POINT('Ctrl Pts',(-18.5395074502038,-21.5933737980799,368.14378432865));
#2147=CARTESIAN_POINT('Ctrl Pts',(-19.5485674188994,-20.6659745981568,367.661899264833));
#2148=CARTESIAN_POINT('Ctrl Pts',(-20.6644791092595,-19.547788834393,367.663354637657));
#2149=CARTESIAN_POINT('Ctrl Pts',(-21.5906663598105,-18.5381624214617,368.147851800368));
#2150=CARTESIAN_POINT('Ctrl Pts',(-22.0863331854497,-17.7744127260773,369.206228606421));
#2151=CARTESIAN_POINT('Ctrl Pts',(-22.0983621630388,-17.5885363128343,370.100027721638));
#2152=CARTESIAN_POINT('Ctrl Pts',(-22.0262352358674,-17.5856259828405,370.537704302633));
#2153=CARTESIAN_POINT('Ctrl Pts',(-17.4854598611022,-22.5239845249136,370.61305989952));
#2154=CARTESIAN_POINT('Ctrl Pts',(-17.4876188790731,-22.6046255468066,370.108486030637));
#2155=CARTESIAN_POINT('Ctrl Pts',(-17.7053381428919,-22.5906942739419,369.076108462023));
#2156=CARTESIAN_POINT('Ctrl Pts',(-18.5966475867056,-22.0248663137446,367.852324115755));
#2157=CARTESIAN_POINT('Ctrl Pts',(-19.7837423024816,-21.0116350731596,367.303337758946));
#2158=CARTESIAN_POINT('Ctrl Pts',(-21.0104200997809,-19.7845342059706,367.305253395099));
#2159=CARTESIAN_POINT('Ctrl Pts',(-22.02303203151,-18.596750158603,367.857374645099));
#2160=CARTESIAN_POINT('Ctrl Pts',(-22.590417041153,-17.7044450001633,369.07842119044));
#2161=CARTESIAN_POINT('Ctrl Pts',(-22.6046255468067,-17.4876188790731,370.108486030637));
#2162=CARTESIAN_POINT('Ctrl Pts',(-22.5239845249135,-17.4854598611022,370.61305989952));
#2163=CARTESIAN_POINT('Ctrl Pts',(-17.157394874971,-22.9145992678829,370.670152457021));
#2164=CARTESIAN_POINT('Ctrl Pts',(-17.1604167201945,-23.0065700034082,370.080304072091));
#2165=CARTESIAN_POINT('Ctrl Pts',(-17.4185275246955,-22.9901693707922,368.873622767659));
#2166=CARTESIAN_POINT('Ctrl Pts',(-18.4662866497043,-22.3413377791099,367.445970599026));
#2167=CARTESIAN_POINT('Ctrl Pts',(-19.8437324458739,-21.2057266528311,366.787613006315));
#2168=CARTESIAN_POINT('Ctrl Pts',(-21.2042707655032,-19.8455808704679,366.789214572673));
#2169=CARTESIAN_POINT('Ctrl Pts',(-22.3396375476863,-18.4670503454904,367.450967452564));
#2170=CARTESIAN_POINT('Ctrl Pts',(-22.9903553248907,-17.4180133241461,368.875469260783));
#2171=CARTESIAN_POINT('Ctrl Pts',(-23.0065700034084,-17.1604167201945,370.08030407209));
#2172=CARTESIAN_POINT('Ctrl Pts',(-22.9145992678829,-17.157394874971,370.670152457021));
#2173=CARTESIAN_POINT('Ctrl Pts',(-16.9560171853411,-23.0594131778471,370.690665205822));
#2174=CARTESIAN_POINT('Ctrl Pts',(-16.9597352396674,-23.1572032389115,370.058698189453));
#2175=CARTESIAN_POINT('Ctrl Pts',(-17.2378968289951,-23.1403024199411,368.765921486112));
#2176=CARTESIAN_POINT('Ctrl Pts',(-18.3621688374753,-22.451936961095,367.23749605453));
#2177=CARTESIAN_POINT('Ctrl Pts',(-19.8259416860208,-21.2514118824387,366.524272334452));
#2178=CARTESIAN_POINT('Ctrl Pts',(-21.2496186533208,-19.828115386686,366.525688313707));
#2179=CARTESIAN_POINT('Ctrl Pts',(-22.450009939828,-18.3629802221387,367.24243210201));
#2180=CARTESIAN_POINT('Ctrl Pts',(-23.1404658811061,-17.2373106041144,368.767505995591));
#2181=CARTESIAN_POINT('Ctrl Pts',(-23.1572032389117,-16.9597352396674,370.058698189452));
#2182=CARTESIAN_POINT('Ctrl Pts',(-23.0594131778471,-16.9560171853411,370.690665205822));
#2183=CARTESIAN_POINT('',(-21.7805723227613,-17.5724755474831,370.499999999999));
#2184=CARTESIAN_POINT('Origin',(-21.8607531339756,-16.0746200679681,370.499999999996));
#2185=CARTESIAN_POINT('',(-17.5724755474831,-21.7805723227613,370.499999999999));
#2186=CARTESIAN_POINT('Origin',(-16.0746200679682,-21.8607531339756,370.499999999996));
#2187=CARTESIAN_POINT('Ctrl Pts',(-17.5724755474831,-21.7805723227613,370.499999999997));
#2188=CARTESIAN_POINT('Ctrl Pts',(-17.5761668382068,-21.8495292209584,370.086971010369));
#2189=CARTESIAN_POINT('Ctrl Pts',(-17.7534570229643,-21.8404137311262,369.242062586721));
#2190=CARTESIAN_POINT('Ctrl Pts',(-18.4669851873908,-21.3745457732227,368.243143346667));
#2191=CARTESIAN_POINT('Ctrl Pts',(-19.4023764775797,-20.4783928820994,367.77700814522));
#2192=CARTESIAN_POINT('Ctrl Pts',(-20.476809217708,-19.4007934650996,367.777933574025));
#2193=CARTESIAN_POINT('Ctrl Pts',(-21.371419950157,-18.4648911802528,368.246369354751));
#2194=CARTESIAN_POINT('Ctrl Pts',(-21.8384621470563,-17.7510829672018,369.243098160306));
#2195=CARTESIAN_POINT('Ctrl Pts',(-21.8495292209584,-17.5761668382068,370.086971010369));
#2196=CARTESIAN_POINT('Ctrl Pts',(-21.7805723227613,-17.5724755474831,370.499999999997));
#2197=CARTESIAN_POINT('Ctrl Pts',(-21.7805723227611,-17.5724755474831,370.499999999997));
#2198=CARTESIAN_POINT('Ctrl Pts',(-21.6543551977693,-17.5657190936,371.633998185209));
#2199=CARTESIAN_POINT('Ctrl Pts',(-21.3861708879925,-17.5613542575518,373.610644843334));
#2200=CARTESIAN_POINT('Ctrl Pts',(-20.9892102779668,-17.6033863707824,375.678334132163));
#2201=CARTESIAN_POINT('Ctrl Pts',(-20.7338448465117,-17.6541679376901,376.770312373499));
#2202=CARTESIAN_POINT('Ctrl Pts',(-20.5320145122566,-17.6999441447661,377.583712466987));
#2203=CARTESIAN_POINT('Ctrl Pts',(-20.2654055971486,-17.7765562631938,378.518727036086));
#2204=CARTESIAN_POINT('Ctrl Pts',(-19.9444427196455,-17.9077526487718,379.399905584666));
#2205=CARTESIAN_POINT('Ctrl Pts',(-19.7384790107281,-18.0075838334145,379.88013865001));
#2206=CARTESIAN_POINT('Ctrl Pts',(-19.5152648938691,-18.1286590218501,380.334944866014));
#2207=CARTESIAN_POINT('Ctrl Pts',(-19.2592697458337,-18.2912191467854,380.740962154898));
#2208=CARTESIAN_POINT('Ctrl Pts',(-18.9666959107726,-18.5221728087203,381.004810121354));
#2209=CARTESIAN_POINT('Ctrl Pts',(-18.6575192379018,-18.8065448466304,381.110217247835));
#2210=CARTESIAN_POINT('Ctrl Pts',(-18.3300501815627,-19.1961619982429,380.846342199698));
#2211=CARTESIAN_POINT('Ctrl Pts',(-18.0912641465435,-19.5755817382168,380.235541912294));
#2212=CARTESIAN_POINT('Ctrl Pts',(-17.9270314779163,-19.8970165548941,379.530587142079));
#2213=CARTESIAN_POINT('Ctrl Pts',(-17.8146428156819,-20.1730733755371,378.770813601753));
#2214=CARTESIAN_POINT('Ctrl Pts',(-17.7335408257868,-20.416317591493,377.987929782272));
#2215=CARTESIAN_POINT('Ctrl Pts',(-17.6564124394495,-20.7056293684836,376.919882009307));
#2216=CARTESIAN_POINT('Ctrl Pts',(-17.6001534268411,-21.016141958436,375.548376921218));
#2217=CARTESIAN_POINT('Ctrl Pts',(-17.5616245802756,-21.4251274075736,373.326670932635));
#2218=CARTESIAN_POINT('Ctrl Pts',(-17.5657190936,-21.6543551977693,371.633998185209));
#2219=CARTESIAN_POINT('Ctrl Pts',(-17.5724755474831,-21.7805723227611,370.499999999997));
#2220=CARTESIAN_POINT('Ctrl Pts',(-22.2718981489735,-17.5987764181979,370.57540860527));
#2221=CARTESIAN_POINT('Ctrl Pts',(-22.1282409204483,-17.574932329127,371.717495923384));
#2222=CARTESIAN_POINT('Ctrl Pts',(-21.8218648245662,-17.5382696313369,373.707463122507));
#2223=CARTESIAN_POINT('Ctrl Pts',(-21.3630894230358,-17.5473474230346,375.787430188532));
#2224=CARTESIAN_POINT('Ctrl Pts',(-21.0659438202841,-17.582854977894,376.885392018967));
#2225=CARTESIAN_POINT('Ctrl Pts',(-20.8308047704019,-17.618352841225,377.703161260248));
#2226=CARTESIAN_POINT('Ctrl Pts',(-20.5192296637659,-17.6862930372718,378.642926266004));
#2227=CARTESIAN_POINT('Ctrl Pts',(-20.1431564939627,-17.8178082247874,379.528276715931));
#2228=CARTESIAN_POINT('Ctrl Pts',(-19.9017893281743,-17.9221354432694,380.010708354788));
#2229=CARTESIAN_POINT('Ctrl Pts',(-19.6403533341786,-18.0514967907592,380.467550051977));
#2230=CARTESIAN_POINT('Ctrl Pts',(-19.3409054421647,-18.2299541203664,380.875325347247));
#2231=CARTESIAN_POINT('Ctrl Pts',(-19.0007758040287,-18.4901467829155,381.14028803617));
#2232=CARTESIAN_POINT('Ctrl Pts',(-18.6437179881715,-18.8149976082413,381.246134843507));
#2233=CARTESIAN_POINT('Ctrl Pts',(-18.2723202705256,-19.2670810017232,380.981159959126));
#2234=CARTESIAN_POINT('Ctrl Pts',(-18.0105719326475,-19.7109441367865,380.36771745187));
#2235=CARTESIAN_POINT('Ctrl Pts',(-17.837000154447,-20.0875803024108,379.659571717663));
#2236=CARTESIAN_POINT('Ctrl Pts',(-17.7244642893021,-20.4110563709761,378.896203281254));
#2237=CARTESIAN_POINT('Ctrl Pts',(-17.648193370682,-20.6955988622024,378.109429845348));
#2238=CARTESIAN_POINT('Ctrl Pts',(-17.5824390342098,-21.0333277090805,377.03583891351));
#2239=CARTESIAN_POINT('Ctrl Pts',(-17.545539488971,-21.3941199780915,375.656695448171));
#2240=CARTESIAN_POINT('Ctrl Pts',(-17.5438379117065,-21.866573895142,373.421616076237));
#2241=CARTESIAN_POINT('Ctrl Pts',(-17.574932329127,-22.1282409204482,371.717495923384));
#2242=CARTESIAN_POINT('Ctrl Pts',(-17.5987764181979,-22.2718981489734,370.57540860527));
#2243=CARTESIAN_POINT('Ctrl Pts',(-22.7697853579186,-17.358772564601,370.64963970822));
#2244=CARTESIAN_POINT('Ctrl Pts',(-22.6005732428316,-17.3373104457957,371.799849198251));
#2245=CARTESIAN_POINT('Ctrl Pts',(-22.2414895547892,-17.307128768905,373.803305595554));
#2246=CARTESIAN_POINT('Ctrl Pts',(-21.7105158514895,-17.332364865786,375.895849055162));
#2247=CARTESIAN_POINT('Ctrl Pts',(-21.3688963740044,-17.3813226513856,376.999987294727));
#2248=CARTESIAN_POINT('Ctrl Pts',(-21.0990816048828,-17.4281234884556,377.822262763585));
#2249=CARTESIAN_POINT('Ctrl Pts',(-20.7430657459063,-17.512930191323,378.766920318103));
#2250=CARTESIAN_POINT('Ctrl Pts',(-20.3155860529116,-17.6693733315177,379.656555804829));
#2251=CARTESIAN_POINT('Ctrl Pts',(-20.0418526839809,-17.7915476843475,380.141237700261));
#2252=CARTESIAN_POINT('Ctrl Pts',(-19.7457204702342,-17.9418083006796,380.600158105801));
#2253=CARTESIAN_POINT('Ctrl Pts',(-19.407117266258,-18.1470613657103,381.009716779246));
#2254=CARTESIAN_POINT('Ctrl Pts',(-19.0225015660499,-18.4436972321872,381.275807040541));
#2255=CARTESIAN_POINT('Ctrl Pts',(-18.6183438982883,-18.812432650637,381.382097818343));
#2256=CARTESIAN_POINT('Ctrl Pts',(-18.1959058230305,-19.3236053341137,381.116013034212));
#2257=CARTESIAN_POINT('Ctrl Pts',(-17.8946800043089,-19.8255401091374,380.499890226142));
#2258=CARTESIAN_POINT('Ctrl Pts',(-17.6922507865566,-20.2523916596958,379.788484292687));
#2259=CARTESIAN_POINT('Ctrl Pts',(-17.55832894324,-20.6200854884712,379.021423039363));
#2260=CARTESIAN_POINT('Ctrl Pts',(-17.4653362777716,-20.9445779610441,378.230646433954));
#2261=CARTESIAN_POINT('Ctrl Pts',(-17.3819836015135,-21.3310897647729,377.151337940913));
#2262=CARTESIAN_POINT('Ctrl Pts',(-17.3294708262738,-21.7462531716841,375.764341110998));
#2263=CARTESIAN_POINT('Ctrl Pts',(-17.3116479342874,-22.2939555080251,373.515535462946));
#2264=CARTESIAN_POINT('Ctrl Pts',(-17.3373104457957,-22.6005732428316,371.799849198251));
#2265=CARTESIAN_POINT('Ctrl Pts',(-17.358772564601,-22.7697853579185,370.649639708221));
#2266=CARTESIAN_POINT('Ctrl Pts',(-23.0594131778468,-16.9560171853411,370.690665205823));
#2267=CARTESIAN_POINT('Ctrl Pts',(-22.8804204928071,-16.9492117439739,371.847403138947));
#2268=CARTESIAN_POINT('Ctrl Pts',(-22.4997995086156,-16.9491279835809,373.863686938739));
#2269=CARTESIAN_POINT('Ctrl Pts',(-21.9348393340543,-17.0187907726193,375.972839021601));
#2270=CARTESIAN_POINT('Ctrl Pts',(-21.5705731888078,-17.0977448214694,377.086714396687));
#2271=CARTESIAN_POINT('Ctrl Pts',(-21.2824725247583,-17.1682516905062,377.916425374371));
#2272=CARTESIAN_POINT('Ctrl Pts',(-20.901330865884,-17.2845947613388,378.870189528674));
#2273=CARTESIAN_POINT('Ctrl Pts',(-20.4410642045845,-17.4805518858301,379.769038103822));
#2274=CARTESIAN_POINT('Ctrl Pts',(-20.1451363207581,-17.6287046442025,380.258901148285));
#2275=CARTESIAN_POINT('Ctrl Pts',(-19.8239573523328,-17.8076988658751,380.722827465923));
#2276=CARTESIAN_POINT('Ctrl Pts',(-19.4547497007516,-18.0468831831237,381.136986505753));
#2277=CARTESIAN_POINT('Ctrl Pts',(-19.031225151141,-18.3846775922766,381.406125341561));
#2278=CARTESIAN_POINT('Ctrl Pts',(-18.5823178811709,-18.7990791325084,381.513646167619));
#2279=CARTESIAN_POINT('Ctrl Pts',(-18.1040702759759,-19.3637799127867,381.244479707068));
#2280=CARTESIAN_POINT('Ctrl Pts',(-17.7526377018801,-19.9109157175,380.62143121262));
#2281=CARTESIAN_POINT('Ctrl Pts',(-17.5093547013213,-20.3730576614999,379.902340181895));
#2282=CARTESIAN_POINT('Ctrl Pts',(-17.3414580039233,-20.7689128073722,379.127331115619));
#2283=CARTESIAN_POINT('Ctrl Pts',(-17.2192399846783,-21.1170606236962,378.328748346236));
#2284=CARTESIAN_POINT('Ctrl Pts',(-17.1016292336426,-21.5304450028618,377.2392833105));
#2285=CARTESIAN_POINT('Ctrl Pts',(-17.013513986793,-21.9731797931567,375.840275815114));
#2286=CARTESIAN_POINT('Ctrl Pts',(-16.9486174757237,-22.5551022333352,373.574018578765));
#2287=CARTESIAN_POINT('Ctrl Pts',(-16.9492117439739,-22.880420492807,371.847403138947));
#2288=CARTESIAN_POINT('Ctrl Pts',(-16.9560171853411,-23.0594131778468,370.690665205823));
#2289=CARTESIAN_POINT('Ctrl Pts',(-21.7805723227611,-17.5724755474831,370.499999999997));
#2290=CARTESIAN_POINT('Ctrl Pts',(-21.6543551977693,-17.5657190936,371.633998185209));
#2291=CARTESIAN_POINT('Ctrl Pts',(-21.3861708879925,-17.5613542575518,373.610644843334));
#2292=CARTESIAN_POINT('Ctrl Pts',(-20.9892102779668,-17.6033863707824,375.678334132163));
#2293=CARTESIAN_POINT('Ctrl Pts',(-20.7338448465117,-17.6541679376901,376.770312373499));
#2294=CARTESIAN_POINT('Ctrl Pts',(-20.5320145122566,-17.6999441447661,377.583712466987));
#2295=CARTESIAN_POINT('Ctrl Pts',(-20.2654055971486,-17.7765562631938,378.518727036086));
#2296=CARTESIAN_POINT('Ctrl Pts',(-19.9444427196455,-17.9077526487718,379.399905584666));
#2297=CARTESIAN_POINT('Ctrl Pts',(-19.7384790107281,-18.0075838334145,379.88013865001));
#2298=CARTESIAN_POINT('Ctrl Pts',(-19.5152648938691,-18.1286590218501,380.334944866014));
#2299=CARTESIAN_POINT('Ctrl Pts',(-19.2592697458337,-18.2912191467854,380.740962154898));
#2300=CARTESIAN_POINT('Ctrl Pts',(-18.9666959107726,-18.5221728087203,381.004810121354));
#2301=CARTESIAN_POINT('Ctrl Pts',(-18.6575192379018,-18.8065448466304,381.110217247835));
#2302=CARTESIAN_POINT('Ctrl Pts',(-18.3300501815627,-19.1961619982429,380.846342199698));
#2303=CARTESIAN_POINT('Ctrl Pts',(-18.0912641465435,-19.5755817382168,380.235541912294));
#2304=CARTESIAN_POINT('Ctrl Pts',(-17.9270314779163,-19.8970165548941,379.530587142079));
#2305=CARTESIAN_POINT('Ctrl Pts',(-17.8146428156819,-20.1730733755371,378.770813601753));
#2306=CARTESIAN_POINT('Ctrl Pts',(-17.7335408257868,-20.416317591493,377.987929782272));
#2307=CARTESIAN_POINT('Ctrl Pts',(-17.6564124394495,-20.7056293684836,376.919882009307));
#2308=CARTESIAN_POINT('Ctrl Pts',(-17.6001534268411,-21.016141958436,375.548376921218));
#2309=CARTESIAN_POINT('Ctrl Pts',(-17.5616245802756,-21.4251274075736,373.326670932635));
#2310=CARTESIAN_POINT('Ctrl Pts',(-17.5657190936,-21.6543551977693,371.633998185209));
#2311=CARTESIAN_POINT('Ctrl Pts',(-17.5724755474831,-21.7805723227611,370.499999999997));
#2312=CARTESIAN_POINT('Ctrl Pts',(-21.8368678153938,-17.575887240058,370.5));
#2313=CARTESIAN_POINT('Ctrl Pts',(-20.0203055054314,-17.4529382356104,370.5));
#2314=CARTESIAN_POINT('Ctrl Pts',(-18.7345747202976,-18.7420896742823,370.5));
#2315=CARTESIAN_POINT('Ctrl Pts',(-17.4488439351638,-20.0312411129541,370.5));
#2316=CARTESIAN_POINT('Ctrl Pts',(-17.5766189938368,-21.8474703435447,370.5));
#2317=CARTESIAN_POINT('Ctrl Pts',(-21.8368678153938,-17.575887240058,368.611220363661));
#2318=CARTESIAN_POINT('Ctrl Pts',(-20.0203055054314,-17.4529382356104,368.611220363661));
#2319=CARTESIAN_POINT('Ctrl Pts',(-18.7345747202976,-18.7420896742823,368.611220363661));
#2320=CARTESIAN_POINT('Ctrl Pts',(-17.4488439351638,-20.0312411129541,368.611220363661));
#2321=CARTESIAN_POINT('Ctrl Pts',(-17.5766189938368,-21.8474703435447,368.611220363661));
#2322=CARTESIAN_POINT('Ctrl Pts',(-21.7218546386709,-19.2751982911944,367.794763117192));
#2323=CARTESIAN_POINT('Ctrl Pts',(-20.6787840055912,-19.2046009352973,367.794763117192));
#2324=CARTESIAN_POINT('Ctrl Pts',(-19.9405169961609,-19.9448320850336,367.794763117192));
#2325=CARTESIAN_POINT('Ctrl Pts',(-19.2022499867307,-20.6850632347699,367.794763117192));
#2326=CARTESIAN_POINT('Ctrl Pts',(-19.2756184644376,-21.7279426135727,367.794763117192));
#2327=CARTESIAN_POINT('Origin',(-21.5667568261897,-21.5667568261897,370.5));
#2328=CARTESIAN_POINT('Ctrl Pts',(-2.97557376568927,-27.8268070094096,370.499999999984));
#2329=CARTESIAN_POINT('Ctrl Pts',(-2.89111726394814,-27.7327971299106,371.633797501912));
#2330=CARTESIAN_POINT('Ctrl Pts',(-2.71777280779669,-27.5539105460977,373.4688440532));
#2331=CARTESIAN_POINT('Ctrl Pts',(-2.43422188298383,-27.3222340972086,375.405293037699));
#2332=CARTESIAN_POINT('Ctrl Pts',(-2.25735184495037,-27.1980426525904,376.365772380601));
#2333=CARTESIAN_POINT('Ctrl Pts',(-2.17593259136486,-27.1437899140049,376.775097504043));
#2334=CARTESIAN_POINT('Ctrl Pts',(-2.05922886038152,-27.0701619917074,377.317654702062));
#2335=CARTESIAN_POINT('Ctrl Pts',(-1.89640941014835,-26.9760596595072,377.987696030703));
#2336=CARTESIAN_POINT('Ctrl Pts',(-1.66782276639566,-26.8615041990529,378.76975925156));
#2337=CARTESIAN_POINT('Ctrl Pts',(-1.43911636755173,-26.7655694290112,379.399849092277));
#2338=CARTESIAN_POINT('Ctrl Pts',(-1.24946211054877,-26.6998644862112,379.820311818689));
#2339=CARTESIAN_POINT('Ctrl Pts',(-1.13118044202137,-26.6632860436699,380.051551580054));
#2340=CARTESIAN_POINT('Ctrl Pts',(-0.94077023409638,-26.609999109031,380.385895514033));
#2341=CARTESIAN_POINT('Ctrl Pts',(-0.617739525034866,-26.5354690998598,
380.843783240961));
#2342=CARTESIAN_POINT('Ctrl Pts',(0.00139501947373782,-26.4818993475003,
381.16536864606));
#2343=CARTESIAN_POINT('Ctrl Pts',(0.6144115903343,-26.5351125745097,380.845962874585));
#2344=CARTESIAN_POINT('Ctrl Pts',(0.939283312129615,-26.6096860644622,380.387885396013));
#2345=CARTESIAN_POINT('Ctrl Pts',(1.11383646662501,-26.658432570402,380.082052062221));
#2346=CARTESIAN_POINT('Ctrl Pts',(1.17386890400694,-26.6765613924669,379.967680763253));
#2347=CARTESIAN_POINT('Ctrl Pts',(1.26141678698642,-26.7040133997405,379.793784982637));
#2348=CARTESIAN_POINT('Ctrl Pts',(1.3829966740825,-26.7461089850769,379.524463198503));
#2349=CARTESIAN_POINT('Ctrl Pts',(1.52878946749584,-26.8033051630574,379.152088883267));
#2350=CARTESIAN_POINT('Ctrl Pts',(1.70494993748679,-26.8801855224182,378.64228094702));
#2351=CARTESIAN_POINT('Ctrl Pts',(1.89634135437512,-26.9761007187224,377.987490375313));
#2352=CARTESIAN_POINT('Ctrl Pts',(2.1558725967944,-27.1262422677101,376.91845544251));
#2353=CARTESIAN_POINT('Ctrl Pts',(2.41467265715093,-27.3056849372036,375.549750438869));
#2354=CARTESIAN_POINT('Ctrl Pts',(2.73161938917537,-27.5679327111828,373.325538040817));
#2355=CARTESIAN_POINT('Ctrl Pts',(2.89111726394813,-27.7327971299106,371.633797501912));
#2356=CARTESIAN_POINT('Ctrl Pts',(2.97557376568926,-27.8268070094096,370.499999999984));
#2357=CARTESIAN_POINT('Ctrl Pts',(-3.30439606514255,-28.1928243569303,370.575408605257));
#2358=CARTESIAN_POINT('Ctrl Pts',(-3.21969037475078,-28.0744039999213,371.717293808555));
#2359=CARTESIAN_POINT('Ctrl Pts',(-3.04200982739727,-27.8500872761653,373.564757845567));
#2360=CARTESIAN_POINT('Ctrl Pts',(-2.74055576960038,-27.5563422039557,375.512798179266));
#2361=CARTESIAN_POINT('Ctrl Pts',(-2.54938120632456,-27.3976973210427,376.478652708687));
#2362=CARTESIAN_POINT('Ctrl Pts',(-2.46086064313448,-27.3283722239369,376.890223747678));
#2363=CARTESIAN_POINT('Ctrl Pts',(-2.333339263037,-27.2341264479031,377.435690918144));
#2364=CARTESIAN_POINT('Ctrl Pts',(-2.15401919352057,-27.113554393762,378.109214638376));
#2365=CARTESIAN_POINT('Ctrl Pts',(-1.89984556092943,-26.9662614180536,378.895152431671));
#2366=CARTESIAN_POINT('Ctrl Pts',(-1.64305878750629,-26.8426967314209,379.528231482701));
#2367=CARTESIAN_POINT('Ctrl Pts',(-1.42867237795864,-26.7578384106362,379.95061783516));
#2368=CARTESIAN_POINT('Ctrl Pts',(-1.2945423415019,-26.7105524401891,380.182898062614));
#2369=CARTESIAN_POINT('Ctrl Pts',(-1.07813945614266,-26.6416232029868,380.518730416391));
#2370=CARTESIAN_POINT('Ctrl Pts',(-0.709548520347298,-26.5450879948055,
380.978598248845));
#2371=CARTESIAN_POINT('Ctrl Pts',(0.0016481137224127,-26.4755493353276,
381.301524635323));
#2372=CARTESIAN_POINT('Ctrl Pts',(0.705693186648023,-26.5446486698383,380.980789321562));
#2373=CARTESIAN_POINT('Ctrl Pts',(1.07642725458821,-26.6412560712466,380.520732882011));
#2374=CARTESIAN_POINT('Ctrl Pts',(1.27481538355981,-26.7043136596095,380.213538338343));
#2375=CARTESIAN_POINT('Ctrl Pts',(1.34292864995906,-26.7277553251948,380.098654073507));
#2376=CARTESIAN_POINT('Ctrl Pts',(1.44216463916141,-26.763241431634,379.923973968602));
#2377=CARTESIAN_POINT('Ctrl Pts',(1.57961367335184,-26.8175961503636,379.65341948256));
#2378=CARTESIAN_POINT('Ctrl Pts',(1.74369352859894,-26.8913754997132,379.279303075772));
#2379=CARTESIAN_POINT('Ctrl Pts',(1.94104343682268,-26.9904069889384,378.767053785296));
#2380=CARTESIAN_POINT('Ctrl Pts',(2.15392484422527,-27.1136230729292,378.109011510324));
#2381=CARTESIAN_POINT('Ctrl Pts',(2.43966546298942,-27.306118727259,377.034429964971));
#2382=CARTESIAN_POINT('Ctrl Pts',(2.72022515281589,-27.5347700927555,375.658106646921));
#2383=CARTESIAN_POINT('Ctrl Pts',(3.05588192577273,-27.8683213330692,373.420524215588));
#2384=CARTESIAN_POINT('Ctrl Pts',(3.21969037475076,-28.0744039999213,371.717293808555));
#2385=CARTESIAN_POINT('Ctrl Pts',(3.30439606514254,-28.1928243569303,370.575408605257));
#2386=CARTESIAN_POINT('Ctrl Pts',(-3.82616383924318,-28.3751754262523,370.649639708207));
#2387=CARTESIAN_POINT('Ctrl Pts',(-3.72170730386294,-28.2403722427671,371.799645646044));
#2388=CARTESIAN_POINT('Ctrl Pts',(-3.50531021815814,-27.985768780025,373.659650734374));
#2389=CARTESIAN_POINT('Ctrl Pts',(-3.14643489005482,-27.6552623377955,375.619566852325));
#2390=CARTESIAN_POINT('Ctrl Pts',(-2.92123789034422,-27.4775636470501,376.590966272423));
#2391=CARTESIAN_POINT('Ctrl Pts',(-2.81733567013165,-27.4000163026137,377.004852994629));
#2392=CARTESIAN_POINT('Ctrl Pts',(-2.66812853324579,-27.2947424884293,377.553323725632));
#2393=CARTESIAN_POINT('Ctrl Pts',(-2.45933234808545,-27.1603402429715,378.230436736797));
#2394=CARTESIAN_POINT('Ctrl Pts',(-2.16517262675955,-26.9966304446281,379.020368939222));
#2395=CARTESIAN_POINT('Ctrl Pts',(-1.86979302745046,-26.8596815587481,379.656514608713));
#2396=CARTESIAN_POINT('Ctrl Pts',(-1.62425991507153,-26.7658331887595,380.08087077328));
#2397=CARTESIAN_POINT('Ctrl Pts',(-1.47095395408163,-26.7135910471785,380.314214274912));
#2398=CARTESIAN_POINT('Ctrl Pts',(-1.22396478669465,-26.6374856209007,380.65156573255));
#2399=CARTESIAN_POINT('Ctrl Pts',(-0.804337784522403,-26.5310927846038,
381.113443205306));
#2400=CARTESIAN_POINT('Ctrl Pts',(0.0018372428665995,-26.4546181725746,
381.437721995669));
#2401=CARTESIAN_POINT('Ctrl Pts',(0.79998606035462,-26.53060747005,381.115644493475));
#2402=CARTESIAN_POINT('Ctrl Pts',(1.22202334276307,-26.6370772564951,380.653578696359));
#2403=CARTESIAN_POINT('Ctrl Pts',(1.44844657243296,-26.7066992421251,380.34499479736));
#2404=CARTESIAN_POINT('Ctrl Pts',(1.52627006649422,-26.7325932377873,380.229586396864));
#2405=CARTESIAN_POINT('Ctrl Pts',(1.63972362407988,-26.7718051623085,380.054104285139));
#2406=CARTESIAN_POINT('Ctrl Pts',(1.79713347042647,-26.8319179125333,379.782288151805));
#2407=CARTESIAN_POINT('Ctrl Pts',(1.98557934104975,-26.9136264246946,379.406383332412));
#2408=CARTESIAN_POINT('Ctrl Pts',(2.21289845318278,-27.0234575239897,378.891623453589));
#2409=CARTESIAN_POINT('Ctrl Pts',(2.45923444656265,-27.1604125863184,378.230234195653));
#2410=CARTESIAN_POINT('Ctrl Pts',(2.791997580761,-27.3749805808388,377.149929473601));
#2411=CARTESIAN_POINT('Ctrl Pts',(3.12196077768301,-27.6309882293904,375.765770980442));
#2412=CARTESIAN_POINT('Ctrl Pts',(3.5223835128962,-28.0064146880729,373.514453149514));
#2413=CARTESIAN_POINT('Ctrl Pts',(3.72170730386292,-28.2403722427671,371.799645646044));
#2414=CARTESIAN_POINT('Ctrl Pts',(3.82616383924317,-28.3751754262523,370.649639708207));
#2415=CARTESIAN_POINT('Ctrl Pts',(-4.31575269456899,-28.2951821619097,370.69066520581));
#2416=CARTESIAN_POINT('Ctrl Pts',(-4.1940194738356,-28.1638262969144,371.847198431404));
#2417=CARTESIAN_POINT('Ctrl Pts',(-3.94398258642203,-27.9139519330618,373.719042657086));
#2418=CARTESIAN_POINT('Ctrl Pts',(-3.53410651537112,-27.5906326762257,375.694322710564));
#2419=CARTESIAN_POINT('Ctrl Pts',(-3.27813501321089,-27.41740600121,376.674062276646));
#2420=CARTESIAN_POINT('Ctrl Pts',(-3.16025928026582,-27.3417454772956,377.091595482114));
#2421=CARTESIAN_POINT('Ctrl Pts',(-2.99123844683416,-27.2390828380332,377.645032427624));
#2422=CARTESIAN_POINT('Ctrl Pts',(-2.75530072765746,-27.1079084296509,378.328509907313));
#2423=CARTESIAN_POINT('Ctrl Pts',(-2.42380742951258,-26.9482866438315,379.126255622838));
#2424=CARTESIAN_POINT('Ctrl Pts',(-2.09188231834649,-26.8146671385179,379.768980478607));
#2425=CARTESIAN_POINT('Ctrl Pts',(-1.81646279979042,-26.723181823772,380.197874626276));
#2426=CARTESIAN_POINT('Ctrl Pts',(-1.64464187194781,-26.6722594692425,380.433751373793));
#2427=CARTESIAN_POINT('Ctrl Pts',(-1.3679862887211,-26.5980840382164,380.774799813012));
#2428=CARTESIAN_POINT('Ctrl Pts',(-0.898470679538346,-26.4943691651547,
381.241869434248));
#2429=CARTESIAN_POINT('Ctrl Pts',(0.00203366230470642,-26.4198494851433,
381.569903501381));
#2430=CARTESIAN_POINT('Ctrl Pts',(0.89362934013988,-26.4938731140622,381.244092775454));
#2431=CARTESIAN_POINT('Ctrl Pts',(1.36582533117884,-26.5976482586327,380.776829597537));
#2432=CARTESIAN_POINT('Ctrl Pts',(1.61944228035329,-26.6655033560465,380.464863473584));
#2433=CARTESIAN_POINT('Ctrl Pts',(1.70665256780812,-26.6907405321061,380.348198718999));
#2434=CARTESIAN_POINT('Ctrl Pts',(1.83382370097853,-26.7289586303538,380.170815855013));
#2435=CARTESIAN_POINT('Ctrl Pts',(2.01038474590248,-26.7875709207811,379.896093436594));
#2436=CARTESIAN_POINT('Ctrl Pts',(2.22202543901533,-26.8672259212467,379.516252003537));
#2437=CARTESIAN_POINT('Ctrl Pts',(2.47764799864728,-26.974317187901,378.996221031571));
#2438=CARTESIAN_POINT('Ctrl Pts',(2.75520155297355,-27.107965510088,378.328300127972));
#2439=CARTESIAN_POINT('Ctrl Pts',(3.13127980384717,-27.3172561688366,377.237828137158));
#2440=CARTESIAN_POINT('Ctrl Pts',(3.50585617952611,-27.5675332163897,375.84167687553));
#2441=CARTESIAN_POINT('Ctrl Pts',(3.9639597946498,-27.9335378311905,373.572862969385));
#2442=CARTESIAN_POINT('Ctrl Pts',(4.19401947383558,-28.1638262969144,371.847198431404));
#2443=CARTESIAN_POINT('Ctrl Pts',(4.31575269456898,-28.2951821619097,370.69066520581));
#2444=CARTESIAN_POINT('',(2.97557376568926,-27.8268070094096,370.499999999992));
#2445=CARTESIAN_POINT('Origin',(4.09141392782273,-26.8243596379382,370.499999999984));
#2446=CARTESIAN_POINT('',(-2.97557376568926,-27.8268070094096,370.499999999992));
#2447=CARTESIAN_POINT('Origin',(-4.09141392782274,-26.8243596379382,370.499999999984));
#2448=CARTESIAN_POINT('Ctrl Pts',(-2.97557376568927,-27.8268070094096,370.499999999984));
#2449=CARTESIAN_POINT('Ctrl Pts',(-2.89111726394814,-27.7327971299106,371.633797501912));
#2450=CARTESIAN_POINT('Ctrl Pts',(-2.71777280779669,-27.5539105460977,373.4688440532));
#2451=CARTESIAN_POINT('Ctrl Pts',(-2.43422188298383,-27.3222340972086,375.405293037699));
#2452=CARTESIAN_POINT('Ctrl Pts',(-2.25735184495037,-27.1980426525904,376.365772380601));
#2453=CARTESIAN_POINT('Ctrl Pts',(-2.17593259136486,-27.1437899140049,376.775097504043));
#2454=CARTESIAN_POINT('Ctrl Pts',(-2.05922886038152,-27.0701619917074,377.317654702062));
#2455=CARTESIAN_POINT('Ctrl Pts',(-1.89640941014835,-26.9760596595072,377.987696030703));
#2456=CARTESIAN_POINT('Ctrl Pts',(-1.66782276639566,-26.8615041990529,378.76975925156));
#2457=CARTESIAN_POINT('Ctrl Pts',(-1.43911636755173,-26.7655694290112,379.399849092277));
#2458=CARTESIAN_POINT('Ctrl Pts',(-1.24946211054877,-26.6998644862112,379.820311818689));
#2459=CARTESIAN_POINT('Ctrl Pts',(-1.13118044202137,-26.6632860436699,380.051551580054));
#2460=CARTESIAN_POINT('Ctrl Pts',(-0.94077023409638,-26.609999109031,380.385895514033));
#2461=CARTESIAN_POINT('Ctrl Pts',(-0.617739525034866,-26.5354690998598,
380.843783240961));
#2462=CARTESIAN_POINT('Ctrl Pts',(0.00139501947373782,-26.4818993475003,
381.16536864606));
#2463=CARTESIAN_POINT('Ctrl Pts',(0.6144115903343,-26.5351125745097,380.845962874585));
#2464=CARTESIAN_POINT('Ctrl Pts',(0.939283312129615,-26.6096860644622,380.387885396013));
#2465=CARTESIAN_POINT('Ctrl Pts',(1.11383646662501,-26.658432570402,380.082052062221));
#2466=CARTESIAN_POINT('Ctrl Pts',(1.17386890400694,-26.6765613924669,379.967680763253));
#2467=CARTESIAN_POINT('Ctrl Pts',(1.26141678698642,-26.7040133997405,379.793784982637));
#2468=CARTESIAN_POINT('Ctrl Pts',(1.3829966740825,-26.7461089850769,379.524463198503));
#2469=CARTESIAN_POINT('Ctrl Pts',(1.52878946749584,-26.8033051630574,379.152088883267));
#2470=CARTESIAN_POINT('Ctrl Pts',(1.70494993748679,-26.8801855224182,378.64228094702));
#2471=CARTESIAN_POINT('Ctrl Pts',(1.89634135437512,-26.9761007187224,377.987490375313));
#2472=CARTESIAN_POINT('Ctrl Pts',(2.1558725967944,-27.1262422677101,376.91845544251));
#2473=CARTESIAN_POINT('Ctrl Pts',(2.41467265715093,-27.3056849372036,375.549750438869));
#2474=CARTESIAN_POINT('Ctrl Pts',(2.73161938917537,-27.5679327111828,373.325538040817));
#2475=CARTESIAN_POINT('Ctrl Pts',(2.89111726394813,-27.7327971299106,371.633797501912));
#2476=CARTESIAN_POINT('Ctrl Pts',(2.97557376568926,-27.8268070094096,370.499999999984));
#2477=CARTESIAN_POINT('Ctrl Pts',(2.9755737656891,-27.8268070094094,370.499999999991));
#2478=CARTESIAN_POINT('Ctrl Pts',(3.02172351931072,-27.8781770364362,370.086971010363));
#2479=CARTESIAN_POINT('Ctrl Pts',(2.88991539587692,-27.997094469574,369.242060535644));
#2480=CARTESIAN_POINT('Ctrl Pts',(2.05595712825954,-28.1722123309479,368.243143144815));
#2481=CARTESIAN_POINT('Ctrl Pts',(0.760860451538415,-28.1999547246744,367.777008923137));
#2482=CARTESIAN_POINT('Ctrl Pts',(-0.760856004686633,-28.1977104728177,
367.777938017861));
#2483=CARTESIAN_POINT('Ctrl Pts',(-2.05522376043126,-28.1685080072174,368.246377484271));
#2484=CARTESIAN_POINT('Ctrl Pts',(-2.89021184858703,-27.9940236812023,369.24310320098));
#2485=CARTESIAN_POINT('Ctrl Pts',(-3.02172351931055,-27.8781770364361,370.086971010364));
#2486=CARTESIAN_POINT('Ctrl Pts',(-2.97557376568913,-27.8268070094094,370.499999999991));
#2487=CARTESIAN_POINT('Ctrl Pts',(3.1399849154158,-28.0098156831696,370.537704302627));
#2488=CARTESIAN_POINT('Ctrl Pts',(3.18892844064952,-28.0628750365527,370.100027721632));
#2489=CARTESIAN_POINT('Ctrl Pts',(3.04867944524174,-28.1881361933395,369.20451277994));
#2490=CARTESIAN_POINT('Ctrl Pts',(2.15941260824584,-28.378228700906,368.143789052101));
#2491=CARTESIAN_POINT('Ctrl Pts',(0.790130926826674,-28.4359688236763,367.661907788552));
#2492=CARTESIAN_POINT('Ctrl Pts',(-0.78961479008592,-28.4343570506824,367.66336718619));
#2493=CARTESIAN_POINT('Ctrl Pts',(-2.15844160494198,-28.3753528961484,368.14786848763));
#2494=CARTESIAN_POINT('Ctrl Pts',(-3.04898495562968,-28.1857941200363,369.206239681056));
#2495=CARTESIAN_POINT('Ctrl Pts',(-3.18892844064942,-28.0628750365527,370.100027721632));
#2496=CARTESIAN_POINT('Ctrl Pts',(-3.13998491541583,-28.0098156831696,370.537704302626));
#2497=CARTESIAN_POINT('Ctrl Pts',(3.56277486191615,-28.2909497005295,370.613059919839));
#2498=CARTESIAN_POINT('Ctrl Pts',(3.61827001908932,-28.3494981702001,370.108486050955));
#2499=CARTESIAN_POINT('Ctrl Pts',(3.45447285576685,-28.4935986610661,369.076105520206));
#2500=CARTESIAN_POINT('Ctrl Pts',(2.42412315508052,-28.7237475486636,367.852324680176));
#2501=CARTESIAN_POINT('Ctrl Pts',(0.868261320136361,-28.8466866955162,367.30334019137));
#2502=CARTESIAN_POINT('Ctrl Pts',(-0.866823827530489,-28.846386215893,367.305262112899));
#2503=CARTESIAN_POINT('Ctrl Pts',(-2.42273965973825,-28.7225193951643,367.857389576486));
#2504=CARTESIAN_POINT('Ctrl Pts',(-3.45489877109581,-28.4927676370496,369.078430806625));
#2505=CARTESIAN_POINT('Ctrl Pts',(-3.61827001908938,-28.3494981702003,370.108486050954));
#2506=CARTESIAN_POINT('Ctrl Pts',(-3.56277486191617,-28.2909497005295,370.613059919839));
#2507=CARTESIAN_POINT('Ctrl Pts',(4.0709582669059,-28.3351787940806,370.670152457012));
#2508=CARTESIAN_POINT('Ctrl Pts',(4.13385463041591,-28.4023486920908,370.080304072081));
#2509=CARTESIAN_POINT('Ctrl Pts',(3.93975244735145,-28.5732647814052,368.873620361992));
#2510=CARTESIAN_POINT('Ctrl Pts',(2.7400846056958,-28.8553488399912,367.445971458776));
#2511=CARTESIAN_POINT('Ctrl Pts',(0.963090456100444,-29.0263519782256,366.787615984151));
#2512=CARTESIAN_POINT('Ctrl Pts',(-0.960726282696568,-29.0266289860173,
366.789223231098));
#2513=CARTESIAN_POINT('Ctrl Pts',(-2.73832182419218,-28.8546854114213,367.450981805464));
#2514=CARTESIAN_POINT('Ctrl Pts',(-3.94023325860638,-28.5730314739038,368.875478381309));
#2515=CARTESIAN_POINT('Ctrl Pts',(-4.13385463041611,-28.4023486920912,370.080304072078));
#2516=CARTESIAN_POINT('Ctrl Pts',(-4.07095826690591,-28.3351787940807,370.670152457012));
#2517=CARTESIAN_POINT('Ctrl Pts',(4.31575269456876,-28.2951821619095,370.690665205812));
#2518=CARTESIAN_POINT('Ctrl Pts',(4.38227164845159,-28.3669592386481,370.058698189442));
#2519=CARTESIAN_POINT('Ctrl Pts',(4.17363890557839,-28.5516996993746,368.765918347801));
#2520=CARTESIAN_POINT('Ctrl Pts',(2.89191408443576,-28.8599316267145,367.237495745678));
#2521=CARTESIAN_POINT('Ctrl Pts',(1.00797735780449,-29.0460757670875,366.524273524726));
#2522=CARTESIAN_POINT('Ctrl Pts',(-1.00513992247473,-29.0463442495644,366.525695113125));
#2523=CARTESIAN_POINT('Ctrl Pts',(-2.88995385881287,-28.8591412558159,367.242444540816));
#2524=CARTESIAN_POINT('Ctrl Pts',(-4.17415235612853,-28.5513992174235,368.767513708219));
#2525=CARTESIAN_POINT('Ctrl Pts',(-4.38227164845185,-28.3669592386486,370.058698189439));
#2526=CARTESIAN_POINT('Ctrl Pts',(-4.31575269456878,-28.2951821619095,370.690665205812));
#2527=CARTESIAN_POINT('Ctrl Pts',(2.9755737656891,-27.8268070094094,370.499999999991));
#2528=CARTESIAN_POINT('Ctrl Pts',(3.02172351931072,-27.8781770364362,370.086971010363));
#2529=CARTESIAN_POINT('Ctrl Pts',(2.88991539587692,-27.997094469574,369.242060535644));
#2530=CARTESIAN_POINT('Ctrl Pts',(2.05595712825954,-28.1722123309479,368.243143144815));
#2531=CARTESIAN_POINT('Ctrl Pts',(0.760860451538415,-28.1999547246744,367.777008923137));
#2532=CARTESIAN_POINT('Ctrl Pts',(-0.760856004686633,-28.1977104728177,
367.777938017861));
#2533=CARTESIAN_POINT('Ctrl Pts',(-2.05522376043126,-28.1685080072174,368.246377484271));
#2534=CARTESIAN_POINT('Ctrl Pts',(-2.89021184858703,-27.9940236812023,369.24310320098));
#2535=CARTESIAN_POINT('Ctrl Pts',(-3.02172351931055,-27.8781770364361,370.086971010364));
#2536=CARTESIAN_POINT('Ctrl Pts',(-2.97557376568913,-27.8268070094094,370.499999999991));
#2537=CARTESIAN_POINT('Origin',(-5.60275910609914E-15,-30.5,378.5));
#2538=CARTESIAN_POINT('Origin',(-5.60275910609914E-15,-30.5,370.5));
#2539=CARTESIAN_POINT('Ctrl Pts',(27.8268070094086,2.97557376568842,370.499999999997));
#2540=CARTESIAN_POINT('Ctrl Pts',(27.8781770364354,3.02172351931117,370.086971010369));
#2541=CARTESIAN_POINT('Ctrl Pts',(27.994116749918,2.88983111781098,369.243689365965));
#2542=CARTESIAN_POINT('Ctrl Pts',(28.1676686314701,2.05579094408668,368.245731079535));
#2543=CARTESIAN_POINT('Ctrl Pts',(28.1975154602499,0.760988416522571,367.77768537155));
#2544=CARTESIAN_POINT('Ctrl Pts',(28.1996480401155,-0.760684898211169,367.776770902723));
#2545=CARTESIAN_POINT('Ctrl Pts',(28.1720782793537,-2.05588922814311,368.24303092008));
#2546=CARTESIAN_POINT('Ctrl Pts',(27.9969700083238,-2.88986005859931,369.242046574616));
#2547=CARTESIAN_POINT('Ctrl Pts',(27.8781770364354,-3.02172351931118,370.086971010369));
#2548=CARTESIAN_POINT('Ctrl Pts',(27.8268070094086,-2.97557376568842,370.499999999997));
#2549=CARTESIAN_POINT('Ctrl Pts',(28.0098156831688,3.13998491541507,370.537704302633));
#2550=CARTESIAN_POINT('Ctrl Pts',(28.0628750365519,3.18892844064997,370.100027721638));
#2551=CARTESIAN_POINT('Ctrl Pts',(28.1858669215648,3.04848771663672,369.206816256245));
#2552=CARTESIAN_POINT('Ctrl Pts',(28.3747023019831,2.15928804801168,368.147397178137));
#2553=CARTESIAN_POINT('Ctrl Pts',(28.4342067250612,0.789824548419562,367.663153690057));
#2554=CARTESIAN_POINT('Ctrl Pts',(28.435729706099,-0.789851787073219,367.66173400177));
#2555=CARTESIAN_POINT('Ctrl Pts',(28.3781230295177,-2.15929849465576,368.14370480539));
#2556=CARTESIAN_POINT('Ctrl Pts',(28.1880359063361,-3.04858671869045,369.204527060934));
#2557=CARTESIAN_POINT('Ctrl Pts',(28.0628750365518,-3.1889284406499,370.100027721639));
#2558=CARTESIAN_POINT('Ctrl Pts',(28.0098156831688,-3.13998491541508,370.537704302633));
#2559=CARTESIAN_POINT('Ctrl Pts',(28.2909497005286,3.56277486191531,370.613059919846));
#2560=CARTESIAN_POINT('Ctrl Pts',(28.3494981701991,3.61827001908981,370.108486050963));
#2561=CARTESIAN_POINT('Ctrl Pts',(28.492775577459,3.45414776004817,369.079068192463));
#2562=CARTESIAN_POINT('Ctrl Pts',(28.7222908553237,2.42403808655905,367.856941878822));
#2563=CARTESIAN_POINT('Ctrl Pts',(28.8463391559549,0.867165136654233,367.305040293053));
#2564=CARTESIAN_POINT('Ctrl Pts',(28.846599561139,-0.867814556392283,367.303174642752));
#2565=CARTESIAN_POINT('Ctrl Pts',(28.7237065952281,-2.42393339424537,367.852242965667));
#2566=CARTESIAN_POINT('Ctrl Pts',(28.4935524017708,-3.45432039728846,369.076134869074));
#2567=CARTESIAN_POINT('Ctrl Pts',(28.3494981701988,-3.61827001908957,370.108486050966));
#2568=CARTESIAN_POINT('Ctrl Pts',(28.2909497005286,-3.56277486191532,370.613059919846));
#2569=CARTESIAN_POINT('Ctrl Pts',(28.3351787940796,4.07095826690494,370.670152457021));
#2570=CARTESIAN_POINT('Ctrl Pts',(28.4023486920896,4.13385463041647,370.080304072091));
#2571=CARTESIAN_POINT('Ctrl Pts',(28.5729943843574,3.93927197063939,368.876289257266));
#2572=CARTESIAN_POINT('Ctrl Pts',(28.8546393829137,2.74006419524267,367.450179477877));
#2573=CARTESIAN_POINT('Ctrl Pts',(29.0266297645436,0.961190201550081,366.788892993693));
#2574=CARTESIAN_POINT('Ctrl Pts',(29.0263304618846,-0.9624811828285,366.787320308322));
#2575=CARTESIAN_POINT('Ctrl Pts',(28.8553358227392,-2.73982390500171,367.445830719602));
#2576=CARTESIAN_POINT('Ctrl Pts',(28.5732399587813,-3.93954318103818,368.873616812546));
#2577=CARTESIAN_POINT('Ctrl Pts',(28.4023486920892,-4.13385463041612,370.080304072094));
#2578=CARTESIAN_POINT('Ctrl Pts',(28.3351787940796,-4.07095826690495,370.670152457021));
#2579=CARTESIAN_POINT('Ctrl Pts',(28.2951821619084,4.31575269456775,370.690665205822));
#2580=CARTESIAN_POINT('Ctrl Pts',(28.3669592386468,4.3822716484522,370.058698189453));
#2581=CARTESIAN_POINT('Ctrl Pts',(28.5513557200094,4.17307973401765,368.768410587001));
#2582=CARTESIAN_POINT('Ctrl Pts',(28.8590804101793,2.89192505760974,367.241455490454));
#2583=CARTESIAN_POINT('Ctrl Pts',(29.0463431322695,1.00566771268967,366.525308544293));
#2584=CARTESIAN_POINT('Ctrl Pts',(29.0460485515963,-1.00728401158287,366.523909334672));
#2585=CARTESIAN_POINT('Ctrl Pts',(28.8599159292188,-2.89161643436386,367.237324032962));
#2586=CARTESIAN_POINT('Ctrl Pts',(28.551671357352,-4.17340011325932,368.765896986327));
#2587=CARTESIAN_POINT('Ctrl Pts',(28.3669592386463,-4.3822716484518,370.058698189457));
#2588=CARTESIAN_POINT('Ctrl Pts',(28.2951821619084,-4.31575269456776,370.690665205822));
#2589=CARTESIAN_POINT('',(27.8268070094086,-2.97557376568842,370.499999999999));
#2590=CARTESIAN_POINT('Origin',(26.8243596379369,-4.09141392782158,370.499999999995));
#2591=CARTESIAN_POINT('',(27.8268070094086,2.97557376568842,370.499999999999));
#2592=CARTESIAN_POINT('Origin',(26.8243596379369,4.09141392782157,370.499999999996));
#2593=CARTESIAN_POINT('Ctrl Pts',(27.8268070094086,2.97557376568842,370.499999999997));
#2594=CARTESIAN_POINT('Ctrl Pts',(27.8781770364354,3.02172351931117,370.086971010369));
#2595=CARTESIAN_POINT('Ctrl Pts',(27.994116749918,2.88983111781098,369.243689365965));
#2596=CARTESIAN_POINT('Ctrl Pts',(28.1676686314701,2.05579094408668,368.245731079535));
#2597=CARTESIAN_POINT('Ctrl Pts',(28.1975154602499,0.760988416522571,367.77768537155));
#2598=CARTESIAN_POINT('Ctrl Pts',(28.1996480401155,-0.760684898211169,367.776770902723));
#2599=CARTESIAN_POINT('Ctrl Pts',(28.1720782793537,-2.05588922814311,368.24303092008));
#2600=CARTESIAN_POINT('Ctrl Pts',(27.9969700083238,-2.88986005859931,369.242046574616));
#2601=CARTESIAN_POINT('Ctrl Pts',(27.8781770364354,-3.02172351931118,370.086971010369));
#2602=CARTESIAN_POINT('Ctrl Pts',(27.8268070094086,-2.97557376568842,370.499999999997));
#2603=CARTESIAN_POINT('Ctrl Pts',(27.8268070094085,-2.9755737656883,370.499999999997));
#2604=CARTESIAN_POINT('Ctrl Pts',(27.8033045395338,-2.954459640253,370.783449375479));
#2605=CARTESIAN_POINT('Ctrl Pts',(27.7542646237562,-2.90932862173069,371.350415051829));
#2606=CARTESIAN_POINT('Ctrl Pts',(27.6482465689755,-2.80698629395011,372.481681524295));
#2607=CARTESIAN_POINT('Ctrl Pts',(27.4443799804887,-2.59120498638447,374.438796388691));
#2608=CARTESIAN_POINT('Ctrl Pts',(27.1670133491053,-2.24382873075389,376.658405118199));
#2609=CARTESIAN_POINT('Ctrl Pts',(26.8621468177168,-1.68983158298445,378.781057799501));
#2610=CARTESIAN_POINT('Ctrl Pts',(26.6681762157158,-1.19956565826342,380.028565072676));
#2611=CARTESIAN_POINT('Ctrl Pts',(26.5523453160215,-0.685320348047997,380.740276985586));
#2612=CARTESIAN_POINT('Ctrl Pts',(26.5086824974934,-0.313286030645292,381.004624291415));
#2613=CARTESIAN_POINT('Ctrl Pts',(26.4958522515821,-0.0010627480843676,
381.081804340488));
#2614=CARTESIAN_POINT('Ctrl Pts',(26.5084765086247,0.311341023015479,381.005869298339));
#2615=CARTESIAN_POINT('Ctrl Pts',(26.5520048022796,0.683740254165534,380.742354300688));
#2616=CARTESIAN_POINT('Ctrl Pts',(26.6674315553624,1.19854096085733,380.033174685299));
#2617=CARTESIAN_POINT('Ctrl Pts',(26.8618610976662,1.68794031283064,378.783189299695));
#2618=CARTESIAN_POINT('Ctrl Pts',(27.16682083775,2.24335191744986,376.660129688429));
#2619=CARTESIAN_POINT('Ctrl Pts',(27.4440382849767,2.5905597088309,374.442006162881));
#2620=CARTESIAN_POINT('Ctrl Pts',(27.6485253432363,2.80725862060614,372.479059488925));
#2621=CARTESIAN_POINT('Ctrl Pts',(27.7543162809957,2.9093265735254,371.349747993363));
#2622=CARTESIAN_POINT('Ctrl Pts',(27.8033045395338,2.954459640253,370.783449375479));
#2623=CARTESIAN_POINT('Ctrl Pts',(27.8268070094085,2.97557376568831,370.499999999997));
#2624=CARTESIAN_POINT('Ctrl Pts',(28.1928243569289,-3.30439606514158,370.57540860527));
#2625=CARTESIAN_POINT('Ctrl Pts',(28.1632192676767,-3.2832196425436,370.860879906094));
#2626=CARTESIAN_POINT('Ctrl Pts',(28.1015734556647,-3.23761313029621,371.431841761681));
#2627=CARTESIAN_POINT('Ctrl Pts',(27.9677741691495,-3.13327098308505,372.5708220478));
#2628=CARTESIAN_POINT('Ctrl Pts',(27.7101172377379,-2.9093518098382,374.540655052491));
#2629=CARTESIAN_POINT('Ctrl Pts',(27.3579613363333,-2.53838016946202,376.773150493066));
#2630=CARTESIAN_POINT('Ctrl Pts',(26.9672082912067,-1.92567279078886,378.906599418479));
#2631=CARTESIAN_POINT('Ctrl Pts',(26.716894382508,-1.37349730694474,380.159858601384));
#2632=CARTESIAN_POINT('Ctrl Pts',(26.5668611522199,-0.786516902433436,380.874647574293));
#2633=CARTESIAN_POINT('Ctrl Pts',(26.5102174255171,-0.359879148080116,381.140111304705));
#2634=CARTESIAN_POINT('Ctrl Pts',(26.4935603133812,-0.00121418079648023,
381.217613780297));
#2635=CARTESIAN_POINT('Ctrl Pts',(26.5099485895447,0.35765639390746,381.14136144225));
#2636=CARTESIAN_POINT('Ctrl Pts',(26.5664015862465,0.78473547549581,380.876732448498));
#2637=CARTESIAN_POINT('Ctrl Pts',(26.7159308676843,1.37235432649579,380.164488435438));
#2638=CARTESIAN_POINT('Ctrl Pts',(26.966715506894,1.92362065493817,378.908733250595));
#2639=CARTESIAN_POINT('Ctrl Pts',(27.3578668322014,2.53777991012398,376.774895595512));
#2640=CARTESIAN_POINT('Ctrl Pts',(27.7096541151717,2.90867101786045,374.543883237397));
#2641=CARTESIAN_POINT('Ctrl Pts',(27.9681392295612,3.13354617498491,372.568183979025));
#2642=CARTESIAN_POINT('Ctrl Pts',(28.101636559459,3.23760543127525,371.431169677396));
#2643=CARTESIAN_POINT('Ctrl Pts',(28.1632192676767,3.28321964254361,370.860879906094));
#2644=CARTESIAN_POINT('Ctrl Pts',(28.1928243569289,3.30439606514158,370.57540860527));
#2645=CARTESIAN_POINT('Ctrl Pts',(28.3751754262507,-3.82616383924198,370.64963970822));
#2646=CARTESIAN_POINT('Ctrl Pts',(28.3414746303794,-3.80004970539689,370.937141192679));
#2647=CARTESIAN_POINT('Ctrl Pts',(28.2713537219072,-3.74405005169851,371.512119344748));
#2648=CARTESIAN_POINT('Ctrl Pts',(28.1195085341548,-3.61664181175844,372.658899178232));
#2649=CARTESIAN_POINT('Ctrl Pts',(27.8280091229387,-3.34612746379674,374.641671933555));
#2650=CARTESIAN_POINT('Ctrl Pts',(27.4324343281444,-2.90566438007584,376.887408610486));
#2651=CARTESIAN_POINT('Ctrl Pts',(26.9974256676188,-2.19405772497221,379.031973281378));
#2652=CARTESIAN_POINT('Ctrl Pts',(26.7204360104334,-1.56015509871725,380.291127914132));
#2653=CARTESIAN_POINT('Ctrl Pts',(26.5550818460923,-0.892057881485438,381.009040662484));
#2654=CARTESIAN_POINT('Ctrl Pts',(26.4927399767352,-0.407928163894108,381.275633688598));
#2655=CARTESIAN_POINT('Ctrl Pts',(26.4744184099591,-0.00138066793390429,
381.353461823502));
#2656=CARTESIAN_POINT('Ctrl Pts',(26.492444258161,0.405399804293978,381.276889082818));
#2657=CARTESIAN_POINT('Ctrl Pts',(26.5545765887452,0.890017431008253,381.011134067843));
#2658=CARTESIAN_POINT('Ctrl Pts',(26.7193739288873,1.55883493486879,380.295778196242));
#2659=CARTESIAN_POINT('Ctrl Pts',(26.996881287762,2.19166460522147,379.03411602653));
#2660=CARTESIAN_POINT('Ctrl Pts',(27.432314195219,2.90500365520176,376.889168535251));
#2661=CARTESIAN_POINT('Ctrl Pts',(27.8274879691201,3.3453176035343,374.644920339301));
#2662=CARTESIAN_POINT('Ctrl Pts',(28.1199197936596,3.61697867701209,372.65624430331));
#2663=CARTESIAN_POINT('Ctrl Pts',(28.2714258779256,3.74404522655661,371.511442330336));
#2664=CARTESIAN_POINT('Ctrl Pts',(28.3414746303794,3.8000497053969,370.937141192679));
#2665=CARTESIAN_POINT('Ctrl Pts',(28.3751754262507,3.82616383924199,370.64963970822));
#2666=CARTESIAN_POINT('Ctrl Pts',(28.2951821619083,-4.3157526945676,370.690665205823));
#2667=CARTESIAN_POINT('Ctrl Pts',(28.2623431956594,-4.28531938938422,370.979798512221));
#2668=CARTESIAN_POINT('Ctrl Pts',(28.1938277743241,-4.22025295546065,371.558133392441));
#2669=CARTESIAN_POINT('Ctrl Pts',(28.0457370926032,-4.0726328002758,372.712084834548));
#2670=CARTESIAN_POINT('Ctrl Pts',(27.76105777897,-3.76111642545911,374.708445175023));
#2671=CARTESIAN_POINT('Ctrl Pts',(27.3740438898663,-3.2588776273146,376.972563096547));
#2672=CARTESIAN_POINT('Ctrl Pts',(26.9491461949408,-2.45587534749974,379.137780737395));
#2673=CARTESIAN_POINT('Ctrl Pts',(26.6790425630666,-1.74415624981741,380.410303924422));
#2674=CARTESIAN_POINT('Ctrl Pts',(26.5178536036504,-0.996685505010999,381.136287596932));
#2675=CARTESIAN_POINT('Ctrl Pts',(26.4571071307952,-0.455665168874771,381.405935785227));
#2676=CARTESIAN_POINT('Ctrl Pts',(26.4392587038696,-0.00154513098718532,
381.484663504201));
#2677=CARTESIAN_POINT('Ctrl Pts',(26.4568205611955,0.452837961130424,381.407205757926));
#2678=CARTESIAN_POINT('Ctrl Pts',(26.5173798062148,0.994389732732758,381.138406567851));
#2679=CARTESIAN_POINT('Ctrl Pts',(26.6780063261478,1.74267003065378,380.415005972316));
#2680=CARTESIAN_POINT('Ctrl Pts',(26.948747443089,2.45312794329454,379.139954979965));
#2681=CARTESIAN_POINT('Ctrl Pts',(27.3737744394264,3.25818738248792,376.974322249101));
#2682=CARTESIAN_POINT('Ctrl Pts',(27.760580674842,3.76018181471878,374.711719313916));
#2683=CARTESIAN_POINT('Ctrl Pts',(28.0461262422262,4.0730258547766,372.709410220238));
#2684=CARTESIAN_POINT('Ctrl Pts',(28.1938999601133,4.22024938641569,371.557452957638));
#2685=CARTESIAN_POINT('Ctrl Pts',(28.2623431956594,4.28531938938422,370.979798512221));
#2686=CARTESIAN_POINT('Ctrl Pts',(28.2951821619082,4.3157526945676,370.690665205823));
#2687=CARTESIAN_POINT('Ctrl Pts',(27.8268070094085,-2.9755737656883,370.499999999997));
#2688=CARTESIAN_POINT('Ctrl Pts',(27.8033045395338,-2.954459640253,370.783449375479));
#2689=CARTESIAN_POINT('Ctrl Pts',(27.7542646237562,-2.90932862173069,371.350415051829));
#2690=CARTESIAN_POINT('Ctrl Pts',(27.6482465689755,-2.80698629395011,372.481681524295));
#2691=CARTESIAN_POINT('Ctrl Pts',(27.4443799804887,-2.59120498638447,374.438796388691));
#2692=CARTESIAN_POINT('Ctrl Pts',(27.1670133491053,-2.24382873075389,376.658405118199));
#2693=CARTESIAN_POINT('Ctrl Pts',(26.8621468177168,-1.68983158298445,378.781057799501));
#2694=CARTESIAN_POINT('Ctrl Pts',(26.6681762157158,-1.19956565826342,380.028565072676));
#2695=CARTESIAN_POINT('Ctrl Pts',(26.5523453160215,-0.685320348047997,380.740276985586));
#2696=CARTESIAN_POINT('Ctrl Pts',(26.5086824974934,-0.313286030645292,381.004624291415));
#2697=CARTESIAN_POINT('Ctrl Pts',(26.4958522515821,-0.0010627480843676,
381.081804340488));
#2698=CARTESIAN_POINT('Ctrl Pts',(26.5084765086247,0.311341023015479,381.005869298339));
#2699=CARTESIAN_POINT('Ctrl Pts',(26.5520048022796,0.683740254165534,380.742354300688));
#2700=CARTESIAN_POINT('Ctrl Pts',(26.6674315553624,1.19854096085733,380.033174685299));
#2701=CARTESIAN_POINT('Ctrl Pts',(26.8618610976662,1.68794031283064,378.783189299695));
#2702=CARTESIAN_POINT('Ctrl Pts',(27.16682083775,2.24335191744986,376.660129688429));
#2703=CARTESIAN_POINT('Ctrl Pts',(27.4440382849767,2.5905597088309,374.442006162881));
#2704=CARTESIAN_POINT('Ctrl Pts',(27.6485253432363,2.80725862060614,372.479059488925));
#2705=CARTESIAN_POINT('Ctrl Pts',(27.7543162809957,2.9093265735254,371.349747993363));
#2706=CARTESIAN_POINT('Ctrl Pts',(27.8033045395338,2.954459640253,370.783449375479));
#2707=CARTESIAN_POINT('Ctrl Pts',(27.8268070094085,2.97557376568831,370.499999999997));
#2708=CARTESIAN_POINT('Ctrl Pts',(27.8690263649543,-3.01296825932411,370.5));
#2709=CARTESIAN_POINT('Ctrl Pts',(26.4975847623471,-1.8154028062868,370.5));
#2710=CARTESIAN_POINT('Ctrl Pts',(26.5000035296599,0.00531387492286696,
370.5));
#2711=CARTESIAN_POINT('Ctrl Pts',(26.5024222969727,1.82603055613253,370.5));
#2712=CARTESIAN_POINT('Ctrl Pts',(27.8770409125667,3.0199479508182,370.5));
#2713=CARTESIAN_POINT('Ctrl Pts',(27.8690263649543,-3.01296825932411,368.611220363661));
#2714=CARTESIAN_POINT('Ctrl Pts',(26.4975847623471,-1.8154028062868,368.611220363661));
#2715=CARTESIAN_POINT('Ctrl Pts',(26.5000035296599,0.00531387492286696,
368.611220363661));
#2716=CARTESIAN_POINT('Ctrl Pts',(26.5024222969727,1.82603055613253,368.611220363661));
#2717=CARTESIAN_POINT('Ctrl Pts',(27.8770409125667,3.0199479508182,368.611220363661));
#2718=CARTESIAN_POINT('Ctrl Pts',(28.9892941353716,-1.73004729453371,367.794763117192));
#2719=CARTESIAN_POINT('Ctrl Pts',(28.2018119483757,-1.04240484571514,367.794763117192));
#2720=CARTESIAN_POINT('Ctrl Pts',(28.2032008053053,0.00305122860333709,
367.794763117192));
#2721=CARTESIAN_POINT('Ctrl Pts',(28.2045896622349,1.04850730292182,367.794763117192));
#2722=CARTESIAN_POINT('Ctrl Pts',(28.9938960910579,1.73405503552091,367.794763117192));
#2723=CARTESIAN_POINT('Origin',(30.5,0.,370.5));
#2724=CARTESIAN_POINT('Ctrl Pts',(17.5724755474832,-21.780572322763,370.49999999998));
#2725=CARTESIAN_POINT('Ctrl Pts',(17.5690973205416,-21.7174637602671,371.066999092587));
#2726=CARTESIAN_POINT('Ctrl Pts',(17.5641577519573,-21.5775713245592,372.202402531412));
#2727=CARTESIAN_POINT('Ctrl Pts',(17.5733439067308,-21.2385096666765,374.440010337108));
#2728=CARTESIAN_POINT('Ctrl Pts',(17.6169473534783,-20.854129332538,376.370583465703));
#2729=CARTESIAN_POINT('Ctrl Pts',(17.7223926011516,-20.4550738269318,377.849206632784));
#2730=CARTESIAN_POINT('Ctrl Pts',(17.7726526171522,-20.2967589139344,378.376433758698));
#2731=CARTESIAN_POINT('Ctrl Pts',(17.8316360190857,-20.1292083748441,378.895548892392));
#2732=CARTESIAN_POINT('Ctrl Pts',(17.9260283593648,-19.8993362289773,379.524745173908));
#2733=CARTESIAN_POINT('Ctrl Pts',(18.0728094526147,-19.6076561103189,380.174417858954));
#2734=CARTESIAN_POINT('Ctrl Pts',(18.2298904446786,-19.3562373129576,380.586315504868));
#2735=CARTESIAN_POINT('Ctrl Pts',(18.4241108022895,-19.0837845383921,380.924117097738));
#2736=CARTESIAN_POINT('Ctrl Pts',(18.7250384491918,-18.7269084260055,381.161765460102));
#2737=CARTESIAN_POINT('Ctrl Pts',(19.1206054094906,-18.3927612277417,380.900865482321));
#2738=CARTESIAN_POINT('Ctrl Pts',(19.3862753297106,-18.2106866222013,380.539211304861));
#2739=CARTESIAN_POINT('Ctrl Pts',(19.6319964829024,-18.0603689890818,380.120856674069));
#2740=CARTESIAN_POINT('Ctrl Pts',(19.8976613269799,-17.9265910887064,379.529786193151));
#2741=CARTESIAN_POINT('Ctrl Pts',(20.1746771849558,-17.8128416917661,378.771633611515));
#2742=CARTESIAN_POINT('Ctrl Pts',(20.4173544682414,-17.7324452133202,377.98822162329));
#2743=CARTESIAN_POINT('Ctrl Pts',(20.8511635212706,-17.6172579575211,376.384531343465));
#2744=CARTESIAN_POINT('Ctrl Pts',(21.2383777197766,-17.5733042889802,374.441693359193));
#2745=CARTESIAN_POINT('Ctrl Pts',(21.5778055571747,-17.5641540965391,372.200467637373));
#2746=CARTESIAN_POINT('Ctrl Pts',(21.7174637602671,-17.5690973205416,371.066999092587));
#2747=CARTESIAN_POINT('Ctrl Pts',(21.780572322763,-17.5724755474832,370.49999999998));
#2748=CARTESIAN_POINT('Ctrl Pts',(17.5987764181983,-22.2718981489756,370.575408605252));
#2749=CARTESIAN_POINT('Ctrl Pts',(17.5868543736628,-22.2000695347131,371.14645226431));
#2750=CARTESIAN_POINT('Ctrl Pts',(17.5642948876558,-22.0405990692284,372.28974604023));
#2751=CARTESIAN_POINT('Ctrl Pts',(17.5361451576486,-21.6513984712392,374.5418714447));
#2752=CARTESIAN_POINT('Ctrl Pts',(17.5489241188657,-21.2067357560285,376.483696569703));
#2753=CARTESIAN_POINT('Ctrl Pts',(17.6386358493693,-20.7409792227531,377.970010677905));
#2754=CARTESIAN_POINT('Ctrl Pts',(17.6849190754113,-20.5558502022641,378.499881062151));
#2755=CARTESIAN_POINT('Ctrl Pts',(17.7413745849689,-20.3597450920937,379.021541385194));
#2756=CARTESIAN_POINT('Ctrl Pts',(17.8361693698684,-20.0904302159934,379.653720971605));
#2757=CARTESIAN_POINT('Ctrl Pts',(17.9908414322753,-19.7485854450486,380.306334021751));
#2758=CARTESIAN_POINT('Ctrl Pts',(18.1627932816469,-19.4545067539075,380.720026732602));
#2759=CARTESIAN_POINT('Ctrl Pts',(18.3790735114862,-19.1368019868591,381.059273435648));
#2760=CARTESIAN_POINT('Ctrl Pts',(18.720574870251,-18.7226960562963,381.297914625361));
#2761=CARTESIAN_POINT('Ctrl Pts',(19.1795114471658,-18.3434752369331,381.035925292526));
#2762=CARTESIAN_POINT('Ctrl Pts',(19.4896447093139,-18.1416864713656,380.672718687062));
#2763=CARTESIAN_POINT('Ctrl Pts',(19.777095801265,-17.9777438839425,380.252531826085));
#2764=CARTESIAN_POINT('Ctrl Pts',(20.0884630335447,-17.836704087168,379.658785704213));
#2765=CARTESIAN_POINT('Ctrl Pts',(20.4130151196244,-17.7225658930523,378.89704445437));
#2766=CARTESIAN_POINT('Ctrl Pts',(20.6969146657464,-17.647148261373,378.109742355307));
#2767=CARTESIAN_POINT('Ctrl Pts',(21.2032709666126,-17.5489979849259,376.497720794574));
#2768=CARTESIAN_POINT('Ctrl Pts',(21.6512453455294,-17.5360604327399,374.543566191936));
#2769=CARTESIAN_POINT('Ctrl Pts',(22.0408618323893,-17.5643218754681,372.287797391103));
#2770=CARTESIAN_POINT('Ctrl Pts',(22.2000695347131,-17.5868543736628,371.14645226431));
#2771=CARTESIAN_POINT('Ctrl Pts',(22.2718981489756,-17.5987764181983,370.575408605252));
#2772=CARTESIAN_POINT('Ctrl Pts',(17.3587725646013,-22.7697853579211,370.649639708203));
#2773=CARTESIAN_POINT('Ctrl Pts',(17.3480415051986,-22.6851793003777,371.224744453219));
#2774=CARTESIAN_POINT('Ctrl Pts',(17.3284691913222,-22.4978723221108,372.375983844598));
#2775=CARTESIAN_POINT('Ctrl Pts',(17.3106031508855,-22.043617866267,374.642891533936));
#2776=CARTESIAN_POINT('Ctrl Pts',(17.3394499742318,-21.529554319191,376.596256068558));
#2777=CARTESIAN_POINT('Ctrl Pts',(17.4533112712716,-20.996502229211,378.090494060511));
#2778=CARTESIAN_POINT('Ctrl Pts',(17.5101890158116,-20.7851930239766,378.623090546428));
#2779=CARTESIAN_POINT('Ctrl Pts',(17.5785403016134,-20.5617373667111,379.14737182377));
#2780=CARTESIAN_POINT('Ctrl Pts',(17.6912319699059,-20.255623509697,379.782613112762));
#2781=CARTESIAN_POINT('Ctrl Pts',(17.8718194579946,-19.8681802841667,380.438229936603));
#2782=CARTESIAN_POINT('Ctrl Pts',(18.0697982116801,-19.5355440524503,380.853746302125));
#2783=CARTESIAN_POINT('Ctrl Pts',(18.3173448113356,-19.1762821750156,381.194458681438));
#2784=CARTESIAN_POINT('Ctrl Pts',(18.7056778316994,-18.7080969312271,381.434100848964));
#2785=CARTESIAN_POINT('Ctrl Pts',(19.2245749214388,-18.2768727092515,381.171012765223));
#2786=CARTESIAN_POINT('Ctrl Pts',(19.5752741781859,-18.0455330248182,380.80623126403));
#2787=CARTESIAN_POINT('Ctrl Pts',(19.9005124201304,-17.8565243918626,380.384179513207));
#2788=CARTESIAN_POINT('Ctrl Pts',(20.2533891990824,-17.6918812778073,379.787701719895));
#2789=CARTESIAN_POINT('Ctrl Pts',(20.6223065886114,-17.5561596783907,379.022273814243));
#2790=CARTESIAN_POINT('Ctrl Pts',(20.9460750571468,-17.4641194826795,378.23096723693));
#2791=CARTESIAN_POINT('Ctrl Pts',(21.5255721423763,-17.3396416188113,376.610358408592));
#2792=CARTESIAN_POINT('Ctrl Pts',(22.04343160451,-17.3105173266902,374.644598721581));
#2793=CARTESIAN_POINT('Ctrl Pts',(22.4981846326346,-17.3284889348714,372.37402113942));
#2794=CARTESIAN_POINT('Ctrl Pts',(22.6851793003777,-17.3480415051986,371.224744453219));
#2795=CARTESIAN_POINT('Ctrl Pts',(22.7697853579211,-17.3587725646013,370.649639708203));
#2796=CARTESIAN_POINT('Ctrl Pts',(16.9560171853412,-23.0594131778495,370.690665205806));
#2797=CARTESIAN_POINT('Ctrl Pts',(16.9526144646575,-22.9699168353297,371.269034172368));
#2798=CARTESIAN_POINT('Ctrl Pts',(16.9487416003378,-22.7714563786596,372.427205538262));
#2799=CARTESIAN_POINT('Ctrl Pts',(16.9697959518738,-22.2897661320105,374.709683466408));
#2800=CARTESIAN_POINT('Ctrl Pts',(17.0414408029513,-21.7426250700794,376.678969837089));
#2801=CARTESIAN_POINT('Ctrl Pts',(17.2023157384831,-21.1724687498086,378.187243420295));
#2802=CARTESIAN_POINT('Ctrl Pts',(17.2782371711693,-20.945968547672,378.725042884059));
#2803=CARTESIAN_POINT('Ctrl Pts',(17.366899001883,-20.7060449403002,379.254567688096));
#2804=CARTESIAN_POINT('Ctrl Pts',(17.5078575475927,-20.376387835165,379.896381066373));
#2805=CARTESIAN_POINT('Ctrl Pts',(17.7254083362291,-19.9571073362124,380.559081455763));
#2806=CARTESIAN_POINT('Ctrl Pts',(17.9566322241732,-19.5945948404523,380.979238769774));
#2807=CARTESIAN_POINT('Ctrl Pts',(18.2414513981151,-19.2009191404778,381.323814203349));
#2808=CARTESIAN_POINT('Ctrl Pts',(18.6809109553479,-18.6836300506946,381.566228061745));
#2809=CARTESIAN_POINT('Ctrl Pts',(19.2543003222284,-18.1956813453181,381.300096329802));
#2810=CARTESIAN_POINT('Ctrl Pts',(19.6379213627614,-17.9283826062317,380.931190002441));
#2811=CARTESIAN_POINT('Ctrl Pts',(19.9921009676032,-17.7069829197702,380.504446223442));
#2812=CARTESIAN_POINT('Ctrl Pts',(20.3739899733974,-17.5087068630667,379.901523171762));
#2813=CARTESIAN_POINT('Ctrl Pts',(20.771254681865,-17.3388423338962,379.128167568807));
#2814=CARTESIAN_POINT('Ctrl Pts',(21.1185726947789,-17.2176464748176,378.32904603946));
#2815=CARTESIAN_POINT('Ctrl Pts',(21.7384041793853,-17.041959259385,376.693197407736));
#2816=CARTESIAN_POINT('Ctrl Pts',(22.2895798924738,-16.9697421637951,374.711400237663));
#2817=CARTESIAN_POINT('Ctrl Pts',(22.7717890749825,-16.9487314090187,372.425231844336));
#2818=CARTESIAN_POINT('Ctrl Pts',(22.9699168353297,-16.9526144646575,371.269034172368));
#2819=CARTESIAN_POINT('Ctrl Pts',(23.0594131778495,-16.9560171853412,370.690665205806));
#2820=CARTESIAN_POINT('',(21.780572322763,-17.5724755474832,370.49999999999));
#2821=CARTESIAN_POINT('Origin',(21.860753133978,-16.0746200679683,370.49999999998));
#2822=CARTESIAN_POINT('',(17.5724755474832,-21.780572322763,370.49999999999));
#2823=CARTESIAN_POINT('Origin',(16.0746200679683,-21.860753133978,370.49999999998));
#2824=CARTESIAN_POINT('Ctrl Pts',(17.5724755474832,-21.780572322763,370.49999999998));
#2825=CARTESIAN_POINT('Ctrl Pts',(17.5690973205416,-21.7174637602671,371.066999092587));
#2826=CARTESIAN_POINT('Ctrl Pts',(17.5641577519573,-21.5775713245592,372.202402531412));
#2827=CARTESIAN_POINT('Ctrl Pts',(17.5733439067308,-21.2385096666765,374.440010337108));
#2828=CARTESIAN_POINT('Ctrl Pts',(17.6169473534783,-20.854129332538,376.370583465703));
#2829=CARTESIAN_POINT('Ctrl Pts',(17.7223926011516,-20.4550738269318,377.849206632784));
#2830=CARTESIAN_POINT('Ctrl Pts',(17.7726526171522,-20.2967589139344,378.376433758698));
#2831=CARTESIAN_POINT('Ctrl Pts',(17.8316360190857,-20.1292083748441,378.895548892392));
#2832=CARTESIAN_POINT('Ctrl Pts',(17.9260283593648,-19.8993362289773,379.524745173908));
#2833=CARTESIAN_POINT('Ctrl Pts',(18.0728094526147,-19.6076561103189,380.174417858954));
#2834=CARTESIAN_POINT('Ctrl Pts',(18.2298904446786,-19.3562373129576,380.586315504868));
#2835=CARTESIAN_POINT('Ctrl Pts',(18.4241108022895,-19.0837845383921,380.924117097738));
#2836=CARTESIAN_POINT('Ctrl Pts',(18.7250384491918,-18.7269084260055,381.161765460102));
#2837=CARTESIAN_POINT('Ctrl Pts',(19.1206054094906,-18.3927612277417,380.900865482321));
#2838=CARTESIAN_POINT('Ctrl Pts',(19.3862753297106,-18.2106866222013,380.539211304861));
#2839=CARTESIAN_POINT('Ctrl Pts',(19.6319964829024,-18.0603689890818,380.120856674069));
#2840=CARTESIAN_POINT('Ctrl Pts',(19.8976613269799,-17.9265910887064,379.529786193151));
#2841=CARTESIAN_POINT('Ctrl Pts',(20.1746771849558,-17.8128416917661,378.771633611515));
#2842=CARTESIAN_POINT('Ctrl Pts',(20.4173544682414,-17.7324452133202,377.98822162329));
#2843=CARTESIAN_POINT('Ctrl Pts',(20.8511635212706,-17.6172579575211,376.384531343465));
#2844=CARTESIAN_POINT('Ctrl Pts',(21.2383777197766,-17.5733042889802,374.441693359193));
#2845=CARTESIAN_POINT('Ctrl Pts',(21.5778055571747,-17.5641540965391,372.200467637373));
#2846=CARTESIAN_POINT('Ctrl Pts',(21.7174637602671,-17.5690973205416,371.066999092587));
#2847=CARTESIAN_POINT('Ctrl Pts',(21.780572322763,-17.5724755474832,370.49999999998));
#2848=CARTESIAN_POINT('Ctrl Pts',(21.7805723227627,-17.5724755474832,370.499999999988));
#2849=CARTESIAN_POINT('Ctrl Pts',(21.8495292209587,-17.576166838208,370.086971010361));
#2850=CARTESIAN_POINT('Ctrl Pts',(21.838448599715,-17.7511130690418,369.243022987529));
#2851=CARTESIAN_POINT('Ctrl Pts',(21.3713892968044,-18.4649282677441,368.246341926751));
#2852=CARTESIAN_POINT('Ctrl Pts',(20.4767697046611,-19.4008326939815,367.777919310158));
#2853=CARTESIAN_POINT('Ctrl Pts',(19.4023354062705,-20.4784352189051,367.777017359067));
#2854=CARTESIAN_POINT('Ctrl Pts',(18.4669509395526,-21.3745749096736,368.243163455993));
#2855=CARTESIAN_POINT('Ctrl Pts',(17.7534252076231,-21.8404277952564,369.242143668385));
#2856=CARTESIAN_POINT('Ctrl Pts',(17.576166838208,-21.8495292209587,370.08697101036));
#2857=CARTESIAN_POINT('Ctrl Pts',(17.5724755474832,-21.7805723227628,370.499999999988));
#2858=CARTESIAN_POINT('Ctrl Pts',(22.026235235869,-17.5856259828406,370.537704302624));
#2859=CARTESIAN_POINT('Ctrl Pts',(22.0983621630391,-17.5885363128356,370.100027721629));
#2860=CARTESIAN_POINT('Ctrl Pts',(22.0863188028462,-17.774444663685,369.206148854651));
#2861=CARTESIAN_POINT('Ctrl Pts',(21.5906340779336,-18.5382023493158,368.147822825075));
#2862=CARTESIAN_POINT('Ctrl Pts',(20.6644385355525,-19.5478304814289,367.663340041759));
#2863=CARTESIAN_POINT('Ctrl Pts',(19.5485237476248,-20.6660181449909,367.661908489038));
#2864=CARTESIAN_POINT('Ctrl Pts',(18.5394704889474,-21.5934045305553,368.14380556013));
#2865=CARTESIAN_POINT('Ctrl Pts',(17.7762479551742,-22.0877782020176,369.20459765808));
#2866=CARTESIAN_POINT('Ctrl Pts',(17.5885363128356,-22.0983621630388,370.100027721631));
#2867=CARTESIAN_POINT('Ctrl Pts',(17.5856259828406,-22.026235235869,370.537704302624));
#2868=CARTESIAN_POINT('Ctrl Pts',(22.5239845249152,-17.4854598611022,370.613059899509));
#2869=CARTESIAN_POINT('Ctrl Pts',(22.604625546807,-17.4876188790746,370.108486030627));
#2870=CARTESIAN_POINT('Ctrl Pts',(22.5904005261628,-17.7044819902164,369.078329209123));
#2871=CARTESIAN_POINT('Ctrl Pts',(22.022995577865,-18.5967971177831,367.857341296458));
#2872=CARTESIAN_POINT('Ctrl Pts',(21.0103763934083,-19.7845818828542,367.305236844487));
#2873=CARTESIAN_POINT('Ctrl Pts',(19.7836921701473,-21.0116821381866,367.303348103791));
#2874=CARTESIAN_POINT('Ctrl Pts',(18.5966039423061,-22.0249011219403,367.85234854292));
#2875=CARTESIAN_POINT('Ctrl Pts',(17.7052988190401,-22.5907115485638,369.076207652156));
#2876=CARTESIAN_POINT('Ctrl Pts',(17.4876188790746,-22.6046255468063,370.108486030631));
#2877=CARTESIAN_POINT('Ctrl Pts',(17.4854598611022,-22.5239845249153,370.613059899509));
#2878=CARTESIAN_POINT('Ctrl Pts',(22.9145992678848,-17.1573948749711,370.670152457008));
#2879=CARTESIAN_POINT('Ctrl Pts',(23.0065700034087,-17.1604167201963,370.080304072079));
#2880=CARTESIAN_POINT('Ctrl Pts',(22.9903364345536,-17.4180568196339,368.875361858315));
#2881=CARTESIAN_POINT('Ctrl Pts',(22.3395959058852,-18.4671053906474,367.450928344712));
#2882=CARTESIAN_POINT('Ctrl Pts',(21.2042224517238,-19.8456350099367,366.789194512668));
#2883=CARTESIAN_POINT('Ctrl Pts',(19.8436753989845,-21.2057788359476,366.787625841108));
#2884=CARTESIAN_POINT('Ctrl Pts',(18.4662353502619,-22.3413776568432,367.44599926189));
#2885=CARTESIAN_POINT('Ctrl Pts',(17.4184811653679,-22.990189216744,368.873738604902));
#2886=CARTESIAN_POINT('Ctrl Pts',(17.1604167201963,-23.0065700034077,370.080304072086));
#2887=CARTESIAN_POINT('Ctrl Pts',(17.1573948749711,-22.9145992678849,370.670152457008));
#2888=CARTESIAN_POINT('Ctrl Pts',(23.0594131778491,-16.9560171853412,370.690665205808));
#2889=CARTESIAN_POINT('Ctrl Pts',(23.157203238912,-16.9597352396694,370.058698189441));
#2890=CARTESIAN_POINT('Ctrl Pts',(23.1404459220847,-17.2373573042873,368.767390975298));
#2891=CARTESIAN_POINT('Ctrl Pts',(22.4499657097001,-18.3630391260962,367.242390135001));
#2892=CARTESIAN_POINT('Ctrl Pts',(21.2495679234523,-19.8281723902477,366.525666488865));
#2893=CARTESIAN_POINT('Ctrl Pts',(19.8258815688005,-21.2514667466973,366.524286432369));
#2894=CARTESIAN_POINT('Ctrl Pts',(18.3621138836797,-22.4519793740111,367.237526823392));
#2895=CARTESIAN_POINT('Ctrl Pts',(17.2378470047647,-23.1403234335895,368.766045547472));
#2896=CARTESIAN_POINT('Ctrl Pts',(16.9597352396693,-23.1572032389109,370.058698189448));
#2897=CARTESIAN_POINT('Ctrl Pts',(16.9560171853412,-23.0594131778492,370.690665205808));
#2898=CARTESIAN_POINT('Ctrl Pts',(21.7805723227627,-17.5724755474832,370.499999999988));
#2899=CARTESIAN_POINT('Ctrl Pts',(21.8495292209587,-17.576166838208,370.086971010361));
#2900=CARTESIAN_POINT('Ctrl Pts',(21.838448599715,-17.7511130690418,369.243022987529));
#2901=CARTESIAN_POINT('Ctrl Pts',(21.3713892968044,-18.4649282677441,368.246341926751));
#2902=CARTESIAN_POINT('Ctrl Pts',(20.4767697046611,-19.4008326939815,367.777919310158));
#2903=CARTESIAN_POINT('Ctrl Pts',(19.4023354062705,-20.4784352189051,367.777017359067));
#2904=CARTESIAN_POINT('Ctrl Pts',(18.4669509395526,-21.3745749096736,368.243163455993));
#2905=CARTESIAN_POINT('Ctrl Pts',(17.7534252076231,-21.8404277952564,369.242143668385));
#2906=CARTESIAN_POINT('Ctrl Pts',(17.576166838208,-21.8495292209587,370.08697101036));
#2907=CARTESIAN_POINT('Ctrl Pts',(17.5724755474832,-21.7805723227628,370.499999999988));
#2908=CARTESIAN_POINT('Origin',(21.5667568261897,-21.5667568261897,378.5));
#2909=CARTESIAN_POINT('Origin',(21.5667568261897,-21.5667568261897,370.5));
#2910=CARTESIAN_POINT('Ctrl Pts',(21.780572322763,17.5724755474832,370.49999999998));
#2911=CARTESIAN_POINT('Ctrl Pts',(21.6543551977713,17.5657190936,371.633998185194));
#2912=CARTESIAN_POINT('Ctrl Pts',(21.3861708879945,17.5613542575518,373.610644843322));
#2913=CARTESIAN_POINT('Ctrl Pts',(20.9892102779688,17.6033863707822,375.678334132155));
#2914=CARTESIAN_POINT('Ctrl Pts',(20.7338448465136,17.6541679376898,376.770312373493));
#2915=CARTESIAN_POINT('Ctrl Pts',(20.5320145122584,17.6999441447658,377.583712466982));
#2916=CARTESIAN_POINT('Ctrl Pts',(20.2654055971503,17.7765562631934,378.518727036083));
#2917=CARTESIAN_POINT('Ctrl Pts',(19.9444427196469,17.9077526487714,379.399905584665));
#2918=CARTESIAN_POINT('Ctrl Pts',(19.7384790107293,18.0075838334141,379.880138650009));
#2919=CARTESIAN_POINT('Ctrl Pts',(19.5152648938701,18.1286590218497,380.334944866015));
#2920=CARTESIAN_POINT('Ctrl Pts',(19.2592697458345,18.2912191467851,380.7409621549));
#2921=CARTESIAN_POINT('Ctrl Pts',(18.9666959107731,18.5221728087201,381.004810121357));
#2922=CARTESIAN_POINT('Ctrl Pts',(18.6575192379018,18.8065448466306,381.110217247838));
#2923=CARTESIAN_POINT('Ctrl Pts',(18.3300501815623,19.1961619982437,380.8463421997));
#2924=CARTESIAN_POINT('Ctrl Pts',(18.0912641465431,19.575581738218,380.235541912295));
#2925=CARTESIAN_POINT('Ctrl Pts',(17.9270314779159,19.8970165548955,379.530587142078));
#2926=CARTESIAN_POINT('Ctrl Pts',(17.8146428156815,20.1730733755388,378.770813601751));
#2927=CARTESIAN_POINT('Ctrl Pts',(17.7335408257864,20.4163175914948,377.987929782269));
#2928=CARTESIAN_POINT('Ctrl Pts',(17.6564124394493,20.7056293684855,376.919882009302));
#2929=CARTESIAN_POINT('Ctrl Pts',(17.6001534268409,21.0161419584381,375.548376921209));
#2930=CARTESIAN_POINT('Ctrl Pts',(17.5616245802756,21.4251274075757,373.326670932623));
#2931=CARTESIAN_POINT('Ctrl Pts',(17.5657190936,21.6543551977713,371.633998185194));
#2932=CARTESIAN_POINT('Ctrl Pts',(17.5724755474832,21.780572322763,370.49999999998));
#2933=CARTESIAN_POINT('Ctrl Pts',(22.2718981489756,17.5987764181983,370.575408605252));
#2934=CARTESIAN_POINT('Ctrl Pts',(22.1282409204505,17.5749323291273,371.717495923368));
#2935=CARTESIAN_POINT('Ctrl Pts',(21.8218648245685,17.538269631337,373.707463122495));
#2936=CARTESIAN_POINT('Ctrl Pts',(21.363089423038,17.5473474230346,375.787430188524));
#2937=CARTESIAN_POINT('Ctrl Pts',(21.0659438202862,17.5828549778938,376.88539201896));
#2938=CARTESIAN_POINT('Ctrl Pts',(20.8308047704039,17.6183528412248,377.703161260244));
#2939=CARTESIAN_POINT('Ctrl Pts',(20.5192296637677,17.6862930372715,378.642926266001));
#2940=CARTESIAN_POINT('Ctrl Pts',(20.1431564939642,17.8178082247871,379.52827671593));
#2941=CARTESIAN_POINT('Ctrl Pts',(19.9017893281757,17.922135443269,380.010708354788));
#2942=CARTESIAN_POINT('Ctrl Pts',(19.6403533341797,18.0514967907588,380.467550051978));
#2943=CARTESIAN_POINT('Ctrl Pts',(19.3409054421656,18.2299541203661,380.875325347249));
#2944=CARTESIAN_POINT('Ctrl Pts',(19.0007758040294,18.4901467829152,381.140288036173));
#2945=CARTESIAN_POINT('Ctrl Pts',(18.6437179881715,18.8149976082416,381.246134843509));
#2946=CARTESIAN_POINT('Ctrl Pts',(18.2723202705253,19.2670810017241,380.981159959128));
#2947=CARTESIAN_POINT('Ctrl Pts',(18.010571932647,19.7109441367878,380.367717451871));
#2948=CARTESIAN_POINT('Ctrl Pts',(17.8370001544466,20.0875803024124,379.659571717662));
#2949=CARTESIAN_POINT('Ctrl Pts',(17.7244642893017,20.411056370978,378.896203281252));
#2950=CARTESIAN_POINT('Ctrl Pts',(17.6481933706818,20.6955988622044,378.109429845344));
#2951=CARTESIAN_POINT('Ctrl Pts',(17.5824390342096,21.0333277090827,377.035838913505));
#2952=CARTESIAN_POINT('Ctrl Pts',(17.5455394889709,21.3941199780939,375.656695448163));
#2953=CARTESIAN_POINT('Ctrl Pts',(17.5438379117067,21.8665738951444,373.421616076224));
#2954=CARTESIAN_POINT('Ctrl Pts',(17.5749323291273,22.1282409204505,371.717495923368));
#2955=CARTESIAN_POINT('Ctrl Pts',(17.5987764181983,22.2718981489756,370.575408605252));
#2956=CARTESIAN_POINT('Ctrl Pts',(22.7697853579211,17.3587725646013,370.649639708203));
#2957=CARTESIAN_POINT('Ctrl Pts',(22.6005732428343,17.3373104457959,371.799849198235));
#2958=CARTESIAN_POINT('Ctrl Pts',(22.2414895547919,17.3071287689051,373.803305595542));
#2959=CARTESIAN_POINT('Ctrl Pts',(21.710515851492,17.3323648657859,375.895849055154));
#2960=CARTESIAN_POINT('Ctrl Pts',(21.3688963740068,17.3813226513854,376.99998729472));
#2961=CARTESIAN_POINT('Ctrl Pts',(21.099081604885,17.4281234884553,377.82226276358));
#2962=CARTESIAN_POINT('Ctrl Pts',(20.7430657459083,17.5129301913226,378.7669203181));
#2963=CARTESIAN_POINT('Ctrl Pts',(20.3155860529133,17.6693733315173,379.656555804828));
#2964=CARTESIAN_POINT('Ctrl Pts',(20.0418526839824,17.791547684347,380.141237700261));
#2965=CARTESIAN_POINT('Ctrl Pts',(19.7457204702354,17.9418083006792,380.600158105802));
#2966=CARTESIAN_POINT('Ctrl Pts',(19.4071172662589,18.14706136571,381.009716779248));
#2967=CARTESIAN_POINT('Ctrl Pts',(19.0225015660507,18.4436972321868,381.275807040543));
#2968=CARTESIAN_POINT('Ctrl Pts',(18.6183438982883,18.8124326506374,381.382097818346));
#2969=CARTESIAN_POINT('Ctrl Pts',(18.1959058230301,19.3236053341146,381.116013034214));
#2970=CARTESIAN_POINT('Ctrl Pts',(17.8946800043084,19.8255401091388,380.499890226142));
#2971=CARTESIAN_POINT('Ctrl Pts',(17.6922507865561,20.2523916596976,379.788484292686));
#2972=CARTESIAN_POINT('Ctrl Pts',(17.5583289432396,20.6200854884734,379.02142303936));
#2973=CARTESIAN_POINT('Ctrl Pts',(17.4653362777713,20.9445779610464,378.230646433951));
#2974=CARTESIAN_POINT('Ctrl Pts',(17.3819836015133,21.3310897647753,377.151337940908));
#2975=CARTESIAN_POINT('Ctrl Pts',(17.3294708262737,21.7462531716869,375.764341110989));
#2976=CARTESIAN_POINT('Ctrl Pts',(17.3116479342876,22.2939555080278,373.515535462934));
#2977=CARTESIAN_POINT('Ctrl Pts',(17.337310445796,22.6005732428343,371.799849198235));
#2978=CARTESIAN_POINT('Ctrl Pts',(17.3587725646013,22.7697853579211,370.649639708203));
#2979=CARTESIAN_POINT('Ctrl Pts',(23.0594131778495,16.9560171853412,370.690665205806));
#2980=CARTESIAN_POINT('Ctrl Pts',(22.8804204928099,16.9492117439739,371.847403138931));
#2981=CARTESIAN_POINT('Ctrl Pts',(22.4997995086185,16.9491279835808,373.863686938727));
#2982=CARTESIAN_POINT('Ctrl Pts',(21.9348393340569,17.0187907726191,375.972839021593));
#2983=CARTESIAN_POINT('Ctrl Pts',(21.5705731888103,17.0977448214691,377.086714396681));
#2984=CARTESIAN_POINT('Ctrl Pts',(21.2824725247607,17.1682516905057,377.916425374366));
#2985=CARTESIAN_POINT('Ctrl Pts',(20.9013308658861,17.2845947613383,378.870189528672));
#2986=CARTESIAN_POINT('Ctrl Pts',(20.4410642045862,17.4805518858296,379.769038103821));
#2987=CARTESIAN_POINT('Ctrl Pts',(20.1451363207597,17.6287046442019,380.258901148285));
#2988=CARTESIAN_POINT('Ctrl Pts',(19.823957352334,17.8076988658746,380.722827465924));
#2989=CARTESIAN_POINT('Ctrl Pts',(19.4547497007525,18.0468831831234,381.136986505754));
#2990=CARTESIAN_POINT('Ctrl Pts',(19.031225151142,18.384677592276,381.406125341564));
#2991=CARTESIAN_POINT('Ctrl Pts',(18.5823178811709,18.7990791325087,381.513646167622));
#2992=CARTESIAN_POINT('Ctrl Pts',(18.1040702759756,19.3637799127876,381.24447970707));
#2993=CARTESIAN_POINT('Ctrl Pts',(17.7526377018795,19.9109157175015,380.621431212621));
#2994=CARTESIAN_POINT('Ctrl Pts',(17.5093547013207,20.3730576615018,379.902340181894));
#2995=CARTESIAN_POINT('Ctrl Pts',(17.3414580039227,20.7689128073745,379.127331115617));
#2996=CARTESIAN_POINT('Ctrl Pts',(17.2192399846779,21.1170606236986,378.328748346232));
#2997=CARTESIAN_POINT('Ctrl Pts',(17.1016292336422,21.5304450028644,377.239283310494));
#2998=CARTESIAN_POINT('Ctrl Pts',(17.0135139867927,21.9731797931596,375.840275815105));
#2999=CARTESIAN_POINT('Ctrl Pts',(16.9486174757237,22.5551022333381,373.574018578753));
#3000=CARTESIAN_POINT('Ctrl Pts',(16.9492117439739,22.8804204928099,371.847403138931));
#3001=CARTESIAN_POINT('Ctrl Pts',(16.9560171853412,23.0594131778495,370.690665205806));
#3002=CARTESIAN_POINT('',(17.5724755474832,21.780572322763,370.49999999999));
#3003=CARTESIAN_POINT('Origin',(16.0746200679683,21.860753133978,370.49999999998));
#3004=CARTESIAN_POINT('',(21.780572322763,17.5724755474832,370.49999999999));
#3005=CARTESIAN_POINT('Origin',(21.860753133978,16.0746200679683,370.49999999998));
#3006=CARTESIAN_POINT('Ctrl Pts',(21.780572322763,17.5724755474832,370.49999999998));
#3007=CARTESIAN_POINT('Ctrl Pts',(21.6543551977713,17.5657190936,371.633998185194));
#3008=CARTESIAN_POINT('Ctrl Pts',(21.3861708879945,17.5613542575518,373.610644843322));
#3009=CARTESIAN_POINT('Ctrl Pts',(20.9892102779688,17.6033863707822,375.678334132155));
#3010=CARTESIAN_POINT('Ctrl Pts',(20.7338448465136,17.6541679376898,376.770312373493));
#3011=CARTESIAN_POINT('Ctrl Pts',(20.5320145122584,17.6999441447658,377.583712466982));
#3012=CARTESIAN_POINT('Ctrl Pts',(20.2654055971503,17.7765562631934,378.518727036083));
#3013=CARTESIAN_POINT('Ctrl Pts',(19.9444427196469,17.9077526487714,379.399905584665));
#3014=CARTESIAN_POINT('Ctrl Pts',(19.7384790107293,18.0075838334141,379.880138650009));
#3015=CARTESIAN_POINT('Ctrl Pts',(19.5152648938701,18.1286590218497,380.334944866015));
#3016=CARTESIAN_POINT('Ctrl Pts',(19.2592697458345,18.2912191467851,380.7409621549));
#3017=CARTESIAN_POINT('Ctrl Pts',(18.9666959107731,18.5221728087201,381.004810121357));
#3018=CARTESIAN_POINT('Ctrl Pts',(18.6575192379018,18.8065448466306,381.110217247838));
#3019=CARTESIAN_POINT('Ctrl Pts',(18.3300501815623,19.1961619982437,380.8463421997));
#3020=CARTESIAN_POINT('Ctrl Pts',(18.0912641465431,19.575581738218,380.235541912295));
#3021=CARTESIAN_POINT('Ctrl Pts',(17.9270314779159,19.8970165548955,379.530587142078));
#3022=CARTESIAN_POINT('Ctrl Pts',(17.8146428156815,20.1730733755388,378.770813601751));
#3023=CARTESIAN_POINT('Ctrl Pts',(17.7335408257864,20.4163175914948,377.987929782269));
#3024=CARTESIAN_POINT('Ctrl Pts',(17.6564124394493,20.7056293684855,376.919882009302));
#3025=CARTESIAN_POINT('Ctrl Pts',(17.6001534268409,21.0161419584381,375.548376921209));
#3026=CARTESIAN_POINT('Ctrl Pts',(17.5616245802756,21.4251274075757,373.326670932623));
#3027=CARTESIAN_POINT('Ctrl Pts',(17.5657190936,21.6543551977713,371.633998185194));
#3028=CARTESIAN_POINT('Ctrl Pts',(17.5724755474832,21.780572322763,370.49999999998));
#3029=CARTESIAN_POINT('Ctrl Pts',(17.5724755474832,21.7805723227627,370.499999999988));
#3030=CARTESIAN_POINT('Ctrl Pts',(17.576166838208,21.8495292209587,370.086971010361));
#3031=CARTESIAN_POINT('Ctrl Pts',(17.7514231187136,21.8382613846925,369.243684235969));
#3032=CARTESIAN_POINT('Ctrl Pts',(18.4639006912074,21.3712269410489,368.245726354697));
#3033=CARTESIAN_POINT('Ctrl Pts',(19.4005679629133,20.4767662783014,367.777683855133));
#3034=CARTESIAN_POINT('Ctrl Pts',(20.4780573774099,19.4022843399551,367.77677377708));
#3035=CARTESIAN_POINT('Ctrl Pts',(21.3744067900903,18.4669390424536,368.243033395055));
#3036=CARTESIAN_POINT('Ctrl Pts',(21.8402893067611,17.7534084460829,369.242050472887));
#3037=CARTESIAN_POINT('Ctrl Pts',(21.8495292209588,17.576166838208,370.08697101036));
#3038=CARTESIAN_POINT('Ctrl Pts',(21.7805723227627,17.5724755474832,370.499999999988));
#3039=CARTESIAN_POINT('Ctrl Pts',(17.5856259828406,22.026235235869,370.537704302624));
#3040=CARTESIAN_POINT('Ctrl Pts',(17.5885363128356,22.0983621630391,370.100027721629));
#3041=CARTESIAN_POINT('Ctrl Pts',(17.7748207550781,22.0860341353381,369.206803996456));
#3042=CARTESIAN_POINT('Ctrl Pts',(18.5371087528632,21.5908026611316,368.147384037832));
#3043=CARTESIAN_POINT('Ctrl Pts',(19.5475405457387,20.6645205139686,367.663143016033));
#3044=CARTESIAN_POINT('Ctrl Pts',(20.6656141157866,19.5485944544765,367.661728367979));
#3045=CARTESIAN_POINT('Ctrl Pts',(21.5932224671812,18.5395128012651,368.143701715127));
#3046=CARTESIAN_POINT('Ctrl Pts',(22.087629700937,17.7762758315213,369.204527357645));
#3047=CARTESIAN_POINT('Ctrl Pts',(22.0983621630395,17.5885363128356,370.100027721627));
#3048=CARTESIAN_POINT('Ctrl Pts',(22.026235235869,17.5856259828406,370.537704302624));
#3049=CARTESIAN_POINT('Ctrl Pts',(17.4854598611022,22.5239845249152,370.613059899509));
#3050=CARTESIAN_POINT('Ctrl Pts',(17.4876188790747,22.6046255468071,370.108486030626));
#3051=CARTESIAN_POINT('Ctrl Pts',(17.7049859874286,22.5898896132004,369.079056490631));
#3052=CARTESIAN_POINT('Ctrl Pts',(18.5956764356722,22.0237838283743,367.856929891022));
#3053=CARTESIAN_POINT('Ctrl Pts',(19.7842659373949,21.0106239793135,367.305033110746));
#3054=CARTESIAN_POINT('Ctrl Pts',(21.0112639146933,19.7839920284895,367.303174888452));
#3055=CARTESIAN_POINT('Ctrl Pts',(22.0247073663635,18.5967499076485,367.852243909737));
#3056=CARTESIAN_POINT('Ctrl Pts',(22.5905568736946,17.7054109909395,369.076139185227));
#3057=CARTESIAN_POINT('Ctrl Pts',(22.6046255468079,17.4876188790747,370.108486030621));
#3058=CARTESIAN_POINT('Ctrl Pts',(22.5239845249153,17.4854598611022,370.613059899509));
#3059=CARTESIAN_POINT('Ctrl Pts',(17.1573948749711,22.9145992678848,370.670152457008));
#3060=CARTESIAN_POINT('Ctrl Pts',(17.1604167201963,23.0065700034089,370.080304072078));
#3061=CARTESIAN_POINT('Ctrl Pts',(17.4186716683321,22.9896454978536,368.876279338703));
#3062=CARTESIAN_POINT('Ctrl Pts',(18.465793374739,22.3408300591183,367.450169691354));
#3063=CARTESIAN_POINT('Ctrl Pts',(19.8452607826717,21.2045926148483,366.78888780147));
#3064=CARTESIAN_POINT('Ctrl Pts',(21.2052882028049,19.8441409781264,366.787321940644));
#3065=CARTESIAN_POINT('Ctrl Pts',(22.3411491583425,18.4664572151677,367.445832660418));
#3066=CARTESIAN_POINT('Ctrl Pts',(22.9900075457802,17.4186544688759,368.873621548465));
#3067=CARTESIAN_POINT('Ctrl Pts',(23.0065700034099,17.1604167201964,370.080304072071));
#3068=CARTESIAN_POINT('Ctrl Pts',(22.9145992678849,17.1573948749711,370.670152457008));
#3069=CARTESIAN_POINT('Ctrl Pts',(16.9560171853412,23.0594131778491,370.690665205808));
#3070=CARTESIAN_POINT('Ctrl Pts',(16.9597352396694,23.1572032389122,370.058698189439));
#3071=CARTESIAN_POINT('Ctrl Pts',(17.2380438284458,23.1396722622211,368.7684027377));
#3072=CARTESIAN_POINT('Ctrl Pts',(18.3615520053615,22.4513528410948,367.241448261078));
#3073=CARTESIAN_POINT('Ctrl Pts',(19.8277498099399,21.249983488116,366.525306224051));
#3074=CARTESIAN_POINT('Ctrl Pts',(21.2509109808108,19.8264047493736,366.523913732663));
#3075=CARTESIAN_POINT('Ctrl Pts',(22.451720985951,18.3623630655555,367.237327819863));
#3076=CARTESIAN_POINT('Ctrl Pts',(23.1401177255885,17.2380417255008,368.765902950986));
#3077=CARTESIAN_POINT('Ctrl Pts',(23.1572032389133,16.9597352396694,370.058698189432));
#3078=CARTESIAN_POINT('Ctrl Pts',(23.0594131778492,16.9560171853412,370.690665205808));
#3079=CARTESIAN_POINT('Ctrl Pts',(17.5724755474832,21.7805723227627,370.499999999988));
#3080=CARTESIAN_POINT('Ctrl Pts',(17.576166838208,21.8495292209587,370.086971010361));
#3081=CARTESIAN_POINT('Ctrl Pts',(17.7514231187136,21.8382613846925,369.243684235969));
#3082=CARTESIAN_POINT('Ctrl Pts',(18.4639006912074,21.3712269410489,368.245726354697));
#3083=CARTESIAN_POINT('Ctrl Pts',(19.4005679629133,20.4767662783014,367.777683855133));
#3084=CARTESIAN_POINT('Ctrl Pts',(20.4780573774099,19.4022843399551,367.77677377708));
#3085=CARTESIAN_POINT('Ctrl Pts',(21.3744067900903,18.4669390424536,368.243033395055));
#3086=CARTESIAN_POINT('Ctrl Pts',(21.8402893067611,17.7534084460829,369.242050472887));
#3087=CARTESIAN_POINT('Ctrl Pts',(21.8495292209588,17.576166838208,370.08697101036));
#3088=CARTESIAN_POINT('Ctrl Pts',(21.7805723227627,17.5724755474832,370.499999999988));
#3089=CARTESIAN_POINT('Origin',(21.5667568261897,21.5667568261897,378.5));
#3090=CARTESIAN_POINT('Origin',(21.5667568261897,21.5667568261897,370.5));
#3091=CARTESIAN_POINT('Ctrl Pts',(-27.8268070094086,-2.97557376568842,370.499999999997));
#3092=CARTESIAN_POINT('Ctrl Pts',(-27.8781770364354,-3.02172351931117,370.086971010369));
#3093=CARTESIAN_POINT('Ctrl Pts',(-27.994116749918,-2.8898311178109,369.243689365965));
#3094=CARTESIAN_POINT('Ctrl Pts',(-28.1676686314701,-2.05579094408677,368.245731079535));
#3095=CARTESIAN_POINT('Ctrl Pts',(-28.1975154602499,-0.760988416522665,
367.77768537155));
#3096=CARTESIAN_POINT('Ctrl Pts',(-28.1996480401155,0.760684898211035,367.776770902723));
#3097=CARTESIAN_POINT('Ctrl Pts',(-28.1720782793537,2.05588922814303,368.24303092008));
#3098=CARTESIAN_POINT('Ctrl Pts',(-27.9969700083238,2.88986005859926,369.242046574616));
#3099=CARTESIAN_POINT('Ctrl Pts',(-27.8781770364354,3.02172351931118,370.086971010368));
#3100=CARTESIAN_POINT('Ctrl Pts',(-27.8268070094086,2.97557376568843,370.499999999997));
#3101=CARTESIAN_POINT('Ctrl Pts',(-28.0098156831688,-3.13998491541507,370.537704302633));
#3102=CARTESIAN_POINT('Ctrl Pts',(-28.0628750365519,-3.18892844064996,370.100027721638));
#3103=CARTESIAN_POINT('Ctrl Pts',(-28.1858669215647,-3.04848771663663,369.206816256245));
#3104=CARTESIAN_POINT('Ctrl Pts',(-28.3747023019831,-2.15928804801179,368.147397178137));
#3105=CARTESIAN_POINT('Ctrl Pts',(-28.4342067250612,-0.789824548419605,
367.663153690058));
#3106=CARTESIAN_POINT('Ctrl Pts',(-28.435729706099,0.78985178707308,367.66173400177));
#3107=CARTESIAN_POINT('Ctrl Pts',(-28.3781230295177,2.15929849465574,368.14370480539));
#3108=CARTESIAN_POINT('Ctrl Pts',(-28.1880359063362,3.04858671869034,369.204527060933));
#3109=CARTESIAN_POINT('Ctrl Pts',(-28.0628750365518,3.18892844064989,370.100027721639));
#3110=CARTESIAN_POINT('Ctrl Pts',(-28.0098156831688,3.13998491541508,370.537704302633));
#3111=CARTESIAN_POINT('Ctrl Pts',(-28.2909497005286,-3.56277486191531,370.613059919846));
#3112=CARTESIAN_POINT('Ctrl Pts',(-28.349498170199,-3.6182700190898,370.108486050963));
#3113=CARTESIAN_POINT('Ctrl Pts',(-28.492775577459,-3.45414776004808,369.079068192463));
#3114=CARTESIAN_POINT('Ctrl Pts',(-28.7222908553236,-2.4240380865592,367.856941878823));
#3115=CARTESIAN_POINT('Ctrl Pts',(-28.8463391559549,-0.867165136654154,
367.305040293053));
#3116=CARTESIAN_POINT('Ctrl Pts',(-28.846599561139,0.867814556392147,367.303174642753));
#3117=CARTESIAN_POINT('Ctrl Pts',(-28.7237065952281,2.42393339424547,367.852242965667));
#3118=CARTESIAN_POINT('Ctrl Pts',(-28.4935524017709,3.45432039728825,369.076134869073));
#3119=CARTESIAN_POINT('Ctrl Pts',(-28.3494981701987,3.61827001908953,370.108486050966));
#3120=CARTESIAN_POINT('Ctrl Pts',(-28.2909497005286,3.56277486191533,370.613059919846));
#3121=CARTESIAN_POINT('Ctrl Pts',(-28.3351787940797,-4.07095826690494,370.67015245702));
#3122=CARTESIAN_POINT('Ctrl Pts',(-28.4023486920896,-4.13385463041646,370.080304072091));
#3123=CARTESIAN_POINT('Ctrl Pts',(-28.5729943843573,-3.9392719706393,368.876289257267));
#3124=CARTESIAN_POINT('Ctrl Pts',(-28.8546393829137,-2.74006419524285,367.450179477878));
#3125=CARTESIAN_POINT('Ctrl Pts',(-29.0266297645435,-0.961190201549907,
366.788892993693));
#3126=CARTESIAN_POINT('Ctrl Pts',(-29.0263304618846,0.962481182828359,366.787320308322));
#3127=CARTESIAN_POINT('Ctrl Pts',(-28.8553358227391,2.7398239050019,367.445830719602));
#3128=CARTESIAN_POINT('Ctrl Pts',(-28.5732399587814,3.9395431810379,368.873616812545));
#3129=CARTESIAN_POINT('Ctrl Pts',(-28.4023486920891,4.13385463041605,370.080304072095));
#3130=CARTESIAN_POINT('Ctrl Pts',(-28.3351787940796,4.07095826690496,370.67015245702));
#3131=CARTESIAN_POINT('Ctrl Pts',(-28.2951821619084,-4.31575269456775,370.690665205821));
#3132=CARTESIAN_POINT('Ctrl Pts',(-28.3669592386468,-4.38227164845218,370.058698189453));
#3133=CARTESIAN_POINT('Ctrl Pts',(-28.5513557200093,-4.17307973401757,368.768410587001));
#3134=CARTESIAN_POINT('Ctrl Pts',(-28.8590804101793,-2.89192505760995,367.241455490455));
#3135=CARTESIAN_POINT('Ctrl Pts',(-29.0463431322695,-1.00566771268946,366.525308544294));
#3136=CARTESIAN_POINT('Ctrl Pts',(-29.0460485515963,1.00728401158273,366.523909334673));
#3137=CARTESIAN_POINT('Ctrl Pts',(-28.8599159292187,2.89161643436408,367.237324032962));
#3138=CARTESIAN_POINT('Ctrl Pts',(-28.5516713573522,4.17340011325901,368.765896986326));
#3139=CARTESIAN_POINT('Ctrl Pts',(-28.3669592386463,4.38227164845172,370.058698189457));
#3140=CARTESIAN_POINT('Ctrl Pts',(-28.2951821619084,4.31575269456777,370.690665205821));
#3141=CARTESIAN_POINT('',(-27.8268070094086,2.97557376568843,370.499999999998));
#3142=CARTESIAN_POINT('Origin',(-26.8243596379369,4.09141392782159,370.499999999995));
#3143=CARTESIAN_POINT('',(-27.8268070094086,-2.97557376568842,370.499999999998));
#3144=CARTESIAN_POINT('Origin',(-26.8243596379369,-4.09141392782157,370.499999999995));
#3145=CARTESIAN_POINT('Ctrl Pts',(-27.8268070094086,-2.97557376568842,370.499999999997));
#3146=CARTESIAN_POINT('Ctrl Pts',(-27.8781770364354,-3.02172351931117,370.086971010369));
#3147=CARTESIAN_POINT('Ctrl Pts',(-27.994116749918,-2.8898311178109,369.243689365965));
#3148=CARTESIAN_POINT('Ctrl Pts',(-28.1676686314701,-2.05579094408677,368.245731079535));
#3149=CARTESIAN_POINT('Ctrl Pts',(-28.1975154602499,-0.760988416522665,
367.77768537155));
#3150=CARTESIAN_POINT('Ctrl Pts',(-28.1996480401155,0.760684898211035,367.776770902723));
#3151=CARTESIAN_POINT('Ctrl Pts',(-28.1720782793537,2.05588922814303,368.24303092008));
#3152=CARTESIAN_POINT('Ctrl Pts',(-27.9969700083238,2.88986005859926,369.242046574616));
#3153=CARTESIAN_POINT('Ctrl Pts',(-27.8781770364354,3.02172351931118,370.086971010368));
#3154=CARTESIAN_POINT('Ctrl Pts',(-27.8268070094086,2.97557376568843,370.499999999997));
#3155=CARTESIAN_POINT('Ctrl Pts',(-27.8268070094085,2.97557376568831,370.499999999997));
#3156=CARTESIAN_POINT('Ctrl Pts',(-27.7327971300051,2.89111726403292,371.633797500771));
#3157=CARTESIAN_POINT('Ctrl Pts',(-27.5539105586212,2.71777282650364,373.468843961293));
#3158=CARTESIAN_POINT('Ctrl Pts',(-27.3222340486198,2.43422182663899,375.405293441511));
#3159=CARTESIAN_POINT('Ctrl Pts',(-27.1980425732383,2.25735173255967,376.365772985835));
#3160=CARTESIAN_POINT('Ctrl Pts',(-27.1437898293988,2.17593246477366,376.7750981348));
#3161=CARTESIAN_POINT('Ctrl Pts',(-27.0701619049962,2.05922871978831,377.317655326802));
#3162=CARTESIAN_POINT('Ctrl Pts',(-26.9760596310599,1.89640935245946,377.987696218856));
#3163=CARTESIAN_POINT('Ctrl Pts',(-26.8615042515152,1.66782287990021,378.769758897495));
#3164=CARTESIAN_POINT('Ctrl Pts',(-26.7655694371069,1.43911640049279,379.399849042424));
#3165=CARTESIAN_POINT('Ctrl Pts',(-26.6998644806599,1.24946209842072,379.820311853155));
#3166=CARTESIAN_POINT('Ctrl Pts',(-26.6632860347312,1.13118041657085,380.051551635719));
#3167=CARTESIAN_POINT('Ctrl Pts',(-26.6099991021952,0.940770208830538,380.385895555491));
#3168=CARTESIAN_POINT('Ctrl Pts',(-26.5354690931514,0.617739499837855,380.84378328109));
#3169=CARTESIAN_POINT('Ctrl Pts',(-26.4818993488992,-0.00139505953408216,
381.165368636728));
#3170=CARTESIAN_POINT('Ctrl Pts',(-26.5351125759637,-0.614411605662854,
380.845962866161));
#3171=CARTESIAN_POINT('Ctrl Pts',(-26.6096860782967,-0.939283365267293,
380.387885309365));
#3172=CARTESIAN_POINT('Ctrl Pts',(-26.6584325656885,-1.11383645191055,380.082052091696));
#3173=CARTESIAN_POINT('Ctrl Pts',(-26.6765613826381,-1.17386887456759,379.967680825382));
#3174=CARTESIAN_POINT('Ctrl Pts',(-26.7040133838231,-1.2614167413046,379.793785083911));
#3175=CARTESIAN_POINT('Ctrl Pts',(-26.7461089785148,-1.38299666440928,379.524463242742));
#3176=CARTESIAN_POINT('Ctrl Pts',(-26.8033052049788,-1.52878957514544,379.15208860971));
#3177=CARTESIAN_POINT('Ctrl Pts',(-26.8801855746108,-1.70495004804284,378.642280594787));
#3178=CARTESIAN_POINT('Ctrl Pts',(-26.9761007064467,-1.89634132919666,377.987490451882));
#3179=CARTESIAN_POINT('Ctrl Pts',(-27.1262422294051,-2.15587254703468,376.918455740155));
#3180=CARTESIAN_POINT('Ctrl Pts',(-27.3056850291969,-2.41467278285966,375.54974970664));
#3181=CARTESIAN_POINT('Ctrl Pts',(-27.5679326831871,-2.73161934050828,373.325538204188));
#3182=CARTESIAN_POINT('Ctrl Pts',(-27.7327971300051,-2.89111726403293,371.633797500771));
#3183=CARTESIAN_POINT('Ctrl Pts',(-27.8268070094085,-2.97557376568832,370.499999999997));
#3184=CARTESIAN_POINT('Ctrl Pts',(-28.1928243569289,3.30439606514159,370.575408605269));
#3185=CARTESIAN_POINT('Ctrl Pts',(-28.0744040000403,3.21969037483579,371.717293807406));
#3186=CARTESIAN_POINT('Ctrl Pts',(-27.8500872921957,3.04200984763377,373.564757753168));
#3187=CARTESIAN_POINT('Ctrl Pts',(-27.5563421421631,2.74055571000773,375.512798585476));
#3188=CARTESIAN_POINT('Ctrl Pts',(-27.3976972196762,2.54938108468671,376.478653317273));
#3189=CARTESIAN_POINT('Ctrl Pts',(-27.3283721157271,2.46086050537335,376.890224381858));
#3190=CARTESIAN_POINT('Ctrl Pts',(-27.2341263367994,2.33333910889287,377.435691546164));
#3191=CARTESIAN_POINT('Ctrl Pts',(-27.1135543571467,2.15401912912025,378.10921482743));
#3192=CARTESIAN_POINT('Ctrl Pts',(-26.966261485599,1.89984568756376,378.895152075878));
#3193=CARTESIAN_POINT('Ctrl Pts',(-26.8426967419233,1.64305882498111,379.528231432635));
#3194=CARTESIAN_POINT('Ctrl Pts',(-26.7578384034679,1.42867236424639,379.950617869779));
#3195=CARTESIAN_POINT('Ctrl Pts',(-26.710552428636,1.29454231261684,380.182898118525));
#3196=CARTESIAN_POINT('Ctrl Pts',(-26.6416231941376,1.07813942731246,380.518730458026));
#3197=CARTESIAN_POINT('Ctrl Pts',(-26.5450879861034,0.709548491420296,380.978598289141));
#3198=CARTESIAN_POINT('Ctrl Pts',(-26.4755493371296,-0.00164815978917903,
381.301524625947));
#3199=CARTESIAN_POINT('Ctrl Pts',(-26.5446486717295,-0.705693204363703,
380.980789313105));
#3200=CARTESIAN_POINT('Ctrl Pts',(-26.6412560891379,-1.07642731510924,380.520732794978));
#3201=CARTESIAN_POINT('Ctrl Pts',(-26.7043136535013,-1.27481536693227,380.213538367949));
#3202=CARTESIAN_POINT('Ctrl Pts',(-26.7277553124779,-1.34292861668441,380.098654135916));
#3203=CARTESIAN_POINT('Ctrl Pts',(-26.7632414110551,-1.44216458756807,379.923974070335));
#3204=CARTESIAN_POINT('Ctrl Pts',(-26.8175961419079,-1.57961366278752,379.653419527014));
#3205=CARTESIAN_POINT('Ctrl Pts',(-26.8913755537778,-1.74369364980395,379.279302800932));
#3206=CARTESIAN_POINT('Ctrl Pts',(-26.9904070560906,-1.94104356018261,378.767053431341));
#3207=CARTESIAN_POINT('Ctrl Pts',(-27.1136230570641,-2.15392481611797,378.109011587233));
#3208=CARTESIAN_POINT('Ctrl Pts',(-27.3061186783389,-2.43966540966209,377.034430264289));
#3209=CARTESIAN_POINT('Ctrl Pts',(-27.5347702100584,-2.72022528802381,375.658105910492));
#3210=CARTESIAN_POINT('Ctrl Pts',(-27.8683212969676,-3.05588187196901,373.420524379629));
#3211=CARTESIAN_POINT('Ctrl Pts',(-28.0744040000403,-3.2196903748358,371.717293807406));
#3212=CARTESIAN_POINT('Ctrl Pts',(-28.1928243569289,-3.30439606514159,370.575408605269));
#3213=CARTESIAN_POINT('Ctrl Pts',(-28.3751754262508,3.826163839242,370.64963970822));
#3214=CARTESIAN_POINT('Ctrl Pts',(-28.2403722429025,3.72170730396779,371.799645644888));
#3215=CARTESIAN_POINT('Ctrl Pts',(-27.9857687979739,3.50531024198375,373.659650641462));
#3216=CARTESIAN_POINT('Ctrl Pts',(-27.6552622683042,3.14643481889072,375.619567260998));
#3217=CARTESIAN_POINT('Ctrl Pts',(-27.4775635335903,2.92123774716212,376.590966884466));
#3218=CARTESIAN_POINT('Ctrl Pts',(-27.4000161816565,2.81733550852559,377.004853632339));
#3219=CARTESIAN_POINT('Ctrl Pts',(-27.2947423644897,2.66812835326042,377.553324357037));
#3220=CARTESIAN_POINT('Ctrl Pts',(-27.1603402023577,2.45933227373164,378.230436926777));
#3221=CARTESIAN_POINT('Ctrl Pts',(-26.9966305196397,2.16517277299769,379.020368581647));
#3222=CARTESIAN_POINT('Ctrl Pts',(-26.8596815703291,1.86979307019151,379.656514558427));
#3223=CARTESIAN_POINT('Ctrl Pts',(-26.7658331808483,1.62425989936374,380.080870808054));
#3224=CARTESIAN_POINT('Ctrl Pts',(-26.7135910344284,1.47095392108013,380.314214331075));
#3225=CARTESIAN_POINT('Ctrl Pts',(-26.6374856111551,1.22396475386898,380.651565774364));
#3226=CARTESIAN_POINT('Ctrl Pts',(-26.5310927750341,0.804337751715579,381.11344324577));
#3227=CARTESIAN_POINT('Ctrl Pts',(-26.4546181745739,-0.00183729505254488,
381.437721986247));
#3228=CARTESIAN_POINT('Ctrl Pts',(-26.5306074721226,-0.799986080361542,
381.115644484986));
#3229=CARTESIAN_POINT('Ctrl Pts',(-26.6370772762463,-1.22202341174643,380.653578608934));
#3230=CARTESIAN_POINT('Ctrl Pts',(-26.7066992353834,-1.44844655338903,380.344994827099));
#3231=CARTESIAN_POINT('Ctrl Pts',(-26.7325932237381,-1.52627002838626,380.229586459559));
#3232=CARTESIAN_POINT('Ctrl Pts',(-26.7718051395609,-1.63972356496128,380.054104387342));
#3233=CARTESIAN_POINT('Ctrl Pts',(-26.8319179031435,-1.79713345806041,379.782288196482));
#3234=CARTESIAN_POINT('Ctrl Pts',(-26.9136264845795,-1.98557948021667,379.406383056254));
#3235=CARTESIAN_POINT('Ctrl Pts',(-27.02345759857,-2.21289859563666,378.891623097859));
#3236=CARTESIAN_POINT('Ctrl Pts',(-27.1604125687669,-2.45923441411095,378.230234272912));
#3237=CARTESIAN_POINT('Ctrl Pts',(-27.3749805260169,-2.79199751760212,377.149929774646));
#3238=CARTESIAN_POINT('Ctrl Pts',(-27.630988360994,-3.12196093744115,375.765770239687));
#3239=CARTESIAN_POINT('Ctrl Pts',(-28.0064146480471,-3.52238345037659,373.514453314268));
#3240=CARTESIAN_POINT('Ctrl Pts',(-28.2403722429026,-3.7217073039678,371.799645644887));
#3241=CARTESIAN_POINT('Ctrl Pts',(-28.3751754262508,-3.826163839242,370.64963970822));
#3242=CARTESIAN_POINT('Ctrl Pts',(-28.2951821619083,4.31575269456761,370.690665205823));
#3243=CARTESIAN_POINT('Ctrl Pts',(-28.1638262970464,4.1940194739578,371.84719843024));
#3244=CARTESIAN_POINT('Ctrl Pts',(-27.913951950531,3.94398261349649,373.719042563337));
#3245=CARTESIAN_POINT('Ctrl Pts',(-27.5906326084203,3.53410643394872,375.694323122474));
#3246=CARTESIAN_POINT('Ctrl Pts',(-27.4174058905376,3.27813485054926,376.674062894017));
#3247=CARTESIAN_POINT('Ctrl Pts',(-27.3417453593154,3.16025909698212,377.091596125519));
#3248=CARTESIAN_POINT('Ctrl Pts',(-27.2390827171495,2.99123824317073,377.645033064891));
#3249=CARTESIAN_POINT('Ctrl Pts',(-27.1079083900241,2.75530064397636,378.328510099239));
#3250=CARTESIAN_POINT('Ctrl Pts',(-26.9482867169248,2.42380759416427,379.126255261672));
#3251=CARTESIAN_POINT('Ctrl Pts',(-26.8146671497857,2.09188236621359,379.768980427755));
#3252=CARTESIAN_POINT('Ctrl Pts',(-26.7231818160455,1.81646278218067,380.197874661434));
#3253=CARTESIAN_POINT('Ctrl Pts',(-26.6722594568011,1.6446418349771,380.433751430575));
#3254=CARTESIAN_POINT('Ctrl Pts',(-26.5980840287054,1.36798625200024,380.774799855302));
#3255=CARTESIAN_POINT('Ctrl Pts',(-26.4943691558232,0.898470642895224,381.241869475182));
#3256=CARTESIAN_POINT('Ctrl Pts',(-26.4198494870926,-0.00203372057596644,
381.569903491863));
#3257=CARTESIAN_POINT('Ctrl Pts',(-26.493873116084,-0.893629362444742,381.244092766862));
#3258=CARTESIAN_POINT('Ctrl Pts',(-26.5976482778902,-1.36582540839833,380.776829509153));
#3259=CARTESIAN_POINT('Ctrl Pts',(-26.6655033494859,-1.619442258983,380.464863503651));
#3260=CARTESIAN_POINT('Ctrl Pts',(-26.6907405184235,-1.70665252505377,380.348198782375));
#3261=CARTESIAN_POINT('Ctrl Pts',(-26.728958608193,-1.83382363464144,380.170815958318));
#3262=CARTESIAN_POINT('Ctrl Pts',(-26.7875709116387,-2.01038473189534,379.89609348172));
#3263=CARTESIAN_POINT('Ctrl Pts',(-26.8672259796308,-2.22202559529025,379.516251724495));
#3264=CARTESIAN_POINT('Ctrl Pts',(-26.974317260619,-2.47764815901885,378.996220672274));
#3265=CARTESIAN_POINT('Ctrl Pts',(-27.1079654929935,-2.75520151645204,378.328300206077));
#3266=CARTESIAN_POINT('Ctrl Pts',(-27.3172561154037,-3.13127973188016,377.237828440772));
#3267=CARTESIAN_POINT('Ctrl Pts',(-27.5675333447304,-3.50585636139798,375.841676128617));
#3268=CARTESIAN_POINT('Ctrl Pts',(-27.9335377921871,-3.96395972412475,373.572863136032));
#3269=CARTESIAN_POINT('Ctrl Pts',(-28.1638262970464,-4.19401947395781,371.84719843024));
#3270=CARTESIAN_POINT('Ctrl Pts',(-28.2951821619083,-4.31575269456762,370.690665205823));
#3271=CARTESIAN_POINT('Ctrl Pts',(-27.8268070094085,2.97557376568831,370.499999999997));
#3272=CARTESIAN_POINT('Ctrl Pts',(-27.7327971300051,2.89111726403292,371.633797500771));
#3273=CARTESIAN_POINT('Ctrl Pts',(-27.5539105586212,2.71777282650364,373.468843961293));
#3274=CARTESIAN_POINT('Ctrl Pts',(-27.3222340486198,2.43422182663899,375.405293441511));
#3275=CARTESIAN_POINT('Ctrl Pts',(-27.1980425732383,2.25735173255967,376.365772985835));
#3276=CARTESIAN_POINT('Ctrl Pts',(-27.1437898293988,2.17593246477366,376.7750981348));
#3277=CARTESIAN_POINT('Ctrl Pts',(-27.0701619049962,2.05922871978831,377.317655326802));
#3278=CARTESIAN_POINT('Ctrl Pts',(-26.9760596310599,1.89640935245946,377.987696218856));
#3279=CARTESIAN_POINT('Ctrl Pts',(-26.8615042515152,1.66782287990021,378.769758897495));
#3280=CARTESIAN_POINT('Ctrl Pts',(-26.7655694371069,1.43911640049279,379.399849042424));
#3281=CARTESIAN_POINT('Ctrl Pts',(-26.6998644806599,1.24946209842072,379.820311853155));
#3282=CARTESIAN_POINT('Ctrl Pts',(-26.6632860347312,1.13118041657085,380.051551635719));
#3283=CARTESIAN_POINT('Ctrl Pts',(-26.6099991021952,0.940770208830538,380.385895555491));
#3284=CARTESIAN_POINT('Ctrl Pts',(-26.5354690931514,0.617739499837855,380.84378328109));
#3285=CARTESIAN_POINT('Ctrl Pts',(-26.4818993488992,-0.00139505953408216,
381.165368636728));
#3286=CARTESIAN_POINT('Ctrl Pts',(-26.5351125759637,-0.614411605662854,
380.845962866161));
#3287=CARTESIAN_POINT('Ctrl Pts',(-26.6096860782967,-0.939283365267293,
380.387885309365));
#3288=CARTESIAN_POINT('Ctrl Pts',(-26.6584325656885,-1.11383645191055,380.082052091696));
#3289=CARTESIAN_POINT('Ctrl Pts',(-26.6765613826381,-1.17386887456759,379.967680825382));
#3290=CARTESIAN_POINT('Ctrl Pts',(-26.7040133838231,-1.2614167413046,379.793785083911));
#3291=CARTESIAN_POINT('Ctrl Pts',(-26.7461089785148,-1.38299666440928,379.524463242742));
#3292=CARTESIAN_POINT('Ctrl Pts',(-26.8033052049788,-1.52878957514544,379.15208860971));
#3293=CARTESIAN_POINT('Ctrl Pts',(-26.8801855746108,-1.70495004804284,378.642280594787));
#3294=CARTESIAN_POINT('Ctrl Pts',(-26.9761007064467,-1.89634132919666,377.987490451882));
#3295=CARTESIAN_POINT('Ctrl Pts',(-27.1262422294051,-2.15587254703468,376.918455740155));
#3296=CARTESIAN_POINT('Ctrl Pts',(-27.3056850291969,-2.41467278285966,375.54974970664));
#3297=CARTESIAN_POINT('Ctrl Pts',(-27.5679326831871,-2.73161934050828,373.325538204188));
#3298=CARTESIAN_POINT('Ctrl Pts',(-27.7327971300051,-2.89111726403293,371.633797500771));
#3299=CARTESIAN_POINT('Ctrl Pts',(-27.8268070094085,-2.97557376568832,370.499999999997));
#3300=CARTESIAN_POINT('Ctrl Pts',(-27.8690263649543,3.01296825932411,370.5));
#3301=CARTESIAN_POINT('Ctrl Pts',(-26.4975847623471,1.8154028062868,370.5));
#3302=CARTESIAN_POINT('Ctrl Pts',(-26.5000035296599,-0.0053138749228615,
370.5));
#3303=CARTESIAN_POINT('Ctrl Pts',(-26.5024222969727,-1.82603055613253,370.5));
#3304=CARTESIAN_POINT('Ctrl Pts',(-27.8770409125667,-3.01994795081819,370.5));
#3305=CARTESIAN_POINT('Ctrl Pts',(-27.8690263649543,3.01296825932411,368.611220363661));
#3306=CARTESIAN_POINT('Ctrl Pts',(-26.4975847623471,1.8154028062868,368.611220363661));
#3307=CARTESIAN_POINT('Ctrl Pts',(-26.5000035296599,-0.0053138749228615,
368.611220363661));
#3308=CARTESIAN_POINT('Ctrl Pts',(-26.5024222969727,-1.82603055613253,368.611220363661));
#3309=CARTESIAN_POINT('Ctrl Pts',(-27.8770409125667,-3.01994795081819,368.611220363661));
#3310=CARTESIAN_POINT('Ctrl Pts',(-28.9892941353716,1.73004729453371,367.794763117192));
#3311=CARTESIAN_POINT('Ctrl Pts',(-28.2018119483757,1.04240484571515,367.794763117192));
#3312=CARTESIAN_POINT('Ctrl Pts',(-28.2032008053053,-0.00305122860333237,
367.794763117192));
#3313=CARTESIAN_POINT('Ctrl Pts',(-28.2045896622349,-1.04850730292181,367.794763117192));
#3314=CARTESIAN_POINT('Ctrl Pts',(-28.9938960910579,-1.73405503552091,367.794763117192));
#3315=CARTESIAN_POINT('Origin',(-30.5,3.73517273739943E-15,370.5));
#3316=CARTESIAN_POINT('Ctrl Pts',(-2.97557376568842,27.8268070094086,370.499999999997));
#3317=CARTESIAN_POINT('Ctrl Pts',(-3.02172351931117,27.8781770364354,370.086971010368));
#3318=CARTESIAN_POINT('Ctrl Pts',(-2.89018091239843,27.9940353930174,369.243027991841));
#3319=CARTESIAN_POINT('Ctrl Pts',(-2.05517576697992,28.1685125649341,368.246350005667));
#3320=CARTESIAN_POINT('Ctrl Pts',(-0.760800223160159,28.1977102773357,367.777923717842));
#3321=CARTESIAN_POINT('Ctrl Pts',(0.760919546310646,28.1999556224619,367.777018113432));
#3322=CARTESIAN_POINT('Ctrl Pts',(2.05600202732279,28.1722087166441,368.24316325034));
#3323=CARTESIAN_POINT('Ctrl Pts',(2.88994791117122,27.9970819133274,369.242141639269));
#3324=CARTESIAN_POINT('Ctrl Pts',(3.02172351931119,27.8781770364354,370.086971010368));
#3325=CARTESIAN_POINT('Ctrl Pts',(2.97557376568842,27.8268070094086,370.499999999997));
#3326=CARTESIAN_POINT('Ctrl Pts',(-3.13998491541508,28.0098156831688,370.537704302633));
#3327=CARTESIAN_POINT('Ctrl Pts',(-3.18892844064997,28.0628750365519,370.100027721638));
#3328=CARTESIAN_POINT('Ctrl Pts',(-3.04895212657578,28.1858065394953,369.206159890531));
#3329=CARTESIAN_POINT('Ctrl Pts',(-2.15839044612339,28.3753583109558,368.147839458408));
#3330=CARTESIAN_POINT('Ctrl Pts',(-0.789556542643514,28.4343578151355,367.663352551691));
#3331=CARTESIAN_POINT('Ctrl Pts',(0.790192722620655,28.4359687384802,367.661916987502));
#3332=CARTESIAN_POINT('Ctrl Pts',(2.1594605593564,28.3782242963053,368.143810279385));
#3333=CARTESIAN_POINT('Ctrl Pts',(3.04871403066934,28.188122856022,369.204598811002));
#3334=CARTESIAN_POINT('Ctrl Pts',(3.18892844065002,28.0628750365519,370.100027721637));
#3335=CARTESIAN_POINT('Ctrl Pts',(3.13998491541508,28.0098156831688,370.537704302633));
#3336=CARTESIAN_POINT('Ctrl Pts',(-3.56277486191532,28.2909497005287,370.613059919846));
#3337=CARTESIAN_POINT('Ctrl Pts',(-3.61827001908982,28.3494981701991,370.108486050963));
#3338=CARTESIAN_POINT('Ctrl Pts',(-3.45486085033097,28.4927821218939,369.078338780657));
#3339=CARTESIAN_POINT('Ctrl Pts',(-2.4226805645127,28.7225268326501,367.85735616572));
#3340=CARTESIAN_POINT('Ctrl Pts',(-0.866759084953066,28.8463890291659,367.305245517912));
#3341=CARTESIAN_POINT('Ctrl Pts',(0.868330190995404,28.8466845290486,367.303350507321));
#3342=CARTESIAN_POINT('Ctrl Pts',(2.42417872676799,28.7237412998283,367.852349102676));
#3343=CARTESIAN_POINT('Ctrl Pts',(3.45451296734656,28.4935830640299,369.076204737242));
#3344=CARTESIAN_POINT('Ctrl Pts',(3.61827001908992,28.3494981701992,370.108486050962));
#3345=CARTESIAN_POINT('Ctrl Pts',(3.56277486191532,28.2909497005286,370.613059919846));
#3346=CARTESIAN_POINT('Ctrl Pts',(-4.07095826690496,28.3351787940797,370.67015245702));
#3347=CARTESIAN_POINT('Ctrl Pts',(-4.13385463041649,28.4023486920896,370.080304072091));
#3348=CARTESIAN_POINT('Ctrl Pts',(-3.94018904444472,28.5730488803276,368.875370926816));
#3349=CARTESIAN_POINT('Ctrl Pts',(-2.73825332489512,28.8546948994227,367.450942625215));
#3350=CARTESIAN_POINT('Ctrl Pts',(-0.960653692630161,29.0266331118339,366.789203119355));
#3351=CARTESIAN_POINT('Ctrl Pts',(0.963167858071885,29.0263485414043,366.787628785216));
#3352=CARTESIAN_POINT('Ctrl Pts',(2.7401491907662,28.8553407624494,367.446000116168));
#3353=CARTESIAN_POINT('Ctrl Pts',(3.93979936686184,28.5732460262347,368.87373623059));
#3354=CARTESIAN_POINT('Ctrl Pts',(4.13385463041663,28.4023486920898,370.080304072089));
#3355=CARTESIAN_POINT('Ctrl Pts',(4.07095826690496,28.3351787940797,370.670152457021));
#3356=CARTESIAN_POINT('Ctrl Pts',(-4.31575269456777,28.2951821619084,370.690665205821));
#3357=CARTESIAN_POINT('Ctrl Pts',(-4.38227164845222,28.3669592386468,370.058698189453));
#3358=CARTESIAN_POINT('Ctrl Pts',(-4.17410511362439,28.5514181349131,368.767398632289));
#3359=CARTESIAN_POINT('Ctrl Pts',(-2.88988079212174,28.859151643042,367.24240249638));
#3360=CARTESIAN_POINT('Ctrl Pts',(-1.00506358920606,29.0463486926702,366.525673232968));
#3361=CARTESIAN_POINT('Ctrl Pts',(1.00805883765105,29.0460720551895,366.524287586605));
#3362=CARTESIAN_POINT('Ctrl Pts',(2.89198305376431,28.8599227576329,367.237526508723));
#3363=CARTESIAN_POINT('Ctrl Pts',(4.17368910802424,28.5516793191099,368.766042442762));
#3364=CARTESIAN_POINT('Ctrl Pts',(4.38227164845237,28.366959238647,370.058698189451));
#3365=CARTESIAN_POINT('Ctrl Pts',(4.31575269456777,28.2951821619084,370.690665205822));
#3366=CARTESIAN_POINT('',(2.97557376568842,27.8268070094086,370.499999999998));
#3367=CARTESIAN_POINT('Origin',(4.09141392782158,26.8243596379369,370.499999999995));
#3368=CARTESIAN_POINT('',(-2.97557376568842,27.8268070094086,370.499999999998));
#3369=CARTESIAN_POINT('Origin',(-4.09141392782158,26.8243596379369,370.499999999995));
#3370=CARTESIAN_POINT('Ctrl Pts',(-2.97557376568842,27.8268070094086,370.499999999997));
#3371=CARTESIAN_POINT('Ctrl Pts',(-3.02172351931117,27.8781770364354,370.086971010368));
#3372=CARTESIAN_POINT('Ctrl Pts',(-2.89018091239843,27.9940353930174,369.243027991841));
#3373=CARTESIAN_POINT('Ctrl Pts',(-2.05517576697992,28.1685125649341,368.246350005667));
#3374=CARTESIAN_POINT('Ctrl Pts',(-0.760800223160159,28.1977102773357,367.777923717842));
#3375=CARTESIAN_POINT('Ctrl Pts',(0.760919546310646,28.1999556224619,367.777018113432));
#3376=CARTESIAN_POINT('Ctrl Pts',(2.05600202732279,28.1722087166441,368.24316325034));
#3377=CARTESIAN_POINT('Ctrl Pts',(2.88994791117122,27.9970819133274,369.242141639269));
#3378=CARTESIAN_POINT('Ctrl Pts',(3.02172351931119,27.8781770364354,370.086971010368));
#3379=CARTESIAN_POINT('Ctrl Pts',(2.97557376568842,27.8268070094086,370.499999999997));
#3380=CARTESIAN_POINT('Ctrl Pts',(2.9755737656883,27.8268070094085,370.499999999997));
#3381=CARTESIAN_POINT('Ctrl Pts',(2.9333455148177,27.779802069659,371.06689875096));
#3382=CARTESIAN_POINT('Ctrl Pts',(2.83792646893952,27.6774281765553,372.201722796702));
#3383=CARTESIAN_POINT('Ctrl Pts',(2.5916437645708,27.4440798380379,374.440560366361));
#3384=CARTESIAN_POINT('Ctrl Pts',(2.28768644786972,27.2021849664497,376.377768185578));
#3385=CARTESIAN_POINT('Ctrl Pts',(1.93101302956214,26.9947837956084,377.854291281857));
#3386=CARTESIAN_POINT('Ctrl Pts',(1.78406966734902,26.9187080832579,378.37917327146));
#3387=CARTESIAN_POINT('Ctrl Pts',(1.62447769039021,26.8422162703017,378.896381282279));
#3388=CARTESIAN_POINT('Ctrl Pts',(1.39500507254396,26.7463544097995,379.526061278364));
#3389=CARTESIAN_POINT('Ctrl Pts',(1.11255837038156,26.6528776168822,380.11862758451));
#3390=CARTESIAN_POINT('Ctrl Pts',(0.832824226466042,26.5853730285877,380.53729328932));
#3391=CARTESIAN_POINT('Ctrl Pts',(0.516900334087522,26.5262160413053,380.899285122356));
#3392=CARTESIAN_POINT('Ctrl Pts',(0.0012133347582273,26.4823488589206,381.162798801756));
#3393=CARTESIAN_POINT('Ctrl Pts',(-0.463041532186848,26.5218253685984,380.925746861828));
#3394=CARTESIAN_POINT('Ctrl Pts',(-0.793644508012989,26.5769605335546,380.589087450674));
#3395=CARTESIAN_POINT('Ctrl Pts',(-1.01097702195732,26.6269629929077,380.280382027186));
#3396=CARTESIAN_POINT('Ctrl Pts',(-1.22324917495751,26.6901132716706,379.882816154612));
#3397=CARTESIAN_POINT('Ctrl Pts',(-1.43959889637775,26.7649709060261,379.403905280498));
#3398=CARTESIAN_POINT('Ctrl Pts',(-1.66880569045449,26.861117153746,378.772599998783));
#3399=CARTESIAN_POINT('Ctrl Pts',(-1.89841310296521,26.9761989826722,377.986952206621));
#3400=CARTESIAN_POINT('Ctrl Pts',(-2.15761937500258,27.1263257595678,376.917984152415));
#3401=CARTESIAN_POINT('Ctrl Pts',(-2.36413722120505,27.2698265319175,375.823408941572));
#3402=CARTESIAN_POINT('Ctrl Pts',(-2.51339835723789,27.3872902390147,374.853904413021));
#3403=CARTESIAN_POINT('Ctrl Pts',(-2.58112401110085,27.4438265729581,374.367045678192));
#3404=CARTESIAN_POINT('Ctrl Pts',(-2.61804438468495,27.4754899156581,374.088278913252));
#3405=CARTESIAN_POINT('Ctrl Pts',(-2.7073953010008,27.5535595560823,373.390498967918));
#3406=CARTESIAN_POINT('Ctrl Pts',(-2.83783086505026,27.6778156151888,372.198254109462));
#3407=CARTESIAN_POINT('Ctrl Pts',(-2.93334551481772,27.779802069659,371.06689875096));
#3408=CARTESIAN_POINT('Ctrl Pts',(-2.97557376568832,27.8268070094085,370.499999999997));
#3409=CARTESIAN_POINT('Ctrl Pts',(3.30439606514158,28.1928243569289,370.57540860527));
#3410=CARTESIAN_POINT('Ctrl Pts',(3.26204321994564,28.1336141784244,371.146351206918));
#3411=CARTESIAN_POINT('Ctrl Pts',(3.16522107134797,28.0049474015218,372.289060897915));
#3412=CARTESIAN_POINT('Ctrl Pts',(2.9098897499537,27.7097217882235,374.542425141905));
#3413=CARTESIAN_POINT('Ctrl Pts',(2.58493773623495,27.4031397231639,376.490919033113));
#3414=CARTESIAN_POINT('Ctrl Pts',(2.19219054115025,27.1374905759153,377.975118174379));
#3415=CARTESIAN_POINT('Ctrl Pts',(2.02914518766418,27.0397453036928,378.502631984725));
#3416=CARTESIAN_POINT('Ctrl Pts',(1.85119778175176,26.9413714055082,379.022376886782));
#3417=CARTESIAN_POINT('Ctrl Pts',(1.59358332338762,26.8178242405547,379.655038103778));
#3418=CARTESIAN_POINT('Ctrl Pts',(1.27369324616597,26.6970866176236,380.250286287655));
#3419=CARTESIAN_POINT('Ctrl Pts',(0.954867916737649,26.6096946996798,380.670785729644));
#3420=CARTESIAN_POINT('Ctrl Pts',(0.593667508634445,26.5330167787231,381.034331212957));
#3421=CARTESIAN_POINT('Ctrl Pts',(0.00135643244381108,26.4760819059875,
381.298945111206));
#3422=CARTESIAN_POINT('Ctrl Pts',(-0.531952898108118,26.5272839100099,381.060901220569));
#3423=CARTESIAN_POINT('Ctrl Pts',(-0.910248887209867,26.5987671369779,380.722801951034));
#3424=CARTESIAN_POINT('Ctrl Pts',(-1.15822278292098,26.6634807679516,380.412750011005));
#3425=CARTESIAN_POINT('Ctrl Pts',(-1.39918147487613,26.7451132005452,380.01340338675));
#3426=CARTESIAN_POINT('Ctrl Pts',(-1.64376729195336,26.841779665746,379.532301219377));
#3427=CARTESIAN_POINT('Ctrl Pts',(-1.90116323816669,26.9655290897126,378.897995873102));
#3428=CARTESIAN_POINT('Ctrl Pts',(-2.1564916182724,27.1134623359447,378.10845318448));
#3429=CARTESIAN_POINT('Ctrl Pts',(-2.44198305071135,27.3057116593671,377.033922757403));
#3430=CARTESIAN_POINT('Ctrl Pts',(-2.66580711984424,27.4885970176371,375.933256271078));
#3431=CARTESIAN_POINT('Ctrl Pts',(-2.82506974866102,27.637958855909,374.9580232708));
#3432=CARTESIAN_POINT('Ctrl Pts',(-2.89674493941275,27.7097399740459,374.468202477757));
#3433=CARTESIAN_POINT('Ctrl Pts',(-2.93563669226513,27.7499530847552,374.187718028422));
#3434=CARTESIAN_POINT('Ctrl Pts',(-3.02953472458102,27.8489707404437,373.485593222607));
#3435=CARTESIAN_POINT('Ctrl Pts',(-3.16514747441454,28.0053087789441,372.285562378515));
#3436=CARTESIAN_POINT('Ctrl Pts',(-3.26204321994566,28.1336141784245,371.146351206918));
#3437=CARTESIAN_POINT('Ctrl Pts',(-3.30439606514159,28.1928243569289,370.575408605269));
#3438=CARTESIAN_POINT('Ctrl Pts',(3.82616383924198,28.3751754262508,370.64963970822));
#3439=CARTESIAN_POINT('Ctrl Pts',(3.77393557155181,28.3077738345082,371.224642677138));
#3440=CARTESIAN_POINT('Ctrl Pts',(3.65532791214075,28.16154437453,372.37529329045));
#3441=CARTESIAN_POINT('Ctrl Pts',(3.34671384286776,27.8275733388891,374.64344902821));
#3442=CARTESIAN_POINT('Ctrl Pts',(2.96109585071756,27.483141675236,376.603517885203));
#3443=CARTESIAN_POINT('Ctrl Pts',(2.50372007227796,27.1870213865646,378.09562607483));
#3444=CARTESIAN_POINT('Ctrl Pts',(2.31477259426218,27.0783044764586,378.62585371689));
#3445=CARTESIAN_POINT('Ctrl Pts',(2.10918420622848,26.9690433681555,379.148210152015));
#3446=CARTESIAN_POINT('Ctrl Pts',(1.81284148867299,26.8321173172451,379.783934197997));
#3447=CARTESIAN_POINT('Ctrl Pts',(1.44690268323339,26.69868546179,380.38192131911));
#3448=CARTESIAN_POINT('Ctrl Pts',(1.08367785036073,26.6022916828889,380.804287286296));
#3449=CARTESIAN_POINT('Ctrl Pts',(0.672998479639266,26.5178173570114,381.169409353425));
#3450=CARTESIAN_POINT('Ctrl Pts',(0.0015569832305089,26.4551995025846,381.435132938745));
#3451=CARTESIAN_POINT('Ctrl Pts',(-0.602963223939891,26.5115123673057,381.196090468324));
#3452=CARTESIAN_POINT('Ctrl Pts',(-1.03284333340734,26.5902477956052,380.856530728376));
#3453=CARTESIAN_POINT('Ctrl Pts',(-1.31516146632599,26.6616013196146,380.545111842091));
#3454=CARTESIAN_POINT('Ctrl Pts',(-1.5903950883172,26.7517606715165,380.143948166474));
#3455=CARTESIAN_POINT('Ctrl Pts',(-1.87050009015564,26.8586665035253,379.660602882006));
#3456=CARTESIAN_POINT('Ctrl Pts',(-2.16655699901998,26.9958220955624,379.023223958019));
#3457=CARTESIAN_POINT('Ctrl Pts',(-2.46204288914961,27.1602455113127,378.229667673839));
#3458=CARTESIAN_POINT('Ctrl Pts',(-2.79446257358275,27.3745523858513,377.149408629618));
#3459=CARTESIAN_POINT('Ctrl Pts',(-3.05773950800042,27.5793187505633,376.042476489902));
#3460=CARTESIAN_POINT('Ctrl Pts',(-3.24687421754677,27.7472030577562,375.061361686711));
#3461=CARTESIAN_POINT('Ctrl Pts',(-3.33242207603422,27.8280398050637,374.568506394149));
#3462=CARTESIAN_POINT('Ctrl Pts',(-3.37896997886258,27.8733660530584,374.28626265077));
#3463=CARTESIAN_POINT('Ctrl Pts',(-3.49152462610485,27.9850486901989,373.579694993905));
#3464=CARTESIAN_POINT('Ctrl Pts',(-3.65523660673745,28.1619593268686,372.371770058066));
#3465=CARTESIAN_POINT('Ctrl Pts',(-3.77393557155183,28.3077738345082,371.224642677138));
#3466=CARTESIAN_POINT('Ctrl Pts',(-3.826163839242,28.3751754262508,370.64963970822));
#3467=CARTESIAN_POINT('Ctrl Pts',(4.3157526945676,28.2951821619083,370.690665205823));
#3468=CARTESIAN_POINT('Ctrl Pts',(4.25488608420084,28.2295042294106,371.268931818619));
#3469=CARTESIAN_POINT('Ctrl Pts',(4.11730121294678,28.0864860033459,372.426512173023));
#3470=CARTESIAN_POINT('Ctrl Pts',(3.76175822875967,27.7606397509471,374.710244525243));
#3471=CARTESIAN_POINT('Ctrl Pts',(3.32228813686073,27.4231177326281,376.686298630139));
#3472=CARTESIAN_POINT('Ctrl Pts',(2.80545825732612,27.1340095034859,378.192430030411));
#3473=CARTESIAN_POINT('Ctrl Pts',(2.59239815749017,27.0279951374614,378.727837331504));
#3474=CARTESIAN_POINT('Ctrl Pts',(2.36091113889888,26.9214225852785,379.255416769664));
#3475=CARTESIAN_POINT('Ctrl Pts',(2.02787061529706,26.7879043474812,379.897723562303));
#3476=CARTESIAN_POINT('Ctrl Pts',(1.61763727481625,26.6577656380964,380.502172434574));
#3477=CARTESIAN_POINT('Ctrl Pts',(1.21108911402246,26.5638145529378,380.929233525472));
#3478=CARTESIAN_POINT('Ctrl Pts',(0.751808443600275,26.4814978221596,381.298484279321));
#3479=CARTESIAN_POINT('Ctrl Pts',(0.00176441624730418,26.4204744813245,
381.56728212471));
#3480=CARTESIAN_POINT('Ctrl Pts',(-0.673474196854144,26.4753897054503,381.325476648642));
#3481=CARTESIAN_POINT('Ctrl Pts',(-1.15413872672521,26.5521074737302,380.982066300633));
#3482=CARTESIAN_POINT('Ctrl Pts',(-1.47002415375823,26.6216950395866,380.667170493773));
#3483=CARTESIAN_POINT('Ctrl Pts',(-1.77840569400586,26.7096044251918,380.261632344137));
#3484=CARTESIAN_POINT('Ctrl Pts',(-2.09259467725112,26.8138332576107,379.773118004434));
#3485=CARTESIAN_POINT('Ctrl Pts',(-2.42524530770035,26.9477469822828,379.129153334768));
#3486=CARTESIAN_POINT('Ctrl Pts',(-2.75821886615897,27.1081021755324,378.327751167534));
#3487=CARTESIAN_POINT('Ctrl Pts',(-3.13382374565343,27.3173722774442,377.237347396414));
#3488=CARTESIAN_POINT('Ctrl Pts',(-3.43272451187218,27.5175196909885,376.12082297552));
#3489=CARTESIAN_POINT('Ctrl Pts',(-3.64855104561488,27.6814290682521,375.13187724427));
#3490=CARTESIAN_POINT('Ctrl Pts',(-3.74643259055268,27.7603372842844,374.635255667627));
#3491=CARTESIAN_POINT('Ctrl Pts',(-3.7997800678395,27.8045347039742,374.350898870848));
#3492=CARTESIAN_POINT('Ctrl Pts',(-3.9288652483885,27.9135161047905,373.639126539759));
#3493=CARTESIAN_POINT('Ctrl Pts',(-4.11715680309681,28.0870268562004,372.422973929169));
#3494=CARTESIAN_POINT('Ctrl Pts',(-4.25488608420087,28.2295042294106,371.268931818619));
#3495=CARTESIAN_POINT('Ctrl Pts',(-4.31575269456762,28.2951821619083,370.690665205823));
#3496=CARTESIAN_POINT('Ctrl Pts',(2.9755737656883,27.8268070094085,370.499999999997));
#3497=CARTESIAN_POINT('Ctrl Pts',(2.9333455148177,27.779802069659,371.06689875096));
#3498=CARTESIAN_POINT('Ctrl Pts',(2.83792646893952,27.6774281765553,372.201722796702));
#3499=CARTESIAN_POINT('Ctrl Pts',(2.5916437645708,27.4440798380379,374.440560366361));
#3500=CARTESIAN_POINT('Ctrl Pts',(2.28768644786972,27.2021849664497,376.377768185578));
#3501=CARTESIAN_POINT('Ctrl Pts',(1.93101302956214,26.9947837956084,377.854291281857));
#3502=CARTESIAN_POINT('Ctrl Pts',(1.78406966734902,26.9187080832579,378.37917327146));
#3503=CARTESIAN_POINT('Ctrl Pts',(1.62447769039021,26.8422162703017,378.896381282279));
#3504=CARTESIAN_POINT('Ctrl Pts',(1.39500507254396,26.7463544097995,379.526061278364));
#3505=CARTESIAN_POINT('Ctrl Pts',(1.11255837038156,26.6528776168822,380.11862758451));
#3506=CARTESIAN_POINT('Ctrl Pts',(0.832824226466042,26.5853730285877,380.53729328932));
#3507=CARTESIAN_POINT('Ctrl Pts',(0.516900334087522,26.5262160413053,380.899285122356));
#3508=CARTESIAN_POINT('Ctrl Pts',(0.0012133347582273,26.4823488589206,381.162798801756));
#3509=CARTESIAN_POINT('Ctrl Pts',(-0.463041532186848,26.5218253685984,380.925746861828));
#3510=CARTESIAN_POINT('Ctrl Pts',(-0.793644508012989,26.5769605335546,380.589087450674));
#3511=CARTESIAN_POINT('Ctrl Pts',(-1.01097702195732,26.6269629929077,380.280382027186));
#3512=CARTESIAN_POINT('Ctrl Pts',(-1.22324917495751,26.6901132716706,379.882816154612));
#3513=CARTESIAN_POINT('Ctrl Pts',(-1.43959889637775,26.7649709060261,379.403905280498));
#3514=CARTESIAN_POINT('Ctrl Pts',(-1.66880569045449,26.861117153746,378.772599998783));
#3515=CARTESIAN_POINT('Ctrl Pts',(-1.89841310296521,26.9761989826722,377.986952206621));
#3516=CARTESIAN_POINT('Ctrl Pts',(-2.15761937500258,27.1263257595678,376.917984152415));
#3517=CARTESIAN_POINT('Ctrl Pts',(-2.36413722120505,27.2698265319175,375.823408941572));
#3518=CARTESIAN_POINT('Ctrl Pts',(-2.51339835723789,27.3872902390147,374.853904413021));
#3519=CARTESIAN_POINT('Ctrl Pts',(-2.58112401110085,27.4438265729581,374.367045678192));
#3520=CARTESIAN_POINT('Ctrl Pts',(-2.61804438468495,27.4754899156581,374.088278913252));
#3521=CARTESIAN_POINT('Ctrl Pts',(-2.7073953010008,27.5535595560823,373.390498967918));
#3522=CARTESIAN_POINT('Ctrl Pts',(-2.83783086505026,27.6778156151888,372.198254109462));
#3523=CARTESIAN_POINT('Ctrl Pts',(-2.93334551481772,27.779802069659,371.06689875096));
#3524=CARTESIAN_POINT('Ctrl Pts',(-2.97557376568832,27.8268070094085,370.499999999997));
#3525=CARTESIAN_POINT('Ctrl Pts',(3.01296825932412,27.8690263649543,370.5));
#3526=CARTESIAN_POINT('Ctrl Pts',(1.81540280628681,26.4975847623471,370.5));
#3527=CARTESIAN_POINT('Ctrl Pts',(-0.00531387492286178,26.5000035296599,
370.5));
#3528=CARTESIAN_POINT('Ctrl Pts',(-1.82603055613253,26.5024222969727,370.5));
#3529=CARTESIAN_POINT('Ctrl Pts',(-3.0199479508182,27.8770409125667,370.5));
#3530=CARTESIAN_POINT('Ctrl Pts',(3.01296825932412,27.8690263649543,368.611220363661));
#3531=CARTESIAN_POINT('Ctrl Pts',(1.81540280628681,26.4975847623471,368.611220363661));
#3532=CARTESIAN_POINT('Ctrl Pts',(-0.00531387492286178,26.5000035296599,
368.611220363661));
#3533=CARTESIAN_POINT('Ctrl Pts',(-1.82603055613253,26.5024222969727,368.611220363661));
#3534=CARTESIAN_POINT('Ctrl Pts',(-3.0199479508182,27.8770409125667,368.611220363661));
#3535=CARTESIAN_POINT('Ctrl Pts',(1.73004729453371,28.9892941353716,367.794763117192));
#3536=CARTESIAN_POINT('Ctrl Pts',(1.04240484571515,28.2018119483757,367.794763117192));
#3537=CARTESIAN_POINT('Ctrl Pts',(-0.00305122860333333,28.2032008053053,
367.794763117192));
#3538=CARTESIAN_POINT('Ctrl Pts',(-1.04850730292182,28.2045896622349,367.794763117192));
#3539=CARTESIAN_POINT('Ctrl Pts',(-1.7340550355209,28.9938960910579,367.794763117192));
#3540=CARTESIAN_POINT('Origin',(1.86758636869971E-15,30.5,370.5));
#3541=CARTESIAN_POINT('Origin',(0.,0.,364.485854233516));
#3542=CARTESIAN_POINT('',(30.0806699336958,-3.68381961505086E-15,362.804246138856));
#3543=CARTESIAN_POINT('Origin',(31.1633491179293,-3.81640957479836E-15,
364.485854233516));
#3544=CARTESIAN_POINT('',(-30.0806699336958,-7.40229475520812E-15,362.804246138856));
#3545=CARTESIAN_POINT('Origin',(0.,-1.85983957237802E-15,362.804246138856));
#3546=CARTESIAN_POINT('Origin',(0.,-1.85983957237802E-15,362.804246138856));
#3547=CARTESIAN_POINT('Origin',(0.,-3.4655525106393E-17,351.75001790747));
#3548=CARTESIAN_POINT('',(-34.,-4.75483607275179E-15,360.280841849591));
#3549=CARTESIAN_POINT('',(-47.250003144145,-5.82111203612435E-15,351.75001790747));
#3550=CARTESIAN_POINT('',(-34.,-13.1307436087194,358.705087993395));
#3551=CARTESIAN_POINT('Ctrl Pts',(-34.,-5.31121750329619E-15,360.280841849591));
#3552=CARTESIAN_POINT('Ctrl Pts',(-34.,-6.33728117446669,360.280841849591));
#3553=CARTESIAN_POINT('Ctrl Pts',(-34.,-13.1307436087194,358.705087993395));
#3554=CARTESIAN_POINT('',(-36.6794919243112,-23.1307436087194,354.252114116937));
#3555=CARTESIAN_POINT('Ctrl Pts',(-34.,-13.1307436087194,358.705087993395));
#3556=CARTESIAN_POINT('Ctrl Pts',(-34.,-13.4672986157994,358.627023551976));
#3557=CARTESIAN_POINT('Ctrl Pts',(-34.0085102359925,-13.8030447863982,358.54141757731));
#3558=CARTESIAN_POINT('Ctrl Pts',(-34.1221686583936,-16.0597465509825,357.916375180186));
#3559=CARTESIAN_POINT('Ctrl Pts',(-34.5079021681841,-17.9167626061224,357.148341151879));
#3560=CARTESIAN_POINT('Ctrl Pts',(-35.4623980796848,-20.749985424049,355.723974079263));
#3561=CARTESIAN_POINT('Ctrl Pts',(-36.0111427886142,-21.9731289484974,355.013650740095));
#3562=CARTESIAN_POINT('Ctrl Pts',(-36.6794919243113,-23.1307436087194,354.252114116937));
#3563=CARTESIAN_POINT('',(-48.6474065470694,-43.8597797959829,340.000017732382));
#3564=CARTESIAN_POINT('Ctrl Pts',(-36.6794919243112,-23.1307436087194,354.252114116937));
#3565=CARTESIAN_POINT('Ctrl Pts',(-41.4466782045422,-31.3877524552246,348.820242138791));
#3566=CARTESIAN_POINT('Ctrl Pts',(-48.6474065470694,-43.859779795983,340.000017732382));
#3567=CARTESIAN_POINT('',(-15.389117523078,-63.6665179617109,340.000017732382));
#3568=CARTESIAN_POINT('Origin',(0.,-3.4655525106393E-17,340.000017732382));
#3569=CARTESIAN_POINT('',(-4.02206671890237,-44.2750082970419,353.548046210416));
#3570=CARTESIAN_POINT('Ctrl Pts',(-4.02206671890239,-44.2750082970419,353.548046210416));
#3571=CARTESIAN_POINT('Ctrl Pts',(-7.87037555377802,-50.7971209353913,349.141941665067));
#3572=CARTESIAN_POINT('Ctrl Pts',(-11.6399892455855,-57.2405235814197,344.588613901807));
#3573=CARTESIAN_POINT('Ctrl Pts',(-15.3891175230779,-63.6665179617109,340.000017732382));
#3574=CARTESIAN_POINT('',(4.25475783169384,-36.2194955071457,358.691504264278));
#3575=CARTESIAN_POINT('Ctrl Pts',(4.25475783169384,-36.2194955071457,358.691504264278));
#3576=CARTESIAN_POINT('Ctrl Pts',(2.1663943430174,-37.395228620237,358.09656408374));
#3577=CARTESIAN_POINT('Ctrl Pts',(-0.993673960123249,-39.9200243411898,
356.497276544205));
#3578=CARTESIAN_POINT('Ctrl Pts',(-3.22528073412769,-42.924615653327,354.460322875264));
#3579=CARTESIAN_POINT('Ctrl Pts',(-4.02206671890231,-44.2750082970417,353.548046210416));
#3580=CARTESIAN_POINT('',(29.2396243055976,-21.7944761227705,358.691504264278));
#3581=CARTESIAN_POINT('Ctrl Pts',(29.2396243055976,-21.7944761227705,358.691504264278));
#3582=CARTESIAN_POINT('Ctrl Pts',(26.9327949620306,-23.1598624565931,359.35695606944));
#3583=CARTESIAN_POINT('Ctrl Pts',(22.2304557262386,-25.9332190406338,360.39225880674));
#3584=CARTESIAN_POINT('Ctrl Pts',(13.7668304278756,-30.844211809728,360.785842703436));
#3585=CARTESIAN_POINT('Ctrl Pts',(7.75856871597477,-34.246876036926,359.689681972022));
#3586=CARTESIAN_POINT('Ctrl Pts',(4.25475783169383,-36.2194955071457,358.691504264278));
#3587=CARTESIAN_POINT('',(40.3543152974561,-18.6542921942356,353.548046210416));
#3588=CARTESIAN_POINT('Ctrl Pts',(40.3543152974561,-18.6542921942356,353.548046210416));
#3589=CARTESIAN_POINT('Ctrl Pts',(38.2638252134263,-18.674079640331,354.764415280045));
#3590=CARTESIAN_POINT('Ctrl Pts',(34.5193676433302,-19.2375830786558,356.779245220371));
#3591=CARTESIAN_POINT('Ctrl Pts',(30.7864219047785,-20.8789440271688,358.245299061683));
#3592=CARTESIAN_POINT('Ctrl Pts',(29.2396243055976,-21.7944761227705,358.691504264277));
#3593=CARTESIAN_POINT('',(62.8313806868788,-18.5058922640458,340.000017732382));
#3594=CARTESIAN_POINT('Ctrl Pts',(62.8313806868789,-18.5058922640458,340.000017732382));
#3595=CARTESIAN_POINT('Ctrl Pts',(55.3917421702245,-18.5397354042552,344.588613901807));
#3596=CARTESIAN_POINT('Ctrl Pts',(47.9267849460481,-18.5826153007999,349.141941665067));
#3597=CARTESIAN_POINT('Ctrl Pts',(40.3543152974561,-18.6542921942356,353.548046210416));
#3598=CARTESIAN_POINT('',(62.3073867812474,20.2,340.000017732382));
#3599=CARTESIAN_POINT('Origin',(0.,-3.4655525106393E-17,340.000017732382));
#3600=CARTESIAN_POINT('',(38.3715575357311,20.2,354.252114116937));
#3601=CARTESIAN_POINT('Ctrl Pts',(62.3073867812474,20.2,340.000017732382));
#3602=CARTESIAN_POINT('Ctrl Pts',(47.9059300961926,20.2,348.820242138791));
#3603=CARTESIAN_POINT('Ctrl Pts',(38.3715575357311,20.2,354.252114116937));
#3604=CARTESIAN_POINT('',(28.3715575357311,22.8794919243112,358.705087993395));
#3605=CARTESIAN_POINT('Ctrl Pts',(38.3715575357311,20.2,354.252114116937));
#3606=CARTESIAN_POINT('Ctrl Pts',(37.0348592643371,20.2,355.013650740095));
#3607=CARTESIAN_POINT('Ctrl Pts',(35.7012135452256,20.3363449040991,355.723974079263));
#3608=CARTESIAN_POINT('Ctrl Pts',(32.7703226545692,20.9263386058943,357.148341151879));
#3609=CARTESIAN_POINT('Ctrl Pts',(30.9692328206872,21.5207916148947,357.916375180186));
#3610=CARTESIAN_POINT('Ctrl Pts',(28.9580425525914,22.5507114160336,358.54141757731));
#3611=CARTESIAN_POINT('Ctrl Pts',(28.6630227216333,22.7112144207712,358.627023551976));
#3612=CARTESIAN_POINT('Ctrl Pts',(28.3715575357311,22.8794919243112,358.705087993395));
#3613=CARTESIAN_POINT('',(5.62844246426888,36.0102355330306,358.705087993395));
#3614=CARTESIAN_POINT('Ctrl Pts',(28.3715575357311,22.8794919243112,358.705087993395));
#3615=CARTESIAN_POINT('Ctrl Pts',(17.,29.4448637286709,361.750783774657));
#3616=CARTESIAN_POINT('Ctrl Pts',(5.62844246426888,36.0102355330306,358.705087993395));
#3617=CARTESIAN_POINT('',(-1.69206561141988,43.3307436087194,354.252114116937));
#3618=CARTESIAN_POINT('Ctrl Pts',(5.62844246426888,36.0102355330306,358.705087993395));
#3619=CARTESIAN_POINT('Ctrl Pts',(5.33697727836675,36.1785130365706,358.627023551976));
#3620=CARTESIAN_POINT('Ctrl Pts',(5.05046768340109,36.3537562024317,358.54141757731));
#3621=CARTESIAN_POINT('Ctrl Pts',(3.15293583770639,37.5805381658773,357.916375180186));
#3622=CARTESIAN_POINT('Ctrl Pts',(1.73757951361495,38.8431012120167,357.148341151879));
#3623=CARTESIAN_POINT('Ctrl Pts',(-0.23881546554081,41.086330328148,355.723974079263));
#3624=CARTESIAN_POINT('Ctrl Pts',(-1.02371647572289,42.1731289484974,355.013650740095));
#3625=CARTESIAN_POINT('Ctrl Pts',(-1.69206561141987,43.3307436087194,354.252114116937));
#3626=CARTESIAN_POINT('',(-13.659980234178,64.059779795983,340.000017732382));
#3627=CARTESIAN_POINT('Ctrl Pts',(-1.69206561141988,43.3307436087194,354.252114116937));
#3628=CARTESIAN_POINT('Ctrl Pts',(-6.45925189165042,51.587752455224,348.820242138792));
#3629=CARTESIAN_POINT('Ctrl Pts',(-13.659980234178,64.0597797959829,340.000017732382));
#3630=CARTESIAN_POINT('',(-48.6474065470693,43.859779795983,340.000017732382));
#3631=CARTESIAN_POINT('Origin',(0.,-3.4655525106393E-17,340.000017732382));
#3632=CARTESIAN_POINT('',(-36.6794919243112,23.1307436087193,354.252114116937));
#3633=CARTESIAN_POINT('Ctrl Pts',(-48.6474065470693,43.8597797959829,340.000017732382));
#3634=CARTESIAN_POINT('Ctrl Pts',(-41.4466782045422,31.3877524552246,348.820242138791));
#3635=CARTESIAN_POINT('Ctrl Pts',(-36.6794919243112,23.1307436087193,354.252114116937));
#3636=CARTESIAN_POINT('',(-34.,13.1307436087193,358.705087993395));
#3637=CARTESIAN_POINT('Ctrl Pts',(-36.6794919243112,23.1307436087193,354.252114116937));
#3638=CARTESIAN_POINT('Ctrl Pts',(-36.0111427886142,21.9731289484974,355.013650740095));
#3639=CARTESIAN_POINT('Ctrl Pts',(-35.4623980796848,20.7499854240489,355.723974079263));
#3640=CARTESIAN_POINT('Ctrl Pts',(-34.5079021681841,17.9167626061224,357.148341151879));
#3641=CARTESIAN_POINT('Ctrl Pts',(-34.1221686583935,16.0597465509825,357.916375180186));
#3642=CARTESIAN_POINT('Ctrl Pts',(-34.0085102359925,13.8030447863981,358.54141757731));
#3643=CARTESIAN_POINT('Ctrl Pts',(-34.,13.4672986157993,358.627023551976));
#3644=CARTESIAN_POINT('Ctrl Pts',(-34.,13.1307436087193,358.705087993395));
#3645=CARTESIAN_POINT('Ctrl Pts',(-34.,13.1307436087193,358.705087993395));
#3646=CARTESIAN_POINT('Ctrl Pts',(-34.,6.33728117446663,360.280841849591));
#3647=CARTESIAN_POINT('Ctrl Pts',(-34.,-5.31121750329619E-15,360.280841849591));
#3648=CARTESIAN_POINT('Origin',(-21.5667568261897,21.5667568261897,378.5));
#3649=CARTESIAN_POINT('Origin',(-21.5667568261897,-21.5667568261897,378.5));
#3650=CARTESIAN_POINT('Ctrl Pts',(-3.01296825932408,-27.8690263649543,370.5));
#3651=CARTESIAN_POINT('Ctrl Pts',(-1.81540280628676,-26.497584762347,370.5));
#3652=CARTESIAN_POINT('Ctrl Pts',(0.00531387492288652,-26.5000035296599,
370.5));
#3653=CARTESIAN_POINT('Ctrl Pts',(1.82603055613253,-26.5024222969727,370.5));
#3654=CARTESIAN_POINT('Ctrl Pts',(3.01994795081819,-27.8770409125667,370.5));
#3655=CARTESIAN_POINT('Ctrl Pts',(-3.01296825932408,-27.8690263649543,368.611220363662));
#3656=CARTESIAN_POINT('Ctrl Pts',(-1.81540280628676,-26.497584762347,368.611220363662));
#3657=CARTESIAN_POINT('Ctrl Pts',(0.00531387492288652,-26.5000035296599,
368.611220363662));
#3658=CARTESIAN_POINT('Ctrl Pts',(1.82603055613253,-26.5024222969727,368.611220363662));
#3659=CARTESIAN_POINT('Ctrl Pts',(3.01994795081819,-27.8770409125667,368.611220363662));
#3660=CARTESIAN_POINT('Ctrl Pts',(-1.73004729453379,-28.9892941353714,367.794763117192));
#3661=CARTESIAN_POINT('Ctrl Pts',(-1.04240484571518,-28.2018119483756,367.794763117192));
#3662=CARTESIAN_POINT('Ctrl Pts',(0.00305122860334611,-28.2032008053052,
367.794763117192));
#3663=CARTESIAN_POINT('Ctrl Pts',(1.04850730292188,-28.2045896622348,367.794763117192));
#3664=CARTESIAN_POINT('Ctrl Pts',(1.734055035521,-28.9938960910578,367.794763117192));
#3665=CARTESIAN_POINT('Origin',(30.5,0.,378.5));
#3666=CARTESIAN_POINT('Ctrl Pts',(17.575887240058,-21.8368678153937,370.5));
#3667=CARTESIAN_POINT('Ctrl Pts',(17.4529382356105,-20.0203055054314,370.5));
#3668=CARTESIAN_POINT('Ctrl Pts',(18.7420896742823,-18.7345747202976,370.5));
#3669=CARTESIAN_POINT('Ctrl Pts',(20.0312411129541,-17.4488439351638,370.5));
#3670=CARTESIAN_POINT('Ctrl Pts',(21.8474703435447,-17.5766189938368,370.5));
#3671=CARTESIAN_POINT('Ctrl Pts',(17.575887240058,-21.8368678153937,368.611220363662));
#3672=CARTESIAN_POINT('Ctrl Pts',(17.4529382356105,-20.0203055054314,368.611220363662));
#3673=CARTESIAN_POINT('Ctrl Pts',(18.7420896742823,-18.7345747202976,368.611220363662));
#3674=CARTESIAN_POINT('Ctrl Pts',(20.0312411129541,-17.4488439351638,368.611220363662));
#3675=CARTESIAN_POINT('Ctrl Pts',(21.8474703435447,-17.5766189938368,368.611220363662));
#3676=CARTESIAN_POINT('Ctrl Pts',(19.2751982911942,-21.7218546386708,367.794763117192));
#3677=CARTESIAN_POINT('Ctrl Pts',(19.2046009352972,-20.678784005591,367.794763117192));
#3678=CARTESIAN_POINT('Ctrl Pts',(19.9448320850335,-19.9405169961607,367.794763117192));
#3679=CARTESIAN_POINT('Ctrl Pts',(20.6850632347699,-19.2022499867305,367.794763117192));
#3680=CARTESIAN_POINT('Ctrl Pts',(21.7279426135727,-19.2756184644374,367.794763117192));
#3681=CARTESIAN_POINT('Ctrl Pts',(21.8368678153937,17.575887240058,370.5));
#3682=CARTESIAN_POINT('Ctrl Pts',(20.0203055054314,17.4529382356105,370.5));
#3683=CARTESIAN_POINT('Ctrl Pts',(18.7345747202976,18.7420896742823,370.5));
#3684=CARTESIAN_POINT('Ctrl Pts',(17.4488439351638,20.0312411129542,370.5));
#3685=CARTESIAN_POINT('Ctrl Pts',(17.5766189938368,21.8474703435447,370.5));
#3686=CARTESIAN_POINT('Ctrl Pts',(21.8368678153937,17.575887240058,368.611220363662));
#3687=CARTESIAN_POINT('Ctrl Pts',(20.0203055054314,17.4529382356105,368.611220363662));
#3688=CARTESIAN_POINT('Ctrl Pts',(18.7345747202976,18.7420896742823,368.611220363662));
#3689=CARTESIAN_POINT('Ctrl Pts',(17.4488439351638,20.0312411129542,368.611220363662));
#3690=CARTESIAN_POINT('Ctrl Pts',(17.5766189938368,21.8474703435447,368.611220363662));
#3691=CARTESIAN_POINT('Ctrl Pts',(21.7218546386708,19.2751982911942,367.794763117192));
#3692=CARTESIAN_POINT('Ctrl Pts',(20.678784005591,19.2046009352972,367.794763117192));
#3693=CARTESIAN_POINT('Ctrl Pts',(19.9405169961607,19.9448320850335,367.794763117192));
#3694=CARTESIAN_POINT('Ctrl Pts',(19.2022499867305,20.6850632347699,367.794763117192));
#3695=CARTESIAN_POINT('Ctrl Pts',(19.2756184644374,21.7279426135727,367.794763117192));
#3696=CARTESIAN_POINT('Origin',(-30.5,3.73517273739943E-15,378.5));
#3697=CARTESIAN_POINT('Origin',(1.86758636869971E-15,30.5,378.5));
#3698=CARTESIAN_POINT('Origin',(21.0000003129244,0.,389.50000038743));
#3699=CARTESIAN_POINT('',(-20.0000003129244,-2.44929363661689E-15,389.50000038743));
#3700=CARTESIAN_POINT('Origin',(0.,0.,389.50000038743));
#3701=CARTESIAN_POINT('Origin',(-36.6794919243112,23.1307436087193,262.));
#3702=CARTESIAN_POINT('',(-36.6794919243112,23.1307436087193,340.000017732382));
#3703=CARTESIAN_POINT('',(-36.6794919243112,23.1307436087193,262.));
#3704=CARTESIAN_POINT('',(-18.899102113367,-7.66579492221596,340.000017732382));
#3705=CARTESIAN_POINT('Origin',(-54.,13.1307436087193,262.));
#3706=CARTESIAN_POINT('',(-34.,13.1307436087193,340.000017732382));
#3707=CARTESIAN_POINT('',(-34.,13.1307436087193,262.));
#3708=CARTESIAN_POINT('Origin',(-54.,13.1307436087193,340.000017732382));
#3709=CARTESIAN_POINT('Origin',(-34.,-13.1307436087194,262.));
#3710=CARTESIAN_POINT('',(-34.,-13.1307436087194,340.000017732382));
#3711=CARTESIAN_POINT('',(-34.,-13.1307436087194,262.));
#3712=CARTESIAN_POINT('',(-34.,-6.56537180435963,340.000017732382));
#3713=CARTESIAN_POINT('Origin',(-54.,-13.1307436087193,262.));
#3714=CARTESIAN_POINT('',(-36.6794919243112,-23.1307436087194,340.000017732382));
#3715=CARTESIAN_POINT('',(-36.6794919243112,-23.1307436087194,262.));
#3716=CARTESIAN_POINT('Origin',(-54.,-13.1307436087193,340.000017732382));
#3717=CARTESIAN_POINT('Origin',(-142.493713156446,-206.40635094611,262.));
#3718=CARTESIAN_POINT('',(-71.8062127294343,-83.9720087464791,340.000017732382));
#3719=CARTESIAN_POINT('Ctrl Pts',(-13.4026930309748,-63.6141452878976,338.318409637721));
#3720=CARTESIAN_POINT('Ctrl Pts',(-9.68785772731919,-57.1798618002155,342.907005807147));
#3721=CARTESIAN_POINT('Ctrl Pts',(-5.96173366083901,-50.7260256017667,347.460333570406));
#3722=CARTESIAN_POINT('Ctrl Pts',(-2.19206561142041,-44.1967690125047,351.866438115755));
#3723=CARTESIAN_POINT('Ctrl Pts',(-13.5445437213865,-63.8598378907793,338.777767518112));
#3724=CARTESIAN_POINT('Ctrl Pts',(-9.82715618758009,-57.4207306611097,343.361954892751));
#3725=CARTESIAN_POINT('Ctrl Pts',(-6.09718161751092,-50.9613701476532,347.91005416391));
#3726=CARTESIAN_POINT('Ctrl Pts',(-2.32100916386619,-44.4201057966492,352.307711703189));
#3727=CARTESIAN_POINT('Ctrl Pts',(-14.1412584955395,-64.0843607350752,339.575689279738));
#3728=CARTESIAN_POINT('Ctrl Pts',(-10.4101907130604,-57.6426054731085,344.152730872402));
#3729=CARTESIAN_POINT('Ctrl Pts',(-6.6636542698195,-51.1790838357611,348.691487398343));
#3730=CARTESIAN_POINT('Ctrl Pts',(-2.85757275072362,-44.6283365300099,353.075341808859));
#3731=CARTESIAN_POINT('Ctrl Pts',(-15.0262939592666,-63.8384165106683,339.947324974117));
#3732=CARTESIAN_POINT('Ctrl Pts',(-11.2807293907702,-57.406884509316,344.530544095534));
#3733=CARTESIAN_POINT('Ctrl Pts',(-7.51586765466912,-50.9564741637707,349.077290850182));
#3734=CARTESIAN_POINT('Ctrl Pts',(-3.67680515744718,-44.4236150736276,353.472871030556));
#3735=CARTESIAN_POINT('Ctrl Pts',(-15.3891175230779,-63.6665179617109,340.000017732382));
#3736=CARTESIAN_POINT('Ctrl Pts',(-11.6399892455855,-57.2405235814197,344.588613901807));
#3737=CARTESIAN_POINT('Ctrl Pts',(-7.87037555377802,-50.7971209353913,349.141941665067));
#3738=CARTESIAN_POINT('Ctrl Pts',(-4.02206671890239,-44.2750082970419,353.548046210416));
#3739=CARTESIAN_POINT('',(-12.0387921784516,-61.2517997148409,340.00001773238));
#3740=CARTESIAN_POINT('Ctrl Pts',(-15.3891175230779,-63.6665179617108,340.000017732382));
#3741=CARTESIAN_POINT('Ctrl Pts',(-15.2356030774649,-63.7036246218623,340.000017732382));
#3742=CARTESIAN_POINT('Ctrl Pts',(-15.0766976510945,-63.7085909037121,340.000017732382));
#3743=CARTESIAN_POINT('Ctrl Pts',(-14.6892542785318,-63.6644684840758,340.000017732382));
#3744=CARTESIAN_POINT('Ctrl Pts',(-14.4618490785402,-63.5892178118713,340.000017732382));
#3745=CARTESIAN_POINT('Ctrl Pts',(-13.9146243543466,-63.3327355335015,340.000017732382));
#3746=CARTESIAN_POINT('Ctrl Pts',(-13.5692339143478,-63.0909784381186,340.000017732422));
#3747=CARTESIAN_POINT('Ctrl Pts',(-12.7881097696202,-62.3624536363948,340.000017732422));
#3748=CARTESIAN_POINT('Ctrl Pts',(-12.3762363469684,-61.8362701594299,340.000017732382));
#3749=CARTESIAN_POINT('Ctrl Pts',(-12.0387921784483,-61.2517997148352,340.000017732382));
#3750=CARTESIAN_POINT('',(-2.19206561142016,-44.1967690125042,351.866438115755));
#3751=CARTESIAN_POINT('Ctrl Pts',(-12.0389275677686,-61.2520342160168,340.0004575367));
#3752=CARTESIAN_POINT('Ctrl Pts',(-8.77564471106638,-55.59986250874,344.018732183203));
#3753=CARTESIAN_POINT('Ctrl Pts',(-5.50062659636512,-49.927364738369,347.999289761253));
#3754=CARTESIAN_POINT('Ctrl Pts',(-2.19206561142041,-44.1967690125047,351.866438115755));
#3755=CARTESIAN_POINT('Origin',(-3.92411641898928,-43.1967690125046,351.866438115755));
#3756=CARTESIAN_POINT('Ctrl Pts',(-2.19206561142027,-44.1967690125044,351.866438115756));
#3757=CARTESIAN_POINT('Ctrl Pts',(-1.48251693859951,-42.9677946607357,352.778714780604));
#3758=CARTESIAN_POINT('Ctrl Pts',(0.50008212329115,-40.2327499829592,354.815668449545));
#3759=CARTESIAN_POINT('Ctrl Pts',(3.28920295355764,-37.9381463634283,356.414955989079));
#3760=CARTESIAN_POINT('Ctrl Pts',(5.12844246426906,-36.8762609368149,357.009896169617));
#3761=CARTESIAN_POINT('Ctrl Pts',(-2.32100916386605,-44.420105796649,352.307711703189));
#3762=CARTESIAN_POINT('Ctrl Pts',(-1.61979222325342,-43.1680061380106,353.210021691092));
#3763=CARTESIAN_POINT('Ctrl Pts',(0.35571202998627,-40.3738018728716,355.225578125671));
#3764=CARTESIAN_POINT('Ctrl Pts',(3.17464416440544,-38.0166433585624,356.808853199496));
#3765=CARTESIAN_POINT('Ctrl Pts',(5.04291622108171,-36.9256395363419,357.397685454211));
#3766=CARTESIAN_POINT('Ctrl Pts',(-2.85757194395841,-44.6283376839753,353.075342828649));
#3767=CARTESIAN_POINT('Ctrl Pts',(-2.13564383928377,-43.3267414572436,353.961366415892));
#3768=CARTESIAN_POINT('Ctrl Pts',(-0.0946812232937313,-40.4190890951352,
355.940952197437));
#3769=CARTESIAN_POINT('Ctrl Pts',(2.83692593908081,-37.961724653443,357.496215198247));
#3770=CARTESIAN_POINT('Ctrl Pts',(4.7851083310772,-36.8239775170757,358.074793435863));
#3771=CARTESIAN_POINT('Ctrl Pts',(-3.67680515744708,-44.4236150736274,353.472871030556));
#3772=CARTESIAN_POINT('Ctrl Pts',(-2.90148921583642,-43.0850085421975,354.372729929286));
#3773=CARTESIAN_POINT('Ctrl Pts',(-0.724666989573173,-40.1031390193359,
356.382347217347));
#3774=CARTESIAN_POINT('Ctrl Pts',(2.36917651623977,-37.5931927047296,357.960135407598));
#3775=CARTESIAN_POINT('Ctrl Pts',(4.41685044623245,-36.4265963550571,358.546900237665));
#3776=CARTESIAN_POINT('Ctrl Pts',(-4.02206671890231,-44.2750082970417,353.548046210416));
#3777=CARTESIAN_POINT('Ctrl Pts',(-3.22528073412769,-42.924615653327,354.460322875264));
#3778=CARTESIAN_POINT('Ctrl Pts',(-0.993673960123249,-39.9200243411898,
356.497276544205));
#3779=CARTESIAN_POINT('Ctrl Pts',(2.1663943430174,-37.395228620237,358.09656408374));
#3780=CARTESIAN_POINT('Ctrl Pts',(4.25475783169384,-36.2194955071457,358.691504264278));
#3781=CARTESIAN_POINT('',(5.12844246426895,-36.876260936815,357.009896169617));
#3782=CARTESIAN_POINT('Origin',(4.12844246426908,-35.144210129246,357.009896169617));
#3783=CARTESIAN_POINT('Ctrl Pts',(-2.19206561142027,-44.1967690125044,351.866438115756));
#3784=CARTESIAN_POINT('Ctrl Pts',(-1.48251693859951,-42.9677946607357,352.778714780604));
#3785=CARTESIAN_POINT('Ctrl Pts',(0.50008212329115,-40.2327499829592,354.815668449545));
#3786=CARTESIAN_POINT('Ctrl Pts',(3.28920295355764,-37.9381463634283,356.414955989079));
#3787=CARTESIAN_POINT('Ctrl Pts',(5.12844246426906,-36.8762609368149,357.009896169617));
#3788=CARTESIAN_POINT('Ctrl Pts',(5.12844246426909,-36.8762609368149,357.009896169617));
#3789=CARTESIAN_POINT('Ctrl Pts',(8.52286216012668,-34.916491811669,358.008073877361));
#3790=CARTESIAN_POINT('Ctrl Pts',(14.319638694656,-31.5697213190263,359.104234608776));
#3791=CARTESIAN_POINT('Ctrl Pts',(22.5153432729132,-26.8379290745709,358.710650712079));
#3792=CARTESIAN_POINT('Ctrl Pts',(27.1086110718259,-24.1860046744087,357.67534797478));
#3793=CARTESIAN_POINT('Ctrl Pts',(29.3715575357309,-22.8794919243114,357.009896169617));
#3794=CARTESIAN_POINT('Ctrl Pts',(5.05360700148015,-36.919467211401,357.349211793637));
#3795=CARTESIAN_POINT('Ctrl Pts',(8.46638504463765,-34.9490069656244,358.344148859084));
#3796=CARTESIAN_POINT('Ctrl Pts',(14.2998194857036,-31.5810308815026,359.436253878513));
#3797=CARTESIAN_POINT('Ctrl Pts',(22.5504285036104,-26.8175576356299,359.044159643269));
#3798=CARTESIAN_POINT('Ctrl Pts',(27.1711545641407,-24.1498338897011,358.012503170602));
#3799=CARTESIAN_POINT('Ctrl Pts',(29.4463929985198,-22.8362856497252,357.349211793637));
#3800=CARTESIAN_POINT('Ctrl Pts',(4.80984914263784,-36.8426133300994,358.027247987093));
#3801=CARTESIAN_POINT('Ctrl Pts',(8.26400604455363,-34.8590441386379,359.01582527498));
#3802=CARTESIAN_POINT('Ctrl Pts',(14.1767637838533,-31.459012916866,360.099914885226));
#3803=CARTESIAN_POINT('Ctrl Pts',(22.5348401466744,-26.6284222558743,359.710763546353));
#3804=CARTESIAN_POINT('Ctrl Pts',(27.2051146737359,-23.919826897602,358.686299512351));
#3805=CARTESIAN_POINT('Ctrl Pts',(29.5017145143543,-22.5867582109449,358.027247987093));
#3806=CARTESIAN_POINT('Ctrl Pts',(4.44386588198889,-36.4611131630423,358.522799566563));
#3807=CARTESIAN_POINT('Ctrl Pts',(7.93437718364735,-34.4826996769773,359.515127630079));
#3808=CARTESIAN_POINT('Ctrl Pts',(13.9159919115444,-31.0772546191631,360.603921105));
#3809=CARTESIAN_POINT('Ctrl Pts',(22.3522887633222,-26.1887983135276,360.213049711308));
#3810=CARTESIAN_POINT('Ctrl Pts',(27.0485759824919,-23.4348338039348,359.184351608907));
#3811=CARTESIAN_POINT('Ctrl Pts',(29.3543173084594,-22.0790573263345,358.522799566563));
#3812=CARTESIAN_POINT('Ctrl Pts',(4.25475783169383,-36.2194955071457,358.691504264278));
#3813=CARTESIAN_POINT('Ctrl Pts',(7.75856871597477,-34.246876036926,359.689681972022));
#3814=CARTESIAN_POINT('Ctrl Pts',(13.7668304278756,-30.844211809728,360.785842703436));
#3815=CARTESIAN_POINT('Ctrl Pts',(22.2304557262386,-25.9332190406338,360.39225880674));
#3816=CARTESIAN_POINT('Ctrl Pts',(26.9327949620306,-23.1598624565931,359.35695606944));
#3817=CARTESIAN_POINT('Ctrl Pts',(29.2396243055976,-21.7944761227705,358.691504264278));
#3818=CARTESIAN_POINT('',(29.371557535731,-22.8794919243113,357.009896169617));
#3819=CARTESIAN_POINT('Origin',(28.3715575357309,-21.1474411167425,357.009896169617));
#3820=CARTESIAN_POINT('Ctrl Pts',(5.12844246426909,-36.8762609368149,357.009896169617));
#3821=CARTESIAN_POINT('Ctrl Pts',(8.52286216012668,-34.916491811669,358.008073877361));
#3822=CARTESIAN_POINT('Ctrl Pts',(14.319638694656,-31.5697213190263,359.104234608776));
#3823=CARTESIAN_POINT('Ctrl Pts',(22.5153432729132,-26.8379290745709,358.710650712079));
#3824=CARTESIAN_POINT('Ctrl Pts',(27.1086110718259,-24.1860046744087,357.67534797478));
#3825=CARTESIAN_POINT('Ctrl Pts',(29.3715575357309,-22.8794919243114,357.009896169617));
#3826=CARTESIAN_POINT('Ctrl Pts',(29.3715575357309,-22.8794919243113,357.009896169617));
#3827=CARTESIAN_POINT('Ctrl Pts',(30.7509873764834,-22.0830777344247,356.563690967023));
#3828=CARTESIAN_POINT('Ctrl Pts',(34.0971181168282,-20.6664868582806,355.09763712571));
#3829=CARTESIAN_POINT('Ctrl Pts',(37.4794274566201,-20.2,353.082807185385));
#3830=CARTESIAN_POINT('Ctrl Pts',(39.3715575357319,-20.2,351.866438115756));
#3831=CARTESIAN_POINT('Ctrl Pts',(29.4570837789183,-22.8301133247843,357.397685454211));
#3832=CARTESIAN_POINT('Ctrl Pts',(30.8663137816298,-22.0257613402985,356.956061196674));
#3833=CARTESIAN_POINT('Ctrl Pts',(34.2820586607085,-20.6088540822278,355.504851105096));
#3834=CARTESIAN_POINT('Ctrl Pts',(37.7161662421733,-20.1749624693169,353.510791868223));
#3835=CARTESIAN_POINT('Ctrl Pts',(39.6294446406235,-20.2000000000001,352.307711703189));
#3836=CARTESIAN_POINT('Ctrl Pts',(29.4979455998767,-22.556013848334,358.074793203455));
#3837=CARTESIAN_POINT('Ctrl Pts',(30.9675026605487,-21.717287316168,357.640859459899));
#3838=CARTESIAN_POINT('Ctrl Pts',(34.5261151550163,-20.2441802340969,356.215168222951));
#3839=CARTESIAN_POINT('Ctrl Pts',(38.0938201834477,-19.8053180676571,354.256707129292));
#3840=CARTESIAN_POINT('Ctrl Pts',(40.0780597491167,-19.8394381194773,353.075342168408));
#3841=CARTESIAN_POINT('Ctrl Pts',(29.3379325937648,-22.0384028686825,358.546900237665));
#3842=CARTESIAN_POINT('Ctrl Pts',(30.8635371033263,-21.1458731338792,358.106826548847));
#3843=CARTESIAN_POINT('Ctrl Pts',(34.5497657271226,-19.5555024718606,356.660644727026));
#3844=CARTESIAN_POINT('Ctrl Pts',(38.2478144729111,-19.0304542470338,354.672683076201));
#3845=CARTESIAN_POINT('Ctrl Pts',(40.3103817604262,-19.027600865699,353.472871030556));
#3846=CARTESIAN_POINT('Ctrl Pts',(29.2396243055976,-21.7944761227705,358.691504264277));
#3847=CARTESIAN_POINT('Ctrl Pts',(30.7864219047785,-20.8789440271688,358.245299061683));
#3848=CARTESIAN_POINT('Ctrl Pts',(34.5193676433302,-19.2375830786558,356.779245220371));
#3849=CARTESIAN_POINT('Ctrl Pts',(38.2638252134263,-18.674079640331,354.764415280045));
#3850=CARTESIAN_POINT('Ctrl Pts',(40.3543152974561,-18.6542921942356,353.548046210416));
#3851=CARTESIAN_POINT('',(39.3715575357315,-20.2,351.866438115756));
#3852=CARTESIAN_POINT('Origin',(39.3715575357319,-18.2,351.866438115756));
#3853=CARTESIAN_POINT('Ctrl Pts',(29.3715575357309,-22.8794919243113,357.009896169617));
#3854=CARTESIAN_POINT('Ctrl Pts',(30.7509873764834,-22.0830777344247,356.563690967023));
#3855=CARTESIAN_POINT('Ctrl Pts',(34.0971181168282,-20.6664868582806,355.09763712571));
#3856=CARTESIAN_POINT('Ctrl Pts',(37.4794274566201,-20.2,353.082807185385));
#3857=CARTESIAN_POINT('Ctrl Pts',(39.3715575357319,-20.2,351.866438115756));
#3858=CARTESIAN_POINT('Ctrl Pts',(39.371557535732,-20.2,351.866438115756));
#3859=CARTESIAN_POINT('Ctrl Pts',(46.9108936345692,-20.2,347.460333570407));
#3860=CARTESIAN_POINT('Ctrl Pts',(54.3631417675296,-20.2000000000001,342.907005807147));
#3861=CARTESIAN_POINT('Ctrl Pts',(61.7928123748409,-20.2000000000001,338.318409637721));
#3862=CARTESIAN_POINT('Ctrl Pts',(39.6294446406235,-20.2,352.307711703189));
#3863=CARTESIAN_POINT('Ctrl Pts',(47.182431968285,-20.2003709015747,347.91005416391));
#3864=CARTESIAN_POINT('Ctrl Pts',(54.641389550175,-20.1997984251531,343.361954892751));
#3865=CARTESIAN_POINT('Ctrl Pts',(62.0765137556643,-20.2000000000001,338.777767518112));
#3866=CARTESIAN_POINT('Ctrl Pts',(40.0780594512279,-19.8394374818638,353.075341658686));
#3867=CARTESIAN_POINT('Ctrl Pts',(47.6542137913289,-19.8186478503279,348.69148724817));
#3868=CARTESIAN_POINT('Ctrl Pts',(55.1250559186518,-19.8058128982167,344.15273068148));
#3869=CARTESIAN_POINT('Ctrl Pts',(62.5693135117167,-19.7954910463315,339.575689088816));
#3870=CARTESIAN_POINT('Ctrl Pts',(40.3103817604263,-19.027600865699,353.472871030556));
#3871=CARTESIAN_POINT('Ctrl Pts',(47.8875349404452,-18.9693047614602,349.077290850182));
#3872=CARTESIAN_POINT('Ctrl Pts',(55.3561850325721,-18.9340440290333,344.530544095534));
#3873=CARTESIAN_POINT('Ctrl Pts',(62.798837415244,-18.9060559618767,339.947324974117));
#3874=CARTESIAN_POINT('Ctrl Pts',(40.3543152974561,-18.6542921942356,353.548046210416));
#3875=CARTESIAN_POINT('Ctrl Pts',(47.9267849460481,-18.5826153007999,349.141941665067));
#3876=CARTESIAN_POINT('Ctrl Pts',(55.3917421702245,-18.5397354042552,344.588613901807));
#3877=CARTESIAN_POINT('Ctrl Pts',(62.8313806868789,-18.5058922640458,340.000017732382));
#3878=CARTESIAN_POINT('',(59.0650106697945,-20.2000000000001,340.00001773238));
#3879=CARTESIAN_POINT('Ctrl Pts',(59.065256134563,-20.2000000000001,340.000473121935));
#3880=CARTESIAN_POINT('Ctrl Pts',(59.2022636184152,-20.1999943390146,340.000442340587));
#3881=CARTESIAN_POINT('Ctrl Pts',(59.3385996877109,-20.1959079251962,340.000364599244));
#3882=CARTESIAN_POINT('Ctrl Pts',(59.4737274852191,-20.1879897216269,340.000259788974));
#3883=CARTESIAN_POINT('Ctrl Pts',(59.6129660653611,-20.1798306348764,340.000151790225));
#3884=CARTESIAN_POINT('Ctrl Pts',(59.7509221271924,-20.1676029302341,340.000015680671));
#3885=CARTESIAN_POINT('Ctrl Pts',(59.88701266242,-20.1515237026497,339.999881034542));
#3886=CARTESIAN_POINT('Ctrl Pts',(60.0270144470705,-20.1349823571855,339.999742518677));
#3887=CARTESIAN_POINT('Ctrl Pts',(60.1650424030472,-20.1143647362489,339.999606316448));
#3888=CARTESIAN_POINT('Ctrl Pts',(60.3004597049578,-20.0898521321937,339.999501968936));
#3889=CARTESIAN_POINT('Ctrl Pts',(60.4357876832296,-20.0653556970841,339.999397690255));
#3890=CARTESIAN_POINT('Ctrl Pts',(60.5685089262742,-20.0369689827474,339.999326002119));
#3891=CARTESIAN_POINT('Ctrl Pts',(60.6979786576071,-20.0048237935431,339.999302096508));
#3892=CARTESIAN_POINT('Ctrl Pts',(60.8264813979335,-19.9729186921843,339.999278369444));
#3893=CARTESIAN_POINT('Ctrl Pts',(60.9517814678228,-19.9373106029865,339.999302453357));
#3894=CARTESIAN_POINT('Ctrl Pts',(61.0732324604734,-19.8980866099045,339.999363851981));
#3895=CARTESIAN_POINT('Ctrl Pts',(61.194683453124,-19.8588626168224,339.999425250605));
#3896=CARTESIAN_POINT('Ctrl Pts',(61.3122858536493,-19.8160223429052,339.999524755366));
#3897=CARTESIAN_POINT('Ctrl Pts',(61.4253701957293,-19.7696169924419,339.999614947929));
#3898=CARTESIAN_POINT('Ctrl Pts',(61.5379653213101,-19.7234123971201,339.999704750308));
#3899=CARTESIAN_POINT('Ctrl Pts',(61.6452287406682,-19.6740153471398,339.999795817366));
#3900=CARTESIAN_POINT('Ctrl Pts',(61.7466838328601,-19.6215818110354,339.999824222049));
#3901=CARTESIAN_POINT('Ctrl Pts',(61.7726281030146,-19.6081734172677,339.999831485743));
#3902=CARTESIAN_POINT('Ctrl Pts',(61.7981924742345,-19.5945662295943,339.999834535506));
#3903=CARTESIAN_POINT('Ctrl Pts',(61.8233688131909,-19.5807624023793,339.999832037377));
#3904=CARTESIAN_POINT('Ctrl Pts',(61.9252569422463,-19.5248985958437,339.999821927502));
#3905=CARTESIAN_POINT('Ctrl Pts',(62.0207917508075,-19.4658174345408,339.999724044589));
#3906=CARTESIAN_POINT('Ctrl Pts',(62.1095441918927,-19.4039084435043,339.999628107588));
#3907=CARTESIAN_POINT('Ctrl Pts',(62.1982966329778,-19.3419994524677,339.999532170586));
#3908=CARTESIAN_POINT('Ctrl Pts',(62.2802669967557,-19.2772615309916,339.999438652919));
#3909=CARTESIAN_POINT('Ctrl Pts',(62.3549997124453,-19.2100526834911,339.999393901646));
#3910=CARTESIAN_POINT('Ctrl Pts',(62.4021415044637,-19.16765698729,339.999365672306));
#3911=CARTESIAN_POINT('Ctrl Pts',(62.4476735037962,-19.1231468039094,339.99934716995));
#3912=CARTESIAN_POINT('Ctrl Pts',(62.490916548176,-19.0765128111314,339.999360043893));
#3913=CARTESIAN_POINT('Ctrl Pts',(62.5328089326512,-19.0313353916622,339.99937251573));
#3914=CARTESIAN_POINT('Ctrl Pts',(62.5725531022499,-18.9841645820855,339.999414416096));
#3915=CARTESIAN_POINT('Ctrl Pts',(62.6095143110899,-18.9350282514964,339.999477663607));
#3916=CARTESIAN_POINT('Ctrl Pts',(62.6255822610131,-18.9136674755885,339.999505158861));
#3917=CARTESIAN_POINT('Ctrl Pts',(62.6411240478078,-18.8919357340977,339.999536328029));
#3918=CARTESIAN_POINT('Ctrl Pts',(62.6560864659863,-18.8698376935165,339.999568803235));
#3919=CARTESIAN_POINT('Ctrl Pts',(62.6892004625816,-18.82093153197,339.999640675566));
#3920=CARTESIAN_POINT('Ctrl Pts',(62.719443280065,-18.7702743261925,339.999723454905));
#3921=CARTESIAN_POINT('Ctrl Pts',(62.746203450394,-18.7179256403179,339.999804936808));
#3922=CARTESIAN_POINT('Ctrl Pts',(62.7721539245112,-18.6671608955065,339.999883953271));
#3923=CARTESIAN_POINT('Ctrl Pts',(62.794829319348,-18.6148053255373,339.999961761379));
#3924=CARTESIAN_POINT('Ctrl Pts',(62.8136540525012,-18.5609485565674,339.999998141434));
#3925=CARTESIAN_POINT('Ctrl Pts',(62.8200095406253,-18.5427657726308,340.00001042384));
#3926=CARTESIAN_POINT('Ctrl Pts',(62.8259259635196,-18.5244121924573,340.000017732382));
#3927=CARTESIAN_POINT('Ctrl Pts',(62.8313806868787,-18.5058922640458,340.000017732382));
#3928=CARTESIAN_POINT('Ctrl Pts',(39.371557535732,-20.2,351.866438115756));
#3929=CARTESIAN_POINT('Ctrl Pts',(45.9886795056214,-20.2,347.999289761253));
#3930=CARTESIAN_POINT('Ctrl Pts',(52.538715735024,-20.2000000000001,344.018732183203));
#3931=CARTESIAN_POINT('Ctrl Pts',(59.0652814484286,-20.2000000000001,340.0004575367));
#3932=CARTESIAN_POINT('Origin',(65.5000034160912,-3.4655525106393E-17,340.000017732382));
#3933=CARTESIAN_POINT('',(-1.69206561141988,43.3307436087194,340.000017732382));
#3934=CARTESIAN_POINT('',(-36.8187864165429,104.172008746479,340.000017732382));
#3935=CARTESIAN_POINT('',(5.62844246426888,36.0102355330306,340.000017732382));
#3936=CARTESIAN_POINT('Origin',(15.6284424642689,53.3307436087194,340.000017732382));
#3937=CARTESIAN_POINT('',(28.3715575357311,22.8794919243112,340.000017732382));
#3938=CARTESIAN_POINT('',(35.8767225131686,18.5463829042751,340.000017732382));
#3939=CARTESIAN_POINT('',(38.3715575357311,20.2,340.000017732382));
#3940=CARTESIAN_POINT('Origin',(38.3715575357311,40.2,340.000017732382));
#3941=CARTESIAN_POINT('',(51.9357804759112,20.2,340.000017732382));
#3942=CARTESIAN_POINT('',(39.3715575357311,-20.2,340.000017732382));
#3943=CARTESIAN_POINT('',(157.750001708046,-20.2000000000001,340.000017732382));
#3944=CARTESIAN_POINT('',(29.3715575357311,-22.8794919243113,340.000017732382));
#3945=CARTESIAN_POINT('Origin',(39.3715575357311,-40.2,340.000017732382));
#3946=CARTESIAN_POINT('',(5.12844246426885,-36.8762609368151,340.000017732382));
#3947=CARTESIAN_POINT('',(47.8732800488998,-12.1975174508616,340.000017732382));
#3948=CARTESIAN_POINT('',(-2.19206561141991,-44.1967690125038,340.000017732382));
#3949=CARTESIAN_POINT('Origin',(15.1284424642688,-54.1967690125038,340.000017732382));
#3950=CARTESIAN_POINT('',(15.8383241995243,-12.9672177796763,340.000017732382));
#3951=CARTESIAN_POINT('',(-20.0000002980232,-2.48394915989842E-15,340.000017732382));
#3952=CARTESIAN_POINT('Origin',(0.,-3.4655525106393E-17,340.000017732382));
#3953=CARTESIAN_POINT('Origin',(-107.506286843554,226.60635094611,262.));
#3954=CARTESIAN_POINT('',(-1.69206561141988,43.3307436087194,262.));
#3955=CARTESIAN_POINT('Origin',(38.3715575357311,20.2,262.));
#3956=CARTESIAN_POINT('',(38.3715575357311,20.2,262.));
#3957=CARTESIAN_POINT('Origin',(38.3715575357311,40.2,262.));
#3958=CARTESIAN_POINT('',(28.3715575357311,22.8794919243112,262.));
#3959=CARTESIAN_POINT('Origin',(5.6284424642689,36.0102355330306,262.));
#3960=CARTESIAN_POINT('',(5.62844246426888,36.0102355330306,262.));
#3961=CARTESIAN_POINT('Origin',(15.6284424642689,53.3307436087194,262.));
#3962=CARTESIAN_POINT('Origin',(250.,-20.2000000000002,262.));
#3963=CARTESIAN_POINT('',(39.3715575357311,-20.2,262.));
#3964=CARTESIAN_POINT('Origin',(29.3715575357311,-22.8794919243113,262.));
#3965=CARTESIAN_POINT('',(5.12844246426885,-36.8762609368151,262.));
#3966=CARTESIAN_POINT('',(29.3715575357311,-22.8794919243113,262.));
#3967=CARTESIAN_POINT('Origin',(39.3715575357311,-40.2,262.));
#3968=CARTESIAN_POINT('Origin',(-2.19206561141991,-44.1967690125038,262.));
#3969=CARTESIAN_POINT('',(-2.19206561141991,-44.1967690125038,262.));
#3970=CARTESIAN_POINT('Origin',(15.1284424642688,-54.1967690125038,262.));
#3971=CARTESIAN_POINT('Origin',(0.,-3.4655525106393E-17,351.75001790747));
#3972=CARTESIAN_POINT('',(-20.0000002980232,-2.48394915989842E-15,351.75001790747));
#3973=CARTESIAN_POINT('Origin',(-181.34096412022,314.091763349746,166.38846477158));
#3974=CARTESIAN_POINT('',(-349.291396557306,569.990445483944,17.3422748632933));
#3975=CARTESIAN_POINT('Origin',(-334.135951991078,578.740445483944,17.3422748632934));
#3976=CARTESIAN_POINT('',(-36.9604654683457,29.0174040625699,322.010221881702));
#3977=CARTESIAN_POINT('',(-196.496408686448,305.341763349746,166.38846477158));
#3978=CARTESIAN_POINT('Origin',(-21.8050209021181,37.7674040625699,322.010221881702));
#3979=CARTESIAN_POINT('Origin',(-21.8050209021181,37.7674040625699,322.010221881702));
#3980=CARTESIAN_POINT('Origin',(-334.135951991078,578.740445483944,17.3422748632934));
#3981=CARTESIAN_POINT('Origin',(-181.340964120221,-314.091763349746,166.38846477158));
#3982=CARTESIAN_POINT('',(-318.980507424851,-587.490445483943,17.3422748632934));
#3983=CARTESIAN_POINT('Origin',(-334.135951991079,-578.740445483943,17.3422748632934));
#3984=CARTESIAN_POINT('',(-6.6495763358905,-46.5174040625699,322.010221881702));
#3985=CARTESIAN_POINT('',(-166.185519553993,-322.841763349746,166.38846477158));
#3986=CARTESIAN_POINT('Origin',(-21.8050209021182,-37.7674040625699,322.010221881702));
#3987=CARTESIAN_POINT('Origin',(-21.8050209021181,-37.7674040625699,322.010221881702));
#3988=CARTESIAN_POINT('Origin',(-334.135951991079,-578.740445483943,17.3422748632934));
#3989=UNCERTAINTY_MEASURE_WITH_UNIT(LENGTH_MEASURE(0.01),#3993,
'DISTANCE_ACCURACY_VALUE',
'Maximum model space distance between geometric entities at asserted c
onnectivities');
#3990=UNCERTAINTY_MEASURE_WITH_UNIT(LENGTH_MEASURE(0.01),#3993,
'DISTANCE_ACCURACY_VALUE',
'Maximum model space distance between geometric entities at asserted c
onnectivities');
#3991=(
GEOMETRIC_REPRESENTATION_CONTEXT(3)
GLOBAL_UNCERTAINTY_ASSIGNED_CONTEXT((#3989))
GLOBAL_UNIT_ASSIGNED_CONTEXT((#3993,#3994,#3995))
REPRESENTATION_CONTEXT('','3D')
);
#3992=(
GEOMETRIC_REPRESENTATION_CONTEXT(3)
GLOBAL_UNCERTAINTY_ASSIGNED_CONTEXT((#3990))
GLOBAL_UNIT_ASSIGNED_CONTEXT((#3993,#3994,#3995))
REPRESENTATION_CONTEXT('','3D')
);
#3993=(
LENGTH_UNIT()
NAMED_UNIT(*)
SI_UNIT(.MILLI.,.METRE.)
);
#3994=(
NAMED_UNIT(*)
PLANE_ANGLE_UNIT()
SI_UNIT($,.RADIAN.)
);
#3995=(
NAMED_UNIT(*)
SI_UNIT($,.STERADIAN.)
SOLID_ANGLE_UNIT()
);
#3996=SHAPE_DEFINITION_REPRESENTATION(#3997,#3998);
#3997=PRODUCT_DEFINITION_SHAPE('',$,#4000);
#3998=SHAPE_REPRESENTATION('',(#1084),#3991);
#3999=PRODUCT_DEFINITION_CONTEXT('part definition',#4004,'design');
#4000=PRODUCT_DEFINITION('834F73C3-EA0E-4ACD-A635-30C3132CE22E',
'NFS-Robot-V02 v209',#4001,#3999);
#4001=PRODUCT_DEFINITION_FORMATION('',$,#4006);
#4002=PRODUCT_RELATED_PRODUCT_CATEGORY('NFS-Robot-V02 v209',
'NFS-Robot-V02 v209',(#4006));
#4003=APPLICATION_PROTOCOL_DEFINITION('international standard',
'automotive_design',2009,#4004);
#4004=APPLICATION_CONTEXT(
'Core Data for Automotive Mechanical Design Process');
#4005=PRODUCT_CONTEXT('part definition',#4004,'mechanical');
#4006=PRODUCT('834F73C3-EA0E-4ACD-A635-30C3132CE22E',
'NFS-Robot-V02 v209','STEP AP214',(#4005));
#4007=PRESENTATION_STYLE_ASSIGNMENT((#4023));
#4008=PRESENTATION_STYLE_ASSIGNMENT((#4024));
#4009=PRESENTATION_STYLE_ASSIGNMENT((#4025));
#4010=PRESENTATION_STYLE_ASSIGNMENT((#4026));
#4011=PRESENTATION_STYLE_ASSIGNMENT((#4027));
#4012=PRESENTATION_STYLE_ASSIGNMENT((#4028));
#4013=PRESENTATION_STYLE_ASSIGNMENT((#4029));
#4014=PRESENTATION_STYLE_ASSIGNMENT((#4030));
#4015=PRESENTATION_STYLE_ASSIGNMENT((#4031));
#4016=PRESENTATION_STYLE_ASSIGNMENT((#4032));
#4017=PRESENTATION_STYLE_ASSIGNMENT((#4033));
#4018=PRESENTATION_STYLE_ASSIGNMENT((#4034));
#4019=PRESENTATION_STYLE_ASSIGNMENT((#4035));
#4020=PRESENTATION_STYLE_ASSIGNMENT((#4036));
#4021=PRESENTATION_STYLE_ASSIGNMENT((#4037));
#4022=PRESENTATION_STYLE_ASSIGNMENT((#4038));
#4023=SURFACE_STYLE_USAGE(.BOTH.,#4039);
#4024=SURFACE_STYLE_USAGE(.BOTH.,#4040);
#4025=SURFACE_STYLE_USAGE(.BOTH.,#4041);
#4026=SURFACE_STYLE_USAGE(.BOTH.,#4042);
#4027=SURFACE_STYLE_USAGE(.BOTH.,#4043);
#4028=SURFACE_STYLE_USAGE(.BOTH.,#4044);
#4029=SURFACE_STYLE_USAGE(.BOTH.,#4045);
#4030=SURFACE_STYLE_USAGE(.BOTH.,#4046);
#4031=SURFACE_STYLE_USAGE(.BOTH.,#4047);
#4032=SURFACE_STYLE_USAGE(.BOTH.,#4048);
#4033=SURFACE_STYLE_USAGE(.BOTH.,#4049);
#4034=SURFACE_STYLE_USAGE(.BOTH.,#4050);
#4035=SURFACE_STYLE_USAGE(.BOTH.,#4051);
#4036=SURFACE_STYLE_USAGE(.BOTH.,#4052);
#4037=SURFACE_STYLE_USAGE(.BOTH.,#4053);
#4038=SURFACE_STYLE_USAGE(.BOTH.,#4054);
#4039=SURFACE_SIDE_STYLE('',(#4055));
#4040=SURFACE_SIDE_STYLE('',(#4056));
#4041=SURFACE_SIDE_STYLE('',(#4057));
#4042=SURFACE_SIDE_STYLE('',(#4058));
#4043=SURFACE_SIDE_STYLE('',(#4059));
#4044=SURFACE_SIDE_STYLE('',(#4060));
#4045=SURFACE_SIDE_STYLE('',(#4061));
#4046=SURFACE_SIDE_STYLE('',(#4062));
#4047=SURFACE_SIDE_STYLE('',(#4063));
#4048=SURFACE_SIDE_STYLE('',(#4064));
#4049=SURFACE_SIDE_STYLE('',(#4065));
#4050=SURFACE_SIDE_STYLE('',(#4066));
#4051=SURFACE_SIDE_STYLE('',(#4067));
#4052=SURFACE_SIDE_STYLE('',(#4068));
#4053=SURFACE_SIDE_STYLE('',(#4069));
#4054=SURFACE_SIDE_STYLE('',(#4070));
#4055=SURFACE_STYLE_FILL_AREA(#4071);
#4056=SURFACE_STYLE_FILL_AREA(#4072);
#4057=SURFACE_STYLE_FILL_AREA(#4073);
#4058=SURFACE_STYLE_FILL_AREA(#4074);
#4059=SURFACE_STYLE_FILL_AREA(#4075);
#4060=SURFACE_STYLE_FILL_AREA(#4076);
#4061=SURFACE_STYLE_FILL_AREA(#4077);
#4062=SURFACE_STYLE_FILL_AREA(#4078);
#4063=SURFACE_STYLE_FILL_AREA(#4079);
#4064=SURFACE_STYLE_FILL_AREA(#4080);
#4065=SURFACE_STYLE_FILL_AREA(#4081);
#4066=SURFACE_STYLE_FILL_AREA(#4082);
#4067=SURFACE_STYLE_FILL_AREA(#4083);
#4068=SURFACE_STYLE_FILL_AREA(#4084);
#4069=SURFACE_STYLE_FILL_AREA(#4085);
#4070=SURFACE_STYLE_FILL_AREA(#4086);
#4071=FILL_AREA_STYLE('Plastic - Translucent Matte (Red)',(#4087));
#4072=FILL_AREA_STYLE('Aluminum - Satin',(#4088));
#4073=FILL_AREA_STYLE('Opaque(175,143,175)',(#4089));
#4074=FILL_AREA_STYLE('Opaque(159,175,143)',(#4090));
#4075=FILL_AREA_STYLE('Opaque(143,143,175)',(#4091));
#4076=FILL_AREA_STYLE('Opaque(175,159,143)',(#4092));
#4077=FILL_AREA_STYLE('Opaque(143,175,175)',(#4093));
#4078=FILL_AREA_STYLE('Steel - Satin',(#4094));
#4079=FILL_AREA_STYLE('Plastic - Matte (Red)',(#4095));
#4080=FILL_AREA_STYLE('Opaque(64,64,64)',(#4096));
#4081=FILL_AREA_STYLE('Opaque(135,140,140)',(#4097));
#4082=FILL_AREA_STYLE('Opaque(255,255,255)',(#4098));
#4083=FILL_AREA_STYLE('Glass (Clear)',(#4099));
#4084=FILL_AREA_STYLE('Steel - Satin',(#4100));
#4085=FILL_AREA_STYLE('Opaque(202,209,238)',(#4101));
#4086=FILL_AREA_STYLE('Glass (Bronze)',(#4102));
#4087=FILL_AREA_STYLE_COLOUR('Plastic - Translucent Matte (Red)',#4103);
#4088=FILL_AREA_STYLE_COLOUR('Aluminum - Satin',#4104);
#4089=FILL_AREA_STYLE_COLOUR('Opaque(175,143,175)',#4105);
#4090=FILL_AREA_STYLE_COLOUR('Opaque(159,175,143)',#4106);
#4091=FILL_AREA_STYLE_COLOUR('Opaque(143,143,175)',#4107);
#4092=FILL_AREA_STYLE_COLOUR('Opaque(175,159,143)',#4108);
#4093=FILL_AREA_STYLE_COLOUR('Opaque(143,175,175)',#4109);
#4094=FILL_AREA_STYLE_COLOUR('Steel - Satin',#4110);
#4095=FILL_AREA_STYLE_COLOUR('Plastic - Matte (Red)',#4111);
#4096=FILL_AREA_STYLE_COLOUR('Opaque(64,64,64)',#4112);
#4097=FILL_AREA_STYLE_COLOUR('Opaque(135,140,140)',#4113);
#4098=FILL_AREA_STYLE_COLOUR('Opaque(255,255,255)',#4114);
#4099=FILL_AREA_STYLE_COLOUR('Glass (Clear)',#4115);
#4100=FILL_AREA_STYLE_COLOUR('Steel - Satin',#4116);
#4101=FILL_AREA_STYLE_COLOUR('Opaque(202,209,238)',#4117);
#4102=FILL_AREA_STYLE_COLOUR('Glass (Bronze)',#4118);
#4103=COLOUR_RGB('Plastic - Translucent Matte (Red)',0.768627450980392,
0.207843137254902,0.152941176470588);
#4104=COLOUR_RGB('Aluminum - Satin',0.96078431372549,0.96078431372549,0.964705882352941);
#4105=COLOUR_RGB('Opaque(175,143,175)',0.686274509803922,0.56078431372549,
0.686274509803922);
#4106=COLOUR_RGB('Opaque(159,175,143)',0.623529411764706,0.686274509803922,
0.56078431372549);
#4107=COLOUR_RGB('Opaque(143,143,175)',0.56078431372549,0.56078431372549,
0.686274509803922);
#4108=COLOUR_RGB('Opaque(175,159,143)',0.686274509803922,0.623529411764706,
0.56078431372549);
#4109=COLOUR_RGB('Opaque(143,175,175)',0.56078431372549,0.686274509803922,
0.686274509803922);
#4110=COLOUR_RGB('Steel - Satin',0.627450980392157,0.627450980392157,0.627450980392157);
#4111=COLOUR_RGB('Plastic - Matte (Red)',0.768627450980392,0.207843137254902,
0.152941176470588);
#4112=COLOUR_RGB('Opaque(64,64,64)',0.250980392156863,0.250980392156863,
0.250980392156863);
#4113=COLOUR_RGB('Opaque(135,140,140)',0.529411764705882,0.549019607843137,
0.549019607843137);
#4114=COLOUR_RGB('Opaque(255,255,255)',1.,1.,1.);
#4115=COLOUR_RGB('Glass (Clear)',0.964705882352941,0.964705882352941,0.952941176470588);
#4116=COLOUR_RGB('Steel - Satin',0.552941176470588,0.227450980392157,0.227450980392157);
#4117=COLOUR_RGB('Opaque(202,209,238)',0.792156862745098,0.819607843137255,
0.933333333333333);
#4118=COLOUR_RGB('Glass (Bronze)',0.627450980392157,0.486274509803922,0.349019607843137);
ENDSEC;
END-ISO-10303-21;
