ISO-10303-21;
HEADER;
FILE_DESCRIPTION (( 'STEP AP214' ),
    '1' );
FILE_NAME ('17HS19-2504S.STEP',
    '2025-08-27T00:42:41',
    ( '' ),
    ( '' ),
    'SwSTEP 2.0',
    'SolidWorks 2023',
    '' );
FILE_SCHEMA (( 'AUTOMOTIVE_DESIGN' ));
ENDSEC;

DATA;
#1 = STYLED_ITEM ( 'NONE', ( #4447 ), #1334 ) ;
#2 = DIRECTION ( 'NONE',  ( 1.000000000000000000, -3.885970363620945164E-15, 0.000000000000000000 ) ) ;
#3 = CARTESIAN_POINT ( 'NONE',  ( -21.00355339059326809, 17.29644660940670775, 38.00000000000000000 ) ) ;
#4 = DIRECTION ( 'NONE',  ( 0.000000000000000000, 0.000000000000000000, 1.000000000000000000 ) ) ;
#5 = CARTESIAN_POINT ( 'NONE',  ( 0.000000000000000000, 0.000000000000000000, 0.000000000000000000 ) ) ;
#6 = MECHANICAL_DESIGN_GEOMETRIC_PRESENTATION_REPRESENTATION (  '', ( #4455 ), #7255 ) ;
#7 = DIRECTION ( 'NONE',  ( -0.7071067811865475727, -0.7071067811865475727, 0.000000000000000000 ) ) ;
#8 = EDGE_CURVE ( 'NONE', #2774, #8397, #7532, .T. ) ;
#9 = ORIENTED_EDGE ( 'NONE', *, *, #9516, .F. ) ;
#10 = EDGE_CURVE ( 'NONE', #9135, #6164, #9474, .T. ) ;
#11 = FILL_AREA_STYLE ('',( #8607 ) ) ;
#12 = ORIENTED_EDGE ( 'NONE', *, *, #5824, .T. ) ;
#13 = MECHANICAL_DESIGN_GEOMETRIC_PRESENTATION_REPRESENTATION (  '', ( #8725 ), #4631 ) ;
#14 = CARTESIAN_POINT ( 'NONE',  ( -3.599999999999998312, -19.15000000000000568, 40.00000000000000000 ) ) ;
#15 = EDGE_CURVE ( 'NONE', #4492, #9300, #8320, .T. ) ;
#16 =( NAMED_UNIT ( * ) PLANE_ANGLE_UNIT ( ) SI_UNIT ( $, .RADIAN. ) );
#17 = DIRECTION ( 'NONE',  ( 0.000000000000000000, 0.000000000000000000, 1.000000000000000000 ) ) ;
#18 = CARTESIAN_POINT ( 'NONE',  ( -15.05359323060823584, 14.15069333393197404, 47.49262389544726659 ) ) ;
#19 = MECHANICAL_DESIGN_GEOMETRIC_PRESENTATION_REPRESENTATION (  '', ( #7926 ), #3653 ) ;
#20 = CARTESIAN_POINT ( 'NONE',  ( -15.49999999999897859, -15.50000000000102141, 47.50000000000000000 ) ) ;
#21 = AXIS2_PLACEMENT_3D ( 'NONE', #6645, #9777, #6443 ) ;
#22 = ORIENTED_EDGE ( 'NONE', *, *, #555, .F. ) ;
#23 = ORIENTED_EDGE ( 'NONE', *, *, #8515, .T. ) ;
#24 = SURFACE_SIDE_STYLE ('',( #903 ) ) ;
#25 = CARTESIAN_POINT ( 'NONE',  ( 15.94640676939198087, -16.84930666606609151, 46.50000000000000000 ) ) ;
#26 = CIRCLE ( 'NONE', #7774, 1.299999999999999156 ) ;
#27 =( NAMED_UNIT ( * ) PLANE_ANGLE_UNIT ( ) SI_UNIT ( $, .RADIAN. ) );
#28 = CARTESIAN_POINT ( 'NONE',  ( 14.21692477204111071, -15.92449465477574577, 47.50000000000000000 ) ) ;
#29 = CARTESIAN_POINT ( 'NONE',  ( 14.21692477204111604, -15.07550534522241215, 47.49867441544043345 ) ) ;
#30 = DIRECTION ( 'NONE',  ( 1.000000000000000000, 0.000000000000000000, 0.000000000000000000 ) ) ;
#31 = PLANE ( 'NONE',  #6257 ) ;
#32 = CIRCLE ( 'NONE', #5814, 0.5000000000000000000 ) ;
#33 = ORIENTED_EDGE ( 'NONE', *, *, #7744, .T. ) ;
#34 = ORIENTED_EDGE ( 'NONE', *, *, #1067, .F. ) ;
#35 = FILL_AREA_STYLE ('',( #2365 ) ) ;
#36 = ORIENTED_EDGE ( 'NONE', *, *, #1842, .T. ) ;
#37 = LINE ( 'NONE', #661, #7676 ) ;
#38 = COLOUR_RGB ( '',0.2509803921568627416, 0.2509803921568627416, 0.2509803921568627416 ) ;
#39 = DIRECTION ( 'NONE',  ( -0.7071067811865411334, 0.000000000000000000, -0.7071067811865539010 ) ) ;
#40 = PLANE ( 'NONE',  #5120 ) ;
#41 = DIRECTION ( 'NONE',  ( 3.751515886037098688E-15, 1.000000000000000000, 0.000000000000000000 ) ) ;
#42 = ADVANCED_FACE ( 'NONE', ( #4446 ), #6524, .T. ) ;
#43 =( NAMED_UNIT ( * ) SI_UNIT ( $, .STERADIAN. ) SOLID_ANGLE_UNIT ( ) );
#44 =( GEOMETRIC_REPRESENTATION_CONTEXT ( 3 ) GLOBAL_UNCERTAINTY_ASSIGNED_CONTEXT ( ( #5756 ) ) GLOBAL_UNIT_ASSIGNED_CONTEXT ( ( #2084, #2190, #6684 ) ) REPRESENTATION_CONTEXT ( 'NONE', 'WORKASPACE' ) );
#45 = SURFACE_STYLE_USAGE ( .BOTH. , #4688 ) ;
#46 = ORIENTED_EDGE ( 'NONE', *, *, #7332, .T. ) ;
#47 = DIRECTION ( 'NONE',  ( -1.000000000000000000, 0.000000000000000000, -0.000000000000000000 ) ) ;
#48 = ORIENTED_EDGE ( 'NONE', *, *, #3414, .F. ) ;
#49 = DIRECTION ( 'NONE',  ( 0.6766252893427929793, 0.000000000000000000, -0.7363275207553916513 ) ) ;
#50 = DIRECTION ( 'NONE',  ( 0.000000000000000000, 0.000000000000000000, -1.000000000000000000 ) ) ;
#51 = DIRECTION ( 'NONE',  ( -0.000000000000000000, -1.000000000000000000, 0.000000000000000000 ) ) ;
#52 = AXIS2_PLACEMENT_3D ( 'NONE', #7843, #1864, #8853 ) ;
#53 = LINE ( 'NONE', #979, #520 ) ;
#54 = CARTESIAN_POINT ( 'NONE',  ( 1.379851512413567960, -39.15000000000000568, 42.37285355221676042 ) ) ;
#55 = DIRECTION ( 'NONE',  ( -0.000000000000000000, -0.000000000000000000, 1.000000000000000000 ) ) ;
#56 = CARTESIAN_POINT ( 'NONE',  ( 0.000000000000000000, 0.000000000000000000, 40.00000000000000000 ) ) ;
#57 = EDGE_CURVE ( 'NONE', #5612, #9135, #2062, .T. ) ;
#59 = ORIENTED_EDGE ( 'NONE', *, *, #2582, .F. ) ;
#58 =( GEOMETRIC_REPRESENTATION_CONTEXT ( 3 ) GLOBAL_UNCERTAINTY_ASSIGNED_CONTEXT ( ( #1231 ) ) GLOBAL_UNIT_ASSIGNED_CONTEXT ( ( #5518, #6300, #9478 ) ) REPRESENTATION_CONTEXT ( 'NONE', 'WORKASPACE' ) );
#60 = CYLINDRICAL_SURFACE ( 'NONE', #3600, 0.5000000000000000000 ) ;
#61 = ORIENTED_EDGE ( 'NONE', *, *, #5563, .F. ) ;
#62 = PLANE ( 'NONE',  #737 ) ;
#63 = EDGE_CURVE ( 'NONE', #9883, #3053, #9230, .T. ) ;
#64 = DIRECTION ( 'NONE',  ( -0.000000000000000000, -0.000000000000000000, 1.000000000000000000 ) ) ;
#65 = CIRCLE ( 'NONE', #2713, 0.5000000000000004441 ) ;
#66 = EDGE_CURVE ( 'NONE', #6419, #7856, #2779, .T. ) ;
#67 = EDGE_CURVE ( 'NONE', #6516, #4063, #5719, .T. ) ;
#68 = ORIENTED_EDGE ( 'NONE', *, *, #7229, .T. ) ;
#69 = UNCERTAINTY_MEASURE_WITH_UNIT (LENGTH_MEASURE( 1.000000000000000082E-05 ), #2319, 'distance_accuracy_value', 'NONE');
#70 = ORIENTED_EDGE ( 'NONE', *, *, #2725, .T. ) ;
#71 = DIRECTION ( 'NONE',  ( -0.000000000000000000, -0.000000000000000000, 1.000000000000000000 ) ) ;
#72 = MECHANICAL_DESIGN_GEOMETRIC_PRESENTATION_REPRESENTATION (  '', ( #4519 ), #5194 ) ;
#73 = FILL_AREA_STYLE_COLOUR ( '', #944 ) ;
#74 = SURFACE_SIDE_STYLE ('',( #2359 ) ) ;
#75 = DIRECTION ( 'NONE',  ( 0.7071067811865441310, -0.7071067811865510144, -0.000000000000000000 ) ) ;
#76 =( LENGTH_UNIT ( ) NAMED_UNIT ( * ) SI_UNIT ( .MILLI., .METRE. ) );
#77 = VECTOR ( 'NONE', #4419, 1000.000000000000000 ) ;
#78 = STYLED_ITEM ( 'NONE', ( #7802 ), #5616 ) ;
#79 = ORIENTED_EDGE ( 'NONE', *, *, #752, .F. ) ;
#80 = VERTEX_POINT ( 'NONE', #6203 ) ;
#81 = CARTESIAN_POINT ( 'NONE',  ( 15.92449465477571025, 16.74685775593360049, 47.50000000000000000 ) ) ;
#82 = ORIENTED_EDGE ( 'NONE', *, *, #1462, .F. ) ;
#83 = UNCERTAINTY_MEASURE_WITH_UNIT (LENGTH_MEASURE( 1.000000000000000082E-05 ), #1814, 'distance_accuracy_value', 'NONE');
#84 = DIRECTION ( 'NONE',  ( 1.000000000000000000, 0.000000000000000000, 0.000000000000000000 ) ) ;
#85 = SURFACE_SIDE_STYLE ('',( #6185 ) ) ;
#86 = AXIS2_PLACEMENT_3D ( 'NONE', #5735, #9696, #3961 ) ;
#87 = DIRECTION ( 'NONE',  ( -1.000000000000000000, 3.751515886037091589E-15, 0.000000000000000000 ) ) ;
#88 = VECTOR ( 'NONE', #5576, 1000.000000000000000 ) ;
#89 = DIRECTION ( 'NONE',  ( 0.000000000000000000, -1.000000000000000000, 0.000000000000000000 ) ) ;
#90 = CARTESIAN_POINT ( 'NONE',  ( 0.000000000000000000, 21.14999999999999858, 40.00000000000000000 ) ) ;
#91 = EDGE_LOOP ( 'NONE', ( #5660, #2327, #295, #947 ) ) ;
#92 = SURFACE_SIDE_STYLE ('',( #1748 ) ) ;
#93 = AXIS2_PLACEMENT_3D ( 'NONE', #7012, #8449, #559 ) ;
#94 = STYLED_ITEM ( 'NONE', ( #9738 ), #5245 ) ;
#95 = ORIENTED_EDGE ( 'NONE', *, *, #3822, .F. ) ;
#96 = DIRECTION ( 'NONE',  ( -0.000000000000000000, -0.000000000000000000, 1.000000000000000000 ) ) ;
#97 = DIRECTION ( 'NONE',  ( 1.000000000000000000, 0.000000000000000000, 0.000000000000000000 ) ) ;
#98 = CARTESIAN_POINT ( 'NONE',  ( -13.19999999999897788, -15.50000000000102141, 47.50000000000000000 ) ) ;
#99 = PRESENTATION_STYLE_ASSIGNMENT (( #4756 ) ) ;
#100 = AXIS2_PLACEMENT_3D ( 'NONE', #5404, #3841, #545 ) ;
#101 = DIRECTION ( 'NONE',  ( -1.000000000000000000, 2.073370231917083424E-15, 0.000000000000000000 ) ) ;
#102 = VECTOR ( 'NONE', #1474, 1000.000000000000000 ) ;
#103 = DIRECTION ( 'NONE',  ( 0.000000000000000000, 0.000000000000000000, 1.000000000000000000 ) ) ;
#104 = SURFACE_STYLE_USAGE ( .BOTH. , #7131 ) ;
#105 = ORIENTED_EDGE ( 'NONE', *, *, #4925, .F. ) ;
#106 = DIRECTION ( 'NONE',  ( 2.775557561562888827E-14, -6.938893903907222067E-15, 1.000000000000000000 ) ) ;
#107 = ORIENTED_EDGE ( 'NONE', *, *, #2163, .F. ) ;
#108 = EDGE_CURVE ( 'NONE', #9083, #7293, #3186, .T. ) ;
#109 = DIRECTION ( 'NONE',  ( -0.000000000000000000, 1.000000000000000000, -0.000000000000000000 ) ) ;
#110 =( NAMED_UNIT ( * ) PLANE_ANGLE_UNIT ( ) SI_UNIT ( $, .RADIAN. ) );
#111 = EDGE_CURVE ( 'NONE', #403, #6386, #4347, .T. ) ;
#112 = CARTESIAN_POINT ( 'NONE',  ( 21.16000000000000014, -13.31369220013742272, -53.84951795962939514 ) ) ;
#113 = DIRECTION ( 'NONE',  ( -1.000000000000000000, 0.000000000000000000, 0.000000000000000000 ) ) ;
#114 =( GEOMETRIC_REPRESENTATION_CONTEXT ( 3 ) GLOBAL_UNCERTAINTY_ASSIGNED_CONTEXT ( ( #2678 ) ) GLOBAL_UNIT_ASSIGNED_CONTEXT ( ( #9661, #8770, #9611 ) ) REPRESENTATION_CONTEXT ( 'NONE', 'WORKASPACE' ) );
#115 = CIRCLE ( 'NONE', #3583, 25.00000000000000000 ) ;
#116 = CARTESIAN_POINT ( 'NONE',  ( 15.05359323060813814, -14.27904914257755209, 47.50000000000000000 ) ) ;
#117 = ORIENTED_EDGE ( 'NONE', *, *, #6562, .F. ) ;
#118 =( GEOMETRIC_REPRESENTATION_CONTEXT ( 3 ) GLOBAL_UNCERTAINTY_ASSIGNED_CONTEXT ( ( #9981 ) ) GLOBAL_UNIT_ASSIGNED_CONTEXT ( ( #7466, #5001, #353 ) ) REPRESENTATION_CONTEXT ( 'NONE', 'WORKASPACE' ) );
#119 = EDGE_CURVE ( 'NONE', #5237, #9844, #5425, .T. ) ;
#120 = ORIENTED_EDGE ( 'NONE', *, *, #957, .T. ) ;
#121 =( LENGTH_UNIT ( ) NAMED_UNIT ( * ) SI_UNIT ( .MILLI., .METRE. ) );
#122 = EDGE_CURVE ( 'NONE', #588, #4000, #3913, .T. ) ;
#123 = FILL_AREA_STYLE_COLOUR ( '', #5721 ) ;
#124 = CARTESIAN_POINT ( 'NONE',  ( -15.05359323060823584, 14.15069333393197404, 47.49262389544726659 ) ) ;
#125 = EDGE_CURVE ( 'NONE', #5324, #4729, #1509, .T. ) ;
#126 = DIRECTION ( 'NONE',  ( -0.000000000000000000, -0.000000000000000000, 1.000000000000000000 ) ) ;
#127 = PRESENTATION_LAYER_ASSIGNMENT (  '', '', ( #6399 ) ) ;
#128 = CARTESIAN_POINT ( 'NONE',  ( -21.14999999999999503, 13.32957238623956364, 38.00000000000000000 ) ) ;
#129 = CARTESIAN_POINT ( 'NONE',  ( 21.00355339059327164, 17.29644660940672196, 38.00000000000000000 ) ) ;
#130 = VECTOR ( 'NONE', #9943, 1000.000000000000000 ) ;
#131 = ORIENTED_EDGE ( 'NONE', *, *, #5307, .T. ) ;
#132 = ORIENTED_EDGE ( 'NONE', *, *, #3907, .T. ) ;
#133 = LINE ( 'NONE', #6288, #2604 ) ;
#134 = ORIENTED_EDGE ( 'NONE', *, *, #1897, .T. ) ;
#135 =( GEOMETRIC_REPRESENTATION_CONTEXT ( 3 ) GLOBAL_UNCERTAINTY_ASSIGNED_CONTEXT ( ( #4332 ) ) GLOBAL_UNIT_ASSIGNED_CONTEXT ( ( #5130, #9652, #373 ) ) REPRESENTATION_CONTEXT ( 'NONE', 'WORKASPACE' ) );
#136 = AXIS2_PLACEMENT_3D ( 'NONE', #2866, #1429, #2145 ) ;
#137 = EDGE_CURVE ( 'NONE', #7418, #9714, #747, .T. ) ;
#138 = CARTESIAN_POINT ( 'NONE',  ( -20.64999999999999503, -17.14999999999998792, 48.00000000000000000 ) ) ;
#139 =( LENGTH_UNIT ( ) NAMED_UNIT ( * ) SI_UNIT ( .MILLI., .METRE. ) );
#140 =( LENGTH_UNIT ( ) NAMED_UNIT ( * ) SI_UNIT ( .MILLI., .METRE. ) );
#141 = CIRCLE ( 'NONE', #7393, 1.249999999999997558 ) ;
#142 = VECTOR ( 'NONE', #6547, 1000.000000000000000 ) ;
#143 = ORIENTED_EDGE ( 'NONE', *, *, #2078, .T. ) ;
#144 = VERTEX_POINT ( 'NONE', #4644 ) ;
#145 =( LENGTH_UNIT ( ) NAMED_UNIT ( * ) SI_UNIT ( .MILLI., .METRE. ) );
#146 = AXIS2_PLACEMENT_3D ( 'NONE', #468, #8506, #9231 ) ;
#147 = CARTESIAN_POINT ( 'NONE',  ( -16.78307522795911311, 15.92449465477565163, 46.50000000000000000 ) ) ;
#148 = DIRECTION ( 'NONE',  ( -0.000000000000000000, -0.000000000000000000, 1.000000000000000000 ) ) ;
#149 = VECTOR ( 'NONE', #4198, 1000.000000000000000 ) ;
#150 =( NAMED_UNIT ( * ) PLANE_ANGLE_UNIT ( ) SI_UNIT ( $, .RADIAN. ) );
#151 = STYLED_ITEM ( 'NONE', ( #7025 ), #6119 ) ;
#152 = STYLED_ITEM ( 'NONE', ( #9191 ), #1114 ) ;
#153 = DIRECTION ( 'NONE',  ( 0.000000000000000000, 0.000000000000000000, -1.000000000000000000 ) ) ;
#154 = ORIENTED_EDGE ( 'NONE', *, *, #5563, .T. ) ;
#155 = ORIENTED_EDGE ( 'NONE', *, *, #7126, .T. ) ;
#156 = ORIENTED_EDGE ( 'NONE', *, *, #4214, .T. ) ;
#157 = ORIENTED_EDGE ( 'NONE', *, *, #8936, .F. ) ;
#158 = FILL_AREA_STYLE ('',( #8712 ) ) ;
#159 = CARTESIAN_POINT ( 'NONE',  ( 0.000000000000000000, 0.000000000000000000, -2.000000000000000000 ) ) ;
#160 = LINE ( 'NONE', #9288, #704 ) ;
#161 = ADVANCED_FACE ( 'NONE', ( #3161, #7891 ), #3958, .T. ) ;
#162 = FACE_OUTER_BOUND ( 'NONE', #8214, .T. ) ;
#163 = VERTEX_POINT ( 'NONE', #3 ) ;
#164 = UNCERTAINTY_MEASURE_WITH_UNIT (LENGTH_MEASURE( 1.000000000000000082E-05 ), #3557, 'distance_accuracy_value', 'NONE');
#165 = ORIENTED_EDGE ( 'NONE', *, *, #5055, .T. ) ;
#166 = DIRECTION ( 'NONE',  ( 1.000000000000000000, 0.000000000000000000, -0.000000000000000000 ) ) ;
#167 = DIRECTION ( 'NONE',  ( 1.000000000000000000, 0.000000000000000000, -0.000000000000000000 ) ) ;
#168 = CARTESIAN_POINT ( 'NONE',  ( 16.78307522795901008, -15.21910815488984170, 47.50000000000000000 ) ) ;
#169 = CARTESIAN_POINT ( 'NONE',  ( 21.14999999999999858, 13.32957238623956009, 5.900501256289341967 ) ) ;
#170 = VECTOR ( 'NONE', #10030, 1000.000000000000000 ) ;
#171 = CARTESIAN_POINT ( 'NONE',  ( 2.500000000000000000, 0.000000000000000000, 1.000000000000000000 ) ) ;
#172 = VERTEX_POINT ( 'NONE', #3209 ) ;
#173 = ORIENTED_EDGE ( 'NONE', *, *, #2347, .F. ) ;
#174 = EDGE_CURVE ( 'NONE', #6668, #2749, #7024, .T. ) ;
#175 = FACE_OUTER_BOUND ( 'NONE', #8711, .T. ) ;
#176 = ORIENTED_EDGE ( 'NONE', *, *, #885, .F. ) ;
#177 = UNCERTAINTY_MEASURE_WITH_UNIT (LENGTH_MEASURE( 1.000000000000000082E-05 ), #2765, 'distance_accuracy_value', 'NONE');
#178 = AXIS2_PLACEMENT_3D ( 'NONE', #5412, #8346, #5216 ) ;
#179 = DIRECTION ( 'NONE',  ( 0.000000000000000000, -1.000000000000000000, 0.000000000000000000 ) ) ;
#180 = LINE ( 'NONE', #8891, #6226 ) ;
#181 = B_SPLINE_CURVE_WITH_KNOTS ( 'NONE', 3,
 ( #5027, #168, #8114, #5764 ),
 .UNSPECIFIED., .F., .F.,
 ( 4, 4 ),
 ( 0.000000000000000000, 0.0002154103325609307785 ),
 .UNSPECIFIED. ) ;
#182 = EDGE_CURVE ( 'NONE', #3368, #4656, #832, .T. ) ;
#183 = FILL_AREA_STYLE_COLOUR ( '', #5876 ) ;
#184 = EDGE_CURVE ( 'NONE', #3506, #2246, #7829, .T. ) ;
#185 = AXIS2_PLACEMENT_3D ( 'NONE', #2369, #4737, #915 ) ;
#186 = CARTESIAN_POINT ( 'NONE',  ( -15.92449465477580794, -15.94640676939192758, 47.50000000000000000 ) ) ;
#187 = DIRECTION ( 'NONE',  ( 0.000000000000000000, 0.000000000000000000, -1.000000000000000000 ) ) ;
#188 = VERTEX_POINT ( 'NONE', #773 ) ;
#189 = EDGE_CURVE ( 'NONE', #4682, #222, #6028, .T. ) ;
#190 = DIRECTION ( 'NONE',  ( 0.000000000000000000, 0.000000000000000000, -1.000000000000000000 ) ) ;
#191 = COLOUR_RGB ( '',0.2509803921568627416, 0.2509803921568627416, 0.2509803921568627416 ) ;
#192 = ORIENTED_EDGE ( 'NONE', *, *, #5240, .F. ) ;
#193 = CARTESIAN_POINT ( 'NONE',  ( 15.50000000000000000, 1.898202538678397557E-15, 0.000000000000000000 ) ) ;
#194 =( NAMED_UNIT ( * ) SI_UNIT ( $, .STERADIAN. ) SOLID_ANGLE_UNIT ( ) );
#195 = LINE ( 'NONE', #8902, #6878 ) ;
#196 = SURFACE_SIDE_STYLE ('',( #8246 ) ) ;
#197 = FACE_OUTER_BOUND ( 'NONE', #7455, .T. ) ;
#198 = PLANE ( 'NONE',  #1468 ) ;
#199 = DIRECTION ( 'NONE',  ( -0.000000000000000000, -0.000000000000000000, -1.000000000000000000 ) ) ;
#200 = SURFACE_SIDE_STYLE ('',( #7279 ) ) ;
#201 = FILL_AREA_STYLE ('',( #4120 ) ) ;
#202 = EDGE_LOOP ( 'NONE', ( #2858, #79, #9866, #4836 ) ) ;
#203 = ORIENTED_EDGE ( 'NONE', *, *, #4674, .F. ) ;
#204 = ORIENTED_EDGE ( 'NONE', *, *, #125, .F. ) ;
#205 = CARTESIAN_POINT ( 'NONE',  ( 21.15000000000000213, -16.94289321881343113, 38.00000000000000000 ) ) ;
#206 = LINE ( 'NONE', #9177, #8235 ) ;
#207 = LINE ( 'NONE', #3316, #9162 ) ;
#208 = CARTESIAN_POINT ( 'NONE',  ( -15.70908840092238812, -16.78307522795895323, 47.50000000000000000 ) ) ;
#209 =( GEOMETRIC_REPRESENTATION_CONTEXT ( 3 ) GLOBAL_UNCERTAINTY_ASSIGNED_CONTEXT ( ( #6290 ) ) GLOBAL_UNIT_ASSIGNED_CONTEXT ( ( #7579, #4533, #4489 ) ) REPRESENTATION_CONTEXT ( 'NONE', 'WORKASPACE' ) );
#210 = DIRECTION ( 'NONE',  ( 1.000000000000000000, 0.000000000000000000, 0.000000000000000000 ) ) ;
#211 = CARTESIAN_POINT ( 'NONE',  ( 15.50000000000101963, -15.49999999999983658, 47.50000000000000000 ) ) ;
#212 = EDGE_LOOP ( 'NONE', ( #7257, #7868, #7022, #7519, #6327, #2758 ) ) ;
#213 = ORIENTED_EDGE ( 'NONE', *, *, #1592, .T. ) ;
#214 = ORIENTED_EDGE ( 'NONE', *, *, #2837, .F. ) ;
#215 = DIRECTION ( 'NONE',  ( 0.000000000000000000, 0.000000000000000000, 1.000000000000000000 ) ) ;
#216 = CIRCLE ( 'NONE', #9287, 11.50000000000000000 ) ;
#217 = LINE ( 'NONE', #2551, #7852 ) ;
#218 = DIRECTION ( 'NONE',  ( 1.000000000000000000, 0.000000000000000000, 0.000000000000000000 ) ) ;
#219 = PRESENTATION_STYLE_ASSIGNMENT (( #9665 ) ) ;
#220 = CARTESIAN_POINT ( 'NONE',  ( 16.94289321881342048, 20.64999999999999858, 47.50000000000000000 ) ) ;
#221 = COLOUR_RGB ( '',0.2509803921568627416, 0.2509803921568627416, 0.2509803921568627416 ) ;
#222 = VERTEX_POINT ( 'NONE', #9385 ) ;
#223 = ORIENTED_EDGE ( 'NONE', *, *, #9568, .F. ) ;
#224 = ORIENTED_EDGE ( 'NONE', *, *, #5061, .T. ) ;
#225 = EDGE_CURVE ( 'NONE', #4964, #6891, #2063, .T. ) ;
#226 = PRESENTATION_STYLE_ASSIGNMENT (( #5093 ) ) ;
#227 = CARTESIAN_POINT ( 'NONE',  ( 13.31369220013741206, -21.16000000000000725, -53.84951795962939514 ) ) ;
#228 = CARTESIAN_POINT ( 'NONE',  ( 15.94640676939200041, -14.27904914257685931, 47.50000000000000000 ) ) ;
#229 = LINE ( 'NONE', #8990, #5145 ) ;
#230 = ADVANCED_FACE ( 'NONE', ( #5476 ), #5577, .F. ) ;
#231 = AXIS2_PLACEMENT_3D ( 'NONE', #8318, #2711, #5135 ) ;
#232 = SURFACE_SIDE_STYLE ('',( #1023 ) ) ;
#233 = ORIENTED_EDGE ( 'NONE', *, *, #8691, .F. ) ;
#234 = CARTESIAN_POINT ( 'NONE',  ( 13.31369220013741206, -21.16000000000000725, 5.999999999999998224 ) ) ;
#235 = VERTEX_POINT ( 'NONE', #4004 ) ;
#236 = EDGE_CURVE ( 'NONE', #1493, #5077, #7170, .T. ) ;
#237 = AXIS2_PLACEMENT_3D ( 'NONE', #2309, #4878, #8677 ) ;
#238 = CARTESIAN_POINT ( 'NONE',  ( -17.14999999999997726, -21.15000000000000568, 0.5000000000000004441 ) ) ;
#239 = DIRECTION ( 'NONE',  ( 1.000000000000000000, 0.000000000000000000, 0.000000000000000000 ) ) ;
#240 = AXIS2_PLACEMENT_3D ( 'NONE', #4643, #49, #10152 ) ;
#241 = ADVANCED_FACE ( 'NONE', ( #9538 ), #2481, .F. ) ;
#242 = DIRECTION ( 'NONE',  ( -1.875757943018545794E-15, 1.000000000000000000, -0.000000000000000000 ) ) ;
#243 = AXIS2_PLACEMENT_3D ( 'NONE', #3818, #7836, #1702 ) ;
#244 = CARTESIAN_POINT ( 'NONE',  ( -21.14999999999999503, -16.94289321881344534, 0.5000000000000004441 ) ) ;
#245 =( LENGTH_UNIT ( ) NAMED_UNIT ( * ) SI_UNIT ( .MILLI., .METRE. ) );
#246 = LINE ( 'NONE', #4167, #461 ) ;
#247 = ADVANCED_FACE ( 'NONE', ( #6969 ), #4953, .F. ) ;
#248 = LINE ( 'NONE', #1707, #1251 ) ;
#249 = VECTOR ( 'NONE', #5634, 1000.000000000000000 ) ;
#250 = CIRCLE ( 'NONE', #2905, 2.500000000000000000 ) ;
#251 = DIRECTION ( 'NONE',  ( 0.000000000000000000, 1.000000000000000000, 0.000000000000000000 ) ) ;
#252 = DIRECTION ( 'NONE',  ( 0.000000000000000000, 1.226634733346691619E-15, -1.000000000000000000 ) ) ;
#253 = VERTEX_POINT ( 'NONE', #4113 ) ;
#254 = ORIENTED_EDGE ( 'NONE', *, *, #1215, .T. ) ;
#255 = ORIENTED_EDGE ( 'NONE', *, *, #1901, .F. ) ;
#256 = DIRECTION ( 'NONE',  ( 0.000000000000000000, -1.000000000000000000, 0.000000000000000000 ) ) ;
#257 =( GEOMETRIC_REPRESENTATION_CONTEXT ( 3 ) GLOBAL_UNCERTAINTY_ASSIGNED_CONTEXT ( ( #3717 ) ) GLOBAL_UNIT_ASSIGNED_CONTEXT ( ( #4204, #9781, #4311 ) ) REPRESENTATION_CONTEXT ( 'NONE', 'WORKASPACE' ) );
#258 = PRESENTATION_STYLE_ASSIGNMENT (( #2654 ) ) ;
#259 = AXIS2_PLACEMENT_3D ( 'NONE', #6738, #8275, #336 ) ;
#260 = DIRECTION ( 'NONE',  ( 0.000000000000000000, 0.000000000000000000, 1.000000000000000000 ) ) ;
#261 = DIRECTION ( 'NONE',  ( 1.000000000000000000, 0.000000000000000000, 0.000000000000000000 ) ) ;
#262 = DIRECTION ( 'NONE',  ( 0.000000000000000000, 0.000000000000000000, -1.000000000000000000 ) ) ;
#263 = DIRECTION ( 'NONE',  ( 1.000000000000000000, 0.000000000000000000, 0.000000000000000000 ) ) ;
#264 = ORIENTED_EDGE ( 'NONE', *, *, #1906, .F. ) ;
#265 = ORIENTED_EDGE ( 'NONE', *, *, #6686, .F. ) ;
#266 = CIRCLE ( 'NONE', #9326, 25.00000000000000000 ) ;
#267 = ORIENTED_EDGE ( 'NONE', *, *, #2916, .T. ) ;
#268 = CARTESIAN_POINT ( 'NONE',  ( -14.24999999999994316, -15.50000000000004974, 4.500000000000000888 ) ) ;
#269 = SURFACE_STYLE_FILL_AREA ( #7353 ) ;
#270 = LINE ( 'NONE', #5760, #8083 ) ;
#271 = CIRCLE ( 'NONE', #7207, 2.000000000000029310 ) ;
#272 = CARTESIAN_POINT ( 'NONE',  ( -15.07550534522246011, -14.21692477204106098, 47.49867441544044055 ) ) ;
#273 = CARTESIAN_POINT ( 'NONE',  ( 0.000000000000000000, 0.000000000000000000, 46.00000000000000000 ) ) ;
#274 = PRESENTATION_STYLE_ASSIGNMENT (( #4986 ) ) ;
#275 = CIRCLE ( 'NONE', #5238, 2.500000000000000000 ) ;
#276 = ORIENTED_EDGE ( 'NONE', *, *, #6685, .T. ) ;
#277 = VERTEX_POINT ( 'NONE', #9004 ) ;
#278 = CARTESIAN_POINT ( 'NONE',  ( -15.94640676939209456, 15.07550534522231089, 47.50000000000000000 ) ) ;
#279 = PRESENTATION_LAYER_ASSIGNMENT (  '', '', ( #3468 ) ) ;
#280 = ORIENTED_EDGE ( 'NONE', *, *, #4665, .T. ) ;
#281 = UNCERTAINTY_MEASURE_WITH_UNIT (LENGTH_MEASURE( 1.000000000000000082E-05 ), #5037, 'distance_accuracy_value', 'NONE');
#282 = SURFACE_STYLE_FILL_AREA ( #6492 ) ;
#283 = CARTESIAN_POINT ( 'NONE',  ( -14.15069333393213391, -15.20239548707239940, 47.49833231681230217 ) ) ;
#284 = STYLED_ITEM ( 'NONE', ( #1841 ), #9703 ) ;
#285 = DIRECTION ( 'NONE',  ( -0.000000000000000000, -0.000000000000000000, 1.000000000000000000 ) ) ;
#286 = CARTESIAN_POINT ( 'NONE',  ( 15.05359323060812216, -16.76380671470494832, 47.50000000000000000 ) ) ;
#287 = FACE_OUTER_BOUND ( 'NONE', #2724, .T. ) ;
#288 = EDGE_CURVE ( 'NONE', #1376, #9714, #5034, .T. ) ;
#289 = CIRCLE ( 'NONE', #10011, 3.500000000000000000 ) ;
#290 = PRESENTATION_STYLE_ASSIGNMENT (( #4890 ) ) ;
#291 = CIRCLE ( 'NONE', #630, 1.299999999999999156 ) ;
#292 = MECHANICAL_DESIGN_GEOMETRIC_PRESENTATION_REPRESENTATION (  '', ( #10178 ), #6570 ) ;
#293 = ORIENTED_EDGE ( 'NONE', *, *, #6507, .F. ) ;
#294 = LINE ( 'NONE', #6606, #9833 ) ;
#295 = ORIENTED_EDGE ( 'NONE', *, *, #119, .T. ) ;
#296 = B_SPLINE_CURVE_WITH_KNOTS ( 'NONE', 3,
 ( #3948, #765, #3903, #6342 ),
 .UNSPECIFIED., .F., .F.,
 ( 4, 4 ),
 ( 0.000000000000000000, 0.0001285675718483689277 ),
 .UNSPECIFIED. ) ;
#297 = EDGE_CURVE ( 'NONE', #8107, #7258, #3721, .T. ) ;
#298 = CARTESIAN_POINT ( 'NONE',  ( 0.000000000000000000, 0.000000000000000000, 8.000000000000000000 ) ) ;
#299 = CARTESIAN_POINT ( 'NONE',  ( -13.32957238623955831, 21.14999999999999858, 8.000000000000000000 ) ) ;
#300 = STYLED_ITEM ( 'NONE', ( #10112 ), #424 ) ;
#301 = LINE ( 'NONE', #1183, #8511 ) ;
#302 = DIRECTION ( 'NONE',  ( -0.7071067811865510144, -0.7071067811865441310, 0.000000000000000000 ) ) ;
#303 =( NAMED_UNIT ( * ) PLANE_ANGLE_UNIT ( ) SI_UNIT ( $, .RADIAN. ) );
#304 = LINE ( 'NONE', #9838, #8734 ) ;
#305 = AXIS2_PLACEMENT_3D ( 'NONE', #9856, #672, #8504 ) ;
#306 = VECTOR ( 'NONE', #6344, 1000.000000000000000 ) ;
#307 = DIRECTION ( 'NONE',  ( 0.000000000000000000, 0.000000000000000000, -1.000000000000000000 ) ) ;
#308 = EDGE_CURVE ( 'NONE', #3145, #757, #6848, .T. ) ;
#309 = DIRECTION ( 'NONE',  ( 0.8571673007021116675, 1.049727191138617833E-16, -0.5150380749100552658 ) ) ;
#310 = ADVANCED_FACE ( 'NONE', ( #8188 ), #1752, .F. ) ;
#311 = CARTESIAN_POINT ( 'NONE',  ( 16.84930666606603467, 15.79760451292807488, 47.49833231681234480 ) ) ;
#312 = VERTEX_POINT ( 'NONE', #299 ) ;
#313 = CIRCLE ( 'NONE', #10185, 1.299999999999999156 ) ;
#314 = VERTEX_POINT ( 'NONE', #925 ) ;
#315 = AXIS2_PLACEMENT_3D ( 'NONE', #6922, #6103, #9903 ) ;
#316 = ADVANCED_FACE ( 'NONE', ( #9688, #8038, #8842, #5893, #9739, #7274, #7419 ), #1799, .F. ) ;
#317 = ORIENTED_EDGE ( 'NONE', *, *, #4991, .T. ) ;
#318 = DIRECTION ( 'NONE',  ( 0.7071067811865302533, -0.7071067811865648922, 0.000000000000000000 ) ) ;
#319 = CARTESIAN_POINT ( 'NONE',  ( 0.000000000000000000, 0.000000000000000000, -1.500000000000000000 ) ) ;
#320 = AXIS2_PLACEMENT_3D ( 'NONE', #5160, #6141, #3611 ) ;
#321 = EDGE_CURVE ( 'NONE', #10174, #911, #464, .T. ) ;
#322 = AXIS2_PLACEMENT_3D ( 'NONE', #7523, #8295, #6712 ) ;
#323 =( GEOMETRIC_REPRESENTATION_CONTEXT ( 3 ) GLOBAL_UNCERTAINTY_ASSIGNED_CONTEXT ( ( #3991 ) ) GLOBAL_UNIT_ASSIGNED_CONTEXT ( ( #9139, #5136, #2081 ) ) REPRESENTATION_CONTEXT ( 'NONE', 'WORKASPACE' ) );
#324 = EDGE_CURVE ( 'NONE', #6731, #5497, #9788, .T. ) ;
#325 = CARTESIAN_POINT ( 'NONE',  ( -13.32957238623955831, 21.14999999999999858, 5.999999999999998224 ) ) ;
#326 = CARTESIAN_POINT ( 'NONE',  ( -15.94640676939209456, 16.84930666606597782, 47.49262389544726659 ) ) ;
#327 = VERTEX_POINT ( 'NONE', #8901 ) ;
#328 = EDGE_LOOP ( 'NONE', ( #2819, #6892, #3872, #6527, #378 ) ) ;
#329 = ORIENTED_EDGE ( 'NONE', *, *, #4078, .T. ) ;
#330 = ADVANCED_FACE ( 'NONE', ( #5003 ), #4216, .T. ) ;
#331 = CARTESIAN_POINT ( 'NONE',  ( 13.19999999999983764, 15.50000000000015987, 46.00000000000000000 ) ) ;
#332 = AXIS2_PLACEMENT_3D ( 'NONE', #8634, #5565, #1545 ) ;
#333 = AXIS2_PLACEMENT_3D ( 'NONE', #9800, #1150, #4338 ) ;
#334 = DIRECTION ( 'NONE',  ( 1.000000000000000000, 0.000000000000000000, 0.000000000000000000 ) ) ;
#335 = CARTESIAN_POINT ( 'NONE',  ( -17.29644660940670420, -21.00355339059327875, 48.00000000000000000 ) ) ;
#336 = DIRECTION ( 'NONE',  ( -1.000000000000000000, 0.000000000000000000, 0.000000000000000000 ) ) ;
#337 = DIRECTION ( 'NONE',  ( -0.000000000000000000, -1.000000000000000000, 0.000000000000000000 ) ) ;
#338 = CARTESIAN_POINT ( 'NONE',  ( 21.14999999999999858, 13.32957238623956009, 99.84951795962939514 ) ) ;
#339 = COLOUR_RGB ( '',0.2509803921568627416, 0.2509803921568627416, 0.2509803921568627416 ) ;
#340 = ORIENTED_EDGE ( 'NONE', *, *, #7205, .F. ) ;
#341 = VERTEX_POINT ( 'NONE', #2740 ) ;
#342 =( LENGTH_UNIT ( ) NAMED_UNIT ( * ) SI_UNIT ( .MILLI., .METRE. ) );
#343 = ORIENTED_EDGE ( 'NONE', *, *, #368, .T. ) ;
#344 = COLOUR_RGB ( '',0.000000000000000000, 0.5019607843137254832, 0.2509803921568627416 ) ;
#345 = FACE_OUTER_BOUND ( 'NONE', #6016, .T. ) ;
#346 = CARTESIAN_POINT ( 'NONE',  ( 0.000000000000000000, 0.000000000000000000, 40.00000000000000000 ) ) ;
#347 = FILL_AREA_STYLE ('',( #5980 ) ) ;
#348 = DIRECTION ( 'NONE',  ( -8.202002250481356316E-17, 1.000000000000000000, 0.000000000000000000 ) ) ;
#349 = CARTESIAN_POINT ( 'NONE',  ( 0.000000000000000000, -21.16000000000000725, -53.84951795962939514 ) ) ;
#350 = STYLED_ITEM ( 'NONE', ( #4056 ), #6887 ) ;
#351 = VERTEX_POINT ( 'NONE', #5107 ) ;
#352 = ORIENTED_EDGE ( 'NONE', *, *, #9276, .F. ) ;
#353 =( NAMED_UNIT ( * ) SI_UNIT ( $, .STERADIAN. ) SOLID_ANGLE_UNIT ( ) );
#354 = VERTEX_POINT ( 'NONE', #2789 ) ;
#355 =( NAMED_UNIT ( * ) PLANE_ANGLE_UNIT ( ) SI_UNIT ( $, .RADIAN. ) );
#356 = DIRECTION ( 'NONE',  ( -0.000000000000000000, -0.000000000000000000, -1.000000000000000000 ) ) ;
#357 = LINE ( 'NONE', #1800, #1938 ) ;
#358 = SURFACE_STYLE_USAGE ( .BOTH. , #8192 ) ;
#359 = ADVANCED_FACE ( 'NONE', ( #3558 ), #7183, .T. ) ;
#360 = DIRECTION ( 'NONE',  ( 0.7071067811865544561, 0.7071067811865405783, -0.000000000000000000 ) ) ;
#361 = CARTESIAN_POINT ( 'NONE',  ( -16.80000000000016414, 15.49999999999897504, 47.50000000000000000 ) ) ;
#362 = MECHANICAL_DESIGN_GEOMETRIC_PRESENTATION_REPRESENTATION (  '', ( #8580 ), #9743 ) ;
#363 = SURFACE_STYLE_USAGE ( .BOTH. , #4281 ) ;
#364 = ORIENTED_EDGE ( 'NONE', *, *, #386, .T. ) ;
#365 = EDGE_LOOP ( 'NONE', ( #5912, #8584, #1040, #6198, #1216, #3570 ) ) ;
#366 = ORIENTED_EDGE ( 'NONE', *, *, #7240, .T. ) ;
#367 = CARTESIAN_POINT ( 'NONE',  ( -13.32957238623954765, -21.15000000000000568, 40.00000000000000000 ) ) ;
#368 = EDGE_CURVE ( 'NONE', #4302, #3105, #405, .T. ) ;
#369 = VECTOR ( 'NONE', #1580, 1000.000000000000000 ) ;
#370 = LINE ( 'NONE', #3523, #3940 ) ;
#371 = FACE_OUTER_BOUND ( 'NONE', #1148, .T. ) ;
#372 = EDGE_CURVE ( 'NONE', #3346, #6990, #5584, .T. ) ;
#373 =( NAMED_UNIT ( * ) SI_UNIT ( $, .STERADIAN. ) SOLID_ANGLE_UNIT ( ) );
#374 = CARTESIAN_POINT ( 'NONE',  ( 14.21692477204111071, -15.92449465477574577, 47.49867441544045477 ) ) ;
#376 = ORIENTED_EDGE ( 'NONE', *, *, #9303, .T. ) ;
#375 =( GEOMETRIC_REPRESENTATION_CONTEXT ( 3 ) GLOBAL_UNCERTAINTY_ASSIGNED_CONTEXT ( ( #9071 ) ) GLOBAL_UNIT_ASSIGNED_CONTEXT ( ( #5748, #4022, #9603 ) ) REPRESENTATION_CONTEXT ( 'NONE', 'WORKASPACE' ) );
#377 = ORIENTED_EDGE ( 'NONE', *, *, #4657, .T. ) ;
#378 = ORIENTED_EDGE ( 'NONE', *, *, #9885, .T. ) ;
#379 = CARTESIAN_POINT ( 'NONE',  ( -15.94640676939209456, 16.84930666606597782, 47.49262389544726659 ) ) ;
#380 = EDGE_CURVE ( 'NONE', #1825, #7671, #3116, .T. ) ;
#381 = FILL_AREA_STYLE_COLOUR ( '', #1259 ) ;
#382 = EDGE_CURVE ( 'NONE', #466, #1481, #1961, .T. ) ;
#383 = DIRECTION ( 'NONE',  ( 1.000000000000000000, 0.000000000000000000, 0.000000000000000000 ) ) ;
#384 = PRESENTATION_STYLE_ASSIGNMENT (( #9812 ) ) ;
#385 = CIRCLE ( 'NONE', #3989, 3.000000000000927258 ) ;
#386 = EDGE_CURVE ( 'NONE', #451, #9450, #2468, .T. ) ;
#387 = DIRECTION ( 'NONE',  ( 1.000000000000000000, 0.000000000000000000, 0.000000000000000000 ) ) ;
#388 = ORIENTED_EDGE ( 'NONE', *, *, #3851, .F. ) ;
#389 = VERTEX_POINT ( 'NONE', #7753 ) ;
#390 = DIRECTION ( 'NONE',  ( -0.7363275207553917623, 0.000000000000000000, -0.6766252893427928683 ) ) ;
#391 =( GEOMETRIC_REPRESENTATION_CONTEXT ( 3 ) GLOBAL_UNCERTAINTY_ASSIGNED_CONTEXT ( ( #3610 ) ) GLOBAL_UNIT_ASSIGNED_CONTEXT ( ( #4313, #4999, #8895 ) ) REPRESENTATION_CONTEXT ( 'NONE', 'WORKASPACE' ) );
#392 = VERTEX_POINT ( 'NONE', #6417 ) ;
#393 = CARTESIAN_POINT ( 'NONE',  ( -2.799999999999999822, 3.429011037612588783E-16, 45.00000000000000000 ) ) ;
#394 = DIRECTION ( 'NONE',  ( -1.165791109086283707E-14, -1.000000000000000000, -0.000000000000000000 ) ) ;
#395 =( NAMED_UNIT ( * ) PLANE_ANGLE_UNIT ( ) SI_UNIT ( $, .RADIAN. ) );
#396 = FACE_OUTER_BOUND ( 'NONE', #8742, .T. ) ;
#397 = FILL_AREA_STYLE ('',( #9823 ) ) ;
#398 = COLOUR_RGB ( '',0.2509803921568627416, 0.2509803921568627416, 0.2509803921568627416 ) ;
#399 = DIRECTION ( 'NONE',  ( -1.000000000000000000, 0.000000000000000000, 0.000000000000000000 ) ) ;
#400 = DIRECTION ( 'NONE',  ( -2.488044278300495060E-14, -1.000000000000000000, 0.000000000000000000 ) ) ;
#401 = VERTEX_POINT ( 'NONE', #8654 ) ;
#402 = ORIENTED_EDGE ( 'NONE', *, *, #6010, .T. ) ;
#403 = VERTEX_POINT ( 'NONE', #1668 ) ;
#404 = SURFACE_STYLE_FILL_AREA ( #603 ) ;
#405 = LINE ( 'NONE', #1469, #6413 ) ;
#406 = AXIS2_PLACEMENT_3D ( 'NONE', #5586, #6358, #9491 ) ;
#407 =( LENGTH_UNIT ( ) NAMED_UNIT ( * ) SI_UNIT ( .MILLI., .METRE. ) );
#408 = CARTESIAN_POINT ( 'NONE',  ( -15.50000000000016520, 15.49999999999897504, 47.50000000000000000 ) ) ;
#409 = PLANE ( 'NONE',  #8482 ) ;
#410 = FILL_AREA_STYLE ('',( #7473 ) ) ;
#411 = AXIS2_PLACEMENT_3D ( 'NONE', #7090, #6319, #9445 ) ;
#412 = CYLINDRICAL_SURFACE ( 'NONE', #7547, 3.500000000000000000 ) ;
#413 = PLANE ( 'NONE',  #1419 ) ;
#414 = AXIS2_PLACEMENT_3D ( 'NONE', #7357, #6485, #3677 ) ;
#415 = LINE ( 'NONE', #8299, #735 ) ;
#416 = STYLED_ITEM ( 'NONE', ( #3627 ), #4914 ) ;
#417 = COLOUR_RGB ( '',0.2509803921568627416, 0.2509803921568627416, 0.2509803921568627416 ) ;
#418 = ORIENTED_EDGE ( 'NONE', *, *, #7552, .F. ) ;
#419 = UNCERTAINTY_MEASURE_WITH_UNIT (LENGTH_MEASURE( 1.000000000000000082E-05 ), #3162, 'distance_accuracy_value', 'NONE');
#420 = EDGE_LOOP ( 'NONE', ( #4666, #4108 ) ) ;
#421 = ORIENTED_EDGE ( 'NONE', *, *, #3888, .F. ) ;
#422 = DIRECTION ( 'NONE',  ( 0.000000000000000000, 0.000000000000000000, 1.000000000000000000 ) ) ;
#423 = CARTESIAN_POINT ( 'NONE',  ( 15.92449465477569603, 15.94640676939203594, 47.50000000000000000 ) ) ;
#424 = ADVANCED_FACE ( 'NONE', ( #2488 ), #60, .T. ) ;
#425 = ORIENTED_EDGE ( 'NONE', *, *, #6424, .F. ) ;
#426 = ORIENTED_EDGE ( 'NONE', *, *, #7755, .F. ) ;
#427 = DIRECTION ( 'NONE',  ( 1.000000000000000000, 0.000000000000000000, -0.000000000000000000 ) ) ;
#428 = DIRECTION ( 'NONE',  ( -1.000000000000000000, 8.293480927668333697E-15, 0.000000000000000000 ) ) ;
#429 = AXIS2_PLACEMENT_3D ( 'NONE', #6482, #4138, #3434 ) ;
#430 = EDGE_CURVE ( 'NONE', #3300, #7054, #4815, .T. ) ;
#431 = FILL_AREA_STYLE_COLOUR ( '', #3785 ) ;
#432 = CARTESIAN_POINT ( 'NONE',  ( 15.05359323060812216, -16.84930666606608440, 47.49262389544731633 ) ) ;
#433 = CARTESIAN_POINT ( 'NONE',  ( -21.14999999999999503, 21.14999999999999858, 38.00000000000000000 ) ) ;
#434 = CARTESIAN_POINT ( 'NONE',  ( 0.000000000000000000, 0.000000000000000000, 1.000000000000000000 ) ) ;
#435 = EDGE_CURVE ( 'NONE', #863, #3359, #7953, .T. ) ;
#436 = VECTOR ( 'NONE', #4764, 1000.000000000000000 ) ;
#437 = ADVANCED_FACE ( 'NONE', ( #890 ), #6807, .F. ) ;
#438 = EDGE_CURVE ( 'NONE', #4388, #5247, #505, .T. ) ;
#439 = VERTEX_POINT ( 'NONE', #9164 ) ;
#440 = ORIENTED_EDGE ( 'NONE', *, *, #5680, .T. ) ;
#441 =( LENGTH_UNIT ( ) NAMED_UNIT ( * ) SI_UNIT ( .MILLI., .METRE. ) );
#442 = EDGE_LOOP ( 'NONE', ( #6605, #8779, #9724, #7602 ) ) ;
#443 = EDGE_CURVE ( 'NONE', #3922, #3505, #8442, .T. ) ;
#444 = DIRECTION ( 'NONE',  ( 1.000000000000000000, 0.000000000000000000, -0.000000000000000000 ) ) ;
#445 = CARTESIAN_POINT ( 'NONE',  ( 16.78307522795901363, -15.07550534522241925, 47.50000000000000000 ) ) ;
#446 = FACE_OUTER_BOUND ( 'NONE', #7529, .T. ) ;
#447 = DIRECTION ( 'NONE',  ( 8.673617379884026597E-16, -8.673617379884112386E-16, -1.000000000000000000 ) ) ;
#448 = CARTESIAN_POINT ( 'NONE',  ( -14.21692477204121730, 15.92449465477564097, 47.49867441544049029 ) ) ;
#449 = AXIS2_PLACEMENT_3D ( 'NONE', #9284, #6206, #8508 ) ;
#450 = ADVANCED_FACE ( 'NONE', ( #8294 ), #2108, .T. ) ;
#451 = VERTEX_POINT ( 'NONE', #9059 ) ;
#452 = ORIENTED_EDGE ( 'NONE', *, *, #7254, .T. ) ;
#453 = FACE_OUTER_BOUND ( 'NONE', #889, .T. ) ;
#454 = VERTEX_POINT ( 'NONE', #8344 ) ;
#455 = STYLED_ITEM ( 'NONE', ( #8183 ), #9437 ) ;
#456 = FILL_AREA_STYLE_COLOUR ( '', #5540 ) ;
#457 = ADVANCED_FACE ( 'NONE', ( #2007 ), #553, .F. ) ;
#458 = PRESENTATION_STYLE_ASSIGNMENT (( #1235 ) ) ;
#459 = CARTESIAN_POINT ( 'NONE',  ( -15.07550534522246899, -15.05359323060807775, 46.50000000000000000 ) ) ;
#460 = FACE_OUTER_BOUND ( 'NONE', #3372, .T. ) ;
#461 = VECTOR ( 'NONE', #7330, 1000.000000000000000 ) ;
#462 = AXIS2_PLACEMENT_3D ( 'NONE', #3687, #2036, #6746 ) ;
#463 = CYLINDRICAL_SURFACE ( 'NONE', #1896, 0.5000000000000004441 ) ;
#464 = CIRCLE ( 'NONE', #9689, 2.799999999999999822 ) ;
#465 = ORIENTED_EDGE ( 'NONE', *, *, #1586, .F. ) ;
#466 = VERTEX_POINT ( 'NONE', #9110 ) ;
#467 = CARTESIAN_POINT ( 'NONE',  ( 0.000000000000000000, 0.000000000000000000, 5.999999999999998224 ) ) ;
#468 = CARTESIAN_POINT ( 'NONE',  ( -15.50000000000016520, 15.49999999999897504, 46.00000000000000000 ) ) ;
#469 = AXIS2_PLACEMENT_3D ( 'NONE', #1103, #8109, #4185 ) ;
#470 =( GEOMETRIC_REPRESENTATION_CONTEXT ( 3 ) GLOBAL_UNCERTAINTY_ASSIGNED_CONTEXT ( ( #8354 ) ) GLOBAL_UNIT_ASSIGNED_CONTEXT ( ( #6913, #10050, #668 ) ) REPRESENTATION_CONTEXT ( 'NONE', 'WORKASPACE' ) );
#471 =( NAMED_UNIT ( * ) SI_UNIT ( $, .STERADIAN. ) SOLID_ANGLE_UNIT ( ) );
#472 = VECTOR ( 'NONE', #706, 1000.000000000000000 ) ;
#473 = CARTESIAN_POINT ( 'NONE',  ( 20.64999999999999858, 16.94289321881344179, 48.00000000000000000 ) ) ;
#474 = EDGE_LOOP ( 'NONE', ( #6540, #204, #6830, #6652 ) ) ;
#475 = ORIENTED_EDGE ( 'NONE', *, *, #7129, .F. ) ;
#476 = CARTESIAN_POINT ( 'NONE',  ( 0.000000000000000000, 0.000000000000000000, -2.000000000000000000 ) ) ;
#477 = FACE_OUTER_BOUND ( 'NONE', #9228, .T. ) ;
#478 = SURFACE_STYLE_USAGE ( .BOTH. , #5239 ) ;
#479 = STYLED_ITEM ( 'NONE', ( #9976 ), #4340 ) ;
#480 = STYLED_ITEM ( 'NONE', ( #3914 ), #6062 ) ;
#481 = CARTESIAN_POINT ( 'NONE',  ( -20.64999999999999503, 16.94289321881343469, 48.00000000000000000 ) ) ;
#482 = ADVANCED_FACE ( 'NONE', ( #604 ), #7727, .F. ) ;
#483 = SURFACE_STYLE_USAGE ( .BOTH. , #5243 ) ;
#484 = ORIENTED_EDGE ( 'NONE', *, *, #7248, .T. ) ;
#486 = EDGE_LOOP ( 'NONE', ( #3520, #3037, #1507, #9121, #7999, #9238, #5509, #9727 ) ) ;
#485 =( GEOMETRIC_REPRESENTATION_CONTEXT ( 3 ) GLOBAL_UNCERTAINTY_ASSIGNED_CONTEXT ( ( #6720 ) ) GLOBAL_UNIT_ASSIGNED_CONTEXT ( ( #4271, #8041, #5789 ) ) REPRESENTATION_CONTEXT ( 'NONE', 'WORKASPACE' ) );
#487 =( GEOMETRIC_REPRESENTATION_CONTEXT ( 3 ) GLOBAL_UNCERTAINTY_ASSIGNED_CONTEXT ( ( #913 ) ) GLOBAL_UNIT_ASSIGNED_CONTEXT ( ( #8419, #16, #10115 ) ) REPRESENTATION_CONTEXT ( 'NONE', 'WORKASPACE' ) );
#488 = DIRECTION ( 'NONE',  ( 4.146740463834175526E-15, 1.000000000000000000, 0.000000000000000000 ) ) ;
#489 = VERTEX_POINT ( 'NONE', #4527 ) ;
#490 = SURFACE_STYLE_FILL_AREA ( #7507 ) ;
#491 = FILL_AREA_STYLE_COLOUR ( '', #339 ) ;
#492 = CARTESIAN_POINT ( 'NONE',  ( -15.07550534522247254, -16.78307522795895679, 46.50000000000000000 ) ) ;
#493 = PLANE ( 'NONE',  #3179 ) ;
#494 = CIRCLE ( 'NONE', #2815, 1.249999999999997558 ) ;
#495 = PLANE ( 'NONE',  #1241 ) ;
#496 = EDGE_CURVE ( 'NONE', #9443, #1656, #9348, .T. ) ;
#497 = SURFACE_STYLE_USAGE ( .BOTH. , #7566 ) ;
#498 = ORIENTED_EDGE ( 'NONE', *, *, #9432, .T. ) ;
#499 = ORIENTED_EDGE ( 'NONE', *, *, #6373, .T. ) ;
#500 = SURFACE_STYLE_FILL_AREA ( #2048 ) ;
#501 = VERTEX_POINT ( 'NONE', #6087 ) ;
#502 = UNCERTAINTY_MEASURE_WITH_UNIT (LENGTH_MEASURE( 1.000000000000000082E-05 ), #5072, 'distance_accuracy_value', 'NONE');
#503 = COLOUR_RGB ( '',0.000000000000000000, 0.5019607843137254832, 0.2509803921568627416 ) ;
#504 = FACE_BOUND ( 'NONE', #8606, .T. ) ;
#505 = LINE ( 'NONE', #9888, #7562 ) ;
#506 = EDGE_CURVE ( 'NONE', #7818, #172, #8387, .T. ) ;
#507 = CYLINDRICAL_SURFACE ( 'NONE', #8023, 0.5787973969144516451 ) ;
#508 = DIRECTION ( 'NONE',  ( 1.000000000000000000, 0.000000000000000000, 0.000000000000000000 ) ) ;
#509 = EDGE_CURVE ( 'NONE', #7293, #9083, #8544, .T. ) ;
#510 = SURFACE_SIDE_STYLE ('',( #1547 ) ) ;
#511 = AXIS2_PLACEMENT_3D ( 'NONE', #9986, #6089, #6811 ) ;
#512 = SURFACE_STYLE_FILL_AREA ( #7578 ) ;
#513 = ADVANCED_FACE ( 'NONE', ( #3754 ), #6908, .F. ) ;
#514 = CIRCLE ( 'NONE', #1995, 3.000000000000639488 ) ;
#515 =( NAMED_UNIT ( * ) PLANE_ANGLE_UNIT ( ) SI_UNIT ( $, .RADIAN. ) );
#516 = EDGE_LOOP ( 'NONE', ( #2847, #5385, #1128, #8788 ) ) ;
#517 = UNCERTAINTY_MEASURE_WITH_UNIT (LENGTH_MEASURE( 1.000000000000000082E-05 ), #9163, 'distance_accuracy_value', 'NONE');
#518 = ORIENTED_EDGE ( 'NONE', *, *, #6131, .T. ) ;
#519 = EDGE_LOOP ( 'NONE', ( #3473, #7672 ) ) ;
#520 = VECTOR ( 'NONE', #6258, 1000.000000000000114 ) ;
#521 = DIRECTION ( 'NONE',  ( 1.000000000000000000, 0.000000000000000000, 0.000000000000000000 ) ) ;
#522 = DIRECTION ( 'NONE',  ( 0.000000000000000000, 0.000000000000000000, 1.000000000000000000 ) ) ;
#523 =( NAMED_UNIT ( * ) PLANE_ANGLE_UNIT ( ) SI_UNIT ( $, .RADIAN. ) );
#524 = CARTESIAN_POINT ( 'NONE',  ( -17.14999999999997726, 20.64999999999999858, 48.00000000000000000 ) ) ;
#525 = AXIS2_PLACEMENT_3D ( 'NONE', #2871, #5932, #9923 ) ;
#526 = CARTESIAN_POINT ( 'NONE',  ( 13.32957238623955121, -21.15000000000000568, 5.999999999999998224 ) ) ;
#527 = VERTEX_POINT ( 'NONE', #4734 ) ;
#528 = ORIENTED_EDGE ( 'NONE', *, *, #2794, .T. ) ;
#529 = SURFACE_STYLE_USAGE ( .BOTH. , #3827 ) ;
#530 = DIRECTION ( 'NONE',  ( 1.000000000000000000, 0.000000000000000000, 0.000000000000000000 ) ) ;
#531 = PRESENTATION_STYLE_ASSIGNMENT (( #478 ) ) ;
#532 = LINE ( 'NONE', #4506, #2574 ) ;
#533 = CARTESIAN_POINT ( 'NONE',  ( 16.78307522795901008, -15.78089184510934828, 47.50000000000000000 ) ) ;
#534 = B_SPLINE_CURVE_WITH_KNOTS ( 'NONE', 3,
 ( #7524, #8091, #2692, #6713 ),
 .UNSPECIFIED., .F., .F.,
 ( 4, 4 ),
 ( 0.000000000000000000, 0.0001285675718489020570 ),
 .UNSPECIFIED. ) ;
#535 = SURFACE_STYLE_USAGE ( .BOTH. , #3789 ) ;
#536 = ORIENTED_EDGE ( 'NONE', *, *, #3598, .F. ) ;
#537 = ORIENTED_EDGE ( 'NONE', *, *, #7758, .F. ) ;
#538 = DIRECTION ( 'NONE',  ( 0.000000000000000000, 0.000000000000000000, -1.000000000000000000 ) ) ;
#539 = ORIENTED_EDGE ( 'NONE', *, *, #2203, .T. ) ;
#540 = CIRCLE ( 'NONE', #5335, 0.5787973969144516451 ) ;
#541 = SURFACE_STYLE_FILL_AREA ( #9097 ) ;
#542 = DIRECTION ( 'NONE',  ( -0.8571673007021116675, 0.000000000000000000, -0.5150380749100552658 ) ) ;
#543 = DIRECTION ( 'NONE',  ( 0.000000000000000000, 0.000000000000000000, 1.000000000000000000 ) ) ;
#544 = DIRECTION ( 'NONE',  ( 1.000000000000000000, 0.000000000000000000, -0.000000000000000000 ) ) ;
#545 = DIRECTION ( 'NONE',  ( 1.000000000000000000, 0.000000000000000000, 0.000000000000000000 ) ) ;
#546 = DIRECTION ( 'NONE',  ( 1.000000000000000000, 0.000000000000000000, 0.000000000000000000 ) ) ;
#547 = CARTESIAN_POINT ( 'NONE',  ( 3.503880904858911016, -21.25000000000000711, 44.41033917074156534 ) ) ;
#548 = VERTEX_POINT ( 'NONE', #8587 ) ;
#549 = ORIENTED_EDGE ( 'NONE', *, *, #2395, .T. ) ;
#550 = CARTESIAN_POINT ( 'NONE',  ( 15.50000000000101963, -15.49999999999983658, 47.50000000000000000 ) ) ;
#551 = ORIENTED_EDGE ( 'NONE', *, *, #9126, .T. ) ;
#552 = FACE_OUTER_BOUND ( 'NONE', #4563, .T. ) ;
#553 = PLANE ( 'NONE',  #320 ) ;
#554 = DIRECTION ( 'NONE',  ( 1.000000000000000000, 0.000000000000000000, 0.000000000000000000 ) ) ;
#555 = EDGE_CURVE ( 'NONE', #9252, #6466, #1691, .T. ) ;
#556 = AXIS2_PLACEMENT_3D ( 'NONE', #1226, #9104, #7615 ) ;
#557 = DIRECTION ( 'NONE',  ( 1.000000000000000000, 0.000000000000000000, 0.000000000000000000 ) ) ;
#558 = SURFACE_STYLE_USAGE ( .BOTH. , #5364 ) ;
#559 = DIRECTION ( 'NONE',  ( 1.000000000000000000, 0.000000000000000000, 0.000000000000000000 ) ) ;
#560 = LINE ( 'NONE', #2946, #7549 ) ;
#561 = CARTESIAN_POINT ( 'NONE',  ( -15.50000000000000000, 0.000000000000000000, 0.000000000000000000 ) ) ;
#562 = EDGE_CURVE ( 'NONE', #489, #2536, #3852, .T. ) ;
#563 = EDGE_CURVE ( 'NONE', #4000, #9748, #3199, .T. ) ;
#564 =( NAMED_UNIT ( * ) SI_UNIT ( $, .STERADIAN. ) SOLID_ANGLE_UNIT ( ) );
#565 = CIRCLE ( 'NONE', #2043, 3.500000000000638156 ) ;
#566 = EDGE_CURVE ( 'NONE', #8202, #1868, #6293, .T. ) ;
#567 = ORIENTED_EDGE ( 'NONE', *, *, #4810, .F. ) ;
#568 = EDGE_LOOP ( 'NONE', ( #5628, #364, #8855, #811, #3619 ) ) ;
#569 = EDGE_LOOP ( 'NONE', ( #891, #8547, #5726 ) ) ;
#570 = CARTESIAN_POINT ( 'NONE',  ( -16.74685775593343706, 15.92449465477564807, 47.50000000000000000 ) ) ;
#571 = CARTESIAN_POINT ( 'NONE',  ( 15.50000000000010303, -15.49999999999989164, 5.251075773784450895 ) ) ;
#572 = ADVANCED_FACE ( 'NONE', ( #3900 ), #9209, .T. ) ;
#573 = CARTESIAN_POINT ( 'NONE',  ( -15.85270061781638518, -16.78307522795894968, 47.49983667794646891 ) ) ;
#574 = DIRECTION ( 'NONE',  ( -0.000000000000000000, -0.000000000000000000, 1.000000000000000000 ) ) ;
#575 = CIRCLE ( 'NONE', #9324, 2.799999999999999822 ) ;
#576 = CIRCLE ( 'NONE', #7171, 4.000000000000000000 ) ;
#577 = CARTESIAN_POINT ( 'NONE',  ( -12.49999999999923794, 15.49999999999897504, 47.50000000000000000 ) ) ;
#578 = EDGE_LOOP ( 'NONE', ( #1228, #10122, #4540 ) ) ;
#579 = ORIENTED_EDGE ( 'NONE', *, *, #10, .T. ) ;
#580 = AXIS2_PLACEMENT_3D ( 'NONE', #5008, #7278, #981 ) ;
#581 = CIRCLE ( 'NONE', #8152, 0.5000000000000004441 ) ;
#582 = CARTESIAN_POINT ( 'NONE',  ( 15.94640676939200041, -14.15069333393208950, 46.50000000000000000 ) ) ;
#583 = DIRECTION ( 'NONE',  ( -0.000000000000000000, 1.000000000000000000, -0.000000000000000000 ) ) ;
#584 = AXIS2_PLACEMENT_3D ( 'NONE', #4804, #4750, #10104 ) ;
#585 = PLANE ( 'NONE',  #6569 ) ;
#586 = COLOUR_RGB ( '',0.2509803921568627416, 0.2509803921568627416, 0.2509803921568627416 ) ;
#587 = ORIENTED_EDGE ( 'NONE', *, *, #7505, .F. ) ;
#588 = VERTEX_POINT ( 'NONE', #7159 ) ;
#589 = DIRECTION ( 'NONE',  ( 0.000000000000000000, 0.000000000000000000, 1.000000000000000000 ) ) ;
#590 = ORIENTED_EDGE ( 'NONE', *, *, #6574, .T. ) ;
#591 = LINE ( 'NONE', #2197, #170 ) ;
#592 = DIRECTION ( 'NONE',  ( -0.000000000000000000, -0.000000000000000000, -1.000000000000000000 ) ) ;
#593 = COLOUR_RGB ( '',0.2509803921568627416, 0.2509803921568627416, 0.2509803921568627416 ) ;
#594 = FACE_OUTER_BOUND ( 'NONE', #6667, .T. ) ;
#595 = CARTESIAN_POINT ( 'NONE',  ( 16.76498005845850159, -15.07550534522241925, 47.49955985394396407 ) ) ;
#596 =( GEOMETRIC_REPRESENTATION_CONTEXT ( 3 ) GLOBAL_UNCERTAINTY_ASSIGNED_CONTEXT ( ( #177 ) ) GLOBAL_UNIT_ASSIGNED_CONTEXT ( ( #2765, #9961, #5864 ) ) REPRESENTATION_CONTEXT ( 'NONE', 'WORKASPACE' ) );
#597 = LINE ( 'NONE', #3034, #6422 ) ;
#598 = DIRECTION ( 'NONE',  ( -0.000000000000000000, -0.000000000000000000, -1.000000000000000000 ) ) ;
#599 = EDGE_LOOP ( 'NONE', ( #2002, #2038 ) ) ;
#600 = VERTEX_POINT ( 'NONE', #3042 ) ;
#601 =( NAMED_UNIT ( * ) SI_UNIT ( $, .STERADIAN. ) SOLID_ANGLE_UNIT ( ) );
#602 = EDGE_LOOP ( 'NONE', ( #7506, #8315, #2432, #8096, #8106, #6158 ) ) ;
#603 = FILL_AREA_STYLE ('',( #9109 ) ) ;
#604 = FACE_OUTER_BOUND ( 'NONE', #6486, .T. ) ;
#605 = DIRECTION ( 'NONE',  ( -0.000000000000000000, -0.000000000000000000, -1.000000000000000000 ) ) ;
#606 = STYLED_ITEM ( 'NONE', ( #6583 ), #992 ) ;
#607 = CARTESIAN_POINT ( 'NONE',  ( 0.000000000000000000, 0.000000000000000000, -2.000000000000000000 ) ) ;
#608 = EDGE_CURVE ( 'NONE', #6112, #5237, #1544, .T. ) ;
#609 = COLOUR_RGB ( '',0.2509803921568627416, 0.2509803921568627416, 0.2509803921568627416 ) ;
#610 = CARTESIAN_POINT ( 'NONE',  ( -15.07550534522246011, -14.21692477204106098, 47.49867441544044055 ) ) ;
#611 = CARTESIAN_POINT ( 'NONE',  ( -14.24999999999994316, -15.50000000000004974, 4.500000000000000888 ) ) ;
#612 = AXIS2_PLACEMENT_3D ( 'NONE', #7984, #4051, #9585 ) ;
#613 = EDGE_CURVE ( 'NONE', #9467, #5489, #858, .T. ) ;
#614 = ORIENTED_EDGE ( 'NONE', *, *, #6269, .F. ) ;
#615 = ORIENTED_EDGE ( 'NONE', *, *, #2668, .T. ) ;
#616 = UNCERTAINTY_MEASURE_WITH_UNIT (LENGTH_MEASURE( 1.000000000000000082E-05 ), #2798, 'distance_accuracy_value', 'NONE');
#617 =( LENGTH_UNIT ( ) NAMED_UNIT ( * ) SI_UNIT ( .MILLI., .METRE. ) );
#618 = VERTEX_POINT ( 'NONE', #9317 ) ;
#619 = CARTESIAN_POINT ( 'NONE',  ( -4.000000000000000000, 0.000000000000000000, -1.500000000000000000 ) ) ;
#620 = CARTESIAN_POINT ( 'NONE',  ( 16.80673604214031513, 15.05359323060817367, 47.49756013713621883 ) ) ;
#621 = AXIS2_PLACEMENT_3D ( 'NONE', #7175, #6309, #8851 ) ;
#622 = CIRCLE ( 'NONE', #6401, 0.5000000000000000000 ) ;
#623 = EDGE_CURVE ( 'NONE', #6868, #188, #1649, .T. ) ;
#624 = CARTESIAN_POINT ( 'NONE',  ( -2.500000000000000000, 3.061616997868383141E-16, 45.50000000000002132 ) ) ;
#625 = DIRECTION ( 'NONE',  ( -0.000000000000000000, -0.000000000000000000, -1.000000000000000000 ) ) ;
#626 = CARTESIAN_POINT ( 'NONE',  ( -15.07550534522247254, -16.72874093610845847, 47.50000000000000000 ) ) ;
#627 = ADVANCED_FACE ( 'NONE', ( #2259 ), #1317, .T. ) ;
#628 = DIRECTION ( 'NONE',  ( 1.000000000000000000, 0.000000000000000000, 0.000000000000000000 ) ) ;
#629 = ORIENTED_EDGE ( 'NONE', *, *, #5532, .T. ) ;
#630 = AXIS2_PLACEMENT_3D ( 'NONE', #1677, #4871, #898 ) ;
#631 = PRESENTATION_LAYER_ASSIGNMENT (  '', '', ( #5085 ) ) ;
#632 = ORIENTED_EDGE ( 'NONE', *, *, #3519, .T. ) ;
#633 = FACE_OUTER_BOUND ( 'NONE', #8011, .T. ) ;
#634 = EDGE_CURVE ( 'NONE', #6805, #8467, #8705, .T. ) ;
#635 = PLANE ( 'NONE',  #3083 ) ;
#636 = CARTESIAN_POINT ( 'NONE',  ( 16.74999999999983302, 15.50000000000015987, 4.500000000000000888 ) ) ;
#637 = EDGE_CURVE ( 'NONE', #5450, #840, #7245, .T. ) ;
#638 = CIRCLE ( 'NONE', #9852, 3.499999999999781064 ) ;
#639 =( LENGTH_UNIT ( ) NAMED_UNIT ( * ) SI_UNIT ( .MILLI., .METRE. ) );
#640 = EDGE_CURVE ( 'NONE', #7985, #6707, #2467, .T. ) ;
#641 = VERTEX_POINT ( 'NONE', #5774 ) ;
#642 = ORIENTED_EDGE ( 'NONE', *, *, #3465, .T. ) ;
#643 = CARTESIAN_POINT ( 'NONE',  ( -10.49999999999999822, 0.000000000000000000, -1.500000000000000000 ) ) ;
#644 = EDGE_LOOP ( 'NONE', ( #1616, #8428, #5336 ) ) ;
#645 = AXIS2_PLACEMENT_3D ( 'NONE', #6232, #9210, #5405 ) ;
#646 = AXIS2_PLACEMENT_3D ( 'NONE', #4176, #256, #3420 ) ;
#647 = DIRECTION ( 'NONE',  ( 0.7071067811865441310, -0.7071067811865510144, 0.000000000000000000 ) ) ;
#648 = DIRECTION ( 'NONE',  ( -1.000000000000000000, 1.125454765811129607E-14, -0.000000000000000000 ) ) ;
#649 = CARTESIAN_POINT ( 'NONE',  ( 0.000000000000000000, 0.000000000000000000, 7.999999999999992895 ) ) ;
#650 = CARTESIAN_POINT ( 'NONE',  ( 15.05359323060813459, -15.07550534522241925, 47.50000000000000000 ) ) ;
#651 = STYLED_ITEM ( 'NONE', ( #8124 ), #699 ) ;
#652 = FACE_OUTER_BOUND ( 'NONE', #9535, .T. ) ;
#653 = B_SPLINE_CURVE_WITH_KNOTS ( 'NONE', 3,
 ( #3776, #6879, #6930, #4701 ),
 .UNSPECIFIED., .F., .F.,
 ( 4, 4 ),
 ( 0.000000000000000000, 5.435045947746078532E-05 ),
 .UNSPECIFIED. ) ;
#654 = CIRCLE ( 'NONE', #8708, 0.5000000000000004441 ) ;
#655 = AXIS2_PLACEMENT_3D ( 'NONE', #4709, #8469, #7849 ) ;
#656 = FACE_OUTER_BOUND ( 'NONE', #1763, .T. ) ;
#657 = ORIENTED_EDGE ( 'NONE', *, *, #9061, .F. ) ;
#658 = EDGE_LOOP ( 'NONE', ( #717, #9504, #5064, #8558 ) ) ;
#659 = DIRECTION ( 'NONE',  ( 0.7071067811865475727, 0.7071067811865475727, 0.000000000000000000 ) ) ;
#660 = ORIENTED_EDGE ( 'NONE', *, *, #4068, .F. ) ;
#661 = CARTESIAN_POINT ( 'NONE',  ( 15.94640676939200041, -14.15069333393208950, 46.50000000000000000 ) ) ;
#662 = SURFACE_STYLE_USAGE ( .BOTH. , #5268 ) ;
#663 = LINE ( 'NONE', #8493, #5602 ) ;
#664 =( GEOMETRIC_REPRESENTATION_CONTEXT ( 3 ) GLOBAL_UNCERTAINTY_ASSIGNED_CONTEXT ( ( #69 ) ) GLOBAL_UNIT_ASSIGNED_CONTEXT ( ( #2319, #3151, #1594 ) ) REPRESENTATION_CONTEXT ( 'NONE', 'WORKASPACE' ) );
#665 = VECTOR ( 'NONE', #7435, 1000.000000000000000 ) ;
#666 = CARTESIAN_POINT ( 'NONE',  ( 15.50000000000101963, -15.49999999999983658, 46.50000000000000000 ) ) ;
#667 = DIRECTION ( 'NONE',  ( 1.000000000000000000, 0.000000000000000000, 0.000000000000000000 ) ) ;
#668 =( NAMED_UNIT ( * ) SI_UNIT ( $, .STERADIAN. ) SOLID_ANGLE_UNIT ( ) );
#669 = LINE ( 'NONE', #2170, #3521 ) ;
#670 = FACE_OUTER_BOUND ( 'NONE', #4714, .T. ) ;
#671 = VERTEX_POINT ( 'NONE', #3392 ) ;
#672 = DIRECTION ( 'NONE',  ( 0.000000000000000000, 0.000000000000000000, 1.000000000000000000 ) ) ;
#673 = ORIENTED_EDGE ( 'NONE', *, *, #6623, .T. ) ;
#674 = DIRECTION ( 'NONE',  ( -1.125454765811129607E-14, -1.000000000000000000, 0.000000000000000000 ) ) ;
#675 = ADVANCED_FACE ( 'NONE', ( #2511 ), #4098, .T. ) ;
#676 = DIRECTION ( 'NONE',  ( -1.000000000000000000, 0.000000000000000000, 0.000000000000000000 ) ) ;
#677 = CARTESIAN_POINT ( 'NONE',  ( -14.21692477204121730, 15.07550534522231089, 47.49867441544049029 ) ) ;
#678 = CARTESIAN_POINT ( 'NONE',  ( 15.94640676939198087, -16.72095085742282095, 47.50000000000000000 ) ) ;
#679 = AXIS2_PLACEMENT_3D ( 'NONE', #2715, #5967, #4456 ) ;
#680 = CIRCLE ( 'NONE', #6454, 2.299999999999999822 ) ;
#681 = CARTESIAN_POINT ( 'NONE',  ( -11.00000000000000000, 1.347111479062088405E-15, 0.000000000000000000 ) ) ;
#682 = DIRECTION ( 'NONE',  ( -1.000000000000000000, 6.129842118587363744E-15, 0.000000000000000000 ) ) ;
#683 = FILL_AREA_STYLE ('',( #3118 ) ) ;
#684 = ORIENTED_EDGE ( 'NONE', *, *, #7240, .F. ) ;
#685 = DIRECTION ( 'NONE',  ( -1.000000000000000000, 0.000000000000000000, 0.000000000000000000 ) ) ;
#686 = AXIS2_PLACEMENT_3D ( 'NONE', #7173, #881, #7838 ) ;
#687 = ORIENTED_EDGE ( 'NONE', *, *, #10093, .F. ) ;
#688 = ADVANCED_FACE ( 'NONE', ( #965 ), #6541, .F. ) ;
#689 = LINE ( 'NONE', #2186, #1569 ) ;
#690 = EDGE_CURVE ( 'NONE', #3552, #5154, #10034, .T. ) ;
#691 = CARTESIAN_POINT ( 'NONE',  ( -15.49999999999897859, -15.50000000000102141, 47.50000000000000000 ) ) ;
#692 =( NAMED_UNIT ( * ) PLANE_ANGLE_UNIT ( ) SI_UNIT ( $, .RADIAN. ) );
#693 = CIRCLE ( 'NONE', #4474, 2.000000000000015543 ) ;
#694 = CARTESIAN_POINT ( 'NONE',  ( 2.500000000000000000, 0.000000000000000000, 45.50000000000002132 ) ) ;
#695 = CONICAL_SURFACE ( 'NONE', #8272, 2.000000000000029310, 0.7853981633974391752 ) ;
#696 = EDGE_CURVE ( 'NONE', #9420, #3196, #9676, .T. ) ;
#697 = VERTEX_POINT ( 'NONE', #2623 ) ;
#698 = ORIENTED_EDGE ( 'NONE', *, *, #9711, .F. ) ;
#699 = ADVANCED_FACE ( 'NONE', ( #4993 ), #7365, .T. ) ;
#700 = ORIENTED_EDGE ( 'NONE', *, *, #892, .T. ) ;
#701 = FILL_AREA_STYLE ('',( #7766 ) ) ;
#702 = EDGE_CURVE ( 'NONE', #5091, #1890, #6598, .T. ) ;
#703 = PLANE ( 'NONE',  #2767 ) ;
#704 = VECTOR ( 'NONE', #3772, 1000.000000000000000 ) ;
#705 = CARTESIAN_POINT ( 'NONE',  ( -15.05359323060823584, 16.80673604214000605, 47.49756013713619041 ) ) ;
#706 = DIRECTION ( 'NONE',  ( 0.000000000000000000, -0.000000000000000000, -1.000000000000000000 ) ) ;
#707 = SPHERICAL_SURFACE ( 'NONE', #7971, 0.5000000000000000000 ) ;
#708 = ORIENTED_EDGE ( 'NONE', *, *, #1959, .F. ) ;
#709 = ORIENTED_EDGE ( 'NONE', *, *, #4337, .T. ) ;
#710 = CARTESIAN_POINT ( 'NONE',  ( 21.15000000000000213, -17.15000000000001634, 10.00000000000000000 ) ) ;
#711 = AXIS2_PLACEMENT_3D ( 'NONE', #9794, #8144, #1191 ) ;
#712 = ORIENTED_EDGE ( 'NONE', *, *, #1532, .F. ) ;
#713 = UNCERTAINTY_MEASURE_WITH_UNIT (LENGTH_MEASURE( 1.000000000000000082E-05 ), #9051, 'distance_accuracy_value', 'NONE');
#714 = DIRECTION ( 'NONE',  ( 1.000000000000000000, -1.125454765811129607E-14, 0.000000000000000000 ) ) ;
#715 = FACE_OUTER_BOUND ( 'NONE', #9829, .T. ) ;
#716 = PRESENTATION_STYLE_ASSIGNMENT (( #10049 ) ) ;
#717 = ORIENTED_EDGE ( 'NONE', *, *, #7480, .F. ) ;
#718 = CARTESIAN_POINT ( 'NONE',  ( -3.496119095141088540, -19.15000000000000568, 0.000000000000000000 ) ) ;
#719 = EDGE_LOOP ( 'NONE', ( #5757, #9828, #6677, #758 ) ) ;
#720 = PLANE ( 'NONE',  #305 ) ;
#721 = ORIENTED_EDGE ( 'NONE', *, *, #3842, .F. ) ;
#722 = DIRECTION ( 'NONE',  ( -3.034740832678112893E-15, 1.000000000000000000, 0.000000000000000000 ) ) ;
#723 = DIRECTION ( 'NONE',  ( 0.000000000000000000, 0.000000000000000000, 1.000000000000000000 ) ) ;
#724 =( GEOMETRIC_REPRESENTATION_CONTEXT ( 3 ) GLOBAL_UNCERTAINTY_ASSIGNED_CONTEXT ( ( #8341 ) ) GLOBAL_UNIT_ASSIGNED_CONTEXT ( ( #7290, #1539, #3426 ) ) REPRESENTATION_CONTEXT ( 'NONE', 'WORKASPACE' ) );
#725 =( NAMED_UNIT ( * ) SI_UNIT ( $, .STERADIAN. ) SOLID_ANGLE_UNIT ( ) );
#726 = FILL_AREA_STYLE ('',( #3633 ) ) ;
#727 = PRESENTATION_STYLE_ASSIGNMENT (( #4696 ) ) ;
#728 = LINE ( 'NONE', #7028, #7870 ) ;
#729 = FILL_AREA_STYLE ('',( #2180 ) ) ;
#730 = CIRCLE ( 'NONE', #7326, 0.5000000000000004441 ) ;
#731 = LINE ( 'NONE', #3870, #7792 ) ;
#732 = ORIENTED_EDGE ( 'NONE', *, *, #9803, .F. ) ;
#733 = SURFACE_STYLE_FILL_AREA ( #11 ) ;
#734 = ORIENTED_EDGE ( 'NONE', *, *, #6440, .F. ) ;
#735 = VECTOR ( 'NONE', #3616, 1000.000000000000000 ) ;
#736 = DIRECTION ( 'NONE',  ( 0.7071067811865475727, -0.7071067811865475727, 0.000000000000000000 ) ) ;
#737 = AXIS2_PLACEMENT_3D ( 'NONE', #9550, #1617, #7137 ) ;
#738 = EDGE_CURVE ( 'NONE', #6719, #9452, #9566, .T. ) ;
#739 = CARTESIAN_POINT ( 'NONE',  ( -15.50000000000016520, 15.49999999999897504, 47.50000000000000000 ) ) ;
#740 = ORIENTED_EDGE ( 'NONE', *, *, #5810, .F. ) ;
#741 = ORIENTED_EDGE ( 'NONE', *, *, #7451, .F. ) ;
#742 = CONICAL_SURFACE ( 'NONE', #1573, 1.249999999999999334, 1.029744258676653867 ) ;
#743 = ADVANCED_FACE ( 'NONE', ( #8986 ), #1947, .T. ) ;
#744 = PRESENTATION_STYLE_ASSIGNMENT (( #5600 ) ) ;
#745 = VECTOR ( 'NONE', #7421, 1000.000000000000000 ) ;
#746 = VERTEX_POINT ( 'NONE', #4465 ) ;
#747 = CIRCLE ( 'NONE', #584, 3.000000000000639488 ) ;
#748 = DIRECTION ( 'NONE',  ( 0.000000000000000000, 0.000000000000000000, 1.000000000000000000 ) ) ;
#749 = CARTESIAN_POINT ( 'NONE',  ( 15.05359323060813992, -14.15069333393208417, 46.50000000000000000 ) ) ;
#750 =( LENGTH_UNIT ( ) NAMED_UNIT ( * ) SI_UNIT ( .MILLI., .METRE. ) );
#751 = EDGE_CURVE ( 'NONE', #10203, #2708, #591, .T. ) ;
#752 = EDGE_CURVE ( 'NONE', #618, #527, #514, .T. ) ;
#753 = LINE ( 'NONE', #8726, #3382 ) ;
#754 =( GEOMETRIC_REPRESENTATION_CONTEXT ( 3 ) GLOBAL_UNCERTAINTY_ASSIGNED_CONTEXT ( ( #1357 ) ) GLOBAL_UNIT_ASSIGNED_CONTEXT ( ( #9787, #7376, #194 ) ) REPRESENTATION_CONTEXT ( 'NONE', 'WORKASPACE' ) );
#755 = ADVANCED_FACE ( 'NONE', ( #4363 ), #5349, .F. ) ;
#756 = CARTESIAN_POINT ( 'NONE',  ( -15.05359323060823584, 15.07550534522231089, 46.50000000000000000 ) ) ;
#757 = VERTEX_POINT ( 'NONE', #7556 ) ;
#758 = ORIENTED_EDGE ( 'NONE', *, *, #288, .F. ) ;
#759 = DIRECTION ( 'NONE',  ( 1.000000000000000000, -1.658696185533663268E-14, 0.000000000000000000 ) ) ;
#760 = VERTEX_POINT ( 'NONE', #3593 ) ;
#761 = DIRECTION ( 'NONE',  ( -0.000000000000000000, -0.000000000000000000, -1.000000000000000000 ) ) ;
#762 = CIRCLE ( 'NONE', #5708, 4.000000000000000000 ) ;
#763 = DIRECTION ( 'NONE',  ( -0.000000000000000000, -0.000000000000000000, 1.000000000000000000 ) ) ;
#764 = FILL_AREA_STYLE ('',( #9423 ) ) ;
#765 = CARTESIAN_POINT ( 'NONE',  ( -14.23619328529319006, -15.94640676939194535, 47.50000000000000000 ) ) ;
#766 = EDGE_CURVE ( 'NONE', #911, #2195, #7457, .T. ) ;
#767 = CARTESIAN_POINT ( 'NONE',  ( 3.500000000000000000, 4.286263797015736595E-16, -1.734723475976807094E-15 ) ) ;
#768 = CIRCLE ( 'NONE', #7520, 3.000000000000639488 ) ;
#769 = EDGE_CURVE ( 'NONE', #7212, #9311, #680, .T. ) ;
#770 = ORIENTED_EDGE ( 'NONE', *, *, #1560, .F. ) ;
#771 = DIRECTION ( 'NONE',  ( 0.000000000000000000, 0.000000000000000000, 1.000000000000000000 ) ) ;
#772 = FACE_OUTER_BOUND ( 'NONE', #6082, .T. ) ;
#773 = CARTESIAN_POINT ( 'NONE',  ( 16.75000000000010658, -15.49999999999989164, -2.266821225221747863E-17 ) ) ;
#774 =( GEOMETRIC_REPRESENTATION_CONTEXT ( 3 ) GLOBAL_UNCERTAINTY_ASSIGNED_CONTEXT ( ( #9674 ) ) GLOBAL_UNIT_ASSIGNED_CONTEXT ( ( #8974, #8219, #3734 ) ) REPRESENTATION_CONTEXT ( 'NONE', 'WORKASPACE' ) );
#775 = AXIS2_PLACEMENT_3D ( 'NONE', #3662, #8445, #8401 ) ;
#776 = SURFACE_STYLE_FILL_AREA ( #2427 ) ;
#777 =( NAMED_UNIT ( * ) PLANE_ANGLE_UNIT ( ) SI_UNIT ( $, .RADIAN. ) );
#778 = CARTESIAN_POINT ( 'NONE',  ( -15.78089184510904275, -16.78307522795895323, 47.50000000000000000 ) ) ;
#779 =( NAMED_UNIT ( * ) PLANE_ANGLE_UNIT ( ) SI_UNIT ( $, .RADIAN. ) );
#780 = CARTESIAN_POINT ( 'NONE',  ( 21.14999999999999858, 21.14999999999999858, 40.00000000000000000 ) ) ;
#781 = MECHANICAL_DESIGN_GEOMETRIC_PRESENTATION_REPRESENTATION (  '', ( #3468 ), #8193 ) ;
#782 = SPHERICAL_SURFACE ( 'NONE', #4686, 0.5000000000000000000 ) ;
#783 = ORIENTED_EDGE ( 'NONE', *, *, #1129, .F. ) ;
#784 = DIRECTION ( 'NONE',  ( 0.000000000000000000, 0.000000000000000000, -1.000000000000000000 ) ) ;
#785 = ORIENTED_EDGE ( 'NONE', *, *, #4810, .T. ) ;
#786 = PRESENTATION_STYLE_ASSIGNMENT (( #1764 ) ) ;
#787 = STYLED_ITEM ( 'NONE', ( #9519 ), #9524 ) ;
#788 = DIRECTION ( 'NONE',  ( 0.000000000000000000, 0.000000000000000000, 1.000000000000000000 ) ) ;
#789 = SURFACE_SIDE_STYLE ('',( #8563 ) ) ;
#790 = DIRECTION ( 'NONE',  ( -0.000000000000000000, -0.000000000000000000, -1.000000000000000000 ) ) ;
#791 = AXIS2_PLACEMENT_3D ( 'NONE', #8358, #9802, #1307 ) ;
#793 = MECHANICAL_DESIGN_GEOMETRIC_PRESENTATION_REPRESENTATION (  '', ( #2639 ), #10196 ) ;
#792 = DIRECTION ( 'NONE',  ( 0.000000000000000000, 0.000000000000000000, 1.000000000000000000 ) ) ;
#794 = MECHANICAL_DESIGN_GEOMETRIC_PRESENTATION_REPRESENTATION (  '', ( #5922 ), #4755 ) ;
#795 = ORIENTED_EDGE ( 'NONE', *, *, #6997, .F. ) ;
#796 = UNCERTAINTY_MEASURE_WITH_UNIT (LENGTH_MEASURE( 1.000000000000000082E-05 ), #9666, 'distance_accuracy_value', 'NONE');
#797 = ORIENTED_EDGE ( 'NONE', *, *, #1586, .T. ) ;
#798 = CARTESIAN_POINT ( 'NONE',  ( -15.49999999999897859, -15.50000000000102141, 47.50000000000000000 ) ) ;
#799 = AXIS2_PLACEMENT_3D ( 'NONE', #2578, #6657, #6457 ) ;
#800 = ADVANCED_FACE ( 'NONE', ( #2775 ), #5252, .F. ) ;
#801 =( GEOMETRIC_REPRESENTATION_CONTEXT ( 3 ) GLOBAL_UNCERTAINTY_ASSIGNED_CONTEXT ( ( #5648 ) ) GLOBAL_UNIT_ASSIGNED_CONTEXT ( ( #140, #1745, #4105 ) ) REPRESENTATION_CONTEXT ( 'NONE', 'WORKASPACE' ) );
#802 = LINE ( 'NONE', #28, #4387 ) ;
#803 = CARTESIAN_POINT ( 'NONE',  ( 15.07550534522235530, 16.78307522795905982, 47.49867441544048319 ) ) ;
#804 = LINE ( 'NONE', #3190, #1898 ) ;
#805 =( NAMED_UNIT ( * ) SI_UNIT ( $, .STERADIAN. ) SOLID_ANGLE_UNIT ( ) );
#806 = VERTEX_POINT ( 'NONE', #7607 ) ;
#807 = CIRCLE ( 'NONE', #8538, 4.000000000000000000 ) ;
#809 = ORIENTED_EDGE ( 'NONE', *, *, #4351, .T. ) ;
#808 = AXIS2_PLACEMENT_3D ( 'NONE', #9075, #4286, #8207 ) ;
#810 = CARTESIAN_POINT ( 'NONE',  ( 13.32957238623955831, 21.14999999999999858, 5.999999999999998224 ) ) ;
#811 = ORIENTED_EDGE ( 'NONE', *, *, #4933, .F. ) ;
#812 = UNCERTAINTY_MEASURE_WITH_UNIT (LENGTH_MEASURE( 1.000000000000000082E-05 ), #5206, 'distance_accuracy_value', 'NONE');
#813 = LINE ( 'NONE', #7006, #8491 ) ;
#814 = CARTESIAN_POINT ( 'NONE',  ( -2.000000000000029310, 0.000000000000000000, 46.00000000000000000 ) ) ;
#815 = PRESENTATION_STYLE_ASSIGNMENT (( #2260 ) ) ;
#816 = PLANE ( 'NONE',  #1852 ) ;
#817 = VECTOR ( 'NONE', #9469, 1000.000000000000000 ) ;
#818 = CIRCLE ( 'NONE', #4773, 1.299999999999999156 ) ;
#819 =( GEOMETRIC_REPRESENTATION_CONTEXT ( 3 ) GLOBAL_UNCERTAINTY_ASSIGNED_CONTEXT ( ( #5773 ) ) GLOBAL_UNIT_ASSIGNED_CONTEXT ( ( #7188, #110, #9551 ) ) REPRESENTATION_CONTEXT ( 'NONE', 'WORKASPACE' ) );
#820 = DIRECTION ( 'NONE',  ( 0.000000000000000000, 0.000000000000000000, -1.000000000000000000 ) ) ;
#821 = ADVANCED_FACE ( 'NONE', ( #9871 ), #2823, .T. ) ;
#822 = DIRECTION ( 'NONE',  ( -1.224646799147353207E-16, 1.000000000000000000, 0.000000000000000000 ) ) ;
#823 = PRESENTATION_STYLE_ASSIGNMENT (( #5667 ) ) ;
#824 = ORIENTED_EDGE ( 'NONE', *, *, #8936, .T. ) ;
#825 =( LENGTH_UNIT ( ) NAMED_UNIT ( * ) SI_UNIT ( .MILLI., .METRE. ) );
#826 = ORIENTED_EDGE ( 'NONE', *, *, #6369, .F. ) ;
#827 = EDGE_CURVE ( 'NONE', #2811, #7416, #8671, .T. ) ;
#828 = CARTESIAN_POINT ( 'NONE',  ( 16.78307522795900653, -15.92449465477577242, 47.49867441544055424 ) ) ;
#829 = AXIS2_PLACEMENT_3D ( 'NONE', #9872, #8383, #5301 ) ;
#830 = COLOUR_RGB ( '',1.000000000000000000, 1.000000000000000000, 1.000000000000000000 ) ;
#831 = DIRECTION ( 'NONE',  ( -0.000000000000000000, -0.000000000000000000, -1.000000000000000000 ) ) ;
#832 = LINE ( 'NONE', #10153, #4703 ) ;
#833 = EDGE_CURVE ( 'NONE', #5599, #9596, #2306, .T. ) ;
#834 = CARTESIAN_POINT ( 'NONE',  ( -1.379851512413567960, -19.15000000000000568, 41.54834905086877939 ) ) ;
#835 = FILL_AREA_STYLE_COLOUR ( '', #3165 ) ;
#836 = EDGE_CURVE ( 'NONE', #6869, #5699, #2403, .T. ) ;
#837 = DIRECTION ( 'NONE',  ( -0.7071067811865462405, 0.7071067811865489050, -0.000000000000000000 ) ) ;
#838 = VECTOR ( 'NONE', #6129, 1000.000000000000000 ) ;
#839 =( NAMED_UNIT ( * ) PLANE_ANGLE_UNIT ( ) SI_UNIT ( $, .RADIAN. ) );
#840 = VERTEX_POINT ( 'NONE', #8574 ) ;
#841 = DIRECTION ( 'NONE',  ( 0.000000000000000000, 1.000000000000000000, 0.000000000000000000 ) ) ;
#842 = ORIENTED_EDGE ( 'NONE', *, *, #7017, .F. ) ;
#843 = COLOUR_RGB ( '',0.2509803921568627416, 0.2509803921568627416, 0.2509803921568627416 ) ;
#844 = DIRECTION ( 'NONE',  ( 0.000000000000000000, 0.000000000000000000, 1.000000000000000000 ) ) ;
#845 = SURFACE_STYLE_USAGE ( .BOTH. , #1525 ) ;
#846 = CARTESIAN_POINT ( 'NONE',  ( -16.84930666606613414, -15.05359323060805998, 46.50000000000000000 ) ) ;
#847 = FILL_AREA_STYLE_COLOUR ( '', #4658 ) ;
#848 = CIRCLE ( 'NONE', #9239, 25.00000000000000000 ) ;
#849 = DIRECTION ( 'NONE',  ( 1.000000000000000000, 0.000000000000000000, -0.000000000000000000 ) ) ;
#850 = VERTEX_POINT ( 'NONE', #6377 ) ;
#851 = ORIENTED_EDGE ( 'NONE', *, *, #4152, .F. ) ;
#852 = DIRECTION ( 'NONE',  ( 0.000000000000000000, 0.000000000000000000, 1.000000000000000000 ) ) ;
#853 = DIRECTION ( 'NONE',  ( 8.202002250481357549E-17, -1.000000000000000000, -0.000000000000000000 ) ) ;
#854 = STYLED_ITEM ( 'NONE', ( #3547 ), #7424 ) ;
#855 = PRESENTATION_STYLE_ASSIGNMENT (( #6169 ) ) ;
#856 = CARTESIAN_POINT ( 'NONE',  ( 14.21692477204111071, -15.92449465477574577, 47.49867441544045477 ) ) ;
#857 = DIRECTION ( 'NONE',  ( 0.000000000000000000, 0.000000000000000000, -1.000000000000000000 ) ) ;
#858 = B_SPLINE_CURVE_WITH_KNOTS ( 'NONE', 3,
 ( #3150, #5513, #4043, #10094 ),
 .UNSPECIFIED., .F., .F.,
 ( 4, 4 ),
 ( 0.000000000000000000, 0.0002154103325724461711 ),
 .UNSPECIFIED. ) ;
#859 = CARTESIAN_POINT ( 'NONE',  ( 3.500000000000000000, 0.000000000000000000, 46.00000000000000000 ) ) ;
#860 = ORIENTED_EDGE ( 'NONE', *, *, #5951, .T. ) ;
#861 = ORIENTED_EDGE ( 'NONE', *, *, #6634, .T. ) ;
#862 = CARTESIAN_POINT ( 'NONE',  ( 15.92449465477571025, 16.78307522795905626, 47.49867441544050450 ) ) ;
#863 = VERTEX_POINT ( 'NONE', #9304 ) ;
#864 = CARTESIAN_POINT ( 'NONE',  ( 21.14999999999999858, -13.32957238623955654, 8.000000000000000000 ) ) ;
#865 = AXIS2_PLACEMENT_3D ( 'NONE', #8370, #5139, #4406 ) ;
#866 = CARTESIAN_POINT ( 'NONE',  ( -15.49999999999897859, -15.50000000000102141, 46.50000000000000000 ) ) ;
#867 = FACE_OUTER_BOUND ( 'NONE', #7867, .T. ) ;
#868 = CARTESIAN_POINT ( 'NONE',  ( 16.84930666606603467, 15.94640676939203239, 46.50000000000000000 ) ) ;
#869 = FILL_AREA_STYLE_COLOUR ( '', #6081 ) ;
#870 = AXIS2_PLACEMENT_3D ( 'NONE', #1465, #1365, #4499 ) ;
#871 = DIRECTION ( 'NONE',  ( 0.7071067811865475727, 0.7071067811865475727, 0.000000000000000000 ) ) ;
#872 = VERTEX_POINT ( 'NONE', #6279 ) ;
#873 = DIRECTION ( 'NONE',  ( 0.7071067811865490160, 0.7071067811865460184, -0.000000000000000000 ) ) ;
#874 = ORIENTED_EDGE ( 'NONE', *, *, #6994, .F. ) ;
#875 = CARTESIAN_POINT ( 'NONE',  ( 0.000000000000000000, 0.000000000000000000, 0.000000000000000000 ) ) ;
#876 = EDGE_CURVE ( 'NONE', #3241, #4494, #8085, .T. ) ;
#877 = CARTESIAN_POINT ( 'NONE',  ( 14.25314224406724861, -15.92449465477574577, 47.50000000000000000 ) ) ;
#878 = DIRECTION ( 'NONE',  ( 1.000000000000000000, 0.000000000000000000, -0.000000000000000000 ) ) ;
#879 = CARTESIAN_POINT ( 'NONE',  ( 14.15069333393202911, 15.94640676939204305, 47.49262389544717422 ) ) ;
#880 = VECTOR ( 'NONE', #4386, 1000.000000000000000 ) ;
#881 = DIRECTION ( 'NONE',  ( 0.7071067811865475727, 0.7071067811865475727, -0.000000000000000000 ) ) ;
#882 = DIRECTION ( 'NONE',  ( -0.000000000000000000, -0.000000000000000000, 1.000000000000000000 ) ) ;
#883 = EDGE_CURVE ( 'NONE', #840, #548, #1627, .T. ) ;
#884 = DIRECTION ( 'NONE',  ( -1.000000000000000000, 0.000000000000000000, 0.000000000000000000 ) ) ;
#885 = EDGE_CURVE ( 'NONE', #2352, #7921, #3934, .T. ) ;
#886 = EDGE_CURVE ( 'NONE', #5903, #1531, #4227, .T. ) ;
#887 = LINE ( 'NONE', #2533, #9096 ) ;
#888 = DIRECTION ( 'NONE',  ( 0.000000000000000000, 0.000000000000000000, 1.000000000000000000 ) ) ;
#889 = EDGE_LOOP ( 'NONE', ( #9854, #10132, #2676, #7776, #4893 ) ) ;
#890 = FACE_OUTER_BOUND ( 'NONE', #4441, .T. ) ;
#891 = ORIENTED_EDGE ( 'NONE', *, *, #6059, .F. ) ;
#892 = EDGE_CURVE ( 'NONE', #3368, #4143, #5902, .T. ) ;
#893 = PLANE ( 'NONE',  #9539 ) ;
#894 = SURFACE_STYLE_FILL_AREA ( #1674 ) ;
#895 = CARTESIAN_POINT ( 'NONE',  ( 0.000000000000000000, 0.000000000000000000, 40.00000000000000000 ) ) ;
#896 = CIRCLE ( 'NONE', #9616, 2.999999999999780620 ) ;
#897 = CARTESIAN_POINT ( 'NONE',  ( 16.94289321881342048, 20.64999999999999858, 38.00000000000000000 ) ) ;
#898 = DIRECTION ( 'NONE',  ( 1.000000000000000000, 0.000000000000000000, 0.000000000000000000 ) ) ;
#899 = ORIENTED_EDGE ( 'NONE', *, *, #6491, .F. ) ;
#900 = UNCERTAINTY_MEASURE_WITH_UNIT (LENGTH_MEASURE( 1.000000000000000082E-05 ), #6449, 'distance_accuracy_value', 'NONE');
#901 = EDGE_LOOP ( 'NONE', ( #7415, #4131, #4193, #2194 ) ) ;
#902 = EDGE_CURVE ( 'NONE', #1369, #2864, #2590, .T. ) ;
#903 = SURFACE_STYLE_FILL_AREA ( #3930 ) ;
#904 = CARTESIAN_POINT ( 'NONE',  ( -15.94640676939209456, 16.84930666606597782, 46.50000000000000000 ) ) ;
#905 = FACE_OUTER_BOUND ( 'NONE', #1941, .T. ) ;
#906 = CARTESIAN_POINT ( 'NONE',  ( -14.20000000000016449, 15.49999999999897504, 47.50000000000000000 ) ) ;
#907 = FILL_AREA_STYLE_COLOUR ( '', #4436 ) ;
#908 = CIRCLE ( 'NONE', #929, 2.500000000000000000 ) ;
#909 = AXIS2_PLACEMENT_3D ( 'NONE', #9292, #9956, #6882 ) ;
#910 = ORIENTED_EDGE ( 'NONE', *, *, #4217, .T. ) ;
#911 = VERTEX_POINT ( 'NONE', #3886 ) ;
#912 = EDGE_LOOP ( 'NONE', ( #8838, #6278, #6033 ) ) ;
#913 = UNCERTAINTY_MEASURE_WITH_UNIT (LENGTH_MEASURE( 1.000000000000000082E-05 ), #8419, 'distance_accuracy_value', 'NONE');
#914 = LINE ( 'NONE', #227, #3791 ) ;
#915 = DIRECTION ( 'NONE',  ( -1.000000000000000000, 0.000000000000000000, 0.000000000000000000 ) ) ;
#916 = VECTOR ( 'NONE', #722, 1000.000000000000000 ) ;
#917 = PLANE ( 'NONE',  #4035 ) ;
#918 = ORIENTED_EDGE ( 'NONE', *, *, #7300, .T. ) ;
#919 =( NAMED_UNIT ( * ) SI_UNIT ( $, .STERADIAN. ) SOLID_ANGLE_UNIT ( ) );
#920 = MECHANICAL_DESIGN_GEOMETRIC_PRESENTATION_REPRESENTATION (  '', ( #5380 ), #1258 ) ;
#921 = VECTOR ( 'NONE', #7778, 1000.000000000000000 ) ;
#922 = ORIENTED_EDGE ( 'NONE', *, *, #6984, .T. ) ;
#923 = AXIS2_PLACEMENT_3D ( 'NONE', #7251, #8112, #167 ) ;
#924 = CARTESIAN_POINT ( 'NONE',  ( 18.79644660940673973, -18.79644660940669354, 47.50000000000000000 ) ) ;
#925 = CARTESIAN_POINT ( 'NONE',  ( -15.07550534522247254, -16.78307522795895679, 47.49867441544054714 ) ) ;
#926 = EDGE_CURVE ( 'NONE', #4133, #8257, #4623, .T. ) ;
#927 = CARTESIAN_POINT ( 'NONE',  ( 15.94640676939198087, -16.84930666606609151, 47.49262389544739449 ) ) ;
#928 = CARTESIAN_POINT ( 'NONE',  ( -16.74999999999999289, 15.50000000000000000, 4.500000000000000888 ) ) ;
#929 = AXIS2_PLACEMENT_3D ( 'NONE', #7253, #8115, #5765 ) ;
#930 = CARTESIAN_POINT ( 'NONE',  ( -14.27904914257671365, -15.05359323060808663, 47.50000000000000000 ) ) ;
#931 =( GEOMETRIC_REPRESENTATION_CONTEXT ( 3 ) GLOBAL_UNCERTAINTY_ASSIGNED_CONTEXT ( ( #1741 ) ) GLOBAL_UNIT_ASSIGNED_CONTEXT ( ( #8879, #2609, #2552 ) ) REPRESENTATION_CONTEXT ( 'NONE', 'WORKASPACE' ) );
#932 = ADVANCED_FACE ( 'NONE', ( #4777 ), #3234, .T. ) ;
#933 =( LENGTH_UNIT ( ) NAMED_UNIT ( * ) SI_UNIT ( .MILLI., .METRE. ) );
#934 = CARTESIAN_POINT ( 'NONE',  ( 1.379851512413564629, -39.15000000000000568, 42.12714644778323247 ) ) ;
#935 = ORIENTED_EDGE ( 'NONE', *, *, #7390, .F. ) ;
#936 = ORIENTED_EDGE ( 'NONE', *, *, #1338, .T. ) ;
#937 = ORIENTED_EDGE ( 'NONE', *, *, #9392, .T. ) ;
#938 = ORIENTED_EDGE ( 'NONE', *, *, #2515, .T. ) ;
#939 = LINE ( 'NONE', #1095, #7731 ) ;
#940 = CARTESIAN_POINT ( 'NONE',  ( 19.00000000000079936, -15.49999999999983658, 47.50000000000000000 ) ) ;
#941 = LINE ( 'NONE', #1044, #9759 ) ;
#942 = STYLED_ITEM ( 'NONE', ( #9409 ), #932 ) ;
#943 = EDGE_CURVE ( 'NONE', #2446, #489, #271, .T. ) ;
#944 = COLOUR_RGB ( '',0.000000000000000000, 0.5019607843137254832, 1.000000000000000000 ) ;
#945 = CARTESIAN_POINT ( 'NONE',  ( 15.49999999999983658, 15.50000000000015987, 46.50000000000000000 ) ) ;
#946 = LINE ( 'NONE', #4075, #8463 ) ;
#947 = ORIENTED_EDGE ( 'NONE', *, *, #4586, .F. ) ;
#948 = ORIENTED_EDGE ( 'NONE', *, *, #8680, .F. ) ;
#949 = FACE_OUTER_BOUND ( 'NONE', #3699, .T. ) ;
#950 = EDGE_CURVE ( 'NONE', #2632, #277, #1776, .T. ) ;
#951 = EDGE_CURVE ( 'NONE', #4923, #2314, #8723, .T. ) ;
#952 = CARTESIAN_POINT ( 'NONE',  ( 2.500000000000000000, 0.000000000000000000, -24.00000000000000000 ) ) ;
#953 = AXIS2_PLACEMENT_3D ( 'NONE', #6924, #9234, #3009 ) ;
#954 = DIRECTION ( 'NONE',  ( -0.000000000000000000, -0.000000000000000000, -1.000000000000000000 ) ) ;
#955 = AXIS2_PLACEMENT_3D ( 'NONE', #8073, #3442, #6642 ) ;
#956 = DIRECTION ( 'NONE',  ( -0.000000000000000000, -0.000000000000000000, -1.000000000000000000 ) ) ;
#957 = EDGE_CURVE ( 'NONE', #4464, #6361, #2628, .T. ) ;
#958 = CARTESIAN_POINT ( 'NONE',  ( 17.80000000000102034, -15.49999999999983658, 46.00000000000000000 ) ) ;
#959 = ORIENTED_EDGE ( 'NONE', *, *, #7205, .T. ) ;
#960 = ORIENTED_EDGE ( 'NONE', *, *, #5491, .T. ) ;
#961 = DIRECTION ( 'NONE',  ( -0.000000000000000000, -0.000000000000000000, 1.000000000000000000 ) ) ;
#962 = AXIS2_PLACEMENT_3D ( 'NONE', #9591, #882, #4008 ) ;
#963 = ORIENTED_EDGE ( 'NONE', *, *, #1516, .T. ) ;
#964 = CIRCLE ( 'NONE', #2445, 1.000000000000000888 ) ;
#965 = FACE_OUTER_BOUND ( 'NONE', #2376, .T. ) ;
#966 = CARTESIAN_POINT ( 'NONE',  ( -14.19999999999897966, -15.50000000000102141, 46.50000000000000000 ) ) ;
#967 = CARTESIAN_POINT ( 'NONE',  ( 0.000000000000000000, 0.000000000000000000, 6.000000000000000000 ) ) ;
#968 = PRESENTATION_STYLE_ASSIGNMENT (( #3396 ) ) ;
#969 = DIRECTION ( 'NONE',  ( -1.000000000000000000, 0.000000000000000000, -0.000000000000000000 ) ) ;
#970 = PRESENTATION_LAYER_ASSIGNMENT (  '', '', ( #8379 ) ) ;
#971 = EDGE_LOOP ( 'NONE', ( #3389, #1430 ) ) ;
#972 = VERTEX_POINT ( 'NONE', #1105 ) ;
#973 = CARTESIAN_POINT ( 'NONE',  ( -20.64999999999999503, 16.94289321881343824, 38.00000000000000000 ) ) ;
#974 = DIRECTION ( 'NONE',  ( -0.000000000000000000, -0.000000000000000000, -1.000000000000000000 ) ) ;
#975 = SURFACE_SIDE_STYLE ('',( #5054 ) ) ;
#976 =( NAMED_UNIT ( * ) SI_UNIT ( $, .STERADIAN. ) SOLID_ANGLE_UNIT ( ) );
#977 = VECTOR ( 'NONE', #5028, 1000.000000000000000 ) ;
#978 = CIRCLE ( 'NONE', #3775, 1.249999999999997558 ) ;
#979 = CARTESIAN_POINT ( 'NONE',  ( -21.14999999999999503, -17.14999999999998792, 47.50000000000000000 ) ) ;
#980 = CARTESIAN_POINT ( 'NONE',  ( 1.379851512413567960, -39.15000000000000568, 43.53044834604566660 ) ) ;
#981 = DIRECTION ( 'NONE',  ( 1.000000000000000000, -1.534293971618784833E-13, 0.000000000000000000 ) ) ;
#982 = FACE_OUTER_BOUND ( 'NONE', #9105, .T. ) ;
#983 = PRESENTATION_LAYER_ASSIGNMENT (  '', '', ( #6271 ) ) ;
#984 = PLANE ( 'NONE',  #406 ) ;
#985 = ORIENTED_EDGE ( 'NONE', *, *, #9906, .F. ) ;
#986 = ORIENTED_EDGE ( 'NONE', *, *, #1009, .F. ) ;
#987 = ORIENTED_EDGE ( 'NONE', *, *, #7135, .F. ) ;
#988 = DIRECTION ( 'NONE',  ( 1.000000000000000000, 0.000000000000000000, 0.000000000000000000 ) ) ;
#989 = CIRCLE ( 'NONE', #9391, 0.5000000000000004441 ) ;
#990 = CARTESIAN_POINT ( 'NONE',  ( 13.20000000000102069, -15.49999999999983658, 47.50000000000000000 ) ) ;
#991 = CARTESIAN_POINT ( 'NONE',  ( -14.21692477204121730, 15.29091159908180941, 47.50000000000000000 ) ) ;
#992 = ADVANCED_FACE ( 'NONE', ( #4825 ), #3322, .T. ) ;
#993 = DIRECTION ( 'NONE',  ( 0.000000000000000000, 0.000000000000000000, -1.000000000000000000 ) ) ;
#994 = ORIENTED_EDGE ( 'NONE', *, *, #9646, .T. ) ;
#995 = ORIENTED_EDGE ( 'NONE', *, *, #7682, .F. ) ;
#996 = UNCERTAINTY_MEASURE_WITH_UNIT (LENGTH_MEASURE( 1.000000000000000082E-05 ), #7793, 'distance_accuracy_value', 'NONE');
#997 = ORIENTED_EDGE ( 'NONE', *, *, #5376, .T. ) ;
#998 = CARTESIAN_POINT ( 'NONE',  ( 16.94289321881345600, 21.14999999999999858, 8.000000000000000000 ) ) ;
#999 = EDGE_CURVE ( 'NONE', #4318, #3506, #7297, .T. ) ;
#1000 = CARTESIAN_POINT ( 'NONE',  ( 0.000000000000000000, 0.000000000000000000, 0.000000000000000000 ) ) ;
#1001 = PLANE ( 'NONE',  #2994 ) ;
#1002 = SURFACE_STYLE_USAGE ( .BOTH. , #1778 ) ;
#1003 = CARTESIAN_POINT ( 'NONE',  ( -12.49999999999923794, 15.49999999999897504, 46.00000000000000000 ) ) ;
#1004 = CIRCLE ( 'NONE', #9065, 0.5000000000000004441 ) ;
#1005 = CARTESIAN_POINT ( 'NONE',  ( 0.000000000000000000, -21.25000000000000711, 40.11033917074156818 ) ) ;
#1006 = STYLED_ITEM ( 'NONE', ( #1992 ), #755 ) ;
#1007 = EDGE_CURVE ( 'NONE', #9380, #9698, #217, .T. ) ;
#1008 = DIRECTION ( 'NONE',  ( 0.000000000000000000, 0.000000000000000000, -1.000000000000000000 ) ) ;
#1009 = EDGE_CURVE ( 'NONE', #4717, #8148, #6055, .T. ) ;
#1010 = ORIENTED_EDGE ( 'NONE', *, *, #702, .T. ) ;
#1011 = ORIENTED_EDGE ( 'NONE', *, *, #1524, .F. ) ;
#1012 = SURFACE_STYLE_FILL_AREA ( #3387 ) ;
#1013 = ORIENTED_EDGE ( 'NONE', *, *, #4487, .T. ) ;
#1014 = UNCERTAINTY_MEASURE_WITH_UNIT (LENGTH_MEASURE( 1.000000000000000082E-05 ), #1610, 'distance_accuracy_value', 'NONE');
#1015 = AXIS2_PLACEMENT_3D ( 'NONE', #9063, #1138, #4220 ) ;
#1016 = EDGE_CURVE ( 'NONE', #1182, #8911, #1894, .T. ) ;
#1017 = UNCERTAINTY_MEASURE_WITH_UNIT (LENGTH_MEASURE( 1.000000000000000082E-05 ), #1881, 'distance_accuracy_value', 'NONE');
#1018 = LINE ( 'NONE', #3500, #7414 ) ;
#1019 = SURFACE_SIDE_STYLE ('',( #4995 ) ) ;
#1020 =( NAMED_UNIT ( * ) SI_UNIT ( $, .STERADIAN. ) SOLID_ANGLE_UNIT ( ) );
#1021 = CARTESIAN_POINT ( 'NONE',  ( -15.94640676939209456, 15.92449465477564097, 46.50000000000000000 ) ) ;
#1022 = AXIS2_PLACEMENT_3D ( 'NONE', #3294, #5567, #8636 ) ;
#1023 = SURFACE_STYLE_FILL_AREA ( #5622 ) ;
#1024 =( NAMED_UNIT ( * ) SI_UNIT ( $, .STERADIAN. ) SOLID_ANGLE_UNIT ( ) );
#1025 = ORIENTED_EDGE ( 'NONE', *, *, #9015, .T. ) ;
#1026 = FACE_OUTER_BOUND ( 'NONE', #658, .T. ) ;
#1027 = CIRCLE ( 'NONE', #2185, 25.00000000000000000 ) ;
#1028 = ORIENTED_EDGE ( 'NONE', *, *, #7613, .F. ) ;
#1029 = CARTESIAN_POINT ( 'NONE',  ( 15.94640676939199508, -15.07550534522242458, 46.50000000000000000 ) ) ;
#1030 = SURFACE_STYLE_FILL_AREA ( #4847 ) ;
#1031 = CARTESIAN_POINT ( 'NONE',  ( -1.640400450096271510E-16, -19.15000000000000568, 0.000000000000000000 ) ) ;
#1032 = DIRECTION ( 'NONE',  ( 0.000000000000000000, -1.000000000000000000, 0.000000000000000000 ) ) ;
#1033 =( LENGTH_UNIT ( ) NAMED_UNIT ( * ) SI_UNIT ( .MILLI., .METRE. ) );
#1034 = CARTESIAN_POINT ( 'NONE',  ( 15.92449465477571025, 16.78307522795905626, 46.50000000000000000 ) ) ;
#1035 = DIRECTION ( 'NONE',  ( -0.000000000000000000, 1.000000000000000000, -0.000000000000000000 ) ) ;
#1036 = PRESENTATION_LAYER_ASSIGNMENT (  '', '', ( #6644 ) ) ;
#1037 = DIRECTION ( 'NONE',  ( 0.000000000000000000, 0.000000000000000000, 1.000000000000000000 ) ) ;
#1038 = DIRECTION ( 'NONE',  ( 1.000000000000000000, 0.000000000000000000, 0.000000000000000000 ) ) ;
#1039 = FACE_OUTER_BOUND ( 'NONE', #3508, .T. ) ;
#1040 = ORIENTED_EDGE ( 'NONE', *, *, #10088, .T. ) ;
#1041 = ORIENTED_EDGE ( 'NONE', *, *, #7755, .T. ) ;
#1042 = ORIENTED_EDGE ( 'NONE', *, *, #8750, .T. ) ;
#1043 = CYLINDRICAL_SURFACE ( 'NONE', #2584, 2.999999999999780620 ) ;
#1044 = CARTESIAN_POINT ( 'NONE',  ( -13.20000000000016449, 15.49999999999897504, 47.50000000000000000 ) ) ;
#1045 =( GEOMETRIC_REPRESENTATION_CONTEXT ( 3 ) GLOBAL_UNCERTAINTY_ASSIGNED_CONTEXT ( ( #713 ) ) GLOBAL_UNIT_ASSIGNED_CONTEXT ( ( #9051, #8180, #1024 ) ) REPRESENTATION_CONTEXT ( 'NONE', 'WORKASPACE' ) );
#1046 = DIRECTION ( 'NONE',  ( 0.000000000000000000, 0.000000000000000000, 1.000000000000000000 ) ) ;
#1047 = CARTESIAN_POINT ( 'NONE',  ( -16.94289321881343113, 20.64999999999999858, 0.5000000000000000000 ) ) ;
#1048 = ORIENTED_EDGE ( 'NONE', *, *, #6890, .T. ) ;
#1049 = EDGE_LOOP ( 'NONE', ( #5499, #2772 ) ) ;
#1050 = ORIENTED_EDGE ( 'NONE', *, *, #5680, .F. ) ;
#1051 = CARTESIAN_POINT ( 'NONE',  ( -21.14999999999999503, -21.15000000000000568, 38.00000000000000000 ) ) ;
#1052 = B_SPLINE_CURVE_WITH_KNOTS ( 'NONE', 3,
 ( #10177, #1534, #3138, #2357 ),
 .UNSPECIFIED., .F., .F.,
 ( 4, 4 ),
 ( 2.602085213965210642E-18, 0.0001012530508707626680 ),
 .UNSPECIFIED. ) ;
#1053 = CARTESIAN_POINT ( 'NONE',  ( 0.000000000000000000, 0.000000000000000000, -24.00000000000000000 ) ) ;
#1054 = STYLED_ITEM ( 'NONE', ( #3577 ), #8876 ) ;
#1055 = DIRECTION ( 'NONE',  ( 1.000000000000000000, 0.000000000000000000, 0.000000000000000000 ) ) ;
#1056 = CARTESIAN_POINT ( 'NONE',  ( 1.379851512413567960, -39.15000000000000568, 42.95165094913121351 ) ) ;
#1057 = DIRECTION ( 'NONE',  ( 1.000000000000000000, -0.000000000000000000, -0.000000000000000000 ) ) ;
#1058 = EDGE_CURVE ( 'NONE', #8364, #389, #3740, .T. ) ;
#1059 = DIRECTION ( 'NONE',  ( 0.000000000000000000, 0.000000000000000000, 1.000000000000000000 ) ) ;
#1060 = FACE_OUTER_BOUND ( 'NONE', #6789, .T. ) ;
#1061 = FILL_AREA_STYLE_COLOUR ( '', #2970 ) ;
#1062 = ADVANCED_FACE ( 'NONE', ( #4979 ), #8111, .T. ) ;
#1063 = VERTEX_POINT ( 'NONE', #3682 ) ;
#1064 = ORIENTED_EDGE ( 'NONE', *, *, #6249, .F. ) ;
#1065 = VERTEX_POINT ( 'NONE', #10020 ) ;
#1066 =( NAMED_UNIT ( * ) SI_UNIT ( $, .STERADIAN. ) SOLID_ANGLE_UNIT ( ) );
#1067 = EDGE_CURVE ( 'NONE', #7004, #671, #1262, .T. ) ;
#1068 = AXIS2_PLACEMENT_3D ( 'NONE', #9377, #4592, #7734 ) ;
#1069 = SURFACE_STYLE_USAGE ( .BOTH. , #1019 ) ;
#1070 =( NAMED_UNIT ( * ) PLANE_ANGLE_UNIT ( ) SI_UNIT ( $, .RADIAN. ) );
#1071 = PRESENTATION_STYLE_ASSIGNMENT (( #8129 ) ) ;
#1072 =( GEOMETRIC_REPRESENTATION_CONTEXT ( 3 ) GLOBAL_UNCERTAINTY_ASSIGNED_CONTEXT ( ( #8013 ) ) GLOBAL_UNIT_ASSIGNED_CONTEXT ( ( #2814, #6635, #3533 ) ) REPRESENTATION_CONTEXT ( 'NONE', 'WORKASPACE' ) );
#1073 = CARTESIAN_POINT ( 'NONE',  ( -15.92449465477579729, -15.05359323060806709, 47.50000000000000000 ) ) ;
#1074 = CARTESIAN_POINT ( 'NONE',  ( -15.07550534522246011, -14.21692477204106098, 46.50000000000000000 ) ) ;
#1075 = ORIENTED_EDGE ( 'NONE', *, *, #6826, .T. ) ;
#1076 = CARTESIAN_POINT ( 'NONE',  ( 15.70908840091667358, 14.21692477204116045, 47.50000000000000000 ) ) ;
#1077 = EDGE_LOOP ( 'NONE', ( #4146, #9569, #5938, #4038 ) ) ;
#1078 = VECTOR ( 'NONE', #5382, 1000.000000000000000 ) ;
#1079 = DIRECTION ( 'NONE',  ( -0.000000000000000000, 1.000000000000000000, -0.000000000000000000 ) ) ;
#1080 = VECTOR ( 'NONE', #3860, 1000.000000000000000 ) ;
#1081 = DIRECTION ( 'NONE',  ( 1.000000000000000000, 0.000000000000000000, 0.000000000000000000 ) ) ;
#1082 = EDGE_CURVE ( 'NONE', #2708, #7723, #7653, .T. ) ;
#1083 =( NAMED_UNIT ( * ) PLANE_ANGLE_UNIT ( ) SI_UNIT ( $, .RADIAN. ) );
#1084 = VECTOR ( 'NONE', #7742, 1000.000000000000000 ) ;
#1085 = ADVANCED_FACE ( 'NONE', ( #477 ), #6783, .T. ) ;
#1086 =( NAMED_UNIT ( * ) PLANE_ANGLE_UNIT ( ) SI_UNIT ( $, .RADIAN. ) );
#1087 = STYLED_ITEM ( 'NONE', ( #9938 ), #4009 ) ;
#1088 = ADVANCED_FACE ( 'NONE', ( #7596 ), #2471, .T. ) ;
#1089 = STYLED_ITEM ( 'NONE', ( #6806 ), #5360 ) ;
#1090 = CARTESIAN_POINT ( 'NONE',  ( 15.50000000000101963, -15.49999999999983658, 47.50000000000000000 ) ) ;
#1091 = CARTESIAN_POINT ( 'NONE',  ( 16.84930666606603467, 15.50000000000016165, 47.49878368663161865 ) ) ;
#1092 = ORIENTED_EDGE ( 'NONE', *, *, #4857, .T. ) ;
#1093 = ORIENTED_EDGE ( 'NONE', *, *, #6059, .T. ) ;
#1094 = ORIENTED_EDGE ( 'NONE', *, *, #9392, .F. ) ;
#1095 = CARTESIAN_POINT ( 'NONE',  ( 21.00355339059327875, -17.29644660940673973, 8.000000000000000000 ) ) ;
#1096 = VECTOR ( 'NONE', #583, 1000.000000000000000 ) ;
#1097 = DIRECTION ( 'NONE',  ( 0.000000000000000000, -1.000000000000000000, 0.000000000000000000 ) ) ;
#1098 = DIRECTION ( 'NONE',  ( 0.7071067811865475727, -0.7071067811865475727, 0.000000000000000000 ) ) ;
#1099 = CARTESIAN_POINT ( 'NONE',  ( -15.05359323060823584, 16.84930666606597782, 46.50000000000000000 ) ) ;
#1100 = ORIENTED_EDGE ( 'NONE', *, *, #3845, .F. ) ;
#1101 = ORIENTED_EDGE ( 'NONE', *, *, #5193, .F. ) ;
#1102 = EDGE_LOOP ( 'NONE', ( #9980, #8969 ) ) ;
#1103 = CARTESIAN_POINT ( 'NONE',  ( 16.94289321881344179, -20.65000000000000213, 47.50000000000000000 ) ) ;
#1104 = DIRECTION ( 'NONE',  ( -0.000000000000000000, -0.000000000000000000, -1.000000000000000000 ) ) ;
#1105 = CARTESIAN_POINT ( 'NONE',  ( 3.428630373306654544, -19.15000000000000568, 40.11033917074156818 ) ) ;
#1106 = FACE_OUTER_BOUND ( 'NONE', #10026, .T. ) ;
#1107 = MECHANICAL_DESIGN_GEOMETRIC_PRESENTATION_REPRESENTATION (  '', ( #606 ), #114 ) ;
#1108 = PRESENTATION_STYLE_ASSIGNMENT (( #1002 ) ) ;
#1109 = VECTOR ( 'NONE', #7665, 1000.000000000000000 ) ;
#1110 = FILL_AREA_STYLE_COLOUR ( '', #6469 ) ;
#1111 = FILL_AREA_STYLE ('',( #1061 ) ) ;
#1112 = ORIENTED_EDGE ( 'NONE', *, *, #10015, .T. ) ;
#1113 = ORIENTED_EDGE ( 'NONE', *, *, #7613, .T. ) ;
#1114 = ADVANCED_FACE ( 'NONE', ( #9959 ), #5292, .F. ) ;
#1115 = DIRECTION ( 'NONE',  ( 0.000000000000000000, 1.000000000000000000, 0.000000000000000000 ) ) ;
#1116 =( GEOMETRIC_REPRESENTATION_CONTEXT ( 3 ) GLOBAL_UNCERTAINTY_ASSIGNED_CONTEXT ( ( #3390 ) ) GLOBAL_UNIT_ASSIGNED_CONTEXT ( ( #1609, #395, #8233 ) ) REPRESENTATION_CONTEXT ( 'NONE', 'WORKASPACE' ) );
#1117 = ORIENTED_EDGE ( 'NONE', *, *, #137, .T. ) ;
#1118 = PRESENTATION_LAYER_ASSIGNMENT (  '', '', ( #5569 ) ) ;
#1119 = SURFACE_SIDE_STYLE ('',( #282 ) ) ;
#1120 = SURFACE_STYLE_USAGE ( .BOTH. , #7366 ) ;
#1121 = LINE ( 'NONE', #5095, #9672 ) ;
#1122 = CARTESIAN_POINT ( 'NONE',  ( -16.72095085742198606, -15.94640676939191870, 47.50000000000000000 ) ) ;
#1123 = LINE ( 'NONE', #1998, #8650 ) ;
#1124 = CIRCLE ( 'NONE', #7707, 0.5000000000000004441 ) ;
#1125 = COLOUR_RGB ( '',0.2509803921568627416, 0.2509803921568627416, 0.2509803921568627416 ) ;
#1126 = VECTOR ( 'NONE', #8768, 1000.000000000000000 ) ;
#1127 = ORIENTED_EDGE ( 'NONE', *, *, #67, .F. ) ;
#1128 = ORIENTED_EDGE ( 'NONE', *, *, #6000, .F. ) ;
#1129 = EDGE_CURVE ( 'NONE', #1686, #1326, #5948, .T. ) ;
#1130 = DIRECTION ( 'NONE',  ( -1.000000000000000000, 9.378789715092728577E-15, 0.000000000000000000 ) ) ;
#1131 = ORIENTED_EDGE ( 'NONE', *, *, #7957, .F. ) ;
#1132 = SURFACE_STYLE_FILL_AREA ( #8089 ) ;
#1133 = VECTOR ( 'NONE', #5536, 1000.000000000000000 ) ;
#1134 = FACE_OUTER_BOUND ( 'NONE', #2209, .T. ) ;
#1135 = DIRECTION ( 'NONE',  ( -0.7071067811865462405, 0.7071067811865487940, 0.000000000000000000 ) ) ;
#1136 = ADVANCED_FACE ( 'NONE', ( #9349 ), #4763, .T. ) ;
#1137 = DIRECTION ( 'NONE',  ( -1.000000000000000000, 0.000000000000000000, 0.000000000000000000 ) ) ;
#1138 = DIRECTION ( 'NONE',  ( 0.000000000000000000, 0.000000000000000000, 1.000000000000000000 ) ) ;
#1139 = VECTOR ( 'NONE', #5720, 1000.000000000000000 ) ;
#1140 =( LENGTH_UNIT ( ) NAMED_UNIT ( * ) SI_UNIT ( .MILLI., .METRE. ) );
#1141 = DIRECTION ( 'NONE',  ( 1.000000000000000000, 0.000000000000000000, -0.000000000000000000 ) ) ;
#1142 = EDGE_CURVE ( 'NONE', #2787, #1637, #1567, .T. ) ;
#1143 = CARTESIAN_POINT ( 'NONE',  ( 21.14999999999999858, 16.94289321881344534, 48.00000000000000000 ) ) ;
#1144 = EDGE_CURVE ( 'NONE', #3105, #4240, #9447, .T. ) ;
#1145 = ORIENTED_EDGE ( 'NONE', *, *, #9130, .F. ) ;
#1146 = VECTOR ( 'NONE', #3985, 1000.000000000000000 ) ;
#1147 = VERTEX_POINT ( 'NONE', #6320 ) ;
#1148 = EDGE_LOOP ( 'NONE', ( #9396, #8084, #2848, #4196 ) ) ;
#1149 = ADVANCED_FACE ( 'NONE', ( #6934 ), #5281, .T. ) ;
#1150 = DIRECTION ( 'NONE',  ( 5.828955545431405913E-15, 1.000000000000000000, 0.000000000000000000 ) ) ;
#1151 = CARTESIAN_POINT ( 'NONE',  ( -13.32957238623954765, -21.15000000000000568, 99.84951795962939514 ) ) ;
#1152 = STYLED_ITEM ( 'NONE', ( #7358 ), #4538 ) ;
#1153 = COLOUR_RGB ( '',0.2509803921568627416, 0.2509803921568627416, 0.2509803921568627416 ) ;
#1154 = PLANE ( 'NONE',  #4248 ) ;
#1155 = DIRECTION ( 'NONE',  ( 1.000000000000000000, 0.000000000000000000, 0.000000000000000000 ) ) ;
#1156 = ORIENTED_EDGE ( 'NONE', *, *, #9702, .T. ) ;
#1157 = ORIENTED_EDGE ( 'NONE', *, *, #2449, .T. ) ;
#1158 = EDGE_LOOP ( 'NONE', ( #1194, #1988, #9735, #8718 ) ) ;
#1159 = CARTESIAN_POINT ( 'NONE',  ( -15.50000000000016698, 16.84930666606597782, 47.49923505645085697 ) ) ;
#1160 = DIRECTION ( 'NONE',  ( 1.000000000000000000, 0.000000000000000000, 0.000000000000000000 ) ) ;
#1161 = VECTOR ( 'NONE', #2198, 1000.000000000000000 ) ;
#1162 = AXIS2_PLACEMENT_3D ( 'NONE', #7391, #318, #9754 ) ;
#1163 = DIRECTION ( 'NONE',  ( -1.000000000000000000, 5.828955545431405913E-15, 0.000000000000000000 ) ) ;
#1164 = CARTESIAN_POINT ( 'NONE',  ( 0.000000000000000000, 0.000000000000000000, 47.50000000000000000 ) ) ;
#1165 = LINE ( 'NONE', #1985, #7514 ) ;
#1166 = DIRECTION ( 'NONE',  ( -0.7071067811865372477, -0.7071067811865580088, 0.000000000000000000 ) ) ;
#1167 = B_SPLINE_CURVE_WITH_KNOTS ( 'NONE', 3,
 ( #2778, #595, #10032, #9047 ),
 .UNSPECIFIED., .F., .F.,
 ( 4, 4 ),
 ( 0.000000000000000000, 5.435045947699551351E-05 ),
 .UNSPECIFIED. ) ;
#1168 =( LENGTH_UNIT ( ) NAMED_UNIT ( * ) SI_UNIT ( .MILLI., .METRE. ) );
#1169 = EDGE_LOOP ( 'NONE', ( #4975, #5459, #1839, #7283, #10121 ) ) ;
#1170 = EDGE_LOOP ( 'NONE', ( #9299, #1989, #9408, #2193 ) ) ;
#1171 = ORIENTED_EDGE ( 'NONE', *, *, #4337, .F. ) ;
#1172 = DIRECTION ( 'NONE',  ( 1.224646799147353207E-16, 1.000000000000000000, -0.000000000000000000 ) ) ;
#1173 = CARTESIAN_POINT ( 'NONE',  ( -15.49999999999999822, 15.50000000000000000, 5.251075773784450895 ) ) ;
#1174 = STYLED_ITEM ( 'NONE', ( #226 ), #743 ) ;
#1175 = SURFACE_STYLE_FILL_AREA ( #347 ) ;
#1176 = DIRECTION ( 'NONE',  ( 0.000000000000000000, 0.000000000000000000, 1.000000000000000000 ) ) ;
#1177 = SURFACE_STYLE_USAGE ( .BOTH. , #1903 ) ;
#1178 = CIRCLE ( 'NONE', #2168, 10.49999999999999822 ) ;
#1179 = ORIENTED_EDGE ( 'NONE', *, *, #5485, .T. ) ;
#1180 = VERTEX_POINT ( 'NONE', #2343 ) ;
#1181 = FACE_OUTER_BOUND ( 'NONE', #7430, .T. ) ;
#1182 = VERTEX_POINT ( 'NONE', #2389 ) ;
#1183 = CARTESIAN_POINT ( 'NONE',  ( -15.94640676939209456, 15.07550534522231089, 47.50000000000000000 ) ) ;
#1184 = DIRECTION ( 'NONE',  ( 1.000000000000000000, 8.202002250481362479E-17, 0.000000000000000000 ) ) ;
#1185 = CYLINDRICAL_SURFACE ( 'NONE', #178, 0.5000000000000004441 ) ;
#1186 = VECTOR ( 'NONE', #2626, 1000.000000000000000 ) ;
#1187 = LINE ( 'NONE', #2797, #4422 ) ;
#1188 = EDGE_CURVE ( 'NONE', #8355, #1481, #2641, .T. ) ;
#1189 = DIRECTION ( 'NONE',  ( 0.000000000000000000, -1.000000000000000000, 0.000000000000000000 ) ) ;
#1190 = CIRCLE ( 'NONE', #6957, 2.999999999999780620 ) ;
#1191 = DIRECTION ( 'NONE',  ( 8.173122824782951287E-15, 1.000000000000000000, 0.000000000000000000 ) ) ;
#1192 = ADVANCED_FACE ( 'NONE', ( #2969 ), #7091, .T. ) ;
#1193 = CARTESIAN_POINT ( 'NONE',  ( -16.76498005845833461, 15.07550534522243524, 47.49955985394394986 ) ) ;
#1194 = ORIENTED_EDGE ( 'NONE', *, *, #3697, .F. ) ;
#1195 = ORIENTED_EDGE ( 'NONE', *, *, #10202, .F. ) ;
#1196 = VERTEX_POINT ( 'NONE', #2438 ) ;
#1197 = CIRCLE ( 'NONE', #4992, 2.000000000000029310 ) ;
#1198 = DIRECTION ( 'NONE',  ( 0.000000000000000000, 0.000000000000000000, 1.000000000000000000 ) ) ;
#1199 = EDGE_CURVE ( 'NONE', #5590, #10092, #4067, .T. ) ;
#1200 = ADVANCED_FACE ( 'NONE', ( #5642 ), #7286, .F. ) ;
#1201 = ADVANCED_FACE ( 'NONE', ( #4866 ), #1765, .F. ) ;
#1202 = CARTESIAN_POINT ( 'NONE',  ( 18.99999999999983302, 15.50000000000015987, 48.00000000000000000 ) ) ;
#1203 = ADVANCED_FACE ( 'NONE', ( #6470 ), #4783, .T. ) ;
#1204 = DIRECTION ( 'NONE',  ( -1.000000000000000000, 1.224646799147351482E-16, 0.000000000000000000 ) ) ;
#1206 = ORIENTED_EDGE ( 'NONE', *, *, #10001, .F. ) ;
#1205 = MECHANICAL_DESIGN_GEOMETRIC_PRESENTATION_REPRESENTATION (  '', ( #4141 ), #44 ) ;
#1207 = EDGE_LOOP ( 'NONE', ( #4157, #2364, #2707, #937 ) ) ;
#1208 = CARTESIAN_POINT ( 'NONE',  ( -13.20000000000016449, 15.49999999999897504, 46.50000000000000000 ) ) ;
#1209 = PLANE ( 'NONE',  #7660 ) ;
#1210 = DIRECTION ( 'NONE',  ( -3.751515886037098688E-15, -1.000000000000000000, 0.000000000000000000 ) ) ;
#1211 = DIRECTION ( 'NONE',  ( 0.7363275207553917623, 0.000000000000000000, -0.6766252893427928683 ) ) ;
#1212 = PRESENTATION_LAYER_ASSIGNMENT (  '', '', ( #4156 ) ) ;
#1213 =( LENGTH_UNIT ( ) NAMED_UNIT ( * ) SI_UNIT ( .MILLI., .METRE. ) );
#1214 = SURFACE_SIDE_STYLE ('',( #9863 ) ) ;
#1215 = EDGE_CURVE ( 'NONE', #3766, #8911, #206, .T. ) ;
#1216 = ORIENTED_EDGE ( 'NONE', *, *, #2256, .F. ) ;
#1217 = ORIENTED_EDGE ( 'NONE', *, *, #1824, .F. ) ;
#1218 =( NAMED_UNIT ( * ) SI_UNIT ( $, .STERADIAN. ) SOLID_ANGLE_UNIT ( ) );
#1219 = COLOUR_RGB ( '',0.2509803921568627416, 0.2509803921568627416, 0.2509803921568627416 ) ;
#1220 = ORIENTED_EDGE ( 'NONE', *, *, #435, .F. ) ;
#1221 = FILL_AREA_STYLE_COLOUR ( '', #1672 ) ;
#1222 = LINE ( 'NONE', #3741, #3939 ) ;
#1223 = CARTESIAN_POINT ( 'NONE',  ( -15.49999999999994316, -15.50000000000004974, 4.500000000000000888 ) ) ;
#1224 = DIRECTION ( 'NONE',  ( -1.000000000000000000, -0.000000000000000000, 0.000000000000000000 ) ) ;
#1225 = AXIS2_PLACEMENT_3D ( 'NONE', #4343, #1928, #6007 ) ;
#1226 = CARTESIAN_POINT ( 'NONE',  ( 15.50000000000101963, -15.49999999999983658, 46.00000000000000000 ) ) ;
#1227 = ORIENTED_EDGE ( 'NONE', *, *, #5606, .T. ) ;
#1228 = ORIENTED_EDGE ( 'NONE', *, *, #6000, .T. ) ;
#1229 = FACE_OUTER_BOUND ( 'NONE', #9240, .T. ) ;
#1230 = ORIENTED_EDGE ( 'NONE', *, *, #6755, .F. ) ;
#1231 = UNCERTAINTY_MEASURE_WITH_UNIT (LENGTH_MEASURE( 1.000000000000000082E-05 ), #5518, 'distance_accuracy_value', 'NONE');
#1232 = LINE ( 'NONE', #4479, #4708 ) ;
#1233 = MECHANICAL_DESIGN_GEOMETRIC_PRESENTATION_REPRESENTATION (  '', ( #2549 ), #5851 ) ;
#1234 = DIRECTION ( 'NONE',  ( 0.7071067811865490160, 0.7071067811865460184, -0.000000000000000000 ) ) ;
#1235 = SURFACE_STYLE_USAGE ( .BOTH. , #6142 ) ;
#1236 = CARTESIAN_POINT ( 'NONE',  ( 0.000000000000000000, 0.000000000000000000, 1.000000000000000000 ) ) ;
#1237 = LINE ( 'NONE', #459, #6291 ) ;
#1238 = PRESENTATION_LAYER_ASSIGNMENT (  '', '', ( #2052 ) ) ;
#1239 = DIRECTION ( 'NONE',  ( 0.000000000000000000, 0.000000000000000000, 1.000000000000000000 ) ) ;
#1240 = CARTESIAN_POINT ( 'NONE',  ( -15.07550534522247609, -15.94640676939193469, 47.50000000000000000 ) ) ;
#1241 = AXIS2_PLACEMENT_3D ( 'NONE', #6798, #9924, #8386 ) ;
#1242 = CARTESIAN_POINT ( 'NONE',  ( -21.14999999999997726, 13.32957238623959029, 8.000000000000000000 ) ) ;
#1243 = CIRCLE ( 'NONE', #8637, 0.4999999999999982236 ) ;
#1244 = ORIENTED_EDGE ( 'NONE', *, *, #9015, .F. ) ;
#1245 = UNCERTAINTY_MEASURE_WITH_UNIT (LENGTH_MEASURE( 1.000000000000000082E-05 ), #9624, 'distance_accuracy_value', 'NONE');
#1246 = ORIENTED_EDGE ( 'NONE', *, *, #2277, .F. ) ;
#1247 = ADVANCED_FACE ( 'NONE', ( #2901 ), #5907, .F. ) ;
#1248 = VERTEX_POINT ( 'NONE', #2019 ) ;
#1249 = FACE_OUTER_BOUND ( 'NONE', #6538, .T. ) ;
#1250 = SURFACE_STYLE_USAGE ( .BOTH. , #8306 ) ;
#1251 = VECTOR ( 'NONE', #5677, 1000.000000000000000 ) ;
#1252 = CARTESIAN_POINT ( 'NONE',  ( 14.15069333393202911, 15.94640676939204305, 46.50000000000000000 ) ) ;
#1253 = PRESENTATION_LAYER_ASSIGNMENT (  '', '', ( #94 ) ) ;
#1254 = DIRECTION ( 'NONE',  ( -1.000000000000000000, 0.000000000000000000, 0.000000000000000000 ) ) ;
#1255 = FILL_AREA_STYLE_COLOUR ( '', #6846 ) ;
#1256 = ORIENTED_EDGE ( 'NONE', *, *, #2390, .F. ) ;
#1257 = ORIENTED_EDGE ( 'NONE', *, *, #2975, .F. ) ;
#1258 =( GEOMETRIC_REPRESENTATION_CONTEXT ( 3 ) GLOBAL_UNCERTAINTY_ASSIGNED_CONTEXT ( ( #7909 ) ) GLOBAL_UNIT_ASSIGNED_CONTEXT ( ( #9475, #2420, #7064 ) ) REPRESENTATION_CONTEXT ( 'NONE', 'WORKASPACE' ) );
#1259 = COLOUR_RGB ( '',0.2509803921568627416, 0.2509803921568627416, 0.2509803921568627416 ) ;
#1260 = PRESENTATION_STYLE_ASSIGNMENT (( #8110 ) ) ;
#1261 = VECTOR ( 'NONE', #1211, 999.9999999999998863 ) ;
#1262 = LINE ( 'NONE', #6883, #2092 ) ;
#1263 = CARTESIAN_POINT ( 'NONE',  ( 15.07550534522236063, 15.05359323060818078, 46.50000000000000000 ) ) ;
#1264 = EDGE_CURVE ( 'NONE', #5153, #144, #3675, .T. ) ;
#1265 = DIRECTION ( 'NONE',  ( -0.000000000000000000, -0.000000000000000000, -1.000000000000000000 ) ) ;
#1266 = CARTESIAN_POINT ( 'NONE',  ( 16.78307522795900653, -15.92449465477577242, 47.49867441544055424 ) ) ;
#1267 =( GEOMETRIC_REPRESENTATION_CONTEXT ( 3 ) GLOBAL_UNCERTAINTY_ASSIGNED_CONTEXT ( ( #8829 ) ) GLOBAL_UNIT_ASSIGNED_CONTEXT ( ( #4661, #3786, #7803 ) ) REPRESENTATION_CONTEXT ( 'NONE', 'WORKASPACE' ) );
#1268 = EDGE_CURVE ( 'NONE', #3790, #7594, #3793, .T. ) ;
#1269 = ORIENTED_EDGE ( 'NONE', *, *, #10193, .F. ) ;
#1270 = AXIS2_PLACEMENT_3D ( 'NONE', #3861, #6352, #7790 ) ;
#1271 = EDGE_LOOP ( 'NONE', ( #8394, #687, #1269, #660 ) ) ;
#1272 = CARTESIAN_POINT ( 'NONE',  ( -14.27125906389278498, 15.92449465477564097, 47.50000000000000000 ) ) ;
#1273 = EDGE_CURVE ( 'NONE', #2255, #10055, #7574, .T. ) ;
#1274 = VERTEX_POINT ( 'NONE', #2808 ) ;
#1275 = STYLED_ITEM ( 'NONE', ( #4297 ), #1062 ) ;
#1276 = STYLED_ITEM ( 'NONE', ( #6897 ), #1647 ) ;
#1277 = DIRECTION ( 'NONE',  ( -1.000000000000000000, 0.000000000000000000, 0.000000000000000000 ) ) ;
#1278 = CARTESIAN_POINT ( 'NONE',  ( 2.603880904858909773, -21.25000000000000711, 41.09104188536768021 ) ) ;
#1279 = EDGE_CURVE ( 'NONE', #4252, #2457, #8962, .T. ) ;
#1280 = CARTESIAN_POINT ( 'NONE',  ( -20.64999999999999503, 16.94289321881343469, 47.50000000000000000 ) ) ;
#1281 = DIRECTION ( 'NONE',  ( 0.000000000000000000, 0.000000000000000000, 1.000000000000000000 ) ) ;
#1282 = DIRECTION ( 'NONE',  ( 0.000000000000000000, 0.000000000000000000, -1.000000000000000000 ) ) ;
#1283 = PRESENTATION_LAYER_ASSIGNMENT (  '', '', ( #7379 ) ) ;
#1284 = PLANE ( 'NONE',  #556 ) ;
#1285 = VERTEX_POINT ( 'NONE', #3623 ) ;
#1286 = ORIENTED_EDGE ( 'NONE', *, *, #2461, .F. ) ;
#1287 = SURFACE_STYLE_USAGE ( .BOTH. , #3701 ) ;
#1288 = ORIENTED_EDGE ( 'NONE', *, *, #1952, .F. ) ;
#1289 = VECTOR ( 'NONE', #9882, 1000.000000000000000 ) ;
#1290 = PLANE ( 'NONE',  #5044 ) ;
#1291 = CARTESIAN_POINT ( 'NONE',  ( 15.85270061781439033, 14.21692477204115868, 47.49983667794648312 ) ) ;
#1292 = CARTESIAN_POINT ( 'NONE',  ( 15.49999999999983658, 15.50000000000015987, 4.500000000000000888 ) ) ;
#1293 = CARTESIAN_POINT ( 'NONE',  ( 1.379851512413564629, -39.15000000000000568, 41.54834905086877939 ) ) ;
#1294 = DIRECTION ( 'NONE',  ( 0.000000000000000000, 0.000000000000000000, -1.000000000000000000 ) ) ;
#1295 = AXIS2_PLACEMENT_3D ( 'NONE', #2484, #9485, #7946 ) ;
#1296 = PLANE ( 'NONE',  #4929 ) ;
#1297 = VECTOR ( 'NONE', #4463, 1000.000000000000000 ) ;
#1298 = DIRECTION ( 'NONE',  ( -0.000000000000000000, -1.000000000000000000, -0.000000000000000000 ) ) ;
#1299 = FACE_OUTER_BOUND ( 'NONE', #6404, .T. ) ;
#1300 =( GEOMETRIC_REPRESENTATION_CONTEXT ( 3 ) GLOBAL_UNCERTAINTY_ASSIGNED_CONTEXT ( ( #8733 ) ) GLOBAL_UNIT_ASSIGNED_CONTEXT ( ( #9493, #7088, #1615 ) ) REPRESENTATION_CONTEXT ( 'NONE', 'WORKASPACE' ) );
#1301 = ORIENTED_EDGE ( 'NONE', *, *, #6491, .T. ) ;
#1302 = EDGE_LOOP ( 'NONE', ( #6567, #9263, #2978 ) ) ;
#1303 = ORIENTED_EDGE ( 'NONE', *, *, #2985, .T. ) ;
#1304 = SURFACE_STYLE_USAGE ( .BOTH. , #4495 ) ;
#1305 = VECTOR ( 'NONE', #3832, 1000.000000000000000 ) ;
#1306 = DIRECTION ( 'NONE',  ( 1.000000000000000000, -1.125454765811129607E-14, 0.000000000000000000 ) ) ;
#1307 = DIRECTION ( 'NONE',  ( 0.000000000000000000, 0.000000000000000000, 1.000000000000000000 ) ) ;
#1308 = DIRECTION ( 'NONE',  ( -0.000000000000000000, -0.000000000000000000, -1.000000000000000000 ) ) ;
#1309 = CYLINDRICAL_SURFACE ( 'NONE', #2856, 3.000000000000639488 ) ;
#1310 = AXIS2_PLACEMENT_3D ( 'NONE', #7737, #5187, #9379 ) ;
#1311 = MECHANICAL_DESIGN_GEOMETRIC_PRESENTATION_REPRESENTATION (  '', ( #5762 ), #1638 ) ;
#1312 = VECTOR ( 'NONE', #4694, 1000.000000000000000 ) ;
#1313 = CARTESIAN_POINT ( 'NONE',  ( 15.92449465477568893, 14.21692477204115868, 46.50000000000000000 ) ) ;
#1314 = ORIENTED_EDGE ( 'NONE', *, *, #2522, .T. ) ;
#1315 = ORIENTED_EDGE ( 'NONE', *, *, #7313, .F. ) ;
#1316 = PRESENTATION_STYLE_ASSIGNMENT (( #529 ) ) ;
#1317 = TOROIDAL_SURFACE ( 'NONE', #1489, 1.299999999999999600, 1.000000000000000000 ) ;
#1318 =( NAMED_UNIT ( * ) SI_UNIT ( $, .STERADIAN. ) SOLID_ANGLE_UNIT ( ) );
#1319 = CIRCLE ( 'NONE', #6100, 0.5000000000000004441 ) ;
#1320 = AXIS2_PLACEMENT_3D ( 'NONE', #3755, #5362, #5214 ) ;
#1321 = AXIS2_PLACEMENT_3D ( 'NONE', #4819, #9496, #8101 ) ;
#1322 = DIRECTION ( 'NONE',  ( 1.000000000000000000, 0.000000000000000000, 0.000000000000000000 ) ) ;
#1323 = SURFACE_STYLE_FILL_AREA ( #7548 ) ;
#1324 = EDGE_CURVE ( 'NONE', #6915, #6164, #370, .T. ) ;
#1325 = CARTESIAN_POINT ( 'NONE',  ( 21.16000000000000014, 0.000000000000000000, -53.84951795962939514 ) ) ;
#1326 = VERTEX_POINT ( 'NONE', #8410 ) ;
#1327 = VERTEX_POINT ( 'NONE', #1362 ) ;
#1328 = AXIS2_PLACEMENT_3D ( 'NONE', #6670, #1198, #5229 ) ;
#1329 = EDGE_CURVE ( 'NONE', #7710, #7096, #2702, .T. ) ;
#1330 = FACE_OUTER_BOUND ( 'NONE', #8314, .T. ) ;
#1331 = EDGE_LOOP ( 'NONE', ( #8655, #7242 ) ) ;
#1332 = DIRECTION ( 'NONE',  ( -0.000000000000000000, -0.000000000000000000, 1.000000000000000000 ) ) ;
#1333 = CARTESIAN_POINT ( 'NONE',  ( 0.000000000000000000, 0.000000000000000000, 0.000000000000000000 ) ) ;
#1334 = ADVANCED_FACE ( 'NONE', ( #7483 ), #5129, .T. ) ;
#1335 = EDGE_CURVE ( 'NONE', #466, #8355, #5121, .T. ) ;
#1336 = PRESENTATION_LAYER_ASSIGNMENT (  '', '', ( #9552 ) ) ;
#1337 = DIRECTION ( 'NONE',  ( 1.000000000000000000, -4.086561412391584507E-15, -0.000000000000000000 ) ) ;
#1338 = EDGE_CURVE ( 'NONE', #588, #6869, #3475, .T. ) ;
#1339 = DIRECTION ( 'NONE',  ( 5.211847922874171178E-16, 1.000000000000000000, -0.000000000000000000 ) ) ;
#1340 = FILL_AREA_STYLE_COLOUR ( '', #398 ) ;
#1341 = ORIENTED_EDGE ( 'NONE', *, *, #8398, .T. ) ;
#1342 = ORIENTED_EDGE ( 'NONE', *, *, #3888, .T. ) ;
#1343 = EDGE_CURVE ( 'NONE', #10174, #7020, #3164, .T. ) ;
#1344 = FILL_AREA_STYLE_COLOUR ( '', #9014 ) ;
#1345 = EDGE_LOOP ( 'NONE', ( #4462, #5406, #8919, #8098 ) ) ;
#1346 = MECHANICAL_DESIGN_GEOMETRIC_PRESENTATION_REPRESENTATION (  '', ( #6616 ), #9564 ) ;
#1347 = FACE_OUTER_BOUND ( 'NONE', #1102, .T. ) ;
#1348 = DIRECTION ( 'NONE',  ( 0.000000000000000000, 0.000000000000000000, 1.000000000000000000 ) ) ;
#1349 = DIRECTION ( 'NONE',  ( 1.000000000000000000, -4.146740463834175526E-15, 0.000000000000000000 ) ) ;
#1350 = FILL_AREA_STYLE_COLOUR ( '', #6627 ) ;
#1351 =( LENGTH_UNIT ( ) NAMED_UNIT ( * ) SI_UNIT ( .MILLI., .METRE. ) );
#1352 = CARTESIAN_POINT ( 'NONE',  ( 3.503880904858911016, -21.25000000000000711, 0.000000000000000000 ) ) ;
#1353 = AXIS2_PLACEMENT_3D ( 'NONE', #9621, #5715, #3445 ) ;
#1354 = PRESENTATION_STYLE_ASSIGNMENT (( #9225 ) ) ;
#1355 = VERTEX_POINT ( 'NONE', #2957 ) ;
#1356 = ORIENTED_EDGE ( 'NONE', *, *, #6613, .F. ) ;
#1357 = UNCERTAINTY_MEASURE_WITH_UNIT (LENGTH_MEASURE( 1.000000000000000082E-05 ), #9787, 'distance_accuracy_value', 'NONE');
#1358 = EDGE_LOOP ( 'NONE', ( #9082, #6675, #5047, #3749 ) ) ;
#1359 = ORIENTED_EDGE ( 'NONE', *, *, #4284, .F. ) ;
#1360 = COLOUR_RGB ( '',0.2509803921568627416, 0.2509803921568627416, 0.2509803921568627416 ) ;
#1361 = CARTESIAN_POINT ( 'NONE',  ( 15.49999999999983658, 15.50000000000015987, 47.50000000000000000 ) ) ;
#1362 = CARTESIAN_POINT ( 'NONE',  ( -14.15069333393214102, -15.94640676939194535, 47.49262389544732343 ) ) ;
#1363 = FILL_AREA_STYLE ('',( #4497 ) ) ;
#1364 = CYLINDRICAL_SURFACE ( 'NONE', #414, 25.00000000000000000 ) ;
#1365 = DIRECTION ( 'NONE',  ( 0.000000000000000000, 1.000000000000000000, 0.000000000000000000 ) ) ;
#1366 = AXIS2_PLACEMENT_3D ( 'NONE', #649, #2987, #6949 ) ;
#1367 = CARTESIAN_POINT ( 'NONE',  ( 15.07550534522236063, 15.05359323060818078, 46.50000000000000000 ) ) ;
#1368 = DIRECTION ( 'NONE',  ( 0.000000000000000000, 6.938893903907228378E-15, 1.000000000000000000 ) ) ;
#1369 = VERTEX_POINT ( 'NONE', #678 ) ;
#1370 = ORIENTED_EDGE ( 'NONE', *, *, #1718, .T. ) ;
#1371 = MECHANICAL_DESIGN_GEOMETRIC_PRESENTATION_REPRESENTATION (  '', ( #6796 ), #2504 ) ;
#1372 =( NAMED_UNIT ( * ) PLANE_ANGLE_UNIT ( ) SI_UNIT ( $, .RADIAN. ) );
#1373 = FILL_AREA_STYLE_COLOUR ( '', #3883 ) ;
#1374 = ORIENTED_EDGE ( 'NONE', *, *, #4665, .F. ) ;
#1375 = ORIENTED_EDGE ( 'NONE', *, *, #2215, .T. ) ;
#1376 = VERTEX_POINT ( 'NONE', #2178 ) ;
#1377 = EDGE_CURVE ( 'NONE', #5497, #3896, #4547, .T. ) ;
#1378 = MECHANICAL_DESIGN_GEOMETRIC_PRESENTATION_REPRESENTATION (  '', ( #5833 ), #2701 ) ;
#1379 = DIRECTION ( 'NONE',  ( 0.000000000000000000, 0.000000000000000000, -1.000000000000000000 ) ) ;
#1380 = DIRECTION ( 'NONE',  ( -0.000000000000000000, -0.000000000000000000, 1.000000000000000000 ) ) ;
#1381 = DIRECTION ( 'NONE',  ( 1.000000000000000000, 6.938893903907222067E-15, 0.000000000000000000 ) ) ;
#1382 = CARTESIAN_POINT ( 'NONE',  ( -16.94289321881343469, 20.64999999999999858, 38.00000000000000000 ) ) ;
#1383 = CARTESIAN_POINT ( 'NONE',  ( -14.23501994154195849, 15.07550534522231089, 47.49955985394394986 ) ) ;
#1384 = EDGE_CURVE ( 'NONE', #6915, #5871, #3915, .T. ) ;
#1385 = CARTESIAN_POINT ( 'NONE',  ( 13.32957238623956187, 21.14999999999999147, 38.00000000000000000 ) ) ;
#1386 = PRESENTATION_LAYER_ASSIGNMENT (  '', '', ( #2704 ) ) ;
#1387 = DIRECTION ( 'NONE',  ( -0.000000000000000000, 1.000000000000000000, -0.000000000000000000 ) ) ;
#1388 = ORIENTED_EDGE ( 'NONE', *, *, #4458, .T. ) ;
#1389 = ORIENTED_EDGE ( 'NONE', *, *, #7200, .T. ) ;
#1390 = ORIENTED_EDGE ( 'NONE', *, *, #1329, .F. ) ;
#1391 = EDGE_CURVE ( 'NONE', #9370, #5450, #2648, .T. ) ;
#1392 = CARTESIAN_POINT ( 'NONE',  ( 15.07550534522235886, 14.21692477204116223, 47.49867441544047608 ) ) ;
#1393 = DIRECTION ( 'NONE',  ( 1.000000000000000000, 0.000000000000000000, -0.000000000000000000 ) ) ;
#1394 = CYLINDRICAL_SURFACE ( 'NONE', #1320, 2.299999999999999822 ) ;
#1395 = PRESENTATION_LAYER_ASSIGNMENT (  '', '', ( #4005 ) ) ;
#1396 = DIRECTION ( 'NONE',  ( 0.000000000000000000, 0.000000000000000000, 1.000000000000000000 ) ) ;
#1397 = FILL_AREA_STYLE ('',( #5365 ) ) ;
#1398 = EDGE_CURVE ( 'NONE', #5394, #7954, #8649, .T. ) ;
#1399 = FACE_OUTER_BOUND ( 'NONE', #4524, .T. ) ;
#1400 = AXIS2_PLACEMENT_3D ( 'NONE', #2182, #9183, #628 ) ;
#1401 = EDGE_LOOP ( 'NONE', ( #2460, #7045 ) ) ;
#1402 = ORIENTED_EDGE ( 'NONE', *, *, #8611, .T. ) ;
#1403 = ADVANCED_FACE ( 'NONE', ( #8460, #9337, #1408, #5377, #5526, #10157 ), #3008, .T. ) ;
#1404 = PRESENTATION_STYLE_ASSIGNMENT (( #8316 ) ) ;
#1405 = ORIENTED_EDGE ( 'NONE', *, *, #7378, .F. ) ;
#1406 = DIRECTION ( 'NONE',  ( -0.000000000000000000, -0.000000000000000000, -1.000000000000000000 ) ) ;
#1407 = EDGE_CURVE ( 'NONE', #8156, #1493, #8670, .T. ) ;
#1408 = FACE_BOUND ( 'NONE', #9608, .T. ) ;
#1409 = CARTESIAN_POINT ( 'NONE',  ( -15.70908840092238812, -16.78307522795895323, 47.50000000000000000 ) ) ;
#1410 = ADVANCED_FACE ( 'NONE', ( #5481 ), #1459, .T. ) ;
#1411 =( NAMED_UNIT ( * ) SI_UNIT ( $, .STERADIAN. ) SOLID_ANGLE_UNIT ( ) );
#1412 = AXIS2_PLACEMENT_3D ( 'NONE', #1734, #3141, #9414 ) ;
#1413 = CARTESIAN_POINT ( 'NONE',  ( -17.79999999999897753, -15.50000000000102141, 46.50000000000000000 ) ) ;
#1414 =( NAMED_UNIT ( * ) SI_UNIT ( $, .STERADIAN. ) SOLID_ANGLE_UNIT ( ) );
#1415 = CARTESIAN_POINT ( 'NONE',  ( 14.25314224406759855, -15.07550534522241215, 47.50000000000000000 ) ) ;
#1416 = ORIENTED_EDGE ( 'NONE', *, *, #3893, .T. ) ;
#1417 = ORIENTED_EDGE ( 'NONE', *, *, #10064, .F. ) ;
#1418 = FILL_AREA_STYLE ('',( #3779 ) ) ;
#1419 = AXIS2_PLACEMENT_3D ( 'NONE', #7426, #6617, #3565 ) ;
#1420 = VECTOR ( 'NONE', #4324, 1000.000000000000000 ) ;
#1421 = DIRECTION ( 'NONE',  ( 1.000000000000000000, 0.000000000000000000, -0.000000000000000000 ) ) ;
#1422 = LINE ( 'NONE', #1526, #1926 ) ;
#1423 = PRESENTATION_STYLE_ASSIGNMENT (( #7038 ) ) ;
#1424 = FILL_AREA_STYLE ('',( #8518 ) ) ;
#1425 = VECTOR ( 'NONE', #5664, 1000.000000000000000 ) ;
#1426 = CONICAL_SURFACE ( 'NONE', #2745, 2.000000000000015543, 0.7853981633974391752 ) ;
#1427 = ORIENTED_EDGE ( 'NONE', *, *, #4795, .T. ) ;
#1428 = ORIENTED_EDGE ( 'NONE', *, *, #3286, .T. ) ;
#1429 = DIRECTION ( 'NONE',  ( -1.000000000000000000, 3.885970363620945164E-15, 0.000000000000000000 ) ) ;
#1430 = ORIENTED_EDGE ( 'NONE', *, *, #9633, .T. ) ;
#1431 = DIRECTION ( 'NONE',  ( 1.000000000000000000, 0.000000000000000000, 0.000000000000000000 ) ) ;
#1432 = VECTOR ( 'NONE', #4518, 1000.000000000000000 ) ;
#1433 = CARTESIAN_POINT ( 'NONE',  ( 15.05359323060813459, -15.07550534522241925, 46.50000000000000000 ) ) ;
#1434 = CARTESIAN_POINT ( 'NONE',  ( 0.000000000000000000, 0.000000000000000000, 8.000000000000000000 ) ) ;
#1435 = VECTOR ( 'NONE', #2943, 1000.000000000000000 ) ;
#1436 = DIRECTION ( 'NONE',  ( -1.000000000000000000, 0.000000000000000000, 0.000000000000000000 ) ) ;
#1437 = CARTESIAN_POINT ( 'NONE',  ( -21.00355339059326809, -17.29644660940671486, 0.5000000000000000000 ) ) ;
#1438 = EDGE_CURVE ( 'NONE', #6744, #5599, #8832, .T. ) ;
#1439 = PRESENTATION_STYLE_ASSIGNMENT (( #3652 ) ) ;
#1440 = ORIENTED_EDGE ( 'NONE', *, *, #7957, .T. ) ;
#1441 = EDGE_LOOP ( 'NONE', ( #9919, #5344, #7888, #6850 ) ) ;
#1442 = VERTEX_POINT ( 'NONE', #3395 ) ;
#1443 = CARTESIAN_POINT ( 'NONE',  ( 15.49999999999983658, 15.50000000000015987, 47.50000000000000000 ) ) ;
#1444 = CARTESIAN_POINT ( 'NONE',  ( 19.14999999999996660, -19.15000000000004832, 8.000000000000000000 ) ) ;
#1445 = CARTESIAN_POINT ( 'NONE',  ( 15.49999999999983658, 15.50000000000015987, 46.00000000000000000 ) ) ;
#1446 = CARTESIAN_POINT ( 'NONE',  ( 16.94289321881344890, -20.65000000000000213, 0.5000000000000000000 ) ) ;
#1447 = VECTOR ( 'NONE', #1884, 1000.000000000000000 ) ;
#1448 = CARTESIAN_POINT ( 'NONE',  ( 15.50000000000101963, -15.49999999999983658, 47.50000000000000000 ) ) ;
#1449 = CIRCLE ( 'NONE', #9499, 25.00000000000000000 ) ;
#1450 = LINE ( 'NONE', #1352, #7883 ) ;
#1451 = EDGE_CURVE ( 'NONE', #9159, #10151, #180, .T. ) ;
#1452 = VECTOR ( 'NONE', #2877, 1000.000000000000000 ) ;
#1453 = VERTEX_POINT ( 'NONE', #7264 ) ;
#1454 = DIRECTION ( 'NONE',  ( -0.000000000000000000, -0.000000000000000000, -1.000000000000000000 ) ) ;
#1455 = ORIENTED_EDGE ( 'NONE', *, *, #9490, .F. ) ;
#1456 = ADVANCED_FACE ( 'NONE', ( #3339 ), #1792, .F. ) ;
#1457 =( NAMED_UNIT ( * ) PLANE_ANGLE_UNIT ( ) SI_UNIT ( $, .RADIAN. ) );
#1458 = COLOUR_RGB ( '',0.2509803921568627416, 0.2509803921568627416, 0.2509803921568627416 ) ;
#1459 = PLANE ( 'NONE',  #4234 ) ;
#1460 = VECTOR ( 'NONE', #1943, 1000.000000000000000 ) ;
#1461 = CYLINDRICAL_SURFACE ( 'NONE', #8517, 2.299999999999998046 ) ;
#1462 = EDGE_CURVE ( 'NONE', #312, #4886, #4944, .T. ) ;
#1463 = DIRECTION ( 'NONE',  ( -1.000000000000000000, 0.000000000000000000, 0.000000000000000000 ) ) ;
#1464 = EDGE_CURVE ( 'NONE', #4939, #4388, #2598, .T. ) ;
#1465 = CARTESIAN_POINT ( 'NONE',  ( -16.94289321881343469, 20.64999999999999858, 47.50000000000000000 ) ) ;
#1466 = DIRECTION ( 'NONE',  ( -1.000000000000000000, -0.000000000000000000, -0.000000000000000000 ) ) ;
#1467 = ORIENTED_EDGE ( 'NONE', *, *, #1199, .F. ) ;
#1468 = AXIS2_PLACEMENT_3D ( 'NONE', #6768, #307, #5116 ) ;
#1469 = CARTESIAN_POINT ( 'NONE',  ( 18.79644660940675749, 18.79644660940668999, 0.000000000000000000 ) ) ;
#1470 = AXIS2_PLACEMENT_3D ( 'NONE', #8866, #4342, #4916 ) ;
#1471 = VECTOR ( 'NONE', #71, 1000.000000000000000 ) ;
#1472 = ORIENTED_EDGE ( 'NONE', *, *, #9646, .F. ) ;
#1473 = ADVANCED_FACE ( 'NONE', ( #3447 ), #2565, .F. ) ;
#1474 = DIRECTION ( 'NONE',  ( 0.000000000000000000, 0.000000000000000000, 1.000000000000000000 ) ) ;
#1475 = FILL_AREA_STYLE ('',( #5392 ) ) ;
#1476 =( GEOMETRIC_REPRESENTATION_CONTEXT ( 3 ) GLOBAL_UNCERTAINTY_ASSIGNED_CONTEXT ( ( #4077 ) ) GLOBAL_UNIT_ASSIGNED_CONTEXT ( ( #1502, #3046, #3906 ) ) REPRESENTATION_CONTEXT ( 'NONE', 'WORKASPACE' ) );
#1477 = DIRECTION ( 'NONE',  ( 1.000000000000000000, -0.000000000000000000, 0.000000000000000000 ) ) ;
#1478 = ORIENTED_EDGE ( 'NONE', *, *, #9196, .F. ) ;
#1479 = VERTEX_POINT ( 'NONE', #8079 ) ;
#1480 = SURFACE_STYLE_USAGE ( .BOTH. , #9407 ) ;
#1481 = VERTEX_POINT ( 'NONE', #4150 ) ;
#1482 =( GEOMETRIC_REPRESENTATION_CONTEXT ( 3 ) GLOBAL_UNCERTAINTY_ASSIGNED_CONTEXT ( ( #3618 ) ) GLOBAL_UNIT_ASSIGNED_CONTEXT ( ( #7405, #1987, #1940 ) ) REPRESENTATION_CONTEXT ( 'NONE', 'WORKASPACE' ) );
#1483 = AXIS2_PLACEMENT_3D ( 'NONE', #5328, #7585, #9283 ) ;
#1484 = CARTESIAN_POINT ( 'NONE',  ( 16.94289321881345245, -20.65000000000000213, 0.5000000000000000000 ) ) ;
#1485 = SURFACE_SIDE_STYLE ('',( #4673 ) ) ;
#1486 = PLANE ( 'NONE',  #8821 ) ;
#1487 = DIRECTION ( 'NONE',  ( 1.000000000000000000, 8.202002250481357549E-17, -9.637352644315601406E-17 ) ) ;
#1488 = CARTESIAN_POINT ( 'NONE',  ( 0.000000000000000000, 0.000000000000000000, -1.500000000000000000 ) ) ;
#1489 = AXIS2_PLACEMENT_3D ( 'NONE', #866, #5411, #84 ) ;
#1490 = SURFACE_SIDE_STYLE ('',( #7614 ) ) ;
#1491 = FACE_OUTER_BOUND ( 'NONE', #7089, .T. ) ;
#1492 = ORIENTED_EDGE ( 'NONE', *, *, #4617, .T. ) ;
#1493 = VERTEX_POINT ( 'NONE', #7314 ) ;
#1494 =( NAMED_UNIT ( * ) SI_UNIT ( $, .STERADIAN. ) SOLID_ANGLE_UNIT ( ) );
#1495 = ORIENTED_EDGE ( 'NONE', *, *, #3114, .T. ) ;
#1496 = DIRECTION ( 'NONE',  ( 1.036685115958541712E-14, 1.000000000000000000, 0.000000000000000000 ) ) ;
#1497 = DIRECTION ( 'NONE',  ( -0.000000000000000000, -0.000000000000000000, -1.000000000000000000 ) ) ;
#1498 = DIRECTION ( 'NONE',  ( -1.000000000000000000, -8.202002250481357549E-17, 0.000000000000000000 ) ) ;
#1499 = CIRCLE ( 'NONE', #829, 1.000000000000000888 ) ;
#1500 = CARTESIAN_POINT ( 'NONE',  ( 17.15000000000000924, 21.14999999999999858, 0.5000000000000004441 ) ) ;
#1501 = CARTESIAN_POINT ( 'NONE',  ( 21.16000000000000014, 0.000000000000000000, 5.999999999999998224 ) ) ;
#1502 =( LENGTH_UNIT ( ) NAMED_UNIT ( * ) SI_UNIT ( .MILLI., .METRE. ) );
#1503 = DIRECTION ( 'NONE',  ( -0.000000000000000000, -0.000000000000000000, 1.000000000000000000 ) ) ;
#1504 = CARTESIAN_POINT ( 'NONE',  ( 15.50000000000010481, -15.49999999999989164, 0.000000000000000000 ) ) ;
#1505 = VERTEX_POINT ( 'NONE', #8173 ) ;
#1506 = LINE ( 'NONE', #2272, #5260 ) ;
#1507 = ORIENTED_EDGE ( 'NONE', *, *, #2277, .T. ) ;
#1508 = LINE ( 'NONE', #3054, #6197 ) ;
#1509 = LINE ( 'NONE', #9484, #9143 ) ;
#1510 = EDGE_CURVE ( 'NONE', #4061, #3681, #1121, .T. ) ;
#1511 = DIRECTION ( 'NONE',  ( 0.000000000000000000, -1.000000000000000000, 0.000000000000000000 ) ) ;
#1512 = FILL_AREA_STYLE ('',( #5430 ) ) ;
#1513 = AXIS2_PLACEMENT_3D ( 'NONE', #2279, #1935, #1511 ) ;
#1514 = VECTOR ( 'NONE', #853, 1000.000000000000000 ) ;
#1515 = DIRECTION ( 'NONE',  ( -1.000000000000000000, 0.000000000000000000, 0.000000000000000000 ) ) ;
#1516 = EDGE_CURVE ( 'NONE', #9658, #9106, #8282, .T. ) ;
#1517 = DIRECTION ( 'NONE',  ( 0.000000000000000000, 0.000000000000000000, 1.000000000000000000 ) ) ;
#1518 = DIRECTION ( 'NONE',  ( 1.000000000000000000, 0.000000000000000000, 0.000000000000000000 ) ) ;
#1519 = ORIENTED_EDGE ( 'NONE', *, *, #2510, .F. ) ;
#1520 = ORIENTED_EDGE ( 'NONE', *, *, #1067, .T. ) ;
#1521 = ADVANCED_FACE ( 'NONE', ( #345 ), #7858, .F. ) ;
#1522 =( LENGTH_UNIT ( ) NAMED_UNIT ( * ) SI_UNIT ( .MILLI., .METRE. ) );
#1523 = EDGE_CURVE ( 'NONE', #7723, #9420, #2986, .T. ) ;
#1524 = EDGE_CURVE ( 'NONE', #10066, #4886, #1449, .T. ) ;
#1525 = SURFACE_SIDE_STYLE ('',( #4610 ) ) ;
#1526 = CARTESIAN_POINT ( 'NONE',  ( 15.05359323060812216, -16.84930666606608440, 46.50000000000000000 ) ) ;
#1527 = MECHANICAL_DESIGN_GEOMETRIC_PRESENTATION_REPRESENTATION (  '', ( #854 ), #7282 ) ;
#1528 = PLANE ( 'NONE',  #4754 ) ;
#1529 = EDGE_LOOP ( 'NONE', ( #3472, #2411 ) ) ;
#1530 = ORIENTED_EDGE ( 'NONE', *, *, #1584, .T. ) ;
#1531 = VERTEX_POINT ( 'NONE', #8384 ) ;
#1532 = EDGE_CURVE ( 'NONE', #4454, #9966, #2926, .T. ) ;
#1533 = DIRECTION ( 'NONE',  ( 0.7071067811865406894, -0.7071067811865544561, 0.000000000000000000 ) ) ;
#1534 = CARTESIAN_POINT ( 'NONE',  ( 21.15000000000000213, -13.32957238623955654, 5.934847352626164252 ) ) ;
#1535 = DIRECTION ( 'NONE',  ( 0.7071067811865411334, 8.659560562354853972E-17, -0.7071067811865539010 ) ) ;
#1536 = CARTESIAN_POINT ( 'NONE',  ( -14.24999999999994316, -15.50000000000004974, -2.266821225221747863E-17 ) ) ;
#1537 = EDGE_CURVE ( 'NONE', #4872, #401, #8430, .T. ) ;
#1538 = CARTESIAN_POINT ( 'NONE',  ( 15.49999999999983658, 15.50000000000015987, 46.00000000000000000 ) ) ;
#1539 =( NAMED_UNIT ( * ) PLANE_ANGLE_UNIT ( ) SI_UNIT ( $, .RADIAN. ) );
#1540 = ORIENTED_EDGE ( 'NONE', *, *, #1329, .T. ) ;
#1541 = ORIENTED_EDGE ( 'NONE', *, *, #7120, .T. ) ;
#1542 = AXIS2_PLACEMENT_3D ( 'NONE', #1090, #4224, #6618 ) ;
#1543 = ORIENTED_EDGE ( 'NONE', *, *, #2892, .F. ) ;
#1544 = LINE ( 'NONE', #8686, #4772 ) ;
#1545 = DIRECTION ( 'NONE',  ( 1.036685115958539503E-14, -1.000000000000000000, 0.000000000000000000 ) ) ;
#1546 = DIRECTION ( 'NONE',  ( -0.000000000000000000, 1.000000000000000000, -0.000000000000000000 ) ) ;
#1547 = SURFACE_STYLE_FILL_AREA ( #1397 ) ;
#1548 = CIRCLE ( 'NONE', #7964, 25.00000000000000000 ) ;
#1549 = SURFACE_STYLE_FILL_AREA ( #5624 ) ;
#1550 = DIRECTION ( 'NONE',  ( -1.000000000000000000, 1.021640353097896087E-14, -0.000000000000000000 ) ) ;
#1551 = ORIENTED_EDGE ( 'NONE', *, *, #1438, .F. ) ;
#1552 = B_SPLINE_CURVE_WITH_KNOTS ( 'NONE', 3,
 ( #432, #9540, #9434, #1608, #927 ),
 .UNSPECIFIED., .F., .F.,
 ( 4, 1, 4 ),
 ( 0.000000000000000000, 0.0004464067693919319957, 0.0008928135387838587872 ),
 .UNSPECIFIED. ) ;
#1553 = FACE_OUTER_BOUND ( 'NONE', #4263, .T. ) ;
#1554 = CARTESIAN_POINT ( 'NONE',  ( -13.19999999999897788, -15.50000000000102141, 46.00000000000000000 ) ) ;
#1555 = DIRECTION ( 'NONE',  ( 1.000000000000000000, -4.146740463834175526E-15, -0.000000000000000000 ) ) ;
#1556 =( NAMED_UNIT ( * ) PLANE_ANGLE_UNIT ( ) SI_UNIT ( $, .RADIAN. ) );
#1557 =( NAMED_UNIT ( * ) PLANE_ANGLE_UNIT ( ) SI_UNIT ( $, .RADIAN. ) );
#1558 = DIRECTION ( 'NONE',  ( 0.000000000000000000, 0.000000000000000000, 1.000000000000000000 ) ) ;
#1559 =( GEOMETRIC_REPRESENTATION_CONTEXT ( 3 ) GLOBAL_UNCERTAINTY_ASSIGNED_CONTEXT ( ( #502 ) ) GLOBAL_UNIT_ASSIGNED_CONTEXT ( ( #5072, #9712, #5486 ) ) REPRESENTATION_CONTEXT ( 'NONE', 'WORKASPACE' ) );
#1560 = EDGE_CURVE ( 'NONE', #5699, #2605, #2827, .T. ) ;
#1561 = CARTESIAN_POINT ( 'NONE',  ( 20.65000000000000213, -16.94289321881346311, 8.000000000000000000 ) ) ;
#1562 = ORIENTED_EDGE ( 'NONE', *, *, #6623, .F. ) ;
#1563 = DIRECTION ( 'NONE',  ( 0.000000000000000000, 0.000000000000000000, -1.000000000000000000 ) ) ;
#1564 = ORIENTED_EDGE ( 'NONE', *, *, #6826, .F. ) ;
#1565 = DIRECTION ( 'NONE',  ( 1.000000000000000000, 0.000000000000000000, 0.000000000000000000 ) ) ;
#1566 = PRESENTATION_LAYER_ASSIGNMENT (  '', '', ( #8628 ) ) ;
#1567 = LINE ( 'NONE', #7903, #1673 ) ;
#1568 = SPHERICAL_SURFACE ( 'NONE', #10091, 0.5000000000000000000 ) ;
#1569 = VECTOR ( 'NONE', #5338, 1000.000000000000000 ) ;
#1570 = DIRECTION ( 'NONE',  ( 1.000000000000000000, 0.000000000000000000, 0.000000000000000000 ) ) ;
#1571 = ORIENTED_EDGE ( 'NONE', *, *, #7937, .T. ) ;
#1572 = ORIENTED_EDGE ( 'NONE', *, *, #6297, .T. ) ;
#1573 = AXIS2_PLACEMENT_3D ( 'NONE', #5707, #9614, #4983 ) ;
#1574 =( NAMED_UNIT ( * ) SI_UNIT ( $, .STERADIAN. ) SOLID_ANGLE_UNIT ( ) );
#1575 = AXIS2_PLACEMENT_3D ( 'NONE', #1236, #1861, #1137 ) ;
#1576 = EDGE_CURVE ( 'NONE', #5438, #8202, #115, .T. ) ;
#1577 = VECTOR ( 'NONE', #6406, 1000.000000000000000 ) ;
#1578 = CARTESIAN_POINT ( 'NONE',  ( 15.50000000000101963, -15.49999999999983658, 47.50000000000000000 ) ) ;
#1579 = PLANE ( 'NONE',  #775 ) ;
#1580 = DIRECTION ( 'NONE',  ( -0.000000000000000000, -0.000000000000000000, 1.000000000000000000 ) ) ;
#1582 = DIRECTION ( 'NONE',  ( -0.000000000000000000, 0.000000000000000000, -1.000000000000000000 ) ) ;
#1581 = AXIS2_PLACEMENT_3D ( 'NONE', #6560, #8907, #9793 ) ;
#1583 = PRESENTATION_LAYER_ASSIGNMENT (  '', '', ( #7832 ) ) ;
#1584 = EDGE_CURVE ( 'NONE', #2700, #3885, #4963, .T. ) ;
#1585 = DIRECTION ( 'NONE',  ( 1.224646799147353207E-16, 1.000000000000000000, -0.000000000000000000 ) ) ;
#1586 = EDGE_CURVE ( 'NONE', #8730, #4510, #8179, .T. ) ;
#1587 = EDGE_LOOP ( 'NONE', ( #5741, #9774, #7567, #8440, #5171, #741 ) ) ;
#1588 = EDGE_LOOP ( 'NONE', ( #2175, #120, #7637, #5142, #4315 ) ) ;
#1589 = LINE ( 'NONE', #3988, #7540 ) ;
#1590 = EDGE_LOOP ( 'NONE', ( #1301, #2949 ) ) ;
#1591 = CARTESIAN_POINT ( 'NONE',  ( -21.00355339059326809, 17.29644660940672196, 0.5000000000000000000 ) ) ;
#1592 = EDGE_CURVE ( 'NONE', #392, #2157, #3897, .T. ) ;
#1593 = DIRECTION ( 'NONE',  ( -0.000000000000000000, -0.000000000000000000, -1.000000000000000000 ) ) ;
#1594 =( NAMED_UNIT ( * ) SI_UNIT ( $, .STERADIAN. ) SOLID_ANGLE_UNIT ( ) );
#1595 = AXIS2_PLACEMENT_3D ( 'NONE', #8420, #1265, #3634 ) ;
#1596 = LINE ( 'NONE', #4839, #7114 ) ;
#1597 = LINE ( 'NONE', #6343, #3244 ) ;
#1598 = CARTESIAN_POINT ( 'NONE',  ( -15.07550534522246899, -15.05359323060807775, 47.50000000000000000 ) ) ;
#1599 = CARTESIAN_POINT ( 'NONE',  ( -1.379851512413567960, -19.15000000000000568, 42.95165094913121351 ) ) ;
#1600 = ORIENTED_EDGE ( 'NONE', *, *, #2918, .T. ) ;
#1601 = VECTOR ( 'NONE', #4125, 1000.000000000000000 ) ;
#1602 = ORIENTED_EDGE ( 'NONE', *, *, #1718, .F. ) ;
#1603 = CARTESIAN_POINT ( 'NONE',  ( 17.15000000000000924, 20.64999999999999858, 0.000000000000000000 ) ) ;
#1604 = DIRECTION ( 'NONE',  ( -1.000000000000000000, 0.000000000000000000, 0.000000000000000000 ) ) ;
#1605 = FILL_AREA_STYLE ('',( #3303 ) ) ;
#1606 = AXIS2_PLACEMENT_3D ( 'NONE', #3632, #2763, #9087 ) ;
#1607 = PRESENTATION_LAYER_ASSIGNMENT (  '', '', ( #9989 ) ) ;
#1608 = CARTESIAN_POINT ( 'NONE',  ( 15.79760451292800560, -16.84930666606609151, 47.49833231681235901 ) ) ;
#1609 =( LENGTH_UNIT ( ) NAMED_UNIT ( * ) SI_UNIT ( .MILLI., .METRE. ) );
#1610 =( LENGTH_UNIT ( ) NAMED_UNIT ( * ) SI_UNIT ( .MILLI., .METRE. ) );
#1611 = PRESENTATION_STYLE_ASSIGNMENT (( #7796 ) ) ;
#1612 = DIRECTION ( 'NONE',  ( 1.000000000000000000, 0.000000000000000000, 0.000000000000000000 ) ) ;
#1613 = STYLED_ITEM ( 'NONE', ( #727 ), #1410 ) ;
#1614 = ORIENTED_EDGE ( 'NONE', *, *, #883, .T. ) ;
#1615 =( NAMED_UNIT ( * ) SI_UNIT ( $, .STERADIAN. ) SOLID_ANGLE_UNIT ( ) );
#1616 = ORIENTED_EDGE ( 'NONE', *, *, #2015, .F. ) ;
#1617 = DIRECTION ( 'NONE',  ( 0.000000000000000000, 0.000000000000000000, 1.000000000000000000 ) ) ;
#1618 =( NAMED_UNIT ( * ) SI_UNIT ( $, .STERADIAN. ) SOLID_ANGLE_UNIT ( ) );
#1619 = CYLINDRICAL_SURFACE ( 'NONE', #4147, 0.5000000000000004441 ) ;
#1621 = CARTESIAN_POINT ( 'NONE',  ( 14.21692477204111249, -15.70908840091109937, 47.50000000000000000 ) ) ;
#1620 = CIRCLE ( 'NONE', #7389, 16.00000000000000000 ) ;
#1622 = COLOUR_RGB ( '',0.2509803921568627416, 0.2509803921568627416, 0.2509803921568627416 ) ;
#1623 = ORIENTED_EDGE ( 'NONE', *, *, #4523, .T. ) ;
#1624 = UNCERTAINTY_MEASURE_WITH_UNIT (LENGTH_MEASURE( 1.000000000000000082E-05 ), #76, 'distance_accuracy_value', 'NONE');
#1625 = ORIENTED_EDGE ( 'NONE', *, *, #4403, .F. ) ;
#1626 = LINE ( 'NONE', #9453, #9022 ) ;
#1627 = LINE ( 'NONE', #7713, #7699 ) ;
#1628 = FACE_OUTER_BOUND ( 'NONE', #6870, .T. ) ;
#1629 = COLOUR_RGB ( '',0.2509803921568627416, 0.2509803921568627416, 0.2509803921568627416 ) ;
#1630 = VECTOR ( 'NONE', #1282, 1000.000000000000000 ) ;
#1631 = CARTESIAN_POINT ( 'NONE',  ( -20.64999999999999503, -16.94289321881343469, 0.000000000000000000 ) ) ;
#1632 = ADVANCED_FACE ( 'NONE', ( #446 ), #7558, .F. ) ;
#1633 = CARTESIAN_POINT ( 'NONE',  ( 15.14729938218399141, 16.78307522795905982, 47.49983667794647602 ) ) ;
#1634 = DIRECTION ( 'NONE',  ( 4.086561412391466966E-15, 1.000000000000000000, 0.000000000000000000 ) ) ;
#1635 = CARTESIAN_POINT ( 'NONE',  ( 14.21692477204111071, -15.92449465477574577, 46.50000000000000000 ) ) ;
#1636 = ADVANCED_FACE ( 'NONE', ( #5147 ), #9973, .F. ) ;
#1637 = VERTEX_POINT ( 'NONE', #2148 ) ;
#1638 =( GEOMETRIC_REPRESENTATION_CONTEXT ( 3 ) GLOBAL_UNCERTAINTY_ASSIGNED_CONTEXT ( ( #1624 ) ) GLOBAL_UNIT_ASSIGNED_CONTEXT ( ( #76, #4037, #805 ) ) REPRESENTATION_CONTEXT ( 'NONE', 'WORKASPACE' ) );
#1640 = EDGE_LOOP ( 'NONE', ( #7398, #68, #2939, #6335, #5822, #418, #7284, #2183, #2937, #5395, #3617, #7387, #425, #5767 ) ) ;
#1639 = VECTOR ( 'NONE', #6150, 1000.000000000000000 ) ;
#1641 = ORIENTED_EDGE ( 'NONE', *, *, #3478, .T. ) ;
#1642 = UNCERTAINTY_MEASURE_WITH_UNIT (LENGTH_MEASURE( 1.000000000000000082E-05 ), #145, 'distance_accuracy_value', 'NONE');
#1643 = DIRECTION ( 'NONE',  ( 1.000000000000000000, 0.000000000000000000, 0.000000000000000000 ) ) ;
#1644 = B_SPLINE_CURVE_WITH_KNOTS ( 'NONE', 3,
 ( #9005, #1963, #4896, #5109 ),
 .UNSPECIFIED., .F., .F.,
 ( 4, 4 ),
 ( 0.000000000000000000, 5.435045947672811537E-05 ),
 .UNSPECIFIED. ) ;
#1645 = DIRECTION ( 'NONE',  ( -1.000000000000000000, 0.000000000000000000, 0.000000000000000000 ) ) ;
#1646 = EDGE_CURVE ( 'NONE', #5450, #5782, #9922, .T. ) ;
#1647 = ADVANCED_FACE ( 'NONE', ( #594 ), #6948, .T. ) ;
#1648 = DIRECTION ( 'NONE',  ( -1.000000000000000000, 3.751515886037098688E-15, 0.000000000000000000 ) ) ;
#1649 = CIRCLE ( 'NONE', #2968, 1.250000000000001110 ) ;
#1650 = ADVANCED_FACE ( 'NONE', ( #4624 ), #1486, .F. ) ;
#1651 = AXIS2_PLACEMENT_3D ( 'NONE', #7496, #6833, #9858 ) ;
#1652 = ADVANCED_FACE ( 'NONE', ( #7768 ), #703, .F. ) ;
#1653 = DIRECTION ( 'NONE',  ( -0.000000000000000000, -0.000000000000000000, -1.000000000000000000 ) ) ;
#1654 = ORIENTED_EDGE ( 'NONE', *, *, #3546, .T. ) ;
#1655 = CARTESIAN_POINT ( 'NONE',  ( 0.000000000000000000, 0.000000000000000000, -23.50000000000000711 ) ) ;
#1656 = VERTEX_POINT ( 'NONE', #9836 ) ;
#1657 = APPLICATION_PROTOCOL_DEFINITION ( 'draft international standard', 'automotive_design', 1998, #3875 ) ;
#1658 = CIRCLE ( 'NONE', #6772, 1.000000000000000888 ) ;
#1659 = VECTOR ( 'NONE', #2754, 1000.000000000000000 ) ;
#1660 = DIRECTION ( 'NONE',  ( 1.000000000000000000, 0.000000000000000000, 0.000000000000000000 ) ) ;
#1661 = DIRECTION ( 'NONE',  ( -1.000000000000000000, 0.000000000000000000, 0.000000000000000000 ) ) ;
#1662 = FACE_OUTER_BOUND ( 'NONE', #7034, .T. ) ;
#1663 = B_SPLINE_CURVE_WITH_KNOTS ( 'NONE', 3,
 ( #1392, #2050, #5159, #5212 ),
 .UNSPECIFIED., .F., .F.,
 ( 4, 4 ),
 ( 0.000000000000000000, 0.0002154103325671603603 ),
 .UNSPECIFIED. ) ;
#1664 = DIRECTION ( 'NONE',  ( 1.000000000000000000, 0.000000000000000000, 0.000000000000000000 ) ) ;
#1665 = CARTESIAN_POINT ( 'NONE',  ( 21.14999999999999858, 16.94289321881344534, 47.50000000000000000 ) ) ;
#1666 = CARTESIAN_POINT ( 'NONE',  ( -16.84930666606613414, -15.05359323060805998, 46.50000000000000000 ) ) ;
#1667 = ORIENTED_EDGE ( 'NONE', *, *, #184, .T. ) ;
#1668 = CARTESIAN_POINT ( 'NONE',  ( 16.78307522795901008, -15.70908840092287484, 47.50000000000000000 ) ) ;
#1669 = ORIENTED_EDGE ( 'NONE', *, *, #769, .F. ) ;
#1670 = MECHANICAL_DESIGN_GEOMETRIC_PRESENTATION_REPRESENTATION (  '', ( #3636 ), #2333 ) ;
#1671 = FACE_OUTER_BOUND ( 'NONE', #3748, .T. ) ;
#1672 = COLOUR_RGB ( '',0.2509803921568627416, 0.2509803921568627416, 0.2509803921568627416 ) ;
#1673 = VECTOR ( 'NONE', #3783, 999.9999999999998863 ) ;
#1674 = FILL_AREA_STYLE ('',( #7958 ) ) ;
#1675 = CYLINDRICAL_SURFACE ( 'NONE', #7848, 11.00000000000000000 ) ;
#1676 = FACE_OUTER_BOUND ( 'NONE', #9325, .T. ) ;
#1677 = CARTESIAN_POINT ( 'NONE',  ( 15.50000000000101963, -15.49999999999983658, 47.50000000000000000 ) ) ;
#1678 = EDGE_LOOP ( 'NONE', ( #7233, #5088, #2982, #5326, #10025 ) ) ;
#1679 = ORIENTED_EDGE ( 'NONE', *, *, #6428, .T. ) ;
#1680 = CARTESIAN_POINT ( 'NONE',  ( -14.21692477204121730, 15.85270061781417894, 47.49983667794647602 ) ) ;
#1681 = CIRCLE ( 'NONE', #5639, 1.300000000000000711 ) ;
#1682 = CARTESIAN_POINT ( 'NONE',  ( 3.600000000000001421, -19.15000000000000568, 40.00000000000000000 ) ) ;
#1683 = CARTESIAN_POINT ( 'NONE',  ( -3.599999999999998312, -21.15000000000000568, 40.00000000000000000 ) ) ;
#1684 = LINE ( 'NONE', #4831, #5436 ) ;
#1685 = ORIENTED_EDGE ( 'NONE', *, *, #9751, .F. ) ;
#1686 = VERTEX_POINT ( 'NONE', #7275 ) ;
#1687 = EDGE_CURVE ( 'NONE', #527, #7418, #195, .T. ) ;
#1688 = FILL_AREA_STYLE_COLOUR ( '', #7863 ) ;
#1689 = ORIENTED_EDGE ( 'NONE', *, *, #7623, .F. ) ;
#1690 = AXIS2_PLACEMENT_3D ( 'NONE', #8880, #8224, #2672 ) ;
#1691 = LINE ( 'NONE', #3993, #7406 ) ;
#1692 = DIRECTION ( 'NONE',  ( 1.000000000000000000, 8.202002250481357549E-17, -0.000000000000000000 ) ) ;
#1693 = EDGE_CURVE ( 'NONE', #9644, #2246, #8090, .T. ) ;
#1694 = DIRECTION ( 'NONE',  ( -1.000000000000000000, 0.000000000000000000, 0.000000000000000000 ) ) ;
#1695 = DIRECTION ( 'NONE',  ( 0.000000000000000000, 1.000000000000000000, 0.000000000000000000 ) ) ;
#1696 = SURFACE_STYLE_USAGE ( .BOTH. , #232 ) ;
#1697 = AXIS2_PLACEMENT_3D ( 'NONE', #5232, #2231, #7031 ) ;
#1698 = DIRECTION ( 'NONE',  ( -1.000000000000000000, 3.751515886037091589E-15, 0.000000000000000000 ) ) ;
#1699 = ORIENTED_EDGE ( 'NONE', *, *, #8322, .T. ) ;
#1700 = ORIENTED_EDGE ( 'NONE', *, *, #8270, .F. ) ;
#1701 = DIRECTION ( 'NONE',  ( 1.000000000000000000, 0.000000000000000000, 0.000000000000000000 ) ) ;
#1702 = DIRECTION ( 'NONE',  ( -1.000000000000000000, 0.000000000000000000, 0.000000000000000000 ) ) ;
#1703 = CARTESIAN_POINT ( 'NONE',  ( 18.79644660940675749, 18.79644660940668999, 0.5000000000000000000 ) ) ;
#1704 = EDGE_CURVE ( 'NONE', #9215, #2342, #6611, .T. ) ;
#1705 = MECHANICAL_DESIGN_GEOMETRIC_PRESENTATION_REPRESENTATION (  '', ( #4663 ), #3828 ) ;
#1706 = DIRECTION ( 'NONE',  ( 0.000000000000000000, 0.000000000000000000, -1.000000000000000000 ) ) ;
#1707 = CARTESIAN_POINT ( 'NONE',  ( -3.599999999999998312, -19.15000000000000568, 40.00000000000000000 ) ) ;
#1708 = FACE_OUTER_BOUND ( 'NONE', #8666, .T. ) ;
#1709 = EDGE_CURVE ( 'NONE', #4039, #3289, #9168, .T. ) ;
#1710 =( NAMED_UNIT ( * ) SI_UNIT ( $, .STERADIAN. ) SOLID_ANGLE_UNIT ( ) );
#1712 = ORIENTED_EDGE ( 'NONE', *, *, #3167, .F. ) ;
#1711 = STYLED_ITEM ( 'NONE', ( #290 ), #8565 ) ;
#1713 = EDGE_CURVE ( 'NONE', #9698, #5972, #301, .T. ) ;
#1714 = ORIENTED_EDGE ( 'NONE', *, *, #7682, .T. ) ;
#1715 = VERTEX_POINT ( 'NONE', #8949 ) ;
#1716 = EDGE_LOOP ( 'NONE', ( #5359, #1011, #7305, #1784 ) ) ;
#1717 = DIRECTION ( 'NONE',  ( 0.000000000000000000, 0.000000000000000000, 1.000000000000000000 ) ) ;
#1718 = EDGE_CURVE ( 'NONE', #6097, #8868, #1911, .T. ) ;
#1719 = DIRECTION ( 'NONE',  ( 0.000000000000000000, 0.000000000000000000, 1.000000000000000000 ) ) ;
#1720 = DIRECTION ( 'NONE',  ( 0.000000000000000000, 0.000000000000000000, 1.000000000000000000 ) ) ;
#1721 = AXIS2_PLACEMENT_3D ( 'NONE', #8009, #6233, #9365 ) ;
#1722 = CARTESIAN_POINT ( 'NONE',  ( -15.49999999999897859, -15.50000000000102141, 46.00000000000000000 ) ) ;
#1723 = DIRECTION ( 'NONE',  ( 1.036685115958541712E-14, 1.000000000000000000, 0.000000000000000000 ) ) ;
#1724 = DIRECTION ( 'NONE',  ( 1.000000000000000000, 0.000000000000000000, 0.000000000000000000 ) ) ;
#1725 = EDGE_LOOP ( 'NONE', ( #132, #7855, #2091, #3005, #1973 ) ) ;
#1726 = UNCERTAINTY_MEASURE_WITH_UNIT (LENGTH_MEASURE( 1.000000000000000082E-05 ), #1168, 'distance_accuracy_value', 'NONE');
#1727 = ORIENTED_EDGE ( 'NONE', *, *, #2892, .T. ) ;
#1728 = CARTESIAN_POINT ( 'NONE',  ( 14.20000000000102069, -15.49999999999983658, 46.50000000000000000 ) ) ;
#1729 = AXIS2_PLACEMENT_3D ( 'NONE', #5122, #5953, #7528 ) ;
#1730 = TOROIDAL_SURFACE ( 'NONE', #4870, 3.500000000000927258, 0.5000000000000000000 ) ;
#1731 = DIRECTION ( 'NONE',  ( -6.129842118587363744E-15, -1.000000000000000000, -0.000000000000000000 ) ) ;
#1732 = DIRECTION ( 'NONE',  ( 0.000000000000000000, 0.000000000000000000, 1.000000000000000000 ) ) ;
#1733 = DIRECTION ( 'NONE',  ( -1.000000000000000000, 0.000000000000000000, 0.000000000000000000 ) ) ;
#1734 = CARTESIAN_POINT ( 'NONE',  ( -15.49999999999897859, -15.50000000000102141, 46.00000000000000000 ) ) ;
#1735 = MECHANICAL_DESIGN_GEOMETRIC_PRESENTATION_REPRESENTATION (  '', ( #9815 ), #7658 ) ;
#1736 = STYLED_ITEM ( 'NONE', ( #6047 ), #42 ) ;
#1737 = ORIENTED_EDGE ( 'NONE', *, *, #5618, .F. ) ;
#1738 = EDGE_LOOP ( 'NONE', ( #3471, #2519, #7736 ) ) ;
#1739 = CARTESIAN_POINT ( 'NONE',  ( 15.92449465477571025, 16.78307522795905626, 47.49867441544050450 ) ) ;
#1740 = ORIENTED_EDGE ( 'NONE', *, *, #9333, .T. ) ;
#1741 = UNCERTAINTY_MEASURE_WITH_UNIT (LENGTH_MEASURE( 1.000000000000000082E-05 ), #8879, 'distance_accuracy_value', 'NONE');
#1742 =( NAMED_UNIT ( * ) SI_UNIT ( $, .STERADIAN. ) SOLID_ANGLE_UNIT ( ) );
#1743 =( GEOMETRIC_REPRESENTATION_CONTEXT ( 3 ) GLOBAL_UNCERTAINTY_ASSIGNED_CONTEXT ( ( #4823 ) ) GLOBAL_UNIT_ASSIGNED_CONTEXT ( ( #3866, #779, #1411 ) ) REPRESENTATION_CONTEXT ( 'NONE', 'WORKASPACE' ) );
#1744 = PLANE ( 'NONE',  #2077 ) ;
#1745 =( NAMED_UNIT ( * ) PLANE_ANGLE_UNIT ( ) SI_UNIT ( $, .RADIAN. ) );
#1746 = CARTESIAN_POINT ( 'NONE',  ( 0.000000000000000000, 0.000000000000000000, 0.000000000000000000 ) ) ;
#1747 = ORIENTED_EDGE ( 'NONE', *, *, #9949, .T. ) ;
#1748 = SURFACE_STYLE_FILL_AREA ( #7938 ) ;
#1749 = EDGE_LOOP ( 'NONE', ( #2014, #9618, #8339, #5724 ) ) ;
#1750 = TOROIDAL_SURFACE ( 'NONE', #429, 1.300000000000000044, 1.000000000000000000 ) ;
#1751 = CARTESIAN_POINT ( 'NONE',  ( 15.49999999999983480, 15.50000000000015987, 5.251075773784450895 ) ) ;
#1752 = CYLINDRICAL_SURFACE ( 'NONE', #8843, 2.799999999999999822 ) ;
#1753 = DIRECTION ( 'NONE',  ( 1.000000000000000000, -1.875757943018545794E-15, -0.000000000000000000 ) ) ;
#1754 = FILL_AREA_STYLE_COLOUR ( '', #7767 ) ;
#1755 = FILL_AREA_STYLE_COLOUR ( '', #4414 ) ;
#1756 = ADVANCED_FACE ( 'NONE', ( #1134 ), #8844, .F. ) ;
#1757 = CYLINDRICAL_SURFACE ( 'NONE', #10126, 2.799999999999999822 ) ;
#1758 = SURFACE_SIDE_STYLE ('',( #8753 ) ) ;
#1759 = EDGE_CURVE ( 'NONE', #401, #2352, #357, .T. ) ;
#1760 = CYLINDRICAL_SURFACE ( 'NONE', #7978, 0.5000000000000004441 ) ;
#1761 = ORIENTED_EDGE ( 'NONE', *, *, #5493, .F. ) ;
#1762 = ORIENTED_EDGE ( 'NONE', *, *, #9119, .F. ) ;
#1763 = EDGE_LOOP ( 'NONE', ( #7998, #6967, #8920, #8758 ) ) ;
#1764 = SURFACE_STYLE_USAGE ( .BOTH. , #7956 ) ;
#1765 = PLANE ( 'NONE',  #2136 ) ;
#1766 = EDGE_CURVE ( 'NONE', #4801, #5087, #4731, .T. ) ;
#1767 = CARTESIAN_POINT ( 'NONE',  ( 2.000000000000029310, 2.755455298081562527E-16, 46.00000000000000000 ) ) ;
#1768 = CARTESIAN_POINT ( 'NONE',  ( 15.50000000000101963, -15.49999999999983658, 48.00000000000000000 ) ) ;
#1769 = EDGE_CURVE ( 'NONE', #9883, #7054, #4163, .T. ) ;
#1770 = B_SPLINE_CURVE_WITH_KNOTS ( 'NONE', 3,
 ( #5063, #1193, #8145, #2801 ),
 .UNSPECIFIED., .F., .F.,
 ( 4, 4 ),
 ( 0.000000000000000000, 5.435045947756848725E-05 ),
 .UNSPECIFIED. ) ;
#1771 = VECTOR ( 'NONE', #2625, 1000.000000000000000 ) ;
#1772 = EDGE_CURVE ( 'NONE', #2496, #144, #1644, .T. ) ;
#1773 = ORIENTED_EDGE ( 'NONE', *, *, #3842, .T. ) ;
#1774 = CIRCLE ( 'NONE', #6230, 1.300000000000000711 ) ;
#1775 = ORIENTED_EDGE ( 'NONE', *, *, #10017, .F. ) ;
#1776 = LINE ( 'NONE', #7249, #3417 ) ;
#1777 = CARTESIAN_POINT ( 'NONE',  ( 0.000000000000000000, 0.000000000000000000, -1.500000000000000000 ) ) ;
#1778 = SURFACE_SIDE_STYLE ('',( #9663 ) ) ;
#1779 = SURFACE_STYLE_FILL_AREA ( #4982 ) ;
#1780 = AXIS2_PLACEMENT_3D ( 'NONE', #7055, #7923, #5510 ) ;
#1781 = CARTESIAN_POINT ( 'NONE',  ( -16.94289321881343469, 20.64999999999999858, 0.5000000000000000000 ) ) ;
#1782 = MECHANICAL_DESIGN_GEOMETRIC_PRESENTATION_REPRESENTATION (  '', ( #2116 ), #8689 ) ;
#1783 = ORIENTED_EDGE ( 'NONE', *, *, #4776, .T. ) ;
#1784 = ORIENTED_EDGE ( 'NONE', *, *, #2966, .F. ) ;
#1785 = PRESENTATION_STYLE_ASSIGNMENT (( #7307 ) ) ;
#1786 = VECTOR ( 'NONE', #5950, 1000.000000000000000 ) ;
#1787 = EDGE_LOOP ( 'NONE', ( #3299, #8870, #2143, #9093 ) ) ;
#1788 = PRESENTATION_LAYER_ASSIGNMENT (  '', '', ( #10178 ) ) ;
#1789 = CIRCLE ( 'NONE', #5262, 0.5000000000000004441 ) ;
#1790 = SURFACE_STYLE_USAGE ( .BOTH. , #1119 ) ;
#1791 = CARTESIAN_POINT ( 'NONE',  ( 12.49999999999984013, 15.50000000000015987, 46.00000000000000000 ) ) ;
#1792 = PLANE ( 'NONE',  #7533 ) ;
#1793 = PRESENTATION_STYLE_ASSIGNMENT (( #8030 ) ) ;
#1794 = CIRCLE ( 'NONE', #8056, 0.5000000000000004441 ) ;
#1795 = ORIENTED_EDGE ( 'NONE', *, *, #8625, .F. ) ;
#1796 = CARTESIAN_POINT ( 'NONE',  ( 21.15000000000000213, -21.15000000000000213, 6.000000000000000000 ) ) ;
#1797 = VERTEX_POINT ( 'NONE', #5894 ) ;
#1798 =( NAMED_UNIT ( * ) SI_UNIT ( $, .STERADIAN. ) SOLID_ANGLE_UNIT ( ) );
#1799 = PLANE ( 'NONE',  #4420 ) ;
#1800 = CARTESIAN_POINT ( 'NONE',  ( 16.84930666606603111, 15.05359323060817367, 46.50000000000000000 ) ) ;
#1801 = DIRECTION ( 'NONE',  ( 1.000000000000000000, 0.000000000000000000, -0.000000000000000000 ) ) ;
#1802 = CIRCLE ( 'NONE', #2612, 1.249999999999997558 ) ;
#1803 = LINE ( 'NONE', #5057, #745 ) ;
#1804 = CARTESIAN_POINT ( 'NONE',  ( 3.428630373306654544, -21.25000000000000711, 40.11033917074156818 ) ) ;
#1805 =( NAMED_UNIT ( * ) PLANE_ANGLE_UNIT ( ) SI_UNIT ( $, .RADIAN. ) );
#1806 = CARTESIAN_POINT ( 'NONE',  ( -12.49999999999923794, 15.49999999999897504, 46.00000000000000000 ) ) ;
#1807 = FACE_OUTER_BOUND ( 'NONE', #578, .T. ) ;
#1808 =( NAMED_UNIT ( * ) PLANE_ANGLE_UNIT ( ) SI_UNIT ( $, .RADIAN. ) );
#1809 = VERTEX_POINT ( 'NONE', #4321 ) ;
#1810 = VERTEX_POINT ( 'NONE', #3560 ) ;
#1811 = EDGE_CURVE ( 'NONE', #1063, #1326, #8245, .T. ) ;
#1812 = VERTEX_POINT ( 'NONE', #5215 ) ;
#1813 = SURFACE_STYLE_USAGE ( .BOTH. , #3571 ) ;
#1814 =( LENGTH_UNIT ( ) NAMED_UNIT ( * ) SI_UNIT ( .MILLI., .METRE. ) );
#1815 = VECTOR ( 'NONE', #1692, 1000.000000000000000 ) ;
#1816 = ADVANCED_FACE ( 'NONE', ( #9935 ), #507, .T. ) ;
#1817 = CARTESIAN_POINT ( 'NONE',  ( 16.75000000000010658, -15.49999999999989164, 0.000000000000000000 ) ) ;
#1818 = B_SPLINE_CURVE_WITH_KNOTS ( 'NONE', 3,
 ( #8433, #9975, #1383, #10033 ),
 .UNSPECIFIED., .F., .F.,
 ( 4, 4 ),
 ( 0.000000000000000000, 5.435045947768657720E-05 ),
 .UNSPECIFIED. ) ;
#1819 = CARTESIAN_POINT ( 'NONE',  ( -14.21692477204121730, 15.92449465477564097, 46.50000000000000000 ) ) ;
#1820 = DIRECTION ( 'NONE',  ( -0.000000000000000000, -0.000000000000000000, -1.000000000000000000 ) ) ;
#1821 = SURFACE_STYLE_FILL_AREA ( #4130 ) ;
#1822 = ORIENTED_EDGE ( 'NONE', *, *, #9061, .T. ) ;
#1824 = EDGE_CURVE ( 'NONE', #4747, #8778, #6815, .T. ) ;
#1823 = STYLED_ITEM ( 'NONE', ( #855 ), #6688 ) ;
#1825 = VERTEX_POINT ( 'NONE', #9165 ) ;
#1826 = EDGE_CURVE ( 'NONE', #5772, #8644, #5269, .T. ) ;
#1827 = ORIENTED_EDGE ( 'NONE', *, *, #5193, .T. ) ;
#1828 = LINE ( 'NONE', #268, #6246 ) ;
#1829 = ADVANCED_FACE ( 'NONE', ( #2166 ), #1579, .T. ) ;
#1830 = FACE_OUTER_BOUND ( 'NONE', #3831, .T. ) ;
#1831 = DIRECTION ( 'NONE',  ( -1.000000000000000000, 0.000000000000000000, 0.000000000000000000 ) ) ;
#1832 = CARTESIAN_POINT ( 'NONE',  ( 0.000000000000000000, 0.000000000000000000, 47.50000000000000000 ) ) ;
#1833 = FACE_OUTER_BOUND ( 'NONE', #2897, .T. ) ;
#1834 = AXIS2_PLACEMENT_3D ( 'NONE', #5632, #7989, #9634 ) ;
#1835 = DIRECTION ( 'NONE',  ( -2.073370231917083424E-15, -1.000000000000000000, 0.000000000000000000 ) ) ;
#1836 =( GEOMETRIC_REPRESENTATION_CONTEXT ( 3 ) GLOBAL_UNCERTAINTY_ASSIGNED_CONTEXT ( ( #281 ) ) GLOBAL_UNIT_ASSIGNED_CONTEXT ( ( #5037, #2726, #8478 ) ) REPRESENTATION_CONTEXT ( 'NONE', 'WORKASPACE' ) );
#1837 = FACE_OUTER_BOUND ( 'NONE', #1787, .T. ) ;
#1838 = ADVANCED_FACE ( 'NONE', ( #5319 ), #3139, .F. ) ;
#1839 = ORIENTED_EDGE ( 'NONE', *, *, #8305, .F. ) ;
#1840 = ORIENTED_EDGE ( 'NONE', *, *, #5366, .F. ) ;
#1841 = PRESENTATION_STYLE_ASSIGNMENT (( #6488 ) ) ;
#1842 = EDGE_CURVE ( 'NONE', #4362, #3064, #4482, .T. ) ;
#1843 = ORIENTED_EDGE ( 'NONE', *, *, #1978, .T. ) ;
#1844 = UNCERTAINTY_MEASURE_WITH_UNIT (LENGTH_MEASURE( 1.000000000000000082E-05 ), #6727, 'distance_accuracy_value', 'NONE');
#1845 = AXIS2_PLACEMENT_3D ( 'NONE', #1333, #7611, #8333 ) ;
#1846 = FILL_AREA_STYLE_COLOUR ( '', #7735 ) ;
#1847 = FACE_OUTER_BOUND ( 'NONE', #8014, .T. ) ;
#1848 = EDGE_CURVE ( 'NONE', #6802, #5312, #6330, .T. ) ;
#1849 = DIRECTION ( 'NONE',  ( -4.086561412391584507E-15, -1.000000000000000000, 0.000000000000000000 ) ) ;
#1850 = FILL_AREA_STYLE ('',( #4151 ) ) ;
#1851 = CARTESIAN_POINT ( 'NONE',  ( 0.000000000000000000, 21.14999999999999858, 6.000000000000000000 ) ) ;
#1852 = AXIS2_PLACEMENT_3D ( 'NONE', #3994, #41, #1648 ) ;
#1853 = PRESENTATION_STYLE_ASSIGNMENT (( #5151 ) ) ;
#1854 = DIRECTION ( 'NONE',  ( 0.000000000000000000, 0.000000000000000000, 1.000000000000000000 ) ) ;
#1855 = VERTEX_POINT ( 'NONE', #4721 ) ;
#1856 = CIRCLE ( 'NONE', #1690, 1.249999999999999334 ) ;
#1857 = ORIENTED_EDGE ( 'NONE', *, *, #3771, .F. ) ;
#1858 = SURFACE_STYLE_FILL_AREA ( #3301 ) ;
#1859 = DIRECTION ( 'NONE',  ( 0.000000000000000000, 0.000000000000000000, 1.000000000000000000 ) ) ;
#1860 =( LENGTH_UNIT ( ) NAMED_UNIT ( * ) SI_UNIT ( .MILLI., .METRE. ) );
#1861 = DIRECTION ( 'NONE',  ( 0.000000000000000000, 0.000000000000000000, -1.000000000000000000 ) ) ;
#1862 = AXIS2_PLACEMENT_3D ( 'NONE', #5495, #736, #2346 ) ;
#1863 = DIRECTION ( 'NONE',  ( 1.000000000000000000, 0.000000000000000000, 0.000000000000000000 ) ) ;
#1864 = DIRECTION ( 'NONE',  ( -0.000000000000000000, -1.000000000000000000, -0.000000000000000000 ) ) ;
#1865 = CARTESIAN_POINT ( 'NONE',  ( -16.94289321881343469, -20.65000000000000568, 38.00000000000000000 ) ) ;
#1866 = EDGE_LOOP ( 'NONE', ( #2722, #2836 ) ) ;
#1867 = ORIENTED_EDGE ( 'NONE', *, *, #2526, .F. ) ;
#1868 = VERTEX_POINT ( 'NONE', #3982 ) ;
#1869 = PRESENTATION_LAYER_ASSIGNMENT (  '', '', ( #4663 ) ) ;
#1870 = CARTESIAN_POINT ( 'NONE',  ( -14.24999999999994316, -15.50000000000004974, 0.000000000000000000 ) ) ;
#1871 = DIRECTION ( 'NONE',  ( -1.000000000000000000, 0.000000000000000000, 0.000000000000000000 ) ) ;
#1872 = PLANE ( 'NONE',  #8682 ) ;
#1873 = CARTESIAN_POINT ( 'NONE',  ( -14.27125906389278498, 15.07550534522231089, 47.50000000000000000 ) ) ;
#1874 = EDGE_CURVE ( 'NONE', #6222, #1147, #2914, .T. ) ;
#1875 = AXIS2_PLACEMENT_3D ( 'NONE', #1746, #6247, #7784 ) ;
#1876 = CARTESIAN_POINT ( 'NONE',  ( 15.49999999999983658, 15.50000000000015987, 47.50000000000000000 ) ) ;
#1877 = FACE_OUTER_BOUND ( 'NONE', #10010, .T. ) ;
#1878 = ORIENTED_EDGE ( 'NONE', *, *, #3421, .F. ) ;
#1879 = ORIENTED_EDGE ( 'NONE', *, *, #1377, .T. ) ;
#1880 = ORIENTED_EDGE ( 'NONE', *, *, #8185, .F. ) ;
#1881 =( LENGTH_UNIT ( ) NAMED_UNIT ( * ) SI_UNIT ( .MILLI., .METRE. ) );
#1882 = LINE ( 'NONE', #4349, #7486 ) ;
#1883 = B_SPLINE_CURVE_WITH_KNOTS ( 'NONE', 3,
 ( #8583, #81, #3944, #862 ),
 .UNSPECIFIED., .F., .F.,
 ( 4, 4 ),
 ( 0.000000000000000000, 5.435045947736368146E-05 ),
 .UNSPECIFIED. ) ;
#1884 = DIRECTION ( 'NONE',  ( 0.000000000000000000, 0.000000000000000000, 1.000000000000000000 ) ) ;
#1885 = LINE ( 'NONE', #335, #7425 ) ;
#1886 = FACE_OUTER_BOUND ( 'NONE', #3076, .T. ) ;
#1887 = CARTESIAN_POINT ( 'NONE',  ( 0.000000000000000000, 0.000000000000000000, 5.999999999999998224 ) ) ;
#1888 = CIRCLE ( 'NONE', #8308, 3.500000000000000000 ) ;
#1889 = ORIENTED_EDGE ( 'NONE', *, *, #2972, .F. ) ;
#1890 = VERTEX_POINT ( 'NONE', #1631 ) ;
#1891 = EDGE_CURVE ( 'NONE', #7723, #5289, #5550, .T. ) ;
#1892 =( NAMED_UNIT ( * ) PLANE_ANGLE_UNIT ( ) SI_UNIT ( $, .RADIAN. ) );
#1893 = ORIENTED_EDGE ( 'NONE', *, *, #8927, .T. ) ;
#1894 = B_SPLINE_CURVE_WITH_KNOTS ( 'NONE', 3,
 ( #3377, #2607, #1680, #6530 ),
 .UNSPECIFIED., .F., .F.,
 ( 4, 4 ),
 ( 0.000000000000000000, 0.0002154103325660310011 ),
 .UNSPECIFIED. ) ;
#1895 = CYLINDRICAL_SURFACE ( 'NONE', #7580, 1.249999999999999334 ) ;
#1896 = AXIS2_PLACEMENT_3D ( 'NONE', #3762, #6250, #4536 ) ;
#1897 = EDGE_CURVE ( 'NONE', #4939, #7164, #7049, .T. ) ;
#1899 = LINE ( 'NONE', #7317, #4713 ) ;
#1898 = VECTOR ( 'NONE', #30, 1000.000000000000000 ) ;
#1900 =( GEOMETRIC_REPRESENTATION_CONTEXT ( 3 ) GLOBAL_UNCERTAINTY_ASSIGNED_CONTEXT ( ( #9451 ) ) GLOBAL_UNIT_ASSIGNED_CONTEXT ( ( #5290, #8418, #2859 ) ) REPRESENTATION_CONTEXT ( 'NONE', 'WORKASPACE' ) );
#1901 = EDGE_CURVE ( 'NONE', #3148, #4747, #802, .T. ) ;
#1902 = DIRECTION ( 'NONE',  ( -0.000000000000000000, -0.000000000000000000, -1.000000000000000000 ) ) ;
#1903 = SURFACE_SIDE_STYLE ('',( #3504 ) ) ;
#1904 = ORIENTED_EDGE ( 'NONE', *, *, #7362, .T. ) ;
#1905 = VERTEX_POINT ( 'NONE', #4778 ) ;
#1906 = EDGE_CURVE ( 'NONE', #618, #9714, #6380, .T. ) ;
#1907 = VERTEX_POINT ( 'NONE', #8067 ) ;
#1908 = AXIS2_PLACEMENT_3D ( 'NONE', #5, #6974, #10159 ) ;
#1909 = SURFACE_SIDE_STYLE ('',( #1030 ) ) ;
#1910 = CARTESIAN_POINT ( 'NONE',  ( 16.84930666606603111, 15.05359323060817367, 46.50000000000000000 ) ) ;
#1911 = LINE ( 'NONE', #8191, #10156 ) ;
#1912 = CARTESIAN_POINT ( 'NONE',  ( 0.000000000000000000, 0.000000000000000000, 46.00000000000000000 ) ) ;
#1913 = DIRECTION ( 'NONE',  ( -1.000000000000000000, 0.000000000000000000, 0.000000000000000000 ) ) ;
#1914 = CARTESIAN_POINT ( 'NONE',  ( 0.000000000000000000, 0.000000000000000000, -1.500000000000000000 ) ) ;
#1915 = CARTESIAN_POINT ( 'NONE',  ( 16.74999999999983302, 15.50000000000015987, 0.000000000000000000 ) ) ;
#1916 = PRESENTATION_STYLE_ASSIGNMENT (( #7475 ) ) ;
#1917 = VECTOR ( 'NONE', #4581, 1000.000000000000000 ) ;
#1918 = PLANE ( 'NONE',  #4502 ) ;
#1919 = SURFACE_STYLE_FILL_AREA ( #9896 ) ;
#1920 = ORIENTED_EDGE ( 'NONE', *, *, #4669, .T. ) ;
#1921 = ORIENTED_EDGE ( 'NONE', *, *, #2028, .F. ) ;
#1922 = ORIENTED_EDGE ( 'NONE', *, *, #7952, .F. ) ;
#1923 = DIRECTION ( 'NONE',  ( -1.000000000000000000, -0.000000000000000000, -0.000000000000000000 ) ) ;
#1924 = CIRCLE ( 'NONE', #4879, 25.00000000000000000 ) ;
#1925 = DIRECTION ( 'NONE',  ( 1.000000000000000000, 0.000000000000000000, 0.000000000000000000 ) ) ;
#1926 = VECTOR ( 'NONE', #6885, 1000.000000000000000 ) ;
#1927 = DIRECTION ( 'NONE',  ( 1.000000000000000000, 0.000000000000000000, 0.000000000000000000 ) ) ;
#1928 = DIRECTION ( 'NONE',  ( 0.000000000000000000, -1.000000000000000000, 0.000000000000000000 ) ) ;
#1929 = ORIENTED_EDGE ( 'NONE', *, *, #9818, .F. ) ;
#1930 = ORIENTED_EDGE ( 'NONE', *, *, #6739, .T. ) ;
#1931 = ORIENTED_EDGE ( 'NONE', *, *, #5929, .T. ) ;
#1932 = CARTESIAN_POINT ( 'NONE',  ( -15.05359323060823584, 16.84930666606597782, 47.49262389544726659 ) ) ;
#1933 = CARTESIAN_POINT ( 'NONE',  ( 14.21692477204111604, -15.14729938218608751, 47.49983667794648312 ) ) ;
#1934 = SURFACE_STYLE_FILL_AREA ( #2860 ) ;
#1935 = DIRECTION ( 'NONE',  ( -1.000000000000000000, -8.202002250481357549E-17, 0.000000000000000000 ) ) ;
#1936 = AXIS2_PLACEMENT_3D ( 'NONE', #10176, #8623, #3080 ) ;
#1937 = CARTESIAN_POINT ( 'NONE',  ( 15.05359323060813459, -15.07550534522241925, 46.50000000000000000 ) ) ;
#1938 = VECTOR ( 'NONE', #1753, 1000.000000000000000 ) ;
#1939 = DIRECTION ( 'NONE',  ( -5.627273829055637777E-15, -1.000000000000000000, -0.000000000000000000 ) ) ;
#1940 =( NAMED_UNIT ( * ) SI_UNIT ( $, .STERADIAN. ) SOLID_ANGLE_UNIT ( ) );
#1941 = EDGE_LOOP ( 'NONE', ( #5297, #9995, #8885, #1041 ) ) ;
#1942 = ORIENTED_EDGE ( 'NONE', *, *, #769, .T. ) ;
#1943 = DIRECTION ( 'NONE',  ( 3.885970363620945164E-15, 1.000000000000000000, -0.000000000000000000 ) ) ;
#1944 = EDGE_LOOP ( 'NONE', ( #3229, #2760, #1156, #4478 ) ) ;
#1945 = ADVANCED_FACE ( 'NONE', ( #1886 ), #1750, .T. ) ;
#1946 = AXIS2_PLACEMENT_3D ( 'NONE', #4288, #4393, #4233 ) ;
#1947 = CYLINDRICAL_SURFACE ( 'NONE', #8569, 0.5000000000000004441 ) ;
#1948 = CARTESIAN_POINT ( 'NONE',  ( 16.94289321881345600, 20.64999999999999858, 0.5000000000000004441 ) ) ;
#1949 = CIRCLE ( 'NONE', #462, 2.500000000000000000 ) ;
#1950 = DIRECTION ( 'NONE',  ( -0.000000000000000000, -0.000000000000000000, -1.000000000000000000 ) ) ;
#1951 = CARTESIAN_POINT ( 'NONE',  ( 2.494294627413643717, -21.25000000000000711, 40.95372187942375319 ) ) ;
#1952 = EDGE_CURVE ( 'NONE', #4237, #2774, #7195, .T. ) ;
#1953 = CARTESIAN_POINT ( 'NONE',  ( -15.92449465477580794, -15.94640676939192758, 47.50000000000000000 ) ) ;
#1954 = PRESENTATION_LAYER_ASSIGNMENT (  '', '', ( #8206 ) ) ;
#1955 = ORIENTED_EDGE ( 'NONE', *, *, #696, .T. ) ;
#1956 = ORIENTED_EDGE ( 'NONE', *, *, #9707, .T. ) ;
#1957 = DIRECTION ( 'NONE',  ( 0.000000000000000000, 0.000000000000000000, 1.000000000000000000 ) ) ;
#1958 = ORIENTED_EDGE ( 'NONE', *, *, #6574, .F. ) ;
#1959 = EDGE_CURVE ( 'NONE', #5712, #2811, #9510, .T. ) ;
#1960 = DIRECTION ( 'NONE',  ( -1.000000000000000000, 0.000000000000000000, 0.000000000000000000 ) ) ;
#1961 = CIRCLE ( 'NONE', #4757, 0.5000000000000004441 ) ;
#1962 = EDGE_CURVE ( 'NONE', #163, #392, #4930, .T. ) ;
#1963 = CARTESIAN_POINT ( 'NONE',  ( -15.92449465477582748, -16.74685775593391668, 47.50000000000000000 ) ) ;
#1964 = DIRECTION ( 'NONE',  ( -0.000000000000000000, -0.000000000000000000, 1.000000000000000000 ) ) ;
#1965 = FILL_AREA_STYLE_COLOUR ( '', #9473 ) ;
#1966 = PLANE ( 'NONE',  #5969 ) ;
#1967 = DIRECTION ( 'NONE',  ( -1.000000000000000000, 0.000000000000000000, 0.000000000000000000 ) ) ;
#1968 = EDGE_CURVE ( 'NONE', #7443, #4504, #5651, .T. ) ;
#1969 = DIRECTION ( 'NONE',  ( 0.000000000000000000, 0.000000000000000000, 1.000000000000000000 ) ) ;
#1970 = DIRECTION ( 'NONE',  ( 1.000000000000000000, 0.000000000000000000, 0.000000000000000000 ) ) ;
#1971 = VERTEX_POINT ( 'NONE', #4085 ) ;
#1972 = UNCERTAINTY_MEASURE_WITH_UNIT (LENGTH_MEASURE( 1.000000000000000082E-05 ), #10167, 'distance_accuracy_value', 'NONE');
#1973 = ORIENTED_EDGE ( 'NONE', *, *, #836, .F. ) ;
#1974 = AXIS2_PLACEMENT_3D ( 'NONE', #5906, #7434, #5958 ) ;
#1975 = ORIENTED_EDGE ( 'NONE', *, *, #2015, .T. ) ;
#1976 = CARTESIAN_POINT ( 'NONE',  ( -16.78307522795904916, 15.21910815489294677, 47.50000000000000000 ) ) ;
#1977 = PRESENTATION_STYLE_ASSIGNMENT (( #6625 ) ) ;
#1978 = EDGE_CURVE ( 'NONE', #5545, #9135, #7030, .T. ) ;
#1979 = AXIS2_PLACEMENT_3D ( 'NONE', #8026, #5662, #7214 ) ;
#1980 = VECTOR ( 'NONE', #2213, 1000.000000000000000 ) ;
#1981 = DIRECTION ( 'NONE',  ( 1.000000000000000000, -4.086561412391584507E-15, -0.000000000000000000 ) ) ;
#1982 = ORIENTED_EDGE ( 'NONE', *, *, #5554, .T. ) ;
#1983 = VERTEX_POINT ( 'NONE', #4032 ) ;
#1984 = DIRECTION ( 'NONE',  ( 1.000000000000000000, 0.000000000000000000, 0.000000000000000000 ) ) ;
#1985 = CARTESIAN_POINT ( 'NONE',  ( 21.48980450031715606, -21.25000000000000711, 23.80733243662596621 ) ) ;
#1986 = DIRECTION ( 'NONE',  ( 0.000000000000000000, 0.000000000000000000, 1.000000000000000000 ) ) ;
#1987 =( NAMED_UNIT ( * ) PLANE_ANGLE_UNIT ( ) SI_UNIT ( $, .RADIAN. ) );
#1988 = ORIENTED_EDGE ( 'NONE', *, *, #3286, .F. ) ;
#1989 = ORIENTED_EDGE ( 'NONE', *, *, #5752, .T. ) ;
#1990 = CARTESIAN_POINT ( 'NONE',  ( 15.94640676939200041, -14.27904914257685931, 47.50000000000000000 ) ) ;
#1991 = ORIENTED_EDGE ( 'NONE', *, *, #2526, .T. ) ;
#1992 = PRESENTATION_STYLE_ASSIGNMENT (( #6021 ) ) ;
#1993 = PRESENTATION_LAYER_ASSIGNMENT (  '', '', ( #3636 ) ) ;
#1994 = CARTESIAN_POINT ( 'NONE',  ( 14.24999999999983835, 15.50000000000015987, 4.500000000000000888 ) ) ;
#1995 = AXIS2_PLACEMENT_3D ( 'NONE', #9820, #3544, #6127 ) ;
#1996 =( NAMED_UNIT ( * ) PLANE_ANGLE_UNIT ( ) SI_UNIT ( $, .RADIAN. ) );
#1997 = DIRECTION ( 'NONE',  ( 1.000000000000000000, 0.000000000000000000, 0.000000000000000000 ) ) ;
#1998 = CARTESIAN_POINT ( 'NONE',  ( 3.600000000000001421, -19.15000000000000568, 44.50000000000000000 ) ) ;
#1999 = SURFACE_SIDE_STYLE ('',( #6604 ) ) ;
#2000 = ADVANCED_FACE ( 'NONE', ( #5816 ), #10141, .T. ) ;
#2001 = CARTESIAN_POINT ( 'NONE',  ( 21.14999999999999858, 21.14999999999999858, 38.00000000000000000 ) ) ;
#2002 = ORIENTED_EDGE ( 'NONE', *, *, #2270, .T. ) ;
#2003 = VERTEX_POINT ( 'NONE', #6587 ) ;
#2004 = DIRECTION ( 'NONE',  ( 1.000000000000000000, 0.000000000000000000, 0.000000000000000000 ) ) ;
#2005 = VERTEX_POINT ( 'NONE', #4981 ) ;
#2006 = CARTESIAN_POINT ( 'NONE',  ( 15.50000000000006928, -14.15069333393208417, 47.49923505645085697 ) ) ;
#2007 = FACE_OUTER_BOUND ( 'NONE', #328, .T. ) ;
#2008 = CARTESIAN_POINT ( 'NONE',  ( 15.07550534522236418, 15.94640676939203949, 46.50000000000000000 ) ) ;
#2009 = DIRECTION ( 'NONE',  ( 0.000000000000000000, 0.000000000000000000, 1.000000000000000000 ) ) ;
#2010 = PRESENTATION_STYLE_ASSIGNMENT (( #5993 ) ) ;
#2011 = PRESENTATION_LAYER_ASSIGNMENT (  '', '', ( #9586 ) ) ;
#2012 = FILL_AREA_STYLE ('',( #9841 ) ) ;
#2013 = ORIENTED_EDGE ( 'NONE', *, *, #6984, .F. ) ;
#2014 = ORIENTED_EDGE ( 'NONE', *, *, #6241, .F. ) ;
#2015 = EDGE_CURVE ( 'NONE', #7132, #4121, #8724, .T. ) ;
#2016 = ORIENTED_EDGE ( 'NONE', *, *, #3953, .T. ) ;
#2017 = FILL_AREA_STYLE_COLOUR ( '', #5271 ) ;
#2018 = B_SPLINE_CURVE_WITH_KNOTS ( 'NONE', 3,
 ( #3927, #7854, #3180, #3318 ),
 .UNSPECIFIED., .F., .F.,
 ( 4, 4 ),
 ( 0.000000000000000000, 5.435045947647458147E-05 ),
 .UNSPECIFIED. ) ;
#2019 = CARTESIAN_POINT ( 'NONE',  ( -2.486532817695816799, -19.15000000000000568, 40.95372187942375319 ) ) ;
#2020 = CARTESIAN_POINT ( 'NONE',  ( -20.64999999999999503, 16.94289321881343824, 47.50000000000000000 ) ) ;
#2021 = ADVANCED_FACE ( 'NONE', ( #4245 ), #7967, .T. ) ;
#2022 = DIRECTION ( 'NONE',  ( -0.000000000000000000, 0.000000000000000000, -1.000000000000000000 ) ) ;
#2023 = EDGE_CURVE ( 'NONE', #172, #1481, #3325, .T. ) ;
#2024 = CARTESIAN_POINT ( 'NONE',  ( -16.78307522795911311, 15.92449465477565163, 47.49867441544049029 ) ) ;
#2026 = VERTEX_POINT ( 'NONE', #272 ) ;
#2025 =( GEOMETRIC_REPRESENTATION_CONTEXT ( 3 ) GLOBAL_UNCERTAINTY_ASSIGNED_CONTEXT ( ( #2160 ) ) GLOBAL_UNIT_ASSIGNED_CONTEXT ( ( #6664, #7382, #6563 ) ) REPRESENTATION_CONTEXT ( 'NONE', 'WORKASPACE' ) );
#2027 = VERTEX_POINT ( 'NONE', #2671 ) ;
#2028 = EDGE_CURVE ( 'NONE', #5687, #8353, #5081, .T. ) ;
#2029 = DIRECTION ( 'NONE',  ( 9.399091248501948904E-14, -1.000000000000000000, 0.000000000000000000 ) ) ;
#2030 = DIRECTION ( 'NONE',  ( -0.000000000000000000, -0.000000000000000000, 1.000000000000000000 ) ) ;
#2031 = PRESENTATION_STYLE_ASSIGNMENT (( #9033 ) ) ;
#2032 = DIRECTION ( 'NONE',  ( -3.034740832678112893E-15, 1.000000000000000000, 0.000000000000000000 ) ) ;
#2033 = MECHANICAL_DESIGN_GEOMETRIC_PRESENTATION_REPRESENTATION (  '', ( #2534 ), #1045 ) ;
#2034 = ORIENTED_EDGE ( 'NONE', *, *, #380, .T. ) ;
#2035 = ORIENTED_EDGE ( 'NONE', *, *, #3658, .T. ) ;
#2036 = DIRECTION ( 'NONE',  ( 0.000000000000000000, 0.000000000000000000, -1.000000000000000000 ) ) ;
#2037 = AXIS2_PLACEMENT_3D ( 'NONE', #8363, #3484, #2855 ) ;
#2038 = ORIENTED_EDGE ( 'NONE', *, *, #6693, .T. ) ;
#2039 = DIRECTION ( 'NONE',  ( 0.000000000000000000, 0.000000000000000000, 1.000000000000000000 ) ) ;
#2040 = CARTESIAN_POINT ( 'NONE',  ( -14.15069333393213213, -15.05359323060808840, 47.49262389544724527 ) ) ;
#2041 = CARTESIAN_POINT ( 'NONE',  ( -15.92449465477579018, -14.25314224406743868, 47.50000000000000000 ) ) ;
#2042 = LINE ( 'NONE', #7770, #8791 ) ;
#2043 = AXIS2_PLACEMENT_3D ( 'NONE', #6111, #10065, #6056 ) ;
#2044 = DIRECTION ( 'NONE',  ( -0.000000000000000000, -0.000000000000000000, -1.000000000000000000 ) ) ;
#2045 = DIRECTION ( 'NONE',  ( -0.000000000000000000, -0.000000000000000000, -1.000000000000000000 ) ) ;
#2046 = ORIENTED_EDGE ( 'NONE', *, *, #8051, .F. ) ;
#2047 = ORIENTED_EDGE ( 'NONE', *, *, #1769, .F. ) ;
#2048 = FILL_AREA_STYLE ('',( #6083 ) ) ;
#2049 = ORIENTED_EDGE ( 'NONE', *, *, #3481, .T. ) ;
#2050 = CARTESIAN_POINT ( 'NONE',  ( 15.14729938218419747, 14.21692477204116223, 47.49983667794647602 ) ) ;
#2051 = CARTESIAN_POINT ( 'NONE',  ( 0.000000000000000000, 0.000000000000000000, -2.000000000000000000 ) ) ;
#2052 = STYLED_ITEM ( 'NONE', ( #786 ), #5749 ) ;
#2053 = DIRECTION ( 'NONE',  ( 1.000000000000000000, -1.875757943018545794E-15, -0.000000000000000000 ) ) ;
#2054 = PLANE ( 'NONE',  #8642 ) ;
#2055 = SURFACE_STYLE_FILL_AREA ( #9118 ) ;
#2056 = CIRCLE ( 'NONE', #2555, 0.5000000000000006661 ) ;
#2057 = MECHANICAL_DESIGN_GEOMETRIC_PRESENTATION_REPRESENTATION (  '', ( #6523 ), #7828 ) ;
#2058 = AXIS2_PLACEMENT_3D ( 'NONE', #2176, #3621, #5327 ) ;
#2059 = ORIENTED_EDGE ( 'NONE', *, *, #957, .F. ) ;
#2060 = UNCERTAINTY_MEASURE_WITH_UNIT (LENGTH_MEASURE( 1.000000000000000082E-05 ), #2854, 'distance_accuracy_value', 'NONE');
#2061 = ORIENTED_EDGE ( 'NONE', *, *, #7622, .T. ) ;
#2062 = LINE ( 'NONE', #5227, #130 ) ;
#2063 = CIRCLE ( 'NONE', #2402, 0.5000000000000000000 ) ;
#2064 = DIRECTION ( 'NONE',  ( -1.000000000000000000, 0.000000000000000000, 0.000000000000000000 ) ) ;
#2065 = DIRECTION ( 'NONE',  ( 1.000000000000000000, 0.000000000000000000, 0.000000000000000000 ) ) ;
#2066 = VECTOR ( 'NONE', #309, 1000.000000000000000 ) ;
#2067 =( NAMED_UNIT ( * ) PLANE_ANGLE_UNIT ( ) SI_UNIT ( $, .RADIAN. ) );
#2068 = AXIS2_PLACEMENT_3D ( 'NONE', #3753, #3704, #9834 ) ;
#2069 = SURFACE_SIDE_STYLE ('',( #6534 ) ) ;
#2070 = EDGE_CURVE ( 'NONE', #9725, #4427, #5711, .T. ) ;
#2071 = B_SPLINE_CURVE_WITH_KNOTS ( 'NONE', 3,
 ( #2100, #10128, #3801, #2933 ),
 .UNSPECIFIED., .F., .F.,
 ( 4, 4 ),
 ( 0.0004464067693929641562, 0.0008928135387838587872 ),
 .UNSPECIFIED. ) ;
#2072 = DIRECTION ( 'NONE',  ( 1.000000000000000000, 0.000000000000000000, 0.000000000000000000 ) ) ;
#2073 = CARTESIAN_POINT ( 'NONE',  ( 21.15000000000000213, -21.15000000000000213, 38.00000000000000000 ) ) ;
#2074 = CARTESIAN_POINT ( 'NONE',  ( -16.78307522795910245, 15.78089184510488430, 47.50000000000000000 ) ) ;
#2075 = EDGE_LOOP ( 'NONE', ( #4389, #6223, #2412, #165 ) ) ;
#2076 = ORIENTED_EDGE ( 'NONE', *, *, #6639, .F. ) ;
#2077 = AXIS2_PLACEMENT_3D ( 'NONE', #7266, #3995, #6397 ) ;
#2078 = EDGE_CURVE ( 'NONE', #6386, #351, #6699, .T. ) ;
#2079 = SURFACE_SIDE_STYLE ('',( #6782 ) ) ;
#2080 = EDGE_CURVE ( 'NONE', #454, #1855, #9912, .T. ) ;
#2081 =( NAMED_UNIT ( * ) SI_UNIT ( $, .STERADIAN. ) SOLID_ANGLE_UNIT ( ) );
#2082 =( NAMED_UNIT ( * ) PLANE_ANGLE_UNIT ( ) SI_UNIT ( $, .RADIAN. ) );
#2083 = CARTESIAN_POINT ( 'NONE',  ( 15.92449465477571025, 16.78307522795905626, 46.50000000000000000 ) ) ;
#2084 =( LENGTH_UNIT ( ) NAMED_UNIT ( * ) SI_UNIT ( .MILLI., .METRE. ) );
#2085 = EDGE_CURVE ( 'NONE', #7985, #4717, #8004, .T. ) ;
#2086 = FILL_AREA_STYLE ('',( #6787 ) ) ;
#2087 = AXIS2_PLACEMENT_3D ( 'NONE', #6521, #9650, #5747 ) ;
#2088 = ORIENTED_EDGE ( 'NONE', *, *, #2454, .T. ) ;
#2089 = EDGE_LOOP ( 'NONE', ( #6745, #4041, #7323, #9330, #6148, #2857, #5939, #9248 ) ) ;
#2090 = CARTESIAN_POINT ( 'NONE',  ( -14.27904914257597824, -15.94640676939194535, 47.50000000000000000 ) ) ;
#2091 = ORIENTED_EDGE ( 'NONE', *, *, #6424, .T. ) ;
#2092 = VECTOR ( 'NONE', #7544, 1000.000000000000000 ) ;
#2093 = AXIS2_PLACEMENT_3D ( 'NONE', #5503, #4531, #1349 ) ;
#2094 = DIRECTION ( 'NONE',  ( 1.000000000000000000, 0.000000000000000000, 0.000000000000000000 ) ) ;
#2095 = DIRECTION ( 'NONE',  ( -0.7071067811865500152, 0.7071067811865451302, -0.000000000000000000 ) ) ;
#2096 = SURFACE_STYLE_FILL_AREA ( #9154 ) ;
#2097 = DIRECTION ( 'NONE',  ( 0.000000000000000000, 0.000000000000000000, 1.000000000000000000 ) ) ;
#2098 = PRESENTATION_LAYER_ASSIGNMENT (  '', '', ( #9170 ) ) ;
#2099 = LINE ( 'NONE', #3084, #77 ) ;
#2100 = CARTESIAN_POINT ( 'NONE',  ( -16.84930666606614125, -15.50000000000102318, 47.49878368663156891 ) ) ;
#2101 = AXIS2_PLACEMENT_3D ( 'NONE', #8126, #4256, #4101 ) ;
#2102 = DIRECTION ( 'NONE',  ( 1.000000000000000000, 0.000000000000000000, -0.000000000000000000 ) ) ;
#2103 = VERTEX_POINT ( 'NONE', #9141 ) ;
#2104 = ORIENTED_EDGE ( 'NONE', *, *, #5945, .F. ) ;
#2105 = FACE_OUTER_BOUND ( 'NONE', #7788, .T. ) ;
#2106 = ORIENTED_EDGE ( 'NONE', *, *, #7442, .T. ) ;
#2107 = PRESENTATION_LAYER_ASSIGNMENT (  '', '', ( #4416 ) ) ;
#2108 = PLANE ( 'NONE',  #4102 ) ;
#2109 = DIRECTION ( 'NONE',  ( 0.7071067811865500152, -0.7071067811865451302, -0.000000000000000000 ) ) ;
#2110 = CARTESIAN_POINT ( 'NONE',  ( 21.14999999999999858, 16.94289321881344534, 0.5000000000000004441 ) ) ;
#2111 = CARTESIAN_POINT ( 'NONE',  ( 16.72874093610865032, -15.92449465477577242, 47.50000000000000000 ) ) ;
#2112 = VECTOR ( 'NONE', #6207, 1000.000000000000000 ) ;
#2113 = CARTESIAN_POINT ( 'NONE',  ( 21.16000000000000014, 13.31369220013742272, -53.84951795962939514 ) ) ;
#2114 = AXIS2_PLACEMENT_3D ( 'NONE', #3640, #8280, #2980 ) ;
#2115 =( NAMED_UNIT ( * ) PLANE_ANGLE_UNIT ( ) SI_UNIT ( $, .RADIAN. ) );
#2116 = STYLED_ITEM ( 'NONE', ( #3302 ), #316 ) ;
#2117 = EDGE_LOOP ( 'NONE', ( #5473, #6476 ) ) ;
#2118 = ORIENTED_EDGE ( 'NONE', *, *, #6860, .F. ) ;
#2119 = VERTEX_POINT ( 'NONE', #9193 ) ;
#2120 = CARTESIAN_POINT ( 'NONE',  ( 0.000000000000000000, 21.15999999999999659, -53.84951795962939514 ) ) ;
#2121 = STYLED_ITEM ( 'NONE', ( #1853 ), #4212 ) ;
#2122 = DIRECTION ( 'NONE',  ( 1.000000000000000000, 0.000000000000000000, 0.000000000000000000 ) ) ;
#2123 = DIRECTION ( 'NONE',  ( 0.000000000000000000, 0.000000000000000000, 1.000000000000000000 ) ) ;
#2124 =( LENGTH_UNIT ( ) NAMED_UNIT ( * ) SI_UNIT ( .MILLI., .METRE. ) );
#2125 = CARTESIAN_POINT ( 'NONE',  ( -15.07550534522247254, -16.78307522795895679, 47.49867441544054714 ) ) ;
#2126 = CIRCLE ( 'NONE', #3288, 0.5000000000000004441 ) ;
#2127 = AXIS2_PLACEMENT_3D ( 'NONE', #834, #51, #7837 ) ;
#2128 = ADVANCED_FACE ( 'NONE', ( #6835 ), #8223, .F. ) ;
#2129 = CARTESIAN_POINT ( 'NONE',  ( -16.94289321881343469, -20.65000000000000568, 38.00000000000000000 ) ) ;
#2130 = ORIENTED_EDGE ( 'NONE', *, *, #9446, .F. ) ;
#2131 = ORIENTED_EDGE ( 'NONE', *, *, #7643, .F. ) ;
#2132 = DIRECTION ( 'NONE',  ( 7.503031772074183177E-15, 1.000000000000000000, 0.000000000000000000 ) ) ;
#2133 = EDGE_CURVE ( 'NONE', #3133, #5904, #1165, .T. ) ;
#2134 = STYLED_ITEM ( 'NONE', ( #7007 ), #572 ) ;
#2135 = AXIS2_PLACEMENT_3D ( 'NONE', #739, #7239, #6325 ) ;
#2136 = AXIS2_PLACEMENT_3D ( 'NONE', #7235, #6520, #1871 ) ;
#2137 = LINE ( 'NONE', #6683, #1261 ) ;
#2138 = EDGE_CURVE ( 'NONE', #6528, #8240, #2137, .T. ) ;
#2139 = PRESENTATION_STYLE_ASSIGNMENT (( #535 ) ) ;
#2140 = EDGE_CURVE ( 'NONE', #4305, #5372, #532, .T. ) ;
#2141 = VERTEX_POINT ( 'NONE', #7597 ) ;
#2143 = ORIENTED_EDGE ( 'NONE', *, *, #8074, .F. ) ;
#2142 = VECTOR ( 'NONE', #9153, 1000.000000000000000 ) ;
#2144 = PRESENTATION_LAYER_ASSIGNMENT (  '', '', ( #1 ) ) ;
#2145 = DIRECTION ( 'NONE',  ( -3.885970363620945164E-15, -1.000000000000000000, 0.000000000000000000 ) ) ;
#2146 = ORIENTED_EDGE ( 'NONE', *, *, #4197, .T. ) ;
#2147 = DIRECTION ( 'NONE',  ( -0.7071067811865465735, -0.7071067811865483499, 0.000000000000000000 ) ) ;
#2148 = CARTESIAN_POINT ( 'NONE',  ( -3.496119095141088540, -19.15000000000000568, 40.26401485834066563 ) ) ;
#2149 = DIRECTION ( 'NONE',  ( 6.938893903907228378E-15, 0.000000000000000000, 1.000000000000000000 ) ) ;
#2150 = B_SPLINE_CURVE_WITH_KNOTS ( 'NONE', 3,
 ( #9660, #1933, #8218, #4401 ),
 .UNSPECIFIED., .F., .F.,
 ( 4, 4 ),
 ( 0.000000000000000000, 0.0002154103325726769165 ),
 .UNSPECIFIED. ) ;
#2151 = CIRCLE ( 'NONE', #3479, 1.000000000000000888 ) ;
#2152 = LINE ( 'NONE', #7561, #8010 ) ;
#2153 = ADVANCED_FACE ( 'NONE', ( #5138 ), #6043, .F. ) ;
#2154 = ADVANCED_FACE ( 'NONE', ( #6785 ), #3582, .F. ) ;
#2155 = CYLINDRICAL_SURFACE ( 'NONE', #9610, 2.299999999999999822 ) ;
#2156 = ORIENTED_EDGE ( 'NONE', *, *, #8739, .T. ) ;
#2157 = VERTEX_POINT ( 'NONE', #481 ) ;
#2158 =( LENGTH_UNIT ( ) NAMED_UNIT ( * ) SI_UNIT ( .MILLI., .METRE. ) );
#2159 = ORIENTED_EDGE ( 'NONE', *, *, #5957, .T. ) ;
#2160 = UNCERTAINTY_MEASURE_WITH_UNIT (LENGTH_MEASURE( 1.000000000000000082E-05 ), #6664, 'distance_accuracy_value', 'NONE');
#2161 = STYLED_ITEM ( 'NONE', ( #9960 ), #6819 ) ;
#2162 = CARTESIAN_POINT ( 'NONE',  ( 15.94640676939200041, -14.15069333393208950, 47.49262389544721685 ) ) ;
#2163 = EDGE_CURVE ( 'NONE', #7033, #872, #6013, .T. ) ;
#2164 = DIRECTION ( 'NONE',  ( -2.081668171172166620E-14, 1.000000000000000000, 0.000000000000000000 ) ) ;
#2165 = DIRECTION ( 'NONE',  ( -1.000000000000000000, 0.000000000000000000, 0.000000000000000000 ) ) ;
#2166 = FACE_OUTER_BOUND ( 'NONE', #2699, .T. ) ;
#2167 = LINE ( 'NONE', #5321, #8331 ) ;
#2168 = AXIS2_PLACEMENT_3D ( 'NONE', #2051, #1294, #3756 ) ;
#2169 = DIRECTION ( 'NONE',  ( -0.000000000000000000, -0.000000000000000000, -1.000000000000000000 ) ) ;
#2170 = CARTESIAN_POINT ( 'NONE',  ( 15.92449465477569248, 15.05359323060817545, 46.50000000000000000 ) ) ;
#2171 = SPHERICAL_SURFACE ( 'NONE', #1068, 0.5000000000000000000 ) ;
#2172 = ORIENTED_EDGE ( 'NONE', *, *, #8443, .T. ) ;
#2173 = VERTEX_POINT ( 'NONE', #6065 ) ;
#2174 = UNCERTAINTY_MEASURE_WITH_UNIT (LENGTH_MEASURE( 1.000000000000000082E-05 ), #7460, 'distance_accuracy_value', 'NONE');
#2175 = ORIENTED_EDGE ( 'NONE', *, *, #3676, .T. ) ;
#2176 = CARTESIAN_POINT ( 'NONE',  ( 15.49999999999983658, 15.50000000000015987, 47.50000000000000000 ) ) ;
#2177 = CARTESIAN_POINT ( 'NONE',  ( -2.500000000000000000, 3.061616997868383141E-16, 45.00000000000000000 ) ) ;
#2178 = CARTESIAN_POINT ( 'NONE',  ( -11.99999999999834088, -15.50000000000102141, 48.00000000000000000 ) ) ;
#2179 = CARTESIAN_POINT ( 'NONE',  ( 21.00355339059327520, -17.29644660940670065, 47.50000000000000000 ) ) ;
#2180 = FILL_AREA_STYLE_COLOUR ( '', #7342 ) ;
#2181 = SURFACE_SIDE_STYLE ('',( #9181 ) ) ;
#2182 = CARTESIAN_POINT ( 'NONE',  ( 20.64999999999999858, 16.94289321881344534, 8.000000000000000000 ) ) ;
#2183 = ORIENTED_EDGE ( 'NONE', *, *, #3223, .F. ) ;
#2184 = EDGE_LOOP ( 'NONE', ( #3752, #1101, #2206, #5369 ) ) ;
#2185 = AXIS2_PLACEMENT_3D ( 'NONE', #1887, #3435, #3493 ) ;
#2186 = CARTESIAN_POINT ( 'NONE',  ( 21.14999999999999858, 17.14999999999999503, 0.5000000000000004441 ) ) ;
#2187 = DIRECTION ( 'NONE',  ( 0.000000000000000000, 0.000000000000000000, 1.000000000000000000 ) ) ;
#2188 = CARTESIAN_POINT ( 'NONE',  ( 3.503880904858911016, -21.25000000000000711, 40.26401485834065852 ) ) ;
#2189 = EDGE_CURVE ( 'NONE', #1063, #5247, #3125, .T. ) ;
#2190 =( NAMED_UNIT ( * ) PLANE_ANGLE_UNIT ( ) SI_UNIT ( $, .RADIAN. ) );
#2191 = CIRCLE ( 'NONE', #6804, 3.499999999999781064 ) ;
#2192 = DIRECTION ( 'NONE',  ( 0.000000000000000000, 0.000000000000000000, -1.000000000000000000 ) ) ;
#2193 = ORIENTED_EDGE ( 'NONE', *, *, #2189, .F. ) ;
#2194 = ORIENTED_EDGE ( 'NONE', *, *, #2454, .F. ) ;
#2195 = VERTEX_POINT ( 'NONE', #6322 ) ;
#2196 = AXIS2_PLACEMENT_3D ( 'NONE', #9393, #8603, #7 ) ;
#2197 = CARTESIAN_POINT ( 'NONE',  ( 15.94640676939199508, -15.07550534522242458, 46.50000000000000000 ) ) ;
#2198 = DIRECTION ( 'NONE',  ( 1.036685115958539503E-14, -1.000000000000000000, 0.000000000000000000 ) ) ;
#2199 = EDGE_CURVE ( 'NONE', #7348, #1637, #6272, .T. ) ;
#2200 = CARTESIAN_POINT ( 'NONE',  ( 15.92449465477571025, 16.78307522795905626, 47.49867441544050450 ) ) ;
#2201 = DIRECTION ( 'NONE',  ( -0.000000000000000000, -0.000000000000000000, 1.000000000000000000 ) ) ;
#2202 = LINE ( 'NONE', #8483, #472 ) ;
#2203 = EDGE_CURVE ( 'NONE', #6668, #5374, #3017, .T. ) ;
#2204 = AXIS2_PLACEMENT_3D ( 'NONE', #1599, #6500, #1854 ) ;
#2205 = DIRECTION ( 'NONE',  ( -1.000000000000000000, -0.000000000000000000, -6.938893903907221278E-15 ) ) ;
#2206 = ORIENTED_EDGE ( 'NONE', *, *, #4348, .T. ) ;
#2207 = EDGE_LOOP ( 'NONE', ( #7143, #61, #5574, #6017 ) ) ;
#2208 =( NAMED_UNIT ( * ) PLANE_ANGLE_UNIT ( ) SI_UNIT ( $, .RADIAN. ) );
#2209 = EDGE_LOOP ( 'NONE', ( #5558, #7810, #2156, #4521 ) ) ;
#2210 = CARTESIAN_POINT ( 'NONE',  ( 15.49999999999983658, 15.50000000000015987, 47.50000000000000000 ) ) ;
#2211 = DIRECTION ( 'NONE',  ( 9.399091248501948904E-14, -1.000000000000000000, 0.000000000000000000 ) ) ;
#2212 = EDGE_CURVE ( 'NONE', #3790, #2255, #3070, .T. ) ;
#2213 = DIRECTION ( 'NONE',  ( -0.000000000000000000, 1.000000000000000000, -0.000000000000000000 ) ) ;
#2214 = CYLINDRICAL_SURFACE ( 'NONE', #5806, 2.999999999999999112 ) ;
#2215 = EDGE_CURVE ( 'NONE', #6744, #9750, #1422, .T. ) ;
#2216 = CARTESIAN_POINT ( 'NONE',  ( -3.500000000000000000, 0.000000000000000000, -1.734723475976807094E-15 ) ) ;
#2217 = DIRECTION ( 'NONE',  ( -0.000000000000000000, -0.000000000000000000, -1.000000000000000000 ) ) ;
#2218 = EDGE_CURVE ( 'NONE', #8240, #6579, #2973, .T. ) ;
#2219 = FILL_AREA_STYLE_COLOUR ( '', #9433 ) ;
#2220 = EDGE_LOOP ( 'NONE', ( #6438, #795 ) ) ;
#2221 = PRESENTATION_LAYER_ASSIGNMENT (  '', '', ( #4519 ) ) ;
#2222 = ORIENTED_EDGE ( 'NONE', *, *, #5040, .F. ) ;
#2223 = VERTEX_POINT ( 'NONE', #5494 ) ;
#2224 = SURFACE_STYLE_USAGE ( .BOTH. , #6823 ) ;
#2225 = DIRECTION ( 'NONE',  ( 0.000000000000000000, 0.000000000000000000, 1.000000000000000000 ) ) ;
#2226 = SURFACE_SIDE_STYLE ('',( #10057 ) ) ;
#2227 = CARTESIAN_POINT ( 'NONE',  ( -15.07550534522246899, -15.05359323060807775, 46.50000000000000000 ) ) ;
#2228 = CARTESIAN_POINT ( 'NONE',  ( 0.000000000000000000, 0.000000000000000000, 0.5000000000000000000 ) ) ;
#2229 = MECHANICAL_DESIGN_GEOMETRIC_PRESENTATION_REPRESENTATION (  '', ( #9486 ), #3572 ) ;
#2230 = AXIS2_PLACEMENT_3D ( 'NONE', #4706, #4065, #3969 ) ;
#2231 = DIRECTION ( 'NONE',  ( -0.000000000000000000, -0.000000000000000000, -1.000000000000000000 ) ) ;
#2232 = CYLINDRICAL_SURFACE ( 'NONE', #2383, 11.00000000000000000 ) ;
#2233 = ORIENTED_EDGE ( 'NONE', *, *, #8074, .T. ) ;
#2234 = ORIENTED_EDGE ( 'NONE', *, *, #9578, .T. ) ;
#2235 = VECTOR ( 'NONE', #4602, 1000.000000000000000 ) ;
#2236 = CIRCLE ( 'NONE', #3383, 2.799999999999999822 ) ;
#2237 = DIRECTION ( 'NONE',  ( 1.000000000000000000, 0.000000000000000000, 0.000000000000000000 ) ) ;
#2238 = DIRECTION ( 'NONE',  ( 1.000000000000000000, 0.000000000000000000, 0.000000000000000000 ) ) ;
#2239 = CARTESIAN_POINT ( 'NONE',  ( -16.84930666606614480, -15.94640676939191870, 46.50000000000000000 ) ) ;
#2240 = VECTOR ( 'NONE', #2627, 1000.000000000000000 ) ;
#2241 = MECHANICAL_DESIGN_GEOMETRIC_PRESENTATION_REPRESENTATION (  '', ( #7832 ), #9638 ) ;
#2242 = ORIENTED_EDGE ( 'NONE', *, *, #7636, .T. ) ;
#2243 = VECTOR ( 'NONE', #7355, 1000.000000000000000 ) ;
#2244 = ORIENTED_EDGE ( 'NONE', *, *, #8064, .T. ) ;
#2245 = SURFACE_SIDE_STYLE ('',( #8476 ) ) ;
#2246 = VERTEX_POINT ( 'NONE', #7093 ) ;
#2247 = DIRECTION ( 'NONE',  ( 0.7071067811865487940, 0.7071067811865463515, -0.000000000000000000 ) ) ;
#2248 =( NAMED_UNIT ( * ) SI_UNIT ( $, .STERADIAN. ) SOLID_ANGLE_UNIT ( ) );
#2249 = FILL_AREA_STYLE_COLOUR ( '', #609 ) ;
#2250 = CARTESIAN_POINT ( 'NONE',  ( -15.05359323060823584, 16.76380671470457528, 47.50000000000000000 ) ) ;
#2251 = VECTOR ( 'NONE', #64, 1000.000000000000000 ) ;
#2252 = CARTESIAN_POINT ( 'NONE',  ( 0.000000000000000000, 0.000000000000000000, -53.84951795962939514 ) ) ;
#2253 = DIRECTION ( 'NONE',  ( 0.000000000000000000, 0.000000000000000000, 1.000000000000000000 ) ) ;
#2254 = ORIENTED_EDGE ( 'NONE', *, *, #122, .F. ) ;
#2255 = VERTEX_POINT ( 'NONE', #6936 ) ;
#2256 = EDGE_CURVE ( 'NONE', #5871, #6666, #6117, .T. ) ;
#2257 = ORIENTED_EDGE ( 'NONE', *, *, #2350, .T. ) ;
#2258 = CARTESIAN_POINT ( 'NONE',  ( -21.14999999999999503, -21.15000000000000568, 38.00000000000000000 ) ) ;
#2259 = FACE_OUTER_BOUND ( 'NONE', #1640, .T. ) ;
#2260 = SURFACE_STYLE_USAGE ( .BOTH. , #7876 ) ;
#2261 = EDGE_CURVE ( 'NONE', #9607, #1797, #2345, .T. ) ;
#2262 = LINE ( 'NONE', #2216, #7029 ) ;
#2263 =( GEOMETRIC_REPRESENTATION_CONTEXT ( 3 ) GLOBAL_UNCERTAINTY_ASSIGNED_CONTEXT ( ( #6490 ) ) GLOBAL_UNIT_ASSIGNED_CONTEXT ( ( #407, #4954, #9631 ) ) REPRESENTATION_CONTEXT ( 'NONE', 'WORKASPACE' ) );
#2264 = CARTESIAN_POINT ( 'NONE',  ( -14.21692477204121730, 15.29091159908180941, 47.50000000000000000 ) ) ;
#2265 = FACE_OUTER_BOUND ( 'NONE', #1345, .T. ) ;
#2266 = AXIS2_PLACEMENT_3D ( 'NONE', #6502, #7069, #2326 ) ;
#2267 = ORIENTED_EDGE ( 'NONE', *, *, #7332, .F. ) ;
#2268 = EDGE_CURVE ( 'NONE', #4679, #7295, #5891, .T. ) ;
#2269 = FILL_AREA_STYLE_COLOUR ( '', #6015 ) ;
#2270 = EDGE_CURVE ( 'NONE', #327, #6385, #5230, .T. ) ;
#2271 = ORIENTED_EDGE ( 'NONE', *, *, #1826, .F. ) ;
#2272 = CARTESIAN_POINT ( 'NONE',  ( -16.78307522795911311, 15.92449465477565163, 47.50000000000000000 ) ) ;
#2273 = ORIENTED_EDGE ( 'NONE', *, *, #8799, .T. ) ;
#2274 = LINE ( 'NONE', #7835, #88 ) ;
#2275 = CARTESIAN_POINT ( 'NONE',  ( 15.50000000000101963, -15.49999999999983658, 47.50000000000000000 ) ) ;
#2276 = SURFACE_SIDE_STYLE ('',( #4850 ) ) ;
#2277 = EDGE_CURVE ( 'NONE', #4729, #5372, #3177, .T. ) ;
#2278 = CIRCLE ( 'NONE', #9185, 3.499999999999996003 ) ;
#2279 = CARTESIAN_POINT ( 'NONE',  ( 21.15000000000000213, -20.65000000000000213, 0.5000000000000004441 ) ) ;
#2280 = CARTESIAN_POINT ( 'NONE',  ( -20.64999999999999503, 16.94289321881344890, 0.5000000000000004441 ) ) ;
#2281 = VECTOR ( 'NONE', #4786, 1000.000000000000000 ) ;
#2282 = CYLINDRICAL_SURFACE ( 'NONE', #6568, 0.5787973969144516451 ) ;
#2283 = DIRECTION ( 'NONE',  ( 1.000000000000000000, 0.000000000000000000, 0.000000000000000000 ) ) ;
#2284 = PRESENTATION_LAYER_ASSIGNMENT (  '', '', ( #7879 ) ) ;
#2285 = CARTESIAN_POINT ( 'NONE',  ( 16.94289321881344179, -20.65000000000000213, 47.50000000000000000 ) ) ;
#2286 = DIRECTION ( 'NONE',  ( 0.000000000000000000, 0.000000000000000000, 1.000000000000000000 ) ) ;
#2287 = ORIENTED_EDGE ( 'NONE', *, *, #7199, .F. ) ;
#2288 = ADVANCED_FACE ( 'NONE', ( #7850 ), #635, .T. ) ;
#2289 = SURFACE_SIDE_STYLE ('',( #733 ) ) ;
#2290 = COLOUR_RGB ( '',0.2509803921568627416, 0.2509803921568627416, 0.2509803921568627416 ) ;
#2291 = ORIENTED_EDGE ( 'NONE', *, *, #7362, .F. ) ;
#2292 = CARTESIAN_POINT ( 'NONE',  ( -21.14999999999999503, 13.32957238623956364, 99.84951795962939514 ) ) ;
#2293 = ADVANCED_FACE ( 'NONE', ( #10166 ), #7367, .T. ) ;
#2294 = CARTESIAN_POINT ( 'NONE',  ( 0.000000000000000000, 0.000000000000000000, 7.999999999999992895 ) ) ;
#2295 = CARTESIAN_POINT ( 'NONE',  ( -1.379851512413567960, -19.15000000000000568, 41.54834905086877939 ) ) ;
#2296 = PLANE ( 'NONE',  #5646 ) ;
#2297 = PRODUCT_DEFINITION_FORMATION_WITH_SPECIFIED_SOURCE ( 'ไป', '', #4301, .NOT_KNOWN. ) ;
#2298 = CIRCLE ( 'NONE', #9028, 1.300000000000000711 ) ;
#2299 = SURFACE_STYLE_FILL_AREA ( #2086 ) ;
#2300 = ORIENTED_EDGE ( 'NONE', *, *, #2846, .F. ) ;
#2301 = ORIENTED_EDGE ( 'NONE', *, *, #6940, .F. ) ;
#2302 = DIRECTION ( 'NONE',  ( 1.000000000000000000, 0.000000000000000000, 0.000000000000000000 ) ) ;
#2303 = ORIENTED_EDGE ( 'NONE', *, *, #1279, .F. ) ;
#2304 = B_SPLINE_CURVE_WITH_KNOTS ( 'NONE', 3,
 ( #6042, #9991, #3711, #7733 ),
 .UNSPECIFIED., .F., .F.,
 ( 4, 4 ),
 ( 0.000000000000000000, 0.0002154103325721269820 ),
 .UNSPECIFIED. ) ;
#2305 = COLOUR_RGB ( '',0.2509803921568627416, 0.2509803921568627416, 0.2509803921568627416 ) ;
#2306 = LINE ( 'NONE', #25, #5465 ) ;
#2307 = FILL_AREA_STYLE ('',( #10082 ) ) ;
#2308 = FILL_AREA_STYLE_COLOUR ( '', #38 ) ;
#2309 = CARTESIAN_POINT ( 'NONE',  ( 15.49999999999983658, 15.50000000000015987, 0.000000000000000000 ) ) ;
#2310 = CARTESIAN_POINT ( 'NONE',  ( -15.94640676939209456, 16.84930666606597782, 46.50000000000000000 ) ) ;
#2311 = AXIS2_PLACEMENT_3D ( 'NONE', #1292, #605, #2165 ) ;
#2312 = STYLED_ITEM ( 'NONE', ( #3069 ), #1136 ) ;
#2313 = PRESENTATION_STYLE_ASSIGNMENT (( #9416 ) ) ;
#2314 = VERTEX_POINT ( 'NONE', #3924 ) ;
#2315 = ORIENTED_EDGE ( 'NONE', *, *, #3965, .T. ) ;
#2316 = DIRECTION ( 'NONE',  ( -0.000000000000000000, -0.000000000000000000, -1.000000000000000000 ) ) ;
#2317 = ORIENTED_EDGE ( 'NONE', *, *, #1338, .F. ) ;
#2318 = DIRECTION ( 'NONE',  ( 1.000000000000000000, 0.000000000000000000, 0.000000000000000000 ) ) ;
#2319 =( LENGTH_UNIT ( ) NAMED_UNIT ( * ) SI_UNIT ( .MILLI., .METRE. ) );
#2320 = MECHANICAL_DESIGN_GEOMETRIC_PRESENTATION_REPRESENTATION (  '', ( #9212 ), #664 ) ;
#2321 = CARTESIAN_POINT ( 'NONE',  ( 17.80000000000102034, -15.49999999999983658, 46.50000000000000000 ) ) ;
#2322 = DIRECTION ( 'NONE',  ( -0.7423134210256077115, 0.000000000000000000, -0.6700528225186868081 ) ) ;
#2323 = EDGE_CURVE ( 'NONE', #2027, #5997, #4820, .T. ) ;
#2324 = CARTESIAN_POINT ( 'NONE',  ( -15.49999999999897859, -15.50000000000102141, 47.50000000000000000 ) ) ;
#2325 = DIRECTION ( 'NONE',  ( 0.000000000000000000, 0.000000000000000000, -1.000000000000000000 ) ) ;
#2326 = DIRECTION ( 'NONE',  ( 9.714925909052381054E-15, 1.000000000000000000, 0.000000000000000000 ) ) ;
#2327 = ORIENTED_EDGE ( 'NONE', *, *, #608, .T. ) ;
#2328 = CARTESIAN_POINT ( 'NONE',  ( 15.92449465477569248, 15.05359323060817545, 47.50000000000000000 ) ) ;
#2329 = CARTESIAN_POINT ( 'NONE',  ( 14.27125906389338006, -15.92449465477574577, 47.50000000000000000 ) ) ;
#2330 = DIRECTION ( 'NONE',  ( -0.000000000000000000, -1.000000000000000000, -0.000000000000000000 ) ) ;
#2331 = LINE ( 'NONE', #5525, #6754 ) ;
#2332 = FILL_AREA_STYLE ('',( #1754 ) ) ;
#2333 =( GEOMETRIC_REPRESENTATION_CONTEXT ( 3 ) GLOBAL_UNCERTAINTY_ASSIGNED_CONTEXT ( ( #2896 ) ) GLOBAL_UNIT_ASSIGNED_CONTEXT ( ( #2404, #2451, #8925 ) ) REPRESENTATION_CONTEXT ( 'NONE', 'WORKASPACE' ) );
#2334 =( LENGTH_UNIT ( ) NAMED_UNIT ( * ) SI_UNIT ( .MILLI., .METRE. ) );
#2335 = VECTOR ( 'NONE', #3796, 1000.000000000000000 ) ;
#2336 = CARTESIAN_POINT ( 'NONE',  ( -21.14999999999999503, -21.15000000000000568, 8.000000000000000000 ) ) ;
#2337 = ADVANCED_FACE ( 'NONE', ( #7287 ), #1043, .F. ) ;
#2338 = CARTESIAN_POINT ( 'NONE',  ( 0.000000000000000000, 0.000000000000000000, 0.000000000000000000 ) ) ;
#2339 = EDGE_LOOP ( 'NONE', ( #5649, #5299, #7268, #2061, #9053, #107 ) ) ;
#2340 = CARTESIAN_POINT ( 'NONE',  ( 0.000000000000000000, 20.64999999999999858, 0.5000000000000004441 ) ) ;
#2341 = AXIS2_PLACEMENT_3D ( 'NONE', #5115, #7328, #9792 ) ;
#2342 = VERTEX_POINT ( 'NONE', #3268 ) ;
#2343 = CARTESIAN_POINT ( 'NONE',  ( -21.14999999999999503, -13.32957238623956364, 5.999999999999998224 ) ) ;
#2344 = EDGE_CURVE ( 'NONE', #9714, #7418, #768, .T. ) ;
#2345 = LINE ( 'NONE', #8612, #102 ) ;
#2346 = DIRECTION ( 'NONE',  ( 0.7071067811865475727, 0.7071067811865475727, 0.000000000000000000 ) ) ;
#2347 = EDGE_CURVE ( 'NONE', #5247, #6267, #4178, .T. ) ;
#2348 = CIRCLE ( 'NONE', #1366, 25.00000000000000000 ) ;
#2349 = CARTESIAN_POINT ( 'NONE',  ( -18.50000000000109068, 15.49999999999897504, 47.50000000000000000 ) ) ;
#2350 = EDGE_CURVE ( 'NONE', #5237, #9883, #266, .T. ) ;
#2351 = VECTOR ( 'NONE', #5607, 1000.000000000000000 ) ;
#2352 = VERTEX_POINT ( 'NONE', #3423 ) ;
#2353 = UNCERTAINTY_MEASURE_WITH_UNIT (LENGTH_MEASURE( 1.000000000000000082E-05 ), #10106, 'distance_accuracy_value', 'NONE');
#2354 = ORIENTED_EDGE ( 'NONE', *, *, #4024, .T. ) ;
#2355 = PLANE ( 'NONE',  #10013 ) ;
#2356 = VERTEX_POINT ( 'NONE', #6365 ) ;
#2357 = CARTESIAN_POINT ( 'NONE',  ( 21.16000000000000014, -13.31369220013742272, 5.999999999999998224 ) ) ;
#2358 = CARTESIAN_POINT ( 'NONE',  ( 21.14999999999999858, 17.14999999999999503, 47.50000000000000000 ) ) ;
#2359 = SURFACE_STYLE_FILL_AREA ( #5455 ) ;
#2360 = CARTESIAN_POINT ( 'NONE',  ( 15.92449465477571025, 16.78307522795905626, 46.50000000000000000 ) ) ;
#2361 = CARTESIAN_POINT ( 'NONE',  ( 21.48980450031715606, -21.25000000000000711, 23.80733243662596621 ) ) ;
#2362 = DIRECTION ( 'NONE',  ( -0.7071067811865484609, 0.7071067811865466846, 0.000000000000000000 ) ) ;
#2363 = ORIENTED_EDGE ( 'NONE', *, *, #5103, .F. ) ;
#2364 = ORIENTED_EDGE ( 'NONE', *, *, #2218, .F. ) ;
#2365 = FILL_AREA_STYLE_COLOUR ( '', #5244 ) ;
#2366 = ORIENTED_EDGE ( 'NONE', *, *, #2270, .F. ) ;
#2367 = CARTESIAN_POINT ( 'NONE',  ( 12.50000000000123990, -15.49999999999983658, 46.00000000000000000 ) ) ;
#2368 = CARTESIAN_POINT ( 'NONE',  ( 15.50000000000010481, -15.49999999999989164, -2.266821225221747863E-17 ) ) ;
#2369 = CARTESIAN_POINT ( 'NONE',  ( 15.49999999999983658, 15.50000000000015987, 47.50000000000000000 ) ) ;
#2370 =( NAMED_UNIT ( * ) SI_UNIT ( $, .STERADIAN. ) SOLID_ANGLE_UNIT ( ) );
#2371 = VECTOR ( 'NONE', #187, 1000.000000000000000 ) ;
#2372 = SURFACE_STYLE_FILL_AREA ( #3249 ) ;
#2373 = CARTESIAN_POINT ( 'NONE',  ( 16.72095085742249054, 15.94640676939203239, 47.50000000000000000 ) ) ;
#2374 = ORIENTED_EDGE ( 'NONE', *, *, #2080, .F. ) ;
#2375 = LINE ( 'NONE', #4800, #2769 ) ;
#2376 = EDGE_LOOP ( 'NONE', ( #9784, #1341, #5452, #8157, #7871, #7775 ) ) ;
#2377 = CARTESIAN_POINT ( 'NONE',  ( 21.15000000000000213, -16.94289321881343113, 38.00000000000000000 ) ) ;
#2378 = DIRECTION ( 'NONE',  ( -0.8571673007021120005, 0.000000000000000000, -0.5150380749100547106 ) ) ;
#2379 = PRESENTATION_LAYER_ASSIGNMENT (  '', '', ( #1054 ) ) ;
#2380 = DIRECTION ( 'NONE',  ( -0.000000000000000000, -0.000000000000000000, 1.000000000000000000 ) ) ;
#2381 = CYLINDRICAL_SURFACE ( 'NONE', #621, 2.500000000000000000 ) ;
#2382 = PLANE ( 'NONE',  #1908 ) ;
#2383 = AXIS2_PLACEMENT_3D ( 'NONE', #4501, #3729, #5437 ) ;
#2384 = CARTESIAN_POINT ( 'NONE',  ( -17.29644660940670420, 21.00355339059327164, 38.00000000000000000 ) ) ;
#2385 = ORIENTED_EDGE ( 'NONE', *, *, #6269, .T. ) ;
#2386 = CARTESIAN_POINT ( 'NONE',  ( -16.84930666606614480, -15.94640676939191870, 46.50000000000000000 ) ) ;
#2387 = EDGE_LOOP ( 'NONE', ( #5075, #1227, #7464, #8934, #2750, #8204 ) ) ;
#2388 = EDGE_CURVE ( 'NONE', #1442, #1248, #207, .T. ) ;
#2389 = CARTESIAN_POINT ( 'NONE',  ( -14.21692477204121730, 15.70908840091614067, 47.50000000000000000 ) ) ;
#2390 = EDGE_CURVE ( 'NONE', #8415, #4656, #8102, .T. ) ;
#2391 = FILL_AREA_STYLE ('',( #5445 ) ) ;
#2392 = CARTESIAN_POINT ( 'NONE',  ( -19.00000000000109068, 15.49999999999897504, 48.00000000000000000 ) ) ;
#2393 = COLOUR_RGB ( '',0.2509803921568627416, 0.2509803921568627416, 0.2509803921568627416 ) ;
#2394 = PLANE ( 'NONE',  #3436 ) ;
#2395 = EDGE_CURVE ( 'NONE', #5712, #9172, #5804, .T. ) ;
#2396 = ORIENTED_EDGE ( 'NONE', *, *, #7606, .F. ) ;
#2397 = ADVANCED_FACE ( 'NONE', ( #8715 ), #1675, .T. ) ;
#2398 = ORIENTED_EDGE ( 'NONE', *, *, #827, .F. ) ;
#2399 = TOROIDAL_SURFACE ( 'NONE', #9801, 1.299999999999999600, 1.000000000000000000 ) ;
#2400 = TOROIDAL_SURFACE ( 'NONE', #4537, 10.49999999999999822, 0.5000000000000000000 ) ;
#2401 = EDGE_CURVE ( 'NONE', #8170, #2255, #4392, .T. ) ;
#2402 = AXIS2_PLACEMENT_3D ( 'NONE', #619, #2330, #50 ) ;
#2403 = LINE ( 'NONE', #6227, #2335 ) ;
#2404 =( LENGTH_UNIT ( ) NAMED_UNIT ( * ) SI_UNIT ( .MILLI., .METRE. ) );
#2405 = EDGE_CURVE ( 'NONE', #1715, #188, #5692, .T. ) ;
#2406 = SURFACE_SIDE_STYLE ('',( #9412 ) ) ;
#2407 = DIRECTION ( 'NONE',  ( -0.000000000000000000, -0.000000000000000000, 1.000000000000000000 ) ) ;
#2409 = FACE_OUTER_BOUND ( 'NONE', #5849, .T. ) ;
#2408 = CIRCLE ( 'NONE', #4200, 1.000000000000000888 ) ;
#2410 = CARTESIAN_POINT ( 'NONE',  ( -18.50000000000109068, 15.49999999999897504, 46.00000000000000000 ) ) ;
#2411 = ORIENTED_EDGE ( 'NONE', *, *, #189, .T. ) ;
#2412 = ORIENTED_EDGE ( 'NONE', *, *, #1343, .T. ) ;
#2413 = ORIENTED_EDGE ( 'NONE', *, *, #4726, .T. ) ;
#2414 = CARTESIAN_POINT ( 'NONE',  ( -15.49999999999897859, -15.50000000000102141, 47.50000000000000000 ) ) ;
#2415 = AXIS2_PLACEMENT_3D ( 'NONE', #9876, #3448, #5933 ) ;
#2416 =( NAMED_UNIT ( * ) PLANE_ANGLE_UNIT ( ) SI_UNIT ( $, .RADIAN. ) );
#2417 = CARTESIAN_POINT ( 'NONE',  ( -15.92449465477579729, -15.05359323060806709, 46.50000000000000000 ) ) ;
#2418 = VECTOR ( 'NONE', #2501, 1000.000000000000000 ) ;
#2419 = DIRECTION ( 'NONE',  ( -1.000000000000000000, 0.000000000000000000, 0.000000000000000000 ) ) ;
#2420 =( NAMED_UNIT ( * ) PLANE_ANGLE_UNIT ( ) SI_UNIT ( $, .RADIAN. ) );
#2421 = DIRECTION ( 'NONE',  ( 0.000000000000000000, -0.000000000000000000, -1.000000000000000000 ) ) ;
#2422 = ORIENTED_EDGE ( 'NONE', *, *, #10019, .T. ) ;
#2423 = ORIENTED_EDGE ( 'NONE', *, *, #4407, .F. ) ;
#2424 = LINE ( 'NONE', #7741, #8793 ) ;
#2425 = CARTESIAN_POINT ( 'NONE',  ( 0.000000000000000000, 0.000000000000000000, 0.5000000000000000000 ) ) ;
#2426 = CARTESIAN_POINT ( 'NONE',  ( -2.596119095141090405, -21.25000000000000711, 41.09104188536768731 ) ) ;
#2427 = FILL_AREA_STYLE ('',( #835 ) ) ;
#2428 = SURFACE_STYLE_FILL_AREA ( #9435 ) ;
#2429 = CARTESIAN_POINT ( 'NONE',  ( -14.21692477204121730, 15.92449465477564097, 46.50000000000000000 ) ) ;
#2430 = VECTOR ( 'NONE', #1550, 1000.000000000000000 ) ;
#2431 = PLANE ( 'NONE',  #4835 ) ;
#2432 = ORIENTED_EDGE ( 'NONE', *, *, #3233, .T. ) ;
#2433 = CARTESIAN_POINT ( 'NONE',  ( 15.07550534522235708, 16.72874093610725765, 47.50000000000000000 ) ) ;
#2434 = ORIENTED_EDGE ( 'NONE', *, *, #1523, .F. ) ;
#2435 =( GEOMETRIC_REPRESENTATION_CONTEXT ( 3 ) GLOBAL_UNCERTAINTY_ASSIGNED_CONTEXT ( ( #8025 ) ) GLOBAL_UNIT_ASSIGNED_CONTEXT ( ( #5179, #8964, #4448 ) ) REPRESENTATION_CONTEXT ( 'NONE', 'WORKASPACE' ) );
#2436 = SURFACE_STYLE_FILL_AREA ( #158 ) ;
#2437 = AXIS2_PLACEMENT_3D ( 'NONE', #4938, #8887, #7259 ) ;
#2438 = CARTESIAN_POINT ( 'NONE',  ( -16.94289321881343113, 21.14999999999999858, 8.000000000000000000 ) ) ;
#2439 = CARTESIAN_POINT ( 'NONE',  ( -3.599999999999998312, -19.15000000000000568, 40.00000000000000000 ) ) ;
#2440 = B_SPLINE_CURVE_WITH_KNOTS ( 'NONE', 3,
 ( #5470, #3813, #10098, #610 ),
 .UNSPECIFIED., .F., .F.,
 ( 4, 4 ),
 ( 0.000000000000000000, 5.435045947865371942E-05 ),
 .UNSPECIFIED. ) ;
#2441 = DIRECTION ( 'NONE',  ( -1.165791109086283391E-14, -1.000000000000000000, 0.000000000000000000 ) ) ;
#2442 = EDGE_CURVE ( 'NONE', #9760, #6953, #7139, .T. ) ;
#2443 = CIRCLE ( 'NONE', #2782, 3.500000000000000000 ) ;
#2444 = FACE_BOUND ( 'NONE', #7800, .T. ) ;
#2445 = AXIS2_PLACEMENT_3D ( 'NONE', #1728, #7244, #4875 ) ;
#2446 = VERTEX_POINT ( 'NONE', #1767 ) ;
#2447 = UNCERTAINTY_MEASURE_WITH_UNIT (LENGTH_MEASURE( 1.000000000000000082E-05 ), #5910, 'distance_accuracy_value', 'NONE');
#2448 = ORIENTED_EDGE ( 'NONE', *, *, #7509, .F. ) ;
#2449 = EDGE_CURVE ( 'NONE', #4872, #1656, #9554, .T. ) ;
#2450 = STYLED_ITEM ( 'NONE', ( #9933 ), #437 ) ;
#2451 =( NAMED_UNIT ( * ) PLANE_ANGLE_UNIT ( ) SI_UNIT ( $, .RADIAN. ) );
#2452 = PRESENTATION_LAYER_ASSIGNMENT (  '', '', ( #8692 ) ) ;
#2453 = CARTESIAN_POINT ( 'NONE',  ( -21.00355339059326809, 17.29644660940670775, 48.00000000000000000 ) ) ;
#2454 = EDGE_CURVE ( 'NONE', #9311, #8730, #4911, .T. ) ;
#2455 = CARTESIAN_POINT ( 'NONE',  ( 14.27125906389338006, -15.92449465477574577, 47.50000000000000000 ) ) ;
#2456 = DIRECTION ( 'NONE',  ( -0.000000000000000000, -0.000000000000000000, -1.000000000000000000 ) ) ;
#2457 = VERTEX_POINT ( 'NONE', #3364 ) ;
#2458 = COLOUR_RGB ( '',1.000000000000000000, 0.000000000000000000, 0.000000000000000000 ) ;
#2460 = ORIENTED_EDGE ( 'NONE', *, *, #321, .T. ) ;
#2459 = VECTOR ( 'NONE', #2807, 1000.000000000000000 ) ;
#2461 = EDGE_CURVE ( 'NONE', #7132, #2496, #6543, .T. ) ;
#2462 = LINE ( 'NONE', #4681, #2777 ) ;
#2463 = EDGE_LOOP ( 'NONE', ( #2423, #1244, #4016, #9378 ) ) ;
#2464 = UNCERTAINTY_MEASURE_WITH_UNIT (LENGTH_MEASURE( 1.000000000000000082E-05 ), #6074, 'distance_accuracy_value', 'NONE');
#2465 = SURFACE_SIDE_STYLE ('',( #10192 ) ) ;
#2466 = CARTESIAN_POINT ( 'NONE',  ( -16.84930666606614480, -15.94640676939191870, 47.49262389544728791 ) ) ;
#2467 = CIRCLE ( 'NONE', #3781, 3.500000000000927702 ) ;
#2468 = B_SPLINE_CURVE_WITH_KNOTS ( 'NONE', 3,
 ( #9548, #9345, #3825, #2433 ),
 .UNSPECIFIED., .F., .F.,
 ( 4, 4 ),
 ( 0.000000000000000000, 5.435045947792260123E-05 ),
 .UNSPECIFIED. ) ;
#2469 = EDGE_CURVE ( 'NONE', #8278, #2664, #4969, .T. ) ;
#2470 = AXIS2_PLACEMENT_3D ( 'NONE', #4897, #4115, #1801 ) ;
#2471 = CONICAL_SURFACE ( 'NONE', #1651, 2.000000000000029310, 0.7853981633974391752 ) ;
#2472 = SPHERICAL_SURFACE ( 'NONE', #9647, 0.5000000000000000000 ) ;
#2473 = ADVANCED_FACE ( 'NONE', ( #7343 ), #3525, .T. ) ;
#2474 = LINE ( 'NONE', #1598, #142 ) ;
#2475 = ORIENTED_EDGE ( 'NONE', *, *, #10193, .T. ) ;
#2476 = ADVANCED_FACE ( 'NONE', ( #6571 ), #1872, .F. ) ;
#2477 = PRESENTATION_STYLE_ASSIGNMENT (( #6095 ) ) ;
#2478 = ORIENTED_EDGE ( 'NONE', *, *, #5128, .T. ) ;
#2479 = CIRCLE ( 'NONE', #9048, 11.00000000000000000 ) ;
#2480 = LINE ( 'NONE', #7169, #7994 ) ;
#2481 = CYLINDRICAL_SURFACE ( 'NONE', #2899, 1.249999999999997558 ) ;
#2482 = CARTESIAN_POINT ( 'NONE',  ( -15.50000000000016520, 15.49999999999897504, 47.50000000000000000 ) ) ;
#2483 = DIRECTION ( 'NONE',  ( 0.7071067811865465735, 0.7071067811865483499, -0.000000000000000000 ) ) ;
#2484 = CARTESIAN_POINT ( 'NONE',  ( -21.16000000000000014, 1.102827020480174781E-14, -53.84951795962939514 ) ) ;
#2485 = CARTESIAN_POINT ( 'NONE',  ( -15.05359323060823407, 15.92449465477564097, 46.50000000000000000 ) ) ;
#2486 = CARTESIAN_POINT ( 'NONE',  ( -1.379851512413567960, -39.15000000000000568, 42.12714644778323247 ) ) ;
#2487 = ORIENTED_EDGE ( 'NONE', *, *, #7930, .T. ) ;
#2488 = FACE_OUTER_BOUND ( 'NONE', #4522, .T. ) ;
#2489 = VERTEX_POINT ( 'NONE', #8151 ) ;
#2490 = VECTOR ( 'NONE', #4647, 1000.000000000000114 ) ;
#2491 = DIRECTION ( 'NONE',  ( 1.000000000000000000, 0.000000000000000000, -0.000000000000000000 ) ) ;
#2492 = PRESENTATION_LAYER_ASSIGNMENT (  '', '', ( #3646 ) ) ;
#2493 = CARTESIAN_POINT ( 'NONE',  ( 15.50000000000101963, -15.49999999999983658, 46.00000000000000000 ) ) ;
#2494 = DIRECTION ( 'NONE',  ( -0.000000000000000000, 1.000000000000000000, -0.000000000000000000 ) ) ;
#2495 = CARTESIAN_POINT ( 'NONE',  ( 15.50000000000000000, 1.928818708657081344E-15, 0.5000000000000000000 ) ) ;
#2496 = VERTEX_POINT ( 'NONE', #5070 ) ;
#2497 = ORIENTED_EDGE ( 'NONE', *, *, #4013, .F. ) ;
#2498 = LINE ( 'NONE', #4080, #1126 ) ;
#2499 = EDGE_CURVE ( 'NONE', #5626, #5837, #8209, .T. ) ;
#2500 =( LENGTH_UNIT ( ) NAMED_UNIT ( * ) SI_UNIT ( .MILLI., .METRE. ) );
#2501 = DIRECTION ( 'NONE',  ( 1.000000000000000000, -1.125454765811127555E-14, 0.000000000000000000 ) ) ;
#2502 = DIRECTION ( 'NONE',  ( 0.000000000000000000, 0.000000000000000000, 1.000000000000000000 ) ) ;
#2503 = CARTESIAN_POINT ( 'NONE',  ( -17.80000000000016414, 15.49999999999897504, 47.50000000000000000 ) ) ;
#2504 =( GEOMETRIC_REPRESENTATION_CONTEXT ( 3 ) GLOBAL_UNCERTAINTY_ASSIGNED_CONTEXT ( ( #8618 ) ) GLOBAL_UNIT_ASSIGNED_CONTEXT ( ( #4247, #9771, #3635 ) ) REPRESENTATION_CONTEXT ( 'NONE', 'WORKASPACE' ) );
#2505 = CARTESIAN_POINT ( 'NONE',  ( 0.000000000000000000, -21.25000000000000711, 40.11033917074156818 ) ) ;
#2506 = ORIENTED_EDGE ( 'NONE', *, *, #6248, .T. ) ;
#2507 = EDGE_LOOP ( 'NONE', ( #9796, #3671 ) ) ;
#2508 = DIRECTION ( 'NONE',  ( -0.7071067811865441310, 0.7071067811865510144, -8.673617379884023639E-16 ) ) ;
#2509 = ORIENTED_EDGE ( 'NONE', *, *, #6613, .T. ) ;
#2510 = EDGE_CURVE ( 'NONE', #439, #10055, #8196, .T. ) ;
#2511 = FACE_OUTER_BOUND ( 'NONE', #9967, .T. ) ;
#2512 = CARTESIAN_POINT ( 'NONE',  ( 3.503880904858911016, -21.25000000000000711, 44.41033917074156534 ) ) ;
#2513 = CARTESIAN_POINT ( 'NONE',  ( -21.14999999999999503, 16.94289321881343824, 47.50000000000000000 ) ) ;
#2514 = LINE ( 'NONE', #8991, #2240 ) ;
#2515 = EDGE_CURVE ( 'NONE', #6802, #7584, #3575, .T. ) ;
#2516 = DIRECTION ( 'NONE',  ( -1.000000000000000000, -1.224646799147353454E-16, 0.000000000000000000 ) ) ;
#2517 = MECHANICAL_DESIGN_GEOMETRIC_PRESENTATION_REPRESENTATION (  '', ( #8763 ), #2025 ) ;
#2518 = FILL_AREA_STYLE ('',( #9583 ) ) ;
#2519 = ORIENTED_EDGE ( 'NONE', *, *, #10001, .T. ) ;
#2520 = DIRECTION ( 'NONE',  ( -1.000000000000000000, 0.000000000000000000, 0.000000000000000000 ) ) ;
#2521 = ORIENTED_EDGE ( 'NONE', *, *, #3048, .F. ) ;
#2522 = EDGE_CURVE ( 'NONE', #6987, #8328, #1124, .T. ) ;
#2523 = DIRECTION ( 'NONE',  ( -0.000000000000000000, -0.000000000000000000, 1.000000000000000000 ) ) ;
#2524 =( LENGTH_UNIT ( ) NAMED_UNIT ( * ) SI_UNIT ( .MILLI., .METRE. ) );
#2525 = CARTESIAN_POINT ( 'NONE',  ( -15.92449465477579018, -14.21692477204105209, 46.50000000000000000 ) ) ;
#2526 = EDGE_CURVE ( 'NONE', #6891, #757, #289, .T. ) ;
#2527 = CARTESIAN_POINT ( 'NONE',  ( -16.78307522795911311, 15.92449465477565163, 47.49867441544049029 ) ) ;
#2528 = CIRCLE ( 'NONE', #1542, 1.299999999999999156 ) ;
#2529 = LINE ( 'NONE', #6408, #7433 ) ;
#2530 = CARTESIAN_POINT ( 'NONE',  ( 21.14999999999999858, 21.14999999999999858, 8.000000000000000000 ) ) ;
#2531 = ADVANCED_FACE ( 'NONE', ( #371 ), #2852, .T. ) ;
#2532 = DIRECTION ( 'NONE',  ( 0.000000000000000000, 0.000000000000000000, 1.000000000000000000 ) ) ;
#2533 = CARTESIAN_POINT ( 'NONE',  ( -21.14999999999999503, 17.14999999999999503, 0.5000000000000004441 ) ) ;
#2535 = ORIENTED_EDGE ( 'NONE', *, *, #1687, .T. ) ;
#2534 = STYLED_ITEM ( 'NONE', ( #9683 ), #8609 ) ;
#2536 = VERTEX_POINT ( 'NONE', #624 ) ;
#2537 = ORIENTED_EDGE ( 'NONE', *, *, #9397, .T. ) ;
#2538 = EDGE_LOOP ( 'NONE', ( #1288, #615, #4027, #9917 ) ) ;
#2539 = PLANE ( 'NONE',  #7988 ) ;
#2540 = SURFACE_STYLE_FILL_AREA ( #5015 ) ;
#2541 = DIRECTION ( 'NONE',  ( 0.000000000000000000, 0.000000000000000000, -1.000000000000000000 ) ) ;
#2542 = MECHANICAL_DESIGN_GEOMETRIC_PRESENTATION_REPRESENTATION (  '', ( #6665 ), #2867 ) ;
#2543 = FACE_OUTER_BOUND ( 'NONE', #6965, .T. ) ;
#2544 = FACE_OUTER_BOUND ( 'NONE', #3540, .T. ) ;
#2545 = ORIENTED_EDGE ( 'NONE', *, *, #563, .T. ) ;
#2546 = UNCERTAINTY_MEASURE_WITH_UNIT (LENGTH_MEASURE( 1.000000000000000082E-05 ), #7655, 'distance_accuracy_value', 'NONE');
#2547 = ORIENTED_EDGE ( 'NONE', *, *, #8064, .F. ) ;
#2548 = FILL_AREA_STYLE ('',( #8817 ) ) ;
#2549 = STYLED_ITEM ( 'NONE', ( #9546 ), #9042 ) ;
#2550 = STYLED_ITEM ( 'NONE', ( #1316 ), #5620 ) ;
#2551 = CARTESIAN_POINT ( 'NONE',  ( -16.78307522795903495, 15.07550534522243879, 47.50000000000000000 ) ) ;
#2552 =( NAMED_UNIT ( * ) SI_UNIT ( $, .STERADIAN. ) SOLID_ANGLE_UNIT ( ) );
#2553 = DIRECTION ( 'NONE',  ( 0.6766252893427929793, 0.000000000000000000, 0.7363275207553916513 ) ) ;
#2554 = DIRECTION ( 'NONE',  ( 0.000000000000000000, 0.000000000000000000, 1.000000000000000000 ) ) ;
#2555 = AXIS2_PLACEMENT_3D ( 'NONE', #4727, #75, #3283 ) ;
#2556 = MECHANICAL_DESIGN_GEOMETRIC_PRESENTATION_REPRESENTATION (  '', ( #7179 ), #9630 ) ;
#2557 = VECTOR ( 'NONE', #5174, 1000.000000000000000 ) ;
#2558 = ORIENTED_EDGE ( 'NONE', *, *, #2350, .F. ) ;
#2559 = EDGE_LOOP ( 'NONE', ( #4122, #3497, #9845, #8813, #6146, #1472, #9092, #6181 ) ) ;
#2560 = ORIENTED_EDGE ( 'NONE', *, *, #5611, .F. ) ;
#2561 = UNCERTAINTY_MEASURE_WITH_UNIT (LENGTH_MEASURE( 1.000000000000000082E-05 ), #3092, 'distance_accuracy_value', 'NONE');
#2562 =( NAMED_UNIT ( * ) PLANE_ANGLE_UNIT ( ) SI_UNIT ( $, .RADIAN. ) );
#2563 = DIRECTION ( 'NONE',  ( -0.000000000000000000, 1.000000000000000000, -0.000000000000000000 ) ) ;
#2564 = AXIS2_PLACEMENT_3D ( 'NONE', #9390, #5484, #8602 ) ;
#2565 = PLANE ( 'NONE',  #8356 ) ;
#2566 = FACE_BOUND ( 'NONE', #8158, .T. ) ;
#2567 = FACE_OUTER_BOUND ( 'NONE', #5927, .T. ) ;
#2568 = EDGE_CURVE ( 'NONE', #4860, #5668, #6105, .T. ) ;
#2569 = LINE ( 'NONE', #6651, #5665 ) ;
#2570 = ORIENTED_EDGE ( 'NONE', *, *, #4933, .T. ) ;
#2571 = SURFACE_STYLE_USAGE ( .BOTH. , #9831 ) ;
#2572 = VECTOR ( 'NONE', #7059, 1000.000000000000000 ) ;
#2573 = VERTEX_POINT ( 'NONE', #3166 ) ;
#2574 = VECTOR ( 'NONE', #2032, 1000.000000000000000 ) ;
#2575 = APPLICATION_PROTOCOL_DEFINITION ( 'draft international standard', 'automotive_design', 1998, #8668 ) ;
#2576 = EDGE_CURVE ( 'NONE', #144, #8059, #9515, .T. ) ;
#2577 = DIRECTION ( 'NONE',  ( -1.000000000000000000, 0.000000000000000000, 0.000000000000000000 ) ) ;
#2578 = CARTESIAN_POINT ( 'NONE',  ( 4.000000000000000000, 4.898587196589412829E-16, -1.500000000000000000 ) ) ;
#2579 = PRESENTATION_STYLE_ASSIGNMENT (( #4114 ) ) ;
#2580 = FACE_OUTER_BOUND ( 'NONE', #7209, .T. ) ;
#2581 = SURFACE_STYLE_FILL_AREA ( #9635 ) ;
#2582 = EDGE_CURVE ( 'NONE', #5871, #5714, #3917, .T. ) ;
#2583 = CARTESIAN_POINT ( 'NONE',  ( 15.07550534522236063, 15.05359323060818078, 46.50000000000000000 ) ) ;
#2584 = AXIS2_PLACEMENT_3D ( 'NONE', #2493, #7959, #8761 ) ;
#2585 = ADVANCED_FACE ( 'NONE', ( #5283 ), #5482, .T. ) ;
#2586 = ADVANCED_FACE ( 'NONE', ( #2958 ), #7795, .T. ) ;
#2587 = CARTESIAN_POINT ( 'NONE',  ( 16.00000000000000000, 1.959434878635765131E-15, 0.000000000000000000 ) ) ;
#2588 = SURFACE_SIDE_STYLE ('',( #3357 ) ) ;
#2589 = VERTEX_POINT ( 'NONE', #2179 ) ;
#2590 = CIRCLE ( 'NONE', #9987, 1.299999999999999156 ) ;
#2591 = ORIENTED_EDGE ( 'NONE', *, *, #6997, .T. ) ;
#2592 = ORIENTED_EDGE ( 'NONE', *, *, #2218, .T. ) ;
#2593 = VECTOR ( 'NONE', #2637, 1000.000000000000000 ) ;
#2594 = CARTESIAN_POINT ( 'NONE',  ( -15.05359323060823584, 15.07550534522231089, 47.50000000000000000 ) ) ;
#2595 = AXIS2_PLACEMENT_3D ( 'NONE', #6032, #659, #3039 ) ;
#2596 = DIRECTION ( 'NONE',  ( 1.000000000000000000, 0.000000000000000000, 0.000000000000000000 ) ) ;
#2597 = CARTESIAN_POINT ( 'NONE',  ( 0.000000000000000000, 0.000000000000000000, -24.00000000000000000 ) ) ;
#2598 = CIRCLE ( 'NONE', #2101, 0.5000000000000004441 ) ;
#2599 = ADVANCED_FACE ( 'NONE', ( #9388 ), #2282, .T. ) ;
#2600 = FACE_OUTER_BOUND ( 'NONE', #9969, .T. ) ;
#2601 = SURFACE_SIDE_STYLE ('',( #1821 ) ) ;
#2602 = ORIENTED_EDGE ( 'NONE', *, *, #3331, .F. ) ;
#2603 = ORIENTED_EDGE ( 'NONE', *, *, #2080, .T. ) ;
#2604 = VECTOR ( 'NONE', #6441, 1000.000000000000000 ) ;
#2605 = VERTEX_POINT ( 'NONE', #2227 ) ;
#2606 = ADVANCED_FACE ( 'NONE', ( #5378 ), #1461, .T. ) ;
#2607 = CARTESIAN_POINT ( 'NONE',  ( -14.21692477204121730, 15.78089184510481857, 47.50000000000000000 ) ) ;
#2608 = FILL_AREA_STYLE ('',( #4927 ) ) ;
#2609 =( NAMED_UNIT ( * ) PLANE_ANGLE_UNIT ( ) SI_UNIT ( $, .RADIAN. ) );
#2610 = MECHANICAL_DESIGN_GEOMETRIC_PRESENTATION_REPRESENTATION (  '', ( #5569 ), #9352 ) ;
#2611 = PLANE ( 'NONE',  #5978 ) ;
#2612 = AXIS2_PLACEMENT_3D ( 'NONE', #3829, #9247, #9605 ) ;
#2613 = MECHANICAL_DESIGN_GEOMETRIC_PRESENTATION_REPRESENTATION (  '', ( #2947 ), #4249 ) ;
#2614 = PRESENTATION_STYLE_ASSIGNMENT (( #5284 ) ) ;
#2615 = FACE_OUTER_BOUND ( 'NONE', #2759, .T. ) ;
#2616 = MECHANICAL_DESIGN_GEOMETRIC_PRESENTATION_REPRESENTATION (  '', ( #300 ), #4250 ) ;
#2617 = ORIENTED_EDGE ( 'NONE', *, *, #2837, .T. ) ;
#2618 = EDGE_LOOP ( 'NONE', ( #5647, #5032, #6643, #5012, #8710, #4413, #9171, #4345 ) ) ;
#2619 = LINE ( 'NONE', #8984, #1460 ) ;
#2620 = ORIENTED_EDGE ( 'NONE', *, *, #2078, .F. ) ;
#2621 = AXIS2_PLACEMENT_3D ( 'NONE', #193, #4894, #3347 ) ;
#2622 = COLOUR_RGB ( '',0.000000000000000000, 0.000000000000000000, 0.000000000000000000 ) ;
#2623 = CARTESIAN_POINT ( 'NONE',  ( 15.92449465477569603, 15.94640676939203594, 46.50000000000000000 ) ) ;
#2624 = CYLINDRICAL_SURFACE ( 'NONE', #9221, 0.4999999999999995559 ) ;
#2625 = DIRECTION ( 'NONE',  ( 1.000000000000000000, -7.771940727241890328E-15, -0.000000000000000000 ) ) ;
#2626 = DIRECTION ( 'NONE',  ( -1.000000000000000000, 1.244022139150247530E-14, 0.000000000000000000 ) ) ;
#2627 = DIRECTION ( 'NONE',  ( -0.000000000000000000, -0.000000000000000000, 1.000000000000000000 ) ) ;
#2628 = B_SPLINE_CURVE_WITH_KNOTS ( 'NONE', 3,
 ( #4082, #8163, #5025, #2714 ),
 .UNSPECIFIED., .F., .F.,
 ( 4, 4 ),
 ( 0.000000000000000000, 0.0001285675718497354561 ),
 .UNSPECIFIED. ) ;
#2629 = DIRECTION ( 'NONE',  ( 0.000000000000000000, 0.000000000000000000, 1.000000000000000000 ) ) ;
#2630 = AXIS2_PLACEMENT_3D ( 'NONE', #7491, #9279, #427 ) ;
#2631 = AXIS2_PLACEMENT_3D ( 'NONE', #5097, #1176, #5205 ) ;
#2632 = VERTEX_POINT ( 'NONE', #6973 ) ;
#2633 = ORIENTED_EDGE ( 'NONE', *, *, #372, .F. ) ;
#2634 = PLANE ( 'NONE',  #8798 ) ;
#2635 = DIRECTION ( 'NONE',  ( -1.000000000000000000, 1.021640353097896087E-14, -0.000000000000000000 ) ) ;
#2636 =( GEOMETRIC_REPRESENTATION_CONTEXT ( 3 ) GLOBAL_UNCERTAINTY_ASSIGNED_CONTEXT ( ( #7925 ) ) GLOBAL_UNIT_ASSIGNED_CONTEXT ( ( #2790, #5991, #3808 ) ) REPRESENTATION_CONTEXT ( 'NONE', 'WORKASPACE' ) );
#2637 = DIRECTION ( 'NONE',  ( -0.000000000000000000, 1.000000000000000000, 0.000000000000000000 ) ) ;
#2638 = PLANE ( 'NONE',  #7246 ) ;
#2639 = STYLED_ITEM ( 'NONE', ( #2139 ), #4611 ) ;
#2640 =( GEOMETRIC_REPRESENTATION_CONTEXT ( 3 ) GLOBAL_UNCERTAINTY_ASSIGNED_CONTEXT ( ( #6477 ) ) GLOBAL_UNIT_ASSIGNED_CONTEXT ( ( #9889, #8345, #2883 ) ) REPRESENTATION_CONTEXT ( 'NONE', 'WORKASPACE' ) );
#2641 = CIRCLE ( 'NONE', #7740, 0.5000000000000004441 ) ;
#2642 = EDGE_CURVE ( 'NONE', #6805, #9979, #10108, .T. ) ;
#2643 = SURFACE_STYLE_USAGE ( .BOTH. , #5162 ) ;
#2644 = CARTESIAN_POINT ( 'NONE',  ( 4.000000000000000000, 0.000000000000000000, 48.00000000000000000 ) ) ;
#2645 = LINE ( 'NONE', #9695, #3758 ) ;
#2646 = LINE ( 'NONE', #1806, #9637 ) ;
#2647 = COLOUR_RGB ( '',0.2509803921568627416, 0.2509803921568627416, 0.2509803921568627416 ) ;
#2648 = CIRCLE ( 'NONE', #9718, 0.5000000000000004441 ) ;
#2649 = LINE ( 'NONE', #1143, #8143 ) ;
#2650 = ORIENTED_EDGE ( 'NONE', *, *, #509, .F. ) ;
#2651 = EDGE_LOOP ( 'NONE', ( #9327, #3987, #7821, #8801, #9629, #9533, #5770, #5511, #5458, #6781, #8466, #1286, #2976, #6072 ) ) ;
#2652 = ORIENTED_EDGE ( 'NONE', *, *, #943, .F. ) ;
#2653 = LINE ( 'NONE', #5801, #3620 ) ;
#2654 = SURFACE_STYLE_USAGE ( .BOTH. , #4018 ) ;
#2655 = CIRCLE ( 'NONE', #7904, 3.500000000000927702 ) ;
#2656 = FILL_AREA_STYLE ('',( #9704 ) ) ;
#2657 = DIRECTION ( 'NONE',  ( 1.000000000000000000, 1.875757943018545794E-15, 0.000000000000000000 ) ) ;
#2658 = EDGE_CURVE ( 'NONE', #4832, #3552, #2278, .T. ) ;
#2659 = DIRECTION ( 'NONE',  ( -0.000000000000000000, 0.000000000000000000, 1.000000000000000000 ) ) ;
#2660 = DIRECTION ( 'NONE',  ( 0.000000000000000000, -1.000000000000000000, 0.000000000000000000 ) ) ;
#2661 = EDGE_LOOP ( 'NONE', ( #7015, #8289, #8679 ) ) ;
#2662 = COLOUR_RGB ( '',0.2509803921568627416, 0.2509803921568627416, 0.2509803921568627416 ) ;
#2663 = ORIENTED_EDGE ( 'NONE', *, *, #3822, .T. ) ;
#2664 = VERTEX_POINT ( 'NONE', #4649 ) ;
#2665 = CARTESIAN_POINT ( 'NONE',  ( -2.500000000000000000, 3.061616997868383141E-16, 1.000000000000000000 ) ) ;
#2666 = EDGE_CURVE ( 'NONE', #5599, #746, #728, .T. ) ;
#2667 = DIRECTION ( 'NONE',  ( 0.000000000000000000, 0.000000000000000000, 1.000000000000000000 ) ) ;
#2668 = EDGE_CURVE ( 'NONE', #4237, #3275, #7840, .T. ) ;
#2669 = DIRECTION ( 'NONE',  ( 0.000000000000000000, 0.000000000000000000, 1.000000000000000000 ) ) ;
#2670 = PLANE ( 'NONE',  #5295 ) ;
#2671 = CARTESIAN_POINT ( 'NONE',  ( 21.16000000000000014, -13.31369220013742272, 5.999999999999998224 ) ) ;
#2672 = DIRECTION ( 'NONE',  ( -1.000000000000000000, 0.000000000000000000, 0.000000000000000000 ) ) ;
#2673 = PRESENTATION_LAYER_ASSIGNMENT (  '', '', ( #350 ) ) ;
#2674 = EDGE_CURVE ( 'NONE', #4076, #3105, #5074, .T. ) ;
#2675 = ORIENTED_EDGE ( 'NONE', *, *, #1959, .T. ) ;
#2676 = ORIENTED_EDGE ( 'NONE', *, *, #6639, .T. ) ;
#2677 = ORIENTED_EDGE ( 'NONE', *, *, #4409, .F. ) ;
#2678 = UNCERTAINTY_MEASURE_WITH_UNIT (LENGTH_MEASURE( 1.000000000000000082E-05 ), #9661, 'distance_accuracy_value', 'NONE');
#2679 = AXIS2_PLACEMENT_3D ( 'NONE', #6242, #3094, #3853 ) ;
#2680 = CARTESIAN_POINT ( 'NONE',  ( 15.05359323060813459, -15.07550534522241925, 46.50000000000000000 ) ) ;
#2681 = CARTESIAN_POINT ( 'NONE',  ( -3.599999999999998312, -19.15000000000000568, 44.50000000000000000 ) ) ;
#2682 = FACE_OUTER_BOUND ( 'NONE', #1587, .T. ) ;
#2683 = CYLINDRICAL_SURFACE ( 'NONE', #3548, 25.00000000000000000 ) ;
#2684 = AXIS2_PLACEMENT_3D ( 'NONE', #6130, #447, #7512 ) ;
#2685 = CARTESIAN_POINT ( 'NONE',  ( 2.603880904858910217, -21.25000000000000711, 0.000000000000000000 ) ) ;
#2686 = FILL_AREA_STYLE_COLOUR ( '', #1219 ) ;
#2687 = ORIENTED_EDGE ( 'NONE', *, *, #4217, .F. ) ;
#2688 = VECTOR ( 'NONE', #1535, 1000.000000000000114 ) ;
#2689 = VERTEX_POINT ( 'NONE', #7990 ) ;
#2690 = DIRECTION ( 'NONE',  ( 1.000000000000000000, 0.000000000000000000, -0.000000000000000000 ) ) ;
#2691 = PRESENTATION_STYLE_ASSIGNMENT (( #5005 ) ) ;
#2692 = CARTESIAN_POINT ( 'NONE',  ( -15.94640676939209456, 14.19326395785794759, 47.49756013713619041 ) ) ;
#2693 = CARTESIAN_POINT ( 'NONE',  ( 0.000000000000000000, 0.000000000000000000, -1.734723475976807094E-15 ) ) ;
#2694 = MECHANICAL_DESIGN_GEOMETRIC_PRESENTATION_REPRESENTATION (  '', ( #6644 ), #375 ) ;
#2695 = FILL_AREA_STYLE_COLOUR ( '', #7177 ) ;
#2696 = FACE_OUTER_BOUND ( 'NONE', #212, .T. ) ;
#2697 = CARTESIAN_POINT ( 'NONE',  ( 14.15069333393202733, 15.50000000000016165, 47.49878368663153339 ) ) ;
#2698 = ORIENTED_EDGE ( 'NONE', *, *, #10015, .F. ) ;
#2699 = EDGE_LOOP ( 'NONE', ( #7243, #8292, #5901, #9843 ) ) ;
#2700 = VERTEX_POINT ( 'NONE', #8703 ) ;
#2701 =( GEOMETRIC_REPRESENTATION_CONTEXT ( 3 ) GLOBAL_UNCERTAINTY_ASSIGNED_CONTEXT ( ( #5172 ) ) GLOBAL_UNIT_ASSIGNED_CONTEXT ( ( #933, #150, #4904 ) ) REPRESENTATION_CONTEXT ( 'NONE', 'WORKASPACE' ) );
#2702 = LINE ( 'NONE', #423, #1659 ) ;
#2703 = DIRECTION ( 'NONE',  ( -1.000000000000000000, 1.125454765811129607E-14, 0.000000000000000000 ) ) ;
#2704 = STYLED_ITEM ( 'NONE', ( #823 ), #8494 ) ;
#2705 = FACE_OUTER_BOUND ( 'NONE', #3857, .T. ) ;
#2706 = CARTESIAN_POINT ( 'NONE',  ( 14.15069333393202555, 15.05359323060818433, 47.49262389544717422 ) ) ;
#2707 = ORIENTED_EDGE ( 'NONE', *, *, #2138, .F. ) ;
#2708 = VERTEX_POINT ( 'NONE', #6411 ) ;
#2709 = ORIENTED_EDGE ( 'NONE', *, *, #9205, .F. ) ;
#2710 = DIRECTION ( 'NONE',  ( -0.000000000000000000, -1.000000000000000000, 0.000000000000000000 ) ) ;
#2711 = DIRECTION ( 'NONE',  ( -1.000000000000000000, 5.627273829055637777E-15, 0.000000000000000000 ) ) ;
#2712 = EDGE_CURVE ( 'NONE', #4063, #757, #246, .T. ) ;
#2713 = AXIS2_PLACEMENT_3D ( 'NONE', #6474, #5018, #1204 ) ;
#2714 = CARTESIAN_POINT ( 'NONE',  ( 14.27904914257722346, 15.05359323060818433, 47.50000000000000000 ) ) ;
#2715 = CARTESIAN_POINT ( 'NONE',  ( 0.000000000000000000, 0.000000000000000000, 0.000000000000000000 ) ) ;
#2716 = CARTESIAN_POINT ( 'NONE',  ( -19.00000000000109068, 15.49999999999897504, 47.50000000000000000 ) ) ;
#2717 = DIRECTION ( 'NONE',  ( 0.000000000000000000, 0.000000000000000000, -1.000000000000000000 ) ) ;
#2718 = ADVANCED_FACE ( 'NONE', ( #4809 ), #2381, .T. ) ;
#2719 = SURFACE_SIDE_STYLE ('',( #3585 ) ) ;
#2720 = ADVANCED_FACE ( 'NONE', ( #4958 ), #4852, .T. ) ;
#2721 = EDGE_CURVE ( 'NONE', #9479, #2865, #8749, .T. ) ;
#2722 = ORIENTED_EDGE ( 'NONE', *, *, #509, .T. ) ;
#2723 = VERTEX_POINT ( 'NONE', #6460 ) ;
#2724 = EDGE_LOOP ( 'NONE', ( #4921, #1920, #23, #614 ) ) ;
#2725 = EDGE_CURVE ( 'NONE', #5837, #6466, #6244, .T. ) ;
#2726 =( NAMED_UNIT ( * ) PLANE_ANGLE_UNIT ( ) SI_UNIT ( $, .RADIAN. ) );
#2727 = CARTESIAN_POINT ( 'NONE',  ( -14.15069333393213213, -15.05359323060808840, 47.49262389544724527 ) ) ;
#2728 = CARTESIAN_POINT ( 'NONE',  ( 15.49999999999983658, 15.50000000000015987, 4.500000000000000888 ) ) ;
#2729 = DIRECTION ( 'NONE',  ( -1.000000000000000000, 8.293480927668333697E-15, 0.000000000000000000 ) ) ;
#2730 = CARTESIAN_POINT ( 'NONE',  ( -14.25314224406688979, 15.92449465477564097, 47.50000000000000000 ) ) ;
#2731 = AXIS2_PLACEMENT_3D ( 'NONE', #9716, #2667, #5188 ) ;
#2732 = CARTESIAN_POINT ( 'NONE',  ( -15.50000000000016520, 15.49999999999897504, 47.50000000000000000 ) ) ;
#2733 = CARTESIAN_POINT ( 'NONE',  ( 0.000000000000000000, 0.000000000000000000, 38.00000000000000000 ) ) ;
#2734 = ORIENTED_EDGE ( 'NONE', *, *, #1082, .F. ) ;
#2735 = VERTEX_POINT ( 'NONE', #6510 ) ;
#2736 = ORIENTED_EDGE ( 'NONE', *, *, #8006, .T. ) ;
#2737 = STYLED_ITEM ( 'NONE', ( #1916 ), #3963 ) ;
#2738 = DIRECTION ( 'NONE',  ( -1.000000000000000000, -8.202002250481357549E-17, -0.000000000000000000 ) ) ;
#2739 = EDGE_CURVE ( 'NONE', #4063, #6516, #2443, .T. ) ;
#2740 = CARTESIAN_POINT ( 'NONE',  ( 16.94289321881344534, -21.14999999999986358, 8.000000000000000000 ) ) ;
#2741 = CARTESIAN_POINT ( 'NONE',  ( 15.50000000000101963, -15.49999999999983658, 47.50000000000000000 ) ) ;
#2742 = DIRECTION ( 'NONE',  ( -0.000000000000000000, -0.000000000000000000, 1.000000000000000000 ) ) ;
#2743 = FACE_OUTER_BOUND ( 'NONE', #3123, .T. ) ;
#2744 = PRESENTATION_LAYER_ASSIGNMENT (  '', '', ( #9809 ) ) ;
#2745 = AXIS2_PLACEMENT_3D ( 'NONE', #9371, #215, #5512 ) ;
#2746 = CARTESIAN_POINT ( 'NONE',  ( 3.500000000000000000, 0.000000000000000000, 47.50000000000000000 ) ) ;
#2747 = B_SPLINE_CURVE_WITH_KNOTS ( 'NONE', 3,
 ( #4346, #6200, #10054, #4594 ),
 .UNSPECIFIED., .F., .F.,
 ( 4, 4 ),
 ( 0.000000000000000000, 5.435045947801988805E-05 ),
 .UNSPECIFIED. ) ;
#2748 = FACE_OUTER_BOUND ( 'NONE', #9017, .T. ) ;
#2749 = VERTEX_POINT ( 'NONE', #928 ) ;
#2750 = ORIENTED_EDGE ( 'NONE', *, *, #4480, .F. ) ;
#2751 = ORIENTED_EDGE ( 'NONE', *, *, #833, .F. ) ;
#2752 = CARTESIAN_POINT ( 'NONE',  ( 0.000000000000000000, 0.000000000000000000, 46.00000000000000000 ) ) ;
#2753 = VECTOR ( 'NONE', #7151, 1000.000000000000114 ) ;
#2754 = DIRECTION ( 'NONE',  ( 1.658696185533663268E-14, 1.000000000000000000, 0.000000000000000000 ) ) ;
#2755 = STYLED_ITEM ( 'NONE', ( #384 ), #2154 ) ;
#2756 = SURFACE_STYLE_USAGE ( .BOTH. , #8263 ) ;
#2757 = CARTESIAN_POINT ( 'NONE',  ( -15.94640676939209456, 16.76380671470457173, 47.50000000000000000 ) ) ;
#2758 = ORIENTED_EDGE ( 'NONE', *, *, #3019, .F. ) ;
#2759 = EDGE_LOOP ( 'NONE', ( #8134, #7339, #4228, #8438 ) ) ;
#2760 = ORIENTED_EDGE ( 'NONE', *, *, #2712, .T. ) ;
#2761 = CARTESIAN_POINT ( 'NONE',  ( 2.603880904858910217, -19.15000000000000568, 0.000000000000000000 ) ) ;
#2762 = DIRECTION ( 'NONE',  ( 8.173122824782951287E-15, 1.000000000000000000, 0.000000000000000000 ) ) ;
#2763 = DIRECTION ( 'NONE',  ( 0.000000000000000000, 0.000000000000000000, 1.000000000000000000 ) ) ;
#2764 =( NAMED_UNIT ( * ) PLANE_ANGLE_UNIT ( ) SI_UNIT ( $, .RADIAN. ) );
#2765 =( LENGTH_UNIT ( ) NAMED_UNIT ( * ) SI_UNIT ( .MILLI., .METRE. ) );
#2766 = EDGE_CURVE ( 'NONE', #312, #1196, #7227, .T. ) ;
#2767 = AXIS2_PLACEMENT_3D ( 'NONE', #9740, #8040, #2690 ) ;
#2768 = DIRECTION ( 'NONE',  ( 1.387778780781444413E-14, 0.000000000000000000, -1.000000000000000000 ) ) ;
#2769 = VECTOR ( 'NONE', #873, 1000.000000000000114 ) ;
#2770 = EDGE_CURVE ( 'NONE', #9252, #9418, #8794, .T. ) ;
#2771 = EDGE_LOOP ( 'NONE', ( #6317, #948, #329, #2592 ) ) ;
#2772 = ORIENTED_EDGE ( 'NONE', *, *, #4660, .T. ) ;
#2773 = CARTESIAN_POINT ( 'NONE',  ( -15.94640676939209456, 15.07550534522231089, 46.50000000000000000 ) ) ;
#2774 = VERTEX_POINT ( 'NONE', #980 ) ;
#2775 = FACE_OUTER_BOUND ( 'NONE', #8505, .T. ) ;
#2776 = FACE_OUTER_BOUND ( 'NONE', #9654, .T. ) ;
#2777 = VECTOR ( 'NONE', #6387, 1000.000000000000000 ) ;
#2778 = CARTESIAN_POINT ( 'NONE',  ( 16.78307522795901363, -15.07550534522241925, 47.49867441544052582 ) ) ;
#2779 = CIRCLE ( 'NONE', #8200, 1.249999999999997558 ) ;
#2780 = CARTESIAN_POINT ( 'NONE',  ( 21.15000000000000213, -16.94289321881346311, 0.5000000000000004441 ) ) ;
#2781 = ADVANCED_FACE ( 'NONE', ( #4117, #7277 ), #198, .T. ) ;
#2782 = AXIS2_PLACEMENT_3D ( 'NONE', #3258, #1706, #4901 ) ;
#2783 = AXIS2_PLACEMENT_3D ( 'NONE', #4971, #8105, #1927 ) ;
#2784 = EDGE_LOOP ( 'NONE', ( #3129, #9198, #9464, #4973 ) ) ;
#2785 = ORIENTED_EDGE ( 'NONE', *, *, #10, .F. ) ;
#2786 = PLANE ( 'NONE',  #5727 ) ;
#2787 = VERTEX_POINT ( 'NONE', #8348 ) ;
#2788 = SURFACE_SIDE_STYLE ('',( #404 ) ) ;
#2789 = CARTESIAN_POINT ( 'NONE',  ( 15.07550534522236418, 15.94640676939203949, 46.50000000000000000 ) ) ;
#2790 =( LENGTH_UNIT ( ) NAMED_UNIT ( * ) SI_UNIT ( .MILLI., .METRE. ) );
#2791 = EDGE_CURVE ( 'NONE', #2925, #5020, #9358, .T. ) ;
#2792 = FACE_OUTER_BOUND ( 'NONE', #7963, .T. ) ;
#2793 = LINE ( 'NONE', #8092, #3960 ) ;
#2794 = EDGE_CURVE ( 'NONE', #5984, #2536, #2645, .T. ) ;
#2795 = AXIS2_PLACEMENT_3D ( 'NONE', #924, #4845, #5671 ) ;
#2796 = MECHANICAL_DESIGN_GEOMETRIC_PRESENTATION_REPRESENTATION (  '', ( #9361 ), #470 ) ;
#2797 = CARTESIAN_POINT ( 'NONE',  ( 16.84930666606603111, 15.05359323060817367, 47.50000000000000000 ) ) ;
#2798 =( LENGTH_UNIT ( ) NAMED_UNIT ( * ) SI_UNIT ( .MILLI., .METRE. ) );
#2799 = ADVANCED_FACE ( 'NONE', ( #6662 ), #412, .F. ) ;
#2800 = SURFACE_SIDE_STYLE ('',( #3413 ) ) ;
#2801 = CARTESIAN_POINT ( 'NONE',  ( -16.72874093610758450, 15.07550534522242991, 47.50000000000000000 ) ) ;
#2802 = ORIENTED_EDGE ( 'NONE', *, *, #5169, .T. ) ;
#2803 = UNCERTAINTY_MEASURE_WITH_UNIT (LENGTH_MEASURE( 1.000000000000000082E-05 ), #1860, 'distance_accuracy_value', 'NONE');
#2804 = ORIENTED_EDGE ( 'NONE', *, *, #7191, .F. ) ;
#2805 =( GEOMETRIC_REPRESENTATION_CONTEXT ( 3 ) GLOBAL_UNCERTAINTY_ASSIGNED_CONTEXT ( ( #2353 ) ) GLOBAL_UNIT_ASSIGNED_CONTEXT ( ( #10106, #1457, #9334 ) ) REPRESENTATION_CONTEXT ( 'NONE', 'WORKASPACE' ) );
#2806 = ORIENTED_EDGE ( 'NONE', *, *, #738, .F. ) ;
#2807 = DIRECTION ( 'NONE',  ( -0.000000000000000000, -0.000000000000000000, -1.000000000000000000 ) ) ;
#2808 = CARTESIAN_POINT ( 'NONE',  ( -17.29644660940670420, -21.00355339059327875, 38.00000000000000000 ) ) ;
#2809 =( GEOMETRIC_REPRESENTATION_CONTEXT ( 3 ) GLOBAL_UNCERTAINTY_ASSIGNED_CONTEXT ( ( #2561 ) ) GLOBAL_UNIT_ASSIGNED_CONTEXT ( ( #3092, #2416, #5564 ) ) REPRESENTATION_CONTEXT ( 'NONE', 'WORKASPACE' ) );
#2810 = FACE_OUTER_BOUND ( 'NONE', #2559, .T. ) ;
#2811 = VERTEX_POINT ( 'NONE', #5792 ) ;
#2812 = ORIENTED_EDGE ( 'NONE', *, *, #2395, .F. ) ;
#2813 = DIRECTION ( 'NONE',  ( 0.000000000000000000, 0.000000000000000000, -1.000000000000000000 ) ) ;
#2814 =( LENGTH_UNIT ( ) NAMED_UNIT ( * ) SI_UNIT ( .MILLI., .METRE. ) );
#2815 = AXIS2_PLACEMENT_3D ( 'NONE', #3200, #4791, #7826 ) ;
#2816 = SURFACE_SIDE_STYLE ('',( #6736 ) ) ;
#2817 = DIRECTION ( 'NONE',  ( 8.293480927668333697E-15, 1.000000000000000000, 0.000000000000000000 ) ) ;
#2818 = LINE ( 'NONE', #3381, #5580 ) ;
#2819 = ORIENTED_EDGE ( 'NONE', *, *, #8566, .T. ) ;
#2820 = EDGE_LOOP ( 'NONE', ( #484, #8720, #536 ) ) ;
#2821 = CARTESIAN_POINT ( 'NONE',  ( 15.05359323060812216, -16.84930666606608440, 47.49262389544731633 ) ) ;
#2822 = EDGE_LOOP ( 'NONE', ( #2545, #5698, #3193, #2317, #4730 ) ) ;
#2823 = CYLINDRICAL_SURFACE ( 'NONE', #9894, 0.5000000000000006661 ) ;
#2824 = AXIS2_PLACEMENT_3D ( 'NONE', #1164, #7448, #383 ) ;
#2825 = CARTESIAN_POINT ( 'NONE',  ( 3.503880904858911016, -19.15000000000000568, 40.26401485834065852 ) ) ;
#2826 = MECHANICAL_DESIGN_GEOMETRIC_PRESENTATION_REPRESENTATION (  '', ( #1006 ), #5134 ) ;
#2827 = LINE ( 'NONE', #9046, #4889 ) ;
#2828 = CARTESIAN_POINT ( 'NONE',  ( 16.84930666606603467, 15.94640676939203239, 46.50000000000000000 ) ) ;
#2829 = FACE_OUTER_BOUND ( 'NONE', #4050, .T. ) ;
#2830 = DIRECTION ( 'NONE',  ( 0.000000000000000000, 0.000000000000000000, -1.000000000000000000 ) ) ;
#2831 = FILL_AREA_STYLE ('',( #9879 ) ) ;
#2832 = ORIENTED_EDGE ( 'NONE', *, *, #5942, .F. ) ;
#2833 = ORIENTED_EDGE ( 'NONE', *, *, #3535, .F. ) ;
#2834 = EDGE_CURVE ( 'NONE', #7954, #9572, #6894, .T. ) ;
#2835 = SURFACE_SIDE_STYLE ('',( #6852 ) ) ;
#2836 = ORIENTED_EDGE ( 'NONE', *, *, #108, .T. ) ;
#2837 = EDGE_CURVE ( 'NONE', #7911, #7856, #8952, .T. ) ;
#2838 =( NAMED_UNIT ( * ) SI_UNIT ( $, .STERADIAN. ) SOLID_ANGLE_UNIT ( ) );
#2839 = CARTESIAN_POINT ( 'NONE',  ( 16.94289321881342048, 21.14999999999999858, 47.50000000000000000 ) ) ;
#2840 = AXIS2_PLACEMENT_3D ( 'NONE', #4793, #9527, #7931 ) ;
#2841 = FACE_OUTER_BOUND ( 'NONE', #9899, .T. ) ;
#2842 = VECTOR ( 'NONE', #6638, 1000.000000000000000 ) ;
#2843 = FACE_OUTER_BOUND ( 'NONE', #9620, .T. ) ;
#2844 = ADVANCED_FACE ( 'NONE', ( #7577 ), #8141, .T. ) ;
#2845 =( LENGTH_UNIT ( ) NAMED_UNIT ( * ) SI_UNIT ( .MILLI., .METRE. ) );
#2846 = EDGE_CURVE ( 'NONE', #10092, #7685, #1187, .T. ) ;
#2847 = ORIENTED_EDGE ( 'NONE', *, *, #8981, .T. ) ;
#2848 = ORIENTED_EDGE ( 'NONE', *, *, #6297, .F. ) ;
#2849 =( LENGTH_UNIT ( ) NAMED_UNIT ( * ) SI_UNIT ( .MILLI., .METRE. ) );
#2850 = ADVANCED_FACE ( 'NONE', ( #460 ), #9167, .T. ) ;
#2851 = DIRECTION ( 'NONE',  ( -1.000000000000000000, 9.378789715092728577E-15, -0.000000000000000000 ) ) ;
#2852 = CYLINDRICAL_SURFACE ( 'NONE', #791, 0.5000000000000000000 ) ;
#2853 = DIRECTION ( 'NONE',  ( -0.7071067811865545671, -0.7071067811865405783, -0.000000000000000000 ) ) ;
#2854 =( LENGTH_UNIT ( ) NAMED_UNIT ( * ) SI_UNIT ( .MILLI., .METRE. ) );
#2855 = DIRECTION ( 'NONE',  ( 7.503031772074183177E-15, 1.000000000000000000, 0.000000000000000000 ) ) ;
#2857 = ORIENTED_EDGE ( 'NONE', *, *, #999, .T. ) ;
#2856 = AXIS2_PLACEMENT_3D ( 'NONE', #9341, #7589, #6154 ) ;
#2858 = ORIENTED_EDGE ( 'NONE', *, *, #1687, .F. ) ;
#2859 =( NAMED_UNIT ( * ) SI_UNIT ( $, .STERADIAN. ) SOLID_ANGLE_UNIT ( ) );
#2860 = FILL_AREA_STYLE ('',( #5862 ) ) ;
#2861 = FILL_AREA_STYLE ('',( #6834 ) ) ;
#2862 = STYLED_ITEM ( 'NONE', ( #6345 ), #8507 ) ;
#2863 = CARTESIAN_POINT ( 'NONE',  ( 2.799999999999999822, 3.429011037612588783E-16, 1.000000000000000000 ) ) ;
#2864 = VERTEX_POINT ( 'NONE', #2111 ) ;
#2865 = VERTEX_POINT ( 'NONE', #9937 ) ;
#2866 = CARTESIAN_POINT ( 'NONE',  ( 14.15069333393202911, 15.94640676939204305, 46.50000000000000000 ) ) ;
#2867 =( GEOMETRIC_REPRESENTATION_CONTEXT ( 3 ) GLOBAL_UNCERTAINTY_ASSIGNED_CONTEXT ( ( #812 ) ) GLOBAL_UNIT_ASSIGNED_CONTEXT ( ( #5206, #6800, #5309 ) ) REPRESENTATION_CONTEXT ( 'NONE', 'WORKASPACE' ) );
#2868 = ORIENTED_EDGE ( 'NONE', *, *, #297, .F. ) ;
#2869 = LINE ( 'NONE', #4364, #2142 ) ;
#2870 = FILL_AREA_STYLE_COLOUR ( '', #4230 ) ;
#2871 = CARTESIAN_POINT ( 'NONE',  ( -15.50000000000016520, 15.49999999999897504, 47.50000000000000000 ) ) ;
#2872 = CARTESIAN_POINT ( 'NONE',  ( -16.74999999999999289, 15.50000000000000000, -2.266821225221747863E-17 ) ) ;
#2873 = VECTOR ( 'NONE', #5334, 1000.000000000000000 ) ;
#2874 = DIRECTION ( 'NONE',  ( 0.000000000000000000, -0.000000000000000000, 1.000000000000000000 ) ) ;
#2875 = ORIENTED_EDGE ( 'NONE', *, *, #9818, .T. ) ;
#2876 = ORIENTED_EDGE ( 'NONE', *, *, #9594, .F. ) ;
#2877 = DIRECTION ( 'NONE',  ( 0.000000000000000000, -0.000000000000000000, -1.000000000000000000 ) ) ;
#2878 = EDGE_LOOP ( 'NONE', ( #6518, #376, #3968, #2049 ) ) ;
#2879 = UNCERTAINTY_MEASURE_WITH_UNIT (LENGTH_MEASURE( 1.000000000000000082E-05 ), #3205, 'distance_accuracy_value', 'NONE');
#2880 = SURFACE_STYLE_FILL_AREA ( #4430 ) ;
#2881 = PRESENTATION_LAYER_ASSIGNMENT (  '', '', ( #6347 ) ) ;
#2882 = CARTESIAN_POINT ( 'NONE',  ( 21.14999999999999858, 17.14999999999999503, 38.00000000000000000 ) ) ;
#2883 =( NAMED_UNIT ( * ) SI_UNIT ( $, .STERADIAN. ) SOLID_ANGLE_UNIT ( ) );
#2884 = CARTESIAN_POINT ( 'NONE',  ( 14.21692477204111249, -15.70908840091109937, 47.50000000000000000 ) ) ;
#2885 = DIRECTION ( 'NONE',  ( 1.000000000000000000, 0.000000000000000000, 0.000000000000000000 ) ) ;
#2886 = STYLED_ITEM ( 'NONE', ( #1260 ), #5500 ) ;
#2887 = LINE ( 'NONE', #3811, #8490 ) ;
#2888 = EDGE_CURVE ( 'NONE', #3133, #1442, #9272, .T. ) ;
#2889 = DIRECTION ( 'NONE',  ( -0.000000000000000000, -0.000000000000000000, 1.000000000000000000 ) ) ;
#2890 =( LENGTH_UNIT ( ) NAMED_UNIT ( * ) SI_UNIT ( .MILLI., .METRE. ) );
#2891 = CIRCLE ( 'NONE', #5529, 0.5000000000000004441 ) ;
#2892 = EDGE_CURVE ( 'NONE', #8868, #3778, #3709, .T. ) ;
#2893 = FACE_OUTER_BOUND ( 'NONE', #9188, .T. ) ;
#2894 = VECTOR ( 'NONE', #3817, 1000.000000000000000 ) ;
#2895 = ORIENTED_EDGE ( 'NONE', *, *, #4289, .T. ) ;
#2896 = UNCERTAINTY_MEASURE_WITH_UNIT (LENGTH_MEASURE( 1.000000000000000082E-05 ), #2404, 'distance_accuracy_value', 'NONE');
#2897 = EDGE_LOOP ( 'NONE', ( #3441, #340, #7347, #7489 ) ) ;
#2898 = ORIENTED_EDGE ( 'NONE', *, *, #9119, .T. ) ;
#2899 = AXIS2_PLACEMENT_3D ( 'NONE', #5630, #8746, #676 ) ;
#2900 = CARTESIAN_POINT ( 'NONE',  ( 21.16000000000000014, -13.31369220013742272, 40.00000000000000000 ) ) ;
#2901 = FACE_OUTER_BOUND ( 'NONE', #5874, .T. ) ;
#2902 = PRODUCT_RELATED_PRODUCT_CATEGORY ( 'part', '', ( #4301 ) ) ;
#2903 = EDGE_CURVE ( 'NONE', #1442, #5520, #2887, .T. ) ;
#2904 = DIRECTION ( 'NONE',  ( 1.000000000000000000, 0.000000000000000000, 0.000000000000000000 ) ) ;
#2905 = AXIS2_PLACEMENT_3D ( 'NONE', #2940, #5316, #7675 ) ;
#2906 = FACE_OUTER_BOUND ( 'NONE', #3015, .T. ) ;
#2907 =( NAMED_UNIT ( * ) PLANE_ANGLE_UNIT ( ) SI_UNIT ( $, .RADIAN. ) );
#2908 = SURFACE_SIDE_STYLE ('',( #8413 ) ) ;
#2909 = CARTESIAN_POINT ( 'NONE',  ( -21.14999999999999503, 16.94289321881343824, 38.00000000000000000 ) ) ;
#2910 = EDGE_LOOP ( 'NONE', ( #3680, #9227, #5225 ) ) ;
#2911 = ORIENTED_EDGE ( 'NONE', *, *, #5026, .F. ) ;
#2912 = VECTOR ( 'NONE', #3503, 1000.000000000000000 ) ;
#2913 = LINE ( 'NONE', #3066, #8311 ) ;
#2914 = CIRCLE ( 'NONE', #7842, 2.299999999999999822 ) ;
#2915 = SURFACE_STYLE_USAGE ( .BOTH. , #2816 ) ;
#2916 = EDGE_CURVE ( 'NONE', #6516, #6891, #2262, .T. ) ;
#2917 = DIRECTION ( 'NONE',  ( -1.000000000000000000, -8.202002250481356316E-17, 0.000000000000000000 ) ) ;
#2918 = EDGE_CURVE ( 'NONE', #600, #1797, #6696, .T. ) ;
#2919 = CARTESIAN_POINT ( 'NONE',  ( 20.64999999999999858, 16.94289321881344179, 47.50000000000000000 ) ) ;
#2920 = AXIS2_PLACEMENT_3D ( 'NONE', #2295, #6160, #17 ) ;
#2921 = EDGE_CURVE ( 'NONE', #1810, #4000, #6961, .T. ) ;
#2922 = EDGE_LOOP ( 'NONE', ( #3172, #5210 ) ) ;
#2923 = ORIENTED_EDGE ( 'NONE', *, *, #5945, .T. ) ;
#2924 = DIRECTION ( 'NONE',  ( 0.000000000000000000, 0.000000000000000000, 1.000000000000000000 ) ) ;
#2925 = VERTEX_POINT ( 'NONE', #5272 ) ;
#2926 = CIRCLE ( 'NONE', #4397, 0.5000000000000004441 ) ;
#2927 = PRESENTATION_STYLE_ASSIGNMENT (( #6841 ) ) ;
#2928 = DIRECTION ( 'NONE',  ( 0.000000000000000000, 0.000000000000000000, 1.000000000000000000 ) ) ;
#2929 = DIRECTION ( 'NONE',  ( 0.000000000000000000, 0.000000000000000000, 1.000000000000000000 ) ) ;
#2930 = PLANE ( 'NONE',  #525 ) ;
#2931 = AXIS2_PLACEMENT_3D ( 'NONE', #4159, #4264, #7373 ) ;
#2932 = PRESENTATION_STYLE_ASSIGNMENT (( #8530 ) ) ;
#2933 = CARTESIAN_POINT ( 'NONE',  ( -16.84930666606614480, -15.94640676939191870, 47.49262389544728791 ) ) ;
#2934 = AXIS2_PLACEMENT_3D ( 'NONE', #8646, #9332, #4693 ) ;
#2935 = SURFACE_STYLE_FILL_AREA ( #2990 ) ;
#2936 = ORIENTED_EDGE ( 'NONE', *, *, #885, .T. ) ;
#2937 = ORIENTED_EDGE ( 'NONE', *, *, #8398, .F. ) ;
#2938 = PLANE ( 'NONE',  #6726 ) ;
#2939 = ORIENTED_EDGE ( 'NONE', *, *, #3095, .F. ) ;
#2940 = CARTESIAN_POINT ( 'NONE',  ( 0.000000000000000000, 0.000000000000000000, -23.50000000000000711 ) ) ;
#2941 = CARTESIAN_POINT ( 'NONE',  ( 15.92449465477568893, 14.21692477204115868, 47.49867441544050450 ) ) ;
#2942 = DIRECTION ( 'NONE',  ( 0.000000000000000000, 2.081668171172168513E-14, -1.000000000000000000 ) ) ;
#2943 = DIRECTION ( 'NONE',  ( -0.000000000000000000, -0.000000000000000000, 1.000000000000000000 ) ) ;
#2944 =( LENGTH_UNIT ( ) NAMED_UNIT ( * ) SI_UNIT ( .MILLI., .METRE. ) );
#2945 = AXIS2_PLACEMENT_3D ( 'NONE', #20, #792, #7192 ) ;
#2946 = CARTESIAN_POINT ( 'NONE',  ( -17.14999999999997726, 21.14999999999999858, 0.5000000000000004441 ) ) ;
#2947 = STYLED_ITEM ( 'NONE', ( #6277 ), #9884 ) ;
#2948 =( NAMED_UNIT ( * ) PLANE_ANGLE_UNIT ( ) SI_UNIT ( $, .RADIAN. ) );
#2949 = ORIENTED_EDGE ( 'NONE', *, *, #640, .T. ) ;
#2950 = ORIENTED_EDGE ( 'NONE', *, *, #1576, .T. ) ;
#2951 = ORIENTED_EDGE ( 'NONE', *, *, #1766, .T. ) ;
#2952 = ADVANCED_FACE ( 'NONE', ( #7732 ), #6092, .F. ) ;
#2953 = SURFACE_STYLE_FILL_AREA ( #9900 ) ;
#2954 = DIRECTION ( 'NONE',  ( -0.000000000000000000, -0.000000000000000000, -1.000000000000000000 ) ) ;
#2955 = AXIS2_PLACEMENT_3D ( 'NONE', #9536, #2523, #5575 ) ;
#2956 = MECHANICAL_DESIGN_GEOMETRIC_PRESENTATION_REPRESENTATION (  '', ( #3615 ), #6418 ) ;
#2957 = CARTESIAN_POINT ( 'NONE',  ( -15.05359323060823584, 16.72095085742160947, 47.50000000000000000 ) ) ;
#2958 = FACE_OUTER_BOUND ( 'NONE', #8367, .T. ) ;
#2959 = DIRECTION ( 'NONE',  ( -0.000000000000000000, -0.000000000000000000, -1.000000000000000000 ) ) ;
#2960 = CARTESIAN_POINT ( 'NONE',  ( -15.50000000000016520, 15.49999999999897504, 46.00000000000000000 ) ) ;
#2961 = PRESENTATION_STYLE_ASSIGNMENT (( #10063 ) ) ;
#2962 = VECTOR ( 'NONE', #1923, 1000.000000000000000 ) ;
#2963 = DIRECTION ( 'NONE',  ( -0.000000000000000000, -1.000000000000000000, 6.938893903907221278E-15 ) ) ;
#2964 = ORIENTED_EDGE ( 'NONE', *, *, #9276, .T. ) ;
#2965 = ORIENTED_EDGE ( 'NONE', *, *, #9619, .T. ) ;
#2966 = EDGE_CURVE ( 'NONE', #9607, #9644, #1924, .T. ) ;
#2967 = CARTESIAN_POINT ( 'NONE',  ( -13.32957238623954765, -21.15000000000000568, 38.00000000000000000 ) ) ;
#2968 = AXIS2_PLACEMENT_3D ( 'NONE', #2368, #1593, #1645 ) ;
#2969 = FACE_OUTER_BOUND ( 'NONE', #7109, .T. ) ;
#2970 = COLOUR_RGB ( '',0.2509803921568627416, 0.2509803921568627416, 0.2509803921568627416 ) ;
#2971 = CIRCLE ( 'NONE', #2311, 1.249999999999997558 ) ;
#2972 = EDGE_CURVE ( 'NONE', #392, #5265, #2167, .T. ) ;
#2973 = LINE ( 'NONE', #2188, #7686 ) ;
#2974 = CARTESIAN_POINT ( 'NONE',  ( 15.05359323060812748, -15.92449465477574755, 47.50000000000000000 ) ) ;
#2975 = EDGE_CURVE ( 'NONE', #3145, #4964, #762, .T. ) ;
#2976 = ORIENTED_EDGE ( 'NONE', *, *, #7329, .F. ) ;
#2978 = ORIENTED_EDGE ( 'NONE', *, *, #382, .F. ) ;
#2977 = AXIS2_PLACEMENT_3D ( 'NONE', #4149, #8782, #8987 ) ;
#2979 = VECTOR ( 'NONE', #2851, 1000.000000000000000 ) ;
#2980 = DIRECTION ( 'NONE',  ( 1.000000000000000000, 0.000000000000000000, 0.000000000000000000 ) ) ;
#2981 = EDGE_CURVE ( 'NONE', #2141, #2027, #3045, .T. ) ;
#2982 = ORIENTED_EDGE ( 'NONE', *, *, #8865, .T. ) ;
#2983 = DIRECTION ( 'NONE',  ( 0.000000000000000000, 0.000000000000000000, 1.000000000000000000 ) ) ;
#2984 = DIRECTION ( 'NONE',  ( -0.000000000000000000, 0.000000000000000000, -1.000000000000000000 ) ) ;
#2985 = EDGE_CURVE ( 'NONE', #1248, #9344, #3854, .T. ) ;
#2986 = LINE ( 'NONE', #1433, #5242 ) ;
#2987 = DIRECTION ( 'NONE',  ( 0.000000000000000000, 0.000000000000000000, 1.000000000000000000 ) ) ;
#2988 = DIRECTION ( 'NONE',  ( 0.7071067811865474617, -0.7071067811865474617, -0.000000000000000000 ) ) ;
#2989 = CARTESIAN_POINT ( 'NONE',  ( -15.05359323060823584, 15.07550534522231089, 46.50000000000000000 ) ) ;
#2990 = FILL_AREA_STYLE ('',( #1340 ) ) ;
#2991 = ORIENTED_EDGE ( 'NONE', *, *, #7442, .F. ) ;
#2992 = ORIENTED_EDGE ( 'NONE', *, *, #3421, .T. ) ;
#2993 = ORIENTED_EDGE ( 'NONE', *, *, #4802, .F. ) ;
#2994 = AXIS2_PLACEMENT_3D ( 'NONE', #6637, #8819, #6481 ) ;
#2995 = CARTESIAN_POINT ( 'NONE',  ( -21.14999999999997726, 21.14999999999999858, 8.000000000000000000 ) ) ;
#2996 = CARTESIAN_POINT ( 'NONE',  ( -16.78307522795911311, 15.92449465477565163, 46.50000000000000000 ) ) ;
#2997 = FILL_AREA_STYLE ('',( #7678 ) ) ;
#2998 = SURFACE_STYLE_FILL_AREA ( #3044 ) ;
#2999 = AXIS2_PLACEMENT_3D ( 'NONE', #4275, #5841, #5163 ) ;
#3000 = LINE ( 'NONE', #9425, #5428 ) ;
#3001 = SURFACE_STYLE_FILL_AREA ( #6863 ) ;
#3002 = ORIENTED_EDGE ( 'NONE', *, *, #7191, .T. ) ;
#3003 = CARTESIAN_POINT ( 'NONE',  ( -13.31369220013742805, 21.15999999999999659, 5.999999999999998224 ) ) ;
#3004 = ORIENTED_EDGE ( 'NONE', *, *, #1769, .T. ) ;
#3005 = ORIENTED_EDGE ( 'NONE', *, *, #3519, .F. ) ;
#3006 = STYLED_ITEM ( 'NONE', ( #3708 ), #7172 ) ;
#3007 = DIRECTION ( 'NONE',  ( 0.000000000000000000, 1.000000000000000000, 0.000000000000000000 ) ) ;
#3008 = PLANE ( 'NONE',  #4899 ) ;
#3009 = DIRECTION ( 'NONE',  ( 1.000000000000000000, 0.000000000000000000, -0.000000000000000000 ) ) ;
#3010 = FACE_OUTER_BOUND ( 'NONE', #8683, .T. ) ;
#3011 = FACE_OUTER_BOUND ( 'NONE', #202, .T. ) ;
#3012 =( NAMED_UNIT ( * ) PLANE_ANGLE_UNIT ( ) SI_UNIT ( $, .RADIAN. ) );
#3013 = CARTESIAN_POINT ( 'NONE',  ( 14.21692477204111604, -15.07550534522241215, 47.49867441544043345 ) ) ;
#3014 = ORIENTED_EDGE ( 'NONE', *, *, #380, .F. ) ;
#3015 = EDGE_LOOP ( 'NONE', ( #9072, #874, #1388, #5561 ) ) ;
#3016 = B_SPLINE_CURVE_WITH_KNOTS ( 'NONE', 3,
 ( #9256, #5979, #2041, #5202 ),
 .UNSPECIFIED., .F., .F.,
 ( 4, 4 ),
 ( 0.000000000000000000, 5.435045947876297311E-05 ),
 .UNSPECIFIED. ) ;
#3017 = LINE ( 'NONE', #10116, #6864 ) ;
#3018 = CARTESIAN_POINT ( 'NONE',  ( -15.50000000000016698, 14.15069333393197404, 47.49923505645085697 ) ) ;
#3019 = EDGE_CURVE ( 'NONE', #5487, #9159, #6812, .T. ) ;
#3020 = AXIS2_PLACEMENT_3D ( 'NONE', #1722, #4869, #4070 ) ;
#3021 = CARTESIAN_POINT ( 'NONE',  ( -16.94289321881343469, -20.65000000000000568, 47.50000000000000000 ) ) ;
#3022 = EDGE_LOOP ( 'NONE', ( #9916, #10090, #9598 ) ) ;
#3023 = ORIENTED_EDGE ( 'NONE', *, *, #752, .T. ) ;
#3024 = EDGE_CURVE ( 'NONE', #7584, #4907, #1597, .T. ) ;
#3025 = DIRECTION ( 'NONE',  ( 1.000000000000000000, 0.000000000000000000, 0.000000000000000000 ) ) ;
#3026 = EDGE_LOOP ( 'NONE', ( #4554, #6452, #6704, #8215 ) ) ;
#3027 = AXIS2_PLACEMENT_3D ( 'NONE', #8350, #8404, #3047 ) ;
#3028 = DIRECTION ( 'NONE',  ( 7.503031772074183177E-15, 1.000000000000000000, 0.000000000000000000 ) ) ;
#3029 = CYLINDRICAL_SURFACE ( 'NONE', #9422, 2.299999999999998046 ) ;
#3030 = ADVANCED_FACE ( 'NONE', ( #3342 ), #1744, .F. ) ;
#3031 = ADVANCED_FACE ( 'NONE', ( #2566, #7881 ), #4047, .T. ) ;
#3032 = DIRECTION ( 'NONE',  ( 0.000000000000000000, 0.000000000000000000, 1.000000000000000000 ) ) ;
#3033 = ADVANCED_FACE ( 'NONE', ( #4104 ), #2472, .T. ) ;
#3034 = CARTESIAN_POINT ( 'NONE',  ( -21.16000000000000014, 1.102827020480174781E-14, 5.999999999999998224 ) ) ;
#3035 = CYLINDRICAL_SURFACE ( 'NONE', #3358, 0.5000000000000004441 ) ;
#3036 = ORIENTED_EDGE ( 'NONE', *, *, #5493, .T. ) ;
#3037 = ORIENTED_EDGE ( 'NONE', *, *, #125, .T. ) ;
#3038 = ADVANCED_FACE ( 'NONE', ( #3949 ), #917, .F. ) ;
#3039 = DIRECTION ( 'NONE',  ( 0.000000000000000000, -0.000000000000000000, 1.000000000000000000 ) ) ;
#3040 = ORIENTED_EDGE ( 'NONE', *, *, #6673, .T. ) ;
#3041 = DIRECTION ( 'NONE',  ( 0.000000000000000000, 0.000000000000000000, 1.000000000000000000 ) ) ;
#3042 = CARTESIAN_POINT ( 'NONE',  ( 21.15000000000002345, 13.32957238623951923, 8.000000000000000000 ) ) ;
#3043 = AXIS2_PLACEMENT_3D ( 'NONE', #3698, #8867, #5753 ) ;
#3044 = FILL_AREA_STYLE ('',( #1350 ) ) ;
#3045 = LINE ( 'NONE', #1501, #3566 ) ;
#3046 =( NAMED_UNIT ( * ) PLANE_ANGLE_UNIT ( ) SI_UNIT ( $, .RADIAN. ) );
#3047 = DIRECTION ( 'NONE',  ( -1.000000000000000000, 0.000000000000000000, 0.000000000000000000 ) ) ;
#3048 = EDGE_CURVE ( 'NONE', #4475, #4717, #2514, .T. ) ;
#3049 = CARTESIAN_POINT ( 'NONE',  ( -13.31369220013741206, -21.16000000000000725, 5.999999999999998224 ) ) ;
#3050 = MECHANICAL_DESIGN_GEOMETRIC_PRESENTATION_REPRESENTATION (  '', ( #5515 ), #9789 ) ;
#3051 = ORIENTED_EDGE ( 'NONE', *, *, #7013, .T. ) ;
#3052 = LINE ( 'NONE', #3858, #9027 ) ;
#3053 = VERTEX_POINT ( 'NONE', #8939 ) ;
#3054 = CARTESIAN_POINT ( 'NONE',  ( 14.24999999999983835, 15.50000000000015987, 0.000000000000000000 ) ) ;
#3055 = DIRECTION ( 'NONE',  ( -0.000000000000000000, -0.000000000000000000, -1.000000000000000000 ) ) ;
#3056 = MECHANICAL_DESIGN_GEOMETRIC_PRESENTATION_REPRESENTATION (  '', ( #2550 ), #4532 ) ;
#3057 = CARTESIAN_POINT ( 'NONE',  ( -21.14999999999997726, 21.14999999999999858, 8.000000000000000000 ) ) ;
#3058 =( NAMED_UNIT ( * ) PLANE_ANGLE_UNIT ( ) SI_UNIT ( $, .RADIAN. ) );
#3059 = CARTESIAN_POINT ( 'NONE',  ( 15.49999999999983658, 15.50000000000015987, 48.00000000000000000 ) ) ;
#3060 = CARTESIAN_POINT ( 'NONE',  ( 10.49999999999999822, 1.285879139104720633E-15, -1.500000000000000000 ) ) ;
#3061 = PRESENTATION_LAYER_ASSIGNMENT (  '', '', ( #1736 ) ) ;
#3062 = CARTESIAN_POINT ( 'NONE',  ( -11.50000000000000000, 0.000000000000000000, 0.5000000000000000000 ) ) ;
#3063 = SURFACE_STYLE_FILL_AREA ( #683 ) ;
#3064 = VERTEX_POINT ( 'NONE', #9101 ) ;
#3065 = ORIENTED_EDGE ( 'NONE', *, *, #1279, .T. ) ;
#3066 = CARTESIAN_POINT ( 'NONE',  ( -13.32957238623955831, 21.14999999999999858, 99.84951795962939514 ) ) ;
#3067 = VECTOR ( 'NONE', #6512, 1000.000000000000000 ) ;
#3068 = VECTOR ( 'NONE', #4749, 1000.000000000000000 ) ;
#3069 = PRESENTATION_STYLE_ASSIGNMENT (( #845 ) ) ;
#3070 = LINE ( 'NONE', #9295, #6371 ) ;
#3071 = CARTESIAN_POINT ( 'NONE',  ( 16.94289321881341337, 20.64999999999999858, 48.00000000000000000 ) ) ;
#3072 = DIRECTION ( 'NONE',  ( 1.658696185533663268E-14, 1.000000000000000000, 0.000000000000000000 ) ) ;
#3073 = AXIS2_PLACEMENT_3D ( 'NONE', #9468, #5562, #7158 ) ;
#3074 = ORIENTED_EDGE ( 'NONE', *, *, #876, .T. ) ;
#3075 = COLOUR_RGB ( '',0.2509803921568627416, 0.2509803921568627416, 0.2509803921568627416 ) ;
#3076 = EDGE_LOOP ( 'NONE', ( #2633, #7920, #5537, #6690, #2046, #3882, #8118, #7309, #1131, #3311, #2687, #6287, #7481, #8255 ) ) ;
#3077 = DIRECTION ( 'NONE',  ( -0.7071067811865441310, 0.7071067811865510144, 0.000000000000000000 ) ) ;
#3078 = EDGE_LOOP ( 'NONE', ( #8477, #8063, #4799 ) ) ;
#3079 = EDGE_CURVE ( 'NONE', #9607, #4886, #4368, .T. ) ;
#3080 = DIRECTION ( 'NONE',  ( 1.000000000000000000, 0.000000000000000000, 0.000000000000000000 ) ) ;
#3081 = FILL_AREA_STYLE_COLOUR ( '', #2662 ) ;
#3082 = CARTESIAN_POINT ( 'NONE',  ( -2.596119095141088629, -21.25000000000000711, 43.56695646205938033 ) ) ;
#3083 = AXIS2_PLACEMENT_3D ( 'NONE', #9243, #7037, #9448 ) ;
#3084 = CARTESIAN_POINT ( 'NONE',  ( 21.16000000000000014, -0.000000000000000000, 40.00000000000000000 ) ) ;
#3085 =( LENGTH_UNIT ( ) NAMED_UNIT ( * ) SI_UNIT ( .MILLI., .METRE. ) );
#3086 =( LENGTH_UNIT ( ) NAMED_UNIT ( * ) SI_UNIT ( .MILLI., .METRE. ) );
#3087 = EDGE_LOOP ( 'NONE', ( #7568, #5250, #4132, #6906, #4667, #3102, #2047, #3427 ) ) ;
#3088 = VERTEX_POINT ( 'NONE', #1021 ) ;
#3089 = CARTESIAN_POINT ( 'NONE',  ( 15.92449465477569603, 15.94640676939203594, 46.50000000000000000 ) ) ;
#3090 = ORIENTED_EDGE ( 'NONE', *, *, #3465, .F. ) ;
#3091 = CARTESIAN_POINT ( 'NONE',  ( 21.15000000000000213, -16.94289321881343113, 47.50000000000000000 ) ) ;
#3092 =( LENGTH_UNIT ( ) NAMED_UNIT ( * ) SI_UNIT ( .MILLI., .METRE. ) );
#3093 = DIRECTION ( 'NONE',  ( -0.000000000000000000, -0.000000000000000000, -1.000000000000000000 ) ) ;
#3094 = DIRECTION ( 'NONE',  ( 0.000000000000000000, 0.000000000000000000, 1.000000000000000000 ) ) ;
#3095 = EDGE_CURVE ( 'NONE', #2664, #1479, #4651, .T. ) ;
#3096 = COLOUR_RGB ( '',0.000000000000000000, 0.5019607843137254832, 1.000000000000000000 ) ;
#3097 = CARTESIAN_POINT ( 'NONE',  ( 16.84930666606603467, 15.94640676939203239, 47.50000000000000000 ) ) ;
#3098 = PLANE ( 'NONE',  #7471 ) ;
#3099 = AXIS2_PLACEMENT_3D ( 'NONE', #8898, #7518, #3507 ) ;
#3100 = ORIENTED_EDGE ( 'NONE', *, *, #2469, .F. ) ;
#3101 = DIRECTION ( 'NONE',  ( 0.000000000000000000, 0.000000000000000000, 1.000000000000000000 ) ) ;
#3102 = ORIENTED_EDGE ( 'NONE', *, *, #430, .T. ) ;
#3103 = EDGE_CURVE ( 'NONE', #2589, #5461, #6208, .T. ) ;
#3104 = CYLINDRICAL_SURFACE ( 'NONE', #2795, 0.5000000000000006661 ) ;
#3105 = VERTEX_POINT ( 'NONE', #5779 ) ;
#3106 = CARTESIAN_POINT ( 'NONE',  ( -20.64999999999999503, 16.94289321881343824, 47.50000000000000000 ) ) ;
#3107 = CARTESIAN_POINT ( 'NONE',  ( -21.16000000000000014, 1.102827020480174781E-14, 40.00000000000000000 ) ) ;
#3108 = EDGE_CURVE ( 'NONE', #4511, #4860, #1123, .T. ) ;
#3109 = CARTESIAN_POINT ( 'NONE',  ( 15.05359323060813992, -14.15069333393208417, 47.49262389544714580 ) ) ;
#3110 = PRESENTATION_LAYER_ASSIGNMENT (  '', '', ( #3592 ) ) ;
#3111 = SURFACE_SIDE_STYLE ('',( #6307 ) ) ;
#3112 = AXIS2_PLACEMENT_3D ( 'NONE', #5658, #2316, #9419 ) ;
#3113 = DIRECTION ( 'NONE',  ( -1.000000000000000000, -0.000000000000000000, -0.000000000000000000 ) ) ;
#3114 = EDGE_CURVE ( 'NONE', #6020, #1065, #6648, .T. ) ;
#3115 = FACE_OUTER_BOUND ( 'NONE', #8766, .T. ) ;
#3116 = CIRCLE ( 'NONE', #7063, 2.799999999999999822 ) ;
#3117 = SURFACE_STYLE_USAGE ( .BOTH. , #2181 ) ;
#3118 = FILL_AREA_STYLE_COLOUR ( '', #8468 ) ;
#3119 = VERTEX_POINT ( 'NONE', #5831 ) ;
#3120 = MECHANICAL_DESIGN_GEOMETRIC_PRESENTATION_REPRESENTATION (  '', ( #9846 ), #10175 ) ;
#3121 =( NAMED_UNIT ( * ) SI_UNIT ( $, .STERADIAN. ) SOLID_ANGLE_UNIT ( ) );
#3122 = VECTOR ( 'NONE', #9274, 1000.000000000000000 ) ;
#3123 = EDGE_LOOP ( 'NONE', ( #2923, #1783, #5422, #3656, #1931 ) ) ;
#3124 = DIRECTION ( 'NONE',  ( 0.000000000000000000, 0.000000000000000000, 1.000000000000000000 ) ) ;
#3125 = LINE ( 'NONE', #5340, #7359 ) ;
#3126 = LINE ( 'NONE', #6163, #7136 ) ;
#3127 = VECTOR ( 'NONE', #9364, 1000.000000000000000 ) ;
#3128 = DIRECTION ( 'NONE',  ( 0.000000000000000000, 0.000000000000000000, 1.000000000000000000 ) ) ;
#3129 = ORIENTED_EDGE ( 'NONE', *, *, #5348, .T. ) ;
#3130 = ORIENTED_EDGE ( 'NONE', *, *, #2405, .T. ) ;
#3131 = DIRECTION ( 'NONE',  ( 0.7071067811865491270, 0.7071067811865460184, 0.000000000000000000 ) ) ;
#3132 = COLOUR_RGB ( '',0.2509803921568627416, 0.2509803921568627416, 0.2509803921568627416 ) ;
#3133 = VERTEX_POINT ( 'NONE', #1951 ) ;
#3134 = B_SPLINE_CURVE_WITH_KNOTS ( 'NONE', 3,
 ( #7429, #6619, #9747, #2697 ),
 .UNSPECIFIED., .F., .F.,
 ( 4, 4 ),
 ( 0.000000000000000000, 0.0004464067693918816887 ),
 .UNSPECIFIED. ) ;
#3135 = AXIS2_PLACEMENT_3D ( 'NONE', #7907, #3128, #5496 ) ;
#3136 = COLOUR_RGB ( '',0.2509803921568627416, 0.2509803921568627416, 0.2509803921568627416 ) ;
#3137 = SURFACE_STYLE_USAGE ( .BOTH. , #9508 ) ;
#3138 = CARTESIAN_POINT ( 'NONE',  ( 21.15349364153872358, -13.32403302392777888, 5.967958232163240062 ) ) ;
#3139 = PLANE ( 'NONE',  #2093 ) ;
#3140 = CARTESIAN_POINT ( 'NONE',  ( -15.05359323060823584, 16.84930666606597782, 47.49262389544726659 ) ) ;
#3141 = DIRECTION ( 'NONE',  ( 0.000000000000000000, 0.000000000000000000, 1.000000000000000000 ) ) ;
#3142 = LINE ( 'NONE', #2505, #7555 ) ;
#3143 = AXIS2_PLACEMENT_3D ( 'NONE', #1445, #5161, #6088 ) ;
#3144 = FACE_OUTER_BOUND ( 'NONE', #3792, .T. ) ;
#3145 = VERTEX_POINT ( 'NONE', #3599 ) ;
#3146 = ORIENTED_EDGE ( 'NONE', *, *, #4857, .F. ) ;
#3147 = DIRECTION ( 'NONE',  ( 0.000000000000000000, -1.000000000000000000, 0.000000000000000000 ) ) ;
#3148 = VERTEX_POINT ( 'NONE', #5881 ) ;
#3149 = CARTESIAN_POINT ( 'NONE',  ( 0.000000000000000000, 0.000000000000000000, -2.000000000000000000 ) ) ;
#3150 = CARTESIAN_POINT ( 'NONE',  ( -15.70908840090987368, -14.21692477204105387, 47.50000000000000000 ) ) ;
#3151 =( NAMED_UNIT ( * ) PLANE_ANGLE_UNIT ( ) SI_UNIT ( $, .RADIAN. ) );
#3152 = PRESENTATION_LAYER_ASSIGNMENT (  '', '', ( #4455 ) ) ;
#3153 = DIRECTION ( 'NONE',  ( -1.000000000000000000, 0.000000000000000000, -8.673617379884027583E-16 ) ) ;
#3154 = SURFACE_STYLE_FILL_AREA ( #6496 ) ;
#3155 = EDGE_CURVE ( 'NONE', #8406, #4318, #1899, .T. ) ;
#3156 = SURFACE_STYLE_USAGE ( .BOTH. , #92 ) ;
#3157 = ORIENTED_EDGE ( 'NONE', *, *, #2510, .T. ) ;
#3158 = DIRECTION ( 'NONE',  ( -1.000000000000000000, 0.000000000000000000, 8.673617379884027583E-16 ) ) ;
#3159 = ADVANCED_FACE ( 'NONE', ( #4996 ), #7461, .T. ) ;
#3160 = DIRECTION ( 'NONE',  ( 3.885970363620945164E-15, 1.000000000000000000, 0.000000000000000000 ) ) ;
#3161 = FACE_OUTER_BOUND ( 'NONE', #4861, .T. ) ;
#3162 =( LENGTH_UNIT ( ) NAMED_UNIT ( * ) SI_UNIT ( .MILLI., .METRE. ) );
#3163 = DIRECTION ( 'NONE',  ( 0.000000000000000000, 0.000000000000000000, 1.000000000000000000 ) ) ;
#3164 = LINE ( 'NONE', #10002, #8875 ) ;
#3165 = COLOUR_RGB ( '',0.2509803921568627416, 0.2509803921568627416, 0.2509803921568627416 ) ;
#3166 = CARTESIAN_POINT ( 'NONE',  ( -1.379851512413567960, -39.15000000000000568, 42.12714644778323247 ) ) ;
#3167 = EDGE_CURVE ( 'NONE', #9452, #2157, #6546, .T. ) ;
#3168 = FACE_BOUND ( 'NONE', #5955, .T. ) ;
#3169 = EDGE_CURVE ( 'NONE', #8911, #9760, #9190, .T. ) ;
#3170 = LINE ( 'NONE', #2336, #4335 ) ;
#3171 = DIRECTION ( 'NONE',  ( 1.000000000000000000, 0.000000000000000000, 0.000000000000000000 ) ) ;
#3172 = ORIENTED_EDGE ( 'NONE', *, *, #4842, .F. ) ;
#3173 = VECTOR ( 'NONE', #4257, 1000.000000000000000 ) ;
#3174 = EDGE_LOOP ( 'NONE', ( #5186, #4294, #9040, #1230 ) ) ;
#3175 = ADVANCED_FACE ( 'NONE', ( #2829 ), #2683, .T. ) ;
#3176 = CARTESIAN_POINT ( 'NONE',  ( 2.603880904858910217, -21.25000000000000711, 0.000000000000000000 ) ) ;
#3177 = LINE ( 'NONE', #4614, #7036 ) ;
#3178 =( NAMED_UNIT ( * ) SI_UNIT ( $, .STERADIAN. ) SOLID_ANGLE_UNIT ( ) );
#3179 = AXIS2_PLACEMENT_3D ( 'NONE', #3648, #9155, #544 ) ;
#3180 = CARTESIAN_POINT ( 'NONE',  ( 16.76498005845866857, -15.92449465477577242, 47.49955985394397118 ) ) ;
#3181 = AXIS2_PLACEMENT_3D ( 'NONE', #5652, #337, #1059 ) ;
#3182 = ORIENTED_EDGE ( 'NONE', *, *, #10143, .T. ) ;
#3183 = UNCERTAINTY_MEASURE_WITH_UNIT (LENGTH_MEASURE( 1.000000000000000082E-05 ), #1140, 'distance_accuracy_value', 'NONE');
#3184 = ORIENTED_EDGE ( 'NONE', *, *, #6115, .F. ) ;
#3185 =( LENGTH_UNIT ( ) NAMED_UNIT ( * ) SI_UNIT ( .MILLI., .METRE. ) );
#3186 = CIRCLE ( 'NONE', #2934, 0.5787973969144516451 ) ;
#3187 =( NAMED_UNIT ( * ) SI_UNIT ( $, .STERADIAN. ) SOLID_ANGLE_UNIT ( ) );
#3188 = AXIS2_PLACEMENT_3D ( 'NONE', #2597, #8103, #261 ) ;
#3189 = CARTESIAN_POINT ( 'NONE',  ( -3.599999999999998312, -19.15000000000000568, 44.50000000000000000 ) ) ;
#3190 = CARTESIAN_POINT ( 'NONE',  ( -15.05359323060823584, 15.07550534522231089, 47.50000000000000000 ) ) ;
#3191 = CARTESIAN_POINT ( 'NONE',  ( -20.64999999999999503, -16.94289321881343469, 47.50000000000000000 ) ) ;
#3192 = EDGE_LOOP ( 'NONE', ( #4096, #3639, #9881, #8678 ) ) ;
#3193 = ORIENTED_EDGE ( 'NONE', *, *, #3907, .F. ) ;
#3194 = SURFACE_STYLE_FILL_AREA ( #35 ) ;
#3195 = CIRCLE ( 'NONE', #52, 0.5000000000000000000 ) ;
#3196 = VERTEX_POINT ( 'NONE', #650 ) ;
#3197 = UNCERTAINTY_MEASURE_WITH_UNIT (LENGTH_MEASURE( 1.000000000000000082E-05 ), #825, 'distance_accuracy_value', 'NONE');
#3198 = LINE ( 'NONE', #4632, #921 ) ;
#3199 = LINE ( 'NONE', #7874, #4609 ) ;
#3200 = CARTESIAN_POINT ( 'NONE',  ( 15.49999999999983658, 15.50000000000015987, -2.266821225221747863E-17 ) ) ;
#3201 = DIRECTION ( 'NONE',  ( -0.7071067811865462405, 0.7071067811865489050, -0.000000000000000000 ) ) ;
#3202 =( GEOMETRIC_REPRESENTATION_CONTEXT ( 3 ) GLOBAL_UNCERTAINTY_ASSIGNED_CONTEXT ( ( #9057 ) ) GLOBAL_UNIT_ASSIGNED_CONTEXT ( ( #2890, #2948, #10051 ) ) REPRESENTATION_CONTEXT ( 'NONE', 'WORKASPACE' ) );
#3203 = CARTESIAN_POINT ( 'NONE',  ( 16.84930666606603467, 15.94640676939203239, 46.50000000000000000 ) ) ;
#3204 = VERTEX_POINT ( 'NONE', #2872 ) ;
#3205 =( LENGTH_UNIT ( ) NAMED_UNIT ( * ) SI_UNIT ( .MILLI., .METRE. ) );
#3206 = ORIENTED_EDGE ( 'NONE', *, *, #8187, .T. ) ;
#3207 = DIRECTION ( 'NONE',  ( 1.000000000000000000, 0.000000000000000000, 0.000000000000000000 ) ) ;
#3208 = CARTESIAN_POINT ( 'NONE',  ( -16.94289321881342403, -20.65000000000000568, 0.000000000000000000 ) ) ;
#3209 = CARTESIAN_POINT ( 'NONE',  ( 16.94289321881344179, -21.15000000000000213, 47.50000000000000000 ) ) ;
#3210 = VECTOR ( 'NONE', #6902, 1000.000000000000000 ) ;
#3211 = SURFACE_SIDE_STYLE ('',( #7943 ) ) ;
#3212 = EDGE_CURVE ( 'NONE', #2811, #4511, #2042, .T. ) ;
#3213 = DIRECTION ( 'NONE',  ( 0.000000000000000000, -1.000000000000000000, 0.000000000000000000 ) ) ;
#3214 = CARTESIAN_POINT ( 'NONE',  ( -15.92449465477579729, -15.05359323060806709, 46.50000000000000000 ) ) ;
#3215 = EDGE_CURVE ( 'NONE', #8408, #466, #10085, .T. ) ;
#3216 = COLOUR_RGB ( '',0.2509803921568627416, 0.2509803921568627416, 0.2509803921568627416 ) ;
#3217 =( LENGTH_UNIT ( ) NAMED_UNIT ( * ) SI_UNIT ( .MILLI., .METRE. ) );
#3218 = FACE_OUTER_BOUND ( 'NONE', #3419, .T. ) ;
#3219 = ORIENTED_EDGE ( 'NONE', *, *, #8054, .T. ) ;
#3220 = CARTESIAN_POINT ( 'NONE',  ( 0.000000000000000000, 0.000000000000000000, 1.000000000000000000 ) ) ;
#3221 = ORIENTED_EDGE ( 'NONE', *, *, #57, .F. ) ;
#3222 = LINE ( 'NONE', #5591, #7816 ) ;
#3223 = EDGE_CURVE ( 'NONE', #8075, #9467, #5691, .T. ) ;
#3224 = AXIS2_PLACEMENT_3D ( 'NONE', #1005, #2022, #3438 ) ;
#3225 = DIRECTION ( 'NONE',  ( -0.000000000000000000, -0.000000000000000000, 1.000000000000000000 ) ) ;
#3226 = PRESENTATION_LAYER_ASSIGNMENT (  '', '', ( #2550 ) ) ;
#3227 = EDGE_CURVE ( 'NONE', #1285, #5997, #2099, .T. ) ;
#3228 = CARTESIAN_POINT ( 'NONE',  ( 16.94289321881345600, 20.65000000000000213, 0.5000000000000000000 ) ) ;
#3229 = ORIENTED_EDGE ( 'NONE', *, *, #2739, .F. ) ;
#3230 = ORIENTED_EDGE ( 'NONE', *, *, #7749, .F. ) ;
#3231 = AXIS2_PLACEMENT_3D ( 'NONE', #4003, #2, #3160 ) ;
#3232 = EDGE_CURVE ( 'NONE', #911, #10174, #575, .T. ) ;
#3233 = EDGE_CURVE ( 'NONE', #8059, #6945, #3745, .T. ) ;
#3234 = CYLINDRICAL_SURFACE ( 'NONE', #3255, 0.5000000000000004441 ) ;
#3235 = CARTESIAN_POINT ( 'NONE',  ( 0.000000000000000000, 0.000000000000000000, 38.00000000000000000 ) ) ;
#3236 = CARTESIAN_POINT ( 'NONE',  ( 0.000000000000000000, 0.000000000000000000, -24.00000000000000000 ) ) ;
#3237 = EDGE_CURVE ( 'NONE', #5903, #2119, #4626, .T. ) ;
#3238 = AXIS2_PLACEMENT_3D ( 'NONE', #2414, #6292, #5410 ) ;
#3239 = DIRECTION ( 'NONE',  ( -0.000000000000000000, -0.000000000000000000, -1.000000000000000000 ) ) ;
#3240 = VERTEX_POINT ( 'NONE', #6231 ) ;
#3241 = VERTEX_POINT ( 'NONE', #4572 ) ;
#3242 = CARTESIAN_POINT ( 'NONE',  ( 1.379851512413564629, -19.15000000000000568, 42.12714644778323247 ) ) ;
#3243 = ORIENTED_EDGE ( 'NONE', *, *, #3024, .T. ) ;
#3244 = VECTOR ( 'NONE', #6447, 1000.000000000000000 ) ;
#3245 = DIRECTION ( 'NONE',  ( 1.000000000000000000, 0.000000000000000000, 0.000000000000000000 ) ) ;
#3246 = FILL_AREA_STYLE ('',( #6959 ) ) ;
#3247 = VECTOR ( 'NONE', #4559, 1000.000000000000000 ) ;
#3248 = LINE ( 'NONE', #868, #6305 ) ;
#3249 = FILL_AREA_STYLE ('',( #7115 ) ) ;
#3250 = VERTEX_POINT ( 'NONE', #6899 ) ;
#3251 = ORIENTED_EDGE ( 'NONE', *, *, #6241, .T. ) ;
#3252 = CARTESIAN_POINT ( 'NONE',  ( 12.49999999999984013, 15.50000000000015987, 47.50000000000000000 ) ) ;
#3253 = CARTESIAN_POINT ( 'NONE',  ( 0.000000000000000000, -21.25000000000000711, 40.95372187942375319 ) ) ;
#3254 = SURFACE_STYLE_USAGE ( .BOTH. , #3211 ) ;
#3255 = AXIS2_PLACEMENT_3D ( 'NONE', #6432, #7965, #334 ) ;
#3256 = AXIS2_PLACEMENT_3D ( 'NONE', #2741, #3511, #9790 ) ;
#3257 = DIRECTION ( 'NONE',  ( 8.202002250481356316E-17, -1.000000000000000000, 0.000000000000000000 ) ) ;
#3258 = CARTESIAN_POINT ( 'NONE',  ( 0.000000000000000000, 0.000000000000000000, -1.734723475976807094E-15 ) ) ;
#3259 = DIRECTION ( 'NONE',  ( -2.073370231917083424E-15, -1.000000000000000000, 0.000000000000000000 ) ) ;
#3260 = COLOUR_RGB ( '',0.2509803921568627416, 0.2509803921568627416, 0.2509803921568627416 ) ;
#3261 = SURFACE_STYLE_USAGE ( .BOTH. , #200 ) ;
#3262 = EDGE_CURVE ( 'NONE', #4864, #9443, #2152, .T. ) ;
#3263 = ORIENTED_EDGE ( 'NONE', *, *, #926, .T. ) ;
#3264 = CARTESIAN_POINT ( 'NONE',  ( -16.80000000000016414, 15.49999999999897504, 46.50000000000000000 ) ) ;
#3265 = ORIENTED_EDGE ( 'NONE', *, *, #6763, .F. ) ;
#3266 = COLOUR_RGB ( '',0.2509803921568627416, 0.2509803921568627416, 0.2509803921568627416 ) ;
#3267 = CARTESIAN_POINT ( 'NONE',  ( 15.50000000000101963, -15.49999999999983658, 47.50000000000000000 ) ) ;
#3268 = CARTESIAN_POINT ( 'NONE',  ( -14.21692477204121730, 15.07550534522231089, 46.50000000000000000 ) ) ;
#3269 = SURFACE_SIDE_STYLE ('',( #9705 ) ) ;
#3270 = AXIS2_PLACEMENT_3D ( 'NONE', #1448, #7629, #6190 ) ;
#3272 = CARTESIAN_POINT ( 'NONE',  ( 15.94640676939198087, -16.80673604214047856, 47.49756013713623304 ) ) ;
#3271 = COLOUR_RGB ( '',1.000000000000000000, 1.000000000000000000, 1.000000000000000000 ) ;
#3273 = VECTOR ( 'NONE', #2710, 1000.000000000000000 ) ;
#3274 = ADVANCED_FACE ( 'NONE', ( #6173 ), #495, .F. ) ;
#3275 = VERTEX_POINT ( 'NONE', #4470 ) ;
#3276 = UNCERTAINTY_MEASURE_WITH_UNIT (LENGTH_MEASURE( 1.000000000000000082E-05 ), #245, 'distance_accuracy_value', 'NONE');
#3277 = ORIENTED_EDGE ( 'NONE', *, *, #6884, .F. ) ;
#3278 = AXIS2_PLACEMENT_3D ( 'NONE', #3264, #6215, #685 ) ;
#3279 = ADVANCED_FACE ( 'NONE', ( #5306 ), #4867, .F. ) ;
#3280 = FILL_AREA_STYLE ('',( #123 ) ) ;
#3281 = SURFACE_SIDE_STYLE ('',( #8771 ) ) ;
#3282 = CIRCLE ( 'NONE', #1310, 2.000000000000015543 ) ;
#3283 = DIRECTION ( 'NONE',  ( -0.7071067811865510144, -0.7071067811865441310, 0.000000000000000000 ) ) ;
#3284 = EDGE_CURVE ( 'NONE', #8024, #6058, #1818, .T. ) ;
#3285 = DIRECTION ( 'NONE',  ( 0.000000000000000000, 0.000000000000000000, 1.000000000000000000 ) ) ;
#3286 = EDGE_CURVE ( 'NONE', #4061, #253, #7168, .T. ) ;
#3287 = VERTEX_POINT ( 'NONE', #1536 ) ;
#3288 = AXIS2_PLACEMENT_3D ( 'NONE', #9615, #2554, #5819 ) ;
#3289 = VERTEX_POINT ( 'NONE', #906 ) ;
#3290 = EDGE_LOOP ( 'NONE', ( #5755, #8513, #8146, #3738, #537, #3739 ) ) ;
#3291 = UNCERTAINTY_MEASURE_WITH_UNIT (LENGTH_MEASURE( 1.000000000000000082E-05 ), #7694, 'distance_accuracy_value', 'NONE');
#3292 = EDGE_CURVE ( 'NONE', #5077, #1812, #4698, .T. ) ;
#3293 =( NAMED_UNIT ( * ) PLANE_ANGLE_UNIT ( ) SI_UNIT ( $, .RADIAN. ) );
#3294 = CARTESIAN_POINT ( 'NONE',  ( 0.000000000000000000, 0.000000000000000000, 40.00000000000000000 ) ) ;
#3295 = MECHANICAL_DESIGN_GEOMETRIC_PRESENTATION_REPRESENTATION (  '', ( #651 ), #9066 ) ;
#3296 = AXIS2_PLACEMENT_3D ( 'NONE', #8399, #9470, #1498 ) ;
#3297 = PRESENTATION_LAYER_ASSIGNMENT (  '', '', ( #7247 ) ) ;
#3298 = DIRECTION ( 'NONE',  ( 0.000000000000000000, -1.000000000000000000, 0.000000000000000000 ) ) ;
#3299 = ORIENTED_EDGE ( 'NONE', *, *, #8270, .T. ) ;
#3300 = VERTEX_POINT ( 'NONE', #128 ) ;
#3301 = FILL_AREA_STYLE ('',( #7273 ) ) ;
#3302 = PRESENTATION_STYLE_ASSIGNMENT (( #5673 ) ) ;
#3303 = FILL_AREA_STYLE_COLOUR ( '', #2305 ) ;
#3304 = SURFACE_STYLE_USAGE ( .BOTH. , #3111 ) ;
#3305 = DIRECTION ( 'NONE',  ( -0.000000000000000000, -0.000000000000000000, 1.000000000000000000 ) ) ;
#3306 = DIRECTION ( 'NONE',  ( -7.503031772074197377E-15, -1.000000000000000000, -0.000000000000000000 ) ) ;
#3307 = DIRECTION ( 'NONE',  ( -1.000000000000000000, 0.000000000000000000, 0.000000000000000000 ) ) ;
#3308 = CARTESIAN_POINT ( 'NONE',  ( 0.000000000000000000, 0.000000000000000000, 46.00000000000000000 ) ) ;
#3309 = ORIENTED_EDGE ( 'NONE', *, *, #5434, .F. ) ;
#3310 = ORIENTED_EDGE ( 'NONE', *, *, #702, .F. ) ;
#3311 = ORIENTED_EDGE ( 'NONE', *, *, #4991, .F. ) ;
#3312 = ORIENTED_EDGE ( 'NONE', *, *, #2347, .T. ) ;
#3313 = VECTOR ( 'NONE', #6584, 1000.000000000000114 ) ;
#3314 =( NAMED_UNIT ( * ) PLANE_ANGLE_UNIT ( ) SI_UNIT ( $, .RADIAN. ) );
#3315 = CARTESIAN_POINT ( 'NONE',  ( 0.000000000000000000, 21.14999999999999858, 38.00000000000000000 ) ) ;
#3316 = CARTESIAN_POINT ( 'NONE',  ( -2.486532817695816799, -21.25000000000000711, 40.95372187942375319 ) ) ;
#3317 = CIRCLE ( 'NONE', #1834, 0.5000000000000004441 ) ;
#3318 = CARTESIAN_POINT ( 'NONE',  ( 16.78307522795900653, -15.92449465477577242, 47.49867441544055424 ) ) ;
#3319 = ORIENTED_EDGE ( 'NONE', *, *, #6004, .F. ) ;
#3320 = ORIENTED_EDGE ( 'NONE', *, *, #7744, .F. ) ;
#3321 = PLANE ( 'NONE',  #8527 ) ;
#3322 = CYLINDRICAL_SURFACE ( 'NONE', #6876, 0.5000000000000004441 ) ;
#3323 = VECTOR ( 'NONE', #6024, 1000.000000000000000 ) ;
#3324 = CYLINDRICAL_SURFACE ( 'NONE', #10058, 0.5787973969144516451 ) ;
#3325 = LINE ( 'NONE', #9612, #2243 ) ;
#3326 = ADVANCED_FACE ( 'NONE', ( #3328 ), #5653, .F. ) ;
#3327 = CARTESIAN_POINT ( 'NONE',  ( 21.66440277933047653, -21.25000000000000711, 23.57596773044785010 ) ) ;
#3328 = FACE_OUTER_BOUND ( 'NONE', #3384, .T. ) ;
#3329 = AXIS2_PLACEMENT_3D ( 'NONE', #4779, #1487, #9307 ) ;
#3330 = CARTESIAN_POINT ( 'NONE',  ( 3.600000000000001421, -19.15000000000000568, 44.50000000000000000 ) ) ;
#3331 = EDGE_CURVE ( 'NONE', #2589, #5999, #753, .T. ) ;
#3332 = VERTEX_POINT ( 'NONE', #6435 ) ;
#3333 = ORIENTED_EDGE ( 'NONE', *, *, #3953, .F. ) ;
#3334 =( NAMED_UNIT ( * ) SI_UNIT ( $, .STERADIAN. ) SOLID_ANGLE_UNIT ( ) );
#3335 = ORIENTED_EDGE ( 'NONE', *, *, #1897, .F. ) ;
#3336 = PRESENTATION_LAYER_ASSIGNMENT (  '', '', ( #8276 ) ) ;
#3337 = CARTESIAN_POINT ( 'NONE',  ( 14.24999999999983835, 15.50000000000015987, -2.266821225221747863E-17 ) ) ;
#3338 = EDGE_CURVE ( 'NONE', #5668, #9172, #7052, .T. ) ;
#3339 = FACE_OUTER_BOUND ( 'NONE', #6689, .T. ) ;
#3340 = SURFACE_SIDE_STYLE ('',( #7265 ) ) ;
#3341 = EDGE_CURVE ( 'NONE', #2141, #5324, #6375, .T. ) ;
#3342 = FACE_OUTER_BOUND ( 'NONE', #2618, .T. ) ;
#3343 = CARTESIAN_POINT ( 'NONE',  ( 11.50000000000000000, 1.408343819019456176E-15, 0.000000000000000000 ) ) ;
#3344 = DIRECTION ( 'NONE',  ( 0.000000000000000000, 0.000000000000000000, 1.000000000000000000 ) ) ;
#3345 = EDGE_LOOP ( 'NONE', ( #9160, #2602, #2911, #2301 ) ) ;
#3346 = VERTEX_POINT ( 'NONE', #9363 ) ;
#3347 = DIRECTION ( 'NONE',  ( -1.000000000000000000, -1.224646799147349509E-16, 0.000000000000000000 ) ) ;
#3348 = CARTESIAN_POINT ( 'NONE',  ( -21.16000000000001080, -13.31369220013740495, 40.00000000000000000 ) ) ;
#3349 = DIRECTION ( 'NONE',  ( 1.000000000000000000, 0.000000000000000000, 0.000000000000000000 ) ) ;
#3350 = FACE_OUTER_BOUND ( 'NONE', #1401, .T. ) ;
#3351 = SURFACE_STYLE_USAGE ( .BOTH. , #6714 ) ;
#3352 = ADVANCED_FACE ( 'NONE', ( #4034 ), #8019, .F. ) ;
#3353 = FILL_AREA_STYLE_COLOUR ( '', #6740 ) ;
#3354 = CARTESIAN_POINT ( 'NONE',  ( 19.15000000000003411, 19.14999999999996660, 8.000000000000000000 ) ) ;
#3355 = ADVANCED_FACE ( 'NONE', ( #2409 ), #8475, .T. ) ;
#3356 = DIRECTION ( 'NONE',  ( -1.000000000000000000, 0.000000000000000000, 0.000000000000000000 ) ) ;
#3357 = SURFACE_STYLE_FILL_AREA ( #201 ) ;
#3358 = AXIS2_PLACEMENT_3D ( 'NONE', #8393, #8337, #6177 ) ;
#3359 = VERTEX_POINT ( 'NONE', #7204 ) ;
#3360 = ORIENTED_EDGE ( 'NONE', *, *, #174, .T. ) ;
#3361 = ORIENTED_EDGE ( 'NONE', *, *, #4261, .F. ) ;
#3362 = FACE_OUTER_BOUND ( 'NONE', #7936, .T. ) ;
#3363 = SURFACE_SIDE_STYLE ('',( #2540 ) ) ;
#3364 = CARTESIAN_POINT ( 'NONE',  ( -16.72095085742123288, -15.05359323060806176, 47.50000000000000000 ) ) ;
#3365 = CIRCLE ( 'NONE', #6513, 0.5000000000000004441 ) ;
#3366 = PRESENTATION_STYLE_ASSIGNMENT (( #8810 ) ) ;
#3367 = CARTESIAN_POINT ( 'NONE',  ( -15.05359323060823584, 15.07550534522231089, 46.50000000000000000 ) ) ;
#3368 = VERTEX_POINT ( 'NONE', #2455 ) ;
#3369 = B_SPLINE_CURVE_WITH_KNOTS ( 'NONE', 3,
 ( #2125, #5286, #5233, #626 ),
 .UNSPECIFIED., .F., .F.,
 ( 4, 4 ),
 ( 0.000000000000000000, 5.435045947661695077E-05 ),
 .UNSPECIFIED. ) ;
#3370 = ORIENTED_EDGE ( 'NONE', *, *, #1273, .F. ) ;
#3371 = UNCERTAINTY_MEASURE_WITH_UNIT (LENGTH_MEASURE( 1.000000000000000082E-05 ), #1033, 'distance_accuracy_value', 'NONE');
#3372 = EDGE_LOOP ( 'NONE', ( #8932, #700, #2876 ) ) ;
#3373 = SURFACE_STYLE_USAGE ( .BOTH. , #8015 ) ;
#3374 =( GEOMETRIC_REPRESENTATION_CONTEXT ( 3 ) GLOBAL_UNCERTAINTY_ASSIGNED_CONTEXT ( ( #7621 ) ) GLOBAL_UNIT_ASSIGNED_CONTEXT ( ( #9277, #2115, #564 ) ) REPRESENTATION_CONTEXT ( 'NONE', 'WORKASPACE' ) );
#3375 = CARTESIAN_POINT ( 'NONE',  ( 0.000000000000000000, 0.000000000000000000, 46.00000000000000000 ) ) ;
#3376 = VECTOR ( 'NONE', #2132, 1000.000000000000000 ) ;
#3377 = CARTESIAN_POINT ( 'NONE',  ( -14.21692477204121730, 15.70908840091614067, 47.50000000000000000 ) ) ;
#3378 = CARTESIAN_POINT ( 'NONE',  ( -15.05359323060823584, 14.19326395785794759, 47.49756013713619041 ) ) ;
#3379 = DIRECTION ( 'NONE',  ( -0.000000000000000000, -0.000000000000000000, 1.000000000000000000 ) ) ;
#3380 = CARTESIAN_POINT ( 'NONE',  ( 13.32957238623955831, 21.14999999999999858, 40.00000000000000000 ) ) ;
#3381 = CARTESIAN_POINT ( 'NONE',  ( -21.15999999999998948, 13.31369220013744581, -53.84951795962939514 ) ) ;
#3382 = VECTOR ( 'NONE', #8627, 1000.000000000000114 ) ;
#3383 = AXIS2_PLACEMENT_3D ( 'NONE', #7789, #5629, #1701 ) ;
#3384 = EDGE_LOOP ( 'NONE', ( #4630, #2617, #499, #4444 ) ) ;
#3385 = ORIENTED_EDGE ( 'NONE', *, *, #6428, .F. ) ;
#3386 = EDGE_CURVE ( 'NONE', #4492, #1180, #4780, .T. ) ;
#3387 = FILL_AREA_STYLE ('',( #9726 ) ) ;
#3388 = AXIS2_PLACEMENT_3D ( 'NONE', #3253, #8699, #1661 ) ;
#3389 = ORIENTED_EDGE ( 'NONE', *, *, #2658, .T. ) ;
#3390 = UNCERTAINTY_MEASURE_WITH_UNIT (LENGTH_MEASURE( 1.000000000000000082E-05 ), #1609, 'distance_accuracy_value', 'NONE');
#3391 = UNCERTAINTY_MEASURE_WITH_UNIT (LENGTH_MEASURE( 1.000000000000000082E-05 ), #617, 'distance_accuracy_value', 'NONE');
#3392 = CARTESIAN_POINT ( 'NONE',  ( 15.07550534522235886, 14.21692477204116223, 47.49867441544047608 ) ) ;
#3393 = LINE ( 'NONE', #9622, #6275 ) ;
#3394 = AXIS2_PLACEMENT_3D ( 'NONE', #9235, #2959, #2283 ) ;
#3395 = CARTESIAN_POINT ( 'NONE',  ( -2.486532817695816799, -21.25000000000000711, 40.95372187942375319 ) ) ;
#3396 = SURFACE_STYLE_USAGE ( .BOTH. , #3502 ) ;
#3397 = CIRCLE ( 'NONE', #9148, 3.000000000000927258 ) ;
#3398 = CARTESIAN_POINT ( 'NONE',  ( -16.84930666606613769, -15.35119774353670152, 47.49878368663156891 ) ) ;
#3399 = CARTESIAN_POINT ( 'NONE',  ( 0.000000000000000000, 0.000000000000000000, 38.00000000000000000 ) ) ;
#3400 = ORIENTED_EDGE ( 'NONE', *, *, #4795, .F. ) ;
#3401 = CARTESIAN_POINT ( 'NONE',  ( 2.603880904858909773, -21.25000000000000711, 41.09104188536768021 ) ) ;
#3402 = ORIENTED_EDGE ( 'NONE', *, *, #8622, .F. ) ;
#3403 = AXIS2_PLACEMENT_3D ( 'NONE', #4405, #2917, #7546 ) ;
#3404 = FACE_OUTER_BOUND ( 'NONE', #5315, .T. ) ;
#3405 = DIRECTION ( 'NONE',  ( 0.000000000000000000, 0.000000000000000000, -1.000000000000000000 ) ) ;
#3406 = CARTESIAN_POINT ( 'NONE',  ( -21.14999999999999503, -21.15000000000000568, 40.00000000000000000 ) ) ;
#3407 = DIRECTION ( 'NONE',  ( 0.000000000000000000, 0.000000000000000000, 1.000000000000000000 ) ) ;
#3408 = ADVANCED_FACE ( 'NONE', ( #5553 ), #7918, .F. ) ;
#3409 = CARTESIAN_POINT ( 'NONE',  ( -3.496119095141088540, -21.25000000000000711, 44.41033917074156534 ) ) ;
#3410 =( NAMED_UNIT ( * ) PLANE_ANGLE_UNIT ( ) SI_UNIT ( $, .RADIAN. ) );
#3411 = DIRECTION ( 'NONE',  ( -1.000000000000000000, 0.000000000000000000, -0.000000000000000000 ) ) ;
#3412 = VECTOR ( 'NONE', #8861, 1000.000000000000000 ) ;
#3413 = SURFACE_STYLE_FILL_AREA ( #2012 ) ;
#3414 = EDGE_CURVE ( 'NONE', #5265, #8239, #4087, .T. ) ;
#3415 = EDGE_CURVE ( 'NONE', #1481, #10171, #3891, .T. ) ;
#3416 = ORIENTED_EDGE ( 'NONE', *, *, #3227, .F. ) ;
#3417 = VECTOR ( 'NONE', #1731, 1000.000000000000000 ) ;
#3418 = EDGE_LOOP ( 'NONE', ( #105, #5013, #7338, #2832 ) ) ;
#3419 = EDGE_LOOP ( 'NONE', ( #6918, #4784, #1416, #9070, #2434 ) ) ;
#3420 = DIRECTION ( 'NONE',  ( 0.000000000000000000, 0.000000000000000000, -1.000000000000000000 ) ) ;
#3421 = EDGE_CURVE ( 'NONE', #8767, #80, #5608, .T. ) ;
#3422 = CIRCLE ( 'NONE', #7375, 2.299999999999999822 ) ;
#3423 = CARTESIAN_POINT ( 'NONE',  ( 16.84930666606603111, 15.05359323060817367, 46.50000000000000000 ) ) ;
#3424 = DIRECTION ( 'NONE',  ( -0.000000000000000000, -0.000000000000000000, 1.000000000000000000 ) ) ;
#3425 = FILL_AREA_STYLE_COLOUR ( '', #1125 ) ;
#3426 =( NAMED_UNIT ( * ) SI_UNIT ( $, .STERADIAN. ) SOLID_ANGLE_UNIT ( ) );
#3427 = ORIENTED_EDGE ( 'NONE', *, *, #63, .T. ) ;
#3428 = ORIENTED_EDGE ( 'NONE', *, *, #8051, .T. ) ;
#3429 = VECTOR ( 'NONE', #961, 1000.000000000000000 ) ;
#3430 = ORIENTED_EDGE ( 'NONE', *, *, #8747, .T. ) ;
#3431 =( NAMED_UNIT ( * ) PLANE_ANGLE_UNIT ( ) SI_UNIT ( $, .RADIAN. ) );
#3432 = SURFACE_SIDE_STYLE ('',( #269 ) ) ;
#3433 = FACE_OUTER_BOUND ( 'NONE', #7000, .T. ) ;
#3434 = DIRECTION ( 'NONE',  ( 1.000000000000000000, 0.000000000000000000, 0.000000000000000000 ) ) ;
#3435 = DIRECTION ( 'NONE',  ( 0.000000000000000000, 0.000000000000000000, 1.000000000000000000 ) ) ;
#3436 = AXIS2_PLACEMENT_3D ( 'NONE', #5543, #7095, #849 ) ;
#3437 = CIRCLE ( 'NONE', #4588, 2.299999999999999822 ) ;
#3438 = DIRECTION ( 'NONE',  ( -1.000000000000000000, 0.000000000000000000, 0.000000000000000000 ) ) ;
#3439 = AXIS2_PLACEMENT_3D ( 'NONE', #4015, #841, #9442 ) ;
#3440 = ORIENTED_EDGE ( 'NONE', *, *, #2918, .F. ) ;
#3441 = ORIENTED_EDGE ( 'NONE', *, *, #4409, .T. ) ;
#3442 = DIRECTION ( 'NONE',  ( 0.000000000000000000, 0.000000000000000000, 1.000000000000000000 ) ) ;
#3443 = ORIENTED_EDGE ( 'NONE', *, *, #1891, .F. ) ;
#3444 = VECTOR ( 'NONE', #10145, 1000.000000000000000 ) ;
#3445 = DIRECTION ( 'NONE',  ( -1.000000000000000000, 0.000000000000000000, 0.000000000000000000 ) ) ;
#3446 = DIRECTION ( 'NONE',  ( -0.000000000000000000, -0.000000000000000000, 1.000000000000000000 ) ) ;
#3447 = FACE_OUTER_BOUND ( 'NONE', #2184, .T. ) ;
#3448 = DIRECTION ( 'NONE',  ( -0.7071067811865475727, 0.7071067811865475727, 0.000000000000000000 ) ) ;
#3449 = DIRECTION ( 'NONE',  ( 1.000000000000000000, 0.000000000000000000, 0.000000000000000000 ) ) ;
#3450 = VECTOR ( 'NONE', #9261, 1000.000000000000000 ) ;
#3451 = MECHANICAL_DESIGN_GEOMETRIC_PRESENTATION_REPRESENTATION (  '', ( #7894 ), #6911 ) ;
#3452 = FILL_AREA_STYLE ('',( #6702 ) ) ;
#3453 = ORIENTED_EDGE ( 'NONE', *, *, #1009, .T. ) ;
#3454 = FILL_AREA_STYLE ('',( #6705 ) ) ;
#3455 = ORIENTED_EDGE ( 'NONE', *, *, #4523, .F. ) ;
#3456 = CARTESIAN_POINT ( 'NONE',  ( -15.05359323060823584, 15.07550534522231089, 46.50000000000000000 ) ) ;
#3457 = CARTESIAN_POINT ( 'NONE',  ( -11.99999999999834088, -15.50000000000102141, 47.50000000000000000 ) ) ;
#3458 = LINE ( 'NONE', #9741, #9381 ) ;
#3459 = AXIS2_PLACEMENT_3D ( 'NONE', #3021, #4509, #6888 ) ;
#3460 =( GEOMETRIC_REPRESENTATION_CONTEXT ( 3 ) GLOBAL_UNCERTAINTY_ASSIGNED_CONTEXT ( ( #2803 ) ) GLOBAL_UNIT_ASSIGNED_CONTEXT ( ( #1860, #1083, #976 ) ) REPRESENTATION_CONTEXT ( 'NONE', 'WORKASPACE' ) );
#3461 = PRESENTATION_LAYER_ASSIGNMENT (  '', '', ( #7899 ) ) ;
#3462 = LINE ( 'NONE', #3512, #916 ) ;
#3463 = DIRECTION ( 'NONE',  ( 1.000000000000000000, 0.000000000000000000, -0.000000000000000000 ) ) ;
#3464 = CARTESIAN_POINT ( 'NONE',  ( 0.000000000000000000, 0.000000000000000000, 0.000000000000000000 ) ) ;
#3465 = EDGE_CURVE ( 'NONE', #5772, #7973, #2056, .T. ) ;
#3466 = LINE ( 'NONE', #5060, #4375 ) ;
#3467 = VECTOR ( 'NONE', #5828, 1000.000000000000000 ) ;
#3468 = STYLED_ITEM ( 'NONE', ( #7027 ), #1403 ) ;
#3469 = EDGE_CURVE ( 'NONE', #6932, #2735, #7864, .T. ) ;
#3470 = CARTESIAN_POINT ( 'NONE',  ( 16.84930666606603467, 15.94640676939203239, 47.49262389544735896 ) ) ;
#3471 = ORIENTED_EDGE ( 'NONE', *, *, #7636, .F. ) ;
#3472 = ORIENTED_EDGE ( 'NONE', *, *, #3719, .T. ) ;
#3473 = ORIENTED_EDGE ( 'NONE', *, *, #7981, .T. ) ;
#3474 = CYLINDRICAL_SURFACE ( 'NONE', #1974, 0.5000000000000004441 ) ;
#3475 = LINE ( 'NONE', #6624, #7092 ) ;
#3476 = EDGE_CURVE ( 'NONE', #5924, #8024, #804, .T. ) ;
#3477 = ADVANCED_BREP_SHAPE_REPRESENTATION ( '17HS19-2504S', ( #4168, #4928 ), #5589 ) ;
#3478 = EDGE_CURVE ( 'NONE', #3346, #6222, #6332, .T. ) ;
#3479 = AXIS2_PLACEMENT_3D ( 'NONE', #9921, #7557, #6750 ) ;
#3480 = FILL_AREA_STYLE_COLOUR ( '', #3266 ) ;
#3481 = EDGE_CURVE ( 'NONE', #4504, #9908, #908, .T. ) ;
#3482 = FILL_AREA_STYLE_COLOUR ( '', #3271 ) ;
#3483 = ADVANCED_FACE ( 'NONE', ( #1060 ), #1364, .T. ) ;
#3484 = DIRECTION ( 'NONE',  ( 1.000000000000000000, -7.503031772074183177E-15, 0.000000000000000000 ) ) ;
#3485 = ORIENTED_EDGE ( 'NONE', *, *, #5255, .F. ) ;
#3486 = PRESENTATION_LAYER_ASSIGNMENT (  '', '', ( #1823 ) ) ;
#3487 = EDGE_LOOP ( 'NONE', ( #9941, #629, #8743, #2875 ) ) ;
#3488 = ORIENTED_EDGE ( 'NONE', *, *, #5942, .T. ) ;
#3489 = FACE_OUTER_BOUND ( 'NONE', #4593, .T. ) ;
#3490 = DIRECTION ( 'NONE',  ( 1.000000000000000000, 0.000000000000000000, 0.000000000000000000 ) ) ;
#3491 = CARTESIAN_POINT ( 'NONE',  ( -15.05359323060823584, 14.27904914257634239, 47.50000000000000000 ) ) ;
#3492 = CARTESIAN_POINT ( 'NONE',  ( 15.07550534522236418, 15.94640676939203949, 47.50000000000000000 ) ) ;
#3493 = DIRECTION ( 'NONE',  ( 1.000000000000000000, 0.000000000000000000, 0.000000000000000000 ) ) ;
#3494 = TOROIDAL_SURFACE ( 'NONE', #9734, 1.299999999999999600, 1.000000000000000000 ) ;
#3495 = ORIENTED_EDGE ( 'NONE', *, *, #751, .T. ) ;
#3496 = ORIENTED_EDGE ( 'NONE', *, *, #2189, .T. ) ;
#3497 = ORIENTED_EDGE ( 'NONE', *, *, #2138, .T. ) ;
#3498 = CIRCLE ( 'NONE', #1022, 25.00000000000000000 ) ;
#3499 = CARTESIAN_POINT ( 'NONE',  ( 15.49999999999983658, 15.50000000000015987, 47.50000000000000000 ) ) ;
#3500 = CARTESIAN_POINT ( 'NONE',  ( -21.14999999999999503, 17.14999999999998082, 47.50000000000000000 ) ) ;
#3501 = CARTESIAN_POINT ( 'NONE',  ( 15.94640676939200041, -14.23619328529375672, 47.50000000000000000 ) ) ;
#3502 = SURFACE_SIDE_STYLE ('',( #8080 ) ) ;
#3503 = DIRECTION ( 'NONE',  ( -1.000000000000000000, 0.000000000000000000, 0.000000000000000000 ) ) ;
#3504 = SURFACE_STYLE_FILL_AREA ( #8941 ) ;
#3505 = VERTEX_POINT ( 'NONE', #4449 ) ;
#3506 = VERTEX_POINT ( 'NONE', #3380 ) ;
#3507 = DIRECTION ( 'NONE',  ( -1.000000000000000000, 1.559641304993420110E-12, 0.000000000000000000 ) ) ;
#3508 = EDGE_LOOP ( 'NONE', ( #1727, #1112, #3847, #4254 ) ) ;
#3509 = SURFACE_STYLE_USAGE ( .BOTH. , #7986 ) ;
#3510 = DIRECTION ( 'NONE',  ( -1.000000000000000000, 0.000000000000000000, 0.000000000000000000 ) ) ;
#3511 = DIRECTION ( 'NONE',  ( 0.000000000000000000, 0.000000000000000000, 1.000000000000000000 ) ) ;
#3512 = CARTESIAN_POINT ( 'NONE',  ( 21.15000000000012648, -21.14999999999984936, 8.000000000000000000 ) ) ;
#3513 = DIRECTION ( 'NONE',  ( -0.000000000000000000, -0.000000000000000000, -1.000000000000000000 ) ) ;
#3514 = CIRCLE ( 'NONE', #6963, 0.5000000000000004441 ) ;
#3515 = CARTESIAN_POINT ( 'NONE',  ( 16.74999999999983302, 15.50000000000015987, 4.500000000000000888 ) ) ;
#3516 = PRESENTATION_STYLE_ASSIGNMENT (( #363 ) ) ;
#3517 = ORIENTED_EDGE ( 'NONE', *, *, #8258, .T. ) ;
#3518 = EDGE_LOOP ( 'NONE', ( #1257, #4182, #1867, #8886 ) ) ;
#3519 = EDGE_CURVE ( 'NONE', #5699, #2700, #8069, .T. ) ;
#3520 = ORIENTED_EDGE ( 'NONE', *, *, #4535, .T. ) ;
#3521 = VECTOR ( 'NONE', #8542, 1000.000000000000000 ) ;
#3522 = CARTESIAN_POINT ( 'NONE',  ( -16.78307522795903495, 15.07550534522243879, 46.50000000000000000 ) ) ;
#3523 = CARTESIAN_POINT ( 'NONE',  ( -16.78307522795911311, 15.92449465477565163, 46.50000000000000000 ) ) ;
#3524 = ADVANCED_FACE ( 'NONE', ( #2906 ), #8881, .T. ) ;
#3525 = SPHERICAL_SURFACE ( 'NONE', #4752, 0.5000000000000000000 ) ;
#3526 = SURFACE_STYLE_FILL_AREA ( #6628 ) ;
#3527 = FACE_OUTER_BOUND ( 'NONE', #7408, .T. ) ;
#3528 = EDGE_LOOP ( 'NONE', ( #6252, #3219, #7633, #1370, #809, #4344, #46, #6620, #4937, #2273, #7617, #3654 ) ) ;
#3529 = EDGE_LOOP ( 'NONE', ( #8325, #8545, #7531, #4028, #8395 ) ) ;
#3530 = EDGE_CURVE ( 'NONE', #4907, #7004, #3624, .T. ) ;
#3531 = ORIENTED_EDGE ( 'NONE', *, *, #1144, .T. ) ;
#3532 = LINE ( 'NONE', #8271, #4598 ) ;
#3533 =( NAMED_UNIT ( * ) SI_UNIT ( $, .STERADIAN. ) SOLID_ANGLE_UNIT ( ) );
#3534 = AXIS2_PLACEMENT_3D ( 'NONE', #3628, #8918, #1155 ) ;
#3535 = EDGE_CURVE ( 'NONE', #1065, #1715, #3867, .T. ) ;
#3536 = DIRECTION ( 'NONE',  ( 1.000000000000000000, -0.000000000000000000, 1.387778780781444256E-14 ) ) ;
#3537 = AXIS2_PLACEMENT_3D ( 'NONE', #5170, #8254, #1970 ) ;
#3538 = EDGE_CURVE ( 'NONE', #253, #8899, #4394, .T. ) ;
#3539 = ORIENTED_EDGE ( 'NONE', *, *, #1524, .T. ) ;
#3540 = EDGE_LOOP ( 'NONE', ( #95, #4144, #4595, #9994 ) ) ;
#3541 = CARTESIAN_POINT ( 'NONE',  ( -12.49999999999833911, -15.50000000000102141, 47.50000000000000000 ) ) ;
#3542 = ADVANCED_FACE ( 'NONE', ( #7588 ), #742, .F. ) ;
#3543 = EDGE_LOOP ( 'NONE', ( #9761, #3040, #1478, #3184, #7271, #5613, #5325, #8897, #2396, #5019, #5133, #10184, #4211, #9150 ) ) ;
#3544 = DIRECTION ( 'NONE',  ( 0.000000000000000000, 0.000000000000000000, 1.000000000000000000 ) ) ;
#3545 = CARTESIAN_POINT ( 'NONE',  ( -3.500000000000000000, 0.000000000000000000, -1.734723475976807094E-15 ) ) ;
#3546 = EDGE_CURVE ( 'NONE', #8257, #3287, #5203, .T. ) ;
#3547 = PRESENTATION_STYLE_ASSIGNMENT (( #8892 ) ) ;
#3549 = DIRECTION ( 'NONE',  ( 1.000000000000000000, 0.000000000000000000, 0.000000000000000000 ) ) ;
#3548 = AXIS2_PLACEMENT_3D ( 'NONE', #2252, #2201, #9259 ) ;
#3550 = VECTOR ( 'NONE', #7847, 1000.000000000000114 ) ;
#3551 = DIRECTION ( 'NONE',  ( -1.000000000000000000, 0.000000000000000000, -0.000000000000000000 ) ) ;
#3552 = VERTEX_POINT ( 'NONE', #9850 ) ;
#3553 = EDGE_LOOP ( 'NONE', ( #9262, #657, #7397, #7661 ) ) ;
#3554 = PLANE ( 'NONE',  #2931 ) ;
#3555 = ORIENTED_EDGE ( 'NONE', *, *, #2888, .T. ) ;
#3556 = CIRCLE ( 'NONE', #86, 3.500000000000000000 ) ;
#3557 =( LENGTH_UNIT ( ) NAMED_UNIT ( * ) SI_UNIT ( .MILLI., .METRE. ) );
#3558 = FACE_OUTER_BOUND ( 'NONE', #9786, .T. ) ;
#3559 = STYLED_ITEM ( 'NONE', ( #7441 ), #4874 ) ;
#3560 = CARTESIAN_POINT ( 'NONE',  ( -15.07550534522247254, -16.72874093610845847, 47.50000000000000000 ) ) ;
#3561 = DIRECTION ( 'NONE',  ( -0.000000000000000000, -0.000000000000000000, 1.000000000000000000 ) ) ;
#3562 = CARTESIAN_POINT ( 'NONE',  ( 2.799999999999999822, 3.429011037612588783E-16, 0.000000000000000000 ) ) ;
#3563 = SURFACE_STYLE_FILL_AREA ( #410 ) ;
#3564 = SURFACE_STYLE_FILL_AREA ( #5164 ) ;
#3565 = DIRECTION ( 'NONE',  ( 1.000000000000000000, -2.073370231917079007E-14, 0.000000000000000000 ) ) ;
#3566 = VECTOR ( 'NONE', #4636, 1000.000000000000000 ) ;
#3567 = AXIS2_PLACEMENT_3D ( 'NONE', #9721, #7404, #4877 ) ;
#3568 = ORIENTED_EDGE ( 'NONE', *, *, #9633, .F. ) ;
#3569 = EDGE_LOOP ( 'NONE', ( #8122, #2736, #2591, #5974 ) ) ;
#3570 = ORIENTED_EDGE ( 'NONE', *, *, #1384, .F. ) ;
#3571 = SURFACE_SIDE_STYLE ('',( #4967 ) ) ;
#3572 =( GEOMETRIC_REPRESENTATION_CONTEXT ( 3 ) GLOBAL_UNCERTAINTY_ASSIGNED_CONTEXT ( ( #9898 ) ) GLOBAL_UNIT_ASSIGNED_CONTEXT ( ( #9208, #6996, #6026 ) ) REPRESENTATION_CONTEXT ( 'NONE', 'WORKASPACE' ) );
#3573 = DIRECTION ( 'NONE',  ( -0.000000000000000000, -0.000000000000000000, 1.000000000000000000 ) ) ;
#3574 = PRESENTATION_LAYER_ASSIGNMENT (  '', '', ( #4223 ) ) ;
#3575 = LINE ( 'NONE', #1252, #3751 ) ;
#3576 = PLANE ( 'NONE',  #10012 ) ;
#3577 = PRESENTATION_STYLE_ASSIGNMENT (( #9758 ) ) ;
#3578 = ORIENTED_EDGE ( 'NONE', *, *, #5059, .F. ) ;
#3579 = ORIENTED_EDGE ( 'NONE', *, *, #9582, .F. ) ;
#3580 = DIRECTION ( 'NONE',  ( -0.000000000000000000, -0.000000000000000000, 1.000000000000000000 ) ) ;
#3581 = FILL_AREA_STYLE ('',( #431 ) ) ;
#3582 = PLANE ( 'NONE',  #3403 ) ;
#3583 = AXIS2_PLACEMENT_3D ( 'NONE', #7511, #1332, #9099 ) ;
#3584 = FILL_AREA_STYLE_COLOUR ( '', #191 ) ;
#3585 = SURFACE_STYLE_FILL_AREA ( #8167 ) ;
#3586 = PRESENTATION_LAYER_ASSIGNMENT (  '', '', ( #4059 ) ) ;
#3587 = VERTEX_POINT ( 'NONE', #6827 ) ;
#3588 = VERTEX_POINT ( 'NONE', #8823 ) ;
#3589 = EDGE_CURVE ( 'NONE', #7348, #6952, #7536, .T. ) ;
#3590 = PLANE ( 'NONE',  #9187 ) ;
#3591 = ORIENTED_EDGE ( 'NONE', *, *, #3535, .T. ) ;
#3592 = STYLED_ITEM ( 'NONE', ( #9756 ), #2473 ) ;
#3593 = CARTESIAN_POINT ( 'NONE',  ( 2.500000000000000000, 0.000000000000000000, 45.00000000000000000 ) ) ;
#3594 = CARTESIAN_POINT ( 'NONE',  ( -16.78307522795903495, 15.07550534522243879, 47.49867441544049740 ) ) ;
#3595 = COLOUR_RGB ( '',0.2509803921568627416, 0.2509803921568627416, 0.2509803921568627416 ) ;
#3596 = CARTESIAN_POINT ( 'NONE',  ( 0.000000000000000000, 0.000000000000000000, -1.734723475976807094E-15 ) ) ;
#3597 = FACE_OUTER_BOUND ( 'NONE', #7649, .T. ) ;
#3598 = EDGE_CURVE ( 'NONE', #2005, #548, #8797, .T. ) ;
#3599 = CARTESIAN_POINT ( 'NONE',  ( 4.000000000000000000, 4.898587196589412829E-16, -2.000000000000000000 ) ) ;
#3600 = AXIS2_PLACEMENT_3D ( 'NONE', #2340, #6316, #1563 ) ;
#3601 = EDGE_CURVE ( 'NONE', #9357, #4679, #9180, .T. ) ;
#3602 = CARTESIAN_POINT ( 'NONE',  ( 0.000000000000000000, 0.000000000000000000, -24.00000000000000000 ) ) ;
#3603 =( GEOMETRIC_REPRESENTATION_CONTEXT ( 3 ) GLOBAL_UNCERTAINTY_ASSIGNED_CONTEXT ( ( #5277 ) ) GLOBAL_UNIT_ASSIGNED_CONTEXT ( ( #4326, #1086, #4276 ) ) REPRESENTATION_CONTEXT ( 'NONE', 'WORKASPACE' ) );
#3604 = DIRECTION ( 'NONE',  ( -1.000000000000000000, 0.000000000000000000, 0.000000000000000000 ) ) ;
#3605 = ORIENTED_EDGE ( 'NONE', *, *, #5635, .F. ) ;
#3606 = ORIENTED_EDGE ( 'NONE', *, *, #4726, .F. ) ;
#3607 = EDGE_CURVE ( 'NONE', #872, #354, #9947, .T. ) ;
#3608 = CARTESIAN_POINT ( 'NONE',  ( 15.05359323060813459, -15.07550534522241925, 46.50000000000000000 ) ) ;
#3609 = ORIENTED_EDGE ( 'NONE', *, *, #562, .F. ) ;
#3610 = UNCERTAINTY_MEASURE_WITH_UNIT (LENGTH_MEASURE( 1.000000000000000082E-05 ), #4313, 'distance_accuracy_value', 'NONE');
#3611 = DIRECTION ( 'NONE',  ( -2.488044278300495060E-14, -1.000000000000000000, 0.000000000000000000 ) ) ;
#3612 = DIRECTION ( 'NONE',  ( -0.000000000000000000, -0.000000000000000000, 1.000000000000000000 ) ) ;
#3613 =( NAMED_UNIT ( * ) SI_UNIT ( $, .STERADIAN. ) SOLID_ANGLE_UNIT ( ) );
#3614 = DIRECTION ( 'NONE',  ( -0.000000000000000000, -0.000000000000000000, 1.000000000000000000 ) ) ;
#3615 = STYLED_ITEM ( 'NONE', ( #8835 ), #4158 ) ;
#3616 = DIRECTION ( 'NONE',  ( -0.000000000000000000, -0.000000000000000000, 1.000000000000000000 ) ) ;
#3617 = ORIENTED_EDGE ( 'NONE', *, *, #7437, .F. ) ;
#3618 = UNCERTAINTY_MEASURE_WITH_UNIT (LENGTH_MEASURE( 1.000000000000000082E-05 ), #7405, 'distance_accuracy_value', 'NONE');
#3619 = ORIENTED_EDGE ( 'NONE', *, *, #3607, .F. ) ;
#3620 = VECTOR ( 'NONE', #5014, 1000.000000000000000 ) ;
#3621 = DIRECTION ( 'NONE',  ( 0.000000000000000000, 0.000000000000000000, 1.000000000000000000 ) ) ;
#3622 = FILL_AREA_STYLE ('',( #6204 ) ) ;
#3623 = CARTESIAN_POINT ( 'NONE',  ( 21.16000000000000014, 13.31369220013742272, 40.00000000000000000 ) ) ;
#3624 = LINE ( 'NONE', #5181, #8955 ) ;
#3625 = AXIS2_PLACEMENT_3D ( 'NONE', #1912, #1964, #5110 ) ;
#3626 = VECTOR ( 'NONE', #1163, 1000.000000000000000 ) ;
#3627 = PRESENTATION_STYLE_ASSIGNMENT (( #6875 ) ) ;
#3628 = CARTESIAN_POINT ( 'NONE',  ( 0.000000000000000000, 0.000000000000000000, 7.999999999999992895 ) ) ;
#3629 = ORIENTED_EDGE ( 'NONE', *, *, #9490, .T. ) ;
#3630 = EDGE_LOOP ( 'NONE', ( #4934, #6977, #8570, #3335 ) ) ;
#3631 = DIRECTION ( 'NONE',  ( 1.000000000000000000, 0.000000000000000000, 0.000000000000000000 ) ) ;
#3632 = CARTESIAN_POINT ( 'NONE',  ( -20.64999999999999503, -16.94289321881344534, 10.00000000000000000 ) ) ;
#3633 = FILL_AREA_STYLE_COLOUR ( '', #5793 ) ;
#3634 = DIRECTION ( 'NONE',  ( -1.000000000000000000, 0.000000000000000000, 0.000000000000000000 ) ) ;
#3635 =( NAMED_UNIT ( * ) SI_UNIT ( $, .STERADIAN. ) SOLID_ANGLE_UNIT ( ) );
#3636 = STYLED_ITEM ( 'NONE', ( #7860 ), #6709 ) ;
#3637 =( NAMED_UNIT ( * ) PLANE_ANGLE_UNIT ( ) SI_UNIT ( $, .RADIAN. ) );
#3638 = ORIENTED_EDGE ( 'NONE', *, *, #8258, .F. ) ;
#3639 = ORIENTED_EDGE ( 'NONE', *, *, #4357, .T. ) ;
#3640 = CARTESIAN_POINT ( 'NONE',  ( -20.64999999999999503, 16.94289321881343824, 47.50000000000000000 ) ) ;
#3641 = EDGE_LOOP ( 'NONE', ( #5288, #1094, #3361, #1389 ) ) ;
#3642 = ADVANCED_FACE ( 'NONE', ( #10109, #3010, #6106, #7897, #3168, #8651 ), #2382, .T. ) ;
#3643 =( NAMED_UNIT ( * ) PLANE_ANGLE_UNIT ( ) SI_UNIT ( $, .RADIAN. ) );
#3644 = VECTOR ( 'NONE', #4244, 1000.000000000000000 ) ;
#3645 = CARTESIAN_POINT ( 'NONE',  ( 1.379851512413564629, -39.15000000000000568, 40.96955165395432630 ) ) ;
#3646 = STYLED_ITEM ( 'NONE', ( #2927 ), #821 ) ;
#3647 = DIRECTION ( 'NONE',  ( -4.146740463834158171E-15, 1.000000000000000000, 0.000000000000000000 ) ) ;
#3648 = CARTESIAN_POINT ( 'NONE',  ( 15.49999999999983658, 15.50000000000015987, 47.50000000000000000 ) ) ;
#3649 = DIRECTION ( 'NONE',  ( 9.637352644315601406E-17, -0.000000000000000000, 1.000000000000000000 ) ) ;
#3650 = EDGE_CURVE ( 'NONE', #5374, #9346, #6311, .T. ) ;
#3651 = CARTESIAN_POINT ( 'NONE',  ( 20.64999999999999858, 17.14999999999999503, 48.00000000000000000 ) ) ;
#3652 = SURFACE_STYLE_USAGE ( .BOTH. , #6134 ) ;
#3653 =( GEOMETRIC_REPRESENTATION_CONTEXT ( 3 ) GLOBAL_UNCERTAINTY_ASSIGNED_CONTEXT ( ( #3276 ) ) GLOBAL_UNIT_ASSIGNED_CONTEXT ( ( #245, #8905, #9742 ) ) REPRESENTATION_CONTEXT ( 'NONE', 'WORKASPACE' ) );
#3654 = ORIENTED_EDGE ( 'NONE', *, *, #5255, .T. ) ;
#3655 = ORIENTED_EDGE ( 'NONE', *, *, #6686, .T. ) ;
#3656 = ORIENTED_EDGE ( 'NONE', *, *, #9901, .F. ) ;
#3657 = EDGE_CURVE ( 'NONE', #2723, #5997, #5029, .T. ) ;
#3658 = EDGE_CURVE ( 'NONE', #1890, #840, #3726, .T. ) ;
#3659 = SURFACE_STYLE_USAGE ( .BOTH. , #6761 ) ;
#3660 = EDGE_CURVE ( 'NONE', #3346, #10040, #6687, .T. ) ;
#3661 = DIRECTION ( 'NONE',  ( -0.000000000000000000, -1.000000000000000000, -2.081668171172166620E-14 ) ) ;
#3662 = CARTESIAN_POINT ( 'NONE',  ( -3.496119095141088540, -21.25000000000000711, 0.000000000000000000 ) ) ;
#3663 = CARTESIAN_POINT ( 'NONE',  ( 0.000000000000000000, 0.000000000000000000, 38.00000000000000000 ) ) ;
#3664 = PRESENTATION_LAYER_ASSIGNMENT (  '', '', ( #3006 ) ) ;
#3665 = DIRECTION ( 'NONE',  ( -0.000000000000000000, -0.000000000000000000, 1.000000000000000000 ) ) ;
#3666 = CARTESIAN_POINT ( 'NONE',  ( 15.49999999999983658, 15.50000000000015987, 47.50000000000000000 ) ) ;
#3667 = CIRCLE ( 'NONE', #3181, 0.5787973969144516451 ) ;
#3668 = SURFACE_STYLE_USAGE ( .BOTH. , #8452 ) ;
#3669 = FILL_AREA_STYLE_COLOUR ( '', #9503 ) ;
#3670 = ORIENTED_EDGE ( 'NONE', *, *, #2085, .T. ) ;
#3671 = ORIENTED_EDGE ( 'NONE', *, *, #8515, .F. ) ;
#3672 = DIRECTION ( 'NONE',  ( 1.000000000000000000, 0.000000000000000000, 0.000000000000000000 ) ) ;
#3673 = ADVANCED_FACE ( 'NONE', ( #5332 ), #8462, .F. ) ;
#3674 = CARTESIAN_POINT ( 'NONE',  ( 16.76380671470515082, 15.05359323060817367, 47.50000000000000000 ) ) ;
#3675 = LINE ( 'NONE', #8262, #665 ) ;
#3676 = EDGE_CURVE ( 'NONE', #7584, #4464, #5433, .T. ) ;
#3677 = DIRECTION ( 'NONE',  ( 1.000000000000000000, 0.000000000000000000, 0.000000000000000000 ) ) ;
#3678 = FILL_AREA_STYLE ('',( #4395 ) ) ;
#3679 = DIRECTION ( 'NONE',  ( 1.000000000000000000, 0.000000000000000000, 0.000000000000000000 ) ) ;
#3680 = ORIENTED_EDGE ( 'NONE', *, *, #6395, .T. ) ;
#3681 = VERTEX_POINT ( 'NONE', #681 ) ;
#3682 = CARTESIAN_POINT ( 'NONE',  ( -17.14999999999997726, -21.14999999999999147, 8.000000000000000000 ) ) ;
#3683 = AXIS2_PLACEMENT_3D ( 'NONE', #3203, #6450, #1698 ) ;
#3684 = CARTESIAN_POINT ( 'NONE',  ( 16.78307522795901008, -15.70908840092287484, 47.50000000000000000 ) ) ;
#3685 = ORIENTED_EDGE ( 'NONE', *, *, #8811, .T. ) ;
#3686 = ORIENTED_EDGE ( 'NONE', *, *, #1510, .T. ) ;
#3687 = CARTESIAN_POINT ( 'NONE',  ( 0.000000000000000000, 0.000000000000000000, 45.50000000000002132 ) ) ;
#3688 = MECHANICAL_DESIGN_GEOMETRIC_PRESENTATION_REPRESENTATION (  '', ( #1054 ), #1559 ) ;
#3689 = ORIENTED_EDGE ( 'NONE', *, *, #5055, .F. ) ;
#3690 = SURFACE_SIDE_STYLE ('',( #541 ) ) ;
#3691 = LINE ( 'NONE', #9204, #5610 ) ;
#3692 = CARTESIAN_POINT ( 'NONE',  ( -14.27904914257671365, -15.05359323060808663, 47.50000000000000000 ) ) ;
#3693 = LINE ( 'NONE', #6844, #8910 ) ;
#3694 = DIRECTION ( 'NONE',  ( 1.000000000000000000, -8.173122824782933933E-15, 0.000000000000000000 ) ) ;
#3695 = CIRCLE ( 'NONE', #6506, 0.5000000000000000000 ) ;
#3696 = CARTESIAN_POINT ( 'NONE',  ( -1.379851512413567960, -19.15000000000000568, 43.53044834604566660 ) ) ;
#3697 = EDGE_CURVE ( 'NONE', #253, #9725, #2891, .T. ) ;
#3698 = CARTESIAN_POINT ( 'NONE',  ( 15.49999999999983658, 15.50000000000015987, 47.50000000000000000 ) ) ;
#3699 = EDGE_LOOP ( 'NONE', ( #8999, #7364, #7601 ) ) ;
#3700 = ORIENTED_EDGE ( 'NONE', *, *, #10017, .T. ) ;
#3701 = SURFACE_SIDE_STYLE ('',( #500 ) ) ;
#3702 = ORIENTED_EDGE ( 'NONE', *, *, #2469, .T. ) ;
#3703 = UNCERTAINTY_MEASURE_WITH_UNIT (LENGTH_MEASURE( 1.000000000000000082E-05 ), #5681, 'distance_accuracy_value', 'NONE');
#3704 = DIRECTION ( 'NONE',  ( -0.000000000000000000, 1.000000000000000000, -0.000000000000000000 ) ) ;
#3705 = AXIS2_PLACEMENT_3D ( 'NONE', #1504, #9939, #6044 ) ;
#3706 = CARTESIAN_POINT ( 'NONE',  ( 0.000000000000000000, 0.000000000000000000, 1.000000000000000000 ) ) ;
#3707 = FACE_BOUND ( 'NONE', #4732, .T. ) ;
#3708 = PRESENTATION_STYLE_ASSIGNMENT (( #558 ) ) ;
#3709 = LINE ( 'NONE', #9988, #5920 ) ;
#3710 = DIRECTION ( 'NONE',  ( -1.000000000000000000, 0.000000000000000000, 0.000000000000000000 ) ) ;
#3711 = CARTESIAN_POINT ( 'NONE',  ( -15.21910815489734681, -14.21692477204105920, 47.50000000000000000 ) ) ;
#3712 = VECTOR ( 'NONE', #10004, 1000.000000000000000 ) ;
#3713 = PLANE ( 'NONE',  #612 ) ;
#3714 =( GEOMETRIC_REPRESENTATION_CONTEXT ( 3 ) GLOBAL_UNCERTAINTY_ASSIGNED_CONTEXT ( ( #2447 ) ) GLOBAL_UNIT_ASSIGNED_CONTEXT ( ( #5910, #3012, #1414 ) ) REPRESENTATION_CONTEXT ( 'NONE', 'WORKASPACE' ) );
#3715 = ORIENTED_EDGE ( 'NONE', *, *, #8104, .T. ) ;
#3716 = ORIENTED_EDGE ( 'NONE', *, *, #2199, .T. ) ;
#3717 = UNCERTAINTY_MEASURE_WITH_UNIT (LENGTH_MEASURE( 1.000000000000000082E-05 ), #4204, 'distance_accuracy_value', 'NONE');
#3718 = ORIENTED_EDGE ( 'NONE', *, *, #4068, .T. ) ;
#3719 = EDGE_CURVE ( 'NONE', #222, #4682, #5868, .T. ) ;
#3720 = CARTESIAN_POINT ( 'NONE',  ( -16.78307522795911311, 15.92449465477565163, 47.49867441544049029 ) ) ;
#3721 = CIRCLE ( 'NONE', #9476, 11.50000000000000000 ) ;
#3722 = CARTESIAN_POINT ( 'NONE',  ( 16.84930666606603111, 15.05359323060817367, 47.49262389544735896 ) ) ;
#3723 =( GEOMETRIC_REPRESENTATION_CONTEXT ( 3 ) GLOBAL_UNCERTAINTY_ASSIGNED_CONTEXT ( ( #616 ) ) GLOBAL_UNIT_ASSIGNED_CONTEXT ( ( #2798, #9117, #8251 ) ) REPRESENTATION_CONTEXT ( 'NONE', 'WORKASPACE' ) );
#3724 =( NAMED_UNIT ( * ) PLANE_ANGLE_UNIT ( ) SI_UNIT ( $, .RADIAN. ) );
#3725 = ADVANCED_FACE ( 'NONE', ( #3115 ), #6260, .F. ) ;
#3726 = LINE ( 'NONE', #9436, #3712 ) ;
#3727 = ADVANCED_FACE ( 'NONE', ( #7841 ), #2399, .T. ) ;
#3728 = DIRECTION ( 'NONE',  ( -0.000000000000000000, -1.000000000000000000, 0.000000000000000000 ) ) ;
#3729 = DIRECTION ( 'NONE',  ( -0.000000000000000000, -0.000000000000000000, 1.000000000000000000 ) ) ;
#3730 = ORIENTED_EDGE ( 'NONE', *, *, #1874, .T. ) ;
#3731 = ORIENTED_EDGE ( 'NONE', *, *, #5684, .F. ) ;
#3732 = ADVANCED_FACE ( 'NONE', ( #6461 ), #4169, .F. ) ;
#3733 = VECTOR ( 'NONE', #7299, 1000.000000000000000 ) ;
#3734 =( NAMED_UNIT ( * ) SI_UNIT ( $, .STERADIAN. ) SOLID_ANGLE_UNIT ( ) );
#3735 = DIRECTION ( 'NONE',  ( 0.000000000000000000, 0.000000000000000000, -1.000000000000000000 ) ) ;
#3736 = DIRECTION ( 'NONE',  ( -0.000000000000000000, -0.000000000000000000, -1.000000000000000000 ) ) ;
#3737 = EDGE_LOOP ( 'NONE', ( #8061, #7337, #7410, #4590 ) ) ;
#3738 = ORIENTED_EDGE ( 'NONE', *, *, #8501, .T. ) ;
#3739 = ORIENTED_EDGE ( 'NONE', *, *, #8744, .T. ) ;
#3740 = CIRCLE ( 'NONE', #7370, 16.00000000000000000 ) ;
#3741 = CARTESIAN_POINT ( 'NONE',  ( 21.00355339059327520, 17.29644660940671841, 0.000000000000000000 ) ) ;
#3742 = SURFACE_SIDE_STYLE ('',( #2096 ) ) ;
#3743 = CARTESIAN_POINT ( 'NONE',  ( -15.05359323060823584, 14.15069333393197404, 47.49262389544726659 ) ) ;
#3744 = COLOUR_RGB ( '',0.2509803921568627416, 0.2509803921568627416, 0.2509803921568627416 ) ;
#3745 = LINE ( 'NONE', #5353, #6706 ) ;
#3746 = SURFACE_STYLE_USAGE ( .BOTH. , #1490 ) ;
#3747 = DIRECTION ( 'NONE',  ( -1.000000000000000000, 0.000000000000000000, 0.000000000000000000 ) ) ;
#3748 = EDGE_LOOP ( 'NONE', ( #8523, #4891, #2104 ) ) ;
#3749 = ORIENTED_EDGE ( 'NONE', *, *, #2323, .F. ) ;
#3750 = DIRECTION ( 'NONE',  ( 0.000000000000000000, 0.000000000000000000, -1.000000000000000000 ) ) ;
#3751 = VECTOR ( 'NONE', #7438, 1000.000000000000000 ) ;
#3752 = ORIENTED_EDGE ( 'NONE', *, *, #3386, .T. ) ;
#3753 = CARTESIAN_POINT ( 'NONE',  ( -1.379851512413567960, -39.15000000000000568, 42.95165094913121351 ) ) ;
#3754 = FACE_OUTER_BOUND ( 'NONE', #365, .T. ) ;
#3755 = CARTESIAN_POINT ( 'NONE',  ( 15.50000000000101963, -15.49999999999983658, 47.50000000000000000 ) ) ;
#3756 = DIRECTION ( 'NONE',  ( -1.000000000000000000, 0.000000000000000000, 0.000000000000000000 ) ) ;
#3757 = DIRECTION ( 'NONE',  ( -1.000000000000000000, 0.000000000000000000, 0.000000000000000000 ) ) ;
#3758 = VECTOR ( 'NONE', #9744, 1000.000000000000000 ) ;
#3759 = PLANE ( 'NONE',  #8212 ) ;
#3760 = PRESENTATION_LAYER_ASSIGNMENT (  '', '', ( #2947 ) ) ;
#3761 = DIRECTION ( 'NONE',  ( 0.000000000000000000, 0.000000000000000000, -1.000000000000000000 ) ) ;
#3762 = CARTESIAN_POINT ( 'NONE',  ( -20.64999999999999503, 16.94289321881344890, 10.00000000000000000 ) ) ;
#3763 = MECHANICAL_DESIGN_GEOMETRIC_PRESENTATION_REPRESENTATION (  '', ( #2450 ), #2636 ) ;
#3764 = ORIENTED_EDGE ( 'NONE', *, *, #1537, .T. ) ;
#3765 = DIRECTION ( 'NONE',  ( 1.000000000000000000, 0.000000000000000000, 0.000000000000000000 ) ) ;
#3766 = VERTEX_POINT ( 'NONE', #2429 ) ;
#3767 = CARTESIAN_POINT ( 'NONE',  ( -16.72874093610754187, 15.92449465477565163, 47.50000000000000000 ) ) ;
#3768 = AXIS2_PLACEMENT_3D ( 'NONE', #4997, #2830, #3551 ) ;
#3769 = ADVANCED_FACE ( 'NONE', ( #8704 ), #6845, .F. ) ;
#3770 = CARTESIAN_POINT ( 'NONE',  ( -14.24999999999999645, 15.50000000000000000, 0.000000000000000000 ) ) ;
#3771 = EDGE_CURVE ( 'NONE', #9095, #9617, #5583, .T. ) ;
#3772 = DIRECTION ( 'NONE',  ( -0.7071067811865487940, -0.7071067811865463515, 0.000000000000000000 ) ) ;
#3773 = B_SPLINE_CURVE_WITH_KNOTS ( 'NONE', 3,
 ( #9950, #6109, #10160, #5383 ),
 .UNSPECIFIED., .F., .F.,
 ( 4, 4 ),
 ( 0.000000000000000000, 0.0004464067693909223866 ),
 .UNSPECIFIED. ) ;
#3774 = PRESENTATION_LAYER_ASSIGNMENT (  '', '', ( #8221 ) ) ;
#3775 = AXIS2_PLACEMENT_3D ( 'NONE', #9124, #10000, #2064 ) ;
#3776 = CARTESIAN_POINT ( 'NONE',  ( 15.92449465477568893, 14.21692477204115868, 47.49867441544050450 ) ) ;
#3777 = ORIENTED_EDGE ( 'NONE', *, *, #9580, .F. ) ;
#3778 = VERTEX_POINT ( 'NONE', #4811 ) ;
#3779 = FILL_AREA_STYLE_COLOUR ( '', #2393 ) ;
#3780 = ADVANCED_FACE ( 'NONE', ( #8094 ), #7992, .F. ) ;
#3781 = AXIS2_PLACEMENT_3D ( 'NONE', #8536, #1497, #4634 ) ;
#3782 = ADVANCED_FACE ( 'NONE', ( #9487 ), #1757, .F. ) ;
#3783 = DIRECTION ( 'NONE',  ( -0.7363275207553917623, 0.000000000000000000, -0.6766252893427928683 ) ) ;
#3784 = STYLED_ITEM ( 'NONE', ( #2691 ), #6140 ) ;
#3785 = COLOUR_RGB ( '',1.000000000000000000, 0.000000000000000000, 0.000000000000000000 ) ;
#3786 =( NAMED_UNIT ( * ) PLANE_ANGLE_UNIT ( ) SI_UNIT ( $, .RADIAN. ) );
#3787 = CARTESIAN_POINT ( 'NONE',  ( -15.94640676939209456, 14.15069333393197404, 47.49262389544726659 ) ) ;
#3788 = EDGE_CURVE ( 'NONE', #3204, #9346, #8963, .T. ) ;
#3789 = SURFACE_SIDE_STYLE ('',( #2299 ) ) ;
#3790 = VERTEX_POINT ( 'NONE', #8045 ) ;
#3792 = EDGE_LOOP ( 'NONE', ( #3002, #1930, #1093, #5885, #3485 ) ) ;
#3791 = VECTOR ( 'NONE', #3446, 1000.000000000000000 ) ;
#3793 = CIRCLE ( 'NONE', #4280, 2.999999999999780620 ) ;
#3794 = FACE_OUTER_BOUND ( 'NONE', #1678, .T. ) ;
#3795 = ORIENTED_EDGE ( 'NONE', *, *, #637, .F. ) ;
#3796 = DIRECTION ( 'NONE',  ( 9.714925909052381054E-15, 1.000000000000000000, 0.000000000000000000 ) ) ;
#3797 = SURFACE_SIDE_STYLE ('',( #8576 ) ) ;
#3798 = DIRECTION ( 'NONE',  ( -0.000000000000000000, -0.000000000000000000, -1.000000000000000000 ) ) ;
#3799 = CARTESIAN_POINT ( 'NONE',  ( 21.14999999999999858, 21.14999999999999858, 38.00000000000000000 ) ) ;
#3800 = ADVANCED_FACE ( 'NONE', ( #9636 ), #4010, .F. ) ;
#3801 = CARTESIAN_POINT ( 'NONE',  ( -16.84930666606614480, -15.79760451292828627, 47.49833231681228085 ) ) ;
#3802 = EDGE_LOOP ( 'NONE', ( #4862, #8036, #8828, #6046, #3638, #7221, #1402, #6167 ) ) ;
#3803 = ORIENTED_EDGE ( 'NONE', *, *, #5951, .F. ) ;
#3804 = DIRECTION ( 'NONE',  ( 0.000000000000000000, 0.000000000000000000, 1.000000000000000000 ) ) ;
#3805 = ORIENTED_EDGE ( 'NONE', *, *, #7017, .T. ) ;
#3806 = AXIS2_PLACEMENT_3D ( 'NONE', #3235, #6991, #7048 ) ;
#3807 = CARTESIAN_POINT ( 'NONE',  ( -21.14999999999999503, -16.94289321881344534, 38.00000000000000000 ) ) ;
#3808 =( NAMED_UNIT ( * ) SI_UNIT ( $, .STERADIAN. ) SOLID_ANGLE_UNIT ( ) );
#3809 = LINE ( 'NONE', #8687, #6926 ) ;
#3810 = CARTESIAN_POINT ( 'NONE',  ( -16.72095085742198606, -15.94640676939191870, 47.50000000000000000 ) ) ;
#3811 = CARTESIAN_POINT ( 'NONE',  ( -21.48631967451538927, -21.25000000000000711, 23.80347179627696974 ) ) ;
#3812 = CIRCLE ( 'NONE', #8575, 11.00000000000000000 ) ;
#3813 = CARTESIAN_POINT ( 'NONE',  ( -15.07550534522246188, -14.25314224406737473, 47.50000000000000000 ) ) ;
#3814 = CARTESIAN_POINT ( 'NONE',  ( -15.92449465477579729, -15.05359323060806709, 47.50000000000000000 ) ) ;
#3815 = EDGE_LOOP ( 'NONE', ( #7232, #402, #176, #4372, #9517 ) ) ;
#3816 = VERTEX_POINT ( 'NONE', #6412 ) ;
#3817 = DIRECTION ( 'NONE',  ( -0.000000000000000000, 1.000000000000000000, -0.000000000000000000 ) ) ;
#3818 = CARTESIAN_POINT ( 'NONE',  ( 0.000000000000000000, 0.000000000000000000, 40.00000000000000000 ) ) ;
#3819 = PRESENTATION_LAYER_ASSIGNMENT (  '', '', ( #8580 ) ) ;
#3820 = DIRECTION ( 'NONE',  ( -0.000000000000000000, -0.000000000000000000, 1.000000000000000000 ) ) ;
#3821 = DIRECTION ( 'NONE',  ( 0.000000000000000000, 0.000000000000000000, 1.000000000000000000 ) ) ;
#3822 = EDGE_CURVE ( 'NONE', #6780, #501, #4118, .T. ) ;
#3823 = CARTESIAN_POINT ( 'NONE',  ( 0.000000000000000000, 21.15999999999999659, 5.999999999999998224 ) ) ;
#3824 = ORIENTED_EDGE ( 'NONE', *, *, #9707, .F. ) ;
#3825 = CARTESIAN_POINT ( 'NONE',  ( 15.07550534522235530, 16.74685775593323100, 47.50000000000000000 ) ) ;
#3826 = ORIENTED_EDGE ( 'NONE', *, *, #6115, .T. ) ;
#3827 = SURFACE_SIDE_STYLE ('',( #10069 ) ) ;
#3828 =( GEOMETRIC_REPRESENTATION_CONTEXT ( 3 ) GLOBAL_UNCERTAINTY_ASSIGNED_CONTEXT ( ( #9268 ) ) GLOBAL_UNIT_ASSIGNED_CONTEXT ( ( #3217, #6717, #9746 ) ) REPRESENTATION_CONTEXT ( 'NONE', 'WORKASPACE' ) );
#3829 = CARTESIAN_POINT ( 'NONE',  ( -15.49999999999999645, 15.50000000000000000, 4.500000000000000888 ) ) ;
#3830 = EDGE_LOOP ( 'NONE', ( #8171, #4390, #10162, #567, #4622, #7972, #5784, #3805, #8182, #9953, #6427, #4761 ) ) ;
#3831 = EDGE_LOOP ( 'NONE', ( #3182, #6596 ) ) ;
#3832 = DIRECTION ( 'NONE',  ( -0.000000000000000000, -0.000000000000000000, 1.000000000000000000 ) ) ;
#3833 = ORIENTED_EDGE ( 'NONE', *, *, #9144, .F. ) ;
#3834 = EDGE_CURVE ( 'NONE', #6097, #6953, #9542, .T. ) ;
#3835 = MECHANICAL_DESIGN_GEOMETRIC_PRESENTATION_REPRESENTATION (  '', ( #2862 ), #58 ) ;
#3836 = B_SPLINE_CURVE_WITH_KNOTS ( 'NONE', 3,
 ( #8027, #4099, #283, #2727 ),
 .UNSPECIFIED., .F., .F.,
 ( 4, 4 ),
 ( 0.0004464067693909223866, 0.0008928135387838570525 ),
 .UNSPECIFIED. ) ;
#3837 = SURFACE_STYLE_FILL_AREA ( #701 ) ;
#3838 = PLANE ( 'NONE',  #9233 ) ;
#3839 = DIRECTION ( 'NONE',  ( 0.000000000000000000, 0.000000000000000000, 1.000000000000000000 ) ) ;
#3840 = CARTESIAN_POINT ( 'NONE',  ( -3.500000000000000000, 4.286263797015736595E-16, 46.00000000000000000 ) ) ;
#3841 = DIRECTION ( 'NONE',  ( 0.000000000000000000, 0.000000000000000000, 1.000000000000000000 ) ) ;
#3842 = EDGE_CURVE ( 'NONE', #6501, #5712, #248, .T. ) ;
#3843 = DIRECTION ( 'NONE',  ( 1.000000000000000000, 0.000000000000000000, 0.000000000000000000 ) ) ;
#3844 = PRESENTATION_LAYER_ASSIGNMENT (  '', '', ( #2534 ) ) ;
#3845 = EDGE_CURVE ( 'NONE', #6045, #8328, #3556, .T. ) ;
#3846 = FACE_OUTER_BOUND ( 'NONE', #9932, .T. ) ;
#3847 = ORIENTED_EDGE ( 'NONE', *, *, #951, .F. ) ;
#3848 = ORIENTED_EDGE ( 'NONE', *, *, #10143, .F. ) ;
#3849 = ORIENTED_EDGE ( 'NONE', *, *, #3650, .T. ) ;
#3850 = CARTESIAN_POINT ( 'NONE',  ( -16.84930666606614480, -15.94640676939191870, 46.50000000000000000 ) ) ;
#3851 = EDGE_CURVE ( 'NONE', #8269, #8644, #7993, .T. ) ;
#3852 = LINE ( 'NONE', #814, #8226 ) ;
#3853 = DIRECTION ( 'NONE',  ( 1.000000000000000000, 0.000000000000000000, -0.000000000000000000 ) ) ;
#3854 = LINE ( 'NONE', #9375, #7683 ) ;
#3855 = LINE ( 'NONE', #3097, #3122 ) ;
#3856 = ORIENTED_EDGE ( 'NONE', *, *, #4084, .T. ) ;
#3857 = EDGE_LOOP ( 'NONE', ( #4990, #7157, #9673, #5343 ) ) ;
#3858 = CARTESIAN_POINT ( 'NONE',  ( 16.94289321881344890, -21.15000000000000213, 8.000000000000000000 ) ) ;
#3859 = ORIENTED_EDGE ( 'NONE', *, *, #2401, .T. ) ;
#3860 = DIRECTION ( 'NONE',  ( 1.036685115958541712E-14, 1.000000000000000000, 0.000000000000000000 ) ) ;
#3861 = CARTESIAN_POINT ( 'NONE',  ( 0.000000000000000000, 0.000000000000000000, -1.734723475976807094E-15 ) ) ;
#3862 = CIRCLE ( 'NONE', #2230, 0.5787973969144516451 ) ;
#3863 = LINE ( 'NONE', #9386, #1312 ) ;
#3864 = FILL_AREA_STYLE ('',( #6923 ) ) ;
#3865 = DIRECTION ( 'NONE',  ( -1.000000000000000000, 0.000000000000000000, 0.000000000000000000 ) ) ;
#3866 =( LENGTH_UNIT ( ) NAMED_UNIT ( * ) SI_UNIT ( .MILLI., .METRE. ) );
#3867 = CIRCLE ( 'NONE', #4529, 1.249999999999997558 ) ;
#3868 = PRESENTATION_LAYER_ASSIGNMENT (  '', '', ( #3559 ) ) ;
#3869 = MECHANICAL_DESIGN_GEOMETRIC_PRESENTATION_REPRESENTATION (  '', ( #1736 ), #9138 ) ;
#3870 = CARTESIAN_POINT ( 'NONE',  ( 14.25000000000010481, -15.49999999999989164, 0.000000000000000000 ) ) ;
#3871 = LINE ( 'NONE', #2909, #2873 ) ;
#3872 = ORIENTED_EDGE ( 'NONE', *, *, #1264, .F. ) ;
#3873 = ORIENTED_EDGE ( 'NONE', *, *, #4745, .T. ) ;
#3874 = MECHANICAL_DESIGN_GEOMETRIC_PRESENTATION_REPRESENTATION (  '', ( #2737 ), #3723 ) ;
#3875 = APPLICATION_CONTEXT ( 'automotive_design' ) ;
#3876 = COLOUR_RGB ( '',0.000000000000000000, 0.000000000000000000, 0.000000000000000000 ) ;
#3877 = B_SPLINE_CURVE_WITH_KNOTS ( 'NONE', 3,
 ( #2466, #7979, #8938, #1122 ),
 .UNSPECIFIED., .F., .F.,
 ( 4, 4 ),
 ( 0.000000000000000000, 0.0001285675718486913152 ),
 .UNSPECIFIED. ) ;
#3878 = FACE_OUTER_BOUND ( 'NONE', #5132, .T. ) ;
#3879 = CARTESIAN_POINT ( 'NONE',  ( 15.94640676939198087, -16.76380671470541728, 47.50000000000000000 ) ) ;
#3880 = AXIS2_PLACEMENT_3D ( 'NONE', #9528, #820, #969 ) ;
#3881 = AXIS2_PLACEMENT_3D ( 'NONE', #7822, #761, #4733 ) ;
#3882 = ORIENTED_EDGE ( 'NONE', *, *, #3284, .F. ) ;
#3883 = COLOUR_RGB ( '',0.2509803921568627416, 0.2509803921568627416, 0.2509803921568627416 ) ;
#3884 = ORIENTED_EDGE ( 'NONE', *, *, #8078, .F. ) ;
#3885 = VERTEX_POINT ( 'NONE', #930 ) ;
#3886 = CARTESIAN_POINT ( 'NONE',  ( -2.799999999999999822, 3.429011037612588783E-16, 45.00000000000000000 ) ) ;
#3887 = DIRECTION ( 'NONE',  ( -0.000000000000000000, -0.000000000000000000, 1.000000000000000000 ) ) ;
#3888 = EDGE_CURVE ( 'NONE', #7762, #8148, #2646, .T. ) ;
#3889 = DIRECTION ( 'NONE',  ( 0.000000000000000000, -0.000000000000000000, 1.000000000000000000 ) ) ;
#3890 = VECTOR ( 'NONE', #5643, 1000.000000000000000 ) ;
#3891 = LINE ( 'NONE', #5504, #4042 ) ;
#3892 = CARTESIAN_POINT ( 'NONE',  ( -10.49999999999999822, 0.000000000000000000, -2.000000000000000000 ) ) ;
#3893 = EDGE_CURVE ( 'NONE', #4801, #3196, #7127, .T. ) ;
#3894 = PLANE ( 'NONE',  #7804 ) ;
#3895 = ORIENTED_EDGE ( 'NONE', *, *, #7200, .F. ) ;
#3896 = VERTEX_POINT ( 'NONE', #3214 ) ;
#3897 = CIRCLE ( 'NONE', #5068, 0.5000000000000006661 ) ;
#3898 = EDGE_LOOP ( 'NONE', ( #2257, #3004, #366, #4562 ) ) ;
#3899 = DIRECTION ( 'NONE',  ( -0.000000000000000000, -0.000000000000000000, 1.000000000000000000 ) ) ;
#3900 = FACE_OUTER_BOUND ( 'NONE', #5347, .T. ) ;
#3901 = ADVANCED_FACE ( 'NONE', ( #4960 ), #7331, .F. ) ;
#3902 = CARTESIAN_POINT ( 'NONE',  ( 0.000000000000000000, 0.000000000000000000, 0.000000000000000000 ) ) ;
#3903 = CARTESIAN_POINT ( 'NONE',  ( -14.19326395785794048, -15.94640676939194535, 47.49756013713621172 ) ) ;
#3904 = ADVANCED_FACE ( 'NONE', ( #6769 ), #9013, .F. ) ;
#3905 = VECTOR ( 'NONE', #7895, 1000.000000000000000 ) ;
#3906 =( NAMED_UNIT ( * ) SI_UNIT ( $, .STERADIAN. ) SOLID_ANGLE_UNIT ( ) );
#3907 = EDGE_CURVE ( 'NONE', #6869, #1327, #3466, .T. ) ;
#3908 = PLANE ( 'NONE',  #3683 ) ;
#3909 = MECHANICAL_DESIGN_GEOMETRIC_PRESENTATION_REPRESENTATION (  '', ( #6889 ), #9178 ) ;
#3910 = ORIENTED_EDGE ( 'NONE', *, *, #5294, .T. ) ;
#3911 = CARTESIAN_POINT ( 'NONE',  ( 12.50000000000123990, -15.49999999999983658, 47.50000000000000000 ) ) ;
#3912 = DIRECTION ( 'NONE',  ( 0.000000000000000000, 0.000000000000000000, 1.000000000000000000 ) ) ;
#3913 = LINE ( 'NONE', #8597, #7345 ) ;
#3914 = PRESENTATION_STYLE_ASSIGNMENT (( #3254 ) ) ;
#3915 = LINE ( 'NONE', #6972, #5778 ) ;
#3916 = COLOUR_RGB ( '',0.2509803921568627416, 0.2509803921568627416, 0.2509803921568627416 ) ;
#3917 = LINE ( 'NONE', #8601, #6073 ) ;
#3918 = COLOUR_RGB ( '',0.2509803921568627416, 0.2509803921568627416, 0.2509803921568627416 ) ;
#3919 = FILL_AREA_STYLE_COLOUR ( '', #221 ) ;
#3920 = ORIENTED_EDGE ( 'NONE', *, *, #3834, .T. ) ;
#3921 =( GEOMETRIC_REPRESENTATION_CONTEXT ( 3 ) GLOBAL_UNCERTAINTY_ASSIGNED_CONTEXT ( ( #4442 ) ) GLOBAL_UNIT_ASSIGNED_CONTEXT ( ( #8336, #9681, #4258 ) ) REPRESENTATION_CONTEXT ( 'NONE', 'WORKASPACE' ) );
#3922 = VERTEX_POINT ( 'NONE', #7380 ) ;
#3923 = FILL_AREA_STYLE ('',( #10071 ) ) ;
#3924 = CARTESIAN_POINT ( 'NONE',  ( -15.94640676939209456, 16.84930666606597782, 47.49262389544726659 ) ) ;
#3925 = CARTESIAN_POINT ( 'NONE',  ( -15.79760451292811929, 14.15069333393197937, 47.49833231681228796 ) ) ;
#3926 = PRESENTATION_LAYER_ASSIGNMENT (  '', '', ( #6263 ) ) ;
#3927 = CARTESIAN_POINT ( 'NONE',  ( 16.72874093610865032, -15.92449465477577242, 47.50000000000000000 ) ) ;
#3928 = ORIENTED_EDGE ( 'NONE', *, *, #3292, .T. ) ;
#3929 = EDGE_LOOP ( 'NONE', ( #4001, #861, #3910, #4265 ) ) ;
#3930 = FILL_AREA_STYLE ('',( #5396 ) ) ;
#3931 = AXIS2_PLACEMENT_3D ( 'NONE', #7677, #9219, #2164 ) ;
#3932 = PRESENTATION_LAYER_ASSIGNMENT (  '', '', ( #8390 ) ) ;
#3933 = VECTOR ( 'NONE', #3612, 1000.000000000000000 ) ;
#3934 = LINE ( 'NONE', #6168, #8993 ) ;
#3935 = FILL_AREA_STYLE ('',( #73 ) ) ;
#3936 = DIRECTION ( 'NONE',  ( -0.000000000000000000, -0.000000000000000000, -1.000000000000000000 ) ) ;
#3937 = DIRECTION ( 'NONE',  ( 1.000000000000000000, 0.000000000000000000, 0.000000000000000000 ) ) ;
#3938 = LINE ( 'NONE', #9514, #9034 ) ;
#3939 = VECTOR ( 'NONE', #6896, 1000.000000000000000 ) ;
#3940 = VECTOR ( 'NONE', #6725, 1000.000000000000000 ) ;
#3941 = ORIENTED_EDGE ( 'NONE', *, *, #1532, .T. ) ;
#3942 = ORIENTED_EDGE ( 'NONE', *, *, #766, .T. ) ;
#3943 = ADVANCED_FACE ( 'NONE', ( #2743 ), #413, .F. ) ;
#3944 = CARTESIAN_POINT ( 'NONE',  ( 15.92449465477571025, 16.76498005845841988, 47.49955985394394986 ) ) ;
#3945 = ORIENTED_EDGE ( 'NONE', *, *, #5982, .T. ) ;
#3946 = DIRECTION ( 'NONE',  ( 0.000000000000000000, 0.000000000000000000, -1.000000000000000000 ) ) ;
#3947 = EDGE_CURVE ( 'NONE', #6945, #314, #9709, .T. ) ;
#3948 = CARTESIAN_POINT ( 'NONE',  ( -14.27904914257597824, -15.94640676939194535, 47.50000000000000000 ) ) ;
#3949 = FACE_OUTER_BOUND ( 'NONE', #8729, .T. ) ;
#3950 = CARTESIAN_POINT ( 'NONE',  ( -16.74999999999994316, -15.50000000000004974, 4.500000000000000888 ) ) ;
#3951 = DIRECTION ( 'NONE',  ( 1.000000000000000000, 0.000000000000000000, 0.000000000000000000 ) ) ;
#3952 = ORIENTED_EDGE ( 'NONE', *, *, #3167, .T. ) ;
#3953 = EDGE_CURVE ( 'NONE', #5199, #7911, #8349, .T. ) ;
#3954 = CARTESIAN_POINT ( 'NONE',  ( -21.15999999999998948, 13.31369220013744581, 5.999999999999998224 ) ) ;
#3955 = ORIENTED_EDGE ( 'NONE', *, *, #8929, .T. ) ;
#3956 = CYLINDRICAL_SURFACE ( 'NONE', #2955, 2.799999999999999822 ) ;
#3957 = DIRECTION ( 'NONE',  ( -0.000000000000000000, -0.000000000000000000, -1.000000000000000000 ) ) ;
#3958 = PLANE ( 'NONE',  #8639 ) ;
#3959 = FILL_AREA_STYLE ('',( #4006 ) ) ;
#3960 = VECTOR ( 'NONE', #8140, 1000.000000000000114 ) ;
#3961 = DIRECTION ( 'NONE',  ( 1.000000000000000000, 0.000000000000000000, 0.000000000000000000 ) ) ;
#3962 = PRESENTATION_STYLE_ASSIGNMENT (( #3261 ) ) ;
#3963 = ADVANCED_FACE ( 'NONE', ( #9745 ), #2054, .F. ) ;
#3964 = ORIENTED_EDGE ( 'NONE', *, *, #3771, .T. ) ;
#3965 = EDGE_CURVE ( 'NONE', #9450, #1855, #5539, .T. ) ;
#3966 = DIRECTION ( 'NONE',  ( -1.000000000000000000, 0.000000000000000000, 0.000000000000000000 ) ) ;
#3967 = AXIS2_PLACEMENT_3D ( 'NONE', #1446, #4584, #6960 ) ;
#3968 = ORIENTED_EDGE ( 'NONE', *, *, #1968, .T. ) ;
#3969 = DIRECTION ( 'NONE',  ( 0.000000000000000000, 0.000000000000000000, -1.000000000000000000 ) ) ;
#3970 = EDGE_CURVE ( 'NONE', #2141, #1285, #6663, .T. ) ;
#3971 = DIRECTION ( 'NONE',  ( 1.000000000000000000, 0.000000000000000000, 0.000000000000000000 ) ) ;
#3972 = SURFACE_STYLE_FILL_AREA ( #2656 ) ;
#3973 = DIRECTION ( 'NONE',  ( -0.000000000000000000, -0.000000000000000000, 1.000000000000000000 ) ) ;
#3974 = AXIS2_PLACEMENT_3D ( 'NONE', #9100, #8385, #1997 ) ;
#3975 = DIRECTION ( 'NONE',  ( -0.000000000000000000, 1.000000000000000000, -0.000000000000000000 ) ) ;
#3976 = PRESENTATION_LAYER_ASSIGNMENT (  '', '', ( #6796 ) ) ;
#3977 = ORIENTED_EDGE ( 'NONE', *, *, #8976, .F. ) ;
#3978 = UNCERTAINTY_MEASURE_WITH_UNIT (LENGTH_MEASURE( 1.000000000000000082E-05 ), #639, 'distance_accuracy_value', 'NONE');
#3979 = ORIENTED_EDGE ( 'NONE', *, *, #5113, .F. ) ;
#3980 = CARTESIAN_POINT ( 'NONE',  ( -2.500000000000000000, 3.061616997868383141E-16, -24.00000000000000000 ) ) ;
#3981 = CARTESIAN_POINT ( 'NONE',  ( -11.99999999999923617, 15.49999999999897504, 48.00000000000000000 ) ) ;
#3982 = CARTESIAN_POINT ( 'NONE',  ( 13.32957238623955121, -21.15000000000000568, 38.00000000000000000 ) ) ;
#3983 = FACE_OUTER_BOUND ( 'NONE', #7306, .T. ) ;
#3984 = CARTESIAN_POINT ( 'NONE',  ( -17.29644660940670420, 21.00355339059327164, 38.00000000000000000 ) ) ;
#3985 = DIRECTION ( 'NONE',  ( -0.000000000000000000, -0.000000000000000000, 1.000000000000000000 ) ) ;
#3986 = EDGE_LOOP ( 'NONE', ( #9280, #3873, #2303 ) ) ;
#3987 = ORIENTED_EDGE ( 'NONE', *, *, #5532, .F. ) ;
#3988 = CARTESIAN_POINT ( 'NONE',  ( 18.79644660940669354, -18.79644660940677525, -0.000000000000000000 ) ) ;
#3989 = AXIS2_PLACEMENT_3D ( 'NONE', #6414, #103, #1612 ) ;
#3990 = ORIENTED_EDGE ( 'NONE', *, *, #2023, .F. ) ;
#3991 = UNCERTAINTY_MEASURE_WITH_UNIT (LENGTH_MEASURE( 1.000000000000000082E-05 ), #9139, 'distance_accuracy_value', 'NONE');
#3992 = DIRECTION ( 'NONE',  ( 0.000000000000000000, -1.000000000000000000, 0.000000000000000000 ) ) ;
#3993 = CARTESIAN_POINT ( 'NONE',  ( -13.31369220013741206, -21.16000000000000725, -53.84951795962939514 ) ) ;
#3994 = CARTESIAN_POINT ( 'NONE',  ( 15.07550534522236418, 15.94640676939203949, 46.50000000000000000 ) ) ;
#3995 = DIRECTION ( 'NONE',  ( 0.000000000000000000, -1.000000000000000000, 0.000000000000000000 ) ) ;
#3996 = EDGE_CURVE ( 'NONE', #8467, #9482, #2408, .T. ) ;
#3997 = VECTOR ( 'NONE', #7935, 1000.000000000000000 ) ;
#3998 = DIRECTION ( 'NONE',  ( 0.000000000000000000, 0.000000000000000000, 1.000000000000000000 ) ) ;
#3999 =( LENGTH_UNIT ( ) NAMED_UNIT ( * ) SI_UNIT ( .MILLI., .METRE. ) );
#4000 = VERTEX_POINT ( 'NONE', #1240 ) ;
#4001 = ORIENTED_EDGE ( 'NONE', *, *, #4145, .F. ) ;
#4002 = CARTESIAN_POINT ( 'NONE',  ( 3.500000000000000000, 0.000000000000000000, 46.00000000000000000 ) ) ;
#4003 = CARTESIAN_POINT ( 'NONE',  ( 16.84930666606603467, 15.94640676939203239, 46.50000000000000000 ) ) ;
#4004 = CARTESIAN_POINT ( 'NONE',  ( -21.00355339059326809, -17.29644660940671130, 8.000000000000000000 ) ) ;
#4005 = STYLED_ITEM ( 'NONE', ( #7773 ), #8690 ) ;
#4006 = FILL_AREA_STYLE_COLOUR ( '', #6102 ) ;
#4007 =( LENGTH_UNIT ( ) NAMED_UNIT ( * ) SI_UNIT ( .MILLI., .METRE. ) );
#4008 = DIRECTION ( 'NONE',  ( -1.000000000000000000, 2.984279490192420781E-13, 0.000000000000000000 ) ) ;
#4009 = ADVANCED_FACE ( 'NONE', ( #2841 ), #1296, .F. ) ;
#4010 = PLANE ( 'NONE',  #6355 ) ;
#4011 = PRESENTATION_LAYER_ASSIGNMENT (  '', '', ( #2549 ) ) ;
#4012 = CARTESIAN_POINT ( 'NONE',  ( -14.21692477204121730, 15.07550534522231089, 46.50000000000000000 ) ) ;
#4013 = EDGE_CURVE ( 'NONE', #4988, #8533, #560, .T. ) ;
#4014 = ORIENTED_EDGE ( 'NONE', *, *, #7509, .T. ) ;
#4015 = CARTESIAN_POINT ( 'NONE',  ( -20.64999999999999503, -16.94289321881344534, 0.5000000000000000000 ) ) ;
#4016 = ORIENTED_EDGE ( 'NONE', *, *, #288, .T. ) ;
#4017 = FACE_OUTER_BOUND ( 'NONE', #3898, .T. ) ;
#4018 = SURFACE_SIDE_STYLE ('',( #894 ) ) ;
#4019 = ADVANCED_FACE ( 'NONE', ( #6962 ), #5367, .T. ) ;
#4020 = VECTOR ( 'NONE', #4676, 1000.000000000000000 ) ;
#4021 = CARTESIAN_POINT ( 'NONE',  ( -15.49999999999897859, -15.50000000000102141, 47.50000000000000000 ) ) ;
#4022 =( NAMED_UNIT ( * ) PLANE_ANGLE_UNIT ( ) SI_UNIT ( $, .RADIAN. ) );
#4023 = COLOUR_RGB ( '',0.2509803921568627416, 0.2509803921568627416, 0.2509803921568627416 ) ;
#4024 = EDGE_CURVE ( 'NONE', #7517, #7710, #3855, .T. ) ;
#4025 = CARTESIAN_POINT ( 'NONE',  ( -17.06421356237305886, -20.94289321881345955, -9.710461316629347659E-17 ) ) ;
#4026 = EDGE_CURVE ( 'NONE', #7212, #4510, #3000, .T. ) ;
#4027 = ORIENTED_EDGE ( 'NONE', *, *, #8185, .T. ) ;
#4028 = ORIENTED_EDGE ( 'NONE', *, *, #8443, .F. ) ;
#4029 = VECTOR ( 'NONE', #6778, 1000.000000000000000 ) ;
#4030 = CARTESIAN_POINT ( 'NONE',  ( -16.94289321881343469, 20.64999999999999858, 38.00000000000000000 ) ) ;
#4031 = PRESENTATION_STYLE_ASSIGNMENT (( #7402 ) ) ;
#4032 = CARTESIAN_POINT ( 'NONE',  ( -13.32957238623956897, -21.14999999999999147, 5.999999999999998224 ) ) ;
#4033 = PLANE ( 'NONE',  #3329 ) ;
#4034 = FACE_OUTER_BOUND ( 'NONE', #2339, .T. ) ;
#4035 = AXIS2_PLACEMENT_3D ( 'NONE', #7217, #3298, #9581 ) ;
#4036 = VECTOR ( 'NONE', #3899, 1000.000000000000000 ) ;
#4037 =( NAMED_UNIT ( * ) PLANE_ANGLE_UNIT ( ) SI_UNIT ( $, .RADIAN. ) );
#4038 = ORIENTED_EDGE ( 'NONE', *, *, #3215, .F. ) ;
#4039 = VERTEX_POINT ( 'NONE', #2264 ) ;
#4040 = CARTESIAN_POINT ( 'NONE',  ( 1.379851512413564629, -39.15000000000000568, 41.54834905086877939 ) ) ;
#4041 = ORIENTED_EDGE ( 'NONE', *, *, #5040, .T. ) ;
#4042 = VECTOR ( 'NONE', #1582, 1000.000000000000000 ) ;
#4043 = CARTESIAN_POINT ( 'NONE',  ( -15.85270061781219120, -14.21692477204105209, 47.49983667794648312 ) ) ;
#4044 = CARTESIAN_POINT ( 'NONE',  ( 18.79644660940664735, 18.79644660940677525, 47.50000000000000000 ) ) ;
#4045 = VECTOR ( 'NONE', #3379, 1000.000000000000000 ) ;
#4046 = FACE_OUTER_BOUND ( 'NONE', #3986, .T. ) ;
#4047 = PLANE ( 'NONE',  #3880 ) ;
#4048 = CARTESIAN_POINT ( 'NONE',  ( 0.000000000000000000, -21.25000000000000711, 0.000000000000000000 ) ) ;
#4049 = SURFACE_SIDE_STYLE ('',( #7068 ) ) ;
#4050 = EDGE_LOOP ( 'NONE', ( #4282, #1600, #9492, #5296, #7786, #7087, #6374, #5870, #2993, #8532, #6903, #6234 ) ) ;
#4051 = DIRECTION ( 'NONE',  ( 0.000000000000000000, 0.000000000000000000, -1.000000000000000000 ) ) ;
#4052 = ORIENTED_EDGE ( 'NONE', *, *, #7316, .F. ) ;
#4053 = DIRECTION ( 'NONE',  ( 1.000000000000000000, -1.875757943018545794E-15, 0.000000000000000000 ) ) ;
#4054 = CARTESIAN_POINT ( 'NONE',  ( -15.05359323060823407, 15.92449465477564097, 46.50000000000000000 ) ) ;
#4055 = COLOUR_RGB ( '',0.2509803921568627416, 0.2509803921568627416, 0.2509803921568627416 ) ;
#4056 = PRESENTATION_STYLE_ASSIGNMENT (( #8748 ) ) ;
#4057 = CARTESIAN_POINT ( 'NONE',  ( -15.94640676939209456, 14.15069333393197404, 46.50000000000000000 ) ) ;
#4058 = CARTESIAN_POINT ( 'NONE',  ( 15.05359323060813459, -15.07550534522241925, 47.50000000000000000 ) ) ;
#4059 = STYLED_ITEM ( 'NONE', ( #2477 ), #9264 ) ;
#4060 = CARTESIAN_POINT ( 'NONE',  ( 3.503880904858911016, -21.25000000000000711, 40.26401485834065852 ) ) ;
#4061 = VERTEX_POINT ( 'NONE', #6245 ) ;
#4062 = EDGE_LOOP ( 'NONE', ( #860, #2159, #4251, #6137, #783 ) ) ;
#4063 = VERTEX_POINT ( 'NONE', #767 ) ;
#4064 = ORIENTED_EDGE ( 'NONE', *, *, #5934, .F. ) ;
#4065 = DIRECTION ( 'NONE',  ( 0.000000000000000000, -1.000000000000000000, 0.000000000000000000 ) ) ;
#4066 =( GEOMETRIC_REPRESENTATION_CONTEXT ( 3 ) GLOBAL_UNCERTAINTY_ASSIGNED_CONTEXT ( ( #9372 ) ) GLOBAL_UNIT_ASSIGNED_CONTEXT ( ( #5926, #7454, #5143 ) ) REPRESENTATION_CONTEXT ( 'NONE', 'WORKASPACE' ) );
#4067 = LINE ( 'NONE', #8914, #5771 ) ;
#4068 = EDGE_CURVE ( 'NONE', #3922, #4494, #7014, .T. ) ;
#4069 = DIRECTION ( 'NONE',  ( 1.000000000000000000, 0.000000000000000000, 0.000000000000000000 ) ) ;
#4070 = DIRECTION ( 'NONE',  ( 1.000000000000000000, 0.000000000000000000, 0.000000000000000000 ) ) ;
#4071 = MECHANICAL_DESIGN_GEOMETRIC_PRESENTATION_REPRESENTATION (  '', ( #9020 ), #3603 ) ;
#4073 = DIRECTION ( 'NONE',  ( 1.000000000000000000, 0.000000000000000000, 0.000000000000000000 ) ) ;
#4072 = CIRCLE ( 'NONE', #9847, 0.4999999999999982236 ) ;
#4074 = VECTOR ( 'NONE', #7351, 1000.000000000000000 ) ;
#4075 = CARTESIAN_POINT ( 'NONE',  ( 15.94640676939199508, -15.07550534522242458, 46.50000000000000000 ) ) ;
#4076 = VERTEX_POINT ( 'NONE', #6299 ) ;
#4077 = UNCERTAINTY_MEASURE_WITH_UNIT (LENGTH_MEASURE( 1.000000000000000082E-05 ), #1502, 'distance_accuracy_value', 'NONE');
#4078 = EDGE_CURVE ( 'NONE', #6402, #8240, #1450, .T. ) ;
#4079 = EDGE_LOOP ( 'NONE', ( #293, #7386, #4123, #5185 ) ) ;
#4080 = CARTESIAN_POINT ( 'NONE',  ( 13.32957238623955121, -21.15000000000000568, 99.84951795962939514 ) ) ;
#4081 = EDGE_CURVE ( 'NONE', #7155, #806, #9990, .T. ) ;
#4082 = CARTESIAN_POINT ( 'NONE',  ( 14.15069333393202555, 15.05359323060818433, 47.49262389544717422 ) ) ;
#4083 = VECTOR ( 'NONE', #96, 1000.000000000000000 ) ;
#4084 = EDGE_CURVE ( 'NONE', #1971, #2026, #2440, .T. ) ;
#4085 = CARTESIAN_POINT ( 'NONE',  ( -15.07550534522246011, -14.27125906389359322, 47.50000000000000000 ) ) ;
#4086 = DIRECTION ( 'NONE',  ( 1.000000000000000000, 0.000000000000000000, 0.000000000000000000 ) ) ;
#4087 = LINE ( 'NONE', #3984, #4367 ) ;
#4088 = FILL_AREA_STYLE ('',( #907 ) ) ;
#4089 = ORIENTED_EDGE ( 'NONE', *, *, #9927, .T. ) ;
#4090 = B_SPLINE_CURVE_WITH_KNOTS ( 'NONE', 3,
 ( #8465, #1415, #6264, #3013 ),
 .UNSPECIFIED., .F., .F.,
 ( 4, 4 ),
 ( 0.000000000000000000, 5.435045947890708391E-05 ),
 .UNSPECIFIED. ) ;
#4091 = AXIS2_PLACEMENT_3D ( 'NONE', #4206, #1902, #8177 ) ;
#4093 = EDGE_LOOP ( 'NONE', ( #9655, #539, #377 ) ) ;
#4092 = VECTOR ( 'NONE', #2954, 1000.000000000000000 ) ;
#4094 = DIRECTION ( 'NONE',  ( -0.000000000000000000, -0.000000000000000000, -1.000000000000000000 ) ) ;
#4095 = ADVANCED_FACE ( 'NONE', ( #1399 ), #3759, .F. ) ;
#4096 = ORIENTED_EDGE ( 'NONE', *, *, #6920, .T. ) ;
#4097 = UNCERTAINTY_MEASURE_WITH_UNIT (LENGTH_MEASURE( 1.000000000000000082E-05 ), #8076, 'distance_accuracy_value', 'NONE');
#4098 = PLANE ( 'NONE',  #9543 ) ;
#4099 = CARTESIAN_POINT ( 'NONE',  ( -14.15069333393213569, -15.35119774353671218, 47.49878368663158312 ) ) ;
#4100 = EDGE_CURVE ( 'NONE', #6466, #5438, #9477, .T. ) ;
#4101 = DIRECTION ( 'NONE',  ( -1.000000000000000000, 0.000000000000000000, 8.673617379884027583E-16 ) ) ;
#4102 = AXIS2_PLACEMENT_3D ( 'NONE', #5946, #7625, #1393 ) ;
#4103 = PRESENTATION_LAYER_ASSIGNMENT (  '', '', ( #3784 ) ) ;
#4104 = FACE_OUTER_BOUND ( 'NONE', #2910, .T. ) ;
#4105 =( NAMED_UNIT ( * ) SI_UNIT ( $, .STERADIAN. ) SOLID_ANGLE_UNIT ( ) );
#4106 = ORIENTED_EDGE ( 'NONE', *, *, #6581, .T. ) ;
#4107 = FILL_AREA_STYLE_COLOUR ( '', #9347 ) ;
#4108 = ORIENTED_EDGE ( 'NONE', *, *, #2268, .F. ) ;
#4109 = B_SPLINE_CURVE_WITH_KNOTS ( 'NONE', 3,
 ( #124, #3378, #4137, #3491 ),
 .UNSPECIFIED., .F., .F.,
 ( 4, 4 ),
 ( 0.000000000000000000, 0.0001285675718489003223 ),
 .UNSPECIFIED. ) ;
#4110 = PRODUCT_CONTEXT ( 'NONE', #8668, 'mechanical' ) ;
#4111 = CIRCLE ( 'NONE', #7098, 0.5787973969144516451 ) ;
#4112 = FACE_OUTER_BOUND ( 'NONE', #4062, .T. ) ;
#4113 = CARTESIAN_POINT ( 'NONE',  ( 11.00000000000000000, 1.347111479062088405E-15, -1.500000000000000000 ) ) ;
#4114 = SURFACE_STYLE_USAGE ( .BOTH. , #975 ) ;
#4115 = DIRECTION ( 'NONE',  ( 0.000000000000000000, 0.000000000000000000, 1.000000000000000000 ) ) ;
#4116 = DIRECTION ( 'NONE',  ( -1.000000000000000000, 0.000000000000000000, 0.000000000000000000 ) ) ;
#4117 = FACE_BOUND ( 'NONE', #8108, .T. ) ;
#4118 = LINE ( 'NONE', #3354, #5211 ) ;
#4119 = FILL_AREA_STYLE ('',( #8800 ) ) ;
#4120 = FILL_AREA_STYLE_COLOUR ( '', #3216 ) ;
#4121 = VERTEX_POINT ( 'NONE', #186 ) ;
#4122 = ORIENTED_EDGE ( 'NONE', *, *, #4261, .T. ) ;
#4123 = ORIENTED_EDGE ( 'NONE', *, *, #2834, .F. ) ;
#4124 = DIRECTION ( 'NONE',  ( 1.000000000000000000, 0.000000000000000000, 0.000000000000000000 ) ) ;
#4125 = DIRECTION ( 'NONE',  ( -0.000000000000000000, -0.000000000000000000, -1.000000000000000000 ) ) ;
#4126 = CARTESIAN_POINT ( 'NONE',  ( 0.000000000000000000, 0.000000000000000000, 45.00000000000000000 ) ) ;
#4127 = EDGE_CURVE ( 'NONE', #8899, #7258, #1789, .T. ) ;
#4128 = AXIS2_PLACEMENT_3D ( 'NONE', #5791, #3513, #4116 ) ;
#4129 = CARTESIAN_POINT ( 'NONE',  ( -15.94640676939209456, 15.07550534522231089, 46.50000000000000000 ) ) ;
#4130 = FILL_AREA_STYLE ('',( #8812 ) ) ;
#4131 = ORIENTED_EDGE ( 'NONE', *, *, #4026, .T. ) ;
#4132 = ORIENTED_EDGE ( 'NONE', *, *, #6497, .T. ) ;
#4133 = VERTEX_POINT ( 'NONE', #3950 ) ;
#4134 =( NAMED_UNIT ( * ) SI_UNIT ( $, .STERADIAN. ) SOLID_ANGLE_UNIT ( ) );
#4135 = DIRECTION ( 'NONE',  ( 1.000000000000000000, -1.534293971618784833E-13, 0.000000000000000000 ) ) ;
#4136 = CIRCLE ( 'NONE', #1845, 11.00000000000000000 ) ;
#4137 = CARTESIAN_POINT ( 'NONE',  ( -15.05359323060823584, 14.23619328529337480, 47.50000000000000000 ) ) ;
#4138 = DIRECTION ( 'NONE',  ( 0.000000000000000000, 0.000000000000000000, 1.000000000000000000 ) ) ;
#4139 = CARTESIAN_POINT ( 'NONE',  ( 16.84930666606603111, 15.05359323060817367, 47.49262389544735896 ) ) ;
#4140 = FILL_AREA_STYLE ('',( #7302 ) ) ;
#4141 = STYLED_ITEM ( 'NONE', ( #9036 ), #7884 ) ;
#4142 = PLANE ( 'NONE',  #4272 ) ;
#4143 = VERTEX_POINT ( 'NONE', #8741 ) ;
#4144 = ORIENTED_EDGE ( 'NONE', *, *, #6626, .T. ) ;
#4145 = EDGE_CURVE ( 'NONE', #8943, #1248, #7163, .T. ) ;
#4146 = ORIENTED_EDGE ( 'NONE', *, *, #8264, .F. ) ;
#4147 = AXIS2_PLACEMENT_3D ( 'NONE', #897, #4912, #113 ) ;
#4148 = SURFACE_STYLE_FILL_AREA ( #9575 ) ;
#4149 = CARTESIAN_POINT ( 'NONE',  ( -20.64999999999999503, -16.94289321881344534, 38.00000000000000000 ) ) ;
#4150 = CARTESIAN_POINT ( 'NONE',  ( -16.94289321881343469, -21.15000000000000568, 47.50000000000000000 ) ) ;
#4151 = FILL_AREA_STYLE_COLOUR ( '', #5310 ) ;
#4152 = EDGE_CURVE ( 'NONE', #3885, #3240, #2474, .T. ) ;
#4153 = CARTESIAN_POINT ( 'NONE',  ( 20.65000000000000213, -16.94289321881343113, 47.50000000000000000 ) ) ;
#4154 = ADVANCED_FACE ( 'NONE', ( #2567 ), #9529, .T. ) ;
#4155 = CARTESIAN_POINT ( 'NONE',  ( -1.379851512413567960, -39.15000000000000568, 42.95165094913121351 ) ) ;
#4156 = STYLED_ITEM ( 'NONE', ( #8499 ), #8435 ) ;
#4157 = ORIENTED_EDGE ( 'NONE', *, *, #5119, .T. ) ;
#4158 = ADVANCED_FACE ( 'NONE', ( #4741 ), #4796, .T. ) ;
#4159 = CARTESIAN_POINT ( 'NONE',  ( 16.78307522795901363, -15.07550534522241925, 46.50000000000000000 ) ) ;
#4160 = ORIENTED_EDGE ( 'NONE', *, *, #6131, .F. ) ;
#4161 = DIRECTION ( 'NONE',  ( 1.000000000000000000, 0.000000000000000000, -0.000000000000000000 ) ) ;
#4162 = CARTESIAN_POINT ( 'NONE',  ( 0.000000000000000000, 0.000000000000000000, 45.00000000000000000 ) ) ;
#4163 = LINE ( 'NONE', #3406, #2593 ) ;
#4164 = PRESENTATION_STYLE_ASSIGNMENT (( #358 ) ) ;
#4165 = LINE ( 'NONE', #9692, #5869 ) ;
#4166 = FACE_OUTER_BOUND ( 'NONE', #8512, .T. ) ;
#4167 = CARTESIAN_POINT ( 'NONE',  ( 3.500000000000000000, 4.286263797015736595E-16, -1.734723475976807094E-15 ) ) ;
#4168 = MANIFOLD_SOLID_BREP ( 'อนฬจ-ภญษ์7', #5695 ) ;
#4169 = PLANE ( 'NONE',  #7500 ) ;
#4170 = PLANE ( 'NONE',  #711 ) ;
#4171 = DIRECTION ( 'NONE',  ( 1.000000000000000000, 0.000000000000000000, 0.000000000000000000 ) ) ;
#4172 = CIRCLE ( 'NONE', #9934, 25.00000000000000000 ) ;
#4173 = ORIENTED_EDGE ( 'NONE', *, *, #7814, .F. ) ;
#4174 = ORIENTED_EDGE ( 'NONE', *, *, #5354, .T. ) ;
#4175 = ORIENTED_EDGE ( 'NONE', *, *, #5554, .F. ) ;
#4176 = CARTESIAN_POINT ( 'NONE',  ( -14.20000000000016449, 15.49999999999897504, 46.50000000000000000 ) ) ;
#4177 =( NAMED_UNIT ( * ) SI_UNIT ( $, .STERADIAN. ) SOLID_ANGLE_UNIT ( ) );
#4178 = LINE ( 'NONE', #6471, #8012 ) ;
#4179 = DIRECTION ( 'NONE',  ( -0.000000000000000000, -0.000000000000000000, -1.000000000000000000 ) ) ;
#4180 = DIRECTION ( 'NONE',  ( 1.000000000000000000, 0.000000000000000000, 0.000000000000000000 ) ) ;
#4181 = DIRECTION ( 'NONE',  ( 1.000000000000000000, 0.000000000000000000, 0.000000000000000000 ) ) ;
#4182 = ORIENTED_EDGE ( 'NONE', *, *, #308, .T. ) ;
#4183 = ORIENTED_EDGE ( 'NONE', *, *, #5606, .F. ) ;
#4184 = ORIENTED_EDGE ( 'NONE', *, *, #2766, .T. ) ;
#4185 = DIRECTION ( 'NONE',  ( 1.000000000000000000, 0.000000000000000000, 0.000000000000000000 ) ) ;
#4186 = VECTOR ( 'NONE', #10099, 1000.000000000000000 ) ;
#4187 = DIRECTION ( 'NONE',  ( 0.000000000000000000, 0.000000000000000000, -1.000000000000000000 ) ) ;
#4188 = FILL_AREA_STYLE_COLOUR ( '', #4055 ) ;
#4189 = DIRECTION ( 'NONE',  ( -0.000000000000000000, 1.000000000000000000, -0.000000000000000000 ) ) ;
#4190 = CARTESIAN_POINT ( 'NONE',  ( 21.15000000000000213, -21.15000000000000213, 38.00000000000000000 ) ) ;
#4191 = CARTESIAN_POINT ( 'NONE',  ( -15.49999999999994316, -15.50000000000004974, -2.266821225221747863E-17 ) ) ;
#4192 = LINE ( 'NONE', #338, #977 ) ;
#4193 = ORIENTED_EDGE ( 'NONE', *, *, #4855, .T. ) ;
#4194 = ORIENTED_EDGE ( 'NONE', *, *, #3338, .T. ) ;
#4195 = AXIS2_PLACEMENT_3D ( 'NONE', #2425, #6255, #7122 ) ;
#4196 = ORIENTED_EDGE ( 'NONE', *, *, #9432, .F. ) ;
#4197 = EDGE_CURVE ( 'NONE', #3587, #8757, #8082, .T. ) ;
#4198 = DIRECTION ( 'NONE',  ( -0.000000000000000000, -0.000000000000000000, 1.000000000000000000 ) ) ;
#4199 = CARTESIAN_POINT ( 'NONE',  ( 16.80000000000102034, -15.49999999999983658, 47.50000000000000000 ) ) ;
#4200 = AXIS2_PLACEMENT_3D ( 'NONE', #5898, #1189, #4328 ) ;
#4201 = DIRECTION ( 'NONE',  ( 0.000000000000000000, -1.000000000000000000, 0.000000000000000000 ) ) ;
#4202 = CARTESIAN_POINT ( 'NONE',  ( -18.49999999999961631, -15.50000000000102141, 47.50000000000000000 ) ) ;
#4203 = VECTOR ( 'NONE', #7521, 1000.000000000000000 ) ;
#4204 =( LENGTH_UNIT ( ) NAMED_UNIT ( * ) SI_UNIT ( .MILLI., .METRE. ) );
#4205 = ADVANCED_FACE ( 'NONE', ( #9782 ), #8992, .F. ) ;
#4206 = CARTESIAN_POINT ( 'NONE',  ( -15.49999999999994316, -15.50000000000004974, 4.500000000000000888 ) ) ;
#4207 = DIRECTION ( 'NONE',  ( -0.000000000000000000, -0.000000000000000000, 1.000000000000000000 ) ) ;
#4208 = ORIENTED_EDGE ( 'NONE', *, *, #4591, .T. ) ;
#4209 = CYLINDRICAL_SURFACE ( 'NONE', #8186, 2.999999999999999112 ) ;
#4210 = MECHANICAL_DESIGN_GEOMETRIC_PRESENTATION_REPRESENTATION (  '', ( #9809 ), #7187 ) ;
#4211 = ORIENTED_EDGE ( 'NONE', *, *, #9192, .F. ) ;
#4212 = ADVANCED_FACE ( 'NONE', ( #287 ), #6701, .T. ) ;
#4213 = PRESENTATION_LAYER_ASSIGNMENT (  '', '', ( #8808 ) ) ;
#4214 = EDGE_CURVE ( 'NONE', #8170, #439, #638, .T. ) ;
#4215 = PRESENTATION_STYLE_ASSIGNMENT (( #8841 ) ) ;
#4216 = CYLINDRICAL_SURFACE ( 'NONE', #10173, 2.299999999999998046 ) ;
#4217 = EDGE_CURVE ( 'NONE', #9380, #5972, #2298, .T. ) ;
#4218 = DIRECTION ( 'NONE',  ( -0.000000000000000000, -0.000000000000000000, 1.000000000000000000 ) ) ;
#4219 = CARTESIAN_POINT ( 'NONE',  ( 21.15000000000000213, -21.15000000000000213, 38.00000000000000000 ) ) ;
#4220 = DIRECTION ( 'NONE',  ( 1.000000000000000000, 0.000000000000000000, 0.000000000000000000 ) ) ;
#4221 = ADVANCED_FACE ( 'NONE', ( #9050 ), #4599, .F. ) ;
#4222 = DIRECTION ( 'NONE',  ( -0.000000000000000000, -0.000000000000000000, 1.000000000000000000 ) ) ;
#4223 = STYLED_ITEM ( 'NONE', ( #5541 ), #2293 ) ;
#4224 = DIRECTION ( 'NONE',  ( 0.000000000000000000, 0.000000000000000000, 1.000000000000000000 ) ) ;
#4225 = CARTESIAN_POINT ( 'NONE',  ( 16.84930666606603467, 15.64880225646411738, 47.49878368663161865 ) ) ;
#4226 = ORIENTED_EDGE ( 'NONE', *, *, #7428, .F. ) ;
#4227 = CIRCLE ( 'NONE', #1936, 0.5000000000000004441 ) ;
#4228 = ORIENTED_EDGE ( 'NONE', *, *, #9076, .T. ) ;
#4229 = VERTEX_POINT ( 'NONE', #2780 ) ;
#4230 = COLOUR_RGB ( '',0.000000000000000000, 0.5019607843137254832, 1.000000000000000000 ) ;
#4231 =( LENGTH_UNIT ( ) NAMED_UNIT ( * ) SI_UNIT ( .MILLI., .METRE. ) );
#4232 =( NAMED_UNIT ( * ) PLANE_ANGLE_UNIT ( ) SI_UNIT ( $, .RADIAN. ) );
#4233 = DIRECTION ( 'NONE',  ( -1.000000000000000000, 0.000000000000000000, 0.000000000000000000 ) ) ;
#4234 = AXIS2_PLACEMENT_3D ( 'NONE', #6697, #4201, #9679 ) ;
#4235 = CARTESIAN_POINT ( 'NONE',  ( 15.29091159908298891, 14.21692477204116045, 47.50000000000000000 ) ) ;
#4236 = DIRECTION ( 'NONE',  ( 1.000000000000000000, -8.173122824782933933E-15, 0.000000000000000000 ) ) ;
#4237 = VERTEX_POINT ( 'NONE', #5935 ) ;
#4238 = ORIENTED_EDGE ( 'NONE', *, *, #8187, .F. ) ;
#4239 = CIRCLE ( 'NONE', #4580, 0.5000000000000006661 ) ;
#4240 = VERTEX_POINT ( 'NONE', #8894 ) ;
#4241 = CARTESIAN_POINT ( 'NONE',  ( 21.14999999999999858, 16.94289321881344534, 38.00000000000000000 ) ) ;
#4242 = CARTESIAN_POINT ( 'NONE',  ( 16.78307522795900653, -15.92449465477577242, 47.50000000000000000 ) ) ;
#4243 = SURFACE_SIDE_STYLE ('',( #9561 ) ) ;
#4244 = DIRECTION ( 'NONE',  ( -1.000000000000000000, -8.202002250481357549E-17, 0.000000000000000000 ) ) ;
#4245 = FACE_OUTER_BOUND ( 'NONE', #7385, .T. ) ;
#4246 = VECTOR ( 'NONE', #3113, 1000.000000000000000 ) ;
#4247 =( LENGTH_UNIT ( ) NAMED_UNIT ( * ) SI_UNIT ( .MILLI., .METRE. ) );
#4248 = AXIS2_PLACEMENT_3D ( 'NONE', #4129, #6575, #2659 ) ;
#4249 =( GEOMETRIC_REPRESENTATION_CONTEXT ( 3 ) GLOBAL_UNCERTAINTY_ASSIGNED_CONTEXT ( ( #4941 ) ) GLOBAL_UNIT_ASSIGNED_CONTEXT ( ( #121, #7857, #4771 ) ) REPRESENTATION_CONTEXT ( 'NONE', 'WORKASPACE' ) );
#4250 =( GEOMETRIC_REPRESENTATION_CONTEXT ( 3 ) GLOBAL_UNCERTAINTY_ASSIGNED_CONTEXT ( ( #6390 ) ) GLOBAL_UNIT_ASSIGNED_CONTEXT ( ( #7133, #4704, #3121 ) ) REPRESENTATION_CONTEXT ( 'NONE', 'WORKASPACE' ) );
#4251 = ORIENTED_EDGE ( 'NONE', *, *, #5746, .T. ) ;
#4252 = VERTEX_POINT ( 'NONE', #1073 ) ;
#4253 = DIRECTION ( 'NONE',  ( 1.000000000000000000, 0.000000000000000000, 0.000000000000000000 ) ) ;
#4254 = ORIENTED_EDGE ( 'NONE', *, *, #4351, .F. ) ;
#4255 = MECHANICAL_DESIGN_GEOMETRIC_PRESENTATION_REPRESENTATION (  '', ( #8692 ), #801 ) ;
#4256 = DIRECTION ( 'NONE',  ( 8.673617379884026597E-16, -8.673617379884026597E-16, 1.000000000000000000 ) ) ;
#4257 = DIRECTION ( 'NONE',  ( -0.000000000000000000, -0.000000000000000000, -1.000000000000000000 ) ) ;
#4258 =( NAMED_UNIT ( * ) SI_UNIT ( $, .STERADIAN. ) SOLID_ANGLE_UNIT ( ) );
#4259 = COLOUR_RGB ( '',0.2509803921568627416, 0.2509803921568627416, 0.2509803921568627416 ) ;
#4260 = TOROIDAL_SURFACE ( 'NONE', #8381, 1.299999999999999600, 1.000000000000000000 ) ;
#4261 = EDGE_CURVE ( 'NONE', #7041, #6528, #9732, .T. ) ;
#4262 = EDGE_LOOP ( 'NONE', ( #3700, #963, #7807, #9395, #3430 ) ) ;
#4263 = EDGE_LOOP ( 'NONE', ( #2076, #1427, #1775 ) ) ;
#4264 = DIRECTION ( 'NONE',  ( -6.220110695751237651E-15, 1.000000000000000000, 0.000000000000000000 ) ) ;
#4265 = ORIENTED_EDGE ( 'NONE', *, *, #2985, .F. ) ;
#4266 = ADVANCED_FACE ( 'NONE', ( #5883 ), #8940, .T. ) ;
#4267 = DIRECTION ( 'NONE',  ( 0.000000000000000000, 0.000000000000000000, -1.000000000000000000 ) ) ;
#4268 = CARTESIAN_POINT ( 'NONE',  ( -15.49999999999897859, -15.50000000000102141, 47.50000000000000000 ) ) ;
#4269 = AXIS2_PLACEMENT_3D ( 'NONE', #2882, #10044, #6035 ) ;
#4270 = CARTESIAN_POINT ( 'NONE',  ( 15.50000000000101963, -15.49999999999983658, 46.00000000000000000 ) ) ;
#4271 =( LENGTH_UNIT ( ) NAMED_UNIT ( * ) SI_UNIT ( .MILLI., .METRE. ) );
#4272 = AXIS2_PLACEMENT_3D ( 'NONE', #7450, #387, #7303 ) ;
#4273 = CIRCLE ( 'NONE', #7573, 0.5000000000000004441 ) ;
#4274 = CARTESIAN_POINT ( 'NONE',  ( -4.000000000000000000, 0.000000000000000000, -2.000000000000000000 ) ) ;
#4275 = CARTESIAN_POINT ( 'NONE',  ( 0.000000000000000000, 0.000000000000000000, 38.00000000000000000 ) ) ;
#4276 =( NAMED_UNIT ( * ) SI_UNIT ( $, .STERADIAN. ) SOLID_ANGLE_UNIT ( ) );
#4277 = DIRECTION ( 'NONE',  ( 1.000000000000000000, 0.000000000000000000, 0.000000000000000000 ) ) ;
#4278 = ADVANCED_FACE ( 'NONE', ( #9102 ), #7403, .F. ) ;
#4279 = CARTESIAN_POINT ( 'NONE',  ( -17.29644660940670420, 21.00355339059327875, 8.000000000000000000 ) ) ;
#4280 = AXIS2_PLACEMENT_3D ( 'NONE', #4287, #9849, #1925 ) ;
#4281 = SURFACE_SIDE_STYLE ('',( #1919 ) ) ;
#4282 = ORIENTED_EDGE ( 'NONE', *, *, #4535, .F. ) ;
#4283 = EDGE_LOOP ( 'NONE', ( #1157, #824, #5246, #8815, #5002 ) ) ;
#4284 = EDGE_CURVE ( 'NONE', #9418, #8858, #6910, .T. ) ;
#4285 = EDGE_LOOP ( 'NONE', ( #7321, #5051, #34, #4905, #2895 ) ) ;
#4286 = DIRECTION ( 'NONE',  ( -0.000000000000000000, -0.000000000000000000, -1.000000000000000000 ) ) ;
#4287 = CARTESIAN_POINT ( 'NONE',  ( 15.50000000000101963, -15.49999999999983658, 46.00000000000000000 ) ) ;
#4288 = CARTESIAN_POINT ( 'NONE',  ( 12.00000000000123812, -15.49999999999983658, 47.50000000000000000 ) ) ;
#4289 = EDGE_CURVE ( 'NONE', #4907, #9869, #7462, .T. ) ;
#4290 = EDGE_CURVE ( 'NONE', #9215, #5924, #4471, .T. ) ;
#4291 = SURFACE_STYLE_USAGE ( .BOTH. , #9757 ) ;
#4292 = EDGE_LOOP ( 'NONE', ( #4226, #4744, #2868, #4358 ) ) ;
#4293 = VERTEX_POINT ( 'NONE', #3696 ) ;
#4294 = ORIENTED_EDGE ( 'NONE', *, *, #3415, .F. ) ;
#4295 = EDGE_CURVE ( 'NONE', #1479, #2173, #2071, .T. ) ;
#4296 = CARTESIAN_POINT ( 'NONE',  ( -15.79760451292811929, 16.84930666606597782, 47.49833231681228796 ) ) ;
#4297 = PRESENTATION_STYLE_ASSIGNMENT (( #9719 ) ) ;
#4298 = DIRECTION ( 'NONE',  ( 1.000000000000000000, -4.146740463834175526E-15, -0.000000000000000000 ) ) ;
#4299 = DIRECTION ( 'NONE',  ( 0.000000000000000000, 0.000000000000000000, 1.000000000000000000 ) ) ;
#4300 = FACE_OUTER_BOUND ( 'NONE', #2771, .T. ) ;
#4301 = PRODUCT ( '17HS19-2504S', '17HS19-2504S', '', ( #4110 ) ) ;
#4302 = VERTEX_POINT ( 'NONE', #5457 ) ;
#4303 = ORIENTED_EDGE ( 'NONE', *, *, #5657, .T. ) ;
#4304 = DIRECTION ( 'NONE',  ( 1.000000000000000000, 0.000000000000000000, 0.000000000000000000 ) ) ;
#4305 = VERTEX_POINT ( 'NONE', #6799 ) ;
#4306 = MECHANICAL_DESIGN_GEOMETRIC_PRESENTATION_REPRESENTATION (  '', ( #3006 ), #7599 ) ;
#4307 = LINE ( 'NONE', #4515, #1161 ) ;
#4308 = DIRECTION ( 'NONE',  ( 0.000000000000000000, 0.000000000000000000, 1.000000000000000000 ) ) ;
#4309 = AXIS2_PLACEMENT_3D ( 'NONE', #6282, #3889, #7150 ) ;
#4310 = DIRECTION ( 'NONE',  ( 0.000000000000000000, 0.000000000000000000, -1.000000000000000000 ) ) ;
#4311 =( NAMED_UNIT ( * ) SI_UNIT ( $, .STERADIAN. ) SOLID_ANGLE_UNIT ( ) );
#4312 = DIRECTION ( 'NONE',  ( -0.000000000000000000, -0.000000000000000000, 1.000000000000000000 ) ) ;
#4313 =( LENGTH_UNIT ( ) NAMED_UNIT ( * ) SI_UNIT ( .MILLI., .METRE. ) );
#4314 = EDGE_LOOP ( 'NONE', ( #9549, #1127, #267, #1991 ) ) ;
#4315 = ORIENTED_EDGE ( 'NONE', *, *, #3024, .F. ) ;
#4316 = CARTESIAN_POINT ( 'NONE',  ( 15.49999999999983658, 15.50000000000015987, 46.00000000000000000 ) ) ;
#4317 = CIRCLE ( 'NONE', #4309, 0.5000000000000004441 ) ;
#4318 = VERTEX_POINT ( 'NONE', #1385 ) ;
#4319 =( NAMED_UNIT ( * ) PLANE_ANGLE_UNIT ( ) SI_UNIT ( $, .RADIAN. ) );
#4320 = FILL_AREA_STYLE ('',( #8244 ) ) ;
#4321 = CARTESIAN_POINT ( 'NONE',  ( -16.78307522795905626, 15.29091159908146658, 47.50000000000000000 ) ) ;
#4322 = DIRECTION ( 'NONE',  ( 1.000000000000000000, 8.202002250481357549E-17, 0.000000000000000000 ) ) ;
#4323 = ADVANCED_FACE ( 'NONE', ( #6174 ), #6951, .T. ) ;
#4324 = DIRECTION ( 'NONE',  ( -0.000000000000000000, -0.000000000000000000, -1.000000000000000000 ) ) ;
#4325 = LINE ( 'NONE', #4957, #6786 ) ;
#4326 =( LENGTH_UNIT ( ) NAMED_UNIT ( * ) SI_UNIT ( .MILLI., .METRE. ) );
#4327 = COLOUR_RGB ( '',0.2509803921568627416, 0.2509803921568627416, 0.2509803921568627416 ) ;
#4328 = DIRECTION ( 'NONE',  ( 0.000000000000000000, 0.000000000000000000, -1.000000000000000000 ) ) ;
#4329 = DIRECTION ( 'NONE',  ( 0.000000000000000000, 0.000000000000000000, 1.000000000000000000 ) ) ;
#4330 = LINE ( 'NONE', #5996, #7485 ) ;
#4331 = ORIENTED_EDGE ( 'NONE', *, *, #9257, .T. ) ;
#4332 = UNCERTAINTY_MEASURE_WITH_UNIT (LENGTH_MEASURE( 1.000000000000000082E-05 ), #5130, 'distance_accuracy_value', 'NONE');
#4333 = ORIENTED_EDGE ( 'NONE', *, *, #5305, .F. ) ;
#4334 = ORIENTED_EDGE ( 'NONE', *, *, #6944, .F. ) ;
#4335 = VECTOR ( 'NONE', #6312, 1000.000000000000000 ) ;
#4336 = CARTESIAN_POINT ( 'NONE',  ( 3.428630373306654544, -21.25000000000000711, 40.11033917074156818 ) ) ;
#4337 = EDGE_CURVE ( 'NONE', #5670, #9979, #9203, .T. ) ;
#4338 = DIRECTION ( 'NONE',  ( -1.000000000000000000, 5.828955545431405913E-15, 0.000000000000000000 ) ) ;
#4339 = DIRECTION ( 'NONE',  ( 1.125454765811129607E-14, 1.000000000000000000, 0.000000000000000000 ) ) ;
#4340 = ADVANCED_FACE ( 'NONE', ( #652 ), #4573, .T. ) ;
#4341 = AXIS2_PLACEMENT_3D ( 'NONE', #5570, #4949, #5834 ) ;
#4342 = DIRECTION ( 'NONE',  ( -0.7071067811865489050, -0.7071067811865462405, -0.000000000000000000 ) ) ;
#4343 = CARTESIAN_POINT ( 'NONE',  ( 0.000000000000000000, -21.25000000000000711, 0.000000000000000000 ) ) ;
#4344 = ORIENTED_EDGE ( 'NONE', *, *, #4431, .T. ) ;
#4345 = ORIENTED_EDGE ( 'NONE', *, *, #10129, .T. ) ;
#4346 = CARTESIAN_POINT ( 'NONE',  ( 15.07550534522235886, 14.27125906389306209, 47.50000000000000000 ) ) ;
#4347 = CIRCLE ( 'NONE', #6360, 1.299999999999999156 ) ;
#4348 = EDGE_CURVE ( 'NONE', #6112, #9300, #597, .T. ) ;
#4349 = CARTESIAN_POINT ( 'NONE',  ( 15.05359323060813459, -15.07550534522241925, 46.50000000000000000 ) ) ;
#4350 = COLOUR_RGB ( '',0.2509803921568627416, 0.2509803921568627416, 0.2509803921568627416 ) ;
#4351 = EDGE_CURVE ( 'NONE', #8868, #4923, #5355, .T. ) ;
#4352 = ADVANCED_FACE ( 'NONE', ( #10035 ), #6027, .F. ) ;
#4353 = DIRECTION ( 'NONE',  ( 0.000000000000000000, 1.000000000000000000, 0.000000000000000000 ) ) ;
#4354 = DIRECTION ( 'NONE',  ( 1.000000000000000000, -3.751515886037098688E-15, 0.000000000000000000 ) ) ;
#4355 = SURFACE_STYLE_FILL_AREA ( #8975 ) ;
#4356 = CARTESIAN_POINT ( 'NONE',  ( 16.74999999999983302, 15.50000000000015987, -2.266821225221747863E-17 ) ) ;
#4357 = EDGE_CURVE ( 'NONE', #9572, #6389, #2202, .T. ) ;
#4358 = ORIENTED_EDGE ( 'NONE', *, *, #8317, .F. ) ;
#4359 = EDGE_LOOP ( 'NONE', ( #4539, #9314, #3795, #1700 ) ) ;
#4360 = CARTESIAN_POINT ( 'NONE',  ( -15.94640676939209456, 16.84930666606597782, 46.50000000000000000 ) ) ;
#4361 = CIRCLE ( 'NONE', #6681, 0.5000000000000004441 ) ;
#4362 = VERTEX_POINT ( 'NONE', #9310 ) ;
#4363 = FACE_OUTER_BOUND ( 'NONE', #3087, .T. ) ;
#4364 = CARTESIAN_POINT ( 'NONE',  ( 21.48980450031715606, -19.15000000000000568, 23.80733243662596621 ) ) ;
#4365 =( LENGTH_UNIT ( ) NAMED_UNIT ( * ) SI_UNIT ( .MILLI., .METRE. ) );
#4366 = CARTESIAN_POINT ( 'NONE',  ( 2.000000000000015543, 0.000000000000000000, -24.00000000000000000 ) ) ;
#4368 = LINE ( 'NONE', #1851, #2912 ) ;
#4367 = VECTOR ( 'NONE', #10181, 1000.000000000000000 ) ;
#4369 = TOROIDAL_SURFACE ( 'NONE', #7011, 11.50000000000000000, 0.5000000000000000000 ) ;
#4370 = DIRECTION ( 'NONE',  ( -0.000000000000000000, -0.000000000000000000, 1.000000000000000000 ) ) ;
#4371 = EDGE_LOOP ( 'NONE', ( #6578, #7962, #1179, #3146 ) ) ;
#4372 = ORIENTED_EDGE ( 'NONE', *, *, #1759, .F. ) ;
#4373 = DIRECTION ( 'NONE',  ( -0.000000000000000000, 1.000000000000000000, -0.000000000000000000 ) ) ;
#4374 = ORIENTED_EDGE ( 'NONE', *, *, #7697, .F. ) ;
#4375 = VECTOR ( 'NONE', #4222, 1000.000000000000000 ) ;
#4376 = LINE ( 'NONE', #2995, #4203 ) ;
#4377 = COLOUR_RGB ( '',0.2509803921568627416, 0.2509803921568627416, 0.2509803921568627416 ) ;
#4378 = FILL_AREA_STYLE ('',( #6958 ) ) ;
#4379 = LINE ( 'NONE', #2008, #10204 ) ;
#4380 = DIRECTION ( 'NONE',  ( -1.125454765811127555E-14, -1.000000000000000000, 0.000000000000000000 ) ) ;
#4381 =( NAMED_UNIT ( * ) SI_UNIT ( $, .STERADIAN. ) SOLID_ANGLE_UNIT ( ) );
#4382 = CARTESIAN_POINT ( 'NONE',  ( 0.000000000000000000, 20.64999999999999858, 47.50000000000000000 ) ) ;
#4383 = CARTESIAN_POINT ( 'NONE',  ( -15.07550534522247254, -16.78307522795895679, 47.49867441544054714 ) ) ;
#4384 = STYLED_ITEM ( 'NONE', ( #716 ), #2952 ) ;
#4385 = AXIS2_PLACEMENT_3D ( 'NONE', #2210, #8685, #1643 ) ;
#4386 = DIRECTION ( 'NONE',  ( -1.000000000000000000, -8.202002250481357549E-17, 0.000000000000000000 ) ) ;
#4387 = VECTOR ( 'NONE', #8672, 1000.000000000000000 ) ;
#4388 = VERTEX_POINT ( 'NONE', #1437 ) ;
#4389 = ORIENTED_EDGE ( 'NONE', *, *, #766, .F. ) ;
#4390 = ORIENTED_EDGE ( 'NONE', *, *, #3338, .F. ) ;
#4391 = LINE ( 'NONE', #3057, #1639 ) ;
#4392 = CIRCLE ( 'NONE', #5717, 0.5000000000000004441 ) ;
#4393 = DIRECTION ( 'NONE',  ( 1.224646799147353207E-16, 1.000000000000000000, -0.000000000000000000 ) ) ;
#4394 = LINE ( 'NONE', #7644, #5860 ) ;
#4395 = FILL_AREA_STYLE_COLOUR ( '', #9137 ) ;
#4396 = EDGE_CURVE ( 'NONE', #641, #588, #7719, .T. ) ;
#4397 = AXIS2_PLACEMENT_3D ( 'NONE', #6795, #5977, #1381 ) ;
#4398 = CARTESIAN_POINT ( 'NONE',  ( -2.000000000000015543, 2.755455298081554145E-16, -24.00000000000000000 ) ) ;
#4399 = ORIENTED_EDGE ( 'NONE', *, *, #3212, .F. ) ;
#4400 = ORIENTED_EDGE ( 'NONE', *, *, #4214, .F. ) ;
#4401 = CARTESIAN_POINT ( 'NONE',  ( 14.21692477204111604, -15.29091159908855957, 47.50000000000000000 ) ) ;
#4402 = MECHANICAL_DESIGN_GEOMETRIC_PRESENTATION_REPRESENTATION (  '', ( #8825 ), #7042 ) ;
#4403 = EDGE_CURVE ( 'NONE', #7656, #4747, #313, .T. ) ;
#4404 = CARTESIAN_POINT ( 'NONE',  ( -17.14999999999997726, 21.14999999999999858, 38.00000000000000000 ) ) ;
#4405 = CARTESIAN_POINT ( 'NONE',  ( 21.14999999999999858, 21.14999999999999858, 10.00000000000000000 ) ) ;
#4406 = DIRECTION ( 'NONE',  ( -1.000000000000000000, 0.000000000000000000, 0.000000000000000000 ) ) ;
#4407 = EDGE_CURVE ( 'NONE', #4628, #7418, #8380, .T. ) ;
#4408 = ADVANCED_FACE ( 'NONE', ( #10182 ), #31, .T. ) ;
#4409 = EDGE_CURVE ( 'NONE', #7954, #8408, #1794, .T. ) ;
#4410 = EDGE_LOOP ( 'NONE', ( #3312, #5207, #8052, #4089, #8608, #1013, #9052, #3496 ) ) ;
#4411 = ORIENTED_EDGE ( 'NONE', *, *, #7569, .F. ) ;
#4412 = DIRECTION ( 'NONE',  ( -1.000000000000000000, 0.000000000000000000, -0.000000000000000000 ) ) ;
#4413 = ORIENTED_EDGE ( 'NONE', *, *, #2261, .T. ) ;
#4414 = COLOUR_RGB ( '',0.2509803921568627416, 0.2509803921568627416, 0.2509803921568627416 ) ;
#4415 = CARTESIAN_POINT ( 'NONE',  ( 20.65000000000000213, -16.94289321881343113, 38.00000000000000000 ) ) ;
#4416 = STYLED_ITEM ( 'NONE', ( #1785 ), #9640 ) ;
#4417 = DIRECTION ( 'NONE',  ( 0.7071067811865510144, 0.7071067811865441310, -0.000000000000000000 ) ) ;
#4418 = CARTESIAN_POINT ( 'NONE',  ( 16.72095085742249054, 15.94640676939203239, 47.50000000000000000 ) ) ;
#4419 = DIRECTION ( 'NONE',  ( 0.000000000000000000, -1.000000000000000000, 0.000000000000000000 ) ) ;
#4420 = AXIS2_PLACEMENT_3D ( 'NONE', #1031, #6557, #1859 ) ;
#4421 = DIRECTION ( 'NONE',  ( 0.000000000000000000, 0.000000000000000000, 1.000000000000000000 ) ) ;
#4422 = VECTOR ( 'NONE', #2053, 1000.000000000000000 ) ;
#4423 = EDGE_CURVE ( 'NONE', #8156, #1812, #3938, .T. ) ;
#4424 = LINE ( 'NONE', #547, #7477 ) ;
#4425 = EDGE_LOOP ( 'NONE', ( #8931, #8697 ) ) ;
#4426 = COLOUR_RGB ( '',0.000000000000000000, 0.000000000000000000, 0.000000000000000000 ) ;
#4427 = VERTEX_POINT ( 'NONE', #3892 ) ;
#4428 = CARTESIAN_POINT ( 'NONE',  ( 16.84930666606603467, 15.50000000000016165, 47.49878368663161865 ) ) ;
#4429 = ORIENTED_EDGE ( 'NONE', *, *, #6189, .T. ) ;
#4430 = FILL_AREA_STYLE ('',( #456 ) ) ;
#4431 = EDGE_CURVE ( 'NONE', #4923, #3088, #7919, .T. ) ;
#4432 = SURFACE_STYLE_FILL_AREA ( #4378 ) ;
#4433 = PLANE ( 'NONE',  #3143 ) ;
#4434 = CARTESIAN_POINT ( 'NONE',  ( -15.92449465477582748, -16.78307522795894968, 46.50000000000000000 ) ) ;
#4435 = VECTOR ( 'NONE', #2813, 1000.000000000000000 ) ;
#4436 = COLOUR_RGB ( '',0.000000000000000000, 0.5019607843137254832, 0.2509803921568627416 ) ;
#4437 = TOROIDAL_SURFACE ( 'NONE', #10186, 3.500000000000927258, 0.5000000000000000000 ) ;
#4438 = FILL_AREA_STYLE_COLOUR ( '', #9520 ) ;
#4439 = FILL_AREA_STYLE_COLOUR ( '', #5041 ) ;
#4440 = MECHANICAL_DESIGN_GEOMETRIC_PRESENTATION_REPRESENTATION (  '', ( #2134 ), #2809 ) ;
#4441 = EDGE_LOOP ( 'NONE', ( #4787, #6941, #7721, #1571 ) ) ;
#4442 = UNCERTAINTY_MEASURE_WITH_UNIT (LENGTH_MEASURE( 1.000000000000000082E-05 ), #8336, 'distance_accuracy_value', 'NONE');
#4443 = COLOUR_RGB ( '',0.2509803921568627416, 0.2509803921568627416, 0.2509803921568627416 ) ;
#4444 = ORIENTED_EDGE ( 'NONE', *, *, #5123, .F. ) ;
#4445 =( GEOMETRIC_REPRESENTATION_CONTEXT ( 3 ) GLOBAL_UNCERTAINTY_ASSIGNED_CONTEXT ( ( #419 ) ) GLOBAL_UNIT_ASSIGNED_CONTEXT ( ( #3162, #8647, #725 ) ) REPRESENTATION_CONTEXT ( 'NONE', 'WORKASPACE' ) );
#4446 = FACE_OUTER_BOUND ( 'NONE', #4759, .T. ) ;
#4447 = PRESENTATION_STYLE_ASSIGNMENT (( #1250 ) ) ;
#4448 =( NAMED_UNIT ( * ) SI_UNIT ( $, .STERADIAN. ) SOLID_ANGLE_UNIT ( ) );
#4449 = CARTESIAN_POINT ( 'NONE',  ( 21.00355339059328230, -17.29644660940674328, 8.000000000000000000 ) ) ;
#4450 = PRESENTATION_LAYER_ASSIGNMENT (  '', '', ( #9708 ) ) ;
#4451 = VECTOR ( 'NONE', #4600, 1000.000000000000000 ) ;
#4452 = FACE_BOUND ( 'NONE', #7374, .T. ) ;
#4453 = ORIENTED_EDGE ( 'NONE', *, *, #555, .T. ) ;
#4454 = VERTEX_POINT ( 'NONE', #129 ) ;
#4455 = STYLED_ITEM ( 'NONE', ( #5094 ), #6511 ) ;
#4456 = DIRECTION ( 'NONE',  ( -1.000000000000000000, 0.000000000000000000, 0.000000000000000000 ) ) ;
#4457 = DIRECTION ( 'NONE',  ( -1.000000000000000000, 0.000000000000000000, 0.000000000000000000 ) ) ;
#4458 = EDGE_CURVE ( 'NONE', #5904, #5520, #3142, .T. ) ;
#4459 = CYLINDRICAL_SURFACE ( 'NONE', #865, 1.249999999999997558 ) ;
#4460 =( GEOMETRIC_REPRESENTATION_CONTEXT ( 3 ) GLOBAL_UNCERTAINTY_ASSIGNED_CONTEXT ( ( #6099 ) ) GLOBAL_UNIT_ASSIGNED_CONTEXT ( ( #5502, #6378, #2248 ) ) REPRESENTATION_CONTEXT ( 'NONE', 'WORKASPACE' ) );
#4461 = ORIENTED_EDGE ( 'NONE', *, *, #943, .T. ) ;
#4462 = ORIENTED_EDGE ( 'NONE', *, *, #189, .F. ) ;
#4463 = DIRECTION ( 'NONE',  ( -1.875757943018545794E-15, 1.000000000000000000, -0.000000000000000000 ) ) ;
#4464 = VERTEX_POINT ( 'NONE', #5654 ) ;
#4465 = CARTESIAN_POINT ( 'NONE',  ( 15.94640676939198087, -16.84930666606609151, 47.49262389544739449 ) ) ;
#4466 = AXIS2_PLACEMENT_3D ( 'NONE', #7628, #7576, #8446 ) ;
#4467 = FILL_AREA_STYLE ('',( #491 ) ) ;
#4468 = CARTESIAN_POINT ( 'NONE',  ( -14.19326395785817496, -15.05359323060808840, 47.49756013713618330 ) ) ;
#4469 = LINE ( 'NONE', #4570, #3323 ) ;
#4470 = CARTESIAN_POINT ( 'NONE',  ( 1.379851512413567960, -19.15000000000000568, 42.37285355221676042 ) ) ;
#4471 = LINE ( 'NONE', #756, #3450 ) ;
#4472 = ADVANCED_FACE ( 'NONE', ( #7105 ), #6285, .T. ) ;
#4473 = CARTESIAN_POINT ( 'NONE',  ( -13.31369220013742805, 21.15999999999999659, 40.00000000000000000 ) ) ;
#4474 = AXIS2_PLACEMENT_3D ( 'NONE', #6545, #5830, #8234 ) ;
#4475 = VERTEX_POINT ( 'NONE', #2410 ) ;
#4476 = VERTEX_POINT ( 'NONE', #859 ) ;
#4477 = PRESENTATION_STYLE_ASSIGNMENT (( #7618 ) ) ;
#4478 = ORIENTED_EDGE ( 'NONE', *, *, #2916, .F. ) ;
#4479 = CARTESIAN_POINT ( 'NONE',  ( 21.00355339059327164, 17.29644660940672196, 38.00000000000000000 ) ) ;
#4480 = EDGE_CURVE ( 'NONE', #277, #8778, #5609, .T. ) ;
#4481 = DIRECTION ( 'NONE',  ( -1.000000000000000000, -6.220110695751237651E-15, 0.000000000000000000 ) ) ;
#4482 = LINE ( 'NONE', #7861, #8500 ) ;
#4483 = FACE_OUTER_BOUND ( 'NONE', #8279, .T. ) ;
#4484 = EDGE_CURVE ( 'NONE', #6987, #850, #807, .T. ) ;
#4485 = CIRCLE ( 'NONE', #3974, 1.300000000000000711 ) ;
#4486 = DIRECTION ( 'NONE',  ( 0.000000000000000000, 0.000000000000000000, -1.000000000000000000 ) ) ;
#4487 = EDGE_CURVE ( 'NONE', #1983, #1326, #1684, .T. ) ;
#4488 = STYLED_ITEM ( 'NONE', ( #7812 ), #7696 ) ;
#4489 =( NAMED_UNIT ( * ) SI_UNIT ( $, .STERADIAN. ) SOLID_ANGLE_UNIT ( ) );
#4490 = CARTESIAN_POINT ( 'NONE',  ( -15.50000000000016520, 15.49999999999897504, 47.50000000000000000 ) ) ;
#4491 = ORIENTED_EDGE ( 'NONE', *, *, #6440, .T. ) ;
#4492 = VERTEX_POINT ( 'NONE', #6436 ) ;
#4493 = ORIENTED_EDGE ( 'NONE', *, *, #9383, .T. ) ;
#4494 = VERTEX_POINT ( 'NONE', #8020 ) ;
#4495 = SURFACE_SIDE_STYLE ('',( #9176 ) ) ;
#4496 = AXIS2_PLACEMENT_3D ( 'NONE', #6220, #7906, #6323 ) ;
#4497 = FILL_AREA_STYLE_COLOUR ( '', #8031 ) ;
#4498 = CARTESIAN_POINT ( 'NONE',  ( -14.15069333393213213, -15.05359323060808840, 46.50000000000000000 ) ) ;
#4499 = DIRECTION ( 'NONE',  ( 1.000000000000000000, 0.000000000000000000, 0.000000000000000000 ) ) ;
#4500 = SURFACE_SIDE_STYLE ('',( #9951 ) ) ;
#4501 = CARTESIAN_POINT ( 'NONE',  ( 0.000000000000000000, 0.000000000000000000, -2.000000000000000000 ) ) ;
#4503 = ORIENTED_EDGE ( 'NONE', *, *, #5810, .T. ) ;
#4502 = AXIS2_PLACEMENT_3D ( 'NONE', #8199, #4329, #1141 ) ;
#4504 = VERTEX_POINT ( 'NONE', #171 ) ;
#4505 = SURFACE_STYLE_USAGE ( .BOTH. , #2079 ) ;
#4506 = CARTESIAN_POINT ( 'NONE',  ( 21.15000000000012648, -21.14999999999984936, 8.000000000000000000 ) ) ;
#4507 = MECHANICAL_DESIGN_GEOMETRIC_PRESENTATION_REPRESENTATION (  '', ( #1711 ), #391 ) ;
#4508 = PRESENTATION_STYLE_ASSIGNMENT (( #483 ) ) ;
#4509 = DIRECTION ( 'NONE',  ( 0.000000000000000000, 1.000000000000000000, 0.000000000000000000 ) ) ;
#4510 = VERTEX_POINT ( 'NONE', #958 ) ;
#4511 = VERTEX_POINT ( 'NONE', #3330 ) ;
#4512 = AXIS2_PLACEMENT_3D ( 'NONE', #4972, #2362, #2253 ) ;
#4513 = ORIENTED_EDGE ( 'NONE', *, *, #7811, .F. ) ;
#4514 = DIRECTION ( 'NONE',  ( -0.000000000000000000, -0.000000000000000000, -1.000000000000000000 ) ) ;
#4515 = CARTESIAN_POINT ( 'NONE',  ( 15.07550534522235530, 16.78307522795905982, 47.50000000000000000 ) ) ;
#4516 = CARTESIAN_POINT ( 'NONE',  ( -21.00355339059326809, 17.29644660940672196, 8.000000000000000000 ) ) ;
#4517 = CARTESIAN_POINT ( 'NONE',  ( 12.50000000000123990, -15.49999999999983658, 46.00000000000000000 ) ) ;
#4518 = DIRECTION ( 'NONE',  ( -8.202002250481356316E-17, 1.000000000000000000, 0.000000000000000000 ) ) ;
#4519 = STYLED_ITEM ( 'NONE', ( #9120 ), #9116 ) ;
#4520 = DIRECTION ( 'NONE',  ( 6.938893903907228378E-15, 0.000000000000000000, -1.000000000000000000 ) ) ;
#4521 = ORIENTED_EDGE ( 'NONE', *, *, #2212, .F. ) ;
#4522 = EDGE_LOOP ( 'NONE', ( #1740, #7154, #4411, #2497 ) ) ;
#4523 = EDGE_CURVE ( 'NONE', #5782, #1453, #2126, .T. ) ;
#4524 = EDGE_LOOP ( 'NONE', ( #1075, #2106, #1921, #3051, #985, #4691 ) ) ;
#4525 = UNCERTAINTY_MEASURE_WITH_UNIT (LENGTH_MEASURE( 1.000000000000000082E-05 ), #4885, 'distance_accuracy_value', 'NONE');
#4526 = CARTESIAN_POINT ( 'NONE',  ( 0.000000000000000000, -19.15000000000000568, 40.11033917074156818 ) ) ;
#4527 = CARTESIAN_POINT ( 'NONE',  ( -2.000000000000029310, 0.000000000000000000, 46.00000000000000000 ) ) ;
#4528 = DIRECTION ( 'NONE',  ( 0.000000000000000000, 0.000000000000000000, 1.000000000000000000 ) ) ;
#4529 = AXIS2_PLACEMENT_3D ( 'NONE', #8359, #8309, #1254 ) ;
#4530 = EDGE_CURVE ( 'NONE', #8378, #2005, #6536, .T. ) ;
#4531 = DIRECTION ( 'NONE',  ( -4.146740463834175526E-15, -1.000000000000000000, 0.000000000000000000 ) ) ;
#4532 =( GEOMETRIC_REPRESENTATION_CONTEXT ( 3 ) GLOBAL_UNCERTAINTY_ASSIGNED_CONTEXT ( ( #4716 ) ) GLOBAL_UNIT_ASSIGNED_CONTEXT ( ( #1522, #1372, #5388 ) ) REPRESENTATION_CONTEXT ( 'NONE', 'WORKASPACE' ) );
#4533 =( NAMED_UNIT ( * ) PLANE_ANGLE_UNIT ( ) SI_UNIT ( $, .RADIAN. ) );
#4534 = ADVANCED_FACE ( 'NONE', ( #2615 ), #8928, .T. ) ;
#4535 = EDGE_CURVE ( 'NONE', #600, #5324, #4192, .T. ) ;
#4536 = DIRECTION ( 'NONE',  ( -1.000000000000000000, 0.000000000000000000, 0.000000000000000000 ) ) ;
#4537 = AXIS2_PLACEMENT_3D ( 'NONE', #6614, #8951, #1913 ) ;
#4538 = ADVANCED_FACE ( 'NONE', ( #1837 ), #5086, .F. ) ;
#4539 = ORIENTED_EDGE ( 'NONE', *, *, #3598, .T. ) ;
#4540 = ORIENTED_EDGE ( 'NONE', *, *, #9619, .F. ) ;
#4541 = UNCERTAINTY_MEASURE_WITH_UNIT (LENGTH_MEASURE( 1.000000000000000082E-05 ), #8598, 'distance_accuracy_value', 'NONE');
#4542 = DIRECTION ( 'NONE',  ( 7.503031772074197377E-15, 1.000000000000000000, 0.000000000000000000 ) ) ;
#4543 = ORIENTED_EDGE ( 'NONE', *, *, #5982, .F. ) ;
#4544 = CARTESIAN_POINT ( 'NONE',  ( 15.49999999999983658, 15.50000000000015987, -2.266821225221747863E-17 ) ) ;
#4545 = CARTESIAN_POINT ( 'NONE',  ( -3.500000000000000000, 4.286263797015736595E-16, 47.50000000000000000 ) ) ;
#4546 = ADVANCED_FACE ( 'NONE', ( #4300 ), #4142, .T. ) ;
#4547 = LINE ( 'NONE', #7079, #4451 ) ;
#4548 = VECTOR ( 'NONE', #6912, 1000.000000000000000 ) ;
#4549 = AXIS2_PLACEMENT_3D ( 'NONE', #1443, #3041, #2318 ) ;
#4550 = DIRECTION ( 'NONE',  ( 1.036685115958539503E-14, -1.000000000000000000, 0.000000000000000000 ) ) ;
#4551 =( LENGTH_UNIT ( ) NAMED_UNIT ( * ) SI_UNIT ( .MILLI., .METRE. ) );
#4552 = DIRECTION ( 'NONE',  ( 0.000000000000000000, 0.000000000000000000, 1.000000000000000000 ) ) ;
#4553 = ORIENTED_EDGE ( 'NONE', *, *, #2568, .T. ) ;
#4554 = ORIENTED_EDGE ( 'NONE', *, *, #5441, .F. ) ;
#4555 =( GEOMETRIC_REPRESENTATION_CONTEXT ( 3 ) GLOBAL_UNCERTAINTY_ASSIGNED_CONTEXT ( ( #7294 ) ) GLOBAL_UNIT_ASSIGNED_CONTEXT ( ( #1351, #7681, #6243 ) ) REPRESENTATION_CONTEXT ( 'NONE', 'WORKASPACE' ) );
#4556 = AXIS2_PLACEMENT_3D ( 'NONE', #2716, #7449, #4457 ) ;
#4557 = EDGE_CURVE ( 'NONE', #7116, #7973, #1319, .T. ) ;
#4558 = FILL_AREA_STYLE ('',( #7138 ) ) ;
#4559 = DIRECTION ( 'NONE',  ( -0.000000000000000000, -0.000000000000000000, 1.000000000000000000 ) ) ;
#4560 = DIRECTION ( 'NONE',  ( 0.000000000000000000, 1.000000000000000000, 0.000000000000000000 ) ) ;
#4561 = SURFACE_STYLE_USAGE ( .BOTH. , #6118 ) ;
#4562 = ORIENTED_EDGE ( 'NONE', *, *, #119, .F. ) ;
#4563 = EDGE_LOOP ( 'NONE', ( #7819, #2650, #2385, #9030 ) ) ;
#4564 = LINE ( 'NONE', #3980, #1305 ) ;
#4565 = ORIENTED_EDGE ( 'NONE', *, *, #4985, .T. ) ;
#4566 = PRESENTATION_LAYER_ASSIGNMENT (  '', '', ( #606 ) ) ;
#4567 = AXIS2_PLACEMENT_3D ( 'NONE', #2728, #1950, #5256 ) ;
#4568 = PRESENTATION_STYLE_ASSIGNMENT (( #9509 ) ) ;
#4569 = DIRECTION ( 'NONE',  ( 1.000000000000000000, 4.146740463834158171E-15, 0.000000000000000000 ) ) ;
#4570 = CARTESIAN_POINT ( 'NONE',  ( 0.000000000000000000, -21.25000000000000711, 44.41033917074156534 ) ) ;
#4571 = PRESENTATION_LAYER_ASSIGNMENT (  '', '', ( #455 ) ) ;
#4572 = CARTESIAN_POINT ( 'NONE',  ( 16.94289321881345245, -20.65000000000000213, 0.000000000000000000 ) ) ;
#4573 = PLANE ( 'NONE',  #645 ) ;
#4574 = CARTESIAN_POINT ( 'NONE',  ( 21.15000000000000213, -16.94289321881346311, 0.000000000000000000 ) ) ;
#4575 = ORIENTED_EDGE ( 'NONE', *, *, #4100, .T. ) ;
#4576 = ORIENTED_EDGE ( 'NONE', *, *, #3719, .F. ) ;
#4577 = CARTESIAN_POINT ( 'NONE',  ( -15.70908840090987368, -14.21692477204105387, 47.50000000000000000 ) ) ;
#4578 = AXIS2_PLACEMENT_3D ( 'NONE', #5582, #7896, #8093 ) ;
#4579 = VERTEX_POINT ( 'NONE', #6743 ) ;
#4580 = AXIS2_PLACEMENT_3D ( 'NONE', #10133, #9571, #2508 ) ;
#4581 = DIRECTION ( 'NONE',  ( -0.000000000000000000, -1.000000000000000000, 0.000000000000000000 ) ) ;
#4582 = DIRECTION ( 'NONE',  ( 0.7071067811865474617, -0.7071067811865474617, -0.000000000000000000 ) ) ;
#4583 = FACE_OUTER_BOUND ( 'NONE', #4410, .T. ) ;
#4584 = DIRECTION ( 'NONE',  ( 0.000000000000000000, 1.000000000000000000, 0.000000000000000000 ) ) ;
#4585 = DIRECTION ( 'NONE',  ( 0.7071067811865474617, 0.7071067811865474617, -0.000000000000000000 ) ) ;
#4586 = EDGE_CURVE ( 'NONE', #9300, #9844, #2818, .T. ) ;
#4587 = VECTOR ( 'NONE', #7781, 1000.000000000000000 ) ;
#4588 = AXIS2_PLACEMENT_3D ( 'NONE', #9918, #589, #6166 ) ;
#4589 = DIRECTION ( 'NONE',  ( 0.000000000000000000, 0.000000000000000000, -1.000000000000000000 ) ) ;
#4590 = ORIENTED_EDGE ( 'NONE', *, *, #9762, .T. ) ;
#4591 = EDGE_CURVE ( 'NONE', #697, #7033, #10119, .T. ) ;
#4592 = DIRECTION ( 'NONE',  ( 0.000000000000000000, 1.000000000000000000, 0.000000000000000000 ) ) ;
#4593 = EDGE_LOOP ( 'NONE', ( #7231, #8632, #8653, #1195 ) ) ;
#4594 = CARTESIAN_POINT ( 'NONE',  ( 15.07550534522235886, 14.21692477204116223, 47.49867441544047608 ) ) ;
#4595 = ORIENTED_EDGE ( 'NONE', *, *, #7199, .T. ) ;
#4596 = ORIENTED_EDGE ( 'NONE', *, *, #368, .F. ) ;
#4597 = LINE ( 'NONE', #5175, #7238 ) ;
#4598 = VECTOR ( 'NONE', #4542, 1000.000000000000000 ) ;
#4599 = CONICAL_SURFACE ( 'NONE', #9367, 1.249999999999997558, 1.029744258676653867 ) ;
#4600 = DIRECTION ( 'NONE',  ( -8.293480927668351052E-15, -1.000000000000000000, -0.000000000000000000 ) ) ;
#4601 = DIRECTION ( 'NONE',  ( -0.000000000000000000, -0.000000000000000000, -1.000000000000000000 ) ) ;
#4602 = DIRECTION ( 'NONE',  ( -0.000000000000000000, -0.000000000000000000, 1.000000000000000000 ) ) ;
#4603 = FACE_OUTER_BOUND ( 'NONE', #4642, .T. ) ;
#4604 = EDGE_CURVE ( 'NONE', #2457, #2664, #10072, .T. ) ;
#4605 = FACE_OUTER_BOUND ( 'NONE', #6084, .T. ) ;
#4606 = VERTEX_POINT ( 'NONE', #6014 ) ;
#4607 = ORIENTED_EDGE ( 'NONE', *, *, #6994, .T. ) ;
#4608 = DIRECTION ( 'NONE',  ( 0.7071067811865441310, 0.7071067811865510144, 0.000000000000000000 ) ) ;
#4609 = VECTOR ( 'NONE', #714, 1000.000000000000000 ) ;
#4610 = SURFACE_STYLE_FILL_AREA ( #4558 ) ;
#4611 = ADVANCED_FACE ( 'NONE', ( #9915 ), #585, .T. ) ;
#4612 = VECTOR ( 'NONE', #4322, 1000.000000000000000 ) ;
#4613 = STYLED_ITEM ( 'NONE', ( #2031 ), #1085 ) ;
#4614 = CARTESIAN_POINT ( 'NONE',  ( 21.14999999999999858, -13.32957238623955654, 99.84951795962939514 ) ) ;
#4615 = ADVANCED_FACE ( 'NONE', ( #8424 ), #9964, .T. ) ;
#4616 = DIRECTION ( 'NONE',  ( -1.000000000000000000, -1.387778780781444413E-14, 0.000000000000000000 ) ) ;
#4617 = EDGE_CURVE ( 'NONE', #8757, #8269, #6917, .T. ) ;
#4618 = ORIENTED_EDGE ( 'NONE', *, *, #9147, .T. ) ;
#4620 = EDGE_LOOP ( 'NONE', ( #465, #7541 ) ) ;
#4619 = CIRCLE ( 'NONE', #5785, 1.250000000000001110 ) ;
#4621 = CARTESIAN_POINT ( 'NONE',  ( 15.07550534522236063, 15.05359323060818078, 47.50000000000000000 ) ) ;
#4622 = ORIENTED_EDGE ( 'NONE', *, *, #8322, .F. ) ;
#4623 = LINE ( 'NONE', #7047, #9826 ) ;
#4624 = FACE_OUTER_BOUND ( 'NONE', #8259, .T. ) ;
#4625 = LINE ( 'NONE', #5865, #9255 ) ;
#4626 = LINE ( 'NONE', #3799, #1432 ) ;
#4627 = DIRECTION ( 'NONE',  ( 0.000000000000000000, 0.000000000000000000, 1.000000000000000000 ) ) ;
#4628 = VERTEX_POINT ( 'NONE', #10024 ) ;
#4629 = ORIENTED_EDGE ( 'NONE', *, *, #9568, .T. ) ;
#4630 = ORIENTED_EDGE ( 'NONE', *, *, #9697, .F. ) ;
#4631 =( GEOMETRIC_REPRESENTATION_CONTEXT ( 3 ) GLOBAL_UNCERTAINTY_ASSIGNED_CONTEXT ( ( #6821 ) ) GLOBAL_UNIT_ASSIGNED_CONTEXT ( ( #2500, #4980, #8016 ) ) REPRESENTATION_CONTEXT ( 'NONE', 'WORKASPACE' ) );
#4632 = CARTESIAN_POINT ( 'NONE',  ( -2.596119095141088629, -19.15000000000000568, 0.000000000000000000 ) ) ;
#4633 =( GEOMETRIC_REPRESENTATION_CONTEXT ( 3 ) GLOBAL_UNCERTAINTY_ASSIGNED_CONTEXT ( ( #2464 ) ) GLOBAL_UNIT_ASSIGNED_CONTEXT ( ( #6074, #5604, #7147 ) ) REPRESENTATION_CONTEXT ( 'NONE', 'WORKASPACE' ) );
#4634 = DIRECTION ( 'NONE',  ( 1.000000000000000000, 0.000000000000000000, 0.000000000000000000 ) ) ;
#4635 = CARTESIAN_POINT ( 'NONE',  ( -16.79999999999897753, -15.50000000000102141, 46.50000000000000000 ) ) ;
#4636 = DIRECTION ( 'NONE',  ( -0.000000000000000000, -1.000000000000000000, 0.000000000000000000 ) ) ;
#4637 = PRESENTATION_LAYER_ASSIGNMENT (  '', '', ( #7926 ) ) ;
#4638 = DIRECTION ( 'NONE',  ( 0.000000000000000000, 0.000000000000000000, 1.000000000000000000 ) ) ;
#4639 = SURFACE_SIDE_STYLE ('',( #5323 ) ) ;
#4640 = ORIENTED_EDGE ( 'NONE', *, *, #7771, .T. ) ;
#4641 = DIRECTION ( 'NONE',  ( -0.000000000000000000, -0.000000000000000000, -1.000000000000000000 ) ) ;
#4642 = EDGE_LOOP ( 'NONE', ( #1714, #155, #2806 ) ) ;
#4643 = CARTESIAN_POINT ( 'NONE',  ( -21.66084925377253612, -21.25000000000000711, 23.57210065851715086 ) ) ;
#4644 = CARTESIAN_POINT ( 'NONE',  ( -15.92449465477582748, -16.78307522795894968, 47.49867441544054003 ) ) ;
#4645 = AXIS2_PLACEMENT_3D ( 'NONE', #7112, #8688, #3153 ) ;
#4646 = CARTESIAN_POINT ( 'NONE',  ( 15.05359323060813814, -14.27904914257755209, 47.50000000000000000 ) ) ;
#4647 = DIRECTION ( 'NONE',  ( 0.7071067811865474617, 0.7071067811865474617, -0.000000000000000000 ) ) ;
#4648 = SURFACE_STYLE_FILL_AREA ( #1512 ) ;
#4649 = CARTESIAN_POINT ( 'NONE',  ( -16.84930666606613414, -15.05359323060805998, 47.49262389544720975 ) ) ;
#4650 = AXIS2_PLACEMENT_3D ( 'NONE', #434, #7598, #5191 ) ;
#4651 = B_SPLINE_CURVE_WITH_KNOTS ( 'NONE', 3,
 ( #5045, #4948, #3398, #8081 ),
 .UNSPECIFIED., .F., .F.,
 ( 4, 4 ),
 ( 0.000000000000000000, 0.0004464067693929641562 ),
 .UNSPECIFIED. ) ;
#4652 = SPHERICAL_SURFACE ( 'NONE', #870, 0.5000000000000000000 ) ;
#4653 = CARTESIAN_POINT ( 'NONE',  ( 0.000000000000000000, 0.000000000000000000, 46.00000000000000000 ) ) ;
#4654 = VERTEX_POINT ( 'NONE', #694 ) ;
#4655 = DIRECTION ( 'NONE',  ( 1.000000000000000000, -0.000000000000000000, -2.775557561562888511E-14 ) ) ;
#4656 = VERTEX_POINT ( 'NONE', #2974 ) ;
#4657 = EDGE_CURVE ( 'NONE', #5374, #2749, #1802, .T. ) ;
#4658 = COLOUR_RGB ( '',0.2509803921568627416, 0.2509803921568627416, 0.2509803921568627416 ) ;
#4659 = CARTESIAN_POINT ( 'NONE',  ( 20.64999999999999858, 16.94289321881344534, 47.50000000000000000 ) ) ;
#4660 = EDGE_CURVE ( 'NONE', #8059, #6945, #8684, .T. ) ;
#4661 =( LENGTH_UNIT ( ) NAMED_UNIT ( * ) SI_UNIT ( .MILLI., .METRE. ) );
#4662 = SURFACE_STYLE_FILL_AREA ( #1475 ) ;
#4663 = STYLED_ITEM ( 'NONE', ( #3962 ), #8310 ) ;
#4664 = CARTESIAN_POINT ( 'NONE',  ( 15.94640676939198087, -16.84930666606609151, 47.49262389544739449 ) ) ;
#4665 = EDGE_CURVE ( 'NONE', #746, #1369, #9080, .T. ) ;
#4666 = ORIENTED_EDGE ( 'NONE', *, *, #6110, .F. ) ;
#4667 = ORIENTED_EDGE ( 'NONE', *, *, #9906, .T. ) ;
#4668 = FACE_OUTER_BOUND ( 'NONE', #7118, .T. ) ;
#4669 = EDGE_CURVE ( 'NONE', #9083, #4606, #9449, .T. ) ;
#4670 = ORIENTED_EDGE ( 'NONE', *, *, #8568, .T. ) ;
#4671 = MECHANICAL_DESIGN_GEOMETRIC_PRESENTATION_REPRESENTATION (  '', ( #2704 ), #8458 ) ;
#4672 = DIRECTION ( 'NONE',  ( -0.000000000000000000, -0.000000000000000000, 1.000000000000000000 ) ) ;
#4673 = SURFACE_STYLE_FILL_AREA ( #2307 ) ;
#4674 = EDGE_CURVE ( 'NONE', #9038, #4302, #5278, .T. ) ;
#4675 = FACE_OUTER_BOUND ( 'NONE', #6439, .T. ) ;
#4676 = DIRECTION ( 'NONE',  ( 0.000000000000000000, -1.000000000000000000, 0.000000000000000000 ) ) ;
#4677 = CARTESIAN_POINT ( 'NONE',  ( -15.07550534522247254, -16.78307522795895679, 46.50000000000000000 ) ) ;
#4678 = AXIS2_PLACEMENT_3D ( 'NONE', #6756, #2205, #4520 ) ;
#4679 = VERTEX_POINT ( 'NONE', #9403 ) ;
#4680 = ORIENTED_EDGE ( 'NONE', *, *, #1713, .T. ) ;
#4681 = CARTESIAN_POINT ( 'NONE',  ( -15.94640676939209456, 16.84930666606597782, 47.50000000000000000 ) ) ;
#4682 = VERTEX_POINT ( 'NONE', #2495 ) ;
#4683 = CYLINDRICAL_SURFACE ( 'NONE', #3881, 2.299999999999999822 ) ;
#4684 = CARTESIAN_POINT ( 'NONE',  ( 15.49999999999983658, 15.50000000000015987, 46.50000000000000000 ) ) ;
#4685 = CARTESIAN_POINT ( 'NONE',  ( 14.27904914257722346, 15.05359323060818433, 47.50000000000000000 ) ) ;
#4686 = AXIS2_PLACEMENT_3D ( 'NONE', #7086, #6314, #3171 ) ;
#4687 = CARTESIAN_POINT ( 'NONE',  ( -15.50000000000016520, 15.49999999999897504, 47.50000000000000000 ) ) ;
#4688 = SURFACE_SIDE_STYLE ('',( #1549 ) ) ;
#4689 = CARTESIAN_POINT ( 'NONE',  ( -3.420868563588839173, -19.15000000000000568, 40.11033917074156818 ) ) ;
#4690 = MECHANICAL_DESIGN_GEOMETRIC_PRESENTATION_REPRESENTATION (  '', ( #6347 ), #9129 ) ;
#4691 = ORIENTED_EDGE ( 'NONE', *, *, #7952, .T. ) ;
#4692 = CARTESIAN_POINT ( 'NONE',  ( -15.07550534522246899, -15.05359323060807775, 46.50000000000000000 ) ) ;
#4693 = DIRECTION ( 'NONE',  ( 0.000000000000000000, 0.000000000000000000, -1.000000000000000000 ) ) ;
#4694 = DIRECTION ( 'NONE',  ( -0.000000000000000000, -0.000000000000000000, 1.000000000000000000 ) ) ;
#4695 = FACE_OUTER_BOUND ( 'NONE', #9798, .T. ) ;
#4696 = SURFACE_STYLE_USAGE ( .BOTH. , #7794 ) ;
#4697 = DIRECTION ( 'NONE',  ( -1.224646799147353207E-16, 1.000000000000000000, 0.000000000000000000 ) ) ;
#4698 = CIRCLE ( 'NONE', #1412, 2.299999999999999822 ) ;
#4699 = AXIS2_PLACEMENT_3D ( 'NONE', #8596, #3912, #97 ) ;
#4700 = DIRECTION ( 'NONE',  ( -0.7071067811865487940, -0.7071067811865463515, -0.000000000000000000 ) ) ;
#4701 = CARTESIAN_POINT ( 'NONE',  ( 15.92449465477569248, 14.27125906389250076, 47.50000000000000000 ) ) ;
#4702 = ORIENTED_EDGE ( 'NONE', *, *, #4978, .F. ) ;
#4703 = VECTOR ( 'NONE', #1555, 1000.000000000000000 ) ;
#4704 =( NAMED_UNIT ( * ) PLANE_ANGLE_UNIT ( ) SI_UNIT ( $, .RADIAN. ) );
#4705 = ORIENTED_EDGE ( 'NONE', *, *, #6865, .F. ) ;
#4706 = CARTESIAN_POINT ( 'NONE',  ( 1.379851512413564629, -39.15000000000000568, 41.54834905086877939 ) ) ;
#4707 = MECHANICAL_DESIGN_GEOMETRIC_PRESENTATION_REPRESENTATION (  '', ( #9146 ), #1743 ) ;
#4708 = VECTOR ( 'NONE', #6855, 1000.000000000000000 ) ;
#4709 = CARTESIAN_POINT ( 'NONE',  ( -15.50000000000016520, 15.49999999999897504, 46.50000000000000000 ) ) ;
#4710 = DIRECTION ( 'NONE',  ( 0.000000000000000000, 0.000000000000000000, 1.000000000000000000 ) ) ;
#4711 = ADVANCED_FACE ( 'NONE', ( #8567 ), #2394, .T. ) ;
#4712 = DIRECTION ( 'NONE',  ( 0.000000000000000000, 0.000000000000000000, 1.000000000000000000 ) ) ;
#4713 = VECTOR ( 'NONE', #1224, 1000.000000000000000 ) ;
#4714 = EDGE_LOOP ( 'NONE', ( #5797, #8617, #2677 ) ) ;
#4715 = VECTOR ( 'NONE', #5241, 1000.000000000000000 ) ;
#4716 = UNCERTAINTY_MEASURE_WITH_UNIT (LENGTH_MEASURE( 1.000000000000000082E-05 ), #1522, 'distance_accuracy_value', 'NONE');
#4717 = VERTEX_POINT ( 'NONE', #2349 ) ;
#4718 = EDGE_CURVE ( 'NONE', #1810, #9748, #818, .T. ) ;
#4719 = DIRECTION ( 'NONE',  ( -0.000000000000000000, -0.000000000000000000, -1.000000000000000000 ) ) ;
#4720 = FILL_AREA_STYLE ('',( #3081 ) ) ;
#4721 = CARTESIAN_POINT ( 'NONE',  ( 14.27904914257718794, 15.94640676939204305, 47.50000000000000000 ) ) ;
#4722 = CARTESIAN_POINT ( 'NONE',  ( 15.21910815489353119, 16.78307522795905626, 47.50000000000000000 ) ) ;
#4723 = B_SPLINE_CURVE_WITH_KNOTS ( 'NONE', 3,
 ( #8745, #7941, #877, #2329 ),
 .UNSPECIFIED., .F., .F.,
 ( 4, 4 ),
 ( 0.000000000000000000, 5.435045947838978395E-05 ),
 .UNSPECIFIED. ) ;
#4724 = EDGE_CURVE ( 'NONE', #1505, #6990, #9522, .T. ) ;
#4725 = VECTOR ( 'NONE', #7189, 1000.000000000000000 ) ;
#4726 = EDGE_CURVE ( 'NONE', #5091, #5247, #9925, .T. ) ;
#4727 = CARTESIAN_POINT ( 'NONE',  ( 16.94289321881341337, 20.64999999999999858, 47.50000000000000000 ) ) ;
#4728 = SURFACE_STYLE_FILL_AREA ( #4088 ) ;
#4729 = VERTEX_POINT ( 'NONE', #8007 ) ;
#4730 = ORIENTED_EDGE ( 'NONE', *, *, #122, .T. ) ;
#4731 = CIRCLE ( 'NONE', #3256, 1.299999999999999156 ) ;
#4732 = EDGE_LOOP ( 'NONE', ( #4817, #1171 ) ) ;
#4733 = DIRECTION ( 'NONE',  ( -1.000000000000000000, 0.000000000000000000, 0.000000000000000000 ) ) ;
#4734 = CARTESIAN_POINT ( 'NONE',  ( -18.49999999999961631, -15.50000000000102141, 46.00000000000000000 ) ) ;
#4735 = SURFACE_STYLE_USAGE ( .BOTH. , #85 ) ;
#4736 = AXIS2_PLACEMENT_3D ( 'NONE', #9265, #9107, #7724 ) ;
#4737 = DIRECTION ( 'NONE',  ( -0.000000000000000000, -0.000000000000000000, -1.000000000000000000 ) ) ;
#4738 = ADVANCED_FACE ( 'NONE', ( #8663, #2444 ), #6273, .T. ) ;
#4739 = MECHANICAL_DESIGN_GEOMETRIC_PRESENTATION_REPRESENTATION (  '', ( #1613 ), #6558 ) ;
#4740 = ADVANCED_FACE ( 'NONE', ( #8615 ), #9211, .T. ) ;
#4741 = FACE_OUTER_BOUND ( 'NONE', #1866, .T. ) ;
#4742 = CARTESIAN_POINT ( 'NONE',  ( 16.84930666606603467, 15.94640676939203239, 47.49262389544735896 ) ) ;
#4743 = VECTOR ( 'NONE', #390, 999.9999999999998863 ) ;
#4744 = ORIENTED_EDGE ( 'NONE', *, *, #4127, .T. ) ;
#4745 = EDGE_CURVE ( 'NONE', #8242, #2457, #9186, .T. ) ;
#4746 = CARTESIAN_POINT ( 'NONE',  ( -15.92449465477579018, -14.21692477204105209, 47.50000000000000000 ) ) ;
#4747 = VERTEX_POINT ( 'NONE', #1621 ) ;
#4748 = LINE ( 'NONE', #4002, #4083 ) ;
#4749 = DIRECTION ( 'NONE',  ( 1.000000000000000000, -0.000000000000000000, -0.000000000000000000 ) ) ;
#4750 = DIRECTION ( 'NONE',  ( 0.000000000000000000, 0.000000000000000000, 1.000000000000000000 ) ) ;
#4751 = CARTESIAN_POINT ( 'NONE',  ( 15.05359323060813992, -14.19326395785841832, 47.49756013713614777 ) ) ;
#4752 = AXIS2_PLACEMENT_3D ( 'NONE', #2020, #6003, #2904 ) ;
#4753 =( NAMED_UNIT ( * ) SI_UNIT ( $, .STERADIAN. ) SOLID_ANGLE_UNIT ( ) );
#4754 = AXIS2_PLACEMENT_3D ( 'NONE', #8717, #6425, #1723 ) ;
#4755 =( GEOMETRIC_REPRESENTATION_CONTEXT ( 3 ) GLOBAL_UNCERTAINTY_ASSIGNED_CONTEXT ( ( #8633 ) ) GLOBAL_UNIT_ASSIGNED_CONTEXT ( ( #441, #8427, #1218 ) ) REPRESENTATION_CONTEXT ( 'NONE', 'WORKASPACE' ) );
#4756 = SURFACE_STYLE_USAGE ( .BOTH. , #5527 ) ;
#4757 = AXIS2_PLACEMENT_3D ( 'NONE', #5439, #4655, #106 ) ;
#4758 = DIRECTION ( 'NONE',  ( -0.000000000000000000, -0.000000000000000000, 1.000000000000000000 ) ) ;
#4759 = EDGE_LOOP ( 'NONE', ( #3568, #5941, #6070, #7053 ) ) ;
#4760 = AXIS2_PLACEMENT_3D ( 'NONE', #9825, #6649, #4421 ) ;
#4761 = ORIENTED_EDGE ( 'NONE', *, *, #2499, .T. ) ;
#4762 = CARTESIAN_POINT ( 'NONE',  ( 16.94289321881342048, 20.64999999999999858, 47.50000000000000000 ) ) ;
#4763 = PLANE ( 'NONE',  #10037 ) ;
#4764 = DIRECTION ( 'NONE',  ( -0.000000000000000000, -0.000000000000000000, 1.000000000000000000 ) ) ;
#4765 = CARTESIAN_POINT ( 'NONE',  ( -15.20239548707221822, 14.15069333393197404, 47.49833231681228085 ) ) ;
#4766 = PRESENTATION_LAYER_ASSIGNMENT (  '', '', ( #479 ) ) ;
#4767 = AXIS2_PLACEMENT_3D ( 'NONE', #2120, #3007, #5228 ) ;
#4768 = CARTESIAN_POINT ( 'NONE',  ( 15.94640676939198087, -16.72095085742282095, 47.50000000000000000 ) ) ;
#4769 = EDGE_LOOP ( 'NONE', ( #7516, #9312, #9019 ) ) ;
#4770 = ORIENTED_EDGE ( 'NONE', *, *, #8189, .T. ) ;
#4771 =( NAMED_UNIT ( * ) SI_UNIT ( $, .STERADIAN. ) SOLID_ANGLE_UNIT ( ) );
#4772 = VECTOR ( 'NONE', #6183, 1000.000000000000000 ) ;
#4773 = AXIS2_PLACEMENT_3D ( 'NONE', #8764, #9500, #1570 ) ;
#4774 = PRESENTATION_LAYER_ASSIGNMENT (  '', '', ( #9212 ) ) ;
#4775 = MECHANICAL_DESIGN_GEOMETRIC_PRESENTATION_REPRESENTATION (  '', ( #7899 ), #10047 ) ;
#4776 = EDGE_CURVE ( 'NONE', #2864, #10190, #2018, .T. ) ;
#4777 = FACE_OUTER_BOUND ( 'NONE', #516, .T. ) ;
#4778 = CARTESIAN_POINT ( 'NONE',  ( 15.07550534522235886, 14.27125906389306209, 47.50000000000000000 ) ) ;
#4779 = CARTESIAN_POINT ( 'NONE',  ( 3.600000000000001421, -19.15000000000000568, 44.50000000000000000 ) ) ;
#4780 = LINE ( 'NONE', #8578, #4020 ) ;
#4781 = DIRECTION ( 'NONE',  ( -0.000000000000000000, 1.000000000000000000, -0.000000000000000000 ) ) ;
#4782 = TOROIDAL_SURFACE ( 'NONE', #9875, 3.499999999999997335, 0.5000000000000000000 ) ;
#4783 = TOROIDAL_SURFACE ( 'NONE', #1328, 3.499999999999780620, 0.5000000000000000000 ) ;
#4784 = ORIENTED_EDGE ( 'NONE', *, *, #6063, .T. ) ;
#4785 = ORIENTED_EDGE ( 'NONE', *, *, #4557, .T. ) ;
#4786 = DIRECTION ( 'NONE',  ( -1.000000000000000000, 0.000000000000000000, 0.000000000000000000 ) ) ;
#4787 = ORIENTED_EDGE ( 'NONE', *, *, #1826, .T. ) ;
#4788 = LINE ( 'NONE', #2258, #1917 ) ;
#4789 = ADVANCED_FACE ( 'NONE', ( #162 ), #1528, .F. ) ;
#4790 = DIRECTION ( 'NONE',  ( -0.000000000000000000, -0.000000000000000000, -1.000000000000000000 ) ) ;
#4791 = DIRECTION ( 'NONE',  ( -0.000000000000000000, -0.000000000000000000, -1.000000000000000000 ) ) ;
#4792 = PRESENTATION_LAYER_ASSIGNMENT (  '', '', ( #9723 ) ) ;
#4793 = CARTESIAN_POINT ( 'NONE',  ( -20.64999999999999503, 16.94289321881344890, 0.5000000000000000000 ) ) ;
#4794 = SURFACE_SIDE_STYLE ('',( #6296 ) ) ;
#4795 = EDGE_CURVE ( 'NONE', #7361, #9658, #291, .T. ) ;
#4796 = PLANE ( 'NONE',  #8850 ) ;
#4797 = CARTESIAN_POINT ( 'NONE',  ( 16.80673604214032935, 15.94640676939203239, 47.49756013713621883 ) ) ;
#4798 = MECHANICAL_DESIGN_GEOMETRIC_PRESENTATION_REPRESENTATION (  '', ( #1823 ), #4460 ) ;
#4799 = ORIENTED_EDGE ( 'NONE', *, *, #7256, .T. ) ;
#4800 = CARTESIAN_POINT ( 'NONE',  ( 21.15000000000000213, -17.15000000000001634, 0.5000000000000004441 ) ) ;
#4801 = VERTEX_POINT ( 'NONE', #116 ) ;
#4802 = EDGE_CURVE ( 'NONE', #8147, #1907, #9556, .T. ) ;
#4803 = DIRECTION ( 'NONE',  ( 0.7363275207553917623, 0.000000000000000000, -0.6766252893427928683 ) ) ;
#4804 = CARTESIAN_POINT ( 'NONE',  ( -15.49999999999897859, -15.50000000000102141, 47.50000000000000000 ) ) ;
#4805 = ADVANCED_FACE ( 'NONE', ( #2600 ), #1154, .F. ) ;
#4806 = CARTESIAN_POINT ( 'NONE',  ( 14.19326395785826023, 15.94640676939204305, 47.49756013713616198 ) ) ;
#4807 = PLANE ( 'NONE',  #9574 ) ;
#4808 = VECTOR ( 'NONE', #10048, 1000.000000000000000 ) ;
#4809 = FACE_OUTER_BOUND ( 'NONE', #3737, .T. ) ;
#4810 = EDGE_CURVE ( 'NONE', #7416, #4860, #7289, .T. ) ;
#4811 = CARTESIAN_POINT ( 'NONE',  ( -15.05359323060823584, 16.84930666606597782, 47.49262389544726659 ) ) ;
#4812 = DIRECTION ( 'NONE',  ( -1.000000000000000000, 0.000000000000000000, -0.000000000000000000 ) ) ;
#4813 =( LENGTH_UNIT ( ) NAMED_UNIT ( * ) SI_UNIT ( .MILLI., .METRE. ) );
#4814 = ORIENTED_EDGE ( 'NONE', *, *, #4152, .T. ) ;
#4815 = LINE ( 'NONE', #7845, #10018 ) ;
#4816 = CIRCLE ( 'NONE', #2840, 0.5000000000000000000 ) ;
#4817 = ORIENTED_EDGE ( 'NONE', *, *, #10019, .F. ) ;
#4818 = DIRECTION ( 'NONE',  ( 0.000000000000000000, 0.000000000000000000, -1.000000000000000000 ) ) ;
#4819 = CARTESIAN_POINT ( 'NONE',  ( 0.000000000000000000, 0.000000000000000000, -53.84951795962939514 ) ) ;
#4820 = LINE ( 'NONE', #112, #2251 ) ;
#4821 = DIRECTION ( 'NONE',  ( 0.000000000000000000, 0.000000000000000000, 1.000000000000000000 ) ) ;
#4822 = ORIENTED_EDGE ( 'NONE', *, *, #8104, .F. ) ;
#4823 = UNCERTAINTY_MEASURE_WITH_UNIT (LENGTH_MEASURE( 1.000000000000000082E-05 ), #3866, 'distance_accuracy_value', 'NONE');
#4824 = ORIENTED_EDGE ( 'NONE', *, *, #4724, .F. ) ;
#4825 = FACE_OUTER_BOUND ( 'NONE', #8021, .T. ) ;
#4826 = CARTESIAN_POINT ( 'NONE',  ( 21.00355339059327520, 17.29644660940671841, 8.000000000000000000 ) ) ;
#4827 = DIRECTION ( 'NONE',  ( 0.000000000000000000, 0.000000000000000000, 1.000000000000000000 ) ) ;
#4828 = VECTOR ( 'NONE', #2494, 1000.000000000000000 ) ;
#4829 = CARTESIAN_POINT ( 'NONE',  ( -15.05359323060823584, 16.72095085742160947, 47.50000000000000000 ) ) ;
#4830 = DIRECTION ( 'NONE',  ( -1.000000000000000000, 4.086561412391466966E-15, 0.000000000000000000 ) ) ;
#4831 = CARTESIAN_POINT ( 'NONE',  ( -13.32957238623954765, -21.15000000000000568, 99.84951795962939514 ) ) ;
#4832 = VERTEX_POINT ( 'NONE', #1202 ) ;
#4833 = ORIENTED_EDGE ( 'NONE', *, *, #3169, .T. ) ;
#4834 = DIRECTION ( 'NONE',  ( 1.658696185533663268E-14, 1.000000000000000000, 0.000000000000000000 ) ) ;
#4835 = AXIS2_PLACEMENT_3D ( 'NONE', #56, #6462, #4812 ) ;
#4836 = ORIENTED_EDGE ( 'NONE', *, *, #2344, .T. ) ;
#4837 = UNCERTAINTY_MEASURE_WITH_UNIT (LENGTH_MEASURE( 1.000000000000000082E-05 ), #5930, 'distance_accuracy_value', 'NONE');
#4838 = FACE_OUTER_BOUND ( 'NONE', #4371, .T. ) ;
#4839 = CARTESIAN_POINT ( 'NONE',  ( 16.84930666606603467, 15.94640676939203239, 46.50000000000000000 ) ) ;
#4840 = DIRECTION ( 'NONE',  ( 1.000000000000000000, 0.000000000000000000, 0.000000000000000000 ) ) ;
#4841 =( NAMED_UNIT ( * ) PLANE_ANGLE_UNIT ( ) SI_UNIT ( $, .RADIAN. ) );
#4842 = EDGE_CURVE ( 'NONE', #389, #8364, #1620, .T. ) ;
#4843 = EDGE_LOOP ( 'NONE', ( #9584, #3942, #3036, #6178 ) ) ;
#4844 = EDGE_LOOP ( 'NONE', ( #3385, #1495, #3591 ) ) ;
#4845 = DIRECTION ( 'NONE',  ( -0.7071067811865466846, -0.7071067811865484609, 0.000000000000000000 ) ) ;
#4846 = ADVANCED_FACE ( 'NONE', ( #2705 ), #3576, .T. ) ;
#4847 = FILL_AREA_STYLE ('',( #5892 ) ) ;
#4848 = DIRECTION ( 'NONE',  ( -0.000000000000000000, -0.000000000000000000, 1.000000000000000000 ) ) ;
#4849 = VECTOR ( 'NONE', #7670, 1000.000000000000000 ) ;
#4850 = SURFACE_STYLE_FILL_AREA ( #3959 ) ;
#4851 = DIRECTION ( 'NONE',  ( -1.000000000000000000, -8.202002250481356316E-17, 0.000000000000000000 ) ) ;
#4852 = PLANE ( 'NONE',  #1295 ) ;
#4853 = ADVANCED_FACE ( 'NONE', ( #2544 ), #6525, .F. ) ;
#4854 = DIRECTION ( 'NONE',  ( 1.000000000000000000, 0.000000000000000000, 0.000000000000000000 ) ) ;
#4855 = EDGE_CURVE ( 'NONE', #4510, #8730, #7225, .T. ) ;
#4856 = CIRCLE ( 'NONE', #9454, 3.500000000000638156 ) ;
#4857 = EDGE_CURVE ( 'NONE', #5154, #3332, #8526, .T. ) ;
#4858 = FILL_AREA_STYLE_COLOUR ( '', #6813 ) ;
#4859 = PRESENTATION_STYLE_ASSIGNMENT (( #104 ) ) ;
#4860 = VERTEX_POINT ( 'NONE', #5017 ) ;
#4861 = EDGE_LOOP ( 'NONE', ( #7001, #3715 ) ) ;
#4862 = ORIENTED_EDGE ( 'NONE', *, *, #9516, .T. ) ;
#4863 = EDGE_CURVE ( 'NONE', #7818, #5999, #4072, .T. ) ;
#4864 = VERTEX_POINT ( 'NONE', #4235 ) ;
#4865 = FACE_OUTER_BOUND ( 'NONE', #3641, .T. ) ;
#4866 = FACE_OUTER_BOUND ( 'NONE', #6703, .T. ) ;
#4867 = CONICAL_SURFACE ( 'NONE', #5889, 1.249999999999997558, 1.029744258676653201 ) ;
#4868 = DIRECTION ( 'NONE',  ( -0.000000000000000000, -0.000000000000000000, 1.000000000000000000 ) ) ;
#4869 = DIRECTION ( 'NONE',  ( 0.000000000000000000, 0.000000000000000000, 1.000000000000000000 ) ) ;
#4870 = AXIS2_PLACEMENT_3D ( 'NONE', #5442, #7650, #3631 ) ;
#4871 = DIRECTION ( 'NONE',  ( 0.000000000000000000, 0.000000000000000000, 1.000000000000000000 ) ) ;
#4872 = VERTEX_POINT ( 'NONE', #7392 ) ;
#4873 = ORIENTED_EDGE ( 'NONE', *, *, #6947, .T. ) ;
#4874 = ADVANCED_FACE ( 'NONE', ( #5071 ), #4369, .F. ) ;
#4875 = DIRECTION ( 'NONE',  ( -1.000000000000000000, 0.000000000000000000, 0.000000000000000000 ) ) ;
#4876 = CIRCLE ( 'NONE', #4699, 1.299999999999999156 ) ;
#4877 = DIRECTION ( 'NONE',  ( 0.000000000000000000, 0.000000000000000000, 1.000000000000000000 ) ) ;
#4878 = DIRECTION ( 'NONE',  ( -0.000000000000000000, -0.000000000000000000, -1.000000000000000000 ) ) ;
#4879 = AXIS2_PLACEMENT_3D ( 'NONE', #8540, #9223, #667 ) ;
#4880 =( GEOMETRIC_REPRESENTATION_CONTEXT ( 3 ) GLOBAL_UNCERTAINTY_ASSIGNED_CONTEXT ( ( #517 ) ) GLOBAL_UNIT_ASSIGNED_CONTEXT ( ( #9163, #5464, #8535 ) ) REPRESENTATION_CONTEXT ( 'NONE', 'WORKASPACE' ) );
#4881 = DIRECTION ( 'NONE',  ( 1.000000000000000000, 0.000000000000000000, 0.000000000000000000 ) ) ;
#4882 = VECTOR ( 'NONE', #3887, 1000.000000000000000 ) ;
#4883 = ORIENTED_EDGE ( 'NONE', *, *, #10023, .F. ) ;
#4884 = ORIENTED_EDGE ( 'NONE', *, *, #3996, .T. ) ;
#4885 =( LENGTH_UNIT ( ) NAMED_UNIT ( * ) SI_UNIT ( .MILLI., .METRE. ) );
#4886 = VERTEX_POINT ( 'NONE', #325 ) ;
#4887 = CARTESIAN_POINT ( 'NONE',  ( 12.49999999999984013, 15.50000000000015987, 46.00000000000000000 ) ) ;
#4888 = MECHANICAL_DESIGN_GEOMETRIC_PRESENTATION_REPRESENTATION (  '', ( #4223 ), #1267 ) ;
#4889 = VECTOR ( 'NONE', #648, 1000.000000000000000 ) ;
#4890 = SURFACE_STYLE_USAGE ( .BOTH. , #5937 ) ;
#4891 = ORIENTED_EDGE ( 'NONE', *, *, #902, .T. ) ;
#4892 = FACE_OUTER_BOUND ( 'NONE', #4079, .T. ) ;
#4893 = ORIENTED_EDGE ( 'NONE', *, *, #6175, .F. ) ;
#4894 = DIRECTION ( 'NONE',  ( -1.224646799147353207E-16, 1.000000000000000000, 0.000000000000000000 ) ) ;
#4895 = DIRECTION ( 'NONE',  ( 0.000000000000000000, -1.000000000000000000, 0.000000000000000000 ) ) ;
#4896 = CARTESIAN_POINT ( 'NONE',  ( -15.92449465477582748, -16.76498005845852646, 47.49955985394396407 ) ) ;
#4897 = CARTESIAN_POINT ( 'NONE',  ( 0.000000000000000000, 0.000000000000000000, 45.00000000000000000 ) ) ;
#4898 = EDGE_CURVE ( 'NONE', #314, #1810, #3369, .T. ) ;
#4899 = AXIS2_PLACEMENT_3D ( 'NONE', #6151, #1558, #8552 ) ;
#4900 = CARTESIAN_POINT ( 'NONE',  ( 1.379851512413567960, -39.15000000000000568, 42.95165094913121351 ) ) ;
#4901 = DIRECTION ( 'NONE',  ( -1.000000000000000000, 0.000000000000000000, 0.000000000000000000 ) ) ;
#4902 = CARTESIAN_POINT ( 'NONE',  ( 0.000000000000000000, 0.000000000000000000, 46.50000000000000000 ) ) ;
#4903 = MECHANICAL_DESIGN_GEOMETRIC_PRESENTATION_REPRESENTATION (  '', ( #455 ), #118 ) ;
#4904 =( NAMED_UNIT ( * ) SI_UNIT ( $, .STERADIAN. ) SOLID_ANGLE_UNIT ( ) );
#4905 = ORIENTED_EDGE ( 'NONE', *, *, #3530, .F. ) ;
#4906 = ORIENTED_EDGE ( 'NONE', *, *, #9069, .F. ) ;
#4907 = VERTEX_POINT ( 'NONE', #1367 ) ;
#4908 = MECHANICAL_DESIGN_GEOMETRIC_PRESENTATION_REPRESENTATION (  '', ( #5742 ), #7218 ) ;
#4909 = LINE ( 'NONE', #10164, #3550 ) ;
#4910 = CIRCLE ( 'NONE', #7709, 2.299999999999999822 ) ;
#4911 = LINE ( 'NONE', #990, #1601 ) ;
#4912 = DIRECTION ( 'NONE',  ( 0.000000000000000000, 0.000000000000000000, -1.000000000000000000 ) ) ;
#4913 = COLOUR_RGB ( '',0.2509803921568627416, 0.2509803921568627416, 0.2509803921568627416 ) ;
#4914 = ADVANCED_FACE ( 'NONE', ( #8361 ), #6054, .F. ) ;
#4915 = PRESENTATION_LAYER_ASSIGNMENT (  '', '', ( #9020 ) ) ;
#4916 = DIRECTION ( 'NONE',  ( 0.000000000000000000, 0.000000000000000000, -1.000000000000000000 ) ) ;
#4917 =( GEOMETRIC_REPRESENTATION_CONTEXT ( 3 ) GLOBAL_UNCERTAINTY_ASSIGNED_CONTEXT ( ( #1017 ) ) GLOBAL_UNIT_ASSIGNED_CONTEXT ( ( #1881, #3431, #4134 ) ) REPRESENTATION_CONTEXT ( 'NONE', 'WORKASPACE' ) );
#4918 = PRESENTATION_LAYER_ASSIGNMENT (  '', '', ( #3615 ) ) ;
#4919 = DIRECTION ( 'NONE',  ( 1.000000000000000000, 0.000000000000000000, 0.000000000000000000 ) ) ;
#4920 = ORIENTED_EDGE ( 'NONE', *, *, #1693, .F. ) ;
#4921 = ORIENTED_EDGE ( 'NONE', *, *, #108, .F. ) ;
#4922 = UNCERTAINTY_MEASURE_WITH_UNIT (LENGTH_MEASURE( 1.000000000000000082E-05 ), #4231, 'distance_accuracy_value', 'NONE');
#4923 = VERTEX_POINT ( 'NONE', #8312 ) ;
#4924 = ADVANCED_FACE ( 'NONE', ( #9081 ), #10008, .T. ) ;
#4925 = EDGE_CURVE ( 'NONE', #7671, #1825, #5204, .T. ) ;
#4926 = DIRECTION ( 'NONE',  ( 0.000000000000000000, 0.000000000000000000, 1.000000000000000000 ) ) ;
#4927 = FILL_AREA_STYLE_COLOUR ( '', #503 ) ;
#4928 = AXIS2_PLACEMENT_3D ( 'NONE', #875, #7167, #3207 ) ;
#4929 = AXIS2_PLACEMENT_3D ( 'NONE', #7066, #6143, #5273 ) ;
#4930 = LINE ( 'NONE', #2453, #5222 ) ;
#4931 = SURFACE_SIDE_STYLE ('',( #1779 ) ) ;
#4932 = DIRECTION ( 'NONE',  ( -0.7071067811865406894, 0.7071067811865544561, 0.000000000000000000 ) ) ;
#4933 = EDGE_CURVE ( 'NONE', #354, #454, #4165, .T. ) ;
#4934 = ORIENTED_EDGE ( 'NONE', *, *, #1464, .T. ) ;
#4935 = AXIS2_PLACEMENT_3D ( 'NONE', #2989, #9157, #6132 ) ;
#4937 = ORIENTED_EDGE ( 'NONE', *, *, #2582, .T. ) ;
#4936 = CIRCLE ( 'NONE', #646, 1.000000000000000888 ) ;
#4938 = CARTESIAN_POINT ( 'NONE',  ( 0.000000000000000000, 0.000000000000000000, -1.500000000000000000 ) ) ;
#4939 = VERTEX_POINT ( 'NONE', #244 ) ;
#4940 = UNCERTAINTY_MEASURE_WITH_UNIT (LENGTH_MEASURE( 1.000000000000000082E-05 ), #2334, 'distance_accuracy_value', 'NONE');
#4941 = UNCERTAINTY_MEASURE_WITH_UNIT (LENGTH_MEASURE( 1.000000000000000082E-05 ), #121, 'distance_accuracy_value', 'NONE');
#4942 = DIRECTION ( 'NONE',  ( 0.000000000000000000, 0.000000000000000000, 1.000000000000000000 ) ) ;
#4943 = DIRECTION ( 'NONE',  ( -1.226634733346691619E-15, 0.000000000000000000, -1.000000000000000000 ) ) ;
#4944 = LINE ( 'NONE', #7412, #3905 ) ;
#4945 = CARTESIAN_POINT ( 'NONE',  ( 15.05359323060812216, -16.72095085742211396, 47.50000000000000000 ) ) ;
#4946 = VECTOR ( 'NONE', #4481, 1000.000000000000000 ) ;
#4947 = COLOUR_RGB ( '',0.2509803921568627416, 0.2509803921568627416, 0.2509803921568627416 ) ;
#4948 = CARTESIAN_POINT ( 'NONE',  ( -16.84930666606613769, -15.20239548707237986, 47.49833231681227375 ) ) ;
#4949 = DIRECTION ( 'NONE',  ( 0.000000000000000000, 0.000000000000000000, -1.000000000000000000 ) ) ;
#4950 = ORIENTED_EDGE ( 'NONE', *, *, #435, .T. ) ;
#4951 = DIRECTION ( 'NONE',  ( 1.000000000000000000, 0.000000000000000000, 0.000000000000000000 ) ) ;
#4952 = ORIENTED_EDGE ( 'NONE', *, *, #8674, .F. ) ;
#4953 = PLANE ( 'NONE',  #5535 ) ;
#4954 =( NAMED_UNIT ( * ) PLANE_ANGLE_UNIT ( ) SI_UNIT ( $, .RADIAN. ) );
#4955 = FACE_OUTER_BOUND ( 'NONE', #3553, .T. ) ;
#4956 = CARTESIAN_POINT ( 'NONE',  ( -16.84930666606614480, -15.94640676939191870, 46.50000000000000000 ) ) ;
#4957 = CARTESIAN_POINT ( 'NONE',  ( 16.94289321881344179, -21.15000000000000213, 48.00000000000000000 ) ) ;
#4958 = FACE_OUTER_BOUND ( 'NONE', #91, .T. ) ;
#4959 = PRESENTATION_LAYER_ASSIGNMENT (  '', '', ( #6616 ) ) ;
#4960 = FACE_OUTER_BOUND ( 'NONE', #5397, .T. ) ;
#4961 = DIRECTION ( 'NONE',  ( -1.000000000000000000, 0.000000000000000000, 0.000000000000000000 ) ) ;
#4962 = ORIENTED_EDGE ( 'NONE', *, *, #1978, .F. ) ;
#4963 = B_SPLINE_CURVE_WITH_KNOTS ( 'NONE', 3,
 ( #2040, #4468, #8332, #3692 ),
 .UNSPECIFIED., .F., .F.,
 ( 4, 4 ),
 ( 0.000000000000000000, 0.0001285675718491145335 ),
 .UNSPECIFIED. ) ;
#4964 = VERTEX_POINT ( 'NONE', #4274 ) ;
#4965 = ORIENTED_EDGE ( 'NONE', *, *, #6884, .T. ) ;
#4966 =( GEOMETRIC_REPRESENTATION_CONTEXT ( 3 ) GLOBAL_UNCERTAINTY_ASSIGNED_CONTEXT ( ( #7196 ) ) GLOBAL_UNIT_ASSIGNED_CONTEXT ( ( #4007, #7078, #5480 ) ) REPRESENTATION_CONTEXT ( 'NONE', 'WORKASPACE' ) );
#4967 = SURFACE_STYLE_FILL_AREA ( #7285 ) ;
#4968 = AXIS2_PLACEMENT_3D ( 'NONE', #1484, #5453, #1533 ) ;
#4969 = LINE ( 'NONE', #846, #3412 ) ;
#4970 = CIRCLE ( 'NONE', #511, 0.5787973969144516451 ) ;
#4971 = CARTESIAN_POINT ( 'NONE',  ( 15.50000000000101963, -15.49999999999983658, 46.00000000000000000 ) ) ;
#4972 = CARTESIAN_POINT ( 'NONE',  ( 17.14999999999998437, -21.15000000000000213, 38.00000000000000000 ) ) ;
#4973 = ORIENTED_EDGE ( 'NONE', *, *, #1968, .F. ) ;
#4974 = ORIENTED_EDGE ( 'NONE', *, *, #1766, .F. ) ;
#4975 = ORIENTED_EDGE ( 'NONE', *, *, #3476, .T. ) ;
#4976 = SPHERICAL_SURFACE ( 'NONE', #469, 0.5000000000000000000 ) ;
#4977 = CARTESIAN_POINT ( 'NONE',  ( 1.379851512413564629, -19.15000000000000568, 40.96955165395432630 ) ) ;
#4978 = EDGE_CURVE ( 'NONE', #5520, #9344, #1803, .T. ) ;
#4979 = FACE_OUTER_BOUND ( 'NONE', #3630, .T. ) ;
#4980 =( NAMED_UNIT ( * ) PLANE_ANGLE_UNIT ( ) SI_UNIT ( $, .RADIAN. ) );
#4981 = CARTESIAN_POINT ( 'NONE',  ( -17.29644660940670065, 21.00355339059327520, 0.5000000000000000000 ) ) ;
#4982 = FILL_AREA_STYLE ('',( #1110 ) ) ;
#4983 = DIRECTION ( 'NONE',  ( -1.000000000000000000, 0.000000000000000000, 0.000000000000000000 ) ) ;
#4984 = AXIS2_PLACEMENT_3D ( 'NONE', #5706, #2502, #6484 ) ;
#4985 = EDGE_CURVE ( 'NONE', #5999, #9302, #5895, .T. ) ;
#4986 = SURFACE_STYLE_USAGE ( .BOTH. , #2719 ) ;
#4987 = ADVANCED_FACE ( 'NONE', ( #8247 ), #409, .F. ) ;
#4988 = VERTEX_POINT ( 'NONE', #5007 ) ;
#4989 = ORIENTED_EDGE ( 'NONE', *, *, #7697, .T. ) ;
#4990 = ORIENTED_EDGE ( 'NONE', *, *, #1842, .F. ) ;
#4991 = EDGE_CURVE ( 'NONE', #5972, #2865, #534, .T. ) ;
#4992 = AXIS2_PLACEMENT_3D ( 'NONE', #7140, #4710, #10073 ) ;
#4993 = FACE_OUTER_BOUND ( 'NONE', #7106, .T. ) ;
#4994 = DIRECTION ( 'NONE',  ( 0.7071067811865441310, 0.7071067811865510144, 0.000000000000000000 ) ) ;
#4995 = SURFACE_STYLE_FILL_AREA ( #6494 ) ;
#4996 = FACE_OUTER_BOUND ( 'NONE', #1077, .T. ) ;
#4997 = CARTESIAN_POINT ( 'NONE',  ( 0.000000000000000000, 0.000000000000000000, 46.50000000000000000 ) ) ;
#4998 = AXIS2_PLACEMENT_3D ( 'NONE', #2285, #3821, #2072 ) ;
#4999 =( NAMED_UNIT ( * ) PLANE_ANGLE_UNIT ( ) SI_UNIT ( $, .RADIAN. ) );
#5000 = ORIENTED_EDGE ( 'NONE', *, *, #7120, .F. ) ;
#5001 =( NAMED_UNIT ( * ) PLANE_ANGLE_UNIT ( ) SI_UNIT ( $, .RADIAN. ) );
#5002 = ORIENTED_EDGE ( 'NONE', *, *, #1537, .F. ) ;
#5003 = FACE_OUTER_BOUND ( 'NONE', #7360, .T. ) ;
#5004 = CARTESIAN_POINT ( 'NONE',  ( 13.31369220013742805, 21.15999999999999659, -53.84951795962939514 ) ) ;
#5005 = SURFACE_STYLE_USAGE ( .BOTH. , #196 ) ;
#5006 = PRESENTATION_LAYER_ASSIGNMENT (  '', '', ( #1711 ) ) ;
#5007 = CARTESIAN_POINT ( 'NONE',  ( 16.94289321881345600, 21.14999999999999858, 0.5000000000000004441 ) ) ;
#5008 = CARTESIAN_POINT ( 'NONE',  ( -16.78307522795903495, 15.07550534522243879, 46.50000000000000000 ) ) ;
#5009 = SPHERICAL_SURFACE ( 'NONE', #9600, 0.5000000000000000000 ) ;
#5010 = CARTESIAN_POINT ( 'NONE',  ( -3.599999999999999201, -21.15000000000000568, 40.00000000000000000 ) ) ;
#5011 = ORIENTED_EDGE ( 'NONE', *, *, #902, .F. ) ;
#5012 = ORIENTED_EDGE ( 'NONE', *, *, #1462, .T. ) ;
#5013 = ORIENTED_EDGE ( 'NONE', *, *, #7880, .T. ) ;
#5014 = DIRECTION ( 'NONE',  ( -0.000000000000000000, -0.000000000000000000, -1.000000000000000000 ) ) ;
#5015 = FILL_AREA_STYLE ('',( #9601 ) ) ;
#5016 = PRESENTATION_LAYER_ASSIGNMENT (  '', '', ( #5515 ) ) ;
#5017 = CARTESIAN_POINT ( 'NONE',  ( 3.600000000000001421, -21.15000000000000568, 44.50000000000000000 ) ) ;
#5018 = DIRECTION ( 'NONE',  ( 1.224646799147353207E-16, 1.000000000000000000, -0.000000000000000000 ) ) ;
#5019 = ORIENTED_EDGE ( 'NONE', *, *, #9562, .F. ) ;
#5020 = VERTEX_POINT ( 'NONE', #3562 ) ;
#5021 = ORIENTED_EDGE ( 'NONE', *, *, #4100, .F. ) ;
#5022 = FACE_OUTER_BOUND ( 'NONE', #7372, .T. ) ;
#5023 = AXIS2_PLACEMENT_3D ( 'NONE', #3236, #6382, #3937 ) ;
#5024 = PRESENTATION_LAYER_ASSIGNMENT (  '', '', ( #2886 ) ) ;
#5025 = CARTESIAN_POINT ( 'NONE',  ( 14.23619328529397698, 15.05359323060818433, 47.50000000000000000 ) ) ;
#5026 = EDGE_CURVE ( 'NONE', #3587, #2589, #1243, .T. ) ;
#5027 = CARTESIAN_POINT ( 'NONE',  ( 16.78307522795901008, -15.29091159907681963, 47.50000000000000000 ) ) ;
#5028 = DIRECTION ( 'NONE',  ( -0.000000000000000000, -0.000000000000000000, -1.000000000000000000 ) ) ;
#5029 = CIRCLE ( 'NONE', #7830, 25.00000000000000000 ) ;
#5030 = ADVANCED_FACE ( 'NONE', ( #9008 ), #2400, .T. ) ;
#5031 = CIRCLE ( 'NONE', #9958, 2.299999999999999822 ) ;
#5032 = ORIENTED_EDGE ( 'NONE', *, *, #6988, .T. ) ;
#5033 = ORIENTED_EDGE ( 'NONE', *, *, #430, .F. ) ;
#5034 = CIRCLE ( 'NONE', #8153, 0.5000000000000004441 ) ;
#5035 = ORIENTED_EDGE ( 'NONE', *, *, #2163, .T. ) ;
#5036 = UNCERTAINTY_MEASURE_WITH_UNIT (LENGTH_MEASURE( 1.000000000000000082E-05 ), #6363, 'distance_accuracy_value', 'NONE');
#5037 =( LENGTH_UNIT ( ) NAMED_UNIT ( * ) SI_UNIT ( .MILLI., .METRE. ) );
#5038 = EDGE_CURVE ( 'NONE', #600, #806, #3462, .T. ) ;
#5039 = FACE_OUTER_BOUND ( 'NONE', #474, .T. ) ;
#5040 = EDGE_CURVE ( 'NONE', #8353, #6719, #2424, .T. ) ;
#5041 = COLOUR_RGB ( '',0.2509803921568627416, 0.2509803921568627416, 0.2509803921568627416 ) ;
#5042 = DIRECTION ( 'NONE',  ( 1.000000000000000000, 0.000000000000000000, -0.000000000000000000 ) ) ;
#5043 =( NAMED_UNIT ( * ) PLANE_ANGLE_UNIT ( ) SI_UNIT ( $, .RADIAN. ) );
#5044 = AXIS2_PLACEMENT_3D ( 'NONE', #3149, #7927, #9269 ) ;
#5045 = CARTESIAN_POINT ( 'NONE',  ( -16.84930666606613414, -15.05359323060805998, 47.49262389544720975 ) ) ;
#5046 = EDGE_CURVE ( 'NONE', #3064, #6579, #2274, .T. ) ;
#5047 = ORIENTED_EDGE ( 'NONE', *, *, #3227, .T. ) ;
#5048 = ORIENTED_EDGE ( 'NONE', *, *, #7071, .T. ) ;
#5049 = CARTESIAN_POINT ( 'NONE',  ( 20.64999999999999858, 16.94289321881344534, 10.00000000000000000 ) ) ;
#5050 = PRESENTATION_LAYER_ASSIGNMENT (  '', '', ( #9486 ) ) ;
#5051 = ORIENTED_EDGE ( 'NONE', *, *, #10023, .T. ) ;
#5052 = VECTOR ( 'NONE', #8369, 1000.000000000000000 ) ;
#5053 = DIRECTION ( 'NONE',  ( -1.000000000000000000, 0.000000000000000000, 0.000000000000000000 ) ) ;
#5054 = SURFACE_STYLE_FILL_AREA ( #5401 ) ;
#5055 = EDGE_CURVE ( 'NONE', #7020, #2195, #2236, .T. ) ;
#5056 = SURFACE_STYLE_FILL_AREA ( #8903 ) ;
#5057 = CARTESIAN_POINT ( 'NONE',  ( -3.420868563588839173, -21.25000000000000711, 40.11033917074156108 ) ) ;
#5058 = CARTESIAN_POINT ( 'NONE',  ( 15.07550534522235886, 14.21692477204116223, 46.50000000000000000 ) ) ;
#5059 = EDGE_CURVE ( 'NONE', #1686, #1180, #2480, .T. ) ;
#5060 = CARTESIAN_POINT ( 'NONE',  ( -14.15069333393214102, -15.94640676939194535, 46.50000000000000000 ) ) ;
#5061 = EDGE_CURVE ( 'NONE', #6361, #1905, #4876, .T. ) ;
#5062 = PRESENTATION_STYLE_ASSIGNMENT (( #5952 ) ) ;
#5063 = CARTESIAN_POINT ( 'NONE',  ( -16.78307522795903495, 15.07550534522243879, 47.49867441544049740 ) ) ;
#5064 = ORIENTED_EDGE ( 'NONE', *, *, #8929, .F. ) ;
#5065 = AXIS2_PLACEMENT_3D ( 'NONE', #1578, #5501, #5400 ) ;
#5066 = ORIENTED_EDGE ( 'NONE', *, *, #623, .T. ) ;
#5067 = ORIENTED_EDGE ( 'NONE', *, *, #7811, .T. ) ;
#5068 = AXIS2_PLACEMENT_3D ( 'NONE', #1280, #4417, #6843 ) ;
#5069 = CARTESIAN_POINT ( 'NONE',  ( -3.599999999999998312, -19.15000000000000568, 44.50000000000000000 ) ) ;
#5070 = CARTESIAN_POINT ( 'NONE',  ( -15.92449465477582748, -16.72874093610833768, 47.50000000000000000 ) ) ;
#5071 = FACE_OUTER_BOUND ( 'NONE', #7260, .T. ) ;
#5072 =( LENGTH_UNIT ( ) NAMED_UNIT ( * ) SI_UNIT ( .MILLI., .METRE. ) );
#5073 = ORIENTED_EDGE ( 'NONE', *, *, #4487, .F. ) ;
#5074 = CIRCLE ( 'NONE', #4578, 0.4999999999999982236 ) ;
#5075 = ORIENTED_EDGE ( 'NONE', *, *, #6763, .T. ) ;
#5076 = VECTOR ( 'NONE', #7553, 1000.000000000000000 ) ;
#5077 = VERTEX_POINT ( 'NONE', #1554 ) ;
#5078 = CARTESIAN_POINT ( 'NONE',  ( -15.20239548707221999, 16.84930666606598137, 47.49833231681230217 ) ) ;
#5079 = FACE_OUTER_BOUND ( 'NONE', #1271, .T. ) ;
#5080 = DIRECTION ( 'NONE',  ( 0.000000000000000000, 0.000000000000000000, -1.000000000000000000 ) ) ;
#5081 = LINE ( 'NONE', #433, #5052 ) ;
#5082 = AXIS2_PLACEMENT_3D ( 'NONE', #7423, #1239, #9892 ) ;
#5083 = DIRECTION ( 'NONE',  ( -0.7071067811865580088, 0.7071067811865371366, 0.000000000000000000 ) ) ;
#5084 = AXIS2_PLACEMENT_3D ( 'NONE', #945, #4712, #6367 ) ;
#5085 = STYLED_ITEM ( 'NONE', ( #5701 ), #9955 ) ;
#5086 = PLANE ( 'NONE',  #5768 ) ;
#5087 = VERTEX_POINT ( 'NONE', #7073 ) ;
#5088 = ORIENTED_EDGE ( 'NONE', *, *, #9196, .T. ) ;
#5089 = ADVANCED_FACE ( 'NONE', ( #7890 ), #6351, .T. ) ;
#5090 = CARTESIAN_POINT ( 'NONE',  ( 15.50000000000101963, -15.49999999999983658, 46.50000000000000000 ) ) ;
#5091 = VERTEX_POINT ( 'NONE', #3208 ) ;
#5092 = AXIS2_PLACEMENT_3D ( 'NONE', #2324, #4638, #9323 ) ;
#5093 = SURFACE_STYLE_USAGE ( .BOTH. , #7311 ) ;
#5094 = PRESENTATION_STYLE_ASSIGNMENT (( #1120 ) ) ;
#5095 = CARTESIAN_POINT ( 'NONE',  ( -11.00000000000000000, 1.347111479062088405E-15, -2.000000000000000000 ) ) ;
#5096 = CARTESIAN_POINT ( 'NONE',  ( -18.79644660940671130, 18.79644660940671130, 48.00000000000000000 ) ) ;
#5097 = CARTESIAN_POINT ( 'NONE',  ( 0.000000000000000000, 0.000000000000000000, 5.999999999999998224 ) ) ;
#5098 = VECTOR ( 'NONE', #4312, 1000.000000000000000 ) ;
#5099 = AXIS2_PLACEMENT_3D ( 'NONE', #1361, #2225, #521 ) ;
#5100 = DIRECTION ( 'NONE',  ( -2.488044278300495060E-14, -1.000000000000000000, 0.000000000000000000 ) ) ;
#5101 = ORIENTED_EDGE ( 'NONE', *, *, #608, .F. ) ;
#5102 = ORIENTED_EDGE ( 'NONE', *, *, #5689, .F. ) ;
#5103 = EDGE_CURVE ( 'NONE', #4039, #1182, #9483, .T. ) ;
#5104 = CARTESIAN_POINT ( 'NONE',  ( 15.07550534522235708, 16.72874093610725765, 47.50000000000000000 ) ) ;
#5105 = ORIENTED_EDGE ( 'NONE', *, *, #6376, .F. ) ;
#5106 = SURFACE_STYLE_USAGE ( .BOTH. , #2788 ) ;
#5107 = CARTESIAN_POINT ( 'NONE',  ( 16.78307522795901008, -15.29091159907681963, 47.50000000000000000 ) ) ;
#5108 = AXIS2_PLACEMENT_3D ( 'NONE', #8781, #1172, #8889 ) ;
#5109 = CARTESIAN_POINT ( 'NONE',  ( -15.92449465477582748, -16.78307522795894968, 47.49867441544054003 ) ) ;
#5110 = DIRECTION ( 'NONE',  ( 1.000000000000000000, 0.000000000000000000, 0.000000000000000000 ) ) ;
#5111 = MECHANICAL_DESIGN_GEOMETRIC_PRESENTATION_REPRESENTATION (  '', ( #3784 ), #485 ) ;
#5112 = AXIS2_PLACEMENT_3D ( 'NONE', #6064, #4353, #530 ) ;
#5113 = EDGE_CURVE ( 'NONE', #8467, #6805, #5031, .T. ) ;
#5114 = SURFACE_STYLE_FILL_AREA ( #9791 ) ;
#5115 = CARTESIAN_POINT ( 'NONE',  ( 15.50000000000101963, -15.49999999999983658, 46.50000000000000000 ) ) ;
#5116 = DIRECTION ( 'NONE',  ( -1.000000000000000000, 0.000000000000000000, -0.000000000000000000 ) ) ;
#5117 = CARTESIAN_POINT ( 'NONE',  ( -15.21910815488903879, -16.78307522795895323, 47.50000000000000000 ) ) ;
#5118 = CARTESIAN_POINT ( 'NONE',  ( -20.64999999999999503, 16.94289321881344534, 0.5000000000000000000 ) ) ;
#5119 = EDGE_CURVE ( 'NONE', #4579, #6579, #9331, .T. ) ;
#5120 = AXIS2_PLACEMENT_3D ( 'NONE', #2417, #7008, #6294 ) ;
#5121 = CIRCLE ( 'NONE', #1162, 0.5000000000000006661 ) ;
#5122 = CARTESIAN_POINT ( 'NONE',  ( -15.94640676939209456, 16.84930666606597782, 46.50000000000000000 ) ) ;
#5123 = EDGE_CURVE ( 'NONE', #2223, #6419, #1508, .T. ) ;
#5124 = EDGE_LOOP ( 'NONE', ( #6760, #2802, #8694, #1256, #4705 ) ) ;
#5125 = ORIENTED_EDGE ( 'NONE', *, *, #6126, .F. ) ;
#5126 = ORIENTED_EDGE ( 'NONE', *, *, #7437, .T. ) ;
#5127 = LINE ( 'NONE', #1870, #2459 ) ;
#5128 = EDGE_CURVE ( 'NONE', #2605, #6731, #7121, .T. ) ;
#5129 = CYLINDRICAL_SURFACE ( 'NONE', #6927, 25.00000000000000000 ) ;
#5130 =( LENGTH_UNIT ( ) NAMED_UNIT ( * ) SI_UNIT ( .MILLI., .METRE. ) );
#5131 = PLANE ( 'NONE',  #1225 ) ;
#5132 = EDGE_LOOP ( 'NONE', ( #3702, #8169, #7043, #7070, #1562 ) ) ;
#5133 = ORIENTED_EDGE ( 'NONE', *, *, #5492, .F. ) ;
#5134 =( GEOMETRIC_REPRESENTATION_CONTEXT ( 3 ) GLOBAL_UNCERTAINTY_ASSIGNED_CONTEXT ( ( #4837 ) ) GLOBAL_UNIT_ASSIGNED_CONTEXT ( ( #5930, #3643, #8382 ) ) REPRESENTATION_CONTEXT ( 'NONE', 'WORKASPACE' ) );
#5135 = DIRECTION ( 'NONE',  ( -5.627273829055637777E-15, -1.000000000000000000, 0.000000000000000000 ) ) ;
#5136 =( NAMED_UNIT ( * ) PLANE_ANGLE_UNIT ( ) SI_UNIT ( $, .RADIAN. ) );
#5137 = B_SPLINE_CURVE_WITH_KNOTS ( 'NONE', 3,
 ( #7190, #6522, #5693, #991 ),
 .UNSPECIFIED., .F., .F.,
 ( 4, 4 ),
 ( 0.000000000000000000, 0.0002154103325660292664 ),
 .UNSPECIFIED. ) ;
#5138 = FACE_OUTER_BOUND ( 'NONE', #5261, .T. ) ;
#5139 = DIRECTION ( 'NONE',  ( -0.000000000000000000, -0.000000000000000000, -1.000000000000000000 ) ) ;
#5140 = MECHANICAL_DESIGN_GEOMETRIC_PRESENTATION_REPRESENTATION (  '', ( #8416 ), #7276 ) ;
#5141 = EDGE_LOOP ( 'NONE', ( #4873, #3686, #5739, #8790 ) ) ;
#5142 = ORIENTED_EDGE ( 'NONE', *, *, #4289, .F. ) ;
#5143 =( NAMED_UNIT ( * ) SI_UNIT ( $, .STERADIAN. ) SOLID_ANGLE_UNIT ( ) );
#5144 = ORIENTED_EDGE ( 'NONE', *, *, #8501, .F. ) ;
#5145 = VECTOR ( 'NONE', #2729, 1000.000000000000000 ) ;
#5146 = DIRECTION ( 'NONE',  ( -1.000000000000000000, 0.000000000000000000, 0.000000000000000000 ) ) ;
#5147 = FACE_OUTER_BOUND ( 'NONE', #4314, .T. ) ;
#5148 = AXIS2_PLACEMENT_3D ( 'NONE', #7252, #5083, #1166 ) ;
#5149 = CARTESIAN_POINT ( 'NONE',  ( -3.496119095141088540, -21.25000000000000711, 44.41033917074156534 ) ) ;
#5150 = DIRECTION ( 'NONE',  ( 8.202002250481357549E-17, -1.000000000000000000, -0.000000000000000000 ) ) ;
#5151 = SURFACE_STYLE_USAGE ( .BOTH. , #1999 ) ;
#5152 = CARTESIAN_POINT ( 'NONE',  ( 15.92449465477571025, 16.78307522795905626, 47.50000000000000000 ) ) ;
#5153 = VERTEX_POINT ( 'NONE', #7023 ) ;
#5154 = VERTEX_POINT ( 'NONE', #3252 ) ;
#5155 = CARTESIAN_POINT ( 'NONE',  ( -21.14999999999999503, -17.14999999999998792, 0.5000000000000004441 ) ) ;
#5156 = CIRCLE ( 'NONE', #3020, 3.000000000000639488 ) ;
#5157 = ORIENTED_EDGE ( 'NONE', *, *, #8054, .F. ) ;
#5158 = UNCERTAINTY_MEASURE_WITH_UNIT (LENGTH_MEASURE( 1.000000000000000082E-05 ), #3999, 'distance_accuracy_value', 'NONE');
#5159 = CARTESIAN_POINT ( 'NONE',  ( 15.21910815489393443, 14.21692477204116045, 47.50000000000000000 ) ) ;
#5160 = CARTESIAN_POINT ( 'NONE',  ( -15.92449465477580794, -15.94640676939192758, 46.50000000000000000 ) ) ;
#5161 = DIRECTION ( 'NONE',  ( 0.000000000000000000, 0.000000000000000000, 1.000000000000000000 ) ) ;
#5162 = SURFACE_SIDE_STYLE ('',( #5114 ) ) ;
#5163 = DIRECTION ( 'NONE',  ( 1.000000000000000000, 0.000000000000000000, 0.000000000000000000 ) ) ;
#5164 = FILL_AREA_STYLE ('',( #4438 ) ) ;
#5165 = EDGE_CURVE ( 'NONE', #7184, #2157, #581, .T. ) ;
#5166 = PRESENTATION_LAYER_ASSIGNMENT (  '', '', ( #5833 ) ) ;
#5167 = DIRECTION ( 'NONE',  ( -1.000000000000000000, -8.202002250481357549E-17, 0.000000000000000000 ) ) ;
#5168 = LINE ( 'NONE', #9639, #880 ) ;
#5169 = EDGE_CURVE ( 'NONE', #8778, #3368, #4723, .T. ) ;
#5170 = CARTESIAN_POINT ( 'NONE',  ( 0.000000000000000000, 0.000000000000000000, 45.50000000000002132 ) ) ;
#5171 = ORIENTED_EDGE ( 'NONE', *, *, #2140, .T. ) ;
#5172 = UNCERTAINTY_MEASURE_WITH_UNIT (LENGTH_MEASURE( 1.000000000000000082E-05 ), #933, 'distance_accuracy_value', 'NONE');
#5173 = ORIENTED_EDGE ( 'NONE', *, *, #1576, .F. ) ;
#5174 = DIRECTION ( 'NONE',  ( -0.000000000000000000, 1.000000000000000000, -0.000000000000000000 ) ) ;
#5175 = CARTESIAN_POINT ( 'NONE',  ( 2.494294627413643717, -21.25000000000000711, 40.95372187942375319 ) ) ;
#5176 = SURFACE_STYLE_FILL_AREA ( #9077 ) ;
#5177 = ADVANCED_FACE ( 'NONE', ( #772 ), #5475, .F. ) ;
#5178 = ADVANCED_FACE ( 'NONE', ( #6968 ), #6303, .F. ) ;
#5179 =( LENGTH_UNIT ( ) NAMED_UNIT ( * ) SI_UNIT ( .MILLI., .METRE. ) );
#5180 = EDGE_CURVE ( 'NONE', #5461, #5903, #9429, .T. ) ;
#5181 = CARTESIAN_POINT ( 'NONE',  ( 15.07550534522236063, 15.05359323060818078, 46.50000000000000000 ) ) ;
#5182 = COLOUR_RGB ( '',1.000000000000000000, 1.000000000000000000, 1.000000000000000000 ) ;
#5183 = DIRECTION ( 'NONE',  ( -8.202002250481357549E-17, 1.000000000000000000, 0.000000000000000000 ) ) ;
#5184 = FACE_OUTER_BOUND ( 'NONE', #602, .T. ) ;
#5185 = ORIENTED_EDGE ( 'NONE', *, *, #1398, .F. ) ;
#5186 = ORIENTED_EDGE ( 'NONE', *, *, #8927, .F. ) ;
#5187 = DIRECTION ( 'NONE',  ( 0.000000000000000000, 0.000000000000000000, -1.000000000000000000 ) ) ;
#5188 = DIRECTION ( 'NONE',  ( 1.000000000000000000, 0.000000000000000000, 0.000000000000000000 ) ) ;
#5189 = VECTOR ( 'NONE', #1981, 1000.000000000000000 ) ;
#5190 = CARTESIAN_POINT ( 'NONE',  ( 15.05359323060812748, -15.92449465477574755, 46.50000000000000000 ) ) ;
#5191 = DIRECTION ( 'NONE',  ( -1.000000000000000000, 0.000000000000000000, -0.000000000000000000 ) ) ;
#5192 = EDGE_CURVE ( 'NONE', #548, #4302, #8645, .T. ) ;
#5193 = EDGE_CURVE ( 'NONE', #6112, #1180, #8002, .T. ) ;
#5194 =( GEOMETRIC_REPRESENTATION_CONTEXT ( 3 ) GLOBAL_UNCERTAINTY_ASSIGNED_CONTEXT ( ( #5462 ) ) GLOBAL_UNIT_ASSIGNED_CONTEXT ( ( #2845, #6564, #6718 ) ) REPRESENTATION_CONTEXT ( 'NONE', 'WORKASPACE' ) );
#5195 = ORIENTED_EDGE ( 'NONE', *, *, #3262, .T. ) ;
#5196 = ORIENTED_EDGE ( 'NONE', *, *, #6376, .T. ) ;
#5197 = DIRECTION ( 'NONE',  ( -0.000000000000000000, -1.000000000000000000, -0.000000000000000000 ) ) ;
#5198 = VECTOR ( 'NONE', #5538, 1000.000000000000000 ) ;
#5199 = VERTEX_POINT ( 'NONE', #1751 ) ;
#5200 = CARTESIAN_POINT ( 'NONE',  ( -16.84930666606614480, -15.94640676939191870, 46.50000000000000000 ) ) ;
#5201 = DIRECTION ( 'NONE',  ( 1.000000000000000000, 0.000000000000000000, 0.000000000000000000 ) ) ;
#5202 = CARTESIAN_POINT ( 'NONE',  ( -15.92449465477579018, -14.27125906389369447, 47.50000000000000000 ) ) ;
#5203 = CIRCLE ( 'NONE', #8150, 1.249999999999999334 ) ;
#5204 = CIRCLE ( 'NONE', #1575, 2.799999999999999822 ) ;
#5205 = DIRECTION ( 'NONE',  ( 1.000000000000000000, 0.000000000000000000, 0.000000000000000000 ) ) ;
#5206 =( LENGTH_UNIT ( ) NAMED_UNIT ( * ) SI_UNIT ( .MILLI., .METRE. ) );
#5207 = ORIENTED_EDGE ( 'NONE', *, *, #10093, .T. ) ;
#5208 = EDGE_LOOP ( 'NONE', ( #6607, #2315, #2374 ) ) ;
#5209 =( LENGTH_UNIT ( ) NAMED_UNIT ( * ) SI_UNIT ( .MILLI., .METRE. ) );
#5210 = ORIENTED_EDGE ( 'NONE', *, *, #1058, .F. ) ;
#5211 = VECTOR ( 'NONE', #837, 999.9999999999998863 ) ;
#5212 = CARTESIAN_POINT ( 'NONE',  ( 15.29091159908298891, 14.21692477204116045, 47.50000000000000000 ) ) ;
#5213 = DIRECTION ( 'NONE',  ( -1.000000000000000000, 0.000000000000000000, 0.000000000000000000 ) ) ;
#5214 = DIRECTION ( 'NONE',  ( -1.000000000000000000, 0.000000000000000000, 0.000000000000000000 ) ) ;
#5215 = CARTESIAN_POINT ( 'NONE',  ( -17.79999999999897753, -15.50000000000102141, 46.00000000000000000 ) ) ;
#5216 = DIRECTION ( 'NONE',  ( 1.000000000000000000, 0.000000000000000000, 0.000000000000000000 ) ) ;
#5217 = SURFACE_SIDE_STYLE ('',( #2581 ) ) ;
#5218 = DIRECTION ( 'NONE',  ( -0.000000000000000000, -0.000000000000000000, -1.000000000000000000 ) ) ;
#5219 = AXIS2_PLACEMENT_3D ( 'NONE', #4153, #8175, #3549 ) ;
#5220 = CIRCLE ( 'NONE', #3073, 2.500000000000000000 ) ;
#5221 = SURFACE_SIDE_STYLE ('',( #2055 ) ) ;
#5222 = VECTOR ( 'NONE', #126, 1000.000000000000000 ) ;
#5223 = DIRECTION ( 'NONE',  ( 1.000000000000000000, 0.000000000000000000, 0.000000000000000000 ) ) ;
#5224 = EDGE_LOOP ( 'NONE', ( #7230, #5508, #1314, #1100 ) ) ;
#5225 = ORIENTED_EDGE ( 'NONE', *, *, #9333, .F. ) ;
#5226 = ADVANCED_FACE ( 'NONE', ( #3404 ), #6656, .T. ) ;
#5227 = CARTESIAN_POINT ( 'NONE',  ( -15.94640676939209456, 15.92449465477564097, 47.50000000000000000 ) ) ;
#5228 = DIRECTION ( 'NONE',  ( 0.000000000000000000, -0.000000000000000000, 1.000000000000000000 ) ) ;
#5229 = DIRECTION ( 'NONE',  ( 1.000000000000000000, 0.000000000000000000, 0.000000000000000000 ) ) ;
#5230 = CIRCLE ( 'NONE', #8657, 2.999999999999999112 ) ;
#5231 = DIRECTION ( 'NONE',  ( -0.000000000000000000, -0.000000000000000000, 1.000000000000000000 ) ) ;
#5232 = CARTESIAN_POINT ( 'NONE',  ( 0.000000000000000000, 0.000000000000000000, 48.00000000000000000 ) ) ;
#5233 = CARTESIAN_POINT ( 'NONE',  ( -15.07550534522247254, -16.74685775593399484, 47.50000000000000000 ) ) ;
#5234 = VECTOR ( 'NONE', #2109, 1000.000000000000114 ) ;
#5235 = CARTESIAN_POINT ( 'NONE',  ( -16.78307522795909890, 15.70908840091624015, 47.50000000000000000 ) ) ;
#5236 = ORIENTED_EDGE ( 'NONE', *, *, #4842, .T. ) ;
#5237 = VERTEX_POINT ( 'NONE', #3348 ) ;
#5238 = AXIS2_PLACEMENT_3D ( 'NONE', #1655, #5573, #2520 ) ;
#5239 = SURFACE_SIDE_STYLE ('',( #9088 ) ) ;
#5240 = EDGE_CURVE ( 'NONE', #3241, #5091, #9003, .T. ) ;
#5241 = DIRECTION ( 'NONE',  ( -1.000000000000000000, 4.086561412391466966E-15, 0.000000000000000000 ) ) ;
#5242 = VECTOR ( 'NONE', #6751, 1000.000000000000000 ) ;
#5243 = SURFACE_SIDE_STYLE ('',( #1323 ) ) ;
#5244 = COLOUR_RGB ( '',0.2509803921568627416, 0.2509803921568627416, 0.2509803921568627416 ) ;
#5245 = ADVANCED_FACE ( 'NONE', ( #4112 ), #5728, .T. ) ;
#5246 = ORIENTED_EDGE ( 'NONE', *, *, #1199, .T. ) ;
#5247 = VERTEX_POINT ( 'NONE', #238 ) ;
#5248 = SURFACE_STYLE_USAGE ( .BOTH. , #2245 ) ;
#5249 = ADVANCED_FACE ( 'NONE', ( #6556 ), #2634, .F. ) ;
#5250 = ORIENTED_EDGE ( 'NONE', *, *, #1398, .T. ) ;
#5251 = PRESENTATION_LAYER_ASSIGNMENT (  '', '', ( #5742 ) ) ;
#5252 = CYLINDRICAL_SURFACE ( 'NONE', #9404, 1.249999999999999334 ) ;
#5253 = PRESENTATION_LAYER_ASSIGNMENT (  '', '', ( #1152 ) ) ;
#5254 = CARTESIAN_POINT ( 'NONE',  ( 18.79644660940664380, 18.79644660940677525, 48.00000000000000000 ) ) ;
#5255 = EDGE_CURVE ( 'NONE', #2489, #9215, #8137, .T. ) ;
#5256 = DIRECTION ( 'NONE',  ( -1.000000000000000000, 0.000000000000000000, 0.000000000000000000 ) ) ;
#5257 = FACE_OUTER_BOUND ( 'NONE', #5337, .T. ) ;
#5258 = DIRECTION ( 'NONE',  ( 1.000000000000000000, 0.000000000000000000, 0.000000000000000000 ) ) ;
#5259 = VECTOR ( 'NONE', #2635, 1000.000000000000000 ) ;
#5260 = VECTOR ( 'NONE', #2029, 1000.000000000000000 ) ;
#5261 = EDGE_LOOP ( 'NONE', ( #9978, #3360, #6338 ) ) ;
#5262 = AXIS2_PLACEMENT_3D ( 'NONE', #3343, #822, #2516 ) ;
#5263 = EDGE_LOOP ( 'NONE', ( #8503, #8534, #1904, #6336 ) ) ;
#5264 = CARTESIAN_POINT ( 'NONE',  ( -15.94640676939209456, 14.15069333393197404, 46.50000000000000000 ) ) ;
#5265 = VERTEX_POINT ( 'NONE', #6609 ) ;
#5266 = UNCERTAINTY_MEASURE_WITH_UNIT (LENGTH_MEASURE( 1.000000000000000082E-05 ), #5900, 'distance_accuracy_value', 'NONE');
#5267 = CARTESIAN_POINT ( 'NONE',  ( 14.15069333393202911, 15.94640676939204305, 47.49262389544717422 ) ) ;
#5268 = SURFACE_SIDE_STYLE ('',( #4432 ) ) ;
#5269 = LINE ( 'NONE', #2358, #5234 ) ;
#5270 = PRESENTATION_LAYER_ASSIGNMENT (  '', '', ( #5762 ) ) ;
#5271 = COLOUR_RGB ( '',0.2509803921568627416, 0.2509803921568627416, 0.2509803921568627416 ) ;
#5272 = CARTESIAN_POINT ( 'NONE',  ( -2.799999999999999822, 0.000000000000000000, 0.000000000000000000 ) ) ;
#5273 = DIRECTION ( 'NONE',  ( -1.000000000000000000, 0.000000000000000000, 0.000000000000000000 ) ) ;
#5274 = PRESENTATION_LAYER_ASSIGNMENT (  '', '', ( #2134 ) ) ;
#5275 = ORIENTED_EDGE ( 'NONE', *, *, #6453, .F. ) ;
#5276 = ORIENTED_EDGE ( 'NONE', *, *, #3538, .T. ) ;
#5277 = UNCERTAINTY_MEASURE_WITH_UNIT (LENGTH_MEASURE( 1.000000000000000082E-05 ), #4326, 'distance_accuracy_value', 'NONE');
#5278 = CIRCLE ( 'NONE', #9684, 0.5000000000000006661 ) ;
#5279 = ORIENTED_EDGE ( 'NONE', *, *, #886, .F. ) ;
#5280 = MECHANICAL_DESIGN_GEOMETRIC_PRESENTATION_REPRESENTATION (  '', ( #151 ), #6592 ) ;
#5281 = TOROIDAL_SURFACE ( 'NONE', #655, 1.300000000000000044, 1.000000000000000000 ) ;
#5282 = CARTESIAN_POINT ( 'NONE',  ( -16.84930666606613414, -15.05359323060805998, 47.50000000000000000 ) ) ;
#5283 = FACE_OUTER_BOUND ( 'NONE', #8117, .T. ) ;
#5284 = SURFACE_STYLE_USAGE ( .BOTH. , #2069 ) ;
#5285 = VECTOR ( 'NONE', #2380, 1000.000000000000000 ) ;
#5286 = CARTESIAN_POINT ( 'NONE',  ( -15.07550534522247254, -16.76498005845856909, 47.49955985394397118 ) ) ;
#5287 = FACE_OUTER_BOUND ( 'NONE', #5141, .T. ) ;
#5288 = ORIENTED_EDGE ( 'NONE', *, *, #10064, .T. ) ;
#5289 = VERTEX_POINT ( 'NONE', #6139 ) ;
#5290 =( LENGTH_UNIT ( ) NAMED_UNIT ( * ) SI_UNIT ( .MILLI., .METRE. ) );
#5291 = AXIS2_PLACEMENT_3D ( 'NONE', #10031, #2984, #6794 ) ;
#5292 = PLANE ( 'NONE',  #7427 ) ;
#5293 = FILL_AREA_STYLE ('',( #3584 ) ) ;
#5294 = EDGE_CURVE ( 'NONE', #972, #9344, #9218, .T. ) ;
#5295 = AXIS2_PLACEMENT_3D ( 'NONE', #9767, #5863, #5080 ) ;
#5296 = ORIENTED_EDGE ( 'NONE', *, *, #2966, .T. ) ;
#5297 = ORIENTED_EDGE ( 'NONE', *, *, #2668, .F. ) ;
#5298 = ADVANCED_FACE ( 'NONE', ( #552 ), #6086, .T. ) ;
#5299 = ORIENTED_EDGE ( 'NONE', *, *, #7606, .T. ) ;
#5300 = CIRCLE ( 'NONE', #1015, 2.299999999999999822 ) ;
#5301 = DIRECTION ( 'NONE',  ( 0.000000000000000000, 0.000000000000000000, -1.000000000000000000 ) ) ;
#5302 = CARTESIAN_POINT ( 'NONE',  ( 15.50000000000101963, -15.49999999999983658, 46.00000000000000000 ) ) ;
#5303 = LINE ( 'NONE', #5149, #8429 ) ;
#5304 = EDGE_CURVE ( 'NONE', #7762, #4475, #3397, .T. ) ;
#5305 = EDGE_CURVE ( 'NONE', #8644, #4454, #1232, .T. ) ;
#5306 = FACE_OUTER_BOUND ( 'NONE', #8869, .T. ) ;
#5307 = EDGE_CURVE ( 'NONE', #671, #4864, #1663, .T. ) ;
#5308 =( NAMED_UNIT ( * ) PLANE_ANGLE_UNIT ( ) SI_UNIT ( $, .RADIAN. ) );
#5309 =( NAMED_UNIT ( * ) SI_UNIT ( $, .STERADIAN. ) SOLID_ANGLE_UNIT ( ) );
#5310 = COLOUR_RGB ( '',0.2509803921568627416, 0.2509803921568627416, 0.2509803921568627416 ) ;
#5311 = EDGE_LOOP ( 'NONE', ( #3977, #5811, #6733, #4920 ) ) ;
#5312 = VERTEX_POINT ( 'NONE', #5267 ) ;
#5313 = EDGE_CURVE ( 'NONE', #9106, #5289, #9398, .T. ) ;
#5314 = DIRECTION ( 'NONE',  ( 1.000000000000000000, 0.000000000000000000, -0.000000000000000000 ) ) ;
#5315 = EDGE_LOOP ( 'NONE', ( #1922, #9502, #732, #6840 ) ) ;
#5316 = DIRECTION ( 'NONE',  ( 0.000000000000000000, 0.000000000000000000, 1.000000000000000000 ) ) ;
#5317 = DIRECTION ( 'NONE',  ( 0.000000000000000000, 0.000000000000000000, -1.000000000000000000 ) ) ;
#5318 = LINE ( 'NONE', #6909, #1980 ) ;
#5319 = FACE_OUTER_BOUND ( 'NONE', #5124, .T. ) ;
#5320 = LINE ( 'NONE', #4434, #9410 ) ;
#5321 = CARTESIAN_POINT ( 'NONE',  ( -17.14999999999997726, 21.14999999999999858, 47.50000000000000000 ) ) ;
#5322 = COLOUR_RGB ( '',0.2509803921568627416, 0.2509803921568627416, 0.2509803921568627416 ) ;
#5323 = SURFACE_STYLE_FILL_AREA ( #7581 ) ;
#5324 = VERTEX_POINT ( 'NONE', #9982 ) ;
#5325 = ORIENTED_EDGE ( 'NONE', *, *, #7622, .F. ) ;
#5326 = ORIENTED_EDGE ( 'NONE', *, *, #3676, .F. ) ;
#5327 = DIRECTION ( 'NONE',  ( 1.000000000000000000, 0.000000000000000000, 0.000000000000000000 ) ) ;
#5328 = CARTESIAN_POINT ( 'NONE',  ( 20.65000000000000213, -16.94289321881347021, 0.5000000000000000000 ) ) ;
#5329 =( GEOMETRIC_REPRESENTATION_CONTEXT ( 3 ) GLOBAL_UNCERTAINTY_ASSIGNED_CONTEXT ( ( #8256 ) ) GLOBAL_UNIT_ASSIGNED_CONTEXT ( ( #2124, #2907, #7797 ) ) REPRESENTATION_CONTEXT ( 'NONE', 'WORKASPACE' ) );
#5330 = DIRECTION ( 'NONE',  ( -0.000000000000000000, -1.226634733346703452E-15, -1.000000000000000000 ) ) ;
#5331 = CARTESIAN_POINT ( 'NONE',  ( -1.379851512413567960, -39.15000000000000568, 41.54834905086877939 ) ) ;
#5332 = FACE_OUTER_BOUND ( 'NONE', #4262, .T. ) ;
#5333 = DIRECTION ( 'NONE',  ( -1.000000000000000000, -8.202002250481357549E-17, -0.000000000000000000 ) ) ;
#5334 = DIRECTION ( 'NONE',  ( 0.000000000000000000, -0.000000000000000000, -1.000000000000000000 ) ) ;
#5336 = ORIENTED_EDGE ( 'NONE', *, *, #8566, .F. ) ;
#5335 = AXIS2_PLACEMENT_3D ( 'NONE', #8555, #3728, #1517 ) ;
#5337 = EDGE_LOOP ( 'NONE', ( #1467, #7886, #2300 ) ) ;
#5338 = DIRECTION ( 'NONE',  ( -8.202002250481356316E-17, 1.000000000000000000, 0.000000000000000000 ) ) ;
#5339 = SURFACE_STYLE_USAGE ( .BOTH. , #9242 ) ;
#5340 = CARTESIAN_POINT ( 'NONE',  ( -17.14999999999997726, -21.15000000000000568, 10.00000000000000000 ) ) ;
#5341 = MECHANICAL_DESIGN_GEOMETRIC_PRESENTATION_REPRESENTATION (  '', ( #8296 ), #209 ) ;
#5342 = CARTESIAN_POINT ( 'NONE',  ( 16.78307522795900653, -15.85270061781651130, 47.49983667794647602 ) ) ;
#5343 = ORIENTED_EDGE ( 'NONE', *, *, #8680, .T. ) ;
#5344 = ORIENTED_EDGE ( 'NONE', *, *, #8189, .F. ) ;
#5345 = DIRECTION ( 'NONE',  ( -0.000000000000000000, 0.000000000000000000, 1.000000000000000000 ) ) ;
#5346 = CIRCLE ( 'NONE', #3534, 25.00000000000000000 ) ;
#5347 = EDGE_LOOP ( 'NONE', ( #3884, #1042, #8181, #9816 ) ) ;
#5348 = EDGE_CURVE ( 'NONE', #7443, #80, #250, .T. ) ;
#5349 = PLANE ( 'NONE',  #6939 ) ;
#5350 = CARTESIAN_POINT ( 'NONE',  ( 16.94289321881342048, 20.64999999999999858, 38.00000000000000000 ) ) ;
#5351 =( NAMED_UNIT ( * ) SI_UNIT ( $, .STERADIAN. ) SOLID_ANGLE_UNIT ( ) );
#5352 = CARTESIAN_POINT ( 'NONE',  ( 15.85270061781461237, 16.78307522795905626, 47.49983667794647602 ) ) ;
#5353 = CARTESIAN_POINT ( 'NONE',  ( -15.92449465477582748, -16.78307522795894968, 47.50000000000000000 ) ) ;
#5354 = EDGE_CURVE ( 'NONE', #1453, #9149, #4376, .T. ) ;
#5355 = LINE ( 'NONE', #2310, #9859 ) ;
#5356 = FACE_OUTER_BOUND ( 'NONE', #901, .T. ) ;
#5357 = ORIENTED_EDGE ( 'NONE', *, *, #8676, .T. ) ;
#5358 = ORIENTED_EDGE ( 'NONE', *, *, #15, .T. ) ;
#5359 = ORIENTED_EDGE ( 'NONE', *, *, #3079, .T. ) ;
#5360 = ADVANCED_FACE ( 'NONE', ( #504, #1347 ), #1290, .T. ) ;
#5361 = DIRECTION ( 'NONE',  ( 0.000000000000000000, 0.000000000000000000, 1.000000000000000000 ) ) ;
#5362 = DIRECTION ( 'NONE',  ( -0.000000000000000000, -0.000000000000000000, -1.000000000000000000 ) ) ;
#5363 = AXIS2_PLACEMENT_3D ( 'NONE', #7813, #7104, #857 ) ;
#5364 = SURFACE_SIDE_STYLE ('',( #2998 ) ) ;
#5365 = FILL_AREA_STYLE_COLOUR ( '', #593 ) ;
#5366 = EDGE_CURVE ( 'NONE', #3053, #5394, #4788, .T. ) ;
#5367 = PLANE ( 'NONE',  #5092 ) ;
#5368 = CARTESIAN_POINT ( 'NONE',  ( 15.05359323060812748, -15.92449465477574755, 46.50000000000000000 ) ) ;
#5369 = ORIENTED_EDGE ( 'NONE', *, *, #15, .F. ) ;
#5370 = AXIS2_PLACEMENT_3D ( 'NONE', #6354, #199, #884 ) ;
#5371 =( NAMED_UNIT ( * ) SI_UNIT ( $, .STERADIAN. ) SOLID_ANGLE_UNIT ( ) );
#5372 = VERTEX_POINT ( 'NONE', #864 ) ;
#5373 = EDGE_CURVE ( 'NONE', #863, #2173, #7110, .T. ) ;
#5374 = VERTEX_POINT ( 'NONE', #8489 ) ;
#5375 =( NAMED_UNIT ( * ) PLANE_ANGLE_UNIT ( ) SI_UNIT ( $, .RADIAN. ) );
#5376 = EDGE_CURVE ( 'NONE', #2708, #9106, #37, .T. ) ;
#5377 = FACE_BOUND ( 'NONE', #971, .T. ) ;
#5378 = FACE_OUTER_BOUND ( 'NONE', #3487, .T. ) ;
#5379 = ADVANCED_FACE ( 'NONE', ( #6956 ), #7726, .T. ) ;
#5380 = STYLED_ITEM ( 'NONE', ( #7113 ), #3033 ) ;
#5381 = MECHANICAL_DESIGN_GEOMETRIC_PRESENTATION_REPRESENTATION (  '', ( #9810 ), #8643 ) ;
#5382 = DIRECTION ( 'NONE',  ( -0.000000000000000000, -0.000000000000000000, -1.000000000000000000 ) ) ;
#5383 = CARTESIAN_POINT ( 'NONE',  ( -14.15069333393213746, -15.50000000000102318, 47.49878368663158312 ) ) ;
#5384 = CARTESIAN_POINT ( 'NONE',  ( 20.64999999999999858, 16.94289321881344534, 0.5000000000000004441 ) ) ;
#5385 = ORIENTED_EDGE ( 'NONE', *, *, #5674, .F. ) ;
#5386 = ORIENTED_EDGE ( 'NONE', *, *, #833, .T. ) ;
#5387 = PRESENTATION_LAYER_ASSIGNMENT (  '', '', ( #9815 ) ) ;
#5388 =( NAMED_UNIT ( * ) SI_UNIT ( $, .STERADIAN. ) SOLID_ANGLE_UNIT ( ) );
#5389 = VECTOR ( 'NONE', #9861, 1000.000000000000000 ) ;
#5390 =( NAMED_UNIT ( * ) PLANE_ANGLE_UNIT ( ) SI_UNIT ( $, .RADIAN. ) );
#5391 = SURFACE_STYLE_USAGE ( .BOTH. , #789 ) ;
#5392 = FILL_AREA_STYLE_COLOUR ( '', #7291 ) ;
#5393 = CARTESIAN_POINT ( 'NONE',  ( -16.80673604213998473, -15.05359323060805998, 47.49756013713617619 ) ) ;
#5394 = VERTEX_POINT ( 'NONE', #3807 ) ;
#5395 = ORIENTED_EDGE ( 'NONE', *, *, #4084, .F. ) ;
#5396 = FILL_AREA_STYLE_COLOUR ( '', #9523 ) ;
#5397 = EDGE_LOOP ( 'NONE', ( #2547, #2535, #1117, #264 ) ) ;
#5398 = COLOUR_RGB ( '',0.2509803921568627416, 0.2509803921568627416, 0.2509803921568627416 ) ;
#5399 =( GEOMETRIC_REPRESENTATION_CONTEXT ( 3 ) GLOBAL_UNCERTAINTY_ASSIGNED_CONTEXT ( ( #5661 ) ) GLOBAL_UNIT_ASSIGNED_CONTEXT ( ( #7915, #6037, #9113 ) ) REPRESENTATION_CONTEXT ( 'NONE', 'WORKASPACE' ) );
#5400 = DIRECTION ( 'NONE',  ( 1.000000000000000000, 0.000000000000000000, 0.000000000000000000 ) ) ;
#5401 = FILL_AREA_STYLE ('',( #2249 ) ) ;
#5402 = CARTESIAN_POINT ( 'NONE',  ( 2.799999999999999822, 3.429011037612588783E-16, 1.000000000000000000 ) ) ;
#5403 = VECTOR ( 'NONE', #4373, 1000.000000000000000 ) ;
#5404 = CARTESIAN_POINT ( 'NONE',  ( -15.49999999999897859, -15.50000000000102141, 47.50000000000000000 ) ) ;
#5405 = DIRECTION ( 'NONE',  ( 1.000000000000000000, 0.000000000000000000, -0.000000000000000000 ) ) ;
#5406 = ORIENTED_EDGE ( 'NONE', *, *, #10200, .T. ) ;
#5407 = ORIENTED_EDGE ( 'NONE', *, *, #8176, .F. ) ;
#5408 = ORIENTED_EDGE ( 'NONE', *, *, #7937, .F. ) ;
#5409 = MECHANICAL_DESIGN_GEOMETRIC_PRESENTATION_REPRESENTATION (  '', ( #4416 ), #4066 ) ;
#5410 = DIRECTION ( 'NONE',  ( 1.000000000000000000, 0.000000000000000000, -0.000000000000000000 ) ) ;
#5411 = DIRECTION ( 'NONE',  ( 0.000000000000000000, 0.000000000000000000, 1.000000000000000000 ) ) ;
#5412 = CARTESIAN_POINT ( 'NONE',  ( 16.94289321881344179, -20.65000000000000213, 38.00000000000000000 ) ) ;
#5413 = DIRECTION ( 'NONE',  ( -1.000000000000000000, 0.000000000000000000, 0.000000000000000000 ) ) ;
#5414 = VECTOR ( 'NONE', #8044, 1000.000000000000000 ) ;
#5415 = AXIS2_PLACEMENT_3D ( 'NONE', #1876, #1046, #4180 ) ;
#5416 = TOROIDAL_SURFACE ( 'NONE', #8043, 3.500000000000638600, 0.5000000000000000000 ) ;
#5417 = EDGE_CURVE ( 'NONE', #5686, #3250, #8972, .T. ) ;
#5418 = CARTESIAN_POINT ( 'NONE',  ( 0.000000000000000000, 0.000000000000000000, -1.500000000000000000 ) ) ;
#5419 = CARTESIAN_POINT ( 'NONE',  ( -15.50000000000016520, 15.49999999999897504, 46.50000000000000000 ) ) ;
#5420 = ORIENTED_EDGE ( 'NONE', *, *, #6175, .T. ) ;
#5421 = FACE_OUTER_BOUND ( 'NONE', #3022, .T. ) ;
#5422 = ORIENTED_EDGE ( 'NONE', *, *, #5803, .F. ) ;
#5423 = ADVANCED_FACE ( 'NONE', ( #9315 ), #1426, .T. ) ;
#5424 = DIRECTION ( 'NONE',  ( -0.000000000000000000, -0.000000000000000000, -1.000000000000000000 ) ) ;
#5425 = LINE ( 'NONE', #3107, #1084 ) ;
#5426 =( NAMED_UNIT ( * ) SI_UNIT ( $, .STERADIAN. ) SOLID_ANGLE_UNIT ( ) );
#5427 = VECTOR ( 'NONE', #1454, 1000.000000000000000 ) ;
#5428 = VECTOR ( 'NONE', #2217, 1000.000000000000000 ) ;
#5429 = LINE ( 'NONE', #4404, #2490 ) ;
#5430 = FILL_AREA_STYLE_COLOUR ( '', #3096 ) ;
#5431 = DIRECTION ( 'NONE',  ( 1.000000000000000000, 0.000000000000000000, 0.000000000000000000 ) ) ;
#5432 = EDGE_CURVE ( 'NONE', #3240, #1971, #813, .T. ) ;
#5433 = LINE ( 'NONE', #6153, #2235 ) ;
#5434 = EDGE_CURVE ( 'NONE', #2735, #2787, #3198, .T. ) ;
#5435 = FILL_AREA_STYLE_COLOUR ( '', #4327 ) ;
#5436 = VECTOR ( 'NONE', #3285, 1000.000000000000000 ) ;
#5437 = DIRECTION ( 'NONE',  ( 1.000000000000000000, 0.000000000000000000, 0.000000000000000000 ) ) ;
#5438 = VERTEX_POINT ( 'NONE', #9421 ) ;
#5439 = CARTESIAN_POINT ( 'NONE',  ( -16.94289321881343469, -20.65000000000000568, 47.50000000000000000 ) ) ;
#5440 = ORIENTED_EDGE ( 'NONE', *, *, #9006, .F. ) ;
#5441 = EDGE_CURVE ( 'NONE', #7594, #10055, #10135, .T. ) ;
#5442 = CARTESIAN_POINT ( 'NONE',  ( -15.50000000000016520, 15.49999999999897504, 47.50000000000000000 ) ) ;
#5443 = COLOUR_RGB ( '',0.2509803921568627416, 0.2509803921568627416, 0.2509803921568627416 ) ;
#5444 = COLOUR_RGB ( '',0.2509803921568627416, 0.2509803921568627416, 0.2509803921568627416 ) ;
#5445 = FILL_AREA_STYLE_COLOUR ( '', #6051 ) ;
#5446 = DIRECTION ( 'NONE',  ( -1.000000000000000000, 0.000000000000000000, 0.000000000000000000 ) ) ;
#5447 = CARTESIAN_POINT ( 'NONE',  ( -17.14999999999997726, -21.15000000000000568, 0.5000000000000004441 ) ) ;
#5448 = ORIENTED_EDGE ( 'NONE', *, *, #8803, .T. ) ;
#5450 = VERTEX_POINT ( 'NONE', #1591 ) ;
#5449 =( GEOMETRIC_REPRESENTATION_CONTEXT ( 3 ) GLOBAL_UNCERTAINTY_ASSIGNED_CONTEXT ( ( #6372 ) ) GLOBAL_UNIT_ASSIGNED_CONTEXT ( ( #6393, #9318, #1066 ) ) REPRESENTATION_CONTEXT ( 'NONE', 'WORKASPACE' ) );
#5451 =( NAMED_UNIT ( * ) PLANE_ANGLE_UNIT ( ) SI_UNIT ( $, .RADIAN. ) );
#5452 = ORIENTED_EDGE ( 'NONE', *, *, #9339, .T. ) ;
#5453 = DIRECTION ( 'NONE',  ( -0.7071067811865545671, -0.7071067811865405783, -0.000000000000000000 ) ) ;
#5454 = FACE_OUTER_BOUND ( 'NONE', #3518, .T. ) ;
#5455 = FILL_AREA_STYLE ('',( #2308 ) ) ;
#5456 = CARTESIAN_POINT ( 'NONE',  ( 21.16000000000000014, 13.31369220013742272, 5.999999999999998224 ) ) ;
#5457 = CARTESIAN_POINT ( 'NONE',  ( 16.94289321881345600, 20.64999999999999858, 0.000000000000000000 ) ) ;
#5458 = ORIENTED_EDGE ( 'NONE', *, *, #4660, .F. ) ;
#5459 = ORIENTED_EDGE ( 'NONE', *, *, #3284, .T. ) ;
#5460 = FACE_OUTER_BOUND ( 'NONE', #9547, .T. ) ;
#5461 = VERTEX_POINT ( 'NONE', #3091 ) ;
#5462 = UNCERTAINTY_MEASURE_WITH_UNIT (LENGTH_MEASURE( 1.000000000000000082E-05 ), #2845, 'distance_accuracy_value', 'NONE');
#5463 = TOROIDAL_SURFACE ( 'NONE', #8411, 4.000000000000000000, 0.5000000000000000000 ) ;
#5464 =( NAMED_UNIT ( * ) PLANE_ANGLE_UNIT ( ) SI_UNIT ( $, .RADIAN. ) );
#5465 = VECTOR ( 'NONE', #3028, 1000.000000000000000 ) ;
#5466 = DIRECTION ( 'NONE',  ( 0.000000000000000000, 0.000000000000000000, -1.000000000000000000 ) ) ;
#5467 = LINE ( 'NONE', #138, #7933 ) ;
#5468 = B_SPLINE_CURVE_WITH_KNOTS ( 'NONE', 3,
 ( #1091, #4225, #311, #3470 ),
 .UNSPECIFIED., .F., .F.,
 ( 4, 4 ),
 ( 0.0004464067693919874526, 0.0008928135387838587872 ),
 .UNSPECIFIED. ) ;
#5469 = PRESENTATION_LAYER_ASSIGNMENT (  '', '', ( #8416 ) ) ;
#5470 = CARTESIAN_POINT ( 'NONE',  ( -15.07550534522246011, -14.27125906389359322, 47.50000000000000000 ) ) ;
#5471 = CARTESIAN_POINT ( 'NONE',  ( 16.94289321881344179, -20.65000000000000213, 38.00000000000000000 ) ) ;
#5472 = LINE ( 'NONE', #4746, #2430 ) ;
#5473 = ORIENTED_EDGE ( 'NONE', *, *, #66, .F. ) ;
#5474 =( NAMED_UNIT ( * ) SI_UNIT ( $, .STERADIAN. ) SOLID_ANGLE_UNIT ( ) );
#5475 = PLANE ( 'NONE',  #3231 ) ;
#5476 = FACE_OUTER_BOUND ( 'NONE', #442, .T. ) ;
#5477 = CIRCLE ( 'NONE', #6793, 0.5000000000000004441 ) ;
#5478 = SURFACE_STYLE_USAGE ( .BOTH. , #2276 ) ;
#5479 = ADVANCED_FACE ( 'NONE', ( #8585 ), #4683, .T. ) ;
#5480 =( NAMED_UNIT ( * ) SI_UNIT ( $, .STERADIAN. ) SOLID_ANGLE_UNIT ( ) );
#5481 = FACE_OUTER_BOUND ( 'NONE', #4425, .T. ) ;
#5482 = PLANE ( 'NONE',  #953 ) ;
#5483 = PRESENTATION_LAYER_ASSIGNMENT (  '', '', ( #4141 ) ) ;
#5484 = DIRECTION ( 'NONE',  ( -7.771940727241890328E-15, -1.000000000000000000, 0.000000000000000000 ) ) ;
#5485 = EDGE_CURVE ( 'NONE', #4832, #3332, #8334, .T. ) ;
#5486 =( NAMED_UNIT ( * ) SI_UNIT ( $, .STERADIAN. ) SOLID_ANGLE_UNIT ( ) );
#5487 = VERTEX_POINT ( 'NONE', #7873 ) ;
#5488 = DIRECTION ( 'NONE',  ( 0.7071067811865462405, -0.7071067811865489050, -0.000000000000000000 ) ) ;
#5489 = VERTEX_POINT ( 'NONE', #6339 ) ;
#5490 = AXIS2_PLACEMENT_3D ( 'NONE', #5594, #7805, #5446 ) ;
#5491 = EDGE_CURVE ( 'NONE', #760, #5984, #5220, .T. ) ;
#5492 = EDGE_CURVE ( 'NONE', #7517, #7096, #8807, .T. ) ;
#5493 = EDGE_CURVE ( 'NONE', #2195, #7020, #10137, .T. ) ;
#5494 = CARTESIAN_POINT ( 'NONE',  ( 14.24999999999983835, 15.50000000000015987, 4.500000000000000888 ) ) ;
#5495 = CARTESIAN_POINT ( 'NONE',  ( -18.79644660940671486, -18.79644660940671486, 0.5000000000000000000 ) ) ;
#5496 = DIRECTION ( 'NONE',  ( 1.000000000000000000, 0.000000000000000000, -0.000000000000000000 ) ) ;
#5497 = VERTEX_POINT ( 'NONE', #7400 ) ;
#5498 = ORIENTED_EDGE ( 'NONE', *, *, #496, .T. ) ;
#5499 = ORIENTED_EDGE ( 'NONE', *, *, #3233, .F. ) ;
#5500 = ADVANCED_FACE ( 'NONE', ( #5079 ), #6679, .T. ) ;
#5501 = DIRECTION ( 'NONE',  ( 0.000000000000000000, 0.000000000000000000, 1.000000000000000000 ) ) ;
#5502 =( LENGTH_UNIT ( ) NAMED_UNIT ( * ) SI_UNIT ( .MILLI., .METRE. ) );
#5503 = CARTESIAN_POINT ( 'NONE',  ( 15.05359323060812748, -15.92449465477574755, 46.50000000000000000 ) ) ;
#5504 = CARTESIAN_POINT ( 'NONE',  ( -16.94289321881343469, -21.15000000000000568, 38.00000000000000000 ) ) ;
#5505 = ADVANCED_FACE ( 'NONE', ( #1830 ), #1209, .T. ) ;
#5506 = DIRECTION ( 'NONE',  ( -1.000000000000000000, 0.000000000000000000, 0.000000000000000000 ) ) ;
#5507 = AXIS2_PLACEMENT_3D ( 'NONE', #9805, #7395, #9853 ) ;
#5508 = ORIENTED_EDGE ( 'NONE', *, *, #4484, .F. ) ;
#5509 = ORIENTED_EDGE ( 'NONE', *, *, #4081, .T. ) ;
#5510 = DIRECTION ( 'NONE',  ( -1.000000000000000000, 0.000000000000000000, 0.000000000000000000 ) ) ;
#5511 = ORIENTED_EDGE ( 'NONE', *, *, #3947, .F. ) ;
#5512 = DIRECTION ( 'NONE',  ( 1.000000000000000000, 0.000000000000000000, 0.000000000000000000 ) ) ;
#5513 = CARTESIAN_POINT ( 'NONE',  ( -15.78089184510068854, -14.21692477204105565, 47.50000000000000000 ) ) ;
#5514 = DIRECTION ( 'NONE',  ( -1.000000000000000000, 0.000000000000000000, 0.000000000000000000 ) ) ;
#5515 = STYLED_ITEM ( 'NONE', ( #4859 ), #9054 ) ;
#5516 = DIRECTION ( 'NONE',  ( 1.224646799147353207E-16, 1.000000000000000000, -0.000000000000000000 ) ) ;
#5517 = CARTESIAN_POINT ( 'NONE',  ( 0.000000000000000000, -19.15000000000000568, 40.95372187942375319 ) ) ;
#5518 =( LENGTH_UNIT ( ) NAMED_UNIT ( * ) SI_UNIT ( .MILLI., .METRE. ) );
#5519 = ORIENTED_EDGE ( 'NONE', *, *, #8872, .F. ) ;
#5520 = VERTEX_POINT ( 'NONE', #5812 ) ;
#5521 =( LENGTH_UNIT ( ) NAMED_UNIT ( * ) SI_UNIT ( .MILLI., .METRE. ) );
#5522 = DIRECTION ( 'NONE',  ( -0.000000000000000000, -0.000000000000000000, -1.000000000000000000 ) ) ;
#5523 = DIRECTION ( 'NONE',  ( -0.000000000000000000, -0.000000000000000000, 1.000000000000000000 ) ) ;
#5524 = VECTOR ( 'NONE', #7447, 1000.000000000000000 ) ;
#5525 = CARTESIAN_POINT ( 'NONE',  ( -15.05359323060823584, 15.07550534522231089, 47.50000000000000000 ) ) ;
#5526 = FACE_BOUND ( 'NONE', #1590, .T. ) ;
#5527 = SURFACE_SIDE_STYLE ('',( #2428 ) ) ;
#5528 = CARTESIAN_POINT ( 'NONE',  ( 15.07550534522235530, 16.78307522795905982, 46.50000000000000000 ) ) ;
#5529 = AXIS2_PLACEMENT_3D ( 'NONE', #3060, #4697, #9286 ) ;
#5530 = VECTOR ( 'NONE', #4803, 999.9999999999998863 ) ;
#5531 = SURFACE_STYLE_USAGE ( .BOTH. , #1758 ) ;
#5532 = EDGE_CURVE ( 'NONE', #1493, #8156, #9948, .T. ) ;
#5533 = CYLINDRICAL_SURFACE ( 'NONE', #8948, 0.5000000000000004441 ) ;
#5534 = ORIENTED_EDGE ( 'NONE', *, *, #2133, .T. ) ;
#5535 = AXIS2_PLACEMENT_3D ( 'NONE', #1910, #9589, #4053 ) ;
#5536 = DIRECTION ( 'NONE',  ( 1.000000000000000000, -1.125454765811127555E-14, 0.000000000000000000 ) ) ;
#5537 = ORIENTED_EDGE ( 'NONE', *, *, #5934, .T. ) ;
#5538 = DIRECTION ( 'NONE',  ( 0.000000000000000000, -0.000000000000000000, -1.000000000000000000 ) ) ;
#5539 = CIRCLE ( 'NONE', #9965, 1.299999999999999156 ) ;
#5540 = COLOUR_RGB ( '',0.2509803921568627416, 0.2509803921568627416, 0.2509803921568627416 ) ;
#5541 = PRESENTATION_STYLE_ASSIGNMENT (( #5391 ) ) ;
#5542 = CARTESIAN_POINT ( 'NONE',  ( 15.07550534522235530, 16.78307522795905982, 46.50000000000000000 ) ) ;
#5543 = CARTESIAN_POINT ( 'NONE',  ( 15.50000000000101963, -15.49999999999983658, 47.50000000000000000 ) ) ;
#5544 = PRESENTATION_LAYER_ASSIGNMENT (  '', '', ( #9972 ) ) ;
#5545 = VERTEX_POINT ( 'NONE', #9765 ) ;
#5546 = MECHANICAL_DESIGN_GEOMETRIC_PRESENTATION_REPRESENTATION (  '', ( #2755 ), #596 ) ;
#5547 = UNCERTAINTY_MEASURE_WITH_UNIT (LENGTH_MEASURE( 1.000000000000000082E-05 ), #6268, 'distance_accuracy_value', 'NONE');
#5548 = VERTEX_POINT ( 'NONE', #4977 ) ;
#5549 = EDGE_CURVE ( 'NONE', #403, #351, #8923, .T. ) ;
#5550 = LINE ( 'NONE', #749, #4882 ) ;
#5551 = DIRECTION ( 'NONE',  ( -0.000000000000000000, -0.000000000000000000, 1.000000000000000000 ) ) ;
#5552 = AXIS2_PLACEMENT_3D ( 'NONE', #691, #260, #4069 ) ;
#5553 = FACE_OUTER_BOUND ( 'NONE', #8426, .T. ) ;
#5554 = EDGE_CURVE ( 'NONE', #9420, #2632, #1882, .T. ) ;
#5555 = DIRECTION ( 'NONE',  ( 0.000000000000000000, -1.000000000000000000, 0.000000000000000000 ) ) ;
#5556 = ADVANCED_FACE ( 'NONE', ( #5022 ), #5918, .F. ) ;
#5557 = ORIENTED_EDGE ( 'NONE', *, *, #7669, .F. ) ;
#5558 = ORIENTED_EDGE ( 'NONE', *, *, #7771, .F. ) ;
#5559 =( NAMED_UNIT ( * ) PLANE_ANGLE_UNIT ( ) SI_UNIT ( $, .RADIAN. ) );
#5560 = VECTOR ( 'NONE', #9254, 1000.000000000000000 ) ;
#5561 = ORIENTED_EDGE ( 'NONE', *, *, #4978, .T. ) ;
#5562 = DIRECTION ( 'NONE',  ( 0.000000000000000000, 0.000000000000000000, 1.000000000000000000 ) ) ;
#5563 = EDGE_CURVE ( 'NONE', #4964, #3145, #576, .T. ) ;
#5564 =( NAMED_UNIT ( * ) SI_UNIT ( $, .STERADIAN. ) SOLID_ANGLE_UNIT ( ) );
#5565 = DIRECTION ( 'NONE',  ( -1.000000000000000000, -1.036685115958539503E-14, 0.000000000000000000 ) ) ;
#5566 = MECHANICAL_DESIGN_GEOMETRIC_PRESENTATION_REPRESENTATION (  '', ( #4059 ), #9992 ) ;
#5567 = DIRECTION ( 'NONE',  ( -0.000000000000000000, -0.000000000000000000, 1.000000000000000000 ) ) ;
#5568 = COLOUR_RGB ( '',0.2509803921568627416, 0.2509803921568627416, 0.2509803921568627416 ) ;
#5569 = STYLED_ITEM ( 'NONE', ( #10059 ), #2599 ) ;
#5570 = CARTESIAN_POINT ( 'NONE',  ( 0.000000000000000000, 0.000000000000000000, 0.000000000000000000 ) ) ;
#5571 = CIRCLE ( 'NONE', #5744, 1.249999999999997558 ) ;
#5572 = ORIENTED_EDGE ( 'NONE', *, *, #1391, .F. ) ;
#5573 = DIRECTION ( 'NONE',  ( 0.000000000000000000, 0.000000000000000000, 1.000000000000000000 ) ) ;
#5574 = ORIENTED_EDGE ( 'NONE', *, *, #225, .T. ) ;
#5575 = DIRECTION ( 'NONE',  ( 1.000000000000000000, 0.000000000000000000, 0.000000000000000000 ) ) ;
#5576 = DIRECTION ( 'NONE',  ( 0.000000000000000000, 0.000000000000000000, -1.000000000000000000 ) ) ;
#5577 = PLANE ( 'NONE',  #3388 ) ;
#5578 = DIRECTION ( 'NONE',  ( 0.000000000000000000, 0.000000000000000000, 1.000000000000000000 ) ) ;
#5579 = MECHANICAL_DESIGN_GEOMETRIC_PRESENTATION_REPRESENTATION (  '', ( #3592 ), #2435 ) ;
#5580 = VECTOR ( 'NONE', #9145, 1000.000000000000000 ) ;
#5581 = AXIS2_PLACEMENT_3D ( 'NONE', #8522, #3131, #3077 ) ;
#5582 = CARTESIAN_POINT ( 'NONE',  ( 20.64999999999999858, 16.94289321881344534, 0.5000000000000000000 ) ) ;
#5583 = LINE ( 'NONE', #5794, #3067 ) ;
#5584 = CIRCLE ( 'NONE', #3278, 1.000000000000000888 ) ;
#5585 = PRESENTATION_STYLE_ASSIGNMENT (( #5531 ) ) ;
#5586 = CARTESIAN_POINT ( 'NONE',  ( 15.05359323060813459, -15.07550534522241925, 46.50000000000000000 ) ) ;
#5587 = ORIENTED_EDGE ( 'NONE', *, *, #9778, .T. ) ;
#5588 = DIRECTION ( 'NONE',  ( 0.000000000000000000, 0.000000000000000000, 1.000000000000000000 ) ) ;
#5589 =( GEOMETRIC_REPRESENTATION_CONTEXT ( 3 ) GLOBAL_UNCERTAINTY_ASSIGNED_CONTEXT ( ( #9675 ) ) GLOBAL_UNIT_ASSIGNED_CONTEXT ( ( #5521, #7072, #1798 ) ) REPRESENTATION_CONTEXT ( 'NONE', 'WORKASPACE' ) );
#5590 = VERTEX_POINT ( 'NONE', #5859 ) ;
#5591 = CARTESIAN_POINT ( 'NONE',  ( 1.379851512413564629, -39.15000000000000568, 40.96955165395432630 ) ) ;
#5592 = DIRECTION ( 'NONE',  ( 4.146740463834175526E-15, 1.000000000000000000, -0.000000000000000000 ) ) ;
#5593 = DIRECTION ( 'NONE',  ( 1.000000000000000000, 8.202002250481357549E-17, 0.000000000000000000 ) ) ;
#5594 = CARTESIAN_POINT ( 'NONE',  ( -15.49999999999994316, -15.50000000000004974, -2.266821225221747863E-17 ) ) ;
#5595 = VECTOR ( 'NONE', #5555, 1000.000000000000000 ) ;
#5596 = CONICAL_SURFACE ( 'NONE', #808, 1.249999999999997558, 1.029744258676653201 ) ;
#5597 = CARTESIAN_POINT ( 'NONE',  ( -16.94289321881342403, -20.65000000000000568, 0.000000000000000000 ) ) ;
#5598 = ORIENTED_EDGE ( 'NONE', *, *, #9594, .T. ) ;
#5599 = VERTEX_POINT ( 'NONE', #8973 ) ;
#5600 = SURFACE_STYLE_USAGE ( .BOTH. , #24 ) ;
#5601 = PRESENTATION_LAYER_ASSIGNMENT (  '', '', ( #2639 ) ) ;
#5602 = VECTOR ( 'NONE', #7728, 1000.000000000000000 ) ;
#5603 = MECHANICAL_DESIGN_GEOMETRIC_PRESENTATION_REPRESENTATION (  '', ( #8864 ), #10198 ) ;
#5604 =( NAMED_UNIT ( * ) PLANE_ANGLE_UNIT ( ) SI_UNIT ( $, .RADIAN. ) );
#5605 = DIRECTION ( 'NONE',  ( -0.000000000000000000, -0.000000000000000000, 1.000000000000000000 ) ) ;
#5606 = EDGE_CURVE ( 'NONE', #7657, #3148, #2150, .T. ) ;
#5607 = DIRECTION ( 'NONE',  ( -0.8571673007021120005, 0.000000000000000000, -0.5150380749100547106 ) ) ;
#5608 = LINE ( 'NONE', #8774, #2753 ) ;
#5609 = LINE ( 'NONE', #1635, #1146 ) ;
#5610 = VECTOR ( 'NONE', #1380, 1000.000000000000000 ) ;
#5611 = EDGE_CURVE ( 'NONE', #7648, #2735, #8873, .T. ) ;
#5612 = VERTEX_POINT ( 'NONE', #8273 ) ;
#5613 = ORIENTED_EDGE ( 'NONE', *, *, #386, .F. ) ;
#5614 = FACE_OUTER_BOUND ( 'NONE', #5964, .T. ) ;
#5615 = ORIENTED_EDGE ( 'NONE', *, *, #3601, .T. ) ;
#5616 = ADVANCED_FACE ( 'NONE', ( #7492 ), #1730, .T. ) ;
#5617 = LINE ( 'NONE', #8737, #1815 ) ;
#5618 = EDGE_CURVE ( 'NONE', #9617, #5548, #6019, .T. ) ;
#5619 = LINE ( 'NONE', #1500, #8097 ) ;
#5620 = ADVANCED_FACE ( 'NONE', ( #633 ), #6832, .F. ) ;
#5621 = CARTESIAN_POINT ( 'NONE',  ( 16.94289321881345955, 20.64999999999999858, 0.5000000000000000000 ) ) ;
#5622 = FILL_AREA_STYLE ('',( #869 ) ) ;
#5623 = EDGE_CURVE ( 'NONE', #8757, #8644, #8786, .T. ) ;
#5624 = FILL_AREA_STYLE ('',( #9532 ) ) ;
#5625 = MECHANICAL_DESIGN_GEOMETRIC_PRESENTATION_REPRESENTATION (  '', ( #2161 ), #6937 ) ;
#5626 = VERTEX_POINT ( 'NONE', #2967 ) ;
#5627 = VECTOR ( 'NONE', #5827, 1000.000000000000114 ) ;
#5628 = ORIENTED_EDGE ( 'NONE', *, *, #7991, .T. ) ;
#5629 = DIRECTION ( 'NONE',  ( 0.000000000000000000, 0.000000000000000000, 1.000000000000000000 ) ) ;
#5630 = CARTESIAN_POINT ( 'NONE',  ( -15.49999999999999645, 15.50000000000000000, 0.000000000000000000 ) ) ;
#5631 = CARTESIAN_POINT ( 'NONE',  ( 14.23619328529395567, 15.94640676939204305, 47.50000000000000000 ) ) ;
#5632 = CARTESIAN_POINT ( 'NONE',  ( -11.99999999999923617, 15.49999999999897504, 47.50000000000000000 ) ) ;
#5633 = COLOUR_RGB ( '',0.2509803921568627416, 0.2509803921568627416, 0.2509803921568627416 ) ;
#5634 = DIRECTION ( 'NONE',  ( -0.000000000000000000, -0.000000000000000000, 1.000000000000000000 ) ) ;
#5635 = EDGE_CURVE ( 'NONE', #5638, #5687, #2913, .T. ) ;
#5636 = CARTESIAN_POINT ( 'NONE',  ( -16.84930666606613414, -15.05359323060805998, 46.50000000000000000 ) ) ;
#5637 = DIRECTION ( 'NONE',  ( 1.000000000000000000, 0.000000000000000000, 0.000000000000000000 ) ) ;
#5638 = VERTEX_POINT ( 'NONE', #6060 ) ;
#5639 = AXIS2_PLACEMENT_3D ( 'NONE', #4687, #7780, #9424 ) ;
#5640 = ORIENTED_EDGE ( 'NONE', *, *, #2725, .F. ) ;
#5641 = LINE ( 'NONE', #7902, #5198 ) ;
#5642 = FACE_OUTER_BOUND ( 'NONE', #2089, .T. ) ;
#5643 = DIRECTION ( 'NONE',  ( -1.000000000000000000, -0.000000000000000000, -0.000000000000000000 ) ) ;
#5644 = CARTESIAN_POINT ( 'NONE',  ( 21.14999999999999858, 13.32957238623956009, 99.84951795962939514 ) ) ;
#5645 = DIRECTION ( 'NONE',  ( 0.000000000000000000, 0.000000000000000000, 1.000000000000000000 ) ) ;
#5646 = AXIS2_PLACEMENT_3D ( 'NONE', #2239, #8564, #2441 ) ;
#5647 = ORIENTED_EDGE ( 'NONE', *, *, #4013, .T. ) ;
#5648 = UNCERTAINTY_MEASURE_WITH_UNIT (LENGTH_MEASURE( 1.000000000000000082E-05 ), #140, 'distance_accuracy_value', 'NONE');
#5649 = ORIENTED_EDGE ( 'NONE', *, *, #6249, .T. ) ;
#5650 = DIRECTION ( 'NONE',  ( 1.000000000000000000, 0.000000000000000000, -0.000000000000000000 ) ) ;
#5651 = LINE ( 'NONE', #952, #3733 ) ;
#5652 = CARTESIAN_POINT ( 'NONE',  ( 1.379851512413567960, -19.15000000000000568, 42.95165094913121351 ) ) ;
#5653 = CYLINDRICAL_SURFACE ( 'NONE', #237, 1.249999999999997558 ) ;
#5654 = CARTESIAN_POINT ( 'NONE',  ( 14.15069333393202555, 15.05359323060818433, 47.49262389544717422 ) ) ;
#5655 = ORIENTED_EDGE ( 'NONE', *, *, #3546, .F. ) ;
#5656 = EDGE_LOOP ( 'NONE', ( #7951, #8888, #709, #7592 ) ) ;
#5657 = EDGE_CURVE ( 'NONE', #1369, #2103, #9189, .T. ) ;
#5658 = CARTESIAN_POINT ( 'NONE',  ( 15.49999999999983658, 15.50000000000015987, 48.00000000000000000 ) ) ;
#5659 = AXIS2_PLACEMENT_3D ( 'NONE', #5795, #8908, #3356 ) ;
#5660 = ORIENTED_EDGE ( 'NONE', *, *, #4348, .F. ) ;
#5661 = UNCERTAINTY_MEASURE_WITH_UNIT (LENGTH_MEASURE( 1.000000000000000082E-05 ), #7915, 'distance_accuracy_value', 'NONE');
#5662 = DIRECTION ( 'NONE',  ( 1.021640353097896087E-14, 1.000000000000000000, 0.000000000000000000 ) ) ;
#5663 = CARTESIAN_POINT ( 'NONE',  ( -21.00355339059326809, -17.29644660940671486, 38.00000000000000000 ) ) ;
#5664 = DIRECTION ( 'NONE',  ( 8.173122824782951287E-15, 1.000000000000000000, 0.000000000000000000 ) ) ;
#5665 = VECTOR ( 'NONE', #400, 1000.000000000000000 ) ;
#5666 = SURFACE_STYLE_USAGE ( .BOTH. , #6499 ) ;
#5667 = SURFACE_STYLE_USAGE ( .BOTH. , #4049 ) ;
#5668 = VERTEX_POINT ( 'NONE', #7756 ) ;
#5669 = DIRECTION ( 'NONE',  ( 1.000000000000000000, 0.000000000000000000, 0.000000000000000000 ) ) ;
#5670 = VERTEX_POINT ( 'NONE', #9241 ) ;
#5671 = DIRECTION ( 'NONE',  ( 0.7071067811865510144, -0.7071067811865441310, 0.000000000000000000 ) ) ;
#5672 = CARTESIAN_POINT ( 'NONE',  ( 0.000000000000000000, 0.000000000000000000, 5.999999999999998224 ) ) ;
#5673 = SURFACE_STYLE_USAGE ( .BOTH. , #7223 ) ;
#5674 = EDGE_CURVE ( 'NONE', #4229, #7155, #689, .T. ) ;
#5675 = SURFACE_SIDE_STYLE ('',( #776 ) ) ;
#5676 = DIRECTION ( 'NONE',  ( -1.000000000000000000, 0.000000000000000000, 0.000000000000000000 ) ) ;
#5677 = DIRECTION ( 'NONE',  ( -0.000000000000000000, -0.000000000000000000, -1.000000000000000000 ) ) ;
#5678 = VECTOR ( 'NONE', #7799, 1000.000000000000000 ) ;
#5679 = LINE ( 'NONE', #4012, #6650 ) ;
#5680 = EDGE_CURVE ( 'NONE', #4492, #9149, #6980, .T. ) ;
#5681 =( LENGTH_UNIT ( ) NAMED_UNIT ( * ) SI_UNIT ( .MILLI., .METRE. ) );
#5682 = ORIENTED_EDGE ( 'NONE', *, *, #6010, .F. ) ;
#5683 = VECTOR ( 'NONE', #8560, 1000.000000000000000 ) ;
#5684 = EDGE_CURVE ( 'NONE', #5772, #7116, #4361, .T. ) ;
#5685 = ORIENTED_EDGE ( 'NONE', *, *, #4026, .F. ) ;
#5686 = VERTEX_POINT ( 'NONE', #8610 ) ;
#5687 = VERTEX_POINT ( 'NONE', #7035 ) ;
#5688 = CARTESIAN_POINT ( 'NONE',  ( -14.15069333393213213, -15.05359323060808840, 46.50000000000000000 ) ) ;
#5689 = EDGE_CURVE ( 'NONE', #6622, #9095, #3862, .T. ) ;
#5690 = PRESENTATION_STYLE_ASSIGNMENT (( #5745 ) ) ;
#5691 = CIRCLE ( 'NONE', #100, 1.299999999999999156 ) ;
#5692 = LINE ( 'NONE', #1817, #8342 ) ;
#5693 = CARTESIAN_POINT ( 'NONE',  ( -14.21692477204121730, 15.21910815489313329, 47.50000000000000000 ) ) ;
#5694 = AXIS2_PLACEMENT_3D ( 'NONE', #7472, #5790, #1184 ) ;
#5695 = CLOSED_SHELL ( 'NONE', ( #4472, #1816, #2599, #4212, #1149, #4740, #7046, #627, #8447, #8876, #8930, #9524, #6709, #2799, #310, #4266, #5423, #5616, #42, #9640, #9824, #572, #1088, #8616, #330, #5479, #8237, #5960, #3901, #1756, #9389, #8062, #3782, #10005, #3326, #3279, #7760, #4221, #3904, #4278, #9201, #3769, #316, #2585, #9501, #450, #10080, #7436, #2021, #675, #7560, #9887, #5798, #2850, #5820, #6995, #10070, #9461, #4019, #5379, #9946, #8374, #4323, #8667, #4738, #6251, #161, #3642, #1192, #1334, #3483, #3175, #1473, #6140, #1652, #4095, #4009, #2952, #755, #4914, #6935, #1200, #6680, #1403, #5749, #8243, #9264, #7384, #2720, #8565, #4611, #5943, #4340, #5245, #7424, #6817, #6313, #2154, #3030, #1136, #5829, #800, #3542, #6504, #2153, #241, #1521, #7866, #6170, #8882, #10188, #6161, #2718, #2586, #7178, #2337, #8135, #8796, #7627, #2288, #7304, #9456, #2606, #7186, #6192, #4711, #9507, #8494, #8735, #9513, #437, #4853, #5620, #4538, #7798, #2000, #2293, #1203, #6321, #6062, #9116, #3159, #9328, #4615, #9246, #7065, #5852, #7823, #5226, #9955, #2473, #743, #10146, #6887, #9877, #9042, #8128, #992, #4924, #2844, #7995, #1085, #9703, #6379, #9437, #7944, #6119, #9054, #699, #932, #3033, #8321, #424, #8661, #5500, #9884, #8690, #7172, #821, #9200, #6819, #8310, #7884, #2531, #359, #1062, #6511, #2781, #5505, #3355, #8003, #7875, #482, #3031, #1636, #8435, #5360, #5030, #2397, #4874, #8507, #4352, #8722, #3038, #4805, #3780, #513, #1650, #9775, #9127, #8008, #8695, #3408, #3732, #3800, #6877, #9822, #7312, #6364, #3352, #9576, #8451, #5177, #247, #9768, #1456, #1201, #2128, #9067, #1247, #3673, #9444, #8368, #3943, #8792, #3725, #5556, #1838, #8131, #5249, #4789, #2476, #9322, #5178, #1632, #8816, #457, #4987, #7922, #9455, #6324, #688, #4205, #5887, #7128, #3727, #1945, #3963, #8609, #7696, #5738, #7817, #4546, #4846, #1829, #5089, #6767, #6636, #8787, #4408, #230, #3274, #3524, #4154, #5298, #4158, #4534, #1114, #1647, #1410, #6809, #6688 ) ) ;
#5696 = B_SPLINE_CURVE_WITH_KNOTS ( 'NONE', 3,
 ( #7791, #5631, #4806, #879 ),
 .UNSPECIFIED., .F., .F.,
 ( 4, 4 ),
 ( 0.000000000000000000, 0.0001285675718496969669 ),
 .UNSPECIFIED. ) ;
#5697 = SURFACE_STYLE_FILL_AREA ( #6729 ) ;
#5698 = ORIENTED_EDGE ( 'NONE', *, *, #7261, .T. ) ;
#5699 = VERTEX_POINT ( 'NONE', #5688 ) ;
#5700 = VECTOR ( 'NONE', #4550, 1000.000000000000000 ) ;
#5701 = PRESENTATION_STYLE_ASSIGNMENT (( #3373 ) ) ;
#5702 = VECTOR ( 'NONE', #1960, 1000.000000000000000 ) ;
#5703 = DIRECTION ( 'NONE',  ( 0.000000000000000000, 0.000000000000000000, 1.000000000000000000 ) ) ;
#5704 = CARTESIAN_POINT ( 'NONE',  ( -15.07550534522246011, -14.21692477204106098, 46.50000000000000000 ) ) ;
#5705 = CARTESIAN_POINT ( 'NONE',  ( -12.49999999999833911, -15.50000000000102141, 46.00000000000000000 ) ) ;
#5706 = CARTESIAN_POINT ( 'NONE',  ( 0.000000000000000000, 0.000000000000000000, 45.00000000000000000 ) ) ;
#5707 = CARTESIAN_POINT ( 'NONE',  ( -15.49999999999994316, -15.50000000000004974, 4.500000000000000888 ) ) ;
#5708 = AXIS2_PLACEMENT_3D ( 'NONE', #607, #3665, #3757 ) ;
#5709 = AXIS2_PLACEMENT_3D ( 'NONE', #3375, #5361, #1160 ) ;
#5710 = CARTESIAN_POINT ( 'NONE',  ( 1.379851512413567960, -39.15000000000000568, 42.95165094913121351 ) ) ;
#5711 = CIRCLE ( 'NONE', #259, 10.49999999999999822 ) ;
#5712 = VERTEX_POINT ( 'NONE', #14 ) ;
#5713 = ORIENTED_EDGE ( 'NONE', *, *, #6581, .F. ) ;
#5714 = VERTEX_POINT ( 'NONE', #6468 ) ;
#5715 = DIRECTION ( 'NONE',  ( 0.000000000000000000, 0.000000000000000000, -1.000000000000000000 ) ) ;
#5716 = DIRECTION ( 'NONE',  ( -0.000000000000000000, -0.000000000000000000, -1.000000000000000000 ) ) ;
#5717 = AXIS2_PLACEMENT_3D ( 'NONE', #940, #6421, #2541 ) ;
#5718 =( NAMED_UNIT ( * ) SI_UNIT ( $, .STERADIAN. ) SOLID_ANGLE_UNIT ( ) );
#5719 = CIRCLE ( 'NONE', #1270, 3.500000000000000000 ) ;
#5720 = DIRECTION ( 'NONE',  ( 1.000000000000000000, 0.000000000000000000, 0.000000000000000000 ) ) ;
#5721 = COLOUR_RGB ( '',0.2509803921568627416, 0.2509803921568627416, 0.2509803921568627416 ) ;
#5722 = STYLED_ITEM ( 'NONE', ( #7149 ), #1816 ) ;
#5723 = CARTESIAN_POINT ( 'NONE',  ( 14.15069333393202733, 15.50000000000016165, 47.49878368663153339 ) ) ;
#5724 = ORIENTED_EDGE ( 'NONE', *, *, #10129, .F. ) ;
#5725 = CARTESIAN_POINT ( 'NONE',  ( -16.84930666606613414, -15.05359323060805998, 46.50000000000000000 ) ) ;
#5726 = ORIENTED_EDGE ( 'NONE', *, *, #3476, .F. ) ;
#5727 = AXIS2_PLACEMENT_3D ( 'NONE', #5725, #8944, #1130 ) ;
#5728 = PLANE ( 'NONE',  #7019 ) ;
#5729 = CARTESIAN_POINT ( 'NONE',  ( 0.000000000000000000, 0.000000000000000000, 1.000000000000000000 ) ) ;
#5730 = CARTESIAN_POINT ( 'NONE',  ( -15.50000000000016520, 15.49999999999897504, 47.50000000000000000 ) ) ;
#5731 = DIRECTION ( 'NONE',  ( 1.000000000000000000, 0.000000000000000000, 0.000000000000000000 ) ) ;
#5732 = MECHANICAL_DESIGN_GEOMETRIC_PRESENTATION_REPRESENTATION (  '', ( #7379 ), #1116 ) ;
#5733 = CARTESIAN_POINT ( 'NONE',  ( 2.603880904858910217, -21.25000000000000711, 43.56695646205938033 ) ) ;
#5734 = CARTESIAN_POINT ( 'NONE',  ( 0.000000000000000000, -21.16000000000000725, 5.999999999999998224 ) ) ;
#5735 = CARTESIAN_POINT ( 'NONE',  ( 0.000000000000000000, 0.000000000000000000, 47.50000000000000000 ) ) ;
#5736 = CIRCLE ( 'NONE', #6561, 0.5787973969144516451 ) ;
#5737 = CARTESIAN_POINT ( 'NONE',  ( -16.94289321881343469, 21.14999999999999858, 38.00000000000000000 ) ) ;
#5738 = ADVANCED_FACE ( 'NONE', ( #4865 ), #2539, .F. ) ;
#5739 = ORIENTED_EDGE ( 'NONE', *, *, #6326, .T. ) ;
#5740 = ORIENTED_EDGE ( 'NONE', *, *, #9010, .F. ) ;
#5741 = ORIENTED_EDGE ( 'NONE', *, *, #8195, .T. ) ;
#5742 = STYLED_ITEM ( 'NONE', ( #1977 ), #2531 ) ;
#5743 = CARTESIAN_POINT ( 'NONE',  ( 15.94640676939198798, -15.92449465477575465, 46.50000000000000000 ) ) ;
#5744 = AXIS2_PLACEMENT_3D ( 'NONE', #7363, #4094, #8120 ) ;
#5745 = SURFACE_STYLE_USAGE ( .BOTH. , #3363 ) ;
#5746 = EDGE_CURVE ( 'NONE', #235, #1063, #4909, .T. ) ;
#5747 = DIRECTION ( 'NONE',  ( 1.000000000000000000, 0.000000000000000000, 0.000000000000000000 ) ) ;
#5748 =( LENGTH_UNIT ( ) NAMED_UNIT ( * ) SI_UNIT ( .MILLI., .METRE. ) );
#5749 = ADVANCED_FACE ( 'NONE', ( #4017 ), #6420, .F. ) ;
#5750 = DIRECTION ( 'NONE',  ( -1.000000000000000000, 0.000000000000000000, 0.000000000000000000 ) ) ;
#5751 = VECTOR ( 'NONE', #2169, 1000.000000000000000 ) ;
#5752 = EDGE_CURVE ( 'NONE', #235, #4388, #5641, .T. ) ;
#5753 = DIRECTION ( 'NONE',  ( 1.000000000000000000, 0.000000000000000000, 0.000000000000000000 ) ) ;
#5754 = ORIENTED_EDGE ( 'NONE', *, *, #1082, .T. ) ;
#5755 = ORIENTED_EDGE ( 'NONE', *, *, #3237, .F. ) ;
#5756 = UNCERTAINTY_MEASURE_WITH_UNIT (LENGTH_MEASURE( 1.000000000000000082E-05 ), #2084, 'distance_accuracy_value', 'NONE');
#5757 = ORIENTED_EDGE ( 'NONE', *, *, #8994, .F. ) ;
#5758 = CARTESIAN_POINT ( 'NONE',  ( -2.596119095141088629, -21.25000000000000711, 43.56695646205938033 ) ) ;
#5759 = DIRECTION ( 'NONE',  ( 0.000000000000000000, 0.000000000000000000, -1.000000000000000000 ) ) ;
#5760 = CARTESIAN_POINT ( 'NONE',  ( 14.21692477204111604, -15.07550534522241215, 46.50000000000000000 ) ) ;
#5761 = VECTOR ( 'NONE', #10150, 1000.000000000000000 ) ;
#5762 = STYLED_ITEM ( 'NONE', ( #8776 ), #4472 ) ;
#5763 = MECHANICAL_DESIGN_GEOMETRIC_PRESENTATION_REPRESENTATION (  '', ( #480 ), #4445 ) ;
#5764 = CARTESIAN_POINT ( 'NONE',  ( 16.78307522795901363, -15.07550534522241925, 47.49867441544052582 ) ) ;
#5765 = DIRECTION ( 'NONE',  ( -1.000000000000000000, 0.000000000000000000, 0.000000000000000000 ) ) ;
#5766 = AXIS2_PLACEMENT_3D ( 'NONE', #3706, #6857, #5213 ) ;
#5767 = ORIENTED_EDGE ( 'NONE', *, *, #6448, .F. ) ;
#5768 = AXIS2_PLACEMENT_3D ( 'NONE', #8225, #8979, #1008 ) ;
#5770 = ORIENTED_EDGE ( 'NONE', *, *, #4898, .F. ) ;
#5769 = PRESENTATION_LAYER_ASSIGNMENT (  '', '', ( #151 ) ) ;
#5771 = VECTOR ( 'NONE', #5592, 1000.000000000000000 ) ;
#5772 = VERTEX_POINT ( 'NONE', #7234 ) ;
#5773 = UNCERTAINTY_MEASURE_WITH_UNIT (LENGTH_MEASURE( 1.000000000000000082E-05 ), #7188, 'distance_accuracy_value', 'NONE');
#5774 = CARTESIAN_POINT ( 'NONE',  ( -15.07550534522247254, -16.78307522795895679, 46.50000000000000000 ) ) ;
#5775 = FILL_AREA_STYLE_COLOUR ( '', #2647 ) ;
#5776 = CARTESIAN_POINT ( 'NONE',  ( 15.92449465477568893, 14.21692477204115868, 46.50000000000000000 ) ) ;
#5777 = MECHANICAL_DESIGN_GEOMETRIC_PRESENTATION_REPRESENTATION (  '', ( #9708 ), #2640 ) ;
#5778 = VECTOR ( 'NONE', #7642, 1000.000000000000000 ) ;
#5779 = CARTESIAN_POINT ( 'NONE',  ( 20.64999999999999858, 16.94289321881344534, 0.000000000000000000 ) ) ;
#5780 = CARTESIAN_POINT ( 'NONE',  ( -15.49999999999999645, 15.50000000000000000, 4.500000000000000888 ) ) ;
#5781 = SURFACE_STYLE_FILL_AREA ( #3452 ) ;
#5782 = VERTEX_POINT ( 'NONE', #8656 ) ;
#5783 = DIRECTION ( 'NONE',  ( -0.000000000000000000, -0.000000000000000000, 1.000000000000000000 ) ) ;
#5784 = ORIENTED_EDGE ( 'NONE', *, *, #7758, .T. ) ;
#5785 = AXIS2_PLACEMENT_3D ( 'NONE', #7664, #592, #5146 ) ;
#5786 = DIRECTION ( 'NONE',  ( 0.000000000000000000, 0.000000000000000000, -1.000000000000000000 ) ) ;
#5787 = FILL_AREA_STYLE_COLOUR ( '', #6572 ) ;
#5788 = DIRECTION ( 'NONE',  ( -0.000000000000000000, -0.000000000000000000, 1.000000000000000000 ) ) ;
#5789 =( NAMED_UNIT ( * ) SI_UNIT ( $, .STERADIAN. ) SOLID_ANGLE_UNIT ( ) );
#5790 = DIRECTION ( 'NONE',  ( 8.202002250481356316E-17, -1.000000000000000000, 0.000000000000000000 ) ) ;
#5791 = CARTESIAN_POINT ( 'NONE',  ( -15.49999999999999645, 15.50000000000000000, -2.266821225221747863E-17 ) ) ;
#5792 = CARTESIAN_POINT ( 'NONE',  ( 3.600000000000001421, -19.15000000000000568, 40.00000000000000000 ) ) ;
#5793 = COLOUR_RGB ( '',0.2509803921568627416, 0.2509803921568627416, 0.2509803921568627416 ) ;
#5794 = CARTESIAN_POINT ( 'NONE',  ( 1.379851512413564629, -39.15000000000000568, 42.12714644778323247 ) ) ;
#5795 = CARTESIAN_POINT ( 'NONE',  ( 0.000000000000000000, 0.000000000000000000, 40.00000000000000000 ) ) ;
#5796 = EDGE_LOOP ( 'NONE', ( #7582, #1958 ) ) ;
#5797 = ORIENTED_EDGE ( 'NONE', *, *, #2834, .T. ) ;
#5798 = ADVANCED_FACE ( 'NONE', ( #9495 ), #62, .T. ) ;
#5799 = ORIENTED_EDGE ( 'NONE', *, *, #6326, .F. ) ;
#5800 = CIRCLE ( 'NONE', #2999, 25.00000000000000000 ) ;
#5801 = CARTESIAN_POINT ( 'NONE',  ( -2.799999999999999822, 0.000000000000000000, 1.000000000000000000 ) ) ;
#5802 = VECTOR ( 'NONE', #9920, 1000.000000000000000 ) ;
#5803 = EDGE_CURVE ( 'NONE', #5487, #10190, #7185, .T. ) ;
#5804 = LINE ( 'NONE', #2439, #4725 ) ;
#5805 = LINE ( 'NONE', #1819, #4828 ) ;
#5806 = AXIS2_PLACEMENT_3D ( 'NONE', #7525, #3614, #9114 ) ;
#5807 = PLANE ( 'NONE',  #2037 ) ;
#5808 = ORIENTED_EDGE ( 'NONE', *, *, #8674, .T. ) ;
#5809 = ORIENTED_EDGE ( 'NONE', *, *, #9641, .F. ) ;
#5810 = EDGE_CURVE ( 'NONE', #6622, #5548, #3222, .T. ) ;
#5811 = ORIENTED_EDGE ( 'NONE', *, *, #9870, .T. ) ;
#5812 = CARTESIAN_POINT ( 'NONE',  ( -3.420868563588839173, -21.25000000000000711, 40.11033917074156108 ) ) ;
#5813 = SURFACE_STYLE_USAGE ( .BOTH. , #4243 ) ;
#5814 = AXIS2_PLACEMENT_3D ( 'NONE', #6077, #9207, #2149 ) ;
#5815 = DIRECTION ( 'NONE',  ( -1.000000000000000000, 0.000000000000000000, 0.000000000000000000 ) ) ;
#5816 = FACE_OUTER_BOUND ( 'NONE', #5224, .T. ) ;
#5817 = LINE ( 'NONE', #4190, #2842 ) ;
#5818 = MECHANICAL_DESIGN_GEOMETRIC_PRESENTATION_REPRESENTATION (  '', ( #4488 ), #10075 ) ;
#5819 = DIRECTION ( 'NONE',  ( 1.000000000000000000, 0.000000000000000000, 0.000000000000000000 ) ) ;
#5820 = ADVANCED_FACE ( 'NONE', ( #1671 ), #893, .T. ) ;
#5821 = ORIENTED_EDGE ( 'NONE', *, *, #5373, .T. ) ;
#5822 = ORIENTED_EDGE ( 'NONE', *, *, #4745, .F. ) ;
#5823 = CARTESIAN_POINT ( 'NONE',  ( 13.31369220013742805, 21.15999999999999659, 5.999999999999998224 ) ) ;
#5824 = EDGE_CURVE ( 'NONE', #2003, #3505, #939, .T. ) ;
#5825 = ORIENTED_EDGE ( 'NONE', *, *, #4127, .F. ) ;
#5826 = CIRCLE ( 'NONE', #8759, 3.000000000000927258 ) ;
#5827 = DIRECTION ( 'NONE',  ( -0.7071067811865474617, 0.7071067811865474617, -0.000000000000000000 ) ) ;
#5828 = DIRECTION ( 'NONE',  ( -0.000000000000000000, -0.000000000000000000, 1.000000000000000000 ) ) ;
#5829 = ADVANCED_FACE ( 'NONE', ( #6669 ), #5596, .F. ) ;
#5830 = DIRECTION ( 'NONE',  ( 0.000000000000000000, 0.000000000000000000, -1.000000000000000000 ) ) ;
#5831 = CARTESIAN_POINT ( 'NONE',  ( -15.49999999999994493, -15.50000000000004974, 5.251075773784450895 ) ) ;
#5832 = CARTESIAN_POINT ( 'NONE',  ( 15.50000000000101963, -15.49999999999983658, 48.00000000000000000 ) ) ;
#5833 = STYLED_ITEM ( 'NONE', ( #5585 ), #8243 ) ;
#5834 = DIRECTION ( 'NONE',  ( -1.000000000000000000, 0.000000000000000000, 0.000000000000000000 ) ) ;
#5835 = ORIENTED_EDGE ( 'NONE', *, *, #4458, .F. ) ;
#5836 = FACE_OUTER_BOUND ( 'NONE', #7900, .T. ) ;
#5837 = VERTEX_POINT ( 'NONE', #367 ) ;
#5838 = CARTESIAN_POINT ( 'NONE',  ( -17.14999999999997726, -20.65000000000000568, 0.000000000000000000 ) ) ;
#5839 = DIRECTION ( 'NONE',  ( 0.000000000000000000, 0.000000000000000000, 1.000000000000000000 ) ) ;
#5840 = AXIS2_PLACEMENT_3D ( 'NONE', #349, #8997, #7463 ) ;
#5841 = DIRECTION ( 'NONE',  ( 0.000000000000000000, 0.000000000000000000, 1.000000000000000000 ) ) ;
#5842 = DIRECTION ( 'NONE',  ( -1.000000000000000000, 0.000000000000000000, 0.000000000000000000 ) ) ;
#5843 = FILL_AREA_STYLE ('',( #2695 ) ) ;
#5844 = FACE_OUTER_BOUND ( 'NONE', #9776, .T. ) ;
#5845 = DIRECTION ( 'NONE',  ( -1.000000000000000000, 0.000000000000000000, 0.000000000000000000 ) ) ;
#5846 = CIRCLE ( 'NONE', #4678, 0.5000000000000000000 ) ;
#5847 = ORIENTED_EDGE ( 'NONE', *, *, #637, .T. ) ;
#5848 = ORIENTED_EDGE ( 'NONE', *, *, #5882, .T. ) ;
#5849 = EDGE_LOOP ( 'NONE', ( #1878, #3848, #8099, #7504 ) ) ;
#5850 = FACE_OUTER_BOUND ( 'NONE', #5311, .T. ) ;
#5851 =( GEOMETRIC_REPRESENTATION_CONTEXT ( 3 ) GLOBAL_UNCERTAINTY_ASSIGNED_CONTEXT ( ( #3703 ) ) GLOBAL_UNIT_ASSIGNED_CONTEXT ( ( #5681, #839, #1710 ) ) REPRESENTATION_CONTEXT ( 'NONE', 'WORKASPACE' ) );
#5852 = ADVANCED_FACE ( 'NONE', ( #3362 ), #3474, .T. ) ;
#5853 = DIRECTION ( 'NONE',  ( -0.000000000000000000, 0.000000000000000000, 1.000000000000000000 ) ) ;
#5854 = CARTESIAN_POINT ( 'NONE',  ( -15.94640676939209456, 16.80673604214000250, 47.49756013713619041 ) ) ;
#5855 = ORIENTED_EDGE ( 'NONE', *, *, #7075, .F. ) ;
#5856 = EDGE_LOOP ( 'NONE', ( #426, #1880 ) ) ;
#5857 = VERTEX_POINT ( 'NONE', #6519 ) ;
#5858 = DIRECTION ( 'NONE',  ( -0.000000000000000000, -0.000000000000000000, 1.000000000000000000 ) ) ;
#5859 = CARTESIAN_POINT ( 'NONE',  ( 15.92449465477569248, 14.27125906389250076, 47.50000000000000000 ) ) ;
#5860 = VECTOR ( 'NONE', #574, 1000.000000000000000 ) ;
#5861 = AXIS2_PLACEMENT_3D ( 'NONE', #4659, #10016, #4608 ) ;
#5862 = FILL_AREA_STYLE_COLOUR ( '', #8065 ) ;
#5863 = DIRECTION ( 'NONE',  ( 1.000000000000000000, 0.000000000000000000, 0.000000000000000000 ) ) ;
#5864 =( NAMED_UNIT ( * ) SI_UNIT ( $, .STERADIAN. ) SOLID_ANGLE_UNIT ( ) );
#5865 = CARTESIAN_POINT ( 'NONE',  ( 15.05359323060812216, -16.84930666606608440, 46.50000000000000000 ) ) ;
#5866 = EDGE_CURVE ( 'NONE', #1809, #6666, #7662, .T. ) ;
#5867 =( NAMED_UNIT ( * ) SI_UNIT ( $, .STERADIAN. ) SOLID_ANGLE_UNIT ( ) );
#5868 = CIRCLE ( 'NONE', #7350, 15.50000000000000000 ) ;
#5869 = VECTOR ( 'NONE', #6765, 1000.000000000000000 ) ;
#5870 = ORIENTED_EDGE ( 'NONE', *, *, #8562, .F. ) ;
#5871 = VERTEX_POINT ( 'NONE', #3522 ) ;
#5872 = EDGE_CURVE ( 'NONE', #4511, #6501, #9645, .T. ) ;
#5873 = CARTESIAN_POINT ( 'NONE',  ( 16.94289321881342048, 20.64999999999999858, 47.50000000000000000 ) ) ;
#5874 = EDGE_LOOP ( 'NONE', ( #997, #9018, #3443, #2734 ) ) ;
#5875 = LINE ( 'NONE', #9729, #7748 ) ;
#5876 = COLOUR_RGB ( '',0.2509803921568627416, 0.2509803921568627416, 0.2509803921568627416 ) ;
#5877 = DIRECTION ( 'NONE',  ( -0.000000000000000000, -0.000000000000000000, 1.000000000000000000 ) ) ;
#5878 = CARTESIAN_POINT ( 'NONE',  ( 16.72874093610813873, -15.07550534522242103, 47.50000000000000000 ) ) ;
#5879 = AXIS2_PLACEMENT_3D ( 'NONE', #5672, #7324, #9588 ) ;
#5880 = EDGE_CURVE ( 'NONE', #8417, #3287, #5127, .T. ) ;
#5881 = CARTESIAN_POINT ( 'NONE',  ( 14.21692477204111604, -15.29091159908855957, 47.50000000000000000 ) ) ;
#5882 = EDGE_CURVE ( 'NONE', #5857, #4476, #6423, .T. ) ;
#5883 = FACE_OUTER_BOUND ( 'NONE', #2784, .T. ) ;
#5884 = CARTESIAN_POINT ( 'NONE',  ( -16.94289321881343113, 21.14999999999999858, 0.5000000000000004441 ) ) ;
#5885 = ORIENTED_EDGE ( 'NONE', *, *, #4290, .F. ) ;
#5886 = ORIENTED_EDGE ( 'NONE', *, *, #5304, .F. ) ;
#5887 = ADVANCED_FACE ( 'NONE', ( #8261 ), #4260, .T. ) ;
#5888 = CARTESIAN_POINT ( 'NONE',  ( 15.49999999999983658, 15.50000000000015987, 47.50000000000000000 ) ) ;
#5889 = AXIS2_PLACEMENT_3D ( 'NONE', #7612, #7718, #6950 ) ;
#5890 = ORIENTED_EDGE ( 'NONE', *, *, #562, .T. ) ;
#5891 = CIRCLE ( 'NONE', #2920, 0.5787973969144516451 ) ;
#5892 = FILL_AREA_STYLE_COLOUR ( '', #4377 ) ;
#5893 = FACE_BOUND ( 'NONE', #2507, .T. ) ;
#5894 = CARTESIAN_POINT ( 'NONE',  ( 13.32957238623955831, 21.14999999999999858, 8.000000000000000000 ) ) ;
#5895 = LINE ( 'NONE', #8847, #1420 ) ;
#5896 = DIRECTION ( 'NONE',  ( -1.000000000000000000, 0.000000000000000000, 0.000000000000000000 ) ) ;
#5897 = SURFACE_SIDE_STYLE ('',( #3564 ) ) ;
#5898 = CARTESIAN_POINT ( 'NONE',  ( 16.79999999999983729, 15.50000000000015987, 46.50000000000000000 ) ) ;
#5899 = DIRECTION ( 'NONE',  ( 1.000000000000000000, 0.000000000000000000, 0.000000000000000000 ) ) ;
#5900 =( LENGTH_UNIT ( ) NAMED_UNIT ( * ) SI_UNIT ( .MILLI., .METRE. ) );
#5901 = ORIENTED_EDGE ( 'NONE', *, *, #3589, .T. ) ;
#5902 = CIRCLE ( 'NONE', #5065, 1.299999999999999156 ) ;
#5903 = VERTEX_POINT ( 'NONE', #205 ) ;
#5904 = VERTEX_POINT ( 'NONE', #4336 ) ;
#5905 =( GEOMETRIC_REPRESENTATION_CONTEXT ( 3 ) GLOBAL_UNCERTAINTY_ASSIGNED_CONTEXT ( ( #9573 ) ) GLOBAL_UNIT_ASSIGNED_CONTEXT ( ( #4365, #1996, #5351 ) ) REPRESENTATION_CONTEXT ( 'NONE', 'WORKASPACE' ) );
#5906 = CARTESIAN_POINT ( 'NONE',  ( 1.693713464724400824E-15, -20.65000000000000568, 47.50000000000000000 ) ) ;
#5907 = PLANE ( 'NONE',  #333 ) ;
#5908 =( GEOMETRIC_REPRESENTATION_CONTEXT ( 3 ) GLOBAL_UNCERTAINTY_ASSIGNED_CONTEXT ( ( #3197 ) ) GLOBAL_UNIT_ASSIGNED_CONTEXT ( ( #825, #9427, #9534 ) ) REPRESENTATION_CONTEXT ( 'NONE', 'WORKASPACE' ) );
#5909 = FILL_AREA_STYLE ('',( #3480 ) ) ;
#5910 =( LENGTH_UNIT ( ) NAMED_UNIT ( * ) SI_UNIT ( .MILLI., .METRE. ) );
#5911 = CARTESIAN_POINT ( 'NONE',  ( 14.15069333393202555, 15.20239548707217736, 47.49833231681222401 ) ) ;
#5912 = ORIENTED_EDGE ( 'NONE', *, *, #1324, .T. ) ;
#5913 = MECHANICAL_DESIGN_GEOMETRIC_PRESENTATION_REPRESENTATION (  '', ( #6399 ), #10168 ) ;
#5914 = ORIENTED_EDGE ( 'NONE', *, *, #5180, .F. ) ;
#5915 = AXIS2_PLACEMENT_3D ( 'NONE', #5873, #1115, #4253 ) ;
#5916 = ORIENTED_EDGE ( 'NONE', *, *, #8739, .F. ) ;
#5917 =( NAMED_UNIT ( * ) PLANE_ANGLE_UNIT ( ) SI_UNIT ( $, .RADIAN. ) );
#5918 = PLANE ( 'NONE',  #231 ) ;
#5919 = SURFACE_SIDE_STYLE ('',( #1934 ) ) ;
#5920 = VECTOR ( 'NONE', #10096, 1000.000000000000000 ) ;
#5921 = FACE_OUTER_BOUND ( 'NONE', #6580, .T. ) ;
#5922 = STYLED_ITEM ( 'NONE', ( #6071 ), #9824 ) ;
#5923 = DIRECTION ( 'NONE',  ( -0.000000000000000000, 1.000000000000000000, -0.000000000000000000 ) ) ;
#5924 = VERTEX_POINT ( 'NONE', #2594 ) ;
#5925 = ORIENTED_EDGE ( 'NONE', *, *, #1759, .T. ) ;
#5926 =( LENGTH_UNIT ( ) NAMED_UNIT ( * ) SI_UNIT ( .MILLI., .METRE. ) );
#5927 = EDGE_LOOP ( 'NONE', ( #8216, #3555, #7711, #5835 ) ) ;
#5928 = PRESENTATION_LAYER_ASSIGNMENT (  '', '', ( #2121 ) ) ;
#5929 = EDGE_CURVE ( 'NONE', #9596, #2103, #9753, .T. ) ;
#5930 =( LENGTH_UNIT ( ) NAMED_UNIT ( * ) SI_UNIT ( .MILLI., .METRE. ) );
#5931 =( NAMED_UNIT ( * ) SI_UNIT ( $, .STERADIAN. ) SOLID_ANGLE_UNIT ( ) );
#5932 = DIRECTION ( 'NONE',  ( 0.000000000000000000, 0.000000000000000000, 1.000000000000000000 ) ) ;
#5933 = DIRECTION ( 'NONE',  ( -0.7071067811865475727, -0.7071067811865475727, 0.000000000000000000 ) ) ;
#5934 = EDGE_CURVE ( 'NONE', #10040, #3289, #4936, .T. ) ;
#5935 = CARTESIAN_POINT ( 'NONE',  ( 1.379851512413567960, -39.15000000000000568, 42.37285355221676042 ) ) ;
#5936 = CIRCLE ( 'NONE', #1483, 0.5000000000000004441 ) ;
#5937 = SURFACE_SIDE_STYLE ('',( #5781 ) ) ;
#5938 = ORIENTED_EDGE ( 'NONE', *, *, #1335, .F. ) ;
#5939 = ORIENTED_EDGE ( 'NONE', *, *, #8486, .F. ) ;
#5940 = CYLINDRICAL_SURFACE ( 'NONE', #8351, 0.5000000000000004441 ) ;
#5941 = ORIENTED_EDGE ( 'NONE', *, *, #690, .T. ) ;
#5942 = EDGE_CURVE ( 'NONE', #1825, #2925, #2653, .T. ) ;
#5943 = ADVANCED_FACE ( 'NONE', ( #5850 ), #8961, .T. ) ;
#5944 = SURFACE_SIDE_STYLE ('',( #7468 ) ) ;
#5945 = EDGE_CURVE ( 'NONE', #2103, #2864, #8357, .T. ) ;
#5946 = CARTESIAN_POINT ( 'NONE',  ( -15.50000000000016520, 15.49999999999897504, 47.50000000000000000 ) ) ;
#5947 = LINE ( 'NONE', #9060, #3933 ) ;
#5948 = CIRCLE ( 'NONE', #6594, 25.00000000000000000 ) ;
#5949 = PRESENTATION_STYLE_ASSIGNMENT (( #3351 ) ) ;
#5950 = DIRECTION ( 'NONE',  ( -0.000000000000000000, -0.000000000000000000, -1.000000000000000000 ) ) ;
#5951 = EDGE_CURVE ( 'NONE', #1686, #7164, #4391, .T. ) ;
#5952 = SURFACE_STYLE_USAGE ( .BOTH. , #2800 ) ;
#5953 = DIRECTION ( 'NONE',  ( -0.000000000000000000, 1.000000000000000000, 0.000000000000000000 ) ) ;
#5954 = ORIENTED_EDGE ( 'NONE', *, *, #2085, .F. ) ;
#5955 = EDGE_LOOP ( 'NONE', ( #5655, #6630 ) ) ;
#5956 = ORIENTED_EDGE ( 'NONE', *, *, #57, .T. ) ;
#5957 = EDGE_CURVE ( 'NONE', #7164, #235, #9035, .T. ) ;
#5958 = DIRECTION ( 'NONE',  ( 8.202002250481323036E-17, -1.000000000000000000, 0.000000000000000000 ) ) ;
#5959 = CARTESIAN_POINT ( 'NONE',  ( 0.000000000000000000, 0.000000000000000000, -53.84951795962939514 ) ) ;
#5960 = ADVANCED_FACE ( 'NONE', ( #1249 ), #7641, .F. ) ;
#5961 = LINE ( 'NONE', #8213, #9112 ) ;
#5962 = ORIENTED_EDGE ( 'NONE', *, *, #3386, .F. ) ;
#5963 = CIRCLE ( 'NONE', #2824, 3.500000000000000000 ) ;
#5964 = EDGE_LOOP ( 'NONE', ( #6302, #3157, #3370, #6692 ) ) ;
#5965 = LINE ( 'NONE', #10101, #5761 ) ;
#5966 = FILL_AREA_STYLE_COLOUR ( '', #4023 ) ;
#5967 = DIRECTION ( 'NONE',  ( 0.000000000000000000, 0.000000000000000000, -1.000000000000000000 ) ) ;
#5968 = DIRECTION ( 'NONE',  ( 0.7423134210256074894, 0.000000000000000000, -0.6700528225186872522 ) ) ;
#5969 = AXIS2_PLACEMENT_3D ( 'NONE', #7422, #2009, #3463 ) ;
#5970 = CARTESIAN_POINT ( 'NONE',  ( -1.379851512413567960, -39.15000000000000568, 41.54834905086877939 ) ) ;
#5971 = EDGE_LOOP ( 'NONE', ( #6465, #3979, #4884, #4173, #5682, #8302, #157, #8484, #233, #6931, #4883, #6757, #2059, #9557 ) ) ;
#5972 = VERTEX_POINT ( 'NONE', #6048 ) ;
#5973 = CARTESIAN_POINT ( 'NONE',  ( 15.92449465477569248, 15.05359323060817545, 46.50000000000000000 ) ) ;
#5974 = ORIENTED_EDGE ( 'NONE', *, *, #3478, .F. ) ;
#5975 = FILL_AREA_STYLE_COLOUR ( '', #10060 ) ;
#5976 = CARTESIAN_POINT ( 'NONE',  ( 1.379851512413564629, -19.15000000000000568, 41.54834905086877939 ) ) ;
#5977 = DIRECTION ( 'NONE',  ( -0.000000000000000000, -0.000000000000000000, -1.000000000000000000 ) ) ;
#5978 = AXIS2_PLACEMENT_3D ( 'NONE', #3327, #2553, #9722 ) ;
#5979 = CARTESIAN_POINT ( 'NONE',  ( -15.92449465477579018, -14.23501994154215033, 47.49955985394393565 ) ) ;
#5980 = FILL_AREA_STYLE_COLOUR ( '', #8166 ) ;
#5981 = DIRECTION ( 'NONE',  ( 1.000000000000000000, 0.000000000000000000, 0.000000000000000000 ) ) ;
#5982 = EDGE_CURVE ( 'NONE', #1715, #1065, #978, .T. ) ;
#5983 = SURFACE_STYLE_FILL_AREA ( #2831 ) ;
#5984 = VERTEX_POINT ( 'NONE', #2177 ) ;
#5985 = ORIENTED_EDGE ( 'NONE', *, *, #3660, .F. ) ;
#5986 = PLANE ( 'NONE',  #2595 ) ;
#5987 = STYLED_ITEM ( 'NONE', ( #9236 ), #8128 ) ;
#5988 = ORIENTED_EDGE ( 'NONE', *, *, #506, .F. ) ;
#5989 = UNCERTAINTY_MEASURE_WITH_UNIT (LENGTH_MEASURE( 1.000000000000000082E-05 ), #3086, 'distance_accuracy_value', 'NONE');
#5990 = DIRECTION ( 'NONE',  ( 0.000000000000000000, 0.000000000000000000, 1.000000000000000000 ) ) ;
#5991 =( NAMED_UNIT ( * ) PLANE_ANGLE_UNIT ( ) SI_UNIT ( $, .RADIAN. ) );
#5992 = CARTESIAN_POINT ( 'NONE',  ( -16.94289321881343113, 20.64999999999999858, 8.000000000000000000 ) ) ;
#5993 = SURFACE_STYLE_USAGE ( .BOTH. , #5217 ) ;
#5994 = CIRCLE ( 'NONE', #5659, 25.00000000000000000 ) ;
#5995 = FILL_AREA_STYLE_COLOUR ( '', #9103 ) ;
#5996 = CARTESIAN_POINT ( 'NONE',  ( -15.94640676939209456, 14.15069333393197404, 46.50000000000000000 ) ) ;
#5997 = VERTEX_POINT ( 'NONE', #2900 ) ;
#5998 = UNCERTAINTY_MEASURE_WITH_UNIT (LENGTH_MEASURE( 1.000000000000000082E-05 ), #2524, 'distance_accuracy_value', 'NONE');
#5999 = VERTEX_POINT ( 'NONE', #8409 ) ;
#6000 = EDGE_CURVE ( 'NONE', #4240, #4229, #5936, .T. ) ;
#6001 = PRESENTATION_LAYER_ASSIGNMENT (  '', '', ( #2862 ) ) ;
#6002 = PRESENTATION_STYLE_ASSIGNMENT (( #1304 ) ) ;
#6003 = DIRECTION ( 'NONE',  ( 0.000000000000000000, 1.000000000000000000, 0.000000000000000000 ) ) ;
#6004 = EDGE_CURVE ( 'NONE', #3133, #8943, #4597, .T. ) ;
#6005 = CARTESIAN_POINT ( 'NONE',  ( -1.379851512413567960, -39.15000000000000568, 40.96955165395432630 ) ) ;
#6006 = EDGE_CURVE ( 'NONE', #5590, #7685, #6091, .T. ) ;
#6007 = DIRECTION ( 'NONE',  ( 0.000000000000000000, -0.000000000000000000, -1.000000000000000000 ) ) ;
#6008 = EDGE_LOOP ( 'NONE', ( #5954, #899, #8998, #986 ) ) ;
#6009 = ORIENTED_EDGE ( 'NONE', *, *, #3530, .T. ) ;
#6010 = EDGE_CURVE ( 'NONE', #7685, #7921, #8996, .T. ) ;
#6011 = AXIS2_PLACEMENT_3D ( 'NONE', #2338, #9343, #6213 ) ;
#6012 = SURFACE_STYLE_USAGE ( .BOTH. , #7545 ) ;
#6013 = LINE ( 'NONE', #2083, #4715 ) ;
#6014 = CARTESIAN_POINT ( 'NONE',  ( -1.379851512413567960, -19.15000000000000568, 42.37285355221676042 ) ) ;
#6015 = COLOUR_RGB ( '',0.2509803921568627416, 0.2509803921568627416, 0.2509803921568627416 ) ;
#6016 = EDGE_LOOP ( 'NONE', ( #3333, #9073, #8982 ) ) ;
#6017 = ORIENTED_EDGE ( 'NONE', *, *, #9702, .F. ) ;
#6018 = FACE_OUTER_BOUND ( 'NONE', #719, .T. ) ;
#6019 = CIRCLE ( 'NONE', #6998, 0.5787973969144516451 ) ;
#6020 = VERTEX_POINT ( 'NONE', #571 ) ;
#6021 = SURFACE_STYLE_USAGE ( .BOTH. , #9970 ) ;
#6022 = LINE ( 'NONE', #445, #838 ) ;
#6023 = DIRECTION ( 'NONE',  ( -0.000000000000000000, -0.000000000000000000, -1.000000000000000000 ) ) ;
#6024 = DIRECTION ( 'NONE',  ( 1.000000000000000000, 0.000000000000000000, 0.000000000000000000 ) ) ;
#6026 =( NAMED_UNIT ( * ) SI_UNIT ( $, .STERADIAN. ) SOLID_ANGLE_UNIT ( ) );
#6025 = VECTOR ( 'NONE', #956, 1000.000000000000000 ) ;
#6027 = PLANE ( 'NONE',  #4935 ) ;
#6028 = CIRCLE ( 'NONE', #4195, 15.50000000000000000 ) ;
#6029 = CARTESIAN_POINT ( 'NONE',  ( -3.599999999999998312, -19.15000000000000568, 44.50000000000000000 ) ) ;
#6030 = ORIENTED_EDGE ( 'NONE', *, *, #8502, .T. ) ;
#6031 = EDGE_LOOP ( 'NONE', ( #214, #7738, #9642, #7616 ) ) ;
#6032 = CARTESIAN_POINT ( 'NONE',  ( -21.14999999999999503, -17.14999999999998792, 38.00000000000000000 ) ) ;
#6033 = ORIENTED_EDGE ( 'NONE', *, *, #1592, .F. ) ;
#6034 = MECHANICAL_DESIGN_GEOMETRIC_PRESENTATION_REPRESENTATION (  '', ( #94 ), #754 ) ;
#6035 = DIRECTION ( 'NONE',  ( 0.000000000000000000, 0.000000000000000000, 1.000000000000000000 ) ) ;
#6036 = FACE_OUTER_BOUND ( 'NONE', #599, .T. ) ;
#6037 =( NAMED_UNIT ( * ) PLANE_ANGLE_UNIT ( ) SI_UNIT ( $, .RADIAN. ) );
#6038 = LINE ( 'NONE', #9166, #4808 ) ;
#6039 = DIRECTION ( 'NONE',  ( -0.000000000000000000, -0.000000000000000000, -1.000000000000000000 ) ) ;
#6040 = SURFACE_SIDE_STYLE ('',( #512 ) ) ;
#6041 = PRESENTATION_LAYER_ASSIGNMENT (  '', '', ( #4384 ) ) ;
#6042 = CARTESIAN_POINT ( 'NONE',  ( -15.07550534522246011, -14.21692477204106098, 47.49867441544044055 ) ) ;
#6043 = CONICAL_SURFACE ( 'NONE', #1595, 1.249999999999997558, 1.029744258676653867 ) ;
#6044 = DIRECTION ( 'NONE',  ( -1.000000000000000000, 0.000000000000000000, 0.000000000000000000 ) ) ;
#6045 = VERTEX_POINT ( 'NONE', #4545 ) ;
#6046 = ORIENTED_EDGE ( 'NONE', *, *, #6453, .T. ) ;
#6047 = PRESENTATION_STYLE_ASSIGNMENT (( #2224 ) ) ;
#6048 = CARTESIAN_POINT ( 'NONE',  ( -15.94640676939209456, 14.27904914257634417, 47.50000000000000000 ) ) ;
#6049 = EDGE_CURVE ( 'NONE', #3587, #5461, #8539, .T. ) ;
#6050 = CARTESIAN_POINT ( 'NONE',  ( 15.50000000000101963, -15.49999999999983658, 47.50000000000000000 ) ) ;
#6051 = COLOUR_RGB ( '',0.2509803921568627416, 0.2509803921568627416, 0.2509803921568627416 ) ;
#6052 = CARTESIAN_POINT ( 'NONE',  ( -3.496119095141088540, -21.25000000000000711, 0.000000000000000000 ) ) ;
#6053 = EDGE_CURVE ( 'NONE', #8467, #5670, #7743, .T. ) ;
#6054 = PLANE ( 'NONE',  #6188 ) ;
#6055 = CIRCLE ( 'NONE', #8178, 3.000000000000927258 ) ;
#6056 = DIRECTION ( 'NONE',  ( 1.000000000000000000, 0.000000000000000000, 0.000000000000000000 ) ) ;
#6057 = ORIENTED_EDGE ( 'NONE', *, *, #9147, .F. ) ;
#6058 = VERTEX_POINT ( 'NONE', #677 ) ;
#6059 = EDGE_CURVE ( 'NONE', #2356, #5924, #2331, .T. ) ;
#6060 = CARTESIAN_POINT ( 'NONE',  ( -13.32957238623956009, 21.14999999999999503, 40.00000000000000000 ) ) ;
#6061 = PRESENTATION_LAYER_ASSIGNMENT (  '', '', ( #8825 ) ) ;
#6062 = ADVANCED_FACE ( 'NONE', ( #10154 ), #4437, .T. ) ;
#6063 = EDGE_CURVE ( 'NONE', #5289, #4801, #7174, .T. ) ;
#6064 = CARTESIAN_POINT ( 'NONE',  ( 20.64999999999999858, 16.94289321881344534, 47.50000000000000000 ) ) ;
#6065 = CARTESIAN_POINT ( 'NONE',  ( -16.84930666606614480, -15.94640676939191870, 47.49262389544728791 ) ) ;
#6066 = FACE_BOUND ( 'NONE', #1331, .T. ) ;
#6067 = EDGE_CURVE ( 'NONE', #3088, #5612, #3863, .T. ) ;
#6068 = PRESENTATION_LAYER_ASSIGNMENT (  '', '', ( #284 ) ) ;
#6069 = ORIENTED_EDGE ( 'NONE', *, *, #6803, .T. ) ;
#6070 = ORIENTED_EDGE ( 'NONE', *, *, #9778, .F. ) ;
#6071 = PRESENTATION_STYLE_ASSIGNMENT (( #5248 ) ) ;
#6072 = ORIENTED_EDGE ( 'NONE', *, *, #4295, .F. ) ;
#6073 = VECTOR ( 'NONE', #6873, 1000.000000000000000 ) ;
#6074 =( LENGTH_UNIT ( ) NAMED_UNIT ( * ) SI_UNIT ( .MILLI., .METRE. ) );
#6075 = VECTOR ( 'NONE', #8211, 1000.000000000000000 ) ;
#6076 = DIRECTION ( 'NONE',  ( -1.000000000000000000, 0.000000000000000000, 0.000000000000000000 ) ) ;
#6077 = CARTESIAN_POINT ( 'NONE',  ( -16.94289321881343113, 20.64999999999999858, 0.5000000000000004441 ) ) ;
#6078 = CARTESIAN_POINT ( 'NONE',  ( 0.000000000000000000, 0.000000000000000000, 45.00000000000000000 ) ) ;
#6079 = DIRECTION ( 'NONE',  ( 0.000000000000000000, 0.000000000000000000, 1.000000000000000000 ) ) ;
#6080 = ORIENTED_EDGE ( 'NONE', *, *, #1391, .T. ) ;
#6081 = COLOUR_RGB ( '',1.000000000000000000, 1.000000000000000000, 1.000000000000000000 ) ;
#6082 = EDGE_LOOP ( 'NONE', ( #2936, #6289, #8780, #6553, #3824 ) ) ;
#6083 = FILL_AREA_STYLE_COLOUR ( '', #3744 ) ;
#6084 = EDGE_LOOP ( 'NONE', ( #8231, #10089, #7674 ) ) ;
#6085 = UNCERTAINTY_MEASURE_WITH_UNIT (LENGTH_MEASURE( 1.000000000000000082E-05 ), #2158, 'distance_accuracy_value', 'NONE');
#6086 = CYLINDRICAL_SURFACE ( 'NONE', #2068, 0.5787973969144516451 ) ;
#6087 = CARTESIAN_POINT ( 'NONE',  ( 17.29644660940673262, 21.00355339059327520, 8.000000000000000000 ) ) ;
#6088 = DIRECTION ( 'NONE',  ( 1.000000000000000000, 0.000000000000000000, -0.000000000000000000 ) ) ;
#6089 = DIRECTION ( 'NONE',  ( -0.000000000000000000, -1.000000000000000000, 0.000000000000000000 ) ) ;
#6090 = VECTOR ( 'NONE', #9667, 1000.000000000000000 ) ;
#6091 = CIRCLE ( 'NONE', #5099, 1.299999999999999156 ) ;
#6092 = PLANE ( 'NONE',  #7510 ) ;
#6093 = FILL_AREA_STYLE ('',( #7631 ) ) ;
#6094 = LINE ( 'NONE', #9895, #9282 ) ;
#6095 = SURFACE_STYLE_USAGE ( .BOTH. , #6866 ) ;
#6096 = AXIS2_PLACEMENT_3D ( 'NONE', #8492, #6762, #5317 ) ;
#6097 = VERTEX_POINT ( 'NONE', #4054 ) ;
#6098 = ORIENTED_EDGE ( 'NONE', *, *, #8691, .T. ) ;
#6099 = UNCERTAINTY_MEASURE_WITH_UNIT (LENGTH_MEASURE( 1.000000000000000082E-05 ), #5502, 'distance_accuracy_value', 'NONE');
#6100 = AXIS2_PLACEMENT_3D ( 'NONE', #220, #3536, #2768 ) ;
#6101 = VERTEX_POINT ( 'NONE', #2426 ) ;
#6102 = COLOUR_RGB ( '',0.2509803921568627416, 0.2509803921568627416, 0.2509803921568627416 ) ;
#6103 = DIRECTION ( 'NONE',  ( 0.000000000000000000, 0.000000000000000000, 1.000000000000000000 ) ) ;
#6104 = CARTESIAN_POINT ( 'NONE',  ( -21.14999999999999503, -16.94289321881344534, 48.00000000000000000 ) ) ;
#6105 = LINE ( 'NONE', #10003, #4246 ) ;
#6106 = FACE_BOUND ( 'NONE', #2117, .T. ) ;
#6107 = MECHANICAL_DESIGN_GEOMETRIC_PRESENTATION_REPRESENTATION (  '', ( #9552 ), #5449 ) ;
#6108 = AXIS2_PLACEMENT_3D ( 'NONE', #6050, #7586, #2122 ) ;
#6109 = CARTESIAN_POINT ( 'NONE',  ( -14.15069333393213924, -15.79760451292830403, 47.49833231681230217 ) ) ;
#6110 = EDGE_CURVE ( 'NONE', #7295, #4679, #7077, .T. ) ;
#6111 = CARTESIAN_POINT ( 'NONE',  ( -15.49999999999897859, -15.50000000000102141, 48.00000000000000000 ) ) ;
#6112 = VERTEX_POINT ( 'NONE', #7892 ) ;
#6113 = ORIENTED_EDGE ( 'NONE', *, *, #3657, .F. ) ;
#6114 = DIRECTION ( 'NONE',  ( -0.000000000000000000, -0.000000000000000000, -1.000000000000000000 ) ) ;
#6115 = EDGE_CURVE ( 'NONE', #1855, #5312, #5696, .T. ) ;
#6116 = SURFACE_STYLE_FILL_AREA ( #3923 ) ;
#6117 = LINE ( 'NONE', #7654, #3247 ) ;
#6118 = SURFACE_SIDE_STYLE ('',( #8472 ) ) ;
#6119 = ADVANCED_FACE ( 'NONE', ( #1662 ), #9431, .T. ) ;
#6120 = PRESENTATION_LAYER_ASSIGNMENT (  '', '', ( #1174 ) ) ;
#6121 = VECTOR ( 'NONE', #6159, 1000.000000000000000 ) ;
#6122 = ORIENTED_EDGE ( 'NONE', *, *, #1560, .T. ) ;
#6123 = ORIENTED_EDGE ( 'NONE', *, *, #1952, .T. ) ;
#6124 = CARTESIAN_POINT ( 'NONE',  ( 10.49999999999999822, 1.316495309083404420E-15, -2.000000000000000000 ) ) ;
#6125 = EDGE_LOOP ( 'NONE', ( #6478, #3941, #8034, #6790, #8136, #3655 ) ) ;
#6126 = EDGE_CURVE ( 'NONE', #10171, #5626, #6612, .T. ) ;
#6127 = DIRECTION ( 'NONE',  ( 1.000000000000000000, 0.000000000000000000, 0.000000000000000000 ) ) ;
#6128 = TOROIDAL_SURFACE ( 'NONE', #2341, 1.299999999999999600, 1.000000000000000000 ) ;
#6129 = DIRECTION ( 'NONE',  ( -1.000000000000000000, -6.220110695751237651E-15, 0.000000000000000000 ) ) ;
#6130 = CARTESIAN_POINT ( 'NONE',  ( 20.64999999999999858, 16.94289321881344534, 0.5000000000000000000 ) ) ;
#6131 = EDGE_CURVE ( 'NONE', #3289, #1182, #9865, .T. ) ;
#6132 = DIRECTION ( 'NONE',  ( 0.000000000000000000, -0.000000000000000000, -1.000000000000000000 ) ) ;
#6133 = EDGE_CURVE ( 'NONE', #5497, #5489, #3458, .T. ) ;
#6134 = SURFACE_SIDE_STYLE ('',( #2935 ) ) ;
#6135 = VECTOR ( 'NONE', #8537, 1000.000000000000000 ) ;
#6136 = ORIENTED_EDGE ( 'NONE', *, *, #5313, .F. ) ;
#6137 = ORIENTED_EDGE ( 'NONE', *, *, #1811, .T. ) ;
#6138 = ORIENTED_EDGE ( 'NONE', *, *, #2442, .T. ) ;
#6139 = CARTESIAN_POINT ( 'NONE',  ( 15.05359323060813992, -14.15069333393208417, 47.49262389544714580 ) ) ;
#6140 = ADVANCED_FACE ( 'NONE', ( #6509 ), #2638, .F. ) ;
#6141 = DIRECTION ( 'NONE',  ( -1.000000000000000000, 2.488044278300495060E-14, 0.000000000000000000 ) ) ;
#6142 = SURFACE_SIDE_STYLE ('',( #6808 ) ) ;
#6143 = DIRECTION ( 'NONE',  ( 0.000000000000000000, 0.000000000000000000, 1.000000000000000000 ) ) ;
#6144 = CIRCLE ( 'NONE', #5148, 0.5000000000000006661 ) ;
#6145 = FACE_OUTER_BOUND ( 'NONE', #2207, .T. ) ;
#6146 = ORIENTED_EDGE ( 'NONE', *, *, #3589, .F. ) ;
#6147 = FACE_OUTER_BOUND ( 'NONE', #3345, .T. ) ;
#6148 = ORIENTED_EDGE ( 'NONE', *, *, #3155, .T. ) ;
#6149 = ORIENTED_EDGE ( 'NONE', *, *, #6634, .F. ) ;
#6150 = DIRECTION ( 'NONE',  ( -4.101001125240678281E-16, -1.000000000000000000, 0.000000000000000000 ) ) ;
#6151 = CARTESIAN_POINT ( 'NONE',  ( 0.000000000000000000, 0.000000000000000000, 48.00000000000000000 ) ) ;
#6152 = DIRECTION ( 'NONE',  ( -0.000000000000000000, 1.000000000000000000, -0.000000000000000000 ) ) ;
#6153 = CARTESIAN_POINT ( 'NONE',  ( 14.15069333393202555, 15.05359323060818433, 46.50000000000000000 ) ) ;
#6154 = DIRECTION ( 'NONE',  ( 1.000000000000000000, 0.000000000000000000, 0.000000000000000000 ) ) ;
#6155 = CARTESIAN_POINT ( 'NONE',  ( -15.05359323060823407, 15.92449465477564097, 46.50000000000000000 ) ) ;
#6157 = ORIENTED_EDGE ( 'NONE', *, *, #3414, .T. ) ;
#6156 = COLOUR_RGB ( '',0.2509803921568627416, 0.2509803921568627416, 0.2509803921568627416 ) ;
#6158 = ORIENTED_EDGE ( 'NONE', *, *, #7071, .F. ) ;
#6159 = DIRECTION ( 'NONE',  ( 8.202002250481356316E-17, -1.000000000000000000, -0.000000000000000000 ) ) ;
#6160 = DIRECTION ( 'NONE',  ( -0.000000000000000000, -1.000000000000000000, 0.000000000000000000 ) ) ;
#6161 = ADVANCED_FACE ( 'NONE', ( #7470, #3350 ), #9007, .T. ) ;
#6162 = COLOUR_RGB ( '',0.2509803921568627416, 0.2509803921568627416, 0.2509803921568627416 ) ;
#6163 = CARTESIAN_POINT ( 'NONE',  ( 17.29644660940669354, 21.00355339059327520, 48.00000000000000000 ) ) ;
#6164 = VERTEX_POINT ( 'NONE', #2527 ) ;
#6165 = EDGE_LOOP ( 'NONE', ( #1303, #4702, #9152, #7554 ) ) ;
#6166 = DIRECTION ( 'NONE',  ( 1.000000000000000000, 0.000000000000000000, 0.000000000000000000 ) ) ;
#6167 = ORIENTED_EDGE ( 'NONE', *, *, #9175, .T. ) ;
#6168 = CARTESIAN_POINT ( 'NONE',  ( 16.84930666606603111, 15.05359323060817367, 46.50000000000000000 ) ) ;
#6169 = SURFACE_STYLE_USAGE ( .BOTH. , #1485 ) ;
#6170 = ADVANCED_FACE ( 'NONE', ( #4955 ), #7327, .F. ) ;
#6171 = DIRECTION ( 'NONE',  ( -1.000000000000000000, 1.244022139150247530E-14, 0.000000000000000000 ) ) ;
#6172 =( NAMED_UNIT ( * ) SI_UNIT ( $, .STERADIAN. ) SOLID_ANGLE_UNIT ( ) );
#6173 = FACE_OUTER_BOUND ( 'NONE', #6165, .T. ) ;
#6174 = FACE_OUTER_BOUND ( 'NONE', #8594, .T. ) ;
#6175 = EDGE_CURVE ( 'NONE', #9159, #10203, #10045, .T. ) ;
#6176 = MECHANICAL_DESIGN_GEOMETRIC_PRESENTATION_REPRESENTATION (  '', ( #2886 ), #1072 ) ;
#6177 = DIRECTION ( 'NONE',  ( 1.000000000000000000, 0.000000000000000000, 0.000000000000000000 ) ) ;
#6178 = ORIENTED_EDGE ( 'NONE', *, *, #1343, .F. ) ;
#6179 = ORIENTED_EDGE ( 'NONE', *, *, #372, .T. ) ;
#6180 = PLANE ( 'NONE',  #8675 ) ;
#6181 = ORIENTED_EDGE ( 'NONE', *, *, #7254, .F. ) ;
#6182 = DIRECTION ( 'NONE',  ( -0.000000000000000000, -0.000000000000000000, 1.000000000000000000 ) ) ;
#6183 = DIRECTION ( 'NONE',  ( -0.000000000000000000, -0.000000000000000000, 1.000000000000000000 ) ) ;
#6184 = EDGE_CURVE ( 'NONE', #6719, #7116, #663, .T. ) ;
#6185 = SURFACE_STYLE_FILL_AREA ( #3246 ) ;
#6186 = COLOUR_RGB ( '',0.2509803921568627416, 0.2509803921568627416, 0.2509803921568627416 ) ;
#6187 = FACE_OUTER_BOUND ( 'NONE', #9465, .T. ) ;
#6188 = AXIS2_PLACEMENT_3D ( 'NONE', #2073, #5183, #5333 ) ;
#6189 = EDGE_CURVE ( 'NONE', #1196, #8378, #654, .T. ) ;
#6190 = DIRECTION ( 'NONE',  ( 1.000000000000000000, 0.000000000000000000, -0.000000000000000000 ) ) ;
#6191 = SURFACE_SIDE_STYLE ('',( #10199 ) ) ;
#6192 = ADVANCED_FACE ( 'NONE', ( #2792 ), #1394, .T. ) ;
#6193 = DIRECTION ( 'NONE',  ( -1.000000000000000000, 0.000000000000000000, 0.000000000000000000 ) ) ;
#6194 = ORIENTED_EDGE ( 'NONE', *, *, #9697, .T. ) ;
#6195 = AXIS2_PLACEMENT_3D ( 'NONE', #8852, #1037, #4854 ) ;
#6196 = LINE ( 'NONE', #10148, #9462 ) ;
#6197 = VECTOR ( 'NONE', #3957, 1000.000000000000000 ) ;
#6198 = ORIENTED_EDGE ( 'NONE', *, *, #5866, .T. ) ;
#6199 = B_SPLINE_CURVE_WITH_KNOTS ( 'NONE', 3,
 ( #326, #5854, #2757, #9907 ),
 .UNSPECIFIED., .F., .F.,
 ( 4, 4 ),
 ( 0.000000000000000000, 0.0001285675718489037646 ),
 .UNSPECIFIED. ) ;
#6200 = CARTESIAN_POINT ( 'NONE',  ( 15.07550534522236063, 14.25314224406705677, 47.50000000000000000 ) ) ;
#6201 = ORIENTED_EDGE ( 'NONE', *, *, #9942, .F. ) ;
#6202 = CARTESIAN_POINT ( 'NONE',  ( -15.07550534522247609, -15.94640676939193469, 46.50000000000000000 ) ) ;
#6203 = CARTESIAN_POINT ( 'NONE',  ( -2.500000000000000000, 3.061616997868383141E-16, -23.50000000000000711 ) ) ;
#6204 = FILL_AREA_STYLE_COLOUR ( '', #9700 ) ;
#6205 = LINE ( 'NONE', #5190, #6451 ) ;
#6206 = DIRECTION ( 'NONE',  ( -0.000000000000000000, -0.000000000000000000, -1.000000000000000000 ) ) ;
#6207 = DIRECTION ( 'NONE',  ( -0.000000000000000000, -0.000000000000000000, -1.000000000000000000 ) ) ;
#6208 = CIRCLE ( 'NONE', #5219, 0.5000000000000004441 ) ;
#6209 = VECTOR ( 'NONE', #5522, 1000.000000000000000 ) ;
#6210 = DIRECTION ( 'NONE',  ( 7.503031772074197377E-15, 1.000000000000000000, 0.000000000000000000 ) ) ;
#6211 = AXIS2_PLACEMENT_3D ( 'NONE', #1937, #2817, #7499 ) ;
#6212 = DIRECTION ( 'NONE',  ( 0.000000000000000000, 0.000000000000000000, 1.000000000000000000 ) ) ;
#6213 = DIRECTION ( 'NONE',  ( -1.000000000000000000, 0.000000000000000000, 0.000000000000000000 ) ) ;
#6214 = ORIENTED_EDGE ( 'NONE', *, *, #3607, .T. ) ;
#6215 = DIRECTION ( 'NONE',  ( 1.224646799147353207E-16, 1.000000000000000000, -0.000000000000000000 ) ) ;
#6216 = ORIENTED_EDGE ( 'NONE', *, *, #6940, .T. ) ;
#6217 = CARTESIAN_POINT ( 'NONE',  ( 15.94640676939198087, -16.84930666606609151, 47.50000000000000000 ) ) ;
#6218 = CARTESIAN_POINT ( 'NONE',  ( -16.94289321881343469, -20.65000000000000568, 47.50000000000000000 ) ) ;
#6219 = DIRECTION ( 'NONE',  ( -0.000000000000000000, -0.000000000000000000, 1.000000000000000000 ) ) ;
#6220 = CARTESIAN_POINT ( 'NONE',  ( -1.379851512413567960, -39.15000000000000568, 41.54834905086877939 ) ) ;
#6221 = MECHANICAL_DESIGN_GEOMETRIC_PRESENTATION_REPRESENTATION (  '', ( #9989 ), #2263 ) ;
#6222 = VERTEX_POINT ( 'NONE', #7572 ) ;
#6223 = ORIENTED_EDGE ( 'NONE', *, *, #321, .F. ) ;
#6224 = DIRECTION ( 'NONE',  ( 0.000000000000000000, 0.000000000000000000, 1.000000000000000000 ) ) ;
#6225 = ORIENTED_EDGE ( 'NONE', *, *, #3469, .F. ) ;
#6226 = VECTOR ( 'NONE', #285, 1000.000000000000000 ) ;
#6227 = CARTESIAN_POINT ( 'NONE',  ( -14.15069333393214102, -15.94640676939194535, 46.50000000000000000 ) ) ;
#6228 = DIRECTION ( 'NONE',  ( 0.000000000000000000, 0.000000000000000000, 1.000000000000000000 ) ) ;
#6229 = LINE ( 'NONE', #3189, #8913 ) ;
#6230 = AXIS2_PLACEMENT_3D ( 'NONE', #4490, #3101, #8352 ) ;
#6231 = CARTESIAN_POINT ( 'NONE',  ( -15.07550534522246899, -15.05359323060807775, 47.50000000000000000 ) ) ;
#6232 = CARTESIAN_POINT ( 'NONE',  ( 0.000000000000000000, 0.000000000000000000, 8.000000000000000000 ) ) ;
#6233 = DIRECTION ( 'NONE',  ( -0.000000000000000000, 1.000000000000000000, 0.000000000000000000 ) ) ;
#6234 = ORIENTED_EDGE ( 'NONE', *, *, #3341, .T. ) ;
#6235 = EDGE_LOOP ( 'NONE', ( #9108, #1428, #5276, #9174 ) ) ;
#6236 = EDGE_CURVE ( 'NONE', #2223, #7911, #2971, .T. ) ;
#6237 =( NAMED_UNIT ( * ) SI_UNIT ( $, .STERADIAN. ) SOLID_ANGLE_UNIT ( ) );
#6238 = ORIENTED_EDGE ( 'NONE', *, *, #1016, .F. ) ;
#6239 = TOROIDAL_SURFACE ( 'NONE', #955, 3.499999999999780620, 0.5000000000000000000 ) ;
#6240 = DIRECTION ( 'NONE',  ( 0.000000000000000000, 0.000000000000000000, 1.000000000000000000 ) ) ;
#6241 = EDGE_CURVE ( 'NONE', #501, #9897, #4273, .T. ) ;
#6242 = CARTESIAN_POINT ( 'NONE',  ( -15.49999999999897859, -15.50000000000102141, 47.50000000000000000 ) ) ;
#6243 =( NAMED_UNIT ( * ) SI_UNIT ( $, .STERADIAN. ) SOLID_ANGLE_UNIT ( ) );
#6244 = CIRCLE ( 'NONE', #962, 25.00000000000000000 ) ;
#6245 = CARTESIAN_POINT ( 'NONE',  ( -11.00000000000000000, 0.000000000000000000, -1.500000000000000000 ) ) ;
#6246 = VECTOR ( 'NONE', #7399, 1000.000000000000000 ) ;
#6247 = DIRECTION ( 'NONE',  ( 0.000000000000000000, 0.000000000000000000, -1.000000000000000000 ) ) ;
#6248 = EDGE_CURVE ( 'NONE', #354, #6802, #4379, .T. ) ;
#6249 = EDGE_CURVE ( 'NONE', #7033, #9559, #5947, .T. ) ;
#6250 = DIRECTION ( 'NONE',  ( 0.000000000000000000, 0.000000000000000000, -1.000000000000000000 ) ) ;
#6251 = ADVANCED_FACE ( 'NONE', ( #6036, #3707 ), #4433, .T. ) ;
#6252 = ORIENTED_EDGE ( 'NONE', *, *, #1704, .T. ) ;
#6253 = ORIENTED_EDGE ( 'NONE', *, *, #8388, .T. ) ;
#6254 = DIRECTION ( 'NONE',  ( 0.000000000000000000, 1.000000000000000000, 6.938893903907221278E-15 ) ) ;
#6255 = DIRECTION ( 'NONE',  ( 0.000000000000000000, 0.000000000000000000, -1.000000000000000000 ) ) ;
#6256 = MECHANICAL_DESIGN_GEOMETRIC_PRESENTATION_REPRESENTATION (  '', ( #8379 ), #7076 ) ;
#6257 = AXIS2_PLACEMENT_3D ( 'NONE', #2361, #8070, #7206 ) ;
#6258 = DIRECTION ( 'NONE',  ( -0.7071067811865474617, 0.7071067811865474617, 0.000000000000000000 ) ) ;
#6259 = DIRECTION ( 'NONE',  ( -0.000000000000000000, -0.000000000000000000, 1.000000000000000000 ) ) ;
#6260 = PLANE ( 'NONE',  #2564 ) ;
#6261 = DIRECTION ( 'NONE',  ( -0.000000000000000000, -0.000000000000000000, -1.000000000000000000 ) ) ;
#6262 =( GEOMETRIC_REPRESENTATION_CONTEXT ( 3 ) GLOBAL_UNCERTAINTY_ASSIGNED_CONTEXT ( ( #7530 ) ) GLOBAL_UNIT_ASSIGNED_CONTEXT ( ( #3085, #5308, #8389 ) ) REPRESENTATION_CONTEXT ( 'NONE', 'WORKASPACE' ) );
#6263 = STYLED_ITEM ( 'NONE', ( #6002 ), #5943 ) ;
#6264 = CARTESIAN_POINT ( 'NONE',  ( 14.23501994154226225, -15.07550534522241215, 47.49955985394393565 ) ) ;
#6265 = ORIENTED_EDGE ( 'NONE', *, *, #9927, .F. ) ;
#6266 = EDGE_CURVE ( 'NONE', #341, #3922, #6431, .T. ) ;
#6267 = VERTEX_POINT ( 'NONE', #9220 ) ;
#6268 =( LENGTH_UNIT ( ) NAMED_UNIT ( * ) SI_UNIT ( .MILLI., .METRE. ) );
#6269 = EDGE_CURVE ( 'NONE', #7293, #4293, #5318, .T. ) ;
#6270 = DIRECTION ( 'NONE',  ( 0.000000000000000000, 0.000000000000000000, 1.000000000000000000 ) ) ;
#6271 = STYLED_ITEM ( 'NONE', ( #4164 ), #6161 ) ;
#6272 = LINE ( 'NONE', #8470, #1096 ) ;
#6273 = PLANE ( 'NONE',  #3135 ) ;
#6274 = ORIENTED_EDGE ( 'NONE', *, *, #3108, .F. ) ;
#6276 = ORIENTED_EDGE ( 'NONE', *, *, #5623, .F. ) ;
#6275 = VECTOR ( 'NONE', #8172, 1000.000000000000000 ) ;
#6277 = PRESENTATION_STYLE_ASSIGNMENT (( #1480 ) ) ;
#6278 = ORIENTED_EDGE ( 'NONE', *, *, #5165, .T. ) ;
#6279 = CARTESIAN_POINT ( 'NONE',  ( 15.07550534522235530, 16.78307522795905982, 46.50000000000000000 ) ) ;
#6280 =( LENGTH_UNIT ( ) NAMED_UNIT ( * ) SI_UNIT ( .MILLI., .METRE. ) );
#6281 = CARTESIAN_POINT ( 'NONE',  ( -21.14999999999999503, -16.94289321881344534, 8.000000000000000000 ) ) ;
#6282 = CARTESIAN_POINT ( 'NONE',  ( -16.94289321881343469, 20.64999999999999858, 47.50000000000000000 ) ) ;
#6283 = CIRCLE ( 'NONE', #9402, 2.999999999999999112 ) ;
#6284 = DIRECTION ( 'NONE',  ( -0.000000000000000000, -0.000000000000000000, -1.000000000000000000 ) ) ;
#6285 = CYLINDRICAL_SURFACE ( 'NONE', #6585, 0.5787973969144516451 ) ;
#6286 = ORIENTED_EDGE ( 'NONE', *, *, #10200, .F. ) ;
#6287 = ORIENTED_EDGE ( 'NONE', *, *, #9126, .F. ) ;
#6288 = CARTESIAN_POINT ( 'NONE',  ( 15.05359323060812216, -16.84930666606608440, 47.50000000000000000 ) ) ;
#6289 = ORIENTED_EDGE ( 'NONE', *, *, #7814, .T. ) ;
#6290 = UNCERTAINTY_MEASURE_WITH_UNIT (LENGTH_MEASURE( 1.000000000000000082E-05 ), #7579, 'distance_accuracy_value', 'NONE');
#6291 = VECTOR ( 'NONE', #6766, 1000.000000000000000 ) ;
#6292 = DIRECTION ( 'NONE',  ( 0.000000000000000000, 0.000000000000000000, 1.000000000000000000 ) ) ;
#6293 = LINE ( 'NONE', #6340, #817 ) ;
#6294 = DIRECTION ( 'NONE',  ( -8.293480927668351052E-15, -1.000000000000000000, 0.000000000000000000 ) ) ;
#6295 = DIRECTION ( 'NONE',  ( -0.000000000000000000, -0.000000000000000000, 1.000000000000000000 ) ) ;
#6296 = SURFACE_STYLE_FILL_AREA ( #8834 ) ;
#6297 = EDGE_CURVE ( 'NONE', #4939, #1890, #8228, .T. ) ;
#6298 = VECTOR ( 'NONE', #1694, 1000.000000000000000 ) ;
#6299 = CARTESIAN_POINT ( 'NONE',  ( 21.00355339059327520, 17.29644660940671841, 0.5000000000000000000 ) ) ;
#6300 =( NAMED_UNIT ( * ) PLANE_ANGLE_UNIT ( ) SI_UNIT ( $, .RADIAN. ) );
#6301 = PRESENTATION_STYLE_ASSIGNMENT (( #3156 ) ) ;
#6302 = ORIENTED_EDGE ( 'NONE', *, *, #8060, .F. ) ;
#6303 = PLANE ( 'NONE',  #7501 ) ;
#6304 = CARTESIAN_POINT ( 'NONE',  ( -15.50000000000016520, 15.49999999999897504, 46.00000000000000000 ) ) ;
#6305 = VECTOR ( 'NONE', #87, 1000.000000000000000 ) ;
#6306 = CARTESIAN_POINT ( 'NONE',  ( 15.05359323060813814, -14.23619328529421679, 47.50000000000000000 ) ) ;
#6307 = SURFACE_STYLE_FILL_AREA ( #2332 ) ;
#6308 = DIRECTION ( 'NONE',  ( -0.000000000000000000, -0.000000000000000000, 1.000000000000000000 ) ) ;
#6309 = DIRECTION ( 'NONE',  ( -0.000000000000000000, -0.000000000000000000, 1.000000000000000000 ) ) ;
#6310 = VECTOR ( 'NONE', #3736, 1000.000000000000000 ) ;
#6311 = LINE ( 'NONE', #3770, #1078 ) ;
#6312 = DIRECTION ( 'NONE',  ( 1.000000000000000000, 3.690901012716600198E-15, 0.000000000000000000 ) ) ;
#6313 = ADVANCED_FACE ( 'NONE', ( #4583 ), #9111, .F. ) ;
#6314 = DIRECTION ( 'NONE',  ( 0.000000000000000000, 1.000000000000000000, 0.000000000000000000 ) ) ;
#6315 = ORIENTED_EDGE ( 'NONE', *, *, #5880, .T. ) ;
#6316 = DIRECTION ( 'NONE',  ( 1.000000000000000000, 0.000000000000000000, 0.000000000000000000 ) ) ;
#6317 = ORIENTED_EDGE ( 'NONE', *, *, #5046, .F. ) ;
#6318 = CIRCLE ( 'NONE', #5490, 1.249999999999999334 ) ;
#6319 = DIRECTION ( 'NONE',  ( 0.000000000000000000, 0.000000000000000000, -1.000000000000000000 ) ) ;
#6320 = CARTESIAN_POINT ( 'NONE',  ( -13.20000000000016449, 15.49999999999897504, 46.00000000000000000 ) ) ;
#6321 = ADVANCED_FACE ( 'NONE', ( #4838 ), #4782, .T. ) ;
#6322 = CARTESIAN_POINT ( 'NONE',  ( -2.799999999999999822, 3.429011037612588783E-16, 46.00000000000000000 ) ) ;
#6323 = DIRECTION ( 'NONE',  ( 0.000000000000000000, 0.000000000000000000, 1.000000000000000000 ) ) ;
#6324 = ADVANCED_FACE ( 'NONE', ( #7977 ), #40, .F. ) ;
#6325 = DIRECTION ( 'NONE',  ( 1.000000000000000000, 0.000000000000000000, 0.000000000000000000 ) ) ;
#6326 = EDGE_CURVE ( 'NONE', #3681, #8899, #2479, .T. ) ;
#6327 = ORIENTED_EDGE ( 'NONE', *, *, #1451, .F. ) ;
#6328 = ORIENTED_EDGE ( 'NONE', *, *, #5417, .T. ) ;
#6329 = CARTESIAN_POINT ( 'NONE',  ( -21.14999999999999503, -13.32957238623956364, 40.00000000000000000 ) ) ;
#6330 = LINE ( 'NONE', #9985, #1435 ) ;
#6331 = DIRECTION ( 'NONE',  ( 8.202002250481357549E-17, -1.000000000000000000, -0.000000000000000000 ) ) ;
#6332 = LINE ( 'NONE', #2503, #6025 ) ;
#6333 = SURFACE_STYLE_USAGE ( .BOTH. , #7865 ) ;
#6334 = COLOUR_RGB ( '',0.2509803921568627416, 0.2509803921568627416, 0.2509803921568627416 ) ;
#6335 = ORIENTED_EDGE ( 'NONE', *, *, #4604, .F. ) ;
#6336 = ORIENTED_EDGE ( 'NONE', *, *, #3788, .T. ) ;
#6337 = SURFACE_SIDE_STYLE ('',( #3194 ) ) ;
#6338 = ORIENTED_EDGE ( 'NONE', *, *, #10086, .T. ) ;
#6339 = CARTESIAN_POINT ( 'NONE',  ( -15.92449465477579018, -14.21692477204105209, 47.49867441544044055 ) ) ;
#6340 = CARTESIAN_POINT ( 'NONE',  ( 13.32957238623955121, -21.15000000000000568, 99.84951795962939514 ) ) ;
#6341 = CARTESIAN_POINT ( 'NONE',  ( 15.49999999999983658, 15.50000000000015987, 47.50000000000000000 ) ) ;
#6342 = CARTESIAN_POINT ( 'NONE',  ( -14.15069333393214102, -15.94640676939194535, 47.49262389544732343 ) ) ;
#6343 = CARTESIAN_POINT ( 'NONE',  ( 15.07550534522236063, 15.05359323060818078, 46.50000000000000000 ) ) ;
#6344 = DIRECTION ( 'NONE',  ( -1.000000000000000000, 0.000000000000000000, 0.000000000000000000 ) ) ;
#6345 = PRESENTATION_STYLE_ASSIGNMENT (( #45 ) ) ;
#6346 = ORIENTED_EDGE ( 'NONE', *, *, #7877, .F. ) ;
#6347 = STYLED_ITEM ( 'NONE', ( #3516 ), #9200 ) ;
#6348 = EDGE_LOOP ( 'NONE', ( #5985, #6179, #4824, #5519, #2785, #4962, #10042, #2698, #1689, #587, #10068, #6238, #4160, #4064 ) ) ;
#6349 = CARTESIAN_POINT ( 'NONE',  ( 2.799999999999999822, 0.000000000000000000, 45.00000000000000000 ) ) ;
#6350 = VECTOR ( 'NONE', #9565, 1000.000000000000000 ) ;
#6351 = PLANE ( 'NONE',  #240 ) ;
#6352 = DIRECTION ( 'NONE',  ( 0.000000000000000000, 0.000000000000000000, -1.000000000000000000 ) ) ;
#6353 = PRESENTATION_LAYER_ASSIGNMENT (  '', '', ( #78 ) ) ;
#6354 = CARTESIAN_POINT ( 'NONE',  ( -15.49999999999999645, 15.50000000000000000, -2.266821225221747863E-17 ) ) ;
#6355 = AXIS2_PLACEMENT_3D ( 'NONE', #2583, #101, #3259 ) ;
#6356 =( GEOMETRIC_REPRESENTATION_CONTEXT ( 3 ) GLOBAL_UNCERTAINTY_ASSIGNED_CONTEXT ( ( #2060 ) ) GLOBAL_UNIT_ASSIGNED_CONTEXT ( ( #2854, #9182, #7590 ) ) REPRESENTATION_CONTEXT ( 'NONE', 'WORKASPACE' ) );
#6357 = FACE_OUTER_BOUND ( 'NONE', #3569, .T. ) ;
#6358 = DIRECTION ( 'NONE',  ( -1.000000000000000000, 7.503031772074197377E-15, 0.000000000000000000 ) ) ;
#6359 = EDGE_LOOP ( 'NONE', ( #4553, #5557, #8087, #6593 ) ) ;
#6360 = AXIS2_PLACEMENT_3D ( 'NONE', #2275, #7074, #8551 ) ;
#6361 = VERTEX_POINT ( 'NONE', #4685 ) ;
#6362 =( NAMED_UNIT ( * ) SI_UNIT ( $, .STERADIAN. ) SOLID_ANGLE_UNIT ( ) );
#6363 =( LENGTH_UNIT ( ) NAMED_UNIT ( * ) SI_UNIT ( .MILLI., .METRE. ) );
#6364 = ADVANCED_FACE ( 'NONE', ( #7061 ), #10140, .F. ) ;
#6365 = CARTESIAN_POINT ( 'NONE',  ( -15.05359323060823584, 14.27904914257634239, 47.50000000000000000 ) ) ;
#6366 = CARTESIAN_POINT ( 'NONE',  ( -21.14999999999999503, -16.94289321881344534, 47.50000000000000000 ) ) ;
#6367 = DIRECTION ( 'NONE',  ( 1.000000000000000000, 0.000000000000000000, 0.000000000000000000 ) ) ;
#6368 = MECHANICAL_DESIGN_GEOMETRIC_PRESENTATION_REPRESENTATION (  '', ( #4384 ), #4555 ) ;
#6369 = EDGE_CURVE ( 'NONE', #7116, #8406, #3809, .T. ) ;
#6370 = EDGE_LOOP ( 'NONE', ( #1982, #8521, #7182, #4989, #8488, #5386, #9161, #7057, #5420, #3495, #5754, #10077 ) ) ;
#6371 = VECTOR ( 'NONE', #6219, 1000.000000000000000 ) ;
#6372 = UNCERTAINTY_MEASURE_WITH_UNIT (LENGTH_MEASURE( 1.000000000000000082E-05 ), #6393, 'distance_accuracy_value', 'NONE');
#6373 = EDGE_CURVE ( 'NONE', #7856, #6419, #494, .T. ) ;
#6374 = ORIENTED_EDGE ( 'NONE', *, *, #999, .F. ) ;
#6375 = B_SPLINE_CURVE_WITH_KNOTS ( 'NONE', 3,
 ( #5456, #9460, #7969, #169 ),
 .UNSPECIFIED., .F., .F.,
 ( 4, 4 ),
 ( 0.000000000000000000, 0.0001012530508707635624 ),
 .UNSPECIFIED. ) ;
#6376 = EDGE_CURVE ( 'NONE', #466, #7818, #5617, .T. ) ;
#6377 = CARTESIAN_POINT ( 'NONE',  ( -4.000000000000000000, 4.898587196589412829E-16, 48.00000000000000000 ) ) ;
#6378 =( NAMED_UNIT ( * ) PLANE_ANGLE_UNIT ( ) SI_UNIT ( $, .RADIAN. ) );
#6379 = ADVANCED_FACE ( 'NONE', ( #867 ), #9526, .T. ) ;
#6380 = LINE ( 'NONE', #5705, #4045 ) ;
#6381 = LINE ( 'NONE', #7968, #2351 ) ;
#6382 = DIRECTION ( 'NONE',  ( 0.000000000000000000, 0.000000000000000000, 1.000000000000000000 ) ) ;
#6383 = DIRECTION ( 'NONE',  ( -1.000000000000000000, 0.000000000000000000, 0.000000000000000000 ) ) ;
#6384 = MECHANICAL_DESIGN_GEOMETRIC_PRESENTATION_REPRESENTATION (  '', ( #942 ), #8660 ) ;
#6385 = VERTEX_POINT ( 'NONE', #4887 ) ;
#6386 = VERTEX_POINT ( 'NONE', #4199 ) ;
#6387 = DIRECTION ( 'NONE',  ( 0.000000000000000000, -1.000000000000000000, 0.000000000000000000 ) ) ;
#6388 = VECTOR ( 'NONE', #4218, 1000.000000000000000 ) ;
#6389 = VERTEX_POINT ( 'NONE', #5663 ) ;
#6390 = UNCERTAINTY_MEASURE_WITH_UNIT (LENGTH_MEASURE( 1.000000000000000082E-05 ), #7133, 'distance_accuracy_value', 'NONE');
#6391 = UNCERTAINTY_MEASURE_WITH_UNIT (LENGTH_MEASURE( 1.000000000000000082E-05 ), #3185, 'distance_accuracy_value', 'NONE');
#6392 = CARTESIAN_POINT ( 'NONE',  ( -20.64999999999999503, 16.94289321881344534, 0.5000000000000000000 ) ) ;
#6393 =( LENGTH_UNIT ( ) NAMED_UNIT ( * ) SI_UNIT ( .MILLI., .METRE. ) );
#6394 = VECTOR ( 'NONE', #7018, 1000.000000000000000 ) ;
#6395 = EDGE_CURVE ( 'NONE', #4988, #9038, #989, .T. ) ;
#6396 = LINE ( 'NONE', #7315, #1186 ) ;
#6397 = DIRECTION ( 'NONE',  ( 0.000000000000000000, -0.000000000000000000, -1.000000000000000000 ) ) ;
#6398 = DIRECTION ( 'NONE',  ( 0.000000000000000000, -1.000000000000000000, 0.000000000000000000 ) ) ;
#6399 = STYLED_ITEM ( 'NONE', ( #99 ), #2720 ) ;
#6400 = CARTESIAN_POINT ( 'NONE',  ( 16.76380671470517925, 15.94640676939203239, 47.50000000000000000 ) ) ;
#6401 = AXIS2_PLACEMENT_3D ( 'NONE', #643, #5197, #538 ) ;
#6402 = VERTEX_POINT ( 'NONE', #2512 ) ;
#6403 = CARTESIAN_POINT ( 'NONE',  ( 13.20000000000102069, -15.49999999999983658, 46.50000000000000000 ) ) ;
#6404 = EDGE_LOOP ( 'NONE', ( #9671, #3517, #8983, #3416 ) ) ;
#6405 = DIRECTION ( 'NONE',  ( -0.000000000000000000, -0.000000000000000000, 1.000000000000000000 ) ) ;
#6406 = DIRECTION ( 'NONE',  ( -0.000000000000000000, -0.000000000000000000, -1.000000000000000000 ) ) ;
#6407 = AXIS2_PLACEMENT_3D ( 'NONE', #3464, #7474, #1967 ) ;
#6408 = CARTESIAN_POINT ( 'NONE',  ( 18.79644660940673617, -18.79644660940668999, 48.00000000000000000 ) ) ;
#6409 = VECTOR ( 'NONE', #1820, 1000.000000000000000 ) ;
#6410 = MECHANICAL_DESIGN_GEOMETRIC_PRESENTATION_REPRESENTATION (  '', ( #5085 ), #4917 ) ;
#6411 = CARTESIAN_POINT ( 'NONE',  ( 15.94640676939200041, -14.15069333393208950, 46.50000000000000000 ) ) ;
#6412 = CARTESIAN_POINT ( 'NONE',  ( 16.84930666606603467, 15.94640676939203239, 47.49262389544735896 ) ) ;
#6413 = VECTOR ( 'NONE', #5488, 999.9999999999998863 ) ;
#6414 = CARTESIAN_POINT ( 'NONE',  ( -15.50000000000016520, 15.49999999999897504, 47.50000000000000000 ) ) ;
#6415 = LINE ( 'NONE', #2486, #9623 ) ;
#6416 = EDGE_LOOP ( 'NONE', ( #3023, #2244 ) ) ;
#6417 = CARTESIAN_POINT ( 'NONE',  ( -21.00355339059326809, 17.29644660940670775, 47.50000000000000000 ) ) ;
#6418 =( GEOMETRIC_REPRESENTATION_CONTEXT ( 3 ) GLOBAL_UNCERTAINTY_ASSIGNED_CONTEXT ( ( #900 ) ) GLOBAL_UNIT_ASSIGNED_CONTEXT ( ( #6449, #4841, #43 ) ) REPRESENTATION_CONTEXT ( 'NONE', 'WORKASPACE' ) );
#6419 = VERTEX_POINT ( 'NONE', #3337 ) ;
#6420 = PLANE ( 'NONE',  #411 ) ;
#6421 = DIRECTION ( 'NONE',  ( 0.000000000000000000, -1.000000000000000000, 0.000000000000000000 ) ) ;
#6422 = VECTOR ( 'NONE', #1339, 1000.000000000000000 ) ;
#6423 = CIRCLE ( 'NONE', #8702, 3.500000000000000000 ) ;
#6424 = EDGE_CURVE ( 'NONE', #7220, #2700, #3836, .T. ) ;
#6425 = DIRECTION ( 'NONE',  ( 1.000000000000000000, -1.036685115958541712E-14, 0.000000000000000000 ) ) ;
#6426 = EDGE_LOOP ( 'NONE', ( #935, #2992, #6632, #10187 ) ) ;
#6427 = ORIENTED_EDGE ( 'NONE', *, *, #6126, .T. ) ;
#6428 = EDGE_CURVE ( 'NONE', #6020, #1715, #5875, .T. ) ;
#6429 = CYLINDRICAL_SURFACE ( 'NONE', #5581, 0.5000000000000006661 ) ;
#6430 = PRESENTATION_LAYER_ASSIGNMENT (  '', '', ( #651 ) ) ;
#6431 = CIRCLE ( 'NONE', #322, 0.5000000000000004441 ) ;
#6432 = CARTESIAN_POINT ( 'NONE',  ( 20.64999999999999858, 21.14999999999999858, 0.5000000000000004441 ) ) ;
#6433 = CARTESIAN_POINT ( 'NONE',  ( 21.14999999999999858, 17.14999999999999503, 38.00000000000000000 ) ) ;
#6434 = CARTESIAN_POINT ( 'NONE',  ( 15.05359323060813992, -14.15069333393208417, 46.50000000000000000 ) ) ;
#6435 = CARTESIAN_POINT ( 'NONE',  ( 18.49999999999983658, 15.50000000000015987, 47.50000000000000000 ) ) ;
#6436 = CARTESIAN_POINT ( 'NONE',  ( -21.14999999999999503, 13.32957238623956364, 5.999999999999998224 ) ) ;
#6437 = CIRCLE ( 'NONE', #2977, 0.5000000000000004441 ) ;
#6438 = ORIENTED_EDGE ( 'NONE', *, *, #1874, .F. ) ;
#6439 = EDGE_LOOP ( 'NONE', ( #785, #6274, #4399, #9715 ) ) ;
#6440 = EDGE_CURVE ( 'NONE', #6385, #5154, #6444, .T. ) ;
#6441 = DIRECTION ( 'NONE',  ( -5.627273829055637777E-15, -1.000000000000000000, -0.000000000000000000 ) ) ;
#6442 = ORIENTED_EDGE ( 'NONE', *, *, #5119, .F. ) ;
#6443 = DIRECTION ( 'NONE',  ( 6.938893903907222067E-15, -1.000000000000000000, 0.000000000000000000 ) ) ;
#6444 = LINE ( 'NONE', #1791, #3467 ) ;
#6445 = LINE ( 'NONE', #9579, #6298 ) ;
#6446 = EDGE_CURVE ( 'NONE', #9418, #5438, #914, .T. ) ;
#6447 = DIRECTION ( 'NONE',  ( 1.000000000000000000, -3.751515886037098688E-15, -0.000000000000000000 ) ) ;
#6448 = EDGE_CURVE ( 'NONE', #1493, #7220, #1658, .T. ) ;
#6449 =( LENGTH_UNIT ( ) NAMED_UNIT ( * ) SI_UNIT ( .MILLI., .METRE. ) );
#6450 = DIRECTION ( 'NONE',  ( 3.751515886037091589E-15, 1.000000000000000000, 0.000000000000000000 ) ) ;
#6451 = VECTOR ( 'NONE', #4298, 1000.000000000000000 ) ;
#6452 = ORIENTED_EDGE ( 'NONE', *, *, #1268, .F. ) ;
#6453 = EDGE_CURVE ( 'NONE', #2119, #2723, #3393, .T. ) ;
#6454 = AXIS2_PLACEMENT_3D ( 'NONE', #6694, #4514, #2094 ) ;
#6455 = CYLINDRICAL_SURFACE ( 'NONE', #7705, 0.5000000000000004441 ) ;
#6456 = EDGE_LOOP ( 'NONE', ( #2965, #352, #9737, #223 ) ) ;
#6457 = DIRECTION ( 'NONE',  ( -1.000000000000000000, -1.224646799147353454E-16, 0.000000000000000000 ) ) ;
#6458 = DIRECTION ( 'NONE',  ( -0.000000000000000000, 1.000000000000000000, -0.000000000000000000 ) ) ;
#6459 = CIRCLE ( 'NONE', #9902, 0.5787973969144516451 ) ;
#6460 = CARTESIAN_POINT ( 'NONE',  ( 21.14999999999999858, -13.32957238623955654, 40.00000000000000000 ) ) ;
#6461 = FACE_OUTER_BOUND ( 'NONE', #3528, .T. ) ;
#6462 = DIRECTION ( 'NONE',  ( 0.000000000000000000, 0.000000000000000000, -1.000000000000000000 ) ) ;
#6463 = FACE_OUTER_BOUND ( 'NONE', #3174, .T. ) ;
#6464 = ORIENTED_EDGE ( 'NONE', *, *, #8556, .T. ) ;
#6465 = ORIENTED_EDGE ( 'NONE', *, *, #6673, .F. ) ;
#6466 = VERTEX_POINT ( 'NONE', #6542 ) ;
#6467 = ORIENTED_EDGE ( 'NONE', *, *, #5038, .T. ) ;
#6468 = CARTESIAN_POINT ( 'NONE',  ( -15.94640676939209456, 15.07550534522231089, 46.50000000000000000 ) ) ;
#6469 = COLOUR_RGB ( '',0.2509803921568627416, 0.2509803921568627416, 0.2509803921568627416 ) ;
#6470 = FACE_OUTER_BOUND ( 'NONE', #7712, .T. ) ;
#6471 = CARTESIAN_POINT ( 'NONE',  ( 17.14999999999999858, -21.15000000000000213, 0.5000000000000004441 ) ) ;
#6472 = FILL_AREA_STYLE ('',( #847 ) ) ;
#6473 = DIRECTION ( 'NONE',  ( -0.7071067811865510144, -0.7071067811865441310, 0.000000000000000000 ) ) ;
#6474 = CARTESIAN_POINT ( 'NONE',  ( -4.000000000000000000, 4.898587196589412829E-16, 47.50000000000000000 ) ) ;
#6475 = CIRCLE ( 'NONE', #1697, 4.000000000000000000 ) ;
#6476 = ORIENTED_EDGE ( 'NONE', *, *, #6373, .F. ) ;
#6477 = UNCERTAINTY_MEASURE_WITH_UNIT (LENGTH_MEASURE( 1.000000000000000082E-05 ), #9889, 'distance_accuracy_value', 'NONE');
#6478 = ORIENTED_EDGE ( 'NONE', *, *, #6770, .T. ) ;
#6479 = DIRECTION ( 'NONE',  ( 0.000000000000000000, 0.000000000000000000, 1.000000000000000000 ) ) ;
#6480 = CARTESIAN_POINT ( 'NONE',  ( 20.64999999999999858, 16.94289321881344534, 38.00000000000000000 ) ) ;
#6481 = DIRECTION ( 'NONE',  ( 0.000000000000000000, 0.000000000000000000, -1.000000000000000000 ) ) ;
#6482 = CARTESIAN_POINT ( 'NONE',  ( -15.50000000000016520, 15.49999999999897504, 46.50000000000000000 ) ) ;
#6483 = AXIS2_PLACEMENT_3D ( 'NONE', #5118, #251, #5899 ) ;
#6484 = DIRECTION ( 'NONE',  ( 1.000000000000000000, 0.000000000000000000, 0.000000000000000000 ) ) ;
#6485 = DIRECTION ( 'NONE',  ( -0.000000000000000000, -0.000000000000000000, 1.000000000000000000 ) ) ;
#6486 = EDGE_LOOP ( 'NONE', ( #8912, #3014, #3488, #7808 ) ) ;
#6487 = ORIENTED_EDGE ( 'NONE', *, *, #2449, .F. ) ;
#6488 = SURFACE_STYLE_USAGE ( .BOTH. , #6691 ) ;
#6489 = ORIENTED_EDGE ( 'NONE', *, *, #2499, .F. ) ;
#6490 = UNCERTAINTY_MEASURE_WITH_UNIT (LENGTH_MEASURE( 1.000000000000000082E-05 ), #407, 'distance_accuracy_value', 'NONE');
#6491 = EDGE_CURVE ( 'NONE', #6707, #7985, #2655, .T. ) ;
#6492 = FILL_AREA_STYLE ('',( #1846 ) ) ;
#6493 = DIRECTION ( 'NONE',  ( 0.8571673007021116675, 1.049727191138617833E-16, -0.5150380749100552658 ) ) ;
#6494 = FILL_AREA_STYLE ('',( #6544 ) ) ;
#6495 = DIRECTION ( 'NONE',  ( -1.000000000000000000, 0.000000000000000000, -0.000000000000000000 ) ) ;
#6496 = FILL_AREA_STYLE ('',( #8638 ) ) ;
#6497 = EDGE_CURVE ( 'NONE', #7954, #7184, #1018, .T. ) ;
#6498 = PRESENTATION_LAYER_ASSIGNMENT (  '', '', ( #6665 ) ) ;
#6499 = SURFACE_SIDE_STYLE ('',( #2372 ) ) ;
#6500 = DIRECTION ( 'NONE',  ( -0.000000000000000000, -1.000000000000000000, 0.000000000000000000 ) ) ;
#6501 = VERTEX_POINT ( 'NONE', #2681 ) ;
#6502 = CARTESIAN_POINT ( 'NONE',  ( -14.15069333393214102, -15.94640676939194535, 46.50000000000000000 ) ) ;
#6503 = EDGE_LOOP ( 'NONE', ( #2675, #8909, #9699, #1773 ) ) ;
#6504 = ADVANCED_FACE ( 'NONE', ( #1847 ), #1895, .F. ) ;
#6505 =( NAMED_UNIT ( * ) SI_UNIT ( $, .STERADIAN. ) SOLID_ANGLE_UNIT ( ) );
#6506 = AXIS2_PLACEMENT_3D ( 'NONE', #5384, #2963, #1368 ) ;
#6507 = EDGE_CURVE ( 'NONE', #6389, #5394, #6437, .T. ) ;
#6508 = DIRECTION ( 'NONE',  ( -0.000000000000000000, -0.000000000000000000, 1.000000000000000000 ) ) ;
#6509 = FACE_OUTER_BOUND ( 'NONE', #7134, .T. ) ;
#6510 = CARTESIAN_POINT ( 'NONE',  ( -2.596119095141088629, -19.15000000000000568, 43.56695646205938033 ) ) ;
#6511 = ADVANCED_FACE ( 'NONE', ( #5039 ), #2624, .F. ) ;
#6512 = DIRECTION ( 'NONE',  ( -0.000000000000000000, 1.000000000000000000, -0.000000000000000000 ) ) ;
#6513 = AXIS2_PLACEMENT_3D ( 'NONE', #1561, #4552, #3679 ) ;
#6514 = SURFACE_STYLE_FILL_AREA ( #7181 ) ;
#6515 = VECTOR ( 'NONE', #8001, 1000.000000000000000 ) ;
#6516 = VERTEX_POINT ( 'NONE', #3545 ) ;
#6517 = ORIENTED_EDGE ( 'NONE', *, *, #7329, .T. ) ;
#6518 = ORIENTED_EDGE ( 'NONE', *, *, #9830, .F. ) ;
#6519 = CARTESIAN_POINT ( 'NONE',  ( -3.500000000000000000, 4.286263797015736595E-16, 46.00000000000000000 ) ) ;
#6520 = DIRECTION ( 'NONE',  ( 0.000000000000000000, 0.000000000000000000, -1.000000000000000000 ) ) ;
#6521 = CARTESIAN_POINT ( 'NONE',  ( -15.49999999999897859, -15.50000000000102141, 47.50000000000000000 ) ) ;
#6522 = CARTESIAN_POINT ( 'NONE',  ( -14.21692477204121730, 15.14729938218376937, 47.49983667794647602 ) ) ;
#6523 = STYLED_ITEM ( 'NONE', ( #8139 ), #5030 ) ;
#6524 = TOROIDAL_SURFACE ( 'NONE', #2058, 3.499999999999997335, 0.5000000000000000000 ) ;
#6525 = PLANE ( 'NONE',  #1470 ) ;
#6526 = EDGE_LOOP ( 'NONE', ( #5821, #6517, #1975, #9806, #1220 ) ) ;
#6527 = ORIENTED_EDGE ( 'NONE', *, *, #8568, .F. ) ;
#6528 = VERTEX_POINT ( 'NONE', #1278 ) ;
#6529 = AXIS2_PLACEMENT_3D ( 'NONE', #6925, #10061, #6210 ) ;
#6530 = CARTESIAN_POINT ( 'NONE',  ( -14.21692477204121730, 15.92449465477564097, 47.49867441544049029 ) ) ;
#6531 = CARTESIAN_POINT ( 'NONE',  ( 15.05359323060812216, -16.84930666606608440, 46.50000000000000000 ) ) ;
#6532 = FILL_AREA_STYLE_COLOUR ( '', #3075 ) ;
#6533 = CARTESIAN_POINT ( 'NONE',  ( -15.49999999999999645, 15.50000000000000000, 0.000000000000000000 ) ) ;
#6534 = SURFACE_STYLE_FILL_AREA ( #4140 ) ;
#6535 = VECTOR ( 'NONE', #6603, 1000.000000000000000 ) ;
#6536 = LINE ( 'NONE', #8883, #6090 ) ;
#6537 = ORIENTED_EDGE ( 'NONE', *, *, #3103, .F. ) ;
#6538 = EDGE_LOOP ( 'NONE', ( #4822, #7833, #3453, #421 ) ) ;
#6539 = LINE ( 'NONE', #9043, #4743 ) ;
#6540 = ORIENTED_EDGE ( 'NONE', *, *, #6685, .F. ) ;
#6541 = PLANE ( 'NONE',  #1979 ) ;
#6542 = CARTESIAN_POINT ( 'NONE',  ( -13.31369220013741206, -21.16000000000000725, 40.00000000000000000 ) ) ;
#6543 = CIRCLE ( 'NONE', #2087, 1.299999999999999156 ) ;
#6544 = FILL_AREA_STYLE_COLOUR ( '', #5568 ) ;
#6545 = CARTESIAN_POINT ( 'NONE',  ( 0.000000000000000000, 0.000000000000000000, -24.00000000000000000 ) ) ;
#6546 = LINE ( 'NONE', #5096, #6862 ) ;
#6547 = DIRECTION ( 'NONE',  ( -1.000000000000000000, 1.125454765811129607E-14, -0.000000000000000000 ) ) ;
#6548 = EDGE_CURVE ( 'NONE', #5199, #2223, #6842, .T. ) ;
#6549 = PRESENTATION_LAYER_ASSIGNMENT (  '', '', ( #5722 ) ) ;
#6550 = LINE ( 'NONE', #1953, #10105 ) ;
#6551 = ORIENTED_EDGE ( 'NONE', *, *, #4925, .T. ) ;
#6552 = LINE ( 'NONE', #5155, #8665 ) ;
#6553 = ORIENTED_EDGE ( 'NONE', *, *, #7300, .F. ) ;
#6554 = MECHANICAL_DESIGN_GEOMETRIC_PRESENTATION_REPRESENTATION (  '', ( #9170 ), #5908 ) ;
#6555 = EDGE_CURVE ( 'NONE', #1531, #9302, #9098, .T. ) ;
#6556 = FACE_OUTER_BOUND ( 'NONE', #6370, .T. ) ;
#6557 = DIRECTION ( 'NONE',  ( 0.000000000000000000, 1.000000000000000000, -0.000000000000000000 ) ) ;
#6558 =( GEOMETRIC_REPRESENTATION_CONTEXT ( 3 ) GLOBAL_UNCERTAINTY_ASSIGNED_CONTEXT ( ( #8123 ) ) GLOBAL_UNIT_ASSIGNED_CONTEXT ( ( #7839, #777, #4753 ) ) REPRESENTATION_CONTEXT ( 'NONE', 'WORKASPACE' ) );
#6559 = EDGE_CURVE ( 'NONE', #9450, #454, #4307, .T. ) ;
#6560 = CARTESIAN_POINT ( 'NONE',  ( -15.49999999999897859, -15.50000000000102141, 46.00000000000000000 ) ) ;
#6561 = AXIS2_PLACEMENT_3D ( 'NONE', #4040, #3147, #7869 ) ;
#6562 = EDGE_CURVE ( 'NONE', #7212, #6386, #1499, .T. ) ;
#6563 =( NAMED_UNIT ( * ) SI_UNIT ( $, .STERADIAN. ) SOLID_ANGLE_UNIT ( ) );
#6564 =( NAMED_UNIT ( * ) PLANE_ANGLE_UNIT ( ) SI_UNIT ( $, .RADIAN. ) );
#6565 = EDGE_LOOP ( 'NONE', ( #22, #8376, #7478, #5021 ) ) ;
#6566 = EDGE_LOOP ( 'NONE', ( #2478, #8732, #1879, #9426, #673, #4950, #4670, #5048, #7702, #936, #8437, #6122 ) ) ;
#6567 = ORIENTED_EDGE ( 'NONE', *, *, #1335, .T. ) ;
#6568 = AXIS2_PLACEMENT_3D ( 'NONE', #5331, #6152, #4 ) ;
#6569 = AXIS2_PLACEMENT_3D ( 'NONE', #1325, #1477, #2192 ) ;
#6570 =( GEOMETRIC_REPRESENTATION_CONTEXT ( 3 ) GLOBAL_UNCERTAINTY_ASSIGNED_CONTEXT ( ( #6391 ) ) GLOBAL_UNIT_ASSIGNED_CONTEXT ( ( #3185, #5451, #1574 ) ) REPRESENTATION_CONTEXT ( 'NONE', 'WORKASPACE' ) );
#6571 = FACE_OUTER_BOUND ( 'NONE', #7844, .T. ) ;
#6572 = COLOUR_RGB ( '',0.2509803921568627416, 0.2509803921568627416, 0.2509803921568627416 ) ;
#6573 = EDGE_CURVE ( 'NONE', #641, #314, #3691, .T. ) ;
#6574 = EDGE_CURVE ( 'NONE', #188, #6868, #4619, .T. ) ;
#6575 = DIRECTION ( 'NONE',  ( -1.000000000000000000, 0.000000000000000000, -0.000000000000000000 ) ) ;
#6576 = VECTOR ( 'NONE', #348, 1000.000000000000000 ) ;
#6577 = SURFACE_STYLE_FILL_AREA ( #9134 ) ;
#6578 = ORIENTED_EDGE ( 'NONE', *, *, #690, .F. ) ;
#6579 = VERTEX_POINT ( 'NONE', #2825 ) ;
#6580 = EDGE_LOOP ( 'NONE', ( #2413, #7453, #3320, #3310 ) ) ;
#6581 = EDGE_CURVE ( 'NONE', #8757, #7973, #9821, .T. ) ;
#6582 = LINE ( 'NONE', #9609, #6742 ) ;
#6583 = PRESENTATION_STYLE_ASSIGNMENT (( #5813 ) ) ;
#6584 = DIRECTION ( 'NONE',  ( 0.7071067811865500152, -0.7071067811865451302, -0.000000000000000000 ) ) ;
#6585 = AXIS2_PLACEMENT_3D ( 'NONE', #5710, #4781, #9415 ) ;
#6586 = AXIS2_PLACEMENT_3D ( 'NONE', #6871, #10056, #7534 ) ;
#6587 = CARTESIAN_POINT ( 'NONE',  ( 21.00355339059327875, -17.29644660940673973, 0.5000000000000000000 ) ) ;
#6588 = CARTESIAN_POINT ( 'NONE',  ( 16.94289321881343113, -20.65000000000000568, 48.00000000000000000 ) ) ;
#6589 =( NAMED_UNIT ( * ) PLANE_ANGLE_UNIT ( ) SI_UNIT ( $, .RADIAN. ) );
#6590 = ORIENTED_EDGE ( 'NONE', *, *, #2405, .F. ) ;
#6591 = MECHANICAL_DESIGN_GEOMETRIC_PRESENTATION_REPRESENTATION (  '', ( #8390 ), #8707 ) ;
#6593 = ORIENTED_EDGE ( 'NONE', *, *, #3108, .T. ) ;
#6592 =( GEOMETRIC_REPRESENTATION_CONTEXT ( 3 ) GLOBAL_UNCERTAINTY_ASSIGNED_CONTEXT ( ( #4541 ) ) GLOBAL_UNIT_ASSIGNED_CONTEXT ( ( #8598, #1556, #5426 ) ) REPRESENTATION_CONTEXT ( 'NONE', 'WORKASPACE' ) );
#6594 = AXIS2_PLACEMENT_3D ( 'NONE', #2294, #6270, #2237 ) ;
#6595 = CARTESIAN_POINT ( 'NONE',  ( 16.94289321881344179, -21.15000000000000213, 38.00000000000000000 ) ) ;
#6596 = ORIENTED_EDGE ( 'NONE', *, *, #7390, .T. ) ;
#6597 = UNCERTAINTY_MEASURE_WITH_UNIT (LENGTH_MEASURE( 1.000000000000000082E-05 ), #2849, 'distance_accuracy_value', 'NONE');
#6598 = LINE ( 'NONE', #9728, #5627 ) ;
#6599 = DIRECTION ( 'NONE',  ( 0.000000000000000000, 0.000000000000000000, -1.000000000000000000 ) ) ;
#6600 = CARTESIAN_POINT ( 'NONE',  ( 15.05359323060812216, -16.84930666606608440, 47.49262389544731633 ) ) ;
#6601 = VECTOR ( 'NONE', #2147, 1000.000000000000114 ) ;
#6602 = MECHANICAL_DESIGN_GEOMETRIC_PRESENTATION_REPRESENTATION (  '', ( #1 ), #8714 ) ;
#6603 = DIRECTION ( 'NONE',  ( -0.8571673007021116675, 0.000000000000000000, -0.5150380749100552658 ) ) ;
#6604 = SURFACE_STYLE_FILL_AREA ( #7369 ) ;
#6605 = ORIENTED_EDGE ( 'NONE', *, *, #4145, .T. ) ;
#6606 = CARTESIAN_POINT ( 'NONE',  ( 15.07550534522236063, 15.05359323060818078, 47.50000000000000000 ) ) ;
#6607 = ORIENTED_EDGE ( 'NONE', *, *, #6559, .F. ) ;
#6608 = MECHANICAL_DESIGN_GEOMETRIC_PRESENTATION_REPRESENTATION (  '', ( #9723 ), #7910 ) ;
#6609 = CARTESIAN_POINT ( 'NONE',  ( -17.29644660940670420, 21.00355339059327164, 47.50000000000000000 ) ) ;
#6610 = DIRECTION ( 'NONE',  ( -1.000000000000000000, 0.000000000000000000, 0.000000000000000000 ) ) ;
#6611 = LINE ( 'NONE', #7377, #7526 ) ;
#6612 = LINE ( 'NONE', #4219, #4612 ) ;
#6613 = EDGE_CURVE ( 'NONE', #5548, #9617, #4111, .T. ) ;
#6614 = CARTESIAN_POINT ( 'NONE',  ( 0.000000000000000000, 0.000000000000000000, -1.500000000000000000 ) ) ;
#6615 = CARTESIAN_POINT ( 'NONE',  ( -15.05359323060823407, 15.92449465477564097, 47.50000000000000000 ) ) ;
#6616 = STYLED_ITEM ( 'NONE', ( #531 ), #6817 ) ;
#6617 = DIRECTION ( 'NONE',  ( -2.073370231917079007E-14, -1.000000000000000000, 0.000000000000000000 ) ) ;
#6618 = DIRECTION ( 'NONE',  ( 1.000000000000000000, 0.000000000000000000, 0.000000000000000000 ) ) ;
#6619 = CARTESIAN_POINT ( 'NONE',  ( 14.15069333393202911, 15.79760451292808199, 47.49833231681222401 ) ) ;
#6620 = ORIENTED_EDGE ( 'NONE', *, *, #1384, .T. ) ;
#6621 = ORIENTED_EDGE ( 'NONE', *, *, #1268, .T. ) ;
#6622 = VERTEX_POINT ( 'NONE', #3645 ) ;
#6623 = EDGE_CURVE ( 'NONE', #8278, #863, #7458, .T. ) ;
#6624 = CARTESIAN_POINT ( 'NONE',  ( -15.07550534522247609, -15.94640676939193469, 46.50000000000000000 ) ) ;
#6625 = SURFACE_STYLE_USAGE ( .BOTH. , #9025 ) ;
#6626 = EDGE_CURVE ( 'NONE', #6780, #4076, #1222, .T. ) ;
#6627 = COLOUR_RGB ( '',0.2509803921568627416, 0.2509803921568627416, 0.2509803921568627416 ) ;
#6628 = FILL_AREA_STYLE ('',( #3482 ) ) ;
#6629 = SURFACE_SIDE_STYLE ('',( #6577 ) ) ;
#6630 = ORIENTED_EDGE ( 'NONE', *, *, #7930, .F. ) ;
#6631 = EDGE_LOOP ( 'NONE', ( #2363, #9686, #518 ) ) ;
#6632 = ORIENTED_EDGE ( 'NONE', *, *, #5348, .F. ) ;
#6633 = CYLINDRICAL_SURFACE ( 'NONE', #10183, 3.500000000000000000 ) ;
#6634 = EDGE_CURVE ( 'NONE', #8943, #972, #2869, .T. ) ;
#6635 =( NAMED_UNIT ( * ) PLANE_ANGLE_UNIT ( ) SI_UNIT ( $, .RADIAN. ) );
#6636 = ADVANCED_FACE ( 'NONE', ( #2776 ), #7508, .T. ) ;
#6637 = CARTESIAN_POINT ( 'NONE',  ( -2.596119095141088629, -21.25000000000000711, 0.000000000000000000 ) ) ;
#6638 = DIRECTION ( 'NONE',  ( 1.000000000000000000, 8.202002250481357549E-17, 0.000000000000000000 ) ) ;
#6639 = EDGE_CURVE ( 'NONE', #7361, #9929, #6022, .T. ) ;
#6640 = ORIENTED_EDGE ( 'NONE', *, *, #926, .F. ) ;
#6641 = ORIENTED_EDGE ( 'NONE', *, *, #7669, .T. ) ;
#6642 = DIRECTION ( 'NONE',  ( 1.000000000000000000, 0.000000000000000000, 0.000000000000000000 ) ) ;
#6643 = ORIENTED_EDGE ( 'NONE', *, *, #2766, .F. ) ;
#6644 = STYLED_ITEM ( 'NONE', ( #3366 ), #7995 ) ;
#6645 = CARTESIAN_POINT ( 'NONE',  ( -16.94289321881343113, 20.64999999999999858, 47.50000000000000000 ) ) ;
#6646 = CARTESIAN_POINT ( 'NONE',  ( 15.94640676939200041, -14.19326395785819273, 47.49756013713617619 ) ) ;
#6647 = CARTESIAN_POINT ( 'NONE',  ( -3.496119095141088540, -21.25000000000000711, 40.26401485834066563 ) ) ;
#6648 = LINE ( 'NONE', #8893, #6535 ) ;
#6649 = DIRECTION ( 'NONE',  ( -0.000000000000000000, 1.000000000000000000, -0.000000000000000000 ) ) ;
#6650 = VECTOR ( 'NONE', #4758, 1000.000000000000000 ) ;
#6651 = CARTESIAN_POINT ( 'NONE',  ( -15.92449465477580794, -15.94640676939192758, 46.50000000000000000 ) ) ;
#6652 = ORIENTED_EDGE ( 'NONE', *, *, #2981, .T. ) ;
#6653 = ORIENTED_EDGE ( 'NONE', *, *, #3331, .T. ) ;
#6654 = CARTESIAN_POINT ( 'NONE',  ( -16.94289321881343113, 20.64999999999999858, 48.00000000000000000 ) ) ;
#6655 = ORIENTED_EDGE ( 'NONE', *, *, #2975, .T. ) ;
#6656 = CYLINDRICAL_SURFACE ( 'NONE', #10127, 0.5000000000000004441 ) ;
#6657 = DIRECTION ( 'NONE',  ( -1.224646799147353207E-16, 1.000000000000000000, 0.000000000000000000 ) ) ;
#6658 = CARTESIAN_POINT ( 'NONE',  ( 0.000000000000000000, 0.000000000000000000, 6.000000000000000000 ) ) ;
#6659 = CIRCLE ( 'NONE', #2204, 0.5787973969144516451 ) ;
#6660 = CARTESIAN_POINT ( 'NONE',  ( 20.65000000000000213, -16.94289321881342403, 47.50000000000000000 ) ) ;
#6661 = DIRECTION ( 'NONE',  ( -0.000000000000000000, 1.000000000000000000, -0.000000000000000000 ) ) ;
#6662 = FACE_OUTER_BOUND ( 'NONE', #1944, .T. ) ;
#6663 = LINE ( 'NONE', #2113, #9480 ) ;
#6664 =( LENGTH_UNIT ( ) NAMED_UNIT ( * ) SI_UNIT ( .MILLI., .METRE. ) );
#6665 = STYLED_ITEM ( 'NONE', ( #1439 ), #8661 ) ;
#6666 = VERTEX_POINT ( 'NONE', #3594 ) ;
#6667 = EDGE_LOOP ( 'NONE', ( #740, #3579, #3964, #8340 ) ) ;
#6668 = VERTEX_POINT ( 'NONE', #1173 ) ;
#6669 = FACE_OUTER_BOUND ( 'NONE', #4844, .T. ) ;
#6670 = CARTESIAN_POINT ( 'NONE',  ( 15.50000000000101963, -15.49999999999983658, 47.50000000000000000 ) ) ;
#6671 = CARTESIAN_POINT ( 'NONE',  ( 4.000000000000000000, 0.000000000000000000, 47.50000000000000000 ) ) ;
#6672 = CIRCLE ( 'NONE', #3537, 2.500000000000000000 ) ;
#6673 = EDGE_CURVE ( 'NONE', #6805, #8573, #2151, .T. ) ;
#6674 = CYLINDRICAL_SURFACE ( 'NONE', #5507, 3.000000000000927258 ) ;
#6675 = ORIENTED_EDGE ( 'NONE', *, *, #3970, .T. ) ;
#6676 = ORIENTED_EDGE ( 'NONE', *, *, #4431, .F. ) ;
#6677 = ORIENTED_EDGE ( 'NONE', *, *, #2344, .F. ) ;
#6678 = LINE ( 'NONE', #1051, #3273 ) ;
#6679 = CYLINDRICAL_SURFACE ( 'NONE', #2731, 0.5000000000000004441 ) ;
#6680 = ADVANCED_FACE ( 'NONE', ( #9253 ), #8330, .F. ) ;
#6681 = AXIS2_PLACEMENT_3D ( 'NONE', #4762, #844, #1565 ) ;
#6682 = PLANE ( 'NONE',  #8896 ) ;
#6683 = CARTESIAN_POINT ( 'NONE',  ( 21.66440277933047653, -21.25000000000000711, 23.57596773044785010 ) ) ;
#6684 =( NAMED_UNIT ( * ) SI_UNIT ( $, .STERADIAN. ) SOLID_ANGLE_UNIT ( ) );
#6685 = EDGE_CURVE ( 'NONE', #4729, #2027, #1052, .T. ) ;
#6686 = EDGE_CURVE ( 'NONE', #8406, #2689, #1004, .T. ) ;
#6687 = CIRCLE ( 'NONE', #3394, 2.299999999999999822 ) ;
#6688 = ADVANCED_FACE ( 'NONE', ( #1628 ), #3838, .F. ) ;
#6689 = EDGE_LOOP ( 'NONE', ( #1520, #131, #5195, #5498, #6487, #8453 ) ) ;
#6690 = ORIENTED_EDGE ( 'NONE', *, *, #1709, .F. ) ;
#6691 = SURFACE_SIDE_STYLE ('',( #1012 ) ) ;
#6692 = ORIENTED_EDGE ( 'NONE', *, *, #2401, .F. ) ;
#6693 = EDGE_CURVE ( 'NONE', #6385, #327, #6283, .T. ) ;
#6694 = CARTESIAN_POINT ( 'NONE',  ( 15.50000000000101963, -15.49999999999983658, 46.50000000000000000 ) ) ;
#6695 = CARTESIAN_POINT ( 'NONE',  ( 21.65000000000000213, 4.018981102735856916E-17, 5.900501256289341967 ) ) ;
#6696 = CIRCLE ( 'NONE', #93, 25.00000000000000000 ) ;
#6697 = CARTESIAN_POINT ( 'NONE',  ( 1.379851512413564629, -39.15000000000000568, 41.54834905086877939 ) ) ;
#6698 = VECTOR ( 'NONE', #2738, 1000.000000000000000 ) ;
#6699 = CIRCLE ( 'NONE', #8980, 1.299999999999999156 ) ;
#6700 = SURFACE_SIDE_STYLE ('',( #9680 ) ) ;
#6701 = CYLINDRICAL_SURFACE ( 'NONE', #4760, 0.5787973969144516451 ) ;
#6702 = FILL_AREA_STYLE_COLOUR ( '', #6162 ) ;
#6703 = EDGE_LOOP ( 'NONE', ( #6009, #3685, #3764, #5925, #1956, #10170, #4208, #5035, #6214, #2506, #938, #3243 ) ) ;
#6704 = ORIENTED_EDGE ( 'NONE', *, *, #2212, .T. ) ;
#6705 = FILL_AREA_STYLE_COLOUR ( '', #3260 ) ;
#6706 = VECTOR ( 'NONE', #3694, 1000.000000000000000 ) ;
#6707 = VERTEX_POINT ( 'NONE', #3981 ) ;
#6708 = VECTOR ( 'NONE', #1057, 1000.000000000000000 ) ;
#6709 = ADVANCED_FACE ( 'NONE', ( #5454 ), #5463, .T. ) ;
#6710 = SURFACE_STYLE_USAGE ( .BOTH. , #5944 ) ;
#6711 = DIRECTION ( 'NONE',  ( 1.000000000000000000, 3.690901012716600198E-15, 0.000000000000000000 ) ) ;
#6712 = DIRECTION ( 'NONE',  ( 1.000000000000000000, 0.000000000000000000, 0.000000000000000000 ) ) ;
#6713 = CARTESIAN_POINT ( 'NONE',  ( -15.94640676939209456, 14.15069333393197404, 47.49262389544726659 ) ) ;
#6714 = SURFACE_SIDE_STYLE ('',( #3563 ) ) ;
#6715 = DIRECTION ( 'NONE',  ( 0.000000000000000000, 0.000000000000000000, -1.000000000000000000 ) ) ;
#6716 = SURFACE_SIDE_STYLE ('',( #8197 ) ) ;
#6717 =( NAMED_UNIT ( * ) PLANE_ANGLE_UNIT ( ) SI_UNIT ( $, .RADIAN. ) );
#6718 =( NAMED_UNIT ( * ) SI_UNIT ( $, .STERADIAN. ) SOLID_ANGLE_UNIT ( ) );
#6719 = VERTEX_POINT ( 'NONE', #7101 ) ;
#6720 = UNCERTAINTY_MEASURE_WITH_UNIT (LENGTH_MEASURE( 1.000000000000000082E-05 ), #4271, 'distance_accuracy_value', 'NONE');
#6721 = VECTOR ( 'NONE', #7201, 1000.000000000000000 ) ;
#6722 = ORIENTED_EDGE ( 'NONE', *, *, #8541, .F. ) ;
#6723 = ORIENTED_EDGE ( 'NONE', *, *, #8373, .F. ) ;
#6724 =( NAMED_UNIT ( * ) SI_UNIT ( $, .STERADIAN. ) SOLID_ANGLE_UNIT ( ) );
#6725 = DIRECTION ( 'NONE',  ( -0.000000000000000000, -0.000000000000000000, 1.000000000000000000 ) ) ;
#6726 = AXIS2_PLACEMENT_3D ( 'NONE', #550, #3804, #5314 ) ;
#6727 =( LENGTH_UNIT ( ) NAMED_UNIT ( * ) SI_UNIT ( .MILLI., .METRE. ) );
#6728 = DIRECTION ( 'NONE',  ( -1.000000000000000000, 0.000000000000000000, 0.000000000000000000 ) ) ;
#6729 = FILL_AREA_STYLE ('',( #3425 ) ) ;
#6730 = CARTESIAN_POINT ( 'NONE',  ( -16.78307522795910955, 15.85270061781422157, 47.49983667794647602 ) ) ;
#6731 = VERTEX_POINT ( 'NONE', #5704 ) ;
#6732 = CIRCLE ( 'NONE', #2437, 3.500000000000000000 ) ;
#6733 = ORIENTED_EDGE ( 'NONE', *, *, #9205, .T. ) ;
#6734 = DIRECTION ( 'NONE',  ( -1.000000000000000000, 0.000000000000000000, 0.000000000000000000 ) ) ;
#6735 = DIRECTION ( 'NONE',  ( -1.000000000000000000, 0.000000000000000000, 0.000000000000000000 ) ) ;
#6736 = SURFACE_STYLE_FILL_AREA ( #3581 ) ;
#6737 = FACE_OUTER_BOUND ( 'NONE', #6837, .T. ) ;
#6738 = CARTESIAN_POINT ( 'NONE',  ( 0.000000000000000000, 0.000000000000000000, -2.000000000000000000 ) ) ;
#6739 = EDGE_CURVE ( 'NONE', #7604, #2356, #4109, .T. ) ;
#6740 = COLOUR_RGB ( '',0.2509803921568627416, 0.2509803921568627416, 0.2509803921568627416 ) ;
#6741 = SURFACE_STYLE_FILL_AREA ( #5293 ) ;
#6742 = VECTOR ( 'NONE', #7296, 1000.000000000000114 ) ;
#6743 = CARTESIAN_POINT ( 'NONE',  ( 2.603880904858909773, -19.15000000000000568, 41.09104188536768021 ) ) ;
#6744 = VERTEX_POINT ( 'NONE', #6531 ) ;
#6745 = ORIENTED_EDGE ( 'NONE', *, *, #2028, .T. ) ;
#6746 = DIRECTION ( 'NONE',  ( 1.000000000000000000, 0.000000000000000000, 0.000000000000000000 ) ) ;
#6747 = ORIENTED_EDGE ( 'NONE', *, *, #9175, .F. ) ;
#6748 = AXIS2_PLACEMENT_3D ( 'NONE', #4048, #89, #2421 ) ;
#6749 = DIRECTION ( 'NONE',  ( -1.000000000000000000, 0.000000000000000000, 0.000000000000000000 ) ) ;
#6750 = DIRECTION ( 'NONE',  ( -1.000000000000000000, 0.000000000000000000, 0.000000000000000000 ) ) ;
#6751 = DIRECTION ( 'NONE',  ( -7.503031772074197377E-15, -1.000000000000000000, -0.000000000000000000 ) ) ;
#6752 = DIRECTION ( 'NONE',  ( -0.000000000000000000, -0.000000000000000000, -1.000000000000000000 ) ) ;
#6753 = AXIS2_PLACEMENT_3D ( 'NONE', #5970, #5923, #8277 ) ;
#6754 = VECTOR ( 'NONE', #6458, 1000.000000000000000 ) ;
#6755 = EDGE_CURVE ( 'NONE', #1274, #8355, #1885, .T. ) ;
#6756 = CARTESIAN_POINT ( 'NONE',  ( 16.94289321881344890, -20.65000000000000213, 0.5000000000000004441 ) ) ;
#6757 = ORIENTED_EDGE ( 'NONE', *, *, #5061, .F. ) ;
#6758 = ORIENTED_EDGE ( 'NONE', *, *, #3215, .T. ) ;
#6759 = CARTESIAN_POINT ( 'NONE',  ( 21.15000000000000213, -17.14999999999997371, 47.50000000000000000 ) ) ;
#6760 = ORIENTED_EDGE ( 'NONE', *, *, #4480, .T. ) ;
#6761 = SURFACE_SIDE_STYLE ('',( #2880 ) ) ;
#6762 = DIRECTION ( 'NONE',  ( 0.000000000000000000, -1.000000000000000000, 0.000000000000000000 ) ) ;
#6763 = EDGE_CURVE ( 'NONE', #2632, #7657, #270, .T. ) ;
#6764 = AXIS2_PLACEMENT_3D ( 'NONE', #408, #3407, #5731 ) ;
#6765 = DIRECTION ( 'NONE',  ( -0.000000000000000000, -0.000000000000000000, 1.000000000000000000 ) ) ;
#6766 = DIRECTION ( 'NONE',  ( -0.000000000000000000, -0.000000000000000000, 1.000000000000000000 ) ) ;
#6767 = ADVANCED_FACE ( 'NONE', ( #1106 ), #1001, .T. ) ;
#6768 = CARTESIAN_POINT ( 'NONE',  ( 0.000000000000000000, 0.000000000000000000, 0.5000000000000000000 ) ) ;
#6769 = FACE_OUTER_BOUND ( 'NONE', #9597, .T. ) ;
#6770 = EDGE_CURVE ( 'NONE', #2689, #4454, #8066, .T. ) ;
#6771 = CARTESIAN_POINT ( 'NONE',  ( 1.379851512413567960, -19.15000000000000568, 43.53044834604566660 ) ) ;
#6772 = AXIS2_PLACEMENT_3D ( 'NONE', #966, #179, #6599 ) ;
#6773 = CARTESIAN_POINT ( 'NONE',  ( 16.78307522795901363, -15.07550534522241925, 46.50000000000000000 ) ) ;
#6774 = ORIENTED_EDGE ( 'NONE', *, *, #1962, .T. ) ;
#6775 = VERTEX_POINT ( 'NONE', #9662 ) ;
#6776 = FILL_AREA_STYLE_COLOUR ( '', #417 ) ;
#6777 = CARTESIAN_POINT ( 'NONE',  ( 15.94640676939198798, -15.92449465477575465, 47.50000000000000000 ) ) ;
#6778 = DIRECTION ( 'NONE',  ( 0.000000000000000000, 0.000000000000000000, 1.000000000000000000 ) ) ;
#6779 = PLANE ( 'NONE',  #8130 ) ;
#6780 = VERTEX_POINT ( 'NONE', #4826 ) ;
#6781 = ORIENTED_EDGE ( 'NONE', *, *, #2576, .F. ) ;
#6782 = SURFACE_STYLE_FILL_AREA ( #9086 ) ;
#6783 = SPHERICAL_SURFACE ( 'NONE', #5112, 0.5000000000000000000 ) ;
#6784 =( NAMED_UNIT ( * ) SI_UNIT ( $, .STERADIAN. ) SOLID_ANGLE_UNIT ( ) );
#6785 = FACE_OUTER_BOUND ( 'NONE', #486, .T. ) ;
#6786 = VECTOR ( 'NONE', #8848, 1000.000000000000000 ) ;
#6787 = FILL_AREA_STYLE_COLOUR ( '', #4443 ) ;
#6788 = PRODUCT_DEFINITION_SHAPE ( 'NONE', 'NONE',  #8371 ) ;
#6789 = EDGE_LOOP ( 'NONE', ( #6265, #9797, #1246, #276, #9909, #6113, #5275, #8022, #8474, #5173, #9291, #7166 ) ) ;
#6790 = ORIENTED_EDGE ( 'NONE', *, *, #8562, .T. ) ;
#6791 = DIRECTION ( 'NONE',  ( 0.000000000000000000, 0.000000000000000000, 1.000000000000000000 ) ) ;
#6792 = ORIENTED_EDGE ( 'NONE', *, *, #8305, .T. ) ;
#6793 = AXIS2_PLACEMENT_3D ( 'NONE', #1382, #3798, #6797 ) ;
#6794 = DIRECTION ( 'NONE',  ( -1.000000000000000000, 0.000000000000000000, 0.000000000000000000 ) ) ;
#6795 = CARTESIAN_POINT ( 'NONE',  ( 20.64999999999999858, 16.94289321881344534, 38.00000000000000000 ) ) ;
#6796 = STYLED_ITEM ( 'NONE', ( #219 ), #7823 ) ;
#6797 = DIRECTION ( 'NONE',  ( 1.000000000000000000, 0.000000000000000000, 0.000000000000000000 ) ) ;
#6798 = CARTESIAN_POINT ( 'NONE',  ( -21.48631967451538927, -21.25000000000000711, 23.80347179627696974 ) ) ;
#6799 = CARTESIAN_POINT ( 'NONE',  ( 21.15000000000011227, -16.94289321881346311, 8.000000000000000000 ) ) ;
#6800 =( NAMED_UNIT ( * ) PLANE_ANGLE_UNIT ( ) SI_UNIT ( $, .RADIAN. ) );
#6801 = ORIENTED_EDGE ( 'NONE', *, *, #3469, .T. ) ;
#6802 = VERTEX_POINT ( 'NONE', #9720 ) ;
#6803 = EDGE_CURVE ( 'NONE', #9172, #5837, #7298, .T. ) ;
#6804 = AXIS2_PLACEMENT_3D ( 'NONE', #1768, #8716, #7344 ) ;
#6805 = VERTEX_POINT ( 'NONE', #8878 ) ;
#6806 = PRESENTATION_STYLE_ASSIGNMENT (( #3659 ) ) ;
#6807 = PLANE ( 'NONE',  #4269 ) ;
#6808 = SURFACE_STYLE_FILL_AREA ( #2997 ) ;
#6809 = ADVANCED_FACE ( 'NONE', ( #905 ), #3324, .T. ) ;
#6810 = CARTESIAN_POINT ( 'NONE',  ( 14.21692477204111071, -15.85270061781256956, 47.49983667794648312 ) ) ;
#6811 = DIRECTION ( 'NONE',  ( 0.000000000000000000, 0.000000000000000000, 1.000000000000000000 ) ) ;
#6812 = LINE ( 'NONE', #8785, #1425 ) ;
#6813 = COLOUR_RGB ( '',0.2509803921568627416, 0.2509803921568627416, 0.2509803921568627416 ) ;
#6814 = SURFACE_STYLE_USAGE ( .BOTH. , #6040 ) ;
#6815 = B_SPLINE_CURVE_WITH_KNOTS ( 'NONE', 3,
 ( #2884, #6859, #6810, #856 ),
 .UNSPECIFIED., .F., .F.,
 ( 4, 4 ),
 ( 0.000000000000000000, 0.0002154103325711763264 ),
 .UNSPECIFIED. ) ;
#6816 = CARTESIAN_POINT ( 'NONE',  ( -20.64999999999999503, -16.94289321881343469, 48.00000000000000000 ) ) ;
#6817 = ADVANCED_FACE ( 'NONE', ( #3433 ), #2670, .F. ) ;
#6818 = SURFACE_STYLE_FILL_AREA ( #7632 ) ;
#6819 = ADVANCED_FACE ( 'NONE', ( #6737 ), #7497, .T. ) ;
#6820 = EDGE_LOOP ( 'NONE', ( #1822, #5848 ) ) ;
#6821 = UNCERTAINTY_MEASURE_WITH_UNIT (LENGTH_MEASURE( 1.000000000000000082E-05 ), #2500, 'distance_accuracy_value', 'NONE');
#6822 = ORIENTED_EDGE ( 'NONE', *, *, #9751, .T. ) ;
#6823 = SURFACE_SIDE_STYLE ('',( #2953 ) ) ;
#6824 = TOROIDAL_SURFACE ( 'NONE', #7146, 4.000000000000000000, 0.5000000000000000000 ) ;
#6825 = CARTESIAN_POINT ( 'NONE',  ( 17.79999999999983729, 15.50000000000015987, 47.50000000000000000 ) ) ;
#6826 = EDGE_CURVE ( 'NONE', #163, #8239, #5429, .T. ) ;
#6827 = CARTESIAN_POINT ( 'NONE',  ( 20.65000000000000213, -16.94289321881342403, 48.00000000000000000 ) ) ;
#6828 = FILL_AREA_STYLE ('',( #5435 ) ) ;
#6829 = DIRECTION ( 'NONE',  ( -0.000000000000000000, -0.000000000000000000, -1.000000000000000000 ) ) ;
#6830 = ORIENTED_EDGE ( 'NONE', *, *, #3341, .F. ) ;
#6831 = ORIENTED_EDGE ( 'NONE', *, *, #7623, .T. ) ;
#6832 = PLANE ( 'NONE',  #909 ) ;
#6833 = DIRECTION ( 'NONE',  ( 0.000000000000000000, 0.000000000000000000, -1.000000000000000000 ) ) ;
#6834 = FILL_AREA_STYLE_COLOUR ( '', #843 ) ;
#6835 = FACE_OUTER_BOUND ( 'NONE', #9643, .T. ) ;
#6836 = SURFACE_SIDE_STYLE ('',( #6741 ) ) ;
#6837 = EDGE_LOOP ( 'NONE', ( #5357, #173, #3606, #192 ) ) ;
#6838 = EDGE_LOOP ( 'NONE', ( #6149, #3319, #5534, #4607 ) ) ;
#6839 = LINE ( 'NONE', #9151, #1297 ) ;
#6840 = ORIENTED_EDGE ( 'NONE', *, *, #1962, .F. ) ;
#6841 = SURFACE_STYLE_USAGE ( .BOTH. , #3690 ) ;
#6842 = LINE ( 'NONE', #1994, #8884 ) ;
#6843 = DIRECTION ( 'NONE',  ( 0.7071067811865441310, -0.7071067811865510144, 0.000000000000000000 ) ) ;
#6844 = CARTESIAN_POINT ( 'NONE',  ( 2.500000000000000000, 0.000000000000000000, 45.00000000000000000 ) ) ;
#6845 = CONICAL_SURFACE ( 'NONE', #9471, 1.249999999999997558, 1.029744258676653201 ) ;
#6846 = COLOUR_RGB ( '',0.2509803921568627416, 0.2509803921568627416, 0.2509803921568627416 ) ;
#6847 = DIRECTION ( 'NONE',  ( 0.000000000000000000, 0.000000000000000000, 1.000000000000000000 ) ) ;
#6848 = CIRCLE ( 'NONE', #799, 0.5000000000000000000 ) ;
#6849 = LINE ( 'NONE', #5152, #3210 ) ;
#6850 = ORIENTED_EDGE ( 'NONE', *, *, #6184, .F. ) ;
#6851 = ORIENTED_EDGE ( 'NONE', *, *, #1129, .T. ) ;
#6852 = SURFACE_STYLE_FILL_AREA ( #9313 ) ;
#6853 = EDGE_LOOP ( 'NONE', ( #9217, #1685, #994, #3716 ) ) ;
#6854 = PRESENTATION_LAYER_ASSIGNMENT (  '', '', ( #1087 ) ) ;
#6855 = DIRECTION ( 'NONE',  ( -0.000000000000000000, -0.000000000000000000, -1.000000000000000000 ) ) ;
#6856 = PRESENTATION_LAYER_ASSIGNMENT (  '', '', ( #1089 ) ) ;
#6857 = DIRECTION ( 'NONE',  ( -0.000000000000000000, -0.000000000000000000, -1.000000000000000000 ) ) ;
#6858 = CARTESIAN_POINT ( 'NONE',  ( 16.78307522795901363, -15.07550534522241925, 46.50000000000000000 ) ) ;
#6859 = CARTESIAN_POINT ( 'NONE',  ( 14.21692477204111249, -15.78089184510148968, 47.50000000000000000 ) ) ;
#6860 = EDGE_CURVE ( 'NONE', #5020, #2925, #8250, .T. ) ;
#6861 = CARTESIAN_POINT ( 'NONE',  ( 17.29644660940672196, -21.00355339059327875, 0.000000000000000000 ) ) ;
#6862 = VECTOR ( 'NONE', #8236, 1000.000000000000114 ) ;
#6863 = FILL_AREA_STYLE ('',( #2219 ) ) ;
#6864 = VECTOR ( 'NONE', #10021, 1000.000000000000000 ) ;
#6865 = EDGE_CURVE ( 'NONE', #277, #8415, #6205, .T. ) ;
#6866 = SURFACE_SIDE_STYLE ('',( #6818 ) ) ;
#6867 = ORIENTED_EDGE ( 'NONE', *, *, #7757, .F. ) ;
#6868 = VERTEX_POINT ( 'NONE', #8220 ) ;
#6869 = VERTEX_POINT ( 'NONE', #9336 ) ;
#6870 = EDGE_LOOP ( 'NONE', ( #1048, #6123 ) ) ;
#6871 = CARTESIAN_POINT ( 'NONE',  ( 20.65000000000000213, -16.94289321881343113, 47.50000000000000000 ) ) ;
#6872 = EDGE_CURVE ( 'NONE', #8328, #6045, #5963, .T. ) ;
#6873 = DIRECTION ( 'NONE',  ( 1.000000000000000000, -1.534293971618784833E-13, 0.000000000000000000 ) ) ;
#6874 = LINE ( 'NONE', #524, #7141 ) ;
#6875 = SURFACE_STYLE_USAGE ( .BOTH. , #4500 ) ;
#6876 = AXIS2_PLACEMENT_3D ( 'NONE', #6480, #4926, #1055 ) ;
#6877 = ADVANCED_FACE ( 'NONE', ( #8274 ), #6682, .F. ) ;
#6878 = VECTOR ( 'NONE', #5788, 1000.000000000000000 ) ;
#6879 = CARTESIAN_POINT ( 'NONE',  ( 15.92449465477568893, 14.23501994154182526, 47.49955985394395697 ) ) ;
#6880 = ORIENTED_EDGE ( 'NONE', *, *, #1407, .T. ) ;
#6881 = ORIENTED_EDGE ( 'NONE', *, *, #5623, .T. ) ;
#6882 = DIRECTION ( 'NONE',  ( -0.000000000000000000, 0.000000000000000000, 1.000000000000000000 ) ) ;
#6883 = CARTESIAN_POINT ( 'NONE',  ( 15.07550534522235886, 14.21692477204116223, 46.50000000000000000 ) ) ;
#6884 = EDGE_CURVE ( 'NONE', #9750, #746, #1552, .T. ) ;
#6885 = DIRECTION ( 'NONE',  ( -0.000000000000000000, -0.000000000000000000, 1.000000000000000000 ) ) ;
#6886 = FACE_OUTER_BOUND ( 'NONE', #6031, .T. ) ;
#6887 = ADVANCED_FACE ( 'NONE', ( #4695 ), #7224, .T. ) ;
#6888 = DIRECTION ( 'NONE',  ( 1.000000000000000000, 0.000000000000000000, 0.000000000000000000 ) ) ;
#6889 = STYLED_ITEM ( 'NONE', ( #4477 ), #9513 ) ;
#6890 = EDGE_CURVE ( 'NONE', #2774, #4237, #6459, .T. ) ;
#6891 = VERTEX_POINT ( 'NONE', #8042 ) ;
#6892 = ORIENTED_EDGE ( 'NONE', *, *, #1772, .T. ) ;
#6893 = ORIENTED_EDGE ( 'NONE', *, *, #9562, .T. ) ;
#6894 = CIRCLE ( 'NONE', #5082, 0.5000000000000004441 ) ;
#6895 = VECTOR ( 'NONE', #3072, 1000.000000000000000 ) ;
#6896 = DIRECTION ( 'NONE',  ( -0.000000000000000000, -0.000000000000000000, -1.000000000000000000 ) ) ;
#6897 = PRESENTATION_STYLE_ASSIGNMENT (( #7716 ) ) ;
#6898 = LINE ( 'NONE', #7769, #2688 ) ;
#6899 = CARTESIAN_POINT ( 'NONE',  ( 15.29091159908238318, 16.78307522795905982, 47.50000000000000000 ) ) ;
#6900 = PRESENTATION_LAYER_ASSIGNMENT (  '', '', ( #2116 ) ) ;
#6901 = DIRECTION ( 'NONE',  ( -1.000000000000000000, -0.000000000000000000, -0.000000000000000000 ) ) ;
#6902 = DIRECTION ( 'NONE',  ( -1.000000000000000000, 4.086561412391466966E-15, 0.000000000000000000 ) ) ;
#6903 = ORIENTED_EDGE ( 'NONE', *, *, #3970, .F. ) ;
#6904 = ORIENTED_EDGE ( 'NONE', *, *, #9762, .F. ) ;
#6905 = LINE ( 'NONE', #6759, #1289 ) ;
#6906 = ORIENTED_EDGE ( 'NONE', *, *, #8988, .T. ) ;
#6907 = CARTESIAN_POINT ( 'NONE',  ( -15.50000000000016520, 15.49999999999897504, 46.00000000000000000 ) ) ;
#6908 = PLANE ( 'NONE',  #9706 ) ;
#6909 = CARTESIAN_POINT ( 'NONE',  ( -1.379851512413567960, -39.15000000000000568, 43.53044834604566660 ) ) ;
#6910 = CIRCLE ( 'NONE', #2631, 25.00000000000000000 ) ;
#6911 =( GEOMETRIC_REPRESENTATION_CONTEXT ( 3 ) GLOBAL_UNCERTAINTY_ASSIGNED_CONTEXT ( ( #4922 ) ) GLOBAL_UNIT_ASSIGNED_CONTEXT ( ( #4231, #9799, #6724 ) ) REPRESENTATION_CONTEXT ( 'NONE', 'WORKASPACE' ) );
#6912 = DIRECTION ( 'NONE',  ( -4.146740463834158171E-15, 1.000000000000000000, 0.000000000000000000 ) ) ;
#6913 =( LENGTH_UNIT ( ) NAMED_UNIT ( * ) SI_UNIT ( .MILLI., .METRE. ) );
#6914 = AXIS2_PLACEMENT_3D ( 'NONE', #4684, #4790, #3245 ) ;
#6915 = VERTEX_POINT ( 'NONE', #147 ) ;
#6917 = CIRCLE ( 'NONE', #7083, 0.5000000000000004441 ) ;
#6916 = SURFACE_STYLE_FILL_AREA ( #9329 ) ;
#6918 = ORIENTED_EDGE ( 'NONE', *, *, #1891, .T. ) ;
#6919 = PRESENTATION_LAYER_ASSIGNMENT (  '', '', ( #4613 ) ) ;
#6920 = EDGE_CURVE ( 'NONE', #8355, #9572, #53, .T. ) ;
#6921 = ORIENTED_EDGE ( 'NONE', *, *, #5103, .T. ) ;
#6922 = CARTESIAN_POINT ( 'NONE',  ( -20.64999999999999503, -16.94289321881344534, 8.000000000000000000 ) ) ;
#6923 = FILL_AREA_STYLE_COLOUR ( '', #830 ) ;
#6924 = CARTESIAN_POINT ( 'NONE',  ( -15.50000000000016520, 15.49999999999897504, 47.50000000000000000 ) ) ;
#6925 = CARTESIAN_POINT ( 'NONE',  ( 15.94640676939199508, -15.07550534522242458, 46.50000000000000000 ) ) ;
#6926 = VECTOR ( 'NONE', #3093, 1000.000000000000000 ) ;
#6927 = AXIS2_PLACEMENT_3D ( 'NONE', #5959, #9125, #2065 ) ;
#6928 = CARTESIAN_POINT ( 'NONE',  ( -15.29091159908805686, -14.21692477204105920, 47.50000000000000000 ) ) ;
#6929 = FILL_AREA_STYLE ('',( #1255 ) ) ;
#6930 = CARTESIAN_POINT ( 'NONE',  ( 15.92449465477568893, 14.25314224406668018, 47.50000000000000000 ) ) ;
#6931 = ORIENTED_EDGE ( 'NONE', *, *, #5307, .F. ) ;
#6932 = VERTEX_POINT ( 'NONE', #7945 ) ;
#6933 = DIRECTION ( 'NONE',  ( 0.000000000000000000, 0.000000000000000000, 1.000000000000000000 ) ) ;
#6934 = FACE_OUTER_BOUND ( 'NONE', #6348, .T. ) ;
#6935 = ADVANCED_FACE ( 'NONE', ( #8600 ), #4807, .F. ) ;
#6936 = CARTESIAN_POINT ( 'NONE',  ( 18.50000000000079936, -15.49999999999983658, 47.50000000000000000 ) ) ;
#6937 =( GEOMETRIC_REPRESENTATION_CONTEXT ( 3 ) GLOBAL_UNCERTAINTY_ASSIGNED_CONTEXT ( ( #9173 ) ) GLOBAL_UNIT_ASSIGNED_CONTEXT ( ( #9140, #2082, #1318 ) ) REPRESENTATION_CONTEXT ( 'NONE', 'WORKASPACE' ) );
#6938 =( NAMED_UNIT ( * ) PLANE_ANGLE_UNIT ( ) SI_UNIT ( $, .RADIAN. ) );
#6939 = AXIS2_PLACEMENT_3D ( 'NONE', #8329, #444, #2983 ) ;
#6940 = EDGE_CURVE ( 'NONE', #7818, #3587, #2529, .T. ) ;
#6941 = ORIENTED_EDGE ( 'NONE', *, *, #5305, .T. ) ;
#6942 = ORIENTED_EDGE ( 'NONE', *, *, #1324, .F. ) ;
#6943 = CARTESIAN_POINT ( 'NONE',  ( 15.49999999999983658, 15.50000000000015987, 47.50000000000000000 ) ) ;
#6944 = EDGE_CURVE ( 'NONE', #6707, #8148, #3317, .T. ) ;
#6945 = VERTEX_POINT ( 'NONE', #9693 ) ;
#6946 = DIRECTION ( 'NONE',  ( -0.7071067811865487940, -0.7071067811865463515, 0.000000000000000000 ) ) ;
#6947 = EDGE_CURVE ( 'NONE', #253, #4061, #3812, .T. ) ;
#6948 = CYLINDRICAL_SURFACE ( 'NONE', #9335, 0.5787973969144516451 ) ;
#6949 = DIRECTION ( 'NONE',  ( 1.000000000000000000, 0.000000000000000000, 0.000000000000000000 ) ) ;
#6950 = DIRECTION ( 'NONE',  ( -1.000000000000000000, 0.000000000000000000, 0.000000000000000000 ) ) ;
#6951 = PLANE ( 'NONE',  #10028 ) ;
#6952 = VERTEX_POINT ( 'NONE', #3409 ) ;
#6953 = VERTEX_POINT ( 'NONE', #6615 ) ;
#6954 = FACE_OUTER_BOUND ( 'NONE', #3192, .T. ) ;
#6955 = ORIENTED_EDGE ( 'NONE', *, *, #7949, .T. ) ;
#6956 = FACE_OUTER_BOUND ( 'NONE', #1049, .T. ) ;
#6957 = AXIS2_PLACEMENT_3D ( 'NONE', #9563, #8977, #4086 ) ;
#6958 = FILL_AREA_STYLE_COLOUR ( '', #4913 ) ;
#6959 = FILL_AREA_STYLE_COLOUR ( '', #9717 ) ;
#6960 = DIRECTION ( 'NONE',  ( 1.000000000000000000, 0.000000000000000000, 0.000000000000000000 ) ) ;
#6961 = LINE ( 'NONE', #10144, #4548 ) ;
#6962 = FACE_OUTER_BOUND ( 'NONE', #644, .T. ) ;
#6963 = AXIS2_PLACEMENT_3D ( 'NONE', #7851, #790, #10117 ) ;
#6964 = CYLINDRICAL_SURFACE ( 'NONE', #3705, 1.249999999999999334 ) ;
#6965 = EDGE_LOOP ( 'NONE', ( #8582, #6831, #1543, #1602, #3920 ) ) ;
#6966 = CARTESIAN_POINT ( 'NONE',  ( 16.94289321881345600, 21.14999999999999858, 0.000000000000000000 ) ) ;
#6967 = ORIENTED_EDGE ( 'NONE', *, *, #6988, .F. ) ;
#6968 = FACE_OUTER_BOUND ( 'NONE', #2822, .T. ) ;
#6969 = FACE_OUTER_BOUND ( 'NONE', #3815, .T. ) ;
#6970 = DIRECTION ( 'NONE',  ( 1.000000000000000000, -2.073370231917079007E-14, 0.000000000000000000 ) ) ;
#6971 = CIRCLE ( 'NONE', #4998, 0.5000000000000004441 ) ;
#6972 = CARTESIAN_POINT ( 'NONE',  ( -16.78307522795911311, 15.92449465477565163, 46.50000000000000000 ) ) ;
#6973 = CARTESIAN_POINT ( 'NONE',  ( 14.21692477204111604, -15.07550534522241215, 46.50000000000000000 ) ) ;
#6974 = DIRECTION ( 'NONE',  ( 0.000000000000000000, 0.000000000000000000, -1.000000000000000000 ) ) ;
#6975 = CARTESIAN_POINT ( 'NONE',  ( -15.49999999999897859, -15.50000000000102141, 48.00000000000000000 ) ) ;
#6977 = ORIENTED_EDGE ( 'NONE', *, *, #5752, .F. ) ;
#6976 = MECHANICAL_DESIGN_GEOMETRIC_PRESENTATION_REPRESENTATION (  '', ( #4156 ), #3202 ) ;
#6978 = SURFACE_STYLE_USAGE ( .BOTH. , #2289 ) ;
#6979 = ORIENTED_EDGE ( 'NONE', *, *, #7704, .F. ) ;
#6980 = LINE ( 'NONE', #2292, #5683 ) ;
#6981 = CARTESIAN_POINT ( 'NONE',  ( 20.65000000000000213, -17.15000000000001634, 0.000000000000000000 ) ) ;
#6982 = COLOUR_RGB ( '',0.2509803921568627416, 0.2509803921568627416, 0.2509803921568627416 ) ;
#6983 = CARTESIAN_POINT ( 'NONE',  ( 16.84930666606603111, 15.05359323060817367, 47.49262389544735896 ) ) ;
#6984 = EDGE_CURVE ( 'NONE', #9346, #3204, #8260, .T. ) ;
#6985 = CARTESIAN_POINT ( 'NONE',  ( 15.92449465477569603, 15.94640676939203594, 46.50000000000000000 ) ) ;
#6986 = ORIENTED_EDGE ( 'NONE', *, *, #7692, .F. ) ;
#6987 = VERTEX_POINT ( 'NONE', #2644 ) ;
#6988 = EDGE_CURVE ( 'NONE', #8533, #1196, #304, .T. ) ;
#6989 = MECHANICAL_DESIGN_GEOMETRIC_PRESENTATION_REPRESENTATION (  '', ( #4005 ), #8613 ) ;
#6990 = VERTEX_POINT ( 'NONE', #361 ) ;
#6991 = DIRECTION ( 'NONE',  ( 0.000000000000000000, 0.000000000000000000, 1.000000000000000000 ) ) ;
#6992 = DIRECTION ( 'NONE',  ( -0.000000000000000000, 1.000000000000000000, -0.000000000000000000 ) ) ;
#6993 = LINE ( 'NONE', #10125, #7610 ) ;
#6994 = EDGE_CURVE ( 'NONE', #5904, #972, #9009, .T. ) ;
#6995 = ADVANCED_FACE ( 'NONE', ( #197 ), #1966, .T. ) ;
#6996 =( NAMED_UNIT ( * ) PLANE_ANGLE_UNIT ( ) SI_UNIT ( $, .RADIAN. ) );
#6997 = EDGE_CURVE ( 'NONE', #1147, #6222, #5300, .T. ) ;
#6998 = AXIS2_PLACEMENT_3D ( 'NONE', #9857, #7595, #6933 ) ;
#6999 = PLANE ( 'NONE',  #4512 ) ;
#7000 = EDGE_LOOP ( 'NONE', ( #498, #134, #3803, #8826, #5962, #440, #10163, #3629 ) ) ;
#7001 = ORIENTED_EDGE ( 'NONE', *, *, #5304, .T. ) ;
#7002 = EDGE_CURVE ( 'NONE', #7490, #7443, #2793, .T. ) ;
#7003 = PLANE ( 'NONE',  #8033 ) ;
#7004 = VERTEX_POINT ( 'NONE', #5058 ) ;
#7005 = UNCERTAINTY_MEASURE_WITH_UNIT (LENGTH_MEASURE( 1.000000000000000082E-05 ), #4813, 'distance_accuracy_value', 'NONE');
#7006 = CARTESIAN_POINT ( 'NONE',  ( -15.07550534522246899, -15.05359323060807775, 47.50000000000000000 ) ) ;
#7007 = PRESENTATION_STYLE_ASSIGNMENT (( #7928 ) ) ;
#7008 = DIRECTION ( 'NONE',  ( -1.000000000000000000, 8.293480927668351052E-15, 0.000000000000000000 ) ) ;
#7009 = AXIS2_PLACEMENT_3D ( 'NONE', #2360, #1634, #4830 ) ;
#7010 = CARTESIAN_POINT ( 'NONE',  ( 11.50000000000000000, 1.408343819019456373E-15, 0.5000000000000000000 ) ) ;
#7011 = AXIS2_PLACEMENT_3D ( 'NONE', #9851, #9133, #7537 ) ;
#7012 = CARTESIAN_POINT ( 'NONE',  ( 0.000000000000000000, 0.000000000000000000, 7.999999999999992895 ) ) ;
#7013 = EDGE_CURVE ( 'NONE', #5687, #3300, #5800, .T. ) ;
#7014 = LINE ( 'NONE', #6861, #5751 ) ;
#7015 = ORIENTED_EDGE ( 'NONE', *, *, #8981, .F. ) ;
#7016 = PRESENTATION_LAYER_ASSIGNMENT (  '', '', ( #9146 ) ) ;
#7017 = EDGE_CURVE ( 'NONE', #9701, #172, #4325, .T. ) ;
#7018 = DIRECTION ( 'NONE',  ( 0.000000000000000000, 0.000000000000000000, 1.000000000000000000 ) ) ;
#7019 = AXIS2_PLACEMENT_3D ( 'NONE', #298, #8088, #4161 ) ;
#7020 = VERTEX_POINT ( 'NONE', #8297 ) ;
#7021 = LINE ( 'NONE', #6966, #5427 ) ;
#7022 = ORIENTED_EDGE ( 'NONE', *, *, #5549, .T. ) ;
#7023 = CARTESIAN_POINT ( 'NONE',  ( -15.92449465477582748, -16.78307522795894968, 46.50000000000000000 ) ) ;
#7024 = LINE ( 'NONE', #9430, #9963 ) ;
#7025 = PRESENTATION_STYLE_ASSIGNMENT (( #5478 ) ) ;
#7026 = PRESENTATION_STYLE_ASSIGNMENT (( #3304 ) ) ;
#7027 = PRESENTATION_STYLE_ASSIGNMENT (( #9232 ) ) ;
#7028 = CARTESIAN_POINT ( 'NONE',  ( 15.94640676939198087, -16.84930666606609151, 46.50000000000000000 ) ) ;
#7029 = VECTOR ( 'NONE', #6039, 1000.000000000000000 ) ;
#7030 = CIRCLE ( 'NONE', #8168, 1.300000000000000711 ) ;
#7031 = DIRECTION ( 'NONE',  ( 1.000000000000000000, 0.000000000000000000, 0.000000000000000000 ) ) ;
#7032 = DIRECTION ( 'NONE',  ( -0.000000000000000000, -0.000000000000000000, -1.000000000000000000 ) ) ;
#7033 = VERTEX_POINT ( 'NONE', #1034 ) ;
#7034 = EDGE_LOOP ( 'NONE', ( #7292, #4596, #203, #2287 ) ) ;
#7035 = CARTESIAN_POINT ( 'NONE',  ( -13.32957238623955831, 21.14999999999999858, 38.00000000000000000 ) ) ;
#7036 = VECTOR ( 'NONE', #7759, 1000.000000000000000 ) ;
#7037 = DIRECTION ( 'NONE',  ( 0.000000000000000000, 0.000000000000000000, 1.000000000000000000 ) ) ;
#7038 = SURFACE_STYLE_USAGE ( .BOTH. , #9498 ) ;
#7039 = PRESENTATION_LAYER_ASSIGNMENT (  '', '', ( #1275 ) ) ;
#7040 = PRESENTATION_LAYER_ASSIGNMENT (  '', '', ( #1276 ) ) ;
#7041 = VERTEX_POINT ( 'NONE', #5733 ) ;
#7042 =( GEOMETRIC_REPRESENTATION_CONTEXT ( 3 ) GLOBAL_UNCERTAINTY_ASSIGNED_CONTEXT ( ( #6085 ) ) GLOBAL_UNIT_ASSIGNED_CONTEXT ( ( #2158, #2208, #601 ) ) REPRESENTATION_CONTEXT ( 'NONE', 'WORKASPACE' ) );
#7043 = ORIENTED_EDGE ( 'NONE', *, *, #4295, .T. ) ;
#7044 = DIRECTION ( 'NONE',  ( 1.000000000000000000, 0.000000000000000000, 0.000000000000000000 ) ) ;
#7045 = ORIENTED_EDGE ( 'NONE', *, *, #3232, .T. ) ;
#7046 = ADVANCED_FACE ( 'NONE', ( #2580 ), #6128, .T. ) ;
#7047 = CARTESIAN_POINT ( 'NONE',  ( -16.74999999999994316, -15.50000000000004974, 0.000000000000000000 ) ) ;
#7048 = DIRECTION ( 'NONE',  ( -1.000000000000000000, 0.000000000000000000, 0.000000000000000000 ) ) ;
#7049 = LINE ( 'NONE', #6281, #9319 ) ;
#7050 = CARTESIAN_POINT ( 'NONE',  ( -15.50000000000016520, 15.49999999999897504, 47.50000000000000000 ) ) ;
#7051 = PRESENTATION_LAYER_ASSIGNMENT (  '', '', ( #6889 ) ) ;
#7052 = LINE ( 'NONE', #1683, #8498 ) ;
#7053 = ORIENTED_EDGE ( 'NONE', *, *, #5485, .F. ) ;
#7054 = VERTEX_POINT ( 'NONE', #8248 ) ;
#7055 = CARTESIAN_POINT ( 'NONE',  ( 0.000000000000000000, 0.000000000000000000, -1.500000000000000000 ) ) ;
#7056 = VECTOR ( 'NONE', #3305, 1000.000000000000000 ) ;
#7057 = ORIENTED_EDGE ( 'NONE', *, *, #3019, .T. ) ;
#7058 = PRESENTATION_LAYER_ASSIGNMENT (  '', '', ( #5922 ) ) ;
#7059 = DIRECTION ( 'NONE',  ( -0.000000000000000000, -0.000000000000000000, 1.000000000000000000 ) ) ;
#7060 = DIRECTION ( 'NONE',  ( 1.000000000000000000, 0.000000000000000000, 0.000000000000000000 ) ) ;
#7061 = FACE_OUTER_BOUND ( 'NONE', #568, .T. ) ;
#7062 = CARTESIAN_POINT ( 'NONE',  ( -1.379851512413567960, -19.15000000000000568, 42.12714644778323247 ) ) ;
#7063 = AXIS2_PLACEMENT_3D ( 'NONE', #3220, #784, #3966 ) ;
#7064 =( NAMED_UNIT ( * ) SI_UNIT ( $, .STERADIAN. ) SOLID_ANGLE_UNIT ( ) );
#7065 = ADVANCED_FACE ( 'NONE', ( #4166 ), #1185, .T. ) ;
#7066 = CARTESIAN_POINT ( 'NONE',  ( 0.000000000000000000, 0.000000000000000000, 38.00000000000000000 ) ) ;
#7067 = CIRCLE ( 'NONE', #2114, 0.5000000000000004441 ) ;
#7068 = SURFACE_STYLE_FILL_AREA ( #2518 ) ;
#7069 = DIRECTION ( 'NONE',  ( 1.000000000000000000, -9.714925909052381054E-15, 0.000000000000000000 ) ) ;
#7070 = ORIENTED_EDGE ( 'NONE', *, *, #5373, .F. ) ;
#7071 = EDGE_CURVE ( 'NONE', #5153, #641, #5320, .T. ) ;
#7072 =( NAMED_UNIT ( * ) PLANE_ANGLE_UNIT ( ) SI_UNIT ( $, .RADIAN. ) );
#7073 = CARTESIAN_POINT ( 'NONE',  ( 14.27125906389390231, -15.07550534522241215, 47.50000000000000000 ) ) ;
#7074 = DIRECTION ( 'NONE',  ( 0.000000000000000000, 0.000000000000000000, 1.000000000000000000 ) ) ;
#7075 = EDGE_CURVE ( 'NONE', #4427, #9725, #1178, .T. ) ;
#7076 =( GEOMETRIC_REPRESENTATION_CONTEXT ( 3 ) GLOBAL_UNCERTAINTY_ASSIGNED_CONTEXT ( ( #3391 ) ) GLOBAL_UNIT_ASSIGNED_CONTEXT ( ( #617, #5917, #5474 ) ) REPRESENTATION_CONTEXT ( 'NONE', 'WORKASPACE' ) );
#7077 = CIRCLE ( 'NONE', #2127, 0.5787973969144516451 ) ;
#7078 =( NAMED_UNIT ( * ) PLANE_ANGLE_UNIT ( ) SI_UNIT ( $, .RADIAN. ) );
#7079 = CARTESIAN_POINT ( 'NONE',  ( -15.92449465477579729, -15.05359323060806709, 46.50000000000000000 ) ) ;
#7080 = SURFACE_SIDE_STYLE ('',( #9179 ) ) ;
#7081 = EDGE_CURVE ( 'NONE', #4293, #4606, #4970, .T. ) ;
#7082 = AXIS2_PLACEMENT_3D ( 'NONE', #6392, #7825, #9525 ) ;
#7083 = AXIS2_PLACEMENT_3D ( 'NONE', #2919, #9298, #4616 ) ;
#7084 = MECHANICAL_DESIGN_GEOMETRIC_PRESENTATION_REPRESENTATION (  '', ( #6271 ), #3460 ) ;
#7085 = PRESENTATION_LAYER_ASSIGNMENT (  '', '', ( #152 ) ) ;
#7086 = CARTESIAN_POINT ( 'NONE',  ( 20.65000000000000213, -16.94289321881343113, 47.50000000000000000 ) ) ;
#7087 = ORIENTED_EDGE ( 'NONE', *, *, #184, .F. ) ;
#7088 =( NAMED_UNIT ( * ) PLANE_ANGLE_UNIT ( ) SI_UNIT ( $, .RADIAN. ) );
#7089 = EDGE_LOOP ( 'NONE', ( #8958, #9940, #6653, #4565 ) ) ;
#7090 = CARTESIAN_POINT ( 'NONE',  ( 0.000000000000000000, 0.000000000000000000, 40.00000000000000000 ) ) ;
#7091 = CYLINDRICAL_SURFACE ( 'NONE', #1321, 25.00000000000000000 ) ;
#7092 = VECTOR ( 'NONE', #1306, 1000.000000000000000 ) ;
#7093 = CARTESIAN_POINT ( 'NONE',  ( 13.31369220013742805, 21.15999999999999659, 40.00000000000000000 ) ) ;
#7094 = DIRECTION ( 'NONE',  ( -0.000000000000000000, -0.000000000000000000, 1.000000000000000000 ) ) ;
#7095 = DIRECTION ( 'NONE',  ( 0.000000000000000000, 0.000000000000000000, 1.000000000000000000 ) ) ;
#7096 = VERTEX_POINT ( 'NONE', #10095 ) ;
#7097 = UNCERTAINTY_MEASURE_WITH_UNIT (LENGTH_MEASURE( 1.000000000000000082E-05 ), #750, 'distance_accuracy_value', 'NONE');
#7099 = ORIENTED_EDGE ( 'NONE', *, *, #8676, .F. ) ;
#7098 = AXIS2_PLACEMENT_3D ( 'NONE', #5976, #8284, #2039 ) ;
#7100 = DIRECTION ( 'NONE',  ( 1.000000000000000000, 0.000000000000000000, 0.000000000000000000 ) ) ;
#7101 = CARTESIAN_POINT ( 'NONE',  ( -16.94289321881343469, 21.14999999999999858, 47.50000000000000000 ) ) ;
#7102 = DIRECTION ( 'NONE',  ( -0.000000000000000000, 1.000000000000000000, -0.000000000000000000 ) ) ;
#7103 = DIRECTION ( 'NONE',  ( -1.000000000000000000, 0.000000000000000000, 0.000000000000000000 ) ) ;
#7104 = DIRECTION ( 'NONE',  ( 1.000000000000000000, 0.000000000000000000, 0.000000000000000000 ) ) ;
#7105 = FACE_OUTER_BOUND ( 'NONE', #2538, .T. ) ;
#7106 = EDGE_LOOP ( 'NONE', ( #10027, #8425, #3833, #3402 ) ) ;
#7107 = ORIENTED_EDGE ( 'NONE', *, *, #4776, .F. ) ;
#7108 = LINE ( 'NONE', #2773, #3429 ) ;
#7109 = EDGE_LOOP ( 'NONE', ( #1050, #5358, #8804, #684, #5033, #9783, #3605, #9599, #9405, #3539, #82, #5448 ) ) ;
#7110 = LINE ( 'NONE', #3850, #4036 ) ;
#7111 = MECHANICAL_DESIGN_GEOMETRIC_PRESENTATION_REPRESENTATION (  '', ( #1174 ), #1836 ) ;
#7112 = CARTESIAN_POINT ( 'NONE',  ( -16.94289321881343113, 20.64999999999999858, 0.5000000000000000000 ) ) ;
#7113 = PRESENTATION_STYLE_ASSIGNMENT (( #7162 ) ) ;
#7114 = VECTOR ( 'NONE', #6295, 1000.000000000000000 ) ;
#7115 = FILL_AREA_STYLE_COLOUR ( '', #2622 ) ;
#7116 = VERTEX_POINT ( 'NONE', #2839 ) ;
#7117 = CARTESIAN_POINT ( 'NONE',  ( -20.64999999999999503, -16.94289321881344534, 38.00000000000000000 ) ) ;
#7118 = EDGE_LOOP ( 'NONE', ( #8454, #8326, #1390 ) ) ;
#7119 = CARTESIAN_POINT ( 'NONE',  ( 16.94289321881344890, -20.65000000000000213, 0.5000000000000000000 ) ) ;
#7120 = EDGE_CURVE ( 'NONE', #2605, #3240, #1237, .T. ) ;
#7121 = LINE ( 'NONE', #4692, #1080 ) ;
#7122 = DIRECTION ( 'NONE',  ( -1.000000000000000000, 0.000000000000000000, 0.000000000000000000 ) ) ;
#7123 = CIRCLE ( 'NONE', #2684, 0.5000000000000004441 ) ;
#7124 =( LENGTH_UNIT ( ) NAMED_UNIT ( * ) SI_UNIT ( .MILLI., .METRE. ) );
#7125 = VECTOR ( 'NONE', #2407, 1000.000000000000000 ) ;
#7126 = EDGE_CURVE ( 'NONE', #5265, #9452, #7593, .T. ) ;
#7127 = LINE ( 'NONE', #4058, #9308 ) ;
#7128 = ADVANCED_FACE ( 'NONE', ( #6187 ), #3494, .T. ) ;
#7129 = EDGE_CURVE ( 'NONE', #3053, #5626, #848, .T. ) ;
#7130 = CARTESIAN_POINT ( 'NONE',  ( -15.50000000000016520, 15.49999999999897504, 47.50000000000000000 ) ) ;
#7131 = SURFACE_SIDE_STYLE ('',( #6514 ) ) ;
#7132 = VERTEX_POINT ( 'NONE', #3810 ) ;
#7133 =( LENGTH_UNIT ( ) NAMED_UNIT ( * ) SI_UNIT ( .MILLI., .METRE. ) );
#7134 = EDGE_LOOP ( 'NONE', ( #4493, #1359, #7407, #4513 ) ) ;
#7135 = EDGE_CURVE ( 'NONE', #9869, #1905, #6038, .T. ) ;
#7136 = VECTOR ( 'NONE', #7094, 1000.000000000000000 ) ;
#7137 = DIRECTION ( 'NONE',  ( 1.000000000000000000, 0.000000000000000000, -0.000000000000000000 ) ) ;
#7138 = FILL_AREA_STYLE_COLOUR ( '', #4947 ) ;
#7139 = LINE ( 'NONE', #7905, #3890 ) ;
#7140 = CARTESIAN_POINT ( 'NONE',  ( 0.000000000000000000, 0.000000000000000000, 46.00000000000000000 ) ) ;
#7141 = VECTOR ( 'NONE', #10007, 1000.000000000000000 ) ;
#7142 = DIRECTION ( 'NONE',  ( -0.7071067811865440200, 0.7071067811865510144, -4.906538933386820908E-15 ) ) ;
#7143 = ORIENTED_EDGE ( 'NONE', *, *, #308, .F. ) ;
#7144 = EDGE_LOOP ( 'NONE', ( #8959, #9, #9954, #8072 ) ) ;
#7145 = FILL_AREA_STYLE_COLOUR ( '', #7226 ) ;
#7146 = AXIS2_PLACEMENT_3D ( 'NONE', #5418, #4589, #6193 ) ;
#7147 =( NAMED_UNIT ( * ) SI_UNIT ( $, .STERADIAN. ) SOLID_ANGLE_UNIT ( ) );
#7148 = CARTESIAN_POINT ( 'NONE',  ( 15.49999999999983658, 15.50000000000015987, 46.00000000000000000 ) ) ;
#7149 = PRESENTATION_STYLE_ASSIGNMENT (( #10179 ) ) ;
#7150 = DIRECTION ( 'NONE',  ( 1.000000000000000000, 0.000000000000000000, 0.000000000000000000 ) ) ;
#7151 = DIRECTION ( 'NONE',  ( -0.7071067811865411334, 8.659560562354853972E-17, 0.7071067811865539010 ) ) ;
#7152 = CARTESIAN_POINT ( 'NONE',  ( 0.000000000000000000, 0.000000000000000000, 48.00000000000000000 ) ) ;
#7153 = CIRCLE ( 'NONE', #3043, 1.299999999999999156 ) ;
#7154 = ORIENTED_EDGE ( 'NONE', *, *, #5192, .F. ) ;
#7155 = VERTEX_POINT ( 'NONE', #2110 ) ;
#7156 = CARTESIAN_POINT ( 'NONE',  ( 21.14999999999999858, 21.14999999999999858, 8.000000000000000000 ) ) ;
#7157 = ORIENTED_EDGE ( 'NONE', *, *, #7498, .F. ) ;
#7158 = DIRECTION ( 'NONE',  ( 1.000000000000000000, 0.000000000000000000, 0.000000000000000000 ) ) ;
#7159 = CARTESIAN_POINT ( 'NONE',  ( -15.07550534522247609, -15.94640676939193469, 46.50000000000000000 ) ) ;
#7160 = TOROIDAL_SURFACE ( 'NONE', #6011, 11.50000000000000000, 0.5000000000000000000 ) ;
#7161 = CARTESIAN_POINT ( 'NONE',  ( -1.379851512413567960, -39.15000000000000568, 43.53044834604566660 ) ) ;
#7162 = SURFACE_STYLE_USAGE ( .BOTH. , #4794 ) ;
#7163 = LINE ( 'NONE', #5517, #306 ) ;
#7164 = VERTEX_POINT ( 'NONE', #9891 ) ;
#7165 =( NAMED_UNIT ( * ) PLANE_ANGLE_UNIT ( ) SI_UNIT ( $, .RADIAN. ) );
#7166 = ORIENTED_EDGE ( 'NONE', *, *, #4284, .T. ) ;
#7167 = DIRECTION ( 'NONE',  ( 0.000000000000000000, 0.000000000000000000, 1.000000000000000000 ) ) ;
#7168 = CIRCLE ( 'NONE', #7193, 11.00000000000000000 ) ;
#7169 = CARTESIAN_POINT ( 'NONE',  ( -21.14999999999999503, -13.32957238623956364, 99.84951795962939514 ) ) ;
#7170 = LINE ( 'NONE', #98, #1577 ) ;
#7171 = AXIS2_PLACEMENT_3D ( 'NONE', #476, #2030, #6735 ) ;
#7172 = ADVANCED_FACE ( 'NONE', ( #4483 ), #8495, .T. ) ;
#7173 = CARTESIAN_POINT ( 'NONE',  ( -18.79644660940671486, 18.79644660940671486, 47.50000000000000000 ) ) ;
#7174 = B_SPLINE_CURVE_WITH_KNOTS ( 'NONE', 3,
 ( #3109, #4751, #6306, #4646 ),
 .UNSPECIFIED., .F., .F.,
 ( 4, 4 ),
 ( 0.000000000000000000, 0.0001285675718500072114 ),
 .UNSPECIFIED. ) ;
#7175 = CARTESIAN_POINT ( 'NONE',  ( 0.000000000000000000, 0.000000000000000000, 45.00000000000000000 ) ) ;
#7176 = DIRECTION ( 'NONE',  ( 0.000000000000000000, 0.000000000000000000, -1.000000000000000000 ) ) ;
#7177 = COLOUR_RGB ( '',0.2509803921568627416, 0.2509803921568627416, 0.2509803921568627416 ) ;
#7178 = ADVANCED_FACE ( 'NONE', ( #9320 ), #2214, .F. ) ;
#7179 = STYLED_ITEM ( 'NONE', ( #2961 ), #4924 ) ;
#7180 = CARTESIAN_POINT ( 'NONE',  ( -16.74999999999994316, -15.50000000000004974, -2.266821225221747863E-17 ) ) ;
#7181 = FILL_AREA_STYLE ('',( #3919 ) ) ;
#7182 = ORIENTED_EDGE ( 'NONE', *, *, #6865, .T. ) ;
#7183 = SPHERICAL_SURFACE ( 'NONE', #3439, 0.5000000000000000000 ) ;
#7184 = VERTEX_POINT ( 'NONE', #2513 ) ;
#7185 = LINE ( 'NONE', #8760, #6515 ) ;
#7186 = ADVANCED_FACE ( 'NONE', ( #4046 ), #8738, .T. ) ;
#7187 =( GEOMETRIC_REPRESENTATION_CONTEXT ( 3 ) GLOBAL_UNCERTAINTY_ASSIGNED_CONTEXT ( ( #9657 ) ) GLOBAL_UNIT_ASSIGNED_CONTEXT ( ( #139, #7980, #2370 ) ) REPRESENTATION_CONTEXT ( 'NONE', 'WORKASPACE' ) );
#7188 =( LENGTH_UNIT ( ) NAMED_UNIT ( * ) SI_UNIT ( .MILLI., .METRE. ) );
#7189 = DIRECTION ( 'NONE',  ( 8.202002250481357549E-17, -1.000000000000000000, -0.000000000000000000 ) ) ;
#7190 = CARTESIAN_POINT ( 'NONE',  ( -14.21692477204121730, 15.07550534522231089, 47.49867441544049029 ) ) ;
#7191 = EDGE_CURVE ( 'NONE', #2489, #7604, #9374, .T. ) ;
#7192 = DIRECTION ( 'NONE',  ( 1.000000000000000000, 0.000000000000000000, 0.000000000000000000 ) ) ;
#7193 = AXIS2_PLACEMENT_3D ( 'NONE', #1488, #8481, #1436 ) ;
#7194 = EDGE_LOOP ( 'NONE', ( #5102, #4503, #2509, #1857 ) ) ;
#7195 = CIRCLE ( 'NONE', #3567, 0.5787973969144516451 ) ;
#7196 = UNCERTAINTY_MEASURE_WITH_UNIT (LENGTH_MEASURE( 1.000000000000000082E-05 ), #4007, 'distance_accuracy_value', 'NONE');
#7197 = ORIENTED_EDGE ( 'NONE', *, *, #2642, .T. ) ;
#7198 = DIRECTION ( 'NONE',  ( 0.000000000000000000, 0.000000000000000000, 1.000000000000000000 ) ) ;
#7199 = EDGE_CURVE ( 'NONE', #4076, #9038, #5619, .T. ) ;
#7200 = EDGE_CURVE ( 'NONE', #7041, #6932, #10194, .T. ) ;
#7201 = DIRECTION ( 'NONE',  ( -0.000000000000000000, -0.000000000000000000, 1.000000000000000000 ) ) ;
#7202 = CARTESIAN_POINT ( 'NONE',  ( -16.84930666606614480, -15.94640676939191870, 47.50000000000000000 ) ) ;
#7203 = FACE_OUTER_BOUND ( 'NONE', #9267, .T. ) ;
#7204 = CARTESIAN_POINT ( 'NONE',  ( -15.92449465477580794, -15.94640676939192758, 46.50000000000000000 ) ) ;
#7205 = EDGE_CURVE ( 'NONE', #2157, #8408, #5467, .T. ) ;
#7206 = DIRECTION ( 'NONE',  ( 0.7423134210256073784, 0.000000000000000000, -0.6700528225186871412 ) ) ;
#7207 = AXIS2_PLACEMENT_3D ( 'NONE', #8877, #2669, #3490 ) ;
#7208 = ORIENTED_EDGE ( 'NONE', *, *, #443, .F. ) ;
#7209 = EDGE_LOOP ( 'NONE', ( #698, #10149, #6723, #4183, #5440, #4974, #9354, #6136, #8756, #3400, #8629, #6867, #2620, #117 ) ) ;
#7210 = LINE ( 'NONE', #7156, #2281 ) ;
#7211 = AXIS2_PLACEMENT_3D ( 'NONE', #3596, #6023, #6076 ) ;
#7212 = VERTEX_POINT ( 'NONE', #2321 ) ;
#7213 = UNCERTAINTY_MEASURE_WITH_UNIT (LENGTH_MEASURE( 1.000000000000000082E-05 ), #9023, 'distance_accuracy_value', 'NONE');
#7214 = DIRECTION ( 'NONE',  ( -1.000000000000000000, 1.021640353097896087E-14, 0.000000000000000000 ) ) ;
#7215 = DIRECTION ( 'NONE',  ( -0.000000000000000000, -0.000000000000000000, -1.000000000000000000 ) ) ;
#7216 = CARTESIAN_POINT ( 'NONE',  ( -15.05359323060823584, 14.15069333393197404, 46.50000000000000000 ) ) ;
#7217 = CARTESIAN_POINT ( 'NONE',  ( -15.94640676939209456, 14.15069333393197404, 46.50000000000000000 ) ) ;
#7218 =( GEOMETRIC_REPRESENTATION_CONTEXT ( 3 ) GLOBAL_UNCERTAINTY_ASSIGNED_CONTEXT ( ( #1844 ) ) GLOBAL_UNIT_ASSIGNED_CONTEXT ( ( #6727, #2067, #9078 ) ) REPRESENTATION_CONTEXT ( 'NONE', 'WORKASPACE' ) );
#7219 = CARTESIAN_POINT ( 'NONE',  ( 17.79999999999983729, 15.50000000000015987, 46.50000000000000000 ) ) ;
#7220 = VERTEX_POINT ( 'NONE', #10142 ) ;
#7221 = ORIENTED_EDGE ( 'NONE', *, *, #4802, .T. ) ;
#7222 = CARTESIAN_POINT ( 'NONE',  ( 16.78307522795901363, -15.07550534522241925, 47.49867441544052582 ) ) ;
#7223 = SURFACE_SIDE_STYLE ('',( #1132 ) ) ;
#7224 = CYLINDRICAL_SURFACE ( 'NONE', #686, 0.4999999999999982236 ) ;
#7225 = CIRCLE ( 'NONE', #2783, 2.299999999999999822 ) ;
#7226 = COLOUR_RGB ( '',0.2509803921568627416, 0.2509803921568627416, 0.2509803921568627416 ) ;
#7227 = LINE ( 'NONE', #2530, #8524 ) ;
#7228 = DIRECTION ( 'NONE',  ( -0.000000000000000000, -0.000000000000000000, -1.000000000000000000 ) ) ;
#7229 = EDGE_CURVE ( 'NONE', #8156, #1479, #8740, .T. ) ;
#7230 = ORIENTED_EDGE ( 'NONE', *, *, #8750, .F. ) ;
#7231 = ORIENTED_EDGE ( 'NONE', *, *, #5882, .F. ) ;
#7232 = ORIENTED_EDGE ( 'NONE', *, *, #2846, .T. ) ;
#7233 = ORIENTED_EDGE ( 'NONE', *, *, #1848, .T. ) ;
#7234 = CARTESIAN_POINT ( 'NONE',  ( 17.29644660940669354, 21.00355339059327520, 47.50000000000000000 ) ) ;
#7235 = CARTESIAN_POINT ( 'NONE',  ( 0.000000000000000000, 0.000000000000000000, 46.50000000000000000 ) ) ;
#7236 = DIRECTION ( 'NONE',  ( -0.000000000000000000, 1.000000000000000000, -0.000000000000000000 ) ) ;
#7237 = AXIS2_PLACEMENT_3D ( 'NONE', #1538, #6847, #546 ) ;
#7238 = VECTOR ( 'NONE', #8459, 1000.000000000000000 ) ;
#7239 = DIRECTION ( 'NONE',  ( 0.000000000000000000, 0.000000000000000000, 1.000000000000000000 ) ) ;
#7240 = EDGE_CURVE ( 'NONE', #7054, #9844, #3498, .T. ) ;
#7241 = DIRECTION ( 'NONE',  ( -0.000000000000000000, -0.000000000000000000, 1.000000000000000000 ) ) ;
#7242 = ORIENTED_EDGE ( 'NONE', *, *, #8421, .F. ) ;
#7243 = ORIENTED_EDGE ( 'NONE', *, *, #9258, .F. ) ;
#7244 = DIRECTION ( 'NONE',  ( 1.224646799147353207E-16, 1.000000000000000000, -0.000000000000000000 ) ) ;
#7245 = CIRCLE ( 'NONE', #7082, 0.5000000000000006661 ) ;
#7246 = AXIS2_PLACEMENT_3D ( 'NONE', #6658, #5839, #8950 ) ;
#7247 = STYLED_ITEM ( 'NONE', ( #258 ), #1200 ) ;
#7248 = EDGE_CURVE ( 'NONE', #2005, #8533, #10074, .T. ) ;
#7249 = CARTESIAN_POINT ( 'NONE',  ( 14.21692477204111071, -15.92449465477574577, 46.50000000000000000 ) ) ;
#7250 = CARTESIAN_POINT ( 'NONE',  ( 21.15000000000000213, -21.15000000000000213, 40.00000000000000000 ) ) ;
#7251 = CARTESIAN_POINT ( 'NONE',  ( 15.49999999999983658, 15.50000000000015987, 47.50000000000000000 ) ) ;
#7252 = CARTESIAN_POINT ( 'NONE',  ( -20.64999999999999503, -16.94289321881343469, 0.5000000000000000000 ) ) ;
#7253 = CARTESIAN_POINT ( 'NONE',  ( 0.000000000000000000, 0.000000000000000000, 1.000000000000000000 ) ) ;
#7254 = EDGE_CURVE ( 'NONE', #7041, #7648, #6445, .T. ) ;
#7255 =( GEOMETRIC_REPRESENTATION_CONTEXT ( 3 ) GLOBAL_UNCERTAINTY_ASSIGNED_CONTEXT ( ( #8719 ) ) GLOBAL_UNIT_ASSIGNED_CONTEXT ( ( #7411, #3293, #5931 ) ) REPRESENTATION_CONTEXT ( 'NONE', 'WORKASPACE' ) );
#7256 = EDGE_CURVE ( 'NONE', #6990, #1809, #1681, .T. ) ;
#7257 = ORIENTED_EDGE ( 'NONE', *, *, #5803, .T. ) ;
#7258 = VERTEX_POINT ( 'NONE', #7010 ) ;
#7259 = DIRECTION ( 'NONE',  ( -1.000000000000000000, 0.000000000000000000, 0.000000000000000000 ) ) ;
#7260 = EDGE_LOOP ( 'NONE', ( #5825, #5799, #7349, #4952 ) ) ;
#7261 = EDGE_CURVE ( 'NONE', #9748, #1327, #296, .T. ) ;
#7262 = DIRECTION ( 'NONE',  ( 1.000000000000000000, 0.000000000000000000, -0.000000000000000000 ) ) ;
#7263 = DIRECTION ( 'NONE',  ( -1.000000000000000000, 0.000000000000000000, 1.301042606982604138E-15 ) ) ;
#7264 = CARTESIAN_POINT ( 'NONE',  ( -21.14999999999997726, 16.94289321881344890, 8.000000000000000000 ) ) ;
#7265 = SURFACE_STYLE_FILL_AREA ( #1850 ) ;
#7266 = CARTESIAN_POINT ( 'NONE',  ( 0.000000000000000000, 21.14999999999999858, 10.00000000000000000 ) ) ;
#7267 = LINE ( 'NONE', #7320, #2371 ) ;
#7268 = ORIENTED_EDGE ( 'NONE', *, *, #8625, .T. ) ;
#7269 = PRESENTATION_LAYER_ASSIGNMENT (  '', '', ( #1006 ) ) ;
#7270 = DIRECTION ( 'NONE',  ( 0.000000000000000000, 0.000000000000000000, 1.000000000000000000 ) ) ;
#7271 = ORIENTED_EDGE ( 'NONE', *, *, #3965, .F. ) ;
#7272 = FACE_OUTER_BOUND ( 'NONE', #2075, .T. ) ;
#7273 = FILL_AREA_STYLE_COLOUR ( '', #586 ) ;
#7274 = FACE_BOUND ( 'NONE', #7754, .T. ) ;
#7275 = CARTESIAN_POINT ( 'NONE',  ( -21.14999999999999147, -13.32957238623957252, 8.000000000000000000 ) ) ;
#7276 =( GEOMETRIC_REPRESENTATION_CONTEXT ( 3 ) GLOBAL_UNCERTAINTY_ASSIGNED_CONTEXT ( ( #7635 ) ) GLOBAL_UNIT_ASSIGNED_CONTEXT ( ( #7124, #1557, #8648 ) ) REPRESENTATION_CONTEXT ( 'NONE', 'WORKASPACE' ) );
#7277 = FACE_OUTER_BOUND ( 'NONE', #1529, .T. ) ;
#7278 = DIRECTION ( 'NONE',  ( -1.534293971618784833E-13, -1.000000000000000000, 0.000000000000000000 ) ) ;
#7279 = SURFACE_STYLE_FILL_AREA ( #4119 ) ;
#7280 = CARTESIAN_POINT ( 'NONE',  ( 15.94640676939200041, -14.15069333393208950, 47.49262389544721685 ) ) ;
#7281 = EDGE_LOOP ( 'NONE', ( #1025, #10014 ) ) ;
#7282 =( GEOMETRIC_REPRESENTATION_CONTEXT ( 3 ) GLOBAL_UNCERTAINTY_ASSIGNED_CONTEXT ( ( #1245 ) ) GLOBAL_UNIT_ASSIGNED_CONTEXT ( ( #9624, #1070, #5718 ) ) REPRESENTATION_CONTEXT ( 'NONE', 'WORKASPACE' ) );
#7283 = ORIENTED_EDGE ( 'NONE', *, *, #1704, .F. ) ;
#7284 = ORIENTED_EDGE ( 'NONE', *, *, #613, .F. ) ;
#7285 = FILL_AREA_STYLE ('',( #2017 ) ) ;
#7286 = PLANE ( 'NONE',  #9867 ) ;
#7287 = FACE_OUTER_BOUND ( 'NONE', #3026, .T. ) ;
#7288 = CARTESIAN_POINT ( 'NONE',  ( -15.05359323060823584, 16.84930666606597782, 46.50000000000000000 ) ) ;
#7289 = LINE ( 'NONE', #7487, #6075 ) ;
#7290 =( LENGTH_UNIT ( ) NAMED_UNIT ( * ) SI_UNIT ( .MILLI., .METRE. ) );
#7292 = ORIENTED_EDGE ( 'NONE', *, *, #2674, .T. ) ;
#7291 = COLOUR_RGB ( '',0.2509803921568627416, 0.2509803921568627416, 0.2509803921568627416 ) ;
#7293 = VERTEX_POINT ( 'NONE', #7161 ) ;
#7294 = UNCERTAINTY_MEASURE_WITH_UNIT (LENGTH_MEASURE( 1.000000000000000082E-05 ), #1351, 'distance_accuracy_value', 'NONE');
#7295 = VERTEX_POINT ( 'NONE', #7062 ) ;
#7296 = DIRECTION ( 'NONE',  ( -0.7071067811865474617, 0.7071067811865474617, -0.000000000000000000 ) ) ;
#7297 = LINE ( 'NONE', #9766, #1447 ) ;
#7298 = LINE ( 'NONE', #7250, #3644 ) ;
#7299 = DIRECTION ( 'NONE',  ( -0.000000000000000000, -0.000000000000000000, 1.000000000000000000 ) ) ;
#7300 = EDGE_CURVE ( 'NONE', #7539, #3816, #1596, .T. ) ;
#7301 = CARTESIAN_POINT ( 'NONE',  ( 16.84930666606603467, 15.50000000000016165, 47.49878368663161865 ) ) ;
#7302 = FILL_AREA_STYLE_COLOUR ( '', #6186 ) ;
#7303 = DIRECTION ( 'NONE',  ( 0.000000000000000000, 0.000000000000000000, -1.000000000000000000 ) ) ;
#7304 = ADVANCED_FACE ( 'NONE', ( #715 ), #9472, .T. ) ;
#7305 = ORIENTED_EDGE ( 'NONE', *, *, #8976, .T. ) ;
#7306 = EDGE_LOOP ( 'NONE', ( #8641, #4331, #1641, #3730 ) ) ;
#7307 = SURFACE_STYLE_USAGE ( .BOTH. , #6337 ) ;
#7308 = VECTOR ( 'NONE', #4207, 1000.000000000000000 ) ;
#7309 = ORIENTED_EDGE ( 'NONE', *, *, #6739, .F. ) ;
#7310 = UNCERTAINTY_MEASURE_WITH_UNIT (LENGTH_MEASURE( 1.000000000000000082E-05 ), #8516, 'distance_accuracy_value', 'NONE');
#7311 = SURFACE_SIDE_STYLE ('',( #4148 ) ) ;
#7312 = ADVANCED_FACE ( 'NONE', ( #7878 ), #816, .F. ) ;
#7313 = EDGE_CURVE ( 'NONE', #9370, #840, #4816, .T. ) ;
#7314 = CARTESIAN_POINT ( 'NONE',  ( -13.19999999999897788, -15.50000000000102141, 46.50000000000000000 ) ) ;
#7315 = CARTESIAN_POINT ( 'NONE',  ( -15.94640676939209456, 15.92449465477564097, 46.50000000000000000 ) ) ;
#7316 = EDGE_CURVE ( 'NONE', #7539, #697, #3248, .T. ) ;
#7317 = CARTESIAN_POINT ( 'NONE',  ( -21.14999999999999503, 21.14999999999999858, 38.00000000000000000 ) ) ;
#7318 = VECTOR ( 'NONE', #2045, 1000.000000000000000 ) ;
#7319 = DIRECTION ( 'NONE',  ( -1.000000000000000000, 0.000000000000000000, 0.000000000000000000 ) ) ;
#7320 = CARTESIAN_POINT ( 'NONE',  ( -2.596119095141088629, -21.25000000000000711, 0.000000000000000000 ) ) ;
#7321 = ORIENTED_EDGE ( 'NONE', *, *, #7135, .T. ) ;
#7322 = DIRECTION ( 'NONE',  ( 1.000000000000000000, 8.202002250481357549E-17, -0.000000000000000000 ) ) ;
#7323 = ORIENTED_EDGE ( 'NONE', *, *, #6184, .T. ) ;
#7324 = DIRECTION ( 'NONE',  ( 0.000000000000000000, 0.000000000000000000, 1.000000000000000000 ) ) ;
#7325 = DIRECTION ( 'NONE',  ( 0.000000000000000000, 0.000000000000000000, 1.000000000000000000 ) ) ;
#7326 = AXIS2_PLACEMENT_3D ( 'NONE', #2129, #6829, #8557 ) ;
#7327 = CYLINDRICAL_SURFACE ( 'NONE', #3625, 3.500000000000000000 ) ;
#7328 = DIRECTION ( 'NONE',  ( 0.000000000000000000, 0.000000000000000000, 1.000000000000000000 ) ) ;
#7329 = EDGE_CURVE ( 'NONE', #2173, #7132, #3877, .T. ) ;
#7330 = DIRECTION ( 'NONE',  ( -0.000000000000000000, -0.000000000000000000, -1.000000000000000000 ) ) ;
#7331 = CYLINDRICAL_SURFACE ( 'NONE', #1581, 3.000000000000639488 ) ;
#7332 = EDGE_CURVE ( 'NONE', #3088, #6915, #6396, .T. ) ;
#7333 = MECHANICAL_DESIGN_GEOMETRIC_PRESENTATION_REPRESENTATION (  '', ( #8628 ), #3374 ) ;
#7334 = DIRECTION ( 'NONE',  ( 0.000000000000000000, 1.000000000000000000, 0.000000000000000000 ) ) ;
#7335 = CARTESIAN_POINT ( 'NONE',  ( -16.72874093610754187, 15.92449465477565163, 47.50000000000000000 ) ) ;
#7336 = MECHANICAL_DESIGN_GEOMETRIC_PRESENTATION_REPRESENTATION (  '', ( #78 ), #1900 ) ;
#7337 = ORIENTED_EDGE ( 'NONE', *, *, #7704, .T. ) ;
#7338 = ORIENTED_EDGE ( 'NONE', *, *, #6860, .T. ) ;
#7339 = ORIENTED_EDGE ( 'NONE', *, *, #7981, .F. ) ;
#7340 = PRESENTATION_STYLE_ASSIGNMENT (( #1813 ) ) ;
#7341 =( NAMED_UNIT ( * ) SI_UNIT ( $, .STERADIAN. ) SOLID_ANGLE_UNIT ( ) );
#7342 = COLOUR_RGB ( '',1.000000000000000000, 1.000000000000000000, 1.000000000000000000 ) ;
#7343 = FACE_OUTER_BOUND ( 'NONE', #912, .T. ) ;
#7344 = DIRECTION ( 'NONE',  ( 1.000000000000000000, 0.000000000000000000, 0.000000000000000000 ) ) ;
#7345 = VECTOR ( 'NONE', #5523, 1000.000000000000000 ) ;
#7346 = DIRECTION ( 'NONE',  ( 0.7071067811865475727, 0.7071067811865475727, 1.962615573354717319E-14 ) ) ;
#7347 = ORIENTED_EDGE ( 'NONE', *, *, #5165, .F. ) ;
#7348 = VERTEX_POINT ( 'NONE', #6647 ) ;
#7349 = ORIENTED_EDGE ( 'NONE', *, *, #8317, .T. ) ;
#7350 = AXIS2_PLACEMENT_3D ( 'NONE', #2228, #9340, #1515 ) ;
#7351 = DIRECTION ( 'NONE',  ( 1.000000000000000000, -2.073370231917079007E-14, 0.000000000000000000 ) ) ;
#7352 = SURFACE_STYLE_FILL_AREA ( #7542 ) ;
#7353 = FILL_AREA_STYLE ('',( #4188 ) ) ;
#7354 = DIRECTION ( 'NONE',  ( 0.000000000000000000, 0.000000000000000000, 1.000000000000000000 ) ) ;
#7355 = DIRECTION ( 'NONE',  ( -1.000000000000000000, -8.202002250481357549E-17, -0.000000000000000000 ) ) ;
#7356 = FACE_OUTER_BOUND ( 'NONE', #7445, .T. ) ;
#7357 = CARTESIAN_POINT ( 'NONE',  ( 0.000000000000000000, 0.000000000000000000, -53.84951795962939514 ) ) ;
#7358 = PRESENTATION_STYLE_ASSIGNMENT (( #8116 ) ) ;
#7359 = VECTOR ( 'NONE', #3735, 1000.000000000000000 ) ;
#7360 = EDGE_LOOP ( 'NONE', ( #6880, #7452, #3928, #9494 ) ) ;
#7361 = VERTEX_POINT ( 'NONE', #5878 ) ;
#7362 = EDGE_CURVE ( 'NONE', #2749, #3204, #9730, .T. ) ;
#7363 = CARTESIAN_POINT ( 'NONE',  ( 15.49999999999983658, 15.50000000000015987, 4.500000000000000888 ) ) ;
#7364 = ORIENTED_EDGE ( 'NONE', *, *, #4718, .T. ) ;
#7365 = CYLINDRICAL_SURFACE ( 'NONE', #1353, 0.5000000000000004441 ) ;
#7366 = SURFACE_SIDE_STYLE ('',( #8890 ) ) ;
#7367 = TOROIDAL_SURFACE ( 'NONE', #5552, 3.500000000000638600, 0.5000000000000000000 ) ;
#7368 = CARTESIAN_POINT ( 'NONE',  ( 15.94640676939198087, -16.84930666606609151, 46.50000000000000000 ) ) ;
#7369 = FILL_AREA_STYLE ('',( #8286 ) ) ;
#7370 = AXIS2_PLACEMENT_3D ( 'NONE', #1000, #5759, #1831 ) ;
#7371 = DIRECTION ( 'NONE',  ( 1.000000000000000000, 0.000000000000000000, 0.000000000000000000 ) ) ;
#7372 = EDGE_LOOP ( 'NONE', ( #5598, #8921, #9031, #4374, #7752 ) ) ;
#7373 = DIRECTION ( 'NONE',  ( -1.000000000000000000, -6.220110695751237651E-15, 0.000000000000000000 ) ) ;
#7374 = EDGE_LOOP ( 'NONE', ( #3689, #1761 ) ) ;
#7375 = AXIS2_PLACEMENT_3D ( 'NONE', #5419, #8405, #5223 ) ;
#7376 =( NAMED_UNIT ( * ) PLANE_ANGLE_UNIT ( ) SI_UNIT ( $, .RADIAN. ) );
#7377 = CARTESIAN_POINT ( 'NONE',  ( -15.05359323060823584, 15.07550534522231089, 46.50000000000000000 ) ) ;
#7378 = EDGE_CURVE ( 'NONE', #4143, #9750, #8775, .T. ) ;
#7379 = STYLED_ITEM ( 'NONE', ( #7459 ), #1473 ) ;
#7380 = CARTESIAN_POINT ( 'NONE',  ( 17.29644660940672551, -21.00355339059328230, 8.000000000000000000 ) ) ;
#7381 = MECHANICAL_DESIGN_GEOMETRIC_PRESENTATION_REPRESENTATION (  '', ( #284 ), #9353 ) ;
#7382 =( NAMED_UNIT ( * ) PLANE_ANGLE_UNIT ( ) SI_UNIT ( $, .RADIAN. ) );
#7383 = EDGE_CURVE ( 'NONE', #3196, #5087, #229, .T. ) ;
#7384 = ADVANCED_FACE ( 'NONE', ( #396 ), #8833, .F. ) ;
#7385 = EDGE_LOOP ( 'NONE', ( #2130, #224, #987 ) ) ;
#7386 = ORIENTED_EDGE ( 'NONE', *, *, #4357, .F. ) ;
#7387 = ORIENTED_EDGE ( 'NONE', *, *, #1584, .F. ) ;
#7388 = VECTOR ( 'NONE', #1035, 1000.000000000000000 ) ;
#7389 = AXIS2_PLACEMENT_3D ( 'NONE', #9026, #262, #5750 ) ;
#7390 = EDGE_CURVE ( 'NONE', #8767, #7490, #693, .T. ) ;
#7391 = CARTESIAN_POINT ( 'NONE',  ( -16.94289321881342048, -20.65000000000000924, 47.50000000000000000 ) ) ;
#7392 = CARTESIAN_POINT ( 'NONE',  ( 15.92449465477568893, 14.21692477204115868, 46.50000000000000000 ) ) ;
#7393 = AXIS2_PLACEMENT_3D ( 'NONE', #7690, #4641, #6734 ) ;
#7394 = PRESENTATION_LAYER_ASSIGNMENT (  '', '', ( #9361 ) ) ;
#7395 = DIRECTION ( 'NONE',  ( -0.000000000000000000, -0.000000000000000000, 1.000000000000000000 ) ) ;
#7396 = ORIENTED_EDGE ( 'NONE', *, *, #5240, .T. ) ;
#7397 = ORIENTED_EDGE ( 'NONE', *, *, #10202, .T. ) ;
#7398 = ORIENTED_EDGE ( 'NONE', *, *, #1407, .F. ) ;
#7399 = DIRECTION ( 'NONE',  ( 0.8571673007021120005, 1.049727191138618326E-16, -0.5150380749100547106 ) ) ;
#7400 = CARTESIAN_POINT ( 'NONE',  ( -15.92449465477579018, -14.21692477204105209, 46.50000000000000000 ) ) ;
#7401 = CARTESIAN_POINT ( 'NONE',  ( -15.50000000000016520, 15.49999999999897504, 47.50000000000000000 ) ) ;
#7402 = SURFACE_STYLE_USAGE ( .BOTH. , #3281 ) ;
#7403 = CONICAL_SURFACE ( 'NONE', #4091, 1.249999999999999334, 1.029744258676653867 ) ;
#7404 = DIRECTION ( 'NONE',  ( 0.000000000000000000, -1.000000000000000000, 0.000000000000000000 ) ) ;
#7405 =( LENGTH_UNIT ( ) NAMED_UNIT ( * ) SI_UNIT ( .MILLI., .METRE. ) );
#7406 = VECTOR ( 'NONE', #763, 1000.000000000000000 ) ;
#7407 = ORIENTED_EDGE ( 'NONE', *, *, #2770, .F. ) ;
#7408 = EDGE_LOOP ( 'NONE', ( #9670, #280, #4303, #8301, #2751 ) ) ;
#7409 = MECHANICAL_DESIGN_GEOMETRIC_PRESENTATION_REPRESENTATION (  '', ( #2312 ), #8549 ) ;
#7410 = ORIENTED_EDGE ( 'NONE', *, *, #7563, .T. ) ;
#7411 =( LENGTH_UNIT ( ) NAMED_UNIT ( * ) SI_UNIT ( .MILLI., .METRE. ) );
#7412 = CARTESIAN_POINT ( 'NONE',  ( -13.32957238623955831, 21.14999999999999858, 99.84951795962939514 ) ) ;
#7413 = CARTESIAN_POINT ( 'NONE',  ( 15.05359323060812216, -16.80673604214024053, 47.49756013713620462 ) ) ;
#7414 = VECTOR ( 'NONE', #2563, 1000.000000000000000 ) ;
#7415 = ORIENTED_EDGE ( 'NONE', *, *, #9711, .T. ) ;
#7416 = VERTEX_POINT ( 'NONE', #8784 ) ;
#7417 = FACE_OUTER_BOUND ( 'NONE', #5208, .T. ) ;
#7418 = VERTEX_POINT ( 'NONE', #4202 ) ;
#7419 = FACE_BOUND ( 'NONE', #5856, .T. ) ;
#7420 = DIRECTION ( 'NONE',  ( 1.000000000000000000, 0.000000000000000000, 0.000000000000000000 ) ) ;
#7421 = DIRECTION ( 'NONE',  ( -0.000000000000000000, 1.000000000000000000, -0.000000000000000000 ) ) ;
#7422 = CARTESIAN_POINT ( 'NONE',  ( 15.50000000000101963, -15.49999999999983658, 47.50000000000000000 ) ) ;
#7423 = CARTESIAN_POINT ( 'NONE',  ( -20.64999999999999503, -16.94289321881344534, 47.50000000000000000 ) ) ;
#7424 = ADVANCED_FACE ( 'NONE', ( #2682 ), #8127, .T. ) ;
#7425 = VECTOR ( 'NONE', #8164, 1000.000000000000000 ) ;
#7426 = CARTESIAN_POINT ( 'NONE',  ( 15.94640676939198798, -15.92449465477575465, 46.50000000000000000 ) ) ;
#7427 = AXIS2_PLACEMENT_3D ( 'NONE', #8561, #7706, #2187 ) ;
#7428 = EDGE_CURVE ( 'NONE', #8899, #3681, #4136, .T. ) ;
#7429 = CARTESIAN_POINT ( 'NONE',  ( 14.15069333393202911, 15.94640676939204305, 47.49262389544717422 ) ) ;
#7430 = EDGE_LOOP ( 'NONE', ( #8839, #2951, #10131 ) ) ;
#7431 = ORIENTED_EDGE ( 'NONE', *, *, #3292, .F. ) ;
#7432 = ORIENTED_EDGE ( 'NONE', *, *, #382, .T. ) ;
#7433 = VECTOR ( 'NONE', #2483, 1000.000000000000114 ) ;
#7434 = DIRECTION ( 'NONE',  ( -1.000000000000000000, -8.202002250481357549E-17, 0.000000000000000000 ) ) ;
#7435 = DIRECTION ( 'NONE',  ( -0.000000000000000000, -0.000000000000000000, 1.000000000000000000 ) ) ;
#7436 = ADVANCED_FACE ( 'NONE', ( #3597 ), #2930, .T. ) ;
#7437 = EDGE_CURVE ( 'NONE', #3885, #1971, #26, .T. ) ;
#7438 = DIRECTION ( 'NONE',  ( -3.885970363620945164E-15, -1.000000000000000000, 0.000000000000000000 ) ) ;
#7439 = EDGE_CURVE ( 'NONE', #6952, #6402, #4469, .T. ) ;
#7440 = PRESENTATION_LAYER_ASSIGNMENT (  '', '', ( #854 ) ) ;
#7441 = PRESENTATION_STYLE_ASSIGNMENT (( #4291 ) ) ;
#7442 = EDGE_CURVE ( 'NONE', #8239, #8353, #5477, .T. ) ;
#7443 = VERTEX_POINT ( 'NONE', #7666 ) ;
#7444 = EDGE_LOOP ( 'NONE', ( #2652, #1113, #1762, #3609 ) ) ;
#7445 = EDGE_LOOP ( 'NONE', ( #1028, #7503, #5890, #6904 ) ) ;
#7446 = CARTESIAN_POINT ( 'NONE',  ( 15.94640676939199508, -15.07550534522242458, 47.50000000000000000 ) ) ;
#7447 = DIRECTION ( 'NONE',  ( -0.000000000000000000, 1.000000000000000000, -0.000000000000000000 ) ) ;
#7448 = DIRECTION ( 'NONE',  ( 0.000000000000000000, 0.000000000000000000, 1.000000000000000000 ) ) ;
#7449 = DIRECTION ( 'NONE',  ( 1.224646799147353207E-16, 1.000000000000000000, -0.000000000000000000 ) ) ;
#7450 = CARTESIAN_POINT ( 'NONE',  ( 3.503880904858911016, -21.25000000000000711, 0.000000000000000000 ) ) ;
#7451 = EDGE_CURVE ( 'NONE', #3588, #5372, #2348, .T. ) ;
#7452 = ORIENTED_EDGE ( 'NONE', *, *, #236, .T. ) ;
#7453 = ORIENTED_EDGE ( 'NONE', *, *, #438, .F. ) ;
#7454 =( NAMED_UNIT ( * ) PLANE_ANGLE_UNIT ( ) SI_UNIT ( $, .RADIAN. ) );
#7455 = EDGE_LOOP ( 'NONE', ( #7688, #8290, #143 ) ) ;
#7456 = AXIS2_PLACEMENT_3D ( 'NONE', #4126, #3424, #8762 ) ;
#7457 = LINE ( 'NONE', #393, #5802 ) ;
#7458 = LINE ( 'NONE', #5200, #8400 ) ;
#7459 = PRESENTATION_STYLE_ASSIGNMENT (( #1069 ) ) ;
#7460 =( LENGTH_UNIT ( ) NAMED_UNIT ( * ) SI_UNIT ( .MILLI., .METRE. ) );
#7461 = CYLINDRICAL_SURFACE ( 'NONE', #2415, 0.4999999999999982236 ) ;
#7462 = LINE ( 'NONE', #7564, #5098 ) ;
#7463 = DIRECTION ( 'NONE',  ( 0.000000000000000000, -0.000000000000000000, 1.000000000000000000 ) ) ;
#7464 = ORIENTED_EDGE ( 'NONE', *, *, #1901, .T. ) ;
#7465 = EDGE_LOOP ( 'NONE', ( #5279, #5914, #6537, #6986 ) ) ;
#7466 =( LENGTH_UNIT ( ) NAMED_UNIT ( * ) SI_UNIT ( .MILLI., .METRE. ) );
#7467 = ORIENTED_EDGE ( 'NONE', *, *, #8803, .F. ) ;
#7468 = SURFACE_STYLE_FILL_AREA ( #4320 ) ;
#7469 = CARTESIAN_POINT ( 'NONE',  ( -21.14999999999999503, -21.15000000000000568, 8.000000000000000000 ) ) ;
#7470 = FACE_BOUND ( 'NONE', #9687, .T. ) ;
#7471 = AXIS2_PLACEMENT_3D ( 'NONE', #9376, #871, #2325 ) ;
#7472 = CARTESIAN_POINT ( 'NONE',  ( 20.64999999999999858, 1.693713464724399838E-15, 47.50000000000000000 ) ) ;
#7473 = FILL_AREA_STYLE_COLOUR ( '', #5633 ) ;
#7474 = DIRECTION ( 'NONE',  ( 0.000000000000000000, 0.000000000000000000, -1.000000000000000000 ) ) ;
#7475 = SURFACE_STYLE_USAGE ( .BOTH. , #6716 ) ;
#7476 = DIRECTION ( 'NONE',  ( 0.000000000000000000, 1.000000000000000000, 1.301042606982604138E-15 ) ) ;
#7477 = VECTOR ( 'NONE', #1387, 1000.000000000000000 ) ;
#7478 = ORIENTED_EDGE ( 'NONE', *, *, #6446, .T. ) ;
#7479 = ORIENTED_EDGE ( 'NONE', *, *, #2921, .T. ) ;
#7480 = EDGE_CURVE ( 'NONE', #4076, #7155, #7123, .T. ) ;
#7481 = ORIENTED_EDGE ( 'NONE', *, *, #5866, .F. ) ;
#7482 = CARTESIAN_POINT ( 'NONE',  ( -15.49999999999897859, -15.50000000000102141, 46.50000000000000000 ) ) ;
#7483 = FACE_OUTER_BOUND ( 'NONE', #8050, .T. ) ;
#7484 = DIRECTION ( 'NONE',  ( -1.000000000000000000, 0.000000000000000000, 0.000000000000000000 ) ) ;
#7485 = VECTOR ( 'NONE', #4171, 1000.000000000000000 ) ;
#7486 = VECTOR ( 'NONE', #428, 1000.000000000000000 ) ;
#7487 = CARTESIAN_POINT ( 'NONE',  ( 3.600000000000001421, -21.15000000000000568, 44.50000000000000000 ) ) ;
#7488 = DIRECTION ( 'NONE',  ( -8.173122824782933933E-15, -1.000000000000000000, 0.000000000000000000 ) ) ;
#7489 = ORIENTED_EDGE ( 'NONE', *, *, #6497, .F. ) ;
#7490 = VERTEX_POINT ( 'NONE', #4366 ) ;
#7491 = CARTESIAN_POINT ( 'NONE',  ( 15.50000000000101963, -15.49999999999983658, 47.50000000000000000 ) ) ;
#7492 = FACE_OUTER_BOUND ( 'NONE', #9713, .T. ) ;
#7493 = VECTOR ( 'NONE', #5231, 1000.000000000000000 ) ;
#7494 = PRESENTATION_LAYER_ASSIGNMENT (  '', '', ( #416 ) ) ;
#7495 = AXIS2_PLACEMENT_3D ( 'NONE', #467, #9998, #3672 ) ;
#7496 = CARTESIAN_POINT ( 'NONE',  ( 0.000000000000000000, 0.000000000000000000, 46.00000000000000000 ) ) ;
#7497 = CYLINDRICAL_SURFACE ( 'NONE', #1513, 0.5000000000000004441 ) ;
#7498 = EDGE_CURVE ( 'NONE', #6952, #4362, #5303, .T. ) ;
#7499 = DIRECTION ( 'NONE',  ( -1.000000000000000000, 8.293480927668333697E-15, 0.000000000000000000 ) ) ;
#7500 = AXIS2_PLACEMENT_3D ( 'NONE', #4902, #7176, #3411 ) ;
#7501 = AXIS2_PLACEMENT_3D ( 'NONE', #6202, #674, #10103 ) ;
#7502 = EDGE_CURVE ( 'NONE', #10151, #7361, #1167, .T. ) ;
#7503 = ORIENTED_EDGE ( 'NONE', *, *, #7949, .F. ) ;
#7504 = ORIENTED_EDGE ( 'NONE', *, *, #9303, .F. ) ;
#7505 = EDGE_CURVE ( 'NONE', #9760, #1355, #4485, .T. ) ;
#7506 = ORIENTED_EDGE ( 'NONE', *, *, #1264, .T. ) ;
#7507 = FILL_AREA_STYLE ('',( #1221 ) ) ;
#7508 = PLANE ( 'NONE',  #5291 ) ;
#7509 = EDGE_CURVE ( 'NONE', #4133, #8417, #9749, .T. ) ;
#7510 = AXIS2_PLACEMENT_3D ( 'NONE', #8403, #8496, #5413 ) ;
#7511 = CARTESIAN_POINT ( 'NONE',  ( 0.000000000000000000, 0.000000000000000000, 40.00000000000000000 ) ) ;
#7512 = DIRECTION ( 'NONE',  ( 0.000000000000000000, 1.000000000000000000, -8.673617379884027583E-16 ) ) ;
#7513 = PRESENTATION_LAYER_ASSIGNMENT (  '', '', ( #9810 ) ) ;
#7514 = VECTOR ( 'NONE', #5968, 1000.000000000000000 ) ;
#7515 = DIRECTION ( 'NONE',  ( -0.000000000000000000, -0.000000000000000000, 1.000000000000000000 ) ) ;
#7516 = ORIENTED_EDGE ( 'NONE', *, *, #506, .T. ) ;
#7517 = VERTEX_POINT ( 'NONE', #4418 ) ;
#7518 = DIRECTION ( 'NONE',  ( -0.000000000000000000, -0.000000000000000000, 1.000000000000000000 ) ) ;
#7519 = ORIENTED_EDGE ( 'NONE', *, *, #7757, .T. ) ;
#7520 = AXIS2_PLACEMENT_3D ( 'NONE', #4021, #1720, #2596 ) ;
#7521 = DIRECTION ( 'NONE',  ( -4.101001125240678281E-16, -1.000000000000000000, 0.000000000000000000 ) ) ;
#7522 = DIRECTION ( 'NONE',  ( -1.000000000000000000, -9.399091248501948904E-14, 0.000000000000000000 ) ) ;
#7523 = CARTESIAN_POINT ( 'NONE',  ( 16.94289321881344890, -20.65000000000000213, 8.000000000000000000 ) ) ;
#7524 = CARTESIAN_POINT ( 'NONE',  ( -15.94640676939209456, 14.27904914257634417, 47.50000000000000000 ) ) ;
#7525 = CARTESIAN_POINT ( 'NONE',  ( 15.49999999999983658, 15.50000000000015987, 46.00000000000000000 ) ) ;
#7526 = VECTOR ( 'NONE', #3349, 1000.000000000000000 ) ;
#7527 = DIRECTION ( 'NONE',  ( -1.000000000000000000, 0.000000000000000000, 0.000000000000000000 ) ) ;
#7528 = DIRECTION ( 'NONE',  ( 0.000000000000000000, -0.000000000000000000, 1.000000000000000000 ) ) ;
#7529 = EDGE_LOOP ( 'NONE', ( #8281, #8227, #7479, #2254, #10039 ) ) ;
#7530 = UNCERTAINTY_MEASURE_WITH_UNIT (LENGTH_MEASURE( 1.000000000000000082E-05 ), #3085, 'distance_accuracy_value', 'NONE');
#7531 = ORIENTED_EDGE ( 'NONE', *, *, #9250, .T. ) ;
#7532 = LINE ( 'NONE', #9281, #2557 ) ;
#7533 = AXIS2_PLACEMENT_3D ( 'NONE', #5776, #1849, #8989 ) ;
#7534 = DIRECTION ( 'NONE',  ( 0.000000000000000000, -1.387778780781444413E-14, -1.000000000000000000 ) ) ;
#7535 = CIRCLE ( 'NONE', #3099, 25.00000000000000000 ) ;
#7536 = LINE ( 'NONE', #6052, #4029 ) ;
#7537 = DIRECTION ( 'NONE',  ( -1.000000000000000000, 0.000000000000000000, 0.000000000000000000 ) ) ;
#7538 = LINE ( 'NONE', #1313, #5189 ) ;
#7539 = VERTEX_POINT ( 'NONE', #2828 ) ;
#7540 = VECTOR ( 'NONE', #8731, 1000.000000000000114 ) ;
#7541 = ORIENTED_EDGE ( 'NONE', *, *, #4855, .F. ) ;
#7542 = FILL_AREA_STYLE ('',( #381 ) ) ;
#7543 = MECHANICAL_DESIGN_GEOMETRIC_PRESENTATION_REPRESENTATION (  '', ( #7879 ), #1300 ) ;
#7544 = DIRECTION ( 'NONE',  ( -0.000000000000000000, -0.000000000000000000, 1.000000000000000000 ) ) ;
#7545 = SURFACE_SIDE_STYLE ('',( #9911 ) ) ;
#7546 = DIRECTION ( 'NONE',  ( 8.202002250481356316E-17, -1.000000000000000000, 0.000000000000000000 ) ) ;
#7547 = AXIS2_PLACEMENT_3D ( 'NONE', #2693, #9064, #5842 ) ;
#7548 = FILL_AREA_STYLE ('',( #9244 ) ) ;
#7549 = VECTOR ( 'NONE', #3710, 1000.000000000000000 ) ;
#7550 = ORIENTED_EDGE ( 'NONE', *, *, #9076, .F. ) ;
#7551 = ORIENTED_EDGE ( 'NONE', *, *, #1007, .F. ) ;
#7552 = EDGE_CURVE ( 'NONE', #5489, #8242, #3016, .T. ) ;
#7553 = DIRECTION ( 'NONE',  ( -0.000000000000000000, 1.000000000000000000, -0.000000000000000000 ) ) ;
#7554 = ORIENTED_EDGE ( 'NONE', *, *, #2388, .T. ) ;
#7555 = VECTOR ( 'NONE', #5506, 1000.000000000000000 ) ;
#7556 = CARTESIAN_POINT ( 'NONE',  ( 3.500000000000000000, 4.286263797015736595E-16, -1.500000000000000000 ) ) ;
#7557 = DIRECTION ( 'NONE',  ( 1.224646799147353207E-16, 1.000000000000000000, -0.000000000000000000 ) ) ;
#7558 = PLANE ( 'NONE',  #9664 ) ;
#7559 = DIRECTION ( 'NONE',  ( -0.000000000000000000, 1.000000000000000000, -0.000000000000000000 ) ) ;
#7560 = ADVANCED_FACE ( 'NONE', ( #5257 ), #493, .T. ) ;
#7561 = CARTESIAN_POINT ( 'NONE',  ( 15.92449465477568893, 14.21692477204115868, 47.50000000000000000 ) ) ;
#7562 = VECTOR ( 'NONE', #4582, 1000.000000000000114 ) ;
#7563 = EDGE_CURVE ( 'NONE', #760, #4654, #3693, .T. ) ;
#7564 = CARTESIAN_POINT ( 'NONE',  ( 15.07550534522236063, 15.05359323060818078, 46.50000000000000000 ) ) ;
#7565 = MECHANICAL_DESIGN_GEOMETRIC_PRESENTATION_REPRESENTATION (  '', ( #8206 ), #135 ) ;
#7566 = SURFACE_SIDE_STYLE ('',( #5983 ) ) ;
#7567 = ORIENTED_EDGE ( 'NONE', *, *, #443, .T. ) ;
#7568 = ORIENTED_EDGE ( 'NONE', *, *, #5366, .T. ) ;
#7569 = EDGE_CURVE ( 'NONE', #8533, #548, #32, .T. ) ;
#7570 = PLANE ( 'NONE',  #4736 ) ;
#7571 = EDGE_LOOP ( 'NONE', ( #1540, #6893, #1064, #8000, #4618 ) ) ;
#7572 = CARTESIAN_POINT ( 'NONE',  ( -17.80000000000016414, 15.49999999999897504, 46.00000000000000000 ) ) ;
#7573 = AXIS2_PLACEMENT_3D ( 'NONE', #7626, #4528, #554 ) ;
#7574 = CIRCLE ( 'NONE', #6108, 2.999999999999780620 ) ;
#7575 = DIRECTION ( 'NONE',  ( 0.000000000000000000, 0.000000000000000000, 1.000000000000000000 ) ) ;
#7576 = DIRECTION ( 'NONE',  ( 0.7071067811865475727, 0.7071067811865475727, -4.906538933386793298E-15 ) ) ;
#7577 = FACE_OUTER_BOUND ( 'NONE', #1441, .T. ) ;
#7578 = FILL_AREA_STYLE ('',( #4439 ) ) ;
#7579 =( LENGTH_UNIT ( ) NAMED_UNIT ( * ) SI_UNIT ( .MILLI., .METRE. ) );
#7580 = AXIS2_PLACEMENT_3D ( 'NONE', #9677, #5716, #8831 ) ;
#7581 = FILL_AREA_STYLE ('',( #2269 ) ) ;
#7582 = ORIENTED_EDGE ( 'NONE', *, *, #623, .F. ) ;
#7583 = EDGE_LOOP ( 'NONE', ( #1206, #2242, #4014 ) ) ;
#7584 = VERTEX_POINT ( 'NONE', #8432 ) ;
#7585 = DIRECTION ( 'NONE',  ( 1.387778780781444256E-14, -1.000000000000000000, 0.000000000000000000 ) ) ;
#7586 = DIRECTION ( 'NONE',  ( 0.000000000000000000, 0.000000000000000000, 1.000000000000000000 ) ) ;
#7587 = DIRECTION ( 'NONE',  ( 0.000000000000000000, 0.000000000000000000, -1.000000000000000000 ) ) ;
#7588 = FACE_OUTER_BOUND ( 'NONE', #7583, .T. ) ;
#7589 = DIRECTION ( 'NONE',  ( -0.000000000000000000, -0.000000000000000000, 1.000000000000000000 ) ) ;
#7590 =( NAMED_UNIT ( * ) SI_UNIT ( $, .STERADIAN. ) SOLID_ANGLE_UNIT ( ) );
#7591 = CARTESIAN_POINT ( 'NONE',  ( 14.15069333393202733, 15.35119774353616862, 47.49878368663153339 ) ) ;
#7592 = ORIENTED_EDGE ( 'NONE', *, *, #2642, .F. ) ;
#7593 = CIRCLE ( 'NONE', #4466, 0.4999999999999982236 ) ;
#7594 = VERTEX_POINT ( 'NONE', #4517 ) ;
#7595 = DIRECTION ( 'NONE',  ( -0.000000000000000000, -1.000000000000000000, 0.000000000000000000 ) ) ;
#7596 = FACE_OUTER_BOUND ( 'NONE', #7444, .T. ) ;
#7597 = CARTESIAN_POINT ( 'NONE',  ( 21.16000000000000014, 13.31369220013742272, 5.999999999999998224 ) ) ;
#7598 = DIRECTION ( 'NONE',  ( 0.000000000000000000, 0.000000000000000000, -1.000000000000000000 ) ) ;
#7599 =( GEOMETRIC_REPRESENTATION_CONTEXT ( 3 ) GLOBAL_UNCERTAINTY_ASSIGNED_CONTEXT ( ( #9558 ) ) GLOBAL_UNIT_ASSIGNED_CONTEXT ( ( #2944, #7680, #4381 ) ) REPRESENTATION_CONTEXT ( 'NONE', 'WORKASPACE' ) );
#7600 =( NAMED_UNIT ( * ) SI_UNIT ( $, .STERADIAN. ) SOLID_ANGLE_UNIT ( ) );
#7601 = ORIENTED_EDGE ( 'NONE', *, *, #563, .F. ) ;
#7602 = ORIENTED_EDGE ( 'NONE', *, *, #6004, .T. ) ;
#7603 = PLANE ( 'NONE',  #136 ) ;
#7604 = VERTEX_POINT ( 'NONE', #3743 ) ;
#7605 = AXIS2_PLACEMENT_3D ( 'NONE', #1223, #6752, #9874 ) ;
#7606 = EDGE_CURVE ( 'NONE', #9559, #5686, #8529, .T. ) ;
#7607 = CARTESIAN_POINT ( 'NONE',  ( 21.15000000000001279, 16.94289321881344534, 8.000000000000000000 ) ) ;
#7608 = SURFACE_STYLE_FILL_AREA ( #4467 ) ;
#7609 = CARTESIAN_POINT ( 'NONE',  ( 15.92449465477569248, 15.05359323060817545, 46.50000000000000000 ) ) ;
#7610 = VECTOR ( 'NONE', #5551, 1000.000000000000000 ) ;
#7611 = DIRECTION ( 'NONE',  ( 0.000000000000000000, 0.000000000000000000, -1.000000000000000000 ) ) ;
#7612 = CARTESIAN_POINT ( 'NONE',  ( 15.49999999999983658, 15.50000000000015987, 4.500000000000000888 ) ) ;
#7613 = EDGE_CURVE ( 'NONE', #2446, #4654, #6898, .T. ) ;
#7614 = SURFACE_STYLE_FILL_AREA ( #9926 ) ;
#7615 = DIRECTION ( 'NONE',  ( 1.000000000000000000, 0.000000000000000000, -0.000000000000000000 ) ) ;
#7616 = ORIENTED_EDGE ( 'NONE', *, *, #66, .T. ) ;
#7617 = ORIENTED_EDGE ( 'NONE', *, *, #9130, .T. ) ;
#7618 = SURFACE_STYLE_USAGE ( .BOTH. , #2835 ) ;
#7619 = CIRCLE ( 'NONE', #4496, 0.5787973969144516451 ) ;
#7620 = ORIENTED_EDGE ( 'NONE', *, *, #640, .F. ) ;
#7621 = UNCERTAINTY_MEASURE_WITH_UNIT (LENGTH_MEASURE( 1.000000000000000082E-05 ), #9277, 'distance_accuracy_value', 'NONE');
#7622 = EDGE_CURVE ( 'NONE', #3250, #451, #7684, .T. ) ;
#7623 = EDGE_CURVE ( 'NONE', #1355, #3778, #9024, .T. ) ;
#7624 = PRESENTATION_STYLE_ASSIGNMENT (( #5106 ) ) ;
#7625 = DIRECTION ( 'NONE',  ( 0.000000000000000000, 0.000000000000000000, 1.000000000000000000 ) ) ;
#7626 = CARTESIAN_POINT ( 'NONE',  ( 16.94289321881345600, 20.64999999999999858, 8.000000000000000000 ) ) ;
#7627 = ADVANCED_FACE ( 'NONE', ( #3983 ), #3029, .T. ) ;
#7628 = CARTESIAN_POINT ( 'NONE',  ( -16.94289321881343469, 20.64999999999999858, 47.50000000000000000 ) ) ;
#7629 = DIRECTION ( 'NONE',  ( 0.000000000000000000, 0.000000000000000000, 1.000000000000000000 ) ) ;
#7630 = AXIS2_PLACEMENT_3D ( 'NONE', #7130, #6261, #3307 ) ;
#7631 = FILL_AREA_STYLE_COLOUR ( '', #7722 ) ;
#7632 = FILL_AREA_STYLE ('',( #3669 ) ) ;
#7633 = ORIENTED_EDGE ( 'NONE', *, *, #9010, .T. ) ;
#7634 = ORIENTED_EDGE ( 'NONE', *, *, #4985, .F. ) ;
#7635 = UNCERTAINTY_MEASURE_WITH_UNIT (LENGTH_MEASURE( 1.000000000000000082E-05 ), #7124, 'distance_accuracy_value', 'NONE');
#7636 = EDGE_CURVE ( 'NONE', #3119, #4133, #6381, .T. ) ;
#7637 = ORIENTED_EDGE ( 'NONE', *, *, #9446, .T. ) ;
#7638 = ORIENTED_EDGE ( 'NONE', *, *, #5128, .F. ) ;
#7639 = TOROIDAL_SURFACE ( 'NONE', #1875, 15.50000000000000000, 0.5000000000000000000 ) ;
#7640 = EDGE_CURVE ( 'NONE', #5857, #6045, #8673, .T. ) ;
#7641 = CYLINDRICAL_SURFACE ( 'NONE', #146, 3.000000000000927258 ) ;
#7642 = DIRECTION ( 'NONE',  ( 9.399091248501948904E-14, -1.000000000000000000, 0.000000000000000000 ) ) ;
#7643 = EDGE_CURVE ( 'NONE', #327, #3332, #6993, .T. ) ;
#7644 = CARTESIAN_POINT ( 'NONE',  ( 11.00000000000000000, 0.000000000000000000, -2.000000000000000000 ) ) ;
#7645 = STYLED_ITEM ( 'NONE', ( #2313 ), #8735 ) ;
#7646 = PLANE ( 'NONE',  #7955 ) ;
#7647 = PLANE ( 'NONE',  #8138 ) ;
#7648 = VERTEX_POINT ( 'NONE', #3082 ) ;
#7649 = EDGE_LOOP ( 'NONE', ( #3777, #1843, #3221 ) ) ;
#7650 = DIRECTION ( 'NONE',  ( 0.000000000000000000, 0.000000000000000000, 1.000000000000000000 ) ) ;
#7651 = B_SPLINE_CURVE_WITH_KNOTS ( 'NONE', 3,
 ( #1932, #5078, #1159, #4296, #379 ),
 .UNSPECIFIED., .F., .F.,
 ( 4, 1, 4 ),
 ( 0.000000000000000000, 0.0004464067693919319957, 0.0008928135387838587872 ),
 .UNSPECIFIED. ) ;
#7652 = VECTOR ( 'NONE', #7950, 1000.000000000000000 ) ;
#7653 = LINE ( 'NONE', #582, #3626 ) ;
#7654 = CARTESIAN_POINT ( 'NONE',  ( -16.78307522795903495, 15.07550534522243879, 46.50000000000000000 ) ) ;
#7655 =( LENGTH_UNIT ( ) NAMED_UNIT ( * ) SI_UNIT ( .MILLI., .METRE. ) );
#7656 = VERTEX_POINT ( 'NONE', #7862 ) ;
#7657 = VERTEX_POINT ( 'NONE', #29 ) ;
#7658 =( GEOMETRIC_REPRESENTATION_CONTEXT ( 3 ) GLOBAL_UNCERTAINTY_ASSIGNED_CONTEXT ( ( #796 ) ) GLOBAL_UNIT_ASSIGNED_CONTEXT ( ( #9666, #523, #9079 ) ) REPRESENTATION_CONTEXT ( 'NONE', 'WORKASPACE' ) );
#7659 = CARTESIAN_POINT ( 'NONE',  ( -2.596119095141090405, -21.25000000000000711, 41.09104188536768731 ) ) ;
#7660 = AXIS2_PLACEMENT_3D ( 'NONE', #1053, #4187, #9032 ) ;
#7661 = ORIENTED_EDGE ( 'NONE', *, *, #6872, .T. ) ;
#7662 = B_SPLINE_CURVE_WITH_KNOTS ( 'NONE', 3,
 ( #9021, #1976, #8100, #9848 ),
 .UNSPECIFIED., .F., .F.,
 ( 4, 4 ),
 ( 0.000000000000000000, 0.0002154103325655573674 ),
 .UNSPECIFIED. ) ;
#7663 = DIRECTION ( 'NONE',  ( -0.000000000000000000, -0.000000000000000000, -1.000000000000000000 ) ) ;
#7664 = CARTESIAN_POINT ( 'NONE',  ( 15.50000000000010481, -15.49999999999989164, -2.266821225221747863E-17 ) ) ;
#7665 = DIRECTION ( 'NONE',  ( -0.000000000000000000, -0.000000000000000000, 1.000000000000000000 ) ) ;
#7666 = CARTESIAN_POINT ( 'NONE',  ( 2.500000000000000000, 0.000000000000000000, -23.50000000000000711 ) ) ;
#7667 = MECHANICAL_DESIGN_GEOMETRIC_PRESENTATION_REPRESENTATION (  '', ( #3559 ), #3714 ) ;
#7668 = FILL_AREA_STYLE_COLOUR ( '', #4259 ) ;
#7669 = EDGE_CURVE ( 'NONE', #6501, #5668, #6229, .T. ) ;
#7670 = DIRECTION ( 'NONE',  ( -8.202002250481356316E-17, 1.000000000000000000, 0.000000000000000000 ) ) ;
#7671 = VERTEX_POINT ( 'NONE', #5402 ) ;
#7672 = ORIENTED_EDGE ( 'NONE', *, *, #9814, .T. ) ;
#7673 = DIRECTION ( 'NONE',  ( -0.7071067811865460184, 0.7071067811865490160, 0.000000000000000000 ) ) ;
#7674 = ORIENTED_EDGE ( 'NONE', *, *, #6049, .F. ) ;
#7675 = DIRECTION ( 'NONE',  ( -1.000000000000000000, 0.000000000000000000, 0.000000000000000000 ) ) ;
#7676 = VECTOR ( 'NONE', #6182, 1000.000000000000000 ) ;
#7677 = CARTESIAN_POINT ( 'NONE',  ( 16.94289321881343113, -20.65000000000000568, 47.50000000000000000 ) ) ;
#7678 = FILL_AREA_STYLE_COLOUR ( '', #8874 ) ;
#7679 = DIRECTION ( 'NONE',  ( 1.000000000000000000, 0.000000000000000000, 0.000000000000000000 ) ) ;
#7680 =( NAMED_UNIT ( * ) PLANE_ANGLE_UNIT ( ) SI_UNIT ( $, .RADIAN. ) );
#7681 =( NAMED_UNIT ( * ) PLANE_ANGLE_UNIT ( ) SI_UNIT ( $, .RADIAN. ) );
#7682 = EDGE_CURVE ( 'NONE', #6719, #5265, #4317, .T. ) ;
#7683 = VECTOR ( 'NONE', #2322, 999.9999999999998863 ) ;
#7684 = B_SPLINE_CURVE_WITH_KNOTS ( 'NONE', 3,
 ( #10180, #4722, #1633, #803 ),
 .UNSPECIFIED., .F., .F.,
 ( 4, 4 ),
 ( 0.000000000000000000, 0.0002154103325665583841 ),
 .UNSPECIFIED. ) ;
#7685 = VERTEX_POINT ( 'NONE', #8577 ) ;
#7686 = VECTOR ( 'NONE', #9400, 1000.000000000000000 ) ;
#7687 = LINE ( 'NONE', #3814, #4186 ) ;
#7688 = ORIENTED_EDGE ( 'NONE', *, *, #5549, .F. ) ;
#7689 = ORIENTED_EDGE ( 'NONE', *, *, #67, .T. ) ;
#7690 = CARTESIAN_POINT ( 'NONE',  ( -15.49999999999999645, 15.50000000000000000, 4.500000000000000888 ) ) ;
#7691 = ORIENTED_EDGE ( 'NONE', *, *, #8060, .T. ) ;
#7692 = EDGE_CURVE ( 'NONE', #1531, #2589, #9362, .T. ) ;
#7693 = ORIENTED_EDGE ( 'NONE', *, *, #7643, .T. ) ;
#7694 =( LENGTH_UNIT ( ) NAMED_UNIT ( * ) SI_UNIT ( .MILLI., .METRE. ) );
#7695 =( NAMED_UNIT ( * ) SI_UNIT ( $, .STERADIAN. ) SOLID_ANGLE_UNIT ( ) );
#7696 = ADVANCED_FACE ( 'NONE', ( #4675 ), #4033, .F. ) ;
#7697 = EDGE_CURVE ( 'NONE', #8415, #6744, #4625, .T. ) ;
#7698 = DIRECTION ( 'NONE',  ( 1.000000000000000000, 0.000000000000000000, 0.000000000000000000 ) ) ;
#7699 = VECTOR ( 'NONE', #2247, 1000.000000000000000 ) ;
#7700 = AXIS2_PLACEMENT_3D ( 'NONE', #4270, #6508, #7420 ) ;
#7701 = CARTESIAN_POINT ( 'NONE',  ( -14.21692477204121730, 15.92449465477564097, 47.49867441544049029 ) ) ;
#7702 = ORIENTED_EDGE ( 'NONE', *, *, #4396, .T. ) ;
#7703 = ORIENTED_EDGE ( 'NONE', *, *, #9580, .T. ) ;
#7704 = EDGE_CURVE ( 'NONE', #5984, #760, #8431, .T. ) ;
#7705 = AXIS2_PLACEMENT_3D ( 'NONE', #7117, #7270, #5669 ) ;
#7706 = DIRECTION ( 'NONE',  ( -0.000000000000000000, 1.000000000000000000, 0.000000000000000000 ) ) ;
#7707 = AXIS2_PLACEMENT_3D ( 'NONE', #6671, #1097, #8307 ) ;
#7708 = CARTESIAN_POINT ( 'NONE',  ( -16.84930666606613414, -15.05359323060805998, 47.49262389544720975 ) ) ;
#7709 = AXIS2_PLACEMENT_3D ( 'NONE', #5090, #8230, #4304 ) ;
#7710 = VERTEX_POINT ( 'NONE', #8018 ) ;
#7711 = ORIENTED_EDGE ( 'NONE', *, *, #2903, .T. ) ;
#7712 = EDGE_LOOP ( 'NONE', ( #1519, #4400, #3859, #5916 ) ) ;
#7713 = CARTESIAN_POINT ( 'NONE',  ( -18.79644660940668643, 18.79644660940675038, -0.000000000000000000 ) ) ;
#7714 = VECTOR ( 'NONE', #3975, 1000.000000000000000 ) ;
#7715 = DIRECTION ( 'NONE',  ( -0.000000000000000000, -0.000000000000000000, -1.000000000000000000 ) ) ;
#7716 = SURFACE_STYLE_USAGE ( .BOTH. , #3742 ) ;
#7717 = DIRECTION ( 'NONE',  ( 1.000000000000000000, 0.000000000000000000, -0.000000000000000000 ) ) ;
#7718 = DIRECTION ( 'NONE',  ( -0.000000000000000000, -0.000000000000000000, -1.000000000000000000 ) ) ;
#7719 = LINE ( 'NONE', #4677, #3127 ) ;
#7720 = CARTESIAN_POINT ( 'NONE',  ( 15.50000000000101963, -15.49999999999983658, 47.50000000000000000 ) ) ;
#7721 = ORIENTED_EDGE ( 'NONE', *, *, #6770, .F. ) ;
#7722 = COLOUR_RGB ( '',0.2509803921568627416, 0.2509803921568627416, 0.2509803921568627416 ) ;
#7723 = VERTEX_POINT ( 'NONE', #6434 ) ;
#7724 = DIRECTION ( 'NONE',  ( 1.000000000000000000, 0.000000000000000000, -0.000000000000000000 ) ) ;
#7725 = ORIENTED_EDGE ( 'NONE', *, *, #6548, .F. ) ;
#7726 = PLANE ( 'NONE',  #3238 ) ;
#7727 = CYLINDRICAL_SURFACE ( 'NONE', #5766, 2.799999999999999822 ) ;
#7728 = DIRECTION ( 'NONE',  ( 1.000000000000000000, -0.000000000000000000, -0.000000000000000000 ) ) ;
#7729 = DIRECTION ( 'NONE',  ( 0.000000000000000000, 0.000000000000000000, 1.000000000000000000 ) ) ;
#7730 = MECHANICAL_DESIGN_GEOMETRIC_PRESENTATION_REPRESENTATION (  '', ( #8221 ), #1482 ) ;
#7731 = VECTOR ( 'NONE', #8149, 1000.000000000000000 ) ;
#7732 = FACE_OUTER_BOUND ( 'NONE', #3290, .T. ) ;
#7733 = CARTESIAN_POINT ( 'NONE',  ( -15.29091159908805686, -14.21692477204105920, 47.50000000000000000 ) ) ;
#7734 = DIRECTION ( 'NONE',  ( 1.000000000000000000, 0.000000000000000000, 0.000000000000000000 ) ) ;
#7735 = COLOUR_RGB ( '',0.2509803921568627416, 0.2509803921568627416, 0.2509803921568627416 ) ;
#7736 = ORIENTED_EDGE ( 'NONE', *, *, #7749, .T. ) ;
#7737 = CARTESIAN_POINT ( 'NONE',  ( 0.000000000000000000, 0.000000000000000000, -24.00000000000000000 ) ) ;
#7738 = ORIENTED_EDGE ( 'NONE', *, *, #6236, .F. ) ;
#7739 = AXIS2_PLACEMENT_3D ( 'NONE', #9837, #3661, #2942 ) ;
#7740 = AXIS2_PLACEMENT_3D ( 'NONE', #6218, #788, #3971 ) ;
#7741 = CARTESIAN_POINT ( 'NONE',  ( -16.94289321881343469, 21.14999999999999858, 48.00000000000000000 ) ) ;
#7742 = DIRECTION ( 'NONE',  ( 5.211847922874171178E-16, 1.000000000000000000, 0.000000000000000000 ) ) ;
#7743 = LINE ( 'NONE', #6825, #4092 ) ;
#7744 = EDGE_CURVE ( 'NONE', #1890, #4388, #6144, .T. ) ;
#7745 = DIRECTION ( 'NONE',  ( 0.000000000000000000, 1.000000000000000000, -1.301042606982604138E-15 ) ) ;
#7746 = SURFACE_STYLE_USAGE ( .BOTH. , #7080 ) ;
#7747 = CARTESIAN_POINT ( 'NONE',  ( 0.000000000000000000, 0.000000000000000000, 40.00000000000000000 ) ) ;
#7748 = VECTOR ( 'NONE', #6493, 1000.000000000000000 ) ;
#7749 = EDGE_CURVE ( 'NONE', #8417, #4133, #1856, .T. ) ;
#7750 = CARTESIAN_POINT ( 'NONE',  ( 14.21692477204111071, -15.92449465477574577, 46.50000000000000000 ) ) ;
#7751 = FACE_OUTER_BOUND ( 'NONE', #1749, .T. ) ;
#7752 = ORIENTED_EDGE ( 'NONE', *, *, #2390, .T. ) ;
#7753 = CARTESIAN_POINT ( 'NONE',  ( -16.00000000000000000, 0.000000000000000000, 0.000000000000000000 ) ) ;
#7754 = EDGE_LOOP ( 'NONE', ( #1737, #1356 ) ) ;
#7755 = EDGE_CURVE ( 'NONE', #8397, #3275, #3667, .T. ) ;
#7756 = CARTESIAN_POINT ( 'NONE',  ( -3.599999999999998312, -21.15000000000000568, 44.50000000000000000 ) ) ;
#7757 = EDGE_CURVE ( 'NONE', #351, #10151, #181, .T. ) ;
#7758 = EDGE_CURVE ( 'NONE', #1868, #9701, #5817, .T. ) ;
#7759 = DIRECTION ( 'NONE',  ( 0.000000000000000000, 0.000000000000000000, 1.000000000000000000 ) ) ;
#7760 = ADVANCED_FACE ( 'NONE', ( #7203 ), #8773, .F. ) ;
#7761 = PRESENTATION_STYLE_ASSIGNMENT (( #4561 ) ) ;
#7762 = VERTEX_POINT ( 'NONE', #1003 ) ;
#7763 = ORIENTED_EDGE ( 'NONE', *, *, #2721, .F. ) ;
#7764 = CYLINDRICAL_SURFACE ( 'NONE', #8208, 0.5000000000000004441 ) ;
#7765 = ORIENTED_EDGE ( 'NONE', *, *, #1007, .T. ) ;
#7766 = FILL_AREA_STYLE_COLOUR ( '', #5398 ) ;
#7767 = COLOUR_RGB ( '',0.2509803921568627416, 0.2509803921568627416, 0.2509803921568627416 ) ;
#7768 = FACE_OUTER_BOUND ( 'NONE', #1716, .T. ) ;
#7769 = CARTESIAN_POINT ( 'NONE',  ( 2.000000000000029310, 2.449293598294742406E-16, 46.00000000000000000 ) ) ;
#7770 = CARTESIAN_POINT ( 'NONE',  ( 3.600000000000001421, -19.15000000000000568, 44.50000000000000000 ) ) ;
#7771 = EDGE_CURVE ( 'NONE', #7594, #3790, #1190, .T. ) ;
#7772 = DIRECTION ( 'NONE',  ( 1.000000000000000000, 0.000000000000000000, -0.000000000000000000 ) ) ;
#7773 = PRESENTATION_STYLE_ASSIGNMENT (( #497 ) ) ;
#7774 = AXIS2_PLACEMENT_3D ( 'NONE', #8479, #2097, #8285 ) ;
#7775 = ORIENTED_EDGE ( 'NONE', *, *, #324, .F. ) ;
#7776 = ORIENTED_EDGE ( 'NONE', *, *, #8747, .F. ) ;
#7777 = ORIENTED_EDGE ( 'NONE', *, *, #6053, .F. ) ;
#7778 = DIRECTION ( 'NONE',  ( 0.000000000000000000, 0.000000000000000000, -1.000000000000000000 ) ) ;
#7779 = SURFACE_STYLE_FILL_AREA ( #764 ) ;
#7780 = DIRECTION ( 'NONE',  ( 0.000000000000000000, 0.000000000000000000, 1.000000000000000000 ) ) ;
#7781 = DIRECTION ( 'NONE',  ( -1.000000000000000000, 0.000000000000000000, 0.000000000000000000 ) ) ;
#7782 = CARTESIAN_POINT ( 'NONE',  ( 21.14999999999999858, 16.94289321881344534, 8.000000000000000000 ) ) ;
#7783 =( GEOMETRIC_REPRESENTATION_CONTEXT ( 3 ) GLOBAL_UNCERTAINTY_ASSIGNED_CONTEXT ( ( #1972 ) ) GLOBAL_UNIT_ASSIGNED_CONTEXT ( ( #10167, #692, #3178 ) ) REPRESENTATION_CONTEXT ( 'NONE', 'WORKASPACE' ) );
#7784 = DIRECTION ( 'NONE',  ( -1.000000000000000000, 0.000000000000000000, 0.000000000000000000 ) ) ;
#7785 = PRESENTATION_STYLE_ASSIGNMENT (( #9993 ) ) ;
#7786 = ORIENTED_EDGE ( 'NONE', *, *, #1693, .T. ) ;
#7787 = PLANE ( 'NONE',  #2630 ) ;
#7788 = EDGE_LOOP ( 'NONE', ( #7208, #3718, #2964, #12 ) ) ;
#7789 = CARTESIAN_POINT ( 'NONE',  ( 0.000000000000000000, 0.000000000000000000, 46.00000000000000000 ) ) ;
#7790 = DIRECTION ( 'NONE',  ( -1.000000000000000000, 0.000000000000000000, 0.000000000000000000 ) ) ;
#7791 = CARTESIAN_POINT ( 'NONE',  ( 14.27904914257718794, 15.94640676939204305, 47.50000000000000000 ) ) ;
#7792 = VECTOR ( 'NONE', #625, 1000.000000000000000 ) ;
#7793 =( LENGTH_UNIT ( ) NAMED_UNIT ( * ) SI_UNIT ( .MILLI., .METRE. ) );
#7794 = SURFACE_SIDE_STYLE ('',( #4648 ) ) ;
#7795 = PLANE ( 'NONE',  #9012 ) ;
#7796 = SURFACE_STYLE_USAGE ( .BOTH. , #8510 ) ;
#7797 =( NAMED_UNIT ( * ) SI_UNIT ( $, .STERADIAN. ) SOLID_ANGLE_UNIT ( ) );
#7798 = ADVANCED_FACE ( 'NONE', ( #7356 ), #695, .T. ) ;
#7799 = DIRECTION ( 'NONE',  ( 1.000000000000000000, 0.000000000000000000, 0.000000000000000000 ) ) ;
#7800 = EDGE_LOOP ( 'NONE', ( #1929, #7431 ) ) ;
#7801 = ORIENTED_EDGE ( 'NONE', *, *, #2972, .T. ) ;
#7802 = PRESENTATION_STYLE_ASSIGNMENT (( #4505 ) ) ;
#7803 =( NAMED_UNIT ( * ) SI_UNIT ( $, .STERADIAN. ) SOLID_ANGLE_UNIT ( ) );
#7804 = AXIS2_PLACEMENT_3D ( 'NONE', #3367, #4919, #993 ) ;
#7805 = DIRECTION ( 'NONE',  ( -0.000000000000000000, -0.000000000000000000, -1.000000000000000000 ) ) ;
#7806 = CARTESIAN_POINT ( 'NONE',  ( -15.49999999999897859, -15.50000000000102141, 47.50000000000000000 ) ) ;
#7807 = ORIENTED_EDGE ( 'NONE', *, *, #5376, .F. ) ;
#7808 = ORIENTED_EDGE ( 'NONE', *, *, #2791, .T. ) ;
#7809 = CARTESIAN_POINT ( 'NONE',  ( -21.15999999999999304, 13.31369220013744581, 40.00000000000000000 ) ) ;
#7810 = ORIENTED_EDGE ( 'NONE', *, *, #5441, .T. ) ;
#7811 = EDGE_CURVE ( 'NONE', #1983, #9252, #1027, .T. ) ;
#7812 = PRESENTATION_STYLE_ASSIGNMENT (( #7916 ) ) ;
#7813 = CARTESIAN_POINT ( 'NONE',  ( -14.21692477204121730, 15.92449465477564097, 46.50000000000000000 ) ) ;
#7814 = EDGE_CURVE ( 'NONE', #7921, #9482, #8190, .T. ) ;
#7815 = CARTESIAN_POINT ( 'NONE',  ( 15.50000000000101963, -15.49999999999983658, 47.50000000000000000 ) ) ;
#7816 = VECTOR ( 'NONE', #109, 1000.000000000000000 ) ;
#7817 = ADVANCED_FACE ( 'NONE', ( #8068 ), #2611, .F. ) ;
#7818 = VERTEX_POINT ( 'NONE', #6588 ) ;
#7819 = ORIENTED_EDGE ( 'NONE', *, *, #4669, .F. ) ;
#7820 = CARTESIAN_POINT ( 'NONE',  ( -21.00355339059326809, -17.29644660940671486, 47.50000000000000000 ) ) ;
#7821 = ORIENTED_EDGE ( 'NONE', *, *, #6448, .T. ) ;
#7822 = CARTESIAN_POINT ( 'NONE',  ( 15.49999999999983658, 15.50000000000015987, 47.50000000000000000 ) ) ;
#7823 = ADVANCED_FACE ( 'NONE', ( #1833 ), #8822, .T. ) ;
#7824 = UNCERTAINTY_MEASURE_WITH_UNIT (LENGTH_MEASURE( 1.000000000000000082E-05 ), #342, 'distance_accuracy_value', 'NONE');
#7825 = DIRECTION ( 'NONE',  ( -0.7071067811865510144, -0.7071067811865440200, -4.906538933386772787E-15 ) ) ;
#7826 = DIRECTION ( 'NONE',  ( -1.000000000000000000, 0.000000000000000000, 0.000000000000000000 ) ) ;
#7827 = CARTESIAN_POINT ( 'NONE',  ( 2.603880904858910217, -21.25000000000000711, 43.56695646205938033 ) ) ;
#7828 =( GEOMETRIC_REPRESENTATION_CONTEXT ( 3 ) GLOBAL_UNCERTAINTY_ASSIGNED_CONTEXT ( ( #3371 ) ) GLOBAL_UNIT_ASSIGNED_CONTEXT ( ( #1033, #303, #3613 ) ) REPRESENTATION_CONTEXT ( 'NONE', 'WORKASPACE' ) );
#7829 = CIRCLE ( 'NONE', #243, 25.00000000000000000 ) ;
#7830 = AXIS2_PLACEMENT_3D ( 'NONE', #7747, #3820, #1463 ) ;
#7831 = CARTESIAN_POINT ( 'NONE',  ( -14.24999999999999645, 15.50000000000000000, -2.266821225221747863E-17 ) ) ;
#7832 = STYLED_ITEM ( 'NONE', ( #7624 ), #5298 ) ;
#7833 = ORIENTED_EDGE ( 'NONE', *, *, #3048, .T. ) ;
#7834 = LINE ( 'NONE', #2761, #4435 ) ;
#7835 = CARTESIAN_POINT ( 'NONE',  ( 3.503880904858911016, -19.15000000000000568, 0.000000000000000000 ) ) ;
#7836 = DIRECTION ( 'NONE',  ( -0.000000000000000000, -0.000000000000000000, 1.000000000000000000 ) ) ;
#7837 = DIRECTION ( 'NONE',  ( 0.000000000000000000, 0.000000000000000000, 1.000000000000000000 ) ) ;
#7838 = DIRECTION ( 'NONE',  ( -0.7071067811865475727, 0.7071067811865475727, 0.000000000000000000 ) ) ;
#7839 =( LENGTH_UNIT ( ) NAMED_UNIT ( * ) SI_UNIT ( .MILLI., .METRE. ) );
#7840 = LINE ( 'NONE', #54, #7388 ) ;
#7841 = FACE_OUTER_BOUND ( 'NONE', #5971, .T. ) ;
#7842 = AXIS2_PLACEMENT_3D ( 'NONE', #9222, #1396, #7679 ) ;
#7843 = CARTESIAN_POINT ( 'NONE',  ( -11.50000000000000000, 0.000000000000000000, 0.000000000000000000 ) ) ;
#7844 = EDGE_LOOP ( 'NONE', ( #632, #1530, #4814, #5000, #770 ) ) ;
#7845 = CARTESIAN_POINT ( 'NONE',  ( -21.14999999999999503, 13.32957238623956364, 99.84951795962939514 ) ) ;
#7846 = ORIENTED_EDGE ( 'NONE', *, *, #1646, .F. ) ;
#7847 = DIRECTION ( 'NONE',  ( 0.7071067811865474617, -0.7071067811865474617, -0.000000000000000000 ) ) ;
#7848 = AXIS2_PLACEMENT_3D ( 'NONE', #159, #4868, #9602 ) ;
#7849 = DIRECTION ( 'NONE',  ( 1.000000000000000000, 0.000000000000000000, 0.000000000000000000 ) ) ;
#7850 = FACE_OUTER_BOUND ( 'NONE', #3078, .T. ) ;
#7851 = CARTESIAN_POINT ( 'NONE',  ( -20.64999999999999503, 16.94289321881343824, 38.00000000000000000 ) ) ;
#7852 = VECTOR ( 'NONE', #4135, 1000.000000000000000 ) ;
#7853 = MECHANICAL_DESIGN_GEOMETRIC_PRESENTATION_REPRESENTATION (  '', ( #1276 ), #5905 ) ;
#7854 = CARTESIAN_POINT ( 'NONE',  ( 16.74685775593414050, -15.92449465477576886, 47.50000000000000000 ) ) ;
#7855 = ORIENTED_EDGE ( 'NONE', *, *, #8119, .T. ) ;
#7856 = VERTEX_POINT ( 'NONE', #4356 ) ;
#7857 =( NAMED_UNIT ( * ) PLANE_ANGLE_UNIT ( ) SI_UNIT ( $, .RADIAN. ) );
#7858 = CONICAL_SURFACE ( 'NONE', #4567, 1.249999999999997558, 1.029744258676653201 ) ;
#7859 =( NAMED_UNIT ( * ) PLANE_ANGLE_UNIT ( ) SI_UNIT ( $, .RADIAN. ) );
#7860 = PRESENTATION_STYLE_ASSIGNMENT (( #8624 ) ) ;
#7861 = CARTESIAN_POINT ( 'NONE',  ( 0.000000000000000000, -19.15000000000000568, 44.41033917074156534 ) ) ;
#7862 = CARTESIAN_POINT ( 'NONE',  ( 14.20000000000102069, -15.49999999999983658, 47.50000000000000000 ) ) ;
#7863 = COLOUR_RGB ( '',0.2509803921568627416, 0.2509803921568627416, 0.2509803921568627416 ) ;
#7864 = LINE ( 'NONE', #9512, #6350 ) ;
#7865 = SURFACE_SIDE_STYLE ('',( #4728 ) ) ;
#7866 = ADVANCED_FACE ( 'NONE', ( #6886 ), #4459, .F. ) ;
#7867 = EDGE_LOOP ( 'NONE', ( #6881, #2271, #642, #5713 ) ) ;
#7868 = ORIENTED_EDGE ( 'NONE', *, *, #7877, .T. ) ;
#7869 = DIRECTION ( 'NONE',  ( 0.000000000000000000, 0.000000000000000000, -1.000000000000000000 ) ) ;
#7870 = VECTOR ( 'NONE', #6259, 1000.000000000000000 ) ;
#7871 = ORIENTED_EDGE ( 'NONE', *, *, #6133, .F. ) ;
#7872 = AXIS2_PLACEMENT_3D ( 'NONE', #9968, #9251, #2924 ) ;
#7873 = CARTESIAN_POINT ( 'NONE',  ( 16.78307522795900653, -15.92449465477577242, 46.50000000000000000 ) ) ;
#7874 = CARTESIAN_POINT ( 'NONE',  ( -15.07550534522247609, -15.94640676939193469, 47.50000000000000000 ) ) ;
#7875 = ADVANCED_FACE ( 'NONE', ( #6066, #9194 ), #9913, .T. ) ;
#7876 = SURFACE_SIDE_STYLE ('',( #7779 ) ) ;
#7877 = EDGE_CURVE ( 'NONE', #10190, #403, #9669, .T. ) ;
#7878 = FACE_OUTER_BOUND ( 'NONE', #8967, .T. ) ;
#7879 = STYLED_ITEM ( 'NONE', ( #9835 ), #359 ) ;
#7880 = EDGE_CURVE ( 'NONE', #7671, #5020, #8471, .T. ) ;
#7881 = FACE_OUTER_BOUND ( 'NONE', #9216, .T. ) ;
#7882 = AXIS2_PLACEMENT_3D ( 'NONE', #7119, #7940, #3158 ) ;
#7883 = VECTOR ( 'NONE', #4486, 1000.000000000000000 ) ;
#7884 = ADVANCED_FACE ( 'NONE', ( #5921 ), #9962, .T. ) ;
#7885 = LINE ( 'NONE', #90, #3997 ) ;
#7886 = ORIENTED_EDGE ( 'NONE', *, *, #6006, .T. ) ;
#7887 = CARTESIAN_POINT ( 'NONE',  ( -21.14999999999999503, 16.94289321881344890, 0.5000000000000004441 ) ) ;
#7888 = ORIENTED_EDGE ( 'NONE', *, *, #4557, .F. ) ;
#7889 = CARTESIAN_POINT ( 'NONE',  ( -16.94289321881343469, -21.15000000000000568, 38.00000000000000000 ) ) ;
#7890 = FACE_OUTER_BOUND ( 'NONE', #6853, .T. ) ;
#7891 = FACE_BOUND ( 'NONE', #2220, .T. ) ;
#7892 = CARTESIAN_POINT ( 'NONE',  ( -21.16000000000000725, -13.31369220013740140, 5.999999999999998224 ) ) ;
#7893 = AXIS2_PLACEMENT_3D ( 'NONE', #3602, #4370, #5981 ) ;
#7894 = STYLED_ITEM ( 'NONE', ( #7340 ), #5852 ) ;
#7895 = DIRECTION ( 'NONE',  ( -0.000000000000000000, -0.000000000000000000, -1.000000000000000000 ) ) ;
#7896 = DIRECTION ( 'NONE',  ( -0.7071067811865475727, 0.7071067811865475727, -0.000000000000000000 ) ) ;
#7897 = FACE_BOUND ( 'NONE', #7997, .T. ) ;
#7898 =( GEOMETRIC_REPRESENTATION_CONTEXT ( 3 ) GLOBAL_UNCERTAINTY_ASSIGNED_CONTEXT ( ( #1726 ) ) GLOBAL_UNIT_ASSIGNED_CONTEXT ( ( #1168, #6589, #5867 ) ) REPRESENTATION_CONTEXT ( 'NONE', 'WORKASPACE' ) );
#7899 = STYLED_ITEM ( 'NONE', ( #5690 ), #1203 ) ;
#7900 = EDGE_LOOP ( 'NONE', ( #3065, #8559, #3100, #4906, #2172 ) ) ;
#7901 = ORIENTED_EDGE ( 'NONE', *, *, #4403, .T. ) ;
#7902 = CARTESIAN_POINT ( 'NONE',  ( -21.00355339059326809, -17.29644660940671486, 0.000000000000000000 ) ) ;
#7903 = CARTESIAN_POINT ( 'NONE',  ( -21.66084925377253612, -19.15000000000000568, 23.57210065851715086 ) ) ;
#7904 = AXIS2_PLACEMENT_3D ( 'NONE', #9577, #7215, #8937 ) ;
#7905 = CARTESIAN_POINT ( 'NONE',  ( -15.05359323060823407, 15.92449465477564097, 47.50000000000000000 ) ) ;
#7906 = DIRECTION ( 'NONE',  ( 0.000000000000000000, -1.000000000000000000, 0.000000000000000000 ) ) ;
#7907 = CARTESIAN_POINT ( 'NONE',  ( -15.49999999999897859, -15.50000000000102141, 46.00000000000000000 ) ) ;
#7908 = EDGE_LOOP ( 'NONE', ( #2991, #48, #995, #2222 ) ) ;
#7909 = UNCERTAINTY_MEASURE_WITH_UNIT (LENGTH_MEASURE( 1.000000000000000082E-05 ), #9475, 'distance_accuracy_value', 'NONE');
#7911 = VERTEX_POINT ( 'NONE', #636 ) ;
#7910 =( GEOMETRIC_REPRESENTATION_CONTEXT ( 3 ) GLOBAL_UNCERTAINTY_ASSIGNED_CONTEXT ( ( #9996 ) ) GLOBAL_UNIT_ASSIGNED_CONTEXT ( ( #6280, #27, #9458 ) ) REPRESENTATION_CONTEXT ( 'NONE', 'WORKASPACE' ) );
#7912 = CARTESIAN_POINT ( 'NONE',  ( 15.49999999999983658, 15.50000000000015987, 47.50000000000000000 ) ) ;
#7913 =( LENGTH_UNIT ( ) NAMED_UNIT ( * ) SI_UNIT ( .MILLI., .METRE. ) );
#7914 = CARTESIAN_POINT ( 'NONE',  ( 1.379851512413567960, -39.15000000000000568, 42.95165094913121351 ) ) ;
#7915 =( LENGTH_UNIT ( ) NAMED_UNIT ( * ) SI_UNIT ( .MILLI., .METRE. ) );
#7916 = SURFACE_STYLE_USAGE ( .BOTH. , #74 ) ;
#7917 = PRESENTATION_LAYER_ASSIGNMENT (  '', '', ( #2161 ) ) ;
#7918 = PLANE ( 'NONE',  #5363 ) ;
#7919 = LINE ( 'NONE', #8728, #5595 ) ;
#7920 = ORIENTED_EDGE ( 'NONE', *, *, #9257, .F. ) ;
#7921 = VERTEX_POINT ( 'NONE', #6983 ) ;
#7922 = ADVANCED_FACE ( 'NONE', ( #3878 ), #2296, .F. ) ;
#7923 = DIRECTION ( 'NONE',  ( 0.000000000000000000, 0.000000000000000000, -1.000000000000000000 ) ) ;
#7924 = EDGE_LOOP ( 'NONE', ( #255, #9587, #7901 ) ) ;
#7925 = UNCERTAINTY_MEASURE_WITH_UNIT (LENGTH_MEASURE( 1.000000000000000082E-05 ), #2790, 'distance_accuracy_value', 'NONE');
#7926 = STYLED_ITEM ( 'NONE', ( #5949 ), #7065 ) ;
#7927 = DIRECTION ( 'NONE',  ( 0.000000000000000000, 0.000000000000000000, -1.000000000000000000 ) ) ;
#7928 = SURFACE_STYLE_USAGE ( .BOTH. , #2465 ) ;
#7929 = PRESENTATION_STYLE_ASSIGNMENT (( #4735 ) ) ;
#7930 = EDGE_CURVE ( 'NONE', #3287, #8257, #6318, .T. ) ;
#7931 = DIRECTION ( 'NONE',  ( 0.000000000000000000, 0.000000000000000000, 1.000000000000000000 ) ) ;
#7932 = SURFACE_SIDE_STYLE ('',( #3154 ) ) ;
#7933 = VECTOR ( 'NONE', #8589, 1000.000000000000000 ) ;
#7934 = DIRECTION ( 'NONE',  ( 0.000000000000000000, -0.000000000000000000, -1.000000000000000000 ) ) ;
#7935 = DIRECTION ( 'NONE',  ( 1.000000000000000000, 0.000000000000000000, 0.000000000000000000 ) ) ;
#7936 = EDGE_LOOP ( 'NONE', ( #7432, #3990, #5988, #5105 ) ) ;
#7937 = EDGE_CURVE ( 'NONE', #2689, #5772, #3126, .T. ) ;
#7938 = FILL_AREA_STYLE ('',( #4107 ) ) ;
#7939 = EDGE_LOOP ( 'NONE', ( #4194, #2812, #721, #6641 ) ) ;
#7940 = DIRECTION ( 'NONE',  ( -8.673617379884112386E-16, -8.673617379884026597E-16, -1.000000000000000000 ) ) ;
#7941 = CARTESIAN_POINT ( 'NONE',  ( 14.23501994154208461, -15.92449465477574577, 47.49955985394393565 ) ) ;
#7942 = DIRECTION ( 'NONE',  ( 8.202002250481356316E-17, -1.000000000000000000, -0.000000000000000000 ) ) ;
#7943 = SURFACE_STYLE_FILL_AREA ( #1605 ) ;
#7944 = ADVANCED_FACE ( 'NONE', ( #9296 ), #1568, .T. ) ;
#7945 = CARTESIAN_POINT ( 'NONE',  ( 2.603880904858910217, -19.15000000000000568, 43.56695646205938033 ) ) ;
#7946 = DIRECTION ( 'NONE',  ( -5.211847922874171178E-16, -1.000000000000000000, 0.000000000000000000 ) ) ;
#7947 = CARTESIAN_POINT ( 'NONE',  ( 15.50000000000010481, -15.49999999999989164, 4.500000000000000888 ) ) ;
#7948 = LINE ( 'NONE', #780, #8450 ) ;
#7949 = EDGE_CURVE ( 'NONE', #489, #2446, #1197, .T. ) ;
#7950 = DIRECTION ( 'NONE',  ( -1.000000000000000000, 9.378789715092728577E-15, -0.000000000000000000 ) ) ;
#7951 = ORIENTED_EDGE ( 'NONE', *, *, #634, .T. ) ;
#7952 = EDGE_CURVE ( 'NONE', #6775, #163, #3514, .T. ) ;
#7953 = LINE ( 'NONE', #2386, #1133 ) ;
#7954 = VERTEX_POINT ( 'NONE', #6366 ) ;
#7955 = AXIS2_PLACEMENT_3D ( 'NONE', #7750, #682, #10062 ) ;
#7956 = SURFACE_SIDE_STYLE ('',( #2436 ) ) ;
#7957 = EDGE_CURVE ( 'NONE', #2865, #7604, #8448, .T. ) ;
#7958 = FILL_AREA_STYLE_COLOUR ( '', #1153 ) ;
#7959 = DIRECTION ( 'NONE',  ( -0.000000000000000000, -0.000000000000000000, 1.000000000000000000 ) ) ;
#7960 = FACE_OUTER_BOUND ( 'NONE', #2878, .T. ) ;
#7961 = CARTESIAN_POINT ( 'NONE',  ( -1.379851512413567960, -39.15000000000000568, 42.37285355221676042 ) ) ;
#7962 = ORIENTED_EDGE ( 'NONE', *, *, #2658, .F. ) ;
#7963 = EDGE_LOOP ( 'NONE', ( #5685, #1942, #2088, #797 ) ) ;
#7964 = AXIS2_PLACEMENT_3D ( 'NONE', #2733, #3344, #7371 ) ;
#7965 = DIRECTION ( 'NONE',  ( 8.202002250481356316E-17, -1.000000000000000000, 0.000000000000000000 ) ) ;
#7966 = DIRECTION ( 'NONE',  ( 0.000000000000000000, 0.000000000000000000, -1.000000000000000000 ) ) ;
#7967 = PLANE ( 'NONE',  #923 ) ;
#7968 = CARTESIAN_POINT ( 'NONE',  ( -16.74999999999994316, -15.50000000000004974, 4.500000000000000888 ) ) ;
#7969 = CARTESIAN_POINT ( 'NONE',  ( 21.15000000000000213, 13.32957238623955121, 5.934847352626159811 ) ) ;
#7970 = DIRECTION ( 'NONE',  ( 1.000000000000000000, 2.081668171172166620E-14, 0.000000000000000000 ) ) ;
#7971 = AXIS2_PLACEMENT_3D ( 'NONE', #1047, #8579, #4181 ) ;
#7972 = ORIENTED_EDGE ( 'NONE', *, *, #566, .T. ) ;
#7973 = VERTEX_POINT ( 'NONE', #3071 ) ;
#7974 = SURFACE_SIDE_STYLE ('',( #9369 ) ) ;
#7975 = EDGE_LOOP ( 'NONE', ( #734, #2366, #7693, #5587 ) ) ;
#7976 = CARTESIAN_POINT ( 'NONE',  ( 0.000000000000000000, 0.000000000000000000, 47.50000000000000000 ) ) ;
#7977 = FACE_OUTER_BOUND ( 'NONE', #3529, .T. ) ;
#7978 = AXIS2_PLACEMENT_3D ( 'NONE', #1865, #8095, #5845 ) ;
#7979 = CARTESIAN_POINT ( 'NONE',  ( -16.80673604214023698, -15.94640676939191870, 47.49756013713619751 ) ) ;
#7980 =( NAMED_UNIT ( * ) PLANE_ANGLE_UNIT ( ) SI_UNIT ( $, .RADIAN. ) );
#7981 = EDGE_CURVE ( 'NONE', #2573, #9357, #7619, .T. ) ;
#7982 = PRESENTATION_STYLE_ASSIGNMENT (( #1696 ) ) ;
#7983 = EDGE_LOOP ( 'NONE', ( #1795, #6328 ) ) ;
#7984 = CARTESIAN_POINT ( 'NONE',  ( 0.000000000000000000, 0.000000000000000000, 40.00000000000000000 ) ) ;
#7985 = VERTEX_POINT ( 'NONE', #2392 ) ;
#7986 = SURFACE_SIDE_STYLE ('',( #1858 ) ) ;
#7987 = CARTESIAN_POINT ( 'NONE',  ( 0.000000000000000000, 0.000000000000000000, 0.5000000000000000000 ) ) ;
#7988 = AXIS2_PLACEMENT_3D ( 'NONE', #3176, #8805, #4818 ) ;
#7989 = DIRECTION ( 'NONE',  ( 0.000000000000000000, -1.000000000000000000, 0.000000000000000000 ) ) ;
#7990 = CARTESIAN_POINT ( 'NONE',  ( 17.29644660940669354, 21.00355339059327520, 38.00000000000000000 ) ) ;
#7991 = EDGE_CURVE ( 'NONE', #872, #451, #9351, .T. ) ;
#7992 = PLANE ( 'NONE',  #580 ) ;
#7993 = CIRCLE ( 'NONE', #6195, 0.5000000000000004441 ) ;
#7994 = VECTOR ( 'NONE', #5424, 1000.000000000000000 ) ;
#7995 = ADVANCED_FACE ( 'NONE', ( #8659 ), #1619, .T. ) ;
#7996 = CARTESIAN_POINT ( 'NONE',  ( -1.379851512413567960, -39.15000000000000568, 42.37285355221676042 ) ) ;
#7997 = EDGE_LOOP ( 'NONE', ( #8338, #2013 ) ) ;
#7998 = ORIENTED_EDGE ( 'NONE', *, *, #6189, .F. ) ;
#7999 = ORIENTED_EDGE ( 'NONE', *, *, #8622, .T. ) ;
#8000 = ORIENTED_EDGE ( 'NONE', *, *, #4591, .F. ) ;
#8001 = DIRECTION ( 'NONE',  ( -0.000000000000000000, -0.000000000000000000, 1.000000000000000000 ) ) ;
#8002 = CIRCLE ( 'NONE', #5879, 25.00000000000000000 ) ;
#8003 = ADVANCED_FACE ( 'NONE', ( #7960 ), #8916, .T. ) ;
#8004 = CIRCLE ( 'NONE', #4556, 0.5000000000000004441 ) ;
#8005 = CARTESIAN_POINT ( 'NONE',  ( 15.92449465477568893, 14.21692477204115868, 46.50000000000000000 ) ) ;
#8006 = EDGE_CURVE ( 'NONE', #10040, #1147, #941, .T. ) ;
#8007 = CARTESIAN_POINT ( 'NONE',  ( 21.14999999999999858, -13.32957238623955654, 5.900501256289339302 ) ) ;
#8008 = ADVANCED_FACE ( 'NONE', ( #2543 ), #9555, .F. ) ;
#8010 = VECTOR ( 'NONE', #1337, 1000.000000000000000 ) ;
#8009 = CARTESIAN_POINT ( 'NONE',  ( -15.05359323060823407, 15.92449465477564097, 46.50000000000000000 ) ) ;
#8011 = EDGE_LOOP ( 'NONE', ( #7801, #6157, #1564, #6774 ) ) ;
#8012 = VECTOR ( 'NONE', #5593, 1000.000000000000000 ) ;
#8013 = UNCERTAINTY_MEASURE_WITH_UNIT (LENGTH_MEASURE( 1.000000000000000082E-05 ), #2814, 'distance_accuracy_value', 'NONE');
#8014 = EDGE_LOOP ( 'NONE', ( #8571, #2448, #3263, #1654 ) ) ;
#8015 = SURFACE_SIDE_STYLE ('',( #8217 ) ) ;
#8016 =( NAMED_UNIT ( * ) SI_UNIT ( $, .STERADIAN. ) SOLID_ANGLE_UNIT ( ) );
#8017 = DIRECTION ( 'NONE',  ( 1.000000000000000000, 0.000000000000000000, 0.000000000000000000 ) ) ;
#8018 = CARTESIAN_POINT ( 'NONE',  ( 15.92449465477569603, 15.94640676939203594, 47.50000000000000000 ) ) ;
#8019 = PLANE ( 'NONE',  #7009 ) ;
#8020 = CARTESIAN_POINT ( 'NONE',  ( 17.29644660940672196, -21.00355339059327875, 0.5000000000000000000 ) ) ;
#8021 = EDGE_LOOP ( 'NONE', ( #712, #4333, #388, #6747 ) ) ;
#8022 = ORIENTED_EDGE ( 'NONE', *, *, #8744, .F. ) ;
#8023 = AXIS2_PLACEMENT_3D ( 'NONE', #1293, #7102, #7575 ) ;
#8024 = VERTEX_POINT ( 'NONE', #1873 ) ;
#8025 = UNCERTAINTY_MEASURE_WITH_UNIT (LENGTH_MEASURE( 1.000000000000000082E-05 ), #5179, 'distance_accuracy_value', 'NONE');
#8026 = CARTESIAN_POINT ( 'NONE',  ( -15.92449465477579018, -14.21692477204105209, 46.50000000000000000 ) ) ;
#8027 = CARTESIAN_POINT ( 'NONE',  ( -14.15069333393213746, -15.50000000000102318, 47.49878368663158312 ) ) ;
#8028 = AXIS2_PLACEMENT_3D ( 'NONE', #8035, #47, #190 ) ;
#8029 = FILL_AREA_STYLE ('',( #8174 ) ) ;
#8030 = SURFACE_STYLE_USAGE ( .BOTH. , #7932 ) ;
#8031 = COLOUR_RGB ( '',1.000000000000000000, 0.000000000000000000, 0.000000000000000000 ) ;
#8032 = LINE ( 'NONE', #1074, #7308 ) ;
#8033 = AXIS2_PLACEMENT_3D ( 'NONE', #3089, #759, #4834 ) ;
#8034 = ORIENTED_EDGE ( 'NONE', *, *, #8611, .F. ) ;
#8035 = CARTESIAN_POINT ( 'NONE',  ( 16.94289321881345600, 20.64999999999999858, 0.5000000000000000000 ) ) ;
#8036 = ORIENTED_EDGE ( 'NONE', *, *, #5180, .T. ) ;
#8037 =( NAMED_UNIT ( * ) SI_UNIT ( $, .STERADIAN. ) SOLID_ANGLE_UNIT ( ) );
#8038 = FACE_OUTER_BOUND ( 'NONE', #6503, .T. ) ;
#8039 = PRESENTATION_LAYER_ASSIGNMENT (  '', '', ( #300 ) ) ;
#8040 = DIRECTION ( 'NONE',  ( 0.000000000000000000, 0.000000000000000000, 1.000000000000000000 ) ) ;
#8041 =( NAMED_UNIT ( * ) PLANE_ANGLE_UNIT ( ) SI_UNIT ( $, .RADIAN. ) );
#8042 = CARTESIAN_POINT ( 'NONE',  ( -3.500000000000000000, 0.000000000000000000, -1.500000000000000000 ) ) ;
#8043 = AXIS2_PLACEMENT_3D ( 'NONE', #798, #6224, #2302 ) ;
#8044 = DIRECTION ( 'NONE',  ( 1.000000000000000000, 0.000000000000000000, 0.000000000000000000 ) ) ;
#8045 = CARTESIAN_POINT ( 'NONE',  ( 18.50000000000079936, -15.49999999999983658, 46.00000000000000000 ) ) ;
#8046 = CYLINDRICAL_SURFACE ( 'NONE', #7630, 2.299999999999998046 ) ;
#8047 = CARTESIAN_POINT ( 'NONE',  ( 16.94289321881345600, 20.64999999999999858, 10.00000000000000000 ) ) ;
#8048 = ORIENTED_EDGE ( 'NONE', *, *, #3262, .F. ) ;
#8049 = CIRCLE ( 'NONE', #7882, 0.5000000000000004441 ) ;
#8050 = EDGE_LOOP ( 'NONE', ( #3578, #6851, #5073, #5067, #4453, #5640, #6489, #475, #9001, #2558, #5101, #1827 ) ) ;
#8051 = EDGE_CURVE ( 'NONE', #6058, #4039, #5137, .T. ) ;
#8052 = ORIENTED_EDGE ( 'NONE', *, *, #8195, .F. ) ;
#8053 = DIRECTION ( 'NONE',  ( 0.000000000000000000, 0.000000000000000000, 1.000000000000000000 ) ) ;
#8054 = EDGE_CURVE ( 'NONE', #2342, #3766, #5805, .T. ) ;
#8055 = DIRECTION ( 'NONE',  ( -0.000000000000000000, -0.000000000000000000, 1.000000000000000000 ) ) ;
#8056 = AXIS2_PLACEMENT_3D ( 'NONE', #3191, #8824, #7970 ) ;
#8057 = PRESENTATION_LAYER_ASSIGNMENT (  '', '', ( #480 ) ) ;
#8058 = PLANE ( 'NONE',  #1721 ) ;
#8059 = VERTEX_POINT ( 'NONE', #208 ) ;
#8060 = EDGE_CURVE ( 'NONE', #439, #8170, #2191, .T. ) ;
#8061 = ORIENTED_EDGE ( 'NONE', *, *, #2794, .F. ) ;
#8062 = ADVANCED_FACE ( 'NONE', ( #1676 ), #9651, .T. ) ;
#8063 = ORIENTED_EDGE ( 'NONE', *, *, #4724, .T. ) ;
#8064 = EDGE_CURVE ( 'NONE', #527, #618, #5156, .T. ) ;
#8065 = COLOUR_RGB ( '',0.2509803921568627416, 0.2509803921568627416, 0.2509803921568627416 ) ;
#8066 = LINE ( 'NONE', #6433, #3313 ) ;
#8067 = CARTESIAN_POINT ( 'NONE',  ( 21.14999999999999858, 13.32957238623956009, 38.00000000000000000 ) ) ;
#8068 = FACE_OUTER_BOUND ( 'NONE', #1207, .T. ) ;
#8069 = LINE ( 'NONE', #4498, #7493 ) ;
#8070 = DIRECTION ( 'NONE',  ( 0.6700528225186871412, 0.000000000000000000, 0.7423134210256073784 ) ) ;
#8071 = EDGE_LOOP ( 'NONE', ( #2034, #6551 ) ) ;
#8072 = ORIENTED_EDGE ( 'NONE', *, *, #4197, .F. ) ;
#8073 = CARTESIAN_POINT ( 'NONE',  ( 15.50000000000101963, -15.49999999999983658, 47.50000000000000000 ) ) ;
#8074 = EDGE_CURVE ( 'NONE', #8378, #5782, #160, .T. ) ;
#8075 = VERTEX_POINT ( 'NONE', #6928 ) ;
#8076 =( LENGTH_UNIT ( ) NAMED_UNIT ( * ) SI_UNIT ( .MILLI., .METRE. ) );
#8077 = DIRECTION ( 'NONE',  ( 0.7071067811865500152, -0.7071067811865451302, 0.000000000000000000 ) ) ;
#8078 = EDGE_CURVE ( 'NONE', #850, #6987, #6475, .T. ) ;
#8079 = CARTESIAN_POINT ( 'NONE',  ( -16.84930666606614125, -15.50000000000102318, 47.49878368663156891 ) ) ;
#8080 = SURFACE_STYLE_FILL_AREA ( #8029 ) ;
#8081 = CARTESIAN_POINT ( 'NONE',  ( -16.84930666606614125, -15.50000000000102318, 47.49878368663156891 ) ) ;
#8082 = LINE ( 'NONE', #3651, #6576 ) ;
#8083 = VECTOR ( 'NONE', #5605, 1000.000000000000000 ) ;
#8084 = ORIENTED_EDGE ( 'NONE', *, *, #3658, .F. ) ;
#8085 = CIRCLE ( 'NONE', #4968, 0.4999999999999982236 ) ;
#8086 = DIRECTION ( 'NONE',  ( 0.000000000000000000, 0.000000000000000000, 1.000000000000000000 ) ) ;
#8087 = ORIENTED_EDGE ( 'NONE', *, *, #5872, .F. ) ;
#8088 = DIRECTION ( 'NONE',  ( 0.000000000000000000, 0.000000000000000000, 1.000000000000000000 ) ) ;
#8089 = FILL_AREA_STYLE ('',( #5787 ) ) ;
#8090 = LINE ( 'NONE', #5004, #6388 ) ;
#8091 = CARTESIAN_POINT ( 'NONE',  ( -15.94640676939209456, 14.23619328529337480, 47.50000000000000000 ) ) ;
#8092 = CARTESIAN_POINT ( 'NONE',  ( 2.000000000000015543, 0.000000000000000000, -24.00000000000000000 ) ) ;
#8093 = DIRECTION ( 'NONE',  ( 0.7071067811865475727, 0.7071067811865475727, 0.000000000000000000 ) ) ;
#8094 = FACE_OUTER_BOUND ( 'NONE', #9763, .T. ) ;
#8095 = DIRECTION ( 'NONE',  ( 0.000000000000000000, 0.000000000000000000, -1.000000000000000000 ) ) ;
#8096 = ORIENTED_EDGE ( 'NONE', *, *, #3947, .T. ) ;
#8097 = VECTOR ( 'NONE', #3201, 999.9999999999998863 ) ;
#8098 = ORIENTED_EDGE ( 'NONE', *, *, #8388, .F. ) ;
#8099 = ORIENTED_EDGE ( 'NONE', *, *, #7002, .T. ) ;
#8100 = CARTESIAN_POINT ( 'NONE',  ( -16.78307522795904205, 15.14729938218374272, 47.49983667794647602 ) ) ;
#8101 = DIRECTION ( 'NONE',  ( 1.000000000000000000, 0.000000000000000000, 0.000000000000000000 ) ) ;
#8102 = LINE ( 'NONE', #9497, #436 ) ;
#8103 = DIRECTION ( 'NONE',  ( -0.000000000000000000, -0.000000000000000000, 1.000000000000000000 ) ) ;
#8104 = EDGE_CURVE ( 'NONE', #4475, #7762, #5826, .T. ) ;
#8105 = DIRECTION ( 'NONE',  ( 0.000000000000000000, 0.000000000000000000, 1.000000000000000000 ) ) ;
#8106 = ORIENTED_EDGE ( 'NONE', *, *, #6573, .F. ) ;
#8107 = VERTEX_POINT ( 'NONE', #3062 ) ;
#8108 = EDGE_LOOP ( 'NONE', ( #8630, #5808 ) ) ;
#8109 = DIRECTION ( 'NONE',  ( 0.000000000000000000, 1.000000000000000000, 0.000000000000000000 ) ) ;
#8110 = SURFACE_STYLE_USAGE ( .BOTH. , #8162 ) ;
#8111 = CYLINDRICAL_SURFACE ( 'NONE', #1606, 0.5000000000000004441 ) ;
#8112 = DIRECTION ( 'NONE',  ( 0.000000000000000000, 0.000000000000000000, 1.000000000000000000 ) ) ;
#8113 = CIRCLE ( 'NONE', #8599, 0.5000000000000000000 ) ;
#8114 = CARTESIAN_POINT ( 'NONE',  ( 16.78307522795901363, -15.14729938218218130, 47.49983667794646891 ) ) ;
#8115 = DIRECTION ( 'NONE',  ( 0.000000000000000000, 0.000000000000000000, -1.000000000000000000 ) ) ;
#8116 = SURFACE_STYLE_USAGE ( .BOTH. , #1214 ) ;
#8117 = EDGE_LOOP ( 'NONE', ( #7551, #910, #9518 ) ) ;
#8118 = ORIENTED_EDGE ( 'NONE', *, *, #9260, .F. ) ;
#8119 = EDGE_CURVE ( 'NONE', #1327, #7220, #3773, .T. ) ;
#8120 = DIRECTION ( 'NONE',  ( -1.000000000000000000, 0.000000000000000000, 0.000000000000000000 ) ) ;
#8121 = AXIS2_PLACEMENT_3D ( 'NONE', #6029, #2874, #2102 ) ;
#8122 = ORIENTED_EDGE ( 'NONE', *, *, #3660, .T. ) ;
#8123 = UNCERTAINTY_MEASURE_WITH_UNIT (LENGTH_MEASURE( 1.000000000000000082E-05 ), #7839, 'distance_accuracy_value', 'NONE');
#8124 = PRESENTATION_STYLE_ASSIGNMENT (( #1790 ) ) ;
#8125 = FILL_AREA_STYLE ('',( #5775 ) ) ;
#8126 = CARTESIAN_POINT ( 'NONE',  ( -20.64999999999999503, -16.94289321881344534, 0.5000000000000000000 ) ) ;
#8127 = PLANE ( 'NONE',  #8906 ) ;
#8128 = ADVANCED_FACE ( 'NONE', ( #4603 ), #4652, .T. ) ;
#8129 = SURFACE_STYLE_USAGE ( .BOTH. , #6700 ) ;
#8130 = AXIS2_PLACEMENT_3D ( 'NONE', #8155, #7488, #4236 ) ;
#8131 = ADVANCED_FACE ( 'NONE', ( #8360 ), #7646, .F. ) ;
#8132 = DIRECTION ( 'NONE',  ( -0.000000000000000000, -0.000000000000000000, -1.000000000000000000 ) ) ;
#8133 = PRODUCT_DEFINITION_CONTEXT ( 'detailed design', #3875, 'design' ) ;
#8134 = ORIENTED_EDGE ( 'NONE', *, *, #3601, .F. ) ;
#8135 = ADVANCED_FACE ( 'NONE', ( #3011 ), #1309, .F. ) ;
#8136 = ORIENTED_EDGE ( 'NONE', *, *, #3155, .F. ) ;
#8137 = LINE ( 'NONE', #3456, #9316 ) ;
#8138 = AXIS2_PLACEMENT_3D ( 'NONE', #4653, #2286, #9289 ) ;
#8139 = PRESENTATION_STYLE_ASSIGNMENT (( #2643 ) ) ;
#8140 = DIRECTION ( 'NONE',  ( 0.7071067811865411334, 0.000000000000000000, 0.7071067811865539010 ) ) ;
#8141 = CYLINDRICAL_SURFACE ( 'NONE', #8846, 0.5000000000000004441 ) ;
#8142 = CARTESIAN_POINT ( 'NONE',  ( -15.49999999999994316, -15.50000000000004974, 0.000000000000000000 ) ) ;
#8143 = VECTOR ( 'NONE', #9068, 1000.000000000000000 ) ;
#8144 = DIRECTION ( 'NONE',  ( 1.000000000000000000, -8.173122824782951287E-15, 0.000000000000000000 ) ) ;
#8145 = CARTESIAN_POINT ( 'NONE',  ( -16.74685775593344061, 15.07550534522243346, 47.50000000000000000 ) ) ;
#8146 = ORIENTED_EDGE ( 'NONE', *, *, #6555, .T. ) ;
#8147 = VERTEX_POINT ( 'NONE', #9132 ) ;
#8148 = VERTEX_POINT ( 'NONE', #577 ) ;
#8149 = DIRECTION ( 'NONE',  ( -0.000000000000000000, -0.000000000000000000, 1.000000000000000000 ) ) ;
#8150 = AXIS2_PLACEMENT_3D ( 'NONE', #4191, #1308, #6728 ) ;
#8151 = CARTESIAN_POINT ( 'NONE',  ( -15.05359323060823584, 14.15069333393197404, 46.50000000000000000 ) ) ;
#8152 = AXIS2_PLACEMENT_3D ( 'NONE', #3106, #6254, #9537 ) ;
#8153 = AXIS2_PLACEMENT_3D ( 'NONE', #3457, #4895, #3405 ) ;
#8154 = CARTESIAN_POINT ( 'NONE',  ( 16.94289321881344179, -20.65000000000000213, 47.50000000000000000 ) ) ;
#8155 = CARTESIAN_POINT ( 'NONE',  ( -15.92449465477582748, -16.78307522795894968, 46.50000000000000000 ) ) ;
#8156 = VERTEX_POINT ( 'NONE', #1413 ) ;
#8157 = ORIENTED_EDGE ( 'NONE', *, *, #613, .T. ) ;
#8158 = EDGE_LOOP ( 'NONE', ( #9817, #2118 ) ) ;
#8159 = MECHANICAL_DESIGN_GEOMETRIC_PRESENTATION_REPRESENTATION (  '', ( #1087 ), #1476 ) ;
#8160 = CARTESIAN_POINT ( 'NONE',  ( 15.94640676939198798, -15.92449465477575465, 46.50000000000000000 ) ) ;
#8161 = MECHANICAL_DESIGN_GEOMETRIC_PRESENTATION_REPRESENTATION (  '', ( #1089 ), #4880 ) ;
#8162 = SURFACE_SIDE_STYLE ('',( #7352 ) ) ;
#8163 = CARTESIAN_POINT ( 'NONE',  ( 14.19326395785826911, 15.05359323060818433, 47.49756013713615488 ) ) ;
#8164 = DIRECTION ( 'NONE',  ( -0.000000000000000000, -0.000000000000000000, 1.000000000000000000 ) ) ;
#8165 = CARTESIAN_POINT ( 'NONE',  ( 16.84930666606603467, 15.35119774353616506, 47.49878368663161865 ) ) ;
#8166 = COLOUR_RGB ( '',0.2509803921568627416, 0.2509803921568627416, 0.2509803921568627416 ) ;
#8167 = FILL_AREA_STYLE ('',( #9091 ) ) ;
#8168 = AXIS2_PLACEMENT_3D ( 'NONE', #8772, #4827, #218 ) ;
#8169 = ORIENTED_EDGE ( 'NONE', *, *, #3095, .T. ) ;
#8170 = VERTEX_POINT ( 'NONE', #8464 ) ;
#8171 = ORIENTED_EDGE ( 'NONE', *, *, #6803, .F. ) ;
#8172 = DIRECTION ( 'NONE',  ( 0.000000000000000000, 0.000000000000000000, 1.000000000000000000 ) ) ;
#8173 = CARTESIAN_POINT ( 'NONE',  ( -16.78307522795909890, 15.70908840091624015, 47.50000000000000000 ) ) ;
#8174 = FILL_AREA_STYLE_COLOUR ( '', #1360 ) ;
#8175 = DIRECTION ( 'NONE',  ( -0.000000000000000000, 0.000000000000000000, 1.000000000000000000 ) ) ;
#8176 = EDGE_CURVE ( 'NONE', #172, #5999, #6971, .T. ) ;
#8177 = DIRECTION ( 'NONE',  ( -1.000000000000000000, 0.000000000000000000, 0.000000000000000000 ) ) ;
#8178 = AXIS2_PLACEMENT_3D ( 'NONE', #7401, #5703, #8818 ) ;
#8179 = CIRCLE ( 'NONE', #8662, 2.299999999999999822 ) ;
#8180 =( NAMED_UNIT ( * ) PLANE_ANGLE_UNIT ( ) SI_UNIT ( $, .RADIAN. ) );
#8181 = ORIENTED_EDGE ( 'NONE', *, *, #6872, .F. ) ;
#8182 = ORIENTED_EDGE ( 'NONE', *, *, #2023, .T. ) ;
#8183 = PRESENTATION_STYLE_ASSIGNMENT (( #2571 ) ) ;
#8184 = ORIENTED_EDGE ( 'NONE', *, *, #9258, .T. ) ;
#8185 = EDGE_CURVE ( 'NONE', #3275, #8397, #540, .T. ) ;
#8186 = AXIS2_PLACEMENT_3D ( 'NONE', #4316, #5783, #4951 ) ;
#8187 = EDGE_CURVE ( 'NONE', #1065, #6868, #731, .T. ) ;
#8188 = FACE_OUTER_BOUND ( 'NONE', #3418, .T. ) ;
#8189 = EDGE_CURVE ( 'NONE', #7973, #9452, #6874, .T. ) ;
#8190 = B_SPLINE_CURVE_WITH_KNOTS ( 'NONE', 3,
 ( #4139, #9613, #8165, #7301 ),
 .UNSPECIFIED., .F., .F.,
 ( 4, 4 ),
 ( 0.000000000000000000, 0.0004464067693919874526 ),
 .UNSPECIFIED. ) ;
#8191 = CARTESIAN_POINT ( 'NONE',  ( -15.05359323060823584, 16.84930666606597782, 46.50000000000000000 ) ) ;
#8192 = SURFACE_SIDE_STYLE ('',( #5056 ) ) ;
#8193 =( GEOMETRIC_REPRESENTATION_CONTEXT ( 3 ) GLOBAL_UNCERTAINTY_ASSIGNED_CONTEXT ( ( #3291 ) ) GLOBAL_UNIT_ASSIGNED_CONTEXT ( ( #7694, #3058, #10107 ) ) REPRESENTATION_CONTEXT ( 'NONE', 'WORKASPACE' ) );
#8194 = DIRECTION ( 'NONE',  ( -0.000000000000000000, -0.000000000000000000, 1.000000000000000000 ) ) ;
#8195 = EDGE_CURVE ( 'NONE', #3588, #341, #3170, .T. ) ;
#8196 = CIRCLE ( 'NONE', #1946, 0.5000000000000004441 ) ;
#8197 = SURFACE_STYLE_FILL_AREA ( #5843 ) ;
#8198 = TOROIDAL_SURFACE ( 'NONE', #1780, 10.49999999999999822, 0.5000000000000000000 ) ;
#8199 = CARTESIAN_POINT ( 'NONE',  ( -15.49999999999897859, -15.50000000000102141, 47.50000000000000000 ) ) ;
#8200 = AXIS2_PLACEMENT_3D ( 'NONE', #4544, #3055, #1604 ) ;
#8201 = CARTESIAN_POINT ( 'NONE',  ( 20.65000000000000213, -16.94289321881346311, 0.5000000000000004441 ) ) ;
#8202 = VERTEX_POINT ( 'NONE', #9438 ) ;
#8203 = ORIENTED_EDGE ( 'NONE', *, *, #5434, .T. ) ;
#8204 = ORIENTED_EDGE ( 'NONE', *, *, #950, .F. ) ;
#8205 = PRESENTATION_LAYER_ASSIGNMENT (  '', '', ( #9846 ) ) ;
#8206 = STYLED_ITEM ( 'NONE', ( #9710 ), #4853 ) ;
#8207 = DIRECTION ( 'NONE',  ( -1.000000000000000000, 0.000000000000000000, 0.000000000000000000 ) ) ;
#8208 = AXIS2_PLACEMENT_3D ( 'NONE', #4030, #7198, #7044 ) ;
#8209 = LINE ( 'NONE', #1151, #9682 ) ;
#8210 = PRESENTATION_LAYER_ASSIGNMENT (  '', '', ( #2450 ) ) ;
#8211 = DIRECTION ( 'NONE',  ( 9.637352644315601406E-17, -0.000000000000000000, 1.000000000000000000 ) ) ;
#8212 = AXIS2_PLACEMENT_3D ( 'NONE', #3399, #3998, #7319 ) ;
#8213 = CARTESIAN_POINT ( 'NONE',  ( -15.94640676939209456, 15.07550534522231089, 46.50000000000000000 ) ) ;
#8214 = EDGE_LOOP ( 'NONE', ( #9428, #3856, #6722, #7638, #1541 ) ) ;
#8215 = ORIENTED_EDGE ( 'NONE', *, *, #1273, .T. ) ;
#8216 = ORIENTED_EDGE ( 'NONE', *, *, #2133, .F. ) ;
#8217 = SURFACE_STYLE_FILL_AREA ( #2548 ) ;
#8218 = CARTESIAN_POINT ( 'NONE',  ( 14.21692477204111427, -15.21910815489766655, 47.50000000000000000 ) ) ;
#8219 =( NAMED_UNIT ( * ) PLANE_ANGLE_UNIT ( ) SI_UNIT ( $, .RADIAN. ) );
#8220 = CARTESIAN_POINT ( 'NONE',  ( 14.25000000000010303, -15.49999999999989164, -2.266821225221747863E-17 ) ) ;
#8221 = STYLED_ITEM ( 'NONE', ( #274 ), #4534 ) ;
#8222 = VECTOR ( 'NONE', #6970, 1000.000000000000000 ) ;
#8223 = PLANE ( 'NONE',  #6211 ) ;
#8224 = DIRECTION ( 'NONE',  ( -0.000000000000000000, -0.000000000000000000, -1.000000000000000000 ) ) ;
#8225 = CARTESIAN_POINT ( 'NONE',  ( -21.14999999999999503, 17.14999999999999503, 10.00000000000000000 ) ) ;
#8226 = VECTOR ( 'NONE', #39, 1000.000000000000114 ) ;
#8227 = ORIENTED_EDGE ( 'NONE', *, *, #4898, .T. ) ;
#8229 = ORIENTED_EDGE ( 'NONE', *, *, #1464, .F. ) ;
#8228 = CIRCLE ( 'NONE', #7739, 0.5000000000000000000 ) ;
#8230 = DIRECTION ( 'NONE',  ( -0.000000000000000000, -0.000000000000000000, -1.000000000000000000 ) ) ;
#8231 = ORIENTED_EDGE ( 'NONE', *, *, #5026, .T. ) ;
#8232 = DIRECTION ( 'NONE',  ( 0.000000000000000000, 1.000000000000000000, -0.000000000000000000 ) ) ;
#8233 =( NAMED_UNIT ( * ) SI_UNIT ( $, .STERADIAN. ) SOLID_ANGLE_UNIT ( ) );
#8234 = DIRECTION ( 'NONE',  ( -1.000000000000000000, 0.000000000000000000, 0.000000000000000000 ) ) ;
#8235 = VECTOR ( 'NONE', #3573, 1000.000000000000000 ) ;
#8236 = DIRECTION ( 'NONE',  ( -0.7071067811865474617, -0.7071067811865474617, 0.000000000000000000 ) ) ;
#8237 = ADVANCED_FACE ( 'NONE', ( #6357 ), #8046, .T. ) ;
#8238 = PLANE ( 'NONE',  #8121 ) ;
#8239 = VERTEX_POINT ( 'NONE', #2384 ) ;
#8240 = VERTEX_POINT ( 'NONE', #4060 ) ;
#8241 = DIRECTION ( 'NONE',  ( 1.000000000000000000, 0.000000000000000000, -0.000000000000000000 ) ) ;
#8242 = VERTEX_POINT ( 'NONE', #8706 ) ;
#8243 = ADVANCED_FACE ( 'NONE', ( #1708 ), #2431, .F. ) ;
#8244 = FILL_AREA_STYLE_COLOUR ( '', #3918 ) ;
#8245 = LINE ( 'NONE', #7469, #8995 ) ;
#8246 = SURFACE_STYLE_FILL_AREA ( #9691 ) ;
#8247 = FACE_OUTER_BOUND ( 'NONE', #6526, .T. ) ;
#8248 = CARTESIAN_POINT ( 'NONE',  ( -21.14999999999999503, 13.32957238623956364, 40.00000000000000000 ) ) ;
#8249 = DIRECTION ( 'NONE',  ( 1.000000000000000000, 0.000000000000000000, -0.000000000000000000 ) ) ;
#8250 = CIRCLE ( 'NONE', #679, 2.799999999999999822 ) ;
#8251 =( NAMED_UNIT ( * ) SI_UNIT ( $, .STERADIAN. ) SOLID_ANGLE_UNIT ( ) );
#8252 = MECHANICAL_DESIGN_GEOMETRIC_PRESENTATION_REPRESENTATION (  '', ( #3646 ), #4633 ) ;
#8253 = CARTESIAN_POINT ( 'NONE',  ( -17.29644660940670420, -21.00355339059327875, 47.50000000000000000 ) ) ;
#8254 = DIRECTION ( 'NONE',  ( 0.000000000000000000, 0.000000000000000000, -1.000000000000000000 ) ) ;
#8255 = ORIENTED_EDGE ( 'NONE', *, *, #7256, .F. ) ;
#8256 = UNCERTAINTY_MEASURE_WITH_UNIT (LENGTH_MEASURE( 1.000000000000000082E-05 ), #2124, 'distance_accuracy_value', 'NONE');
#8257 = VERTEX_POINT ( 'NONE', #7180 ) ;
#8258 = EDGE_CURVE ( 'NONE', #8147, #2723, #7948, .T. ) ;
#8259 = EDGE_LOOP ( 'NONE', ( #5956, #579, #6942, #2267, #8755 ) ) ;
#8260 = CIRCLE ( 'NONE', #4128, 1.249999999999997558 ) ;
#8261 = FACE_OUTER_BOUND ( 'NONE', #2651, .T. ) ;
#8262 = CARTESIAN_POINT ( 'NONE',  ( -15.92449465477582748, -16.78307522795894968, 46.50000000000000000 ) ) ;
#8263 = SURFACE_SIDE_STYLE ('',( #3972 ) ) ;
#8264 = EDGE_CURVE ( 'NONE', #9572, #8408, #10097, .T. ) ;
#8265 = EDGE_CURVE ( 'NONE', #8148, #4717, #385, .T. ) ;
#8266 = VECTOR ( 'NONE', #1546, 1000.000000000000000 ) ;
#8267 = FILL_AREA_STYLE_COLOUR ( '', #5182 ) ;
#8268 = ORIENTED_EDGE ( 'NONE', *, *, #7129, .T. ) ;
#8269 = VERTEX_POINT ( 'NONE', #1665 ) ;
#8270 = EDGE_CURVE ( 'NONE', #2005, #5450, #887, .T. ) ;
#8271 = CARTESIAN_POINT ( 'NONE',  ( 15.94640676939199508, -15.07550534522242458, 47.50000000000000000 ) ) ;
#8272 = AXIS2_PLACEMENT_3D ( 'NONE', #273, #2717, #8926 ) ;
#8273 = CARTESIAN_POINT ( 'NONE',  ( -15.94640676939209456, 15.92449465477564097, 47.50000000000000000 ) ) ;
#8274 = FACE_OUTER_BOUND ( 'NONE', #1588, .T. ) ;
#8275 = DIRECTION ( 'NONE',  ( 0.000000000000000000, 0.000000000000000000, -1.000000000000000000 ) ) ;
#8276 = STYLED_ITEM ( 'NONE', ( #1423 ), #7944 ) ;
#8277 = DIRECTION ( 'NONE',  ( 0.000000000000000000, 0.000000000000000000, 1.000000000000000000 ) ) ;
#8278 = VERTEX_POINT ( 'NONE', #5636 ) ;
#8279 = EDGE_LOOP ( 'NONE', ( #3074, #2475, #7099 ) ) ;
#8280 = DIRECTION ( 'NONE',  ( 0.000000000000000000, 0.000000000000000000, 1.000000000000000000 ) ) ;
#8281 = ORIENTED_EDGE ( 'NONE', *, *, #6573, .T. ) ;
#8282 = B_SPLINE_CURVE_WITH_KNOTS ( 'NONE', 3,
 ( #228, #3501, #6646, #9779 ),
 .UNSPECIFIED., .F., .F.,
 ( 4, 4 ),
 ( 0.000000000000000000, 0.0001285675718493048923 ),
 .UNSPECIFIED. ) ;
#8283 = COLOUR_RGB ( '',0.2509803921568627416, 0.2509803921568627416, 0.2509803921568627416 ) ;
#8284 = DIRECTION ( 'NONE',  ( -0.000000000000000000, -1.000000000000000000, 0.000000000000000000 ) ) ;
#8285 = DIRECTION ( 'NONE',  ( 1.000000000000000000, 0.000000000000000000, 0.000000000000000000 ) ) ;
#8286 = FILL_AREA_STYLE_COLOUR ( '', #4426 ) ;
#8287 = PRESENTATION_LAYER_ASSIGNMENT (  '', '', ( #8296 ) ) ;
#8288 = FACE_BOUND ( 'NONE', #4620, .T. ) ;
#8289 = ORIENTED_EDGE ( 'NONE', *, *, #2674, .F. ) ;
#8290 = ORIENTED_EDGE ( 'NONE', *, *, #111, .T. ) ;
#8291 = LINE ( 'NONE', #3401, #5403 ) ;
#8292 = ORIENTED_EDGE ( 'NONE', *, *, #2199, .F. ) ;
#8293 = CARTESIAN_POINT ( 'NONE',  ( 15.20239548707212052, -14.15069333393208950, 47.49833231681223822 ) ) ;
#8294 = FACE_OUTER_BOUND ( 'NONE', #6631, .T. ) ;
#8295 = DIRECTION ( 'NONE',  ( 0.000000000000000000, 0.000000000000000000, 1.000000000000000000 ) ) ;
#8296 = STYLED_ITEM ( 'NONE', ( #1354 ), #8447 ) ;
#8297 = CARTESIAN_POINT ( 'NONE',  ( 2.799999999999999822, 0.000000000000000000, 46.00000000000000000 ) ) ;
#8298 = DIRECTION ( 'NONE',  ( 8.202002250481357549E-17, -1.000000000000000000, 0.000000000000000000 ) ) ;
#8299 = CARTESIAN_POINT ( 'NONE',  ( 15.92449465477569603, 15.94640676939203594, 46.50000000000000000 ) ) ;
#8300 = PRESENTATION_LAYER_ASSIGNMENT (  '', '', ( #7645 ) ) ;
#8301 = ORIENTED_EDGE ( 'NONE', *, *, #5929, .F. ) ;
#8302 = ORIENTED_EDGE ( 'NONE', *, *, #6006, .F. ) ;
#8303 = CARTESIAN_POINT ( 'NONE',  ( -16.76498005845837369, 15.92449465477565163, 47.49955985394394986 ) ) ;
#8304 = CARTESIAN_POINT ( 'NONE',  ( 16.72095085742244791, 15.05359323060817367, 47.50000000000000000 ) ) ;
#8305 = EDGE_CURVE ( 'NONE', #2342, #6058, #5679, .T. ) ;
#8306 = SURFACE_SIDE_STYLE ('',( #5176 ) ) ;
#8307 = DIRECTION ( 'NONE',  ( 0.000000000000000000, 0.000000000000000000, -1.000000000000000000 ) ) ;
#8308 = AXIS2_PLACEMENT_3D ( 'NONE', #3308, #888, #5637 ) ;
#8309 = DIRECTION ( 'NONE',  ( -0.000000000000000000, -0.000000000000000000, -1.000000000000000000 ) ) ;
#8310 = ADVANCED_FACE ( 'NONE', ( #982 ), #9016, .T. ) ;
#8311 = VECTOR ( 'NONE', #6114, 1000.000000000000000 ) ;
#8312 = CARTESIAN_POINT ( 'NONE',  ( -15.94640676939209456, 16.84930666606597782, 46.50000000000000000 ) ) ;
#8313 = CARTESIAN_POINT ( 'NONE',  ( 14.15069333393202733, 15.50000000000016165, 47.49878368663153339 ) ) ;
#8314 = EDGE_LOOP ( 'NONE', ( #9278, #9819, #7703, #10120, #6676 ) ) ;
#8315 = ORIENTED_EDGE ( 'NONE', *, *, #2576, .T. ) ;
#8316 = SURFACE_STYLE_USAGE ( .BOTH. , #8595 ) ;
#8317 = EDGE_CURVE ( 'NONE', #3681, #8107, #3195, .T. ) ;
#8318 = CARTESIAN_POINT ( 'NONE',  ( 15.05359323060812216, -16.84930666606608440, 46.50000000000000000 ) ) ;
#8319 = MECHANICAL_DESIGN_GEOMETRIC_PRESENTATION_REPRESENTATION (  '', ( #416 ), #6356 ) ;
#8320 = CIRCLE ( 'NONE', #7495, 25.00000000000000000 ) ;
#8321 = ADVANCED_FACE ( 'NONE', ( #1807 ), #5009, .T. ) ;
#8322 = EDGE_CURVE ( 'NONE', #8202, #7416, #5168, .T. ) ;
#8323 = CARTESIAN_POINT ( 'NONE',  ( -16.76380671470437989, -15.05359323060805998, 47.50000000000000000 ) ) ;
#8324 = PRESENTATION_LAYER_ASSIGNMENT (  '', '', ( #2737 ) ) ;
#8325 = ORIENTED_EDGE ( 'NONE', *, *, #6133, .T. ) ;
#8326 = ORIENTED_EDGE ( 'NONE', *, *, #5492, .T. ) ;
#8327 = PLANE ( 'NONE',  #9685 ) ;
#8328 = VERTEX_POINT ( 'NONE', #2746 ) ;
#8329 = CARTESIAN_POINT ( 'NONE',  ( -21.14999999999999503, -21.15000000000000568, 38.00000000000000000 ) ) ;
#8330 = PLANE ( 'NONE',  #3806 ) ;
#8331 = VECTOR ( 'NONE', #4585, 1000.000000000000114 ) ;
#8332 = CARTESIAN_POINT ( 'NONE',  ( -14.23619328529367500, -15.05359323060808663, 47.50000000000000000 ) ) ;
#8333 = DIRECTION ( 'NONE',  ( -1.000000000000000000, 0.000000000000000000, 0.000000000000000000 ) ) ;
#8334 = CIRCLE ( 'NONE', #9648, 0.5000000000000004441 ) ;
#8335 = SURFACE_SIDE_STYLE ('',( #1175 ) ) ;
#8336 =( LENGTH_UNIT ( ) NAMED_UNIT ( * ) SI_UNIT ( .MILLI., .METRE. ) );
#8337 = DIRECTION ( 'NONE',  ( 0.000000000000000000, 0.000000000000000000, 1.000000000000000000 ) ) ;
#8338 = ORIENTED_EDGE ( 'NONE', *, *, #3788, .F. ) ;
#8339 = ORIENTED_EDGE ( 'NONE', *, *, #6395, .F. ) ;
#8340 = ORIENTED_EDGE ( 'NONE', *, *, #5618, .T. ) ;
#8341 = UNCERTAINTY_MEASURE_WITH_UNIT (LENGTH_MEASURE( 1.000000000000000082E-05 ), #7290, 'distance_accuracy_value', 'NONE');
#8342 = VECTOR ( 'NONE', #8809, 1000.000000000000000 ) ;
#8343 = CARTESIAN_POINT ( 'NONE',  ( 15.05359323060813992, -14.15069333393208417, 47.49262389544714580 ) ) ;
#8344 = CARTESIAN_POINT ( 'NONE',  ( 15.07550534522236418, 15.94640676939203949, 47.50000000000000000 ) ) ;
#8345 =( NAMED_UNIT ( * ) PLANE_ANGLE_UNIT ( ) SI_UNIT ( $, .RADIAN. ) );
#8346 = DIRECTION ( 'NONE',  ( 0.000000000000000000, 0.000000000000000000, 1.000000000000000000 ) ) ;
#8347 = MECHANICAL_DESIGN_GEOMETRIC_PRESENTATION_REPRESENTATION (  '', ( #1275 ), #774 ) ;
#8348 = CARTESIAN_POINT ( 'NONE',  ( -2.596119095141090405, -19.15000000000000568, 41.09104188536768731 ) ) ;
#8349 = LINE ( 'NONE', #3515, #2066 ) ;
#8350 = CARTESIAN_POINT ( 'NONE',  ( 0.000000000000000000, 0.000000000000000000, 1.000000000000000000 ) ) ;
#8351 = AXIS2_PLACEMENT_3D ( 'NONE', #5049, #8086, #2004 ) ;
#8352 = DIRECTION ( 'NONE',  ( 1.000000000000000000, 0.000000000000000000, 0.000000000000000000 ) ) ;
#8353 = VERTEX_POINT ( 'NONE', #5737 ) ;
#8354 = UNCERTAINTY_MEASURE_WITH_UNIT (LENGTH_MEASURE( 1.000000000000000082E-05 ), #6913, 'distance_accuracy_value', 'NONE');
#8355 = VERTEX_POINT ( 'NONE', #8253 ) ;
#8356 = AXIS2_PLACEMENT_3D ( 'NONE', #967, #4308, #5042 ) ;
#8357 = LINE ( 'NONE', #6777, #8222 ) ;
#8358 = CARTESIAN_POINT ( 'NONE',  ( -20.64999999999999503, -21.15000000000000568, 0.5000000000000004441 ) ) ;
#8359 = CARTESIAN_POINT ( 'NONE',  ( 15.50000000000010481, -15.49999999999989164, 4.500000000000000888 ) ) ;
#8360 = FACE_OUTER_BOUND ( 'NONE', #2387, .T. ) ;
#8361 = FACE_OUTER_BOUND ( 'NONE', #3830, .T. ) ;
#8362 = EDGE_CURVE ( 'NONE', #1285, #8147, #5994, .T. ) ;
#8363 = CARTESIAN_POINT ( 'NONE',  ( 15.94640676939198087, -16.84930666606609151, 46.50000000000000000 ) ) ;
#8364 = VERTEX_POINT ( 'NONE', #2587 ) ;
#8365 = AXIS2_PLACEMENT_3D ( 'NONE', #7806, #4821, #4073 ) ;
#8366 = AXIS2_PLACEMENT_3D ( 'NONE', #6943, #6791, #3025 ) ;
#8367 = EDGE_LOOP ( 'NONE', ( #6955, #4461 ) ) ;
#8368 = ADVANCED_FACE ( 'NONE', ( #2696 ), #4170, .F. ) ;
#8369 = DIRECTION ( 'NONE',  ( -1.000000000000000000, -0.000000000000000000, 0.000000000000000000 ) ) ;
#8370 = CARTESIAN_POINT ( 'NONE',  ( 15.49999999999983658, 15.50000000000015987, 0.000000000000000000 ) ) ;
#8371 = PRODUCT_DEFINITION ( 'ๆ', '', #2297, #8133 ) ;
#8372 =( NAMED_UNIT ( * ) SI_UNIT ( $, .STERADIAN. ) SOLID_ANGLE_UNIT ( ) );
#8373 = EDGE_CURVE ( 'NONE', #3148, #7656, #2528, .T. ) ;
#8374 = ADVANCED_FACE ( 'NONE', ( #5844 ), #1918, .T. ) ;
#8375 = ORIENTED_EDGE ( 'NONE', *, *, #3114, .F. ) ;
#8376 = ORIENTED_EDGE ( 'NONE', *, *, #2770, .T. ) ;
#8377 = FILL_AREA_STYLE ('',( #9199 ) ) ;
#8378 = VERTEX_POINT ( 'NONE', #4279 ) ;
#8379 = STYLED_ITEM ( 'NONE', ( #1404 ), #10146 ) ;
#8380 = CIRCLE ( 'NONE', #8701, 0.5000000000000004441 ) ;
#8381 = AXIS2_PLACEMENT_3D ( 'NONE', #7482, #422, #4124 ) ;
#8382 =( NAMED_UNIT ( * ) SI_UNIT ( $, .STERADIAN. ) SOLID_ANGLE_UNIT ( ) );
#8383 = DIRECTION ( 'NONE',  ( 0.000000000000000000, -1.000000000000000000, 0.000000000000000000 ) ) ;
#8384 = CARTESIAN_POINT ( 'NONE',  ( 21.00355339059327520, -17.29644660940670065, 38.00000000000000000 ) ) ;
#8385 = DIRECTION ( 'NONE',  ( 0.000000000000000000, 0.000000000000000000, 1.000000000000000000 ) ) ;
#8386 = DIRECTION ( 'NONE',  ( -0.7423134210256077115, 0.000000000000000000, -0.6700528225186868081 ) ) ;
#8387 = CIRCLE ( 'NONE', #3931, 0.5000000000000004441 ) ;
#8388 = EDGE_CURVE ( 'NONE', #222, #389, #8113, .T. ) ;
#8389 =( NAMED_UNIT ( * ) SI_UNIT ( $, .STERADIAN. ) SOLID_ANGLE_UNIT ( ) );
#8390 = STYLED_ITEM ( 'NONE', ( #7761 ), #4615 ) ;
#8391 = PRESENTATION_LAYER_ASSIGNMENT (  '', '', ( #8864 ) ) ;
#8392 = EDGE_CURVE ( 'NONE', #401, #10092, #669, .T. ) ;
#8393 = CARTESIAN_POINT ( 'NONE',  ( -16.94289321881343113, 20.64999999999999858, 10.00000000000000000 ) ) ;
#8394 = ORIENTED_EDGE ( 'NONE', *, *, #6266, .F. ) ;
#8395 = ORIENTED_EDGE ( 'NONE', *, *, #1377, .F. ) ;
#8396 = FACE_OUTER_BOUND ( 'NONE', #569, .T. ) ;
#8397 = VERTEX_POINT ( 'NONE', #6771 ) ;
#8398 = EDGE_CURVE ( 'NONE', #2026, #8075, #2304, .T. ) ;
#8399 = CARTESIAN_POINT ( 'NONE',  ( 21.15000000000000213, -21.15000000000000213, 10.00000000000000000 ) ) ;
#8400 = VECTOR ( 'NONE', #394, 1000.000000000000000 ) ;
#8401 = DIRECTION ( 'NONE',  ( 0.000000000000000000, 0.000000000000000000, 1.000000000000000000 ) ) ;
#8402 = DIRECTION ( 'NONE',  ( 1.000000000000000000, -8.173122824782933933E-15, 0.000000000000000000 ) ) ;
#8403 = CARTESIAN_POINT ( 'NONE',  ( 0.000000000000000000, 0.000000000000000000, 38.00000000000000000 ) ) ;
#8404 = DIRECTION ( 'NONE',  ( 0.000000000000000000, 0.000000000000000000, -1.000000000000000000 ) ) ;
#8405 = DIRECTION ( 'NONE',  ( -0.000000000000000000, -0.000000000000000000, -1.000000000000000000 ) ) ;
#8406 = VERTEX_POINT ( 'NONE', #9275 ) ;
#8407 = ORIENTED_EDGE ( 'NONE', *, *, #9755, .F. ) ;
#8408 = VERTEX_POINT ( 'NONE', #6816 ) ;
#8409 = CARTESIAN_POINT ( 'NONE',  ( 17.29644660940671130, -21.00355339059327520, 47.50000000000000000 ) ) ;
#8410 = CARTESIAN_POINT ( 'NONE',  ( -13.32957238623954765, -21.15000000000000568, 8.000000000000000000 ) ) ;
#8411 = AXIS2_PLACEMENT_3D ( 'NONE', #1777, #7966, #5815 ) ;
#8412 = CARTESIAN_POINT ( 'NONE',  ( 0.000000000000000000, 0.000000000000000000, 46.00000000000000000 ) ) ;
#8413 = SURFACE_STYLE_FILL_AREA ( #3678 ) ;
#8414 = CARTESIAN_POINT ( 'NONE',  ( 2.494294627413643717, -19.15000000000000568, 40.95372187942375319 ) ) ;
#8415 = VERTEX_POINT ( 'NONE', #5368 ) ;
#8416 = STYLED_ITEM ( 'NONE', ( #7026 ), #6935 ) ;
#8417 = VERTEX_POINT ( 'NONE', #611 ) ;
#8418 =( NAMED_UNIT ( * ) PLANE_ANGLE_UNIT ( ) SI_UNIT ( $, .RADIAN. ) );
#8419 =( LENGTH_UNIT ( ) NAMED_UNIT ( * ) SI_UNIT ( .MILLI., .METRE. ) );
#8420 = CARTESIAN_POINT ( 'NONE',  ( -15.49999999999999645, 15.50000000000000000, 4.500000000000000888 ) ) ;
#8421 = EDGE_CURVE ( 'NONE', #9908, #4504, #9273, .T. ) ;
#8422 =( NAMED_UNIT ( * ) PLANE_ANGLE_UNIT ( ) SI_UNIT ( $, .RADIAN. ) );
#8423 = AXIS2_PLACEMENT_3D ( 'NONE', #346, #4310, #6495 ) ;
#8424 = FACE_OUTER_BOUND ( 'NONE', #1302, .T. ) ;
#8425 = ORIENTED_EDGE ( 'NONE', *, *, #5824, .F. ) ;
#8426 = EDGE_LOOP ( 'NONE', ( #6792, #3428, #6921, #9808, #9773, #5157 ) ) ;
#8427 =( NAMED_UNIT ( * ) PLANE_ANGLE_UNIT ( ) SI_UNIT ( $, .RADIAN. ) );
#8428 = ORIENTED_EDGE ( 'NONE', *, *, #2461, .T. ) ;
#8429 = VECTOR ( 'NONE', #7559, 1000.000000000000000 ) ;
#8430 = LINE ( 'NONE', #7609, #5560 ) ;
#8431 = CIRCLE ( 'NONE', #4984, 2.500000000000000000 ) ;
#8432 = CARTESIAN_POINT ( 'NONE',  ( 14.15069333393202555, 15.05359323060818433, 46.50000000000000000 ) ) ;
#8433 = CARTESIAN_POINT ( 'NONE',  ( -14.27125906389278498, 15.07550534522231089, 47.50000000000000000 ) ) ;
#8434 = CARTESIAN_POINT ( 'NONE',  ( -15.49999999999897859, -15.50000000000102141, 47.50000000000000000 ) ) ;
#8435 = ADVANCED_FACE ( 'NONE', ( #6145 ), #6824, .T. ) ;
#8436 = FACE_OUTER_BOUND ( 'NONE', #9122, .T. ) ;
#8437 = ORIENTED_EDGE ( 'NONE', *, *, #836, .T. ) ;
#8438 = ORIENTED_EDGE ( 'NONE', *, *, #6110, .T. ) ;
#8439 =( NAMED_UNIT ( * ) PLANE_ANGLE_UNIT ( ) SI_UNIT ( $, .RADIAN. ) );
#8440 = ORIENTED_EDGE ( 'NONE', *, *, #8924, .T. ) ;
#8441 = UNCERTAINTY_MEASURE_WITH_UNIT (LENGTH_MEASURE( 1.000000000000000082E-05 ), #5209, 'distance_accuracy_value', 'NONE');
#8442 = LINE ( 'NONE', #1444, #8863 ) ;
#8443 = EDGE_CURVE ( 'NONE', #3896, #4252, #6094, .T. ) ;
#8444 = DIRECTION ( 'NONE',  ( 1.000000000000000000, 0.000000000000000000, 0.000000000000000000 ) ) ;
#8445 = DIRECTION ( 'NONE',  ( -1.000000000000000000, 0.000000000000000000, 0.000000000000000000 ) ) ;
#8446 = DIRECTION ( 'NONE',  ( -0.7071067811865475727, 0.7071067811865475727, 0.000000000000000000 ) ) ;
#8447 = ADVANCED_FACE ( 'NONE', ( #2265 ), #7639, .F. ) ;
#8448 = B_SPLINE_CURVE_WITH_KNOTS ( 'NONE', 3,
 ( #3787, #3925, #3018, #4765, #18 ),
 .UNSPECIFIED., .F., .F.,
 ( 4, 1, 4 ),
 ( 0.000000000000000000, 0.0004464067693919267915, 0.0008928135387838587872 ),
 .UNSPECIFIED. ) ;
#8449 = DIRECTION ( 'NONE',  ( 0.000000000000000000, 0.000000000000000000, 1.000000000000000000 ) ) ;
#8450 = VECTOR ( 'NONE', #9595, 1000.000000000000000 ) ;
#8451 = ADVANCED_FACE ( 'NONE', ( #2843 ), #3908, .F. ) ;
#8452 = SURFACE_SIDE_STYLE ('',( #3001 ) ) ;
#8453 = ORIENTED_EDGE ( 'NONE', *, *, #8811, .F. ) ;
#8454 = ORIENTED_EDGE ( 'NONE', *, *, #4024, .F. ) ;
#8455 = UNCERTAINTY_MEASURE_WITH_UNIT (LENGTH_MEASURE( 1.000000000000000082E-05 ), #4551, 'distance_accuracy_value', 'NONE');
#8456 = ORIENTED_EDGE ( 'NONE', *, *, #8265, .T. ) ;
#8457 = CARTESIAN_POINT ( 'NONE',  ( -21.14999999999999503, -13.32957238623956364, 99.84951795962939514 ) ) ;
#8458 =( GEOMETRIC_REPRESENTATION_CONTEXT ( 3 ) GLOBAL_UNCERTAINTY_ASSIGNED_CONTEXT ( ( #5158 ) ) GLOBAL_UNIT_ASSIGNED_CONTEXT ( ( #3999, #8693, #10147 ) ) REPRESENTATION_CONTEXT ( 'NONE', 'WORKASPACE' ) );
#8459 = DIRECTION ( 'NONE',  ( -0.000000000000000000, 1.000000000000000000, -0.000000000000000000 ) ) ;
#8460 = FACE_BOUND ( 'NONE', #10102, .T. ) ;
#8461 = CARTESIAN_POINT ( 'NONE',  ( -15.92449465477582748, -16.78307522795894968, 47.49867441544054003 ) ) ;
#8462 = PLANE ( 'NONE',  #6529 ) ;
#8463 = VECTOR ( 'NONE', #7241, 1000.000000000000000 ) ;
#8464 = CARTESIAN_POINT ( 'NONE',  ( 19.00000000000079936, -15.49999999999983658, 48.00000000000000000 ) ) ;
#8465 = CARTESIAN_POINT ( 'NONE',  ( 14.27125906389390231, -15.07550534522241215, 47.50000000000000000 ) ) ;
#8466 = ORIENTED_EDGE ( 'NONE', *, *, #1772, .F. ) ;
#8467 = VERTEX_POINT ( 'NONE', #7219 ) ;
#8468 = COLOUR_RGB ( '',0.2509803921568627416, 0.2509803921568627416, 0.2509803921568627416 ) ;
#8469 = DIRECTION ( 'NONE',  ( 0.000000000000000000, 0.000000000000000000, 1.000000000000000000 ) ) ;
#8470 = CARTESIAN_POINT ( 'NONE',  ( -3.496119095141088540, -21.25000000000000711, 40.26401485834066563 ) ) ;
#8471 = LINE ( 'NONE', #2863, #6310 ) ;
#8472 = SURFACE_STYLE_FILL_AREA ( #1424 ) ;
#8473 = ORIENTED_EDGE ( 'NONE', *, *, #8078, .T. ) ;
#8474 = ORIENTED_EDGE ( 'NONE', *, *, #566, .F. ) ;
#8475 = CONICAL_SURFACE ( 'NONE', #5023, 2.000000000000015543, 0.7853981633974391752 ) ;
#8476 = SURFACE_STYLE_FILL_AREA ( #8377 ) ;
#8477 = ORIENTED_EDGE ( 'NONE', *, *, #10088, .F. ) ;
#8478 =( NAMED_UNIT ( * ) SI_UNIT ( $, .STERADIAN. ) SOLID_ANGLE_UNIT ( ) );
#8479 = CARTESIAN_POINT ( 'NONE',  ( -15.49999999999897859, -15.50000000000102141, 47.50000000000000000 ) ) ;
#8481 = DIRECTION ( 'NONE',  ( -0.000000000000000000, -0.000000000000000000, 1.000000000000000000 ) ) ;
#8480 = VECTOR ( 'NONE', #9131, 1000.000000000000000 ) ;
#8482 = AXIS2_PLACEMENT_3D ( 'NONE', #4956, #4380, #9062 ) ;
#8483 = CARTESIAN_POINT ( 'NONE',  ( -21.00355339059326809, -17.29644660940671486, 38.00000000000000000 ) ) ;
#8484 = ORIENTED_EDGE ( 'NONE', *, *, #496, .F. ) ;
#8485 = EDGE_LOOP ( 'NONE', ( #9417, #5615, #9184, #7550 ) ) ;
#8486 = EDGE_CURVE ( 'NONE', #5638, #3506, #7885, .T. ) ;
#8487 = CARTESIAN_POINT ( 'NONE',  ( -21.14999999999999503, 16.94289321881344890, 0.000000000000000000 ) ) ;
#8488 = ORIENTED_EDGE ( 'NONE', *, *, #1438, .T. ) ;
#8489 = CARTESIAN_POINT ( 'NONE',  ( -14.24999999999999645, 15.50000000000000000, 4.500000000000000888 ) ) ;
#8490 = VECTOR ( 'NONE', #9321, 999.9999999999998863 ) ;
#8491 = VECTOR ( 'NONE', #1496, 1000.000000000000000 ) ;
#8492 = CARTESIAN_POINT ( 'NONE',  ( -1.379851512413567960, -39.15000000000000568, 42.95165094913121351 ) ) ;
#8493 = CARTESIAN_POINT ( 'NONE',  ( 17.14999999999996660, 21.14999999999999858, 47.50000000000000000 ) ) ;
#8494 = ADVANCED_FACE ( 'NONE', ( #8640 ), #3098, .F. ) ;
#8495 = SPHERICAL_SURFACE ( 'NONE', #3967, 0.5000000000000000000 ) ;
#8496 = DIRECTION ( 'NONE',  ( 0.000000000000000000, 0.000000000000000000, 1.000000000000000000 ) ) ;
#8497 = SURFACE_STYLE_USAGE ( .BOTH. , #6191 ) ;
#8498 = VECTOR ( 'NONE', #6284, 1000.000000000000000 ) ;
#8499 = PRESENTATION_STYLE_ASSIGNMENT (( #3668 ) ) ;
#8500 = VECTOR ( 'NONE', #557, 1000.000000000000000 ) ;
#8501 = EDGE_CURVE ( 'NONE', #9302, #9701, #8605, .T. ) ;
#8502 = EDGE_CURVE ( 'NONE', #3816, #7517, #9037, .T. ) ;
#8503 = ORIENTED_EDGE ( 'NONE', *, *, #3650, .F. ) ;
#8504 = DIRECTION ( 'NONE',  ( 1.000000000000000000, 0.000000000000000000, -0.000000000000000000 ) ) ;
#8505 = EDGE_LOOP ( 'NONE', ( #6590, #2833, #3206, #5066 ) ) ;
#8506 = DIRECTION ( 'NONE',  ( -0.000000000000000000, -0.000000000000000000, 1.000000000000000000 ) ) ;
#8507 = ADVANCED_FACE ( 'NONE', ( #8592 ), #9440, .F. ) ;
#8508 = DIRECTION ( 'NONE',  ( 1.000000000000000000, 0.000000000000000000, 0.000000000000000000 ) ) ;
#8509 = CARTESIAN_POINT ( 'NONE',  ( -15.49999999999897859, -15.50000000000102141, 47.50000000000000000 ) ) ;
#8510 = SURFACE_SIDE_STYLE ('',( #8553 ) ) ;
#8511 = VECTOR ( 'NONE', #1032, 1000.000000000000000 ) ;
#8512 = EDGE_LOOP ( 'NONE', ( #5144, #7634, #5407, #842 ) ) ;
#8513 = ORIENTED_EDGE ( 'NONE', *, *, #886, .T. ) ;
#8514 = AXIS2_PLACEMENT_3D ( 'NONE', #5888, #1957, #8241 ) ;
#8515 = EDGE_CURVE ( 'NONE', #4606, #4293, #6659, .T. ) ;
#8516 =( LENGTH_UNIT ( ) NAMED_UNIT ( * ) SI_UNIT ( .MILLI., .METRE. ) );
#8517 = AXIS2_PLACEMENT_3D ( 'NONE', #8509, #4601, #3865 ) ;
#8518 = FILL_AREA_STYLE_COLOUR ( '', #3916 ) ;
#8519 =( GEOMETRIC_REPRESENTATION_CONTEXT ( 3 ) GLOBAL_UNCERTAINTY_ASSIGNED_CONTEXT ( ( #4525 ) ) GLOBAL_UNIT_ASSIGNED_CONTEXT ( ( #4885, #5559, #6237 ) ) REPRESENTATION_CONTEXT ( 'NONE', 'WORKASPACE' ) );
#8520 = ORIENTED_EDGE ( 'NONE', *, *, #4657, .F. ) ;
#8521 = ORIENTED_EDGE ( 'NONE', *, *, #950, .T. ) ;
#8522 = CARTESIAN_POINT ( 'NONE',  ( 18.79644660940668999, -18.79644660940677170, 0.5000000000000000000 ) ) ;
#8523 = ORIENTED_EDGE ( 'NONE', *, *, #5657, .F. ) ;
#8524 = VECTOR ( 'NONE', #5676, 1000.000000000000000 ) ;
#8525 = CARTESIAN_POINT ( 'NONE',  ( 15.50000000000101963, -15.49999999999983658, 47.50000000000000000 ) ) ;
#8526 = CIRCLE ( 'NONE', #5415, 2.999999999999999112 ) ;
#8527 = AXIS2_PLACEMENT_3D ( 'NONE', #9659, #6479, #5650 ) ;
#8528 = CARTESIAN_POINT ( 'NONE',  ( -15.94640676939209456, 15.92449465477564097, 46.50000000000000000 ) ) ;
#8529 = B_SPLINE_CURVE_WITH_KNOTS ( 'NONE', 3,
 ( #2200, #5352, #9459, #10084 ),
 .UNSPECIFIED., .F., .F.,
 ( 4, 4 ),
 ( 0.000000000000000000, 0.0002154103325649380711 ),
 .UNSPECIFIED. ) ;
#8530 = SURFACE_STYLE_USAGE ( .BOTH. , #8335 ) ;
#8531 = CIRCLE ( 'NONE', #2621, 0.5000000000000004441 ) ;
#8532 = ORIENTED_EDGE ( 'NONE', *, *, #8362, .F. ) ;
#8533 = VERTEX_POINT ( 'NONE', #5884 ) ;
#8534 = ORIENTED_EDGE ( 'NONE', *, *, #10086, .F. ) ;
#8535 =( NAMED_UNIT ( * ) SI_UNIT ( $, .STERADIAN. ) SOLID_ANGLE_UNIT ( ) );
#8536 = CARTESIAN_POINT ( 'NONE',  ( -15.50000000000016520, 15.49999999999897504, 48.00000000000000000 ) ) ;
#8537 = DIRECTION ( 'NONE',  ( -0.000000000000000000, -0.000000000000000000, 1.000000000000000000 ) ) ;
#8538 = AXIS2_PLACEMENT_3D ( 'NONE', #7152, #3239, #4881 ) ;
#8539 = CIRCLE ( 'NONE', #6586, 0.5000000000000004441 ) ;
#8540 = CARTESIAN_POINT ( 'NONE',  ( 0.000000000000000000, 0.000000000000000000, 5.999999999999998224 ) ) ;
#8541 = EDGE_CURVE ( 'NONE', #6731, #2026, #8032, .T. ) ;
#8542 = DIRECTION ( 'NONE',  ( -0.000000000000000000, -0.000000000000000000, 1.000000000000000000 ) ) ;
#8543 = LINE ( 'NONE', #718, #6394 ) ;
#8544 = CIRCLE ( 'NONE', #6096, 0.5787973969144516451 ) ;
#8545 = ORIENTED_EDGE ( 'NONE', *, *, #7552, .T. ) ;
#8546 = CARTESIAN_POINT ( 'NONE',  ( 15.49999999999983658, 15.50000000000015987, 46.00000000000000000 ) ) ;
#8547 = ORIENTED_EDGE ( 'NONE', *, *, #9260, .T. ) ;
#8548 = AXIS2_PLACEMENT_3D ( 'NONE', #1703, #1135, #302 ) ;
#8549 =( GEOMETRIC_REPRESENTATION_CONTEXT ( 3 ) GLOBAL_UNCERTAINTY_ASSIGNED_CONTEXT ( ( #7310 ) ) GLOBAL_UNIT_ASSIGNED_CONTEXT ( ( #8516, #5390, #1618 ) ) REPRESENTATION_CONTEXT ( 'NONE', 'WORKASPACE' ) );
#8550 = CARTESIAN_POINT ( 'NONE',  ( -14.21692477204121730, 15.92449465477564097, 47.50000000000000000 ) ) ;
#8551 = DIRECTION ( 'NONE',  ( 1.000000000000000000, 0.000000000000000000, 0.000000000000000000 ) ) ;
#8552 = DIRECTION ( 'NONE',  ( -1.000000000000000000, 0.000000000000000000, 0.000000000000000000 ) ) ;
#8553 = SURFACE_STYLE_FILL_AREA ( #729 ) ;
#8554 = VECTOR ( 'NONE', #2095, 1000.000000000000114 ) ;
#8555 = CARTESIAN_POINT ( 'NONE',  ( 1.379851512413567960, -19.15000000000000568, 42.95165094913121351 ) ) ;
#8556 = EDGE_CURVE ( 'NONE', #7648, #6101, #7267, .T. ) ;
#8557 = DIRECTION ( 'NONE',  ( 1.000000000000000000, 0.000000000000000000, 0.000000000000000000 ) ) ;
#8558 = ORIENTED_EDGE ( 'NONE', *, *, #4081, .F. ) ;
#8559 = ORIENTED_EDGE ( 'NONE', *, *, #4604, .T. ) ;
#8560 = DIRECTION ( 'NONE',  ( 0.000000000000000000, 0.000000000000000000, 1.000000000000000000 ) ) ;
#8561 = CARTESIAN_POINT ( 'NONE',  ( -1.379851512413567960, -39.15000000000000568, 41.54834905086877939 ) ) ;
#8562 = EDGE_CURVE ( 'NONE', #1907, #4318, #1548, .T. ) ;
#8563 = SURFACE_STYLE_FILL_AREA ( #2391 ) ;
#8564 = DIRECTION ( 'NONE',  ( -1.000000000000000000, 1.165791109086283391E-14, 0.000000000000000000 ) ) ;
#8565 = ADVANCED_FACE ( 'NONE', ( #9626 ), #9733, .F. ) ;
#8566 = EDGE_CURVE ( 'NONE', #4121, #2496, #6550, .T. ) ;
#8567 = FACE_OUTER_BOUND ( 'NONE', #7924, .T. ) ;
#8568 = EDGE_CURVE ( 'NONE', #3359, #5153, #2569, .T. ) ;
#8569 = AXIS2_PLACEMENT_3D ( 'NONE', #4415, #1379, #1277 ) ;
#8570 = ORIENTED_EDGE ( 'NONE', *, *, #5957, .F. ) ;
#8571 = ORIENTED_EDGE ( 'NONE', *, *, #5880, .F. ) ;
#8572 = DIRECTION ( 'NONE',  ( -0.000000000000000000, -0.000000000000000000, 1.000000000000000000 ) ) ;
#8573 = VERTEX_POINT ( 'NONE', #5723 ) ;
#8574 = CARTESIAN_POINT ( 'NONE',  ( -20.64999999999999503, 16.94289321881344890, 0.000000000000000000 ) ) ;
#8575 = AXIS2_PLACEMENT_3D ( 'NONE', #1914, #2742, #5896 ) ;
#8576 = SURFACE_STYLE_FILL_AREA ( #4720 ) ;
#8577 = CARTESIAN_POINT ( 'NONE',  ( 16.72095085742244791, 15.05359323060817367, 47.50000000000000000 ) ) ;
#8578 = CARTESIAN_POINT ( 'NONE',  ( -21.14999999999999503, -21.15000000000000568, 6.000000000000000000 ) ) ;
#8579 = DIRECTION ( 'NONE',  ( 0.000000000000000000, 1.000000000000000000, 0.000000000000000000 ) ) ;
#8580 = STYLED_ITEM ( 'NONE', ( #968 ), #7384 ) ;
#8581 = EDGE_LOOP ( 'NONE', ( #1417, #6801, #8203, #9202, #8184, #36, #9997, #6442 ) ) ;
#8582 = ORIENTED_EDGE ( 'NONE', *, *, #9772, .T. ) ;
#8583 = CARTESIAN_POINT ( 'NONE',  ( 15.92449465477571025, 16.72874093610781188, 47.50000000000000000 ) ) ;
#8584 = ORIENTED_EDGE ( 'NONE', *, *, #8872, .T. ) ;
#8585 = FACE_OUTER_BOUND ( 'NONE', #5656, .T. ) ;
#8586 = AXIS2_PLACEMENT_3D ( 'NONE', #9813, #9142, #1986 ) ;
#8587 = CARTESIAN_POINT ( 'NONE',  ( -16.94289321881343469, 20.64999999999999858, 0.000000000000000000 ) ) ;
#8588 = DIRECTION ( 'NONE',  ( 1.000000000000000000, 0.000000000000000000, 0.000000000000000000 ) ) ;
#8589 = DIRECTION ( 'NONE',  ( 0.000000000000000000, -1.000000000000000000, 0.000000000000000000 ) ) ;
#8590 = CARTESIAN_POINT ( 'NONE',  ( 0.000000000000000000, -21.25000000000000711, 40.95372187942375319 ) ) ;
#8591 = PRESENTATION_LAYER_ASSIGNMENT (  '', '', ( #5987 ) ) ;
#8592 = FACE_OUTER_BOUND ( 'NONE', #8942, .T. ) ;
#8593 = CARTESIAN_POINT ( 'NONE',  ( 17.29644660940671130, -21.00355339059327520, 38.00000000000000000 ) ) ;
#8594 = EDGE_LOOP ( 'NONE', ( #9368, #9752 ) ) ;
#8595 = SURFACE_SIDE_STYLE ('',( #6916 ) ) ;
#8596 = CARTESIAN_POINT ( 'NONE',  ( 15.49999999999983658, 15.50000000000015987, 47.50000000000000000 ) ) ;
#8597 = CARTESIAN_POINT ( 'NONE',  ( -15.07550534522247609, -15.94640676939193469, 46.50000000000000000 ) ) ;
#8598 =( LENGTH_UNIT ( ) NAMED_UNIT ( * ) SI_UNIT ( .MILLI., .METRE. ) );
#8599 = AXIS2_PLACEMENT_3D ( 'NONE', #561, #1298, #3761 ) ;
#8600 = FACE_OUTER_BOUND ( 'NONE', #3802, .T. ) ;
#8601 = CARTESIAN_POINT ( 'NONE',  ( -16.78307522795903495, 15.07550534522243879, 46.50000000000000000 ) ) ;
#8602 = DIRECTION ( 'NONE',  ( 1.000000000000000000, -7.771940727241890328E-15, 0.000000000000000000 ) ) ;
#8603 = DIRECTION ( 'NONE',  ( -0.7071067811865475727, 0.7071067811865475727, -1.471961680016038068E-14 ) ) ;
#8604 = FACE_OUTER_BOUND ( 'NONE', #6820, .T. ) ;
#8606 = EDGE_LOOP ( 'NONE', ( #154, #6655 ) ) ;
#8605 = CIRCLE ( 'NONE', #8769, 0.5000000000000004441 ) ;
#8607 = FILL_AREA_STYLE_COLOUR ( '', #9356 ) ;
#8608 = ORIENTED_EDGE ( 'NONE', *, *, #9383, .F. ) ;
#8609 = ADVANCED_FACE ( 'NONE', ( #8836 ), #8238, .F. ) ;
#8610 = CARTESIAN_POINT ( 'NONE',  ( 15.70908840091730241, 16.78307522795905626, 47.50000000000000000 ) ) ;
#8611 = EDGE_CURVE ( 'NONE', #1907, #9966, #9214, .T. ) ;
#8612 = CARTESIAN_POINT ( 'NONE',  ( 13.32957238623955831, 21.14999999999999858, 99.84951795962939514 ) ) ;
#8613 =( GEOMETRIC_REPRESENTATION_CONTEXT ( 3 ) GLOBAL_UNCERTAINTY_ASSIGNED_CONTEXT ( ( #5989 ) ) GLOBAL_UNIT_ASSIGNED_CONTEXT ( ( #3086, #10130, #9606 ) ) REPRESENTATION_CONTEXT ( 'NONE', 'WORKASPACE' ) );
#8614 = DIRECTION ( 'NONE',  ( 1.000000000000000000, 0.000000000000000000, 0.000000000000000000 ) ) ;
#8615 = FACE_OUTER_BOUND ( 'NONE', #3543, .T. ) ;
#8616 = ADVANCED_FACE ( 'NONE', ( #5356 ), #2155, .T. ) ;
#8617 = ORIENTED_EDGE ( 'NONE', *, *, #8264, .T. ) ;
#8618 = UNCERTAINTY_MEASURE_WITH_UNIT (LENGTH_MEASURE( 1.000000000000000082E-05 ), #4247, 'distance_accuracy_value', 'NONE');
#8619 = ORIENTED_EDGE ( 'NONE', *, *, #5113, .T. ) ;
#8620 = CARTESIAN_POINT ( 'NONE',  ( -13.31369220013742805, 21.15999999999999659, -53.84951795962939514 ) ) ;
#8621 = VECTOR ( 'NONE', #1466, 1000.000000000000000 ) ;
#8622 = EDGE_CURVE ( 'NONE', #4305, #4229, #9158, .T. ) ;
#8623 = DIRECTION ( 'NONE',  ( -0.000000000000000000, -0.000000000000000000, -1.000000000000000000 ) ) ;
#8624 = SURFACE_STYLE_USAGE ( .BOTH. , #3797 ) ;
#8625 = EDGE_CURVE ( 'NONE', #5686, #3250, #6849, .T. ) ;
#8626 = DIRECTION ( 'NONE',  ( -0.000000000000000000, -0.000000000000000000, 1.000000000000000000 ) ) ;
#8627 = DIRECTION ( 'NONE',  ( -0.7071067811865465735, -0.7071067811865483499, 0.000000000000000000 ) ) ;
#8628 = STYLED_ITEM ( 'NONE', ( #7785 ), #9246 ) ;
#8629 = ORIENTED_EDGE ( 'NONE', *, *, #7502, .F. ) ;
#8630 = ORIENTED_EDGE ( 'NONE', *, *, #297, .T. ) ;
#8631 = FILL_AREA_STYLE ('',( #1688 ) ) ;
#8632 = ORIENTED_EDGE ( 'NONE', *, *, #7640, .T. ) ;
#8633 = UNCERTAINTY_MEASURE_WITH_UNIT (LENGTH_MEASURE( 1.000000000000000082E-05 ), #441, 'distance_accuracy_value', 'NONE');
#8634 = CARTESIAN_POINT ( 'NONE',  ( 15.07550534522235530, 16.78307522795905982, 46.50000000000000000 ) ) ;
#8635 = AXIS2_PLACEMENT_3D ( 'NONE', #8142, #5218, #7527 ) ;
#8636 = DIRECTION ( 'NONE',  ( -1.000000000000000000, 3.384847957477177260E-12, 0.000000000000000000 ) ) ;
#8637 = AXIS2_PLACEMENT_3D ( 'NONE', #6660, #360, #9890 ) ;
#8638 = FILL_AREA_STYLE_COLOUR ( '', #8978 ) ;
#8639 = AXIS2_PLACEMENT_3D ( 'NONE', #6304, #723, #878 ) ;
#8640 = FACE_OUTER_BOUND ( 'NONE', #1170, .T. ) ;
#8641 = ORIENTED_EDGE ( 'NONE', *, *, #8006, .F. ) ;
#8642 = AXIS2_PLACEMENT_3D ( 'NONE', #9893, #5167, #8298 ) ;
#8643 =( GEOMETRIC_REPRESENTATION_CONTEXT ( 3 ) GLOBAL_UNCERTAINTY_ASSIGNED_CONTEXT ( ( #5998 ) ) GLOBAL_UNIT_ASSIGNED_CONTEXT ( ( #2524, #355, #8037 ) ) REPRESENTATION_CONTEXT ( 'NONE', 'WORKASPACE' ) );
#8644 = VERTEX_POINT ( 'NONE', #10038 ) ;
#8645 = LINE ( 'NONE', #1603, #3068 ) ;
#8646 = CARTESIAN_POINT ( 'NONE',  ( -1.379851512413567960, -39.15000000000000568, 42.95165094913121351 ) ) ;
#8647 =( NAMED_UNIT ( * ) PLANE_ANGLE_UNIT ( ) SI_UNIT ( $, .RADIAN. ) );
#8648 =( NAMED_UNIT ( * ) SI_UNIT ( $, .STERADIAN. ) SOLID_ANGLE_UNIT ( ) );
#8649 = LINE ( 'NONE', #6104, #5285 ) ;
#8650 = VECTOR ( 'NONE', #5150, 1000.000000000000000 ) ;
#8651 = FACE_BOUND ( 'NONE', #5796, .T. ) ;
#8652 = MECHANICAL_DESIGN_GEOMETRIC_PRESENTATION_REPRESENTATION (  '', ( #8808 ), #931 ) ;
#8653 = ORIENTED_EDGE ( 'NONE', *, *, #3845, .T. ) ;
#8654 = CARTESIAN_POINT ( 'NONE',  ( 15.92449465477569248, 15.05359323060817545, 46.50000000000000000 ) ) ;
#8655 = ORIENTED_EDGE ( 'NONE', *, *, #3481, .F. ) ;
#8656 = CARTESIAN_POINT ( 'NONE',  ( -21.00355339059327164, 17.29644660940672551, 8.000000000000000000 ) ) ;
#8657 = AXIS2_PLACEMENT_3D ( 'NONE', #9350, #8658, #2238 ) ;
#8658 = DIRECTION ( 'NONE',  ( 0.000000000000000000, 0.000000000000000000, 1.000000000000000000 ) ) ;
#8659 = FACE_OUTER_BOUND ( 'NONE', #9627, .T. ) ;
#8660 =( GEOMETRIC_REPRESENTATION_CONTEXT ( 3 ) GLOBAL_UNCERTAINTY_ASSIGNED_CONTEXT ( ( #8935 ) ) GLOBAL_UNIT_ASSIGNED_CONTEXT ( ( #7913, #7859, #3187 ) ) REPRESENTATION_CONTEXT ( 'NONE', 'WORKASPACE' ) );
#8661 = ADVANCED_FACE ( 'NONE', ( #656 ), #3035, .T. ) ;
#8662 = AXIS2_PLACEMENT_3D ( 'NONE', #5302, #543, #5201 ) ;
#8663 = FACE_OUTER_BOUND ( 'NONE', #6416, .T. ) ;
#8664 = VERTEX_POINT ( 'NONE', #4473 ) ;
#8665 = VECTOR ( 'NONE', #9628, 1000.000000000000000 ) ;
#8666 = EDGE_LOOP ( 'NONE', ( #2950, #1699, #2398, #708, #549, #6069, #70, #4575 ) ) ;
#8667 = ADVANCED_FACE ( 'NONE', ( #8436, #8288 ), #1284, .T. ) ;
#8668 = APPLICATION_CONTEXT ( 'automotive_design' ) ;
#8669 = LINE ( 'NONE', #8620, #1471 ) ;
#8670 = CIRCLE ( 'NONE', #449, 2.299999999999999822 ) ;
#8671 = LINE ( 'NONE', #10081, #1514 ) ;
#8672 = DIRECTION ( 'NONE',  ( -6.129842118587363744E-15, -1.000000000000000000, -0.000000000000000000 ) ) ;
#8673 = LINE ( 'NONE', #3840, #7125 ) ;
#8674 = EDGE_CURVE ( 'NONE', #7258, #8107, #216, .T. ) ;
#8675 = AXIS2_PLACEMENT_3D ( 'NONE', #710, #7673, #3750 ) ;
#8676 = EDGE_CURVE ( 'NONE', #3241, #6267, #5846, .T. ) ;
#8677 = DIRECTION ( 'NONE',  ( -1.000000000000000000, 0.000000000000000000, 0.000000000000000000 ) ) ;
#8678 = ORIENTED_EDGE ( 'NONE', *, *, #6755, .T. ) ;
#8679 = ORIENTED_EDGE ( 'NONE', *, *, #7480, .T. ) ;
#8680 = EDGE_CURVE ( 'NONE', #6402, #3064, #4424, .T. ) ;
#8681 = SURFACE_STYLE_USAGE ( .BOTH. , #7974 ) ;
#8682 = AXIS2_PLACEMENT_3D ( 'NONE', #9128, #4339, #2703 ) ;
#8683 = EDGE_LOOP ( 'NONE', ( #3531, #4629, #7396, #1010, #2035, #1614, #9249, #343 ) ) ;
#8684 = CIRCLE ( 'NONE', #8365, 1.299999999999999156 ) ;
#8685 = DIRECTION ( 'NONE',  ( 0.000000000000000000, 0.000000000000000000, 1.000000000000000000 ) ) ;
#8686 = CARTESIAN_POINT ( 'NONE',  ( -21.16000000000000725, -13.31369220013740140, -53.84951795962939514 ) ) ;
#8687 = CARTESIAN_POINT ( 'NONE',  ( 16.94289321881342048, 21.14999999999999858, 38.00000000000000000 ) ) ;
#8688 = DIRECTION ( 'NONE',  ( 8.673617379884112386E-16, 8.673617379884026597E-16, -1.000000000000000000 ) ) ;
#8689 =( GEOMETRIC_REPRESENTATION_CONTEXT ( 3 ) GLOBAL_UNCERTAINTY_ASSIGNED_CONTEXT ( ( #1642 ) ) GLOBAL_UNIT_ASSIGNED_CONTEXT ( ( #145, #8947, #6505 ) ) REPRESENTATION_CONTEXT ( 'NONE', 'WORKASPACE' ) );
#8690 = ADVANCED_FACE ( 'NONE', ( #9977 ), #707, .T. ) ;
#8691 = EDGE_CURVE ( 'NONE', #4864, #9443, #7153, .T. ) ;
#8692 = STYLED_ITEM ( 'NONE', ( #7982 ), #4168 ) ;
#8693 =( NAMED_UNIT ( * ) PLANE_ANGLE_UNIT ( ) SI_UNIT ( $, .RADIAN. ) );
#8694 = ORIENTED_EDGE ( 'NONE', *, *, #182, .T. ) ;
#8695 = ADVANCED_FACE ( 'NONE', ( #3846 ), #8058, .F. ) ;
#8696 = PLANE ( 'NONE',  #2266 ) ;
#8697 = ORIENTED_EDGE ( 'NONE', *, *, #5689, .T. ) ;
#8698 = CARTESIAN_POINT ( 'NONE',  ( 21.66440277933047653, -19.15000000000000568, 23.57596773044785010 ) ) ;
#8699 = DIRECTION ( 'NONE',  ( -0.000000000000000000, 0.000000000000000000, -1.000000000000000000 ) ) ;
#8700 = DIRECTION ( 'NONE',  ( 1.000000000000000000, 0.000000000000000000, 0.000000000000000000 ) ) ;
#8701 = AXIS2_PLACEMENT_3D ( 'NONE', #9567, #1585, #6383 ) ;
#8702 = AXIS2_PLACEMENT_3D ( 'NONE', #2752, #8053, #988 ) ;
#8703 = CARTESIAN_POINT ( 'NONE',  ( -14.15069333393213213, -15.05359323060808840, 47.49262389544724527 ) ) ;
#8704 = FACE_OUTER_BOUND ( 'NONE', #9930, .T. ) ;
#8705 = CIRCLE ( 'NONE', #6914, 2.299999999999999822 ) ;
#8706 = CARTESIAN_POINT ( 'NONE',  ( -15.92449465477579018, -14.27125906389369447, 47.50000000000000000 ) ) ;
#8707 =( GEOMETRIC_REPRESENTATION_CONTEXT ( 3 ) GLOBAL_UNCERTAINTY_ASSIGNED_CONTEXT ( ( #3978 ) ) GLOBAL_UNIT_ASSIGNED_CONTEXT ( ( #639, #6938, #7600 ) ) REPRESENTATION_CONTEXT ( 'NONE', 'WORKASPACE' ) );
#8708 = AXIS2_PLACEMENT_3D ( 'NONE', #5992, #1348, #8444 ) ;
#8709 = LINE ( 'NONE', #1666, #7652 ) ;
#8710 = ORIENTED_EDGE ( 'NONE', *, *, #3079, .F. ) ;
#8711 = EDGE_LOOP ( 'NONE', ( #9807, #4785, #3090 ) ) ;
#8712 = FILL_AREA_STYLE_COLOUR ( '', #8957 ) ;
#8713 = DIRECTION ( 'NONE',  ( 0.000000000000000000, -1.000000000000000000, 0.000000000000000000 ) ) ;
#8714 =( GEOMETRIC_REPRESENTATION_CONTEXT ( 3 ) GLOBAL_UNCERTAINTY_ASSIGNED_CONTEXT ( ( #7213 ) ) GLOBAL_UNIT_ASSIGNED_CONTEXT ( ( #9023, #9904, #471 ) ) REPRESENTATION_CONTEXT ( 'NONE', 'WORKASPACE' ) );
#8715 = FACE_OUTER_BOUND ( 'NONE', #6235, .T. ) ;
#8716 = DIRECTION ( 'NONE',  ( -0.000000000000000000, -0.000000000000000000, -1.000000000000000000 ) ) ;
#8717 = CARTESIAN_POINT ( 'NONE',  ( -15.07550534522246899, -15.05359323060807775, 46.50000000000000000 ) ) ;
#8718 = ORIENTED_EDGE ( 'NONE', *, *, #2070, .F. ) ;
#8719 = UNCERTAINTY_MEASURE_WITH_UNIT (LENGTH_MEASURE( 1.000000000000000082E-05 ), #7411, 'distance_accuracy_value', 'NONE');
#8720 = ORIENTED_EDGE ( 'NONE', *, *, #7569, .T. ) ;
#8721 = FACE_OUTER_BOUND ( 'NONE', #6456, .T. ) ;
#8722 = ADVANCED_FACE ( 'NONE', ( #3144 ), #3894, .F. ) ;
#8723 = LINE ( 'NONE', #904, #6721 ) ;
#8724 = LINE ( 'NONE', #7202, #2418 ) ;
#8725 = STYLED_ITEM ( 'NONE', ( #4031 ), #6809 ) ;
#8726 = CARTESIAN_POINT ( 'NONE',  ( 17.14999999999998437, -21.15000000000000213, 47.50000000000000000 ) ) ;
#8727 = COLOUR_RGB ( '',0.2509803921568627416, 0.2509803921568627416, 0.2509803921568627416 ) ;
#8728 = CARTESIAN_POINT ( 'NONE',  ( -15.94640676939209456, 16.84930666606597782, 46.50000000000000000 ) ) ;
#8729 = EDGE_LOOP ( 'NONE', ( #9044, #1440, #2804, #1145 ) ) ;
#8730 = VERTEX_POINT ( 'NONE', #9653 ) ;
#8731 = DIRECTION ( 'NONE',  ( -0.7071067811865490160, -0.7071067811865460184, -0.000000000000000000 ) ) ;
#8732 = ORIENTED_EDGE ( 'NONE', *, *, #324, .T. ) ;
#8733 = UNCERTAINTY_MEASURE_WITH_UNIT (LENGTH_MEASURE( 1.000000000000000082E-05 ), #9493, 'distance_accuracy_value', 'NONE');
#8734 = VECTOR ( 'NONE', #8194, 1000.000000000000000 ) ;
#8735 = ADVANCED_FACE ( 'NONE', ( #1491 ), #6999, .F. ) ;
#8736 = DIRECTION ( 'NONE',  ( 0.000000000000000000, 0.000000000000000000, 1.000000000000000000 ) ) ;
#8737 = CARTESIAN_POINT ( 'NONE',  ( 17.14999999999998437, -20.65000000000000568, 48.00000000000000000 ) ) ;
#8738 = PLANE ( 'NONE',  #2679 ) ;
#8739 = EDGE_CURVE ( 'NONE', #10055, #2255, #896, .T. ) ;
#8740 = CIRCLE ( 'NONE', #9245, 1.000000000000000888 ) ;
#8741 = CARTESIAN_POINT ( 'NONE',  ( 15.05359323060812216, -16.72095085742211396, 47.50000000000000000 ) ) ;
#8742 = EDGE_LOOP ( 'NONE', ( #2537, #10100, #1667, #2709 ) ) ;
#8743 = ORIENTED_EDGE ( 'NONE', *, *, #4423, .T. ) ;
#8744 = EDGE_CURVE ( 'NONE', #1868, #2119, #4172, .T. ) ;
#8745 = CARTESIAN_POINT ( 'NONE',  ( 14.21692477204111071, -15.92449465477574577, 47.49867441544045477 ) ) ;
#8746 = DIRECTION ( 'NONE',  ( -0.000000000000000000, -0.000000000000000000, -1.000000000000000000 ) ) ;
#8747 = EDGE_CURVE ( 'NONE', #10203, #9929, #946, .T. ) ;
#8748 = SURFACE_STYLE_USAGE ( .BOTH. , #5675 ) ;
#8749 = LINE ( 'NONE', #4057, #7056 ) ;
#8750 = EDGE_CURVE ( 'NONE', #850, #6045, #65, .T. ) ;
#8751 = MECHANICAL_DESIGN_GEOMETRIC_PRESENTATION_REPRESENTATION (  '', ( #9586 ), #9085 ) ;
#8752 = DIRECTION ( 'NONE',  ( -1.000000000000000000, 0.000000000000000000, 0.000000000000000000 ) ) ;
#8753 = SURFACE_STYLE_FILL_AREA ( #9489 ) ;
#8754 = DIRECTION ( 'NONE',  ( -0.000000000000000000, 1.000000000000000000, -0.000000000000000000 ) ) ;
#8755 = ORIENTED_EDGE ( 'NONE', *, *, #6067, .T. ) ;
#8756 = ORIENTED_EDGE ( 'NONE', *, *, #1516, .F. ) ;
#8757 = VERTEX_POINT ( 'NONE', #473 ) ;
#8758 = ORIENTED_EDGE ( 'NONE', *, *, #4530, .F. ) ;
#8759 = AXIS2_PLACEMENT_3D ( 'NONE', #2960, #6212, #7698 ) ;
#8760 = CARTESIAN_POINT ( 'NONE',  ( 16.78307522795900653, -15.92449465477577242, 46.50000000000000000 ) ) ;
#8761 = DIRECTION ( 'NONE',  ( 1.000000000000000000, 0.000000000000000000, 0.000000000000000000 ) ) ;
#8762 = DIRECTION ( 'NONE',  ( 1.000000000000000000, 0.000000000000000000, 0.000000000000000000 ) ) ;
#8763 = STYLED_ITEM ( 'NONE', ( #5062 ), #8321 ) ;
#8764 = CARTESIAN_POINT ( 'NONE',  ( -15.49999999999897859, -15.50000000000102141, 47.50000000000000000 ) ) ;
#8765 = CARTESIAN_POINT ( 'NONE',  ( 0.000000000000000000, 0.000000000000000000, 38.00000000000000000 ) ) ;
#8766 = EDGE_LOOP ( 'NONE', ( #1375, #4965, #8960, #1551 ) ) ;
#8767 = VERTEX_POINT ( 'NONE', #4398 ) ;
#8768 = DIRECTION ( 'NONE',  ( -0.000000000000000000, -0.000000000000000000, -1.000000000000000000 ) ) ;
#8769 = AXIS2_PLACEMENT_3D ( 'NONE', #5471, #1653, #3951 ) ;
#8770 =( NAMED_UNIT ( * ) PLANE_ANGLE_UNIT ( ) SI_UNIT ( $, .RADIAN. ) );
#8771 = SURFACE_STYLE_FILL_AREA ( #2608 ) ;
#8772 = CARTESIAN_POINT ( 'NONE',  ( -15.50000000000016520, 15.49999999999897504, 47.50000000000000000 ) ) ;
#8773 = CYLINDRICAL_SURFACE ( 'NONE', #9910, 1.249999999999997558 ) ;
#8774 = CARTESIAN_POINT ( 'NONE',  ( -2.000000000000015543, 2.449293598294725643E-16, -24.00000000000000000 ) ) ;
#8775 = B_SPLINE_CURVE_WITH_KNOTS ( 'NONE', 3,
 ( #4945, #286, #7413, #6600 ),
 .UNSPECIFIED., .F., .F.,
 ( 4, 4 ),
 ( 0.000000000000000000, 0.0001285675718485026640 ),
 .UNSPECIFIED. ) ;
#8776 = PRESENTATION_STYLE_ASSIGNMENT (( #6333 ) ) ;
#8777 = MECHANICAL_DESIGN_GEOMETRIC_PRESENTATION_REPRESENTATION (  '', ( #7645 ), #724 ) ;
#8778 = VERTEX_POINT ( 'NONE', #374 ) ;
#8779 = ORIENTED_EDGE ( 'NONE', *, *, #2388, .F. ) ;
#8780 = ORIENTED_EDGE ( 'NONE', *, *, #9192, .T. ) ;
#8781 = CARTESIAN_POINT ( 'NONE',  ( 11.99999999999983835, 15.50000000000015987, 47.50000000000000000 ) ) ;
#8782 = DIRECTION ( 'NONE',  ( -0.000000000000000000, -0.000000000000000000, -1.000000000000000000 ) ) ;
#8783 = CIRCLE ( 'NONE', #10114, 0.5000000000000004441 ) ;
#8784 = CARTESIAN_POINT ( 'NONE',  ( 3.600000000000001421, -21.15000000000000568, 40.00000000000000000 ) ) ;
#8785 = CARTESIAN_POINT ( 'NONE',  ( 16.78307522795900653, -15.92449465477577242, 46.50000000000000000 ) ) ;
#8786 = CIRCLE ( 'NONE', #5861, 0.5000000000000006661 ) ;
#8787 = ADVANCED_FACE ( 'NONE', ( #2810 ), #5131, .T. ) ;
#8788 = ORIENTED_EDGE ( 'NONE', *, *, #1144, .F. ) ;
#8789 = FACE_OUTER_BOUND ( 'NONE', #1725, .T. ) ;
#8790 = ORIENTED_EDGE ( 'NONE', *, *, #3538, .F. ) ;
#8791 = VECTOR ( 'NONE', #3649, 1000.000000000000000 ) ;
#8792 = ADVANCED_FACE ( 'NONE', ( #3527 ), #5807, .F. ) ;
#8793 = VECTOR ( 'NONE', #6405, 1000.000000000000000 ) ;
#8794 = LINE ( 'NONE', #5734, #5414 ) ;
#8795 = CARTESIAN_POINT ( 'NONE',  ( 15.49999999999983658, 15.50000000000015987, 46.50000000000000000 ) ) ;
#8796 = ADVANCED_FACE ( 'NONE', ( #1877 ), #6674, .F. ) ;
#8797 = CIRCLE ( 'NONE', #9957, 0.4999999999999982236 ) ;
#8798 = AXIS2_PLACEMENT_3D ( 'NONE', #8946, #5786, #8900 ) ;
#8799 = EDGE_CURVE ( 'NONE', #5714, #9479, #5961, .T. ) ;
#8800 = FILL_AREA_STYLE_COLOUR ( '', #6156 ) ;
#8801 = ORIENTED_EDGE ( 'NONE', *, *, #8119, .F. ) ;
#8802 = ORIENTED_EDGE ( 'NONE', *, *, #7383, .T. ) ;
#8803 = EDGE_CURVE ( 'NONE', #312, #9149, #5346, .T. ) ;
#8804 = ORIENTED_EDGE ( 'NONE', *, *, #4586, .T. ) ;
#8805 = DIRECTION ( 'NONE',  ( 1.000000000000000000, 0.000000000000000000, 0.000000000000000000 ) ) ;
#8806 = COLOUR_RGB ( '',0.2509803921568627416, 0.2509803921568627416, 0.2509803921568627416 ) ;
#8807 = CIRCLE ( 'NONE', #4385, 1.299999999999999156 ) ;
#8808 = STYLED_ITEM ( 'NONE', ( #1108 ), #2000 ) ;
#8809 = DIRECTION ( 'NONE',  ( -0.000000000000000000, -0.000000000000000000, -1.000000000000000000 ) ) ;
#8810 = SURFACE_STYLE_USAGE ( .BOTH. , #3269 ) ;
#8811 = EDGE_CURVE ( 'NONE', #7004, #4872, #7538, .T. ) ;
#8812 = FILL_AREA_STYLE_COLOUR ( '', #6334 ) ;
#8813 = ORIENTED_EDGE ( 'NONE', *, *, #7439, .F. ) ;
#8814 = UNCERTAINTY_MEASURE_WITH_UNIT (LENGTH_MEASURE( 1.000000000000000082E-05 ), #1213, 'distance_accuracy_value', 'NONE');
#8815 = ORIENTED_EDGE ( 'NONE', *, *, #8392, .F. ) ;
#8816 = ADVANCED_FACE ( 'NONE', ( #5184 ), #6779, .F. ) ;
#8817 = FILL_AREA_STYLE_COLOUR ( '', #2290 ) ;
#8818 = DIRECTION ( 'NONE',  ( 1.000000000000000000, 0.000000000000000000, 0.000000000000000000 ) ) ;
#8819 = DIRECTION ( 'NONE',  ( 1.000000000000000000, 0.000000000000000000, 0.000000000000000000 ) ) ;
#8820 = FILL_AREA_STYLE ('',( #6532 ) ) ;
#8821 = AXIS2_PLACEMENT_3D ( 'NONE', #8528, #9306, #6171 ) ;
#8822 = CYLINDRICAL_SURFACE ( 'NONE', #8586, 0.5000000000000004441 ) ;
#8823 = CARTESIAN_POINT ( 'NONE',  ( 13.32957238623974661, -21.14999999999988134, 8.000000000000000000 ) ) ;
#8824 = DIRECTION ( 'NONE',  ( -2.081668171172166620E-14, 1.000000000000000000, -0.000000000000000000 ) ) ;
#8825 = STYLED_ITEM ( 'NONE', ( #10041 ), #9507 ) ;
#8826 = ORIENTED_EDGE ( 'NONE', *, *, #5059, .T. ) ;
#8827 = ORIENTED_EDGE ( 'NONE', *, *, #6507, .T. ) ;
#8828 = ORIENTED_EDGE ( 'NONE', *, *, #3237, .T. ) ;
#8829 = UNCERTAINTY_MEASURE_WITH_UNIT (LENGTH_MEASURE( 1.000000000000000082E-05 ), #4661, 'distance_accuracy_value', 'NONE');
#8830 = FILL_AREA_STYLE_COLOUR ( '', #8727 ) ;
#8831 = DIRECTION ( 'NONE',  ( -1.000000000000000000, 0.000000000000000000, 0.000000000000000000 ) ) ;
#8832 = LINE ( 'NONE', #7368, #1771 ) ;
#8833 = PLANE ( 'NONE',  #8423 ) ;
#8834 = FILL_AREA_STYLE ('',( #183 ) ) ;
#8835 = PRESENTATION_STYLE_ASSIGNMENT (( #5666 ) ) ;
#8836 = FACE_OUTER_BOUND ( 'NONE', #6359, .T. ) ;
#8837 = CIRCLE ( 'NONE', #3112, 3.499999999999996003 ) ;
#8838 = ORIENTED_EDGE ( 'NONE', *, *, #9803, .T. ) ;
#8839 = ORIENTED_EDGE ( 'NONE', *, *, #3893, .F. ) ;
#8840 = SHAPE_DEFINITION_REPRESENTATION ( #6788, #3477 ) ;
#8841 = SURFACE_STYLE_USAGE ( .BOTH. , #1909 ) ;
#8842 = FACE_BOUND ( 'NONE', #8581, .T. ) ;
#8843 = AXIS2_PLACEMENT_3D ( 'NONE', #5729, #974, #6610 ) ;
#8844 = CYLINDRICAL_SURFACE ( 'NONE', #7700, 2.999999999999780620 ) ;
#8845 = EDGE_CURVE ( 'NONE', #2314, #5545, #6199, .T. ) ;
#8846 = AXIS2_PLACEMENT_3D ( 'NONE', #4382, #8249, #6715 ) ;
#8847 = CARTESIAN_POINT ( 'NONE',  ( 17.29644660940671130, -21.00355339059327520, 38.00000000000000000 ) ) ;
#8848 = DIRECTION ( 'NONE',  ( -0.000000000000000000, -0.000000000000000000, 1.000000000000000000 ) ) ;
#8849 = CIRCLE ( 'NONE', #7872, 0.5787973969144516451 ) ;
#8850 = AXIS2_PLACEMENT_3D ( 'NONE', #4155, #6398, #7934 ) ;
#8851 = DIRECTION ( 'NONE',  ( 1.000000000000000000, 0.000000000000000000, 0.000000000000000000 ) ) ;
#8852 = CARTESIAN_POINT ( 'NONE',  ( 20.64999999999999858, 16.94289321881344534, 47.50000000000000000 ) ) ;
#8853 = DIRECTION ( 'NONE',  ( 0.000000000000000000, 0.000000000000000000, -1.000000000000000000 ) ) ;
#8854 = SURFACE_STYLE_USAGE ( .BOTH. , #2588 ) ;
#8855 = ORIENTED_EDGE ( 'NONE', *, *, #6559, .T. ) ;
#8856 = MECHANICAL_DESIGN_GEOMETRIC_PRESENTATION_REPRESENTATION (  '', ( #479 ), #6262 ) ;
#8857 = ORIENTED_EDGE ( 'NONE', *, *, #3697, .T. ) ;
#8858 = VERTEX_POINT ( 'NONE', #526 ) ;
#8859 = DIRECTION ( 'NONE',  ( -0.000000000000000000, -0.000000000000000000, 1.000000000000000000 ) ) ;
#8860 =( NAMED_UNIT ( * ) PLANE_ANGLE_UNIT ( ) SI_UNIT ( $, .RADIAN. ) );
#8861 = DIRECTION ( 'NONE',  ( -0.000000000000000000, -0.000000000000000000, 1.000000000000000000 ) ) ;
#8862 = DIRECTION ( 'NONE',  ( -1.875757943018545794E-15, 1.000000000000000000, 0.000000000000000000 ) ) ;
#8863 = VECTOR ( 'NONE', #1234, 1000.000000000000114 ) ;
#8864 = STYLED_ITEM ( 'NONE', ( #9294 ), #1192 ) ;
#8865 = EDGE_CURVE ( 'NONE', #8573, #4464, #9271, .T. ) ;
#8866 = CARTESIAN_POINT ( 'NONE',  ( 17.15000000000000924, 21.14999999999999858, 10.00000000000000000 ) ) ;
#8867 = DIRECTION ( 'NONE',  ( 0.000000000000000000, 0.000000000000000000, 1.000000000000000000 ) ) ;
#8868 = VERTEX_POINT ( 'NONE', #1099 ) ;
#8869 = EDGE_LOOP ( 'NONE', ( #7725, #2016, #6194 ) ) ;
#8870 = ORIENTED_EDGE ( 'NONE', *, *, #1646, .T. ) ;
#8871 = FACE_OUTER_BOUND ( 'NONE', #4769, .T. ) ;
#8872 = EDGE_CURVE ( 'NONE', #6164, #1505, #9506, .T. ) ;
#8873 = LINE ( 'NONE', #5758, #5524 ) ;
#8874 = COLOUR_RGB ( '',0.2509803921568627416, 0.2509803921568627416, 0.2509803921568627416 ) ;
#8875 = VECTOR ( 'NONE', #6308, 1000.000000000000000 ) ;
#8876 = ADVANCED_FACE ( 'NONE', ( #9029 ), #7160, .F. ) ;
#8877 = CARTESIAN_POINT ( 'NONE',  ( 0.000000000000000000, 0.000000000000000000, 46.00000000000000000 ) ) ;
#8878 = CARTESIAN_POINT ( 'NONE',  ( 13.19999999999983764, 15.50000000000015987, 46.50000000000000000 ) ) ;
#8879 =( LENGTH_UNIT ( ) NAMED_UNIT ( * ) SI_UNIT ( .MILLI., .METRE. ) );
#8880 = CARTESIAN_POINT ( 'NONE',  ( -15.49999999999994316, -15.50000000000004974, 4.500000000000000888 ) ) ;
#8881 = PLANE ( 'NONE',  #3224 ) ;
#8882 = ADVANCED_FACE ( 'NONE', ( #4452, #8604 ), #7647, .T. ) ;
#8883 = CARTESIAN_POINT ( 'NONE',  ( -17.29644660940670065, 21.00355339059327520, 0.000000000000000000 ) ) ;
#8884 = VECTOR ( 'NONE', #542, 1000.000000000000000 ) ;
#8885 = ORIENTED_EDGE ( 'NONE', *, *, #8, .T. ) ;
#8886 = ORIENTED_EDGE ( 'NONE', *, *, #225, .F. ) ;
#8887 = DIRECTION ( 'NONE',  ( 0.000000000000000000, 0.000000000000000000, -1.000000000000000000 ) ) ;
#8888 = ORIENTED_EDGE ( 'NONE', *, *, #6053, .T. ) ;
#8889 = DIRECTION ( 'NONE',  ( -1.000000000000000000, 0.000000000000000000, 0.000000000000000000 ) ) ;
#8890 = SURFACE_STYLE_FILL_AREA ( #8125 ) ;
#8891 = CARTESIAN_POINT ( 'NONE',  ( 16.78307522795901363, -15.07550534522241925, 46.50000000000000000 ) ) ;
#8892 = SURFACE_STYLE_USAGE ( .BOTH. , #3340 ) ;
#8893 = CARTESIAN_POINT ( 'NONE',  ( 14.25000000000010658, -15.49999999999989164, 4.500000000000000888 ) ) ;
#8894 = CARTESIAN_POINT ( 'NONE',  ( 20.65000000000000213, -16.94289321881347021, 0.000000000000000000 ) ) ;
#8895 =( NAMED_UNIT ( * ) SI_UNIT ( $, .STERADIAN. ) SOLID_ANGLE_UNIT ( ) );
#8896 = AXIS2_PLACEMENT_3D ( 'NONE', #1263, #1210, #4354 ) ;
#8897 = ORIENTED_EDGE ( 'NONE', *, *, #5417, .F. ) ;
#8898 = CARTESIAN_POINT ( 'NONE',  ( 0.000000000000000000, 0.000000000000000000, 40.00000000000000000 ) ) ;
#8899 = VERTEX_POINT ( 'NONE', #9952 ) ;
#8900 = DIRECTION ( 'NONE',  ( -1.000000000000000000, 0.000000000000000000, -0.000000000000000000 ) ) ;
#8901 = CARTESIAN_POINT ( 'NONE',  ( 18.49999999999983658, 15.50000000000015987, 46.00000000000000000 ) ) ;
#8902 = CARTESIAN_POINT ( 'NONE',  ( -18.49999999999961631, -15.50000000000102141, 46.00000000000000000 ) ) ;
#8903 = FILL_AREA_STYLE ('',( #9590 ) ) ;
#8904 =( NAMED_UNIT ( * ) PLANE_ANGLE_UNIT ( ) SI_UNIT ( $, .RADIAN. ) );
#8905 =( NAMED_UNIT ( * ) PLANE_ANGLE_UNIT ( ) SI_UNIT ( $, .RADIAN. ) );
#8906 = AXIS2_PLACEMENT_3D ( 'NONE', #1434, #1281, #7717 ) ;
#8907 = DIRECTION ( 'NONE',  ( -0.000000000000000000, -0.000000000000000000, 1.000000000000000000 ) ) ;
#8908 = DIRECTION ( 'NONE',  ( -0.000000000000000000, -0.000000000000000000, 1.000000000000000000 ) ) ;
#8909 = ORIENTED_EDGE ( 'NONE', *, *, #3212, .T. ) ;
#8910 = VECTOR ( 'NONE', #9974, 1000.000000000000000 ) ;
#8911 = VERTEX_POINT ( 'NONE', #7701 ) ;
#8912 = ORIENTED_EDGE ( 'NONE', *, *, #7880, .F. ) ;
#8913 = VECTOR ( 'NONE', #6331, 1000.000000000000000 ) ;
#8914 = CARTESIAN_POINT ( 'NONE',  ( 15.92449465477569248, 15.05359323060817545, 47.50000000000000000 ) ) ;
#8915 = DIRECTION ( 'NONE',  ( -1.000000000000000000, 0.000000000000000000, 0.000000000000000000 ) ) ;
#8916 = CYLINDRICAL_SURFACE ( 'NONE', #3188, 2.500000000000000000 ) ;
#8917 = SURFACE_SIDE_STYLE ('',( #5697 ) ) ;
#8918 = DIRECTION ( 'NONE',  ( 0.000000000000000000, 0.000000000000000000, 1.000000000000000000 ) ) ;
#8919 = ORIENTED_EDGE ( 'NONE', *, *, #1058, .T. ) ;
#8920 = ORIENTED_EDGE ( 'NONE', *, *, #7248, .F. ) ;
#8921 = ORIENTED_EDGE ( 'NONE', *, *, #7378, .T. ) ;
#8922 = LINE ( 'NONE', #8160, #4074 ) ;
#8923 = LINE ( 'NONE', #4242, #9463 ) ;
#8924 = EDGE_CURVE ( 'NONE', #3505, #4305, #3365, .T. ) ;
#8925 =( NAMED_UNIT ( * ) SI_UNIT ( $, .STERADIAN. ) SOLID_ANGLE_UNIT ( ) );
#8926 = DIRECTION ( 'NONE',  ( -1.000000000000000000, 0.000000000000000000, 0.000000000000000000 ) ) ;
#8927 = EDGE_CURVE ( 'NONE', #10171, #1274, #730, .T. ) ;
#8928 = CYLINDRICAL_SURFACE ( 'NONE', #6753, 0.5787973969144516451 ) ;
#8929 = EDGE_CURVE ( 'NONE', #806, #6780, #9293, .T. ) ;
#8930 = ADVANCED_FACE ( 'NONE', ( #5287 ), #2232, .T. ) ;
#8931 = ORIENTED_EDGE ( 'NONE', *, *, #9582, .T. ) ;
#8932 = ORIENTED_EDGE ( 'NONE', *, *, #182, .F. ) ;
#8933 = SPHERICAL_SURFACE ( 'NONE', #5915, 0.5000000000000000000 ) ;
#8934 = ORIENTED_EDGE ( 'NONE', *, *, #1824, .T. ) ;
#8935 = UNCERTAINTY_MEASURE_WITH_UNIT (LENGTH_MEASURE( 1.000000000000000082E-05 ), #7913, 'distance_accuracy_value', 'NONE');
#8936 = EDGE_CURVE ( 'NONE', #1656, #5590, #653, .T. ) ;
#8937 = DIRECTION ( 'NONE',  ( 1.000000000000000000, 0.000000000000000000, 0.000000000000000000 ) ) ;
#8938 = CARTESIAN_POINT ( 'NONE',  ( -16.76380671470488082, -15.94640676939191870, 47.50000000000000000 ) ) ;
#8939 = CARTESIAN_POINT ( 'NONE',  ( -21.14999999999999503, -13.32957238623956364, 38.00000000000000000 ) ) ;
#8940 = CYLINDRICAL_SURFACE ( 'NONE', #7893, 2.500000000000000000 ) ;
#8941 = FILL_AREA_STYLE ('',( #2686 ) ) ;
#8942 = EDGE_LOOP ( 'NONE', ( #6286, #4576, #6253, #5236 ) ) ;
#8943 = VERTEX_POINT ( 'NONE', #8414 ) ;
#8944 = DIRECTION ( 'NONE',  ( 9.378789715092728577E-15, 1.000000000000000000, 0.000000000000000000 ) ) ;
#8945 = ORIENTED_EDGE ( 'NONE', *, *, #5169, .F. ) ;
#8946 = CARTESIAN_POINT ( 'NONE',  ( 0.000000000000000000, 0.000000000000000000, 46.50000000000000000 ) ) ;
#8947 =( NAMED_UNIT ( * ) PLANE_ANGLE_UNIT ( ) SI_UNIT ( $, .RADIAN. ) );
#8948 = AXIS2_PLACEMENT_3D ( 'NONE', #8047, #153, #4961 ) ;
#8949 = CARTESIAN_POINT ( 'NONE',  ( 16.75000000000010303, -15.49999999999989164, 4.500000000000000888 ) ) ;
#8950 = DIRECTION ( 'NONE',  ( 1.000000000000000000, 0.000000000000000000, -0.000000000000000000 ) ) ;
#8951 = DIRECTION ( 'NONE',  ( 0.000000000000000000, 0.000000000000000000, -1.000000000000000000 ) ) ;
#8952 = LINE ( 'NONE', #1915, #1786 ) ;
#8953 = CARTESIAN_POINT ( 'NONE',  ( -15.29091159907558861, -16.78307522795895323, 47.50000000000000000 ) ) ;
#8954 = CARTESIAN_POINT ( 'NONE',  ( 20.65000000000000213, -16.94289321881346666, 0.5000000000000000000 ) ) ;
#8955 = VECTOR ( 'NONE', #1835, 1000.000000000000000 ) ;
#8956 = FILL_AREA_STYLE_COLOUR ( '', #9945 ) ;
#8957 = COLOUR_RGB ( '',0.2509803921568627416, 0.2509803921568627416, 0.2509803921568627416 ) ;
#8958 = ORIENTED_EDGE ( 'NONE', *, *, #6555, .F. ) ;
#8959 = ORIENTED_EDGE ( 'NONE', *, *, #6049, .T. ) ;
#8960 = ORIENTED_EDGE ( 'NONE', *, *, #2666, .F. ) ;
#8961 = PLANE ( 'NONE',  #4767 ) ;
#8962 = LINE ( 'NONE', #5282, #2979 ) ;
#8963 = CIRCLE ( 'NONE', #5370, 1.249999999999997558 ) ;
#8964 =( NAMED_UNIT ( * ) PLANE_ANGLE_UNIT ( ) SI_UNIT ( $, .RADIAN. ) );
#8965 = PRESENTATION_LAYER_ASSIGNMENT (  '', '', ( #6523 ) ) ;
#8966 = CARTESIAN_POINT ( 'NONE',  ( 0.000000000000000000, -21.25000000000000711, 44.41033917074156534 ) ) ;
#8967 = EDGE_LOOP ( 'NONE', ( #2603, #3826, #10053, #10134, #2570 ) ) ;
#8968 = ORIENTED_EDGE ( 'NONE', *, *, #5491, .F. ) ;
#8969 = ORIENTED_EDGE ( 'NONE', *, *, #2070, .T. ) ;
#8970 = DIRECTION ( 'NONE',  ( 1.000000000000000000, 0.000000000000000000, 0.000000000000000000 ) ) ;
#8971 = PRESENTATION_LAYER_ASSIGNMENT (  '', '', ( #5380 ) ) ;
#8972 = CIRCLE ( 'NONE', #4549, 1.299999999999999156 ) ;
#8973 = CARTESIAN_POINT ( 'NONE',  ( 15.94640676939198087, -16.84930666606609151, 46.50000000000000000 ) ) ;
#8974 =( LENGTH_UNIT ( ) NAMED_UNIT ( * ) SI_UNIT ( .MILLI., .METRE. ) );
#8975 = FILL_AREA_STYLE ('',( #1373 ) ) ;
#8976 = EDGE_CURVE ( 'NONE', #10066, #9644, #10009, .T. ) ;
#8977 = DIRECTION ( 'NONE',  ( 0.000000000000000000, 0.000000000000000000, 1.000000000000000000 ) ) ;
#8978 = COLOUR_RGB ( '',0.2509803921568627416, 0.2509803921568627416, 0.2509803921568627416 ) ;
#8979 = DIRECTION ( 'NONE',  ( 0.7071067811865463515, -0.7071067811865487940, 0.000000000000000000 ) ) ;
#8980 = AXIS2_PLACEMENT_3D ( 'NONE', #9769, #4299, #1322 ) ;
#8981 = EDGE_CURVE ( 'NONE', #3105, #7155, #3695, .T. ) ;
#8982 = ORIENTED_EDGE ( 'NONE', *, *, #6236, .T. ) ;
#8983 = ORIENTED_EDGE ( 'NONE', *, *, #3657, .T. ) ;
#8984 = CARTESIAN_POINT ( 'NONE',  ( 16.84930666606603467, 15.94640676939203239, 46.50000000000000000 ) ) ;
#8985 = ORIENTED_EDGE ( 'NONE', *, *, #8265, .F. ) ;
#8986 = FACE_OUTER_BOUND ( 'NONE', #7465, .T. ) ;
#8987 = DIRECTION ( 'NONE',  ( 1.000000000000000000, 0.000000000000000000, 0.000000000000000000 ) ) ;
#8988 = EDGE_CURVE ( 'NONE', #7184, #6775, #3871, .T. ) ;
#8989 = DIRECTION ( 'NONE',  ( 1.000000000000000000, -4.086561412391584507E-15, 0.000000000000000000 ) ) ;
#8990 = CARTESIAN_POINT ( 'NONE',  ( 15.05359323060813459, -15.07550534522241925, 47.50000000000000000 ) ) ;
#8991 = CARTESIAN_POINT ( 'NONE',  ( -18.50000000000109068, 15.49999999999897504, 46.00000000000000000 ) ) ;
#8992 = PLANE ( 'NONE',  #3768 ) ;
#8993 = VECTOR ( 'NONE', #4672, 1000.000000000000000 ) ;
#8994 = EDGE_CURVE ( 'NONE', #4628, #1376, #565, .T. ) ;
#8995 = VECTOR ( 'NONE', #6711, 1000.000000000000000 ) ;
#8996 = B_SPLINE_CURVE_WITH_KNOTS ( 'NONE', 3,
 ( #8304, #3674, #620, #3722 ),
 .UNSPECIFIED., .F., .F.,
 ( 4, 4 ),
 ( 0.000000000000000000, 0.0001285675718481123241 ),
 .UNSPECIFIED. ) ;
#8997 = DIRECTION ( 'NONE',  ( 0.000000000000000000, 1.000000000000000000, 0.000000000000000000 ) ) ;
#8998 = ORIENTED_EDGE ( 'NONE', *, *, #6944, .T. ) ;
#8999 = ORIENTED_EDGE ( 'NONE', *, *, #2921, .F. ) ;
#9000 = SURFACE_STYLE_FILL_AREA ( #3454 ) ;
#9001 = ORIENTED_EDGE ( 'NONE', *, *, #63, .F. ) ;
#9002 = CIRCLE ( 'NONE', #8028, 0.5000000000000000000 ) ;
#9003 = LINE ( 'NONE', #5838, #6698 ) ;
#9004 = CARTESIAN_POINT ( 'NONE',  ( 14.21692477204111071, -15.92449465477574577, 46.50000000000000000 ) ) ;
#9005 = CARTESIAN_POINT ( 'NONE',  ( -15.92449465477582748, -16.72874093610833768, 47.50000000000000000 ) ) ;
#9006 = EDGE_CURVE ( 'NONE', #5087, #7657, #4090, .T. ) ;
#9007 = PLANE ( 'NONE',  #2470 ) ;
#9008 = FACE_OUTER_BOUND ( 'NONE', #1158, .T. ) ;
#9009 = LINE ( 'NONE', #1804, #9074 ) ;
#9010 = EDGE_CURVE ( 'NONE', #3766, #6097, #9237, .T. ) ;
#9011 = PRESENTATION_STYLE_ASSIGNMENT (( #9839 ) ) ;
#9012 = AXIS2_PLACEMENT_3D ( 'NONE', #8412, #2123, #9285 ) ;
#9013 = CYLINDRICAL_SURFACE ( 'NONE', #8635, 1.249999999999999334 ) ;
#9014 = COLOUR_RGB ( '',0.2509803921568627416, 0.2509803921568627416, 0.2509803921568627416 ) ;
#9015 = EDGE_CURVE ( 'NONE', #1376, #4628, #4856, .T. ) ;
#9016 = SPHERICAL_SURFACE ( 'NONE', #6483, 0.5000000000000000000 ) ;
#9017 = EDGE_LOOP ( 'NONE', ( #3455, #7846, #5572, #1455 ) ) ;
#9018 = ORIENTED_EDGE ( 'NONE', *, *, #5313, .T. ) ;
#9019 = ORIENTED_EDGE ( 'NONE', *, *, #4863, .F. ) ;
#9020 = STYLED_ITEM ( 'NONE', ( #2010 ), #2781 ) ;
#9021 = CARTESIAN_POINT ( 'NONE',  ( -16.78307522795905626, 15.29091159908146658, 47.50000000000000000 ) ) ;
#9022 = VECTOR ( 'NONE', #8572, 1000.000000000000000 ) ;
#9023 =( LENGTH_UNIT ( ) NAMED_UNIT ( * ) SI_UNIT ( .MILLI., .METRE. ) );
#9024 = B_SPLINE_CURVE_WITH_KNOTS ( 'NONE', 3,
 ( #4829, #2250, #705, #3140 ),
 .UNSPECIFIED., .F., .F.,
 ( 4, 4 ),
 ( 0.000000000000000000, 0.0001285675718489037646 ),
 .UNSPECIFIED. ) ;
#9025 = SURFACE_SIDE_STYLE ('',( #9905 ) ) ;
#9026 = CARTESIAN_POINT ( 'NONE',  ( 0.000000000000000000, 0.000000000000000000, 0.000000000000000000 ) ) ;
#9027 = VECTOR ( 'NONE', #3580, 1000.000000000000000 ) ;
#9028 = AXIS2_PLACEMENT_3D ( 'NONE', #2732, #2629, #9878 ) ;
#9029 = FACE_OUTER_BOUND ( 'NONE', #4292, .T. ) ;
#9030 = ORIENTED_EDGE ( 'NONE', *, *, #7081, .T. ) ;
#9031 = ORIENTED_EDGE ( 'NONE', *, *, #2215, .F. ) ;
#9032 = DIRECTION ( 'NONE',  ( -1.000000000000000000, 0.000000000000000000, -0.000000000000000000 ) ) ;
#9033 = SURFACE_STYLE_USAGE ( .BOTH. , #5919 ) ;
#9034 = VECTOR ( 'NONE', #2456, 1000.000000000000000 ) ;
#9035 = CIRCLE ( 'NONE', #315, 0.5000000000000004441 ) ;
#9036 = PRESENTATION_STYLE_ASSIGNMENT (( #9862 ) ) ;
#9037 = B_SPLINE_CURVE_WITH_KNOTS ( 'NONE', 3,
 ( #4742, #4797, #6400, #2373 ),
 .UNSPECIFIED., .F., .F.,
 ( 4, 4 ),
 ( 0.000000000000000000, 0.0001285675718480742415 ),
 .UNSPECIFIED. ) ;
#9038 = VERTEX_POINT ( 'NONE', #10161 ) ;
#9040 = ORIENTED_EDGE ( 'NONE', *, *, #1188, .F. ) ;
#9039 = COLOUR_RGB ( '',0.2509803921568627416, 0.2509803921568627416, 0.2509803921568627416 ) ;
#9041 = MECHANICAL_DESIGN_GEOMETRIC_PRESENTATION_REPRESENTATION (  '', ( #7247 ), #819 ) ;
#9042 = ADVANCED_FACE ( 'NONE', ( #4605 ), #782, .T. ) ;
#9043 = CARTESIAN_POINT ( 'NONE',  ( -21.66084925377253612, -21.25000000000000711, 23.57210065851715086 ) ) ;
#9044 = ORIENTED_EDGE ( 'NONE', *, *, #2721, .T. ) ;
#9045 = CARTESIAN_POINT ( 'NONE',  ( 15.50000000000010481, -15.49999999999989164, 0.000000000000000000 ) ) ;
#9046 = CARTESIAN_POINT ( 'NONE',  ( -15.07550534522246899, -15.05359323060807775, 46.50000000000000000 ) ) ;
#9047 = CARTESIAN_POINT ( 'NONE',  ( 16.72874093610813873, -15.07550534522242103, 47.50000000000000000 ) ) ;
#9048 = AXIS2_PLACEMENT_3D ( 'NONE', #3902, #5466, #5514 ) ;
#9049 = CARTESIAN_POINT ( 'NONE',  ( -14.27125906389278498, 15.92449465477564097, 47.50000000000000000 ) ) ;
#9050 = FACE_OUTER_BOUND ( 'NONE', #4093, .T. ) ;
#9051 =( LENGTH_UNIT ( ) NAMED_UNIT ( * ) SI_UNIT ( .MILLI., .METRE. ) );
#9052 = ORIENTED_EDGE ( 'NONE', *, *, #1811, .F. ) ;
#9053 = ORIENTED_EDGE ( 'NONE', *, *, #7991, .F. ) ;
#9054 = ADVANCED_FACE ( 'NONE', ( #7751 ), #5533, .T. ) ;
#9055 = LINE ( 'NONE', #1796, #9668 ) ;
#9056 = ORIENTED_EDGE ( 'NONE', *, *, #6947, .F. ) ;
#9057 = UNCERTAINTY_MEASURE_WITH_UNIT (LENGTH_MEASURE( 1.000000000000000082E-05 ), #2890, 'distance_accuracy_value', 'NONE');
#9058 = DIRECTION ( 'NONE',  ( 1.000000000000000000, 0.000000000000000000, 0.000000000000000000 ) ) ;
#9059 = CARTESIAN_POINT ( 'NONE',  ( 15.07550534522235530, 16.78307522795905982, 47.49867441544048319 ) ) ;
#9060 = CARTESIAN_POINT ( 'NONE',  ( 15.92449465477571025, 16.78307522795905626, 46.50000000000000000 ) ) ;
#9061 = EDGE_CURVE ( 'NONE', #4476, #5857, #1888, .T. ) ;
#9062 = DIRECTION ( 'NONE',  ( 1.000000000000000000, -1.125454765811127555E-14, 0.000000000000000000 ) ) ;
#9063 = CARTESIAN_POINT ( 'NONE',  ( -15.50000000000016520, 15.49999999999897504, 46.00000000000000000 ) ) ;
#9064 = DIRECTION ( 'NONE',  ( -0.000000000000000000, -0.000000000000000000, -1.000000000000000000 ) ) ;
#9065 = AXIS2_PLACEMENT_3D ( 'NONE', #5350, #7715, #9305 ) ;
#9066 =( GEOMETRIC_REPRESENTATION_CONTEXT ( 3 ) GLOBAL_UNCERTAINTY_ASSIGNED_CONTEXT ( ( #4097 ) ) GLOBAL_UNIT_ASSIGNED_CONTEXT ( ( #8076, #2562, #1742 ) ) REPRESENTATION_CONTEXT ( 'NONE', 'WORKASPACE' ) );
#9067 = ADVANCED_FACE ( 'NONE', ( #3218 ), #984, .F. ) ;
#9068 = DIRECTION ( 'NONE',  ( -0.000000000000000000, -0.000000000000000000, 1.000000000000000000 ) ) ;
#9069 = EDGE_CURVE ( 'NONE', #3896, #8278, #8709, .T. ) ;
#9070 = ORIENTED_EDGE ( 'NONE', *, *, #696, .F. ) ;
#9071 = UNCERTAINTY_MEASURE_WITH_UNIT (LENGTH_MEASURE( 1.000000000000000082E-05 ), #5748, 'distance_accuracy_value', 'NONE');
#9072 = ORIENTED_EDGE ( 'NONE', *, *, #5294, .F. ) ;
#9073 = ORIENTED_EDGE ( 'NONE', *, *, #6548, .T. ) ;
#9074 = VECTOR ( 'NONE', #6661, 1000.000000000000000 ) ;
#9075 = CARTESIAN_POINT ( 'NONE',  ( 15.50000000000010481, -15.49999999999989164, 4.500000000000000888 ) ) ;
#9076 = EDGE_CURVE ( 'NONE', #2573, #7295, #6415, .T. ) ;
#9077 = FILL_AREA_STYLE ('',( #9944 ) ) ;
#9078 =( NAMED_UNIT ( * ) SI_UNIT ( $, .STERADIAN. ) SOLID_ANGLE_UNIT ( ) );
#9079 =( NAMED_UNIT ( * ) SI_UNIT ( $, .STERADIAN. ) SOLID_ANGLE_UNIT ( ) );
#9080 = B_SPLINE_CURVE_WITH_KNOTS ( 'NONE', 3,
 ( #4664, #3272, #3879, #4768 ),
 .UNSPECIFIED., .F., .F.,
 ( 4, 4 ),
 ( 0.000000000000000000, 0.0001285675718477986102 ),
 .UNSPECIFIED. ) ;
#9081 = FACE_OUTER_BOUND ( 'NONE', #7144, .T. ) ;
#9082 = ORIENTED_EDGE ( 'NONE', *, *, #2981, .F. ) ;
#9083 = VERTEX_POINT ( 'NONE', #7996 ) ;
#9084 = FILL_AREA_STYLE_COLOUR ( '', #1629 ) ;
#9085 =( GEOMETRIC_REPRESENTATION_CONTEXT ( 3 ) GLOBAL_UNCERTAINTY_ASSIGNED_CONTEXT ( ( #8814 ) ) GLOBAL_UNIT_ASSIGNED_CONTEXT ( ( #1213, #8422, #10022 ) ) REPRESENTATION_CONTEXT ( 'NONE', 'WORKASPACE' ) );
#9086 = FILL_AREA_STYLE ('',( #5966 ) ) ;
#9087 = DIRECTION ( 'NONE',  ( 1.000000000000000000, 0.000000000000000000, 0.000000000000000000 ) ) ;
#9088 = SURFACE_STYLE_FILL_AREA ( #726 ) ;
#9089 = SURFACE_SIDE_STYLE ('',( #4355 ) ) ;
#9090 = MECHANICAL_DESIGN_GEOMETRIC_PRESENTATION_REPRESENTATION (  '', ( #8276 ), #7783 ) ;
#9091 = FILL_AREA_STYLE_COLOUR ( '', #2458 ) ;
#9092 = ORIENTED_EDGE ( 'NONE', *, *, #8556, .F. ) ;
#9093 = ORIENTED_EDGE ( 'NONE', *, *, #4530, .T. ) ;
#9094 = FACE_OUTER_BOUND ( 'NONE', #4283, .T. ) ;
#9095 = VERTEX_POINT ( 'NONE', #934 ) ;
#9096 = VECTOR ( 'NONE', #4700, 1000.000000000000000 ) ;
#9097 = FILL_AREA_STYLE ('',( #5975 ) ) ;
#9098 = LINE ( 'NONE', #9971, #6601 ) ;
#9099 = DIRECTION ( 'NONE',  ( -1.000000000000000000, 0.000000000000000000, 0.000000000000000000 ) ) ;
#9100 = CARTESIAN_POINT ( 'NONE',  ( -15.50000000000016520, 15.49999999999897504, 47.50000000000000000 ) ) ;
#9101 = CARTESIAN_POINT ( 'NONE',  ( 3.503880904858911016, -19.15000000000000568, 44.41033917074156534 ) ) ;
#9102 = FACE_OUTER_BOUND ( 'NONE', #1738, .T. ) ;
#9103 = COLOUR_RGB ( '',0.2509803921568627416, 0.2509803921568627416, 0.2509803921568627416 ) ;
#9104 = DIRECTION ( 'NONE',  ( 0.000000000000000000, 0.000000000000000000, 1.000000000000000000 ) ) ;
#9105 = EDGE_LOOP ( 'NONE', ( #6080, #5847, #1315 ) ) ;
#9106 = VERTEX_POINT ( 'NONE', #7280 ) ;
#9107 = DIRECTION ( 'NONE',  ( 0.000000000000000000, 0.000000000000000000, 1.000000000000000000 ) ) ;
#9108 = ORIENTED_EDGE ( 'NONE', *, *, #1510, .F. ) ;
#9109 = FILL_AREA_STYLE_COLOUR ( '', #3876 ) ;
#9110 = CARTESIAN_POINT ( 'NONE',  ( -16.94289321881342048, -20.65000000000000924, 48.00000000000000000 ) ) ;
#9111 = PLANE ( 'NONE',  #3296 ) ;
#9112 = VECTOR ( 'NONE', #2660, 1000.000000000000000 ) ;
#9113 =( NAMED_UNIT ( * ) SI_UNIT ( $, .STERADIAN. ) SOLID_ANGLE_UNIT ( ) );
#9114 = DIRECTION ( 'NONE',  ( 1.000000000000000000, 0.000000000000000000, 0.000000000000000000 ) ) ;
#9115 =( NAMED_UNIT ( * ) SI_UNIT ( $, .STERADIAN. ) SOLID_ANGLE_UNIT ( ) );
#9116 = ADVANCED_FACE ( 'NONE', ( #6463 ), #1760, .T. ) ;
#9117 =( NAMED_UNIT ( * ) PLANE_ANGLE_UNIT ( ) SI_UNIT ( $, .RADIAN. ) );
#9118 = FILL_AREA_STYLE ('',( #5995 ) ) ;
#9119 = EDGE_CURVE ( 'NONE', #2536, #4654, #6672, .T. ) ;
#9120 = PRESENTATION_STYLE_ASSIGNMENT (( #8854 ) ) ;
#9121 = ORIENTED_EDGE ( 'NONE', *, *, #2140, .F. ) ;
#9122 = EDGE_LOOP ( 'NONE', ( #6621, #4640 ) ) ;
#9123 =( NAMED_UNIT ( * ) SI_UNIT ( $, .STERADIAN. ) SOLID_ANGLE_UNIT ( ) );
#9124 = CARTESIAN_POINT ( 'NONE',  ( 15.50000000000010481, -15.49999999999989164, 4.500000000000000888 ) ) ;
#9125 = DIRECTION ( 'NONE',  ( -0.000000000000000000, -0.000000000000000000, 1.000000000000000000 ) ) ;
#9126 = EDGE_CURVE ( 'NONE', #6666, #9380, #1770, .T. ) ;
#9127 = ADVANCED_FACE ( 'NONE', ( #1039 ), #9842, .F. ) ;
#9128 = CARTESIAN_POINT ( 'NONE',  ( -15.07550534522246899, -15.05359323060807775, 46.50000000000000000 ) ) ;
#9129 =( GEOMETRIC_REPRESENTATION_CONTEXT ( 3 ) GLOBAL_UNCERTAINTY_ASSIGNED_CONTEXT ( ( #5266 ) ) GLOBAL_UNIT_ASSIGNED_CONTEXT ( ( #5900, #515, #5371 ) ) REPRESENTATION_CONTEXT ( 'NONE', 'WORKASPACE' ) );
#9130 = EDGE_CURVE ( 'NONE', #9479, #2489, #4330, .T. ) ;
#9131 = DIRECTION ( 'NONE',  ( -0.000000000000000000, 1.000000000000000000, -0.000000000000000000 ) ) ;
#9132 = CARTESIAN_POINT ( 'NONE',  ( 21.14999999999999858, 13.32957238623956009, 40.00000000000000000 ) ) ;
#9133 = DIRECTION ( 'NONE',  ( 0.000000000000000000, 0.000000000000000000, -1.000000000000000000 ) ) ;
#9134 = FILL_AREA_STYLE ('',( #8267 ) ) ;
#9135 = VERTEX_POINT ( 'NONE', #7335 ) ;
#9136 = ORIENTED_EDGE ( 'NONE', *, *, #7563, .F. ) ;
#9137 = COLOUR_RGB ( '',0.2509803921568627416, 0.2509803921568627416, 0.2509803921568627416 ) ;
#9138 =( GEOMETRIC_REPRESENTATION_CONTEXT ( 3 ) GLOBAL_UNCERTAINTY_ASSIGNED_CONTEXT ( ( #6597 ) ) GLOBAL_UNIT_ASSIGNED_CONTEXT ( ( #2849, #5375, #9123 ) ) REPRESENTATION_CONTEXT ( 'NONE', 'WORKASPACE' ) );
#9139 =( LENGTH_UNIT ( ) NAMED_UNIT ( * ) SI_UNIT ( .MILLI., .METRE. ) );
#9140 =( LENGTH_UNIT ( ) NAMED_UNIT ( * ) SI_UNIT ( .MILLI., .METRE. ) );
#9141 = CARTESIAN_POINT ( 'NONE',  ( 15.94640676939198798, -15.92449465477575465, 47.50000000000000000 ) ) ;
#9142 = DIRECTION ( 'NONE',  ( 0.000000000000000000, 1.000000000000000000, 0.000000000000000000 ) ) ;
#9143 = VECTOR ( 'NONE', #7942, 1000.000000000000000 ) ;
#9144 = EDGE_CURVE ( 'NONE', #4229, #2003, #8783, .T. ) ;
#9145 = DIRECTION ( 'NONE',  ( -0.000000000000000000, -0.000000000000000000, 1.000000000000000000 ) ) ;
#9146 = STYLED_ITEM ( 'NONE', ( #1611 ), #3642 ) ;
#9147 = EDGE_CURVE ( 'NONE', #697, #7710, #415, .T. ) ;
#9148 = AXIS2_PLACEMENT_3D ( 'NONE', #6907, #5990, #9058 ) ;
#9149 = VERTEX_POINT ( 'NONE', #1242 ) ;
#9150 = ORIENTED_EDGE ( 'NONE', *, *, #3996, .F. ) ;
#9151 = CARTESIAN_POINT ( 'NONE',  ( -15.05359323060823584, 16.84930666606597782, 47.50000000000000000 ) ) ;
#9152 = ORIENTED_EDGE ( 'NONE', *, *, #2903, .F. ) ;
#9153 = DIRECTION ( 'NONE',  ( 0.7423134210256074894, 0.000000000000000000, -0.6700528225186872522 ) ) ;
#9154 = FILL_AREA_STYLE ('',( #2870 ) ) ;
#9155 = DIRECTION ( 'NONE',  ( 0.000000000000000000, 0.000000000000000000, 1.000000000000000000 ) ) ;
#9156 = CARTESIAN_POINT ( 'NONE',  ( -18.79644660940671130, -18.79644660940671130, 48.00000000000000000 ) ) ;
#9157 = DIRECTION ( 'NONE',  ( 0.000000000000000000, -1.000000000000000000, 0.000000000000000000 ) ) ;
#9158 = LINE ( 'NONE', #4574, #7318 ) ;
#9159 = VERTEX_POINT ( 'NONE', #6773 ) ;
#9160 = ORIENTED_EDGE ( 'NONE', *, *, #4863, .T. ) ;
#9161 = ORIENTED_EDGE ( 'NONE', *, *, #9901, .T. ) ;
#9162 = VECTOR ( 'NONE', #7236, 1000.000000000000000 ) ;
#9163 =( LENGTH_UNIT ( ) NAMED_UNIT ( * ) SI_UNIT ( .MILLI., .METRE. ) );
#9164 = CARTESIAN_POINT ( 'NONE',  ( 12.00000000000123812, -15.49999999999983658, 48.00000000000000000 ) ) ;
#9165 = CARTESIAN_POINT ( 'NONE',  ( -2.799999999999999822, 0.000000000000000000, 1.000000000000000000 ) ) ;
#9166 = CARTESIAN_POINT ( 'NONE',  ( 15.07550534522236063, 15.05359323060818078, 47.50000000000000000 ) ) ;
#9167 = PLANE ( 'NONE',  #3270 ) ;
#9168 = CIRCLE ( 'NONE', #9342, 1.300000000000000711 ) ;
#9169 = CARTESIAN_POINT ( 'NONE',  ( -15.14729938218180649, -16.78307522795895679, 47.49983667794647602 ) ) ;
#9170 = STYLED_ITEM ( 'NONE', ( #6301 ), #9328 ) ;
#9171 = ORIENTED_EDGE ( 'NONE', *, *, #9578, .F. ) ;
#9172 = VERTEX_POINT ( 'NONE', #5010 ) ;
#9173 = UNCERTAINTY_MEASURE_WITH_UNIT (LENGTH_MEASURE( 1.000000000000000082E-05 ), #9140, 'distance_accuracy_value', 'NONE');
#9174 = ORIENTED_EDGE ( 'NONE', *, *, #7428, .T. ) ;
#9175 = EDGE_CURVE ( 'NONE', #9966, #8269, #2649, .T. ) ;
#9176 = SURFACE_STYLE_FILL_AREA ( #3622 ) ;
#9177 = CARTESIAN_POINT ( 'NONE',  ( -14.21692477204121730, 15.92449465477564097, 46.50000000000000000 ) ) ;
#9178 =( GEOMETRIC_REPRESENTATION_CONTEXT ( 3 ) GLOBAL_UNCERTAINTY_ASSIGNED_CONTEXT ( ( #8441 ) ) GLOBAL_UNIT_ASSIGNED_CONTEXT ( ( #5209, #8439, #1494 ) ) REPRESENTATION_CONTEXT ( 'NONE', 'WORKASPACE' ) );
#9179 = SURFACE_STYLE_FILL_AREA ( #1363 ) ;
#9180 = LINE ( 'NONE', #6005, #8480 ) ;
#9181 = SURFACE_STYLE_FILL_AREA ( #6828 ) ;
#9182 =( NAMED_UNIT ( * ) PLANE_ANGLE_UNIT ( ) SI_UNIT ( $, .RADIAN. ) );
#9183 = DIRECTION ( 'NONE',  ( 0.000000000000000000, 0.000000000000000000, 1.000000000000000000 ) ) ;
#9184 = ORIENTED_EDGE ( 'NONE', *, *, #2268, .T. ) ;
#9185 = AXIS2_PLACEMENT_3D ( 'NONE', #3059, #9338, #5431 ) ;
#9186 = CIRCLE ( 'NONE', #2945, 1.299999999999999156 ) ;
#9187 = AXIS2_PLACEMENT_3D ( 'NONE', #4360, #4412, #5345 ) ;
#9188 = EDGE_LOOP ( 'NONE', ( #4543, #3130, #590, #4238 ) ) ;
#9189 = LINE ( 'NONE', #6217, #3376 ) ;
#9190 = B_SPLINE_CURVE_WITH_KNOTS ( 'NONE', 3,
 ( #448, #9731, #2730, #9049 ),
 .UNSPECIFIED., .F., .F.,
 ( 4, 4 ),
 ( 0.000000000000000000, 5.435045947768657720E-05 ),
 .UNSPECIFIED. ) ;
#9191 = PRESENTATION_STYLE_ASSIGNMENT (( #2915 ) ) ;
#9192 = EDGE_CURVE ( 'NONE', #9482, #3816, #5468, .T. ) ;
#9193 = CARTESIAN_POINT ( 'NONE',  ( 21.14999999999999858, -13.32957238623955654, 38.00000000000000000 ) ) ;
#9194 = FACE_OUTER_BOUND ( 'NONE', #8071, .T. ) ;
#9195 = CARTESIAN_POINT ( 'NONE',  ( -16.72095085742123288, -15.05359323060806176, 47.50000000000000000 ) ) ;
#9196 = EDGE_CURVE ( 'NONE', #5312, #8573, #3134, .T. ) ;
#9197 = ORIENTED_EDGE ( 'NONE', *, *, #111, .F. ) ;
#9198 = ORIENTED_EDGE ( 'NONE', *, *, #9830, .T. ) ;
#9199 = FILL_AREA_STYLE_COLOUR ( '', #1622 ) ;
#9200 = ADVANCED_FACE ( 'NONE', ( #2748 ), #463, .T. ) ;
#9201 = ADVANCED_FACE ( 'NONE', ( #2893 ), #6964, .F. ) ;
#9202 = ORIENTED_EDGE ( 'NONE', *, *, #1142, .T. ) ;
#9203 = CIRCLE ( 'NONE', #7237, 2.299999999999999822 ) ;
#9204 = CARTESIAN_POINT ( 'NONE',  ( -15.07550534522247254, -16.78307522795895679, 46.50000000000000000 ) ) ;
#9205 = EDGE_CURVE ( 'NONE', #8664, #2246, #6196, .T. ) ;
#9206 = CARTESIAN_POINT ( 'NONE',  ( 0.000000000000000000, 0.000000000000000000, 5.999999999999998224 ) ) ;
#9207 = DIRECTION ( 'NONE',  ( -1.000000000000000000, 0.000000000000000000, 6.938893903907221278E-15 ) ) ;
#9208 =( LENGTH_UNIT ( ) NAMED_UNIT ( * ) SI_UNIT ( .MILLI., .METRE. ) );
#9209 = TOROIDAL_SURFACE ( 'NONE', #10195, 4.000000000000000000, 0.5000000000000000000 ) ;
#9210 = DIRECTION ( 'NONE',  ( 0.000000000000000000, 0.000000000000000000, 1.000000000000000000 ) ) ;
#9211 = TOROIDAL_SURFACE ( 'NONE', #5084, 1.299999999999999600, 1.000000000000000000 ) ;
#9212 = STYLED_ITEM ( 'NONE', ( #815 ), #6321 ) ;
#9213 = MECHANICAL_DESIGN_GEOMETRIC_PRESENTATION_REPRESENTATION (  '', ( #4613 ), #323 ) ;
#9214 = LINE ( 'NONE', #2001, #4849 ) ;
#9215 = VERTEX_POINT ( 'NONE', #9226 ) ;
#9216 = EDGE_LOOP ( 'NONE', ( #7689, #9880 ) ) ;
#9217 = ORIENTED_EDGE ( 'NONE', *, *, #1142, .F. ) ;
#9218 = LINE ( 'NONE', #4526, #5702 ) ;
#9219 = DIRECTION ( 'NONE',  ( 1.000000000000000000, 2.081668171172181135E-14, -0.000000000000000000 ) ) ;
#9220 = CARTESIAN_POINT ( 'NONE',  ( 16.94289321881344890, -21.15000000000000213, 0.5000000000000004441 ) ) ;
#9221 = AXIS2_PLACEMENT_3D ( 'NONE', #6695, #8232, #2928 ) ;
#9222 = CARTESIAN_POINT ( 'NONE',  ( -15.50000000000016520, 15.49999999999897504, 46.00000000000000000 ) ) ;
#9223 = DIRECTION ( 'NONE',  ( 0.000000000000000000, 0.000000000000000000, 1.000000000000000000 ) ) ;
#9224 = PRESENTATION_STYLE_ASSIGNMENT (( #8497 ) ) ;
#9225 = SURFACE_STYLE_USAGE ( .BOTH. , #5221 ) ;
#9226 = CARTESIAN_POINT ( 'NONE',  ( -15.05359323060823584, 15.07550534522231089, 46.50000000000000000 ) ) ;
#9227 = ORIENTED_EDGE ( 'NONE', *, *, #4674, .T. ) ;
#9228 = EDGE_LOOP ( 'NONE', ( #1492, #9864, #6276 ) ) ;
#9229 = ORIENTED_EDGE ( 'NONE', *, *, #5611, .T. ) ;
#9230 = LINE ( 'NONE', #8457, #10006 ) ;
#9231 = DIRECTION ( 'NONE',  ( 1.000000000000000000, 0.000000000000000000, 0.000000000000000000 ) ) ;
#9232 = SURFACE_STYLE_USAGE ( .BOTH. , #2226 ) ;
#9233 = AXIS2_PLACEMENT_3D ( 'NONE', #7914, #10123, #9411 ) ;
#9234 = DIRECTION ( 'NONE',  ( 0.000000000000000000, 0.000000000000000000, 1.000000000000000000 ) ) ;
#9235 = CARTESIAN_POINT ( 'NONE',  ( -15.50000000000016520, 15.49999999999897504, 46.50000000000000000 ) ) ;
#9236 = PRESENTATION_STYLE_ASSIGNMENT (( #3117 ) ) ;
#9237 = LINE ( 'NONE', #6155, #8621 ) ;
#9238 = ORIENTED_EDGE ( 'NONE', *, *, #5674, .T. ) ;
#9239 = AXIS2_PLACEMENT_3D ( 'NONE', #3663, #9936, #2885 ) ;
#9240 = EDGE_LOOP ( 'NONE', ( #9355, #4491, #1092, #2131 ) ) ;
#9241 = CARTESIAN_POINT ( 'NONE',  ( 17.79999999999983729, 15.50000000000015987, 46.00000000000000000 ) ) ;
#9242 = SURFACE_SIDE_STYLE ('',( #6116 ) ) ;
#9243 = CARTESIAN_POINT ( 'NONE',  ( -15.50000000000016520, 15.49999999999897504, 47.50000000000000000 ) ) ;
#9244 = FILL_AREA_STYLE_COLOUR ( '', #5322 ) ;
#9245 = AXIS2_PLACEMENT_3D ( 'NONE', #4635, #5516, #2419 ) ;
#9246 = ADVANCED_FACE ( 'NONE', ( #670 ), #2171, .T. ) ;
#9247 = DIRECTION ( 'NONE',  ( -0.000000000000000000, -0.000000000000000000, -1.000000000000000000 ) ) ;
#9248 = ORIENTED_EDGE ( 'NONE', *, *, #5635, .T. ) ;
#9249 = ORIENTED_EDGE ( 'NONE', *, *, #5192, .T. ) ;
#9250 = EDGE_CURVE ( 'NONE', #8242, #4252, #7687, .T. ) ;
#9251 = DIRECTION ( 'NONE',  ( 0.000000000000000000, -1.000000000000000000, 0.000000000000000000 ) ) ;
#9252 = VERTEX_POINT ( 'NONE', #3049 ) ;
#9253 = FACE_OUTER_BOUND ( 'NONE', #6125, .T. ) ;
#9254 = DIRECTION ( 'NONE',  ( 4.146740463834175526E-15, 1.000000000000000000, -0.000000000000000000 ) ) ;
#9255 = VECTOR ( 'NONE', #1939, 1000.000000000000000 ) ;
#9256 = CARTESIAN_POINT ( 'NONE',  ( -15.92449465477579018, -14.21692477204105209, 47.49867441544044055 ) ) ;
#9257 = EDGE_CURVE ( 'NONE', #10040, #3346, #3422, .T. ) ;
#9258 = EDGE_CURVE ( 'NONE', #1637, #4362, #8543, .T. ) ;
#9259 = DIRECTION ( 'NONE',  ( 1.000000000000000000, 0.000000000000000000, 0.000000000000000000 ) ) ;
#9260 = EDGE_CURVE ( 'NONE', #2356, #8024, #1774, .T. ) ;
#9261 = DIRECTION ( 'NONE',  ( -0.000000000000000000, -0.000000000000000000, 1.000000000000000000 ) ) ;
#9262 = ORIENTED_EDGE ( 'NONE', *, *, #7640, .F. ) ;
#9263 = ORIENTED_EDGE ( 'NONE', *, *, #1188, .T. ) ;
#9264 = ADVANCED_FACE ( 'NONE', ( #1299 ), #3713, .F. ) ;
#9265 = CARTESIAN_POINT ( 'NONE',  ( -15.50000000000016520, 15.49999999999897504, 47.50000000000000000 ) ) ;
#9266 = VECTOR ( 'NONE', #3973, 1000.000000000000000 ) ;
#9267 = EDGE_LOOP ( 'NONE', ( #8520, #3849, #922, #2291 ) ) ;
#9268 = UNCERTAINTY_MEASURE_WITH_UNIT (LENGTH_MEASURE( 1.000000000000000082E-05 ), #3217, 'distance_accuracy_value', 'NONE');
#9269 = DIRECTION ( 'NONE',  ( -1.000000000000000000, 0.000000000000000000, -0.000000000000000000 ) ) ;
#9270 = CARTESIAN_POINT ( 'NONE',  ( 15.70908840091667358, 14.21692477204116045, 47.50000000000000000 ) ) ;
#9271 = B_SPLINE_CURVE_WITH_KNOTS ( 'NONE', 3,
 ( #8313, #7591, #5911, #2706 ),
 .UNSPECIFIED., .F., .F.,
 ( 4, 4 ),
 ( 0.0004464067693918816887, 0.0008928135387838587872 ),
 .UNSPECIFIED. ) ;
#9272 = LINE ( 'NONE', #8590, #4587 ) ;
#9273 = CIRCLE ( 'NONE', #3027, 2.500000000000000000 ) ;
#9274 = DIRECTION ( 'NONE',  ( -1.000000000000000000, 3.751515886037091589E-15, 0.000000000000000000 ) ) ;
#9275 = CARTESIAN_POINT ( 'NONE',  ( 16.94289321881340626, 21.14999999999999858, 38.00000000000000000 ) ) ;
#9276 = EDGE_CURVE ( 'NONE', #4494, #2003, #2375, .T. ) ;
#9277 =( LENGTH_UNIT ( ) NAMED_UNIT ( * ) SI_UNIT ( .MILLI., .METRE. ) );
#9278 = ORIENTED_EDGE ( 'NONE', *, *, #951, .T. ) ;
#9279 = DIRECTION ( 'NONE',  ( 0.000000000000000000, 0.000000000000000000, 1.000000000000000000 ) ) ;
#9280 = ORIENTED_EDGE ( 'NONE', *, *, #9250, .F. ) ;
#9281 = CARTESIAN_POINT ( 'NONE',  ( 1.379851512413567960, -39.15000000000000568, 43.53044834604566660 ) ) ;
#9282 = VECTOR ( 'NONE', #1503, 1000.000000000000000 ) ;
#9283 = DIRECTION ( 'NONE',  ( 1.000000000000000000, 1.387778780781444413E-14, 0.000000000000000000 ) ) ;
#9284 = CARTESIAN_POINT ( 'NONE',  ( -15.49999999999897859, -15.50000000000102141, 46.50000000000000000 ) ) ;
#9285 = DIRECTION ( 'NONE',  ( 1.000000000000000000, 0.000000000000000000, -0.000000000000000000 ) ) ;
#9286 = DIRECTION ( 'NONE',  ( -1.000000000000000000, -1.224646799147353454E-16, 0.000000000000000000 ) ) ;
#9287 = AXIS2_PLACEMENT_3D ( 'NONE', #9928, #7515, #3604 ) ;
#9288 = CARTESIAN_POINT ( 'NONE',  ( -19.14999999999996305, 19.15000000000002700, 8.000000000000000000 ) ) ;
#9289 = DIRECTION ( 'NONE',  ( 1.000000000000000000, 0.000000000000000000, -0.000000000000000000 ) ) ;
#9290 = EDGE_LOOP ( 'NONE', ( #6467, #3955, #2663, #3251, #2234, #3440 ) ) ;
#9291 = ORIENTED_EDGE ( 'NONE', *, *, #6446, .F. ) ;
#9292 = CARTESIAN_POINT ( 'NONE',  ( -17.14999999999997726, 21.14999999999999858, 38.00000000000000000 ) ) ;
#9293 = CIRCLE ( 'NONE', #1400, 0.5000000000000004441 ) ;
#9294 = PRESENTATION_STYLE_ASSIGNMENT (( #5339 ) ) ;
#9295 = CARTESIAN_POINT ( 'NONE',  ( 18.50000000000079936, -15.49999999999983658, 46.00000000000000000 ) ) ;
#9296 = FACE_OUTER_BOUND ( 'NONE', #2661, .T. ) ;
#9297 =( GEOMETRIC_REPRESENTATION_CONTEXT ( 3 ) GLOBAL_UNCERTAINTY_ASSIGNED_CONTEXT ( ( #5547 ) ) GLOBAL_UNIT_ASSIGNED_CONTEXT ( ( #6268, #3314, #6362 ) ) REPRESENTATION_CONTEXT ( 'NONE', 'WORKASPACE' ) );
#9298 = DIRECTION ( 'NONE',  ( -1.387778780781444256E-14, 1.000000000000000000, 0.000000000000000000 ) ) ;
#9299 = ORIENTED_EDGE ( 'NONE', *, *, #5746, .F. ) ;
#9300 = VERTEX_POINT ( 'NONE', #3954 ) ;
#9301 = MECHANICAL_DESIGN_GEOMETRIC_PRESENTATION_REPRESENTATION (  '', ( #2052 ), #9297 ) ;
#9302 = VERTEX_POINT ( 'NONE', #8593 ) ;
#9303 = EDGE_CURVE ( 'NONE', #80, #7443, #275, .T. ) ;
#9304 = CARTESIAN_POINT ( 'NONE',  ( -16.84930666606614480, -15.94640676939191870, 46.50000000000000000 ) ) ;
#9305 = DIRECTION ( 'NONE',  ( 1.000000000000000000, 0.000000000000000000, 0.000000000000000000 ) ) ;
#9306 = DIRECTION ( 'NONE',  ( 1.244022139150247530E-14, 1.000000000000000000, 0.000000000000000000 ) ) ;
#9307 = DIRECTION ( 'NONE',  ( -9.637352644315601406E-17, 0.000000000000000000, -1.000000000000000000 ) ) ;
#9308 = VECTOR ( 'NONE', #3306, 1000.000000000000000 ) ;
#9309 = PRESENTATION_LAYER_ASSIGNMENT (  '', '', ( #7179 ) ) ;
#9310 = CARTESIAN_POINT ( 'NONE',  ( -3.496119095141088540, -19.15000000000000568, 44.41033917074156534 ) ) ;
#9311 = VERTEX_POINT ( 'NONE', #6403 ) ;
#9312 = ORIENTED_EDGE ( 'NONE', *, *, #8176, .T. ) ;
#9313 = FILL_AREA_STYLE ('',( #1344 ) ) ;
#9314 = ORIENTED_EDGE ( 'NONE', *, *, #883, .F. ) ;
#9315 = FACE_OUTER_BOUND ( 'NONE', #6426, .T. ) ;
#9316 = VECTOR ( 'NONE', #1079, 1000.000000000000000 ) ;
#9317 = CARTESIAN_POINT ( 'NONE',  ( -12.49999999999833911, -15.50000000000102141, 46.00000000000000000 ) ) ;
#9318 =( NAMED_UNIT ( * ) PLANE_ANGLE_UNIT ( ) SI_UNIT ( $, .RADIAN. ) );
#9319 = VECTOR ( 'NONE', #8626, 1000.000000000000000 ) ;
#9320 = FACE_OUTER_BOUND ( 'NONE', #7975, .T. ) ;
#9321 = DIRECTION ( 'NONE',  ( -0.7423134210256077115, 0.000000000000000000, -0.6700528225186868081 ) ) ;
#9322 = ADVANCED_FACE ( 'NONE', ( #8789 ), #8696, .F. ) ;
#9323 = DIRECTION ( 'NONE',  ( 1.000000000000000000, 0.000000000000000000, -0.000000000000000000 ) ) ;
#9324 = AXIS2_PLACEMENT_3D ( 'NONE', #6078, #3032, #5258 ) ;
#9325 = EDGE_LOOP ( 'NONE', ( #960, #528, #2898, #9136 ) ) ;
#9326 = AXIS2_PLACEMENT_3D ( 'NONE', #895, #3225, #8915 ) ;
#9327 = ORIENTED_EDGE ( 'NONE', *, *, #7229, .F. ) ;
#9328 = ADVANCED_FACE ( 'NONE', ( #4892 ), #6455, .T. ) ;
#9329 = FILL_AREA_STYLE ('',( #9084 ) ) ;
#9330 = ORIENTED_EDGE ( 'NONE', *, *, #6369, .T. ) ;
#9331 = LINE ( 'NONE', #8698, #5530 ) ;
#9332 = DIRECTION ( 'NONE',  ( 0.000000000000000000, -1.000000000000000000, 0.000000000000000000 ) ) ;
#9333 = EDGE_CURVE ( 'NONE', #4988, #4302, #9002, .T. ) ;
#9334 =( NAMED_UNIT ( * ) SI_UNIT ( $, .STERADIAN. ) SOLID_ANGLE_UNIT ( ) );
#9335 = AXIS2_PLACEMENT_3D ( 'NONE', #10124, #6992, #3839 ) ;
#9336 = CARTESIAN_POINT ( 'NONE',  ( -14.15069333393214102, -15.94640676939194535, 46.50000000000000000 ) ) ;
#9337 = FACE_BOUND ( 'NONE', #7281, .T. ) ;
#9338 = DIRECTION ( 'NONE',  ( -0.000000000000000000, -0.000000000000000000, -1.000000000000000000 ) ) ;
#9339 = EDGE_CURVE ( 'NONE', #8075, #9467, #5472, .T. ) ;
#9340 = DIRECTION ( 'NONE',  ( 0.000000000000000000, 0.000000000000000000, -1.000000000000000000 ) ) ;
#9341 = CARTESIAN_POINT ( 'NONE',  ( -15.49999999999897859, -15.50000000000102141, 46.00000000000000000 ) ) ;
#9342 = AXIS2_PLACEMENT_3D ( 'NONE', #5730, #9690, #1081 ) ;
#9343 = DIRECTION ( 'NONE',  ( 0.000000000000000000, 0.000000000000000000, -1.000000000000000000 ) ) ;
#9344 = VERTEX_POINT ( 'NONE', #4689 ) ;
#9345 = CARTESIAN_POINT ( 'NONE',  ( 15.07550534522235530, 16.76498005845824224, 47.49955985394394986 ) ) ;
#9346 = VERTEX_POINT ( 'NONE', #7831 ) ;
#9347 = COLOUR_RGB ( '',0.2509803921568627416, 0.2509803921568627416, 0.2509803921568627416 ) ;
#9348 = B_SPLINE_CURVE_WITH_KNOTS ( 'NONE', 3,
 ( #9270, #9983, #1291, #2941 ),
 .UNSPECIFIED., .F., .F.,
 ( 4, 4 ),
 ( 0.000000000000000000, 0.0002154103325655452243 ),
 .UNSPECIFIED. ) ;
#9349 = FACE_OUTER_BOUND ( 'NONE', #9290, .T. ) ;
#9350 = CARTESIAN_POINT ( 'NONE',  ( 15.49999999999983658, 15.50000000000015987, 46.00000000000000000 ) ) ;
#9351 = LINE ( 'NONE', #5542, #9266 ) ;
#9352 =( GEOMETRIC_REPRESENTATION_CONTEXT ( 3 ) GLOBAL_UNCERTAINTY_ASSIGNED_CONTEXT ( ( #4940 ) ) GLOBAL_UNIT_ASSIGNED_CONTEXT ( ( #2334, #3724, #7695 ) ) REPRESENTATION_CONTEXT ( 'NONE', 'WORKASPACE' ) );
#9353 =( GEOMETRIC_REPRESENTATION_CONTEXT ( 3 ) GLOBAL_UNCERTAINTY_ASSIGNED_CONTEXT ( ( #7824 ) ) GLOBAL_UNIT_ASSIGNED_CONTEXT ( ( #342, #1892, #3334 ) ) REPRESENTATION_CONTEXT ( 'NONE', 'WORKASPACE' ) );
#9354 = ORIENTED_EDGE ( 'NONE', *, *, #6063, .F. ) ;
#9355 = ORIENTED_EDGE ( 'NONE', *, *, #6693, .F. ) ;
#9356 = COLOUR_RGB ( '',0.2509803921568627416, 0.2509803921568627416, 0.2509803921568627416 ) ;
#9357 = VERTEX_POINT ( 'NONE', #10201 ) ;
#9358 = CIRCLE ( 'NONE', #6407, 2.799999999999999822 ) ;
#9359 = SURFACE_SIDE_STYLE ('',( #7608 ) ) ;
#9360 = CIRCLE ( 'NONE', #8366, 2.999999999999999112 ) ;
#9361 = STYLED_ITEM ( 'NONE', ( #9224 ), #4095 ) ;
#9362 = LINE ( 'NONE', #9413, #369 ) ;
#9363 = CARTESIAN_POINT ( 'NONE',  ( -17.80000000000016414, 15.49999999999897504, 46.50000000000000000 ) ) ;
#9364 = DIRECTION ( 'NONE',  ( -4.146740463834158171E-15, 1.000000000000000000, 0.000000000000000000 ) ) ;
#9365 = DIRECTION ( 'NONE',  ( 0.000000000000000000, -0.000000000000000000, 1.000000000000000000 ) ) ;
#9366 = ORIENTED_EDGE ( 'NONE', *, *, #8799, .F. ) ;
#9367 = AXIS2_PLACEMENT_3D ( 'NONE', #5780, #8132, #399 ) ;
#9368 = ORIENTED_EDGE ( 'NONE', *, *, #9339, .F. ) ;
#9369 = SURFACE_STYLE_FILL_AREA ( #8631 ) ;
#9370 = VERTEX_POINT ( 'NONE', #7887 ) ;
#9371 = CARTESIAN_POINT ( 'NONE',  ( 0.000000000000000000, 0.000000000000000000, -24.00000000000000000 ) ) ;
#9372 = UNCERTAINTY_MEASURE_WITH_UNIT (LENGTH_MEASURE( 1.000000000000000082E-05 ), #5926, 'distance_accuracy_value', 'NONE');
#9373 = FILL_AREA_STYLE_COLOUR ( '', #3132 ) ;
#9374 = LINE ( 'NONE', #7216, #6135 ) ;
#9375 = CARTESIAN_POINT ( 'NONE',  ( -21.48631967451538927, -19.15000000000000568, 23.80347179627696974 ) ) ;
#9376 = CARTESIAN_POINT ( 'NONE',  ( -17.14999999999997726, -21.15000000000000568, 10.00000000000000000 ) ) ;
#9377 = CARTESIAN_POINT ( 'NONE',  ( -20.64999999999999503, -16.94289321881344534, 47.50000000000000000 ) ) ;
#9378 = ORIENTED_EDGE ( 'NONE', *, *, #137, .F. ) ;
#9379 = DIRECTION ( 'NONE',  ( -1.000000000000000000, 0.000000000000000000, 0.000000000000000000 ) ) ;
#9380 = VERTEX_POINT ( 'NONE', #9481 ) ;
#9381 = VECTOR ( 'NONE', #3561, 1000.000000000000000 ) ;
#9382 = MECHANICAL_DESIGN_GEOMETRIC_PRESENTATION_REPRESENTATION (  '', ( #152 ), #487 ) ;
#9383 = EDGE_CURVE ( 'NONE', #1983, #8858, #9055, .T. ) ;
#9384 = CARTESIAN_POINT ( 'NONE',  ( 15.49999999999983658, 15.50000000000015987, 46.50000000000000000 ) ) ;
#9385 = CARTESIAN_POINT ( 'NONE',  ( -15.50000000000000000, 0.000000000000000000, 0.5000000000000000000 ) ) ;
#9386 = CARTESIAN_POINT ( 'NONE',  ( -15.94640676939209456, 15.92449465477564097, 46.50000000000000000 ) ) ;
#9387 = CARTESIAN_POINT ( 'NONE',  ( 21.14999999999999858, 21.14999999999999858, 38.00000000000000000 ) ) ;
#9388 = FACE_OUTER_BOUND ( 'NONE', #8485, .T. ) ;
#9389 = ADVANCED_FACE ( 'NONE', ( #1229 ), #4209, .F. ) ;
#9390 = CARTESIAN_POINT ( 'NONE',  ( 15.94640676939198087, -16.84930666606609151, 46.50000000000000000 ) ) ;
#9391 = AXIS2_PLACEMENT_3D ( 'NONE', #1948, #4943, #7263 ) ;
#9392 = EDGE_CURVE ( 'NONE', #6528, #4579, #8291, .T. ) ;
#9393 = CARTESIAN_POINT ( 'NONE',  ( -20.64999999999999503, -16.94289321881344534, 47.50000000000000000 ) ) ;
#9394 = SURFACE_SIDE_STYLE ('',( #3063 ) ) ;
#9395 = ORIENTED_EDGE ( 'NONE', *, *, #751, .F. ) ;
#9396 = ORIENTED_EDGE ( 'NONE', *, *, #7313, .T. ) ;
#9397 = EDGE_CURVE ( 'NONE', #8664, #5638, #7535, .T. ) ;
#9398 = B_SPLINE_CURVE_WITH_KNOTS ( 'NONE', 3,
 ( #2162, #10043, #2006, #8293, #8343 ),
 .UNSPECIFIED., .F., .F.,
 ( 4, 1, 4 ),
 ( 0.000000000000000000, 0.0004464067693919302610, 0.0008928135387838605219 ),
 .UNSPECIFIED. ) ;
#9399 = PRESENTATION_LAYER_ASSIGNMENT (  '', '', ( #8725 ) ) ;
#9400 = DIRECTION ( 'NONE',  ( -0.000000000000000000, 1.000000000000000000, -0.000000000000000000 ) ) ;
#9401 = CARTESIAN_POINT ( 'NONE',  ( 20.64999999999999858, 16.94289321881344534, 0.5000000000000000000 ) ) ;
#9402 = AXIS2_PLACEMENT_3D ( 'NONE', #7148, #6228, #1431 ) ;
#9403 = CARTESIAN_POINT ( 'NONE',  ( -1.379851512413567960, -19.15000000000000568, 40.96955165395432630 ) ) ;
#9404 = AXIS2_PLACEMENT_3D ( 'NONE', #9045, #7663, #6749 ) ;
#9405 = ORIENTED_EDGE ( 'NONE', *, *, #9870, .F. ) ;
#9406 = ORIENTED_EDGE ( 'NONE', *, *, #2256, .T. ) ;
#9407 = SURFACE_SIDE_STYLE ('',( #9505 ) ) ;
#9408 = ORIENTED_EDGE ( 'NONE', *, *, #438, .T. ) ;
#9409 = PRESENTATION_STYLE_ASSIGNMENT (( #3137 ) ) ;
#9410 = VECTOR ( 'NONE', #8402, 1000.000000000000000 ) ;
#9411 = DIRECTION ( 'NONE',  ( 0.000000000000000000, 0.000000000000000000, 1.000000000000000000 ) ) ;
#9412 = SURFACE_STYLE_FILL_AREA ( #3935 ) ;
#9413 = CARTESIAN_POINT ( 'NONE',  ( 21.00355339059327520, -17.29644660940670065, 48.00000000000000000 ) ) ;
#9414 = DIRECTION ( 'NONE',  ( 1.000000000000000000, 0.000000000000000000, 0.000000000000000000 ) ) ;
#9415 = DIRECTION ( 'NONE',  ( 0.000000000000000000, 0.000000000000000000, 1.000000000000000000 ) ) ;
#9416 = SURFACE_STYLE_USAGE ( .BOTH. , #2601 ) ;
#9417 = ORIENTED_EDGE ( 'NONE', *, *, #9814, .F. ) ;
#9418 = VERTEX_POINT ( 'NONE', #234 ) ;
#9419 = DIRECTION ( 'NONE',  ( 1.000000000000000000, 0.000000000000000000, 0.000000000000000000 ) ) ;
#9420 = VERTEX_POINT ( 'NONE', #3608 ) ;
#9421 = CARTESIAN_POINT ( 'NONE',  ( 13.31369220013741206, -21.16000000000000725, 40.00000000000000000 ) ) ;
#9422 = AXIS2_PLACEMENT_3D ( 'NONE', #7050, #3936, #7103 ) ;
#9423 = FILL_AREA_STYLE_COLOUR ( '', #9039 ) ;
#9424 = DIRECTION ( 'NONE',  ( 1.000000000000000000, 0.000000000000000000, 0.000000000000000000 ) ) ;
#9425 = CARTESIAN_POINT ( 'NONE',  ( 17.80000000000102034, -15.49999999999983658, 47.50000000000000000 ) ) ;
#9426 = ORIENTED_EDGE ( 'NONE', *, *, #9069, .T. ) ;
#9427 =( NAMED_UNIT ( * ) PLANE_ANGLE_UNIT ( ) SI_UNIT ( $, .RADIAN. ) );
#9428 = ORIENTED_EDGE ( 'NONE', *, *, #5432, .T. ) ;
#9429 = LINE ( 'NONE', #2377, #6209 ) ;
#9430 = CARTESIAN_POINT ( 'NONE',  ( -16.74999999999999289, 15.50000000000000000, 4.500000000000000888 ) ) ;
#9431 = CYLINDRICAL_SURFACE ( 'NONE', #8548, 0.5000000000000006661 ) ;
#9432 = EDGE_CURVE ( 'NONE', #9370, #4939, #6552, .T. ) ;
#9433 = COLOUR_RGB ( '',0.2509803921568627416, 0.2509803921568627416, 0.2509803921568627416 ) ;
#9434 = CARTESIAN_POINT ( 'NONE',  ( 15.50000000000004974, -16.84930666606609506, 47.49923505645086408 ) ) ;
#9435 = FILL_AREA_STYLE ('',( #1755 ) ) ;
#9436 = CARTESIAN_POINT ( 'NONE',  ( -20.64999999999999503, 17.14999999999999503, 0.000000000000000000 ) ) ;
#9437 = ADVANCED_FACE ( 'NONE', ( #1026 ), #5940, .T. ) ;
#9438 = CARTESIAN_POINT ( 'NONE',  ( 13.32957238623955121, -21.15000000000000568, 40.00000000000000000 ) ) ;
#9439 =( NAMED_UNIT ( * ) SI_UNIT ( $, .STERADIAN. ) SOLID_ANGLE_UNIT ( ) );
#9441 = ORIENTED_EDGE ( 'NONE', *, *, #3834, .F. ) ;
#9440 = TOROIDAL_SURFACE ( 'NONE', #4341, 15.50000000000000000, 0.5000000000000000000 ) ;
#9442 = DIRECTION ( 'NONE',  ( 1.000000000000000000, 0.000000000000000000, 0.000000000000000000 ) ) ;
#9443 = VERTEX_POINT ( 'NONE', #1076 ) ;
#9444 = ADVANCED_FACE ( 'NONE', ( #453 ), #3554, .F. ) ;
#9445 = DIRECTION ( 'NONE',  ( -1.000000000000000000, 0.000000000000000000, -0.000000000000000000 ) ) ;
#9446 = EDGE_CURVE ( 'NONE', #6361, #9869, #294, .T. ) ;
#9447 = LINE ( 'NONE', #6981, #6121 ) ;
#9448 = DIRECTION ( 'NONE',  ( 1.000000000000000000, 0.000000000000000000, -0.000000000000000000 ) ) ;
#9449 = LINE ( 'NONE', #7961, #7714 ) ;
#9450 = VERTEX_POINT ( 'NONE', #5104 ) ;
#9451 = UNCERTAINTY_MEASURE_WITH_UNIT (LENGTH_MEASURE( 1.000000000000000082E-05 ), #5290, 'distance_accuracy_value', 'NONE');
#9452 = VERTEX_POINT ( 'NONE', #6654 ) ;
#9453 = CARTESIAN_POINT ( 'NONE',  ( -15.92449465477580794, -15.94640676939192758, 46.50000000000000000 ) ) ;
#9454 = AXIS2_PLACEMENT_3D ( 'NONE', #6975, #7032, #1518 ) ;
#9455 = ADVANCED_FACE ( 'NONE', ( #5836 ), #2786, .F. ) ;
#9456 = ADVANCED_FACE ( 'NONE', ( #7417 ), #9785, .T. ) ;
#9457 = CARTESIAN_POINT ( 'NONE',  ( -18.79644660940668643, 18.79644660940675038, 0.5000000000000000000 ) ) ;
#9458 =( NAMED_UNIT ( * ) SI_UNIT ( $, .STERADIAN. ) SOLID_ANGLE_UNIT ( ) );
#9459 = CARTESIAN_POINT ( 'NONE',  ( 15.78089184510561260, 16.78307522795905626, 47.50000000000000000 ) ) ;
#9460 = CARTESIAN_POINT ( 'NONE',  ( 21.15349364153872358, 13.32403302392777711, 5.967958232163238286 ) ) ;
#9461 = ADVANCED_FACE ( 'NONE', ( #1181 ), #2938, .T. ) ;
#9462 = VECTOR ( 'NONE', #10052, 1000.000000000000000 ) ;
#9463 = VECTOR ( 'NONE', #2762, 1000.000000000000000 ) ;
#9464 = ORIENTED_EDGE ( 'NONE', *, *, #8421, .T. ) ;
#9465 = EDGE_LOOP ( 'NONE', ( #6201, #1669, #9521, #9197, #6346, #7107, #5011, #1374, #3277, #1405, #10079, #8945, #1217, #1625 ) ) ;
#9466 = CARTESIAN_POINT ( 'NONE',  ( 15.94640676939198798, -15.92449465477575465, 46.50000000000000000 ) ) ;
#9467 = VERTEX_POINT ( 'NONE', #4577 ) ;
#9468 = CARTESIAN_POINT ( 'NONE',  ( 0.000000000000000000, 0.000000000000000000, 45.00000000000000000 ) ) ;
#9469 = DIRECTION ( 'NONE',  ( -0.000000000000000000, -0.000000000000000000, -1.000000000000000000 ) ) ;
#9470 = DIRECTION ( 'NONE',  ( -8.202002250481357549E-17, 1.000000000000000000, 0.000000000000000000 ) ) ;
#9471 = AXIS2_PLACEMENT_3D ( 'NONE', #7947, #7228, #8752 ) ;
#9472 = CYLINDRICAL_SURFACE ( 'NONE', #185, 2.299999999999999822 ) ;
#9473 = COLOUR_RGB ( '',0.2509803921568627416, 0.2509803921568627416, 0.2509803921568627416 ) ;
#9474 = B_SPLINE_CURVE_WITH_KNOTS ( 'NONE', 3,
 ( #3767, #570, #8303, #3720 ),
 .UNSPECIFIED., .F., .F.,
 ( 4, 4 ),
 ( 0.000000000000000000, 5.435045947769351609E-05 ),
 .UNSPECIFIED. ) ;
#9475 =( LENGTH_UNIT ( ) NAMED_UNIT ( * ) SI_UNIT ( .MILLI., .METRE. ) );
#9476 = AXIS2_PLACEMENT_3D ( 'NONE', #7987, #4848, #5053 ) ;
#9477 = LINE ( 'NONE', #9625, #1139 ) ;
#9478 =( NAMED_UNIT ( * ) SI_UNIT ( $, .STERADIAN. ) SOLID_ANGLE_UNIT ( ) );
#9479 = VERTEX_POINT ( 'NONE', #5264 ) ;
#9480 = VECTOR ( 'NONE', #2889, 1000.000000000000000 ) ;
#9481 = CARTESIAN_POINT ( 'NONE',  ( -16.72874093610758450, 15.07550534522242991, 47.50000000000000000 ) ) ;
#9482 = VERTEX_POINT ( 'NONE', #4428 ) ;
#9483 = LINE ( 'NONE', #8550, #2894 ) ;
#9484 = CARTESIAN_POINT ( 'NONE',  ( 21.14999999999999858, 21.14999999999999858, 5.900501256289341967 ) ) ;
#9485 = DIRECTION ( 'NONE',  ( -1.000000000000000000, 5.211847922874171178E-16, 0.000000000000000000 ) ) ;
#9486 = STYLED_ITEM ( 'NONE', ( #2932 ), #3175 ) ;
#9487 = FACE_OUTER_BOUND ( 'NONE', #4843, .T. ) ;
#9488 = AXIS2_PLACEMENT_3D ( 'NONE', #1832, #1732, #8017 ) ;
#9489 = FILL_AREA_STYLE ('',( #4858 ) ) ;
#9490 = EDGE_CURVE ( 'NONE', #1453, #9370, #9931, .T. ) ;
#9491 = DIRECTION ( 'NONE',  ( -7.503031772074197377E-15, -1.000000000000000000, 0.000000000000000000 ) ) ;
#9492 = ORIENTED_EDGE ( 'NONE', *, *, #2261, .F. ) ;
#9493 =( LENGTH_UNIT ( ) NAMED_UNIT ( * ) SI_UNIT ( .MILLI., .METRE. ) );
#9494 = ORIENTED_EDGE ( 'NONE', *, *, #4423, .F. ) ;
#9495 = FACE_OUTER_BOUND ( 'NONE', #7983, .T. ) ;
#9496 = DIRECTION ( 'NONE',  ( -0.000000000000000000, -0.000000000000000000, 1.000000000000000000 ) ) ;
#9497 = CARTESIAN_POINT ( 'NONE',  ( 15.05359323060812748, -15.92449465477574755, 46.50000000000000000 ) ) ;
#9498 = SURFACE_SIDE_STYLE ('',( #4662 ) ) ;
#9499 = AXIS2_PLACEMENT_3D ( 'NONE', #9206, #2929, #9873 ) ;
#9500 = DIRECTION ( 'NONE',  ( 0.000000000000000000, 0.000000000000000000, 1.000000000000000000 ) ) ;
#9501 = ADVANCED_FACE ( 'NONE', ( #8396 ), #7570, .T. ) ;
#9502 = ORIENTED_EDGE ( 'NONE', *, *, #8988, .F. ) ;
#9503 = COLOUR_RGB ( '',0.2509803921568627416, 0.2509803921568627416, 0.2509803921568627416 ) ;
#9504 = ORIENTED_EDGE ( 'NONE', *, *, #6626, .F. ) ;
#9505 = SURFACE_STYLE_FILL_AREA ( #10172 ) ;
#9506 = B_SPLINE_CURVE_WITH_KNOTS ( 'NONE', 3,
 ( #2024, #6730, #2074, #5235 ),
 .UNSPECIFIED., .F., .F.,
 ( 4, 4 ),
 ( 0.000000000000000000, 0.0002154103325659407684 ),
 .UNSPECIFIED. ) ;
#9507 = ADVANCED_FACE ( 'NONE', ( #6954 ), #5986, .F. ) ;
#9508 = SURFACE_SIDE_STYLE ('',( #3837 ) ) ;
#9509 = SURFACE_STYLE_USAGE ( .BOTH. , #9359 ) ;
#9510 = LINE ( 'NONE', #1682, #6708 ) ;
#9511 =( NAMED_UNIT ( * ) PLANE_ANGLE_UNIT ( ) SI_UNIT ( $, .RADIAN. ) );
#9512 = CARTESIAN_POINT ( 'NONE',  ( 0.000000000000000000, -19.15000000000000568, 43.56695646205938033 ) ) ;
#9513 = ADVANCED_FACE ( 'NONE', ( #2105 ), #6180, .F. ) ;
#9514 = CARTESIAN_POINT ( 'NONE',  ( -17.79999999999897753, -15.50000000000102141, 47.50000000000000000 ) ) ;
#9515 = B_SPLINE_CURVE_WITH_KNOTS ( 'NONE', 3,
 ( #8461, #573, #778, #1409 ),
 .UNSPECIFIED., .F., .F.,
 ( 4, 4 ),
 ( 0.000000000000000000, 0.0002154103325599696875 ),
 .UNSPECIFIED. ) ;
#9516 = EDGE_CURVE ( 'NONE', #8269, #5461, #6905, .T. ) ;
#9517 = ORIENTED_EDGE ( 'NONE', *, *, #8392, .T. ) ;
#9518 = ORIENTED_EDGE ( 'NONE', *, *, #1713, .F. ) ;
#9519 = PRESENTATION_STYLE_ASSIGNMENT (( #8681 ) ) ;
#9520 = COLOUR_RGB ( '',0.2509803921568627416, 0.2509803921568627416, 0.2509803921568627416 ) ;
#9521 = ORIENTED_EDGE ( 'NONE', *, *, #6562, .T. ) ;
#9522 = CIRCLE ( 'NONE', #2135, 1.300000000000000711 ) ;
#9523 = COLOUR_RGB ( '',0.2509803921568627416, 0.2509803921568627416, 0.2509803921568627416 ) ;
#9524 = ADVANCED_FACE ( 'NONE', ( #5460 ), #8198, .T. ) ;
#9525 = DIRECTION ( 'NONE',  ( 0.7071067811865441310, -0.7071067811865510144, 0.000000000000000000 ) ) ;
#9526 = CYLINDRICAL_SURFACE ( 'NONE', #10046, 0.5000000000000006661 ) ;
#9527 = DIRECTION ( 'NONE',  ( -0.000000000000000000, -1.000000000000000000, -0.000000000000000000 ) ) ;
#9528 = CARTESIAN_POINT ( 'NONE',  ( 0.000000000000000000, 0.000000000000000000, -1.734723475976807094E-15 ) ) ;
#9529 = PLANE ( 'NONE',  #6748 ) ;
#9530 = CIRCLE ( 'NONE', #9694, 2.299999999999999822 ) ;
#9531 = MECHANICAL_DESIGN_GEOMETRIC_PRESENTATION_REPRESENTATION (  '', ( #2121 ), #3921 ) ;
#9532 = FILL_AREA_STYLE_COLOUR ( '', #9604 ) ;
#9533 = ORIENTED_EDGE ( 'NONE', *, *, #4718, .F. ) ;
#9534 =( NAMED_UNIT ( * ) SI_UNIT ( $, .STERADIAN. ) SOLID_ANGLE_UNIT ( ) );
#9535 = EDGE_LOOP ( 'NONE', ( #2233, #1623, #4174, #7467, #4184, #4429 ) ) ;
#9536 = CARTESIAN_POINT ( 'NONE',  ( 0.000000000000000000, 0.000000000000000000, 45.00000000000000000 ) ) ;
#9537 = DIRECTION ( 'NONE',  ( 0.000000000000000000, -6.938893903907222067E-15, 1.000000000000000000 ) ) ;
#9538 = FACE_OUTER_BOUND ( 'NONE', #5263, .T. ) ;
#9539 = AXIS2_PLACEMENT_3D ( 'NONE', #3267, #1717, #2491 ) ;
#9540 = CARTESIAN_POINT ( 'NONE',  ( 15.20239548707210275, -16.84930666606608796, 47.49833231681234480 ) ) ;
#9541 =( NAMED_UNIT ( * ) SI_UNIT ( $, .STERADIAN. ) SOLID_ANGLE_UNIT ( ) );
#9542 = LINE ( 'NONE', #2485, #249 ) ;
#9543 = AXIS2_PLACEMENT_3D ( 'NONE', #3499, #4942, #7262 ) ;
#9544 = COLOUR_RGB ( '',0.2509803921568627416, 0.2509803921568627416, 0.2509803921568627416 ) ;
#9545 = PRESENTATION_LAYER_ASSIGNMENT (  '', '', ( #2312 ) ) ;
#9546 = PRESENTATION_STYLE_ASSIGNMENT (( #10110 ) ) ;
#9547 = EDGE_LOOP ( 'NONE', ( #9056, #8857, #5855, #8407 ) ) ;
#9548 = CARTESIAN_POINT ( 'NONE',  ( 15.07550534522235530, 16.78307522795905982, 47.49867441544048319 ) ) ;
#9549 = ORIENTED_EDGE ( 'NONE', *, *, #2712, .F. ) ;
#9550 = CARTESIAN_POINT ( 'NONE',  ( 15.49999999999983658, 15.50000000000015987, 47.50000000000000000 ) ) ;
#9551 =( NAMED_UNIT ( * ) SI_UNIT ( $, .STERADIAN. ) SOLID_ANGLE_UNIT ( ) );
#9552 = STYLED_ITEM ( 'NONE', ( #7929 ), #6379 ) ;
#9553 = COLOUR_RGB ( '',0.2509803921568627416, 0.2509803921568627416, 0.2509803921568627416 ) ;
#9554 = LINE ( 'NONE', #8005, #9656 ) ;
#9555 = PLANE ( 'NONE',  #9592 ) ;
#9556 = LINE ( 'NONE', #5644, #6409 ) ;
#9557 = ORIENTED_EDGE ( 'NONE', *, *, #8865, .F. ) ;
#9558 = UNCERTAINTY_MEASURE_WITH_UNIT (LENGTH_MEASURE( 1.000000000000000082E-05 ), #2944, 'distance_accuracy_value', 'NONE');
#9559 = VERTEX_POINT ( 'NONE', #1739 ) ;
#9560 = FACE_OUTER_BOUND ( 'NONE', #7908, .T. ) ;
#9561 = SURFACE_STYLE_FILL_AREA ( #3280 ) ;
#9562 = EDGE_CURVE ( 'NONE', #7096, #9559, #1883, .T. ) ;
#9563 = CARTESIAN_POINT ( 'NONE',  ( 15.50000000000101963, -15.49999999999983658, 46.00000000000000000 ) ) ;
#9564 =( GEOMETRIC_REPRESENTATION_CONTEXT ( 3 ) GLOBAL_UNCERTAINTY_ASSIGNED_CONTEXT ( ( #996 ) ) GLOBAL_UNIT_ASSIGNED_CONTEXT ( ( #7793, #2764, #6784 ) ) REPRESENTATION_CONTEXT ( 'NONE', 'WORKASPACE' ) );
#9565 = DIRECTION ( 'NONE',  ( -1.000000000000000000, 0.000000000000000000, 0.000000000000000000 ) ) ;
#9566 = CIRCLE ( 'NONE', #21, 0.5000000000000004441 ) ;
#9567 = CARTESIAN_POINT ( 'NONE',  ( -18.99999999999961631, -15.50000000000102141, 47.50000000000000000 ) ) ;
#9568 = EDGE_CURVE ( 'NONE', #4240, #3241, #1589, .T. ) ;
#9569 = ORIENTED_EDGE ( 'NONE', *, *, #6920, .F. ) ;
#9570 = ORIENTED_EDGE ( 'NONE', *, *, #9641, .T. ) ;
#9571 = DIRECTION ( 'NONE',  ( -0.7071067811865510144, -0.7071067811865440200, 1.471961680016036806E-14 ) ) ;
#9572 = VERTEX_POINT ( 'NONE', #7820 ) ;
#9573 = UNCERTAINTY_MEASURE_WITH_UNIT (LENGTH_MEASURE( 1.000000000000000082E-05 ), #4365, 'distance_accuracy_value', 'NONE');
#9574 = AXIS2_PLACEMENT_3D ( 'NONE', #9387, #4851, #3257 ) ;
#9575 = FILL_AREA_STYLE ('',( #8830 ) ) ;
#9576 = ADVANCED_FACE ( 'NONE', ( #10189 ), #7003, .F. ) ;
#9577 = CARTESIAN_POINT ( 'NONE',  ( -15.50000000000016520, 15.49999999999897504, 48.00000000000000000 ) ) ;
#9578 = EDGE_CURVE ( 'NONE', #9897, #1797, #7210, .T. ) ;
#9579 = CARTESIAN_POINT ( 'NONE',  ( 0.000000000000000000, -21.25000000000000711, 43.56695646205938033 ) ) ;
#9580 = EDGE_CURVE ( 'NONE', #5545, #5612, #2462, .T. ) ;
#9581 = DIRECTION ( 'NONE',  ( 0.000000000000000000, -0.000000000000000000, -1.000000000000000000 ) ) ;
#9582 = EDGE_CURVE ( 'NONE', #9095, #6622, #5736, .T. ) ;
#9583 = FILL_AREA_STYLE_COLOUR ( '', #6982 ) ;
#9584 = ORIENTED_EDGE ( 'NONE', *, *, #3232, .F. ) ;
#9585 = DIRECTION ( 'NONE',  ( -1.000000000000000000, 0.000000000000000000, -0.000000000000000000 ) ) ;
#9586 = STYLED_ITEM ( 'NONE', ( #4508 ), #7875 ) ;
#9587 = ORIENTED_EDGE ( 'NONE', *, *, #8373, .T. ) ;
#9588 = DIRECTION ( 'NONE',  ( 1.000000000000000000, 0.000000000000000000, 0.000000000000000000 ) ) ;
#9589 = DIRECTION ( 'NONE',  ( -1.875757943018545794E-15, -1.000000000000000000, 0.000000000000000000 ) ) ;
#9590 = FILL_AREA_STYLE_COLOUR ( '', #9544 ) ;
#9591 = CARTESIAN_POINT ( 'NONE',  ( 0.000000000000000000, 0.000000000000000000, 40.00000000000000000 ) ) ;
#9592 = AXIS2_PLACEMENT_3D ( 'NONE', #7288, #2657, #8862 ) ;
#9593 = CARTESIAN_POINT ( 'NONE',  ( 0.000000000000000000, 0.000000000000000000, 45.00000000000000000 ) ) ;
#9594 = EDGE_CURVE ( 'NONE', #4656, #4143, #133, .T. ) ;
#9595 = DIRECTION ( 'NONE',  ( 8.202002250481356316E-17, -1.000000000000000000, 0.000000000000000000 ) ) ;
#9596 = VERTEX_POINT ( 'NONE', #9466 ) ;
#9597 = EDGE_LOOP ( 'NONE', ( #3230, #6315, #2487, #6640 ) ) ;
#9598 = ORIENTED_EDGE ( 'NONE', *, *, #9772, .F. ) ;
#9599 = ORIENTED_EDGE ( 'NONE', *, *, #9397, .F. ) ;
#9600 = AXIS2_PLACEMENT_3D ( 'NONE', #8954, #7334, #1038 ) ;
#9601 = FILL_AREA_STYLE_COLOUR ( '', #5444 ) ;
#9602 = DIRECTION ( 'NONE',  ( 1.000000000000000000, 0.000000000000000000, 0.000000000000000000 ) ) ;
#9603 =( NAMED_UNIT ( * ) SI_UNIT ( $, .STERADIAN. ) SOLID_ANGLE_UNIT ( ) );
#9604 = COLOUR_RGB ( '',0.2509803921568627416, 0.2509803921568627416, 0.2509803921568627416 ) ;
#9605 = DIRECTION ( 'NONE',  ( -1.000000000000000000, 0.000000000000000000, 0.000000000000000000 ) ) ;
#9606 =( NAMED_UNIT ( * ) SI_UNIT ( $, .STERADIAN. ) SOLID_ANGLE_UNIT ( ) );
#9607 = VERTEX_POINT ( 'NONE', #810 ) ;
#9608 = EDGE_LOOP ( 'NONE', ( #156, #7691 ) ) ;
#9609 = CARTESIAN_POINT ( 'NONE',  ( -21.14999999999999503, -17.14999999999998792, 38.00000000000000000 ) ) ;
#9610 = AXIS2_PLACEMENT_3D ( 'NONE', #7720, #598, #3747 ) ;
#9611 =( NAMED_UNIT ( * ) SI_UNIT ( $, .STERADIAN. ) SOLID_ANGLE_UNIT ( ) );
#9612 = CARTESIAN_POINT ( 'NONE',  ( -17.14999999999997726, -21.15000000000000568, 47.50000000000000000 ) ) ;
#9613 = CARTESIAN_POINT ( 'NONE',  ( 16.84930666606603111, 15.20239548707217025, 47.49833231681235191 ) ) ;
#9614 = DIRECTION ( 'NONE',  ( -0.000000000000000000, -0.000000000000000000, -1.000000000000000000 ) ) ;
#9615 = CARTESIAN_POINT ( 'NONE',  ( -20.64999999999999503, 16.94289321881344890, 8.000000000000000000 ) ) ;
#9616 = AXIS2_PLACEMENT_3D ( 'NONE', #211, #5645, #263 ) ;
#9617 = VERTEX_POINT ( 'NONE', #3242 ) ;
#9618 = ORIENTED_EDGE ( 'NONE', *, *, #10139, .F. ) ;
#9619 = EDGE_CURVE ( 'NONE', #4240, #2003, #4239, .T. ) ;
#9620 = EDGE_LOOP ( 'NONE', ( #918, #6030, #2354, #6057, #4052 ) ) ;
#9621 = CARTESIAN_POINT ( 'NONE',  ( 20.65000000000000213, -16.94289321881346311, 10.00000000000000000 ) ) ;
#9622 = CARTESIAN_POINT ( 'NONE',  ( 21.14999999999999858, -13.32957238623955654, 99.84951795962939514 ) ) ;
#9623 = VECTOR ( 'NONE', #8754, 1000.000000000000000 ) ;
#9624 =( LENGTH_UNIT ( ) NAMED_UNIT ( * ) SI_UNIT ( .MILLI., .METRE. ) );
#9625 = CARTESIAN_POINT ( 'NONE',  ( 0.000000000000000000, -21.16000000000000725, 40.00000000000000000 ) ) ;
#9626 = FACE_OUTER_BOUND ( 'NONE', #6565, .T. ) ;
#9627 = EDGE_LOOP ( 'NONE', ( #265, #826, #3731, #5408 ) ) ;
#9628 = DIRECTION ( 'NONE',  ( 0.000000000000000000, -1.000000000000000000, 0.000000000000000000 ) ) ;
#9629 = ORIENTED_EDGE ( 'NONE', *, *, #7261, .F. ) ;
#9630 =( GEOMETRIC_REPRESENTATION_CONTEXT ( 3 ) GLOBAL_UNCERTAINTY_ASSIGNED_CONTEXT ( ( #8455 ) ) GLOBAL_UNIT_ASSIGNED_CONTEXT ( ( #4551, #8904, #2838 ) ) REPRESENTATION_CONTEXT ( 'NONE', 'WORKASPACE' ) );
#9631 =( NAMED_UNIT ( * ) SI_UNIT ( $, .STERADIAN. ) SOLID_ANGLE_UNIT ( ) );
#9632 = FILL_AREA_STYLE_COLOUR ( '', #5443 ) ;
#9633 = EDGE_CURVE ( 'NONE', #3552, #4832, #8837, .T. ) ;
#9634 = DIRECTION ( 'NONE',  ( 0.000000000000000000, 0.000000000000000000, -1.000000000000000000 ) ) ;
#9635 = FILL_AREA_STYLE ('',( #3353 ) ) ;
#9636 = FACE_OUTER_BOUND ( 'NONE', #4285, .T. ) ;
#9637 = VECTOR ( 'NONE', #55, 1000.000000000000000 ) ;
#9638 =( GEOMETRIC_REPRESENTATION_CONTEXT ( 3 ) GLOBAL_UNCERTAINTY_ASSIGNED_CONTEXT ( ( #164 ) ) GLOBAL_UNIT_ASSIGNED_CONTEXT ( ( #3557, #4319, #9886 ) ) REPRESENTATION_CONTEXT ( 'NONE', 'WORKASPACE' ) );
#9639 = CARTESIAN_POINT ( 'NONE',  ( 21.15000000000000213, -21.15000000000000213, 40.00000000000000000 ) ) ;
#9640 = ADVANCED_FACE ( 'NONE', ( #5614 ), #6239, .T. ) ;
#9641 = EDGE_CURVE ( 'NONE', #5714, #9698, #7108, .T. ) ;
#9642 = ORIENTED_EDGE ( 'NONE', *, *, #5123, .T. ) ;
#9643 = EDGE_LOOP ( 'NONE', ( #8802, #10076, #3265, #4175, #1955 ) ) ;
#9644 = VERTEX_POINT ( 'NONE', #5823 ) ;
#9645 = LINE ( 'NONE', #5069, #2962 ) ;
#9646 = EDGE_CURVE ( 'NONE', #6101, #7348, #6539, .T. ) ;
#9647 = AXIS2_PLACEMENT_3D ( 'NONE', #5621, #1695, #4840 ) ;
#9648 = AXIS2_PLACEMENT_3D ( 'NONE', #10191, #3992, #3946 ) ;
#9649 = PRESENTATION_LAYER_ASSIGNMENT (  '', '', ( #2755 ) ) ;
#9650 = DIRECTION ( 'NONE',  ( 0.000000000000000000, 0.000000000000000000, 1.000000000000000000 ) ) ;
#9651 = CYLINDRICAL_SURFACE ( 'NONE', #7456, 2.500000000000000000 ) ;
#9652 =( NAMED_UNIT ( * ) PLANE_ANGLE_UNIT ( ) SI_UNIT ( $, .RADIAN. ) );
#9653 = CARTESIAN_POINT ( 'NONE',  ( 13.20000000000102069, -15.49999999999983658, 46.00000000000000000 ) ) ;
#9654 = EDGE_LOOP ( 'NONE', ( #6225, #3895, #452, #9229 ) ) ;
#9655 = ORIENTED_EDGE ( 'NONE', *, *, #174, .F. ) ;
#9656 = VECTOR ( 'NONE', #8055, 1000.000000000000000 ) ;
#9657 = UNCERTAINTY_MEASURE_WITH_UNIT (LENGTH_MEASURE( 1.000000000000000082E-05 ), #139, 'distance_accuracy_value', 'NONE');
#9658 = VERTEX_POINT ( 'NONE', #1990 ) ;
#9659 = CARTESIAN_POINT ( 'NONE',  ( -15.49999999999897859, -15.50000000000102141, 47.50000000000000000 ) ) ;
#9660 = CARTESIAN_POINT ( 'NONE',  ( 14.21692477204111604, -15.07550534522241215, 47.49867441544043345 ) ) ;
#9661 =( LENGTH_UNIT ( ) NAMED_UNIT ( * ) SI_UNIT ( .MILLI., .METRE. ) );
#9662 = CARTESIAN_POINT ( 'NONE',  ( -21.14999999999999503, 16.94289321881343824, 38.00000000000000000 ) ) ;
#9663 = SURFACE_STYLE_FILL_AREA ( #8820 ) ;
#9664 = AXIS2_PLACEMENT_3D ( 'NONE', #492, #4569, #3647 ) ;
#9665 = SURFACE_STYLE_USAGE ( .BOTH. , #4931 ) ;
#9666 =( LENGTH_UNIT ( ) NAMED_UNIT ( * ) SI_UNIT ( .MILLI., .METRE. ) );
#9667 = DIRECTION ( 'NONE',  ( -0.000000000000000000, -0.000000000000000000, -1.000000000000000000 ) ) ;
#9668 = VECTOR ( 'NONE', #7322, 1000.000000000000000 ) ;
#9669 = B_SPLINE_CURVE_WITH_KNOTS ( 'NONE', 3,
 ( #1266, #5342, #533, #3684 ),
 .UNSPECIFIED., .F., .F.,
 ( 4, 4 ),
 ( 0.000000000000000000, 0.0002154103325594283725 ),
 .UNSPECIFIED. ) ;
#9670 = ORIENTED_EDGE ( 'NONE', *, *, #2666, .T. ) ;
#9671 = ORIENTED_EDGE ( 'NONE', *, *, #8362, .T. ) ;
#9672 = VECTOR ( 'NONE', #5877, 1000.000000000000000 ) ;
#9673 = ORIENTED_EDGE ( 'NONE', *, *, #7439, .T. ) ;
#9674 = UNCERTAINTY_MEASURE_WITH_UNIT (LENGTH_MEASURE( 1.000000000000000082E-05 ), #8974, 'distance_accuracy_value', 'NONE');
#9675 = UNCERTAINTY_MEASURE_WITH_UNIT (LENGTH_MEASURE( 1.000000000000000082E-05 ), #5521, 'distance_accuracy_value', 'NONE');
#9676 = LINE ( 'NONE', #2680, #149 ) ;
#9677 = CARTESIAN_POINT ( 'NONE',  ( -15.49999999999994316, -15.50000000000004974, 0.000000000000000000 ) ) ;
#9678 = MECHANICAL_DESIGN_GEOMETRIC_PRESENTATION_REPRESENTATION (  '', ( #787 ), #8519 ) ;
#9679 = DIRECTION ( 'NONE',  ( 0.000000000000000000, -0.000000000000000000, -1.000000000000000000 ) ) ;
#9680 = SURFACE_STYLE_FILL_AREA ( #397 ) ;
#9681 =( NAMED_UNIT ( * ) PLANE_ANGLE_UNIT ( ) SI_UNIT ( $, .RADIAN. ) );
#9682 = VECTOR ( 'NONE', #522, 1000.000000000000000 ) ;
#9683 = PRESENTATION_STYLE_ASSIGNMENT (( #1177 ) ) ;
#9684 = AXIS2_PLACEMENT_3D ( 'NONE', #3228, #7142, #6473 ) ;
#9685 = AXIS2_PLACEMENT_3D ( 'NONE', #5973, #10078, #488 ) ;
#9686 = ORIENTED_EDGE ( 'NONE', *, *, #1709, .T. ) ;
#9687 = EDGE_LOOP ( 'NONE', ( #8968, #6979 ) ) ;
#9688 = FACE_BOUND ( 'NONE', #3929, .T. ) ;
#9689 = AXIS2_PLACEMENT_3D ( 'NONE', #4162, #7325, #239 ) ;
#9690 = DIRECTION ( 'NONE',  ( 0.000000000000000000, 0.000000000000000000, 1.000000000000000000 ) ) ;
#9691 = FILL_AREA_STYLE ('',( #9632 ) ) ;
#9692 = CARTESIAN_POINT ( 'NONE',  ( 15.07550534522236418, 15.94640676939203949, 46.50000000000000000 ) ) ;
#9693 = CARTESIAN_POINT ( 'NONE',  ( -15.29091159907558861, -16.78307522795895323, 47.50000000000000000 ) ) ;
#9694 = AXIS2_PLACEMENT_3D ( 'NONE', #8546, #771, #3765 ) ;
#9695 = CARTESIAN_POINT ( 'NONE',  ( -2.500000000000000000, 3.061616997868383141E-16, 45.00000000000000000 ) ) ;
#9696 = DIRECTION ( 'NONE',  ( 0.000000000000000000, 0.000000000000000000, 1.000000000000000000 ) ) ;
#9697 = EDGE_CURVE ( 'NONE', #7911, #2223, #5571, .T. ) ;
#9698 = VERTEX_POINT ( 'NONE', #278 ) ;
#9699 = ORIENTED_EDGE ( 'NONE', *, *, #5872, .T. ) ;
#9700 = COLOUR_RGB ( '',0.2509803921568627416, 0.2509803921568627416, 0.2509803921568627416 ) ;
#9701 = VERTEX_POINT ( 'NONE', #6595 ) ;
#9702 = EDGE_CURVE ( 'NONE', #757, #6891, #6732, .T. ) ;
#9703 = ADVANCED_FACE ( 'NONE', ( #175 ), #8933, .T. ) ;
#9704 = FILL_AREA_STYLE_COLOUR ( '', #1458 ) ;
#9705 = SURFACE_STYLE_FILL_AREA ( #6472 ) ;
#9706 = AXIS2_PLACEMENT_3D ( 'NONE', #2996, #7522, #2211 ) ;
#9707 = EDGE_CURVE ( 'NONE', #2352, #7539, #2619, .T. ) ;
#9708 = STYLED_ITEM ( 'NONE', ( #458 ), #6313 ) ;
#9709 = B_SPLINE_CURVE_WITH_KNOTS ( 'NONE', 3,
 ( #8953, #5117, #9169, #4383 ),
 .UNSPECIFIED., .F., .F.,
 ( 4, 4 ),
 ( 0.000000000000000000, 0.0002154103325596452671 ),
 .UNSPECIFIED. ) ;
#9710 = PRESENTATION_STYLE_ASSIGNMENT (( #9804 ) ) ;
#9711 = EDGE_CURVE ( 'NONE', #9311, #7212, #4910, .T. ) ;
#9712 =( NAMED_UNIT ( * ) PLANE_ANGLE_UNIT ( ) SI_UNIT ( $, .RADIAN. ) );
#9713 = EDGE_LOOP ( 'NONE', ( #7620, #3670, #8985, #4334 ) ) ;
#9714 = VERTEX_POINT ( 'NONE', #3541 ) ;
#9715 = ORIENTED_EDGE ( 'NONE', *, *, #827, .T. ) ;
#9716 = CARTESIAN_POINT ( 'NONE',  ( 16.94289321881344890, -20.65000000000000213, 10.00000000000000000 ) ) ;
#9717 = COLOUR_RGB ( '',0.2509803921568627416, 0.2509803921568627416, 0.2509803921568627416 ) ;
#9718 = AXIS2_PLACEMENT_3D ( 'NONE', #2280, #5330, #7745 ) ;
#9719 = SURFACE_STYLE_USAGE ( .BOTH. , #3432 ) ;
#9720 = CARTESIAN_POINT ( 'NONE',  ( 14.15069333393202911, 15.94640676939204305, 46.50000000000000000 ) ) ;
#9721 = CARTESIAN_POINT ( 'NONE',  ( 1.379851512413567960, -39.15000000000000568, 42.95165094913121351 ) ) ;
#9722 = DIRECTION ( 'NONE',  ( 0.7363275207553916513, 0.000000000000000000, -0.6766252893427929793 ) ) ;
#9723 = STYLED_ITEM ( 'NONE', ( #4568 ), #6680 ) ;
#9724 = ORIENTED_EDGE ( 'NONE', *, *, #2888, .F. ) ;
#9725 = VERTEX_POINT ( 'NONE', #6124 ) ;
#9726 = FILL_AREA_STYLE_COLOUR ( '', #3595 ) ;
#9727 = ORIENTED_EDGE ( 'NONE', *, *, #5038, .F. ) ;
#9728 = CARTESIAN_POINT ( 'NONE',  ( -18.79644660940671130, -18.79644660940671130, -0.000000000000000000 ) ) ;
#9729 = CARTESIAN_POINT ( 'NONE',  ( 16.75000000000010303, -15.49999999999989164, 4.500000000000000888 ) ) ;
#9730 = LINE ( 'NONE', #9780, #3173 ) ;
#9731 = CARTESIAN_POINT ( 'NONE',  ( -14.23501994154195849, 15.92449465477564097, 47.49955985394394986 ) ) ;
#9732 = LINE ( 'NONE', #2685, #1630 ) ;
#9733 = PLANE ( 'NONE',  #5840 ) ;
#9734 = AXIS2_PLACEMENT_3D ( 'NONE', #666, #7729, #508 ) ;
#9735 = ORIENTED_EDGE ( 'NONE', *, *, #9755, .T. ) ;
#9736 = DIRECTION ( 'NONE',  ( 1.000000000000000000, -3.751515886037098688E-15, -0.000000000000000000 ) ) ;
#9737 = ORIENTED_EDGE ( 'NONE', *, *, #876, .F. ) ;
#9738 = PRESENTATION_STYLE_ASSIGNMENT (( #3509 ) ) ;
#9739 = FACE_BOUND ( 'NONE', #420, .T. ) ;
#9740 = CARTESIAN_POINT ( 'NONE',  ( 0.000000000000000000, 0.000000000000000000, 6.000000000000000000 ) ) ;
#9741 = CARTESIAN_POINT ( 'NONE',  ( -15.92449465477579018, -14.21692477204105209, 46.50000000000000000 ) ) ;
#9742 =( NAMED_UNIT ( * ) SI_UNIT ( $, .STERADIAN. ) SOLID_ANGLE_UNIT ( ) );
#9743 =( GEOMETRIC_REPRESENTATION_CONTEXT ( 3 ) GLOBAL_UNCERTAINTY_ASSIGNED_CONTEXT ( ( #2174 ) ) GLOBAL_UNIT_ASSIGNED_CONTEXT ( ( #7460, #5043, #1020 ) ) REPRESENTATION_CONTEXT ( 'NONE', 'WORKASPACE' ) );
#9744 = DIRECTION ( 'NONE',  ( -0.000000000000000000, -0.000000000000000000, 1.000000000000000000 ) ) ;
#9745 = FACE_OUTER_BOUND ( 'NONE', #7939, .T. ) ;
#9746 =( NAMED_UNIT ( * ) SI_UNIT ( $, .STERADIAN. ) SOLID_ANGLE_UNIT ( ) );
#9747 = CARTESIAN_POINT ( 'NONE',  ( 14.15069333393202733, 15.64880225646412093, 47.49878368663153339 ) ) ;
#9748 = VERTEX_POINT ( 'NONE', #2090 ) ;
#9749 = CIRCLE ( 'NONE', #7605, 1.249999999999999334 ) ;
#9750 = VERTEX_POINT ( 'NONE', #2821 ) ;
#9751 = EDGE_CURVE ( 'NONE', #6101, #2787, #9868, .T. ) ;
#9752 = ORIENTED_EDGE ( 'NONE', *, *, #3223, .T. ) ;
#9753 = LINE ( 'NONE', #5743, #10197 ) ;
#9754 = DIRECTION ( 'NONE',  ( 0.7071067811865650032, 0.7071067811865302533, 0.000000000000000000 ) ) ;
#9755 = EDGE_CURVE ( 'NONE', #4061, #4427, #622, .T. ) ;
#9756 = PRESENTATION_STYLE_ASSIGNMENT (( #2756 ) ) ;
#9757 = SURFACE_SIDE_STYLE ('',( #3526 ) ) ;
#9758 = SURFACE_STYLE_USAGE ( .BOTH. , #6629 ) ;
#9760 = VERTEX_POINT ( 'NONE', #1272 ) ;
#9759 = VECTOR ( 'NONE', #4179, 1000.000000000000000 ) ;
#9761 = ORIENTED_EDGE ( 'NONE', *, *, #634, .F. ) ;
#9762 = EDGE_CURVE ( 'NONE', #4654, #2536, #1949, .T. ) ;
#9763 = EDGE_LOOP ( 'NONE', ( #9406, #551, #7765, #5809, #59 ) ) ;
#9764 = CARTESIAN_POINT ( 'NONE',  ( 0.000000000000000000, 0.000000000000000000, 46.00000000000000000 ) ) ;
#9765 = CARTESIAN_POINT ( 'NONE',  ( -15.94640676939209456, 16.72095085742160947, 47.50000000000000000 ) ) ;
#9766 = CARTESIAN_POINT ( 'NONE',  ( 13.32957238623955831, 21.14999999999999858, 99.84951795962939514 ) ) ;
#9767 = CARTESIAN_POINT ( 'NONE',  ( -21.14999999999999503, -21.15000000000000568, 10.00000000000000000 ) ) ;
#9768 = ADVANCED_FACE ( 'NONE', ( #9094 ), #8327, .F. ) ;
#9769 = CARTESIAN_POINT ( 'NONE',  ( 15.50000000000101963, -15.49999999999983658, 47.50000000000000000 ) ) ;
#9770 = PRESENTATION_LAYER_ASSIGNMENT (  '', '', ( #8763 ) ) ;
#9771 =( NAMED_UNIT ( * ) PLANE_ANGLE_UNIT ( ) SI_UNIT ( $, .RADIAN. ) );
#9772 = EDGE_CURVE ( 'NONE', #6953, #1355, #6839, .T. ) ;
#9773 = ORIENTED_EDGE ( 'NONE', *, *, #1215, .F. ) ;
#9774 = ORIENTED_EDGE ( 'NONE', *, *, #6266, .T. ) ;
#9775 = ADVANCED_FACE ( 'NONE', ( #1330 ), #3590, .F. ) ;
#9776 = EDGE_LOOP ( 'NONE', ( #851, #5126, #9832 ) ) ;
#9777 = DIRECTION ( 'NONE',  ( 1.000000000000000000, 6.938893903907221278E-15, -0.000000000000000000 ) ) ;
#9778 = EDGE_CURVE ( 'NONE', #3332, #5154, #9360, .T. ) ;
#9779 = CARTESIAN_POINT ( 'NONE',  ( 15.94640676939200041, -14.15069333393208950, 47.49262389544721685 ) ) ;
#9780 = CARTESIAN_POINT ( 'NONE',  ( -16.74999999999999289, 15.50000000000000000, 0.000000000000000000 ) ) ;
#9781 =( NAMED_UNIT ( * ) PLANE_ANGLE_UNIT ( ) SI_UNIT ( $, .RADIAN. ) );
#9782 = FACE_OUTER_BOUND ( 'NONE', #6566, .T. ) ;
#9783 = ORIENTED_EDGE ( 'NONE', *, *, #7013, .F. ) ;
#9784 = ORIENTED_EDGE ( 'NONE', *, *, #8541, .T. ) ;
#9785 = PLANE ( 'NONE',  #8514 ) ;
#9786 = EDGE_LOOP ( 'NONE', ( #1572, #33, #8229 ) ) ;
#9787 =( LENGTH_UNIT ( ) NAMED_UNIT ( * ) SI_UNIT ( .MILLI., .METRE. ) );
#9788 = LINE ( 'NONE', #2525, #5259 ) ;
#9789 =( GEOMETRIC_REPRESENTATION_CONTEXT ( 3 ) GLOBAL_UNCERTAINTY_ASSIGNED_CONTEXT ( ( #7005 ) ) GLOBAL_UNIT_ASSIGNED_CONTEXT ( ( #4813, #1808, #9439 ) ) REPRESENTATION_CONTEXT ( 'NONE', 'WORKASPACE' ) );
#9790 = DIRECTION ( 'NONE',  ( 1.000000000000000000, 0.000000000000000000, 0.000000000000000000 ) ) ;
#9791 = FILL_AREA_STYLE ('',( #1965 ) ) ;
#9792 = DIRECTION ( 'NONE',  ( 1.000000000000000000, 0.000000000000000000, 0.000000000000000000 ) ) ;
#9793 = DIRECTION ( 'NONE',  ( 1.000000000000000000, 0.000000000000000000, 0.000000000000000000 ) ) ;
#9794 = CARTESIAN_POINT ( 'NONE',  ( 16.78307522795900653, -15.92449465477577242, 46.50000000000000000 ) ) ;
#9795 = VECTOR ( 'NONE', #2988, 1000.000000000000114 ) ;
#9796 = ORIENTED_EDGE ( 'NONE', *, *, #7081, .F. ) ;
#9797 = ORIENTED_EDGE ( 'NONE', *, *, #7451, .T. ) ;
#9798 = EDGE_LOOP ( 'NONE', ( #213, #1712, #9855, #1889 ) ) ;
#9799 =( NAMED_UNIT ( * ) PLANE_ANGLE_UNIT ( ) SI_UNIT ( $, .RADIAN. ) );
#9800 = CARTESIAN_POINT ( 'NONE',  ( 15.94640676939200041, -14.15069333393208950, 46.50000000000000000 ) ) ;
#9801 = AXIS2_PLACEMENT_3D ( 'NONE', #8795, #2532, #1863 ) ;
#9802 = DIRECTION ( 'NONE',  ( -0.000000000000000000, 1.000000000000000000, 0.000000000000000000 ) ) ;
#9803 = EDGE_CURVE ( 'NONE', #392, #7184, #7067, .T. ) ;
#9804 = SURFACE_STYLE_USAGE ( .BOTH. , #8917 ) ;
#9805 = CARTESIAN_POINT ( 'NONE',  ( -15.50000000000016520, 15.49999999999897504, 46.00000000000000000 ) ) ;
#9806 = ORIENTED_EDGE ( 'NONE', *, *, #9885, .F. ) ;
#9807 = ORIENTED_EDGE ( 'NONE', *, *, #5684, .T. ) ;
#9808 = ORIENTED_EDGE ( 'NONE', *, *, #1016, .T. ) ;
#9809 = STYLED_ITEM ( 'NONE', ( #1793 ), #3030 ) ;
#9810 = STYLED_ITEM ( 'NONE', ( #4215 ), #5226 ) ;
#9811 = CARTESIAN_POINT ( 'NONE',  ( -15.49999999999897859, -15.50000000000102141, 46.50000000000000000 ) ) ;
#9812 = SURFACE_STYLE_USAGE ( .BOTH. , #9089 ) ;
#9813 = CARTESIAN_POINT ( 'NONE',  ( -20.64999999999999503, 0.000000000000000000, 47.50000000000000000 ) ) ;
#9814 = EDGE_CURVE ( 'NONE', #9357, #2573, #8849, .T. ) ;
#9815 = STYLED_ITEM ( 'NONE', ( #2614 ), #3483 ) ;
#9816 = ORIENTED_EDGE ( 'NONE', *, *, #2522, .F. ) ;
#9817 = ORIENTED_EDGE ( 'NONE', *, *, #2791, .F. ) ;
#9818 = EDGE_CURVE ( 'NONE', #1812, #5077, #3437, .T. ) ;
#9819 = ORIENTED_EDGE ( 'NONE', *, *, #8845, .T. ) ;
#9820 = CARTESIAN_POINT ( 'NONE',  ( -15.49999999999897859, -15.50000000000102141, 46.00000000000000000 ) ) ;
#9821 = LINE ( 'NONE', #5254, #8554 ) ;
#9822 = ADVANCED_FACE ( 'NONE', ( #3794 ), #7603, .F. ) ;
#9823 = FILL_AREA_STYLE_COLOUR ( '', #8806 ) ;
#9824 = ADVANCED_FACE ( 'NONE', ( #6018 ), #5416, .T. ) ;
#9825 = CARTESIAN_POINT ( 'NONE',  ( -1.379851512413567960, -39.15000000000000568, 42.95165094913121351 ) ) ;
#9826 = VECTOR ( 'NONE', #4719, 1000.000000000000000 ) ;
#9827 = MECHANICAL_DESIGN_GEOMETRIC_PRESENTATION_REPRESENTATION (  '', ( #5722 ), #5399 ) ;
#9828 = ORIENTED_EDGE ( 'NONE', *, *, #4407, .T. ) ;
#9829 = EDGE_LOOP ( 'NONE', ( #7777, #8619, #7197, #2422 ) ) ;
#9830 = EDGE_CURVE ( 'NONE', #80, #9908, #4564, .T. ) ;
#9831 = SURFACE_SIDE_STYLE ('',( #9000 ) ) ;
#9832 = ORIENTED_EDGE ( 'NONE', *, *, #5432, .F. ) ;
#9833 = VECTOR ( 'NONE', #9736, 1000.000000000000000 ) ;
#9834 = DIRECTION ( 'NONE',  ( 0.000000000000000000, 0.000000000000000000, 1.000000000000000000 ) ) ;
#9835 = PRESENTATION_STYLE_ASSIGNMENT (( #6710 ) ) ;
#9836 = CARTESIAN_POINT ( 'NONE',  ( 15.92449465477568893, 14.21692477204115868, 47.49867441544050450 ) ) ;
#9837 = CARTESIAN_POINT ( 'NONE',  ( -20.64999999999999503, -16.94289321881344534, 0.5000000000000004441 ) ) ;
#9838 = CARTESIAN_POINT ( 'NONE',  ( -16.94289321881343113, 21.14999999999999858, 8.000000000000000000 ) ) ;
#9839 = SURFACE_STYLE_USAGE ( .BOTH. , #5897 ) ;
#9840 = PRESENTATION_LAYER_ASSIGNMENT (  '', '', ( #787 ) ) ;
#9841 = FILL_AREA_STYLE_COLOUR ( '', #8283 ) ;
#9842 = PLANE ( 'NONE',  #1729 ) ;
#9843 = ORIENTED_EDGE ( 'NONE', *, *, #7498, .T. ) ;
#9844 = VERTEX_POINT ( 'NONE', #7809 ) ;
#9845 = ORIENTED_EDGE ( 'NONE', *, *, #4078, .F. ) ;
#9846 = STYLED_ITEM ( 'NONE', ( #9011 ), #2844 ) ;
#9847 = AXIS2_PLACEMENT_3D ( 'NONE', #8154, #7346, #1098 ) ;
#9848 = CARTESIAN_POINT ( 'NONE',  ( -16.78307522795903495, 15.07550534522243879, 47.49867441544049740 ) ) ;
#9849 = DIRECTION ( 'NONE',  ( 0.000000000000000000, 0.000000000000000000, 1.000000000000000000 ) ) ;
#9850 = CARTESIAN_POINT ( 'NONE',  ( 11.99999999999983835, 15.50000000000015987, 48.00000000000000000 ) ) ;
#9851 = CARTESIAN_POINT ( 'NONE',  ( 0.000000000000000000, 0.000000000000000000, 0.000000000000000000 ) ) ;
#9852 = AXIS2_PLACEMENT_3D ( 'NONE', #5832, #2044, #3449 ) ;
#9853 = DIRECTION ( 'NONE',  ( 1.000000000000000000, 0.000000000000000000, 0.000000000000000000 ) ) ;
#9854 = ORIENTED_EDGE ( 'NONE', *, *, #1451, .T. ) ;
#9855 = ORIENTED_EDGE ( 'NONE', *, *, #7126, .F. ) ;
#9856 = CARTESIAN_POINT ( 'NONE',  ( -15.50000000000016520, 15.49999999999897504, 47.50000000000000000 ) ) ;
#9857 = CARTESIAN_POINT ( 'NONE',  ( 1.379851512413564629, -19.15000000000000568, 41.54834905086877939 ) ) ;
#9858 = DIRECTION ( 'NONE',  ( -1.000000000000000000, 0.000000000000000000, 0.000000000000000000 ) ) ;
#9859 = VECTOR ( 'NONE', #6901, 1000.000000000000000 ) ;
#9860 = MECHANICAL_DESIGN_GEOMETRIC_PRESENTATION_REPRESENTATION (  '', ( #6263 ), #2805 ) ;
#9861 = DIRECTION ( 'NONE',  ( -1.000000000000000000, 3.751515886037098688E-15, 0.000000000000000000 ) ) ;
#9862 = SURFACE_STYLE_USAGE ( .BOTH. , #6836 ) ;
#9863 = SURFACE_STYLE_FILL_AREA ( #1111 ) ;
#9864 = ORIENTED_EDGE ( 'NONE', *, *, #3851, .T. ) ;
#9866 = ORIENTED_EDGE ( 'NONE', *, *, #1906, .T. ) ;
#9865 = CIRCLE ( 'NONE', #6764, 1.300000000000000711 ) ;
#9867 = AXIS2_PLACEMENT_3D ( 'NONE', #3315, #8713, #1719 ) ;
#9868 = LINE ( 'NONE', #7659, #5076 ) ;
#9869 = VERTEX_POINT ( 'NONE', #4621 ) ;
#9870 = EDGE_CURVE ( 'NONE', #10066, #8664, #8669, .T. ) ;
#9871 = FACE_OUTER_BOUND ( 'NONE', #4359, .T. ) ;
#9872 = CARTESIAN_POINT ( 'NONE',  ( 16.80000000000102034, -15.49999999999983658, 46.50000000000000000 ) ) ;
#9873 = DIRECTION ( 'NONE',  ( 1.000000000000000000, 0.000000000000000000, 0.000000000000000000 ) ) ;
#9874 = DIRECTION ( 'NONE',  ( -1.000000000000000000, 0.000000000000000000, 0.000000000000000000 ) ) ;
#9875 = AXIS2_PLACEMENT_3D ( 'NONE', #6341, #6240, #8588 ) ;
#9876 = CARTESIAN_POINT ( 'NONE',  ( -18.79644660940671486, -18.79644660940671486, 47.50000000000000000 ) ) ;
#9877 = ADVANCED_FACE ( 'NONE', ( #9560 ), #7764, .T. ) ;
#9878 = DIRECTION ( 'NONE',  ( 1.000000000000000000, 0.000000000000000000, 0.000000000000000000 ) ) ;
#9879 = FILL_AREA_STYLE_COLOUR ( '', #4350 ) ;
#9880 = ORIENTED_EDGE ( 'NONE', *, *, #2739, .T. ) ;
#9881 = ORIENTED_EDGE ( 'NONE', *, *, #9949, .F. ) ;
#9882 = DIRECTION ( 'NONE',  ( 8.202002250481356316E-17, -1.000000000000000000, -0.000000000000000000 ) ) ;
#9883 = VERTEX_POINT ( 'NONE', #6329 ) ;
#9884 = ADVANCED_FACE ( 'NONE', ( #8721 ), #6429, .T. ) ;
#9885 = EDGE_CURVE ( 'NONE', #3359, #4121, #1626, .T. ) ;
#9886 =( NAMED_UNIT ( * ) SI_UNIT ( $, .STERADIAN. ) SOLID_ANGLE_UNIT ( ) );
#9887 = ADVANCED_FACE ( 'NONE', ( #4668 ), #2355, .T. ) ;
#9888 = CARTESIAN_POINT ( 'NONE',  ( -17.14999999999997726, -21.15000000000000568, 0.5000000000000004441 ) ) ;
#9889 =( LENGTH_UNIT ( ) NAMED_UNIT ( * ) SI_UNIT ( .MILLI., .METRE. ) );
#9890 = DIRECTION ( 'NONE',  ( -0.7071067811865406894, 0.7071067811865544561, 0.000000000000000000 ) ) ;
#9891 = CARTESIAN_POINT ( 'NONE',  ( -21.14999999999999503, -16.94289321881344534, 8.000000000000000000 ) ) ;
#9892 = DIRECTION ( 'NONE',  ( 1.000000000000000000, 0.000000000000000000, 0.000000000000000000 ) ) ;
#9893 = CARTESIAN_POINT ( 'NONE',  ( -3.599999999999998312, -19.15000000000000568, 40.00000000000000000 ) ) ;
#9894 = AXIS2_PLACEMENT_3D ( 'NONE', #9457, #6946, #647 ) ;
#9895 = CARTESIAN_POINT ( 'NONE',  ( -15.92449465477579729, -15.05359323060806709, 46.50000000000000000 ) ) ;
#9896 = FILL_AREA_STYLE ('',( #8956 ) ) ;
#9897 = VERTEX_POINT ( 'NONE', #998 ) ;
#9898 = UNCERTAINTY_MEASURE_WITH_UNIT (LENGTH_MEASURE( 1.000000000000000082E-05 ), #9208, 'distance_accuracy_value', 'NONE');
#9899 = EDGE_LOOP ( 'NONE', ( #1747, #8827, #1840, #8268, #5125, #1893 ) ) ;
#9900 = FILL_AREA_STYLE ('',( #6776 ) ) ;
#9901 = EDGE_CURVE ( 'NONE', #9596, #5487, #8922, .T. ) ;
#9902 = AXIS2_PLACEMENT_3D ( 'NONE', #4900, #3213, #3163 ) ;
#9903 = DIRECTION ( 'NONE',  ( 1.000000000000000000, 0.000000000000000000, 0.000000000000000000 ) ) ;
#9904 =( NAMED_UNIT ( * ) PLANE_ANGLE_UNIT ( ) SI_UNIT ( $, .RADIAN. ) );
#9905 = SURFACE_STYLE_FILL_AREA ( #5909 ) ;
#9906 = EDGE_CURVE ( 'NONE', #6775, #3300, #6678, .T. ) ;
#9907 = CARTESIAN_POINT ( 'NONE',  ( -15.94640676939209456, 16.72095085742160947, 47.50000000000000000 ) ) ;
#9908 = VERTEX_POINT ( 'NONE', #2665 ) ;
#9909 = ORIENTED_EDGE ( 'NONE', *, *, #2323, .T. ) ;
#9910 = AXIS2_PLACEMENT_3D ( 'NONE', #6533, #954, #1733 ) ;
#9911 = SURFACE_STYLE_FILL_AREA ( #2861 ) ;
#9912 = LINE ( 'NONE', #3492, #5389 ) ;
#9913 = PLANE ( 'NONE',  #4650 ) ;
#9914 = MECHANICAL_DESIGN_GEOMETRIC_PRESENTATION_REPRESENTATION (  '', ( #5987 ), #5329 ) ;
#9915 = FACE_OUTER_BOUND ( 'NONE', #1358, .T. ) ;
#9916 = ORIENTED_EDGE ( 'NONE', *, *, #2442, .F. ) ;
#9917 = ORIENTED_EDGE ( 'NONE', *, *, #8, .F. ) ;
#9918 = CARTESIAN_POINT ( 'NONE',  ( -15.49999999999897859, -15.50000000000102141, 46.00000000000000000 ) ) ;
#9919 = ORIENTED_EDGE ( 'NONE', *, *, #738, .T. ) ;
#9920 = DIRECTION ( 'NONE',  ( -0.000000000000000000, -0.000000000000000000, 1.000000000000000000 ) ) ;
#9921 = CARTESIAN_POINT ( 'NONE',  ( 14.19999999999983764, 15.50000000000015987, 46.50000000000000000 ) ) ;
#9922 = LINE ( 'NONE', #4516, #1109 ) ;
#9923 = DIRECTION ( 'NONE',  ( 1.000000000000000000, 0.000000000000000000, -0.000000000000000000 ) ) ;
#9924 = DIRECTION ( 'NONE',  ( 0.6700528225186868081, 0.000000000000000000, -0.7423134210256077115 ) ) ;
#9925 =( BOUNDED_CURVE ( )  B_SPLINE_CURVE ( 3, ( #5597, #4025, #10169, #5447 ),
 .UNSPECIFIED., .F., .T. ) 
 B_SPLINE_CURVE_WITH_KNOTS ( ( 4, 4 ),
 ( 4.712388980384688786, 6.283185307179586232 ),
 .UNSPECIFIED. ) 
 CURVE ( )  GEOMETRIC_REPRESENTATION_ITEM ( )  RATIONAL_B_SPLINE_CURVE ( ( 1.000000000000000000, 0.8047378541243648264, 0.8047378541243648264, 1.000000000000000000 ) ) 
 REPRESENTATION_ITEM ( '' )  );
#9926 = FILL_AREA_STYLE ('',( #7668 ) ) ;
#9927 = EDGE_CURVE ( 'NONE', #3588, #8858, #2498, .T. ) ;
#9928 = CARTESIAN_POINT ( 'NONE',  ( 0.000000000000000000, 0.000000000000000000, 0.5000000000000000000 ) ) ;
#9929 = VERTEX_POINT ( 'NONE', #7446 ) ;
#9930 = EDGE_LOOP ( 'NONE', ( #8375, #1679, #3945 ) ) ;
#9931 = LINE ( 'NONE', #8487, #1452 ) ;
#9932 = EDGE_LOOP ( 'NONE', ( #254, #4833, #6138, #9441, #5740 ) ) ;
#9933 = PRESENTATION_STYLE_ASSIGNMENT (( #662 ) ) ;
#9934 = AXIS2_PLACEMENT_3D ( 'NONE', #8765, #4627, #1724 ) ;
#9935 = FACE_OUTER_BOUND ( 'NONE', #7194, .T. ) ;
#9936 = DIRECTION ( 'NONE',  ( 0.000000000000000000, 0.000000000000000000, 1.000000000000000000 ) ) ;
#9937 = CARTESIAN_POINT ( 'NONE',  ( -15.94640676939209456, 14.15069333393197404, 47.49262389544726659 ) ) ;
#9938 = PRESENTATION_STYLE_ASSIGNMENT (( #6814 ) ) ;
#9939 = DIRECTION ( 'NONE',  ( -0.000000000000000000, -0.000000000000000000, -1.000000000000000000 ) ) ;
#9940 = ORIENTED_EDGE ( 'NONE', *, *, #7692, .T. ) ;
#9941 = ORIENTED_EDGE ( 'NONE', *, *, #236, .F. ) ;
#9942 = EDGE_CURVE ( 'NONE', #9311, #7656, #964, .T. ) ;
#9943 = DIRECTION ( 'NONE',  ( -1.000000000000000000, 1.244022139150247530E-14, 0.000000000000000000 ) ) ;
#9944 = FILL_AREA_STYLE_COLOUR ( '', #9553 ) ;
#9945 = COLOUR_RGB ( '',0.2509803921568627416, 0.2509803921568627416, 0.2509803921568627416 ) ;
#9946 = ADVANCED_FACE ( 'NONE', ( #949 ), #3321, .T. ) ;
#9947 = LINE ( 'NONE', #5528, #5700 ) ;
#9948 = CIRCLE ( 'NONE', #10118, 2.299999999999999822 ) ;
#9949 = EDGE_CURVE ( 'NONE', #1274, #6389, #6582, .T. ) ;
#9950 = CARTESIAN_POINT ( 'NONE',  ( -14.15069333393214102, -15.94640676939194535, 47.49262389544732343 ) ) ;
#9951 = SURFACE_STYLE_FILL_AREA ( #6929 ) ;
#9952 = CARTESIAN_POINT ( 'NONE',  ( 11.00000000000000000, 0.000000000000000000, 0.000000000000000000 ) ) ;
#9953 = ORIENTED_EDGE ( 'NONE', *, *, #3415, .T. ) ;
#9954 = ORIENTED_EDGE ( 'NONE', *, *, #4617, .F. ) ;
#9955 = ADVANCED_FACE ( 'NONE', ( #8871 ), #4976, .T. ) ;
#9956 = DIRECTION ( 'NONE',  ( 0.7071067811865475727, -0.7071067811865475727, 0.000000000000000000 ) ) ;
#9957 = AXIS2_PLACEMENT_3D ( 'NONE', #1781, #2853, #4932 ) ;
#9958 = AXIS2_PLACEMENT_3D ( 'NONE', #9384, #831, #1660 ) ;
#9959 = FACE_OUTER_BOUND ( 'NONE', #519, .T. ) ;
#9960 = PRESENTATION_STYLE_ASSIGNMENT (( #6012 ) ) ;
#9961 =( NAMED_UNIT ( * ) PLANE_ANGLE_UNIT ( ) SI_UNIT ( $, .RADIAN. ) );
#9962 = CYLINDRICAL_SURFACE ( 'NONE', #1862, 0.4999999999999982236 ) ;
#9963 = VECTOR ( 'NONE', #2378, 1000.000000000000000 ) ;
#9964 = SPHERICAL_SURFACE ( 'NONE', #3459, 0.5000000000000000000 ) ;
#9965 = AXIS2_PLACEMENT_3D ( 'NONE', #3666, #1969, #4277 ) ;
#9966 = VERTEX_POINT ( 'NONE', #4241 ) ;
#9967 = EDGE_LOOP ( 'NONE', ( #8048, #6098 ) ) ;
#9968 = CARTESIAN_POINT ( 'NONE',  ( -1.379851512413567960, -39.15000000000000568, 41.54834905086877939 ) ) ;
#9969 = EDGE_LOOP ( 'NONE', ( #4680, #317, #7763, #9366, #9570 ) ) ;
#9970 = SURFACE_SIDE_STYLE ('',( #490 ) ) ;
#9971 = CARTESIAN_POINT ( 'NONE',  ( 17.14999999999998437, -21.15000000000000213, 38.00000000000000000 ) ) ;
#9972 = STYLED_ITEM ( 'NONE', ( #1071 ), #3159 ) ;
#9973 = CYLINDRICAL_SURFACE ( 'NONE', #7211, 3.500000000000000000 ) ;
#9974 = DIRECTION ( 'NONE',  ( -0.000000000000000000, -0.000000000000000000, 1.000000000000000000 ) ) ;
#9975 = CARTESIAN_POINT ( 'NONE',  ( -14.25314224406688979, 15.07550534522231089, 47.50000000000000000 ) ) ;
#9976 = PRESENTATION_STYLE_ASSIGNMENT (( #3746 ) ) ;
#9977 = FACE_OUTER_BOUND ( 'NONE', #2820, .T. ) ;
#9978 = ORIENTED_EDGE ( 'NONE', *, *, #2203, .F. ) ;
#9979 = VERTEX_POINT ( 'NONE', #331 ) ;
#9980 = ORIENTED_EDGE ( 'NONE', *, *, #7075, .T. ) ;
#9981 = UNCERTAINTY_MEASURE_WITH_UNIT (LENGTH_MEASURE( 1.000000000000000082E-05 ), #7466, 'distance_accuracy_value', 'NONE');
#9982 = CARTESIAN_POINT ( 'NONE',  ( 21.14999999999999858, 13.32957238623956009, 5.900501256289341967 ) ) ;
#9983 = CARTESIAN_POINT ( 'NONE',  ( 15.78089184510518983, 14.21692477204116045, 47.50000000000000000 ) ) ;
#9984 = DIRECTION ( 'NONE',  ( -1.000000000000000000, 3.751515886037098688E-15, 0.000000000000000000 ) ) ;
#9985 = CARTESIAN_POINT ( 'NONE',  ( 14.15069333393202911, 15.94640676939204305, 46.50000000000000000 ) ) ;
#9986 = CARTESIAN_POINT ( 'NONE',  ( -1.379851512413567960, -19.15000000000000568, 42.95165094913121351 ) ) ;
#9987 = AXIS2_PLACEMENT_3D ( 'NONE', #8525, #748, #7100 ) ;
#9988 = CARTESIAN_POINT ( 'NONE',  ( -15.05359323060823584, 16.84930666606597782, 46.50000000000000000 ) ) ;
#9989 = STYLED_ITEM ( 'NONE', ( #2579 ), #1652 ) ;
#9990 = LINE ( 'NONE', #7782, #3444 ) ;
#9991 = CARTESIAN_POINT ( 'NONE',  ( -15.14729938218595251, -14.21692477204106098, 47.49983667794648312 ) ) ;
#9992 =( GEOMETRIC_REPRESENTATION_CONTEXT ( 3 ) GLOBAL_UNCERTAINTY_ASSIGNED_CONTEXT ( ( #2879 ) ) GLOBAL_UNIT_ASSIGNED_CONTEXT ( ( #3205, #7165, #919 ) ) REPRESENTATION_CONTEXT ( 'NONE', 'WORKASPACE' ) );
#9993 = SURFACE_STYLE_USAGE ( .BOTH. , #4639 ) ;
#9994 = ORIENTED_EDGE ( 'NONE', *, *, #10139, .T. ) ;
#9995 = ORIENTED_EDGE ( 'NONE', *, *, #6890, .F. ) ;
#9996 = UNCERTAINTY_MEASURE_WITH_UNIT (LENGTH_MEASURE( 1.000000000000000082E-05 ), #6280, 'distance_accuracy_value', 'NONE');
#9997 = ORIENTED_EDGE ( 'NONE', *, *, #5046, .T. ) ;
#9998 = DIRECTION ( 'NONE',  ( 0.000000000000000000, 0.000000000000000000, 1.000000000000000000 ) ) ;
#9999 = PRESENTATION_LAYER_ASSIGNMENT (  '', '', ( #1613 ) ) ;
#10000 = DIRECTION ( 'NONE',  ( -0.000000000000000000, -0.000000000000000000, -1.000000000000000000 ) ) ;
#10001 = EDGE_CURVE ( 'NONE', #3119, #8417, #1828, .T. ) ;
#10002 = CARTESIAN_POINT ( 'NONE',  ( 2.799999999999999822, 0.000000000000000000, 45.00000000000000000 ) ) ;
#10003 = CARTESIAN_POINT ( 'NONE',  ( -3.599999999999998312, -21.15000000000000568, 44.50000000000000000 ) ) ;
#10004 = DIRECTION ( 'NONE',  ( -0.000000000000000000, 1.000000000000000000, -0.000000000000000000 ) ) ;
#10005 = ADVANCED_FACE ( 'NONE', ( #3489 ), #6633, .F. ) ;
#10006 = VECTOR ( 'NONE', #1406, 1000.000000000000000 ) ;
#10007 = DIRECTION ( 'NONE',  ( -1.000000000000000000, 0.000000000000000000, 0.000000000000000000 ) ) ;
#10008 = CYLINDRICAL_SURFACE ( 'NONE', #5694, 0.5000000000000004441 ) ;
#10009 = LINE ( 'NONE', #3823, #5678 ) ;
#10010 = EDGE_LOOP ( 'NONE', ( #2521, #5886, #1342, #8456 ) ) ;
#10011 = AXIS2_PLACEMENT_3D ( 'NONE', #319, #7587, #7484 ) ;
#10012 = AXIS2_PLACEMENT_3D ( 'NONE', #8966, #5853, #210 ) ;
#10013 = AXIS2_PLACEMENT_3D ( 'NONE', #7912, #852, #166 ) ;
#10014 = ORIENTED_EDGE ( 'NONE', *, *, #8994, .T. ) ;
#10015 = EDGE_CURVE ( 'NONE', #3778, #2314, #7651, .T. ) ;
#10016 = DIRECTION ( 'NONE',  ( -0.7071067811865510144, 0.7071067811865441310, 9.813077866773537686E-15 ) ) ;
#10017 = EDGE_CURVE ( 'NONE', #9929, #9658, #3532, .T. ) ;
#10018 = VECTOR ( 'NONE', #5588, 1000.000000000000000 ) ;
#10019 = EDGE_CURVE ( 'NONE', #9979, #5670, #9530, .T. ) ;
#10020 = CARTESIAN_POINT ( 'NONE',  ( 14.25000000000010658, -15.49999999999989164, 4.500000000000000888 ) ) ;
#10021 = DIRECTION ( 'NONE',  ( 0.8571673007021120005, 1.049727191138618326E-16, -0.5150380749100547106 ) ) ;
#10022 =( NAMED_UNIT ( * ) SI_UNIT ( $, .STERADIAN. ) SOLID_ANGLE_UNIT ( ) );
#10023 = EDGE_CURVE ( 'NONE', #1905, #671, #2747, .T. ) ;
#10024 = CARTESIAN_POINT ( 'NONE',  ( -18.99999999999961631, -15.50000000000102141, 48.00000000000000000 ) ) ;
#10025 = ORIENTED_EDGE ( 'NONE', *, *, #2515, .F. ) ;
#10026 = EDGE_LOOP ( 'NONE', ( #3309, #2560, #6464, #6822 ) ) ;
#10027 = ORIENTED_EDGE ( 'NONE', *, *, #8924, .F. ) ;
#10028 = AXIS2_PLACEMENT_3D ( 'NONE', #8434, #6079, #7772 ) ;
#10029 = PRESENTATION_LAYER_ASSIGNMENT (  '', '', ( #7894 ) ) ;
#10030 = DIRECTION ( 'NONE',  ( 7.503031772074197377E-15, 1.000000000000000000, 0.000000000000000000 ) ) ;
#10031 = CARTESIAN_POINT ( 'NONE',  ( 0.000000000000000000, -21.25000000000000711, 43.56695646205938033 ) ) ;
#10032 = CARTESIAN_POINT ( 'NONE',  ( 16.74685775593380299, -15.07550534522241925, 47.50000000000000000 ) ) ;
#10033 = CARTESIAN_POINT ( 'NONE',  ( -14.21692477204121730, 15.07550534522231089, 47.49867441544049029 ) ) ;
#10034 = CIRCLE ( 'NONE', #5108, 0.5000000000000004441 ) ;
#10035 = FACE_OUTER_BOUND ( 'NONE', #1169, .T. ) ;
#10036 = MECHANICAL_DESIGN_GEOMETRIC_PRESENTATION_REPRESENTATION (  '', ( #1152 ), #7898 ) ;
#10037 = AXIS2_PLACEMENT_3D ( 'NONE', #10165, #3124, #1421 ) ;
#10038 = CARTESIAN_POINT ( 'NONE',  ( 21.00355339059327164, 17.29644660940672196, 47.50000000000000000 ) ) ;
#10039 = ORIENTED_EDGE ( 'NONE', *, *, #4396, .F. ) ;
#10040 = VERTEX_POINT ( 'NONE', #1208 ) ;
#10041 = PRESENTATION_STYLE_ASSIGNMENT (( #1287 ) ) ;
#10042 = ORIENTED_EDGE ( 'NONE', *, *, #8845, .F. ) ;
#10043 = CARTESIAN_POINT ( 'NONE',  ( 15.79760451292802692, -14.15069333393208950, 47.49833231681223822 ) ) ;
#10044 = DIRECTION ( 'NONE',  ( -0.7071067811865451302, -0.7071067811865500152, 0.000000000000000000 ) ) ;
#10045 = LINE ( 'NONE', #6858, #4946 ) ;
#10046 = AXIS2_PLACEMENT_3D ( 'NONE', #4044, #8077, #4994 ) ;
#10047 =( GEOMETRIC_REPRESENTATION_CONTEXT ( 3 ) GLOBAL_UNCERTAINTY_ASSIGNED_CONTEXT ( ( #83 ) ) GLOBAL_UNIT_ASSIGNED_CONTEXT ( ( #1814, #8860, #4177 ) ) REPRESENTATION_CONTEXT ( 'NONE', 'WORKASPACE' ) );
#10048 = DIRECTION ( 'NONE',  ( -2.073370231917083424E-15, -1.000000000000000000, 0.000000000000000000 ) ) ;
#10049 = SURFACE_STYLE_USAGE ( .BOTH. , #510 ) ;
#10050 =( NAMED_UNIT ( * ) PLANE_ANGLE_UNIT ( ) SI_UNIT ( $, .RADIAN. ) );
#10051 =( NAMED_UNIT ( * ) SI_UNIT ( $, .STERADIAN. ) SOLID_ANGLE_UNIT ( ) );
#10052 = DIRECTION ( 'NONE',  ( 1.000000000000000000, 0.000000000000000000, 0.000000000000000000 ) ) ;
#10053 = ORIENTED_EDGE ( 'NONE', *, *, #1848, .F. ) ;
#10054 = CARTESIAN_POINT ( 'NONE',  ( 15.07550534522235886, 14.23501994154201356, 47.49955985394394276 ) ) ;
#10055 = VERTEX_POINT ( 'NONE', #3911 ) ;
#10056 = DIRECTION ( 'NONE',  ( -0.000000000000000000, 1.000000000000000000, -1.387778780781444256E-14 ) ) ;
#10057 = SURFACE_STYLE_FILL_AREA ( #3864 ) ;
#10058 = AXIS2_PLACEMENT_3D ( 'NONE', #1056, #4189, #7354 ) ;
#10059 = PRESENTATION_STYLE_ASSIGNMENT (( #7746 ) ) ;
#10060 = COLOUR_RGB ( '',0.2509803921568627416, 0.2509803921568627416, 0.2509803921568627416 ) ;
#10061 = DIRECTION ( 'NONE',  ( 1.000000000000000000, -7.503031772074197377E-15, 0.000000000000000000 ) ) ;
#10062 = DIRECTION ( 'NONE',  ( -6.129842118587363744E-15, -1.000000000000000000, 0.000000000000000000 ) ) ;
#10063 = SURFACE_STYLE_USAGE ( .BOTH. , #2908 ) ;
#10064 = EDGE_CURVE ( 'NONE', #6932, #4579, #7834, .T. ) ;
#10065 = DIRECTION ( 'NONE',  ( -0.000000000000000000, -0.000000000000000000, -1.000000000000000000 ) ) ;
#10066 = VERTEX_POINT ( 'NONE', #3003 ) ;
#10067 = MECHANICAL_DESIGN_GEOMETRIC_PRESENTATION_REPRESENTATION (  '', ( #350 ), #4966 ) ;
#10068 = ORIENTED_EDGE ( 'NONE', *, *, #3169, .F. ) ;
#10069 = SURFACE_STYLE_FILL_AREA ( #1418 ) ;
#10070 = ADVANCED_FACE ( 'NONE', ( #1553 ), #7787, .T. ) ;
#10071 = FILL_AREA_STYLE_COLOUR ( '', #3136 ) ;
#10072 = B_SPLINE_CURVE_WITH_KNOTS ( 'NONE', 3,
 ( #9195, #8323, #5393, #7708 ),
 .UNSPECIFIED., .F., .F.,
 ( 4, 4 ),
 ( 0.000000000000000000, 0.0001285675718494369210 ),
 .UNSPECIFIED. ) ;
#10073 = DIRECTION ( 'NONE',  ( 1.000000000000000000, 0.000000000000000000, 0.000000000000000000 ) ) ;
#10074 = CIRCLE ( 'NONE', #4645, 0.5000000000000004441 ) ;
#10075 =( GEOMETRIC_REPRESENTATION_CONTEXT ( 3 ) GLOBAL_UNCERTAINTY_ASSIGNED_CONTEXT ( ( #7097 ) ) GLOBAL_UNIT_ASSIGNED_CONTEXT ( ( #750, #9511, #6172 ) ) REPRESENTATION_CONTEXT ( 'NONE', 'WORKASPACE' ) );
#10076 = ORIENTED_EDGE ( 'NONE', *, *, #9006, .T. ) ;
#10077 = ORIENTED_EDGE ( 'NONE', *, *, #1523, .T. ) ;
#10078 = DIRECTION ( 'NONE',  ( 1.000000000000000000, -4.146740463834175526E-15, 0.000000000000000000 ) ) ;
#10079 = ORIENTED_EDGE ( 'NONE', *, *, #892, .F. ) ;
#10080 = ADVANCED_FACE ( 'NONE', ( #5421 ), #720, .T. ) ;
#10081 = CARTESIAN_POINT ( 'NONE',  ( 3.600000000000001421, -19.15000000000000568, 40.00000000000000000 ) ) ;
#10082 = FILL_AREA_STYLE_COLOUR ( '', #344 ) ;
#10083 = PRESENTATION_LAYER_ASSIGNMENT (  '', '', ( #4488 ) ) ;
#10084 = CARTESIAN_POINT ( 'NONE',  ( 15.70908840091730241, 16.78307522795905626, 47.50000000000000000 ) ) ;
#10085 = LINE ( 'NONE', #9156, #9795 ) ;
#10086 = EDGE_CURVE ( 'NONE', #2749, #5374, #141, .T. ) ;
#10087 = DIRECTION ( 'NONE',  ( 0.000000000000000000, 0.000000000000000000, 1.000000000000000000 ) ) ;
#10088 = EDGE_CURVE ( 'NONE', #1505, #1809, #1506, .T. ) ;
#10089 = ORIENTED_EDGE ( 'NONE', *, *, #3103, .T. ) ;
#10090 = ORIENTED_EDGE ( 'NONE', *, *, #7505, .T. ) ;
#10091 = AXIS2_PLACEMENT_3D ( 'NONE', #9401, #4560, #8614 ) ;
#10092 = VERTEX_POINT ( 'NONE', #2328 ) ;
#10093 = EDGE_CURVE ( 'NONE', #6267, #341, #3052, .T. ) ;
#10094 = CARTESIAN_POINT ( 'NONE',  ( -15.92449465477579018, -14.21692477204105209, 47.49867441544044055 ) ) ;
#10095 = CARTESIAN_POINT ( 'NONE',  ( 15.92449465477571025, 16.72874093610781188, 47.50000000000000000 ) ) ;
#10096 = DIRECTION ( 'NONE',  ( -0.000000000000000000, -0.000000000000000000, 1.000000000000000000 ) ) ;
#10097 = CIRCLE ( 'NONE', #2196, 0.4999999999999982236 ) ;
#10098 = CARTESIAN_POINT ( 'NONE',  ( -15.07550534522246011, -14.23501994154212369, 47.49955985394392854 ) ) ;
#10099 = DIRECTION ( 'NONE',  ( -8.293480927668351052E-15, -1.000000000000000000, -0.000000000000000000 ) ) ;
#10100 = ORIENTED_EDGE ( 'NONE', *, *, #8486, .T. ) ;
#10101 = CARTESIAN_POINT ( 'NONE',  ( 17.29644660940673262, 21.00355339059327520, 8.000000000000000000 ) ) ;
#10102 = EDGE_LOOP ( 'NONE', ( #10111, #8473 ) ) ;
#10103 = DIRECTION ( 'NONE',  ( 1.000000000000000000, -1.125454765811129607E-14, 0.000000000000000000 ) ) ;
#10104 = DIRECTION ( 'NONE',  ( 1.000000000000000000, 0.000000000000000000, 0.000000000000000000 ) ) ;
#10105 = VECTOR ( 'NONE', #5100, 1000.000000000000000 ) ;
#10106 =( LENGTH_UNIT ( ) NAMED_UNIT ( * ) SI_UNIT ( .MILLI., .METRE. ) );
#10107 =( NAMED_UNIT ( * ) SI_UNIT ( $, .STERADIAN. ) SOLID_ANGLE_UNIT ( ) );
#10108 = LINE ( 'NONE', #10158, #2112 ) ;
#10109 = FACE_BOUND ( 'NONE', #2922, .T. ) ;
#10110 = SURFACE_STYLE_USAGE ( .BOTH. , #9394 ) ;
#10111 = ORIENTED_EDGE ( 'NONE', *, *, #4484, .T. ) ;
#10112 = PRESENTATION_STYLE_ASSIGNMENT (( #6978 ) ) ;
#10113 = EDGE_LOOP ( 'NONE', ( #2146, #4106, #4770, #3952, #959, #6758, #5196, #6216 ) ) ;
#10114 = AXIS2_PLACEMENT_3D ( 'NONE', #8201, #252, #7476 ) ;
#10115 =( NAMED_UNIT ( * ) SI_UNIT ( $, .STERADIAN. ) SOLID_ANGLE_UNIT ( ) );
#10116 = CARTESIAN_POINT ( 'NONE',  ( -14.24999999999999645, 15.50000000000000000, 4.500000000000000888 ) ) ;
#10117 = DIRECTION ( 'NONE',  ( 1.000000000000000000, 0.000000000000000000, 0.000000000000000000 ) ) ;
#10118 = AXIS2_PLACEMENT_3D ( 'NONE', #9811, #1104, #1984 ) ;
#10119 = LINE ( 'NONE', #6985, #6895 ) ;
#10120 = ORIENTED_EDGE ( 'NONE', *, *, #6067, .F. ) ;
#10121 = ORIENTED_EDGE ( 'NONE', *, *, #4290, .T. ) ;
#10122 = ORIENTED_EDGE ( 'NONE', *, *, #9144, .T. ) ;
#10123 = DIRECTION ( 'NONE',  ( -0.000000000000000000, 1.000000000000000000, 0.000000000000000000 ) ) ;
#10124 = CARTESIAN_POINT ( 'NONE',  ( 1.379851512413564629, -39.15000000000000568, 41.54834905086877939 ) ) ;
#10125 = CARTESIAN_POINT ( 'NONE',  ( 18.49999999999983658, 15.50000000000015987, 46.00000000000000000 ) ) ;
#10126 = AXIS2_PLACEMENT_3D ( 'NONE', #9593, #148, #1664 ) ;
#10127 = AXIS2_PLACEMENT_3D ( 'NONE', #973, #4267, #2577 ) ;
#10128 = CARTESIAN_POINT ( 'NONE',  ( -16.84930666606614125, -15.64880225646465561, 47.49878368663156891 ) ) ;
#10129 = EDGE_CURVE ( 'NONE', #9897, #4988, #7021, .T. ) ;
#10130 =( NAMED_UNIT ( * ) PLANE_ANGLE_UNIT ( ) SI_UNIT ( $, .RADIAN. ) );
#10131 = ORIENTED_EDGE ( 'NONE', *, *, #7383, .F. ) ;
#10132 = ORIENTED_EDGE ( 'NONE', *, *, #7502, .T. ) ;
#10133 = CARTESIAN_POINT ( 'NONE',  ( 20.65000000000000568, -16.94289321881346311, 0.5000000000000000000 ) ) ;
#10134 = ORIENTED_EDGE ( 'NONE', *, *, #6248, .F. ) ;
#10135 = LINE ( 'NONE', #2367, #2572 ) ;
#10136 = MECHANICAL_DESIGN_GEOMETRIC_PRESENTATION_REPRESENTATION (  '', ( #9972 ), #257 ) ;
#10137 = CIRCLE ( 'NONE', #5709, 2.799999999999999822 ) ;
#10138 = FILL_AREA_STYLE ('',( #9373 ) ) ;
#10139 = EDGE_CURVE ( 'NONE', #9038, #501, #5965, .T. ) ;
#10140 = PLANE ( 'NONE',  #332 ) ;
#10141 = TOROIDAL_SURFACE ( 'NONE', #9488, 4.000000000000000000, 0.5000000000000000000 ) ;
#10142 = CARTESIAN_POINT ( 'NONE',  ( -14.15069333393213746, -15.50000000000102318, 47.49878368663158312 ) ) ;
#10143 = EDGE_CURVE ( 'NONE', #7490, #8767, #3282, .T. ) ;
#10144 = CARTESIAN_POINT ( 'NONE',  ( -15.07550534522247254, -16.78307522795895679, 47.50000000000000000 ) ) ;
#10145 = DIRECTION ( 'NONE',  ( -0.000000000000000000, -0.000000000000000000, 1.000000000000000000 ) ) ;
#10146 = ADVANCED_FACE ( 'NONE', ( #6147 ), #3104, .T. ) ;
#10147 =( NAMED_UNIT ( * ) SI_UNIT ( $, .STERADIAN. ) SOLID_ANGLE_UNIT ( ) );
#10148 = CARTESIAN_POINT ( 'NONE',  ( 0.000000000000000000, 21.15999999999999659, 40.00000000000000000 ) ) ;
#10149 = ORIENTED_EDGE ( 'NONE', *, *, #9942, .T. ) ;
#10150 = DIRECTION ( 'NONE',  ( -0.000000000000000000, -0.000000000000000000, 1.000000000000000000 ) ) ;
#10151 = VERTEX_POINT ( 'NONE', #7222 ) ;
#10152 = DIRECTION ( 'NONE',  ( -0.7363275207553916513, 0.000000000000000000, -0.6766252893427929793 ) ) ;
#10153 = CARTESIAN_POINT ( 'NONE',  ( 15.05359323060812748, -15.92449465477574755, 47.50000000000000000 ) ) ;
#10154 = FACE_OUTER_BOUND ( 'NONE', #6008, .T. ) ;
#10155 = PRESENTATION_LAYER_ASSIGNMENT (  '', '', ( #942 ) ) ;
#10156 = VECTOR ( 'NONE', #242, 1000.000000000000000 ) ;
#10157 = FACE_OUTER_BOUND ( 'NONE', #10113, .T. ) ;
#10158 = CARTESIAN_POINT ( 'NONE',  ( 13.19999999999983764, 15.50000000000015987, 47.50000000000000000 ) ) ;
#10159 = DIRECTION ( 'NONE',  ( -1.000000000000000000, 0.000000000000000000, -0.000000000000000000 ) ) ;
#10160 = CARTESIAN_POINT ( 'NONE',  ( -14.15069333393213924, -15.64880225646466450, 47.49878368663158312 ) ) ;
#10161 = CARTESIAN_POINT ( 'NONE',  ( 17.29644660940673262, 21.00355339059327520, 0.5000000000000000000 ) ) ;
#10162 = ORIENTED_EDGE ( 'NONE', *, *, #2568, .F. ) ;
#10163 = ORIENTED_EDGE ( 'NONE', *, *, #5354, .F. ) ;
#10164 = CARTESIAN_POINT ( 'NONE',  ( -19.14999999999999147, -19.14999999999999147, 8.000000000000000000 ) ) ;
#10165 = CARTESIAN_POINT ( 'NONE',  ( 0.000000000000000000, 0.000000000000000000, 8.000000000000000000 ) ) ;
#10166 = FACE_OUTER_BOUND ( 'NONE', #2463, .T. ) ;
#10167 =( LENGTH_UNIT ( ) NAMED_UNIT ( * ) SI_UNIT ( .MILLI., .METRE. ) );
#10168 =( GEOMETRIC_REPRESENTATION_CONTEXT ( 3 ) GLOBAL_UNCERTAINTY_ASSIGNED_CONTEXT ( ( #1014 ) ) GLOBAL_UNIT_ASSIGNED_CONTEXT ( ( #1610, #1805, #9541 ) ) REPRESENTATION_CONTEXT ( 'NONE', 'WORKASPACE' ) );
#10169 = CARTESIAN_POINT ( 'NONE',  ( -17.14999999999996305, -21.15000000000000924, 0.2071067811865475727 ) ) ;
#10170 = ORIENTED_EDGE ( 'NONE', *, *, #7316, .T. ) ;
#10171 = VERTEX_POINT ( 'NONE', #7889 ) ;
#10172 = FILL_AREA_STYLE ('',( #7145 ) ) ;
#10173 = AXIS2_PLACEMENT_3D ( 'NONE', #4268, #356, #3510 ) ;
#10174 = VERTEX_POINT ( 'NONE', #6349 ) ;
#10175 =( GEOMETRIC_REPRESENTATION_CONTEXT ( 3 ) GLOBAL_UNCERTAINTY_ASSIGNED_CONTEXT ( ( #3183 ) ) GLOBAL_UNIT_ASSIGNED_CONTEXT ( ( #1140, #3410, #9115 ) ) REPRESENTATION_CONTEXT ( 'NONE', 'WORKASPACE' ) );
#10176 = CARTESIAN_POINT ( 'NONE',  ( 20.65000000000000213, -16.94289321881343113, 38.00000000000000000 ) ) ;
#10177 = CARTESIAN_POINT ( 'NONE',  ( 21.14999999999999858, -13.32957238623955654, 5.900501256289339302 ) ) ;
#10178 = STYLED_ITEM ( 'NONE', ( #744 ), #9877 ) ;
#10179 = SURFACE_STYLE_USAGE ( .BOTH. , #2406 ) ;
#10180 = CARTESIAN_POINT ( 'NONE',  ( 15.29091159908238318, 16.78307522795905982, 47.50000000000000000 ) ) ;
#10181 = DIRECTION ( 'NONE',  ( -0.000000000000000000, -0.000000000000000000, -1.000000000000000000 ) ) ;
#10182 = FACE_OUTER_BOUND ( 'NONE', #6838, .T. ) ;
#10183 = AXIS2_PLACEMENT_3D ( 'NONE', #9764, #5858, #8970 ) ;
#10184 = ORIENTED_EDGE ( 'NONE', *, *, #8502, .F. ) ;
#10185 = AXIS2_PLACEMENT_3D ( 'NONE', #7815, #10087, #3843 ) ;
#10187 = ORIENTED_EDGE ( 'NONE', *, *, #7002, .F. ) ;
#10186 = AXIS2_PLACEMENT_3D ( 'NONE', #2482, #5578, #8700 ) ;
#10188 = ADVANCED_FACE ( 'NONE', ( #7272 ), #3956, .F. ) ;
#10189 = FACE_OUTER_BOUND ( 'NONE', #7571, .T. ) ;
#10190 = VERTEX_POINT ( 'NONE', #828 ) ;
#10191 = CARTESIAN_POINT ( 'NONE',  ( 18.99999999999983302, 15.50000000000015987, 47.50000000000000000 ) ) ;
#10192 = SURFACE_STYLE_FILL_AREA ( #10138 ) ;
#10193 = EDGE_CURVE ( 'NONE', #4494, #6267, #8049, .T. ) ;
#10194 = LINE ( 'NONE', #7827, #8266 ) ;
#10195 = AXIS2_PLACEMENT_3D ( 'NONE', #7976, #8736, #7060 ) ;
#10196 =( GEOMETRIC_REPRESENTATION_CONTEXT ( 3 ) GLOBAL_UNCERTAINTY_ASSIGNED_CONTEXT ( ( #2546 ) ) GLOBAL_UNIT_ASSIGNED_CONTEXT ( ( #7655, #3637, #8372 ) ) REPRESENTATION_CONTEXT ( 'NONE', 'WORKASPACE' ) );
#10197 = VECTOR ( 'NONE', #8859, 1000.000000000000000 ) ;
#10198 =( GEOMETRIC_REPRESENTATION_CONTEXT ( 3 ) GLOBAL_UNCERTAINTY_ASSIGNED_CONTEXT ( ( #5036 ) ) GLOBAL_UNIT_ASSIGNED_CONTEXT ( ( #6363, #4232, #7341 ) ) REPRESENTATION_CONTEXT ( 'NONE', 'WORKASPACE' ) );
#10199 = SURFACE_STYLE_FILL_AREA ( #6093 ) ;
#10200 = EDGE_CURVE ( 'NONE', #4682, #8364, #8531, .T. ) ;
#10201 = CARTESIAN_POINT ( 'NONE',  ( -1.379851512413567960, -39.15000000000000568, 40.96955165395432630 ) ) ;
#10202 = EDGE_CURVE ( 'NONE', #4476, #8328, #4748, .T. ) ;
#10203 = VERTEX_POINT ( 'NONE', #1029 ) ;
#10204 = VECTOR ( 'NONE', #9984, 1000.000000000000000 ) ;
ENDSEC;
END-ISO-10303-21;
