ISO-10303-21;
HEADER;
FILE_DESCRIPTION (( 'STEP AP203' ),
    '1' );
FILE_NAME ('EG17-G5.STEP',
    '2023-01-10T07:11:14',
    ( '' ),
    ( '' ),
    'SwSTEP 2.0',
    'SolidWorks 2016',
    '' );
FILE_SCHEMA (( 'CONFIG_CONTROL_DESIGN' ));
ENDSEC;

DATA;
#1 = ORIENTED_EDGE ( 'NONE', *, *, #1982, .F. ) ;
#2 = DIRECTION ( 'NONE',  ( -0.0000000000000000000, -1.000000000000000000, -0.0000000000000000000 ) ) ;
#3 = SECURITY_CLASSIFICATION_LEVEL ( 'unclassified' ) ;
#4 = CARTESIAN_POINT ( 'NONE',  ( 0.0000000000000000000, 0.0000000000000000000, 0.0000000000000000000 ) ) ;
#5 = CARTESIAN_POINT ( 'NONE',  ( -12.99999999662976400, -21.00000000000000000, -15.00000000431999700 ) ) ;
#6 = ORIENTED_EDGE ( 'NONE', *, *, #2817, .F. ) ;
#7 = AXIS2_PLACEMENT_3D ( 'NONE', #4797, #2380, #3273 ) ;
#8 = EDGE_CURVE ( 'NONE', #2165, #4792, #5404, .T. ) ;
#9 = LINE ( 'NONE', #5951, #6091 ) ;
#10 = DATE_AND_TIME ( #9547, #2877 ) ;
#11 = DIRECTION ( 'NONE',  ( 1.000000000000000000, -0.0000000000000000000, 0.0000000000000000000 ) ) ;
#12 = EDGE_LOOP ( 'NONE', ( #9362, #8317, #7503, #7369, #6192, #582 ) ) ;
#13 = FACE_OUTER_BOUND ( 'NONE', #4805, .T. ) ;
#14 = CARTESIAN_POINT ( 'NONE',  ( 16.76691662789830400, 12.78146379950555700, -0.08305572632318886100 ) ) ;
#15 = DIRECTION ( 'NONE',  ( 0.0000000000000000000, 1.000000000000000000, 0.0000000000000000000 ) ) ;
#16 = ORIENTED_EDGE ( 'NONE', *, *, #3752, .F. ) ;
#17 = CARTESIAN_POINT ( 'NONE',  ( 20.51219149676611800, 4.499999999999987600, 4.500000000000636800 ) ) ;
#18 = CARTESIAN_POINT ( 'NONE',  ( 0.0000000000000000000, 0.0000000000000000000, 10.00000000000000000 ) ) ;
#19 = CARTESIAN_POINT ( 'NONE',  ( -20.39084994700000000, 3.847278207000000000, 6.000000000000000000 ) ) ;
#20 = EDGE_CURVE ( 'NONE', #2659, #3193, #5161, .T. ) ;
#21 = LOCAL_TIME ( 15, 11, 14.00000000000000000, #4364 ) ;
#22 = EDGE_LOOP ( 'NONE', ( #6808, #6637, #7022, #7313 ) ) ;
#23 = FACE_OUTER_BOUND ( 'NONE', #935, .T. ) ;
#24 = CARTESIAN_POINT ( 'NONE',  ( 8.400000000000000400, 3.850000000000000100, -4.500000000000000900 ) ) ;
#25 = ADVANCED_FACE ( 'NONE', ( #3899 ), #2185, .T. ) ;
#26 = CARTESIAN_POINT ( 'NONE',  ( 10.00000000000000000, 0.5999999999999998700, 4.500000000000000900 ) ) ;
#27 = ORIENTED_EDGE ( 'NONE', *, *, #5741, .T. ) ;
#28 = ORIENTED_EDGE ( 'NONE', *, *, #8182, .F. ) ;
#29 = B_SPLINE_CURVE_WITH_KNOTS ( 'NONE', 3,
 ( #1057, #9827, #1865, #7473, #4973, #2662 ),
 .UNSPECIFIED., .F., .F.,
 ( 4, 2, 4 ),
 ( 1.449645825562462200E-014, 0.0007755362647160378900, 0.001551072529417579300 ),
 .UNSPECIFIED. ) ;
#30 = DIRECTION ( 'NONE',  ( 0.0000000000000000000, 0.0000000000000000000, 1.000000000000000000 ) ) ;
#31 = DIRECTION ( 'NONE',  ( 0.0000000000000000000, -1.000000000000000000, 0.0000000000000000000 ) ) ;
#32 = ORIENTED_EDGE ( 'NONE', *, *, #8083, .F. ) ;
#33 = CALENDAR_DATE ( 2023, 10, 1 ) ;
#34 = EDGE_CURVE ( 'NONE', #4392, #3065, #2062, .T. ) ;
#35 = LINE ( 'NONE', #9118, #5130 ) ;
#36 = PRODUCT_DEFINITION_SHAPE ( 'NONE', 'NONE',  #10276 ) ;
#37 = EDGE_LOOP ( 'NONE', ( #4539, #1851, #4937, #2945, #802 ) ) ;
#38 = CARTESIAN_POINT ( 'NONE',  ( 0.0000000000000000000, 0.0000000000000000000, 0.0000000000000000000 ) ) ;
#39 = DATE_TIME_ROLE ( 'classification_date' ) ;
#40 = CARTESIAN_POINT ( 'NONE',  ( -17.50000000000000000, 0.0000000000000000000, -0.9914200209999999300 ) ) ;
#41 = DIRECTION ( 'NONE',  ( 1.000000000000000000, 0.0000000000000000000, 0.0000000000000000000 ) ) ;
#42 = EDGE_CURVE ( 'NONE', #7161, #8474, #6019, .T. ) ;
#43 = PLANE ( 'NONE',  #94 ) ;
#44 = ORIENTED_EDGE ( 'NONE', *, *, #6589, .T. ) ;
#45 = LOCAL_TIME ( 15, 11, 14.00000000000000000, #1411 ) ;
#46 = APPROVAL ( #7631, '未指定' ) ;
#47 = CIRCLE ( 'NONE', #7996, 6.500000000000000900 ) ;
#48 = ORIENTED_EDGE ( 'NONE', *, *, #4731, .T. ) ;
#49 = DIRECTION ( 'NONE',  ( 1.000000000000000000, 0.0000000000000000000, 0.0000000000000000000 ) ) ;
#50 = PLANE ( 'NONE',  #5619 ) ;
#51 = EDGE_LOOP ( 'NONE', ( #2715, #6220, #10104, #4991 ) ) ;
#52 = CARTESIAN_POINT ( 'NONE',  ( -15.50000000000000000, -17.25000000000000000, -20.00000000000000000 ) ) ;
#53 = ORIENTED_EDGE ( 'NONE', *, *, #995, .T. ) ;
#54 = DATE_AND_TIME ( #5896, #2177 ) ;
#55 = DIRECTION ( 'NONE',  ( 0.0000000000000000000, 0.0000000000000000000, 1.000000000000000000 ) ) ;
#56 = CIRCLE ( 'NONE', #166, 2.999999999999999100 ) ;
#57 = CARTESIAN_POINT ( 'NONE',  ( 8.864480516134783300, -4.500000000000000900, 6.614378277830737400 ) ) ;
#58 = CARTESIAN_POINT ( 'NONE',  ( 7.200000000000001100, 0.0000000000000000000, 4.799999999999999800 ) ) ;
#59 = ORIENTED_EDGE ( 'NONE', *, *, #4122, .T. ) ;
#60 = EDGE_CURVE ( 'NONE', #8293, #3621, #6653, .T. ) ;
#61 = APPROVAL ( #7173, 'UNKNOWN' ) ;
#62 = CARTESIAN_POINT ( 'NONE',  ( -8.441091811271638400, -7.054725784456880300, 3.084661073696651500 ) ) ;
#63 = CIRCLE ( 'NONE', #2430, 1.599999999999999900 ) ;
#64 = VERTEX_POINT ( 'NONE', #5023 ) ;
#65 = VECTOR ( 'NONE', #2675, 1000.000000000000000 ) ;
#66 = DIRECTION ( 'NONE',  ( 0.0000000000000000000, 1.000000000000000000, 0.0000000000000000000 ) ) ;
#67 = DIRECTION ( 'NONE',  ( 0.0000000000000000000, 0.0000000000000000000, -1.000000000000000000 ) ) ;
#68 = VECTOR ( 'NONE', #8400, 1000.000000000000000 ) ;
#69 = ORIENTED_EDGE ( 'NONE', *, *, #1128, .T. ) ;
#70 = AXIS2_PLACEMENT_3D ( 'NONE', #2839, #10067, #4491 ) ;
#71 = CARTESIAN_POINT ( 'NONE',  ( 0.0000000000000000000, 0.0000000000000000000, 4.500000000000000900 ) ) ;
#72 = APPROVAL_STATUS ( 'not_yet_approved' ) ;
#73 = EDGE_CURVE ( 'NONE', #9235, #4421, #8871, .T. ) ;
#74 = VECTOR ( 'NONE', #8955, 1000.000000000000000 ) ;
#75 = PLANE ( 'NONE',  #3908 ) ;
#76 = ADVANCED_FACE ( 'NONE', ( #921 ), #3495, .T. ) ;
#77 = CARTESIAN_POINT ( 'NONE',  ( 12.99751941100000100, 17.67944947230918700, -0.9430728131512015100 ) ) ;
#78 = AXIS2_PLACEMENT_3D ( 'NONE', #5690, #967, #930 ) ;
#79 = DIRECTION ( 'NONE',  ( 1.000000000000000000, -0.0000000000000000000, -0.0000000000000000000 ) ) ;
#80 = CIRCLE ( 'NONE', #7707, 1.599999999999997200 ) ;
#81 = VERTEX_POINT ( 'NONE', #2739 ) ;
#82 = CARTESIAN_POINT ( 'NONE',  ( 10.00000000000000000, 0.5999999999999998700, -2.899999999999999900 ) ) ;
#83 = CARTESIAN_POINT ( 'NONE',  ( 18.05442518957460500, -10.72556437088762100, 5.150000000000000400 ) ) ;
#84 = CARTESIAN_POINT ( 'NONE',  ( 15.50000000000000000, -15.50000000000000500, -15.00000000000000000 ) ) ;
#85 = DIRECTION ( 'NONE',  ( 0.0000000000000000000, -0.8660254028167708700, -0.5000000016760498500 ) ) ;
#86 = EDGE_CURVE ( 'NONE', #4392, #9407, #9119, .T. ) ;
#87 = CARTESIAN_POINT ( 'NONE',  ( 0.0000000000000000000, 0.0000000000000000000, 11.00000000000000000 ) ) ;
#88 = DIRECTION ( 'NONE',  ( -0.0000000000000000000, -0.0000000000000000000, 1.000000000000000000 ) ) ;
#89 = CARTESIAN_POINT ( 'NONE',  ( 8.239451144445761000, -7.471308099805764200, 2.862087660642952200 ) ) ;
#90 = ORIENTED_EDGE ( 'NONE', *, *, #9146, .F. ) ;
#91 = CARTESIAN_POINT ( 'NONE',  ( 11.00000000000000000, 0.0000000000000000000, 11.19999999999999900 ) ) ;
#92 = FACE_OUTER_BOUND ( 'NONE', #823, .T. ) ;
#93 = ORIENTED_EDGE ( 'NONE', *, *, #5685, .T. ) ;
#94 = AXIS2_PLACEMENT_3D ( 'NONE', #7976, #5524, #1611 ) ;
#95 = CYLINDRICAL_SURFACE ( 'NONE', #9186, 16.00000000000000000 ) ;
#96 = CARTESIAN_POINT ( 'NONE',  ( -21.00000000000000000, 3.987344333608414400, -0.3678856413836909000 ) ) ;
#97 = ORIENTED_EDGE ( 'NONE', *, *, #4626, .T. ) ;
#98 = FACE_OUTER_BOUND ( 'NONE', #4925, .T. ) ;
#99 = DIRECTION ( 'NONE',  ( -1.000000000000000000, 0.0000000000000000000, 0.0000000000000000000 ) ) ;
#100 = DIRECTION ( 'NONE',  ( 0.0000000000000000000, 1.154631945610162800E-014, -1.000000000000000000 ) ) ;
#101 = CARTESIAN_POINT ( 'NONE',  ( 1.300000000000000300, -1.000000000000000000, 4.931531202000000400 ) ) ;
#102 = VERTEX_POINT ( 'NONE', #4113 ) ;
#103 = FACE_BOUND ( 'NONE', #8644, .T. ) ;
#104 = ORIENTED_EDGE ( 'NONE', *, *, #640, .F. ) ;
#105 = LINE ( 'NONE', #703, #8315 ) ;
#106 = CARTESIAN_POINT ( 'NONE',  ( 9.405627211520501500, 5.710522547151591700, 5.602888888437957100 ) ) ;
#107 = AXIS2_PLACEMENT_3D ( 'NONE', #2309, #5597, #3094 ) ;
#108 = CARTESIAN_POINT ( 'NONE',  ( 12.74405737590846700, 16.69098563894753800, 8.500000000000000000 ) ) ;
#109 = DATE_TIME_ROLE ( 'classification_date' ) ;
#110 = DIRECTION ( 'NONE',  ( -0.0000000000000000000, -0.0000000000000000000, 1.000000000000000000 ) ) ;
#111 = EDGE_CURVE ( 'NONE', #9660, #437, #10108, .T. ) ;
#112 = DIRECTION ( 'NONE',  ( -0.0000000000000000000, -0.0000000000000000000, 1.000000000000000000 ) ) ;
#113 = CARTESIAN_POINT ( 'NONE',  ( 7.500000001000000100, 0.6000000000000000900, -7.977468270035824800 ) ) ;
#115 = LINE ( 'NONE', #5248, #4077 ) ;
#114 = CARTESIAN_POINT ( 'NONE',  ( 10.76375478672209600, 2.272213544539893000, 3.518989962258329800 ) ) ;
#116 = ORIENTED_EDGE ( 'NONE', *, *, #2671, .F. ) ;
#117 = CARTESIAN_POINT ( 'NONE',  ( 3.000000000000000000, -2.378199999999999600, 2.378199999999999600 ) ) ;
#118 = EDGE_CURVE ( 'NONE', #7236, #3013, #10217, .T. ) ;
#119 = CARTESIAN_POINT ( 'NONE',  ( 16.72816243681278100, 12.76369890481667800, -0.04146672148990134000 ) ) ;
#120 = CARTESIAN_POINT ( 'NONE',  ( 6.499999997999999800, 0.0000000000000000000, 0.0000000000000000000 ) ) ;
#121 = CARTESIAN_POINT ( 'NONE',  ( 17.67696888285984300, -12.99751941100000400, -0.9410742609589862800 ) ) ;
#122 = CC_DESIGN_SECURITY_CLASSIFICATION ( #5633, ( #459 ) ) ;
#123 = CARTESIAN_POINT ( 'NONE',  ( 4.039242898490336100E-009, -21.00000000000000000, 0.0000000000000000000 ) ) ;
#124 = DIRECTION ( 'NONE',  ( 1.000000000000000000, 0.0000000000000000000, 0.0000000000000000000 ) ) ;
#125 = LINE ( 'NONE', #2099, #5825 ) ;
#126 = CARTESIAN_POINT ( 'NONE',  ( 7.973483467962177300, -7.330494837958514900, 3.206205685598892500 ) ) ;
#127 = DIRECTION ( 'NONE',  ( 0.0000000000000000000, 0.0000000000000000000, -1.000000000000000000 ) ) ;
#128 = EDGE_LOOP ( 'NONE', ( #10162, #5509, #7298, #2449, #2507, #9189, #1127 ) ) ;
#129 = DIRECTION ( 'NONE',  ( 1.000000000000000000, 0.0000000000000000000, 0.0000000000000000000 ) ) ;
#130 = ADVANCED_FACE ( 'NONE', ( #7748 ), #4774, .F. ) ;
#131 = ORIENTED_EDGE ( 'NONE', *, *, #4869, .T. ) ;
#132 = DIRECTION ( 'NONE',  ( -1.000000000000000000, -0.0000000000000000000, -0.0000000000000000000 ) ) ;
#133 = DIRECTION ( 'NONE',  ( -1.000000000000000000, 0.0000000000000000000, 0.0000000000000000000 ) ) ;
#134 = CYLINDRICAL_SURFACE ( 'NONE', #1819, 1.599999999999997200 ) ;
#135 = AXIS2_PLACEMENT_3D ( 'NONE', #10030, #7706, #443 ) ;
#136 = LOCAL_TIME ( 15, 11, 14.00000000000000000, #4356 ) ;
#137 = CARTESIAN_POINT ( 'NONE',  ( 12.35548558205820400, 6.951045282898412800, -3.971800946567019400 ) ) ;
#138 = ORIENTED_EDGE ( 'NONE', *, *, #4979, .F. ) ;
#139 = EDGE_CURVE ( 'NONE', #6864, #9380, #5649, .T. ) ;
#140 = ORIENTED_EDGE ( 'NONE', *, *, #7424, .F. ) ;
#141 = ORIENTED_EDGE ( 'NONE', *, *, #9124, .F. ) ;
#142 = CARTESIAN_POINT ( 'NONE',  ( 3.000000000000000000, -0.2779308634202444200, 2.338250000224592300 ) ) ;
#143 = FACE_OUTER_BOUND ( 'NONE', #1246, .T. ) ;
#144 = DIRECTION ( 'NONE',  ( 1.000000000000000000, 0.0000000000000000000, 0.0000000000000000000 ) ) ;
#145 = DIRECTION ( 'NONE',  ( -0.0000000000000000000, 0.0000000000000000000, -1.000000000000000000 ) ) ;
#146 = CONTEXT_DEPENDENT_SHAPE_REPRESENTATION ( #8835, #2534 ) ;
#147 = ORIENTED_EDGE ( 'NONE', *, *, #1185, .T. ) ;
#148 = FACE_OUTER_BOUND ( 'NONE', #5529, .T. ) ;
#149 = CARTESIAN_POINT ( 'NONE',  ( -20.94407962489283600, -1.533001107784951000, 0.9843592274196334400 ) ) ;
#150 = EDGE_CURVE ( 'NONE', #5895, #461, #564, .T. ) ;
#151 = AXIS2_PLACEMENT_3D ( 'NONE', #9954, #8463, #4411 ) ;
#152 = EDGE_LOOP ( 'NONE', ( #3218, #537 ) ) ;
#153 = CARTESIAN_POINT ( 'NONE',  ( 10.00000000000000000, -4.500000000000000900, 6.614378277999998400 ) ) ;
#154 = CARTESIAN_POINT ( 'NONE',  ( 10.44057345119144400, 5.641044056817826800, 5.672834887705130700 ) ) ;
#155 = ITEM_DEFINED_TRANSFORMATION ( 'NONE', 'NONE', #4967,  #2234 ) ;
#156 = AXIS2_PLACEMENT_3D ( 'NONE', #8002, #7928, #8730 ) ;
#157 = ORIENTED_EDGE ( 'NONE', *, *, #712, .F. ) ;
#158 = DIRECTION ( 'NONE',  ( 0.0000000000000000000, 0.0000000000000000000, 1.000000000000000000 ) ) ;
#159 = CIRCLE ( 'NONE', #6777, 0.7500000000000006700 ) ;
#160 = DIRECTION ( 'NONE',  ( 0.0000000000000000000, 1.000000000000000000, -3.469446951953614200E-016 ) ) ;
#161 = CARTESIAN_POINT ( 'NONE',  ( 12.50000000000000000, 0.6000000000000000900, -7.977468270035824800 ) ) ;
#162 = ORIENTED_EDGE ( 'NONE', *, *, #2526, .F. ) ;
#163 = CARTESIAN_POINT ( 'NONE',  ( 8.825411717872077200, -7.631457222364427500, 2.401702810740046400 ) ) ;
#164 = EDGE_CURVE ( 'NONE', #1177, #1196, #6888, .T. ) ;
#165 = CARTESIAN_POINT ( 'NONE',  ( -21.00000000135106900, 16.97056274513340700, -15.00000000324000200 ) ) ;
#166 = AXIS2_PLACEMENT_3D ( 'NONE', #4473, #2856, #2980 ) ;
#167 = EDGE_LOOP ( 'NONE', ( #5547, #8005, #4993, #181 ) ) ;
#168 = DATE_AND_TIME ( #533, #5495 ) ;
#169 = CIRCLE ( 'NONE', #251, 21.00000000000000000 ) ;
#170 = DIRECTION ( 'NONE',  ( 0.0000000000000000000, 0.0000000000000000000, 1.000000000000000000 ) ) ;
#171 = VERTEX_POINT ( 'NONE', #4697 ) ;
#172 = DIRECTION ( 'NONE',  ( -1.000000000000000000, 0.0000000000000000000, 0.0000000000000000000 ) ) ;
#173 = ORIENTED_EDGE ( 'NONE', *, *, #5540, .F. ) ;
#174 = EDGE_CURVE ( 'NONE', #1306, #3139, #6392, .T. ) ;
#175 = ORIENTED_EDGE ( 'NONE', *, *, #2892, .T. ) ;
#176 = VERTEX_POINT ( 'NONE', #7116 ) ;
#177 = PERSON_AND_ORGANIZATION ( #9162, #4154 ) ;
#178 = FACE_OUTER_BOUND ( 'NONE', #5477, .T. ) ;
#179 = DIRECTION ( 'NONE',  ( 0.0000000000000000000, 0.0000000000000000000, -1.000000000000000000 ) ) ;
#180 = SECURITY_CLASSIFICATION_LEVEL ( 'unclassified' ) ;
#181 = ORIENTED_EDGE ( 'NONE', *, *, #6100, .F. ) ;
#182 = CARTESIAN_POINT ( 'NONE',  ( 17.67696888200000400, 13.00000000015400100, -15.00000000000000000 ) ) ;
#183 = EDGE_CURVE ( 'NONE', #9039, #4056, #2426, .T. ) ;
#184 = ADVANCED_FACE ( 'NONE', ( #4902 ), #7804, .F. ) ;
#185 = CARTESIAN_POINT ( 'NONE',  ( -20.94629954980530700, -1.500845049579937500, 1.774668963744308000 ) ) ;
#186 = CARTESIAN_POINT ( 'NONE',  ( 10.00000000000000000, 0.5999999999999998700, 4.500000000000000900 ) ) ;
#188 = CONICAL_SURFACE ( 'NONE', #1182, 3.500000000000000000, 0.7853981633974479500 ) ;
#187 = AXIS2_PLACEMENT_3D ( 'NONE', #9828, #7406, #2766 ) ;
#189 = CARTESIAN_POINT ( 'NONE',  ( 20.60805761457927700, 6.610844630928506000, -0.6415743837482524900 ) ) ;
#190 = ORIENTED_EDGE ( 'NONE', *, *, #4743, .F. ) ;
#191 = VERTEX_POINT ( 'NONE', #1547 ) ;
#192 = SHAPE_DEFINITION_REPRESENTATION ( #7345, #4527 ) ;
#193 = ORIENTED_EDGE ( 'NONE', *, *, #4759, .F. ) ;
#194 = PLANE ( 'NONE',  #6070 ) ;
#195 = CARTESIAN_POINT ( 'NONE',  ( 11.23589630017848200, 6.776882903451021200, 4.254926932769791400 ) ) ;
#196 = CARTESIAN_POINT ( 'NONE',  ( 20.92402686310631000, 1.785416626383962600, 2.783866115067818600 ) ) ;
#197 = PERSON ( 'NAUO-PER4', 'UNSPECIFIED', 'UNSPECIFIED', ('UNSPECIFIED'), ('UNSPECIFIED'), ('UNSPECIFIED') ) ;
#198 = DIRECTION ( 'NONE',  ( 0.0000000000000000000, 0.0000000000000000000, 1.000000000000000000 ) ) ;
#199 = CYLINDRICAL_SURFACE ( 'NONE', #5230, 11.00000000000000000 ) ;
#200 = DIRECTION ( 'NONE',  ( -1.000000000000000000, -0.0000000000000000000, -0.0000000000000000000 ) ) ;
#201 = ORIENTED_EDGE ( 'NONE', *, *, #7994, .F. ) ;
#202 = CARTESIAN_POINT ( 'NONE',  ( 5.755954265999998000, -1.000000000000000000, 2.817016741541808200E-010 ) ) ;
#203 = ORIENTED_EDGE ( 'NONE', *, *, #1832, .F. ) ;
#204 = EDGE_CURVE ( 'NONE', #3974, #2094, #8000, .T. ) ;
#205 = AXIS2_PLACEMENT_3D ( 'NONE', #9962, #5217, #6011 ) ;
#206 = DIRECTION ( 'NONE',  ( -0.8571673006368583100, 1.049727191058705500E-016, 0.5150380750186551700 ) ) ;
#207 = CARTESIAN_POINT ( 'NONE',  ( 0.0000000000000000000, 0.0000000000000000000, 0.2000000000000000100 ) ) ;
#208 = DESIGN_CONTEXT ( 'detailed design', #4550, 'design' ) ;
#209 = B_SPLINE_CURVE_WITH_KNOTS ( 'NONE', 3,
 ( #4273, #7435, #2823, #9087, #9859, #5147, #6669, #5111, #3547, #5940, #5874, #9785, #2694, #5042, #8225, #3607, #4376, #426, #4342, #295, #1124, #9157, #7498, #6635, #9891, #390 ),
 .UNSPECIFIED., .F., .F.,
 ( 4, 2, 2, 2, 2, 2, 2, 2, 2, 2, 2, 2, 4 ),
 ( 5.291470148978347500E-013, 0.0002727880333431730500, 0.0005455760661571990600, 0.0008183640989712251200, 0.001091152131785251100, 0.001636728197413307500, 0.002182304263041363800, 0.002727880328669420500, 0.003273456394297476700, 0.003546244427111506400, 0.003819032459925535600, 0.004091820492739564800, 0.004364608525553594400 ),
 .UNSPECIFIED. ) ;
#210 = CARTESIAN_POINT ( 'NONE',  ( -10.33859992458715200, -3.761993607721399300, -1.413887692890595000 ) ) ;
#211 = FACE_OUTER_BOUND ( 'NONE', #3613, .T. ) ;
#212 = VERTEX_POINT ( 'NONE', #2272 ) ;
#213 = CARTESIAN_POINT ( 'NONE',  ( 0.0000000000000000000, 0.0000000000000000000, 31.49999999999997200 ) ) ;
#214 = CARTESIAN_POINT ( 'NONE',  ( 0.0000000000000000000, 0.0000000000000000000, 11.19999999999999900 ) ) ;
#215 = CIRCLE ( 'NONE', #6120, 3.000000000000000900 ) ;
#216 = ORIENTED_EDGE ( 'NONE', *, *, #2561, .T. ) ;
#217 = AXIS2_PLACEMENT_3D ( 'NONE', #1931, #5732, #5041 ) ;
#218 = CARTESIAN_POINT ( 'NONE',  ( 3.000000000000000000, -0.7218416313292759200, 2.237394613584620100 ) ) ;
#219 = PERSON_AND_ORGANIZATION_ROLE ( 'classification_officer' ) ;
#220 = EDGE_CURVE ( 'NONE', #767, #2954, #5615, .T. ) ;
#221 = CONICAL_SURFACE ( 'NONE', #10177, 21.00000000000000000, 0.7853981633974487200 ) ;
#222 = EDGE_LOOP ( 'NONE', ( #6310, #4848, #2141, #1678, #7618, #6368, #5116, #9626 ) ) ;
#223 = AXIS2_PLACEMENT_3D ( 'NONE', #9114, #1149, #2843 ) ;
#224 = ORIENTED_EDGE ( 'NONE', *, *, #4461, .T. ) ;
#225 = CARTESIAN_POINT ( 'NONE',  ( 12.00000000000000000, 0.0000000000000000000, 0.0000000000000000000 ) ) ;
#226 = VERTEX_POINT ( 'NONE', #4663 ) ;
#227 = DIRECTION ( 'NONE',  ( 1.000000000000000000, -0.0000000000000000000, 0.0000000000000000000 ) ) ;
#228 = FACE_OUTER_BOUND ( 'NONE', #6425, .T. ) ;
#229 = ORIENTED_EDGE ( 'NONE', *, *, #9533, .T. ) ;
#230 = ORIENTED_EDGE ( 'NONE', *, *, #2509, .T. ) ;
#231 = CARTESIAN_POINT ( 'NONE',  ( -9.411600000000001700, 9.411600000000001700, 0.2000000000000000100 ) ) ;
#232 = EDGE_CURVE ( 'NONE', #1935, #6485, #4650, .T. ) ;
#233 = DIRECTION ( 'NONE',  ( 0.0000000000000000000, 0.0000000000000000000, -1.000000000000000000 ) ) ;
#234 = CARTESIAN_POINT ( 'NONE',  ( 17.67696888200000400, 13.00000000000000200, -7.929099536499999000 ) ) ;
#235 = CONICAL_SURFACE ( 'NONE', #9436, 5.700000000000000200, 0.7853981633974481700 ) ;
#236 = CARTESIAN_POINT ( 'NONE',  ( 10.00000000000000000, -4.500000000000000900, 4.500000000000000900 ) ) ;
#237 = EDGE_CURVE ( 'NONE', #1157, #4275, #441, .T. ) ;
#238 = VERTEX_POINT ( 'NONE', #6297 ) ;
#239 = CARTESIAN_POINT ( 'NONE',  ( -20.19490204236500500, -6.882488105380004700, -0.3345997724009139900 ) ) ;
#240 = CARTESIAN_POINT ( 'NONE',  ( -20.99999999935839100, -12.99751940931688700, -3.696872489621460200 ) ) ;
#241 = DIRECTION ( 'NONE',  ( 0.0000000000000000000, -0.0000000000000000000, 1.000000000000000000 ) ) ;
#242 = ADVANCED_FACE ( 'NONE', ( #3280 ), #7015, .F. ) ;
#243 = CARTESIAN_POINT ( 'NONE',  ( -5.288301783000005900, -16.62983158500000200, -15.50000000000000000 ) ) ;
#244 = CIRCLE ( 'NONE', #2693, 1.750000000000001600 ) ;
#245 = ORIENTED_EDGE ( 'NONE', *, *, #4996, .F. ) ;
#246 = DIRECTION ( 'NONE',  ( -1.000000000000000000, 0.0000000000000000000, 0.0000000000000000000 ) ) ;
#247 = DIRECTION ( 'NONE',  ( 0.0000000000000000000, 0.0000000000000000000, -1.000000000000000000 ) ) ;
#248 = EDGE_CURVE ( 'NONE', #6485, #1935, #8257, .T. ) ;
#249 = AXIS2_PLACEMENT_3D ( 'NONE', #6126, #7708, #5400 ) ;
#250 = VECTOR ( 'NONE', #3259, 1000.000000000000000 ) ;
#251 = AXIS2_PLACEMENT_3D ( 'NONE', #5580, #7935, #3083 ) ;
#252 = ORIENTED_EDGE ( 'NONE', *, *, #6959, .F. ) ;
#253 = CARTESIAN_POINT ( 'NONE',  ( 3.000000000000000400, -1.044716955371157300, -2.105071522416010100 ) ) ;
#254 = DATE_TIME_ROLE ( 'classification_date' ) ;
#255 = CARTESIAN_POINT ( 'NONE',  ( -20.94641847663752900, -1.499184343101369200, 1.244111646248643000 ) ) ;
#256 = CARTESIAN_POINT ( 'NONE',  ( 11.00000000000000000, 1.347111479062088400E-015, 4.500000000000000900 ) ) ;
#257 = ORIENTED_EDGE ( 'NONE', *, *, #4106, .T. ) ;
#258 = CARTESIAN_POINT ( 'NONE',  ( 20.19490204367987500, 6.882488104589964600, -0.3345997733930199900 ) ) ;
#259 = VECTOR ( 'NONE', #501, 1000.000000000000200 ) ;
#260 = UNCERTAINTY_MEASURE_WITH_UNIT (LENGTH_MEASURE( 1.000000000000000100E-005 ), #4378, 'distance_accuracy_value', 'NONE');
#261 = ORIENTED_EDGE ( 'NONE', *, *, #5709, .F. ) ;
#262 = EDGE_CURVE ( 'NONE', #3059, #477, #9003, .T. ) ;
#263 =( NAMED_UNIT ( * ) SI_UNIT ( $, .STERADIAN. ) SOLID_ANGLE_UNIT ( ) );
#264 = CC_DESIGN_SECURITY_CLASSIFICATION ( #6645, ( #10273 ) ) ;
#265 = ORIENTED_EDGE ( 'NONE', *, *, #3956, .T. ) ;
#266 = DIRECTION ( 'NONE',  ( 0.0000000000000000000, 1.000000000000000000, 0.0000000000000000000 ) ) ;
#267 = CARTESIAN_POINT ( 'NONE',  ( 16.72325226350000100, 13.00000000030800100, -15.00000000000000000 ) ) ;
#268 = DIRECTION ( 'NONE',  ( -0.0000000000000000000, 1.000000000000000000, 0.0000000000000000000 ) ) ;
#269 = LINE ( 'NONE', #7262, #1890 ) ;
#270 = APPROVAL_DATE_TIME ( #7579, #2139 ) ;
#271 = ORIENTED_EDGE ( 'NONE', *, *, #1294, .F. ) ;
#272 = ADVANCED_FACE ( 'NONE', ( #2808 ), #1692, .F. ) ;
#273 = VECTOR ( 'NONE', #9365, 1000.000000000000300 ) ;
#274 = CARTESIAN_POINT ( 'NONE',  ( -9.855299045400508700, -4.890578688223112800, 4.480597495911393200 ) ) ;
#275 = EDGE_LOOP ( 'NONE', ( #7736, #7467 ) ) ;
#276 = DIRECTION ( 'NONE',  ( 1.000000000000000000, 0.0000000000000000000, 0.0000000000000000000 ) ) ;
#277 = DIRECTION ( 'NONE',  ( 0.0000000000000000000, 0.0000000000000000000, 1.000000000000000000 ) ) ;
#278 = ORIENTED_EDGE ( 'NONE', *, *, #6360, .F. ) ;
#279 = DIRECTION ( 'NONE',  ( -0.0000000000000000000, -0.0000000000000000000, -1.000000000000000000 ) ) ;
#280 = AXIS2_PLACEMENT_3D ( 'NONE', #4916, #7995, #7192 ) ;
#281 = EDGE_CURVE ( 'NONE', #1396, #5655, #2427, .T. ) ;
#282 = DIRECTION ( 'NONE',  ( 1.000000000000000000, 0.0000000000000000000, 0.0000000000000000000 ) ) ;
#283 = CONTEXT_DEPENDENT_SHAPE_REPRESENTATION ( #2434, #7828 ) ;
#284 = ORIENTED_EDGE ( 'NONE', *, *, #8674, .F. ) ;
#285 = CIRCLE ( 'NONE', #8302, 1.750000000000001600 ) ;
#286 = AXIS2_PLACEMENT_3D ( 'NONE', #8549, #3796, #4594 ) ;
#287 = ORIENTED_EDGE ( 'NONE', *, *, #8410, .T. ) ;
#288 = CARTESIAN_POINT ( 'NONE',  ( 3.000000000000000900, -2.031499801861294400, -1.184729697509387500 ) ) ;
#289 = DIRECTION ( 'NONE',  ( -1.000000000000000000, 0.0000000000000000000, 0.0000000000000000000 ) ) ;
#290 = ADVANCED_FACE ( 'NONE', ( #8501 ), #5905, .T. ) ;
#291 = ORIENTED_EDGE ( 'NONE', *, *, #726, .F. ) ;
#292 = DATE_AND_TIME ( #6618, #763 ) ;
#293 = CARTESIAN_POINT ( 'NONE',  ( 0.0000000000000000000, 0.0000000000000000000, 0.0000000000000000000 ) ) ;
#294 = FACE_OUTER_BOUND ( 'NONE', #4053, .T. ) ;
#295 = CARTESIAN_POINT ( 'NONE',  ( 10.68434719255744600, -7.217953534399302200, -3.450305868512810700 ) ) ;
#296 = EDGE_CURVE ( 'NONE', #2070, #437, #2554, .T. ) ;
#297 = VERTEX_POINT ( 'NONE', #5664 ) ;
#298 = CARTESIAN_POINT ( 'NONE',  ( 3.018966126999999200, 0.0000000000000000000, 2.524016130000000100 ) ) ;
#299 = CARTESIAN_POINT ( 'NONE',  ( 0.0000000000000000000, 17.50000000000000000, -0.9914200209999999300 ) ) ;
#300 = AXIS2_PLACEMENT_3D ( 'NONE', #6633, #2616, #3365 ) ;
#301 = DIRECTION ( 'NONE',  ( 0.0000000000000000000, 0.0000000000000000000, 1.000000000000000000 ) ) ;
#302 = DIRECTION ( 'NONE',  ( -1.000000000000000000, 0.0000000000000000000, 0.0000000000000000000 ) ) ;
#303 = ORIENTED_EDGE ( 'NONE', *, *, #1290, .T. ) ;
#304 = DATE_AND_TIME ( #5506, #45 ) ;
#305 = DIRECTION ( 'NONE',  ( -1.000000000000000000, 0.0000000000000000000, 0.0000000000000000000 ) ) ;
#306 = CYLINDRICAL_SURFACE ( 'NONE', #6609, 3.000000000000000900 ) ;
#307 = DIRECTION ( 'NONE',  ( -0.0000000000000000000, 1.000000000000000000, -0.0000000000000000000 ) ) ;
#308 = CARTESIAN_POINT ( 'NONE',  ( -15.50000000000000000, 13.75000000000000000, -20.00000000000000000 ) ) ;
#309 = ORIENTED_EDGE ( 'NONE', *, *, #2366, .F. ) ;
#310 = DIRECTION ( 'NONE',  ( -0.0000000000000000000, -0.0000000000000000000, 1.000000000000000000 ) ) ;
#311 = CARTESIAN_POINT ( 'NONE',  ( 2.700000000000000200, 0.0000000000000000000, 2.649999999999999900 ) ) ;
#312 = VECTOR ( 'NONE', #9647, 1000.000000000000000 ) ;
#313 = EDGE_LOOP ( 'NONE', ( #7541, #8404, #104 ) ) ;
#314 = CARTESIAN_POINT ( 'NONE',  ( 0.0000000000000000000, -1.652117596085782400E-016, 6.000000000199999100 ) ) ;
#315 = ORIENTED_EDGE ( 'NONE', *, *, #6496, .F. ) ;
#316 = COORDINATED_UNIVERSAL_TIME_OFFSET ( 8, 0, .AHEAD. ) ;
#317 = DIRECTION ( 'NONE',  ( -0.0000000000000000000, 0.0000000000000000000, -1.000000000000000000 ) ) ;
#318 = CYLINDRICAL_SURFACE ( 'NONE', #5013, 14.15000000000000000 ) ;
#319 = DIRECTION ( 'NONE',  ( -0.0000000000000000000, -0.0000000000000000000, -1.000000000000000000 ) ) ;
#320 = ORIENTED_EDGE ( 'NONE', *, *, #2935, .F. ) ;
#321 = CARTESIAN_POINT ( 'NONE',  ( 11.13551948386521700, 4.500000000000000900, -6.614378277830737400 ) ) ;
#322 = EDGE_CURVE ( 'NONE', #1861, #958, #3784, .T. ) ;
#323 = FACE_OUTER_BOUND ( 'NONE', #5967, .T. ) ;
#324 = ORIENTED_EDGE ( 'NONE', *, *, #2399, .F. ) ;
#325 = CARTESIAN_POINT ( 'NONE',  ( 3.000000000000000400, -1.829313626875264600, 1.477900217255001300 ) ) ;
#326 = VERTEX_POINT ( 'NONE', #2516 ) ;
#327 = DIRECTION ( 'NONE',  ( 0.0000000000000000000, 0.0000000000000000000, 1.000000000000000000 ) ) ;
#328 = EDGE_CURVE ( 'NONE', #4394, #8807, #4291, .T. ) ;
#329 = DIRECTION ( 'NONE',  ( -1.000000000000000000, 0.0000000000000000000, 0.0000000000000000000 ) ) ;
#330 = CC_DESIGN_APPROVAL ( #6891, ( #2248 ) ) ;
#331 = DIRECTION ( 'NONE',  ( 0.0000000000000000000, 0.0000000000000000000, 1.000000000000000000 ) ) ;
#332 = ORIENTED_EDGE ( 'NONE', *, *, #7331, .T. ) ;
#333 = CARTESIAN_POINT ( 'NONE',  ( 10.00000000000000000, 7.719455939378111300, -2.100000000000000100 ) ) ;
#334 = VECTOR ( 'NONE', #9979, 1000.000000000000000 ) ;
#335 = PLANE ( 'NONE',  #6660 ) ;
#336 = CARTESIAN_POINT ( 'NONE',  ( 0.0000000000000000000, 0.0000000000000000000, 0.0000000000000000000 ) ) ;
#337 = DIRECTION ( 'NONE',  ( 0.0000000000000000000, 0.0000000000000000000, -1.000000000000000000 ) ) ;
#338 = PRODUCT ( 'EG17 shaft', 'EG17 shaft', '', ( #6385 ) ) ;
#339 = DIRECTION ( 'NONE',  ( 1.000000000000000000, 0.0000000000000000000, 0.0000000000000000000 ) ) ;
#340 = DIRECTION ( 'NONE',  ( 0.0000000000000000000, 0.0000000000000000000, -1.000000000000000000 ) ) ;
#341 = LINE ( 'NONE', #1764, #9370 ) ;
#342 = EDGE_LOOP ( 'NONE', ( #7216, #6531, #8067, #4112 ) ) ;
#343 = AXIS2_PLACEMENT_3D ( 'NONE', #9869, #6680, #339 ) ;
#344 = ADVANCED_FACE ( 'NONE', ( #3545, #9875 ), #4935, .T. ) ;
#345 = VERTEX_POINT ( 'NONE', #3296 ) ;
#346 = CARTESIAN_POINT ( 'NONE',  ( -9.300000000000000700, 1.138921523207038600E-015, 4.799999999999999800 ) ) ;
#347 = CARTESIAN_POINT ( 'NONE',  ( 6.500000000400000000, 0.0000000000000000000, 0.0000000000000000000 ) ) ;
#348 = ORIENTED_EDGE ( 'NONE', *, *, #3342, .F. ) ;
#349 = LINE ( 'NONE', #2944, #7532 ) ;
#350 = CARTESIAN_POINT ( 'NONE',  ( 15.50000000000000000, -17.25000000000000700, -15.00000000000000200 ) ) ;
#351 = ORIENTED_EDGE ( 'NONE', *, *, #4218, .T. ) ;
#352 = CIRCLE ( 'NONE', #549, 27.00000000000000000 ) ;
#353 = VERTEX_POINT ( 'NONE', #3331 ) ;
#354 = FACE_OUTER_BOUND ( 'NONE', #6408, .T. ) ;
#355 = ADVANCED_FACE ( 'NONE', ( #8616, #672 ), #194, .T. ) ;
#356 = EDGE_CURVE ( 'NONE', #4575, #8187, #9354, .T. ) ;
#357 = AXIS2_PLACEMENT_3D ( 'NONE', #2255, #9349, #5411 ) ;
#358 = CARTESIAN_POINT ( 'NONE',  ( 3.000000000000000400, -2.341001568283324700, -0.2433435228333016300 ) ) ;
#359 = DIRECTION ( 'NONE',  ( -1.000000000000000000, 0.0000000000000000000, 0.0000000000000000000 ) ) ;
#360 = CARTESIAN_POINT ( 'NONE',  ( 1.300000000000000300, -1.000000000000000000, 8.396295449000000100 ) ) ;
#361 = AXIS2_PLACEMENT_3D ( 'NONE', #1449, #3725, #6986 ) ;
#362 = DIRECTION ( 'NONE',  ( 0.0000000000000000000, 0.0000000000000000000, -1.000000000000000000 ) ) ;
#364 = DIRECTION ( 'NONE',  ( 0.0000000000000000000, -9.912705577010312700E-016, 1.000000000000000000 ) ) ;
#363 = LINE ( 'NONE', #3079, #2461 ) ;
#365 = ORIENTED_EDGE ( 'NONE', *, *, #4853, .F. ) ;
#366 = VECTOR ( 'NONE', #7227, 1000.000000000000000 ) ;
#367 = DIRECTION ( 'NONE',  ( -0.0000000000000000000, -0.0000000000000000000, 1.000000000000000000 ) ) ;
#368 = EDGE_CURVE ( 'NONE', #9407, #4392, #7251, .T. ) ;
#369 = DIRECTION ( 'NONE',  ( 1.000000000000000000, 0.0000000000000000000, 0.0000000000000000000 ) ) ;
#370 = DIRECTION ( 'NONE',  ( 1.000000000000000000, 0.0000000000000000000, 0.0000000000000000000 ) ) ;
#371 = AXIS2_PLACEMENT_3D ( 'NONE', #9030, #5083, #8996 ) ;
#372 = CIRCLE ( 'NONE', #4404, 1.600000000000000800 ) ;
#373 = ORIENTED_EDGE ( 'NONE', *, *, #7629, .F. ) ;
#374 = ORIENTED_EDGE ( 'NONE', *, *, #4720, .F. ) ;
#375 = EDGE_CURVE ( 'NONE', #4780, #2958, #7513, .T. ) ;
#376 = CARTESIAN_POINT ( 'NONE',  ( -19.90444910888653900, -12.99751941100000100, -2.765314508505692300 ) ) ;
#377 = LINE ( 'NONE', #3606, #6195 ) ;
#378 = ORIENTED_EDGE ( 'NONE', *, *, #506, .F. ) ;
#379 = DIRECTION ( 'NONE',  ( -0.0000000000000000000, -0.0000000000000000000, 1.000000000000000000 ) ) ;
#380 = EDGE_CURVE ( 'NONE', #4719, #4138, #4407, .T. ) ;
#381 = ORIENTED_EDGE ( 'NONE', *, *, #7250, .T. ) ;
#382 = AXIS2_PLACEMENT_3D ( 'NONE', #3580, #5806, #9929 ) ;
#383 = VECTOR ( 'NONE', #9730, 1000.000000000000000 ) ;
#384 = PERSON_AND_ORGANIZATION ( #4379, #4466 ) ;
#385 = ORIENTED_EDGE ( 'NONE', *, *, #1976, .F. ) ;
#386 = ADVANCED_FACE ( 'NONE', ( #9607 ), #1937, .T. ) ;
#387 = ORIENTED_EDGE ( 'NONE', *, *, #633, .F. ) ;
#388 = DIRECTION ( 'NONE',  ( 0.0000000000000000000, -1.000000000000000000, -9.912705577010326500E-016 ) ) ;
#389 = DIRECTION ( 'NONE',  ( 0.8571673007928118900, 0.0000000000000000000, 0.5150380747591046800 ) ) ;
#390 = CARTESIAN_POINT ( 'NONE',  ( 10.00000000000000000, -7.310095758606722800, -3.250000000000000400 ) ) ;
#391 = ORIENTED_EDGE ( 'NONE', *, *, #9975, .T. ) ;
#392 = ADVANCED_FACE ( 'NONE', ( #3774 ), #861, .F. ) ;
#393 = VERTEX_POINT ( 'NONE', #1757 ) ;
#394 = FACE_BOUND ( 'NONE', #152, .T. ) ;
#395 = EDGE_CURVE ( 'NONE', #4330, #2903, #5520, .T. ) ;
#396 = CALENDAR_DATE ( 2023, 10, 1 ) ;
#397 = ORIENTED_EDGE ( 'NONE', *, *, #2709, .T. ) ;
#398 = CARTESIAN_POINT ( 'NONE',  ( -13.00000000015400100, -17.67696888200000400, -15.00000000000000000 ) ) ;
#399 = DIRECTION ( 'NONE',  ( 0.0000000000000000000, 0.0000000000000000000, 1.000000000000000000 ) ) ;
#400 = PRODUCT_DEFINITION_FORMATION_WITH_SPECIFIED_SOURCE ( '任何', '', #338, .NOT_KNOWN. ) ;
#401 = PERSON ( 'NAUO-PER11', 'UNSPECIFIED', 'UNSPECIFIED', ('UNSPECIFIED'), ('UNSPECIFIED'), ('UNSPECIFIED') ) ;
#402 = CIRCLE ( 'NONE', #6577, 5.000000000000000000 ) ;
#403 = CARTESIAN_POINT ( 'NONE',  ( 10.00000000000000000, 7.310095758606722800, 3.250000000000000400 ) ) ;
#404 = ORIENTED_EDGE ( 'NONE', *, *, #8844, .F. ) ;
#405 = ADVANCED_FACE ( 'NONE', ( #2920 ), #4019, .T. ) ;
#406 = DIRECTION ( 'NONE',  ( 1.000000000000000000, 0.0000000000000000000, 0.0000000000000000000 ) ) ;
#407 = DIRECTION ( 'NONE',  ( 0.0000000000000000000, 0.0000000000000000000, 1.000000000000000000 ) ) ;
#408 = VERTEX_POINT ( 'NONE', #333 ) ;
#409 = PERSON_AND_ORGANIZATION ( #9162, #4154 ) ;
#410 = ORIENTED_EDGE ( 'NONE', *, *, #5047, .F. ) ;
#411 = CIRCLE ( 'NONE', #496, 1.750000000000003300 ) ;
#412 = DIRECTION ( 'NONE',  ( 0.0000000000000000000, 0.0000000000000000000, 1.000000000000000000 ) ) ;
#413 = ORIENTED_EDGE ( 'NONE', *, *, #585, .T. ) ;
#414 = CARTESIAN_POINT ( 'NONE',  ( 8.455978735957208100, 4.870502057675872200, -6.351765610918704400 ) ) ;
#415 = AXIS2_PLACEMENT_3D ( 'NONE', #6185, #2334, #5490 ) ;
#416 = EDGE_CURVE ( 'NONE', #8091, #586, #10244, .T. ) ;
#417 = CARTESIAN_POINT ( 'NONE',  ( -16.97056274799999900, -21.00000000000000000, -20.00000000000000000 ) ) ;
#418 = EDGE_LOOP ( 'NONE', ( #9068, #9088, #5687, #8900, #9811, #5721, #5195, #7570 ) ) ;
#419 = PERSON_AND_ORGANIZATION ( #9162, #4154 ) ;
#420 = AXIS2_PLACEMENT_3D ( 'NONE', #7074, #790, #8667 ) ;
#421 = CIRCLE ( 'NONE', #7676, 0.7500000000000006700 ) ;
#422 = VERTEX_POINT ( 'NONE', #4278 ) ;
#423 = CARTESIAN_POINT ( 'NONE',  ( 19.15000000000000200, 0.0000000000000000000, 10.00000000000000000 ) ) ;
#424 = EDGE_CURVE ( 'NONE', #5332, #9023, #2178, .T. ) ;
#425 = ORIENTED_EDGE ( 'NONE', *, *, #7174, .T. ) ;
#426 = CARTESIAN_POINT ( 'NONE',  ( 10.88818126599480400, -7.136304321189518500, -3.616394561159515000 ) ) ;
#427 = ORIENTED_EDGE ( 'NONE', *, *, #3029, .T. ) ;
#428 = EDGE_CURVE ( 'NONE', #583, #9062, #6383, .T. ) ;
#429 = ORIENTED_EDGE ( 'NONE', *, *, #5353, .F. ) ;
#430 = CALENDAR_DATE ( 2023, 10, 1 ) ;
#431 = LINE ( 'NONE', #8229, #6628 ) ;
#432 = AXIS2_PLACEMENT_3D ( 'NONE', #680, #4607, #3836 ) ;
#433 = CARTESIAN_POINT ( 'NONE',  ( -5.182287177523643400, -20.35052578214317300, 6.000000000200000000 ) ) ;
#434 = SECURITY_CLASSIFICATION_LEVEL ( 'unclassified' ) ;
#435 = CARTESIAN_POINT ( 'NONE',  ( 6.123233995736766300E-016, -5.000000000000000000, 13.50000000000000200 ) ) ;
#436 = LINE ( 'NONE', #3563, #3278 ) ;
#437 = VERTEX_POINT ( 'NONE', #8191 ) ;
#438 = CARTESIAN_POINT ( 'NONE',  ( 10.99751941100000100, -17.67696888200000400, -0.03397028300000000400 ) ) ;
#439 = VERTEX_POINT ( 'NONE', #1900 ) ;
#440 = CARTESIAN_POINT ( 'NONE',  ( 6.500000000000000900, 0.6000000000000000900, 2.426932220000000300 ) ) ;
#441 = LINE ( 'NONE', #2373, #4535 ) ;
#442 = ADVANCED_FACE ( 'NONE', ( #8735 ), #2982, .T. ) ;
#443 = DIRECTION ( 'NONE',  ( 1.000000000000000000, 0.0000000000000000000, 0.0000000000000000000 ) ) ;
#444 = CARTESIAN_POINT ( 'NONE',  ( -6.888301783000001100, -16.62983158500000200, -20.00000000000000000 ) ) ;
#446 = LINE ( 'NONE', #7429, #7391 ) ;
#445 = AXIS2_PLACEMENT_3D ( 'NONE', #5167, #4492, #479 ) ;
#447 = AXIS2_PLACEMENT_3D ( 'NONE', #2850, #7585, #8420 ) ;
#448 = ORIENTED_EDGE ( 'NONE', *, *, #4314, .T. ) ;
#449 = CARTESIAN_POINT ( 'NONE',  ( 8.132013339804423400, 5.270089458643594700, -6.024356709871020700 ) ) ;
#450 = EDGE_LOOP ( 'NONE', ( #1570, #6849 ) ) ;
#451 = ADVANCED_FACE ( 'NONE', ( #911 ), #7239, .F. ) ;
#452 = CARTESIAN_POINT ( 'NONE',  ( 0.0000000000000000000, 0.0000000000000000000, 13.50000000000000000 ) ) ;
#453 = CIRCLE ( 'NONE', #6852, 27.00000000000000000 ) ;
#454 = ORIENTED_EDGE ( 'NONE', *, *, #7654, .F. ) ;
#455 = CIRCLE ( 'NONE', #1206, 2.000000000000001800 ) ;
#456 = EDGE_CURVE ( 'NONE', #3739, #908, #9346, .T. ) ;
#457 = CARTESIAN_POINT ( 'NONE',  ( 3.000000000000000000, -1.500000000000000000, 0.0000000000000000000 ) ) ;
#458 = CARTESIAN_POINT ( 'NONE',  ( 21.00000000000000000, -12.99751940763377600, -9.940000000000001300 ) ) ;
#459 = PRODUCT_DEFINITION_FORMATION_WITH_SPECIFIED_SOURCE ( '任何', '', #9960, .NOT_KNOWN. ) ;
#460 = DIRECTION ( 'NONE',  ( 0.0000000000000000000, -7.228014483236695800E-017, -1.000000000000000000 ) ) ;
#461 = VERTEX_POINT ( 'NONE', #8394 ) ;
#462 = CIRCLE ( 'NONE', #9799, 2.249999999999948000 ) ;
#463 = ORIENTED_EDGE ( 'NONE', *, *, #4572, .T. ) ;
#464 = PERSON_AND_ORGANIZATION_ROLE ( 'creator' ) ;
#465 = DIRECTION ( 'NONE',  ( -0.0000000000000000000, 1.000000000000000000, -0.0000000000000000000 ) ) ;
#466 = CARTESIAN_POINT ( 'NONE',  ( -11.00000000000000000, 0.0000000000000000000, 4.500000000000000900 ) ) ;
#467 = ORIENTED_EDGE ( 'NONE', *, *, #3801, .F. ) ;
#468 = CARTESIAN_POINT ( 'NONE',  ( 0.0000000000000000000, -1.928783372432437600E-041, 10.00000000000000000 ) ) ;
#469 = CARTESIAN_POINT ( 'NONE',  ( 10.00000000000000000, 0.6000000000000000900, -6.100000000000001400 ) ) ;
#470 = ORIENTED_EDGE ( 'NONE', *, *, #7489, .T. ) ;
#471 = EDGE_CURVE ( 'NONE', #1905, #4703, #5151, .T. ) ;
#472 = VECTOR ( 'NONE', #2724, 1000.000000000000000 ) ;
#473 = DIRECTION ( 'NONE',  ( -0.0000000000000000000, -0.0000000000000000000, -1.000000000000000000 ) ) ;
#474 = EDGE_LOOP ( 'NONE', ( #6749, #636, #2176, #2878, #7495, #1498, #664, #10215, #1187, #4648, #7600, #5172, #5091, #131, #2213, #278, #8582, #5225, #7544, #3306 ) ) ;
#475 = ORIENTED_EDGE ( 'NONE', *, *, #6084, .T. ) ;
#476 = CIRCLE ( 'NONE', #8523, 3.000000000000000900 ) ;
#477 = VERTEX_POINT ( 'NONE', #3649 ) ;
#478 = CIRCLE ( 'NONE', #3807, 6.000000000000000000 ) ;
#479 = DIRECTION ( 'NONE',  ( 0.0000000000000000000, 0.0000000000000000000, -1.000000000000000000 ) ) ;
#480 = CARTESIAN_POINT ( 'NONE',  ( -15.50000000000000000, -15.49751941100000100, -15.00000000000000000 ) ) ;
#481 = CARTESIAN_POINT ( 'NONE',  ( -15.50000000000000000, -15.50000000000000000, -20.00000000000000000 ) ) ;
#482 = CIRCLE ( 'NONE', #4059, 2.999999999999999100 ) ;
#483 = CARTESIAN_POINT ( 'NONE',  ( 21.00000000000000000, 4.500000000000000900, 1.500000000000000000 ) ) ;
#484 = EDGE_CURVE ( 'NONE', #7807, #2646, #6639, .T. ) ;
#485 = AXIS2_PLACEMENT_3D ( 'NONE', #2957, #4441, #1328 ) ;
#486 = ORIENTED_EDGE ( 'NONE', *, *, #6191, .T. ) ;
#487 = PLANE ( 'NONE',  #2911 ) ;
#488 = CARTESIAN_POINT ( 'NONE',  ( 13.62983158500000000, -6.888301783000001100, -20.00000000000000000 ) ) ;
#489 = CARTESIAN_POINT ( 'NONE',  ( 0.0000000000000000000, 0.0000000000000000000, 10.00000000000000000 ) ) ;
#490 = CARTESIAN_POINT ( 'NONE',  ( -16.68956148183696800, 12.74592239017673400, -3.249999999999999600 ) ) ;
#491 = VECTOR ( 'NONE', #5764, 1000.000000000000000 ) ;
#492 = ORIENTED_EDGE ( 'NONE', *, *, #183, .F. ) ;
#493 = DIRECTION ( 'NONE',  ( 1.000000000000000000, 0.0000000000000000000, 0.0000000000000000000 ) ) ;
#494 = EDGE_CURVE ( 'NONE', #1765, #3317, #1556, .T. ) ;
#495 = APPLICATION_CONTEXT ( 'configuration controlled 3d designs of mechanical parts and assemblies' ) ;
#496 = AXIS2_PLACEMENT_3D ( 'NONE', #6731, #6769, #3599 ) ;
#497 = PLANE ( 'NONE',  #6238 ) ;
#498 = VERTEX_POINT ( 'NONE', #4582 ) ;
#499 = ADVANCED_FACE ( 'NONE', ( #663 ), #7740, .T. ) ;
#500 = DIRECTION ( 'NONE',  ( 1.000000000000000000, 0.0000000000000000000, 0.0000000000000000000 ) ) ;
#501 = DIRECTION ( 'NONE',  ( 0.3826834332421320500, 0.9238795321480040000, 0.0000000000000000000 ) ) ;
#502 = VECTOR ( 'NONE', #3489, 1000.000000000000000 ) ;
#503 = CONTEXT_DEPENDENT_SHAPE_REPRESENTATION ( #3323, #8825 ) ;
#504 = EDGE_LOOP ( 'NONE', ( #2578, #6599, #9798, #9257, #5112, #2999, #3235, #90, #5235 ) ) ;
#505 = CARTESIAN_POINT ( 'NONE',  ( 9.659940380036424300, 15.48178128739587800, 6.000000000000000000 ) ) ;
#506 = EDGE_CURVE ( 'NONE', #7237, #8293, #56, .T. ) ;
#507 = CARTESIAN_POINT ( 'NONE',  ( -12.50000000000000000, 0.0000000000000000000, 10.00000000000000000 ) ) ;
#508 = ORIENTED_EDGE ( 'NONE', *, *, #1230, .F. ) ;
#509 = CARTESIAN_POINT ( 'NONE',  ( -1.500000000000000000, 2.954049622000000300, 17.00000000000000000 ) ) ;
#510 = DIRECTION ( 'NONE',  ( 0.0000000000000000000, 1.000000000000000000, 0.0000000000000000000 ) ) ;
#511 = DIRECTION ( 'NONE',  ( 0.0000000000000000000, 1.000000000000000000, 0.0000000000000000000 ) ) ;
#512 = VECTOR ( 'NONE', #6541, 1000.000000000000000 ) ;
#513 = DATE_AND_TIME ( #2636, #4725 ) ;
#514 = ORIENTED_EDGE ( 'NONE', *, *, #6353, .T. ) ;
#515 = CIRCLE ( 'NONE', #7630, 10.50000000000000000 ) ;
#516 = EDGE_CURVE ( 'NONE', #4670, #5332, #7386, .T. ) ;
#517 = CC_DESIGN_APPROVAL ( #8488, ( #642 ) ) ;
#518 = DIRECTION ( 'NONE',  ( -1.000000000000000000, 0.0000000000000000000, 0.0000000000000000000 ) ) ;
#519 = ORIENTED_EDGE ( 'NONE', *, *, #4698, .F. ) ;
#520 = DATE_AND_TIME ( #8573, #9074 ) ;
#521 = DIRECTION ( 'NONE',  ( -0.0000000000000000000, 1.734723475976807300E-016, 1.000000000000000000 ) ) ;
#522 = VERTEX_POINT ( 'NONE', #10120 ) ;
#523 = VECTOR ( 'NONE', #6813, 1000.000000000000000 ) ;
#524 = CARTESIAN_POINT ( 'NONE',  ( 16.62983158500000200, -6.888301783000001100, 8.500000000000000000 ) ) ;
#525 = VERTEX_POINT ( 'NONE', #5383 ) ;
#526 = EDGE_CURVE ( 'NONE', #4927, #3775, #9240, .T. ) ;
#527 = AXIS2_PLACEMENT_3D ( 'NONE', #7279, #4896, #4856 ) ;
#528 = DIRECTION ( 'NONE',  ( 0.0000000000000000000, 0.0000000000000000000, 1.000000000000000000 ) ) ;
#529 = APPROVAL ( #8878, 'UNKNOWN' ) ;
#530 = CARTESIAN_POINT ( 'NONE',  ( 17.67696888200000400, 11.00000000000000000, -0.03548225900000000200 ) ) ;
#531 = DIRECTION ( 'NONE',  ( 0.0000000000000000000, -1.000000000000000000, 0.0000000000000000000 ) ) ;
#532 = ORIENTED_EDGE ( 'NONE', *, *, #2103, .F. ) ;
#533 = CALENDAR_DATE ( 2023, 10, 1 ) ;
#534 = CIRCLE ( 'NONE', #1568, 6.000000000000000000 ) ;
#535 = DIRECTION ( 'NONE',  ( 0.0000000000000000000, 1.000000000000000000, 0.0000000000000000000 ) ) ;
#536 = CARTESIAN_POINT ( 'NONE',  ( 15.49751941100000300, 15.50000000000000000, 8.500000000000000000 ) ) ;
#537 = ORIENTED_EDGE ( 'NONE', *, *, #1581, .T. ) ;
#538 = DIRECTION ( 'NONE',  ( -1.000000000000000000, -1.776356839400250500E-015, 0.0000000000000000000 ) ) ;
#539 = EDGE_LOOP ( 'NONE', ( #4084, #8820 ) ) ;
#540 = CARTESIAN_POINT ( 'NONE',  ( -7.200000000000001100, 8.817456953860944300E-016, 4.799999999999999800 ) ) ;
#541 = ORIENTED_EDGE ( 'NONE', *, *, #3595, .F. ) ;
#542 = CALENDAR_DATE ( 2023, 10, 1 ) ;
#543 = CARTESIAN_POINT ( 'NONE',  ( 1.500000000000000000, 2.200000000000000200, 28.00000000000000000 ) ) ;
#544 = VECTOR ( 'NONE', #3074, 1000.000000000000000 ) ;
#545 = CARTESIAN_POINT ( 'NONE',  ( -15.02983158500000400, 6.888301783000001100, 8.500000000000000000 ) ) ;
#546 = AXIS2_PLACEMENT_3D ( 'NONE', #1136, #407, #6714 ) ;
#547 = VERTEX_POINT ( 'NONE', #6176 ) ;
#548 = CARTESIAN_POINT ( 'NONE',  ( -1.346539635240123800, 3.766754286979587400, 16.33190146301342700 ) ) ;
#549 = AXIS2_PLACEMENT_3D ( 'NONE', #4534, #1379, #1317 ) ;
#550 = LINE ( 'NONE', #7912, #3020 ) ;
#551 = CARTESIAN_POINT ( 'NONE',  ( 5.755954265999998000, 0.0000000000000000000, 0.0000000000000000000 ) ) ;
#552 = ORIENTED_EDGE ( 'NONE', *, *, #2652, .T. ) ;
#553 = ADVANCED_FACE ( 'NONE', ( #9983 ), #9109, .F. ) ;
#554 = ORIENTED_EDGE ( 'NONE', *, *, #484, .F. ) ;
#555 = COORDINATED_UNIVERSAL_TIME_OFFSET ( 8, 0, .AHEAD. ) ;
#556 = DIRECTION ( 'NONE',  ( 0.0000000000000000000, -0.0000000000000000000, 1.000000000000000000 ) ) ;
#557 = LINE ( 'NONE', #9523, #1681 ) ;
#558 = CARTESIAN_POINT ( 'NONE',  ( -19.61435346891045100, -7.501809252502166500, 1.252590368347292500 ) ) ;
#559 = EDGE_CURVE ( 'NONE', #3739, #4575, #6997, .T. ) ;
#560 = DIRECTION ( 'NONE',  ( -1.000000000000000000, 0.0000000000000000000, 0.0000000000000000000 ) ) ;
#561 = AXIS2_PLACEMENT_3D ( 'NONE', #3347, #2422, #7997 ) ;
#562 = VECTOR ( 'NONE', #1958, 1000.000000000000000 ) ;
#563 = ORIENTED_EDGE ( 'NONE', *, *, #395, .T. ) ;
#564 = CIRCLE ( 'NONE', #6275, 0.2999999999999999300 ) ;
#565 = AXIS2_PLACEMENT_3D ( 'NONE', #7860, #1458, #3104 ) ;
#566 = CARTESIAN_POINT ( 'NONE',  ( -12.91285330894388400, -17.07428642348041600, -0.4072287122388498800 ) ) ;
#567 = DIRECTION ( 'NONE',  ( -1.000000000000000000, 0.0000000000000000000, 0.0000000000000000000 ) ) ;
#568 = DIRECTION ( 'NONE',  ( -1.000000000000000000, 0.0000000000000000000, 0.0000000000000000000 ) ) ;
#569 = CARTESIAN_POINT ( 'NONE',  ( 11.54398522883312400, -4.870431797671352900, 6.351834230540021100 ) ) ;
#570 = EDGE_CURVE ( 'NONE', #5719, #1033, #3027, .T. ) ;
#571 = DIRECTION ( 'NONE',  ( 0.0000000000000000000, 1.000000000000000000, 0.0000000000000000000 ) ) ;
#572 = FACE_OUTER_BOUND ( 'NONE', #6064, .T. ) ;
#573 = ORIENTED_EDGE ( 'NONE', *, *, #2497, .T. ) ;
#574 = VECTOR ( 'NONE', #9644, 1000.000000000000100 ) ;
#575 = EDGE_CURVE ( 'NONE', #4741, #5819, #4893, .T. ) ;
#576 = CARTESIAN_POINT ( 'NONE',  ( 12.24999999999994800, -4.499999999999948500, 4.500000000000000900 ) ) ;
#577 = CARTESIAN_POINT ( 'NONE',  ( 0.0000000000000000000, 16.00000000000000000, 9.999999999999998200 ) ) ;
#578 = CC_DESIGN_APPROVAL ( #46, ( #8741 ) ) ;
#579 = LINE ( 'NONE', #10199, #8759 ) ;
#580 = DIRECTION ( 'NONE',  ( -1.000000000000000000, 0.0000000000000000000, 0.0000000000000000000 ) ) ;
#581 = ORIENTED_EDGE ( 'NONE', *, *, #5106, .F. ) ;
#582 = ORIENTED_EDGE ( 'NONE', *, *, #4403, .F. ) ;
#583 = VERTEX_POINT ( 'NONE', #6901 ) ;
#584 = VECTOR ( 'NONE', #2186, 1000.000000000000000 ) ;
#585 = EDGE_CURVE ( 'NONE', #238, #7100, #4524, .T. ) ;
#586 = VERTEX_POINT ( 'NONE', #7689 ) ;
#587 = CARTESIAN_POINT ( 'NONE',  ( 0.0000000000000000000, -2.702128715719968400E-041, 13.50000000000000000 ) ) ;
#588 = CC_DESIGN_DATE_AND_TIME_ASSIGNMENT ( #7221, #109, ( #2592 ) ) ;
#590 = CARTESIAN_POINT ( 'NONE',  ( 17.51773559200854900, 13.00000000011274400, -0.8142650682813458200 ) ) ;
#589 = FACE_OUTER_BOUND ( 'NONE', #4357, .T. ) ;
#591 = EDGE_LOOP ( 'NONE', ( #5308, #3630, #6885, #3181 ) ) ;
#592 = LINE ( 'NONE', #3619, #4198 ) ;
#593 = DIRECTION ( 'NONE',  ( 0.0000000000000000000, 0.0000000000000000000, 1.000000000000000000 ) ) ;
#594 = APPROVAL_ROLE ( '' ) ;
#595 = DIRECTION ( 'NONE',  ( -1.000000000000000000, 0.0000000000000000000, 0.0000000000000000000 ) ) ;
#596 = FACE_OUTER_BOUND ( 'NONE', #4007, .T. ) ;
#597 = ADVANCED_FACE ( 'NONE', ( #2415 ), #7502, .F. ) ;
#598 = DIRECTION ( 'NONE',  ( 0.0000000000000000000, 0.0000000000000000000, 1.000000000000000000 ) ) ;
#599 = CARTESIAN_POINT ( 'NONE',  ( -12.74672861473192900, -16.68894573229059100, -7.849036452324918800E-010 ) ) ;
#600 = ORIENTED_EDGE ( 'NONE', *, *, #7750, .F. ) ;
#601 = CIRCLE ( 'NONE', #10239, 21.00000000000000000 ) ;
#602 = AXIS2_PLACEMENT_3D ( 'NONE', #5454, #3926, #6188 ) ;
#603 = EDGE_CURVE ( 'NONE', #7455, #2624, #2796, .T. ) ;
#604 = DIRECTION ( 'NONE',  ( 0.0000000000000000000, 0.0000000000000000000, 1.000000000000000000 ) ) ;
#605 = DIRECTION ( 'NONE',  ( -1.000000000000000000, 0.0000000000000000000, 0.0000000000000000000 ) ) ;
#606 = AXIS2_PLACEMENT_3D ( 'NONE', #530, #5978, #6043 ) ;
#607 = LINE ( 'NONE', #6281, #1984 ) ;
#608 = CARTESIAN_POINT ( 'NONE',  ( 8.142442864544365800, 7.427927984810663600, -2.973515649894725100 ) ) ;
#609 = ORIENTED_EDGE ( 'NONE', *, *, #7700, .T. ) ;
#610 = CARTESIAN_POINT ( 'NONE',  ( 1.490089309867192300, 3.712151057705756600, 16.80174410927712400 ) ) ;
#611 = ORIENTED_EDGE ( 'NONE', *, *, #7528, .F. ) ;
#612 = CARTESIAN_POINT ( 'NONE',  ( 6.499999997999999800, 0.0000000000000000000, 0.0000000000000000000 ) ) ;
#613 = EDGE_CURVE ( 'NONE', #4147, #3067, #5898, .T. ) ;
#614 = CIRCLE ( 'NONE', #3724, 0.7500000000000006700 ) ;
#615 = VERTEX_POINT ( 'NONE', #719 ) ;
#616 = CARTESIAN_POINT ( 'NONE',  ( 20.51219149676611800, 4.499999999999987600, 4.500000000000636800 ) ) ;
#617 = ORIENTED_EDGE ( 'NONE', *, *, #5540, .T. ) ;
#618 = FACE_OUTER_BOUND ( 'NONE', #8947, .T. ) ;
#619 = CALENDAR_DATE ( 2023, 10, 1 ) ;
#620 = VERTEX_POINT ( 'NONE', #3082 ) ;
#621 = CARTESIAN_POINT ( 'NONE',  ( 12.79751940855709200, -16.80518908863305700, -0.1232308920086115100 ) ) ;
#622 = PERSON_AND_ORGANIZATION_ROLE ( 'classification_officer' ) ;
#623 = CARTESIAN_POINT ( 'NONE',  ( 3.018966126999999200, 0.0000000000000000000, -2.524016130000000100 ) ) ;
#624 = ORIENTED_EDGE ( 'NONE', *, *, #9020, .F. ) ;
#625 = CARTESIAN_POINT ( 'NONE',  ( 11.03556106438902200, -7.653535869038525300, 2.329568050944506500 ) ) ;
#626 = CARTESIAN_POINT ( 'NONE',  ( -6.000000000000000000, 7.347880794884119700E-016, 11.00000000000000000 ) ) ;
#627 = EDGE_LOOP ( 'NONE', ( #6800, #9330, #3318, #8356 ) ) ;
#628 = AXIS2_PLACEMENT_3D ( 'NONE', #6536, #902, #7256 ) ;
#629 = CARTESIAN_POINT ( 'NONE',  ( 10.00000000000000000, 0.5999999999999998700, -4.500000000000000900 ) ) ;
#630 = VECTOR ( 'NONE', #473, 1000.000000000000000 ) ;
#631 = CONTEXT_DEPENDENT_SHAPE_REPRESENTATION ( #3213, #8662 ) ;
#632 = ORIENTED_EDGE ( 'NONE', *, *, #5736, .T. ) ;
#633 = EDGE_CURVE ( 'NONE', #5464, #958, #7991, .T. ) ;
#634 = CYLINDRICAL_SURFACE ( 'NONE', #5785, 2.400000000000000400 ) ;
#635 = DIRECTION ( 'NONE',  ( -0.0000000000000000000, -0.0000000000000000000, -1.000000000000000000 ) ) ;
#636 = ORIENTED_EDGE ( 'NONE', *, *, #10170, .T. ) ;
#637 = ORIENTED_EDGE ( 'NONE', *, *, #8556, .F. ) ;
#638 = DIRECTION ( 'NONE',  ( 1.000000000000000000, 0.0000000000000000000, 0.0000000000000000000 ) ) ;
#639 = CARTESIAN_POINT ( 'NONE',  ( 0.0000000000000000000, 0.0000000000000000000, 0.0000000000000000000 ) ) ;
#640 = EDGE_CURVE ( 'NONE', #1588, #8555, #5769, .T. ) ;
#641 = CALENDAR_DATE ( 2023, 10, 1 ) ;
#642 = PRODUCT_DEFINITION_FORMATION_WITH_SPECIFIED_SOURCE ( '任何', '', #1868, .NOT_KNOWN. ) ;
#643 = FACE_BOUND ( 'NONE', #8144, .T. ) ;
#644 = DIRECTION ( 'NONE',  ( -0.0000000000000000000, 1.000000000000000000, 0.0000000000000000000 ) ) ;
#645 = ADVANCED_FACE ( 'NONE', ( #10100 ), #318, .T. ) ;
#646 = EDGE_LOOP ( 'NONE', ( #3285, #9808, #9158, #6078, #6129, #8783, #1036, #9711, #9534, #1332, #10195, #8281 ) ) ;
#647 = CARTESIAN_POINT ( 'NONE',  ( 0.0000000000000000000, 0.0000000000000000000, 31.00000000000000000 ) ) ;
#648 = DIRECTION ( 'NONE',  ( 0.0000000000000000000, -1.000000000000000000, 0.0000000000000000000 ) ) ;
#649 = ORIENTED_EDGE ( 'NONE', *, *, #3659, .T. ) ;
#650 = LOCAL_TIME ( 15, 11, 14.00000000000000000, #4257 ) ;
#651 = VECTOR ( 'NONE', #6535, 1000.000000000000000 ) ;
#652 = CARTESIAN_POINT ( 'NONE',  ( 8.864020200029811400, 6.956475119840301400, 3.954563607671407700 ) ) ;
#653 = VERTEX_POINT ( 'NONE', #3810 ) ;
#654 = DIRECTION ( 'NONE',  ( -0.0000000000000000000, 0.0000000000000000000, -1.000000000000000000 ) ) ;
#655 = APPROVAL_ROLE ( '' ) ;
#656 = EDGE_CURVE ( 'NONE', #9963, #2070, #9738, .T. ) ;
#657 = ORIENTED_EDGE ( 'NONE', *, *, #2472, .F. ) ;
#658 = VECTOR ( 'NONE', #941, 1000.000000000000000 ) ;
#659 = ORIENTED_EDGE ( 'NONE', *, *, #2785, .T. ) ;
#660 = ORIENTED_EDGE ( 'NONE', *, *, #8215, .F. ) ;
#661 = CALENDAR_DATE ( 2023, 10, 1 ) ;
#662 = CARTESIAN_POINT ( 'NONE',  ( 12.77891377317814500, 16.76925384984106800, -0.08336880599641813300 ) ) ;
#663 = FACE_OUTER_BOUND ( 'NONE', #1028, .T. ) ;
#664 = ORIENTED_EDGE ( 'NONE', *, *, #8003, .T. ) ;
#665 = CARTESIAN_POINT ( 'NONE',  ( -13.62983158500000000, 6.888301783000001100, 6.000000000000000000 ) ) ;
#666 = FACE_OUTER_BOUND ( 'NONE', #8244, .T. ) ;
#667 = ORIENTED_EDGE ( 'NONE', *, *, #1538, .T. ) ;
#668 = DIRECTION ( 'NONE',  ( 0.0000000000000000000, 0.0000000000000000000, -1.000000000000000000 ) ) ;
#669 = EDGE_CURVE ( 'NONE', #3775, #2474, #8493, .T. ) ;
#670 = AXIS2_PLACEMENT_3D ( 'NONE', #4311, #1859, #4166 ) ;
#671 = CARTESIAN_POINT ( 'NONE',  ( 20.19711233374429000, 5.755963724071446700, 4.236547789273818600 ) ) ;
#672 = FACE_OUTER_BOUND ( 'NONE', #6796, .T. ) ;
#673 = CARTESIAN_POINT ( 'NONE',  ( 1.197823671900245300, 3.819082152899245600, 16.07656237003894600 ) ) ;
#674 = AXIS2_PLACEMENT_3D ( 'NONE', #5859, #247, #8178 ) ;
#675 = DIRECTION ( 'NONE',  ( 0.0000000000000000000, 1.000000000000000000, 0.0000000000000000000 ) ) ;
#676 = VECTOR ( 'NONE', #7358, 1000.000000000000000 ) ;
#677 = EDGE_LOOP ( 'NONE', ( #4726, #6103, #3207, #9066, #2816 ) ) ;
#678 = ORIENTED_EDGE ( 'NONE', *, *, #10202, .F. ) ;
#679 = B_SPLINE_CURVE_WITH_KNOTS ( 'NONE', 3,
 ( #5550, #7137, #6318, #3049 ),
 .UNSPECIFIED., .F., .F.,
 ( 4, 4 ),
 ( 0.0000000000000000000, 0.001958715738919722500 ),
 .UNSPECIFIED. ) ;
#680 = CARTESIAN_POINT ( 'NONE',  ( 0.0000000000000000000, -7.005340145183690500E-032, -20.00000000000000000 ) ) ;
#681 = EDGE_CURVE ( 'NONE', #4954, #7896, #1309, .T. ) ;
#682 = DIRECTION ( 'NONE',  ( -1.000000000000000000, 0.0000000000000000000, 0.0000000000000000000 ) ) ;
#683 = LINE ( 'NONE', #5840, #3913 ) ;
#684 = UNCERTAINTY_MEASURE_WITH_UNIT (LENGTH_MEASURE( 1.000000000000000100E-005 ), #1941, 'distance_accuracy_value', 'NONE');
#685 = ORIENTED_EDGE ( 'NONE', *, *, #6661, .F. ) ;
#686 = APPROVAL_STATUS ( 'not_yet_approved' ) ;
#687 = FACE_OUTER_BOUND ( 'NONE', #12, .T. ) ;
#688 = CARTESIAN_POINT ( 'NONE',  ( 7.500000000000000000, -8.044399999999999600, 8.073197889000001100 ) ) ;
#689 = CARTESIAN_POINT ( 'NONE',  ( 11.16944735582144000, -7.632369013102310100, 2.398801519809064400 ) ) ;
#690 = EDGE_CURVE ( 'NONE', #7564, #7546, #7622, .T. ) ;
#691 = ADVANCED_FACE ( 'NONE', ( #9475 ), #786, .T. ) ;
#692 = DIRECTION ( 'NONE',  ( -0.0000000000000000000, 1.000000000000000000, 0.0000000000000000000 ) ) ;
#693 = CARTESIAN_POINT ( 'NONE',  ( -11.00000000000000000, 0.0000000000000000000, 4.500000000000000900 ) ) ;
#694 = VERTEX_POINT ( 'NONE', #4715 ) ;
#695 = VECTOR ( 'NONE', #4300, 999.9999999999998900 ) ;
#696 = ORIENTED_EDGE ( 'NONE', *, *, #7821, .T. ) ;
#697 = CARTESIAN_POINT ( 'NONE',  ( 0.0000000000000000000, 17.50000000000000000, 999.0085799790000500 ) ) ;
#698 = EDGE_CURVE ( 'NONE', #3723, #5044, #7868, .T. ) ;
#699 = CARTESIAN_POINT ( 'NONE',  ( -2.332238092999999100, -1.000000000000000000, 7.376889377999999600 ) ) ;
#700 = VERTEX_POINT ( 'NONE', #9353 ) ;
#701 = CC_DESIGN_PERSON_AND_ORGANIZATION_ASSIGNMENT ( #7989, #9289, ( #8348 ) ) ;
#702 = CARTESIAN_POINT ( 'NONE',  ( -5.288301783000005900, -16.62983158500000200, 8.500000000000000000 ) ) ;
#703 = CARTESIAN_POINT ( 'NONE',  ( -4.700000000000000200, 0.0000000000000000000, 12.40000000000000200 ) ) ;
#704 = EDGE_LOOP ( 'NONE', ( #2904, #162, #563, #2358 ) ) ;
#705 = VECTOR ( 'NONE', #5108, 1000.000000000000000 ) ;
#706 = EDGE_LOOP ( 'NONE', ( #9698, #5536, #7538, #4558 ) ) ;
#707 = VECTOR ( 'NONE', #6369, 1000.000000000000000 ) ;
#708 = DIRECTION ( 'NONE',  ( 0.0000000000000000000, 0.0000000000000000000, -1.000000000000000000 ) ) ;
#709 = EDGE_LOOP ( 'NONE', ( #3791, #7095, #10248, #4141 ) ) ;
#710 = FACE_OUTER_BOUND ( 'NONE', #709, .T. ) ;
#711 = CARTESIAN_POINT ( 'NONE',  ( 8.758827277902662800, -6.468407785873306900, -4.710941082045035700 ) ) ;
#712 = EDGE_CURVE ( 'NONE', #2388, #9676, #7926, .T. ) ;
#713 = AXIS2_PLACEMENT_3D ( 'NONE', #4654, #1403, #1470 ) ;
#714 = CARTESIAN_POINT ( 'NONE',  ( 0.0000000000000000000, 0.0000000000000000000, -16.69999999999999900 ) ) ;
#715 = APPROVAL ( #8071, 'UNKNOWN' ) ;
#716 = CARTESIAN_POINT ( 'NONE',  ( -12.74592239001820100, 16.68956148146993700, -3.840995594783360700E-010 ) ) ;
#717 = CIRCLE ( 'NONE', #3860, 1.250000000000000000 ) ;
#718 = VERTEX_POINT ( 'NONE', #8734 ) ;
#719 = CARTESIAN_POINT ( 'NONE',  ( -4.116663193540953900, -17.77788187666184800, 10.00000000000000000 ) ) ;
#720 = MECHANICAL_CONTEXT ( 'NONE', #1232, 'mechanical' ) ;
#721 = CARTESIAN_POINT ( 'NONE',  ( -10.88666308405249700, -1.582956469300383900, 2.306806652974200000 ) ) ;
#722 = CARTESIAN_POINT ( 'NONE',  ( 4.700000000000000200, 5.755839955992559700E-016, 11.19999999999999900 ) ) ;
#723 = FACE_BOUND ( 'NONE', #5107, .T. ) ;
#724 = AXIS2_PLACEMENT_3D ( 'NONE', #2835, #8272, #2043 ) ;
#725 = VERTEX_POINT ( 'NONE', #7170 ) ;
#726 = EDGE_CURVE ( 'NONE', #7080, #2030, #5275, .T. ) ;
#727 = DIRECTION ( 'NONE',  ( 0.0000000000000000000, 0.0000000000000000000, -1.000000000000000000 ) ) ;
#728 = EDGE_LOOP ( 'NONE', ( #8494, #2649, #9391, #3446 ) ) ;
#729 = CARTESIAN_POINT ( 'NONE',  ( 16.68894573225546200, 12.74672861471672800, 8.500000000000000000 ) ) ;
#730 = LINE ( 'NONE', #9671, #4716 ) ;
#731 = CARTESIAN_POINT ( 'NONE',  ( 15.50000000000000000, -17.25000000000000000, -20.00000000000000000 ) ) ;
#732 = DATE_AND_TIME ( #8562, #3852 ) ;
#733 = EDGE_LOOP ( 'NONE', ( #10064, #8061 ) ) ;
#734 = EDGE_CURVE ( 'NONE', #2279, #1295, #3149, .T. ) ;
#735 = ADVANCED_FACE ( 'NONE', ( #6879 ), #848, .F. ) ;
#736 = EDGE_CURVE ( 'NONE', #9624, #3059, #6409, .T. ) ;
#737 = ORIENTED_EDGE ( 'NONE', *, *, #6819, .T. ) ;
#738 = CARTESIAN_POINT ( 'NONE',  ( 8.763440902502354700, -6.775394973764242900, -4.257363311905591800 ) ) ;
#739 = LINE ( 'NONE', #4735, #8314 ) ;
#740 = B_SPLINE_CURVE_WITH_KNOTS ( 'NONE', 3,
 ( #9006, #7344, #5024, #8135 ),
 .UNSPECIFIED., .F., .F.,
 ( 4, 4 ),
 ( 0.0000000000000000000, 0.0007159683017690025700 ),
 .UNSPECIFIED. ) ;
#741 = ORGANIZATION ( 'NAUO-ORG8', 'UNSPECIFIED', 'UNSPECIFIED' ) ;
#742 = AXIS2_PLACEMENT_3D ( 'NONE', #10044, #7685, #10014 ) ;
#743 = DIRECTION ( 'NONE',  ( 0.0000000000000000000, 0.0000000000000000000, -1.000000000000000000 ) ) ;
#744 = ORIENTED_EDGE ( 'NONE', *, *, #1781, .F. ) ;
#745 = CYLINDRICAL_SURFACE ( 'NONE', #135, 3.000000000000002700 ) ;
#746 = EDGE_LOOP ( 'NONE', ( #4414, #1726 ) ) ;
#747 = DIRECTION ( 'NONE',  ( -1.000000000000000000, 0.0000000000000000000, 0.0000000000000000000 ) ) ;
#748 = CARTESIAN_POINT ( 'NONE',  ( 0.0000000000000000000, 0.0000000000000000000, 0.0000000000000000000 ) ) ;
#749 =( REPRESENTATION_RELATIONSHIP ('NONE','NONE', #4455, #8079 ) REPRESENTATION_RELATIONSHIP_WITH_TRANSFORMATION ( #4486 )SHAPE_REPRESENTATION_RELATIONSHIP( ) );
#750 = CARTESIAN_POINT ( 'NONE',  ( 12.99751940931688800, -20.99999999939402400, -3.696872489651763100 ) ) ;
#751 = CARTESIAN_POINT ( 'NONE',  ( 20.70000000000009500, 0.0000000000000000000, -16.99999999999990400 ) ) ;
#752 = ORGANIZATION ( 'NAUO-ORG2', 'UNSPECIFIED', 'UNSPECIFIED' ) ;
#753 = ORIENTED_EDGE ( 'NONE', *, *, #3605, .F. ) ;
#754 = VECTOR ( 'NONE', #8963, 1000.000000000000000 ) ;
#755 = EDGE_CURVE ( 'NONE', #6732, #7669, #8247, .T. ) ;
#756 = ORIENTED_EDGE ( 'NONE', *, *, #262, .F. ) ;
#757 = DIRECTION ( 'NONE',  ( -0.0000000000000000000, 0.0000000000000000000, -1.000000000000000000 ) ) ;
#758 = DIRECTION ( 'NONE',  ( -1.000000000000000000, 0.0000000000000000000, 0.0000000000000000000 ) ) ;
#759 = AXIS2_PLACEMENT_3D ( 'NONE', #84, #1658, #6364 ) ;
#760 = ORIENTED_EDGE ( 'NONE', *, *, #2620, .T. ) ;
#761 = AXIS2_PLACEMENT_3D ( 'NONE', #6630, #5904, #1156 ) ;
#762 = ORIENTED_EDGE ( 'NONE', *, *, #4205, .F. ) ;
#763 = LOCAL_TIME ( 15, 11, 14.00000000000000000, #8713 ) ;
#764 = CARTESIAN_POINT ( 'NONE',  ( 21.00000000000000000, 10.82742267925800500, -2.605144917257459900 ) ) ;
#765 = CONICAL_SURFACE ( 'NONE', #7416, 21.00000000000000000, 0.7853981633974485000 ) ;
#766 = CARTESIAN_POINT ( 'NONE',  ( -6.888301783000001100, -16.62983158500000200, 6.000000000000000000 ) ) ;
#767 = VERTEX_POINT ( 'NONE', #6448 ) ;
#768 = CARTESIAN_POINT ( 'NONE',  ( 19.67909599929303600, 7.330655097138124400, 0.4715142997194222100 ) ) ;
#769 = CARTESIAN_POINT ( 'NONE',  ( 7.900730770527123200, -7.276165327423677300, 3.328253105978022500 ) ) ;
#770 = EDGE_CURVE ( 'NONE', #461, #583, #557, .T. ) ;
#771 = VERTEX_POINT ( 'NONE', #1711 ) ;
#772 = CC_DESIGN_PERSON_AND_ORGANIZATION_ASSIGNMENT ( #1770, #7104, ( #8558 ) ) ;
#773 = CARTESIAN_POINT ( 'NONE',  ( 12.79751941117999600, -16.80518909366351100, -7.516985141499999300 ) ) ;
#774 = VERTEX_POINT ( 'NONE', #3176 ) ;
#775 = COORDINATED_UNIVERSAL_TIME_OFFSET ( 8, 0, .AHEAD. ) ;
#776 = DIRECTION ( 'NONE',  ( 1.355252715606880800E-016, -1.000000000000000000, 0.0000000000000000000 ) ) ;
#777 = VECTOR ( 'NONE', #6405, 1000.000000000000000 ) ;
#778 = ORIENTED_EDGE ( 'NONE', *, *, #6402, .F. ) ;
#779 = DIRECTION ( 'NONE',  ( 1.000000000000000000, 0.0000000000000000000, 0.0000000000000000000 ) ) ;
#780 = DIRECTION ( 'NONE',  ( 0.0000000000000000000, -1.000000000000000000, -1.284980352575412700E-016 ) ) ;
#781 = FACE_BOUND ( 'NONE', #5159, .T. ) ;
#782 = VERTEX_POINT ( 'NONE', #8793 ) ;
#783 = EDGE_LOOP ( 'NONE', ( #7518, #7703 ) ) ;
#784 = PERSON_AND_ORGANIZATION ( #9162, #4154 ) ;
#785 = DIRECTION ( 'NONE',  ( -0.0000000000000000000, -0.0000000000000000000, 1.000000000000000000 ) ) ;
#786 = CYLINDRICAL_SURFACE ( 'NONE', #6546, 6.500000000000000900 ) ;
#787 = AXIS2_PLACEMENT_3D ( 'NONE', #5260, #3530, #3588 ) ;
#788 =( REPRESENTATION_RELATIONSHIP ('NONE','NONE', #4455, #8079 ) REPRESENTATION_RELATIONSHIP_WITH_TRANSFORMATION ( #1382 )SHAPE_REPRESENTATION_RELATIONSHIP( ) );
#789 = EDGE_CURVE ( 'NONE', #10182, #1295, #5030, .T. ) ;
#790 = DIRECTION ( 'NONE',  ( 0.0000000000000000000, -4.130293990420969400E-017, -1.000000000000000000 ) ) ;
#791 = CARTESIAN_POINT ( 'NONE',  ( 10.00000000000000000, 0.5999999999999998700, -6.100000000000001400 ) ) ;
#792 = ADVANCED_FACE ( 'NONE', ( #4768 ), #4757, .T. ) ;
#793 = CARTESIAN_POINT ( 'NONE',  ( -1.000000000000000000, -0.5000000000000000000, 8.096295448999999400 ) ) ;
#794 = CARTESIAN_POINT ( 'NONE',  ( 10.00000000000000000, -3.849999999999999600, 4.500000000000000900 ) ) ;
#795 = VECTOR ( 'NONE', #9709, 1000.000000000000000 ) ;
#796 = VERTEX_POINT ( 'NONE', #5645 ) ;
#797 = ORIENTED_EDGE ( 'NONE', *, *, #5304, .F. ) ;
#798 = DIRECTION ( 'NONE',  ( 1.000000000000000000, 0.0000000000000000000, 0.0000000000000000000 ) ) ;
#799 = CARTESIAN_POINT ( 'NONE',  ( 0.0000000000000000000, 3.471663033487752300E-032, 10.00000000000000000 ) ) ;
#800 = EDGE_CURVE ( 'NONE', #8499, #3368, #1545, .T. ) ;
#801 = LINE ( 'NONE', #7597, #8384 ) ;
#802 = ORIENTED_EDGE ( 'NONE', *, *, #6413, .F. ) ;
#803 = CARTESIAN_POINT ( 'NONE',  ( 0.0000000000000000000, 0.0000000000000000000, 0.0000000000000000000 ) ) ;
#804 = DIRECTION ( 'NONE',  ( 0.0000000000000000000, -5.421010862427522200E-017, -1.000000000000000000 ) ) ;
#805 = CYLINDRICAL_SURFACE ( 'NONE', #1743, 2.999999999999997300 ) ;
#806 = AXIS2_PLACEMENT_3D ( 'NONE', #7108, #5657, #2510 ) ;
#807 = CARTESIAN_POINT ( 'NONE',  ( -8.152958078654258100, -7.384651161232863400, 0.6493373492354024300 ) ) ;
#808 = DIRECTION ( 'NONE',  ( 0.0000000000000000000, 0.0000000000000000000, 1.000000000000000000 ) ) ;
#809 = CYLINDRICAL_SURFACE ( 'NONE', #5587, 2.000000000000001800 ) ;
#810 = ORIENTED_EDGE ( 'NONE', *, *, #7076, .F. ) ;
#811 = B_SPLINE_CURVE_WITH_KNOTS ( 'NONE', 3,
 ( #3276, #5676, #5643, #2487, #5610, #917 ),
 .UNSPECIFIED., .F., .F.,
 ( 4, 2, 4 ),
 ( 6.401374962965352500E-014, 0.0006063132747526569700, 0.001212626549441300000 ),
 .UNSPECIFIED. ) ;
#812 = DIRECTION ( 'NONE',  ( 0.0000000000000000000, 0.0000000000000000000, -1.000000000000000000 ) ) ;
#813 = EDGE_LOOP ( 'NONE', ( #492, #1315 ) ) ;
#814 = CARTESIAN_POINT ( 'NONE',  ( 9.230646701289179700, 4.499999999999948500, -6.614378277830755200 ) ) ;
#815 = ORIENTED_EDGE ( 'NONE', *, *, #6213, .F. ) ;
#816 = CARTESIAN_POINT ( 'NONE',  ( 3.000000000000000400, -1.349617696492563900, 1.923894045222852800 ) ) ;
#817 = VECTOR ( 'NONE', #7756, 1000.000000000000000 ) ;
#818 = ORIENTED_EDGE ( 'NONE', *, *, #3113, .T. ) ;
#819 = CARTESIAN_POINT ( 'NONE',  ( 0.0000000000000000000, -3.212450881438532200E-016, -15.00000000000000000 ) ) ;
#820 = CARTESIAN_POINT ( 'NONE',  ( -15.50000000000000000, 15.49999999999999500, -15.00000000000000000 ) ) ;
#821 = LINE ( 'NONE', #1247, #7295 ) ;
#822 = CARTESIAN_POINT ( 'NONE',  ( 18.05442518510400900, -10.72556438738399900, 10.00000000000000000 ) ) ;
#823 = EDGE_LOOP ( 'NONE', ( #1873, #5556, #3935, #9310 ) ) ;
#824 = LINE ( 'NONE', #4250, #7162 ) ;
#825 = DIRECTION ( 'NONE',  ( -1.473925977847374000E-030, -9.912705577010326500E-016, 1.000000000000000000 ) ) ;
#826 = EDGE_CURVE ( 'NONE', #7593, #6462, #8107, .T. ) ;
#827 = DIRECTION ( 'NONE',  ( -1.000000000000000000, 0.0000000000000000000, 0.0000000000000000000 ) ) ;
#828 = CARTESIAN_POINT ( 'NONE',  ( 5.288301783000001400, 16.62983158500000200, 8.500000000000000000 ) ) ;
#829 = DIRECTION ( 'NONE',  ( -1.000000000000000000, 0.0000000000000000000, 0.0000000000000000000 ) ) ;
#830 = PRODUCT_RELATED_PRODUCT_CATEGORY ( 'detail', '', ( #1868 ) ) ;
#831 = CIRCLE ( 'NONE', #8917, 8.000000000000000000 ) ;
#832 = CARTESIAN_POINT ( 'NONE',  ( 6.500000000400000000, 0.0000000000000000000, -5.000000000000000000 ) ) ;
#833 = CARTESIAN_POINT ( 'NONE',  ( 4.000000000000000000, 4.898587196589412800E-016, 31.00000000000000000 ) ) ;
#834 = ORIENTED_EDGE ( 'NONE', *, *, #669, .F. ) ;
#835 = VECTOR ( 'NONE', #7953, 1000.000000000000000 ) ;
#836 = DIRECTION ( 'NONE',  ( 0.0000000000000000000, 0.0000000000000000000, 1.000000000000000000 ) ) ;
#837 = CARTESIAN_POINT ( 'NONE',  ( 6.888301783000001100, 16.62983158500000200, 6.000000000000000000 ) ) ;
#838 = CARTESIAN_POINT ( 'NONE',  ( -8.212600746450167600, -7.318856157524262300, 0.4531462289695080100 ) ) ;
#839 = ADVANCED_FACE ( 'NONE', ( #3887 ), #5678, .T. ) ;
#840 = CARTESIAN_POINT ( 'NONE',  ( 20.35052578367124800, -5.182287171522991900, 5.149999999999999500 ) ) ;
#841 = CYLINDRICAL_SURFACE ( 'NONE', #2092, 0.7500000000000006700 ) ;
#842 = VERTEX_POINT ( 'NONE', #9621 ) ;
#843 = CARTESIAN_POINT ( 'NONE',  ( -15.50000000000000000, 17.24999999999999600, -20.00000000000000000 ) ) ;
#844 = AXIS2_PLACEMENT_3D ( 'NONE', #8799, #6387, #8700 ) ;
#845 = CC_DESIGN_SECURITY_CLASSIFICATION ( #9765, ( #10279 ) ) ;
#846 = DIRECTION ( 'NONE',  ( 0.0000000000000000000, 0.0000000000000000000, -1.000000000000000000 ) ) ;
#847 = ORIENTED_EDGE ( 'NONE', *, *, #3752, .T. ) ;
#848 = PLANE ( 'NONE',  #2161 ) ;
#849 = LINE ( 'NONE', #8509, #5834 ) ;
#850 = ORIENTED_EDGE ( 'NONE', *, *, #7174, .F. ) ;
#851 = CARTESIAN_POINT ( 'NONE',  ( 9.300000000000000700, 1.138921523207038600E-015, 0.2000000000000000100 ) ) ;
#852 = DATE_TIME_ROLE ( 'classification_date' ) ;
#853 = DIRECTION ( 'NONE',  ( 0.0000000000000000000, 0.0000000000000000000, 1.000000000000000000 ) ) ;
#854 = DIRECTION ( 'NONE',  ( 1.000000000000000000, 0.0000000000000000000, 0.0000000000000000000 ) ) ;
#855 = CARTESIAN_POINT ( 'NONE',  ( -1.197940186057660400, 3.819043804228369400, 28.92327844435615700 ) ) ;
#856 = ORIENTED_EDGE ( 'NONE', *, *, #3354, .F. ) ;
#857 = EDGE_CURVE ( 'NONE', #6846, #9079, #6868, .T. ) ;
#858 = AXIS2_PLACEMENT_3D ( 'NONE', #931, #8354, #1988 ) ;
#859 = CIRCLE ( 'NONE', #1682, 4.000000000000000000 ) ;
#860 = CALENDAR_DATE ( 2023, 10, 1 ) ;
#861 = PLANE ( 'NONE',  #8330 ) ;
#862 = VERTEX_POINT ( 'NONE', #1775 ) ;
#863 = VECTOR ( 'NONE', #8553, 1000.000000000000000 ) ;
#864 = VERTEX_POINT ( 'NONE', #1705 ) ;
#865 = AXIS2_PLACEMENT_3D ( 'NONE', #3174, #2428, #2495 ) ;
#866 = CARTESIAN_POINT ( 'NONE',  ( -13.62983158500000000, 6.888301783000001100, 10.00000000000000000 ) ) ;
#867 = CARTESIAN_POINT ( 'NONE',  ( 20.84173081365928200, 2.580322485198445600, 3.820480270962393700 ) ) ;
#868 = CARTESIAN_POINT ( 'NONE',  ( -16.62983158500000200, 6.888301783000001100, 8.500000000000000000 ) ) ;
#869 = ORIENTED_EDGE ( 'NONE', *, *, #698, .F. ) ;
#870 = ORIENTED_EDGE ( 'NONE', *, *, #8669, .F. ) ;
#871 = CARTESIAN_POINT ( 'NONE',  ( 10.03742994994242100, 4.500000000000082600, -1.500000000000259100 ) ) ;
#872 = FACE_OUTER_BOUND ( 'NONE', #898, .T. ) ;
#873 = EDGE_CURVE ( 'NONE', #7324, #1759, #1801, .T. ) ;
#874 = COORDINATED_UNIVERSAL_TIME_OFFSET ( 8, 0, .AHEAD. ) ;
#875 = VERTEX_POINT ( 'NONE', #953 ) ;
#876 = CIRCLE ( 'NONE', #7963, 0.7500000000000006700 ) ;
#877 = CARTESIAN_POINT ( 'NONE',  ( -8.926903941376211900, -6.429586213586715900, 3.804876705567600900 ) ) ;
#878 = AXIS2_PLACEMENT_3D ( 'NONE', #2960, #8500, #3744 ) ;
#879 = EDGE_LOOP ( 'NONE', ( #10203, #9071 ) ) ;
#880 = ORIENTED_EDGE ( 'NONE', *, *, #1385, .F. ) ;
#881 = DIRECTION ( 'NONE',  ( -0.0000000000000000000, -0.0000000000000000000, 1.000000000000000000 ) ) ;
#882 = CARTESIAN_POINT ( 'NONE',  ( 12.39151735713288000, 6.448336886592178600, -4.737340533197660800 ) ) ;
#883 = PLANE ( 'NONE',  #2341 ) ;
#884 = EDGE_CURVE ( 'NONE', #1318, #1502, #5884, .T. ) ;
#885 = LINE ( 'NONE', #4177, #7591 ) ;
#886 = CARTESIAN_POINT ( 'NONE',  ( 12.99751940763377600, 21.00000000000000000, -9.940000000000001300 ) ) ;
#887 = ORIENTED_EDGE ( 'NONE', *, *, #4563, .T. ) ;
#888 = DIRECTION ( 'NONE',  ( 0.0000000000000000000, 1.000000000000000000, -1.445602896647339200E-016 ) ) ;
#889 = EDGE_CURVE ( 'NONE', #6346, #2538, #2668, .T. ) ;
#890 = ADVANCED_FACE ( 'NONE', ( #7112 ), #2052, .T. ) ;
#891 = DIRECTION ( 'NONE',  ( 1.000000000000000000, 0.0000000000000000000, 0.0000000000000000000 ) ) ;
#892 = ORIENTED_EDGE ( 'NONE', *, *, #9266, .F. ) ;
#893 = COORDINATED_UNIVERSAL_TIME_OFFSET ( 8, 0, .AHEAD. ) ;
#894 = CARTESIAN_POINT ( 'NONE',  ( -1.422233227128329300, 3.738832858836413500, 28.48669586473700800 ) ) ;
#895 = PRODUCT_DEFINITION ( '未知', '', #8348, #1371 ) ;
#896 = FACE_OUTER_BOUND ( 'NONE', #6086, .T. ) ;
#897 = CARTESIAN_POINT ( 'NONE',  ( 10.66147236521465300, 2.713434687177155500, -0.9181123239413322400 ) ) ;
#898 = EDGE_LOOP ( 'NONE', ( #9203, #5663, #9816, #1422, #2413, #1551, #2353 ) ) ;
#899 = DIRECTION ( 'NONE',  ( 0.0000000000000000000, 0.0000000000000000000, 1.000000000000000000 ) ) ;
#900 = DIRECTION ( 'NONE',  ( 0.0000000000000000000, 0.0000000000000000000, 1.000000000000000000 ) ) ;
#901 = VERTEX_POINT ( 'NONE', #3277 ) ;
#902 = DIRECTION ( 'NONE',  ( -0.0000000000000000000, 0.0000000000000000000, -1.000000000000000000 ) ) ;
#903 = VECTOR ( 'NONE', #8019, 1000.000000000000000 ) ;
#904 = PERSON ( 'NAUO-PER1', 'UNSPECIFIED', 'UNSPECIFIED', ('UNSPECIFIED'), ('UNSPECIFIED'), ('UNSPECIFIED') ) ;
#905 = ORIENTED_EDGE ( 'NONE', *, *, #5984, .T. ) ;
#906 = DIRECTION ( 'NONE',  ( -0.0000000000000000000, 1.734723475976807300E-016, 1.000000000000000000 ) ) ;
#907 = DIRECTION ( 'NONE',  ( 0.0000000000000000000, 1.000000000000000000, 0.0000000000000000000 ) ) ;
#908 = VERTEX_POINT ( 'NONE', #7305 ) ;
#909 = APPROVAL_PERSON_ORGANIZATION ( #784, #3366, #8430 ) ;
#910 = DIRECTION ( 'NONE',  ( -1.000000000000000000, 0.0000000000000000000, 0.0000000000000000000 ) ) ;
#911 = FACE_OUTER_BOUND ( 'NONE', #8477, .T. ) ;
#912 = CARTESIAN_POINT ( 'NONE',  ( -16.69098564124213300, -12.74405737161121400, 3.920333076924845600E-010 ) ) ;
#913 = DIRECTION ( 'NONE',  ( -9.826173185649159900E-031, -9.912705577010326500E-016, 1.000000000000000000 ) ) ;
#914 = ORIENTED_EDGE ( 'NONE', *, *, #6929, .F. ) ;
#915 = EDGE_CURVE ( 'NONE', #615, #8903, #9973, .T. ) ;
#916 = CC_DESIGN_DATE_AND_TIME_ASSIGNMENT ( #6351, #852, ( #10145 ) ) ;
#917 = CARTESIAN_POINT ( 'NONE',  ( 12.99751941100000100, 17.67944947230918700, -0.9430728131512015100 ) ) ;
#918 = LINE ( 'NONE', #8933, #4646 ) ;
#919 = VERTEX_POINT ( 'NONE', #2567 ) ;
#920 = CARTESIAN_POINT ( 'NONE',  ( -12.79999999965375900, -16.80518909296213100, -0.1247338549234625600 ) ) ;
#921 = FACE_OUTER_BOUND ( 'NONE', #8823, .T. ) ;
#922 = CARTESIAN_POINT ( 'NONE',  ( 11.13551948386521700, 4.500000000000000900, -6.614378277830737400 ) ) ;
#923 = DIRECTION ( 'NONE',  ( 0.0000000000000000000, -0.8660254037305482600, -0.5000000000933407800 ) ) ;
#924 = LINE ( 'NONE', #8836, #795 ) ;
#925 = ORIENTED_EDGE ( 'NONE', *, *, #1230, .T. ) ;
#926 = AXIS2_PLACEMENT_3D ( 'NONE', #19, #5567, #6438 ) ;
#927 = CARTESIAN_POINT ( 'NONE',  ( 2.999999999999999600, -0.6445563367934428200, 2.259886067925398000 ) ) ;
#928 = EDGE_CURVE ( 'NONE', #8614, #9142, #4397, .T. ) ;
#929 = ORIENTED_EDGE ( 'NONE', *, *, #6858, .F. ) ;
#930 = DIRECTION ( 'NONE',  ( -1.000000000000000000, 0.0000000000000000000, 0.0000000000000000000 ) ) ;
#931 = CARTESIAN_POINT ( 'NONE',  ( 16.62983158500000200, -6.888301783000001100, 8.500000000000000000 ) ) ;
#932 = CARTESIAN_POINT ( 'NONE',  ( 0.0000000000000000000, 0.0000000000000000000, 5.000000000000000000 ) ) ;
#933 = CARTESIAN_POINT ( 'NONE',  ( 12.49751941100000300, -15.49751941100000100, 8.500000000000000000 ) ) ;
#934 = CIRCLE ( 'NONE', #9298, 5.000000000000000000 ) ;
#935 = EDGE_LOOP ( 'NONE', ( #7683, #5098, #9651, #8641, #2590, #320, #1562, #6251, #9177, #7835, #7533, #2716, #6342, #2906, #9860, #1134, #797, #9837, #8301, #3811 ) ) ;
#936 = CARTESIAN_POINT ( 'NONE',  ( 0.0000000000000000000, 0.0000000000000000000, 0.0000000000000000000 ) ) ;
#937 = LINE ( 'NONE', #10039, #334 ) ;
#938 = CARTESIAN_POINT ( 'NONE',  ( 0.0000000000000000000, 0.0000000000000000000, 4.500000000000000900 ) ) ;
#939 = EDGE_CURVE ( 'NONE', #994, #4322, #3138, .T. ) ;
#940 = DIRECTION ( 'NONE',  ( -1.000000000000000000, 0.0000000000000000000, 0.0000000000000000000 ) ) ;
#941 = DIRECTION ( 'NONE',  ( 0.0000000000000000000, -4.130293990420969400E-017, -1.000000000000000000 ) ) ;
#942 = DIRECTION ( 'NONE',  ( 0.0000000000000000000, -0.0000000000000000000, 1.000000000000000000 ) ) ;
#943 = EDGE_CURVE ( 'NONE', #9907, #7236, #740, .T. ) ;
#944 = CARTESIAN_POINT ( 'NONE',  ( 0.0000000000000000000, 16.00000000000000000, 9.999999999999998200 ) ) ;
#945 = CARTESIAN_POINT ( 'NONE',  ( 8.926903940667941100, 6.429586214567857300, 3.804876704743513500 ) ) ;
#946 = VERTEX_POINT ( 'NONE', #6509 ) ;
#947 = DIRECTION ( 'NONE',  ( 1.000000000000000000, 0.0000000000000000000, 0.0000000000000000000 ) ) ;
#948 = CYLINDRICAL_SURFACE ( 'NONE', #5410, 1.650000000000002100 ) ;
#949 = VERTEX_POINT ( 'NONE', #5611 ) ;
#950 = CARTESIAN_POINT ( 'NONE',  ( -8.624806370765393000, -6.828901956171472800, 3.401049770731668700 ) ) ;
#951 = ADVANCED_FACE ( 'NONE', ( #178 ), #306, .F. ) ;
#952 = VERTEX_POINT ( 'NONE', #243 ) ;
#953 = CARTESIAN_POINT ( 'NONE',  ( 17.50000000000000000, -4.796274303743751800E-025, -0.9914200209999988200 ) ) ;
#954 = DIRECTION ( 'NONE',  ( 0.0000000000000000000, 0.0000000000000000000, 1.000000000000000000 ) ) ;
#955 = ORIENTED_EDGE ( 'NONE', *, *, #8052, .F. ) ;
#956 = FACE_OUTER_BOUND ( 'NONE', #1441, .T. ) ;
#957 = DIRECTION ( 'NONE',  ( 1.000000000000000000, -0.0000000000000000000, -0.0000000000000000000 ) ) ;
#958 = VERTEX_POINT ( 'NONE', #4986 ) ;
#959 = EDGE_LOOP ( 'NONE', ( #6754, #9754, #6133, #6966, #1923, #9502 ) ) ;
#960 = VECTOR ( 'NONE', #9505, 1000.000000000000000 ) ;
#961 = ORIENTED_EDGE ( 'NONE', *, *, #603, .T. ) ;
#962 = FACE_OUTER_BOUND ( 'NONE', #10148, .T. ) ;
#963 = AXIS2_PLACEMENT_3D ( 'NONE', #6853, #7610, #6023 ) ;
#964 = AXIS2_PLACEMENT_3D ( 'NONE', #5933, #9279, #2188 ) ;
#965 = CARTESIAN_POINT ( 'NONE',  ( 3.000000000000000400, -0.9996748284010208400, 2.126830223348678200 ) ) ;
#966 = SECURITY_CLASSIFICATION_LEVEL ( 'unclassified' ) ;
#967 = DIRECTION ( 'NONE',  ( 0.0000000000000000000, 0.0000000000000000000, -1.000000000000000000 ) ) ;
#968 = EDGE_CURVE ( 'NONE', #10159, #3427, #5508, .T. ) ;
#969 = DIRECTION ( 'NONE',  ( -1.000000000000000000, 0.0000000000000000000, 0.0000000000000000000 ) ) ;
#970 = CARTESIAN_POINT ( 'NONE',  ( -3.500000000000000000, -1.000000000000000000, 5.039138622000000300 ) ) ;
#972 = FACE_OUTER_BOUND ( 'NONE', #7961, .T. ) ;
#971 = CARTESIAN_POINT ( 'NONE',  ( 10.89721411668636200, 1.500241498391346600, 1.293472828154038900 ) ) ;
#973 = ORIENTED_EDGE ( 'NONE', *, *, #5165, .F. ) ;
#974 = DIRECTION ( 'NONE',  ( -1.000000000000000000, -0.0000000000000000000, -0.0000000000000000000 ) ) ;
#975 = EDGE_CURVE ( 'NONE', #9062, #4662, #6506, .T. ) ;
#976 = CARTESIAN_POINT ( 'NONE',  ( 11.13594638563252000, 6.956238567698710200, 3.954907088612508400 ) ) ;
#977 = CARTESIAN_POINT ( 'NONE',  ( 20.93247038748672000, 1.683536805286547100, 2.541542205844988800 ) ) ;
#978 = CC_DESIGN_PERSON_AND_ORGANIZATION_ASSIGNMENT ( #6980, #1504, ( #459 ) ) ;
#979 = B_SPLINE_CURVE_WITH_KNOTS ( 'NONE', 3,
 ( #9535, #5532, #1517, #764, #5496, #3226 ),
 .UNSPECIFIED., .F., .F.,
 ( 4, 2, 4 ),
 ( 0.0000000000000000000, 0.003638066136180014900, 0.007276132272360029800 ),
 .UNSPECIFIED. ) ;
#980 = DIRECTION ( 'NONE',  ( -9.826173185649159900E-031, -9.912705577010326500E-016, 1.000000000000000000 ) ) ;
#981 = CARTESIAN_POINT ( 'NONE',  ( 5.755954265999998000, -1.000000000000000000, 2.817016741541808200E-010 ) ) ;
#982 = CARTESIAN_POINT ( 'NONE',  ( 12.00000000000000000, 0.0000000000000000000, 0.0000000000000000000 ) ) ;
#983 = FACE_OUTER_BOUND ( 'NONE', #6671, .T. ) ;
#984 = CARTESIAN_POINT ( 'NONE',  ( -16.76925381614732700, -12.77891375830345500, -0.08336876943807770800 ) ) ;
#985 = CARTESIAN_POINT ( 'NONE',  ( 12.99751941379284600, 16.72449999999999900, -15.00000000000000000 ) ) ;
#986 = VERTEX_POINT ( 'NONE', #7418 ) ;
#987 = CARTESIAN_POINT ( 'NONE',  ( 5.182287190672681700, 20.35052577879475100, 9.999999999999998200 ) ) ;
#988 = EDGE_LOOP ( 'NONE', ( #6998, #3390, #1052, #9259, #6028, #16, #1591 ) ) ;
#989 = DIRECTION ( 'NONE',  ( 0.0000000000000000000, 0.0000000000000000000, -1.000000000000000000 ) ) ;
#990 = CARTESIAN_POINT ( 'NONE',  ( -10.69932274048252200, -2.558463997059079900, -0.7955404192374198000 ) ) ;
#991 = LINE ( 'NONE', #8803, #2622 ) ;
#992 = CARTESIAN_POINT ( 'NONE',  ( 10.00000000000000000, 3.849999999999999600, -4.500000000000000900 ) ) ;
#993 = LOCAL_TIME ( 15, 11, 14.00000000000000000, #7933 ) ;
#994 = VERTEX_POINT ( 'NONE', #7381 ) ;
#995 = EDGE_CURVE ( 'NONE', #994, #7183, #8981, .T. ) ;
#996 = PLANE ( 'NONE',  #1224 ) ;
#997 = ORIENTED_EDGE ( 'NONE', *, *, #2091, .F. ) ;
#998 = CARTESIAN_POINT ( 'NONE',  ( 2.999999999999999600, -1.962104911005405000, -1.298780596675012600 ) ) ;
#999 = SECURITY_CLASSIFICATION_LEVEL ( 'unclassified' ) ;
#1000 = LINE ( 'NONE', #8208, #9557 ) ;
#1001 = DIRECTION ( 'NONE',  ( -1.000000000000000000, 0.0000000000000000000, 0.0000000000000000000 ) ) ;
#1002 = CALENDAR_DATE ( 2023, 10, 1 ) ;
#1003 = VERTEX_POINT ( 'NONE', #4186 ) ;
#1004 = CIRCLE ( 'NONE', #10028, 1.649999999999998600 ) ;
#1005 = ADVANCED_FACE ( 'NONE', ( #1671 ), #5760, .T. ) ;
#1006 = EDGE_LOOP ( 'NONE', ( #8335, #9999, #8243, #4472 ) ) ;
#1007 = CARTESIAN_POINT ( 'NONE',  ( -20.92402686314657200, -1.785416625911218700, 2.783866114072052900 ) ) ;
#1008 = CARTESIAN_POINT ( 'NONE',  ( -10.03742995078650500, -4.499999998117112400, 4.500000000000000900 ) ) ;
#1009 = DIRECTION ( 'NONE',  ( 1.355252715606880800E-016, -1.000000000000000000, 0.0000000000000000000 ) ) ;
#1010 = EDGE_CURVE ( 'NONE', #7829, #2190, #6006, .T. ) ;
#1011 = AXIS2_PLACEMENT_3D ( 'NONE', #6106, #1257, #7624 ) ;
#1012 = EDGE_LOOP ( 'NONE', ( #2025, #3048, #7031, #9886 ) ) ;
#1013 = CARTESIAN_POINT ( 'NONE',  ( 12.00000000028846400, 0.5999999994549480900, -2.426932220334219200 ) ) ;
#1014 = CARTESIAN_POINT ( 'NONE',  ( 10.44655584067374400, 7.274552704065057700, 3.329056941134015200 ) ) ;
#1015 = COORDINATED_UNIVERSAL_TIME_OFFSET ( 8, 0, .AHEAD. ) ;
#1016 = AXIS2_PLACEMENT_3D ( 'NONE', #4418, #5219, #9237 ) ;
#1017 = ORIENTED_EDGE ( 'NONE', *, *, #6589, .F. ) ;
#1018 = CARTESIAN_POINT ( 'NONE',  ( 16.62983158500000200, -6.888301783000001100, 10.00000000000000000 ) ) ;
#1019 = VECTOR ( 'NONE', #1335, 1000.000000000000000 ) ;
#1020 = DIRECTION ( 'NONE',  ( 0.0000000000000000000, 0.0000000000000000000, 1.000000000000000000 ) ) ;
#1021 = ORIENTED_EDGE ( 'NONE', *, *, #8571, .F. ) ;
#1022 = DIRECTION ( 'NONE',  ( 0.0000000000000000000, -5.421010862427522200E-017, -1.000000000000000000 ) ) ;
#1023 = CARTESIAN_POINT ( 'NONE',  ( -16.80766965955086400, -12.79751939955732700, -0.1252044289903332900 ) ) ;
#1024 = DIRECTION ( 'NONE',  ( 0.0000000000000000000, 0.0000000000000000000, 1.000000000000000000 ) ) ;
#1025 = EDGE_CURVE ( 'NONE', #3772, #5063, #10211, .T. ) ;
#1026 = DIRECTION ( 'NONE',  ( -1.000000000000000000, 0.0000000000000000000, 0.0000000000000000000 ) ) ;
#1027 = AXIS2_PLACEMENT_3D ( 'NONE', #4960, #9628, #8039 ) ;
#1028 = EDGE_LOOP ( 'NONE', ( #271, #4341, #10097, #581 ) ) ;
#1029 = APPROVAL_DATE_TIME ( #8840, #3513 ) ;
#1030 = CARTESIAN_POINT ( 'NONE',  ( 0.0000000000000000000, 2.200000000000000200, 28.00000000000000000 ) ) ;
#1031 = LINE ( 'NONE', #851, #7102 ) ;
#1032 = DIRECTION ( 'NONE',  ( 0.0000000000000000000, 0.0000000000000000000, 1.000000000000000000 ) ) ;
#1033 = VERTEX_POINT ( 'NONE', #4258 ) ;
#1034 = DIRECTION ( 'NONE',  ( -1.000000000000000000, 0.0000000000000000000, 0.0000000000000000000 ) ) ;
#1035 = CARTESIAN_POINT ( 'NONE',  ( -9.659940380000000100, -15.48178128800000100, 6.000000000000000000 ) ) ;
#1036 = ORIENTED_EDGE ( 'NONE', *, *, #3882, .F. ) ;
#1037 = SHAPE_DEFINITION_REPRESENTATION ( #8508, #4545 ) ;
#1038 = EDGE_CURVE ( 'NONE', #9235, #10069, #8358, .T. ) ;
#1039 = EDGE_LOOP ( 'NONE', ( #140, #4508, #10250, #7226, #7734, #4722 ) ) ;
#1040 = APPROVAL_PERSON_ORGANIZATION ( #3647, #2444, #5417 ) ;
#1041 = LINE ( 'NONE', #4244, #8237 ) ;
#1042 = CARTESIAN_POINT ( 'NONE',  ( 3.000000000000000900, -0.6647088467567851000, -2.254041666883170900 ) ) ;
#1043 =( REPRESENTATION_RELATIONSHIP ('NONE','NONE', #4455, #8079 ) REPRESENTATION_RELATIONSHIP_WITH_TRANSFORMATION ( #6459 )SHAPE_REPRESENTATION_RELATIONSHIP( ) );
#1044 = VERTEX_POINT ( 'NONE', #2318 ) ;
#1045 = DIRECTION ( 'NONE',  ( -0.0000000000000000000, 1.000000000000000000, 0.0000000000000000000 ) ) ;
#1046 = ADVANCED_FACE ( 'NONE', ( #4642 ), #6312, .F. ) ;
#1047 = EDGE_CURVE ( 'NONE', #8834, #5576, #2405, .T. ) ;
#1048 = DIRECTION ( 'NONE',  ( 0.0000000000000000000, -1.000000000000000000, -0.0000000000000000000 ) ) ;
#1049 = APPROVAL ( #4817, '未指定' ) ;
#1050 = CARTESIAN_POINT ( 'NONE',  ( 19.76404093591121800, 7.098076208595099200, 4.905203609557046600E-010 ) ) ;
#1051 = VERTEX_POINT ( 'NONE', #7787 ) ;
#1052 = ORIENTED_EDGE ( 'NONE', *, *, #9112, .T. ) ;
#1053 = CALENDAR_DATE ( 2023, 10, 1 ) ;
#1054 = VECTOR ( 'NONE', #1499, 1000.000000000000000 ) ;
#1055 = CARTESIAN_POINT ( 'NONE',  ( 3.018966126999999200, 0.0000000000000000000, -2.524016130000000100 ) ) ;
#1056 = DIRECTION ( 'NONE',  ( 0.0000000000000000000, 0.0000000000000000000, -1.000000000000000000 ) ) ;
#1057 = CARTESIAN_POINT ( 'NONE',  ( 10.76935329871082000, -4.499999999999948500, 6.614378277830755200 ) ) ;
#1058 = DIRECTION ( 'NONE',  ( -1.000000000000000000, 0.0000000000000000000, 0.0000000000000000000 ) ) ;
#1059 = DIRECTION ( 'NONE',  ( 0.0000000000000000000, 0.0000000000000000000, 1.000000000000000000 ) ) ;
#1060 = CARTESIAN_POINT ( 'NONE',  ( 17.77788187612873500, -4.116663193320132300, 10.00000000000000000 ) ) ;
#1061 = CIRCLE ( 'NONE', #5093, 5.000000000000000000 ) ;
#1062 = PLANE ( 'NONE',  #7404 ) ;
#1063 = EDGE_LOOP ( 'NONE', ( #6144, #8036, #9248, #762 ) ) ;
#1064 = DIRECTION ( 'NONE',  ( -0.0000000000000000000, -0.0000000000000000000, -1.000000000000000000 ) ) ;
#1065 = CARTESIAN_POINT ( 'NONE',  ( -12.50000000000000000, 0.0000000000000000000, 12.00000000000000000 ) ) ;
#1066 = ORIENTED_EDGE ( 'NONE', *, *, #1342, .F. ) ;
#1067 = EDGE_CURVE ( 'NONE', #6285, #2950, #2287, .T. ) ;
#1068 = AXIS2_PLACEMENT_3D ( 'NONE', #4393, #4260, #2741 ) ;
#1069 = CC_DESIGN_PERSON_AND_ORGANIZATION_ASSIGNMENT ( #6828, #9016, ( #7448 ) ) ;
#1070 = ADVANCED_FACE ( 'NONE', ( #9851 ), #7858, .F. ) ;
#1071 = CARTESIAN_POINT ( 'NONE',  ( -11.00000000000000000, 17.67944947199999800, -15.00000000000000000 ) ) ;
#1072 = CYLINDRICAL_SURFACE ( 'NONE', #9636, 0.2999999999999999300 ) ;
#1073 = VERTEX_POINT ( 'NONE', #9444 ) ;
#1074 = CARTESIAN_POINT ( 'NONE',  ( -13.00000000000000200, -21.00000000000000000, -0.8581990730000002000 ) ) ;
#1075 = CYLINDRICAL_SURFACE ( 'NONE', #7038, 2.999999999999999100 ) ;
#1076 = AXIS2_PLACEMENT_3D ( 'NONE', #8269, #9134, #1238 ) ;
#1077 = CARTESIAN_POINT ( 'NONE',  ( 3.000000000000000000, -2.325851517579750300, 0.3890176375801117600 ) ) ;
#1078 = LINE ( 'NONE', #1167, #5662 ) ;
#1079 = EDGE_LOOP ( 'NONE', ( #8727, #4614, #4945, #8591, #6957 ) ) ;
#1080 = DIRECTION ( 'NONE',  ( 0.0000000000000000000, 0.0000000000000000000, -1.000000000000000000 ) ) ;
#1081 = CARTESIAN_POINT ( 'NONE',  ( -20.62024367152790600, -3.983655001128505500, 4.466417197044005000 ) ) ;
#1082 = AXIS2_PLACEMENT_3D ( 'NONE', #6130, #511, #3664 ) ;
#1083 = CARTESIAN_POINT ( 'NONE',  ( 1.499999999999997800, 3.107019747999999500, 16.99999999969234900 ) ) ;
#1084 = ORIENTED_EDGE ( 'NONE', *, *, #4525, .F. ) ;
#1085 = CARTESIAN_POINT ( 'NONE',  ( -9.888301782999999300, -16.62983158500000200, -15.50000000000000000 ) ) ;
#1086 = ORIENTED_EDGE ( 'NONE', *, *, #5008, .F. ) ;
#1087 = CARTESIAN_POINT ( 'NONE',  ( 2.998501250000000800, 4.640099949999998900, 2.320049974999999400 ) ) ;
#1088 = CYLINDRICAL_SURFACE ( 'NONE', #7662, 2.400000000000000400 ) ;
#1089 = ORIENTED_EDGE ( 'NONE', *, *, #3253, .F. ) ;
#1090 = VERTEX_POINT ( 'NONE', #5592 ) ;
#1091 = CARTESIAN_POINT ( 'NONE',  ( 10.59447749483240400, 5.710576439875848300, 5.602834143400915700 ) ) ;
#1092 = EDGE_CURVE ( 'NONE', #1073, #8130, #6197, .T. ) ;
#1093 = CARTESIAN_POINT ( 'NONE',  ( 0.0000000000000000000, 10.50000000000000000, 4.999999999999999100 ) ) ;
#1094 = DIRECTION ( 'NONE',  ( 0.0000000000000000000, 0.0000000000000000000, 1.000000000000000000 ) ) ;
#1095 = FACE_OUTER_BOUND ( 'NONE', #3750, .T. ) ;
#1096 = CARTESIAN_POINT ( 'NONE',  ( -20.99999999935839100, -12.99751940931688700, -3.696872489621460200 ) ) ;
#1097 = AXIS2_PLACEMENT_3D ( 'NONE', #4839, #4918, #1670 ) ;
#1098 = DIRECTION ( 'NONE',  ( -0.0000000000000000000, -0.0000000000000000000, -1.000000000000000000 ) ) ;
#1099 = ORIENTED_EDGE ( 'NONE', *, *, #4446, .T. ) ;
#1100 = CYLINDRICAL_SURFACE ( 'NONE', #5082, 3.000000000000000900 ) ;
#1101 = CARTESIAN_POINT ( 'NONE',  ( 10.03742995002864400, 4.499999999807552200, 4.500000000000000000 ) ) ;
#1102 = DIRECTION ( 'NONE',  ( 1.000000000000000000, 0.0000000000000000000, 0.0000000000000000000 ) ) ;
#1103 = AXIS2_PLACEMENT_3D ( 'NONE', #3042, #9348, #6198 ) ;
#1104 = CARTESIAN_POINT ( 'NONE',  ( -9.349313583458183500, -5.799288511252737700, 4.210614907704560900 ) ) ;
#1105 = EDGE_CURVE ( 'NONE', #1938, #10047, #9729, .T. ) ;
#1106 = FACE_OUTER_BOUND ( 'NONE', #6823, .T. ) ;
#1107 = ORIENTED_EDGE ( 'NONE', *, *, #755, .T. ) ;
#1108 = LINE ( 'NONE', #6300, #2463 ) ;
#1109 = CARTESIAN_POINT ( 'NONE',  ( 0.3911211462996618300, 3.982006685008291100, 29.45144751323460500 ) ) ;
#1110 = CARTESIAN_POINT ( 'NONE',  ( -16.97056274823856700, 20.99999999999999600, -20.00000000000000400 ) ) ;
#1111 = CARTESIAN_POINT ( 'NONE',  ( -12.79999998727530300, 16.80766965690381900, -0.1267072439093802600 ) ) ;
#1112 = EDGE_CURVE ( 'NONE', #2605, #8200, #8858, .T. ) ;
#1113 = SHAPE_REPRESENTATION ( '6801', ( #2234 ), #6627 ) ;
#1114 = CC_DESIGN_SECURITY_CLASSIFICATION ( #8741, ( #7674 ) ) ;
#1115 = CONICAL_SURFACE ( 'NONE', #6391, 2.500000000000000000, 0.7853981633974479500 ) ;
#1116 = ORIENTED_EDGE ( 'NONE', *, *, #1311, .F. ) ;
#1117 = CARTESIAN_POINT ( 'NONE',  ( 3.000000000000000400, -1.799765448242480700, -1.511232792508981900 ) ) ;
#1118 = CARTESIAN_POINT ( 'NONE',  ( -21.00000000085877600, 12.99999999903504000, -3.698178070679212700 ) ) ;
#1119 = ADVANCED_FACE ( 'NONE', ( #7980, #7611 ), #1598, .F. ) ;
#1120 = DIRECTION ( 'NONE',  ( -1.000000000000000000, 0.0000000000000000000, 0.0000000000000000000 ) ) ;
#1121 = CARTESIAN_POINT ( 'NONE',  ( 6.888301783000001100, 16.62983158500000200, -15.50000000000000000 ) ) ;
#1122 = CARTESIAN_POINT ( 'NONE',  ( -5.755954265999998000, 0.0000000000000000000, -12.08025040299999900 ) ) ;
#1123 = ORIENTED_EDGE ( 'NONE', *, *, #9297, .T. ) ;
#1124 = CARTESIAN_POINT ( 'NONE',  ( 10.60891708274979100, -7.239470582147802700, -3.404673677718531800 ) ) ;
#1125 = FACE_OUTER_BOUND ( 'NONE', #4864, .T. ) ;
#1126 = CARTESIAN_POINT ( 'NONE',  ( 2.670049974999999500, 0.0000000000000000000, 2.648501250000000700 ) ) ;
#1127 = ORIENTED_EDGE ( 'NONE', *, *, #2759, .F. ) ;
#1128 = EDGE_CURVE ( 'NONE', #6912, #7100, #9227, .T. ) ;
#1129 = DIRECTION ( 'NONE',  ( 0.0000000000000000000, 0.0000000000000000000, -1.000000000000000000 ) ) ;
#1130 = CARTESIAN_POINT ( 'NONE',  ( -11.00000000000000000, 1.347111479062088400E-015, 11.19999999999999900 ) ) ;
#1131 = APPROVAL ( #7241, '未指定' ) ;
#1132 = B_SPLINE_CURVE_WITH_KNOTS ( 'NONE', 3,
 ( #1417, #7917, #2345, #10164 ),
 .UNSPECIFIED., .F., .F.,
 ( 4, 4 ),
 ( 0.0000000000000000000, 0.004317054515246050500 ),
 .UNSPECIFIED. ) ;
#1133 = CARTESIAN_POINT ( 'NONE',  ( 6.000000000000000000, 0.0000000000000000000, 0.0000000000000000000 ) ) ;
#1134 = ORIENTED_EDGE ( 'NONE', *, *, #5828, .F. ) ;
#1135 = ADVANCED_FACE ( 'NONE', ( #8726 ), #8483, .F. ) ;
#1136 = CARTESIAN_POINT ( 'NONE',  ( 0.0000000000000000000, 0.0000000000000000000, 31.00000000000000000 ) ) ;
#1137 = VECTOR ( 'NONE', #913, 1000.000000000000000 ) ;
#1138 = CALENDAR_DATE ( 2023, 10, 1 ) ;
#1139 = ORIENTED_EDGE ( 'NONE', *, *, #5492, .F. ) ;
#1140 = CIRCLE ( 'NONE', #4190, 1.599999999999995400 ) ;
#1141 = CARTESIAN_POINT ( 'NONE',  ( -7.200000000000001100, 8.817456953860944300E-016, 4.799999999999999800 ) ) ;
#1142 = CARTESIAN_POINT ( 'NONE',  ( 3.500000000000000000, -1.000000000000000000, 7.549834435000000200 ) ) ;
#1143 = DIRECTION ( 'NONE',  ( -1.000000000000000000, 0.0000000000000000000, 0.0000000000000000000 ) ) ;
#1144 = VERTEX_POINT ( 'NONE', #8264 ) ;
#1145 = CARTESIAN_POINT ( 'NONE',  ( 10.72556436718458900, 18.05442519177446300, 5.150000000000000400 ) ) ;
#1146 = CARTESIAN_POINT ( 'NONE',  ( 16.80518909324620600, 12.79999999979133900, -15.00000000000000000 ) ) ;
#1147 = AXIS2_PLACEMENT_3D ( 'NONE', #7742, #10229, #7842 ) ;
#1148 = EDGE_CURVE ( 'NONE', #3570, #2719, #431, .T. ) ;
#1149 = DIRECTION ( 'NONE',  ( -0.0000000000000000000, 1.000000000000000000, 0.0000000000000000000 ) ) ;
#1150 = FACE_OUTER_BOUND ( 'NONE', #6854, .T. ) ;
#1151 = CALENDAR_DATE ( 2023, 10, 1 ) ;
#1152 = VERTEX_POINT ( 'NONE', #9058 ) ;
#1153 = FACE_BOUND ( 'NONE', #1953, .T. ) ;
#1154 = AXIS2_PLACEMENT_3D ( 'NONE', #7764, #10185, #5449 ) ;
#1155 = ORIENTED_EDGE ( 'NONE', *, *, #7946, .F. ) ;
#1156 = DIRECTION ( 'NONE',  ( -1.000000000000000000, 0.0000000000000000000, 0.0000000000000000000 ) ) ;
#1157 = VERTEX_POINT ( 'NONE', #1093 ) ;
#1158 = CARTESIAN_POINT ( 'NONE',  ( 12.74486451066443800, -16.69036933698011900, 4.250000000000000000 ) ) ;
#1159 = ADVANCED_FACE ( 'NONE', ( #6375 ), #9465, .F. ) ;
#1160 = EDGE_LOOP ( 'NONE', ( #6242, #5485 ) ) ;
#1161 = APPROVAL_PERSON_ORGANIZATION ( #6231, #1131, #4852 ) ;
#1162 = FACE_OUTER_BOUND ( 'NONE', #3711, .T. ) ;
#1163 = CARTESIAN_POINT ( 'NONE',  ( -12.91285372322494100, 17.07676831679092500, -0.4092085848817861900 ) ) ;
#1164 = ORIENTED_EDGE ( 'NONE', *, *, #1929, .T. ) ;
#1165 = CARTESIAN_POINT ( 'NONE',  ( 6.000000000000000000, 0.0000000000000000000, 0.0000000000000000000 ) ) ;
#1166 = AXIS2_PLACEMENT_3D ( 'NONE', #3216, #3255, #891 ) ;
#1167 = CARTESIAN_POINT ( 'NONE',  ( 1.000000000000000000, -0.5000000000000000000, 4.931531202000000400 ) ) ;
#1168 = DIRECTION ( 'NONE',  ( 0.0000000000000000000, 0.0000000000000000000, -1.000000000000000000 ) ) ;
#1169 = ORIENTED_EDGE ( 'NONE', *, *, #7273, .T. ) ;
#1170 = APPROVAL_DATE_TIME ( #304, #2444 ) ;
#1171 = CYLINDRICAL_SURFACE ( 'NONE', #2106, 1.750000000000001600 ) ;
#1172 = CARTESIAN_POINT ( 'NONE',  ( -18.05442518203790000, 10.72556438357421800, 9.999999999999998200 ) ) ;
#1173 = CARTESIAN_POINT ( 'NONE',  ( -15.50000000000000000, 17.24999999999999300, -14.99999999999999800 ) ) ;
#1174 = ORIENTED_EDGE ( 'NONE', *, *, #111, .T. ) ;
#1175 = CARTESIAN_POINT ( 'NONE',  ( 21.25199999999999900, -21.25199999999999900, 0.0000000000000000000 ) ) ;
#1176 = ADVANCED_FACE ( 'NONE', ( #2542 ), #6258, .F. ) ;
#1177 = VERTEX_POINT ( 'NONE', #6605 ) ;
#1178 = CARTESIAN_POINT ( 'NONE',  ( 3.000000000231520100, 0.0000000000000000000, 2.349999999662562500 ) ) ;
#1179 = ORIENTED_EDGE ( 'NONE', *, *, #4572, .F. ) ;
#1180 = APPROVAL_PERSON_ORGANIZATION ( #3270, #46, #3681 ) ;
#1181 = DIRECTION ( 'NONE',  ( 1.000000000000000000, 0.0000000000000000000, 0.0000000000000000000 ) ) ;
#1182 = AXIS2_PLACEMENT_3D ( 'NONE', #2871, #4361, #2116 ) ;
#1183 = VECTOR ( 'NONE', #6672, 1000.000000000000000 ) ;
#1184 = CARTESIAN_POINT ( 'NONE',  ( 8.864480516134783300, 4.500000000000000900, -6.614378277830737400 ) ) ;
#1185 = EDGE_CURVE ( 'NONE', #3685, #4719, #29, .T. ) ;
#1186 = VECTOR ( 'NONE', #8275, 1000.000000000000000 ) ;
#1187 = ORIENTED_EDGE ( 'NONE', *, *, #1375, .T. ) ;
#1188 = ADVANCED_FACE ( 'NONE', ( #7377 ), #3395, .T. ) ;
#1189 = VECTOR ( 'NONE', #2406, 1000.000000000000000 ) ;
#1190 = EDGE_CURVE ( 'NONE', #7725, #4927, #4267, .T. ) ;
#1191 = DIRECTION ( 'NONE',  ( 1.000000000000000000, 0.0000000000000000000, 0.0000000000000000000 ) ) ;
#1192 = PRODUCT_DEFINITION ( '未知', '', #2248, #4015 ) ;
#1193 = CARTESIAN_POINT ( 'NONE',  ( -1.300000000000000300, -1.000000000000000000, 8.096295448999999400 ) ) ;
#1194 = LINE ( 'NONE', #1145, #5168 ) ;
#1195 = VERTEX_POINT ( 'NONE', #7505 ) ;
#1196 = VERTEX_POINT ( 'NONE', #5879 ) ;
#1197 = CARTESIAN_POINT ( 'NONE',  ( 7.571200000000001000, 4.500000000000000900, -6.614378277999998400 ) ) ;
#1198 =( NAMED_UNIT ( * ) PLANE_ANGLE_UNIT ( ) SI_UNIT ( $, .RADIAN. ) );
#1199 = PLANE ( 'NONE',  #5731 ) ;
#1200 = CARTESIAN_POINT ( 'NONE',  ( 7.500000000000000000, 0.0000000000000000000, 0.0000000000000000000 ) ) ;
#1201 = CARTESIAN_POINT ( 'NONE',  ( 0.0000000000000000000, 0.0000000000000000000, 4.500000000000000900 ) ) ;
#1202 = PRODUCT_DEFINITION_SHAPE ( 'NONE', 'NONE',  #9078 ) ;
#1203 = CARTESIAN_POINT ( 'NONE',  ( 0.0000000000000000000, 8.000000000000000000, 9.999999999999998200 ) ) ;
#1204 = VECTOR ( 'NONE', #5918, 1000.000000000000000 ) ;
#1205 = VERTEX_POINT ( 'NONE', #1130 ) ;
#1206 = AXIS2_PLACEMENT_3D ( 'NONE', #4500, #2058, #8382 ) ;
#1207 = EDGE_CURVE ( 'NONE', #4243, #439, #47, .T. ) ;
#1208 = ADVANCED_FACE ( 'NONE', ( #1297 ), #2910, .T. ) ;
#1209 = CARTESIAN_POINT ( 'NONE',  ( 0.0000000000000000000, 0.0000000000000000000, 11.19999999999999900 ) ) ;
#1210 = CARTESIAN_POINT ( 'NONE',  ( 0.5000000000000000000, 0.7500000000000000000, -1.299038106000000200 ) ) ;
#1211 = CARTESIAN_POINT ( 'NONE',  ( 12.74486450699666700, -16.69036933978085100, 8.500000000000000000 ) ) ;
#1212 = ORIENTED_EDGE ( 'NONE', *, *, #3363, .F. ) ;
#1213 = LINE ( 'NONE', #6922, #584 ) ;
#1214 = DIRECTION ( 'NONE',  ( -1.000000000000000000, 0.0000000000000000000, 0.0000000000000000000 ) ) ;
#1215 = ORIENTED_EDGE ( 'NONE', *, *, #1342, .T. ) ;
#1216 = EDGE_LOOP ( 'NONE', ( #8161, #9990, #8075, #4745 ) ) ;
#1217 = EDGE_CURVE ( 'NONE', #9210, #6336, #1041, .T. ) ;
#1218 = CARTESIAN_POINT ( 'NONE',  ( 10.00000000000000000, -4.500000000000000900, 4.500000000000000900 ) ) ;
#1219 = ORIENTED_EDGE ( 'NONE', *, *, #6903, .T. ) ;
#1220 = VECTOR ( 'NONE', #10116, 1000.000000000000000 ) ;
#1222 = ORIENTED_EDGE ( 'NONE', *, *, #7994, .T. ) ;
#1221 = ADVANCED_FACE ( 'NONE', ( #8607 ), #5117, .F. ) ;
#1223 = EDGE_LOOP ( 'NONE', ( #7709, #1174, #1771, #9364 ) ) ;
#1224 = AXIS2_PLACEMENT_3D ( 'NONE', #1035, #6554, #1886 ) ;
#1225 = CARTESIAN_POINT ( 'NONE',  ( -12.98107546355843100, 17.36708118137752500, -0.6822561962396651600 ) ) ;
#1227 = DIRECTION ( 'NONE',  ( 0.0000000000000000000, 0.0000000000000000000, -1.000000000000000000 ) ) ;
#1226 = FACE_BOUND ( 'NONE', #6909, .T. ) ;
#1228 = ORIENTED_EDGE ( 'NONE', *, *, #7504, .F. ) ;
#1229 = CIRCLE ( 'NONE', #7191, 16.00000000000000000 ) ;
#1230 = EDGE_CURVE ( 'NONE', #2173, #700, #10175, .T. ) ;
#1231 = CARTESIAN_POINT ( 'NONE',  ( 10.00000000000000000, 3.849999999999999600, -4.500000000000000900 ) ) ;
#1232 = APPLICATION_CONTEXT ( 'configuration controlled 3d designs of mechanical parts and assemblies' ) ;
#1233 = DIRECTION ( 'NONE',  ( 0.0000000000000000000, -1.000000000000000000, 0.0000000000000000000 ) ) ;
#1234 = AXIS2_PLACEMENT_3D ( 'NONE', #336, #8295, #8195 ) ;
#1235 = DIRECTION ( 'NONE',  ( 0.0000000000000000000, 1.000000000000000000, -3.469446951953614200E-016 ) ) ;
#1236 = FACE_OUTER_BOUND ( 'NONE', #5366, .T. ) ;
#1237 = ADVANCED_FACE ( 'NONE', ( #4010 ), #9992, .T. ) ;
#1238 = DIRECTION ( 'NONE',  ( 8.881784197001252300E-016, -1.000000000000000000, -1.284980352575412700E-016 ) ) ;
#1239 = ORIENTED_EDGE ( 'NONE', *, *, #5304, .T. ) ;
#1240 = CARTESIAN_POINT ( 'NONE',  ( 19.62983158500000500, -6.888301783000001100, -15.50000000000000000 ) ) ;
#1241 = EDGE_CURVE ( 'NONE', #10182, #9640, #2164, .T. ) ;
#1242 = DIRECTION ( 'NONE',  ( -0.0000000000000000000, 1.000000000000000000, 0.0000000000000000000 ) ) ;
#1243 = DIRECTION ( 'NONE',  ( 0.0000000000000000000, 0.0000000000000000000, -1.000000000000000000 ) ) ;
#1244 = LINE ( 'NONE', #3011, #5211 ) ;
#1245 = CARTESIAN_POINT ( 'NONE',  ( 7.832196458016116300, 5.776723259060182700, -5.536213874900783900 ) ) ;
#1246 = EDGE_LOOP ( 'NONE', ( #9107, #7155, #427, #9055 ) ) ;
#1247 = CARTESIAN_POINT ( 'NONE',  ( 1.285879139104720800E-015, -10.50000000000000000, 5.000000000000000900 ) ) ;
#1248 = EDGE_CURVE ( 'NONE', #8555, #525, #5265, .T. ) ;
#1249 = ORIENTED_EDGE ( 'NONE', *, *, #232, .F. ) ;
#1250 = AXIS2_PLACEMENT_3D ( 'NONE', #6644, #4283, #337 ) ;
#1251 = CARTESIAN_POINT ( 'NONE',  ( -20.35052577932620800, 5.182287188585698700, 10.00000000000000000 ) ) ;
#1252 = LINE ( 'NONE', #7246, #6827 ) ;
#1253 = LOCAL_TIME ( 15, 11, 14.00000000000000000, #3352 ) ;
#1254 = ORIENTED_EDGE ( 'NONE', *, *, #1725, .F. ) ;
#1255 = DIRECTION ( 'NONE',  ( 0.0000000000000000000, 1.000000000000000000, 0.0000000000000000000 ) ) ;
#1256 = DIRECTION ( 'NONE',  ( -0.0000000000000000000, -0.8660254037305482600, 0.5000000000933407800 ) ) ;
#1257 = DIRECTION ( 'NONE',  ( -0.0000000000000000000, 0.0000000000000000000, -1.000000000000000000 ) ) ;
#1258 = ORIENTED_EDGE ( 'NONE', *, *, #8709, .F. ) ;
#1259 = FACE_OUTER_BOUND ( 'NONE', #7551, .T. ) ;
#1260 = EDGE_CURVE ( 'NONE', #9936, #4553, #4747, .T. ) ;
#1261 = AXIS2_PLACEMENT_3D ( 'NONE', #8738, #4785, #1644 ) ;
#1262 = VERTEX_POINT ( 'NONE', #433 ) ;
#1263 = DIRECTION ( 'NONE',  ( 0.0000000000000000000, 0.0000000000000000000, -1.000000000000000000 ) ) ;
#1264 = APPLICATION_CONTEXT ( 'configuration controlled 3d designs of mechanical parts and assemblies' ) ;
#1265 = FACE_OUTER_BOUND ( 'NONE', #1893, .T. ) ;
#1266 = DIRECTION ( 'NONE',  ( 0.3826834322006654200, 0.9238795325793935900, -0.0000000000000000000 ) ) ;
#1267 = ORIENTED_EDGE ( 'NONE', *, *, #1538, .F. ) ;
#1268 = CARTESIAN_POINT ( 'NONE',  ( -21.00000000000000000, 2.571758278209441700E-015, 0.0000000000000000000 ) ) ;
#1269 = ORIENTED_EDGE ( 'NONE', *, *, #800, .F. ) ;
#1270 = CARTESIAN_POINT ( 'NONE',  ( 6.500000000000000900, 0.6000000000000000900, -3.713466109999999300 ) ) ;
#1271 = CARTESIAN_POINT ( 'NONE',  ( 9.907833155833282400, 7.310095758607690900, 3.249999999997823100 ) ) ;
#1272 = VERTEX_POINT ( 'NONE', #5975 ) ;
#1273 = FACE_OUTER_BOUND ( 'NONE', #7115, .T. ) ;
#1274 = ADVANCED_FACE ( 'NONE', ( #1534 ), #5187, .T. ) ;
#1275 = CARTESIAN_POINT ( 'NONE',  ( 0.0000000000000000000, -3.212450881438533700E-016, -14.99999999999999800 ) ) ;
#1276 = DIRECTION ( 'NONE',  ( 0.0000000000000000000, 0.0000000000000000000, 1.000000000000000000 ) ) ;
#1277 = ORIENTED_EDGE ( 'NONE', *, *, #5756, .F. ) ;
#1278 = CARTESIAN_POINT ( 'NONE',  ( 6.299999999999999800, 0.0000000000000000000, 0.0000000000000000000 ) ) ;
#1279 = AXIS2_PLACEMENT_3D ( 'NONE', #837, #7993, #4038 ) ;
#1280 = EDGE_CURVE ( 'NONE', #2605, #1546, #9585, .T. ) ;
#1281 = PLANE ( 'NONE',  #3006 ) ;
#1282 = EDGE_LOOP ( 'NONE', ( #609, #1505, #9484, #5620, #7014, #7147, #1774 ) ) ;
#1283 = CALENDAR_DATE ( 2023, 10, 1 ) ;
#1284 = AXIS2_PLACEMENT_3D ( 'NONE', #7577, #9042, #9847 ) ;
#1285 = CYLINDRICAL_SURFACE ( 'NONE', #3432, 5.000000000000000000 ) ;
#1286 = CARTESIAN_POINT ( 'NONE',  ( -15.50000000000000000, 13.75000000000000000, -20.00000000000000000 ) ) ;
#1287 = ADVANCED_FACE ( 'NONE', ( #4883 ), #2783, .F. ) ;
#1288 = DIRECTION ( 'NONE',  ( -1.000000000000000000, 0.0000000000000000000, 0.0000000000000000000 ) ) ;
#1289 = EDGE_LOOP ( 'NONE', ( #6586, #8234, #7480, #8081 ) ) ;
#1290 = EDGE_CURVE ( 'NONE', #1272, #9117, #6983, .T. ) ;
#1291 = CARTESIAN_POINT ( 'NONE',  ( 0.0000000000000000000, 17.50000000000000000, -0.9914200209999999300 ) ) ;
#1292 = ORIENTED_EDGE ( 'NONE', *, *, #8024, .T. ) ;
#1293 = PERSON_AND_ORGANIZATION ( #9162, #4154 ) ;
#1294 = EDGE_CURVE ( 'NONE', #6456, #2563, #5994, .T. ) ;
#1295 = VERTEX_POINT ( 'NONE', #7595 ) ;
#1296 = COORDINATED_UNIVERSAL_TIME_OFFSET ( 8, 0, .AHEAD. ) ;
#1297 = FACE_OUTER_BOUND ( 'NONE', #9920, .T. ) ;
#1298 = DIRECTION ( 'NONE',  ( 0.0000000000000000000, -0.0000000000000000000, 1.000000000000000000 ) ) ;
#1299 = ORIENTED_EDGE ( 'NONE', *, *, #7606, .T. ) ;
#1300 = AXIS2_PLACEMENT_3D ( 'NONE', #1354, #4536, #10073 ) ;
#1301 = CARTESIAN_POINT ( 'NONE',  ( 12.77920750476424900, -16.76737973902004700, -0.08205630947434443300 ) ) ;
#1302 = PERSON_AND_ORGANIZATION_ROLE ( 'classification_officer' ) ;
#1303 = DIRECTION ( 'NONE',  ( 1.000000000000000000, 0.0000000000000000000, 0.0000000000000000000 ) ) ;
#1304 = ORIENTED_EDGE ( 'NONE', *, *, #8421, .T. ) ;
#1305 = DIRECTION ( 'NONE',  ( -0.3826834322006653600, -0.9238795325793934800, 0.0000000000000000000 ) ) ;
#1306 = VERTEX_POINT ( 'NONE', #398 ) ;
#1307 = COORDINATED_UNIVERSAL_TIME_OFFSET ( 8, 0, .AHEAD. ) ;
#1308 = CARTESIAN_POINT ( 'NONE',  ( -12.79999999965375900, -16.80518909296213100, -0.1247338549234625600 ) ) ;
#1309 = LINE ( 'NONE', #7068, #8992 ) ;
#1310 = CARTESIAN_POINT ( 'NONE',  ( 19.90364227590778500, 13.00000000000000200, -2.765983309348321000 ) ) ;
#1311 = EDGE_CURVE ( 'NONE', #5089, #3487, #7602, .T. ) ;
#1312 = DIRECTION ( 'NONE',  ( -1.000000000000000000, 0.0000000000000000000, 0.0000000000000000000 ) ) ;
#1314 = CIRCLE ( 'NONE', #9464, 0.2999999999999990500 ) ;
#1313 = AXIS2_PLACEMENT_3D ( 'NONE', #7985, #829, #4793 ) ;
#1315 = ORIENTED_EDGE ( 'NONE', *, *, #7777, .F. ) ;
#1316 = CARTESIAN_POINT ( 'NONE',  ( -4.522866116548464700, 21.00000000000000000, -0.3809636358541493900 ) ) ;
#1317 = DIRECTION ( 'NONE',  ( 0.0000000000000000000, -1.000000000000000000, -6.424901762877063500E-017 ) ) ;
#1318 = VERTEX_POINT ( 'NONE', #866 ) ;
#1319 = DIRECTION ( 'NONE',  ( 0.0000000000000000000, 0.0000000000000000000, 1.000000000000000000 ) ) ;
#1320 = DIRECTION ( 'NONE',  ( 0.0000000000000000000, 1.000000000000000000, -3.469446951953614200E-016 ) ) ;
#1321 = CIRCLE ( 'NONE', #78, 9.300000000000000700 ) ;
#1322 = ORIENTED_EDGE ( 'NONE', *, *, #9151, .F. ) ;
#1323 = FACE_OUTER_BOUND ( 'NONE', #6174, .T. ) ;
#1324 = EDGE_CURVE ( 'NONE', #226, #7829, #3637, .T. ) ;
#1325 = CARTESIAN_POINT ( 'NONE',  ( -19.67909599914313300, -7.330655097539371400, 0.4715143008380029400 ) ) ;
#1326 = CARTESIAN_POINT ( 'NONE',  ( 6.202182464431164300, 20.99999999999999300, -0.8906770488581849900 ) ) ;
#1327 = CC_DESIGN_DATE_AND_TIME_ASSIGNMENT ( #4981, #9745, ( #1524 ) ) ;
#1328 = DIRECTION ( 'NONE',  ( 0.0000000000000000000, 0.0000000000000000000, 1.000000000000000000 ) ) ;
#1329 = ADVANCED_FACE ( 'NONE', ( #7233 ), #2657, .F. ) ;
#1330 = CARTESIAN_POINT ( 'NONE',  ( 1.300000000000000300, 0.0000000000000000000, 8.096295448999999400 ) ) ;
#1331 = FACE_BOUND ( 'NONE', #8569, .T. ) ;
#1332 = ORIENTED_EDGE ( 'NONE', *, *, #9789, .F. ) ;
#1333 = DIRECTION ( 'NONE',  ( -1.000000000000000000, 0.0000000000000000000, 0.0000000000000000000 ) ) ;
#1334 = DIRECTION ( 'NONE',  ( 0.0000000000000000000, 0.0000000000000000000, -1.000000000000000000 ) ) ;
#1335 = DIRECTION ( 'NONE',  ( -0.0000000000000000000, -1.000000000000000000, -0.0000000000000000000 ) ) ;
#1336 = ORIENTED_EDGE ( 'NONE', *, *, #7367, .F. ) ;
#1337 = ADVANCED_FACE ( 'NONE', ( #9714 ), #1171, .F. ) ;
#1338 = CARTESIAN_POINT ( 'NONE',  ( 0.0000000000000000000, 0.0000000000000000000, 11.19999999999999900 ) ) ;
#1339 = CARTESIAN_POINT ( 'NONE',  ( -5.182287178718788700, -20.35052578015342200, 6.000000000000000000 ) ) ;
#1340 = ORIENTED_EDGE ( 'NONE', *, *, #7399, .F. ) ;
#1341 = AXIS2_PLACEMENT_3D ( 'NONE', #1559, #6956, #2349 ) ;
#1342 = EDGE_CURVE ( 'NONE', #5600, #6236, #7364, .T. ) ;
#1343 = VECTOR ( 'NONE', #2097, 1000.000000000000000 ) ;
#1344 = CARTESIAN_POINT ( 'NONE',  ( 17.67696888270802100, 13.00000000000000400, -0.9425438106029003800 ) ) ;
#1345 = EDGE_LOOP ( 'NONE', ( #5409, #2972, #8452, #8321 ) ) ;
#1346 = ORIENTED_EDGE ( 'NONE', *, *, #7553, .F. ) ;
#1347 = VECTOR ( 'NONE', #5302, 1000.000000000000000 ) ;
#1348 = DIRECTION ( 'NONE',  ( -1.000000000000000000, 0.0000000000000000000, 0.0000000000000000000 ) ) ;
#1349 = AXIS2_PLACEMENT_3D ( 'NONE', #8515, #510, #4533 ) ;
#1350 = ORIENTED_EDGE ( 'NONE', *, *, #4281, .T. ) ;
#1351 = CIRCLE ( 'NONE', #6140, 1.750000000000001600 ) ;
#1352 = CARTESIAN_POINT ( 'NONE',  ( 0.0000000000000000000, 0.0000000000000000000, 10.00000000000000000 ) ) ;
#1353 = DIRECTION ( 'NONE',  ( 0.0000000000000000000, 0.0000000000000000000, 1.000000000000000000 ) ) ;
#1354 = CARTESIAN_POINT ( 'NONE',  ( 0.0000000000000000000, -3.471663034009165600E-032, 10.00000000000000000 ) ) ;
#1355 = FACE_OUTER_BOUND ( 'NONE', #7988, .T. ) ;
#1356 = CARTESIAN_POINT ( 'NONE',  ( -4.500000000000000900, -1.000000000000000000, 5.039138622000000300 ) ) ;
#1357 = EDGE_CURVE ( 'NONE', #5766, #4763, #5629, .T. ) ;
#1358 = ORIENTED_EDGE ( 'NONE', *, *, #3608, .F. ) ;
#1359 = VECTOR ( 'NONE', #3304, 1000.000000000000000 ) ;
#1360 = CARTESIAN_POINT ( 'NONE',  ( 5.288301783000001400, 16.62983158500000200, -15.50000000000000000 ) ) ;
#1361 = AXIS2_PLACEMENT_3D ( 'NONE', #8147, #8916, #969 ) ;
#1362 = DIRECTION ( 'NONE',  ( 1.000000000000000000, 0.0000000000000000000, 0.0000000000000000000 ) ) ;
#1363 = CYLINDRICAL_SURFACE ( 'NONE', #8845, 11.00000000000000000 ) ;
#1364 = ORIENTED_EDGE ( 'NONE', *, *, #943, .F. ) ;
#1365 = DIRECTION ( 'NONE',  ( 0.0000000000000000000, 0.0000000000000000000, 1.000000000000000000 ) ) ;
#1366 = APPLICATION_CONTEXT ( 'configuration controlled 3d designs of mechanical parts and assemblies' ) ;
#1367 = DIRECTION ( 'NONE',  ( 0.0000000000000000000, 0.0000000000000000000, 1.000000000000000000 ) ) ;
#1368 = CARTESIAN_POINT ( 'NONE',  ( 15.49751941100000300, -15.49751941100000100, 8.500000000000000000 ) ) ;
#1369 = ORIENTED_EDGE ( 'NONE', *, *, #10029, .T. ) ;
#1370 = CARTESIAN_POINT ( 'NONE',  ( -4.549055537265448200, -21.00000000000000000, -0.4803264720782755000 ) ) ;
#1371 = DESIGN_CONTEXT ( 'detailed design', #6041, 'design' ) ;
#1372 = CARTESIAN_POINT ( 'NONE',  ( 17.50000000000000000, 0.0000000000000000000, 0.0000000000000000000 ) ) ;
#1373 = CYLINDRICAL_SURFACE ( 'NONE', #3396, 1.750000000000001600 ) ;
#1374 = EDGE_LOOP ( 'NONE', ( #4765, #1535, #6211, #5734 ) ) ;
#1375 = EDGE_CURVE ( 'NONE', #3819, #7107, #8097, .T. ) ;
#1376 = ORIENTED_EDGE ( 'NONE', *, *, #9492, .F. ) ;
#1377 = DIRECTION ( 'NONE',  ( 0.0000000000000000000, -5.421010862427522200E-017, -1.000000000000000000 ) ) ;
#1378 = CARTESIAN_POINT ( 'NONE',  ( -7.286400000000000400, -7.286400000000000400, 0.0000000000000000000 ) ) ;
#1379 = DIRECTION ( 'NONE',  ( 0.0000000000000000000, -6.424901762877064700E-017, 1.000000000000000000 ) ) ;
#1380 = CIRCLE ( 'NONE', #4850, 8.000000000000000000 ) ;
#1381 = CARTESIAN_POINT ( 'NONE',  ( -0.9229250341461864300, 3.894684958159981400, 15.80164305307133300 ) ) ;
#1382 = ITEM_DEFINED_TRANSFORMATION ( 'NONE', 'NONE', #7144,  #2234 ) ;
#1383 = ORIENTED_EDGE ( 'NONE', *, *, #3923, .F. ) ;
#1384 = CIRCLE ( 'NONE', #9295, 0.2999999999999999300 ) ;
#1385 = EDGE_CURVE ( 'NONE', #4252, #6123, #534, .T. ) ;
#1386 = CC_DESIGN_APPROVAL ( #4907, ( #10204 ) ) ;
#1387 = CARTESIAN_POINT ( 'NONE',  ( 0.0000000000000000000, 0.0000000000000000000, 12.40000000000000200 ) ) ;
#1388 = ADVANCED_FACE ( 'NONE', ( #3524 ), #7255, .F. ) ;
#1389 = CARTESIAN_POINT ( 'NONE',  ( -6.888301783000001100, -16.62983158500000200, 10.00000000000000000 ) ) ;
#1390 = ORIENTED_EDGE ( 'NONE', *, *, #5786, .T. ) ;
#1391 = VECTOR ( 'NONE', #5953, 1000.000000000000000 ) ;
#1392 = ITEM_DEFINED_TRANSFORMATION ( 'NONE', 'NONE', #9270,  #2234 ) ;
#1393 = CARTESIAN_POINT ( 'NONE',  ( 10.00000000000000000, 7.350356332999999700, 3.250000000000000400 ) ) ;
#1394 = EDGE_LOOP ( 'NONE', ( #657, #737, #4691, #4625, #3155, #7608 ) ) ;
#1395 = VECTOR ( 'NONE', #2802, 1000.000000000000000 ) ;
#1396 = VERTEX_POINT ( 'NONE', #8887 ) ;
#1397 = ORIENTED_EDGE ( 'NONE', *, *, #7594, .T. ) ;
#1398 = DIRECTION ( 'NONE',  ( -1.000000000000000000, -0.0000000000000000000, -0.0000000000000000000 ) ) ;
#1399 = CARTESIAN_POINT ( 'NONE',  ( 20.94311939829173100, 1.919774931358731600, -0.03091908616385748200 ) ) ;
#1400 = PERSON_AND_ORGANIZATION_ROLE ( 'design_owner' ) ;
#1401 = SECURITY_CLASSIFICATION ( '', '', #966 ) ;
#1402 = CARTESIAN_POINT ( 'NONE',  ( 2.670049974999999500, -5.297002499000000400, -2.648501250000000700 ) ) ;
#1403 = DIRECTION ( 'NONE',  ( -0.0000000000000000000, -0.0000000000000000000, 1.000000000000000000 ) ) ;
#1404 = EDGE_LOOP ( 'NONE', ( #387, #6954, #6896, #3809 ) ) ;
#1405 = CALENDAR_DATE ( 2023, 10, 1 ) ;
#1406 = VECTOR ( 'NONE', #9982, 1000.000000000000000 ) ;
#1407 = CARTESIAN_POINT ( 'NONE',  ( -3.200000000000000200, -1.000000000000000000, 7.549834435000000200 ) ) ;
#1408 = CARTESIAN_POINT ( 'NONE',  ( -12.76369891215341900, -16.72816245383260600, -0.04146673951462702400 ) ) ;
#1409 = ORIENTED_EDGE ( 'NONE', *, *, #3158, .F. ) ;
#1410 = ORIENTED_EDGE ( 'NONE', *, *, #8389, .T. ) ;
#1411 = COORDINATED_UNIVERSAL_TIME_OFFSET ( 8, 0, .AHEAD. ) ;
#1412 = CIRCLE ( 'NONE', #2573, 2.649999999999999900 ) ;
#1413 = DIRECTION ( 'NONE',  ( 0.0000000000000000000, 0.0000000000000000000, -1.000000000000000000 ) ) ;
#1414 = EDGE_CURVE ( 'NONE', #2833, #6751, #7493, .T. ) ;
#1415 = AXIS2_PLACEMENT_3D ( 'NONE', #3642, #3546, #6832 ) ;
#1416 = ORIENTED_EDGE ( 'NONE', *, *, #2948, .T. ) ;
#1417 = CARTESIAN_POINT ( 'NONE',  ( 12.99751940931688800, -20.99999999939402400, -3.696872489651763100 ) ) ;
#1418 = DIRECTION ( 'NONE',  ( 0.0000000000000000000, 0.0000000000000000000, 1.000000000000000000 ) ) ;
#1419 = AXIS2_PLACEMENT_3D ( 'NONE', #7132, #9486, #1602 ) ;
#1420 = LINE ( 'NONE', #8852, #9858 ) ;
#1421 = ORIENTED_EDGE ( 'NONE', *, *, #4303, .F. ) ;
#1422 = ORIENTED_EDGE ( 'NONE', *, *, #4731, .F. ) ;
#1423 = COORDINATED_UNIVERSAL_TIME_OFFSET ( 8, 0, .AHEAD. ) ;
#1424 = VECTOR ( 'NONE', #4511, 1000.000000000000000 ) ;
#1425 = DIRECTION ( 'NONE',  ( -1.000000000000000000, 0.0000000000000000000, 0.0000000000000000000 ) ) ;
#1426 = EDGE_CURVE ( 'NONE', #3650, #6294, #3875, .T. ) ;
#1427 = DIRECTION ( 'NONE',  ( 0.0000000000000000000, 0.0000000000000000000, -1.000000000000000000 ) ) ;
#1428 = CIRCLE ( 'NONE', #7739, 6.000000000000000000 ) ;
#1429 = ORIENTED_EDGE ( 'NONE', *, *, #6021, .F. ) ;
#1430 = DIRECTION ( 'NONE',  ( -0.0000000000000000000, -1.000000000000000000, -0.0000000000000000000 ) ) ;
#1431 = ORIENTED_EDGE ( 'NONE', *, *, #2172, .F. ) ;
#1432 = DIRECTION ( 'NONE',  ( -0.0000000000000000000, -0.0000000000000000000, 1.000000000000000000 ) ) ;
#1433 = APPLICATION_PROTOCOL_DEFINITION ( 'international standard', 'config_control_design', 1994, #3786 ) ;
#1434 = CARTESIAN_POINT ( 'NONE',  ( 4.039242898490336100E-009, -21.00000000000000000, 0.0000000000000000000 ) ) ;
#1435 = CARTESIAN_POINT ( 'NONE',  ( 15.49751941100000300, -15.49751941100000100, 8.500000000000000000 ) ) ;
#1436 = EDGE_CURVE ( 'NONE', #7103, #3472, #6746, .T. ) ;
#1437 = ADVANCED_FACE ( 'NONE', ( #8842, #6857 ), #8018, .F. ) ;
#1438 = CARTESIAN_POINT ( 'NONE',  ( 7.500000001000000100, 0.6000000002419948500, 4.963869458337840400 ) ) ;
#1439 = DIRECTION ( 'NONE',  ( 0.0000000000000000000, 1.000000000000000000, 0.0000000000000000000 ) ) ;
#1440 = FACE_BOUND ( 'NONE', #9417, .T. ) ;
#1441 = EDGE_LOOP ( 'NONE', ( #1691, #1390, #9746, #8979 ) ) ;
#1442 = DIRECTION ( 'NONE',  ( 1.000000000000000000, 0.0000000000000000000, 0.0000000000000000000 ) ) ;
#1443 = ORIENTED_EDGE ( 'NONE', *, *, #8830, .T. ) ;
#1444 = EDGE_CURVE ( 'NONE', #5655, #767, #3388, .T. ) ;
#1445 = CARTESIAN_POINT ( 'NONE',  ( 0.0000000000000000000, 0.0000000000000000000, 11.19999999999999900 ) ) ;
#1446 = CC_DESIGN_PERSON_AND_ORGANIZATION_ASSIGNMENT ( #9863, #2859, ( #8741 ) ) ;
#1447 = DIRECTION ( 'NONE',  ( 1.000000000000000000, 0.0000000000000000000, 0.0000000000000000000 ) ) ;
#1448 = CYLINDRICAL_SURFACE ( 'NONE', #4333, 0.2999999999999999300 ) ;
#1449 = CARTESIAN_POINT ( 'NONE',  ( 6.500000000400000000, 0.0000000000000000000, 0.0000000000000000000 ) ) ;
#1450 = ORIENTED_EDGE ( 'NONE', *, *, #2103, .T. ) ;
#1451 = ORIENTED_EDGE ( 'NONE', *, *, #6719, .T. ) ;
#1452 = DIRECTION ( 'NONE',  ( -0.0000000000000000000, -0.0000000000000000000, -1.000000000000000000 ) ) ;
#1453 = CARTESIAN_POINT ( 'NONE',  ( 0.0000000000000000000, 0.0000000000000000000, 4.799999999999999800 ) ) ;
#1454 = VERTEX_POINT ( 'NONE', #4549 ) ;
#1455 = FACE_OUTER_BOUND ( 'NONE', #6631, .T. ) ;
#1456 = EDGE_CURVE ( 'NONE', #9549, #6761, #8658, .T. ) ;
#1457 = ORIENTED_EDGE ( 'NONE', *, *, #7946, .T. ) ;
#1458 = DIRECTION ( 'NONE',  ( -0.0000000000000000000, -1.000000000000000000, -0.0000000000000000000 ) ) ;
#1459 = CARTESIAN_POINT ( 'NONE',  ( 4.548141237224228900, 21.00000000000000000, -0.4801353968914067200 ) ) ;
#1460 = CC_DESIGN_APPROVAL ( #4175, ( #4836 ) ) ;
#1461 = CARTESIAN_POINT ( 'NONE',  ( 12.49751941100000300, 15.50000000000000000, 8.500000000000000000 ) ) ;
#1462 = ORIENTED_EDGE ( 'NONE', *, *, #6989, .T. ) ;
#1463 = CARTESIAN_POINT ( 'NONE',  ( 18.22983158500000300, -6.888301783000001100, 8.500000000000000000 ) ) ;
#1464 = ORIENTED_EDGE ( 'NONE', *, *, #1521, .F. ) ;
#1465 = DIRECTION ( 'NONE',  ( 0.0000000000000000000, 0.0000000000000000000, 1.000000000000000000 ) ) ;
#1466 = PERSON_AND_ORGANIZATION_ROLE ( 'classification_officer' ) ;
#1467 = FACE_OUTER_BOUND ( 'NONE', #1063, .T. ) ;
#1468 = EDGE_LOOP ( 'NONE', ( #4097, #1723, #4001, #5038 ) ) ;
#1469 = CARTESIAN_POINT ( 'NONE',  ( 4.521949361287905600, -21.00000000000001100, -0.3808056245559219800 ) ) ;
#1470 = DIRECTION ( 'NONE',  ( -1.000000000000000000, 0.0000000000000000000, 0.0000000000000000000 ) ) ;
#1471 = VECTOR ( 'NONE', #6964, 1000.000000000000000 ) ;
#1472 = CARTESIAN_POINT ( 'NONE',  ( 10.00000000000000000, 3.849999999999999600, -2.899999999999999900 ) ) ;
#1473 = DIRECTION ( 'NONE',  ( 0.0000000000000000000, 0.0000000000000000000, -1.000000000000000000 ) ) ;
#1474 = ORIENTED_EDGE ( 'NONE', *, *, #3822, .F. ) ;
#1475 = CONICAL_SURFACE ( 'NONE', #3333, 2.500000000000000000, 0.7853981633974479500 ) ;
#1476 = AXIS2_PLACEMENT_3D ( 'NONE', #9838, #7449, #8967 ) ;
#1477 = EDGE_CURVE ( 'NONE', #2840, #10188, #3204, .T. ) ;
#1478 = CARTESIAN_POINT ( 'NONE',  ( -21.00000000000000000, -1.956602898296059000, -0.09095291666472225800 ) ) ;
#1479 = AXIS2_PLACEMENT_3D ( 'NONE', #6591, #1749, #144 ) ;
#1480 = DIRECTION ( 'NONE',  ( 0.0000000000000000000, -0.0000000000000000000, 1.000000000000000000 ) ) ;
#1481 = CIRCLE ( 'NONE', #858, 1.600000000000000800 ) ;
#1482 = DIRECTION ( 'NONE',  ( 0.0000000000000000000, -1.000000000000000000, -6.424901762877063500E-017 ) ) ;
#1483 = ORIENTED_EDGE ( 'NONE', *, *, #2579, .F. ) ;
#1484 = CARTESIAN_POINT ( 'NONE',  ( 5.000000000000000000, 0.0000000000000000000, 2.500000000000000000 ) ) ;
#1485 = CARTESIAN_POINT ( 'NONE',  ( -0.4847046353484109600, 3.971599249813615900, 15.57702051555300400 ) ) ;
#1486 = EDGE_CURVE ( 'NONE', #8834, #2028, #8349, .T. ) ;
#1487 = DIRECTION ( 'NONE',  ( -1.000000000000000000, 0.0000000000000000000, 0.0000000000000000000 ) ) ;
#1488 = ADVANCED_FACE ( 'NONE', ( #9965 ), #8716, .T. ) ;
#1489 = EDGE_CURVE ( 'NONE', #345, #4421, #1412, .T. ) ;
#1490 = CARTESIAN_POINT ( 'NONE',  ( 9.907833155657732100, -7.310095758601650400, -3.250000000011420200 ) ) ;
#1491 = CIRCLE ( 'NONE', #4787, 2.999999999999997300 ) ;
#1492 = VERTEX_POINT ( 'NONE', #6147 ) ;
#1493 = B_SPLINE_CURVE_WITH_KNOTS ( 'NONE', 3,
 ( #8432, #9234, #4482, #5192 ),
 .UNSPECIFIED., .F., .F.,
 ( 4, 4 ),
 ( 0.0000000000000000000, 0.0001814625007850953200 ),
 .UNSPECIFIED. ) ;
#1494 = DIRECTION ( 'NONE',  ( -1.000000000000000000, 0.0000000000000000000, 0.0000000000000000000 ) ) ;
#1495 = AXIS2_PLACEMENT_3D ( 'NONE', #213, #279, #3391 ) ;
#1496 = CARTESIAN_POINT ( 'NONE',  ( 10.72556437071290100, 18.05442518967840500, 6.000000000200000000 ) ) ;
#1497 = DIRECTION ( 'NONE',  ( 0.0000000000000000000, 0.0000000000000000000, 1.000000000000000000 ) ) ;
#1498 = ORIENTED_EDGE ( 'NONE', *, *, #10257, .T. ) ;
#1499 = DIRECTION ( 'NONE',  ( 0.0000000000000000000, -0.0000000000000000000, 1.000000000000000000 ) ) ;
#1500 = VECTOR ( 'NONE', #2549, 1000.000000000000000 ) ;
#1501 = DATE_AND_TIME ( #619, #136 ) ;
#1502 = VERTEX_POINT ( 'NONE', #4617 ) ;
#1503 = DIRECTION ( 'NONE',  ( 0.0000000000000000000, -1.734723475976807300E-016, -1.000000000000000000 ) ) ;
#1504 = PERSON_AND_ORGANIZATION_ROLE ( 'creator' ) ;
#1505 = ORIENTED_EDGE ( 'NONE', *, *, #9112, .F. ) ;
#1506 = CARTESIAN_POINT ( 'NONE',  ( -1.000000000618904000, -1.000000000000000000, 8.096295448999999400 ) ) ;
#1507 = CARTESIAN_POINT ( 'NONE',  ( 12.76108523362230900, 16.73035267468307200, -0.04162279161232895100 ) ) ;
#1508 = ORIENTED_EDGE ( 'NONE', *, *, #1038, .T. ) ;
#1509 = AXIS2_PLACEMENT_3D ( 'NONE', #3289, #4895, #7278 ) ;
#1510 = AXIS2_PLACEMENT_3D ( 'NONE', #2351, #6337, #9572 ) ;
#1511 = CYLINDRICAL_SURFACE ( 'NONE', #8766, 1.600000000000000800 ) ;
#1512 = VERTEX_POINT ( 'NONE', #8157 ) ;
#1513 = CARTESIAN_POINT ( 'NONE',  ( 21.00000000000000000, 4.500000000000000900, 1.500000000000000000 ) ) ;
#1514 = EDGE_LOOP ( 'NONE', ( #1654, #9488, #8940, #1089 ) ) ;
#1515 = VECTOR ( 'NONE', #2505, 1000.000000000000000 ) ;
#1516 = ORIENTED_EDGE ( 'NONE', *, *, #8634, .T. ) ;
#1517 = CARTESIAN_POINT ( 'NONE',  ( 21.00000000000000400, 8.590965820906918200, -1.666593886718092500 ) ) ;
#1518 = DIRECTION ( 'NONE',  ( -0.0000000000000000000, 1.000000000000000000, -0.0000000000000000000 ) ) ;
#1519 = ORIENTED_EDGE ( 'NONE', *, *, #6029, .F. ) ;
#1520 = CARTESIAN_POINT ( 'NONE',  ( 11.13551948386521700, -4.500000000000000900, 6.614378277830737400 ) ) ;
#1521 = EDGE_CURVE ( 'NONE', #1051, #1144, #6492, .T. ) ;
#1522 = CALENDAR_DATE ( 2023, 10, 1 ) ;
#1523 = ORIENTED_EDGE ( 'NONE', *, *, #5405, .T. ) ;
#1524 = SECURITY_CLASSIFICATION ( '', '', #1608 ) ;
#1525 = CIRCLE ( 'NONE', #3090, 2.000000000000005300 ) ;
#1526 = CARTESIAN_POINT ( 'NONE',  ( -5.755954265999998000, -1.000000000000000000, -12.08025040299999900 ) ) ;
#1527 = CARTESIAN_POINT ( 'NONE',  ( 8.864020200085001000, -6.956475119903527300, -3.954563607559337300 ) ) ;
#1528 = ORIENTED_EDGE ( 'NONE', *, *, #7140, .T. ) ;
#1529 = CARTESIAN_POINT ( 'NONE',  ( 0.0000000000000000000, 0.0000000000000000000, 11.00000000000000000 ) ) ;
#1530 = CARTESIAN_POINT ( 'NONE',  ( 12.49751941100000300, -15.49751941100000100, 8.500000000000000000 ) ) ;
#1531 = DIRECTION ( 'NONE',  ( -1.000000000000000000, 0.0000000000000000000, 0.0000000000000000000 ) ) ;
#1532 = ORIENTED_EDGE ( 'NONE', *, *, #1426, .F. ) ;
#1533 = PERSON_AND_ORGANIZATION ( #9162, #4154 ) ;
#1534 = FACE_OUTER_BOUND ( 'NONE', #7782, .T. ) ;
#1535 = ORIENTED_EDGE ( 'NONE', *, *, #8250, .F. ) ;
#1536 = AXIS2_PLACEMENT_3D ( 'NONE', #8654, #3832, #1487 ) ;
#1537 = DATE_TIME_ROLE ( 'classification_date' ) ;
#1538 = EDGE_CURVE ( 'NONE', #2494, #3356, #4631, .T. ) ;
#1539 = CARTESIAN_POINT ( 'NONE',  ( 2.700000000168499200, 0.0000000000000000000, 2.650000000289400900 ) ) ;
#1540 = ORIENTED_EDGE ( 'NONE', *, *, #174, .T. ) ;
#1541 = ADVANCED_FACE ( 'NONE', ( #5382 ), #6968, .F. ) ;
#1542 = VERTEX_POINT ( 'NONE', #5347 ) ;
#1543 = PERSON_AND_ORGANIZATION ( #9162, #4154 ) ;
#1544 = CARTESIAN_POINT ( 'NONE',  ( 10.00000000000000000, -4.499999999999948500, 4.500000000000000900 ) ) ;
#1545 = LINE ( 'NONE', #4076, #777 ) ;
#1546 = VERTEX_POINT ( 'NONE', #4514 ) ;
#1547 = CARTESIAN_POINT ( 'NONE',  ( 3.317073170739920600, 0.0000000000000000000, 7.826047890080824100 ) ) ;
#1548 = DIRECTION ( 'NONE',  ( -0.0000000000000000000, -1.000000000000000000, -0.0000000000000000000 ) ) ;
#1549 = DIRECTION ( 'NONE',  ( -0.0000000000000000000, -0.0000000000000000000, -1.000000000000000000 ) ) ;
#1550 = FACE_OUTER_BOUND ( 'NONE', #5281, .T. ) ;
#1551 = ORIENTED_EDGE ( 'NONE', *, *, #1864, .F. ) ;
#1552 = CARTESIAN_POINT ( 'NONE',  ( -6.888301783000001100, -16.62983158500000200, -15.50000000000000000 ) ) ;
#1553 = EDGE_CURVE ( 'NONE', #5714, #1177, #9446, .T. ) ;
#1554 = AXIS2_PLACEMENT_3D ( 'NONE', #4410, #362, #5907 ) ;
#1555 = ORIENTED_EDGE ( 'NONE', *, *, #4332, .F. ) ;
#1556 = CIRCLE ( 'NONE', #7792, 5.700000000000000200 ) ;
#1557 = DIRECTION ( 'NONE',  ( -0.0000000000000000000, 0.0000000000000000000, -1.000000000000000000 ) ) ;
#1558 = AXIS2_PLACEMENT_3D ( 'NONE', #3849, #2333, #8568 ) ;
#1559 = CARTESIAN_POINT ( 'NONE',  ( -5.182287178999999400, -20.35052578200000200, 6.000000000000000000 ) ) ;
#1560 = CARTESIAN_POINT ( 'NONE',  ( 8.744161160233163700, -6.676379614976072600, -4.411260636096904400 ) ) ;
#1561 = LINE ( 'NONE', #3401, #676 ) ;
#1562 = ORIENTED_EDGE ( 'NONE', *, *, #2857, .F. ) ;
#1563 = VERTEX_POINT ( 'NONE', #2986 ) ;
#1564 = B_SPLINE_CURVE_WITH_KNOTS ( 'NONE', 3,
 ( #2170, #7010, #10153, #6113, #3053, #8599, #7798, #7765, #4552, #10094 ),
 .UNSPECIFIED., .F., .F.,
 ( 4, 2, 2, 2, 4 ),
 ( 0.0000000000000000000, 0.006779853506076605700, 0.008474816882595756500, 0.01016978025911490800, 0.01355970701215320800 ),
 .UNSPECIFIED. ) ;
#1565 = EDGE_CURVE ( 'NONE', #7103, #4327, #6999, .T. ) ;
#1566 = CARTESIAN_POINT ( 'NONE',  ( 18.22983158500000300, -6.888301783000001100, 8.500000000000000000 ) ) ;
#1567 = DIRECTION ( 'NONE',  ( 1.000000000000000000, 0.0000000000000000000, 0.0000000000000000000 ) ) ;
#1568 = AXIS2_PLACEMENT_3D ( 'NONE', #5666, #3373, #6395 ) ;
#1569 = CIRCLE ( 'NONE', #8381, 20.99999999999999600 ) ;
#1570 = ORIENTED_EDGE ( 'NONE', *, *, #2526, .T. ) ;
#1571 = DIRECTION ( 'NONE',  ( 0.0000000000000000000, -1.000000000000000000, -1.284980352575412700E-016 ) ) ;
#1572 = DATE_TIME_ROLE ( 'classification_date' ) ;
#1573 = FACE_OUTER_BOUND ( 'NONE', #7120, .T. ) ;
#1574 = CARTESIAN_POINT ( 'NONE',  ( 1.000000001237808500, -1.000000000000000000, 1.178085123999999700 ) ) ;
#1575 = DIRECTION ( 'NONE',  ( -0.0000000000000000000, -0.0000000000000000000, -1.000000000000000000 ) ) ;
#1576 = EDGE_CURVE ( 'NONE', #796, #3028, #421, .T. ) ;
#1577 = CARTESIAN_POINT ( 'NONE',  ( -2.332238092999999100, 0.0000000000000000000, 6.626889377999998700 ) ) ;
#1578 = CIRCLE ( 'NONE', #3597, 1.600000000000000800 ) ;
#1579 = ORIENTED_EDGE ( 'NONE', *, *, #5912, .T. ) ;
#1580 = CARTESIAN_POINT ( 'NONE',  ( 0.0000000000000000000, 0.0000000000000000000, 31.00000000000000000 ) ) ;
#1581 = EDGE_CURVE ( 'NONE', #949, #1798, #10198, .T. ) ;
#1582 = DIRECTION ( 'NONE',  ( -0.0000000000000000000, 4.130293990420969400E-017, 1.000000000000000000 ) ) ;
#1583 = ORIENTED_EDGE ( 'NONE', *, *, #3363, .T. ) ;
#1584 = CARTESIAN_POINT ( 'NONE',  ( 20.35052578273034000, -5.182287175217884300, 6.000000000199999100 ) ) ;
#1585 = CC_DESIGN_PERSON_AND_ORGANIZATION_ASSIGNMENT ( #3257, #9419, ( #8088 ) ) ;
#1586 = DIRECTION ( 'NONE',  ( 0.0000000000000000000, 1.000000000000000000, -4.130293990420969400E-017 ) ) ;
#1587 = CARTESIAN_POINT ( 'NONE',  ( 7.654968855051244200, -6.945971813633435400, 3.971813003451510200 ) ) ;
#1588 = VERTEX_POINT ( 'NONE', #7761 ) ;
#1589 = CARTESIAN_POINT ( 'NONE',  ( 2.571758278209441700E-015, -21.00000000000000000, 10.00000000000000200 ) ) ;
#1590 = CIRCLE ( 'NONE', #7339, 20.70000000000009500 ) ;
#1591 = ORIENTED_EDGE ( 'NONE', *, *, #9213, .F. ) ;
#1592 = VERTEX_POINT ( 'NONE', #9524 ) ;
#1593 = LINE ( 'NONE', #5097, #10258 ) ;
#1594 = CARTESIAN_POINT ( 'NONE',  ( -8.722908639963746300, -6.703734609555212400, 3.544336898405108000 ) ) ;
#1595 = ADVANCED_FACE ( 'NONE', ( #3260 ), #1285, .T. ) ;
#1596 = ORIENTED_EDGE ( 'NONE', *, *, #5374, .T. ) ;
#1597 = VECTOR ( 'NONE', #2233, 999.9999999999998900 ) ;
#1598 = PLANE ( 'NONE',  #7266 ) ;
#1599 = EDGE_CURVE ( 'NONE', #586, #3729, #4384, .T. ) ;
#1600 = AXIS2_PLACEMENT_3D ( 'NONE', #5092, #9876, #1143 ) ;
#1601 = DIRECTION ( 'NONE',  ( 1.000000000000000000, -0.0000000000000000000, -0.0000000000000000000 ) ) ;
#1602 = DIRECTION ( 'NONE',  ( 0.0000000000000000000, 0.0000000000000000000, 1.000000000000000000 ) ) ;
#1603 = CYLINDRICAL_SURFACE ( 'NONE', #9051, 27.00000000000000000 ) ;
#1604 = ORIENTED_EDGE ( 'NONE', *, *, #770, .T. ) ;
#1605 = FACE_OUTER_BOUND ( 'NONE', #5847, .T. ) ;
#1606 = DIRECTION ( 'NONE',  ( -1.000000000000000000, 0.0000000000000000000, 0.0000000000000000000 ) ) ;
#1607 = CARTESIAN_POINT ( 'NONE',  ( 15.50000000000000000, -13.75000000000000400, -14.99999999999999800 ) ) ;
#1608 = SECURITY_CLASSIFICATION_LEVEL ( 'unclassified' ) ;
#1609 = DIRECTION ( 'NONE',  ( -1.000000000000000000, 0.0000000000000000000, 0.0000000000000000000 ) ) ;
#1610 = DIRECTION ( 'NONE',  ( 0.0000000000000000000, 0.0000000000000000000, 1.000000000000000000 ) ) ;
#1611 = DIRECTION ( 'NONE',  ( 1.000000000000000000, 0.0000000000000000000, 0.0000000000000000000 ) ) ;
#1612 = LINE ( 'NONE', #1083, #5957 ) ;
#1613 = AXIS2_PLACEMENT_3D ( 'NONE', #1209, #6750, #5297 ) ;
#1614 = ORIENTED_EDGE ( 'NONE', *, *, #3328, .F. ) ;
#1615 = DIRECTION ( 'NONE',  ( -1.000000000000000000, 0.0000000000000000000, 0.0000000000000000000 ) ) ;
#1616 = DIRECTION ( 'NONE',  ( 0.0000000000000000000, 1.000000000000000000, 0.0000000000000000000 ) ) ;
#1617 = AXIS2_PLACEMENT_3D ( 'NONE', #8615, #2379, #1586 ) ;
#1618 = EDGE_LOOP ( 'NONE', ( #3109, #4982, #4823, #9592 ) ) ;
#1619 = CARTESIAN_POINT ( 'NONE',  ( 8.500000000000000000, -0.6000000003412843100, 2.426932219817945000 ) ) ;
#1620 = CARTESIAN_POINT ( 'NONE',  ( 20.26376355670730300, 5.517915093528814400, 4.333993775548931300 ) ) ;
#1621 = VECTOR ( 'NONE', #6291, 1000.000000000000100 ) ;
#1622 = CARTESIAN_POINT ( 'NONE',  ( 7.728819643174968900, -7.087871507793757100, 3.712667566478598900 ) ) ;
#1623 = CARTESIAN_POINT ( 'NONE',  ( -5.288301783000005900, -16.62983158500000200, 8.500000000000000000 ) ) ;
#1624 = ORIENTED_EDGE ( 'NONE', *, *, #1190, .F. ) ;
#1625 = EDGE_CURVE ( 'NONE', #5819, #4741, #3015, .T. ) ;
#1626 = CARTESIAN_POINT ( 'NONE',  ( -21.00000000000000000, 2.288516989841173000, -0.09473388802903050200 ) ) ;
#1627 = AXIS2_PLACEMENT_3D ( 'NONE', #8030, #5715, #7195 ) ;
#1628 = VERTEX_POINT ( 'NONE', #1607 ) ;
#1629 = CARTESIAN_POINT ( 'NONE',  ( -1.000000000000000000, -1.000000000000000000, 8.096295448999999400 ) ) ;
#1630 = CARTESIAN_POINT ( 'NONE',  ( -10.03742994994242100, -4.500000000000082600, -1.500000000000259600 ) ) ;
#1631 = FACE_OUTER_BOUND ( 'NONE', #9582, .T. ) ;
#1632 = CARTESIAN_POINT ( 'NONE',  ( 10.03742994994242100, 4.500000000000082600, -1.500000000000259100 ) ) ;
#1633 = AXIS2_PLACEMENT_3D ( 'NONE', #647, #2253, #1494 ) ;
#1634 = ORIENTED_EDGE ( 'NONE', *, *, #3907, .T. ) ;
#1635 = CIRCLE ( 'NONE', #3658, 1.000000000000000000 ) ;
#1636 = DIRECTION ( 'NONE',  ( 0.0000000000000000000, -1.000000000000000000, 0.0000000000000000000 ) ) ;
#1637 = EDGE_CURVE ( 'NONE', #1944, #1177, #679, .T. ) ;
#1638 = VERTEX_POINT ( 'NONE', #9490 ) ;
#1639 = CARTESIAN_POINT ( 'NONE',  ( 9.205111705726468000, 5.839983932575640900, 5.467969867854657600 ) ) ;
#1640 = CARTESIAN_POINT ( 'NONE',  ( 3.000000000000000400, -1.570282131418591500, 1.751780279966513400 ) ) ;
#1641 = PERSON_AND_ORGANIZATION_ROLE ( 'design_supplier' ) ;
#1642 = VECTOR ( 'NONE', #3133, 1000.000000000000000 ) ;
#1643 = DIRECTION ( 'NONE',  ( 0.0000000000000000000, -1.000000000000000000, 0.0000000000000000000 ) ) ;
#1644 = DIRECTION ( 'NONE',  ( 0.0000000000000000000, 0.0000000000000000000, 1.000000000000000000 ) ) ;
#1645 = CC_DESIGN_PERSON_AND_ORGANIZATION_ASSIGNMENT ( #4600, #3398, ( #1401 ) ) ;
#1646 = ORIENTED_EDGE ( 'NONE', *, *, #2056, .T. ) ;
#1647 = LINE ( 'NONE', #4213, #8821 ) ;
#1648 = EDGE_CURVE ( 'NONE', #7807, #2152, #5498, .T. ) ;
#1649 = ADVANCED_FACE ( 'NONE', ( #2276 ), #5256, .T. ) ;
#1650 = DIRECTION ( 'NONE',  ( -0.0000000000000000000, -0.0000000000000000000, 1.000000000000000000 ) ) ;
#1651 = DIRECTION ( 'NONE',  ( 0.0000000000000000000, 0.0000000000000000000, -1.000000000000000000 ) ) ;
#1652 = SECURITY_CLASSIFICATION ( '', '', #3 ) ;
#1653 = EDGE_LOOP ( 'NONE', ( #175, #7944, #541, #8809 ) ) ;
#1654 = ORIENTED_EDGE ( 'NONE', *, *, #9439, .F. ) ;
#1655 = VERTEX_POINT ( 'NONE', #2397 ) ;
#1656 = LOCAL_TIME ( 15, 11, 14.00000000000000000, #7834 ) ;
#1657 = DIRECTION ( 'NONE',  ( 0.0000000000000000000, -0.0000000000000000000, 1.000000000000000000 ) ) ;
#1658 = DIRECTION ( 'NONE',  ( 0.0000000000000000000, -9.912705577010312700E-016, 1.000000000000000000 ) ) ;
#1659 = CYLINDRICAL_SURFACE ( 'NONE', #9519, 5.000000000000000000 ) ;
#1660 = CARTESIAN_POINT ( 'NONE',  ( -1.650000000000000100, 17.50000000000000000, 10.00000000000000000 ) ) ;
#1661 = DIRECTION ( 'NONE',  ( 0.8571673007928121100, 0.0000000000000000000, 0.5150380747591042400 ) ) ;
#1662 = EDGE_LOOP ( 'NONE', ( #7531, #4627, #9018, #8287 ) ) ;
#1663 = CARTESIAN_POINT ( 'NONE',  ( 0.0000000000000000000, 0.0000000000000000000, 1018.748924226000000 ) ) ;
#1664 = CARTESIAN_POINT ( 'NONE',  ( 7.671789508587404600, -6.169652766788584800, 5.094906377553555500 ) ) ;
#1665 = EDGE_CURVE ( 'NONE', #2903, #2344, #3124, .T. ) ;
#1666 = CC_DESIGN_APPROVAL ( #1867, ( #2592 ) ) ;
#1667 = CARTESIAN_POINT ( 'NONE',  ( -21.00000000000001100, 8.908950740252986800, -1.718334535224563800 ) ) ;
#1668 = ORIENTED_EDGE ( 'NONE', *, *, #5209, .F. ) ;
#1669 = APPROVAL_DATE_TIME ( #4509, #4762 ) ;
#1670 = DIRECTION ( 'NONE',  ( 0.0000000000000000000, 0.0000000000000000000, 1.000000000000000000 ) ) ;
#1671 = FACE_OUTER_BOUND ( 'NONE', #4161, .T. ) ;
#1672 = B_SPLINE_CURVE_WITH_KNOTS ( 'NONE', 3,
 ( #6102, #5278, #6172, #1326, #7686, #1459, #5376, #4506, #10045, #2955 ),
 .UNSPECIFIED., .F., .F.,
 ( 4, 2, 2, 2, 4 ),
 ( 0.0000000000000000000, 0.006779853506689697800, 0.008474816883362122600, 0.01016978026003454600, 0.01355970701337939600 ),
 .UNSPECIFIED. ) ;
#1673 = CARTESIAN_POINT ( 'NONE',  ( -17.67944947199999800, 13.00000000000000200, -7.930104740999999200 ) ) ;
#1674 = CARTESIAN_POINT ( 'NONE',  ( 12.40323118465653700, 6.624886434711441100, -4.487128665153162100 ) ) ;
#1675 = CARTESIAN_POINT ( 'NONE',  ( 16.80518909295095000, 12.79999999946179700, -3.249999999999999600 ) ) ;
#1676 = LINE ( 'NONE', #3191, #5025 ) ;
#1677 = ORIENTED_EDGE ( 'NONE', *, *, #5209, .T. ) ;
#1678 = ORIENTED_EDGE ( 'NONE', *, *, #4923, .T. ) ;
#1679 = CALENDAR_DATE ( 2023, 10, 1 ) ;
#1680 = CARTESIAN_POINT ( 'NONE',  ( 12.49999999999995600, 0.0000000000000000000, 0.0000000000000000000 ) ) ;
#1681 = VECTOR ( 'NONE', #4778, 1000.000000000000000 ) ;
#1682 = AXIS2_PLACEMENT_3D ( 'NONE', #8683, #127, #8719 ) ;
#1683 = CARTESIAN_POINT ( 'NONE',  ( -18.05442518541554300, 10.72556437788861000, 6.000000000200000000 ) ) ;
#1684 = SECURITY_CLASSIFICATION_LEVEL ( 'unclassified' ) ;
#1685 = EDGE_CURVE ( 'NONE', #4322, #1262, #169, .T. ) ;
#1686 = ORIENTED_EDGE ( 'NONE', *, *, #873, .T. ) ;
#1687 = DIRECTION ( 'NONE',  ( 0.0000000000000000000, 0.0000000000000000000, 1.000000000000000000 ) ) ;
#1688 = CARTESIAN_POINT ( 'NONE',  ( 0.0000000000000000000, 2.200000000000000200, 17.00000000000000000 ) ) ;
#1689 = AXIS2_PLACEMENT_3D ( 'NONE', #5533, #8613, #3858 ) ;
#1690 = FACE_OUTER_BOUND ( 'NONE', #6874, .T. ) ;
#1691 = ORIENTED_EDGE ( 'NONE', *, *, #4218, .F. ) ;
#1692 = CONICAL_SURFACE ( 'NONE', #9987, 1664.279483014394800, 1.029744258852757200 ) ;
#1693 = DIRECTION ( 'NONE',  ( 0.0000000000000000000, 0.0000000000000000000, -1.000000000000000000 ) ) ;
#1694 = CARTESIAN_POINT ( 'NONE',  ( 0.0000000000000000000, 21.00000000000000000, 9.999999999999998200 ) ) ;
#1695 = DIRECTION ( 'NONE',  ( -0.0000000000000000000, -0.0000000000000000000, 1.000000000000000000 ) ) ;
#1696 = EDGE_CURVE ( 'NONE', #908, #2870, #5751, .T. ) ;
#1697 = VECTOR ( 'NONE', #2768, 1000.000000000000100 ) ;
#1698 = DIRECTION ( 'NONE',  ( -1.000000000000000000, 0.0000000000000000000, 0.0000000000000000000 ) ) ;
#1699 = EDGE_LOOP ( 'NONE', ( #1336, #6386, #1107, #2236 ) ) ;
#1700 = CARTESIAN_POINT ( 'NONE',  ( 9.558610573091591800, 5.447458903246246800, -1.352765445195699900 ) ) ;
#1701 = CARTESIAN_POINT ( 'NONE',  ( 6.000000000000000000, 0.0000000000000000000, 6.000000000000000000 ) ) ;
#1702 = ORIENTED_EDGE ( 'NONE', *, *, #4072, .T. ) ;
#1703 = CARTESIAN_POINT ( 'NONE',  ( -10.03742994994242100, -4.500000000000082600, -1.500000000000259600 ) ) ;
#1704 = ADVANCED_FACE ( 'NONE', ( #5003 ), #9098, .F. ) ;
#1705 = CARTESIAN_POINT ( 'NONE',  ( -1.749999999999972500, 2.143131898507834300E-016, 31.49999999999997200 ) ) ;
#1706 = CARTESIAN_POINT ( 'NONE',  ( 10.76935329871082000, 4.499999999999948500, -6.614378277830755200 ) ) ;
#1707 = LINE ( 'NONE', #5635, #9885 ) ;
#1708 = ORIENTED_EDGE ( 'NONE', *, *, #1248, .T. ) ;
#1709 = CARTESIAN_POINT ( 'NONE',  ( 15.50000000000000000, -13.74999999999999800, -20.00000000000000000 ) ) ;
#1710 = DIRECTION ( 'NONE',  ( 0.0000000000000000000, -6.424901762877064700E-017, 1.000000000000000000 ) ) ;
#1711 = CARTESIAN_POINT ( 'NONE',  ( -1.650000000000000100, -17.50000000000000000, 10.00000000000000000 ) ) ;
#1712 =( GEOMETRIC_REPRESENTATION_CONTEXT ( 3 ) GLOBAL_UNCERTAINTY_ASSIGNED_CONTEXT ( ( #260 ) ) GLOBAL_UNIT_ASSIGNED_CONTEXT ( ( #4378, #5946, #8997 ) ) REPRESENTATION_CONTEXT ( 'NONE', 'WORKASPACE' ) );
#1713 = EDGE_LOOP ( 'NONE', ( #9299, #1634 ) ) ;
#1714 = CARTESIAN_POINT ( 'NONE',  ( 20.69999999999999900, 0.0000000000000000000, 0.0000000000000000000 ) ) ;
#1715 = PERSON_AND_ORGANIZATION_ROLE ( 'design_owner' ) ;
#1716 = CONICAL_SURFACE ( 'NONE', #2707, 1.600000000000000800, 0.7853981633974472800 ) ;
#1717 = ORIENTED_EDGE ( 'NONE', *, *, #3793, .F. ) ;
#1718 = CARTESIAN_POINT ( 'NONE',  ( 15.49751941100000300, 15.50000000000000000, 8.500000000000000000 ) ) ;
#1719 = CARTESIAN_POINT ( 'NONE',  ( 0.0000000000000000000, 0.0000000000000000000, 11.19999999999999900 ) ) ;
#1720 = DIRECTION ( 'NONE',  ( 0.7071067811865469100, 0.7071067811865482400, 8.659560562354925500E-017 ) ) ;
#1721 = EDGE_LOOP ( 'NONE', ( #8402, #5228 ) ) ;
#1722 = DIRECTION ( 'NONE',  ( 0.0000000000000000000, 0.0000000000000000000, -1.000000000000000000 ) ) ;
#1723 = ORIENTED_EDGE ( 'NONE', *, *, #9439, .T. ) ;
#1724 = VECTOR ( 'NONE', #6165, 999.9999999999998900 ) ;
#1725 = EDGE_CURVE ( 'NONE', #9606, #3368, #4130, .T. ) ;
#1726 = ORIENTED_EDGE ( 'NONE', *, *, #8669, .T. ) ;
#1727 = CARTESIAN_POINT ( 'NONE',  ( -8.488301782999997200, -16.62983158500000200, 8.500000000000000000 ) ) ;
#1728 = DIRECTION ( 'NONE',  ( 0.0000000000000000000, 0.0000000000000000000, -1.000000000000000000 ) ) ;
#1729 = CC_DESIGN_PERSON_AND_ORGANIZATION_ASSIGNMENT ( #6243, #2201, ( #1192 ) ) ;
#1730 = PERSON ( 'NAUO-PER5', 'UNSPECIFIED', 'UNSPECIFIED', ('UNSPECIFIED'), ('UNSPECIFIED'), ('UNSPECIFIED') ) ;
#1731 = FACE_OUTER_BOUND ( 'NONE', #2383, .T. ) ;
#1732 = CARTESIAN_POINT ( 'NONE',  ( 0.0000000000000000000, 0.0000000000000000000, 0.2000000000000000100 ) ) ;
#1733 = CARTESIAN_POINT ( 'NONE',  ( 9.300000000000000700, 0.0000000000000000000, 5.000000000000000000 ) ) ;
#1734 = ORIENTED_EDGE ( 'NONE', *, *, #7873, .F. ) ;
#1735 = VECTOR ( 'NONE', #2416, 1000.000000000000000 ) ;
#1736 = CARTESIAN_POINT ( 'NONE',  ( 10.00000000000000000, -0.6000000000000000900, 2.899999999999999900 ) ) ;
#1737 = CARTESIAN_POINT ( 'NONE',  ( 10.00000000000000000, -7.719455939378111300, 2.100000000000000100 ) ) ;
#1738 = CARTESIAN_POINT ( 'NONE',  ( 0.0000000000000000000, 0.0000000000000000000, 1018.748924226000000 ) ) ;
#1739 = CARTESIAN_POINT ( 'NONE',  ( -21.00000000000000000, -4.500000000000000900, -1.499999999999999100 ) ) ;
#1740 = CIRCLE ( 'NONE', #9717, 0.7500000000000006700 ) ;
#1741 = EDGE_LOOP ( 'NONE', ( #5186, #8686, #2933, #1215, #7649, #7934, #9101, #10141 ) ) ;
#1742 = DIRECTION ( 'NONE',  ( 0.0000000000000000000, 0.0000000000000000000, -1.000000000000000000 ) ) ;
#1743 = AXIS2_PLACEMENT_3D ( 'NONE', #9029, #1056, #2660 ) ;
#1744 = EDGE_CURVE ( 'NONE', #9963, #9660, #9335, .T. ) ;
#1745 = DIRECTION ( 'NONE',  ( -0.3826834322006653600, -0.9238795325793934800, 0.0000000000000000000 ) ) ;
#1746 = VECTOR ( 'NONE', #389, 1000.000000000000100 ) ;
#1747 = EDGE_LOOP ( 'NONE', ( #4265, #5067, #3061, #9305 ) ) ;
#1748 = CARTESIAN_POINT ( 'NONE',  ( 3.500000000000000000, -0.5000000000000000000, 7.549834435000000200 ) ) ;
#1749 = DIRECTION ( 'NONE',  ( 0.0000000000000000000, -0.0000000000000000000, 1.000000000000000000 ) ) ;
#1750 = ADVANCED_FACE ( 'NONE', ( #896 ), #765, .T. ) ;
#1751 = EDGE_LOOP ( 'NONE', ( #7605, #5500, #6306, #8964 ) ) ;
#1752 = CARTESIAN_POINT ( 'NONE',  ( 10.87400182035197800, 1.662062751766976400, 0.5068256460778847200 ) ) ;
#1753 = EDGE_CURVE ( 'NONE', #3906, #2523, #1031, .T. ) ;
#1754 = AXIS2_PLACEMENT_3D ( 'NONE', #6564, #3476, #2582 ) ;
#1755 = FACE_OUTER_BOUND ( 'NONE', #4601, .T. ) ;
#1756 = DIRECTION ( 'NONE',  ( -1.000000000000000000, 0.0000000000000000000, 0.0000000000000000000 ) ) ;
#1757 = CARTESIAN_POINT ( 'NONE',  ( 12.50000000000000000, -0.6000000000000000900, -7.977468270035824800 ) ) ;
#1758 = ORIENTED_EDGE ( 'NONE', *, *, #9280, .F. ) ;
#1759 = VERTEX_POINT ( 'NONE', #9707 ) ;
#1760 = CARTESIAN_POINT ( 'NONE',  ( 10.09259479426223300, 5.562148865398761200, 5.750000000217400300 ) ) ;
#1761 = AXIS2_PLACEMENT_3D ( 'NONE', #8268, #9063, #5950 ) ;
#1762 = CARTESIAN_POINT ( 'NONE',  ( 17.67696888200000400, -12.99751941100000100, -15.00000000000000000 ) ) ;
#1763 = CARTESIAN_POINT ( 'NONE',  ( 20.68770885790795000, 3.610358883923906200, 4.367943421821793800 ) ) ;
#1764 = CARTESIAN_POINT ( 'NONE',  ( 6.899999999999999500, 0.5999999980403234500, -4.963869458633215700 ) ) ;
#1765 = VERTEX_POINT ( 'NONE', #10251 ) ;
#1766 = CARTESIAN_POINT ( 'NONE',  ( -20.99999999988718400, -7.448944763149937000, -1.253626682572631900 ) ) ;
#1767 = DIRECTION ( 'NONE',  ( -0.0000000000000000000, 1.000000000000000000, 0.0000000000000000000 ) ) ;
#1768 = LINE ( 'NONE', #6309, #1642 ) ;
#1769 = EDGE_CURVE ( 'NONE', #8192, #353, #5138, .T. ) ;
#1770 = PERSON_AND_ORGANIZATION ( #3451, #3360 ) ;
#1771 = ORIENTED_EDGE ( 'NONE', *, *, #296, .F. ) ;
#1772 = VECTOR ( 'NONE', #5227, 1000.000000000000000 ) ;
#1773 = DIRECTION ( 'NONE',  ( 0.0000000000000000000, 0.0000000000000000000, -1.000000000000000000 ) ) ;
#1774 = ORIENTED_EDGE ( 'NONE', *, *, #9780, .F. ) ;
#1775 = CARTESIAN_POINT ( 'NONE',  ( 0.0000000000000000000, 16.00000000000000000, 8.500000000000000000 ) ) ;
#1776 = ORIENTED_EDGE ( 'NONE', *, *, #6421, .T. ) ;
#1777 = CARTESIAN_POINT ( 'NONE',  ( -10.76335692615264600, -2.274069658013092800, -0.5209656057663539800 ) ) ;
#1778 = DIRECTION ( 'NONE',  ( 0.0000000000000000000, -7.228014483236695800E-017, -1.000000000000000000 ) ) ;
#1779 = LOCAL_TIME ( 15, 11, 14.00000000000000000, #1015 ) ;
#1780 = ORIENTED_EDGE ( 'NONE', *, *, #4800, .T. ) ;
#1781 = EDGE_CURVE ( 'NONE', #5793, #842, #4499, .T. ) ;
#1782 = CYLINDRICAL_SURFACE ( 'NONE', #6177, 6.000000000000000000 ) ;
#1783 = ORIENTED_EDGE ( 'NONE', *, *, #9903, .T. ) ;
#1784 = CARTESIAN_POINT ( 'NONE',  ( 3.000000000000000000, -1.096687973170443800, 2.079757348071200200 ) ) ;
#1785 = EDGE_CURVE ( 'NONE', #620, #3439, #7715, .T. ) ;
#1786 = CARTESIAN_POINT ( 'NONE',  ( -16.62983158500000200, 6.888301783000001100, -15.50000000000000000 ) ) ;
#1787 = ORIENTED_EDGE ( 'NONE', *, *, #2290, .F. ) ;
#1788 = PERSON_AND_ORGANIZATION ( #9162, #4154 ) ;
#1789 = DIRECTION ( 'NONE',  ( 0.0000000000000000000, 0.0000000000000000000, 1.000000000000000000 ) ) ;
#1790 = APPROVAL ( #2072, '未指定' ) ;
#1791 = VECTOR ( 'NONE', #1263, 1000.000000000000000 ) ;
#1792 = CARTESIAN_POINT ( 'NONE',  ( 10.11980983605513100, 4.316248369746408500, -1.500000000000004200 ) ) ;
#1793 = VERTEX_POINT ( 'NONE', #1683 ) ;
#1794 = MANIFOLD_SOLID_BREP ( '输入1', #9514 ) ;
#1795 = CARTESIAN_POINT ( 'NONE',  ( 10.88818126600569200, 7.136304321183838600, 3.616394561170695400 ) ) ;
#1796 = ORIENTED_EDGE ( 'NONE', *, *, #6038, .T. ) ;
#1797 = ORIENTED_EDGE ( 'NONE', *, *, #4172, .T. ) ;
#1798 = VERTEX_POINT ( 'NONE', #1714 ) ;
#1799 = DATE_AND_TIME ( #5381, #1924 ) ;
#1800 = CARTESIAN_POINT ( 'NONE',  ( 0.0000000000000000000, -17.50000000000000000, -0.9914200209999999300 ) ) ;
#1801 = CIRCLE ( 'NONE', #6202, 5.000000000000000000 ) ;
#1802 = CARTESIAN_POINT ( 'NONE',  ( -5.755954265999998000, -1.000000000000000400, -12.08025040299999900 ) ) ;
#1803 = DIRECTION ( 'NONE',  ( -1.000000000000000000, 0.0000000000000000000, 0.0000000000000000000 ) ) ;
#1804 = ORIENTED_EDGE ( 'NONE', *, *, #4622, .T. ) ;
#1805 = EDGE_CURVE ( 'NONE', #5526, #6860, #6619, .T. ) ;
#1806 = AXIS2_PLACEMENT_3D ( 'NONE', #5584, #1575, #854 ) ;
#1807 = CC_DESIGN_PERSON_AND_ORGANIZATION_ASSIGNMENT ( #3105, #8983, ( #3581 ) ) ;
#1808 = CARTESIAN_POINT ( 'NONE',  ( -16.80766968305851700, -12.79751941099821600, -3.249999999999999600 ) ) ;
#1809 = ADVANCED_FACE ( 'NONE', ( #2775, #10078, #8340 ), #3753, .T. ) ;
#1810 = CARTESIAN_POINT ( 'NONE',  ( 0.0000000000000000000, 0.0000000000000000000, 0.0000000000000000000 ) ) ;
#1811 = CIRCLE ( 'NONE', #9878, 7.200000000000001100 ) ;
#1812 = VERTEX_POINT ( 'NONE', #108 ) ;
#1813 = ORIENTED_EDGE ( 'NONE', *, *, #6304, .T. ) ;
#1814 = DIRECTION ( 'NONE',  ( 1.000000000000000000, 0.0000000000000000000, 0.0000000000000000000 ) ) ;
#1815 = EDGE_LOOP ( 'NONE', ( #2410, #3093 ) ) ;
#1816 = CARTESIAN_POINT ( 'NONE',  ( 0.5000000000000000000, -1.500000000000000000, 0.0000000000000000000 ) ) ;
#1817 = LINE ( 'NONE', #4261, #3548 ) ;
#1818 = ORIENTED_EDGE ( 'NONE', *, *, #3551, .T. ) ;
#1819 = AXIS2_PLACEMENT_3D ( 'NONE', #8817, #4071, #4879 ) ;
#1820 = CARTESIAN_POINT ( 'NONE',  ( 3.000000000000001300, -1.716458725282454100, -1.607210724077221800 ) ) ;
#1821 = APPROVAL_ROLE ( '' ) ;
#1822 = EDGE_CURVE ( 'NONE', #9643, #7644, #7224, .T. ) ;
#1823 = EDGE_LOOP ( 'NONE', ( #8464, #2513 ) ) ;
#1824 = CARTESIAN_POINT ( 'NONE',  ( -20.70870137127410300, -3.487781866532549700, 4.327080692059960900 ) ) ;
#1825 = AXIS2_PLACEMENT_3D ( 'NONE', #8695, #5412, #1497 ) ;
#1826 = CARTESIAN_POINT ( 'NONE',  ( 10.69932274056033400, 2.558463996734102100, -0.7955404189660856300 ) ) ;
#1827 = LINE ( 'NONE', #8468, #4168 ) ;
#1828 = VERTEX_POINT ( 'NONE', #4851 ) ;
#1829 = DIRECTION ( 'NONE',  ( 0.0000000000000000000, 0.0000000000000000000, 1.000000000000000000 ) ) ;
#1830 = FACE_OUTER_BOUND ( 'NONE', #8949, .T. ) ;
#1831 = CARTESIAN_POINT ( 'NONE',  ( -1.347560975552589200, 0.0000000000000000000, 8.392501380153062100 ) ) ;
#1832 = EDGE_CURVE ( 'NONE', #2771, #5423, #2355, .T. ) ;
#1833 = AXIS2_PLACEMENT_3D ( 'NONE', #3188, #5559, #9431 ) ;
#1834 = DIRECTION ( 'NONE',  ( 0.0000000000000000000, 0.0000000000000000000, -1.000000000000000000 ) ) ;
#1835 = DIRECTION ( 'NONE',  ( 0.0000000000000000000, 0.0000000000000000000, -1.000000000000000000 ) ) ;
#1836 = CARTESIAN_POINT ( 'NONE',  ( 8.212600746681395900, 7.318856157265104300, 0.4531462282830682800 ) ) ;
#1837 = DIRECTION ( 'NONE',  ( 1.000000000000000000, 0.0000000000000000000, 0.0000000000000000000 ) ) ;
#1838 = FACE_OUTER_BOUND ( 'NONE', #167, .T. ) ;
#1839 = ORIENTED_EDGE ( 'NONE', *, *, #5241, .T. ) ;
#1840 = AXIS2_PLACEMENT_3D ( 'NONE', #2607, #1778, #6551 ) ;
#1841 = ORIENTED_EDGE ( 'NONE', *, *, #6488, .F. ) ;
#1842 = DIRECTION ( 'NONE',  ( 0.0000000000000000000, 0.0000000000000000000, 1.000000000000000000 ) ) ;
#1843 = CARTESIAN_POINT ( 'NONE',  ( -12.79999999984698400, 16.80766968286109300, -15.00000000000000000 ) ) ;
#1844 = ORIENTED_EDGE ( 'NONE', *, *, #1112, .T. ) ;
#1845 = FACE_OUTER_BOUND ( 'NONE', #1741, .T. ) ;
#1846 = CARTESIAN_POINT ( 'NONE',  ( -17.50000000000000000, 0.0000000000000000000, 999.0085799790000500 ) ) ;
#1847 = ORIENTED_EDGE ( 'NONE', *, *, #1357, .T. ) ;
#1848 = ORIENTED_EDGE ( 'NONE', *, *, #3551, .F. ) ;
#1849 = FACE_OUTER_BOUND ( 'NONE', #474, .T. ) ;
#1850 = EDGE_CURVE ( 'NONE', #8329, #9315, #1525, .T. ) ;
#1851 = ORIENTED_EDGE ( 'NONE', *, *, #2817, .T. ) ;
#1852 = CIRCLE ( 'NONE', #2763, 1.649999999999998600 ) ;
#1853 = AXIS2_PLACEMENT_3D ( 'NONE', #3349, #6406, #9586 ) ;
#1854 = AXIS2_PLACEMENT_3D ( 'NONE', #4464, #2919, #2061 ) ;
#1855 = CARTESIAN_POINT ( 'NONE',  ( 3.000000000000000900, -0.4433169052608085800, -2.318666666889378300 ) ) ;
#1856 = SECURITY_CLASSIFICATION_LEVEL ( 'unclassified' ) ;
#1857 = ADVANCED_FACE ( 'NONE', ( #10189 ), #5618, .F. ) ;
#1858 = DIRECTION ( 'NONE',  ( 0.0000000000000000000, 0.0000000000000000000, 1.000000000000000000 ) ) ;
#1859 = DIRECTION ( 'NONE',  ( 0.0000000000000000000, 0.0000000000000000000, 1.000000000000000000 ) ) ;
#1860 = LINE ( 'NONE', #3676, #7166 ) ;
#1861 = VERTEX_POINT ( 'NONE', #7494 ) ;
#1862 = VECTOR ( 'NONE', #9639, 1000.000000000000000 ) ;
#1863 = CARTESIAN_POINT ( 'NONE',  ( 3.018966127000000100, 5.048032259000000200, -2.524016129999999200 ) ) ;
#1864 = EDGE_CURVE ( 'NONE', #1542, #4138, #7485, .T. ) ;
#1865 = CARTESIAN_POINT ( 'NONE',  ( 10.26058963925537900, -4.418859215318700100, 6.668859215427554300 ) ) ;
#1866 = CARTESIAN_POINT ( 'NONE',  ( -8.975848116822721300, -13.98312105427720000, 47.25000000000000000 ) ) ;
#1867 = APPROVAL ( #72, '未指定' ) ;
#1868 = PRODUCT ( 'Φ10circlip', 'Φ10circlip', '', ( #2263 ) ) ;
#1869 = CARTESIAN_POINT ( 'NONE',  ( 0.0000000000000000000, 0.0000000000000000000, 11.00000000000000000 ) ) ;
#1870 = CARTESIAN_POINT ( 'NONE',  ( 12.49999999984744500, -0.6000000000000000900, -2.939387691184110800 ) ) ;
#1871 = CYLINDRICAL_SURFACE ( 'NONE', #1955, 21.00000000000000000 ) ;
#1872 = CARTESIAN_POINT ( 'NONE',  ( 9.349313582671698000, 5.799288512518049100, 4.210614907094685200 ) ) ;
#1873 = ORIENTED_EDGE ( 'NONE', *, *, #8544, .F. ) ;
#1874 = CARTESIAN_POINT ( 'NONE',  ( -16.80766965735587000, 12.79999998749424100, -0.1267072444016618700 ) ) ;
#1875 = EDGE_LOOP ( 'NONE', ( #8600, #1899, #9467, #7392, #1614 ) ) ;
#1876 = DIRECTION ( 'NONE',  ( -0.0000000000000000000, -1.000000000000000000, -0.0000000000000000000 ) ) ;
#1877 = DESIGN_CONTEXT ( 'detailed design', #8007, 'design' ) ;
#1878 = DIRECTION ( 'NONE',  ( -0.0000000000000000000, 4.130293990420969400E-017, 1.000000000000000000 ) ) ;
#1879 = CARTESIAN_POINT ( 'NONE',  ( 0.0000000000000000000, 0.0000000000000000000, 11.00000000000000000 ) ) ;
#1880 = CIRCLE ( 'NONE', #1076, 27.00000000000000000 ) ;
#1881 = CARTESIAN_POINT ( 'NONE',  ( 16.62983158500000200, -6.888301783000001100, -15.50000000000000000 ) ) ;
#1882 = AXIS2_PLACEMENT_3D ( 'NONE', #8372, #2737, #5923 ) ;
#1883 = ITEM_DEFINED_TRANSFORMATION ( 'NONE', 'NONE', #9604,  #2234 ) ;
#1884 = VERTEX_POINT ( 'NONE', #3506 ) ;
#1885 = EDGE_CURVE ( 'NONE', #6279, #1628, #411, .T. ) ;
#1886 = DIRECTION ( 'NONE',  ( -0.3826834323276323000, -0.9238795325268022200, 0.0000000000000000000 ) ) ;
#1887 = AXIS2_PLACEMENT_3D ( 'NONE', #7296, #8781, #3266 ) ;
#1888 = ORIENTED_EDGE ( 'NONE', *, *, #7914, .T. ) ;
#1889 = CARTESIAN_POINT ( 'NONE',  ( 3.000000000000000400, -2.062375054101801600, 1.126785684095424000 ) ) ;
#1890 = VECTOR ( 'NONE', #947, 1000.000000000000000 ) ;
#1891 = CARTESIAN_POINT ( 'NONE',  ( 0.0000000000000000000, 0.0000000000000000000, 31.00000000000000000 ) ) ;
#1892 = APPROVAL_DATE_TIME ( #4232, #4109 ) ;
#1893 = EDGE_LOOP ( 'NONE', ( #351, #5193, #1947, #2330 ) ) ;
#1894 = ADVANCED_FACE ( 'NONE', ( #643, #9953 ), #7524, .F. ) ;
#1895 = VECTOR ( 'NONE', #3722, 1000.000000000000000 ) ;
#1896 = CARTESIAN_POINT ( 'NONE',  ( 16.80518909435376400, -12.79751941132775900, -15.00000000000000000 ) ) ;
#1897 = CARTESIAN_POINT ( 'NONE',  ( -4.116663186018194600, -17.77788188342804800, 8.000000000000000000 ) ) ;
#1898 = EDGE_CURVE ( 'NONE', #2028, #8834, #7969, .T. ) ;
#1899 = ORIENTED_EDGE ( 'NONE', *, *, #2810, .T. ) ;
#1900 = CARTESIAN_POINT ( 'NONE',  ( 6.299999999999999800, 7.960204194457796500E-016, -6.500000000000000900 ) ) ;
#1901 = CIRCLE ( 'NONE', #2207, 6.000000000000000000 ) ;
#1902 = CARTESIAN_POINT ( 'NONE',  ( 15.49751941100000300, 15.50000000000000000, -15.00000000000000000 ) ) ;
#1903 = LOCAL_TIME ( 15, 11, 14.00000000000000000, #9825 ) ;
#1904 = AXIS2_PLACEMENT_3D ( 'NONE', #18, #9506, #7954 ) ;
#1905 = VERTEX_POINT ( 'NONE', #5963 ) ;
#1906 = DIRECTION ( 'NONE',  ( 0.0000000000000000000, 0.0000000000000000000, -1.000000000000000000 ) ) ;
#1907 =( NAMED_UNIT ( * ) SI_UNIT ( $, .STERADIAN. ) SOLID_ANGLE_UNIT ( ) );
#1908 = CIRCLE ( 'NONE', #1261, 8.500000000000000000 ) ;
#1909 = DIRECTION ( 'NONE',  ( -0.0000000000000000000, -0.0000000000000000000, 1.000000000000000000 ) ) ;
#1910 = CARTESIAN_POINT ( 'NONE',  ( 8.488301783000002500, 16.62983158500000200, -15.50000000000000000 ) ) ;
#1911 = EDGE_LOOP ( 'NONE', ( #3246, #5925 ) ) ;
#1912 = DIRECTION ( 'NONE',  ( 1.776356839400250500E-015, 1.000000000000000000, -4.130293990420969400E-017 ) ) ;
#1913 = CARTESIAN_POINT ( 'NONE',  ( 0.5000000000000000000, -1.897353801849632800E-016, -1.732050808000000300 ) ) ;
#1914 = VERTEX_POINT ( 'NONE', #2019 ) ;
#1915 = CARTESIAN_POINT ( 'NONE',  ( 10.00000000000000000, -4.500000000000000900, 4.500000000000000900 ) ) ;
#1916 = ADVANCED_FACE ( 'NONE', ( #5987 ), #1659, .T. ) ;
#1917 = VERTEX_POINT ( 'NONE', #1251 ) ;
#1918 = PERSON_AND_ORGANIZATION ( #9162, #4154 ) ;
#1919 = CIRCLE ( 'NONE', #6040, 6.000000000000000000 ) ;
#1920 = DIRECTION ( 'NONE',  ( -0.0000000000000000000, -0.0000000000000000000, 1.000000000000000000 ) ) ;
#1921 = CARTESIAN_POINT ( 'NONE',  ( -3.888301783000000200, -16.62983158500000200, 6.000000000000000000 ) ) ;
#1922 = ORIENTED_EDGE ( 'NONE', *, *, #6528, .T. ) ;
#1923 = ORIENTED_EDGE ( 'NONE', *, *, #4675, .T. ) ;
#1924 = LOCAL_TIME ( 15, 11, 14.00000000000000000, #1296 ) ;
#1925 = VECTOR ( 'NONE', #8757, 999.9999999999998900 ) ;
#1926 = CARTESIAN_POINT ( 'NONE',  ( 2.999999999999999600, -2.118146843121976100, 1.022269028855293400 ) ) ;
#1927 = ORIENTED_EDGE ( 'NONE', *, *, #6057, .F. ) ;
#1928 = CARTESIAN_POINT ( 'NONE',  ( -10.03742995078650500, -4.499999998117112400, 4.500000000000000900 ) ) ;
#1929 = EDGE_CURVE ( 'NONE', #5237, #9606, #3998, .T. ) ;
#1930 = DIRECTION ( 'NONE',  ( -0.0000000000000000000, 1.000000000000000000, 0.0000000000000000000 ) ) ;
#1931 = CARTESIAN_POINT ( 'NONE',  ( 0.0000000000000000000, 0.0000000000000000000, 0.0000000000000000000 ) ) ;
#1933 = LINE ( 'NONE', #1694, #658 ) ;
#1932 = CC_DESIGN_PERSON_AND_ORGANIZATION_ASSIGNMENT ( #8592, #2229, ( #10204 ) ) ;
#1934 = VERTEX_POINT ( 'NONE', #4434 ) ;
#1935 = VERTEX_POINT ( 'NONE', #5175 ) ;
#1936 = PERSON_AND_ORGANIZATION ( #9162, #4154 ) ;
#1937 = CONICAL_SURFACE ( 'NONE', #6404, 21.00000000000000000, 0.7853981633974400600 ) ;
#1938 = VERTEX_POINT ( 'NONE', #6031 ) ;
#1939 = CARTESIAN_POINT ( 'NONE',  ( 10.00000000000000000, -0.5999999999999998700, 2.899999999999999900 ) ) ;
#1940 = CARTESIAN_POINT ( 'NONE',  ( -17.52021869414025800, -12.99751941072294200, -0.8147811871448589200 ) ) ;
#1941 =( LENGTH_UNIT ( ) NAMED_UNIT ( * ) SI_UNIT ( .MILLI., .METRE. ) );
#1942 = B_SPLINE_CURVE_WITH_KNOTS ( 'NONE', 3,
 ( #57, #8649, #3129, #3900, #6301, #4003, #5602, #8681, #1664, #6370, #7189, #3931, #1587, #1622, #9476, #769, #126, #6573, #89, #9688, #3420, #163, #7261, #6507, #3379, #4179, #2633, #1737 ),
 .UNSPECIFIED., .F., .F.,
 ( 4, 2, 2, 2, 2, 2, 2, 2, 2, 2, 2, 2, 2, 4 ),
 ( -0.007318237897952035700, -0.006403458160708024000, -0.005488678423464012400, -0.005031288554842007500, -0.004573898686220002500, -0.003659118948975992200, -0.003201729080353986900, -0.002744339211731982800, -0.002286949343109977900, -0.001829559474487972000, -0.001372169605865967100, -0.0009147797372439630400, -0.0004573898686219572300, 4.770489558936219500E-017 ),
 .UNSPECIFIED. ) ;
#1943 = CIRCLE ( 'NONE', #3088, 8.000000000000000000 ) ;
#1944 = VERTEX_POINT ( 'NONE', #8456 ) ;
#1945 = CARTESIAN_POINT ( 'NONE',  ( 0.0000000000000000000, 0.0000000000000000000, 11.00000000000000000 ) ) ;
#1946 = DIRECTION ( 'NONE',  ( -1.000000000000000000, 0.0000000000000000000, 0.0000000000000000000 ) ) ;
#1947 = ORIENTED_EDGE ( 'NONE', *, *, #10257, .F. ) ;
#1948 = AXIS2_PLACEMENT_3D ( 'NONE', #6656, #277, #3463 ) ;
#1949 = ADVANCED_FACE ( 'NONE', ( #4873 ), #487, .F. ) ;
#1950 = CIRCLE ( 'NONE', #6264, 1.750000000000001600 ) ;
#1951 = EDGE_LOOP ( 'NONE', ( #5491, #8217, #5245, #5642 ) ) ;
#1952 = DIRECTION ( 'NONE',  ( 0.0000000000000000000, 0.0000000000000000000, 1.000000000000000000 ) ) ;
#1953 = EDGE_LOOP ( 'NONE', ( #1847, #3185 ) ) ;
#1954 = EDGE_CURVE ( 'NONE', #5489, #5015, #3865, .T. ) ;
#1955 = AXIS2_PLACEMENT_3D ( 'NONE', #9187, #9154, #1191 ) ;
#1956 = CIRCLE ( 'NONE', #3258, 2.999999999999955100 ) ;
#1957 = ORIENTED_EDGE ( 'NONE', *, *, #3758, .F. ) ;
#1958 = DIRECTION ( 'NONE',  ( 0.0000000000000000000, -1.000000000000000000, 0.0000000000000000000 ) ) ;
#1959 = ADVANCED_FACE ( 'NONE', ( #8833 ), #3626, .T. ) ;
#1960 = CARTESIAN_POINT ( 'NONE',  ( -15.50000000000000000, -15.50000000000000500, -15.00000000000000000 ) ) ;
#1961 = AXIS2_PLACEMENT_3D ( 'NONE', #7348, #6585, #5823 ) ;
#1962 = CARTESIAN_POINT ( 'NONE',  ( 10.99751941100000100, -17.67696888200000400, -15.00000000000000000 ) ) ;
#1963 = ORIENTED_EDGE ( 'NONE', *, *, #9763, .F. ) ;
#1964 = CIRCLE ( 'NONE', #1495, 1.749999999999972500 ) ;
#1965 = ORIENTED_EDGE ( 'NONE', *, *, #1565, .T. ) ;
#1966 = EDGE_CURVE ( 'NONE', #901, #6519, #35, .T. ) ;
#1967 = DIRECTION ( 'NONE',  ( 0.0000000000000000000, 0.0000000000000000000, 1.000000000000000000 ) ) ;
#1968 = DIRECTION ( 'NONE',  ( -0.0000000000000000000, -0.0000000000000000000, -1.000000000000000000 ) ) ;
#1969 = AXIS2_PLACEMENT_3D ( 'NONE', #8787, #7268, #9584 ) ;
#1970 = CARTESIAN_POINT ( 'NONE',  ( 16.97056274823856700, 20.99999999999999600, -20.00000000000000400 ) ) ;
#1971 = ORIENTED_EDGE ( 'NONE', *, *, #395, .F. ) ;
#1972 = FACE_OUTER_BOUND ( 'NONE', #6720, .T. ) ;
#1973 = ADVANCED_FACE ( 'NONE', ( #2026 ), #8224, .F. ) ;
#1974 = CARTESIAN_POINT ( 'NONE',  ( -10.89721411667743200, -1.500241498456160900, 1.293472827258617600 ) ) ;
#1975 = ORIENTED_EDGE ( 'NONE', *, *, #4139, .F. ) ;
#1976 = EDGE_CURVE ( 'NONE', #3368, #5895, #9705, .T. ) ;
#1977 = FACE_BOUND ( 'NONE', #5267, .T. ) ;
#1978 = EDGE_LOOP ( 'NONE', ( #5056, #2227 ) ) ;
#1979 = LINE ( 'NONE', #5639, #835 ) ;
#1980 = PLANE ( 'NONE',  #8729 ) ;
#1981 = DIRECTION ( 'NONE',  ( 0.0000000000000000000, -4.130293990420969400E-017, -1.000000000000000000 ) ) ;
#1982 = EDGE_CURVE ( 'NONE', #8897, #6625, #7836, .T. ) ;
#1983 = CC_DESIGN_PERSON_AND_ORGANIZATION_ASSIGNMENT ( #1293, #3715, ( #3582 ) ) ;
#1984 = VECTOR ( 'NONE', #5441, 1000.000000000000000 ) ;
#1985 = ORIENTED_EDGE ( 'NONE', *, *, #7821, .F. ) ;
#1986 = CARTESIAN_POINT ( 'NONE',  ( 0.0000000000000000000, 0.0000000000000000000, 9.500000000000000000 ) ) ;
#1987 = ADVANCED_FACE ( 'NONE', ( #4259 ), #2521, .F. ) ;
#1988 = DIRECTION ( 'NONE',  ( -1.000000000000000000, 0.0000000000000000000, 0.0000000000000000000 ) ) ;
#1989 = FACE_OUTER_BOUND ( 'NONE', #7713, .T. ) ;
#1990 = EDGE_LOOP ( 'NONE', ( #2678, #3145, #229, #7242 ) ) ;
#1991 = EDGE_CURVE ( 'NONE', #615, #8696, #3514, .T. ) ;
#1992 = CARTESIAN_POINT ( 'NONE',  ( -5.755954265999998000, -0.5000000000000000000, -2.214256879247651400E-009 ) ) ;
#1993 =( NAMED_UNIT ( * ) PLANE_ANGLE_UNIT ( ) SI_UNIT ( $, .RADIAN. ) );
#1994 = CC_DESIGN_DATE_AND_TIME_ASSIGNMENT ( #9559, #3150, ( #9619 ) ) ;
#1995 = B_SPLINE_CURVE_WITH_KNOTS ( 'NONE', 3,
 ( #4408, #5179, #9923, #5869, #9949, #8221 ),
 .UNSPECIFIED., .F., .F.,
 ( 4, 2, 4 ),
 ( 3.889912907752587800E-011, 0.0006063020337570714300, 0.001212604028615013900 ),
 .UNSPECIFIED. ) ;
#1996 = CARTESIAN_POINT ( 'NONE',  ( -15.50000000000000000, 15.50000000000000000, -20.00000000000000000 ) ) ;
#1997 = ORIENTED_EDGE ( 'NONE', *, *, #6329, .T. ) ;
#1998 = CARTESIAN_POINT ( 'NONE',  ( 0.0000000000000000000, 17.50000000000000000, 0.0000000000000000000 ) ) ;
#1999 = CYLINDRICAL_SURFACE ( 'NONE', #4459, 8.500000000000000000 ) ;
#2000 = ORGANIZATION ( 'NAUO-ORG11', 'UNSPECIFIED', 'UNSPECIFIED' ) ;
#2001 = ORIENTED_EDGE ( 'NONE', *, *, #9789, .T. ) ;
#2002 = ADVANCED_FACE ( 'NONE', ( #2393 ), #3007, .T. ) ;
#2003 = ORIENTED_EDGE ( 'NONE', *, *, #8646, .F. ) ;
#2004 = ORIENTED_EDGE ( 'NONE', *, *, #9883, .F. ) ;
#2005 = ADVANCED_FACE ( 'NONE', ( #9574 ), #6736, .T. ) ;
#2006 = DIRECTION ( 'NONE',  ( 0.0000000000000000000, 0.8660254037305482600, 0.5000000000933407800 ) ) ;
#2007 = ORIENTED_EDGE ( 'NONE', *, *, #613, .T. ) ;
#2008 = DIRECTION ( 'NONE',  ( -0.0000000000000000000, -0.0000000000000000000, -1.000000000000000000 ) ) ;
#2009 = CARTESIAN_POINT ( 'NONE',  ( 10.99751941100000100, 17.67944947199999800, -15.00000000000000000 ) ) ;
#2010 = AXIS2_PLACEMENT_3D ( 'NONE', #2347, #804, #4833 ) ;
#2011 = EDGE_CURVE ( 'NONE', #2266, #3017, #4623, .T. ) ;
#2012 = VECTOR ( 'NONE', #241, 1000.000000000000000 ) ;
#2013 = DATE_AND_TIME ( #3989, #7210 ) ;
#2014 = ORIENTED_EDGE ( 'NONE', *, *, #2971, .T. ) ;
#2015 = VECTOR ( 'NONE', #9070, 1000.000000000000100 ) ;
#2016 = ORIENTED_EDGE ( 'NONE', *, *, #5065, .F. ) ;
#2017 = AXIS2_PLACEMENT_3D ( 'NONE', #5216, #6781, #8431 ) ;
#2018 = ADVANCED_FACE ( 'NONE', ( #5372, #1162 ), #3733, .T. ) ;
#2019 = CARTESIAN_POINT ( 'NONE',  ( 17.67696888270802100, 13.00000000000000400, -0.9425438106029003800 ) ) ;
#2020 = ORIENTED_EDGE ( 'NONE', *, *, #6067, .F. ) ;
#2021 = CARTESIAN_POINT ( 'NONE',  ( -15.50000000000000000, -13.75000000000000000, -20.00000000000000000 ) ) ;
#2022 = EDGE_CURVE ( 'NONE', #875, #9175, #885, .T. ) ;
#2023 = AXIS2_PLACEMENT_3D ( 'NONE', #314, #1878, #5894 ) ;
#2024 = DIRECTION ( 'NONE',  ( -0.0000000000000000000, -1.000000000000000000, -0.0000000000000000000 ) ) ;
#2025 = ORIENTED_EDGE ( 'NONE', *, *, #4800, .F. ) ;
#2026 = FACE_OUTER_BOUND ( 'NONE', #728, .T. ) ;
#2027 = CARTESIAN_POINT ( 'NONE',  ( 0.0000000000000000000, 0.0000000000000000000, 10.00000000000000000 ) ) ;
#2028 = VERTEX_POINT ( 'NONE', #8020 ) ;
#2029 = AXIS2_PLACEMENT_3D ( 'NONE', #6817, #5816, #8273 ) ;
#2030 = VERTEX_POINT ( 'NONE', #833 ) ;
#2031 = AXIS2_PLACEMENT_3D ( 'NONE', #1881, #4956, #8975 ) ;
#2032 = DIRECTION ( 'NONE',  ( 0.0000000000000000000, 0.0000000000000000000, 1.000000000000000000 ) ) ;
#2033 = MECHANICAL_CONTEXT ( 'NONE', #495, 'mechanical' ) ;
#2034 = DIRECTION ( 'NONE',  ( -1.000000000000000000, 0.0000000000000000000, 0.0000000000000000000 ) ) ;
#2035 = PLANE ( 'NONE',  #5317 ) ;
#2036 = ORIENTED_EDGE ( 'NONE', *, *, #3822, .T. ) ;
#2037 = LOCAL_TIME ( 15, 11, 14.00000000000000000, #5000 ) ;
#2038 = VECTOR ( 'NONE', #5446, 1000.000000000000000 ) ;
#2039 = CARTESIAN_POINT ( 'NONE',  ( -5.656435851479624700, -21.00000000000000000, -0.7417981226908945100 ) ) ;
#2040 = PRODUCT_DEFINITION_SHAPE ( 'NONE', 'NONE',  #10279 ) ;
#2041 = DIRECTION ( 'NONE',  ( 1.000000000000000000, 0.0000000000000000000, 0.0000000000000000000 ) ) ;
#2042 = ORIENTED_EDGE ( 'NONE', *, *, #5692, .T. ) ;
#2043 = DIRECTION ( 'NONE',  ( 0.0000000000000000000, 0.0000000000000000000, 1.000000000000000000 ) ) ;
#2044 = ORIENTED_EDGE ( 'NONE', *, *, #7273, .F. ) ;
#2045 = SHAPE_DEFINITION_REPRESENTATION ( #1202, #8079 ) ;
#2046 = ORIENTED_EDGE ( 'NONE', *, *, #60, .T. ) ;
#2047 = DIRECTION ( 'NONE',  ( -0.0000000000000000000, -0.0000000000000000000, -1.000000000000000000 ) ) ;
#2048 = ORIENTED_EDGE ( 'NONE', *, *, #8720, .F. ) ;
#2049 = COORDINATED_UNIVERSAL_TIME_OFFSET ( 8, 0, .AHEAD. ) ;
#2050 = CARTESIAN_POINT ( 'NONE',  ( 10.99751941100000100, 17.67944947199999800, -0.03595568100000001000 ) ) ;
#2051 = AXIS2_PLACEMENT_3D ( 'NONE', #7496, #3474, #327 ) ;
#2052 = CYLINDRICAL_SURFACE ( 'NONE', #7475, 7.200000000000001100 ) ;
#2053 = DIRECTION ( 'NONE',  ( -1.000000000000000000, 1.734723475976807700E-015, 0.0000000000000000000 ) ) ;
#2054 = ORIENTED_EDGE ( 'NONE', *, *, #2810, .F. ) ;
#2055 = CARTESIAN_POINT ( 'NONE',  ( 0.0000000000000000000, 0.0000000000000000000, 8.500000000000000000 ) ) ;
#2056 = EDGE_CURVE ( 'NONE', #6985, #718, #8473, .T. ) ;
#2057 = LINE ( 'NONE', #2777, #10214 ) ;
#2058 = DIRECTION ( 'NONE',  ( 0.0000000000000000000, 0.0000000000000000000, -1.000000000000000000 ) ) ;
#2059 = ORIENTED_EDGE ( 'NONE', *, *, #8132, .F. ) ;
#2060 = ORIENTED_EDGE ( 'NONE', *, *, #5528, .T. ) ;
#2061 = DIRECTION ( 'NONE',  ( 0.0000000000000000000, 0.0000000000000000000, -1.000000000000000000 ) ) ;
#2062 = LINE ( 'NONE', #4560, #3036 ) ;
#2063 = EDGE_CURVE ( 'NONE', #4365, #7061, #9326, .T. ) ;
#2064 = CARTESIAN_POINT ( 'NONE',  ( -2.332238092999999100, -1.000000000000000000, 6.626889377999998700 ) ) ;
#2065 = CARTESIAN_POINT ( 'NONE',  ( 3.200000000000000200, -1.000000000000000000, 7.549834435000000200 ) ) ;
#2066 = CC_DESIGN_APPROVAL ( #61, ( #9619 ) ) ;
#2067 = DIRECTION ( 'NONE',  ( 0.0000000000000000000, 0.0000000000000000000, -1.000000000000000000 ) ) ;
#2068 = ADVANCED_FACE ( 'NONE', ( #6366 ), #6483, .F. ) ;
#2069 = CYLINDRICAL_SURFACE ( 'NONE', #8606, 6.000000000000000000 ) ;
#2070 = VERTEX_POINT ( 'NONE', #1733 ) ;
#2071 = EDGE_LOOP ( 'NONE', ( #5613, #6096, #332, #1219 ) ) ;
#2072 = APPROVAL_STATUS ( 'not_yet_approved' ) ;
#2073 = DIRECTION ( 'NONE',  ( -0.9238795325793934800, 0.3826834322006653600, 0.0000000000000000000 ) ) ;
#2074 = DIRECTION ( 'NONE',  ( -0.0000000000000000000, 1.000000000000000000, 0.0000000000000000000 ) ) ;
#2075 = ADVANCED_FACE ( 'NONE', ( #294 ), #7297, .F. ) ;
#2076 = DIRECTION ( 'NONE',  ( -0.0000000000000000000, -0.0000000000000000000, -1.000000000000000000 ) ) ;
#2077 = DIRECTION ( 'NONE',  ( 0.0000000000000000000, 0.0000000000000000000, -1.000000000000000000 ) ) ;
#2078 = LINE ( 'NONE', #6907, #3426 ) ;
#2079 = ORIENTED_EDGE ( 'NONE', *, *, #8720, .T. ) ;
#2080 = AXIS2_PLACEMENT_3D ( 'NONE', #5436, #5504, #2249 ) ;
#2081 = EDGE_CURVE ( 'NONE', #2538, #6346, #159, .T. ) ;
#2082 = VECTOR ( 'NONE', #6601, 1000.000000000000100 ) ;
#2083 = DIRECTION ( 'NONE',  ( -0.0000000000000000000, -0.0000000000000000000, 1.000000000000000000 ) ) ;
#2084 = CARTESIAN_POINT ( 'NONE',  ( -17.50000000000000000, 0.0000000000000000000, 10.00000000000000000 ) ) ;
#2085 = CARTESIAN_POINT ( 'NONE',  ( 0.0000000000000000000, -5.421010862427527100E-017, 9.500000000000000000 ) ) ;
#2086 = FACE_OUTER_BOUND ( 'NONE', #6203, .T. ) ;
#2087 = DIRECTION ( 'NONE',  ( 1.000000000000000000, 0.0000000000000000000, 0.0000000000000000000 ) ) ;
#2088 = VERTEX_POINT ( 'NONE', #3227 ) ;
#2089 = VERTEX_POINT ( 'NONE', #981 ) ;
#2090 = CARTESIAN_POINT ( 'NONE',  ( 6.499999998999999900, 0.5999999999763597800, 2.426932219914008600 ) ) ;
#2091 = EDGE_CURVE ( 'NONE', #4954, #3932, #6233, .T. ) ;
#2092 = AXIS2_PLACEMENT_3D ( 'NONE', #3708, #6863, #7723 ) ;
#2093 = DIRECTION ( 'NONE',  ( 0.0000000000000000000, 0.0000000000000000000, -1.000000000000000000 ) ) ;
#2094 = VERTEX_POINT ( 'NONE', #944 ) ;
#2095 = LINE ( 'NONE', #9409, #10138 ) ;
#2096 = ORIENTED_EDGE ( 'NONE', *, *, #3668, .F. ) ;
#2097 = DIRECTION ( 'NONE',  ( 0.0000000000000000000, 0.0000000000000000000, -1.000000000000000000 ) ) ;
#2098 = ORIENTED_EDGE ( 'NONE', *, *, #3882, .T. ) ;
#2099 = CARTESIAN_POINT ( 'NONE',  ( 6.000000000000000000, 0.0000000000000000000, 11.00000000000000000 ) ) ;
#2100 = LINE ( 'NONE', #7310, #9033 ) ;
#2101 = ORIENTED_EDGE ( 'NONE', *, *, #3381, .T. ) ;
#2102 = CYLINDRICAL_SURFACE ( 'NONE', #3131, 0.7500000000000006700 ) ;
#2103 = EDGE_CURVE ( 'NONE', #2496, #8094, #6116, .T. ) ;
#2104 = CARTESIAN_POINT ( 'NONE',  ( -12.79999999965375900, -16.80518909296213100, -0.1247338549234625600 ) ) ;
#2105 = APPLICATION_PROTOCOL_DEFINITION ( 'international standard', 'config_control_design', 1994, #9196 ) ;
#2106 = AXIS2_PLACEMENT_3D ( 'NONE', #7184, #9646, #2558 ) ;
#2107 = FACE_OUTER_BOUND ( 'NONE', #5857, .T. ) ;
#2108 = DIRECTION ( 'NONE',  ( 0.9238795325793934800, -0.3826834322006653600, 0.0000000000000000000 ) ) ;
#2109 = VERTEX_POINT ( 'NONE', #4829 ) ;
#2110 = FACE_OUTER_BOUND ( 'NONE', #6961, .T. ) ;
#2111 =( BOUNDED_CURVE ( )  B_SPLINE_CURVE ( 3, ( #2869, #5164, #4423, #9937 ),
 .UNSPECIFIED., .F., .F. ) 
 B_SPLINE_CURVE_WITH_KNOTS ( ( 4, 4 ),
 ( 0.06314145700000063600, 0.9368585429999990400 ),
 .UNSPECIFIED. ) 
 CURVE ( )  GEOMETRIC_REPRESENTATION_ITEM ( )  RATIONAL_B_SPLINE_CURVE ( ( 0.9565783021659928200, 0.7697947703959744400, 0.7697947703959744400, 0.9565783021659926000 ) ) 
 REPRESENTATION_ITEM ( '' )  );
#2112 = CARTESIAN_POINT ( 'NONE',  ( 0.0000000000000000000, 0.0000000000000000000, 8.500000000000000000 ) ) ;
#2113 = EDGE_CURVE ( 'NONE', #4421, #345, #4375, .T. ) ;
#2114 = ADVANCED_FACE ( 'NONE', ( #9086 ), #1782, .T. ) ;
#2115 = CARTESIAN_POINT ( 'NONE',  ( -17.50000000000000000, 0.0000000000000000000, 0.0000000000000000000 ) ) ;
#2116 = DIRECTION ( 'NONE',  ( -1.000000000000000000, 0.0000000000000000000, 0.0000000000000000000 ) ) ;
#2117 = FACE_OUTER_BOUND ( 'NONE', #4887, .T. ) ;
#2118 = EDGE_LOOP ( 'NONE', ( #410, #9238 ) ) ;
#2119 = EDGE_CURVE ( 'NONE', #1454, #2624, #2267, .T. ) ;
#2120 = EDGE_LOOP ( 'NONE', ( #892, #9372 ) ) ;
#2121 = CC_DESIGN_APPROVAL ( #2444, ( #8088 ) ) ;
#2122 = CARTESIAN_POINT ( 'NONE',  ( 5.755954265999998000, -1.000000000000000000, 0.0000000000000000000 ) ) ;
#2123 = ADVANCED_FACE ( 'NONE', ( #5739 ), #9561, .F. ) ;
#2124 = DIRECTION ( 'NONE',  ( 0.0000000000000000000, -1.000000000000000000, 0.0000000000000000000 ) ) ;
#2125 = FACE_OUTER_BOUND ( 'NONE', #9343, .T. ) ;
#2126 = EDGE_LOOP ( 'NONE', ( #7423, #1099 ) ) ;
#2127 = CARTESIAN_POINT ( 'NONE',  ( -19.87565923496030300, -6.782029190620713500, 3.464410510719794000 ) ) ;
#2128 = DIRECTION ( 'NONE',  ( 0.0000000000000000000, -9.912705577010318600E-016, 1.000000000000000000 ) ) ;
#2129 = CARTESIAN_POINT ( 'NONE',  ( -1.500000000277420100, 3.708099243323387900, 28.00000000234375000 ) ) ;
#2130 = ORIENTED_EDGE ( 'NONE', *, *, #6602, .F. ) ;
#2131 = CARTESIAN_POINT ( 'NONE',  ( 0.0000000000000000000, 0.0000000000000000000, 0.2999999999999999300 ) ) ;
#2132 = CYLINDRICAL_SURFACE ( 'NONE', #2873, 1.250000000000000000 ) ;
#2133 = EDGE_CURVE ( 'NONE', #8111, #4096, #1919, .T. ) ;
#2134 = AXIS2_PLACEMENT_3D ( 'NONE', #6842, #6743, #1235 ) ;
#2135 = ORGANIZATION ( 'NAUO-ORG9', 'UNSPECIFIED', 'UNSPECIFIED' ) ;
#2136 = EDGE_LOOP ( 'NONE', ( #8969, #4120 ) ) ;
#2137 = CARTESIAN_POINT ( 'NONE',  ( -12.98107523258434700, -17.36459914885407200, -0.6802680214786780400 ) ) ;
#2138 = CARTESIAN_POINT ( 'NONE',  ( 4.800755448320429300, 19.27654211612919300, 0.2500000000000000000 ) ) ;
#2139 = APPROVAL ( #2689, 'UNKNOWN' ) ;
#2140 = FACE_OUTER_BOUND ( 'NONE', #5273, .T. ) ;
#2141 = ORIENTED_EDGE ( 'NONE', *, *, #6376, .T. ) ;
#2142 = DIRECTION ( 'NONE',  ( -0.0000000000000000000, -0.0000000000000000000, 1.000000000000000000 ) ) ;
#2143 = ORIENTED_EDGE ( 'NONE', *, *, #3158, .T. ) ;
#2144 = CIRCLE ( 'NONE', #343, 3.000000000000000900 ) ;
#2145 = DIRECTION ( 'NONE',  ( 0.0000000000000000000, -1.000000000000000000, -6.424901762877063500E-017 ) ) ;
#2146 = ORIENTED_EDGE ( 'NONE', *, *, #7057, .T. ) ;
#2147 = CARTESIAN_POINT ( 'NONE',  ( -2.294525848143483100, 20.99999999979980100, 7.394375029271500900E-011 ) ) ;
#2148 = AXIS2_PLACEMENT_3D ( 'NONE', #2931, #6018, #10099 ) ;
#2149 = ORIENTED_EDGE ( 'NONE', *, *, #1576, .F. ) ;
#2150 = DIRECTION ( 'NONE',  ( 0.0000000000000000000, -1.000000000000000000, 0.0000000000000000000 ) ) ;
#2151 = CARTESIAN_POINT ( 'NONE',  ( -1.500000000554838600, 3.708099243323388800, 17.00000000000000000 ) ) ;
#2152 = VERTEX_POINT ( 'NONE', #6503 ) ;
#2153 = APPROVAL_PERSON_ORGANIZATION ( #3636, #6891, #7730 ) ;
#2154 = AXIS2_PLACEMENT_3D ( 'NONE', #6538, #55, #124 ) ;
#2155 = VECTOR ( 'NONE', #3200, 1000.000000000000000 ) ;
#2156 = CARTESIAN_POINT ( 'NONE',  ( 6.499999998999999900, 0.5999999997274740900, -2.426932220037070200 ) ) ;
#2157 = DIRECTION ( 'NONE',  ( 1.000000000000000000, 0.0000000000000000000, 0.0000000000000000000 ) ) ;
#2158 = VERTEX_POINT ( 'NONE', #6537 ) ;
#2159 = DIRECTION ( 'NONE',  ( 0.0000000000000000000, 0.0000000000000000000, -1.000000000000000000 ) ) ;
#2160 = EDGE_CURVE ( 'NONE', #6625, #3288, #285, .T. ) ;
#2161 = AXIS2_PLACEMENT_3D ( 'NONE', #8038, #7931, #6414 ) ;
#2162 = ORIENTED_EDGE ( 'NONE', *, *, #1805, .F. ) ;
#2163 = PERSON_AND_ORGANIZATION ( #9162, #4154 ) ;
#2164 = LINE ( 'NONE', #9129, #10087 ) ;
#2165 = VERTEX_POINT ( 'NONE', #161 ) ;
#2166 = AXIS2_PLACEMENT_3D ( 'NONE', #1074, #9011, #2684 ) ;
#2167 = CARTESIAN_POINT ( 'NONE',  ( 12.74486450724671200, -16.69036934035785800, -6.103460726973942400E-010 ) ) ;
#2168 = MECHANICAL_CONTEXT ( 'NONE', #2829, 'mechanical' ) ;
#2169 = CARTESIAN_POINT ( 'NONE',  ( 2.670049974999999500, 0.0000000000000000000, 2.648501250000000700 ) ) ;
#2170 = CARTESIAN_POINT ( 'NONE',  ( 20.99999999925693900, -12.99751940970108200, -3.696872489737391900 ) ) ;
#2171 = CYLINDRICAL_SURFACE ( 'NONE', #4892, 6.250000000000000000 ) ;
#2172 = EDGE_CURVE ( 'NONE', #1073, #5819, #9442, .T. ) ;
#2173 = VERTEX_POINT ( 'NONE', #9898 ) ;
#2174 = ADVANCED_FACE ( 'NONE', ( #6607 ), #5157, .F. ) ;
#2175 = PLANE ( 'NONE',  #9512 ) ;
#2176 = ORIENTED_EDGE ( 'NONE', *, *, #734, .T. ) ;
#2177 = LOCAL_TIME ( 15, 11, 14.00000000000000000, #8856 ) ;
#2178 = CIRCLE ( 'NONE', #4804, 0.2999999999999999300 ) ;
#2179 = EDGE_CURVE ( 'NONE', #3355, #1318, #2144, .T. ) ;
#2180 = CARTESIAN_POINT ( 'NONE',  ( 7.500000000000000000, 0.0000000000000000000, 0.0000000000000000000 ) ) ;
#2182 = CIRCLE ( 'NONE', #6820, 14.15000000000000000 ) ;
#2181 = CC_DESIGN_APPROVAL ( #1790, ( #8348 ) ) ;
#2183 = ORIENTED_EDGE ( 'NONE', *, *, #6038, .F. ) ;
#2184 = DIRECTION ( 'NONE',  ( -0.0000000000000000000, -1.000000000000000000, -0.0000000000000000000 ) ) ;
#2185 = CYLINDRICAL_SURFACE ( 'NONE', #5941, 8.500000000000000000 ) ;
#2186 = DIRECTION ( 'NONE',  ( 0.0000000000000000000, -0.0000000000000000000, 1.000000000000000000 ) ) ;
#2187 = CARTESIAN_POINT ( 'NONE',  ( -9.659940380374983700, -15.48178128821322700, 10.00000000000000000 ) ) ;
#2188 = DIRECTION ( 'NONE',  ( 0.0000000000000000000, 0.0000000000000000000, 1.000000000000000000 ) ) ;
#2189 = CIRCLE ( 'NONE', #9850, 2.999999999999998700 ) ;
#2190 = VERTEX_POINT ( 'NONE', #1910 ) ;
#2191 = CIRCLE ( 'NONE', #7171, 6.500000000000000900 ) ;
#2192 = EDGE_CURVE ( 'NONE', #3723, #3650, #8703, .T. ) ;
#2193 = CARTESIAN_POINT ( 'NONE',  ( 6.000000000000000000, 0.0000000000000000000, 0.0000000000000000000 ) ) ;
#2194 = PLANE ( 'NONE',  #3127 ) ;
#2195 = APPROVAL ( #7207, 'UNKNOWN' ) ;
#2196 = CARTESIAN_POINT ( 'NONE',  ( 17.07569563460429100, 12.91329809412993200, -0.4086206973364174800 ) ) ;
#2197 = CARTESIAN_POINT ( 'NONE',  ( 0.0000000000000000000, 0.0000000000000000000, -16.99999999999990400 ) ) ;
#2198 = FACE_OUTER_BOUND ( 'NONE', #8717, .T. ) ;
#2199 = EDGE_LOOP ( 'NONE', ( #4163, #8481, #8152, #1277 ) ) ;
#2200 = CARTESIAN_POINT ( 'NONE',  ( -12.99999999739532400, 21.00000000110064100, -3.698178070021790100 ) ) ;
#2201 = PERSON_AND_ORGANIZATION_ROLE ( 'creator' ) ;
#2202 = CARTESIAN_POINT ( 'NONE',  ( 3.888301783000000200, 16.62983158500000200, -15.50000000000000000 ) ) ;
#2203 = DIRECTION ( 'NONE',  ( 0.0000000000000000000, 1.000000000000000000, 0.0000000000000000000 ) ) ;
#2204 = DIRECTION ( 'NONE',  ( 1.000000000000000000, 0.0000000000000000000, 0.0000000000000000000 ) ) ;
#2205 = CARTESIAN_POINT ( 'NONE',  ( -12.78146381474611300, -16.76691666113810400, -0.08305576199648312400 ) ) ;
#2206 = ORIENTED_EDGE ( 'NONE', *, *, #4205, .T. ) ;
#2207 = AXIS2_PLACEMENT_3D ( 'NONE', #8304, #4454, #7604 ) ;
#2208 = EDGE_CURVE ( 'NONE', #2314, #8091, #3376, .T. ) ;
#2209 = FACE_OUTER_BOUND ( 'NONE', #8525, .T. ) ;
#2210 = ORIENTED_EDGE ( 'NONE', *, *, #975, .F. ) ;
#2211 = FACE_OUTER_BOUND ( 'NONE', #2779, .T. ) ;
#2212 = DIRECTION ( 'NONE',  ( 0.0000000000000000000, 0.0000000000000000000, -1.000000000000000000 ) ) ;
#2213 = ORIENTED_EDGE ( 'NONE', *, *, #9459, .T. ) ;
#2214 = CIRCLE ( 'NONE', #8263, 21.00000000000000000 ) ;
#2215 = CARTESIAN_POINT ( 'NONE',  ( -13.00000000007394300, -21.00000000042693300, -3.698178070858862700 ) ) ;
#2216 = DIRECTION ( 'NONE',  ( -1.000000000000000000, 0.0000000000000000000, 0.0000000000000000000 ) ) ;
#2217 = CARTESIAN_POINT ( 'NONE',  ( 12.99751941100000100, 21.00000000000000000, -15.00000000000000000 ) ) ;
#2218 = CARTESIAN_POINT ( 'NONE',  ( -19.14999999999999900, 2.020667218593131000E-016, 10.00000000000000000 ) ) ;
#2219 = ORIENTED_EDGE ( 'NONE', *, *, #7902, .T. ) ;
#2220 = LINE ( 'NONE', #2610, #6924 ) ;
#2221 = ADVANCED_FACE ( 'NONE', ( #5361, #1273 ), #2630, .F. ) ;
#2222 = AXIS2_PLACEMENT_3D ( 'NONE', #4867, #9719, #5735 ) ;
#2223 = ORIENTED_EDGE ( 'NONE', *, *, #5032, .T. ) ;
#2224 = CIRCLE ( 'NONE', #9374, 5.000000000000000000 ) ;
#2225 = DIRECTION ( 'NONE',  ( -1.000000000000000000, 0.0000000000000000000, 0.0000000000000000000 ) ) ;
#2226 = CIRCLE ( 'NONE', #1011, 20.69999999999999900 ) ;
#2227 = ORIENTED_EDGE ( 'NONE', *, *, #3793, .T. ) ;
#2228 = CARTESIAN_POINT ( 'NONE',  ( 0.0000000000000000000, -17.50000000000000000, 10.00000000000000000 ) ) ;
#2229 = PERSON_AND_ORGANIZATION_ROLE ( 'creator' ) ;
#2230 = DIRECTION ( 'NONE',  ( 0.0000000000000000000, 0.0000000000000000000, 1.000000000000000000 ) ) ;
#2231 = CARTESIAN_POINT ( 'NONE',  ( 11.35861043237254900, -4.676104464534247100, 6.494568061648796400 ) ) ;
#2232 = EDGE_LOOP ( 'NONE', ( #5854, #1528, #7091, #7168 ) ) ;
#2233 = DIRECTION ( 'NONE',  ( 0.9238795325268022200, -0.3826834323276322400, 0.0000000000000000000 ) ) ;
#2234 = AXIS2_PLACEMENT_3D ( 'NONE', #7536, #399, #4348 ) ;
#2235 = VECTOR ( 'NONE', #8951, 1000.000000000000000 ) ;
#2236 = ORIENTED_EDGE ( 'NONE', *, *, #7553, .T. ) ;
#2237 = CARTESIAN_POINT ( 'NONE',  ( 12.50000000000000000, -0.6000000000000000900, 5.202200245000000200 ) ) ;
#2238 = DIRECTION ( 'NONE',  ( 1.000000000000000000, 0.0000000000000000000, 0.0000000000000000000 ) ) ;
#2239 = EDGE_LOOP ( 'NONE', ( #637, #2369, #5368, #6444 ) ) ;
#2240 = CARTESIAN_POINT ( 'NONE',  ( 1.499999999730664600, 3.708099243765733600, 16.99999999978848900 ) ) ;
#2241 = DIRECTION ( 'NONE',  ( -1.473925977847374000E-030, -9.912705577010326500E-016, 1.000000000000000000 ) ) ;
#2242 = VECTOR ( 'NONE', #4004, 1000.000000000000000 ) ;
#2243 = CARTESIAN_POINT ( 'NONE',  ( 0.4880476650073818900, 3.971157831508486300, 15.57826281330064300 ) ) ;
#2244 = CALENDAR_DATE ( 2023, 10, 1 ) ;
#2245 = ORIENTED_EDGE ( 'NONE', *, *, #1929, .F. ) ;
#2246 = EDGE_CURVE ( 'NONE', #6519, #1905, #5862, .T. ) ;
#2247 = ORIENTED_EDGE ( 'NONE', *, *, #3846, .F. ) ;
#2248 = PRODUCT_DEFINITION_FORMATION_WITH_SPECIFIED_SOURCE ( '任何', '', #8296, .NOT_KNOWN. ) ;
#2249 = DIRECTION ( 'NONE',  ( 0.9238795325793934800, -0.3826834322006653600, 0.0000000000000000000 ) ) ;
#2250 = ORIENTED_EDGE ( 'NONE', *, *, #7927, .T. ) ;
#2251 = CARTESIAN_POINT ( 'NONE',  ( 9.553567326343054900, -7.274562398514845500, -3.329033570257877700 ) ) ;
#2252 = VECTOR ( 'NONE', #206, 1000.000000000000000 ) ;
#2253 = DIRECTION ( 'NONE',  ( 0.0000000000000000000, 0.0000000000000000000, -1.000000000000000000 ) ) ;
#2254 = DATE_AND_TIME ( #6848, #10063 ) ;
#2255 = CARTESIAN_POINT ( 'NONE',  ( -6.888301783000001100, -16.62983158500000200, -15.50000000000000000 ) ) ;
#2256 = ORIENTED_EDGE ( 'NONE', *, *, #2441, .F. ) ;
#2257 = LINE ( 'NONE', #9600, #4727 ) ;
#2258 = CARTESIAN_POINT ( 'NONE',  ( 16.80518906840703500, 12.79999998776118100, -0.1247338281833383900 ) ) ;
#2259 = ORIENTED_EDGE ( 'NONE', *, *, #9578, .T. ) ;
#2260 = CARTESIAN_POINT ( 'NONE',  ( 9.817568455005160300, 7.305642286698868800, 3.260069651285160600 ) ) ;
#2261 = AXIS2_PLACEMENT_3D ( 'NONE', #6892, #2847, #10079 ) ;
#2262 = DIRECTION ( 'NONE',  ( 1.000000000000000000, 0.0000000000000000000, 0.0000000000000000000 ) ) ;
#2263 = MECHANICAL_CONTEXT ( 'NONE', #1366, 'mechanical' ) ;
#2264 = EDGE_CURVE ( 'NONE', #5015, #7283, #7704, .T. ) ;
#2265 = DATE_AND_TIME ( #641, #3996 ) ;
#2266 = VERTEX_POINT ( 'NONE', #5919 ) ;
#2267 = LINE ( 'NONE', #5669, #8089 ) ;
#2268 = ADVANCED_FACE ( 'NONE', ( #5609 ), #3740, .F. ) ;
#2269 = CARTESIAN_POINT ( 'NONE',  ( 7.969340740000000700, 4.500000000000000900, 4.499999999999999100 ) ) ;
#2270 = CARTESIAN_POINT ( 'NONE',  ( 16.62983158500000200, -6.888301783000001100, -20.00000000000000000 ) ) ;
#2271 = VERTEX_POINT ( 'NONE', #1970 ) ;
#2272 = CARTESIAN_POINT ( 'NONE',  ( -17.77788188187642900, 4.116663184948814400, 6.000000000000000000 ) ) ;
#2273 = ORIENTED_EDGE ( 'NONE', *, *, #2160, .T. ) ;
#2274 = LOCAL_TIME ( 15, 11, 14.00000000000000000, #5993 ) ;
#2275 = DIRECTION ( 'NONE',  ( -1.000000000000000000, 0.0000000000000000000, 0.0000000000000000000 ) ) ;
#2276 = FACE_OUTER_BOUND ( 'NONE', #7436, .T. ) ;
#2277 = EDGE_CURVE ( 'NONE', #9553, #4043, #1647, .T. ) ;
#2278 = AXIS2_PLACEMENT_3D ( 'NONE', #3043, #2128, #8460 ) ;
#2279 = VERTEX_POINT ( 'NONE', #1060 ) ;
#2280 = DIRECTION ( 'NONE',  ( -1.000000000000000000, 0.0000000000000000000, 0.0000000000000000000 ) ) ;
#2281 = ORIENTED_EDGE ( 'NONE', *, *, #928, .T. ) ;
#2282 = CARTESIAN_POINT ( 'NONE',  ( 0.0000000000000000000, -3.471663034009165600E-032, 10.00000000000000000 ) ) ;
#2283 = VERTEX_POINT ( 'NONE', #8199 ) ;
#2284 = ORIENTED_EDGE ( 'NONE', *, *, #1781, .T. ) ;
#2285 = APPROVAL_DATE_TIME ( #54, #4630 ) ;
#2286 = CARTESIAN_POINT ( 'NONE',  ( 10.50000000000000000, 1.285879139104720800E-015, 9.500000000000000000 ) ) ;
#2287 = CIRCLE ( 'NONE', #4075, 1.000000000000000000 ) ;
#2288 = ORIENTED_EDGE ( 'NONE', *, *, #8782, .F. ) ;
#2289 = B_SPLINE_CURVE_WITH_KNOTS ( 'NONE', 3,
 ( #10186, #7732, #4585, #7696, #6908, #625, #689, #6250, #7045, #6182, #9323, #3749, #2991, #6970, #9421, #9358, #3788, #5320, #9291, #2300, #3086, #569, #2231, #3019 ),
 .UNSPECIFIED., .F., .F.,
 ( 4, 2, 2, 2, 2, 2, 2, 2, 2, 2, 2, 4 ),
 ( 4.786752591523502100E-017, 0.0004565847486421373800, 0.0009131694972842269500, 0.001369754245926316400, 0.001826338994568406000, 0.002739508491852584600, 0.003652677989136763800, 0.004109262737778853400, 0.004565847486420943100, 0.005479016983705121400, 0.006392186480989300700, 0.007305355978273479900 ),
 .UNSPECIFIED. ) ;
#2290 = EDGE_CURVE ( 'NONE', #5421, #4330, #3504, .T. ) ;
#2291 = DIRECTION ( 'NONE',  ( -0.0000000000000000000, -1.000000000000000000, -0.0000000000000000000 ) ) ;
#2292 = CARTESIAN_POINT ( 'NONE',  ( 4.649475182000000700, 19.06420383200000000, 6.000000000000000000 ) ) ;
#2293 = CYLINDRICAL_SURFACE ( 'NONE', #4362, 2.999999999999999100 ) ;
#2294 = EDGE_LOOP ( 'NONE', ( #303, #6379 ) ) ;
#2295 = EDGE_LOOP ( 'NONE', ( #5826, #7087 ) ) ;
#2296 = VECTOR ( 'NONE', #8779, 1000.000000000000000 ) ;
#2297 = CARTESIAN_POINT ( 'NONE',  ( 0.0000000000000000000, 0.0000000000000000000, 10.00000000000000000 ) ) ;
#2298 = PERSON_AND_ORGANIZATION_ROLE ( 'design_owner' ) ;
#2299 = CARTESIAN_POINT ( 'NONE',  ( 2.998501250000000300, 0.0000000000000000000, -2.320049974999999400 ) ) ;
#2300 = CARTESIAN_POINT ( 'NONE',  ( 12.00503278335363800, -5.476261807659044600, 5.838787173813738500 ) ) ;
#2301 = EDGE_CURVE ( 'NONE', #2088, #7061, #402, .T. ) ;
#2302 = CARTESIAN_POINT ( 'NONE',  ( 10.00000000000000000, -0.6000000000000000900, 4.500000000000000900 ) ) ;
#2303 = CARTESIAN_POINT ( 'NONE',  ( 7.750000000000052400, -4.499999999999948500, 4.500000000000000900 ) ) ;
#2304 = CIRCLE ( 'NONE', #3957, 0.2999999999999999300 ) ;
#2305 = ORIENTED_EDGE ( 'NONE', *, *, #220, .F. ) ;
#2306 = DIRECTION ( 'NONE',  ( 0.0000000000000000000, 0.0000000000000000000, 1.000000000000000000 ) ) ;
#2307 = ORIENTED_EDGE ( 'NONE', *, *, #3937, .T. ) ;
#2308 = EDGE_CURVE ( 'NONE', #2624, #7455, #7351, .T. ) ;
#2309 = CARTESIAN_POINT ( 'NONE',  ( 6.000000000000000000, 0.0000000000000000000, 0.0000000000000000000 ) ) ;
#2310 = CC_DESIGN_PERSON_AND_ORGANIZATION_ASSIGNMENT ( #9473, #6871, ( #7508 ) ) ;
#2311 = DIRECTION ( 'NONE',  ( -0.0000000000000000000, -0.0000000000000000000, -1.000000000000000000 ) ) ;
#2312 = FACE_OUTER_BOUND ( 'NONE', #1223, .T. ) ;
#2313 = CARTESIAN_POINT ( 'NONE',  ( 1.250000000000000000, 0.0000000000000000000, 19.50000000000000000 ) ) ;
#2314 = VERTEX_POINT ( 'NONE', #5808 ) ;
#2315 = DIRECTION ( 'NONE',  ( -1.000000000000000000, 0.0000000000000000000, 0.0000000000000000000 ) ) ;
#2316 = VECTOR ( 'NONE', #5771, 1000.000000000000000 ) ;
#2317 = ADVANCED_FACE ( 'NONE', ( #2648 ), #497, .T. ) ;
#2318 = CARTESIAN_POINT ( 'NONE',  ( -8.488301782999997200, -16.62983158500000200, 8.500000000000000000 ) ) ;
#2319 = EDGE_LOOP ( 'NONE', ( #6269, #6965, #8521, #8022 ) ) ;
#2320 = VECTOR ( 'NONE', #319, 1000.000000000000000 ) ;
#2321 = EDGE_CURVE ( 'NONE', #3757, #2109, #1493, .T. ) ;
#2322 = EDGE_LOOP ( 'NONE', ( #4714, #8280, #5564, #9511, #216, #3211, #2046, #5408 ) ) ;
#2323 = CARTESIAN_POINT ( 'NONE',  ( 10.00000000000000000, -0.6000000000000000900, 6.100000000000001400 ) ) ;
#2324 = DIRECTION ( 'NONE',  ( 0.3826834323276323000, 0.9238795325268022200, -0.0000000000000000000 ) ) ;
#2325 = EDGE_LOOP ( 'NONE', ( #7915, #5742 ) ) ;
#2326 = CARTESIAN_POINT ( 'NONE',  ( -16.62983158500000200, 6.888301783000001100, -20.00000000000000000 ) ) ;
#2327 = ORIENTED_EDGE ( 'NONE', *, *, #2091, .T. ) ;
#2328 = APPROVAL_ROLE ( '' ) ;
#2329 = VECTOR ( 'NONE', #8288, 1000.000000000000000 ) ;
#2330 = ORIENTED_EDGE ( 'NONE', *, *, #2277, .T. ) ;
#2331 = CARTESIAN_POINT ( 'NONE',  ( 8.500000000000000000, 0.5999999999054389500, 2.426932219925697500 ) ) ;
#2332 = DIRECTION ( 'NONE',  ( 0.0000000000000000000, 0.0000000000000000000, -1.000000000000000000 ) ) ;
#2333 = DIRECTION ( 'NONE',  ( -0.0000000000000000000, -0.0000000000000000000, -1.000000000000000000 ) ) ;
#2334 = DIRECTION ( 'NONE',  ( -0.0000000000000000000, -0.0000000000000000000, -1.000000000000000000 ) ) ;
#2335 = ORIENTED_EDGE ( 'NONE', *, *, #8166, .F. ) ;
#2336 = FACE_OUTER_BOUND ( 'NONE', #1653, .T. ) ;
#2337 = AXIS2_PLACEMENT_3D ( 'NONE', #1998, #4325, #3555 ) ;
#2338 = EDGE_CURVE ( 'NONE', #3734, #176, #6963, .T. ) ;
#2339 = CARTESIAN_POINT ( 'NONE',  ( 12.99751941100000100, -21.00000000000000000, -15.00000000000000000 ) ) ;
#2340 = CARTESIAN_POINT ( 'NONE',  ( 15.48178128849746200, -9.659940380492720600, 6.000000000000000000 ) ) ;
#2341 = AXIS2_PLACEMENT_3D ( 'NONE', #5575, #7966, #8762 ) ;
#2342 = FACE_BOUND ( 'NONE', #3441, .T. ) ;
#2343 = CARTESIAN_POINT ( 'NONE',  ( -6.000000000000000000, 7.347880794884119700E-016, 11.00000000000000000 ) ) ;
#2344 = VERTEX_POINT ( 'NONE', #5948 ) ;
#2345 = CARTESIAN_POINT ( 'NONE',  ( 12.99751941100000100, -18.79766722695165300, -1.843972155543685700 ) ) ;
#2346 = CARTESIAN_POINT ( 'NONE',  ( 17.77788188236182500, -4.116663185576552300, 8.000000000000000000 ) ) ;
#2347 = CARTESIAN_POINT ( 'NONE',  ( 0.0000000000000000000, -8.131516293641280800E-017, 8.500000000000000000 ) ) ;
#2348 = EDGE_CURVE ( 'NONE', #4754, #4497, #4611, .T. ) ;
#2349 = DIRECTION ( 'NONE',  ( 0.3826834322006653600, 0.9238795325793934800, 0.0000000000000000000 ) ) ;
#2350 = AXIS2_PLACEMENT_3D ( 'NONE', #7252, #5698, #2555 ) ;
#2351 = CARTESIAN_POINT ( 'NONE',  ( -6.072000000000000100, -6.072000000000000100, 11.19999999999999900 ) ) ;
#2352 = CIRCLE ( 'NONE', #9180, 1.250000000000000200 ) ;
#2353 = ORIENTED_EDGE ( 'NONE', *, *, #8921, .F. ) ;
#2354 = UNCERTAINTY_MEASURE_WITH_UNIT (LENGTH_MEASURE( 1.000000000000000100E-005 ), #5251, 'distance_accuracy_value', 'NONE');
#2355 = B_SPLINE_CURVE_WITH_KNOTS ( 'NONE', 3,
 ( #7240, #7314, #142, #2501, #3322, #7172, #5689, #927, #4162, #218, #8877, #4121, #5723, #965, #6520, #1784, #2575, #3212, #816, #3357, #8912, #6384, #1640, #8767, #9555, #4816, #6698, #325, #5762, #9081, #9047, #8283, #1889, #1926, #7393, #5037, #8218, #4336, #1077, #9884, #6560, #358, #6587, #7457, #2650, #2613, #7428, #7356, #8181, #2722, #9015, #288, #998, #4199, #2752, #1117, #4306, #1820, #3544, #3433, #5142, #4269, #2688, #8141, #3397, #8943, #9852, #8256, #253, #9744, #4995, #9814, #5790, #8982, #5072, #1042, #1855, #4228, #9778 ),
 .UNSPECIFIED., .F., .F.,
 ( 4, 1, 1, 1, 1, 2, 2, 1, 1, 2, 2, 1, 1, 2, 2, 1, 1, 2, 2, 1, 1, 2, 2, 1, 2, 2, 2, 1, 2, 2, 1, 1, 2, 2, 1, 1, 2, 2, 1, 1, 2, 2, 1, 1, 2, 2, 1, 1, 1, 2, 2, 4 ),
 ( 0.0000000000000000000, 0.06249999999999901500, 0.09374999999999851500, 0.1093749999999982800, 0.1171874999999981300, 0.1210937499999980400, 0.1249999999999979700, 0.1562499999999970900, 0.1718749999999967000, 0.1796874999999965600, 0.1874999999999964800, 0.2187499999999960600, 0.2343749999999958600, 0.2421874999999957500, 0.2499999999999956700, 0.2812499999999953900, 0.2968749999999952800, 0.3046874999999951700, 0.3124999999999951200, 0.3437499999999948900, 0.3593749999999948400, 0.3671874999999947800, 0.3749999999999946700, 0.4062499999999944500, 0.4218749999999942800, 0.4374999999999941700, 0.4999999999999935600, 0.5312499999999933400, 0.5468749999999931200, 0.5624999999999930100, 0.5937499999999927800, 0.6093749999999925600, 0.6171874999999925600, 0.6249999999999925600, 0.6562499999999927800, 0.6718749999999928900, 0.6796874999999928900, 0.6874999999999930100, 0.7187499999999935600, 0.7343749999999938900, 0.7421874999999941200, 0.7499999999999942300, 0.7812499999999948900, 0.7968749999999952300, 0.8046874999999953400, 0.8124999999999954500, 0.8437499999999958900, 0.8593749999999961100, 0.8671874999999962300, 0.8710937499999962300, 0.8749999999999963400, 1.000000000000000000 ),
 .UNSPECIFIED. ) ;
#2356 = AXIS2_PLACEMENT_3D ( 'NONE', #6066, #2159, #2885 ) ;
#2357 = DIRECTION ( 'NONE',  ( 0.0000000000000000000, 0.0000000000000000000, 1.000000000000000000 ) ) ;
#2358 = ORIENTED_EDGE ( 'NONE', *, *, #3870, .F. ) ;
#2359 = VECTOR ( 'NONE', #2807, 1000.000000000000000 ) ;
#2360 = APPROVAL_PERSON_ORGANIZATION ( #384, #5711, #9668 ) ;
#2361 = ORIENTED_EDGE ( 'NONE', *, *, #8689, .F. ) ;
#2362 = CARTESIAN_POINT ( 'NONE',  ( -20.69999999999999900, 2.535018874235021200E-015, -17.00000000000000000 ) ) ;
#2363 = APPROVAL_ROLE ( '' ) ;
#2364 = CARTESIAN_POINT ( 'NONE',  ( 19.15000000000000200, 0.0000000000000000000, 0.0000000000000000000 ) ) ;
#2365 = DIRECTION ( 'NONE',  ( 0.0000000000000000000, 0.0000000000000000000, 1.000000000000000000 ) ) ;
#2366 = EDGE_CURVE ( 'NONE', #9593, #3481, #8961, .T. ) ;
#2367 = ADVANCED_FACE ( 'NONE', ( #7213 ), #5120, .T. ) ;
#2368 = CARTESIAN_POINT ( 'NONE',  ( 3.000000000000000000, -0.7500000000000000000, 1.299038106000000200 ) ) ;
#2369 = ORIENTED_EDGE ( 'NONE', *, *, #3560, .F. ) ;
#2370 = AXIS2_PLACEMENT_3D ( 'NONE', #4941, #6499, #8050 ) ;
#2371 = LINE ( 'NONE', #2417, #7690 ) ;
#2372 = EDGE_CURVE ( 'NONE', #5852, #5714, #5775, .T. ) ;
#2373 = CARTESIAN_POINT ( 'NONE',  ( 0.0000000000000000000, 10.50000000000000000, 4.999999999999999100 ) ) ;
#2374 = ORIENTED_EDGE ( 'NONE', *, *, #8862, .F. ) ;
#2375 = CIRCLE ( 'NONE', #4044, 11.00000000000000000 ) ;
#2376 = CARTESIAN_POINT ( 'NONE',  ( 15.50000000000000000, 13.74999999999999300, -15.00000000000000200 ) ) ;
#2377 = DIRECTION ( 'NONE',  ( 1.000000000000000000, 0.0000000000000000000, 0.0000000000000000000 ) ) ;
#2378 = EDGE_LOOP ( 'NONE', ( #3928, #6478 ) ) ;
#2379 = DIRECTION ( 'NONE',  ( -0.0000000000000000000, 4.130293990420969400E-017, 1.000000000000000000 ) ) ;
#2380 = DIRECTION ( 'NONE',  ( 0.0000000000000000000, -0.0000000000000000000, 1.000000000000000000 ) ) ;
#2381 = EDGE_CURVE ( 'NONE', #4487, #5258, #8575, .T. ) ;
#2382 = DATE_AND_TIME ( #396, #8701 ) ;
#2383 = EDGE_LOOP ( 'NONE', ( #3969, #1797, #10192, #4526, #5589, #6358 ) ) ;
#2384 = CC_DESIGN_APPROVAL ( #6833, ( #8424 ) ) ;
#2385 = LINE ( 'NONE', #6212, #2767 ) ;
#2386 = DIRECTION ( 'NONE',  ( -0.0000000000000000000, -1.000000000000000000, -0.0000000000000000000 ) ) ;
#2387 = CARTESIAN_POINT ( 'NONE',  ( 6.500000000000000900, -0.6000000000000000900, 7.977468269999999300 ) ) ;
#2388 = VERTEX_POINT ( 'NONE', #403 ) ;
#2389 = B_SPLINE_CURVE_WITH_KNOTS ( 'NONE', 3,
 ( #7479, #5843, #4290, #7445, #9836, #3620 ),
 .UNSPECIFIED., .F., .F.,
 ( 4, 2, 4 ),
 ( 7.912002812885163100E-012, 0.0006063048293076645300, 0.001212609650703326400 ),
 .UNSPECIFIED. ) ;
#2390 = CARTESIAN_POINT ( 'NONE',  ( 10.00000000000000000, 7.719455939378111300, -2.100000000000000100 ) ) ;
#2391 = VERTEX_POINT ( 'NONE', #10023 ) ;
#2392 = DATE_AND_TIME ( #10196, #2037 ) ;
#2393 = FACE_OUTER_BOUND ( 'NONE', #7698, .T. ) ;
#2394 = DIRECTION ( 'NONE',  ( 0.0000000000000000000, 0.0000000000000000000, 1.000000000000000000 ) ) ;
#2395 = ORIENTED_EDGE ( 'NONE', *, *, #2718, .T. ) ;
#2396 = AXIS2_PLACEMENT_3D ( 'NONE', #3694, #6085, #4456 ) ;
#2397 = CARTESIAN_POINT ( 'NONE',  ( -6.000000000000000000, 7.347880794884119700E-016, 11.19999999999999900 ) ) ;
#2398 = APPROVAL_ROLE ( '' ) ;
#2399 = EDGE_CURVE ( 'NONE', #718, #2089, #6105, .T. ) ;
#2400 = DIRECTION ( 'NONE',  ( 0.0000000000000000000, 0.0000000000000000000, 1.000000000000000000 ) ) ;
#2401 = DIRECTION ( 'NONE',  ( -1.000000000000000000, 0.0000000000000000000, 0.0000000000000000000 ) ) ;
#2402 = VERTEX_POINT ( 'NONE', #6782 ) ;
#2403 = CALENDAR_DATE ( 2023, 10, 1 ) ;
#2404 = CARTESIAN_POINT ( 'NONE',  ( -0.7585160773204153700, 3.931637511249848100, 29.30871903243060600 ) ) ;
#2405 = LINE ( 'NONE', #2286, #544 ) ;
#2406 = DIRECTION ( 'NONE',  ( -1.000000000000000000, -0.0000000000000000000, -0.0000000000000000000 ) ) ;
#2407 = DIRECTION ( 'NONE',  ( -0.0000000000000000000, 1.000000000000000000, 0.0000000000000000000 ) ) ;
#2408 = DIRECTION ( 'NONE',  ( -1.000000000000000000, 0.0000000000000000000, 0.0000000000000000000 ) ) ;
#2409 = CIRCLE ( 'NONE', #5956, 1.250000000000000000 ) ;
#2410 = ORIENTED_EDGE ( 'NONE', *, *, #1010, .F. ) ;
#2411 = DIRECTION ( 'NONE',  ( 0.0000000000000000000, 0.0000000000000000000, -1.000000000000000000 ) ) ;
#2412 = AXIS2_PLACEMENT_3D ( 'NONE', #1513, #4790, #9500 ) ;
#2413 = ORIENTED_EDGE ( 'NONE', *, *, #380, .T. ) ;
#2414 = DATE_AND_TIME ( #661, #5028 ) ;
#2415 = FACE_OUTER_BOUND ( 'NONE', #8760, .T. ) ;
#2416 = DIRECTION ( 'NONE',  ( 0.0000000000000000000, 1.000000000000000000, 0.0000000000000000000 ) ) ;
#2417 = CARTESIAN_POINT ( 'NONE',  ( 7.500000002000000200, 0.6000000000000000900, -5.202200245000000200 ) ) ;
#2418 = ORIENTED_EDGE ( 'NONE', *, *, #9044, .F. ) ;
#2419 = AXIS2_PLACEMENT_3D ( 'NONE', #3119, #5450, #9423 ) ;
#2420 = CARTESIAN_POINT ( 'NONE',  ( -3.500000000000000000, -0.5000000000000000000, 5.039138622000000300 ) ) ;
#2421 = ADVANCED_FACE ( 'NONE', ( #4738 ), #3237, .T. ) ;
#2422 = DIRECTION ( 'NONE',  ( -0.0000000000000000000, -0.0000000000000000000, 1.000000000000000000 ) ) ;
#2423 = VECTOR ( 'NONE', #2008, 1000.000000000000000 ) ;
#2424 = ORIENTED_EDGE ( 'NONE', *, *, #1456, .F. ) ;
#2425 = CARTESIAN_POINT ( 'NONE',  ( -10.88290832874984600, -1.601235221534441400, 0.7017244644728319900 ) ) ;
#2426 = CIRCLE ( 'NONE', #8391, 1.749999999999999800 ) ;
#2427 = B_SPLINE_CURVE_WITH_KNOTS ( 'NONE', 3,
 ( #1013, #3262, #3369, #4030 ),
 .UNSPECIFIED., .F., .F.,
 ( 4, 4 ),
 ( 0.0000000000000000000, 0.0007159683012654434600 ),
 .UNSPECIFIED. ) ;
#2428 = DIRECTION ( 'NONE',  ( -0.0000000000000000000, 1.000000000000000000, 0.0000000000000000000 ) ) ;
#2429 = CARTESIAN_POINT ( 'NONE',  ( 9.636431115255362600, 5.606267312127588600, 5.707844904673088100 ) ) ;
#2431 = VECTOR ( 'NONE', #6841, 1000.000000000000000 ) ;
#2430 = AXIS2_PLACEMENT_3D ( 'NONE', #7054, #8715, #3929 ) ;
#2432 = VERTEX_POINT ( 'NONE', #8365 ) ;
#2433 = VERTEX_POINT ( 'NONE', #4517 ) ;
#2434 =( REPRESENTATION_RELATIONSHIP ('NONE','NONE', #4455, #4545 ) REPRESENTATION_RELATIONSHIP_WITH_TRANSFORMATION ( #4107 )SHAPE_REPRESENTATION_RELATIONSHIP( ) );
#2435 = LINE ( 'NONE', #9656, #2155 ) ;
#2436 = EDGE_CURVE ( 'NONE', #8499, #5903, #2998, .T. ) ;
#2437 = PLANE ( 'NONE',  #9314 ) ;
#2438 = FACE_OUTER_BOUND ( 'NONE', #7660, .T. ) ;
#2439 = ORIENTED_EDGE ( 'NONE', *, *, #5798, .T. ) ;
#2440 = CARTESIAN_POINT ( 'NONE',  ( 10.00000000000000000, -4.499999999999948500, 4.500000000000000900 ) ) ;
#2441 = EDGE_CURVE ( 'NONE', #9380, #7487, #4859, .T. ) ;
#2442 = ORIENTED_EDGE ( 'NONE', *, *, #5374, .F. ) ;
#2443 = DIRECTION ( 'NONE',  ( 0.0000000000000000000, 1.000000000000000000, 0.0000000000000000000 ) ) ;
#2444 = APPROVAL ( #8666, '未指定' ) ;
#2445 = DIRECTION ( 'NONE',  ( 1.000000000000000000, 0.0000000000000000000, 0.0000000000000000000 ) ) ;
#2446 = CARTESIAN_POINT ( 'NONE',  ( 0.0000000000000000000, 0.0000000000000000000, 0.0000000000000000000 ) ) ;
#2447 = DIRECTION ( 'NONE',  ( 0.0000000000000000000, 0.0000000000000000000, 1.000000000000000000 ) ) ;
#2448 = DIRECTION ( 'NONE',  ( -1.000000000000000000, 0.0000000000000000000, 0.0000000000000000000 ) ) ;
#2449 = ORIENTED_EDGE ( 'NONE', *, *, #7025, .T. ) ;
#2450 = LINE ( 'NONE', #6026, #9027 ) ;
#2451 = EDGE_LOOP ( 'NONE', ( #2740, #7249, #2925, #10038 ) ) ;
#2452 = LINE ( 'NONE', #9942, #10017 ) ;
#2453 = CARTESIAN_POINT ( 'NONE',  ( -7.200000000000001100, 0.0000000000000000000, 0.0000000000000000000 ) ) ;
#2454 = ORIENTED_EDGE ( 'NONE', *, *, #4106, .F. ) ;
#2455 = CIRCLE ( 'NONE', #8995, 1.599999999999997200 ) ;
#2456 = DIRECTION ( 'NONE',  ( -0.3826834307322701800, -0.9238795331876228400, 0.0000000000000000000 ) ) ;
#2457 = CARTESIAN_POINT ( 'NONE',  ( 1.300000000000000300, 0.0000000000000000000, 4.931531202000000400 ) ) ;
#2458 = AXIS2_PLACEMENT_3D ( 'NONE', #7486, #8274, #5131 ) ;
#2459 = CARTESIAN_POINT ( 'NONE',  ( 12.37608727512615500, 6.357317214295899400, -4.858723791223386700 ) ) ;
#2460 = CARTESIAN_POINT ( 'NONE',  ( 6.500000000400000000, -0.5999999994658852300, -4.963869458460902900 ) ) ;
#2461 = VECTOR ( 'NONE', #8590, 999.9999999999998900 ) ;
#2462 = ORIENTED_EDGE ( 'NONE', *, *, #2208, .F. ) ;
#2463 = VECTOR ( 'NONE', #8857, 1000.000000000000000 ) ;
#2464 = CARTESIAN_POINT ( 'NONE',  ( 10.26058963992472100, 4.418859215419998600, -6.668859214907960200 ) ) ;
#2465 = DIRECTION ( 'NONE',  ( -0.0000000000000000000, -1.000000000000000000, -0.0000000000000000000 ) ) ;
#2466 = APPROVAL_STATUS ( 'not_yet_approved' ) ;
#2467 = CARTESIAN_POINT ( 'NONE',  ( 12.79751941133655500, 16.80766968398675900, -7.517977840499999500 ) ) ;
#2468 = ADVANCED_FACE ( 'NONE', ( #5247 ), #2035, .F. ) ;
#2469 = PLANE ( 'NONE',  #1166 ) ;
#2470 = CARTESIAN_POINT ( 'NONE',  ( 15.50000000000000000, -13.74999999999999800, -20.00000000000000000 ) ) ;
#2471 = FACE_OUTER_BOUND ( 'NONE', #1747, .T. ) ;
#2472 = EDGE_CURVE ( 'NONE', #5370, #7161, #4488, .T. ) ;
#2473 = AXIS2_PLACEMENT_3D ( 'NONE', #2852, #6035, #9889 ) ;
#2474 = VERTEX_POINT ( 'NONE', #10125 ) ;
#2475 = DIRECTION ( 'NONE',  ( -1.000000000000000000, 0.0000000000000000000, 0.0000000000000000000 ) ) ;
#2476 = CARTESIAN_POINT ( 'NONE',  ( -12.79999999980802800, -16.80518909328065600, -15.00000000000000000 ) ) ;
#2477 = AXIS2_PLACEMENT_3D ( 'NONE', #214, #8252, #6623 ) ;
#2478 = EDGE_LOOP ( 'NONE', ( #8879, #9136, #4602, #8047 ) ) ;
#2479 = DIRECTION ( 'NONE',  ( -0.0000000000000000000, -0.0000000000000000000, 1.000000000000000000 ) ) ;
#2480 = CARTESIAN_POINT ( 'NONE',  ( 20.91369613228453200, 1.901923785662009700, 5.603160434822717900E-010 ) ) ;
#2481 = DIRECTION ( 'NONE',  ( 1.000000000000000000, 0.0000000000000000000, 0.0000000000000000000 ) ) ;
#2482 = CARTESIAN_POINT ( 'NONE',  ( -12.86351026307918500, 16.93880195620022600, -0.2695103728155697800 ) ) ;
#2483 = FACE_OUTER_BOUND ( 'NONE', #6636, .T. ) ;
#2484 = CARTESIAN_POINT ( 'NONE',  ( 8.620946430141861700, 6.840886129497065800, -0.4144552300851189200 ) ) ;
#2485 = ORIENTED_EDGE ( 'NONE', *, *, #8360, .T. ) ;
#2486 = EDGE_CURVE ( 'NONE', #6451, #3685, #2508, .T. ) ;
#2487 = CARTESIAN_POINT ( 'NONE',  ( 12.97859519991250500, 17.36708321428548300, -0.6807730266058031900 ) ) ;
#2488 = AXIS2_PLACEMENT_3D ( 'NONE', #4009, #9544, #4807 ) ;
#2489 = VERTEX_POINT ( 'NONE', #5352 ) ;
#2490 = DIRECTION ( 'NONE',  ( 0.0000000000000000000, 0.0000000000000000000, -1.000000000000000000 ) ) ;
#2491 = FACE_OUTER_BOUND ( 'NONE', #342, .T. ) ;
#2492 = COORDINATED_UNIVERSAL_TIME_OFFSET ( 8, 0, .AHEAD. ) ;
#2493 = CARTESIAN_POINT ( 'NONE',  ( 11.16944735578292700, 7.632369013108935000, -2.398801519787829400 ) ) ;
#2494 = VERTEX_POINT ( 'NONE', #4620 ) ;
#2495 = DIRECTION ( 'NONE',  ( 0.0000000000000000000, 0.0000000000000000000, 1.000000000000000000 ) ) ;
#2496 = VERTEX_POINT ( 'NONE', #5418 ) ;
#2497 = EDGE_CURVE ( 'NONE', #2402, #1944, #1564, .T. ) ;
#2498 = ORIENTED_EDGE ( 'NONE', *, *, #1148, .T. ) ;
#2499 = ORIENTED_EDGE ( 'NONE', *, *, #6353, .F. ) ;
#2500 = CARTESIAN_POINT ( 'NONE',  ( 9.334069707073686200, 5.751637238504415000, 5.560825108305192700 ) ) ;
#2501 = CARTESIAN_POINT ( 'NONE',  ( 3.000000000000000400, -0.4689064809162439300, 2.303979166887967000 ) ) ;
#2502 = PERSON_AND_ORGANIZATION_ROLE ( 'classification_officer' ) ;
#2503 = CYLINDRICAL_SURFACE ( 'NONE', #3922, 1.599999999999999900 ) ;
#2504 = CARTESIAN_POINT ( 'NONE',  ( -14.15000000000000000, 0.0000000000000000000, 10.50000000000000000 ) ) ;
#2505 = DIRECTION ( 'NONE',  ( 0.7071067811865474600, 0.0000000000000000000, 0.7071067811865475700 ) ) ;
#2506 = CALENDAR_DATE ( 2023, 10, 1 ) ;
#2507 = ORIENTED_EDGE ( 'NONE', *, *, #3297, .T. ) ;
#2508 = LINE ( 'NONE', #5388, #8462 ) ;
#2509 = EDGE_CURVE ( 'NONE', #1638, #10059, #2385, .T. ) ;
#2510 = DIRECTION ( 'NONE',  ( 0.0000000000000000000, 0.0000000000000000000, 1.000000000000000000 ) ) ;
#2511 = CARTESIAN_POINT ( 'NONE',  ( 12.00000000000000000, 3.061616997868383100E-016, -2.500000000000000000 ) ) ;
#2512 = APPROVAL ( #3652, '未指定' ) ;
#2513 = ORIENTED_EDGE ( 'NONE', *, *, #10065, .F. ) ;
#2514 = CARTESIAN_POINT ( 'NONE',  ( 10.78972674782883300, 2.143646079425738800, 3.367581098060547200 ) ) ;
#2515 = ORIENTED_EDGE ( 'NONE', *, *, #7352, .T. ) ;
#2516 = CARTESIAN_POINT ( 'NONE',  ( 21.00000000000000000, 0.0000000000000000000, -16.69999999999999900 ) ) ;
#2517 = PERSON_AND_ORGANIZATION ( #904, #4621 ) ;
#2518 = ORIENTED_EDGE ( 'NONE', *, *, #2921, .T. ) ;
#2519 = DIRECTION ( 'NONE',  ( 1.000000000000000000, 0.0000000000000000000, 0.0000000000000000000 ) ) ;
#2520 = PERSON ( 'NAUO-PER12', 'UNSPECIFIED', 'UNSPECIFIED', ('UNSPECIFIED'), ('UNSPECIFIED'), ('UNSPECIFIED') ) ;
#2521 = CYLINDRICAL_SURFACE ( 'NONE', #8415, 8.000000000000000000 ) ;
#2522 = CARTESIAN_POINT ( 'NONE',  ( 0.0000000000000000000, 0.0000000000000000000, 11.19999999999999900 ) ) ;
#2523 = VERTEX_POINT ( 'NONE', #3816 ) ;
#2524 = CARTESIAN_POINT ( 'NONE',  ( -10.62599999999999900, -10.62599999999999900, 0.0000000000000000000 ) ) ;
#2525 = DIRECTION ( 'NONE',  ( -0.0000000000000000000, 1.000000000000000000, 0.0000000000000000000 ) ) ;
#2526 = EDGE_CURVE ( 'NONE', #4330, #5421, #5487, .T. ) ;
#2527 = CC_DESIGN_DATE_AND_TIME_ASSIGNMENT ( #2254, #7901, ( #6645 ) ) ;
#2528 = CARTESIAN_POINT ( 'NONE',  ( -8.068477969536491700, -7.476853047601252900, 1.927737287987425700 ) ) ;
#2529 = ADVANCED_FACE ( 'NONE', ( #6850, #4246, #23 ), #6937, .F. ) ;
#2530 = DIRECTION ( 'NONE',  ( 0.0000000000000000000, 0.0000000000000000000, -1.000000000000000000 ) ) ;
#2531 = ORIENTED_EDGE ( 'NONE', *, *, #248, .T. ) ;
#2532 = PERSON_AND_ORGANIZATION ( #9162, #4154 ) ;
#2533 = VECTOR ( 'NONE', #4826, 1000.000000000000000 ) ;
#2534 = PRODUCT_DEFINITION_SHAPE ( 'NONE', 'NONE',  #10272 ) ;
#2535 = CARTESIAN_POINT ( 'NONE',  ( -10.83247858294971900, -1.915920359475760600, -0.03706942316038323200 ) ) ;
#2536 = ORIENTED_EDGE ( 'NONE', *, *, #3870, .T. ) ;
#2537 = CARTESIAN_POINT ( 'NONE',  ( 12.28183030865180700, 7.095697873858580500, -3.705272513769208000 ) ) ;
#2538 = VERTEX_POINT ( 'NONE', #9392 ) ;
#2539 = ORIENTED_EDGE ( 'NONE', *, *, #7520, .F. ) ;
#2540 = ORIENTED_EDGE ( 'NONE', *, *, #5152, .F. ) ;
#2541 = PERSON_AND_ORGANIZATION ( #9162, #4154 ) ;
#2542 = FACE_OUTER_BOUND ( 'NONE', #6914, .T. ) ;
#2543 = AXIS2_PLACEMENT_3D ( 'NONE', #6574, #9761, #1024 ) ;
#2544 = APPROVAL_STATUS ( 'not_yet_approved' ) ;
#2545 = EDGE_CURVE ( 'NONE', #522, #6451, #2289, .T. ) ;
#2546 = ORIENTED_EDGE ( 'NONE', *, *, #8808, .F. ) ;
#2547 = CARTESIAN_POINT ( 'NONE',  ( 2.700000000000000200, 3.245314017740486000E-016, -2.649999999999999900 ) ) ;
#2548 = AXIS2_PLACEMENT_3D ( 'NONE', #8197, #1909, #8266 ) ;
#2549 = DIRECTION ( 'NONE',  ( -1.000000000000000000, 0.0000000000000000000, 0.0000000000000000000 ) ) ;
#2550 = CONICAL_SURFACE ( 'NONE', #963, 1664.279483014394800, 1.029744258852757200 ) ;
#2551 = CARTESIAN_POINT ( 'NONE',  ( 10.57167851832929300, 3.044446217018982500, 4.130503108594723500 ) ) ;
#2552 = EDGE_LOOP ( 'NONE', ( #7653, #4368, #8854, #4453 ) ) ;
#2553 = EDGE_LOOP ( 'NONE', ( #2281, #4912, #5882, #10206 ) ) ;
#2554 = CIRCLE ( 'NONE', #2350, 9.300000000000000700 ) ;
#2555 = DIRECTION ( 'NONE',  ( 1.000000000000000000, 0.0000000000000000000, 0.0000000000000000000 ) ) ;
#2556 = CARTESIAN_POINT ( 'NONE',  ( 10.79545792107670500, 5.840412896320742700, 5.467513475027288000 ) ) ;
#2557 = EDGE_CURVE ( 'NONE', #1157, #694, #7092, .T. ) ;
#2558 = DIRECTION ( 'NONE',  ( 0.0000000000000000000, -1.000000000000000000, -1.982541115402063300E-015 ) ) ;
#2559 = CARTESIAN_POINT ( 'NONE',  ( 0.0000000000000000000, 0.0000000000000000000, 31.00000000000002800 ) ) ;
#2560 = CARTESIAN_POINT ( 'NONE',  ( 17.50000000000000000, 0.0000000000000000000, 999.0085799790000500 ) ) ;
#2561 = EDGE_CURVE ( 'NONE', #2870, #7237, #8214, .T. ) ;
#2562 = CIRCLE ( 'NONE', #8414, 4.000000000000000000 ) ;
#2563 = VERTEX_POINT ( 'NONE', #722 ) ;
#2564 = CARTESIAN_POINT ( 'NONE',  ( 11.60000000000000100, -3.849999999999999600, 4.500000000000000900 ) ) ;
#2565 = ORIENTED_EDGE ( 'NONE', *, *, #8140, .F. ) ;
#2566 = CARTESIAN_POINT ( 'NONE',  ( 16.69036934204929800, -12.74486450309823500, -3.249999999999999600 ) ) ;
#2567 = CARTESIAN_POINT ( 'NONE',  ( -10.03742994994242100, -4.500000000000082600, -1.500000000000259600 ) ) ;
#2568 = CARTESIAN_POINT ( 'NONE',  ( -10.66147236513348800, -2.713434687494507900, -0.9181123241721854700 ) ) ;
#2569 = CYLINDRICAL_SURFACE ( 'NONE', #8044, 1.750000000000001600 ) ;
#2570 = ORIENTED_EDGE ( 'NONE', *, *, #3413, .F. ) ;
#2571 = LINE ( 'NONE', #7680, #4924 ) ;
#2572 = AXIS2_PLACEMENT_3D ( 'NONE', #1352, #4568, #6948 ) ;
#2573 = AXIS2_PLACEMENT_3D ( 'NONE', #10150, #9258, #593 ) ;
#2574 = ORIENTED_EDGE ( 'NONE', *, *, #3956, .F. ) ;
#2575 = CARTESIAN_POINT ( 'NONE',  ( 3.000000000000000400, -1.194400582212427100, 2.026260752228066700 ) ) ;
#2576 = APPROVAL_ROLE ( '' ) ;
#2577 = CYLINDRICAL_SURFACE ( 'NONE', #5546, 1.499999999999997800 ) ;
#2578 = ORIENTED_EDGE ( 'NONE', *, *, #4949, .F. ) ;
#2579 = EDGE_CURVE ( 'NONE', #3317, #6123, #9316, .T. ) ;
#2580 = ADVANCED_FACE ( 'NONE', ( #6475 ), #7474, .F. ) ;
#2581 = DIRECTION ( 'NONE',  ( -0.3826834323276323000, -0.9238795325268022200, 0.0000000000000000000 ) ) ;
#2582 = DIRECTION ( 'NONE',  ( 0.0000000000000000000, 0.0000000000000000000, 1.000000000000000000 ) ) ;
#2583 = ORIENTED_EDGE ( 'NONE', *, *, #6272, .T. ) ;
#2584 = CARTESIAN_POINT ( 'NONE',  ( 10.12047493348376500, 4.314764843255544800, 4.499999999900320600 ) ) ;
#2585 = ORIENTED_EDGE ( 'NONE', *, *, #3328, .T. ) ;
#2586 = DIRECTION ( 'NONE',  ( -0.0000000000000000000, 1.000000000000000000, -0.0000000000000000000 ) ) ;
#2587 = LINE ( 'NONE', #2323, #817 ) ;
#2588 = EDGE_CURVE ( 'NONE', #1003, #8499, #1908, .T. ) ;
#2589 = ORIENTED_EDGE ( 'NONE', *, *, #5204, .F. ) ;
#2590 = ORIENTED_EDGE ( 'NONE', *, *, #3263, .F. ) ;
#2591 = CARTESIAN_POINT ( 'NONE',  ( 10.68434719256948600, 7.217953534395807200, 3.450305868520206600 ) ) ;
#2592 = SECURITY_CLASSIFICATION ( '', '', #8736 ) ;
#2593 = B_SPLINE_CURVE_WITH_KNOTS ( 'NONE', 3,
 ( #9000, #8129, #7408, #239, #2667, #4249 ),
 .UNSPECIFIED., .F., .F.,
 ( 4, 2, 4 ),
 ( 0.0000000000000000000, 0.0008727285143105417700, 0.001745457028621083500 ),
 .UNSPECIFIED. ) ;
#2594 = CIRCLE ( 'NONE', #5531, 9.300000000000000700 ) ;
#2595 = CARTESIAN_POINT ( 'NONE',  ( -3.888301783000000200, -16.62983158500000200, 10.00000000000000000 ) ) ;
#2596 = DIRECTION ( 'NONE',  ( -1.000000000000000000, 0.0000000000000000000, 0.0000000000000000000 ) ) ;
#2597 = EDGE_LOOP ( 'NONE', ( #8612, #4185, #4299, #696 ) ) ;
#2598 = CYLINDRICAL_SURFACE ( 'NONE', #8123, 11.00000000000000000 ) ;
#2599 = CARTESIAN_POINT ( 'NONE',  ( 0.0000000000000000000, -1.652117596085781700E-016, 6.000000000200000900 ) ) ;
#2600 = CARTESIAN_POINT ( 'NONE',  ( 8.441091810759381500, 7.054725785068120200, 3.084661072709384400 ) ) ;
#2601 = CARTESIAN_POINT ( 'NONE',  ( -13.00000000000000200, 17.67944947300812000, -0.9445422296444115900 ) ) ;
#2602 = CARTESIAN_POINT ( 'NONE',  ( -10.03742995078650500, -4.499999998117112400, 4.500000000000000900 ) ) ;
#2603 = DIRECTION ( 'NONE',  ( 0.0000000000000000000, 0.0000000000000000000, 1.000000000000000000 ) ) ;
#2604 = CIRCLE ( 'NONE', #5458, 1.650000000000002100 ) ;
#2605 = VERTEX_POINT ( 'NONE', #7176 ) ;
#2606 = CARTESIAN_POINT ( 'NONE',  ( 12.00000000000000000, 0.0000000000000000000, 0.0000000000000000000 ) ) ;
#2607 = CARTESIAN_POINT ( 'NONE',  ( 0.0000000000000000000, -3.614007241618347800E-016, 0.0000000000000000000 ) ) ;
#2608 = AXIS2_PLACEMENT_3D ( 'NONE', #1453, #8584, #9375 ) ;
#2609 = EDGE_CURVE ( 'NONE', #8731, #525, #9831, .T. ) ;
#2610 = CARTESIAN_POINT ( 'NONE',  ( 6.000000000000000000, 0.0000000000000000000, 6.000000000000000000 ) ) ;
#2611 = CIRCLE ( 'NONE', #3792, 2.500000000000000000 ) ;
#2612 = ORIENTED_EDGE ( 'NONE', *, *, #873, .F. ) ;
#2613 = CARTESIAN_POINT ( 'NONE',  ( 3.000000000000000900, -2.254384733339281200, -0.6703238393773878200 ) ) ;
#2614 = DATE_TIME_ROLE ( 'classification_date' ) ;
#2615 = DIRECTION ( 'NONE',  ( -1.000000000000000000, 0.0000000000000000000, 0.0000000000000000000 ) ) ;
#2616 = DIRECTION ( 'NONE',  ( 0.0000000000000000000, 0.0000000000000000000, 1.000000000000000000 ) ) ;
#2617 = CARTESIAN_POINT ( 'NONE',  ( -6.250000000000000000, 0.0000000000000000000, 10.50000000000000000 ) ) ;
#2618 = ORIENTED_EDGE ( 'NONE', *, *, #3000, .T. ) ;
#2619 = CARTESIAN_POINT ( 'NONE',  ( 10.57120459491867600, 3.046203244726490000, -1.131645459125327100 ) ) ;
#2620 = EDGE_CURVE ( 'NONE', #2523, #1033, #4992, .T. ) ;
#2621 = AXIS2_PLACEMENT_3D ( 'NONE', #8352, #8319, #8390 ) ;
#2622 = VECTOR ( 'NONE', #3325, 1000.000000000000000 ) ;
#2623 = APPROVAL_DATE_TIME ( #3967, #529 ) ;
#2624 = VERTEX_POINT ( 'NONE', #8668 ) ;
#2625 = CARTESIAN_POINT ( 'NONE',  ( 10.18274024821797100, 7.305614329502317300, 3.260131981768076900 ) ) ;
#2626 = AXIS2_PLACEMENT_3D ( 'NONE', #10096, #8638, #5354 ) ;
#2627 = DIRECTION ( 'NONE',  ( 0.0000000000000000000, 0.0000000000000000000, 1.000000000000000000 ) ) ;
#2628 = CARTESIAN_POINT ( 'NONE',  ( 12.79751940855709200, -16.80518908863305700, -0.1232308920086115100 ) ) ;
#2629 = CARTESIAN_POINT ( 'NONE',  ( 10.72556438738399900, 18.05442518510400900, 10.00000000000000000 ) ) ;
#2630 = PLANE ( 'NONE',  #7447 ) ;
#2631 = ORIENTED_EDGE ( 'NONE', *, *, #6222, .F. ) ;
#2632 = CARTESIAN_POINT ( 'NONE',  ( -15.50000000000000000, 15.49999999999999500, -15.00000000000000000 ) ) ;
#2633 = CARTESIAN_POINT ( 'NONE',  ( 9.845341069262291400, -7.719455939378918600, 2.100000000001056100 ) ) ;
#2634 = VECTOR ( 'NONE', #3231, 1000.000000000000000 ) ;
#2635 = EDGE_CURVE ( 'NONE', #102, #4467, #876, .T. ) ;
#2636 = CALENDAR_DATE ( 2023, 10, 1 ) ;
#2637 = ORIENTED_EDGE ( 'NONE', *, *, #5770, .F. ) ;
#2638 = CYLINDRICAL_SURFACE ( 'NONE', #2983, 5.000000000000000000 ) ;
#2639 = ADVANCED_FACE ( 'NONE', ( #1153, #9076 ), #3919, .T. ) ;
#2640 = AXIS2_PLACEMENT_3D ( 'NONE', #6465, #1657, #9610 ) ;
#2641 = CARTESIAN_POINT ( 'NONE',  ( 0.0000000000000000000, 0.0000000000000000000, 5.000000000000000000 ) ) ;
#2642 = ORIENTED_EDGE ( 'NONE', *, *, #139, .F. ) ;
#2643 = CARTESIAN_POINT ( 'NONE',  ( 0.5000000000000000000, 1.500000000000000000, 0.8660254040000000500 ) ) ;
#2644 = CARTESIAN_POINT ( 'NONE',  ( -13.62983158499999800, 6.888301783000001100, -15.50000000000000000 ) ) ;
#2645 = CONTEXT_DEPENDENT_SHAPE_REPRESENTATION ( #6349, #2865 ) ;
#2646 = VERTEX_POINT ( 'NONE', #751 ) ;
#2647 = EDGE_CURVE ( 'NONE', #7446, #8929, #6727, .T. ) ;
#2648 = FACE_OUTER_BOUND ( 'NONE', #7741, .T. ) ;
#2649 = ORIENTED_EDGE ( 'NONE', *, *, #9504, .T. ) ;
#2650 = CARTESIAN_POINT ( 'NONE',  ( 2.999999999999999600, -2.289346095101362000, -0.5325303880869568500 ) ) ;
#2651 = DIRECTION ( 'NONE',  ( 0.0000000000000000000, -7.228014483236695800E-017, -1.000000000000000000 ) ) ;
#2652 = EDGE_CURVE ( 'NONE', #9113, #4439, #4234, .T. ) ;
#2653 = EDGE_LOOP ( 'NONE', ( #3081, #2708, #6866 ) ) ;
#2654 = APPROVAL_DATE_TIME ( #3386, #5832 ) ;
#2655 = DIRECTION ( 'NONE',  ( 0.0000000000000000000, 0.0000000000000000000, -1.000000000000000000 ) ) ;
#2656 = CC_DESIGN_APPROVAL ( #4762, ( #5434 ) ) ;
#2657 = CYLINDRICAL_SURFACE ( 'NONE', #8942, 9.300000000000000700 ) ;
#2658 = CARTESIAN_POINT ( 'NONE',  ( 20.99999999882131300, 6.276053402874433500, -0.9177746650116548300 ) ) ;
#2659 = VERTEX_POINT ( 'NONE', #791 ) ;
#2660 = DIRECTION ( 'NONE',  ( -1.000000000000000000, 0.0000000000000000000, 0.0000000000000000000 ) ) ;
#2661 = ORIENTED_EDGE ( 'NONE', *, *, #6562, .F. ) ;
#2662 = CARTESIAN_POINT ( 'NONE',  ( 9.230646701062605400, -4.500000000047208500, 6.614378277798602200 ) ) ;
#2663 = B_SPLINE_CURVE_WITH_KNOTS ( 'NONE', 3,
 ( #7175, #6419, #3151, #9420 ),
 .UNSPECIFIED., .F., .F.,
 ( 4, 4 ),
 ( 0.0000000000000000000, 0.004317054512517262000 ),
 .UNSPECIFIED. ) ;
#2664 = DIRECTION ( 'NONE',  ( -0.0000000000000000000, -1.000000000000000000, -0.0000000000000000000 ) ) ;
#2665 = VERTEX_POINT ( 'NONE', #4818 ) ;
#2666 = COORDINATED_UNIVERSAL_TIME_OFFSET ( 8, 0, .AHEAD. ) ;
#2667 = CARTESIAN_POINT ( 'NONE',  ( -19.98120532311008500, -6.999342993670624400, -0.1710109496952382500 ) ) ;
#2668 = CIRCLE ( 'NONE', #1627, 0.7500000000000006700 ) ;
#2669 = CARTESIAN_POINT ( 'NONE',  ( -1.300000000000000300, -1.000000000000000000, 8.396295449000000100 ) ) ;
#2670 = ORIENTED_EDGE ( 'NONE', *, *, #4424, .T. ) ;
#2671 = EDGE_CURVE ( 'NONE', #4346, #422, #2257, .T. ) ;
#2672 = AXIS2_PLACEMENT_3D ( 'NONE', #9931, #2929, #5253 ) ;
#2673 = CC_DESIGN_APPROVAL ( #5512, ( #1401 ) ) ;
#2674 = CARTESIAN_POINT ( 'NONE',  ( -9.948640993984359000, -4.698047317033923400, 4.500000000248598500 ) ) ;
#2675 = DIRECTION ( 'NONE',  ( -1.000000000000000000, 0.0000000000000000000, 0.0000000000000000000 ) ) ;
#2676 = DIRECTION ( 'NONE',  ( 0.0000000000000000000, -4.130293990420969400E-017, -1.000000000000000000 ) ) ;
#2677 = LINE ( 'NONE', #1619, #4888 ) ;
#2678 = ORIENTED_EDGE ( 'NONE', *, *, #4253, .F. ) ;
#2679 = PLANE ( 'NONE',  #1068 ) ;
#2680 = ORIENTED_EDGE ( 'NONE', *, *, #6977, .T. ) ;
#2681 = DATE_AND_TIME ( #430, #8991 ) ;
#2682 = CARTESIAN_POINT ( 'NONE',  ( 17.77788188205734000, -4.116663185237089600, 6.000000000000000000 ) ) ;
#2683 = VECTOR ( 'NONE', #6934, 1000.000000000000000 ) ;
#2684 = DIRECTION ( 'NONE',  ( 0.0000000000000000000, 0.0000000000000000000, -1.000000000000000000 ) ) ;
#2685 = DIRECTION ( 'NONE',  ( 0.0000000000000000000, 0.0000000000000000000, -1.000000000000000000 ) ) ;
#2686 = CYLINDRICAL_SURFACE ( 'NONE', #1479, 9.300000000000000700 ) ;
#2687 = ORIENTED_EDGE ( 'NONE', *, *, #6057, .T. ) ;
#2688 = CARTESIAN_POINT ( 'NONE',  ( 3.000000000000000400, -1.424884053264595000, -1.868831812797792100 ) ) ;
#2689 = APPROVAL_STATUS ( 'not_yet_approved' ) ;
#2690 = ORIENTED_EDGE ( 'NONE', *, *, #1047, .T. ) ;
#2691 = UNCERTAINTY_MEASURE_WITH_UNIT (LENGTH_MEASURE( 1.000000000000000100E-005 ), #5880, 'distance_accuracy_value', 'NONE');
#2692 = ADVANCED_FACE ( 'NONE', ( #6343 ), #75, .F. ) ;
#2693 = AXIS2_PLACEMENT_3D ( 'NONE', #4777, #7165, #31 ) ;
#2694 = CARTESIAN_POINT ( 'NONE',  ( 11.24143408394891000, -6.469963370119529600, -4.708762129474583200 ) ) ;
#2695 = CIRCLE ( 'NONE', #4862, 20.99999999999999600 ) ;
#2696 = ORIENTED_EDGE ( 'NONE', *, *, #4835, .T. ) ;
#2697 = CARTESIAN_POINT ( 'NONE',  ( -21.00000000000000000, -1.885666197003393700E-009, 0.0000000000000000000 ) ) ;
#2698 = CIRCLE ( 'NONE', #9489, 8.500000000000000000 ) ;
#2699 = EDGE_CURVE ( 'NONE', #5576, #6786, #515, .T. ) ;
#2700 = DIRECTION ( 'NONE',  ( 0.0000000000000000000, 0.0000000000000000000, 1.000000000000000000 ) ) ;
#2701 = CARTESIAN_POINT ( 'NONE',  ( -18.71737791945450600, 9.535012313497560400, 47.25000000000000000 ) ) ;
#2702 = CARTESIAN_POINT ( 'NONE',  ( 3.317073170647293800, -0.5000000000000000000, 7.826047889984708100 ) ) ;
#2703 = AXIS2_PLACEMENT_3D ( 'NONE', #4061, #974, #7181 ) ;
#2704 = CARTESIAN_POINT ( 'NONE',  ( 0.0000000000000000000, -3.216819899666628800E-042, 5.000000000000000000 ) ) ;
#2705 = VECTOR ( 'NONE', #3063, 1000.000000000000000 ) ;
#2706 = EDGE_LOOP ( 'NONE', ( #5573, #3364, #834, #7960, #2820, #7158, #190, #5627, #4011, #4858, #3766, #4405, #6017 ) ) ;
#2707 = AXIS2_PLACEMENT_3D ( 'NONE', #3429, #4263, #9806 ) ;
#2708 = ORIENTED_EDGE ( 'NONE', *, *, #1217, .T. ) ;
#2709 = EDGE_CURVE ( 'NONE', #9082, #9936, #5977, .T. ) ;
#2710 = DIRECTION ( 'NONE',  ( 1.000000000000000000, 0.0000000000000000000, 0.0000000000000000000 ) ) ;
#2711 = CARTESIAN_POINT ( 'NONE',  ( 1.499999999461332400, 3.708099243765733600, 28.00000000000000000 ) ) ;
#2712 = ORIENTED_EDGE ( 'NONE', *, *, #9763, .T. ) ;
#2713 = CIRCLE ( 'NONE', #286, 2.500000000000000000 ) ;
#2714 = CARTESIAN_POINT ( 'NONE',  ( -1.500000000554838600, 3.708099243323388800, 17.00000000000000000 ) ) ;
#2715 = ORIENTED_EDGE ( 'NONE', *, *, #9887, .F. ) ;
#2716 = ORIENTED_EDGE ( 'NONE', *, *, #2647, .F. ) ;
#2717 = FACE_BOUND ( 'NONE', #2295, .T. ) ;
#2718 = EDGE_CURVE ( 'NONE', #2646, #326, #9550, .T. ) ;
#2719 = VERTEX_POINT ( 'NONE', #7243 ) ;
#2720 = LINE ( 'NONE', #3755, #4567 ) ;
#2721 = CC_DESIGN_APPROVAL ( #4630, ( #6949 ) ) ;
#2722 = CARTESIAN_POINT ( 'NONE',  ( 2.999999999999999600, -2.095567787262407700, -1.063786320896286600 ) ) ;
#2723 = CARTESIAN_POINT ( 'NONE',  ( -10.52083216145723000, -3.216793457128785500, 4.218584156160110500 ) ) ;
#2724 = DIRECTION ( 'NONE',  ( 0.0000000000000000000, 0.0000000000000000000, 1.000000000000000000 ) ) ;
#2725 = CARTESIAN_POINT ( 'NONE',  ( -1.300000000000000300, 0.0000000000000000000, 8.096295448999999400 ) ) ;
#2726 = FACE_OUTER_BOUND ( 'NONE', #6135, .T. ) ;
#2727 = EDGE_LOOP ( 'NONE', ( #7940, #7109, #6992, #1483 ) ) ;
#2728 = LINE ( 'NONE', #2346, #9787 ) ;
#2729 = EDGE_CURVE ( 'NONE', #1934, #9956, #8694, .T. ) ;
#2730 = DIRECTION ( 'NONE',  ( 1.000000000000000000, 0.0000000000000000000, 0.0000000000000000000 ) ) ;
#2731 = CC_DESIGN_PERSON_AND_ORGANIZATION_ASSIGNMENT ( #6219, #4085, ( #9619 ) ) ;
#2732 = B_SPLINE_CURVE_WITH_KNOTS ( 'NONE', 3,
 ( #1111, #2482, #1163, #1225, #7002, #7512 ),
 .UNSPECIFIED., .F., .F.,
 ( 4, 2, 4 ),
 ( 3.948694799325231900E-011, 0.0006063020349179660600, 0.001212604030348984100 ),
 .UNSPECIFIED. ) ;
#2733 = DIRECTION ( 'NONE',  ( 0.0000000000000000000, -9.912705577010318600E-016, 1.000000000000000000 ) ) ;
#2734 = CYLINDRICAL_SURFACE ( 'NONE', #7058, 3.000000000000002700 ) ;
#2735 = DIRECTION ( 'NONE',  ( -1.000000000000000000, 0.0000000000000000000, 0.0000000000000000000 ) ) ;
#2736 = ORIENTED_EDGE ( 'NONE', *, *, #9732, .F. ) ;
#2737 = DIRECTION ( 'NONE',  ( -0.0000000000000000000, -0.0000000000000000000, 1.000000000000000000 ) ) ;
#2738 = ADVANCED_FACE ( 'NONE', ( #148 ), #8076, .F. ) ;
#2739 = CARTESIAN_POINT ( 'NONE',  ( -12.74672861473192900, -16.68894573229059100, -7.849036452324918800E-010 ) ) ;
#2740 = ORIENTED_EDGE ( 'NONE', *, *, #1753, .F. ) ;
#2741 = DIRECTION ( 'NONE',  ( 0.0000000000000000000, 0.8660254037305482600, -0.5000000000933407800 ) ) ;
#2742 = CARTESIAN_POINT ( 'NONE',  ( 1.197689006213927200, 3.819124662947198000, 28.92360933272461300 ) ) ;
#2743 = VECTOR ( 'NONE', #1439, 1000.000000000000000 ) ;
#2744 = DIRECTION ( 'NONE',  ( 0.0000000000000000000, 1.000000000000000000, -2.168404344971008900E-016 ) ) ;
#2745 = VERTEX_POINT ( 'NONE', #6928 ) ;
#2746 = AXIS2_PLACEMENT_3D ( 'NONE', #6880, #7639, #8478 ) ;
#2747 = VERTEX_POINT ( 'NONE', #6755 ) ;
#2748 = EDGE_CURVE ( 'NONE', #81, #7346, #5349, .T. ) ;
#2749 = AXIS2_PLACEMENT_3D ( 'NONE', #766, #4764, #4702 ) ;
#2750 = ORIENTED_EDGE ( 'NONE', *, *, #4752, .F. ) ;
#2751 = ADVANCED_FACE ( 'NONE', ( #10180, #8327 ), #6721, .F. ) ;
#2752 = CARTESIAN_POINT ( 'NONE',  ( 3.000000000000000400, -1.828189141685338200, -1.476732590726571100 ) ) ;
#2753 = VECTOR ( 'NONE', #1767, 1000.000000000000000 ) ;
#2754 = CONTEXT_DEPENDENT_SHAPE_REPRESENTATION ( #6588, #4353 ) ;
#2755 = ORIENTED_EDGE ( 'NONE', *, *, #4743, .T. ) ;
#2756 = ORIENTED_EDGE ( 'NONE', *, *, #3712, .T. ) ;
#2757 = CARTESIAN_POINT ( 'NONE',  ( 2.332238092999999100, -1.000000000000000000, 6.626889377999998700 ) ) ;
#2758 = CARTESIAN_POINT ( 'NONE',  ( 10.50000000000000000, 1.285879139104720800E-015, 4.500000000000000900 ) ) ;
#2759 = EDGE_CURVE ( 'NONE', #1492, #4497, #8451, .T. ) ;
#2760 = VERTEX_POINT ( 'NONE', #9007 ) ;
#2761 = LINE ( 'NONE', #1270, #630 ) ;
#2762 = APPROVAL_DATE_TIME ( #520, #2195 ) ;
#2763 = AXIS2_PLACEMENT_3D ( 'NONE', #7511, #4352, #406 ) ;
#2764 = EDGE_LOOP ( 'NONE', ( #7612, #1523, #93, #2098, #2219, #8684, #2792, #6357 ) ) ;
#2765 = DIRECTION ( 'NONE',  ( -1.000000000000000000, 0.0000000000000000000, 0.0000000000000000000 ) ) ;
#2766 = DIRECTION ( 'NONE',  ( 0.0000000000000000000, 0.0000000000000000000, 1.000000000000000000 ) ) ;
#2767 = VECTOR ( 'NONE', #8567, 1000.000000000000000 ) ;
#2768 = DIRECTION ( 'NONE',  ( -0.3826834307322703500, -0.9238795331876226100, 0.0000000000000000000 ) ) ;
#2769 = ORIENTED_EDGE ( 'NONE', *, *, #3021, .F. ) ;
#2770 = DIRECTION ( 'NONE',  ( 1.000000000000000000, 0.0000000000000000000, 0.0000000000000000000 ) ) ;
#2771 = VERTEX_POINT ( 'NONE', #1178 ) ;
#2772 = ADVANCED_FACE ( 'NONE', ( #6221 ), #5729, .F. ) ;
#2773 = CARTESIAN_POINT ( 'NONE',  ( 9.300000000000000700, 1.138921523207038600E-015, 0.2000000000000000100 ) ) ;
#2774 = ITEM_DEFINED_TRANSFORMATION ( 'NONE', 'NONE', #5174,  #2234 ) ;
#2775 = FACE_OUTER_BOUND ( 'NONE', #3505, .T. ) ;
#2776 = CARTESIAN_POINT ( 'NONE',  ( 6.299999999999999800, 0.0000000000000000000, 0.0000000000000000000 ) ) ;
#2777 = CARTESIAN_POINT ( 'NONE',  ( 3.499999998507304300, -1.000000000000000000, 1.178085123999999700 ) ) ;
#2778 = AXIS2_PLACEMENT_3D ( 'NONE', #8284, #9019, #359 ) ;
#2779 = EDGE_LOOP ( 'NONE', ( #8438, #7603, #2162, #3914 ) ) ;
#2780 = DIRECTION ( 'NONE',  ( -0.0000000000000000000, 1.084202172485504400E-016, 1.000000000000000000 ) ) ;
#2781 = ORIENTED_EDGE ( 'NONE', *, *, #3737, .T. ) ;
#2782 = APPROVAL_DATE_TIME ( #9712, #4907 ) ;
#2783 = CONICAL_SURFACE ( 'NONE', #6822, 1.600000000000000800, 0.7853981633974472800 ) ;
#2784 = ORIENTED_EDGE ( 'NONE', *, *, #2635, .F. ) ;
#2785 = EDGE_CURVE ( 'NONE', #7100, #4346, #9693, .T. ) ;
#2786 = ADVANCED_FACE ( 'NONE', ( #3615 ), #4480, .F. ) ;
#2787 = CARTESIAN_POINT ( 'NONE',  ( 3.847278207000000000, 13.58950742000000000, 6.000000000000000000 ) ) ;
#2788 = ORIENTED_EDGE ( 'NONE', *, *, #8782, .T. ) ;
#2790 = LINE ( 'NONE', #234, #903 ) ;
#2789 = CC_DESIGN_PERSON_AND_ORGANIZATION_ASSIGNMENT ( #8095, #4618, ( #2248 ) ) ;
#2791 = CARTESIAN_POINT ( 'NONE',  ( 1.959434878635765100E-015, -16.00000000000000000, 8.500000000000000000 ) ) ;
#2792 = ORIENTED_EDGE ( 'NONE', *, *, #4469, .T. ) ;
#2793 = ADVANCED_FACE ( 'NONE', ( #6840 ), #2679, .F. ) ;
#2794 = EDGE_LOOP ( 'NONE', ( #8471, #2059, #6555, #3941 ) ) ;
#2795 = DATE_AND_TIME ( #3535, #3147 ) ;
#2796 = CIRCLE ( 'NONE', #6010, 3.000000000000002700 ) ;
#2797 = ORIENTED_EDGE ( 'NONE', *, *, #1260, .F. ) ;
#2798 = DIRECTION ( 'NONE',  ( 0.0000000000000000000, 1.000000000000000000, 0.0000000000000000000 ) ) ;
#2799 =( NAMED_UNIT ( * ) SI_UNIT ( $, .STERADIAN. ) SOLID_ANGLE_UNIT ( ) );
#2800 = B_SPLINE_CURVE_WITH_KNOTS ( 'NONE', 3,
 ( #8950, #3291, #1081, #8838, #1824, #4125, #4089, #7281, #5829, #9635, #4965, #4201, #1007, #4897, #5730, #7360, #185, #255, #149, #4998, #3403, #8985 ),
 .UNSPECIFIED., .F., .F.,
 ( 4, 2, 2, 2, 2, 2, 2, 2, 2, 2, 4 ),
 ( 0.004787868380382139700, 0.005572548305597676600, 0.005964888268205445500, 0.006357228230813213500, 0.007141908156028751300, 0.007926588081244290800, 0.008318928043852058900, 0.008711268006459828600, 0.009495947931675366400, 0.01028062785689090200, 0.01106530778210644200 ),
 .UNSPECIFIED. ) ;
#2801 = CARTESIAN_POINT ( 'NONE',  ( 21.00000000000000000, 16.97056274799999900, -20.00000000000000000 ) ) ;
#2802 = DIRECTION ( 'NONE',  ( -0.0000000000000000000, -0.0000000000000000000, -1.000000000000000000 ) ) ;
#2803 = CIRCLE ( 'NONE', #6292, 1.000000000000000000 ) ;
#2804 = VERTEX_POINT ( 'NONE', #8305 ) ;
#2805 = ADVANCED_FACE ( 'NONE', ( #5476 ), #2638, .T. ) ;
#2806 = CARTESIAN_POINT ( 'NONE',  ( 0.0000000000000000000, -5.629434824416597700E-042, 5.000000000000000000 ) ) ;
#2807 = DIRECTION ( 'NONE',  ( 0.0000000000000000000, 1.000000000000000000, 0.0000000000000000000 ) ) ;
#2808 = FACE_OUTER_BOUND ( 'NONE', #313, .T. ) ;
#2809 = AXIS2_PLACEMENT_3D ( 'NONE', #7253, #8711, #827 ) ;
#2810 = EDGE_CURVE ( 'NONE', #949, #7725, #9433, .T. ) ;
#2811 = CARTESIAN_POINT ( 'NONE',  ( 1.959434878635765100E-015, -16.00000000000000000, 10.00000000000000200 ) ) ;
#2812 = CARTESIAN_POINT ( 'NONE',  ( -18.79929902743132800, -12.99751941067975700, -1.845331298140695500 ) ) ;
#2813 = LINE ( 'NONE', #9877, #6277 ) ;
#2814 = ORIENTED_EDGE ( 'NONE', *, *, #416, .F. ) ;
#2815 = CARTESIAN_POINT ( 'NONE',  ( 16.68894573296264400, 12.74672861502274800, -7.477593950925981200E-010 ) ) ;
#2816 = ORIENTED_EDGE ( 'NONE', *, *, #6945, .F. ) ;
#2817 = EDGE_CURVE ( 'NONE', #1934, #1793, #3362, .T. ) ;
#2818 = AXIS2_PLACEMENT_3D ( 'NONE', #2027, #3515, #6705 ) ;
#2819 = DIRECTION ( 'NONE',  ( 0.0000000000000000000, 0.0000000000000000000, 1.000000000000000000 ) ) ;
#2820 = ORIENTED_EDGE ( 'NONE', *, *, #10264, .F. ) ;
#2821 = CIRCLE ( 'NONE', #9169, 11.00000000000000000 ) ;
#2822 = AXIS2_PLACEMENT_3D ( 'NONE', #3407, #5004, #9673 ) ;
#2823 = CARTESIAN_POINT ( 'NONE',  ( 10.18237624717394300, -5.572689816716677000, -5.739850983752696800 ) ) ;
#2824 = ORIENTED_EDGE ( 'NONE', *, *, #6804, .T. ) ;
#2825 = CIRCLE ( 'NONE', #4809, 21.00000000000000000 ) ;
#2826 = ORIENTED_EDGE ( 'NONE', *, *, #2609, .F. ) ;
#2827 = EDGE_CURVE ( 'NONE', #3017, #10182, #5236, .T. ) ;
#2828 = CARTESIAN_POINT ( 'NONE',  ( 4.700000000000000200, 5.755839955992559700E-016, 12.40000000000000200 ) ) ;
#2829 = APPLICATION_CONTEXT ( 'configuration controlled 3d designs of mechanical parts and assemblies' ) ;
#2830 = ORIENTED_EDGE ( 'NONE', *, *, #2966, .F. ) ;
#2831 = CARTESIAN_POINT ( 'NONE',  ( 12.49999999984235500, -0.6000000000000000900, 2.939387691178918500 ) ) ;
#2832 = CARTESIAN_POINT ( 'NONE',  ( 0.0000000000000000000, 0.0000000000000000000, 2.649999999999999900 ) ) ;
#2833 = VERTEX_POINT ( 'NONE', #5856 ) ;
#2834 = CIRCLE ( 'NONE', #565, 1.000000000000000000 ) ;
#2835 = CARTESIAN_POINT ( 'NONE',  ( 10.00000000000000000, 3.849999999999999600, -4.500000000000000900 ) ) ;
#2836 = ORIENTED_EDGE ( 'NONE', *, *, #1128, .F. ) ;
#2837 = EDGE_CURVE ( 'NONE', #8474, #5793, #7341, .T. ) ;
#2838 = LINE ( 'NONE', #4669, #707 ) ;
#2839 = CARTESIAN_POINT ( 'NONE',  ( 17.67696888200000400, -10.99751941100000100, -15.00000000000000000 ) ) ;
#2840 = VERTEX_POINT ( 'NONE', #4359 ) ;
#2841 = CYLINDRICAL_SURFACE ( 'NONE', #4542, 1.600000000000000800 ) ;
#2842 = CARTESIAN_POINT ( 'NONE',  ( 7.704543087452085700, 6.072373064074259500, -5.210382248601988800 ) ) ;
#2843 = DIRECTION ( 'NONE',  ( 0.0000000000000000000, 0.0000000000000000000, 1.000000000000000000 ) ) ;
#2844 = EDGE_CURVE ( 'NONE', #2173, #8869, #3075, .T. ) ;
#2845 = CC_DESIGN_APPROVAL ( #8882, ( #5558 ) ) ;
#2846 = LINE ( 'NONE', #1393, #4701 ) ;
#2847 = DIRECTION ( 'NONE',  ( 0.0000000000000000000, 0.0000000000000000000, 1.000000000000000000 ) ) ;
#2848 = ADVANCED_FACE ( 'NONE', ( #3493 ), #6594, .T. ) ;
#2849 = ORIENTED_EDGE ( 'NONE', *, *, #6804, .F. ) ;
#2850 = CARTESIAN_POINT ( 'NONE',  ( 10.00000000000000000, -3.849999999999999600, 4.500000000000000900 ) ) ;
#2851 = CARTESIAN_POINT ( 'NONE',  ( -19.76404093444092800, -7.098076214140235200, 0.0000000000000000000 ) ) ;
#2852 = CARTESIAN_POINT ( 'NONE',  ( 0.0000000000000000000, 0.0000000000000000000, 0.0000000000000000000 ) ) ;
#2853 = CARTESIAN_POINT ( 'NONE',  ( 7.500000001000000100, 0.6000000000000000900, 7.977468270035824800 ) ) ;
#2854 = CIRCLE ( 'NONE', #9045, 1.650000000000002100 ) ;
#2855 = ORIENTED_EDGE ( 'NONE', *, *, #248, .F. ) ;
#2856 = DIRECTION ( 'NONE',  ( -0.0000000000000000000, -0.0000000000000000000, 1.000000000000000000 ) ) ;
#2857 = EDGE_CURVE ( 'NONE', #3844, #3550, #4366, .T. ) ;
#2858 = CARTESIAN_POINT ( 'NONE',  ( 0.0000000000000000000, 0.0000000000000000000, 12.00000000000000000 ) ) ;
#2859 = PERSON_AND_ORGANIZATION_ROLE ( 'classification_officer' ) ;
#2860 = CC_DESIGN_DATE_AND_TIME_ASSIGNMENT ( #6206, #2614, ( #1401 ) ) ;
#2861 = CARTESIAN_POINT ( 'NONE',  ( -15.02983158500000400, 6.888301783000001100, 8.500000000000000000 ) ) ;
#2862 = DIRECTION ( 'NONE',  ( 0.0000000000000000000, -1.000000000000000000, 0.0000000000000000000 ) ) ;
#2863 = ORIENTED_EDGE ( 'NONE', *, *, #6870, .T. ) ;
#2864 = CARTESIAN_POINT ( 'NONE',  ( -12.79999998727530300, 16.80766965690381900, -0.1267072439093802600 ) ) ;
#2865 = PRODUCT_DEFINITION_SHAPE ( 'NONE', 'NONE',  #10275 ) ;
#2866 = VECTOR ( 'NONE', #2902, 1000.000000000000000 ) ;
#2867 = ORIENTED_EDGE ( 'NONE', *, *, #7264, .F. ) ;
#2868 = ORIENTED_EDGE ( 'NONE', *, *, #6528, .F. ) ;
#2869 = CARTESIAN_POINT ( 'NONE',  ( 2.700000000156462600, -6.454348516475174500E-010, -2.650000000289400900 ) ) ;
#2870 = VERTEX_POINT ( 'NONE', #5299 ) ;
#2871 = CARTESIAN_POINT ( 'NONE',  ( 0.0000000000000000000, 0.0000000000000000000, 31.50000000000000000 ) ) ;
#2872 = CARTESIAN_POINT ( 'NONE',  ( 7.585844693782816800, 6.627530555974137100, -4.491033446926754100 ) ) ;
#2873 = AXIS2_PLACEMENT_3D ( 'NONE', #4354, #8300, #1102 ) ;
#2874 = EDGE_CURVE ( 'NONE', #6860, #3132, #2375, .T. ) ;
#2875 = DIRECTION ( 'NONE',  ( 1.776356839400250500E-015, 1.000000000000000000, -8.260587980841938800E-017 ) ) ;
#2876 = VECTOR ( 'NONE', #2083, 1000.000000000000000 ) ;
#2877 = LOCAL_TIME ( 15, 11, 14.00000000000000000, #9193 ) ;
#2878 = ORIENTED_EDGE ( 'NONE', *, *, #6199, .T. ) ;
#2879 = LINE ( 'NONE', #8643, #3979 ) ;
#2880 = ORIENTED_EDGE ( 'NONE', *, *, #34, .F. ) ;
#2881 = AXIS2_PLACEMENT_3D ( 'NONE', #7827, #4081, #9518 ) ;
#2882 = CARTESIAN_POINT ( 'NONE',  ( -12.99999999662976400, 21.00000000000000000, -15.00000000431999700 ) ) ;
#2883 = DIRECTION ( 'NONE',  ( 1.000000000000000000, 0.0000000000000000000, 0.0000000000000000000 ) ) ;
#2884 = ORIENTED_EDGE ( 'NONE', *, *, #8378, .T. ) ;
#2885 = DIRECTION ( 'NONE',  ( -1.000000000000000000, 0.0000000000000000000, 0.0000000000000000000 ) ) ;
#2886 = EDGE_CURVE ( 'NONE', #3570, #4394, #3108, .T. ) ;
#2887 = APPROVAL_DATE_TIME ( #4609, #4175 ) ;
#2888 = CARTESIAN_POINT ( 'NONE',  ( -11.13200000000000000, -11.13200000000000000, 11.19999999999999900 ) ) ;
#2889 = ORIENTED_EDGE ( 'NONE', *, *, #939, .F. ) ;
#2890 = CYLINDRICAL_SURFACE ( 'NONE', #2608, 7.200000000000001100 ) ;
#2891 = CARTESIAN_POINT ( 'NONE',  ( 12.49999999999997900, 0.6000000000000000900, -2.939387691339790700 ) ) ;
#2892 = EDGE_CURVE ( 'NONE', #3422, #3203, #7462, .T. ) ;
#2893 = ORIENTED_EDGE ( 'NONE', *, *, #2119, .F. ) ;
#2894 = CARTESIAN_POINT ( 'NONE',  ( 20.97188735230645000, 1.938014982924042100, -0.06123710949739472100 ) ) ;
#2895 = PERSON_AND_ORGANIZATION_ROLE ( 'creator' ) ;
#2896 = CARTESIAN_POINT ( 'NONE',  ( 15.50000000000000000, -15.50000000000000000, -20.00000000000000000 ) ) ;
#2897 = DIRECTION ( 'NONE',  ( 0.0000000000000000000, 0.0000000000000000000, -1.000000000000000000 ) ) ;
#2898 = ORIENTED_EDGE ( 'NONE', *, *, #4295, .T. ) ;
#2899 = CALENDAR_DATE ( 2023, 10, 1 ) ;
#2900 = CIRCLE ( 'NONE', #3985, 7.200000000000001100 ) ;
#2901 = ADVANCED_FACE ( 'NONE', ( #2140 ), #9197, .T. ) ;
#2902 = DIRECTION ( 'NONE',  ( 0.0000000000000000000, 0.0000000000000000000, -1.000000000000000000 ) ) ;
#2903 = VERTEX_POINT ( 'NONE', #507 ) ;
#2904 = ORIENTED_EDGE ( 'NONE', *, *, #9207, .F. ) ;
#2905 = EDGE_CURVE ( 'NONE', #3994, #6751, #3855, .T. ) ;
#2906 = ORIENTED_EDGE ( 'NONE', *, *, #2436, .F. ) ;
#2907 = PERSON_AND_ORGANIZATION ( #9162, #4154 ) ;
#2908 = CARTESIAN_POINT ( 'NONE',  ( 12.00000000010293800, -0.6000000001706422600, 2.426932219966169100 ) ) ;
#2909 = AXIS2_PLACEMENT_3D ( 'NONE', #5679, #8790, #6479 ) ;
#2910 = CONICAL_SURFACE ( 'NONE', #1234, 21.00000000000000000, 0.7853981633974485000 ) ;
#2911 = AXIS2_PLACEMENT_3D ( 'NONE', #9181, #1288, #4406 ) ;
#2912 = CARTESIAN_POINT ( 'NONE',  ( 9.690500500480325700, 7.715382440105350300, -2.115135209018647700 ) ) ;
#2913 = ORIENTED_EDGE ( 'NONE', *, *, #1898, .F. ) ;
#2914 = DIRECTION ( 'NONE',  ( -0.0000000000000000000, 0.0000000000000000000, -1.000000000000000000 ) ) ;
#2915 = DIRECTION ( 'NONE',  ( -1.000000000000000000, 0.0000000000000000000, 0.0000000000000000000 ) ) ;
#2916 = ORIENTED_EDGE ( 'NONE', *, *, #60, .F. ) ;
#2917 = EDGE_LOOP ( 'NONE', ( #53, #7952, #7971, #1169 ) ) ;
#2918 = PERSON_AND_ORGANIZATION ( #9162, #4154 ) ;
#2919 = DIRECTION ( 'NONE',  ( 1.000000000000000000, 0.0000000000000000000, 0.0000000000000000000 ) ) ;
#2920 = FACE_OUTER_BOUND ( 'NONE', #2952, .T. ) ;
#2921 = EDGE_CURVE ( 'NONE', #8376, #6049, #1635, .T. ) ;
#2922 = CC_DESIGN_PERSON_AND_ORGANIZATION_ASSIGNMENT ( #5484, #1641, ( #400 ) ) ;
#2923 = CYLINDRICAL_SURFACE ( 'NONE', #2051, 1.500000000000001300 ) ;
#2924 = ORIENTED_EDGE ( 'NONE', *, *, #2264, .F. ) ;
#2925 = ORIENTED_EDGE ( 'NONE', *, *, #570, .T. ) ;
#2926 = DIRECTION ( 'NONE',  ( -0.0000000000000000000, -0.0000000000000000000, 1.000000000000000000 ) ) ;
#2927 = DIRECTION ( 'NONE',  ( 1.000000000000000000, 0.0000000000000000000, 0.0000000000000000000 ) ) ;
#2928 = DIRECTION ( 'NONE',  ( -1.000000000000000000, 0.0000000000000000000, 0.0000000000000000000 ) ) ;
#2929 = DIRECTION ( 'NONE',  ( 0.0000000000000000000, 0.0000000000000000000, -1.000000000000000000 ) ) ;
#2930 = CARTESIAN_POINT ( 'NONE',  ( 0.0000000000000000000, -17.50000000000000000, 0.0000000000000000000 ) ) ;
#2931 = CARTESIAN_POINT ( 'NONE',  ( 15.50000000000000000, 15.50000000000000000, -20.00000000000000000 ) ) ;
#2932 = FACE_OUTER_BOUND ( 'NONE', #2199, .T. ) ;
#2933 = ORIENTED_EDGE ( 'NONE', *, *, #6453, .F. ) ;
#2934 = ORIENTED_EDGE ( 'NONE', *, *, #139, .T. ) ;
#2935 = EDGE_CURVE ( 'NONE', #3550, #6246, #1384, .T. ) ;
#2936 = FACE_OUTER_BOUND ( 'NONE', #1374, .T. ) ;
#2937 = CARTESIAN_POINT ( 'NONE',  ( -4.500000000000000900, 0.0000000000000000000, 5.039138622000000300 ) ) ;
#2938 = AXIS2_PLACEMENT_3D ( 'NONE', #236, #465, #6741 ) ;
#2939 = PLANE ( 'NONE',  #7353 ) ;
#2940 = PLANE ( 'NONE',  #8397 ) ;
#2941 = CIRCLE ( 'NONE', #4529, 27.00000000000000000 ) ;
#2942 = DIRECTION ( 'NONE',  ( 0.0000000000000000000, 0.0000000000000000000, -1.000000000000000000 ) ) ;
#2943 = ORIENTED_EDGE ( 'NONE', *, *, #7063, .F. ) ;
#2944 = CARTESIAN_POINT ( 'NONE',  ( 6.000000000000000000, 7.347880794884119700E-016, -6.000000000000000000 ) ) ;
#2945 = ORIENTED_EDGE ( 'NONE', *, *, #4595, .T. ) ;
#2946 = PLANE ( 'NONE',  #7699 ) ;
#2947 = ADVANCED_FACE ( 'NONE', ( #13 ), #4984, .F. ) ;
#2948 = EDGE_CURVE ( 'NONE', #4078, #7593, #4110, .T. ) ;
#2949 = DIRECTION ( 'NONE',  ( -1.000000000000000000, 0.0000000000000000000, 0.0000000000000000000 ) ) ;
#2950 = VERTEX_POINT ( 'NONE', #7640 ) ;
#2951 = CYLINDRICAL_SURFACE ( 'NONE', #6614, 1.599999999999997200 ) ;
#2952 = EDGE_LOOP ( 'NONE', ( #1462, #3265, #925, #3574, #9731, #3576 ) ) ;
#2953 = CARTESIAN_POINT ( 'NONE',  ( -19.74683443651670300, -7.146156046222376500, 2.919476545415136600 ) ) ;
#2954 = VERTEX_POINT ( 'NONE', #9267 ) ;
#2955 = CARTESIAN_POINT ( 'NONE',  ( 2.153584602315739000E-009, 21.00000000000000000, 0.0000000000000000000 ) ) ;
#2957 = CARTESIAN_POINT ( 'NONE',  ( 0.0000000000000000000, -1.000000000000000000, 0.0000000000000000000 ) ) ;
#2956 = VECTOR ( 'NONE', #4157, 1000.000000000000000 ) ;
#2958 = VERTEX_POINT ( 'NONE', #576 ) ;
#2959 = VECTOR ( 'NONE', #3884, 1000.000000000000000 ) ;
#2960 = CARTESIAN_POINT ( 'NONE',  ( 10.00000000000000000, -0.5999999999999998700, -4.500000000000000900 ) ) ;
#2961 = APPROVAL_ROLE ( '' ) ;
#2962 = FACE_OUTER_BOUND ( 'NONE', #2653, .T. ) ;
#2963 = EDGE_LOOP ( 'NONE', ( #1239, #8367, #2943, #6659 ) ) ;
#2964 = CIRCLE ( 'NONE', #9721, 16.00000000000000000 ) ;
#2965 = AXIS2_PLACEMENT_3D ( 'NONE', #4761, #15, #6265 ) ;
#2966 = EDGE_CURVE ( 'NONE', #9407, #8707, #6095, .T. ) ;
#2967 = LINE ( 'NONE', #9282, #9285 ) ;
#2968 = ORIENTED_EDGE ( 'NONE', *, *, #7528, .T. ) ;
#2969 = DIRECTION ( 'NONE',  ( 0.0000000000000000000, 0.0000000000000000000, 1.000000000000000000 ) ) ;
#2970 = CARTESIAN_POINT ( 'NONE',  ( -21.00000000000000000, -1.885666197003393700E-009, 0.0000000000000000000 ) ) ;
#2971 = EDGE_CURVE ( 'NONE', #6336, #5653, #1004, .T. ) ;
#2972 = ORIENTED_EDGE ( 'NONE', *, *, #1696, .F. ) ;
#2973 = CC_DESIGN_PERSON_AND_ORGANIZATION_ASSIGNMENT ( #2907, #1466, ( #5434 ) ) ;
#2974 = CARTESIAN_POINT ( 'NONE',  ( -6.888301783000001100, -16.62983158500000200, 8.500000000000000000 ) ) ;
#2975 = CIRCLE ( 'NONE', #415, 1.650000000000000100 ) ;
#2976 = ORIENTED_EDGE ( 'NONE', *, *, #6320, .F. ) ;
#2977 = CARTESIAN_POINT ( 'NONE',  ( 6.500000000000000900, -0.6000000000000000900, 5.202200245000000200 ) ) ;
#2978 = CARTESIAN_POINT ( 'NONE',  ( -6.888301783000001100, -16.62983158500000200, -15.50000000000000000 ) ) ;
#2979 = ORIENTED_EDGE ( 'NONE', *, *, #2699, .F. ) ;
#2980 = DIRECTION ( 'NONE',  ( -1.000000000000000000, 1.156482317317871700E-015, 0.0000000000000000000 ) ) ;
#2981 = VECTOR ( 'NONE', #5220, 1000.000000000000000 ) ;
#2982 =( BOUNDED_SURFACE ( )  B_SPLINE_SURFACE ( 3, 3, ( 
 ( #9755, #5800, #1087, #9821 ),
 ( #1055, #1863, #9788, #298 ),
 ( #6600, #6640, #8993, #5045 ),
 ( #7438, #5081, #5876, #1126 ) ),
 .UNSPECIFIED., .F., .F., .F. ) 
 B_SPLINE_SURFACE_WITH_KNOTS ( ( 4, 4 ),
 ( 4, 4 ),
 ( 0.0000000000000000000, 1.000000000000000000 ),
 ( 0.0000000000000000000, 1.000000000000000000 ),
 .UNSPECIFIED. ) 
 GEOMETRIC_REPRESENTATION_ITEM ( )  RATIONAL_B_SPLINE_SURFACE ( (
 ( 1.000000000000000000, 0.3333333333333330400, 0.3333333333333330400, 1.000000000000000000),
 ( 0.7553208711179720800, 0.2517736237059909900, 0.2517736237059909900, 0.7553208711179720800),
 ( 0.7553208711179720800, 0.2517736237059909900, 0.2517736237059909900, 0.7553208711179720800),
 ( 1.000000000000000000, 0.3333333333333330400, 0.3333333333333330400, 1.000000000000000000) ) ) 
 REPRESENTATION_ITEM ( '' )  SURFACE ( )  );
#2983 = AXIS2_PLACEMENT_3D ( 'NONE', #2776, #2710, #9106 ) ;
#2984 = DATE_AND_TIME ( #1002, #21 ) ;
#2985 = ORIENTED_EDGE ( 'NONE', *, *, #2308, .F. ) ;
#2986 = CARTESIAN_POINT ( 'NONE',  ( 7.200000000000001100, 8.817456953860944300E-016, 0.2000000000000000100 ) ) ;
#2987 = PERSON_AND_ORGANIZATION_ROLE ( 'design_supplier' ) ;
#2988 = FACE_OUTER_BOUND ( 'NONE', #10173, .T. ) ;
#2989 = CARTESIAN_POINT ( 'NONE',  ( -21.00000000000000000, -4.500000000000000900, 1.500000000000000000 ) ) ;
#2990 = ORIENTED_EDGE ( 'NONE', *, *, #1280, .F. ) ;
#2991 = CARTESIAN_POINT ( 'NONE',  ( 12.35548558207517700, -6.951045282856367400, 3.971800946641138800 ) ) ;
#2992 = ADVANCED_FACE ( 'NONE', ( #7695 ), #745, .F. ) ;
#2993 = DIRECTION ( 'NONE',  ( 0.0000000000000000000, -9.912705577010312700E-016, 1.000000000000000000 ) ) ;
#2994 = ORIENTED_EDGE ( 'NONE', *, *, #4489, .F. ) ;
#2995 = VECTOR ( 'NONE', #9905, 1000.000000000000000 ) ;
#2996 = COORDINATED_UNIVERSAL_TIME_OFFSET ( 8, 0, .AHEAD. ) ;
#2997 = VERTEX_POINT ( 'NONE', #10101 ) ;
#2998 = CIRCLE ( 'NONE', #205, 0.2999999999999999300 ) ;
#2999 = ORIENTED_EDGE ( 'NONE', *, *, #5736, .F. ) ;
#3000 = EDGE_CURVE ( 'NONE', #9210, #5653, #8207, .T. ) ;
#3001 = AXIS2_PLACEMENT_3D ( 'NONE', #587, #521, #6141 ) ;
#3002 = ORIENTED_EDGE ( 'NONE', *, *, #8303, .T. ) ;
#3003 = DIRECTION ( 'NONE',  ( 1.000000000000000000, 0.0000000000000000000, 0.0000000000000000000 ) ) ;
#3004 = DIRECTION ( 'NONE',  ( -1.000000000000000000, 0.0000000000000000000, 0.0000000000000000000 ) ) ;
#3005 = LOCAL_TIME ( 15, 11, 14.00000000000000000, #5371 ) ;
#3006 = AXIS2_PLACEMENT_3D ( 'NONE', #417, #7488, #5991 ) ;
#3007 = CYLINDRICAL_SURFACE ( 'NONE', #4160, 2.000000000000001800 ) ;
#3008 = CARTESIAN_POINT ( 'NONE',  ( 5.755954265999998000, 0.0000000000000000000, -12.08025040299999900 ) ) ;
#3009 = ORIENTED_EDGE ( 'NONE', *, *, #6576, .F. ) ;
#3010 = EDGE_CURVE ( 'NONE', #6025, #586, #3944, .T. ) ;
#3011 = CARTESIAN_POINT ( 'NONE',  ( -21.00000000000000000, -16.97056274799999900, -9.940000000000001300 ) ) ;
#3012 = AXIS2_PLACEMENT_3D ( 'NONE', #4710, #776, #10241 ) ;
#3013 = VERTEX_POINT ( 'NONE', #8373 ) ;
#3014 = PERSON_AND_ORGANIZATION ( #9162, #4154 ) ;
#3015 = CIRCLE ( 'NONE', #5815, 1.250000000000000200 ) ;
#3016 = CARTESIAN_POINT ( 'NONE',  ( 9.168194122776844400, 7.169883370516436600, 3.551571871859087600 ) ) ;
#3017 = VERTEX_POINT ( 'NONE', #8609 ) ;
#3018 = PERSON_AND_ORGANIZATION_ROLE ( 'creator' ) ;
#3019 = CARTESIAN_POINT ( 'NONE',  ( 11.13551948386521700, -4.500000000000000900, 6.614378277830737400 ) ) ;
#3020 = VECTOR ( 'NONE', #7118, 1000.000000000000000 ) ;
#3021 = EDGE_CURVE ( 'NONE', #9871, #767, #2879, .T. ) ;
#3022 = ORIENTED_EDGE ( 'NONE', *, *, #9213, .T. ) ;
#3023 = DIRECTION ( 'NONE',  ( 0.0000000000000000000, -5.421010862427522200E-017, -1.000000000000000000 ) ) ;
#3024 = ORIENTED_EDGE ( 'NONE', *, *, #428, .T. ) ;
#3025 = CALENDAR_DATE ( 2023, 10, 1 ) ;
#3026 = CARTESIAN_POINT ( 'NONE',  ( 14.15000000000000000, 1.732875220793504900E-015, 10.00000000000000000 ) ) ;
#3027 = LINE ( 'NONE', #4445, #1424 ) ;
#3028 = VERTEX_POINT ( 'NONE', #699 ) ;
#3029 = EDGE_CURVE ( 'NONE', #2190, #7829, #7826, .T. ) ;
#3030 = DIRECTION ( 'NONE',  ( 0.0000000000000000000, -0.0000000000000000000, 1.000000000000000000 ) ) ;
#3032 = CIRCLE ( 'NONE', #4018, 2.400000000000000400 ) ;
#3031 = CC_DESIGN_PERSON_AND_ORGANIZATION_ASSIGNMENT ( #8492, #9993, ( #8348 ) ) ;
#3033 = ORIENTED_EDGE ( 'NONE', *, *, #2321, .F. ) ;
#3034 = CARTESIAN_POINT ( 'NONE',  ( 10.00000000000000000, 4.499999999999948500, -4.500000000000000900 ) ) ;
#3035 = DIRECTION ( 'NONE',  ( 0.0000000000000000000, 1.000000000000000000, 0.0000000000000000000 ) ) ;
#3036 = VECTOR ( 'NONE', #1442, 1000.000000000000000 ) ;
#3037 = ADVANCED_FACE ( 'NONE', ( #1265 ), #10054, .F. ) ;
#3038 = CARTESIAN_POINT ( 'NONE',  ( 9.168194122837325800, -7.169883370540846500, -3.551571871808855400 ) ) ;
#3039 = ORIENTED_EDGE ( 'NONE', *, *, #4525, .T. ) ;
#3040 = EDGE_LOOP ( 'NONE', ( #624, #4728, #5677, #10081 ) ) ;
#3041 = EDGE_CURVE ( 'NONE', #3067, #9640, #5595, .T. ) ;
#3042 = CARTESIAN_POINT ( 'NONE',  ( 15.49751941100000300, -15.49751941100000100, 8.500000000000000000 ) ) ;
#3043 = CARTESIAN_POINT ( 'NONE',  ( 15.50000000000000000, 15.50000000000000000, -20.00000000000000000 ) ) ;
#3044 = CC_DESIGN_PERSON_AND_ORGANIZATION_ASSIGNMENT ( #5115, #5654, ( #6645 ) ) ;
#3045 = CARTESIAN_POINT ( 'NONE',  ( 6.000000000000000000, 0.0000000000000000000, 11.00000000000000000 ) ) ;
#3046 = CARTESIAN_POINT ( 'NONE',  ( 8.758827277931628100, 6.468407785744395800, 4.710941082222592300 ) ) ;
#3047 = VECTOR ( 'NONE', #7257, 1000.000000000000100 ) ;
#3048 = ORIENTED_EDGE ( 'NONE', *, *, #6870, .F. ) ;
#3049 = CARTESIAN_POINT ( 'NONE',  ( 21.00000000000000000, 1.956602898296059000, -0.09095291666472203600 ) ) ;
#3050 = PERSON_AND_ORGANIZATION_ROLE ( 'creator' ) ;
#3051 = CONICAL_SURFACE ( 'NONE', #2261, 1664.279483014394800, 1.029744258852757200 ) ;
#3052 = CARTESIAN_POINT ( 'NONE',  ( 2.998501250000000800, -4.640099949999998900, 2.320049974999999400 ) ) ;
#3053 = CARTESIAN_POINT ( 'NONE',  ( 21.00000000000000000, -5.655300867618013400, -0.7415053724070302900 ) ) ;
#3054 = CARTESIAN_POINT ( 'NONE',  ( 12.74405737617194300, 16.69098563955666800, -6.440352211291666600E-010 ) ) ;
#3055 = ORIENTED_EDGE ( 'NONE', *, *, #6719, .F. ) ;
#3056 = AXIS2_PLACEMENT_3D ( 'NONE', #8093, #3380, #1803 ) ;
#3057 = EDGE_CURVE ( 'NONE', #1090, #5096, #9817, .T. ) ;
#3058 = FACE_OUTER_BOUND ( 'NONE', #8826, .T. ) ;
#3059 = VERTEX_POINT ( 'NONE', #7773 ) ;
#3060 = AXIS2_PLACEMENT_3D ( 'NONE', #5288, #6872, #2034 ) ;
#3061 = ORIENTED_EDGE ( 'NONE', *, *, #7484, .F. ) ;
#3062 = DIRECTION ( 'NONE',  ( 0.0000000000000000000, 0.0000000000000000000, -1.000000000000000000 ) ) ;
#3063 = DIRECTION ( 'NONE',  ( 0.0000000000000000000, 0.0000000000000000000, -1.000000000000000000 ) ) ;
#3064 = CARTESIAN_POINT ( 'NONE',  ( 12.49751941100000300, -15.49751941100000100, -15.00000000000000000 ) ) ;
#3065 = VERTEX_POINT ( 'NONE', #6298 ) ;
#3066 = FACE_BOUND ( 'NONE', #3993, .T. ) ;
#3067 = VERTEX_POINT ( 'NONE', #2340 ) ;
#3068 = EDGE_CURVE ( 'NONE', #7274, #8978, #5105, .T. ) ;
#3069 = CIRCLE ( 'NONE', #4064, 3.000000000000000900 ) ;
#3070 = DIRECTION ( 'NONE',  ( -1.000000000000000000, -0.0000000000000000000, -0.0000000000000000000 ) ) ;
#3071 = EDGE_CURVE ( 'NONE', #7487, #4659, #3222, .T. ) ;
#3072 = ORIENTED_EDGE ( 'NONE', *, *, #7413, .T. ) ;
#3073 = LINE ( 'NONE', #7077, #8413 ) ;
#3074 = DIRECTION ( 'NONE',  ( 0.0000000000000000000, 0.0000000000000000000, -1.000000000000000000 ) ) ;
#3075 = B_SPLINE_CURVE_WITH_KNOTS ( 'NONE', 3,
 ( #4329, #2812, #376, #8342 ),
 .UNSPECIFIED., .F., .F.,
 ( 4, 4 ),
 ( 0.0000000000000000000, 0.004313869313531388900 ),
 .UNSPECIFIED. ) ;
#3076 = CARTESIAN_POINT ( 'NONE',  ( 20.99999999882131300, 6.276053402874433500, -0.9177746650116548300 ) ) ;
#3077 = AXIS2_PLACEMENT_3D ( 'NONE', #992, #9041, #8902 ) ;
#3078 = CARTESIAN_POINT ( 'NONE',  ( -13.62983158499999800, 6.888301783000001100, -15.50000000000000000 ) ) ;
#3079 = CARTESIAN_POINT ( 'NONE',  ( 10.19275237700000000, 16.76810323750000000, 6.000000000000000000 ) ) ;
#3080 = CIRCLE ( 'NONE', #6730, 20.99999999999999600 ) ;
#3081 = ORIENTED_EDGE ( 'NONE', *, *, #3000, .F. ) ;
#3082 = CARTESIAN_POINT ( 'NONE',  ( 6.500000000400000000, 0.6000000004839896000, 4.963869458337840400 ) ) ;
#3083 = DIRECTION ( 'NONE',  ( -3.552713678800500900E-015, 1.000000000000000000, -4.130293990420969400E-017 ) ) ;
#3084 = PERSON_AND_ORGANIZATION_ROLE ( 'design_owner' ) ;
#3085 = DIRECTION ( 'NONE',  ( -0.8571673007928121100, 1.049727191249693900E-016, 0.5150380747591042400 ) ) ;
#3086 = CARTESIAN_POINT ( 'NONE',  ( 11.86835443277874400, -5.270568918621589400, 6.023952793813061000 ) ) ;
#3087 = ADVANCED_FACE ( 'NONE', ( #2988 ), #1075, .F. ) ;
#3088 = AXIS2_PLACEMENT_3D ( 'NONE', #2180, #7185, #10230 ) ;
#3089 = CYLINDRICAL_SURFACE ( 'NONE', #6859, 16.00000000000000000 ) ;
#3090 = AXIS2_PLACEMENT_3D ( 'NONE', #5866, #6665, #5099 ) ;
#3091 = ORIENTED_EDGE ( 'NONE', *, *, #5241, .F. ) ;
#3092 = CARTESIAN_POINT ( 'NONE',  ( -6.888301783000001100, -16.62983158500000200, 8.500000000000000000 ) ) ;
#3093 = ORIENTED_EDGE ( 'NONE', *, *, #3029, .F. ) ;
#3094 = DIRECTION ( 'NONE',  ( 0.0000000000000000000, 0.0000000000000000000, 1.000000000000000000 ) ) ;
#3095 = LINE ( 'NONE', #5293, #7682 ) ;
#3096 = LOCAL_TIME ( 15, 11, 14.00000000000000000, #4718 ) ;
#3097 = ORIENTED_EDGE ( 'NONE', *, *, #2056, .F. ) ;
#3098 = EDGE_CURVE ( 'NONE', #4220, #1044, #1140, .T. ) ;
#3099 = CC_DESIGN_SECURITY_CLASSIFICATION ( #10145, ( #10274 ) ) ;
#3100 = CARTESIAN_POINT ( 'NONE',  ( 1.750000000000000000, -1.500000000000000000, 0.8660254040000001700 ) ) ;
#3101 = ORIENTED_EDGE ( 'NONE', *, *, #4369, .T. ) ;
#3102 = DIRECTION ( 'NONE',  ( -0.0000000000000000000, -1.000000000000000000, -0.0000000000000000000 ) ) ;
#3103 = CIRCLE ( 'NONE', #1613, 9.500000000000000000 ) ;
#3104 = DIRECTION ( 'NONE',  ( 0.0000000000000000000, 0.0000000000000000000, 1.000000000000000000 ) ) ;
#3105 = PERSON_AND_ORGANIZATION ( #9032, #741 ) ;
#3106 = CARTESIAN_POINT ( 'NONE',  ( -1.223529410445732400, -0.5000000000000000000, 4.641441131994922900 ) ) ;
#3107 = ORIENTED_EDGE ( 'NONE', *, *, #9170, .F. ) ;
#3108 = CIRCLE ( 'NONE', #4254, 27.00000000000000000 ) ;
#3109 = ORIENTED_EDGE ( 'NONE', *, *, #7212, .T. ) ;
#3110 = ORIENTED_EDGE ( 'NONE', *, *, #2971, .F. ) ;
#3111 = DIRECTION ( 'NONE',  ( 0.0000000000000000000, 0.0000000000000000000, -1.000000000000000000 ) ) ;
#3112 = APPROVAL_STATUS ( 'not_yet_approved' ) ;
#3113 = EDGE_CURVE ( 'NONE', #8376, #8200, #7200, .T. ) ;
#3114 = DIRECTION ( 'NONE',  ( 0.0000000000000000000, 1.000000000000000000, 0.0000000000000000000 ) ) ;
#3115 = CARTESIAN_POINT ( 'NONE',  ( 0.0000000000000000000, -3.216819899666628800E-042, 5.000000000000000000 ) ) ;
#3116 = DATE_AND_TIME ( #1405, #9097 ) ;
#3117 = ORIENTED_EDGE ( 'NONE', *, *, #8844, .T. ) ;
#3118 = VECTOR ( 'NONE', #3554, 1000.000000000000000 ) ;
#3119 = CARTESIAN_POINT ( 'NONE',  ( 0.0000000000000000000, 0.0000000000000000000, 11.00000000000000000 ) ) ;
#3120 = ORIENTED_EDGE ( 'NONE', *, *, #9077, .T. ) ;
#3121 = CARTESIAN_POINT ( 'NONE',  ( -11.00000000000000000, -17.67696888200000400, -15.00000000000000000 ) ) ;
#3122 = EDGE_LOOP ( 'NONE', ( #2454, #8697, #2439, #2570 ) ) ;
#3123 = DATE_AND_TIME ( #1283, #4746 ) ;
#3124 = CIRCLE ( 'NONE', #9466, 12.50000000000000000 ) ;
#3125 = DIRECTION ( 'NONE',  ( 0.0000000000000000000, -0.0000000000000000000, 1.000000000000000000 ) ) ;
#3126 = EDGE_CURVE ( 'NONE', #2771, #5423, #6550, .T. ) ;
#3127 = AXIS2_PLACEMENT_3D ( 'NONE', #4470, #10015, #5312 ) ;
#3128 = ORIENTED_EDGE ( 'NONE', *, *, #5032, .F. ) ;
#3129 = CARTESIAN_POINT ( 'NONE',  ( 8.455978736016009000, -4.870502057610756300, 6.351765610968885600 ) ) ;
#3130 = DIRECTION ( 'NONE',  ( -0.0000000000000000000, 1.734723475976807300E-016, 1.000000000000000000 ) ) ;
#3131 = AXIS2_PLACEMENT_3D ( 'NONE', #10155, #9293, #6215 ) ;
#3132 = VERTEX_POINT ( 'NONE', #9609 ) ;
#3133 = DIRECTION ( 'NONE',  ( -0.0000000000000000000, -0.0000000000000000000, -1.000000000000000000 ) ) ;
#3134 = ADVANCED_FACE ( 'NONE', ( #1323 ), #3167, .F. ) ;
#3135 = ORIENTED_EDGE ( 'NONE', *, *, #1898, .T. ) ;
#3136 = PERSON_AND_ORGANIZATION ( #9162, #4154 ) ;
#3137 = CARTESIAN_POINT ( 'NONE',  ( 9.205111705510162800, -5.839983932743047400, -5.467969867675961400 ) ) ;
#3138 = LINE ( 'NONE', #4952, #1925 ) ;
#3139 = VERTEX_POINT ( 'NONE', #2476 ) ;
#3140 = EDGE_CURVE ( 'NONE', #6547, #2030, #7139, .T. ) ;
#3141 = DIRECTION ( 'NONE',  ( 0.0000000000000000000, 0.0000000000000000000, -1.000000000000000000 ) ) ;
#3142 = CARTESIAN_POINT ( 'NONE',  ( 12.44650452700000200, 12.44900000000000000, -15.00000000000000000 ) ) ;
#3143 = AXIS2_PLACEMENT_3D ( 'NONE', #748, #7039, #2262 ) ;
#3144 = SHAPE_REPRESENTATION_RELATIONSHIP ( 'NONE' , 'NONE' ,  #4527, #7749 ) ;
#3145 = ORIENTED_EDGE ( 'NONE', *, *, #2561, .F. ) ;
#3146 = ORIENTED_EDGE ( 'NONE', *, *, #1444, .F. ) ;
#3147 = LOCAL_TIME ( 15, 11, 14.00000000000000000, #1423 ) ;
#3148 = DIRECTION ( 'NONE',  ( 0.7071067811865472400, 8.659560562354930400E-017, -0.7071067811865479100 ) ) ;
#3149 = LINE ( 'NONE', #7970, #3271 ) ;
#3150 = DATE_TIME_ROLE ( 'classification_date' ) ;
#3151 = CARTESIAN_POINT ( 'NONE',  ( 18.79766722819662300, -12.99751941100000100, -1.843972156582030000 ) ) ;
#3152 = DIRECTION ( 'NONE',  ( 0.0000000000000000000, 0.0000000000000000000, -1.000000000000000000 ) ) ;
#3153 = DIRECTION ( 'NONE',  ( 0.0000000000000000000, 0.0000000000000000000, 1.000000000000000000 ) ) ;
#3154 = LINE ( 'NONE', #5648, #10225 ) ;
#3155 = ORIENTED_EDGE ( 'NONE', *, *, #4504, .T. ) ;
#3156 = ORIENTED_EDGE ( 'NONE', *, *, #9564, .F. ) ;
#3157 = CARTESIAN_POINT ( 'NONE',  ( 12.33297552254869000, 0.6000000000000000900, 2.768919047876381900 ) ) ;
#3158 = EDGE_CURVE ( 'NONE', #2165, #9871, #9013, .T. ) ;
#3159 = DIRECTION ( 'NONE',  ( 3.552713678800500900E-015, 1.000000000000000000, -8.260587980841938800E-017 ) ) ;
#3160 = DIRECTION ( 'NONE',  ( 1.000000000000000000, 0.0000000000000000000, 0.0000000000000000000 ) ) ;
#3161 = CC_DESIGN_APPROVAL ( #1049, ( #7026 ) ) ;
#3162 = VECTOR ( 'NONE', #8636, 1000.000000000000000 ) ;
#3163 = CARTESIAN_POINT ( 'NONE',  ( 19.68702667336761200, 7.309174562352486000, 2.561061199194413900 ) ) ;
#3164 = ORIENTED_EDGE ( 'NONE', *, *, #5901, .F. ) ;
#3165 = CARTESIAN_POINT ( 'NONE',  ( 0.0000000000000000000, 0.0000000000000000000, 10.50000000000000000 ) ) ;
#3166 = DIRECTION ( 'NONE',  ( 0.0000000000000000000, 0.0000000000000000000, 1.000000000000000000 ) ) ;
#3167 = CYLINDRICAL_SURFACE ( 'NONE', #8828, 1.749999999999999800 ) ;
#3168 = CARTESIAN_POINT ( 'NONE',  ( -20.99999999914547600, 10.98087762396411500, -2.635403690931871000 ) ) ;
#3169 = DIRECTION ( 'NONE',  ( 0.0000000000000000000, 0.0000000000000000000, 1.000000000000000000 ) ) ;
#3170 = VECTOR ( 'NONE', #980, 1000.000000000000000 ) ;
#3171 = EDGE_CURVE ( 'NONE', #8474, #6236, #8512, .T. ) ;
#3172 = EDGE_LOOP ( 'NONE', ( #2531, #8308, #8744, #9560 ) ) ;
#3173 = AXIS2_PLACEMENT_3D ( 'NONE', #3955, #2400, #41 ) ;
#3174 = CARTESIAN_POINT ( 'NONE',  ( -1.300000000000000300, -1.000000000000000000, 8.096295448999999400 ) ) ;
#3175 = EDGE_LOOP ( 'NONE', ( #315, #3542, #3497, #2042 ) ) ;
#3176 = CARTESIAN_POINT ( 'NONE',  ( -16.68956148147174200, 12.74592239001898300, 8.500000000000000000 ) ) ;
#3177 = ORIENTED_EDGE ( 'NONE', *, *, #8011, .F. ) ;
#3178 = DATE_TIME_ROLE ( 'creation_date' ) ;
#3179 = VECTOR ( 'NONE', #9312, 1000.000000000000000 ) ;
#3180 = ORIENTED_EDGE ( 'NONE', *, *, #9331, .F. ) ;
#3181 = ORIENTED_EDGE ( 'NONE', *, *, #1565, .F. ) ;
#3182 = LINE ( 'NONE', #6795, #6420 ) ;
#3183 = ADVANCED_FACE ( 'NONE', ( #687 ), #4171, .F. ) ;
#3184 = CARTESIAN_POINT ( 'NONE',  ( -1.490093247758117200, 3.712149430856438700, 28.19821647537348500 ) ) ;
#3185 = ORIENTED_EDGE ( 'NONE', *, *, #7938, .T. ) ;
#3186 = LINE ( 'NONE', #6612, #6559 ) ;
#3187 = AXIS2_PLACEMENT_3D ( 'NONE', #2112, #2142, #538 ) ;
#3188 = CARTESIAN_POINT ( 'NONE',  ( 0.0000000000000000000, -1.928783372432437600E-041, 10.00000000000000000 ) ) ;
#3189 = CARTESIAN_POINT ( 'NONE',  ( 16.68894573296264400, 12.74672861502274800, -7.477593950925981200E-010 ) ) ;
#3190 = AXIS2_PLACEMENT_3D ( 'NONE', #3337, #88, #8891 ) ;
#3191 = CARTESIAN_POINT ( 'NONE',  ( -13.00000000000000200, 17.67944947199999800, -7.930104740999999200 ) ) ;
#3192 = LINE ( 'NONE', #4886, #9275 ) ;
#3193 = VERTEX_POINT ( 'NONE', #82 ) ;
#3194 = CIRCLE ( 'NONE', #3190, 20.99999999999999600 ) ;
#3195 = DIRECTION ( 'NONE',  ( 1.000000000000000000, 2.710505431213759600E-016, 0.0000000000000000000 ) ) ;
#3196 = CARTESIAN_POINT ( 'NONE',  ( 0.0000000000000000000, -8.131516293641280800E-017, 8.500000000000000000 ) ) ;
#3197 = DIRECTION ( 'NONE',  ( -0.0000000000000000000, 1.000000000000000000, 0.0000000000000000000 ) ) ;
#3198 = CARTESIAN_POINT ( 'NONE',  ( 6.299999999999999800, 0.0000000000000000000, 6.500000000000000900 ) ) ;
#3199 = EDGE_CURVE ( 'NONE', #6236, #3827, #4742, .T. ) ;
#3200 = DIRECTION ( 'NONE',  ( 0.0000000000000000000, 1.000000000000000000, 0.0000000000000000000 ) ) ;
#3201 = AXIS2_PLACEMENT_3D ( 'NONE', #3783, #6073, #6967 ) ;
#3202 = CIRCLE ( 'NONE', #4933, 6.000000000000000000 ) ;
#3203 = VERTEX_POINT ( 'NONE', #3298 ) ;
#3204 = B_SPLINE_CURVE_WITH_KNOTS ( 'NONE', 3,
 ( #2167, #4478, #1301, #621 ),
 .UNSPECIFIED., .F., .F.,
 ( 4, 4 ),
 ( 0.0000000000000000000, 0.0001764708543582627600 ),
 .UNSPECIFIED. ) ;
#3205 = AXIS2_PLACEMENT_3D ( 'NONE', #1786, #5040, #7318 ) ;
#3206 = DIRECTION ( 'NONE',  ( 0.9238795325268022200, -0.3826834323276323000, 0.0000000000000000000 ) ) ;
#3207 = ORIENTED_EDGE ( 'NONE', *, *, #2486, .F. ) ;
#3208 = EDGE_CURVE ( 'NONE', #1044, #2158, #4422, .T. ) ;
#3209 = DIRECTION ( 'NONE',  ( 0.9238795331876228400, -0.3826834307322701800, 0.0000000000000000000 ) ) ;
#3210 = CONICAL_SURFACE ( 'NONE', #546, 1.250000000000000000, 0.7853981633974480600 ) ;
#3211 = ORIENTED_EDGE ( 'NONE', *, *, #506, .T. ) ;
#3212 = CARTESIAN_POINT ( 'NONE',  ( 3.000000000000000000, -1.303749874889334100, 1.955809796422676600 ) ) ;
#3213 =( REPRESENTATION_RELATIONSHIP ('NONE','NONE', #4455, #7768 ) REPRESENTATION_RELATIONSHIP_WITH_TRANSFORMATION ( #9313 )SHAPE_REPRESENTATION_RELATIONSHIP( ) );
#3214 = CARTESIAN_POINT ( 'NONE',  ( -1.000000001237808100, -1.000000000000000000, 1.178085124000000100 ) ) ;
#3215 = EDGE_CURVE ( 'NONE', #1003, #9606, #4540, .T. ) ;
#3216 = CARTESIAN_POINT ( 'NONE',  ( 13.58950742000000000, -10.76658795000000200, 6.000000000000000000 ) ) ;
#3217 = CARTESIAN_POINT ( 'NONE',  ( -1.250000000000000000, 1.530808498934191600E-016, 31.00000000000002800 ) ) ;
#3218 = ORIENTED_EDGE ( 'NONE', *, *, #5709, .T. ) ;
#3219 = CC_DESIGN_PERSON_AND_ORGANIZATION_ASSIGNMENT ( #8245, #6111, ( #5558 ) ) ;
#3220 = LINE ( 'NONE', #308, #1137 ) ;
#3221 = ORIENTED_EDGE ( 'NONE', *, *, #3267, .F. ) ;
#3222 = CIRCLE ( 'NONE', #1147, 14.15000000000000000 ) ;
#3223 = ORIENTED_EDGE ( 'NONE', *, *, #3640, .T. ) ;
#3224 = CARTESIAN_POINT ( 'NONE',  ( -17.67944947265668200, 13.00000000000000200, -0.9445422293612804100 ) ) ;
#3225 = DIRECTION ( 'NONE',  ( 0.0000000000000000000, 0.0000000000000000000, 1.000000000000000000 ) ) ;
#3226 = CARTESIAN_POINT ( 'NONE',  ( 21.00000000044618500, 12.99999999739532400, -3.698178069465329000 ) ) ;
#3227 = CARTESIAN_POINT ( 'NONE',  ( 7.500000001000000100, -0.5999999997329426000, -4.963869458460902900 ) ) ;
#3228 = ORIENTED_EDGE ( 'NONE', *, *, #3608, .T. ) ;
#3229 = CARTESIAN_POINT ( 'NONE',  ( 12.99751940968679900, 21.00000000000000000, -15.00000000431999700 ) ) ;
#3230 = CARTESIAN_POINT ( 'NONE',  ( 14.15000000000000000, 1.732875220793504900E-015, 10.50000000000000000 ) ) ;
#3231 = DIRECTION ( 'NONE',  ( 0.0000000000000000000, 1.000000000000000000, 0.0000000000000000000 ) ) ;
#3232 = VECTOR ( 'NONE', #5058, 1000.000000000000000 ) ;
#3233 = EDGE_CURVE ( 'NONE', #3856, #3819, #7403, .T. ) ;
#3234 = CALENDAR_DATE ( 2023, 10, 1 ) ;
#3235 = ORIENTED_EDGE ( 'NONE', *, *, #5995, .F. ) ;
#3236 = CC_DESIGN_APPROVAL ( #2195, ( #10145 ) ) ;
#3237 = CYLINDRICAL_SURFACE ( 'NONE', #2672, 7.200000000000001100 ) ;
#3238 = CARTESIAN_POINT ( 'NONE',  ( -9.244894256607873100, -5.974889835511353600, -1.139790940156463000 ) ) ;
#3239 = ADVANCED_FACE ( 'NONE', ( #7889 ), #5296, .T. ) ;
#3240 = ORIENTED_EDGE ( 'NONE', *, *, #1982, .T. ) ;
#3241 = B_SPLINE_CURVE_WITH_KNOTS ( 'NONE', 3,
 ( #2390, #9589, #4012, #4080, #7198, #9625, #2493, #4885, #8001, #9548, #6411, #2537, #137, #8031, #1674, #882, #2459, #5681, #8791, #4045, #6446, #3281, #4843, #922 ),
 .UNSPECIFIED., .F., .F.,
 ( 4, 2, 2, 2, 2, 2, 2, 2, 2, 2, 2, 4 ),
 ( -1.958161280693482300E-014, 0.0004565847486448426800, 0.0009131694973092670300, 0.001369754245973691200, 0.001826338994638115600, 0.002739508491966967000, 0.003652677989295819300, 0.004109262737960245700, 0.004565847486624672500, 0.005479016983953524300, 0.006392186481282376200, 0.007305355978611228000 ),
 .UNSPECIFIED. ) ;
#3242 = ORIENTED_EDGE ( 'NONE', *, *, #5457, .T. ) ;
#3243 = CARTESIAN_POINT ( 'NONE',  ( -10.78985563017082900, -2.142978897233684500, -0.3666819550477094000 ) ) ;
#3244 = DIRECTION ( 'NONE',  ( 0.0000000000000000000, 0.0000000000000000000, 1.000000000000000000 ) ) ;
#3245 = CARTESIAN_POINT ( 'NONE',  ( 4.116663184948814400, 17.77788188187642900, 6.000000000000000000 ) ) ;
#3246 = ORIENTED_EDGE ( 'NONE', *, *, #368, .T. ) ;
#3247 = PERSON_AND_ORGANIZATION ( #9162, #4154 ) ;
#3248 = VECTOR ( 'NONE', #2465, 1000.000000000000000 ) ;
#3249 = ORIENTED_EDGE ( 'NONE', *, *, #9591, .T. ) ;
#3250 = AXIS2_PLACEMENT_3D ( 'NONE', #8202, #268, #8894 ) ;
#3251 = CARTESIAN_POINT ( 'NONE',  ( 12.50000000000000000, 0.0000000000000000000, 0.0000000000000000000 ) ) ;
#3252 = APPROVAL_ROLE ( '' ) ;
#3253 = EDGE_CURVE ( 'NONE', #8907, #547, #4672, .T. ) ;
#3254 = CARTESIAN_POINT ( 'NONE',  ( -1.500000000000000000, 2.200000000000000200, 17.00000000000000000 ) ) ;
#3255 = DIRECTION ( 'NONE',  ( 0.0000000000000000000, 0.0000000000000000000, 1.000000000000000000 ) ) ;
#3256 = EDGE_LOOP ( 'NONE', ( #6552, #3492 ) ) ;
#3257 = PERSON_AND_ORGANIZATION ( #9162, #4154 ) ;
#3258 = AXIS2_PLACEMENT_3D ( 'NONE', #6328, #5563, #10231 ) ;
#3259 = DIRECTION ( 'NONE',  ( 0.0000000000000000000, 0.0000000000000000000, 1.000000000000000000 ) ) ;
#3260 = FACE_OUTER_BOUND ( 'NONE', #3040, .T. ) ;
#3261 = EDGE_LOOP ( 'NONE', ( #3754, #9971, #10226, #5148, #2868 ) ) ;
#3262 = CARTESIAN_POINT ( 'NONE',  ( 12.16623437910167900, 0.6000000000000000900, -2.598171426477715200 ) ) ;
#3263 = EDGE_CURVE ( 'NONE', #6246, #5637, #2698, .T. ) ;
#3264 = CIRCLE ( 'NONE', #4557, 3.000000000000002700 ) ;
#3265 = ORIENTED_EDGE ( 'NONE', *, *, #2844, .F. ) ;
#3266 = DIRECTION ( 'NONE',  ( -1.000000000000000000, 0.0000000000000000000, 0.0000000000000000000 ) ) ;
#3267 = EDGE_CURVE ( 'NONE', #9445, #9001, #3869, .T. ) ;
#3268 = DIRECTION ( 'NONE',  ( 0.0000000000000000000, 1.000000000000000000, 0.0000000000000000000 ) ) ;
#3269 = ORIENTED_EDGE ( 'NONE', *, *, #6439, .F. ) ;
#3270 = PERSON_AND_ORGANIZATION ( #9162, #4154 ) ;
#3271 = VECTOR ( 'NONE', #3209, 999.9999999999998900 ) ;
#3272 = CARTESIAN_POINT ( 'NONE',  ( 8.152958078853037800, 7.384651161013898100, 0.6493373485065648800 ) ) ;
#3273 = DIRECTION ( 'NONE',  ( 1.000000000000000000, 0.0000000000000000000, 0.0000000000000000000 ) ) ;
#3274 = EDGE_LOOP ( 'NONE', ( #9344, #2814, #4966, #9848, #4153, #7580, #8278, #3904, #8104, #6575, #7350, #4312 ) ) ;
#3275 = AXIS2_PLACEMENT_3D ( 'NONE', #982, #1698, #836 ) ;
#3276 = CARTESIAN_POINT ( 'NONE',  ( 12.79751941198539500, 16.80766968521161400, -0.1252044569354249000 ) ) ;
#3277 = CARTESIAN_POINT ( 'NONE',  ( -2.710505431213761100E-016, -6.941975965944903900E-026, 18.74892422600000000 ) ) ;
#3278 = VECTOR ( 'NONE', #3628, 1000.000000000000000 ) ;
#3279 = ORIENTED_EDGE ( 'NONE', *, *, #4343, .F. ) ;
#3280 = FACE_OUTER_BOUND ( 'NONE', #6207, .T. ) ;
#3281 = CARTESIAN_POINT ( 'NONE',  ( 11.54398522892067400, 4.870431797767295700, -6.351834230466564300 ) ) ;
#3282 = CARTESIAN_POINT ( 'NONE',  ( -7.969340740000000700, -4.500000000000000900, 1.500000000000000000 ) ) ;
#3284 = AXIS2_PLACEMENT_3D ( 'NONE', #5132, #3536, #7347 ) ;
#3283 = FACE_OUTER_BOUND ( 'NONE', #8920, .T. ) ;
#3285 = ORIENTED_EDGE ( 'NONE', *, *, #164, .F. ) ;
#3286 = CARTESIAN_POINT ( 'NONE',  ( 12.49751941100000300, 15.50000000000000000, 8.500000000000000000 ) ) ;
#3287 =( REPRESENTATION_RELATIONSHIP ('NONE','NONE', #4455, #3706 ) REPRESENTATION_RELATIONSHIP_WITH_TRANSFORMATION ( #2774 )SHAPE_REPRESENTATION_RELATIONSHIP( ) );
#3288 = VERTEX_POINT ( 'NONE', #2376 ) ;
#3289 = CARTESIAN_POINT ( 'NONE',  ( 1.300000000000000300, -1.000000000000000000, 4.931531202000000400 ) ) ;
#3290 = ADVANCED_FACE ( 'NONE', ( #5046 ), #805, .F. ) ;
#3291 = CARTESIAN_POINT ( 'NONE',  ( -20.56840519085093500, -4.243763098264373000, 4.500000000000005300 ) ) ;
#3292 = CARTESIAN_POINT ( 'NONE',  ( -1.451468150539392900, 3.727421560810083400, 28.39103435410917300 ) ) ;
#3293 = CARTESIAN_POINT ( 'NONE',  ( 10.89443021167483600, 1.520867610805772600, 1.093981183734123300 ) ) ;
#3294 = LINE ( 'NONE', #2702, #1204 ) ;
#3295 = EDGE_LOOP ( 'NONE', ( #1957, #4288, #9672, #5749, #8086, #147, #48 ) ) ;
#3296 = CARTESIAN_POINT ( 'NONE',  ( 0.0000000000000000000, 3.245314017740486000E-016, -2.649999999999999900 ) ) ;
#3297 = EDGE_CURVE ( 'NONE', #3132, #4754, #2821, .T. ) ;
#3298 = CARTESIAN_POINT ( 'NONE',  ( 12.99751941239642300, -17.67696888200000400, -15.00000000000000000 ) ) ;
#3299 = DIRECTION ( 'NONE',  ( -1.000000000000000000, 0.0000000000000000000, 0.0000000000000000000 ) ) ;
#3300 = DIRECTION ( 'NONE',  ( -0.0000000000000000000, -0.0000000000000000000, -1.000000000000000000 ) ) ;
#3301 = CC_DESIGN_PERSON_AND_ORGANIZATION_ASSIGNMENT ( #8472, #8536, ( #2248 ) ) ;
#3302 = CARTESIAN_POINT ( 'NONE',  ( -15.50000000000000000, 17.25000000000000000, -20.00000000000000000 ) ) ;
#3303 = DIRECTION ( 'NONE',  ( 1.000000000000000000, 0.0000000000000000000, 0.0000000000000000000 ) ) ;
#3304 = DIRECTION ( 'NONE',  ( -1.000000000000000000, -0.0000000000000000000, -0.0000000000000000000 ) ) ;
#3305 = CARTESIAN_POINT ( 'NONE',  ( 8.150321384918372700, 7.387552339093731200, 2.340627589082251900 ) ) ;
#3306 = ORIENTED_EDGE ( 'NONE', *, *, #3566, .T. ) ;
#3307 = CIRCLE ( 'NONE', #6810, 2.000000000000000000 ) ;
#3308 = VERTEX_POINT ( 'NONE', #6642 ) ;
#3309 = CARTESIAN_POINT ( 'NONE',  ( 10.76935329871082000, -4.499999999999948500, 6.614378277830755200 ) ) ;
#3310 = ORIENTED_EDGE ( 'NONE', *, *, #9591, .F. ) ;
#3311 = EDGE_LOOP ( 'NONE', ( #1776, #3320 ) ) ;
#3312 = AXIS2_PLACEMENT_3D ( 'NONE', #483, #7582, #5269 ) ;
#3313 = CARTESIAN_POINT ( 'NONE',  ( -2.332238092999999100, -1.000000000000000000, 6.626889377999998700 ) ) ;
#3314 = EDGE_CURVE ( 'NONE', #2283, #1938, #7638, .T. ) ;
#3315 = LINE ( 'NONE', #5311, #3179 ) ;
#3316 = DIRECTION ( 'NONE',  ( 0.0000000000000000000, -1.000000000000000000, 0.0000000000000000000 ) ) ;
#3317 = VERTEX_POINT ( 'NONE', #3447 ) ;
#3318 = ORIENTED_EDGE ( 'NONE', *, *, #2011, .T. ) ;
#3319 = FACE_BOUND ( 'NONE', #9168, .T. ) ;
#3320 = ORIENTED_EDGE ( 'NONE', *, *, #9057, .T. ) ;
#3321 = CIRCLE ( 'NONE', #6676, 11.00000000000000000 ) ;
#3322 = CARTESIAN_POINT ( 'NONE',  ( 3.000000000000000400, -0.5636885027764471100, 2.281703125219161500 ) ) ;
#3323 =( REPRESENTATION_RELATIONSHIP ('NONE','NONE', #4455, #8079 ) REPRESENTATION_RELATIONSHIP_WITH_TRANSFORMATION ( #1883 )SHAPE_REPRESENTATION_RELATIONSHIP( ) );
#3324 = PLANE ( 'NONE',  #4682 ) ;
#3325 = DIRECTION ( 'NONE',  ( 0.0000000000000000000, 0.0000000000000000000, 1.000000000000000000 ) ) ;
#3327 = LINE ( 'NONE', #1085, #5206 ) ;
#3326 = CARTESIAN_POINT ( 'NONE',  ( 12.00000000022696200, -0.6000000004504912900, -2.426932220024739600 ) ) ;
#3328 = EDGE_CURVE ( 'NONE', #1798, #3775, #8886, .T. ) ;
#3329 = AXIS2_PLACEMENT_3D ( 'NONE', #6899, #6068, #3837 ) ;
#3330 = ORIENTED_EDGE ( 'NONE', *, *, #471, .T. ) ;
#3331 = CARTESIAN_POINT ( 'NONE',  ( 3.499999999253652100, -1.000000000000000000, 7.549834435000000200 ) ) ;
#3332 = CARTESIAN_POINT ( 'NONE',  ( 11.25570331435837300, 6.676627289589863100, 4.410840604529279400 ) ) ;
#3333 = AXIS2_PLACEMENT_3D ( 'NONE', #225, #8987, #1722 ) ;
#3334 = CARTESIAN_POINT ( 'NONE',  ( 0.0000000000000000000, 0.0000000000000000000, 0.0000000000000000000 ) ) ;
#3335 = CARTESIAN_POINT ( 'NONE',  ( 20.70870137122114200, 3.487781866845841300, 4.327080692170088800 ) ) ;
#3336 = CARTESIAN_POINT ( 'NONE',  ( 2.332238092999999100, 0.0000000000000000000, 6.626889377999998700 ) ) ;
#3337 = CARTESIAN_POINT ( 'NONE',  ( 0.0000000000000000000, 0.0000000000000000000, 0.0000000000000000000 ) ) ;
#3338 = FACE_BOUND ( 'NONE', #7679, .T. ) ;
#3339 = CARTESIAN_POINT ( 'NONE',  ( 8.046594709448836400, 7.500154240198363600, 1.715795183920940200 ) ) ;
#3340 = DIRECTION ( 'NONE',  ( 0.0000000000000000000, 1.000000000000000000, -2.168404344971008900E-016 ) ) ;
#3341 = EDGE_LOOP ( 'NONE', ( #8604, #961 ) ) ;
#3342 = EDGE_CURVE ( 'NONE', #6336, #2496, #6401, .T. ) ;
#3343 = DIRECTION ( 'NONE',  ( -0.0000000000000000000, -0.0000000000000000000, 1.000000000000000000 ) ) ;
#3344 = ADVANCED_FACE ( 'NONE', ( #10238, #4783 ), #5699, .T. ) ;
#3345 = AXIS2_PLACEMENT_3D ( 'NONE', #9452, #8628, #3876 ) ;
#3346 = ORIENTED_EDGE ( 'NONE', *, *, #10264, .T. ) ;
#3347 = CARTESIAN_POINT ( 'NONE',  ( 15.49751941100000300, -15.49751941100000100, -15.00000000000000000 ) ) ;
#3348 = PRODUCT_DEFINITION_SHAPE ( 'NONE', 'NONE',  #10283 ) ;
#3349 = CARTESIAN_POINT ( 'NONE',  ( -10.62599999999999900, -10.62599999999999900, 5.000000000000000000 ) ) ;
#3350 = VECTOR ( 'NONE', #4556, 1000.000000000000000 ) ;
#3351 = DIRECTION ( 'NONE',  ( -0.0000000000000000000, 1.000000000000000000, 0.0000000000000000000 ) ) ;
#3352 = COORDINATED_UNIVERSAL_TIME_OFFSET ( 8, 0, .AHEAD. ) ;
#3353 = ORIENTED_EDGE ( 'NONE', *, *, #669, .T. ) ;
#3354 = EDGE_CURVE ( 'NONE', #8226, #842, #215, .T. ) ;
#3355 = VERTEX_POINT ( 'NONE', #3482 ) ;
#3356 = VERTEX_POINT ( 'NONE', #6497 ) ;
#3357 = CARTESIAN_POINT ( 'NONE',  ( 3.000000000000000000, -1.379974875123031000, 1.902234103439395300 ) ) ;
#3358 = CIRCLE ( 'NONE', #1882, 4.700000000000000200 ) ;
#3359 = DIRECTION ( 'NONE',  ( -1.000000000000000000, 0.0000000000000000000, 0.0000000000000000000 ) ) ;
#3360 = ORGANIZATION ( 'NAUO-ORG6', 'UNSPECIFIED', 'UNSPECIFIED' ) ;
#3361 = EDGE_LOOP ( 'NONE', ( #2855, #1249 ) ) ;
#3362 = LINE ( 'NONE', #3589, #5849 ) ;
#3363 = EDGE_CURVE ( 'NONE', #5096, #4662, #6787, .T. ) ;
#3364 = ORIENTED_EDGE ( 'NONE', *, *, #4235, .T. ) ;
#3365 = DIRECTION ( 'NONE',  ( 1.000000000000000000, 0.0000000000000000000, 0.0000000000000000000 ) ) ;
#3366 = APPROVAL ( #8504, '未指定' ) ;
#3367 = CARTESIAN_POINT ( 'NONE',  ( 10.69956843509519100, 2.557461007207753500, 3.794753847433988400 ) ) ;
#3368 = VERTEX_POINT ( 'NONE', #1831 ) ;
#3369 = CARTESIAN_POINT ( 'NONE',  ( 12.33297552255239700, 0.6000000000000000900, -2.768919047880106500 ) ) ;
#3370 = DIRECTION ( 'NONE',  ( 1.000000000000000000, 0.0000000000000000000, 0.0000000000000000000 ) ) ;
#3371 = COORDINATED_UNIVERSAL_TIME_OFFSET ( 8, 0, .AHEAD. ) ;
#3372 = EDGE_LOOP ( 'NONE', ( #6398, #9948, #9025 ) ) ;
#3373 = DIRECTION ( 'NONE',  ( -1.000000000000000000, 0.0000000000000000000, 0.0000000000000000000 ) ) ;
#3374 = CARTESIAN_POINT ( 'NONE',  ( 20.94629954979528100, 1.500845049719868900, 1.774668965182168100 ) ) ;
#3375 = PERSON ( 'NAUO-PER2', 'UNSPECIFIED', 'UNSPECIFIED', ('UNSPECIFIED'), ('UNSPECIFIED'), ('UNSPECIFIED') ) ;
#3376 = LINE ( 'NONE', #4349, #3118 ) ;
#3377 = DIRECTION ( 'NONE',  ( -1.000000000000000000, 0.0000000000000000000, 0.0000000000000000000 ) ) ;
#3378 = ORIENTED_EDGE ( 'NONE', *, *, #6624, .F. ) ;
#3379 = CARTESIAN_POINT ( 'NONE',  ( 9.390412570720373600, -7.699093861538259800, 2.173678187023173200 ) ) ;
#3380 = DIRECTION ( 'NONE',  ( 0.0000000000000000000, 0.0000000000000000000, -1.000000000000000000 ) ) ;
#3381 = EDGE_CURVE ( 'NONE', #9676, #2388, #8728, .T. ) ;
#3382 = AXIS2_PLACEMENT_3D ( 'NONE', #8637, #2203, #7833 ) ;
#3383 = CC_DESIGN_SECURITY_CLASSIFICATION ( #8168, ( #10282 ) ) ;
#3384 = DIRECTION ( 'NONE',  ( 0.0000000000000000000, -1.000000000000000000, 0.0000000000000000000 ) ) ;
#3385 = ORIENTED_EDGE ( 'NONE', *, *, #4253, .T. ) ;
#3386 = DATE_AND_TIME ( #2899, #5750 ) ;
#3387 = DIRECTION ( 'NONE',  ( -0.0000000000000000000, 0.0000000000000000000, -1.000000000000000000 ) ) ;
#3388 = CIRCLE ( 'NONE', #5289, 2.999999999999955100 ) ;
#3389 = CARTESIAN_POINT ( 'NONE',  ( 15.85000000000000000, 2.020667218593135500E-016, 10.00000000000000000 ) ) ;
#3390 = ORIENTED_EDGE ( 'NONE', *, *, #4812, .T. ) ;
#3391 = DIRECTION ( 'NONE',  ( 1.000000000000000000, 0.0000000000000000000, 0.0000000000000000000 ) ) ;
#3392 = VERTEX_POINT ( 'NONE', #1939 ) ;
#3393 = ORIENTED_EDGE ( 'NONE', *, *, #2545, .T. ) ;
#3394 = DATE_AND_TIME ( #7110, #9727 ) ;
#3395 = CYLINDRICAL_SURFACE ( 'NONE', #9930, 21.00000000000000000 ) ;
#3396 = AXIS2_PLACEMENT_3D ( 'NONE', #9997, #2993, #6118 ) ;
#3397 = CARTESIAN_POINT ( 'NONE',  ( 3.000000000000000400, -1.258283538024710400, -1.987222255683084300 ) ) ;
#3398 = PERSON_AND_ORGANIZATION_ROLE ( 'classification_officer' ) ;
#3399 = EDGE_CURVE ( 'NONE', #7896, #4971, #4302, .T. ) ;
#3400 = ORIENTED_EDGE ( 'NONE', *, *, #9368, .T. ) ;
#3401 = CARTESIAN_POINT ( 'NONE',  ( -15.48178128763817800, 9.659940380423453400, 8.000000000000000000 ) ) ;
#3402 = ADVANCED_FACE ( 'NONE', ( #2936 ), #335, .F. ) ;
#3403 = CARTESIAN_POINT ( 'NONE',  ( -20.92574863851804400, -1.769393526308735700, 0.2295491478642782700 ) ) ;
#3404 = AXIS2_PLACEMENT_3D ( 'NONE', #2217, #580, #3798 ) ;
#3405 = DIRECTION ( 'NONE',  ( 0.0000000000000000000, -0.0000000000000000000, 1.000000000000000000 ) ) ;
#3406 = SHAPE_REPRESENTATION_RELATIONSHIP ( 'NONE' , 'NONE' ,  #3706, #5284 ) ;
#3407 = CARTESIAN_POINT ( 'NONE',  ( 0.0000000000000000000, 0.0000000000000000000, 0.0000000000000000000 ) ) ;
#3408 = ORIENTED_EDGE ( 'NONE', *, *, #7672, .T. ) ;
#3409 = VERTEX_POINT ( 'NONE', #299 ) ;
#3410 = VECTOR ( 'NONE', #4748, 1000.000000000000000 ) ;
#3411 = CARTESIAN_POINT ( 'NONE',  ( -21.00000000000000000, -1.956602898296059000, -0.09095291666472225800 ) ) ;
#3412 = CARTESIAN_POINT ( 'NONE',  ( 10.09246458567700500, 7.310095758605752900, 3.250000000002185800 ) ) ;
#3413 = EDGE_CURVE ( 'NONE', #8325, #5305, #2191, .T. ) ;
#3414 = DIRECTION ( 'NONE',  ( -1.000000000000000000, 0.0000000000000000000, 0.0000000000000000000 ) ) ;
#3415 = DIRECTION ( 'NONE',  ( -0.0000000000000000000, -0.0000000000000000000, 1.000000000000000000 ) ) ;
#3416 = AXIS2_PLACEMENT_3D ( 'NONE', #1580, #7052, #1615 ) ;
#3417 = DIRECTION ( 'NONE',  ( 0.0000000000000000000, 0.0000000000000000000, 1.000000000000000000 ) ) ;
#3418 = VECTOR ( 'NONE', #8042, 1000.000000000000000 ) ;
#3419 = EDGE_LOOP ( 'NONE', ( #8974, #44, #6253, #1431 ) ) ;
#3420 = CARTESIAN_POINT ( 'NONE',  ( 8.573239169381142900, -7.578362986160022400, 2.564318657634934600 ) ) ;
#3421 = CARTESIAN_POINT ( 'NONE',  ( 9.500000000000001800, 0.6000000000000000900, 7.977468269999999300 ) ) ;
#3422 = VERTEX_POINT ( 'NONE', #6675 ) ;
#3423 = DIRECTION ( 'NONE',  ( 0.0000000000000000000, 0.0000000000000000000, -1.000000000000000000 ) ) ;
#3424 = DIRECTION ( 'NONE',  ( 0.0000000000000000000, -1.000000000000000000, -0.0000000000000000000 ) ) ;
#3425 = DIRECTION ( 'NONE',  ( 0.0000000000000000000, 0.0000000000000000000, -1.000000000000000000 ) ) ;
#3426 = VECTOR ( 'NONE', #3085, 1000.000000000000200 ) ;
#3427 = VERTEX_POINT ( 'NONE', #5114 ) ;
#3428 = ORIENTED_EDGE ( 'NONE', *, *, #3595, .T. ) ;
#3429 = CARTESIAN_POINT ( 'NONE',  ( 10.00000000000000000, 3.849999999999999600, -4.500000000000000900 ) ) ;
#3430 = VECTOR ( 'NONE', #7149, 1000.000000000000000 ) ;
#3431 = EDGE_CURVE ( 'NONE', #9079, #771, #6897, .T. ) ;
#3432 = AXIS2_PLACEMENT_3D ( 'NONE', #6208, #1503, #6247 ) ;
#3433 = CARTESIAN_POINT ( 'NONE',  ( 3.000000000000000400, -1.523037579166651700, -1.790497180343546300 ) ) ;
#3434 = VECTOR ( 'NONE', #942, 1000.000000000000000 ) ;
#3435 = ORIENTED_EDGE ( 'NONE', *, *, #1414, .F. ) ;
#3436 = CARTESIAN_POINT ( 'NONE',  ( 1.499999999461332400, 3.708099243765733600, 28.00000000000000000 ) ) ;
#3437 = ADVANCED_FACE ( 'NONE', ( #8262 ), #6663, .T. ) ;
#3438 = DIRECTION ( 'NONE',  ( 0.0000000000000000000, -1.000000000000000000, 0.0000000000000000000 ) ) ;
#3439 = VERTEX_POINT ( 'NONE', #2090 ) ;
#3440 = CARTESIAN_POINT ( 'NONE',  ( 10.83247858300630800, 1.915920359155041800, -0.03706942262586405300 ) ) ;
#3441 = EDGE_LOOP ( 'NONE', ( #5708, #6223 ) ) ;
#3442 = CARTESIAN_POINT ( 'NONE',  ( 1.300000000000000300, 0.0000000000000000000, 8.096295448999999400 ) ) ;
#3443 = CIRCLE ( 'NONE', #9128, 1.599999999999999900 ) ;
#3444 = EDGE_CURVE ( 'NONE', #3439, #64, #6157, .T. ) ;
#3445 = EDGE_LOOP ( 'NONE', ( #5612, #2898 ) ) ;
#3446 = ORIENTED_EDGE ( 'NONE', *, *, #5316, .F. ) ;
#3447 = CARTESIAN_POINT ( 'NONE',  ( 0.0000000000000000000, 0.0000000000000000000, -5.700000000000000200 ) ) ;
#3448 = DIRECTION ( 'NONE',  ( 1.000000000000000000, 0.0000000000000000000, 0.0000000000000000000 ) ) ;
#3449 =( NAMED_UNIT ( * ) SI_UNIT ( $, .STERADIAN. ) SOLID_ANGLE_UNIT ( ) );
#3450 = CC_DESIGN_APPROVAL ( #6104, ( #6645 ) ) ;
#3451 = PERSON ( 'NAUO-PER6', 'UNSPECIFIED', 'UNSPECIFIED', ('UNSPECIFIED'), ('UNSPECIFIED'), ('UNSPECIFIED') ) ;
#3452 = FACE_BOUND ( 'NONE', #8120, .T. ) ;
#3453 = CARTESIAN_POINT ( 'NONE',  ( 6.250000000000000000, 7.654042494670957600E-016, 10.50000000000000000 ) ) ;
#3454 = VERTEX_POINT ( 'NONE', #6097 ) ;
#3455 = LINE ( 'NONE', #10127, #2959 ) ;
#3456 = PLANE ( 'NONE',  #8459 ) ;
#3457 = DIRECTION ( 'NONE',  ( 0.0000000000000000000, -0.0000000000000000000, 1.000000000000000000 ) ) ;
#3458 = CARTESIAN_POINT ( 'NONE',  ( 0.0000000000000000000, -5.421010862427527100E-017, 9.500000000000000000 ) ) ;
#3459 = CARTESIAN_POINT ( 'NONE',  ( -9.557415136758894600, -5.449516274150915300, 4.352017296312582500 ) ) ;
#3460 = ADVANCED_FACE ( 'NONE', ( #8753 ), #3051, .F. ) ;
#3461 = CARTESIAN_POINT ( 'NONE',  ( 0.0000000000000000000, 0.0000000000000000000, 10.50000000000000000 ) ) ;
#3462 = LINE ( 'NONE', #3808, #5939 ) ;
#3463 = DIRECTION ( 'NONE',  ( 1.000000000000000000, 0.0000000000000000000, 0.0000000000000000000 ) ) ;
#3464 = ORIENTED_EDGE ( 'NONE', *, *, #3431, .T. ) ;
#3465 = VECTOR ( 'NONE', #5704, 1000.000000000000000 ) ;
#3466 = DIRECTION ( 'NONE',  ( 1.000000000000000000, -0.0000000000000000000, -0.0000000000000000000 ) ) ;
#3467 = AXIS2_PLACEMENT_3D ( 'NONE', #2228, #3638, #6825 ) ;
#3468 = EDGE_CURVE ( 'NONE', #1884, #7395, #455, .T. ) ;
#3469 = CARTESIAN_POINT ( 'NONE',  ( 7.500000000000000000, 0.0000000000000000000, 0.0000000000000000000 ) ) ;
#3470 = AXIS2_PLACEMENT_3D ( 'NONE', #688, #3787, #4619 ) ;
#3471 = CYLINDRICAL_SURFACE ( 'NONE', #8312, 0.2999999999999999300 ) ;
#3472 = VERTEX_POINT ( 'NONE', #2882 ) ;
#3473 = DATE_TIME_ROLE ( 'classification_date' ) ;
#3474 = DIRECTION ( 'NONE',  ( 0.0000000000000000000, 1.000000000000000000, 0.0000000000000000000 ) ) ;
#3475 = DIRECTION ( 'NONE',  ( 0.0000000000000000000, 0.0000000000000000000, 1.000000000000000000 ) ) ;
#3476 = DIRECTION ( 'NONE',  ( -1.000000000000000000, 0.0000000000000000000, 0.0000000000000000000 ) ) ;
#3477 = ORIENTED_EDGE ( 'NONE', *, *, #5995, .T. ) ;
#3478 = DIRECTION ( 'NONE',  ( 0.0000000000000000000, 0.0000000000000000000, -1.000000000000000000 ) ) ;
#3479 = EDGE_CURVE ( 'NONE', #5863, #2494, #937, .T. ) ;
#3480 = FACE_OUTER_BOUND ( 'NONE', #275, .T. ) ;
#3481 = VERTEX_POINT ( 'NONE', #1286 ) ;
#3482 = CARTESIAN_POINT ( 'NONE',  ( -15.48178128689715800, 9.659940389516855000, 10.00000000000000000 ) ) ;
#3483 = AXIS2_PLACEMENT_3D ( 'NONE', #2930, #2076, #500 ) ;
#3484 = DIRECTION ( 'NONE',  ( 0.0000000000000000000, 0.0000000000000000000, 1.000000000000000000 ) ) ;
#3485 = CARTESIAN_POINT ( 'NONE',  ( -6.888301783000001100, -16.62983158500000200, 6.000000000000000000 ) ) ;
#3486 = CARTESIAN_POINT ( 'NONE',  ( 15.50000000000000000, 15.49999999999999500, -15.00000000000000000 ) ) ;
#3487 = VERTEX_POINT ( 'NONE', #2156 ) ;
#3488 = CARTESIAN_POINT ( 'NONE',  ( -12.99999999739532400, 21.00000000110064100, -3.698178070021790100 ) ) ;
#3489 = DIRECTION ( 'NONE',  ( -1.000000000000000000, -0.0000000000000000000, -0.0000000000000000000 ) ) ;
#3490 = CIRCLE ( 'NONE', #6259, 9.300000000000000700 ) ;
#3491 = LOCAL_TIME ( 15, 11, 14.00000000000000000, #4475 ) ;
#3492 = ORIENTED_EDGE ( 'NONE', *, *, #7614, .F. ) ;
#3493 = FACE_OUTER_BOUND ( 'NONE', #2478, .T. ) ;
#3494 = DIRECTION ( 'NONE',  ( -0.7071067811865466800, -0.7071067811865483500, 8.659560562354924200E-017 ) ) ;
#3495 = PLANE ( 'NONE',  #6994 ) ;
#3496 = DIRECTION ( 'NONE',  ( -1.000000000000000000, 0.0000000000000000000, 0.0000000000000000000 ) ) ;
#3497 = ORIENTED_EDGE ( 'NONE', *, *, #10220, .T. ) ;
#3498 = CARTESIAN_POINT ( 'NONE',  ( 21.00000000000000000, -21.00000000000000000, -20.00000000000000000 ) ) ;
#3499 = AXIS2_PLACEMENT_3D ( 'NONE', #7151, #2408, #7948 ) ;
#3500 = CARTESIAN_POINT ( 'NONE',  ( 3.499999999253652100, 0.0000000000000000000, 5.039138621807656400 ) ) ;
#3501 = LINE ( 'NONE', #4950, #2252 ) ;
#3502 = PERSON_AND_ORGANIZATION ( #1730, #6603 ) ;
#3503 = ORIENTED_EDGE ( 'NONE', *, *, #8754, .F. ) ;
#3504 = CIRCLE ( 'NONE', #7302, 12.50000000000000000 ) ;
#3505 = EDGE_LOOP ( 'NONE', ( #6511, #1369, #1350, #1409 ) ) ;
#3506 = CARTESIAN_POINT ( 'NONE',  ( -16.80766968313798400, -12.79751941098109000, -15.00000000000000000 ) ) ;
#3507 = ORIENTED_EDGE ( 'NONE', *, *, #6641, .F. ) ;
#3508 = EDGE_CURVE ( 'NONE', #1196, #7977, #9137, .T. ) ;
#3509 = ADVANCED_FACE ( 'NONE', ( #4039 ), #2946, .T. ) ;
#3510 = ORIENTED_EDGE ( 'NONE', *, *, #9151, .T. ) ;
#3511 = PERSON_AND_ORGANIZATION ( #9162, #4154 ) ;
#3512 = PLANE ( 'NONE',  #9565 ) ;
#3513 = APPROVAL ( #6248, '未指定' ) ;
#3514 = CIRCLE ( 'NONE', #9271, 3.000000000000000900 ) ;
#3515 = DIRECTION ( 'NONE',  ( 0.0000000000000000000, -4.130293990420969400E-017, -1.000000000000000000 ) ) ;
#3516 = ORIENTED_EDGE ( 'NONE', *, *, #6763, .F. ) ;
#3517 = CARTESIAN_POINT ( 'NONE',  ( 6.888301783000001100, 16.62983158500000200, 8.500000000000000000 ) ) ;
#3518 = CARTESIAN_POINT ( 'NONE',  ( -2.087546334251260100, 2.646710530926040100, 26.25000000000000000 ) ) ;
#3519 = B_SPLINE_CURVE_WITH_KNOTS ( 'NONE', 3,
 ( #912, #4832, #984, #1023 ),
 .UNSPECIFIED., .F., .F.,
 ( 4, 4 ),
 ( 1.946205761252595000E-013, 0.0001793027732612387000 ),
 .UNSPECIFIED. ) ;
#3520 = DIRECTION ( 'NONE',  ( 0.0000000000000000000, -0.0000000000000000000, 1.000000000000000000 ) ) ;
#3521 = DIRECTION ( 'NONE',  ( 0.0000000000000000000, -1.000000000000000000, 0.0000000000000000000 ) ) ;
#3522 = ORIENTED_EDGE ( 'NONE', *, *, #10117, .F. ) ;
#3523 = DATE_AND_TIME ( #9226, #5758 ) ;
#3524 = FACE_OUTER_BOUND ( 'NONE', #4647, .T. ) ;
#3525 = ADVANCED_FACE ( 'NONE', ( #8635 ), #6034, .F. ) ;
#3526 = CARTESIAN_POINT ( 'NONE',  ( 9.660139592294022700, 5.265584700424936300, 4.406956004274724700 ) ) ;
#3527 = DIRECTION ( 'NONE',  ( 0.0000000000000000000, 1.000000000000000000, 0.0000000000000000000 ) ) ;
#3528 = ORIENTED_EDGE ( 'NONE', *, *, #3253, .T. ) ;
#3529 = AXIS2_PLACEMENT_3D ( 'NONE', #9911, #5166, #5818 ) ;
#3530 = DIRECTION ( 'NONE',  ( 0.0000000000000000000, 0.0000000000000000000, -1.000000000000000000 ) ) ;
#3531 = DIRECTION ( 'NONE',  ( -1.000000000000000000, 0.0000000000000000000, 0.0000000000000000000 ) ) ;
#3532 = EDGE_LOOP ( 'NONE', ( #5799, #660, #5867, #7755 ) ) ;
#3533 = DIRECTION ( 'NONE',  ( 1.000000000000000000, 0.0000000000000000000, 0.0000000000000000000 ) ) ;
#3534 = ORIENTED_EDGE ( 'NONE', *, *, #5625, .F. ) ;
#3535 = CALENDAR_DATE ( 2023, 10, 1 ) ;
#3536 = DIRECTION ( 'NONE',  ( 0.0000000000000000000, 1.000000000000000000, 0.0000000000000000000 ) ) ;
#3537 = VECTOR ( 'NONE', #9190, 999.9999999999998900 ) ;
#3538 = DIRECTION ( 'NONE',  ( 0.0000000000000000000, 0.0000000000000000000, -1.000000000000000000 ) ) ;
#3539 = EDGE_LOOP ( 'NONE', ( #6082, #5438, #3393 ) ) ;
#3540 = DIRECTION ( 'NONE',  ( -1.000000000000000000, -0.0000000000000000000, -0.0000000000000000000 ) ) ;
#3541 = VECTOR ( 'NONE', #412, 1000.000000000000000 ) ;
#3542 = ORIENTED_EDGE ( 'NONE', *, *, #7041, .T. ) ;
#3543 = EDGE_CURVE ( 'NONE', #5526, #7925, #2571, .T. ) ;
#3544 = CARTESIAN_POINT ( 'NONE',  ( 3.000000000000000000, -1.630823317096051100, -1.695563972507294600 ) ) ;
#3545 = FACE_BOUND ( 'NONE', #7037, .T. ) ;
#3546 = DIRECTION ( 'NONE',  ( 0.0000000000000000000, 0.0000000000000000000, -1.000000000000000000 ) ) ;
#3547 = CARTESIAN_POINT ( 'NONE',  ( 10.85365325310207200, -5.888045836953304000, -5.416319118210443800 ) ) ;
#3548 = VECTOR ( 'NONE', #5061, 1000.000000000000000 ) ;
#3549 = EDGE_LOOP ( 'NONE', ( #667, #6775 ) ) ;
#3550 = VERTEX_POINT ( 'NONE', #5333 ) ;
#3551 = EDGE_CURVE ( 'NONE', #3139, #9549, #7024, .T. ) ;
#3552 = DIRECTION ( 'NONE',  ( 0.0000000000000000000, -1.000000000000000000, 0.0000000000000000000 ) ) ;
#3553 = AXIS2_PLACEMENT_3D ( 'NONE', #7923, #675, #3169 ) ;
#3554 = DIRECTION ( 'NONE',  ( 0.0000000000000000000, 0.0000000000000000000, -1.000000000000000000 ) ) ;
#3555 = DIRECTION ( 'NONE',  ( 1.000000000000000000, 0.0000000000000000000, 0.0000000000000000000 ) ) ;
#3556 = FACE_OUTER_BOUND ( 'NONE', #10061, .T. ) ;
#3557 = ORIENTED_EDGE ( 'NONE', *, *, #6576, .T. ) ;
#3558 = CARTESIAN_POINT ( 'NONE',  ( -21.00000000000000000, 2.571758278209441700E-015, -16.69999999999999900 ) ) ;
#3559 = ADVANCED_FACE ( 'NONE', ( #1830 ), #10000, .T. ) ;
#3560 = EDGE_CURVE ( 'NONE', #1044, #4220, #8139, .T. ) ;
#3561 = ADVANCED_FACE ( 'NONE', ( #6533 ), #6987, .T. ) ;
#3562 = DIRECTION ( 'NONE',  ( -0.0000000000000000000, -0.0000000000000000000, 1.000000000000000000 ) ) ;
#3563 = CARTESIAN_POINT ( 'NONE',  ( -15.50000000000000000, -17.25000000000000000, -20.00000000000000000 ) ) ;
#3564 = EDGE_LOOP ( 'NONE', ( #1017, #617, #3799, #9563 ) ) ;
#3565 = ORIENTED_EDGE ( 'NONE', *, *, #2348, .F. ) ;
#3566 = EDGE_CURVE ( 'NONE', #2432, #2266, #6288, .T. ) ;
#3567 = VERTEX_POINT ( 'NONE', #2187 ) ;
#3568 = AXIS2_PLACEMENT_3D ( 'NONE', #5154, #3484, #2730 ) ;
#3569 = ADVANCED_FACE ( 'NONE', ( #1573 ), #7853, .F. ) ;
#3570 = VERTEX_POINT ( 'NONE', #6234 ) ;
#3571 = VECTOR ( 'NONE', #5208, 1000.000000000000000 ) ;
#3572 = ORIENTED_EDGE ( 'NONE', *, *, #1280, .T. ) ;
#3573 = DIRECTION ( 'NONE',  ( -0.0000000000000000000, -0.0000000000000000000, 1.000000000000000000 ) ) ;
#3574 = ORIENTED_EDGE ( 'NONE', *, *, #7016, .F. ) ;
#3575 = VECTOR ( 'NONE', #9223, 1000.000000000000000 ) ;
#3576 = ORIENTED_EDGE ( 'NONE', *, *, #6729, .F. ) ;
#3577 = FACE_OUTER_BOUND ( 'NONE', #9926, .T. ) ;
#3578 = EDGE_CURVE ( 'NONE', #5738, #7290, #3917, .T. ) ;
#3579 = CARTESIAN_POINT ( 'NONE',  ( -17.36857701121078900, -12.97883146574614900, -0.6821107669806804100 ) ) ;
#3580 = CARTESIAN_POINT ( 'NONE',  ( -2.087546334251260100, 2.646710530926040100, 52.44999999999999600 ) ) ;
#3581 = SECURITY_CLASSIFICATION ( '', '', #999 ) ;
#3582 = PRODUCT ( 'EG17-G5', 'EG17-G5', '', ( #2033 ) ) ;
#3583 = CARTESIAN_POINT ( 'NONE',  ( 1.347560977077964800, 0.0000000000000000000, 8.392501379908136300 ) ) ;
#3584 = CARTESIAN_POINT ( 'NONE',  ( 0.5000000000000000000, -1.500000000000000000, 1.732050808000000300 ) ) ;
#3585 = FACE_OUTER_BOUND ( 'NONE', #7383, .T. ) ;
#3586 = DIRECTION ( 'NONE',  ( 0.0000000000000000000, -9.912705577010318600E-016, 1.000000000000000000 ) ) ;
#3587 = ORIENTED_EDGE ( 'NONE', *, *, #3215, .F. ) ;
#3588 = DIRECTION ( 'NONE',  ( -1.000000000000000000, 0.0000000000000000000, 0.0000000000000000000 ) ) ;
#3589 = CARTESIAN_POINT ( 'NONE',  ( -16.76810323750000000, 10.19275237700000000, 6.000000000000000000 ) ) ;
#3590 = CARTESIAN_POINT ( 'NONE',  ( 0.0000000000000000000, 0.0000000000000000000, 0.0000000000000000000 ) ) ;
#3591 = CIRCLE ( 'NONE', #3329, 20.99999999999999600 ) ;
#3592 = DIRECTION ( 'NONE',  ( -1.000000000000000000, 0.0000000000000000000, 0.0000000000000000000 ) ) ;
#3593 = AXIS2_PLACEMENT_3D ( 'NONE', #9603, #5588, #4129 ) ;
#3594 = ORIENTED_EDGE ( 'NONE', *, *, #9741, .F. ) ;
#3595 = EDGE_CURVE ( 'NONE', #10188, #7888, #9864, .T. ) ;
#3596 = CARTESIAN_POINT ( 'NONE',  ( 0.0000000000000000000, 0.0000000000000000000, 4.799999999999999800 ) ) ;
#3597 = AXIS2_PLACEMENT_3D ( 'NONE', #7885, #7847, #4730 ) ;
#3598 = ORIENTED_EDGE ( 'NONE', *, *, #6329, .F. ) ;
#3599 = DIRECTION ( 'NONE',  ( 0.0000000000000000000, -1.000000000000000000, -9.912705577010306800E-016 ) ) ;
#3600 = FACE_OUTER_BOUND ( 'NONE', #418, .T. ) ;
#3601 = COORDINATED_UNIVERSAL_TIME_OFFSET ( 8, 0, .AHEAD. ) ;
#3602 = ORIENTED_EDGE ( 'NONE', *, *, #8140, .T. ) ;
#3603 = ORIENTED_EDGE ( 'NONE', *, *, #8182, .T. ) ;
#3604 = DIRECTION ( 'NONE',  ( 0.0000000000000000000, 0.0000000000000000000, -1.000000000000000000 ) ) ;
#3605 = EDGE_CURVE ( 'NONE', #6462, #7888, #9217, .T. ) ;
#3606 = CARTESIAN_POINT ( 'NONE',  ( 3.000000000000000000, -0.7500000000000000000, -1.299038106000000200 ) ) ;
#3607 = CARTESIAN_POINT ( 'NONE',  ( 11.13594638562544900, -6.956238567707688800, -3.954907088596831200 ) ) ;
#3608 = EDGE_CURVE ( 'NONE', #3721, #653, #2900, .T. ) ;
#3609 = ADVANCED_FACE ( 'NONE', ( #6127 ), #634, .F. ) ;
#3610 = ORIENTED_EDGE ( 'NONE', *, *, #2133, .T. ) ;
#3611 = FACE_OUTER_BOUND ( 'NONE', #1404, .T. ) ;
#3612 = ITEM_DEFINED_TRANSFORMATION ( 'NONE', 'NONE', #5695,  #2234 ) ;
#3613 = EDGE_LOOP ( 'NONE', ( #7864, #7271, #1927, #5831 ) ) ;
#3614 = DIRECTION ( 'NONE',  ( -0.9238795325793934800, 0.3826834322006653600, 0.0000000000000000000 ) ) ;
#3615 = FACE_OUTER_BOUND ( 'NONE', #8705, .T. ) ;
#3616 = DIRECTION ( 'NONE',  ( -0.0000000000000000000, -0.0000000000000000000, -1.000000000000000000 ) ) ;
#3617 = CARTESIAN_POINT ( 'NONE',  ( -14.15000000000000000, 0.0000000000000000000, 10.50000000000000000 ) ) ;
#3618 = ADVANCED_FACE ( 'NONE', ( #8972 ), #2890, .T. ) ;
#3619 = CARTESIAN_POINT ( 'NONE',  ( -9.659940380658920100, -15.48178128820665100, 8.000000000000000000 ) ) ;
#3620 = CARTESIAN_POINT ( 'NONE',  ( 12.99751941100000100, -17.67696888187445800, -0.9410742601651001000 ) ) ;
#3621 = VERTEX_POINT ( 'NONE', #3901 ) ;
#3622 = MANIFOLD_SOLID_BREP ( '输入1', #6415 ) ;
#3623 = CARTESIAN_POINT ( 'NONE',  ( -13.00000000000000200, -17.67696888200000400, -7.929099536499999000 ) ) ;
#3624 = LOCAL_TIME ( 15, 11, 14.00000000000000000, #9703 ) ;
#3625 = ORIENTED_EDGE ( 'NONE', *, *, #86, .F. ) ;
#3626 = CONICAL_SURFACE ( 'NONE', #1854, 5.700000000000000200, 0.7853981633974481700 ) ;
#3627 = DIRECTION ( 'NONE',  ( -1.000000000000000000, 0.0000000000000000000, 0.0000000000000000000 ) ) ;
#3628 = DIRECTION ( 'NONE',  ( -1.473925977847374000E-030, -9.912705577010326500E-016, 1.000000000000000000 ) ) ;
#3629 = AXIS2_PLACEMENT_3D ( 'NONE', #5300, #1243, #1312 ) ;
#3630 = ORIENTED_EDGE ( 'NONE', *, *, #6890, .F. ) ;
#3631 = AXIS2_PLACEMENT_3D ( 'NONE', #8109, #6486, #9667 ) ;
#3632 = DIRECTION ( 'NONE',  ( 0.0000000000000000000, 1.000000000000000000, 0.0000000000000000000 ) ) ;
#3633 = CARTESIAN_POINT ( 'NONE',  ( 12.99751941239642300, 17.67944947199999800, -15.00000000000000000 ) ) ;
#3634 = EDGE_CURVE ( 'NONE', #2997, #2283, #4119, .T. ) ;
#3635 = ORIENTED_EDGE ( 'NONE', *, *, #7777, .T. ) ;
#3636 = PERSON_AND_ORGANIZATION ( #9162, #4154 ) ;
#3637 = LINE ( 'NONE', #828, #651 ) ;
#3638 = DIRECTION ( 'NONE',  ( -0.0000000000000000000, -0.0000000000000000000, -1.000000000000000000 ) ) ;
#3639 = EDGE_LOOP ( 'NONE', ( #9292, #8672, #3990 ) ) ;
#3640 = EDGE_CURVE ( 'NONE', #2760, #3721, #8948, .T. ) ;
#3641 = CARTESIAN_POINT ( 'NONE',  ( -19.71655855984674600, -7.230287190897016100, 0.2289961348550330300 ) ) ;
#3642 = CARTESIAN_POINT ( 'NONE',  ( 0.0000000000000000000, 0.0000000000000000000, 11.19999999999999900 ) ) ;
#3643 = ORIENTED_EDGE ( 'NONE', *, *, #10012, .T. ) ;
#3644 = APPROVAL ( #6452, 'UNKNOWN' ) ;
#3645 = CARTESIAN_POINT ( 'NONE',  ( 20.91369613228453200, 1.901923785662009700, 5.603160434822717900E-010 ) ) ;
#3646 = ORIENTED_EDGE ( 'NONE', *, *, #9823, .F. ) ;
#3647 = PERSON_AND_ORGANIZATION ( #9162, #4154 ) ;
#3648 = VECTOR ( 'NONE', #2456, 999.9999999999998900 ) ;
#3649 = CARTESIAN_POINT ( 'NONE',  ( 8.864480516134783300, 4.500000000000000900, -6.614378277830737400 ) ) ;
#3650 = VERTEX_POINT ( 'NONE', #10205 ) ;
#3651 = DIRECTION ( 'NONE',  ( 1.000000000000000000, 0.0000000000000000000, 0.0000000000000000000 ) ) ;
#3652 = APPROVAL_STATUS ( 'not_yet_approved' ) ;
#3653 = CIRCLE ( 'NONE', #445, 2.650000000385868100 ) ;
#3654 = ORIENTED_EDGE ( 'NONE', *, *, #2844, .T. ) ;
#3655 = CARTESIAN_POINT ( 'NONE',  ( 12.50000000000000000, -8.044399999999999600, -8.073197889000001100 ) ) ;
#3656 = ORIENTED_EDGE ( 'NONE', *, *, #3907, .F. ) ;
#3657 = VECTOR ( 'NONE', #3951, 1000.000000000000000 ) ;
#3658 = AXIS2_PLACEMENT_3D ( 'NONE', #2937, #7573, #6916 ) ;
#3659 = EDGE_CURVE ( 'NONE', #4322, #7986, #6514, .T. ) ;
#3660 = DIRECTION ( 'NONE',  ( 1.000000000000000000, 0.0000000000000000000, 0.0000000000000000000 ) ) ;
#3661 = CARTESIAN_POINT ( 'NONE',  ( 0.0000000000000000000, 0.0000000000000000000, 31.50000000000000000 ) ) ;
#3662 = CIRCLE ( 'NONE', #2778, 3.000000000000000900 ) ;
#3663 = EDGE_LOOP ( 'NONE', ( #8412, #5240, #8155, #9075, #756 ) ) ;
#3664 = DIRECTION ( 'NONE',  ( 0.0000000000000000000, 0.0000000000000000000, 1.000000000000000000 ) ) ;
#3665 = ORIENTED_EDGE ( 'NONE', *, *, #368, .F. ) ;
#3666 = CARTESIAN_POINT ( 'NONE',  ( -12.79999999949517400, -16.80518909301985500, -3.249999999999999600 ) ) ;
#3667 = ADVANCED_FACE ( 'NONE', ( #9306 ), #9480, .F. ) ;
#3668 = EDGE_CURVE ( 'NONE', #7546, #1306, #2435, .T. ) ;
#3669 = AXIS2_PLACEMENT_3D ( 'NONE', #101, #8829, #3244 ) ;
#3670 = DIRECTION ( 'NONE',  ( 0.0000000000000000000, 0.0000000000000000000, 1.000000000000000000 ) ) ;
#3671 = CIRCLE ( 'NONE', #3795, 3.000000000000000900 ) ;
#3672 = EDGE_LOOP ( 'NONE', ( #10133, #4987, #8796, #1021 ) ) ;
#3673 = VECTOR ( 'NONE', #3070, 1000.000000000000000 ) ;
#3674 = AXIS2_PLACEMENT_3D ( 'NONE', #9496, #4054, #3921 ) ;
#3675 = DIRECTION ( 'NONE',  ( 1.000000000000000000, 0.0000000000000000000, 0.0000000000000000000 ) ) ;
#3676 = CARTESIAN_POINT ( 'NONE',  ( 0.0000000000000000000, -21.00000000000000000, -15.00000000647999900 ) ) ;
#3677 = CIRCLE ( 'NONE', #7390, 20.99999999999999600 ) ;
#3678 = ORIENTED_EDGE ( 'NONE', *, *, #7594, .F. ) ;
#3679 = EDGE_CURVE ( 'NONE', #7564, #5674, #1768, .T. ) ;
#3680 = CARTESIAN_POINT ( 'NONE',  ( -13.00000000000000200, 18.79930145050020900, -1.846742250338881700 ) ) ;
#3681 = APPROVAL_ROLE ( '' ) ;
#3682 = CARTESIAN_POINT ( 'NONE',  ( -15.50000000000000000, -17.25000000000000400, -15.00000000000000200 ) ) ;
#3683 = AXIS2_PLACEMENT_3D ( 'NONE', #71, #8006, #8070 ) ;
#3684 = DIRECTION ( 'NONE',  ( -1.000000000000000000, 0.0000000000000000000, 0.0000000000000000000 ) ) ;
#3685 = VERTEX_POINT ( 'NONE', #3309 ) ;
#3686 = DIRECTION ( 'NONE',  ( 0.0000000000000000000, 0.0000000000000000000, -1.000000000000000000 ) ) ;
#3687 = ORIENTED_EDGE ( 'NONE', *, *, #5786, .F. ) ;
#3688 = CYLINDRICAL_SURFACE ( 'NONE', #6280, 1.599999999999995400 ) ;
#3689 = CARTESIAN_POINT ( 'NONE',  ( 21.00000000044618500, 12.99999999739532400, -3.698178069465329000 ) ) ;
#3690 = EDGE_LOOP ( 'NONE', ( #6975, #6568, #224, #3782 ) ) ;
#3691 = ORIENTED_EDGE ( 'NONE', *, *, #5984, .F. ) ;
#3692 = EDGE_CURVE ( 'NONE', #6049, #6004, #6724, .T. ) ;
#3693 = VECTOR ( 'NONE', #8447, 1000.000000000000000 ) ;
#3694 = CARTESIAN_POINT ( 'NONE',  ( -15.50000000000000000, -15.50000000000000000, -20.00000000000000000 ) ) ;
#3695 = ORIENTED_EDGE ( 'NONE', *, *, #4963, .F. ) ;
#3696 = FACE_OUTER_BOUND ( 'NONE', #5455, .T. ) ;
#3697 = CARTESIAN_POINT ( 'NONE',  ( -11.98899092281769400, 20.99999999999999600, -3.166028777282720700 ) ) ;
#3698 = DIRECTION ( 'NONE',  ( 0.0000000000000000000, -1.000000000000000000, 0.0000000000000000000 ) ) ;
#3699 = EDGE_CURVE ( 'NONE', #9445, #8091, #4680, .T. ) ;
#3700 = CC_DESIGN_SECURITY_CLASSIFICATION ( #7026, ( #2248 ) ) ;
#3701 = VECTOR ( 'NONE', #6662, 1000.000000000000000 ) ;
#3702 = DIRECTION ( 'NONE',  ( 0.0000000000000000000, -1.000000000000000000, -1.284980352575412700E-016 ) ) ;
#3703 = ORIENTED_EDGE ( 'NONE', *, *, #8378, .F. ) ;
#3705 = DIRECTION ( 'NONE',  ( 0.0000000000000000000, 0.0000000000000000000, -1.000000000000000000 ) ) ;
#3704 = CONICAL_SURFACE ( 'NONE', #4791, 1.600000000000000800, 0.7853981633974472800 ) ;
#3706 = SHAPE_REPRESENTATION ( 'EG17 shaft', ( #2234 ), #1712 ) ;
#3707 = CARTESIAN_POINT ( 'NONE',  ( -19.67037791147482300, -7.353753208245883900, 2.434716159717460000 ) ) ;
#3708 = CARTESIAN_POINT ( 'NONE',  ( 2.332238092999999100, -1.000000000000000000, 6.626889377999998700 ) ) ;
#3709 = ADVANCED_FACE ( 'NONE', ( #1150 ), #6958, .T. ) ;
#3710 = LINE ( 'NONE', #256, #2235 ) ;
#3711 = EDGE_LOOP ( 'NONE', ( #6722, #6703 ) ) ;
#3712 = EDGE_CURVE ( 'NONE', #7770, #8876, #811, .T. ) ;
#3713 = AXIS2_PLACEMENT_3D ( 'NONE', #6882, #8480, #9241 ) ;
#3714 = DIRECTION ( 'NONE',  ( 1.000000000000000000, 0.0000000000000000000, 0.0000000000000000000 ) ) ;
#3715 = PERSON_AND_ORGANIZATION_ROLE ( 'design_owner' ) ;
#3716 = CC_DESIGN_SECURITY_CLASSIFICATION ( #1401, ( #10281 ) ) ;
#3717 = ORIENTED_EDGE ( 'NONE', *, *, #3021, .T. ) ;
#3718 = ADVANCED_FACE ( 'NONE', ( #8072 ), #5233, .F. ) ;
#3719 = CARTESIAN_POINT ( 'NONE',  ( 16.76737971411990100, -12.77920749312452400, -0.08205628287750410500 ) ) ;
#3720 = FACE_OUTER_BOUND ( 'NONE', #22, .T. ) ;
#3721 = VERTEX_POINT ( 'NONE', #2453 ) ;
#3722 = DIRECTION ( 'NONE',  ( 1.000000000000000000, 0.0000000000000000000, 0.0000000000000000000 ) ) ;
#3723 = VERTEX_POINT ( 'NONE', #3972 ) ;
#3724 = AXIS2_PLACEMENT_3D ( 'NONE', #1577, #7111, #3153 ) ;
#3725 = DIRECTION ( 'NONE',  ( -1.000000000000000000, -0.0000000000000000000, -0.0000000000000000000 ) ) ;
#3726 = FACE_OUTER_BOUND ( 'NONE', #6522, .T. ) ;
#3727 = CARTESIAN_POINT ( 'NONE',  ( -0.3906814809387122400, 3.982053635515099700, 15.54842379436969500 ) ) ;
#3728 = ITEM_DEFINED_TRANSFORMATION ( 'NONE', 'NONE', #1250,  #2234 ) ;
#3729 = VERTEX_POINT ( 'NONE', #1739 ) ;
#3730 = VECTOR ( 'NONE', #3562, 1000.000000000000000 ) ;
#3731 = AXIS2_PLACEMENT_3D ( 'NONE', #9687, #4830, #9653 ) ;
#3732 = EDGE_LOOP ( 'NONE', ( #2880, #3665, #10169, #1813, #5684, #4581, #6362, #3249 ) ) ;
#3733 = PLANE ( 'NONE',  #1510 ) ;
#3734 = VERTEX_POINT ( 'NONE', #8822 ) ;
#3735 = LINE ( 'NONE', #6083, #2634 ) ;
#3736 = CARTESIAN_POINT ( 'NONE',  ( -20.39407383248961000, -5.014903087445241600, 4.466908604590764200 ) ) ;
#3737 = EDGE_CURVE ( 'NONE', #919, #5526, #8108, .T. ) ;
#3738 = APPROVAL_DATE_TIME ( #2382, #61 ) ;
#3739 = VERTEX_POINT ( 'NONE', #165 ) ;
#3740 = CYLINDRICAL_SURFACE ( 'NONE', #8898, 1.650000000000000100 ) ;
#3741 = AXIS2_PLACEMENT_3D ( 'NONE', #1810, #3424, #1842 ) ;
#3742 = ORIENTED_EDGE ( 'NONE', *, *, #5927, .F. ) ;
#3743 = VERTEX_POINT ( 'NONE', #7414 ) ;
#3744 = DIRECTION ( 'NONE',  ( 0.0000000000000000000, 0.0000000000000000000, 1.000000000000000000 ) ) ;
#3745 = ADVANCED_BREP_SHAPE_REPRESENTATION ( '', ( #6685, #2234 ), #7549 ) ;
#3746 = CARTESIAN_POINT ( 'NONE',  ( 20.91369613228453200, 1.901923785662009700, 5.603160434822717900E-010 ) ) ;
#3747 = MECHANICAL_CONTEXT ( 'NONE', #6811, 'mechanical' ) ;
#3748 = CARTESIAN_POINT ( 'NONE',  ( 7.245668979383631300, -20.99999999999999300, -1.208790948729379500 ) ) ;
#3749 = CARTESIAN_POINT ( 'NONE',  ( 12.28183030867619700, -7.095697873823106700, 3.705272513837820200 ) ) ;
#3750 = EDGE_LOOP ( 'NONE', ( #3135, #2690, #2539, #2020 ) ) ;
#3751 = APPROVAL_PERSON_ORGANIZATION ( #1918, #6833, #4020 ) ;
#3752 = EDGE_CURVE ( 'NONE', #2489, #986, #9311, .T. ) ;
#3753 = CYLINDRICAL_SURFACE ( 'NONE', #8743, 8.000000000000000000 ) ;
#3754 = ORIENTED_EDGE ( 'NONE', *, *, #8479, .T. ) ;
#3755 = CARTESIAN_POINT ( 'NONE',  ( 1.959434878635765100E-015, -16.00000000000000000, 10.00000000000000200 ) ) ;
#3756 = DIRECTION ( 'NONE',  ( 0.0000000000000000000, -0.0000000000000000000, 1.000000000000000000 ) ) ;
#3757 = VERTEX_POINT ( 'NONE', #1874 ) ;
#3758 = EDGE_CURVE ( 'NONE', #5015, #4780, #1000, .T. ) ;
#3759 = ADVANCED_FACE ( 'NONE', ( #9191 ), #6471, .F. ) ;
#3760 = ORIENTED_EDGE ( 'NONE', *, *, #5204, .T. ) ;
#3761 = APPROVAL_PERSON_ORGANIZATION ( #7978, #4573, #4652 ) ;
#3762 = CARTESIAN_POINT ( 'NONE',  ( 7.500000001000000100, -0.6000000000000000900, -7.977468270035824800 ) ) ;
#3763 = AXIS2_PLACEMENT_3D ( 'NONE', #2701, #6606, #9790 ) ;
#3764 = VECTOR ( 'NONE', #6374, 1000.000000000000000 ) ;
#3765 = CARTESIAN_POINT ( 'NONE',  ( 7.777854788072108500, 7.154458223937710100, -3.582398376979663900 ) ) ;
#3766 = ORIENTED_EDGE ( 'NONE', *, *, #789, .F. ) ;
#3767 = CARTESIAN_POINT ( 'NONE',  ( -10.89731298154464400, -1.499523262865543500, 1.902439452061206500 ) ) ;
#3768 = FACE_OUTER_BOUND ( 'NONE', #4308, .T. ) ;
#3769 = DIRECTION ( 'NONE',  ( -1.000000000000000000, 0.0000000000000000000, 0.0000000000000000000 ) ) ;
#3770 = ORIENTED_EDGE ( 'NONE', *, *, #9253, .T. ) ;
#3771 = ADVANCED_FACE ( 'NONE', ( #3611 ), #1511, .F. ) ;
#3772 = VERTEX_POINT ( 'NONE', #7342 ) ;
#3773 = LOCAL_TIME ( 15, 11, 14.00000000000000000, #9108 ) ;
#3774 = FACE_OUTER_BOUND ( 'NONE', #8906, .T. ) ;
#3775 = VERTEX_POINT ( 'NONE', #9694 ) ;
#3776 = EDGE_CURVE ( 'NONE', #1205, #9117, #4105, .T. ) ;
#3777 = DIRECTION ( 'NONE',  ( 0.0000000000000000000, 0.0000000000000000000, 1.000000000000000000 ) ) ;
#3778 = CARTESIAN_POINT ( 'NONE',  ( 21.00000000044618500, 12.99999999739532400, -3.698178069465329000 ) ) ;
#3779 = CC_DESIGN_DATE_AND_TIME_ASSIGNMENT ( #4736, #4750, ( #4836 ) ) ;
#3780 = DIRECTION ( 'NONE',  ( -9.826173185649159900E-031, -9.912705577010326500E-016, 1.000000000000000000 ) ) ;
#3781 = FACE_BOUND ( 'NONE', #6835, .T. ) ;
#3782 = ORIENTED_EDGE ( 'NONE', *, *, #4775, .T. ) ;
#3783 = CARTESIAN_POINT ( 'NONE',  ( 0.0000000000000000000, 0.0000000000000000000, 12.40000000000000200 ) ) ;
#3784 = CIRCLE ( 'NONE', #6670, 1.600000000000000800 ) ;
#3785 = DIRECTION ( 'NONE',  ( 0.0000000000000000000, 0.0000000000000000000, -1.000000000000000000 ) ) ;
#3786 = APPLICATION_CONTEXT ( 'configuration controlled 3d designs of mechanical parts and assemblies' ) ;
#3787 = DIRECTION ( 'NONE',  ( 1.000000000000000000, -0.0000000000000000000, 0.0000000000000000000 ) ) ;
#3788 = CARTESIAN_POINT ( 'NONE',  ( 12.37608727511340800, -6.357317214231026800, 4.858723791308341900 ) ) ;
#3789 = PLANE ( 'NONE',  #6976 ) ;
#3790 = CYLINDRICAL_SURFACE ( 'NONE', #6981, 1.250000000000000200 ) ;
#3791 = ORIENTED_EDGE ( 'NONE', *, *, #4673, .F. ) ;
#3792 = AXIS2_PLACEMENT_3D ( 'NONE', #7979, #79, #8148 ) ;
#3793 = EDGE_CURVE ( 'NONE', #1563, #2760, #10174, .T. ) ;
#3794 = ORIENTED_EDGE ( 'NONE', *, *, #7301, .T. ) ;
#3795 = AXIS2_PLACEMENT_3D ( 'NONE', #5387, #3814, #595 ) ;
#3796 = DIRECTION ( 'NONE',  ( 1.000000000000000000, -0.0000000000000000000, -0.0000000000000000000 ) ) ;
#3797 = VECTOR ( 'NONE', #10163, 1000.000000000000000 ) ;
#3798 = DIRECTION ( 'NONE',  ( 0.0000000000000000000, -1.000000000000000000, 0.0000000000000000000 ) ) ;
#3799 = ORIENTED_EDGE ( 'NONE', *, *, #2172, .T. ) ;
#3800 = DIRECTION ( 'NONE',  ( 0.0000000000000000000, 0.0000000000000000000, -1.000000000000000000 ) ) ;
#3801 = EDGE_CURVE ( 'NONE', #7593, #9638, #7337, .T. ) ;
#3802 = EDGE_CURVE ( 'NONE', #1195, #4575, #5605, .T. ) ;
#3803 = ORIENTED_EDGE ( 'NONE', *, *, #4661, .T. ) ;
#3804 = CIRCLE ( 'NONE', #3077, 1.600000000000000800 ) ;
#3805 = ORIENTED_EDGE ( 'NONE', *, *, #1521, .T. ) ;
#3806 = DIRECTION ( 'NONE',  ( 0.3826834307322733400, 0.9238795331876213900, 0.0000000000000000000 ) ) ;
#3807 = AXIS2_PLACEMENT_3D ( 'NONE', #2806, #9835, #8332 ) ;
#3808 = CARTESIAN_POINT ( 'NONE',  ( 6.299999999999999800, 0.0000000000000000000, 6.500000000000000900 ) ) ;
#3809 = ORIENTED_EDGE ( 'NONE', *, *, #322, .T. ) ;
#3810 = CARTESIAN_POINT ( 'NONE',  ( 7.200000000000001100, 8.817456953860944300E-016, 0.0000000000000000000 ) ) ;
#3811 = ORIENTED_EDGE ( 'NONE', *, *, #6977, .F. ) ;
#3812 = APPROVAL_STATUS ( 'not_yet_approved' ) ;
#3813 = ORIENTED_EDGE ( 'NONE', *, *, #8739, .T. ) ;
#3814 = DIRECTION ( 'NONE',  ( -0.0000000000000000000, -0.0000000000000000000, 1.000000000000000000 ) ) ;
#3815 = ORIENTED_EDGE ( 'NONE', *, *, #9883, .T. ) ;
#3816 = CARTESIAN_POINT ( 'NONE',  ( 9.300000000000000700, 1.138921523207038600E-015, 0.0000000000000000000 ) ) ;
#3817 = FACE_OUTER_BOUND ( 'NONE', #6232, .T. ) ;
#3818 = ADVANCED_FACE ( 'NONE', ( #4606 ), #7208, .F. ) ;
#3819 = VERTEX_POINT ( 'NONE', #8240 ) ;
#3820 = CIRCLE ( 'NONE', #5999, 14.15000000000000000 ) ;
#3821 = AXIS2_PLACEMENT_3D ( 'NONE', #2606, #3466, #4988 ) ;
#3822 = EDGE_CURVE ( 'NONE', #700, #1884, #5113, .T. ) ;
#3823 = CARTESIAN_POINT ( 'NONE',  ( -6.888301783000001100, -16.62983158500000200, -20.00000000000000000 ) ) ;
#3824 = DIRECTION ( 'NONE',  ( 1.000000000000000000, 0.0000000000000000000, 0.0000000000000000000 ) ) ;
#3825 = VECTOR ( 'NONE', #1227, 1000.000000000000000 ) ;
#3826 = DIRECTION ( 'NONE',  ( -1.000000000000000000, 0.0000000000000000000, 0.0000000000000000000 ) ) ;
#3827 = VERTEX_POINT ( 'NONE', #5090 ) ;
#3828 = CARTESIAN_POINT ( 'NONE',  ( 19.71655856024298400, 7.230287190656120800, 0.2289961336433409300 ) ) ;
#3829 = CARTESIAN_POINT ( 'NONE',  ( -0.09711534450063488700, 4.000042869557000300, 15.49988568111419300 ) ) ;
#3830 = EDGE_CURVE ( 'NONE', #4737, #7161, #7468, .T. ) ;
#3831 = CC_DESIGN_DATE_AND_TIME_ASSIGNMENT ( #3394, #7040, ( #5434 ) ) ;
#3832 = DIRECTION ( 'NONE',  ( -0.0000000000000000000, -0.0000000000000000000, 1.000000000000000000 ) ) ;
#3833 = CARTESIAN_POINT ( 'NONE',  ( 8.908139175488758000, -6.144368921001672300, -5.126079483292969000 ) ) ;
#3834 = LINE ( 'NONE', #8776, #250 ) ;
#3835 = ORIENTED_EDGE ( 'NONE', *, *, #1785, .T. ) ;
#3836 = DIRECTION ( 'NONE',  ( 1.421085471520200400E-014, -1.000000000000000000, -1.284980352575412700E-016 ) ) ;
#3837 = DIRECTION ( 'NONE',  ( -1.000000000000000000, 0.0000000000000000000, 5.162867488026212500E-018 ) ) ;
#3838 = PLANE ( 'NONE',  #4603 ) ;
#3839 = ORIENTED_EDGE ( 'NONE', *, *, #9340, .T. ) ;
#3840 = PRODUCT_DEFINITION_SHAPE ( 'NONE', 'NONE',  #10271 ) ;
#3841 = VECTOR ( 'NONE', #7410, 1000.000000000000000 ) ;
#3842 = AXIS2_PLACEMENT_3D ( 'NONE', #8810, #7182, #3962 ) ;
#3843 = APPROVAL_PERSON_ORGANIZATION ( #4600, #5512, #8142 ) ;
#3844 = VERTEX_POINT ( 'NONE', #4293 ) ;
#3845 = PERSON_AND_ORGANIZATION_ROLE ( 'creator' ) ;
#3846 = EDGE_CURVE ( 'NONE', #901, #2747, #3501, .T. ) ;
#3847 = CARTESIAN_POINT ( 'NONE',  ( 3.018966127000000100, -5.048032259000000200, -2.524016129999999200 ) ) ;
#3848 = ORIENTED_EDGE ( 'NONE', *, *, #4031, .T. ) ;
#3849 = CARTESIAN_POINT ( 'NONE',  ( 0.0000000000000000000, -17.50000000000000000, 0.0000000000000000000 ) ) ;
#3850 = ORIENTED_EDGE ( 'NONE', *, *, #9823, .T. ) ;
#3851 = CIRCLE ( 'NONE', #724, 1.600000000000000800 ) ;
#3852 = LOCAL_TIME ( 15, 11, 14.00000000000000000, #5973 ) ;
#3853 = DIRECTION ( 'NONE',  ( -0.0000000000000000000, 1.084202172485504400E-016, 1.000000000000000000 ) ) ;
#3854 = EDGE_LOOP ( 'NONE', ( #9941, #4519, #9686, #8380 ) ) ;
#3855 = LINE ( 'NONE', #540, #1772 ) ;
#3856 = VERTEX_POINT ( 'NONE', #987 ) ;
#3857 = CARTESIAN_POINT ( 'NONE',  ( 6.888301783000001100, 16.62983158500000200, 6.000000000000000000 ) ) ;
#3858 = DIRECTION ( 'NONE',  ( -1.000000000000000000, 0.0000000000000000000, 0.0000000000000000000 ) ) ;
#3859 = EDGE_CURVE ( 'NONE', #6107, #8187, #5358, .T. ) ;
#3860 = AXIS2_PLACEMENT_3D ( 'NONE', #7300, #5745, #2041 ) ;
#3861 = ORIENTED_EDGE ( 'NONE', *, *, #8516, .T. ) ;
#3862 = CARTESIAN_POINT ( 'NONE',  ( 6.000000000000000000, 7.347880794884119700E-016, -6.000000000000000000 ) ) ;
#3863 = DATE_AND_TIME ( #5617, #9570 ) ;
#3864 = ORIENTED_EDGE ( 'NONE', *, *, #5448, .F. ) ;
#3865 = CIRCLE ( 'NONE', #447, 1.600000000000000800 ) ;
#3866 = ADVANCED_FACE ( 'NONE', ( #143 ), #2503, .F. ) ;
#3867 = CARTESIAN_POINT ( 'NONE',  ( 9.310826966095337600, -7.222163034212567100, -3.441983659812081000 ) ) ;
#3868 = ORIENTED_EDGE ( 'NONE', *, *, #3659, .F. ) ;
#3869 = B_SPLINE_CURVE_WITH_KNOTS ( 'NONE', 3,
 ( #6394, #7947, #9501, #3224 ),
 .UNSPECIFIED., .F., .F.,
 ( 4, 4 ),
 ( 1.451375713326210400E-012, 0.004313764731899618500 ),
 .UNSPECIFIED. ) ;
#3870 = EDGE_CURVE ( 'NONE', #2344, #2903, #7701, .T. ) ;
#3871 = CARTESIAN_POINT ( 'NONE',  ( 12.99751941379284600, -16.72325226350000100, -15.00000000000000000 ) ) ;
#3872 = AXIS2_PLACEMENT_3D ( 'NONE', #2440, #9675, #9641 ) ;
#3873 = ORIENTED_EDGE ( 'NONE', *, *, #4489, .T. ) ;
#3874 = CALENDAR_DATE ( 2023, 10, 1 ) ;
#3875 = CIRCLE ( 'NONE', #6345, 6.250000000000000000 ) ;
#3876 = DIRECTION ( 'NONE',  ( -1.000000000000000000, 0.0000000000000000000, 5.162867488026212500E-018 ) ) ;
#3877 = ORIENTED_EDGE ( 'NONE', *, *, #10245, .F. ) ;
#3878 = CARTESIAN_POINT ( 'NONE',  ( -16.72449999999999900, 13.00000000030800100, -15.00000000000000000 ) ) ;
#3879 = PERSON_AND_ORGANIZATION_ROLE ( 'classification_officer' ) ;
#3880 = CARTESIAN_POINT ( 'NONE',  ( 15.50000000000000000, -15.50000000000000000, -20.00000000000000000 ) ) ;
#3881 = ORIENTED_EDGE ( 'NONE', *, *, #34, .T. ) ;
#3882 = EDGE_CURVE ( 'NONE', #5258, #9968, #4978, .T. ) ;
#3883 = ORIENTED_EDGE ( 'NONE', *, *, #4835, .F. ) ;
#3884 = DIRECTION ( 'NONE',  ( -0.0000000000000000000, 1.000000000000000000, 0.0000000000000000000 ) ) ;
#3885 = ORIENTED_EDGE ( 'NONE', *, *, #5741, .F. ) ;
#3886 = APPROVAL_PERSON_ORGANIZATION ( #3136, #7751, #5481 ) ;
#3887 = FACE_OUTER_BOUND ( 'NONE', #3854, .T. ) ;
#3888 = ORIENTED_EDGE ( 'NONE', *, *, #6959, .T. ) ;
#3889 = CARTESIAN_POINT ( 'NONE',  ( -21.00000000000000000, -16.97056274799999900, 0.1200000000000000200 ) ) ;
#3890 = EDGE_CURVE ( 'NONE', #1306, #6761, #4854, .T. ) ;
#3891 = CARTESIAN_POINT ( 'NONE',  ( 16.62983158500000200, -6.888301783000001100, 6.000000000000000000 ) ) ;
#3892 = DIRECTION ( 'NONE',  ( 1.000000000000000000, 0.0000000000000000000, 0.0000000000000000000 ) ) ;
#3894 = FACE_BOUND ( 'NONE', #3341, .T. ) ;
#3893 = CC_DESIGN_APPROVAL ( #3366, ( #7674 ) ) ;
#3895 = ORIENTED_EDGE ( 'NONE', *, *, #42, .T. ) ;
#3896 = DIRECTION ( 'NONE',  ( -0.0000000000000000000, 0.0000000000000000000, -1.000000000000000000 ) ) ;
#3897 = ORIENTED_EDGE ( 'NONE', *, *, #3846, .T. ) ;
#3898 = CARTESIAN_POINT ( 'NONE',  ( 3.000000000231520600, 0.0000000000000000000, 2.349999999662562500 ) ) ;
#3899 = FACE_OUTER_BOUND ( 'NONE', #10089, .T. ) ;
#3900 = CARTESIAN_POINT ( 'NONE',  ( 8.132013339840957800, -5.270089458591125500, 6.024356709917186400 ) ) ;
#3901 = CARTESIAN_POINT ( 'NONE',  ( -13.00000000015400100, 17.67944947199999800, -15.00000000000000000 ) ) ;
#3902 = CARTESIAN_POINT ( 'NONE',  ( 8.987895629529360200, -6.038636495634920100, -5.249515318747565800 ) ) ;
#3903 = LINE ( 'NONE', #1158, #9988 ) ;
#3904 = ORIENTED_EDGE ( 'NONE', *, *, #5271, .F. ) ;
#3905 = B_SPLINE_CURVE_WITH_KNOTS ( 'NONE', 3,
 ( #7048, #9425, #3184, #3292, #894, #4863, #855, #9562, #2404, #4786, #6424, #8881 ),
 .UNSPECIFIED., .F., .F.,
 ( 4, 2, 2, 2, 2, 4 ),
 ( -0.002365285504359208400, -0.002069624816354716400, -0.001773964128350224400, -0.001182642752341249400, -0.0005913213763322744900, -3.232999805369285400E-013 ),
 .UNSPECIFIED. ) ;
#3906 = VERTEX_POINT ( 'NONE', #2773 ) ;
#3907 = EDGE_CURVE ( 'NONE', #6456, #4562, #3358, .T. ) ;
#3908 = AXIS2_PLACEMENT_3D ( 'NONE', #3254, #6350, #1610 ) ;
#3909 = CARTESIAN_POINT ( 'NONE',  ( 17.50000000000000000, 0.0000000000000000000, 10.00000000000000000 ) ) ;
#3910 = CC_DESIGN_APPROVAL ( #5711, ( #8899 ) ) ;
#3911 = DIRECTION ( 'NONE',  ( -0.0000000000000000000, 1.000000000000000000, 0.0000000000000000000 ) ) ;
#3912 = DIRECTION ( 'NONE',  ( -0.0000000000000000000, -0.0000000000000000000, -1.000000000000000000 ) ) ;
#3913 = VECTOR ( 'NONE', #9034, 1000.000000000000000 ) ;
#3914 = ORIENTED_EDGE ( 'NONE', *, *, #5878, .F. ) ;
#3915 = DIRECTION ( 'NONE',  ( -0.0000000000000000000, -0.0000000000000000000, -1.000000000000000000 ) ) ;
#3916 = APPROVAL_ROLE ( '' ) ;
#3917 = LINE ( 'NONE', #3100, #3673 ) ;
#3918 = DIRECTION ( 'NONE',  ( -0.0000000000000000000, -0.0000000000000000000, -1.000000000000000000 ) ) ;
#3919 = PLANE ( 'NONE',  #3173 ) ;
#3920 = ADVANCED_FACE ( 'NONE', ( #8322, #6218 ), #7514, .T. ) ;
#3921 = DIRECTION ( 'NONE',  ( 0.0000000000000000000, 0.0000000000000000000, 1.000000000000000000 ) ) ;
#3922 = AXIS2_PLACEMENT_3D ( 'NONE', #6545, #1773, #1026 ) ;
#3923 = EDGE_CURVE ( 'NONE', #10069, #5423, #2111, .T. ) ;
#3924 = VECTOR ( 'NONE', #3632, 1000.000000000000000 ) ;
#3925 = ORIENTED_EDGE ( 'NONE', *, *, #7799, .F. ) ;
#3926 = DIRECTION ( 'NONE',  ( 0.0000000000000000000, -1.000000000000000000, -0.0000000000000000000 ) ) ;
#3927 = AXIS2_PLACEMENT_3D ( 'NONE', #7849, #3035, #6270 ) ;
#3928 = ORIENTED_EDGE ( 'NONE', *, *, #8580, .F. ) ;
#3929 = DIRECTION ( 'NONE',  ( -1.000000000000000000, 0.0000000000000000000, 0.0000000000000000000 ) ) ;
#3930 = CARTESIAN_POINT ( 'NONE',  ( 19.81846583291264400, 6.946112440086002600, 3.256347307982004200 ) ) ;
#3931 = CARTESIAN_POINT ( 'NONE',  ( 7.629682146707066800, -6.870190266605614000, 4.101691282091122700 ) ) ;
#3932 = VERTEX_POINT ( 'NONE', #1240 ) ;
#3933 = CARTESIAN_POINT ( 'NONE',  ( 8.864480516134783300, -4.500000000000000900, 6.614378277830737400 ) ) ;
#3934 = FACE_OUTER_BOUND ( 'NONE', #3361, .T. ) ;
#3935 = ORIENTED_EDGE ( 'NONE', *, *, #4415, .F. ) ;
#3936 = VERTEX_POINT ( 'NONE', #5224 ) ;
#3937 = EDGE_CURVE ( 'NONE', #4096, #8111, #1901, .T. ) ;
#3938 = FACE_BOUND ( 'NONE', #7794, .T. ) ;
#3939 = CARTESIAN_POINT ( 'NONE',  ( -10.72556437400000100, -18.05442518700000300, 8.000000000000000000 ) ) ;
#3940 = AXIS2_PLACEMENT_3D ( 'NONE', #5713, #7267, #2530 ) ;
#3941 = ORIENTED_EDGE ( 'NONE', *, *, #9985, .F. ) ;
#3942 = VECTOR ( 'NONE', #1064, 1000.000000000000000 ) ;
#3943 = CARTESIAN_POINT ( 'NONE',  ( 9.405627211235156400, -5.710522547303576800, -5.602888888283231900 ) ) ;
#3944 = B_SPLINE_CURVE_WITH_KNOTS ( 'NONE', 3,
 ( #7806, #5493, #6978, #1478 ),
 .UNSPECIFIED., .F., .F.,
 ( 4, 4 ),
 ( 0.0000000000000000000, 1.000000000000000000 ),
 .UNSPECIFIED. ) ;
#3945 = AXIS2_PLACEMENT_3D ( 'NONE', #7497, #5144, #9121 ) ;
#3946 = CARTESIAN_POINT ( 'NONE',  ( 12.00000000022696200, -0.6000000004504912900, -2.426932220024739600 ) ) ;
#3947 = CARTESIAN_POINT ( 'NONE',  ( 0.0000000000000000000, 0.0000000000000000000, -20.00000000000000000 ) ) ;
#3948 = CONICAL_SURFACE ( 'NONE', #9924, 1664.279483014393200, 1.029744258852756800 ) ;
#3949 = ORIENTED_EDGE ( 'NONE', *, *, #2366, .T. ) ;
#3950 = CIRCLE ( 'NONE', #5805, 2.249999999999948000 ) ;
#3951 = DIRECTION ( 'NONE',  ( 0.0000000000000000000, 0.0000000000000000000, -1.000000000000000000 ) ) ;
#3952 = DIRECTION ( 'NONE',  ( -0.0000000000000000000, 1.000000000000000000, 0.0000000000000000000 ) ) ;
#3953 = PERSON_AND_ORGANIZATION_ROLE ( 'classification_officer' ) ;
#3954 = CARTESIAN_POINT ( 'NONE',  ( -10.84901641786077800, -1.818004080669267200, 2.859013565978379300 ) ) ;
#3955 = CARTESIAN_POINT ( 'NONE',  ( -9.613999999999999000, -9.613999999999999000, 11.00000000000000000 ) ) ;
#3956 = EDGE_CURVE ( 'NONE', #3487, #8029, #2761, .T. ) ;
#3957 = AXIS2_PLACEMENT_3D ( 'NONE', #2457, #8827, #7999 ) ;
#3958 = FACE_OUTER_BOUND ( 'NONE', #7930, .T. ) ;
#3959 = AXIS2_PLACEMENT_3D ( 'NONE', #5385, #2926, #1333 ) ;
#3960 = ORIENTED_EDGE ( 'NONE', *, *, #9677, .T. ) ;
#3961 = DIRECTION ( 'NONE',  ( 0.0000000000000000000, 0.0000000000000000000, 1.000000000000000000 ) ) ;
#3962 = DIRECTION ( 'NONE',  ( 0.0000000000000000000, -8.881784197001252300E-016, 1.000000000000000000 ) ) ;
#3963 = ORIENTED_EDGE ( 'NONE', *, *, #2837, .T. ) ;
#3964 = DIRECTION ( 'NONE',  ( 1.000000000000000000, 0.0000000000000000000, 0.0000000000000000000 ) ) ;
#3965 = CARTESIAN_POINT ( 'NONE',  ( 0.0000000000000000000, 8.000000000000000000, 9.999999999999998200 ) ) ;
#3966 = CIRCLE ( 'NONE', #5527, 3.000000000000000900 ) ;
#3967 = DATE_AND_TIME ( #5718, #1253 ) ;
#3968 = CARTESIAN_POINT ( 'NONE',  ( 6.299999999999999800, 7.960204194457796500E-016, -6.500000000000000900 ) ) ;
#3969 = ORIENTED_EDGE ( 'NONE', *, *, #3737, .F. ) ;
#3970 = EDGE_CURVE ( 'NONE', #2489, #7307, #3851, .T. ) ;
#3971 = CC_DESIGN_SECURITY_CLASSIFICATION ( #4836, ( #10275 ) ) ;
#3972 = CARTESIAN_POINT ( 'NONE',  ( 6.250000000000000000, 7.654042494670957600E-016, 10.50000000000000000 ) ) ;
#3973 = ADVANCED_FACE ( 'NONE', ( #872 ), #7572, .T. ) ;
#3974 = VERTEX_POINT ( 'NONE', #2811 ) ;
#3975 = DIRECTION ( 'NONE',  ( 0.0000000000000000000, -0.8660254037305482600, -0.5000000000933407800 ) ) ;
#3976 = LINE ( 'NONE', #8165, #512 ) ;
#3977 = APPROVAL_DATE_TIME ( #9304, #6440 ) ;
#3978 = ORIENTED_EDGE ( 'NONE', *, *, #1038, .F. ) ;
#3979 = VECTOR ( 'NONE', #6263, 1000.000000000000000 ) ;
#3980 = DIRECTION ( 'NONE',  ( -1.000000000000000000, 0.0000000000000000000, 0.0000000000000000000 ) ) ;
#3981 = ORIENTED_EDGE ( 'NONE', *, *, #1648, .T. ) ;
#3982 = EDGE_LOOP ( 'NONE', ( #1596, #7043, #8351, #373 ) ) ;
#3983 = EDGE_LOOP ( 'NONE', ( #5515, #10075 ) ) ;
#3984 = CARTESIAN_POINT ( 'NONE',  ( 9.146706544194797700, 5.887719571328828400, 5.416677367301502100 ) ) ;
#3985 = AXIS2_PLACEMENT_3D ( 'NONE', #6273, #7027, #10171 ) ;
#3986 = APPLICATION_PROTOCOL_DEFINITION ( 'international standard', 'config_control_design', 1994, #8007 ) ;
#3987 = EDGE_CURVE ( 'NONE', #2152, #4521, #7578, .T. ) ;
#3988 = DIRECTION ( 'NONE',  ( -1.000000000000000000, 1.598721155460225400E-014, 0.0000000000000000000 ) ) ;
#3989 = CALENDAR_DATE ( 2023, 10, 1 ) ;
#3990 = ORIENTED_EDGE ( 'NONE', *, *, #7301, .F. ) ;
#3991 = VECTOR ( 'NONE', #4721, 1000.000000000000000 ) ;
#3992 = AXIS2_PLACEMENT_3D ( 'NONE', #9471, #1518, #2411 ) ;
#3993 = EDGE_LOOP ( 'NONE', ( #7951, #7382 ) ) ;
#3994 = VERTEX_POINT ( 'NONE', #1141 ) ;
#3995 = ORIENTED_EDGE ( 'NONE', *, *, #7890, .T. ) ;
#3996 = LOCAL_TIME ( 15, 11, 14.00000000000000000, #6971 ) ;
#3997 = CARTESIAN_POINT ( 'NONE',  ( -18.22983158499999900, 6.888301783000001100, -15.50000000000000000 ) ) ;
#3998 = CIRCLE ( 'NONE', #7929, 0.2999999999999990500 ) ;
#3999 = DIRECTION ( 'NONE',  ( 0.0000000000000000000, -6.424901762877064700E-017, 1.000000000000000000 ) ) ;
#4000 = EDGE_CURVE ( 'NONE', #1935, #2804, #8572, .T. ) ;
#4001 = ORIENTED_EDGE ( 'NONE', *, *, #4088, .F. ) ;
#4002 = DIRECTION ( 'NONE',  ( 1.355252715606880800E-016, -1.000000000000000000, 0.0000000000000000000 ) ) ;
#4003 = CARTESIAN_POINT ( 'NONE',  ( 7.832196458038794200, -5.776723259014505500, 5.536213874948514600 ) ) ;
#4004 = DIRECTION ( 'NONE',  ( 0.0000000000000000000, 0.0000000000000000000, -1.000000000000000000 ) ) ;
#4005 = AXIS2_PLACEMENT_3D ( 'NONE', #5160, #4215, #7409 ) ;
#4006 = CARTESIAN_POINT ( 'NONE',  ( 0.0000000000000000000, 0.0000000000000000000, 4.799999999999999800 ) ) ;
#4007 = EDGE_LOOP ( 'NONE', ( #5930, #7035, #5952, #8251, #6108, #3101, #2485, #7078, #3120 ) ) ;
#4008 = LOCAL_TIME ( 15, 11, 14.00000000000000000, #6124 ) ;
#4009 = CARTESIAN_POINT ( 'NONE',  ( 0.0000000000000000000, -5.629434824416597700E-042, 5.000000000000000000 ) ) ;
#4010 = FACE_OUTER_BOUND ( 'NONE', #1282, .T. ) ;
#4011 = ORIENTED_EDGE ( 'NONE', *, *, #9701, .F. ) ;
#4012 = CARTESIAN_POINT ( 'NONE',  ( 10.30617045023734200, 7.715484090233554000, -2.114758202282628600 ) ) ;
#4013 = LINE ( 'NONE', #4974, #312 ) ;
#4014 = ORIENTED_EDGE ( 'NONE', *, *, #9732, .T. ) ;
#4015 = DESIGN_CONTEXT ( 'detailed design', #3786, 'design' ) ;
#4016 = ORIENTED_EDGE ( 'NONE', *, *, #3692, .F. ) ;
#4017 = APPROVAL_DATE_TIME ( #6136, #3366 ) ;
#4018 = AXIS2_PLACEMENT_3D ( 'NONE', #8445, #9140, #1276 ) ;
#4019 = CONICAL_SURFACE ( 'NONE', #9255, 21.00000000000000000, 0.7853981633974487200 ) ;
#4020 = APPROVAL_ROLE ( '' ) ;
#4021 = ORIENTED_EDGE ( 'NONE', *, *, #5165, .T. ) ;
#4022 = CARTESIAN_POINT ( 'NONE',  ( 0.0000000000000000000, 0.0000000000000000000, 0.0000000000000000000 ) ) ;
#4023 = EDGE_CURVE ( 'NONE', #3356, #2494, #3103, .T. ) ;
#4024 = ADVANCED_FACE ( 'NONE', ( #394, #5726 ), #7481, .F. ) ;
#4025 = CARTESIAN_POINT ( 'NONE',  ( -16.69098564124213300, -12.74405737161121400, -3.249999999999999600 ) ) ;
#4026 = CARTESIAN_POINT ( 'NONE',  ( 15.02983158500000000, -6.888301783000001100, 8.500000000000000000 ) ) ;
#4027 = CYLINDRICAL_SURFACE ( 'NONE', #8276, 1.750000000000001600 ) ;
#4028 = ORIENTED_EDGE ( 'NONE', *, *, #6304, .F. ) ;
#4029 = VECTOR ( 'NONE', #2586, 1000.000000000000000 ) ;
#4030 = CARTESIAN_POINT ( 'NONE',  ( 12.49999999999997900, 0.6000000000000000900, -2.939387691339790700 ) ) ;
#4031 = EDGE_CURVE ( 'NONE', #1812, #1828, #10062, .T. ) ;
#4032 = CARTESIAN_POINT ( 'NONE',  ( 16.80518906840703500, 12.79999998776118100, -0.1247338281833383900 ) ) ;
#4033 = CC_DESIGN_DATE_AND_TIME_ASSIGNMENT ( #1799, #9321, ( #9078 ) ) ;
#4034 = LINE ( 'NONE', #5191, #2431 ) ;
#4035 = CARTESIAN_POINT ( 'NONE',  ( -13.00000000007394300, -21.00000000042693300, -3.698178070858862700 ) ) ;
#4036 = ORIENTED_EDGE ( 'NONE', *, *, #4031, .F. ) ;
#4037 = DIRECTION ( 'NONE',  ( -0.0000000000000000000, -1.000000000000000000, -0.0000000000000000000 ) ) ;
#4038 = DIRECTION ( 'NONE',  ( 1.000000000000000000, 0.0000000000000000000, 0.0000000000000000000 ) ) ;
#4039 = FACE_OUTER_BOUND ( 'NONE', #4866, .T. ) ;
#4040 = CARTESIAN_POINT ( 'NONE',  ( -21.00000000000000000, 1.148374164614823600, 5.825342717425717700E-011 ) ) ;
#4041 = DIRECTION ( 'NONE',  ( 0.0000000000000000000, 1.000000000000000000, 0.0000000000000000000 ) ) ;
#4042 = CYLINDRICAL_SURFACE ( 'NONE', #2749, 3.000000000000000900 ) ;
#4043 = VERTEX_POINT ( 'NONE', #505 ) ;
#4044 = AXIS2_PLACEMENT_3D ( 'NONE', #6022, #4565, #3627 ) ;
#4045 = CARTESIAN_POINT ( 'NONE',  ( 12.00503278340932500, 5.476261807748480600, -5.838787173729730100 ) ) ;
#4046 = CC_DESIGN_APPROVAL ( #529, ( #8168 ) ) ;
#4047 = CARTESIAN_POINT ( 'NONE',  ( -21.00000000000000000, -12.99751940968679700, -15.00000000432000200 ) ) ;
#4048 = CARTESIAN_POINT ( 'NONE',  ( 9.815406732629929500, 5.562148865422273900, 5.750000000194662100 ) ) ;
#4049 = ORIENTED_EDGE ( 'NONE', *, *, #8227, .F. ) ;
#4050 = DIRECTION ( 'NONE',  ( 0.0000000000000000000, 0.0000000000000000000, 1.000000000000000000 ) ) ;
#4051 = SECURITY_CLASSIFICATION_LEVEL ( 'unclassified' ) ;
#4052 = CIRCLE ( 'NONE', #6410, 7.200000000000001100 ) ;
#4053 = EDGE_LOOP ( 'NONE', ( #3279, #116, #4169, #4561 ) ) ;
#4054 = DIRECTION ( 'NONE',  ( 0.0000000000000000000, 1.000000000000000000, 0.0000000000000000000 ) ) ;
#4055 = DIRECTION ( 'NONE',  ( -0.9238795331876218400, 0.3826834307322723400, 0.0000000000000000000 ) ) ;
#4056 = VERTEX_POINT ( 'NONE', #6686 ) ;
#4057 = CIRCLE ( 'NONE', #7920, 1.600000000000000800 ) ;
#4058 = EDGE_CURVE ( 'NONE', #1914, #5249, #9777, .T. ) ;
#4059 = AXIS2_PLACEMENT_3D ( 'NONE', #7894, #3141, #1756 ) ;
#4060 =( BOUNDED_SURFACE ( )  B_SPLINE_SURFACE ( 3, 3, ( 
 ( #8598, #3052, #9322, #2299 ),
 ( #8565, #4653, #3847, #623 ),
 ( #9390, #4551, #6149, #7797 ),
 ( #2169, #8505, #1402, #10093 ) ),
 .UNSPECIFIED., .F., .F., .F. ) 
 B_SPLINE_SURFACE_WITH_KNOTS ( ( 4, 4 ),
 ( 4, 4 ),
 ( 0.0000000000000000000, 1.000000000000000000 ),
 ( 0.0000000000000000000, 1.000000000000000000 ),
 .UNSPECIFIED. ) 
 GEOMETRIC_REPRESENTATION_ITEM ( )  RATIONAL_B_SPLINE_SURFACE ( (
 ( 1.000000000000000000, 0.3333333333333330400, 0.3333333333333330400, 1.000000000000000000),
 ( 0.7553208711179720800, 0.2517736237059909900, 0.2517736237059909900, 0.7553208711179720800),
 ( 0.7553208711179720800, 0.2517736237059909900, 0.2517736237059909900, 0.7553208711179720800),
 ( 1.000000000000000000, 0.3333333333333330400, 0.3333333333333330400, 1.000000000000000000) ) ) 
 REPRESENTATION_ITEM ( '' )  SURFACE ( )  );
#4061 = CARTESIAN_POINT ( 'NONE',  ( 6.299999999999999800, 0.0000000000000000000, 0.0000000000000000000 ) ) ;
#4062 = ORIENTED_EDGE ( 'NONE', *, *, #3679, .F. ) ;
#4063 = CARTESIAN_POINT ( 'NONE',  ( -3.317073169745445400, -0.5000000000000000000, 7.826047890637706700 ) ) ;
#4064 = AXIS2_PLACEMENT_3D ( 'NONE', #9338, #2914, #4597 ) ;
#4065 = DIRECTION ( 'NONE',  ( 1.000000000000000000, 0.0000000000000000000, 0.0000000000000000000 ) ) ;
#4066 = CIRCLE ( 'NONE', #7983, 9.300000000000000700 ) ;
#4067 = DIRECTION ( 'NONE',  ( 0.0000000000000000000, -0.0000000000000000000, 1.000000000000000000 ) ) ;
#4068 = ORIENTED_EDGE ( 'NONE', *, *, #1885, .T. ) ;
#4069 = CYLINDRICAL_SURFACE ( 'NONE', #3927, 1.500000000000001300 ) ;
#4070 = CARTESIAN_POINT ( 'NONE',  ( 7.500000000000000000, 0.6000000000000000900, 8.073197889000001100 ) ) ;
#4071 = DIRECTION ( 'NONE',  ( 0.0000000000000000000, 0.0000000000000000000, -1.000000000000000000 ) ) ;
#4072 = EDGE_CURVE ( 'NONE', #4512, #477, #8818, .T. ) ;
#4073 = CARTESIAN_POINT ( 'NONE',  ( -8.620946429893063400, -6.840886129811771400, -0.4144552297134600500 ) ) ;
#4074 = ADVANCED_FACE ( 'NONE', ( #1259 ), #9822, .T. ) ;
#4075 = AXIS2_PLACEMENT_3D ( 'NONE', #6235, #3102, #808 ) ;
#4076 = CARTESIAN_POINT ( 'NONE',  ( -1.347560975470351900, -0.5000000000000000000, 8.392501380089010300 ) ) ;
#4077 = VECTOR ( 'NONE', #6001, 1000.000000000000000 ) ;
#4078 = VERTEX_POINT ( 'NONE', #7291 ) ;
#4079 = DIRECTION ( 'NONE',  ( -1.000000000000000000, -0.0000000000000000000, -0.0000000000000000000 ) ) ;
#4080 = CARTESIAN_POINT ( 'NONE',  ( 10.60474158302276800, 7.699433803580574500, -2.172467745456650800 ) ) ;
#4081 = DIRECTION ( 'NONE',  ( 0.0000000000000000000, -1.000000000000000000, 0.0000000000000000000 ) ) ;
#4082 = EDGE_CURVE ( 'NONE', #4485, #5237, #3735, .T. ) ;
#4083 = CYLINDRICAL_SURFACE ( 'NONE', #5865, 0.2999999999999990500 ) ;
#4084 = ORIENTED_EDGE ( 'NONE', *, *, #1207, .F. ) ;
#4085 = PERSON_AND_ORGANIZATION_ROLE ( 'classification_officer' ) ;
#4086 = CARTESIAN_POINT ( 'NONE',  ( 6.299999999999999800, 0.0000000000000000000, -5.000000000000000000 ) ) ;
#4087 = CARTESIAN_POINT ( 'NONE',  ( -16.62983158500000200, 6.888301783000001100, 6.000000000000000000 ) ) ;
#4088 = EDGE_CURVE ( 'NONE', #547, #8907, #859, .T. ) ;
#4089 = CARTESIAN_POINT ( 'NONE',  ( -20.76606973286134700, -3.127843736300915700, 4.170979082218154100 ) ) ;
#4090 = DIRECTION ( 'NONE',  ( -0.0000000000000000000, 4.130293990420969400E-017, 1.000000000000000000 ) ) ;
#4091 = EDGE_LOOP ( 'NONE', ( #10095, #4195, #6620, #3839 ) ) ;
#4092 = CC_DESIGN_PERSON_AND_ORGANIZATION_ASSIGNMENT ( #8605, #1302, ( #6949 ) ) ;
#4093 = CARTESIAN_POINT ( 'NONE',  ( 15.50000000000000000, 13.74999999999999800, -20.00000000000000400 ) ) ;
#4094 = CYLINDRICAL_SURFACE ( 'NONE', #2543, 0.2999999999999999300 ) ;
#4095 = CALENDAR_DATE ( 2023, 10, 1 ) ;
#4096 = VERTEX_POINT ( 'NONE', #1701 ) ;
#4097 = ORIENTED_EDGE ( 'NONE', *, *, #9478, .F. ) ;
#4098 = CARTESIAN_POINT ( 'NONE',  ( 7.969340740000000700, 4.500000000000000900, 1.500000000000000000 ) ) ;
#4099 = DIRECTION ( 'NONE',  ( 1.000000000000000000, -0.0000000000000000000, -0.0000000000000000000 ) ) ;
#4100 = CARTESIAN_POINT ( 'NONE',  ( 7.500000002000000200, 0.6000000000000000900, 5.202200245000000200 ) ) ;
#4101 = CARTESIAN_POINT ( 'NONE',  ( 0.5000000000000000000, 1.500000000000000000, -0.8660254040000001700 ) ) ;
#4102 = ORIENTED_EDGE ( 'NONE', *, *, #5568, .F. ) ;
#4103 = DIRECTION ( 'NONE',  ( 1.000000000000000000, 0.0000000000000000000, 0.0000000000000000000 ) ) ;
#4104 = CARTESIAN_POINT ( 'NONE',  ( -21.00000000000000000, -11.92019101510089900, -3.129893949940617300 ) ) ;
#4105 = LINE ( 'NONE', #9766, #2012 ) ;
#4106 = EDGE_CURVE ( 'NONE', #439, #8325, #9429, .T. ) ;
#4107 = ITEM_DEFINED_TRANSFORMATION ( 'NONE', 'NONE', #8547,  #2234 ) ;
#4108 = ORIENTED_EDGE ( 'NONE', *, *, #9618, .T. ) ;
#4109 = APPROVAL ( #2544, 'UNKNOWN' ) ;
#4110 = CIRCLE ( 'NONE', #70, 2.000000000000005300 ) ;
#4111 = CARTESIAN_POINT ( 'NONE',  ( -8.355267079326260700, -7.155528149108890900, 2.910384111471207000 ) ) ;
#4112 = ORIENTED_EDGE ( 'NONE', *, *, #428, .F. ) ;
#4113 = CARTESIAN_POINT ( 'NONE',  ( -2.332238092999999100, 0.0000000000000000000, 5.876889377999997800 ) ) ;
#4114 = B_SPLINE_CURVE_WITH_KNOTS ( 'NONE', 3,
 ( #1308, #2205, #1408, #599 ),
 .UNSPECIFIED., .F., .F.,
 ( 4, 4 ),
 ( 4.998941039232211400E-014, 0.0001786306069457929600 ),
 .UNSPECIFIED. ) ;
#4115 = VERTEX_POINT ( 'NONE', #7919 ) ;
#4116 = CARTESIAN_POINT ( 'NONE',  ( -19.14999999999999900, 2.020667218593131000E-016, 0.0000000000000000000 ) ) ;
#4117 = CARTESIAN_POINT ( 'NONE',  ( 0.3000000000000000400, 0.0000000000000000000, -6.000000000000000000 ) ) ;
#4118 = ORIENTED_EDGE ( 'NONE', *, *, #1217, .F. ) ;
#4119 = LINE ( 'NONE', #4638, #9208 ) ;
#4120 = ORIENTED_EDGE ( 'NONE', *, *, #5285, .T. ) ;
#4121 = CARTESIAN_POINT ( 'NONE',  ( 3.000000000000000000, -0.9238071223914757800, 2.161256460217890300 ) ) ;
#4122 = EDGE_CURVE ( 'NONE', #7107, #1793, #4355, .T. ) ;
#4123 = DIRECTION ( 'NONE',  ( 0.0000000000000000000, 0.0000000000000000000, 1.000000000000000000 ) ) ;
#4124 = ADVANCED_FACE ( 'NONE', ( #1755 ), #6458, .F. ) ;
#4125 = CARTESIAN_POINT ( 'NONE',  ( -20.74789125550073300, -3.246527881143129500, 4.228695372588706600 ) ) ;
#4126 = EDGE_LOOP ( 'NONE', ( #850, #5389, #8444, #6738 ) ) ;
#4127 = COORDINATED_UNIVERSAL_TIME_OFFSET ( 8, 0, .AHEAD. ) ;
#4128 = AXIS2_PLACEMENT_3D ( 'NONE', #7563, #9198, #2928 ) ;
#4129 = DIRECTION ( 'NONE',  ( 0.0000000000000000000, 0.0000000000000000000, 1.000000000000000000 ) ) ;
#4130 = CIRCLE ( 'NONE', #5761, 8.500000000000000000 ) ;
#4131 = CARTESIAN_POINT ( 'NONE',  ( 10.76335692622490800, 2.274069657671553100, -0.5209656053941825700 ) ) ;
#4132 = EDGE_LOOP ( 'NONE', ( #3794, #9820, #8824, #7021 ) ) ;
#4133 = CARTESIAN_POINT ( 'NONE',  ( 0.0000000000000000000, 0.0000000000000000000, 0.0000000000000000000 ) ) ;
#4134 = CARTESIAN_POINT ( 'NONE',  ( 11.01186093017628100, 6.038436521255817100, 5.249730531387365700 ) ) ;
#4135 = EDGE_CURVE ( 'NONE', #176, #3734, #8944, .T. ) ;
#4136 = ORIENTED_EDGE ( 'NONE', *, *, #7114, .F. ) ;
#4137 = CARTESIAN_POINT ( 'NONE',  ( 20.88484474746411800, 2.204329220188323600, 3.449278358644355200 ) ) ;
#4138 = VERTEX_POINT ( 'NONE', #3933 ) ;
#4139 = EDGE_CURVE ( 'NONE', #4792, #1759, #2371, .T. ) ;
#4140 = DIRECTION ( 'NONE',  ( 0.0000000000000000000, 0.0000000000000000000, 1.000000000000000000 ) ) ;
#4141 = ORIENTED_EDGE ( 'NONE', *, *, #2081, .F. ) ;
#4142 = APPROVAL_DATE_TIME ( #6996, #46 ) ;
#4143 = PLANE ( 'NONE',  #8849 ) ;
#4144 = VECTOR ( 'NONE', #708, 1000.000000000000000 ) ;
#4145 = CARTESIAN_POINT ( 'NONE',  ( 5.755954265999998000, -1.000000000000000400, -12.08025040299999900 ) ) ;
#4146 = DIRECTION ( 'NONE',  ( -0.0000000000000000000, 1.000000000000000000, 0.0000000000000000000 ) ) ;
#4147 = VERTEX_POINT ( 'NONE', #5604 ) ;
#4148 = AXIS2_PLACEMENT_3D ( 'NONE', #2064, #9050, #6771 ) ;
#4149 = CARTESIAN_POINT ( 'NONE',  ( -16.97056274799999900, 21.00000000000000000, -9.940000000000001300 ) ) ;
#4150 = CARTESIAN_POINT ( 'NONE',  ( 1.650000000000000100, -17.50000000000000000, 0.0000000000000000000 ) ) ;
#4151 = CIRCLE ( 'NONE', #249, 2.500000000000000000 ) ;
#4152 = ORIENTED_EDGE ( 'NONE', *, *, #8049, .F. ) ;
#4153 = ORIENTED_EDGE ( 'NONE', *, *, #456, .F. ) ;
#4154 = ORGANIZATION ( '未指定', '未指定', '' ) ;
#4155 = DIRECTION ( 'NONE',  ( 0.0000000000000000000, 0.0000000000000000000, 1.000000000000000000 ) ) ;
#4156 = VECTOR ( 'NONE', #6156, 1000.000000000000000 ) ;
#4157 = DIRECTION ( 'NONE',  ( -1.000000000000000000, 0.0000000000000000000, 0.0000000000000000000 ) ) ;
#4159 = FACE_OUTER_BOUND ( 'NONE', #4387, .T. ) ;
#4158 = AXIS2_PLACEMENT_3D ( 'NONE', #6919, #3062, #6883 ) ;
#4160 = AXIS2_PLACEMENT_3D ( 'NONE', #6137, #7681, #2949 ) ;
#4161 = EDGE_LOOP ( 'NONE', ( #9853, #5070, #10200, #5517 ) ) ;
#4162 = CARTESIAN_POINT ( 'NONE',  ( 3.000000000000000400, -0.6500197961342241100, 2.258325673545701100 ) ) ;
#4163 = ORIENTED_EDGE ( 'NONE', *, *, #10202, .T. ) ;
#4164 = DIRECTION ( 'NONE',  ( -1.000000000000000000, 0.0000000000000000000, 0.0000000000000000000 ) ) ;
#4165 = DIRECTION ( 'NONE',  ( 0.0000000000000000000, 0.0000000000000000000, -1.000000000000000000 ) ) ;
#4166 = DIRECTION ( 'NONE',  ( 1.000000000000000000, 0.0000000000000000000, 0.0000000000000000000 ) ) ;
#4167 = CARTESIAN_POINT ( 'NONE',  ( 10.78985563023911200, 2.142978896889188500, -0.3666819546165622800 ) ) ;
#4168 = VECTOR ( 'NONE', #9094, 1000.000000000000000 ) ;
#4169 = ORIENTED_EDGE ( 'NONE', *, *, #9014, .T. ) ;
#4170 = CARTESIAN_POINT ( 'NONE',  ( 21.00000000000000000, 0.0000000000000000000, -15.00000000647999900 ) ) ;
#4171 = CYLINDRICAL_SURFACE ( 'NONE', #10218, 2.999999999999999100 ) ;
#4172 = EDGE_CURVE ( 'NONE', #919, #3729, #6590, .T. ) ;
#4173 = CARTESIAN_POINT ( 'NONE',  ( 11.20763371087768500, 6.361113780822843300, 4.854490890854215500 ) ) ;
#4174 = CARTESIAN_POINT ( 'NONE',  ( 20.94407962491267800, 1.533001107506110500, 0.9843592290741205500 ) ) ;
#4175 = APPROVAL ( #2466, 'UNKNOWN' ) ;
#4176 = B_SPLINE_CURVE_WITH_KNOTS ( 'NONE', 3,
 ( #4221, #9804, #8176, #1109, #6657, #9072, #4297, #2742, #6549, #5821, #7451, #2711 ),
 .UNSPECIFIED., .F., .F.,
 ( 4, 2, 2, 2, 2, 4 ),
 ( -3.233000347470371700E-013, 0.0002956541703283140700, 0.0005913083409799281300, 0.001182616682283160600, 0.001773925023586393000, 0.002365233364889625900 ),
 .UNSPECIFIED. ) ;
#4177 = CARTESIAN_POINT ( 'NONE',  ( 17.50000000000000000, 0.0000000000000000000, -0.9914200209999999300 ) ) ;
#4178 = CARTESIAN_POINT ( 'NONE',  ( 0.0000000000000000000, 0.0000000000000000000, 10.00000000000000000 ) ) ;
#4179 = CARTESIAN_POINT ( 'NONE',  ( 9.690500500494698200, -7.715382440105986300, 2.115135209016346400 ) ) ;
#4180 = DIRECTION ( 'NONE',  ( -1.000000000000000000, 0.0000000000000000000, 0.0000000000000000000 ) ) ;
#4181 = FACE_BOUND ( 'NONE', #7620, .T. ) ;
#4182 = ORIENTED_EDGE ( 'NONE', *, *, #3068, .T. ) ;
#4183 = CARTESIAN_POINT ( 'NONE',  ( -9.660139593102872600, -5.265584698942805500, 4.406956004667426500 ) ) ;
#4184 = ADVANCED_FACE ( 'NONE', ( #4724 ), #9508, .T. ) ;
#4185 = ORIENTED_EDGE ( 'NONE', *, *, #9578, .F. ) ;
#4186 = CARTESIAN_POINT ( 'NONE',  ( -3.317073170288996800, -1.000000000000000000, 7.826047890407323800 ) ) ;
#4187 = DESIGN_CONTEXT ( 'detailed design', #7762, 'design' ) ;
#4188 = PLANE ( 'NONE',  #9329 ) ;
#4189 = ORIENTED_EDGE ( 'NONE', *, *, #1489, .T. ) ;
#4190 = AXIS2_PLACEMENT_3D ( 'NONE', #3092, #2212, #8675 ) ;
#4191 = EDGE_CURVE ( 'NONE', #5616, #862, #9064, .T. ) ;
#4192 = CIRCLE ( 'NONE', #432, 27.00000000000000000 ) ;
#4193 = DIRECTION ( 'NONE',  ( 0.0000000000000000000, 0.0000000000000000000, -1.000000000000000000 ) ) ;
#4194 = ORIENTED_EDGE ( 'NONE', *, *, #1665, .F. ) ;
#4195 = ORIENTED_EDGE ( 'NONE', *, *, #5353, .T. ) ;
#4196 = LINE ( 'NONE', #5929, #7425 ) ;
#4197 = VERTEX_POINT ( 'NONE', #58 ) ;
#4198 = VECTOR ( 'NONE', #4483, 1000.000000000000000 ) ;
#4199 = CARTESIAN_POINT ( 'NONE',  ( 3.000000000000000400, -1.870030872375990600, -1.424454773362035400 ) ) ;
#4200 = PERSON_AND_ORGANIZATION_ROLE ( 'classification_officer' ) ;
#4201 = CARTESIAN_POINT ( 'NONE',  ( -20.91889444717539700, -1.845073590980589300, 2.903070251434963600 ) ) ;
#4202 = DIRECTION ( 'NONE',  ( -0.0000000000000000000, -0.0000000000000000000, -1.000000000000000000 ) ) ;
#4204 = VECTOR ( 'NONE', #1745, 1000.000000000000100 ) ;
#4203 = CARTESIAN_POINT ( 'NONE',  ( 10.83248228956634700, 1.915919949497310900, 3.037138005981491400 ) ) ;
#4205 = EDGE_CURVE ( 'NONE', #3028, #4467, #739, .T. ) ;
#4206 = AXIS2_PLACEMENT_3D ( 'NONE', #8559, #4612, #7099 ) ;
#4207 = ORIENTED_EDGE ( 'NONE', *, *, #726, .T. ) ;
#4208 = CIRCLE ( 'NONE', #9782, 1.599999999999997200 ) ;
#4209 = DIRECTION ( 'NONE',  ( -0.0000000000000000000, 1.000000000000000000, 0.0000000000000000000 ) ) ;
#4210 = DIRECTION ( 'NONE',  ( 0.0000000000000000000, 0.0000000000000000000, -1.000000000000000000 ) ) ;
#4211 = AXIS2_PLACEMENT_3D ( 'NONE', #7142, #1650, #2401 ) ;
#4212 = DIRECTION ( 'NONE',  ( -1.000000000000000000, 0.0000000000000000000, 0.0000000000000000000 ) ) ;
#4213 = CARTESIAN_POINT ( 'NONE',  ( 9.659940379981801300, 15.48178128657195400, 8.000000000000000000 ) ) ;
#4214 = CIRCLE ( 'NONE', #2621, 20.99999999999999600 ) ;
#4215 = DIRECTION ( 'NONE',  ( -0.0000000000000000000, -1.000000000000000000, -0.0000000000000000000 ) ) ;
#4216 = DIRECTION ( 'NONE',  ( 0.0000000000000000000, 0.0000000000000000000, 1.000000000000000000 ) ) ;
#4217 = EDGE_LOOP ( 'NONE', ( #685, #2574, #1116, #4382, #6651, #4028 ) ) ;
#4218 = EDGE_CURVE ( 'NONE', #4043, #5982, #9546, .T. ) ;
#4219 = DIRECTION ( 'NONE',  ( -1.000000000000000000, 0.0000000000000000000, 0.0000000000000000000 ) ) ;
#4220 = VERTEX_POINT ( 'NONE', #1623 ) ;
#4221 = CARTESIAN_POINT ( 'NONE',  ( 0.0000000000000000000, 4.000000000000000000, 29.50000000000000400 ) ) ;
#4222 = CYLINDRICAL_SURFACE ( 'NONE', #4994, 4.799999999999999800 ) ;
#4223 = CARTESIAN_POINT ( 'NONE',  ( 3.499999999253652100, 0.0000000000000000000, 7.549834435000000200 ) ) ;
#4224 = ORGANIZATION ( 'NAUO-ORG12', 'UNSPECIFIED', 'UNSPECIFIED' ) ;
#4225 = VERTEX_POINT ( 'NONE', #7229 ) ;
#4226 = DIRECTION ( 'NONE',  ( -1.000000000000000000, 0.0000000000000000000, 0.0000000000000000000 ) ) ;
#4227 = ORIENTED_EDGE ( 'NONE', *, *, #4644, .F. ) ;
#4228 = CARTESIAN_POINT ( 'NONE',  ( 3.000000000000000400, -0.2239835719125450300, -2.350000000225721800 ) ) ;
#4229 = DATE_TIME_ROLE ( 'classification_date' ) ;
#4230 = CYLINDRICAL_SURFACE ( 'NONE', #9627, 2.000000000000001800 ) ;
#4231 = CARTESIAN_POINT ( 'NONE',  ( -10.12047493439286900, -4.314764841121397700, 4.499999999767481100 ) ) ;
#4232 = DATE_AND_TIME ( #5344, #7823 ) ;
#4233 = VERTEX_POINT ( 'NONE', #91 ) ;
#4234 = CIRCLE ( 'NONE', #5511, 1.749999999999999800 ) ;
#4235 = EDGE_CURVE ( 'NONE', #2432, #2474, #4598, .T. ) ;
#4236 = ADVANCED_FACE ( 'NONE', ( #8688 ), #134, .F. ) ;
#4237 = CARTESIAN_POINT ( 'NONE',  ( 15.48178128800000100, -9.659940380000000100, 6.000000000000000000 ) ) ;
#4238 = CC_DESIGN_SECURITY_CLASSIFICATION ( #5434, ( #8088 ) ) ;
#4239 = CARTESIAN_POINT ( 'NONE',  ( -16.72449999999999900, -12.99751941379284600, -15.00000000000000000 ) ) ;
#4240 = VERTEX_POINT ( 'NONE', #5538 ) ;
#4241 = DIRECTION ( 'NONE',  ( -0.0000000000000000000, 1.000000000000000000, 0.0000000000000000000 ) ) ;
#4242 = CALENDAR_DATE ( 2023, 10, 1 ) ;
#4243 = VERTEX_POINT ( 'NONE', #3198 ) ;
#4244 = CARTESIAN_POINT ( 'NONE',  ( -17.50000000000000000, 0.0000000000000000000, -0.9914200209999999300 ) ) ;
#4245 = DIRECTION ( 'NONE',  ( 0.9994019262116479200, 0.03458019497412150700, 0.0000000000000000000 ) ) ;
#4246 = FACE_BOUND ( 'NONE', #7263, .T. ) ;
#4247 = CARTESIAN_POINT ( 'NONE',  ( 4.000000000000000000, 4.898587196589412800E-016, 13.49999999999999800 ) ) ;
#4248 = ORIENTED_EDGE ( 'NONE', *, *, #3758, .T. ) ;
#4249 = CARTESIAN_POINT ( 'NONE',  ( -19.76404093444092800, -7.098076214140235200, 0.0000000000000000000 ) ) ;
#4250 = CARTESIAN_POINT ( 'NONE',  ( 21.00000000000000000, 0.0000000000000000000, -15.00000000647999900 ) ) ;
#4251 = DIRECTION ( 'NONE',  ( -0.0000000000000000000, 1.084202172485504400E-016, 1.000000000000000000 ) ) ;
#4252 = VERTEX_POINT ( 'NONE', #4914 ) ;
#4253 = EDGE_CURVE ( 'NONE', #7237, #3757, #3976, .T. ) ;
#4254 = AXIS2_PLACEMENT_3D ( 'NONE', #1275, #4425, #2145 ) ;
#4255 = CC_DESIGN_PERSON_AND_ORGANIZATION_ASSIGNMENT ( #7460, #219, ( #9765 ) ) ;
#4256 = ORIENTED_EDGE ( 'NONE', *, *, #4675, .F. ) ;
#4257 = COORDINATED_UNIVERSAL_TIME_OFFSET ( 8, 0, .AHEAD. ) ;
#4258 = CARTESIAN_POINT ( 'NONE',  ( -9.300000000000000700, 0.0000000000000000000, 0.0000000000000000000 ) ) ;
#4259 = FACE_OUTER_BOUND ( 'NONE', #3172, .T. ) ;
#4260 = DIRECTION ( 'NONE',  ( 0.0000000000000000000, -0.5000000000933408900, -0.8660254037305483700 ) ) ;
#4261 = CARTESIAN_POINT ( 'NONE',  ( 0.0000000000000000000, 21.00000000000000000, -15.00000000647999900 ) ) ;
#4262 = ORIENTED_EDGE ( 'NONE', *, *, #10143, .T. ) ;
#4263 = DIRECTION ( 'NONE',  ( 1.355252715606880800E-016, 1.000000000000000000, 0.0000000000000000000 ) ) ;
#4264 = CARTESIAN_POINT ( 'NONE',  ( -20.91369613168839300, -1.901923792217240500, -1.114560456222372000E-010 ) ) ;
#4265 = ORIENTED_EDGE ( 'NONE', *, *, #4339, .F. ) ;
#4266 = PERSON_AND_ORGANIZATION ( #9162, #4154 ) ;
#4267 = CIRCLE ( 'NONE', #371, 20.99999999999999600 ) ;
#4268 = AXIS2_PLACEMENT_3D ( 'NONE', #3458, #4251, #3340 ) ;
#4269 = CARTESIAN_POINT ( 'NONE',  ( 2.999999999999999600, -1.442859148524159300, -1.855009593227055400 ) ) ;
#4270 = ORIENTED_EDGE ( 'NONE', *, *, #8739, .F. ) ;
#4271 = DIRECTION ( 'NONE',  ( 0.0000000000000000000, 0.0000000000000000000, -1.000000000000000000 ) ) ;
#4272 = SHAPE_DEFINITION_REPRESENTATION ( #7167, #4455 ) ;
#4273 = CARTESIAN_POINT ( 'NONE',  ( 10.00000000000000000, -5.562148865321747200, -5.750000000000000900 ) ) ;
#4274 = ORIENTED_EDGE ( 'NONE', *, *, #6272, .F. ) ;
#4275 = VERTEX_POINT ( 'NONE', #6470 ) ;
#4276 = LOCAL_TIME ( 15, 11, 14.00000000000000000, #316 ) ;
#4277 = VECTOR ( 'NONE', #3912, 1000.000000000000000 ) ;
#4278 = CARTESIAN_POINT ( 'NONE',  ( 0.5000000000000000000, 1.500000000000000000, 0.8660254039999999400 ) ) ;
#4279 = ORIENTED_EDGE ( 'NONE', *, *, #5878, .T. ) ;
#4280 = DIRECTION ( 'NONE',  ( -1.000000000000000000, 0.0000000000000000000, 0.0000000000000000000 ) ) ;
#4281 = EDGE_CURVE ( 'NONE', #5697, #9871, #8203, .T. ) ;
#4282 = DIRECTION ( 'NONE',  ( -0.0000000000000000000, -0.0000000000000000000, -1.000000000000000000 ) ) ;
#4283 = DIRECTION ( 'NONE',  ( 1.000000000000000000, 0.0000000000000000000, 0.0000000000000000000 ) ) ;
#4284 = CARTESIAN_POINT ( 'NONE',  ( -1.300000000000000300, -1.000000000000000000, 8.096295448999999400 ) ) ;
#4285 = AXIS2_PLACEMENT_3D ( 'NONE', #5853, #989, #6548 ) ;
#4286 = DIRECTION ( 'NONE',  ( 1.000000000000000000, 1.734723475976806500E-015, 0.0000000000000000000 ) ) ;
#4287 = CYLINDRICAL_SURFACE ( 'NONE', #2572, 21.00000000000000000 ) ;
#4288 = ORIENTED_EDGE ( 'NONE', *, *, #1954, .F. ) ;
#4289 = CARTESIAN_POINT ( 'NONE',  ( 9.855299044609962400, 4.890578689814284500, 4.480597495700578700 ) ) ;
#4290 = CARTESIAN_POINT ( 'NONE',  ( 12.91037329762220600, -17.07428823965812000, -0.4057343427319999300 ) ) ;
#4291 = LINE ( 'NONE', #4170, #4029 ) ;
#4292 = AXIS2_PLACEMENT_3D ( 'NONE', #347, #5095, #5232 ) ;
#4293 = CARTESIAN_POINT ( 'NONE',  ( 1.000000000618904700, -1.000000000000000000, 8.096295448942296200 ) ) ;
#4294 = ADVANCED_FACE ( 'NONE', ( #2491 ), #4094, .T. ) ;
#4295 = EDGE_CURVE ( 'NONE', #2804, #4225, #6951, .T. ) ;
#4296 = DIRECTION ( 'NONE',  ( -0.9238795325268022200, 0.3826834323276322400, 0.0000000000000000000 ) ) ;
#4297 = CARTESIAN_POINT ( 'NONE',  ( 0.9238016946971059400, 3.894452795401686100, 29.19754063980161300 ) ) ;
#4298 = LINE ( 'NONE', #2629, #1697 ) ;
#4299 = ORIENTED_EDGE ( 'NONE', *, *, #2579, .T. ) ;
#4300 = DIRECTION ( 'NONE',  ( 0.7071067811865469100, -0.7071067811865482400, 0.0000000000000000000 ) ) ;
#4301 = CARTESIAN_POINT ( 'NONE',  ( 0.0000000000000000000, -1.469549236138999700E-041, 10.00000000000000000 ) ) ;
#4302 = CIRCLE ( 'NONE', #9700, 3.000000000000000900 ) ;
#4303 = EDGE_CURVE ( 'NONE', #191, #8192, #7941, .T. ) ;
#4304 = CC_DESIGN_DATE_AND_TIME_ASSIGNMENT ( #4522, #6839, ( #6949 ) ) ;
#4305 = ADVANCED_FACE ( 'NONE', ( #5590 ), #8063, .F. ) ;
#4306 = CARTESIAN_POINT ( 'NONE',  ( 2.999999999999999600, -1.784070250336871300, -1.529704168481287100 ) ) ;
#4307 = CIRCLE ( 'NONE', #8576, 1.250000000000000000 ) ;
#4308 = EDGE_LOOP ( 'NONE', ( #955, #3610, #9028, #1985 ) ) ;
#4309 = CARTESIAN_POINT ( 'NONE',  ( -10.66091063560698500, -2.715515399109096800, 3.919462363552675300 ) ) ;
#4310 = PLANE ( 'NONE',  #2356 ) ;
#4311 = CARTESIAN_POINT ( 'NONE',  ( -21.25199999999999900, -21.25199999999999900, 8.500000000000000000 ) ) ;
#4312 = ORIENTED_EDGE ( 'NONE', *, *, #9089, .F. ) ;
#4313 = VECTOR ( 'NONE', #7309, 1000.000000000000100 ) ;
#4314 = EDGE_CURVE ( 'NONE', #3481, #9113, #3220, .T. ) ;
#4315 = ORIENTED_EDGE ( 'NONE', *, *, #9398, .T. ) ;
#4316 =( LENGTH_UNIT ( ) NAMED_UNIT ( * ) SI_UNIT ( .MILLI., .METRE. ) );
#4317 = CC_DESIGN_DATE_AND_TIME_ASSIGNMENT ( #6115, #39, ( #1652 ) ) ;
#4318 = B_SPLINE_CURVE_WITH_KNOTS ( 'NONE', 3,
 ( #6931, #590, #6142, #2196, #6173, #2258 ),
 .UNSPECIFIED., .F., .F.,
 ( 4, 2, 4 ),
 ( 8.984481819466716000E-013, 0.0006061845713790179500, 0.001212369141859587700 ),
 .UNSPECIFIED. ) ;
#4319 = FACE_BOUND ( 'NONE', #2120, .T. ) ;
#4320 = CARTESIAN_POINT ( 'NONE',  ( 10.50000000000000000, 1.285879139104720800E-015, 9.500000000000000000 ) ) ;
#4321 = DIRECTION ( 'NONE',  ( -1.000000000000000000, 0.0000000000000000000, 0.0000000000000000000 ) ) ;
#4322 = VERTEX_POINT ( 'NONE', #7336 ) ;
#4323 = FACE_BOUND ( 'NONE', #3445, .T. ) ;
#4324 = DIRECTION ( 'NONE',  ( -1.000000000000000000, 0.0000000000000000000, 0.0000000000000000000 ) ) ;
#4325 = DIRECTION ( 'NONE',  ( 0.0000000000000000000, 0.0000000000000000000, 1.000000000000000000 ) ) ;
#4326 = ADVANCED_FACE ( 'NONE', ( #5964 ), #5844, .F. ) ;
#4327 = VERTEX_POINT ( 'NONE', #2601 ) ;
#4328 = VECTOR ( 'NONE', #8831, 1000.000000000000000 ) ;
#4329 = CARTESIAN_POINT ( 'NONE',  ( -17.67944947233549200, -12.99751941100000100, -0.9430728131723903300 ) ) ;
#4330 = VERTEX_POINT ( 'NONE', #1065 ) ;
#4331 = VECTOR ( 'NONE', #6332, 1000.000000000000000 ) ;
#4332 = EDGE_CURVE ( 'NONE', #4512, #408, #6837, .T. ) ;
#4333 = AXIS2_PLACEMENT_3D ( 'NONE', #9868, #5012, #1059 ) ;
#4334 = FACE_OUTER_BOUND ( 'NONE', #4977, .T. ) ;
#4335 = ORIENTED_EDGE ( 'NONE', *, *, #7854, .F. ) ;
#4336 = CARTESIAN_POINT ( 'NONE',  ( 2.999999999999999100, -2.265652505414229800, 0.6258225137513477900 ) ) ;
#4337 = ADVANCED_FACE ( 'NONE', ( #4841 ), #1999, .T. ) ;
#4338 = DIRECTION ( 'NONE',  ( 0.0000000000000000000, 0.0000000000000000000, -1.000000000000000000 ) ) ;
#4339 = EDGE_CURVE ( 'NONE', #5903, #5895, #10165, .T. ) ;
#4340 = DIRECTION ( 'NONE',  ( -0.8571673007928118900, 1.049727191249693500E-016, 0.5150380747591046800 ) ) ;
#4341 = ORIENTED_EDGE ( 'NONE', *, *, #9381, .F. ) ;
#4342 = CARTESIAN_POINT ( 'NONE',  ( 10.82419358037780700, -7.166408817967412600, -3.556128297010704200 ) ) ;
#4343 = EDGE_CURVE ( 'NONE', #422, #1938, #269, .T. ) ;
#4344 = ADVANCED_FACE ( 'NONE', ( #6338 ), #8448, .T. ) ;
#4345 = VECTOR ( 'NONE', #4340, 1000.000000000000100 ) ;
#4346 = VERTEX_POINT ( 'NONE', #7379 ) ;
#4347 = AXIS2_PLACEMENT_3D ( 'NONE', #1945, #3457, #5087 ) ;
#4348 = DIRECTION ( 'NONE',  ( 1.000000000000000000, 0.0000000000000000000, 0.0000000000000000000 ) ) ;
#4349 = CARTESIAN_POINT ( 'NONE',  ( -21.00000000000000000, 0.0000000000000000000, 8.500000000000000000 ) ) ;
#4350 = ORIENTED_EDGE ( 'NONE', *, *, #3381, .F. ) ;
#4351 = ADVANCED_FACE ( 'NONE', ( #6205 ), #4230, .T. ) ;
#4352 = DIRECTION ( 'NONE',  ( -0.0000000000000000000, -0.0000000000000000000, -1.000000000000000000 ) ) ;
#4353 = PRODUCT_DEFINITION_SHAPE ( 'NONE', 'NONE',  #10280 ) ;
#4354 = CARTESIAN_POINT ( 'NONE',  ( 0.0000000000000000000, 0.0000000000000000000, 19.50000000000000000 ) ) ;
#4355 = LINE ( 'NONE', #6400, #2242 ) ;
#4356 = COORDINATED_UNIVERSAL_TIME_OFFSET ( 8, 0, .AHEAD. ) ;
#4357 = EDGE_LOOP ( 'NONE', ( #8552, #4985, #573, #138, #6558 ) ) ;
#4358 = ORIENTED_EDGE ( 'NONE', *, *, #494, .T. ) ;
#4359 = CARTESIAN_POINT ( 'NONE',  ( 12.74486450724671200, -16.69036934035785800, -6.103460726973942400E-010 ) ) ;
#4360 = VERTEX_POINT ( 'NONE', #2564 ) ;
#4361 = DIRECTION ( 'NONE',  ( 0.0000000000000000000, 0.0000000000000000000, -1.000000000000000000 ) ) ;
#4362 = AXIS2_PLACEMENT_3D ( 'NONE', #7575, #4396, #5201 ) ;
#4363 = VECTOR ( 'NONE', #6654, 1000.000000000000000 ) ;
#4364 = COORDINATED_UNIVERSAL_TIME_OFFSET ( 8, 0, .AHEAD. ) ;
#4365 = VERTEX_POINT ( 'NONE', #5779 ) ;
#4366 = CIRCLE ( 'NONE', #3713, 0.2999999999999999300 ) ;
#4367 = DIRECTION ( 'NONE',  ( -0.0000000000000000000, 1.000000000000000000, -0.0000000000000000000 ) ) ;
#4368 = ORIENTED_EDGE ( 'NONE', *, *, #7316, .T. ) ;
#4369 = EDGE_CURVE ( 'NONE', #6732, #6181, #6715, .T. ) ;
#4370 = DIRECTION ( 'NONE',  ( 1.000000000000000000, 0.0000000000000000000, 0.0000000000000000000 ) ) ;
#4371 = APPROVAL_DATE_TIME ( #6481, #1867 ) ;
#4372 = DIRECTION ( 'NONE',  ( 1.000000000000000000, 0.0000000000000000000, 0.0000000000000000000 ) ) ;
#4373 = ORIENTED_EDGE ( 'NONE', *, *, #6158, .F. ) ;
#4374 = CC_DESIGN_PERSON_AND_ORGANIZATION_ASSIGNMENT ( #4266, #9387, ( #642 ) ) ;
#4375 = CIRCLE ( 'NONE', #4980, 2.649999999999999900 ) ;
#4376 = CARTESIAN_POINT ( 'NONE',  ( 11.05427226892191200, -7.037277529610952900, -3.807534755938800400 ) ) ;
#4377 = ORIENTED_EDGE ( 'NONE', *, *, #4595, .F. ) ;
#4378 =( LENGTH_UNIT ( ) NAMED_UNIT ( * ) SI_UNIT ( .MILLI., .METRE. ) );
#4379 = PERSON ( 'NAUO-PER13', 'UNSPECIFIED', 'UNSPECIFIED', ('UNSPECIFIED'), ('UNSPECIFIED'), ('UNSPECIFIED') ) ;
#4380 = DIRECTION ( 'NONE',  ( -1.000000000000000000, 0.0000000000000000000, 0.0000000000000000000 ) ) ;
#4381 = DIRECTION ( 'NONE',  ( -9.826173185649159900E-031, -9.912705577010326500E-016, 1.000000000000000000 ) ) ;
#4382 = ORIENTED_EDGE ( 'NONE', *, *, #8455, .F. ) ;
#4383 = COORDINATED_UNIVERSAL_TIME_OFFSET ( 8, 0, .AHEAD. ) ;
#4384 = CIRCLE ( 'NONE', #9005, 2.999999999999998700 ) ;
#4385 = DIRECTION ( 'NONE',  ( -0.8571673007928118900, 1.049727191249693500E-016, 0.5150380747591046800 ) ) ;
#4386 = CARTESIAN_POINT ( 'NONE',  ( 0.0000000000000000000, 0.0000000000000000000, 0.2000000000000000100 ) ) ;
#4387 = EDGE_LOOP ( 'NONE', ( #4118, #2618, #3110 ) ) ;
#4388 = AXIS2_PLACEMENT_3D ( 'NONE', #612, #10111, #10008 ) ;
#4389 = EDGE_CURVE ( 'NONE', #694, #1157, #9302, .T. ) ;
#4390 = ADVANCED_FACE ( 'NONE', ( #3726 ), #2132, .F. ) ;
#4391 = ORIENTED_EDGE ( 'NONE', *, *, #698, .T. ) ;
#4392 = VERTEX_POINT ( 'NONE', #6684 ) ;
#4393 = CARTESIAN_POINT ( 'NONE',  ( 0.5000000000000000000, -1.500000000000000000, -0.8660254040000001700 ) ) ;
#4394 = VERTEX_POINT ( 'NONE', #7567 ) ;
#4395 = LOCAL_TIME ( 15, 11, 14.00000000000000000, #9594 ) ;
#4396 = DIRECTION ( 'NONE',  ( 1.000000000000000000, 0.0000000000000000000, 0.0000000000000000000 ) ) ;
#4397 = CIRCLE ( 'NONE', #2488, 6.000000000000000000 ) ;
#4398 = CARTESIAN_POINT ( 'NONE',  ( -5.825025717999999100, 0.0000000000000000000, -6.126743725000000800 ) ) ;
#4399 = CARTESIAN_POINT ( 'NONE',  ( 6.899999999999999500, -0.5999999989317702500, -4.963869458525463700 ) ) ;
#4400 = LINE ( 'NONE', #5229, #2423 ) ;
#4401 = EDGE_LOOP ( 'NONE', ( #9666, #3240, #2273, #2637 ) ) ;
#4402 = ADVANCED_FACE ( 'NONE', ( #1631 ), #10049, .F. ) ;
#4403 = EDGE_CURVE ( 'NONE', #5974, #1196, #9, .T. ) ;
#4404 = AXIS2_PLACEMENT_3D ( 'NONE', #524, #2067, #560 ) ;
#4405 = ORIENTED_EDGE ( 'NONE', *, *, #2827, .F. ) ;
#4406 = DIRECTION ( 'NONE',  ( 0.0000000000000000000, 0.0000000000000000000, 1.000000000000000000 ) ) ;
#4407 = LINE ( 'NONE', #153, #2296 ) ;
#4408 = CARTESIAN_POINT ( 'NONE',  ( -16.80766965735587000, 12.79999998749424100, -0.1267072444016618700 ) ) ;
#4409 = AXIS2_PLACEMENT_3D ( 'NONE', #5391, #7735, #9359 ) ;
#4410 = CARTESIAN_POINT ( 'NONE',  ( 0.0000000000000000000, 0.0000000000000000000, 10.50000000000000000 ) ) ;
#4411 = DIRECTION ( 'NONE',  ( -7.993605777301127100E-015, -1.000000000000000000, -1.284980352575412700E-016 ) ) ;
#4412 = VECTOR ( 'NONE', #4155, 1000.000000000000000 ) ;
#4413 = ORIENTED_EDGE ( 'NONE', *, *, #2022, .F. ) ;
#4414 = ORIENTED_EDGE ( 'NONE', *, *, #5298, .T. ) ;
#4415 = EDGE_CURVE ( 'NONE', #393, #3013, #1380, .T. ) ;
#4416 = APPROVAL_STATUS ( 'not_yet_approved' ) ;
#4417 = AXIS2_PLACEMENT_3D ( 'NONE', #1330, #7728, #1365 ) ;
#4418 = CARTESIAN_POINT ( 'NONE',  ( 0.0000000000000000000, 0.0000000000000000000, 4.799999999999999800 ) ) ;
#4419 = DIRECTION ( 'NONE',  ( 0.0000000000000000000, 0.0000000000000000000, -1.000000000000000000 ) ) ;
#4420 = VECTOR ( 'NONE', #853, 1000.000000000000000 ) ;
#4421 = VERTEX_POINT ( 'NONE', #2832 ) ;
#4422 = LINE ( 'NONE', #1727, #3430 ) ;
#4423 = CARTESIAN_POINT ( 'NONE',  ( 3.000000000144163300, 0.0000000000000000000, -2.525735931672475700 ) ) ;
#4424 = EDGE_CURVE ( 'NONE', #6485, #4225, #7196, .T. ) ;
#4425 = DIRECTION ( 'NONE',  ( 0.0000000000000000000, -6.424901762877064700E-017, 1.000000000000000000 ) ) ;
#4426 = DIRECTION ( 'NONE',  ( -1.000000000000000000, 0.0000000000000000000, 0.0000000000000000000 ) ) ;
#4427 = CARTESIAN_POINT ( 'NONE',  ( 7.600049259434402200, 6.450764450948217800, -4.741137314347420300 ) ) ;
#4428 = ORIENTED_EDGE ( 'NONE', *, *, #204, .T. ) ;
#4429 = FACE_OUTER_BOUND ( 'NONE', #9441, .T. ) ;
#4430 = ORIENTED_EDGE ( 'NONE', *, *, #6067, .T. ) ;
#4431 = EDGE_CURVE ( 'NONE', #10188, #3422, #2389, .T. ) ;
#4432 = ORIENTED_EDGE ( 'NONE', *, *, #8345, .T. ) ;
#4433 = AXIS2_PLACEMENT_3D ( 'NONE', #4479, #528, #2927 ) ;
#4434 = CARTESIAN_POINT ( 'NONE',  ( -15.48178128792898900, 9.659940380257252100, 6.000000000000000000 ) ) ;
#4435 = EDGE_LOOP ( 'NONE', ( #973, #5433, #9268, #6155, #5841 ) ) ;
#4436 = LINE ( 'NONE', #9153, #472 ) ;
#4437 = ORIENTED_EDGE ( 'NONE', *, *, #6517, .T. ) ;
#4438 = CARTESIAN_POINT ( 'NONE',  ( -19.99774167993309200, -6.413117624787577000, 3.825198235677676800 ) ) ;
#4439 = VERTEX_POINT ( 'NONE', #1173 ) ;
#4441 = DIRECTION ( 'NONE',  ( 0.0000000000000000000, 1.000000000000000000, 0.0000000000000000000 ) ) ;
#4440 = CIRCLE ( 'NONE', #9977, 21.00000000000000000 ) ;
#4442 = ADVANCED_FACE ( 'NONE', ( #9815 ), #3210, .F. ) ;
#4443 = ORIENTED_EDGE ( 'NONE', *, *, #7684, .F. ) ;
#4444 = VECTOR ( 'NONE', #4385, 1000.000000000000100 ) ;
#4445 = CARTESIAN_POINT ( 'NONE',  ( -9.300000000000000700, 0.0000000000000000000, 0.2000000000000000100 ) ) ;
#4446 = EDGE_CURVE ( 'NONE', #3906, #5719, #3490, .T. ) ;
#4447 = DIRECTION ( 'NONE',  ( 0.0000000000000000000, 0.0000000000000000000, 1.000000000000000000 ) ) ;
#4448 = DATE_TIME_ROLE ( 'classification_date' ) ;
#4449 = DIRECTION ( 'NONE',  ( 0.0000000000000000000, 0.0000000000000000000, -1.000000000000000000 ) ) ;
#4450 = LINE ( 'NONE', #2292, #4204 ) ;
#4451 = ADVANCED_FACE ( 'NONE', ( #5100, #618 ), #8370, .F. ) ;
#4452 = DIRECTION ( 'NONE',  ( -1.000000000000000000, 0.0000000000000000000, 0.0000000000000000000 ) ) ;
#4453 = ORIENTED_EDGE ( 'NONE', *, *, #1241, .T. ) ;
#4454 = DIRECTION ( 'NONE',  ( -1.000000000000000000, 0.0000000000000000000, 0.0000000000000000000 ) ) ;
#4455 = SHAPE_REPRESENTATION ( 'EG17-G5', ( #4433, #5174, #4967, #8547, #382, #9270, #3763, #7144, #187, #5695, #1250, #6226, #9604, #4821 ), #5497 ) ;
#4456 = DIRECTION ( 'NONE',  ( 0.0000000000000000000, -1.000000000000000000, 0.0000000000000000000 ) ) ;
#4457 = FACE_OUTER_BOUND ( 'NONE', #7366, .T. ) ;
#4458 = DIRECTION ( 'NONE',  ( 0.0000000000000000000, 0.0000000000000000000, 1.000000000000000000 ) ) ;
#4459 = AXIS2_PLACEMENT_3D ( 'NONE', #8860, #4146, #9654 ) ;
#4460 = ORIENTED_EDGE ( 'NONE', *, *, #8862, .T. ) ;
#4461 = EDGE_CURVE ( 'NONE', #3427, #5671, #8436, .T. ) ;
#4462 = DIRECTION ( 'NONE',  ( 0.0000000000000000000, -9.912705577010312700E-016, 1.000000000000000000 ) ) ;
#4463 = ORIENTED_EDGE ( 'NONE', *, *, #3578, .T. ) ;
#4464 = CARTESIAN_POINT ( 'NONE',  ( 0.0000000000000000000, 0.0000000000000000000, 0.0000000000000000000 ) ) ;
#4465 = LINE ( 'NONE', #8435, #9539 ) ;
#4466 = ORGANIZATION ( 'NAUO-ORG13', 'UNSPECIFIED', 'UNSPECIFIED' ) ;
#4467 = VERTEX_POINT ( 'NONE', #9874 ) ;
#4468 = CARTESIAN_POINT ( 'NONE',  ( 0.0000000000000000000, 0.0000000000000000000, -16.99999999999990400 ) ) ;
#4469 = EDGE_CURVE ( 'NONE', #5674, #1195, #1880, .T. ) ;
#4470 = CARTESIAN_POINT ( 'NONE',  ( 0.0000000000000000000, -2.681800000000000000, 2.681800000000000000 ) ) ;
#4471 = AXIS2_PLACEMENT_3D ( 'NONE', #1629, #8096, #7232 ) ;
#4472 = ORIENTED_EDGE ( 'NONE', *, *, #471, .F. ) ;
#4473 = CARTESIAN_POINT ( 'NONE',  ( -15.50000000000000000, 15.50000000000000000, -15.00000000000000000 ) ) ;
#4474 = VECTOR ( 'NONE', #2525, 1000.000000000000000 ) ;
#4475 = COORDINATED_UNIVERSAL_TIME_OFFSET ( 8, 0, .AHEAD. ) ;
#4476 = AXIS2_PLACEMENT_3D ( 'NONE', #2193, #8528, #7623 ) ;
#4477 = ORIENTED_EDGE ( 'NONE', *, *, #2748, .T. ) ;
#4478 = CARTESIAN_POINT ( 'NONE',  ( 12.76164838213315300, -16.72910030129319700, -0.04096867711340179000 ) ) ;
#4479 = CARTESIAN_POINT ( 'NONE',  ( 0.0000000000000000000, 0.0000000000000000000, 0.0000000000000000000 ) ) ;
#4480 = CYLINDRICAL_SURFACE ( 'NONE', #2458, 6.250000000000000000 ) ;
#4481 = DIRECTION ( 'NONE',  ( -0.0000000000000000000, -0.0000000000000000000, -1.000000000000000000 ) ) ;
#4482 = CARTESIAN_POINT ( 'NONE',  ( -16.72941461283121000, 12.76313604797104200, -0.04212072583078392600 ) ) ;
#4483 = DIRECTION ( 'NONE',  ( -0.0000000000000000000, -0.0000000000000000000, -1.000000000000000000 ) ) ;
#4484 = DIRECTION ( 'NONE',  ( 1.000000000000000000, 0.0000000000000000000, 0.0000000000000000000 ) ) ;
#4485 = VERTEX_POINT ( 'NONE', #8334 ) ;
#4486 = ITEM_DEFINED_TRANSFORMATION ( 'NONE', 'NONE', #3763,  #2234 ) ;
#4487 = VERTEX_POINT ( 'NONE', #6784 ) ;
#4488 = CIRCLE ( 'NONE', #6377, 3.000000000000000900 ) ;
#4489 = EDGE_CURVE ( 'NONE', #8807, #4078, #6080, .T. ) ;
#4490 = ADVANCED_FACE ( 'NONE', ( #2125 ), #8189, .F. ) ;
#4491 = DIRECTION ( 'NONE',  ( -1.000000000000000000, 0.0000000000000000000, 0.0000000000000000000 ) ) ;
#4492 = DIRECTION ( 'NONE',  ( 1.000000000000000000, 0.0000000000000000000, 0.0000000000000000000 ) ) ;
#4493 = AXIS2_PLACEMENT_3D ( 'NONE', #3590, #9172, #8343 ) ;
#4494 = ORIENTED_EDGE ( 'NONE', *, *, #681, .F. ) ;
#4495 = DIRECTION ( 'NONE',  ( 1.355252715606880800E-016, 1.000000000000000000, 0.0000000000000000000 ) ) ;
#4496 = CARTESIAN_POINT ( 'NONE',  ( 4.700000000000000200, 5.755839955992559700E-016, 12.40000000000000200 ) ) ;
#4497 = VERTEX_POINT ( 'NONE', #9328 ) ;
#4498 = APPROVAL_DATE_TIME ( #3123, #4573 ) ;
#4499 = LINE ( 'NONE', #3286, #9841 ) ;
#4500 = CARTESIAN_POINT ( 'NONE',  ( -17.67944947199999800, -10.99751941100000100, -15.00000000000000000 ) ) ;
#4501 = ADVANCED_FACE ( 'NONE', ( #7568 ), #3789, .F. ) ;
#4502 = DIRECTION ( 'NONE',  ( 0.0000000000000000000, -1.084202172485504400E-016, -1.000000000000000000 ) ) ;
#4503 = ORIENTED_EDGE ( 'NONE', *, *, #8874, .F. ) ;
#4504 = EDGE_CURVE ( 'NONE', #9638, #4737, #9545, .T. ) ;
#4505 = CARTESIAN_POINT ( 'NONE',  ( -20.70000000000009500, 2.553388576222237500E-015, -16.99999999999990400 ) ) ;
#4506 = CARTESIAN_POINT ( 'NONE',  ( 2.288053610493862200, 21.00000000000000000, -0.09469490470643156200 ) ) ;
#4507 = CC_DESIGN_DATE_AND_TIME_ASSIGNMENT ( #2984, #1572, ( #8558 ) ) ;
#4508 = ORIENTED_EDGE ( 'NONE', *, *, #7025, .F. ) ;
#4509 = DATE_AND_TIME ( #8482, #7609 ) ;
#4510 = VECTOR ( 'NONE', #5507, 1000.000000000000000 ) ;
#4511 = DIRECTION ( 'NONE',  ( 0.0000000000000000000, 0.0000000000000000000, -1.000000000000000000 ) ) ;
#4512 = VERTEX_POINT ( 'NONE', #5323 ) ;
#4513 = ADVANCED_BREP_SHAPE_REPRESENTATION ( '', ( #7882, #2234 ), #6565 ) ;
#4514 = CARTESIAN_POINT ( 'NONE',  ( -5.755954265999998000, 0.0000000000000000000, -4.418830826122641900E-010 ) ) ;
#4515 = APPROVAL_ROLE ( '' ) ;
#4516 = CARTESIAN_POINT ( 'NONE',  ( 10.00000000000000000, -7.350356332999999700, -4.500000000000000900 ) ) ;
#4517 = CARTESIAN_POINT ( 'NONE',  ( 16.97056274823857100, 21.00000000000000000, -15.00000000323999800 ) ) ;
#4518 = CIRCLE ( 'NONE', #2965, 1.600000000000000800 ) ;
#4519 = ORIENTED_EDGE ( 'NONE', *, *, #7280, .T. ) ;
#4520 = DIRECTION ( 'NONE',  ( 1.000000000000000000, 0.0000000000000000000, 0.0000000000000000000 ) ) ;
#4521 = VERTEX_POINT ( 'NONE', #1268 ) ;
#4522 = DATE_AND_TIME ( #8733, #6381 ) ;
#4523 = CARTESIAN_POINT ( 'NONE',  ( 1.499999998922664400, 3.708099243983635300, 22.25000000000000000 ) ) ;
#4524 = LINE ( 'NONE', #4546, #7122 ) ;
#4525 = EDGE_CURVE ( 'NONE', #5392, #1812, #4831, .T. ) ;
#4526 = ORIENTED_EDGE ( 'NONE', *, *, #6729, .T. ) ;
#4527 = SHAPE_REPRESENTATION ( 'nema17input flange', ( #2234 ), #6484 ) ;
#4528 = DIRECTION ( 'NONE',  ( 0.0000000000000000000, 0.0000000000000000000, -1.000000000000000000 ) ) ;
#4529 = AXIS2_PLACEMENT_3D ( 'NONE', #7950, #3999, #1482 ) ;
#4530 = CARTESIAN_POINT ( 'NONE',  ( 10.00000000000000000, -0.5999999999999998700, 4.500000000000000900 ) ) ;
#4531 = FACE_BOUND ( 'NONE', #7855, .T. ) ;
#4532 = ORIENTED_EDGE ( 'NONE', *, *, #10170, .F. ) ;
#4533 = DIRECTION ( 'NONE',  ( 0.0000000000000000000, 0.0000000000000000000, 1.000000000000000000 ) ) ;
#4534 = CARTESIAN_POINT ( 'NONE',  ( 0.0000000000000000000, -3.212450881438533200E-016, -15.00000000000000000 ) ) ;
#4535 = VECTOR ( 'NONE', #8608, 1000.000000000000000 ) ;
#4536 = DIRECTION ( 'NONE',  ( -0.0000000000000000000, 4.130293990420969400E-017, 1.000000000000000000 ) ) ;
#4537 = EDGE_CURVE ( 'NONE', #9549, #81, #4114, .T. ) ;
#4538 = CIRCLE ( 'NONE', #3060, 2.249999999999948000 ) ;
#4539 = ORIENTED_EDGE ( 'NONE', *, *, #2729, .F. ) ;
#4540 = LINE ( 'NONE', #4063, #9493 ) ;
#4541 = CARTESIAN_POINT ( 'NONE',  ( 10.00000000000000000, -4.500000000000000900, 2.100000000000000100 ) ) ;
#4542 = AXIS2_PLACEMENT_3D ( 'NONE', #2302, #10223, #6423 ) ;
#4543 = DIRECTION ( 'NONE',  ( -1.000000000000000000, 0.0000000000000000000, 0.0000000000000000000 ) ) ;
#4544 = CARTESIAN_POINT ( 'NONE',  ( -4.116663184861374200, -17.77788188466777100, 6.000000000000000000 ) ) ;
#4545 = SHAPE_REPRESENTATION ( 'input shaft', ( #2234 ), #7012 ) ;
#4546 = CARTESIAN_POINT ( 'NONE',  ( 1.750000000000000000, 0.0000000000000000000, -1.732050808000000300 ) ) ;
#4547 = CYLINDRICAL_SURFACE ( 'NONE', #5069, 1.600000000000000800 ) ;
#4548 = ORIENTED_EDGE ( 'NONE', *, *, #1744, .F. ) ;
#4549 = CARTESIAN_POINT ( 'NONE',  ( -19.62983158500000500, 6.888301783000001100, -15.50000000000000000 ) ) ;
#4550 = APPLICATION_CONTEXT ( 'configuration controlled 3d designs of mechanical parts and assemblies' ) ;
#4551 = CARTESIAN_POINT ( 'NONE',  ( 2.874016129999998900, -5.337932253999999200, 2.668966127000000000 ) ) ;
#4552 = CARTESIAN_POINT ( 'NONE',  ( 21.00000000000000000, -1.148138815587358200, -1.577730865875634500E-010 ) ) ;
#4553 = VERTEX_POINT ( 'NONE', #9260 ) ;
#4554 = ADVANCED_FACE ( 'NONE', ( #9805 ), #4222, .F. ) ;
#4555 = CARTESIAN_POINT ( 'NONE',  ( -12.74672861473192900, -16.68894573229059100, 8.500000000000000000 ) ) ;
#4556 = DIRECTION ( 'NONE',  ( -0.0000000000000000000, -0.0000000000000000000, 1.000000000000000000 ) ) ;
#4557 = AXIS2_PLACEMENT_3D ( 'NONE', #1018, #6466, #2519 ) ;
#4558 = ORIENTED_EDGE ( 'NONE', *, *, #3208, .F. ) ;
#4559 = FACE_OUTER_BOUND ( 'NONE', #450, .T. ) ;
#4560 = CARTESIAN_POINT ( 'NONE',  ( 6.299999999999999800, 6.123233995736766300E-016, 5.000000000000000000 ) ) ;
#4561 = ORIENTED_EDGE ( 'NONE', *, *, #1105, .F. ) ;
#4562 = VERTEX_POINT ( 'NONE', #10128 ) ;
#4563 = EDGE_CURVE ( 'NONE', #2659, #6494, #10041, .T. ) ;
#4564 = CIRCLE ( 'NONE', #9571, 1.599999999999997200 ) ;
#4565 = DIRECTION ( 'NONE',  ( -0.0000000000000000000, -0.0000000000000000000, 1.000000000000000000 ) ) ;
#4566 = EDGE_LOOP ( 'NONE', ( #2014, #8868, #532, #348 ) ) ;
#4567 = VECTOR ( 'NONE', #3023, 1000.000000000000000 ) ;
#4568 = DIRECTION ( 'NONE',  ( 0.0000000000000000000, -4.130293990420969400E-017, -1.000000000000000000 ) ) ;
#4569 = CARTESIAN_POINT ( 'NONE',  ( 9.244722178472811100, 7.686943060184008300, -2.216851507080204200 ) ) ;
#4570 = DIRECTION ( 'NONE',  ( -1.000000000000000000, 0.0000000000000000000, 0.0000000000000000000 ) ) ;
#4571 = DIRECTION ( 'NONE',  ( 0.0000000000000000000, 1.000000000000000000, 0.0000000000000000000 ) ) ;
#4572 = EDGE_CURVE ( 'NONE', #9510, #9944, #6943, .T. ) ;
#4573 = APPROVAL ( #8564, '未指定' ) ;
#4574 = FACE_OUTER_BOUND ( 'NONE', #7420, .T. ) ;
#4575 = VERTEX_POINT ( 'NONE', #10060 ) ;
#4576 = FACE_OUTER_BOUND ( 'NONE', #2552, .T. ) ;
#4577 = CARTESIAN_POINT ( 'NONE',  ( -20.26376355676185900, -5.517915093326009500, 4.333993775616743700 ) ) ;
#4578 = CARTESIAN_POINT ( 'NONE',  ( 20.99999999999999600, 16.97056274823856700, -20.00000000000000400 ) ) ;
#4579 = CARTESIAN_POINT ( 'NONE',  ( 17.36460116209777700, -12.97859496654732500, -0.6787846984341338000 ) ) ;
#4580 = LINE ( 'NONE', #5182, #3825 ) ;
#4581 = ORIENTED_EDGE ( 'NONE', *, *, #2301, .T. ) ;
#4582 = CARTESIAN_POINT ( 'NONE',  ( 0.0000000000000000000, 6.000000000000000000, -4.336808689942017700E-016 ) ) ;
#4583 = AXIS2_PLACEMENT_3D ( 'NONE', #4087, #145, #4286 ) ;
#4584 = APPLICATION_CONTEXT ( 'configuration controlled 3d designs of mechanical parts and assemblies' ) ;
#4585 = CARTESIAN_POINT ( 'NONE',  ( 10.30617045028109900, -7.715484090231922400, 2.114758202288599800 ) ) ;
#4586 = ORIENTED_EDGE ( 'NONE', *, *, #516, .F. ) ;
#4587 = CARTESIAN_POINT ( 'NONE',  ( -21.00000000000000000, -21.00000000000000000, -15.00000000000000000 ) ) ;
#4588 = DIRECTION ( 'NONE',  ( -0.0000000000000000000, 1.000000000000000000, 0.0000000000000000000 ) ) ;
#4589 = FACE_OUTER_BOUND ( 'NONE', #9214, .T. ) ;
#4590 = ORIENTED_EDGE ( 'NONE', *, *, #8976, .F. ) ;
#4591 = CARTESIAN_POINT ( 'NONE',  ( -15.50000000000000000, 15.50000000000000000, 8.500000000000000000 ) ) ;
#4592 = ORIENTED_EDGE ( 'NONE', *, *, #4281, .F. ) ;
#4593 = CARTESIAN_POINT ( 'NONE',  ( 4.500000000000000900, 0.0000000000000000000, 5.039138622000000300 ) ) ;
#4594 = DIRECTION ( 'NONE',  ( 0.0000000000000000000, 5.329070518200751400E-015, 1.000000000000000000 ) ) ;
#4595 = EDGE_CURVE ( 'NONE', #6540, #212, #7932, .T. ) ;
#4596 = AXIS2_PLACEMENT_3D ( 'NONE', #293, #7397, #5872 ) ;
#4597 = DIRECTION ( 'NONE',  ( 1.000000000000000000, 0.0000000000000000000, 0.0000000000000000000 ) ) ;
#4598 = LINE ( 'NONE', #1589, #7458 ) ;
#4599 = CARTESIAN_POINT ( 'NONE',  ( 1.308927439675426900, 3.780633255024774500, 16.24157762820394900 ) ) ;
#4600 = PERSON_AND_ORGANIZATION ( #401, #2000 ) ;
#4601 = EDGE_LOOP ( 'NONE', ( #7843, #4915, #7472, #6390 ) ) ;
#4602 = ORIENTED_EDGE ( 'NONE', *, *, #5127, .T. ) ;
#4603 = AXIS2_PLACEMENT_3D ( 'NONE', #3142, #10146, #1567 ) ;
#4604 = ADVANCED_FACE ( 'NONE', ( #7069 ), #1373, .F. ) ;
#4605 = ORIENTED_EDGE ( 'NONE', *, *, #8041, .F. ) ;
#4606 = FACE_OUTER_BOUND ( 'NONE', #4132, .T. ) ;
#4607 = DIRECTION ( 'NONE',  ( -0.0000000000000000000, 6.424901762877064700E-017, -1.000000000000000000 ) ) ;
#4608 = EDGE_CURVE ( 'NONE', #1262, #5777, #9182, .T. ) ;
#4609 = DATE_AND_TIME ( #2506, #6725 ) ;
#4610 = ORIENTED_EDGE ( 'NONE', *, *, #9207, .T. ) ;
#4611 = LINE ( 'NONE', #466, #6354 ) ;
#4612 = DIRECTION ( 'NONE',  ( 0.0000000000000000000, 0.0000000000000000000, -1.000000000000000000 ) ) ;
#4613 = AXIS2_PLACEMENT_3D ( 'NONE', #6036, #1298, #6836 ) ;
#4614 = ORIENTED_EDGE ( 'NONE', *, *, #20, .T. ) ;
#4615 = ORIENTED_EDGE ( 'NONE', *, *, #8311, .T. ) ;
#4616 = DIRECTION ( 'NONE',  ( 1.000000000000000000, 0.0000000000000000000, 0.0000000000000000000 ) ) ;
#4617 = CARTESIAN_POINT ( 'NONE',  ( -17.77788187594783100, 4.116663193031858900, 10.00000000000000000 ) ) ;
#4618 = PERSON_AND_ORGANIZATION_ROLE ( 'creator' ) ;
#4619 = DIRECTION ( 'NONE',  ( 0.0000000000000000000, 0.0000000000000000000, -1.000000000000000000 ) ) ;
#4620 = CARTESIAN_POINT ( 'NONE',  ( 9.500000000000000000, 0.0000000000000000000, 11.19999999999999900 ) ) ;
#4621 = ORGANIZATION ( 'NAUO-ORG1', 'UNSPECIFIED', 'UNSPECIFIED' ) ;
#4622 = EDGE_CURVE ( 'NONE', #1828, #9541, #849, .T. ) ;
#4623 = LINE ( 'NONE', #83, #8583 ) ;
#4624 = CARTESIAN_POINT ( 'NONE',  ( 0.0000000000000000000, 0.0000000000000000000, 0.0000000000000000000 ) ) ;
#4625 = ORIENTED_EDGE ( 'NONE', *, *, #3801, .T. ) ;
#4626 = EDGE_CURVE ( 'NONE', #9510, #9912, #4465, .T. ) ;
#4627 = ORIENTED_EDGE ( 'NONE', *, *, #5510, .T. ) ;
#4628 = PERSON_AND_ORGANIZATION ( #9162, #4154 ) ;
#4629 = DIRECTION ( 'NONE',  ( 0.0000000000000000000, 0.0000000000000000000, -1.000000000000000000 ) ) ;
#4630 = APPROVAL ( #4416, '未指定' ) ;
#4631 = CIRCLE ( 'NONE', #6629, 9.500000000000000000 ) ;
#4632 = PLANE ( 'NONE',  #7909 ) ;
#4633 = ORIENTED_EDGE ( 'NONE', *, *, #7614, .T. ) ;
#4634 = CARTESIAN_POINT ( 'NONE',  ( 19.99774167982829800, 6.413117625114705500, 3.825198235414506000 ) ) ;
#4635 = DIRECTION ( 'NONE',  ( 1.000000000000000000, 0.0000000000000000000, 0.0000000000000000000 ) ) ;
#4636 = ORIENTED_EDGE ( 'NONE', *, *, #1805, .T. ) ;
#4637 = CYLINDRICAL_SURFACE ( 'NONE', #107, 6.000000000000000000 ) ;
#4638 = CARTESIAN_POINT ( 'NONE',  ( 1.750000000000000000, 0.0000000000000000000, 1.732050808000000300 ) ) ;
#4639 = ORIENTED_EDGE ( 'NONE', *, *, #3041, .T. ) ;
#4640 = EDGE_LOOP ( 'NONE', ( #7745, #778, #5861, #8693, #9413, #6979, #9764, #9774, #3091 ) ) ;
#4641 = APPROVAL_DATE_TIME ( #6757, #2512 ) ;
#4642 = FACE_OUTER_BOUND ( 'NONE', #9461, .T. ) ;
#4643 = EDGE_LOOP ( 'NONE', ( #9396, #5254, #760, #10208 ) ) ;
#4644 = EDGE_CURVE ( 'NONE', #5793, #1812, #8934, .T. ) ;
#4645 = CARTESIAN_POINT ( 'NONE',  ( -5.182287175696990800, -20.35052578260833300, 5.150000000000000400 ) ) ;
#4646 = VECTOR ( 'NONE', #1032, 1000.000000000000000 ) ;
#4647 = EDGE_LOOP ( 'NONE', ( #6114, #2994, #5965, #5757 ) ) ;
#4648 = ORIENTED_EDGE ( 'NONE', *, *, #8709, .T. ) ;
#4649 = CARTESIAN_POINT ( 'NONE',  ( 0.0000000000000000000, 17.50000000000000000, 0.0000000000000000000 ) ) ;
#4650 = CIRCLE ( 'NONE', #6807, 8.000000000000000000 ) ;
#4651 = DIRECTION ( 'NONE',  ( -0.0000000000000000000, 1.000000000000000000, 0.0000000000000000000 ) ) ;
#4652 = APPROVAL_ROLE ( '' ) ;
#4653 = CARTESIAN_POINT ( 'NONE',  ( 3.018966127000000100, -5.048032259000000200, 2.524016129999999200 ) ) ;
#4654 = CARTESIAN_POINT ( 'NONE',  ( 0.0000000000000000000, 0.0000000000000000000, 12.00000000000000000 ) ) ;
#4655 = ADVANCED_FACE ( 'NONE', ( #3720 ), #9054, .F. ) ;
#4656 = PLANE ( 'NONE',  #2626 ) ;
#4657 = CARTESIAN_POINT ( 'NONE',  ( 1.749999999999972500, 0.0000000000000000000, 31.49999999999997200 ) ) ;
#4658 = LINE ( 'NONE', #5752, #8622 ) ;
#4659 = VERTEX_POINT ( 'NONE', #3026 ) ;
#4660 = AXIS2_PLACEMENT_3D ( 'NONE', #794, #5658, #1651 ) ;
#4661 = EDGE_CURVE ( 'NONE', #9082, #3454, #3095, .T. ) ;
#4662 = VERTEX_POINT ( 'NONE', #10224 ) ;
#4663 = CARTESIAN_POINT ( 'NONE',  ( 5.288301783000001400, 16.62983158500000200, 8.500000000000000000 ) ) ;
#4664 = CARTESIAN_POINT ( 'NONE',  ( 3.000000000385868200, 4.700000000319899800, 2.350000000225720000 ) ) ;
#4665 = AXIS2_PLACEMENT_3D ( 'NONE', #9897, #5252, #1303 ) ;
#4666 = CARTESIAN_POINT ( 'NONE',  ( 15.50000000000000000, 15.49999999999999500, -15.00000000000000000 ) ) ;
#4667 = CARTESIAN_POINT ( 'NONE',  ( 9.500000000000001800, -0.6000000000000000900, -7.977468269999999300 ) ) ;
#4668 = CIRCLE ( 'NONE', #6455, 1.600000000000000800 ) ;
#4669 = CARTESIAN_POINT ( 'NONE',  ( 7.347880794884119700E-016, -6.000000000000000000, 5.000000000000000900 ) ) ;
#4670 = VERTEX_POINT ( 'NONE', #7876 ) ;
#4671 = DIRECTION ( 'NONE',  ( 0.0000000000000000000, -5.421010862427522200E-017, -1.000000000000000000 ) ) ;
#4672 = CIRCLE ( 'NONE', #2809, 4.000000000000000000 ) ;
#4673 = EDGE_CURVE ( 'NONE', #6876, #2538, #9294, .T. ) ;
#4674 = DIRECTION ( 'NONE',  ( 0.0000000000000000000, -1.000000000000000000, -0.0000000000000000000 ) ) ;
#4675 = EDGE_CURVE ( 'NONE', #5738, #2283, #6581, .T. ) ;
#4676 = CARTESIAN_POINT ( 'NONE',  ( 2.700000000192570100, 0.0000000000000000000, 0.0000000000000000000 ) ) ;
#4677 = EDGE_LOOP ( 'NONE', ( #5836, #257, #5079, #9449 ) ) ;
#4678 = FACE_OUTER_BOUND ( 'NONE', #539, .T. ) ;
#4679 = ORIENTED_EDGE ( 'NONE', *, *, #6739, .F. ) ;
#4680 = B_SPLINE_CURVE_WITH_KNOTS ( 'NONE', 3,
 ( #8721, #3168, #1667, #4880, #8027, #6441, #96, #1626, #4040, #6476 ),
 .UNSPECIFIED., .F., .F.,
 ( 4, 2, 2, 2, 4 ),
 ( 0.0000000000000000000, 0.006781250463730769900, 0.008476563079663462800, 0.01017187569559615400, 0.01356250092746154000 ),
 .UNSPECIFIED. ) ;
#4681 = DIRECTION ( 'NONE',  ( -0.0000000000000000000, -0.0000000000000000000, 1.000000000000000000 ) ) ;
#4682 = AXIS2_PLACEMENT_3D ( 'NONE', #4237, #2581, #8113 ) ;
#4683 = DIRECTION ( 'NONE',  ( -1.000000000000000000, 0.0000000000000000000, 0.0000000000000000000 ) ) ;
#4684 = CARTESIAN_POINT ( 'NONE',  ( 17.67696888285984300, -12.99751941100000400, -0.9410742609589862800 ) ) ;
#4685 = ORIENTED_EDGE ( 'NONE', *, *, #3923, .T. ) ;
#4686 = ORIENTED_EDGE ( 'NONE', *, *, #322, .F. ) ;
#4687 = DATE_TIME_ROLE ( 'classification_date' ) ;
#4688 = CIRCLE ( 'NONE', #1103, 3.000000000000000900 ) ;
#4689 = EDGE_LOOP ( 'NONE', ( #6326, #5336 ) ) ;
#4690 = CARTESIAN_POINT ( 'NONE',  ( 9.388332821135833200, -21.00000000000000000, -1.998180846083494000 ) ) ;
#4691 = ORIENTED_EDGE ( 'NONE', *, *, #826, .F. ) ;
#4692 = DIRECTION ( 'NONE',  ( -1.000000000000000000, -0.0000000000000000000, -0.0000000000000000000 ) ) ;
#4693 = PLANE ( 'NONE',  #7113 ) ;
#4694 = ORIENTED_EDGE ( 'NONE', *, *, #3215, .T. ) ;
#4695 = FACE_OUTER_BOUND ( 'NONE', #128, .T. ) ;
#4696 = AXIS2_PLACEMENT_3D ( 'NONE', #3334, #4905, #940 ) ;
#4697 = CARTESIAN_POINT ( 'NONE',  ( 2.332238092999999100, -1.000000000000000000, 7.376889377999999600 ) ) ;
#4698 = EDGE_CURVE ( 'NONE', #653, #3721, #9934, .T. ) ;
#4699 = DIRECTION ( 'NONE',  ( -0.0000000000000000000, -0.0000000000000000000, 1.000000000000000000 ) ) ;
#4700 = DIRECTION ( 'NONE',  ( 1.000000000000000000, -0.0000000000000000000, -0.0000000000000000000 ) ) ;
#4701 = VECTOR ( 'NONE', #648, 1000.000000000000000 ) ;
#4702 = DIRECTION ( 'NONE',  ( 1.000000000000000000, 0.0000000000000000000, 0.0000000000000000000 ) ) ;
#4703 = VERTEX_POINT ( 'NONE', #4657 ) ;
#4704 = DIRECTION ( 'NONE',  ( 0.0000000000000000000, 0.0000000000000000000, -1.000000000000000000 ) ) ;
#4705 = ADVANCED_BREP_SHAPE_REPRESENTATION ( '', ( #3622, #2234 ), #6627 ) ;
#4706 = EDGE_CURVE ( 'NONE', #4971, #7896, #3966, .T. ) ;
#4707 = CC_DESIGN_SECURITY_CLASSIFICATION ( #3581, ( #10278 ) ) ;
#4708 = CARTESIAN_POINT ( 'NONE',  ( 10.00000000000000000, 4.500000000000000900, -4.500000000000000900 ) ) ;
#4709 = ADVANCED_FACE ( 'NONE', ( #1125 ), #6216, .F. ) ;
#4710 = CARTESIAN_POINT ( 'NONE',  ( 10.00000000000000000, -3.849999999999999600, 4.500000000000000900 ) ) ;
#4711 = LINE ( 'NONE', #1897, #491 ) ;
#4712 = ORIENTED_EDGE ( 'NONE', *, *, #1991, .T. ) ;
#4713 = CARTESIAN_POINT ( 'NONE',  ( 0.0000000000000000000, 0.0000000000000000000, 31.50000000000008500 ) ) ;
#4714 = ORIENTED_EDGE ( 'NONE', *, *, #9670, .T. ) ;
#4715 = CARTESIAN_POINT ( 'NONE',  ( 1.285879139104720800E-015, -10.50000000000000000, 5.000000000000000900 ) ) ;
#4716 = VECTOR ( 'NONE', #7214, 1000.000000000000000 ) ;
#4717 = AXIS2_PLACEMENT_3D ( 'NONE', #9568, #5596, #8747 ) ;
#4718 = COORDINATED_UNIVERSAL_TIME_OFFSET ( 8, 0, .AHEAD. ) ;
#4719 = VERTEX_POINT ( 'NONE', #10156 ) ;
#4720 = EDGE_CURVE ( 'NONE', #525, #8731, #2975, .T. ) ;
#4721 = DIRECTION ( 'NONE',  ( 0.7071067811865476800, 0.0000000000000000000, -0.7071067811865474600 ) ) ;
#4722 = ORIENTED_EDGE ( 'NONE', *, *, #6453, .T. ) ;
#4723 = DIRECTION ( 'NONE',  ( -0.0000000000000000000, -0.0000000000000000000, 1.000000000000000000 ) ) ;
#4724 = FACE_OUTER_BOUND ( 'NONE', #37, .T. ) ;
#4725 = LOCAL_TIME ( 15, 11, 14.00000000000000000, #5234 ) ;
#4726 = ORIENTED_EDGE ( 'NONE', *, *, #380, .F. ) ;
#4727 = VECTOR ( 'NONE', #1687, 1000.000000000000000 ) ;
#4728 = ORIENTED_EDGE ( 'NONE', *, *, #5298, .F. ) ;
#4729 = DIRECTION ( 'NONE',  ( 1.000000000000000000, 0.0000000000000000000, 0.0000000000000000000 ) ) ;
#4730 = DIRECTION ( 'NONE',  ( 0.0000000000000000000, 0.0000000000000000000, -1.000000000000000000 ) ) ;
#4731 = EDGE_CURVE ( 'NONE', #4719, #4780, #5577, .T. ) ;
#4732 = AXIS2_PLACEMENT_3D ( 'NONE', #10213, #1531, #7791 ) ;
#4733 = ORIENTED_EDGE ( 'NONE', *, *, #5912, .F. ) ;
#4734 = CARTESIAN_POINT ( 'NONE',  ( -21.00000000000000000, -12.99751940763377300, -9.940000000000003100 ) ) ;
#4735 = CARTESIAN_POINT ( 'NONE',  ( -2.332238092999999100, -1.000000000000000000, 7.376889377999999600 ) ) ;
#4736 = DATE_AND_TIME ( #4242, #8458 ) ;
#4737 = VERTEX_POINT ( 'NONE', #7079 ) ;
#4738 = FACE_OUTER_BOUND ( 'NONE', #7330, .T. ) ;
#4739 = DIRECTION ( 'NONE',  ( 0.0000000000000000000, 0.0000000000000000000, 1.000000000000000000 ) ) ;
#4740 = DIRECTION ( 'NONE',  ( 0.0000000000000000000, -0.5000000000933408900, 0.8660254037305483700 ) ) ;
#4741 = VERTEX_POINT ( 'NONE', #10190 ) ;
#4742 = B_SPLINE_CURVE_WITH_KNOTS ( 'NONE', 3,
 ( #3189, #119, #14, #4032 ),
 .UNSPECIFIED., .F., .F.,
 ( 4, 4 ),
 ( 8.003314284187535200E-013, 0.0001786305309595522200 ),
 .UNSPECIFIED. ) ;
#4743 = EDGE_CURVE ( 'NONE', #725, #3856, #7188, .T. ) ;
#4744 = CARTESIAN_POINT ( 'NONE',  ( -15.50000000000000000, 15.50000000000000000, -20.00000000000000000 ) ) ;
#4745 = ORIENTED_EDGE ( 'NONE', *, *, #8539, .F. ) ;
#4746 = LOCAL_TIME ( 15, 11, 14.00000000000000000, #4882 ) ;
#4747 = LINE ( 'NONE', #9928, #9451 ) ;
#4748 = DIRECTION ( 'NONE',  ( 1.000000000000000000, 0.0000000000000000000, 0.0000000000000000000 ) ) ;
#4749 = EDGE_LOOP ( 'NONE', ( #997, #2976 ) ) ;
#4750 = DATE_TIME_ROLE ( 'classification_date' ) ;
#4751 = ORIENTED_EDGE ( 'NONE', *, *, #1047, .F. ) ;
#4752 = EDGE_CURVE ( 'NONE', #4467, #102, #614, .T. ) ;
#4753 = ADVANCED_FACE ( 'NONE', ( #10270, #3480 ), #4693, .F. ) ;
#4754 = VERTEX_POINT ( 'NONE', #693 ) ;
#4755 = APPROVAL_PERSON_ORGANIZATION ( #9583, #8488, #3916 ) ;
#4756 = DIRECTION ( 'NONE',  ( -0.0000000000000000000, -0.0000000000000000000, 1.000000000000000000 ) ) ;
#4757 = CYLINDRICAL_SURFACE ( 'NONE', #1097, 2.649999999999999900 ) ;
#4758 = EDGE_LOOP ( 'NONE', ( #8560, #9880 ) ) ;
#4759 = EDGE_CURVE ( 'NONE', #7770, #5392, #7384, .T. ) ;
#4760 = DIRECTION ( 'NONE',  ( -1.000000000000000000, 0.0000000000000000000, 0.0000000000000000000 ) ) ;
#4761 = CARTESIAN_POINT ( 'NONE',  ( 10.00000000000000000, 3.849999999999999600, -4.500000000000000900 ) ) ;
#4762 = APPROVAL ( #10219, '未指定' ) ;
#4763 = VERTEX_POINT ( 'NONE', #626 ) ;
#4764 = DIRECTION ( 'NONE',  ( 0.0000000000000000000, -0.0000000000000000000, 1.000000000000000000 ) ) ;
#4765 = ORIENTED_EDGE ( 'NONE', *, *, #3634, .F. ) ;
#4766 = CALENDAR_DATE ( 2023, 10, 1 ) ;
#4767 = CARTESIAN_POINT ( 'NONE',  ( 2.875735931672474000, 0.0000000000000000000, 2.650000000144162800 ) ) ;
#4768 = FACE_OUTER_BOUND ( 'NONE', #6767, .T. ) ;
#4769 = DIRECTION ( 'NONE',  ( 0.0000000000000000000, 0.0000000000000000000, 1.000000000000000000 ) ) ;
#4770 = CARTESIAN_POINT ( 'NONE',  ( 0.0000000000000000000, -1.908195823574485600E-016, 12.40000000000000200 ) ) ;
#4771 = CARTESIAN_POINT ( 'NONE',  ( 0.5000000000000000000, 0.0000000000000000000, 1.732050808000000300 ) ) ;
#4772 = VECTOR ( 'NONE', #6445, 1000.000000000000000 ) ;
#4773 = ORIENTED_EDGE ( 'NONE', *, *, #9340, .F. ) ;
#4774 = CYLINDRICAL_SURFACE ( 'NONE', #6134, 2.400000000000000400 ) ;
#4775 = EDGE_CURVE ( 'NONE', #5671, #6498, #3905, .T. ) ;
#4776 = AXIS2_PLACEMENT_3D ( 'NONE', #5122, #9758, #5881 ) ;
#4777 = CARTESIAN_POINT ( 'NONE',  ( -15.50000000000000000, -15.50000000000000000, -20.00000000000000000 ) ) ;
#4778 = DIRECTION ( 'NONE',  ( -0.0000000000000000000, -0.0000000000000000000, -1.000000000000000000 ) ) ;
#4779 = FACE_OUTER_BOUND ( 'NONE', #6418, .T. ) ;
#4780 = VERTEX_POINT ( 'NONE', #2303 ) ;
#4781 = CARTESIAN_POINT ( 'NONE',  ( 10.00000000000000000, -0.5999999999999998700, -4.500000000000000900 ) ) ;
#4782 = APPROVAL_ROLE ( '' ) ;
#4783 = FACE_OUTER_BOUND ( 'NONE', #2126, .T. ) ;
#4784 = DIRECTION ( 'NONE',  ( -0.0000000000000000000, -0.0000000000000000000, 1.000000000000000000 ) ) ;
#4785 = DIRECTION ( 'NONE',  ( -0.0000000000000000000, 1.000000000000000000, 0.0000000000000000000 ) ) ;
#4786 = CARTESIAN_POINT ( 'NONE',  ( -0.3983630545058326500, 3.984272460089198100, 29.45924604580737200 ) ) ;
#4787 = AXIS2_PLACEMENT_3D ( 'NONE', #2978, #7655, #4543 ) ;
#4788 = LINE ( 'NONE', #3302, #3170 ) ;
#4789 = VERTEX_POINT ( 'NONE', #2470 ) ;
#4790 = DIRECTION ( 'NONE',  ( 1.000000000000000000, 0.0000000000000000000, 0.0000000000000000000 ) ) ;
#4791 = AXIS2_PLACEMENT_3D ( 'NONE', #5743, #4002, #3195 ) ;
#4792 = VERTEX_POINT ( 'NONE', #113 ) ;
#4793 = DIRECTION ( 'NONE',  ( 0.0000000000000000000, 0.0000000000000000000, 1.000000000000000000 ) ) ;
#4794 = PLANE ( 'NONE',  #2154 ) ;
#4795 = CARTESIAN_POINT ( 'NONE',  ( -3.888301783000003700, -16.62983158500000200, -15.50000000000000000 ) ) ;
#4796 = ORIENTED_EDGE ( 'NONE', *, *, #4461, .F. ) ;
#4797 = CARTESIAN_POINT ( 'NONE',  ( -16.62983158500000200, 6.888301783000001100, 6.000000000000000000 ) ) ;
#4798 = LINE ( 'NONE', #2343, #7525 ) ;
#4799 = ORIENTED_EDGE ( 'NONE', *, *, #1966, .T. ) ;
#4800 = EDGE_CURVE ( 'NONE', #6864, #4659, #1252, .T. ) ;
#4801 = LINE ( 'NONE', #2644, #4943 ) ;
#4802 = CARTESIAN_POINT ( 'NONE',  ( -8.150321385191210400, -7.387552338793592600, 2.340627590122613000 ) ) ;
#4803 = ADVANCED_FACE ( 'NONE', ( #3600 ), #5717, .F. ) ;
#4804 = AXIS2_PLACEMENT_3D ( 'NONE', #3442, #4209, #1829 ) ;
#4805 = EDGE_LOOP ( 'NONE', ( #3742, #3408, #3635, #6713 ) ) ;
#4806 = FACE_OUTER_BOUND ( 'NONE', #10179, .T. ) ;
#4807 = DIRECTION ( 'NONE',  ( 0.0000000000000000000, 1.000000000000000000, -1.445602896647339200E-016 ) ) ;
#4808 = CARTESIAN_POINT ( 'NONE',  ( -12.74592239001820100, 16.68956148146993700, -3.840995594783360700E-010 ) ) ;
#4809 = AXIS2_PLACEMENT_3D ( 'NONE', #9881, #5958, #5899 ) ;
#4810 = CARTESIAN_POINT ( 'NONE',  ( 7.500000002000000200, -0.6000000000000000900, -5.202200245000000200 ) ) ;
#4811 = CARTESIAN_POINT ( 'NONE',  ( 10.00000000000000000, 7.350356332999999700, 4.500000000000000900 ) ) ;
#4812 = EDGE_CURVE ( 'NONE', #3308, #7574, #6331, .T. ) ;
#4813 = FACE_OUTER_BOUND ( 'NONE', #8511, .T. ) ;
#4814 = EDGE_LOOP ( 'NONE', ( #8663, #5479, #8855, #2546 ) ) ;
#4815 = FACE_OUTER_BOUND ( 'NONE', #9706, .T. ) ;
#4816 = CARTESIAN_POINT ( 'NONE',  ( 2.999999999999999600, -1.743195270940481700, 1.576125914953839800 ) ) ;
#4817 = APPROVAL_STATUS ( 'not_yet_approved' ) ;
#4818 = CARTESIAN_POINT ( 'NONE',  ( -15.02983158500000400, 6.888301783000001100, -15.50000000000000000 ) ) ;
#4819 = EDGE_CURVE ( 'NONE', #5089, #2391, #5460, .T. ) ;
#4820 = DIRECTION ( 'NONE',  ( 0.0000000000000000000, 0.0000000000000000000, 1.000000000000000000 ) ) ;
#4821 = AXIS2_PLACEMENT_3D ( 'NONE', #7664, #9232, #1334 ) ;
#4822 = LINE ( 'NONE', #3871, #7550 ) ;
#4823 = ORIENTED_EDGE ( 'NONE', *, *, #1290, .F. ) ;
#4824 = MANIFOLD_SOLID_BREP ( '输入1', #5177 ) ;
#4825 = VERTEX_POINT ( 'NONE', #5555 ) ;
#4826 = DIRECTION ( 'NONE',  ( -0.0000000000000000000, -0.0000000000000000000, -1.000000000000000000 ) ) ;
#4827 = DIRECTION ( 'NONE',  ( 0.0000000000000000000, 0.0000000000000000000, 1.000000000000000000 ) ) ;
#4828 = CARTESIAN_POINT ( 'NONE',  ( 3.000000000000000000, 1.499999997940399300, -0.8660254017096011800 ) ) ;
#4829 = CARTESIAN_POINT ( 'NONE',  ( -16.68956148147174200, 12.74592239001898300, -3.860088866779802700E-010 ) ) ;
#4830 = DIRECTION ( 'NONE',  ( -0.0000000000000000000, -0.0000000000000000000, 1.000000000000000000 ) ) ;
#4831 = LINE ( 'NONE', #6079, #3350 ) ;
#4832 = CARTESIAN_POINT ( 'NONE',  ( -16.73035265698639800, -12.76108522778312200, -0.04162277162856832500 ) ) ;
#4833 = DIRECTION ( 'NONE',  ( 0.0000000000000000000, 1.000000000000000000, 0.0000000000000000000 ) ) ;
#4834 = ORIENTED_EDGE ( 'NONE', *, *, #968, .F. ) ;
#4835 = EDGE_CURVE ( 'NONE', #7283, #4360, #9415, .T. ) ;
#4836 = SECURITY_CLASSIFICATION ( '', '', #9597 ) ;
#4837 = CARTESIAN_POINT ( 'NONE',  ( -8.046883644375846200, -7.499844242300767400, 1.279937399035793800 ) ) ;
#4838 = ORIENTED_EDGE ( 'NONE', *, *, #6544, .F. ) ;
#4839 = CARTESIAN_POINT ( 'NONE',  ( 2.700000000000000200, 0.0000000000000000000, 0.0000000000000000000 ) ) ;
#4840 = CARTESIAN_POINT ( 'NONE',  ( 6.500000000400000000, 0.0000000000000000000, 0.0000000000000000000 ) ) ;
#4841 = FACE_OUTER_BOUND ( 'NONE', #4126, .T. ) ;
#4842 = DATE_AND_TIME ( #2244, #993 ) ;
#4843 = CARTESIAN_POINT ( 'NONE',  ( 11.35861043301973800, 4.676104465157838100, -6.494568061202134100 ) ) ;
#4844 = EDGE_LOOP ( 'NONE', ( #9802, #5026 ) ) ;
#4845 = DIRECTION ( 'NONE',  ( -0.0000000000000000000, -0.0000000000000000000, 1.000000000000000000 ) ) ;
#4846 = VERTEX_POINT ( 'NONE', #5694 ) ;
#4847 = ORIENTED_EDGE ( 'NONE', *, *, #7326, .F. ) ;
#4848 = ORIENTED_EDGE ( 'NONE', *, *, #1311, .T. ) ;
#4849 = CARTESIAN_POINT ( 'NONE',  ( 8.908139175597424900, 6.144368920841444900, 5.126079483485222400 ) ) ;
#4850 = AXIS2_PLACEMENT_3D ( 'NONE', #5088, #1946, #9167 ) ;
#4851 = CARTESIAN_POINT ( 'NONE',  ( -12.74592239000380400, 16.68956148143660600, 8.500000000000000000 ) ) ;
#4852 = APPROVAL_ROLE ( '' ) ;
#4853 = EDGE_CURVE ( 'NONE', #7215, #8293, #730, .T. ) ;
#4854 = LINE ( 'NONE', #3623, #2876 ) ;
#4855 = DIRECTION ( 'NONE',  ( -0.0000000000000000000, -0.0000000000000000000, 1.000000000000000000 ) ) ;
#4856 = DIRECTION ( 'NONE',  ( -1.000000000000000000, 0.0000000000000000000, 0.0000000000000000000 ) ) ;
#4857 = APPROVAL_DATE_TIME ( #2013, #6104 ) ;
#4858 = ORIENTED_EDGE ( 'NONE', *, *, #6199, .F. ) ;
#4859 = LINE ( 'NONE', #3617, #523 ) ;
#4860 = ADVANCED_FACE ( 'NONE', ( #5221 ), #8680, .F. ) ;
#4861 = CARTESIAN_POINT ( 'NONE',  ( 12.99751941100000100, 18.79929902752417100, -1.845331297945925300 ) ) ;
#4862 = AXIS2_PLACEMENT_3D ( 'NONE', #4022, #4784, #3988 ) ;
#4863 = CARTESIAN_POINT ( 'NONE',  ( -1.309001548921404400, 3.780606953859695400, 28.75828478378590000 ) ) ;
#4864 = EDGE_LOOP ( 'NONE', ( #6595, #454 ) ) ;
#4865 = DIRECTION ( 'NONE',  ( 0.0000000000000000000, 0.0000000000000000000, -1.000000000000000000 ) ) ;
#4866 = EDGE_LOOP ( 'NONE', ( #9989, #5330, #9103, #8346, #2374 ) ) ;
#4867 = CARTESIAN_POINT ( 'NONE',  ( 0.0000000000000000000, 7.005340140070969800E-032, -20.00000000000000000 ) ) ;
#4868 = DIRECTION ( 'NONE',  ( 0.0000000000000000000, 0.0000000000000000000, -1.000000000000000000 ) ) ;
#4869 = EDGE_CURVE ( 'NONE', #1917, #7986, #4969, .T. ) ;
#4870 = APPROVAL_DATE_TIME ( #2265, #7687 ) ;
#4871 = DIRECTION ( 'NONE',  ( 0.0000000000000000000, 0.0000000000000000000, 1.000000000000000000 ) ) ;
#4872 = DIRECTION ( 'NONE',  ( 0.0000000000000000000, 0.0000000000000000000, 1.000000000000000000 ) ) ;
#4873 = FACE_OUTER_BOUND ( 'NONE', #7526, .T. ) ;
#4874 = DIRECTION ( 'NONE',  ( -1.000000000000000000, 0.0000000000000000000, 0.0000000000000000000 ) ) ;
#4875 = EDGE_CURVE ( 'NONE', #5982, #4240, #991, .T. ) ;
#4876 = DIRECTION ( 'NONE',  ( -1.000000000000000000, 0.0000000000000000000, 0.0000000000000000000 ) ) ;
#4877 = ORIENTED_EDGE ( 'NONE', *, *, #9122, .F. ) ;
#4878 = CARTESIAN_POINT ( 'NONE',  ( 8.722908639327949100, 6.703734610380363000, 3.544336897512571700 ) ) ;
#4879 = DIRECTION ( 'NONE',  ( -1.000000000000000000, 0.0000000000000000000, 0.0000000000000000000 ) ) ;
#4880 = CARTESIAN_POINT ( 'NONE',  ( -20.99999999999999300, 6.203424091112360400, -0.8910267690171616000 ) ) ;
#4881 = ORIENTED_EDGE ( 'NONE', *, *, #9645, .F. ) ;
#4882 = COORDINATED_UNIVERSAL_TIME_OFFSET ( 8, 0, .AHEAD. ) ;
#4883 = FACE_OUTER_BOUND ( 'NONE', #988, .T. ) ;
#4884 = CARTESIAN_POINT ( 'NONE',  ( -10.84874327691460200, -1.819653123931550100, 0.1376403756242337900 ) ) ;
#4885 = CARTESIAN_POINT ( 'NONE',  ( 11.42273596670886900, 7.579374956293426300, -2.561324023920813300 ) ) ;
#4886 = CARTESIAN_POINT ( 'NONE',  ( -20.35052578061476700, 5.182287183525599700, 5.150000000000000400 ) ) ;
#4887 = EDGE_LOOP ( 'NONE', ( #2307, #7401, #880, #1519 ) ) ;
#4888 = VECTOR ( 'NONE', #4700, 1000.000000000000000 ) ;
#4889 = EDGE_LOOP ( 'NONE', ( #7461, #486 ) ) ;
#4890 = ORIENTED_EDGE ( 'NONE', *, *, #1769, .T. ) ;
#4891 = DATE_AND_TIME ( #7238, #4395 ) ;
#4892 = AXIS2_PLACEMENT_3D ( 'NONE', #7293, #1728, #4212 ) ;
#4893 = CIRCLE ( 'NONE', #878, 1.250000000000000200 ) ;
#4894 = APPROVAL_ROLE ( '' ) ;
#4895 = DIRECTION ( 'NONE',  ( -0.0000000000000000000, 1.000000000000000000, 0.0000000000000000000 ) ) ;
#4896 = DIRECTION ( 'NONE',  ( -0.0000000000000000000, -0.0000000000000000000, 1.000000000000000000 ) ) ;
#4897 = CARTESIAN_POINT ( 'NONE',  ( -20.93247038751957900, -1.683536804877003000, 2.541542204742211400 ) ) ;
#4898 = CARTESIAN_POINT ( 'NONE',  ( 0.0000000000000000000, 0.0000000000000000000, -20.00000000000000000 ) ) ;
#4899 = FACE_OUTER_BOUND ( 'NONE', #5647, .T. ) ;
#4900 = ORIENTED_EDGE ( 'NONE', *, *, #9179, .F. ) ;
#4901 = SHAPE_REPRESENTATION_RELATIONSHIP ( 'NONE' , 'NONE' ,  #7768, #3745 ) ;
#4902 = FACE_OUTER_BOUND ( 'NONE', #3274, .T. ) ;
#4903 = EDGE_CURVE ( 'NONE', #2266, #4147, #8671, .T. ) ;
#4904 = CARTESIAN_POINT ( 'NONE',  ( 10.66631337896662600, 5.751861244935061500, 5.560595167617285600 ) ) ;
#4905 = DIRECTION ( 'NONE',  ( -0.0000000000000000000, -0.0000000000000000000, 1.000000000000000000 ) ) ;
#4906 = DIRECTION ( 'NONE',  ( -1.000000000000000000, -0.0000000000000000000, -0.0000000000000000000 ) ) ;
#4907 = APPROVAL ( #686, '未指定' ) ;
#4908 = B_SPLINE_CURVE_WITH_KNOTS ( 'NONE', 3,
 ( #1928, #4231, #9781, #5039, #7459, #2723, #9048, #4309, #9854, #5101, #5456, #7009, #3954, #721, #3767, #1974, #8901, #2425, #9699, #4884, #2535, #3243, #1777, #990, #2568, #7269, #4955, #5614, #210, #9622, #7163, #1630 ),
 .UNSPECIFIED., .F., .F.,
 ( 4, 2, 2, 2, 2, 2, 2, 2, 2, 2, 2, 2, 2, 2, 2, 4 ),
 ( 0.005136826525834918700, 0.005737635694591789900, 0.006338444863348660300, 0.006939254032105530600, 0.007540063200862401900, 0.008140872369619273100, 0.008741681538376143400, 0.009943299875889884100, 0.01054410904464675400, 0.01114491821340362700, 0.01174572738216049900, 0.01234653655091736900, 0.01294734571967423900, 0.01354815488843111000, 0.01414896405718798000, 0.01474977322594485000 ),
 .UNSPECIFIED. ) ;
#4909 = DIRECTION ( 'NONE',  ( -0.0000000000000000000, -0.0000000000000000000, 1.000000000000000000 ) ) ;
#4910 = CARTESIAN_POINT ( 'NONE',  ( 16.62983158500000200, -6.888301783000001100, -15.50000000000000000 ) ) ;
#4911 = CYLINDRICAL_SURFACE ( 'NONE', #10191, 2.999999999999999100 ) ;
#4912 = ORIENTED_EDGE ( 'NONE', *, *, #6496, .T. ) ;
#4913 = CARTESIAN_POINT ( 'NONE',  ( -21.00000000000000400, -8.590083424661916200, -1.666275082474987700 ) ) ;
#4914 = CARTESIAN_POINT ( 'NONE',  ( 0.3000000000000000400, 7.347880794884119700E-016, 6.000000000000000000 ) ) ;
#4915 = ORIENTED_EDGE ( 'NONE', *, *, #6624, .T. ) ;
#4916 = CARTESIAN_POINT ( 'NONE',  ( 15.49751941100000300, -15.49751941100000100, 8.500000000000000000 ) ) ;
#4917 = ADVANCED_FACE ( 'NONE', ( #2483 ), #4958, .T. ) ;
#4918 = DIRECTION ( 'NONE',  ( -1.000000000000000000, 0.0000000000000000000, 0.0000000000000000000 ) ) ;
#4919 = CARTESIAN_POINT ( 'NONE',  ( 6.499999998999999900, -0.6000000000853211700, 2.426932219860132200 ) ) ;
#4920 = FACE_OUTER_BOUND ( 'NONE', #8839, .T. ) ;
#4921 = VERTEX_POINT ( 'NONE', #3217 ) ;
#4922 = AXIS2_PLACEMENT_3D ( 'NONE', #2974, #8524, #3769 ) ;
#4923 = EDGE_CURVE ( 'NONE', #1396, #2954, #2611, .T. ) ;
#4924 = VECTOR ( 'NONE', #8489, 1000.000000000000000 ) ;
#4925 = EDGE_LOOP ( 'NONE', ( #3177, #10051, #1922, #2696, #8490 ) ) ;
#4926 = LINE ( 'NONE', #4989, #695 ) ;
#4927 = VERTEX_POINT ( 'NONE', #8080 ) ;
#4928 = CARTESIAN_POINT ( 'NONE',  ( 0.0000000000000000000, -17.50000000000000000, -0.9914200209999999300 ) ) ;
#4929 = CARTESIAN_POINT ( 'NONE',  ( 10.00000000000000000, 0.5999999999999998700, 3.250000000000000400 ) ) ;
#4930 = VERTEX_POINT ( 'NONE', #4026 ) ;
#4931 = CARTESIAN_POINT ( 'NONE',  ( 10.40420265202281600, 3.576064413716071800, 4.360710030429284100 ) ) ;
#4932 = EDGE_CURVE ( 'NONE', #1592, #782, #8055, .T. ) ;
#4933 = AXIS2_PLACEMENT_3D ( 'NONE', #6900, #460, #10084 ) ;
#4934 = ORIENTED_EDGE ( 'NONE', *, *, #9492, .T. ) ;
#4935 = PLANE ( 'NONE',  #7718 ) ;
#4936 = FACE_BOUND ( 'NONE', #5545, .T. ) ;
#4937 = ORIENTED_EDGE ( 'NONE', *, *, #6464, .T. ) ;
#4938 = ORIENTED_EDGE ( 'NONE', *, *, #5660, .T. ) ;
#4939 = CARTESIAN_POINT ( 'NONE',  ( -15.85000000000000300, 0.0000000000000000000, 0.0000000000000000000 ) ) ;
#4940 = AXIS2_PLACEMENT_3D ( 'NONE', #1407, #692, #8541 ) ;
#4941 = CARTESIAN_POINT ( 'NONE',  ( 0.0000000000000000000, 3.471663033487752300E-032, 10.00000000000000000 ) ) ;
#4942 = CARTESIAN_POINT ( 'NONE',  ( 20.56840519083289100, 4.243763098346560600, 4.500000000000003600 ) ) ;
#4943 = VECTOR ( 'NONE', #2685, 1000.000000000000000 ) ;
#4944 = DIRECTION ( 'NONE',  ( 0.0000000000000000000, -0.0000000000000000000, 1.000000000000000000 ) ) ;
#4945 = ORIENTED_EDGE ( 'NONE', *, *, #7399, .T. ) ;
#4946 = VECTOR ( 'NONE', #7767, 1000.000000000000000 ) ;
#4947 = DIRECTION ( 'NONE',  ( 0.0000000000000000000, 0.0000000000000000000, 1.000000000000000000 ) ) ;
#4948 = CARTESIAN_POINT ( 'NONE',  ( 3.833920890877043200, 0.0000000000000000000, 4.293257518243361700 ) ) ;
#4949 = EDGE_CURVE ( 'NONE', #7546, #6604, #3834, .T. ) ;
#4950 = CARTESIAN_POINT ( 'NONE',  ( 0.0000000000000000000, 0.0000000000000000000, 18.74892422600000000 ) ) ;
#4951 = AXIS2_PLACEMENT_3D ( 'NONE', #4649, #9414, #4616 ) ;
#4952 = CARTESIAN_POINT ( 'NONE',  ( -10.19275237700000000, -16.76810323750000000, 6.000000000000000000 ) ) ;
#4953 = FACE_OUTER_BOUND ( 'NONE', #6314, .T. ) ;
#4954 = VERTEX_POINT ( 'NONE', #7363 ) ;
#4955 = CARTESIAN_POINT ( 'NONE',  ( -10.52010811395059200, -3.219089410689862900, -1.219575915895348300 ) ) ;
#4956 = DIRECTION ( 'NONE',  ( 0.0000000000000000000, 0.0000000000000000000, -1.000000000000000000 ) ) ;
#4957 = EDGE_CURVE ( 'NONE', #6860, #1492, #3710, .T. ) ;
#4958 = CYLINDRICAL_SURFACE ( 'NONE', #7840, 27.00000000000000000 ) ;
#4959 = ORIENTED_EDGE ( 'NONE', *, *, #1260, .T. ) ;
#4960 = CARTESIAN_POINT ( 'NONE',  ( 17.50000000000000000, 0.0000000000000000000, 10.00000000000000000 ) ) ;
#4961 = DATE_TIME_ROLE ( 'classification_date' ) ;
#4962 = CARTESIAN_POINT ( 'NONE',  ( 0.0000000000000000000, 0.0000000000000000000, 11.19999999999999900 ) ) ;
#4963 = EDGE_CURVE ( 'NONE', #9175, #4825, #2854, .T. ) ;
#4964 = ADVANCED_FACE ( 'NONE', ( #8426 ), #9925, .F. ) ;
#4965 = CARTESIAN_POINT ( 'NONE',  ( -20.90069638310250300, -2.044176238528479400, 3.242954710735134900 ) ) ;
#4966 = ORIENTED_EDGE ( 'NONE', *, *, #3699, .F. ) ;
#4967 = AXIS2_PLACEMENT_3D ( 'NONE', #5839, #301, #369 ) ;
#4968 = CARTESIAN_POINT ( 'NONE',  ( 10.33876764398092600, 3.761492798171352600, 4.413715863697452900 ) ) ;
#4969 = CIRCLE ( 'NONE', #5203, 21.00000000000000000 ) ;
#4970 = CALENDAR_DATE ( 2023, 10, 1 ) ;
#4971 = VERTEX_POINT ( 'NONE', #6634 ) ;
#4972 = CARTESIAN_POINT ( 'NONE',  ( 10.60891708276155200, 7.239470582144530700, 3.404673677725481800 ) ) ;
#4973 = CARTESIAN_POINT ( 'NONE',  ( 9.483144465035517000, -4.447333433041951200, 6.650209241868484600 ) ) ;
#4974 = CARTESIAN_POINT ( 'NONE',  ( 0.0000000000000000000, 6.000000000000000000, 4.999999999999999100 ) ) ;
#4975 = B_SPLINE_CURVE_WITH_KNOTS ( 'NONE', 3,
 ( #2215, #8514, #10102, #7808 ),
 .UNSPECIFIED., .F., .F.,
 ( 4, 4 ),
 ( 5.355097331406715900E-013, 0.004316949847282020200 ),
 .UNSPECIFIED. ) ;
#4976 = DIRECTION ( 'NONE',  ( -1.000000000000000000, 0.0000000000000000000, 0.0000000000000000000 ) ) ;
#4977 = EDGE_LOOP ( 'NONE', ( #9678, #6261, #7071, #3687 ) ) ;
#4978 = LINE ( 'NONE', #5021, #2995 ) ;
#4979 = EDGE_CURVE ( 'NONE', #4737, #1944, #9173, .T. ) ;
#4980 = AXIS2_PLACEMENT_3D ( 'NONE', #7225, #2596, #198 ) ;
#4981 = DATE_AND_TIME ( #7082, #3491 ) ;
#4982 = ORIENTED_EDGE ( 'NONE', *, *, #3776, .T. ) ;
#4983 = CC_DESIGN_APPROVAL ( #715, ( #7448 ) ) ;
#4984 = CYLINDRICAL_SURFACE ( 'NONE', #2396, 1.750000000000001600 ) ;
#4985 = ORIENTED_EDGE ( 'NONE', *, *, #9247, .F. ) ;
#4986 = CARTESIAN_POINT ( 'NONE',  ( 18.22983158500000300, -6.888301783000001100, -15.50000000000000000 ) ) ;
#4987 = ORIENTED_EDGE ( 'NONE', *, *, #356, .F. ) ;
#4988 = DIRECTION ( 'NONE',  ( 0.0000000000000000000, 0.0000000000000000000, 1.000000000000000000 ) ) ;
#4989 = CARTESIAN_POINT ( 'NONE',  ( 11.60000000000000100, -3.849999999999999200, 4.500000000000000900 ) ) ;
#4990 = COORDINATED_UNIVERSAL_TIME_OFFSET ( 8, 0, .AHEAD. ) ;
#4991 = ORIENTED_EDGE ( 'NONE', *, *, #73, .F. ) ;
#4992 = CIRCLE ( 'NONE', #5126, 9.300000000000000700 ) ;
#4993 = ORIENTED_EDGE ( 'NONE', *, *, #8285, .T. ) ;
#4994 = AXIS2_PLACEMENT_3D ( 'NONE', #6815, #5355, #6911 ) ;
#4995 = CARTESIAN_POINT ( 'NONE',  ( 3.000000000000000000, -0.8787116500381034800, -2.181330805386974000 ) ) ;
#4996 = EDGE_CURVE ( 'NONE', #5777, #615, #4711, .T. ) ;
#4997 = CARTESIAN_POINT ( 'NONE',  ( 3.200000000000000200, -1.000000000000000000, 7.549834435000000200 ) ) ;
#4998 = CARTESIAN_POINT ( 'NONE',  ( -20.93378315422011600, -1.667718975850221100, 0.4766955326034764700 ) ) ;
#4999 = ORIENTED_EDGE ( 'NONE', *, *, #4661, .F. ) ;
#5000 = COORDINATED_UNIVERSAL_TIME_OFFSET ( 8, 0, .AHEAD. ) ;
#5001 = AXIS2_PLACEMENT_3D ( 'NONE', #8519, #7779, #2942 ) ;
#5002 = CARTESIAN_POINT ( 'NONE',  ( 17.50000000000000000, 0.0000000000000000000, 0.0000000000000000000 ) ) ;
#5003 = FACE_OUTER_BOUND ( 'NONE', #9938, .T. ) ;
#5004 = DIRECTION ( 'NONE',  ( 0.0000000000000000000, -0.0000000000000000000, 1.000000000000000000 ) ) ;
#5005 = ORIENTED_EDGE ( 'NONE', *, *, #734, .F. ) ;
#5006 = DIRECTION ( 'NONE',  ( 1.000000000000000000, 0.0000000000000000000, 0.0000000000000000000 ) ) ;
#5007 = CARTESIAN_POINT ( 'NONE',  ( 1.223529411780241100, -0.5000000000000000000, 4.641441131267954200 ) ) ;
#5008 = EDGE_CURVE ( 'NONE', #6299, #9944, #1612, .T. ) ;
#5009 = ORIENTED_EDGE ( 'NONE', *, *, #789, .T. ) ;
#5010 = CARTESIAN_POINT ( 'NONE',  ( 0.5000000000000000000, -1.500000000000000000, -0.8660254040000003900 ) ) ;
#5011 = CARTESIAN_POINT ( 'NONE',  ( 20.76606973279931300, 3.127843736711876800, 4.170979082427307600 ) ) ;
#5012 = DIRECTION ( 'NONE',  ( -0.0000000000000000000, 1.000000000000000000, 0.0000000000000000000 ) ) ;
#5013 = AXIS2_PLACEMENT_3D ( 'NONE', #6347, #6283, #8594 ) ;
#5014 = DIRECTION ( 'NONE',  ( 0.0000000000000000000, 0.0000000000000000000, 1.000000000000000000 ) ) ;
#5015 = VERTEX_POINT ( 'NONE', #7432 ) ;
#5016 = APPROVAL_DATE_TIME ( #7491, #10136 ) ;
#5017 = VECTOR ( 'NONE', #7405, 1000.000000000000200 ) ;
#5018 = DIRECTION ( 'NONE',  ( 0.0000000000000000000, 0.0000000000000000000, -1.000000000000000000 ) ) ;
#5019 = ORIENTED_EDGE ( 'NONE', *, *, #7902, .F. ) ;
#5020 = AXIS2_PLACEMENT_3D ( 'NONE', #9404, #1452, #4635 ) ;
#5021 = CARTESIAN_POINT ( 'NONE',  ( 21.00000000000000000, 0.0000000000000000000, -20.00000000000000000 ) ) ;
#5022 = ADVANCED_FACE ( 'NONE', ( #6572, #3338, #5705, #723, #6324, #4457 ), #6526, .T. ) ;
#5023 = CARTESIAN_POINT ( 'NONE',  ( 6.499999997999999800, 0.0000000000000000000, 2.500000000000000000 ) ) ;
#5024 = CARTESIAN_POINT ( 'NONE',  ( 12.33297552241450900, -0.6000000000000000900, 2.768919047739324800 ) ) ;
#5025 = VECTOR ( 'NONE', #1549, 1000.000000000000000 ) ;
#5026 = ORIENTED_EDGE ( 'NONE', *, *, #7470, .F. ) ;
#5027 = ORIENTED_EDGE ( 'NONE', *, *, #4923, .F. ) ;
#5028 = LOCAL_TIME ( 15, 11, 14.00000000000000000, #5638 ) ;
#5029 = CARTESIAN_POINT ( 'NONE',  ( -15.50000000000000000, -15.49751941100000100, 8.500000000000000000 ) ) ;
#5030 = LINE ( 'NONE', #840, #3764 ) ;
#5031 = CARTESIAN_POINT ( 'NONE',  ( 0.0000000000000000000, -21.00000000000000000, -20.00000000000000000 ) ) ;
#5032 = EDGE_CURVE ( 'NONE', #718, #1546, #5162, .T. ) ;
#5034 = VECTOR ( 'NONE', #1080, 1000.000000000000000 ) ;
#5033 = AXIS2_PLACEMENT_3D ( 'NONE', #4530, #8546, #8610 ) ;
#5035 = AXIS2_PLACEMENT_3D ( 'NONE', #7648, #2124, #3705 ) ;
#5036 = ORIENTED_EDGE ( 'NONE', *, *, #9077, .F. ) ;
#5037 = CARTESIAN_POINT ( 'NONE',  ( 3.000000000000000000, -2.224199646802434800, 0.7601674259262484200 ) ) ;
#5038 = ORIENTED_EDGE ( 'NONE', *, *, #8465, .F. ) ;
#5039 = CARTESIAN_POINT ( 'NONE',  ( -10.33876764454837300, -3.761492796608739500, 4.413715863299922900 ) ) ;
#5040 = DIRECTION ( 'NONE',  ( -0.0000000000000000000, -0.0000000000000000000, 1.000000000000000000 ) ) ;
#5041 = DIRECTION ( 'NONE',  ( -1.000000000000000000, 0.0000000000000000000, 0.0000000000000000000 ) ) ;
#5042 = CARTESIAN_POINT ( 'NONE',  ( 11.25570331435789100, -6.676627289600155300, -4.410840604513944100 ) ) ;
#5043 = LINE ( 'NONE', #2547, #3418 ) ;
#5044 = VERTEX_POINT ( 'NONE', #2617 ) ;
#5045 = CARTESIAN_POINT ( 'NONE',  ( 2.874016129999999300, 0.0000000000000000000, 2.668966127000000000 ) ) ;
#5046 = FACE_OUTER_BOUND ( 'NONE', #8984, .T. ) ;
#5047 = EDGE_CURVE ( 'NONE', #5063, #3772, #2352, .T. ) ;
#5048 = DIRECTION ( 'NONE',  ( -0.0000000000000000000, -0.0000000000000000000, 1.000000000000000000 ) ) ;
#5049 = DIRECTION ( 'NONE',  ( 0.0000000000000000000, 0.0000000000000000000, 1.000000000000000000 ) ) ;
#5050 =( NAMED_UNIT ( * ) SI_UNIT ( $, .STERADIAN. ) SOLID_ANGLE_UNIT ( ) );
#5051 = PRODUCT_RELATED_PRODUCT_CATEGORY ( 'detail', '', ( #8296 ) ) ;
#5052 = DIRECTION ( 'NONE',  ( 1.000000000000000000, 0.0000000000000000000, 0.0000000000000000000 ) ) ;
#5053 = CARTESIAN_POINT ( 'NONE',  ( 12.33297552259252000, -0.5999999998565760400, -2.768919047744719200 ) ) ;
#5054 = CARTESIAN_POINT ( 'NONE',  ( -16.62983158500000200, 6.888301783000001100, 8.500000000000000000 ) ) ;
#5055 = LINE ( 'NONE', #4100, #5414 ) ;
#5056 = ORIENTED_EDGE ( 'NONE', *, *, #8646, .T. ) ;
#5057 = ADVANCED_FACE ( 'NONE', ( #6449 ), #3512, .T. ) ;
#5058 = DIRECTION ( 'NONE',  ( -0.7071067811865466800, 0.7071067811865483500, 0.0000000000000000000 ) ) ;
#5059 = ORIENTED_EDGE ( 'NONE', *, *, #4058, .T. ) ;
#5060 = DIRECTION ( 'NONE',  ( 0.0000000000000000000, 0.0000000000000000000, -1.000000000000000000 ) ) ;
#5061 = DIRECTION ( 'NONE',  ( -1.000000000000000000, -0.0000000000000000000, -0.0000000000000000000 ) ) ;
#5062 = DIRECTION ( 'NONE',  ( -0.0000000000000000000, -0.0000000000000000000, 1.000000000000000000 ) ) ;
#5063 = VERTEX_POINT ( 'NONE', #4929 ) ;
#5064 = AXIS2_PLACEMENT_3D ( 'NONE', #799, #1582, #3159 ) ;
#5065 = EDGE_CURVE ( 'NONE', #8091, #6025, #4214, .T. ) ;
#5066 = CIRCLE ( 'NONE', #8205, 2.500000000000000000 ) ;
#5067 = ORIENTED_EDGE ( 'NONE', *, *, #5937, .T. ) ;
#5068 = CIRCLE ( 'NONE', #10110, 1.750000000000001600 ) ;
#5069 = AXIS2_PLACEMENT_3D ( 'NONE', #6950, #1413, #2216 ) ;
#5070 = ORIENTED_EDGE ( 'NONE', *, *, #2557, .F. ) ;
#5071 = LINE ( 'NONE', #8475, #10019 ) ;
#5072 = CARTESIAN_POINT ( 'NONE',  ( 3.000000000000000400, -0.6740224439809738800, -2.251277272060369300 ) ) ;
#5073 = DIRECTION ( 'NONE',  ( -0.0000000000000000000, -0.0000000000000000000, 1.000000000000000000 ) ) ;
#5074 = ADVANCED_FACE ( 'NONE', ( #2117 ), #8926, .T. ) ;
#5075 = CARTESIAN_POINT ( 'NONE',  ( 5.755954265999998000, 0.0000000000000000000, -12.08025040299999900 ) ) ;
#5077 = CARTESIAN_POINT ( 'NONE',  ( 0.0000000000000000000, 0.0000000000000000000, 11.19999999999999900 ) ) ;
#5076 = CIRCLE ( 'NONE', #2477, 6.000000000000000000 ) ;
#5078 = EDGE_CURVE ( 'NONE', #6876, #171, #7060, .T. ) ;
#5079 = ORIENTED_EDGE ( 'NONE', *, *, #7789, .F. ) ;
#5080 = VECTOR ( 'NONE', #6469, 1000.000000000000100 ) ;
#5081 = CARTESIAN_POINT ( 'NONE',  ( 2.670049974999999500, 5.297002499000000400, -2.648501250000000700 ) ) ;
#5082 = AXIS2_PLACEMENT_3D ( 'NONE', #7918, #5462, #2315 ) ;
#5083 = DIRECTION ( 'NONE',  ( 0.0000000000000000000, 0.0000000000000000000, -1.000000000000000000 ) ) ;
#5084 = CARTESIAN_POINT ( 'NONE',  ( 4.800755448320309400, 19.27654211612919300, 47.25000000000000000 ) ) ;
#5085 = CARTESIAN_POINT ( 'NONE',  ( 6.500000000000000900, -0.6000000000000000900, -2.426932220000000300 ) ) ;
#5086 = FACE_OUTER_BOUND ( 'NONE', #6802, .T. ) ;
#5087 = DIRECTION ( 'NONE',  ( 1.000000000000000000, 0.0000000000000000000, 0.0000000000000000000 ) ) ;
#5088 = CARTESIAN_POINT ( 'NONE',  ( 12.50000000000000000, 0.0000000000000000000, 0.0000000000000000000 ) ) ;
#5089 = VERTEX_POINT ( 'NONE', #8423 ) ;
#5090 = CARTESIAN_POINT ( 'NONE',  ( 16.80518906840703500, 12.79999998776118100, -0.1247338281833383900 ) ) ;
#5091 = ORIENTED_EDGE ( 'NONE', *, *, #8618, .T. ) ;
#5092 = CARTESIAN_POINT ( 'NONE',  ( 15.49751941100000300, 15.50000000000000000, 8.500000000000000000 ) ) ;
#5093 = AXIS2_PLACEMENT_3D ( 'NONE', #4840, #4079, #100 ) ;
#5094 = VECTOR ( 'NONE', #5451, 1000.000000000000000 ) ;
#5095 = DIRECTION ( 'NONE',  ( -1.000000000000000000, -0.0000000000000000000, -0.0000000000000000000 ) ) ;
#5096 = VERTEX_POINT ( 'NONE', #8289 ) ;
#5097 = CARTESIAN_POINT ( 'NONE',  ( 12.00000000000000000, 0.0000000000000000000, 2.500000000000000000 ) ) ;
#5098 = ORIENTED_EDGE ( 'NONE', *, *, #1067, .F. ) ;
#5099 = DIRECTION ( 'NONE',  ( -1.000000000000000000, 0.0000000000000000000, 0.0000000000000000000 ) ) ;
#5100 = FACE_BOUND ( 'NONE', #2118, .T. ) ;
#5101 = CARTESIAN_POINT ( 'NONE',  ( -10.76375478691268300, -2.272213543631219900, 3.518989961252697800 ) ) ;
#5102 = CONTEXT_DEPENDENT_SHAPE_REPRESENTATION ( #6561, #2040 ) ;
#5103 = ORIENTED_EDGE ( 'NONE', *, *, #3543, .T. ) ;
#5104 = ADVANCED_FACE ( 'NONE', ( #7924, #8795 ), #7554, .T. ) ;
#5105 = CIRCLE ( 'NONE', #5445, 2.999999999999997300 ) ;
#5106 = EDGE_CURVE ( 'NONE', #2563, #9147, #5359, .T. ) ;
#5107 = EDGE_LOOP ( 'NONE', ( #2146, #7412 ) ) ;
#5108 = DIRECTION ( 'NONE',  ( -1.473925977847374000E-030, -9.912705577010326500E-016, 1.000000000000000000 ) ) ;
#5109 = DIRECTION ( 'NONE',  ( 0.0000000000000000000, -5.421010862427522200E-017, -1.000000000000000000 ) ) ;
#5110 = CC_DESIGN_PERSON_AND_ORGANIZATION_ASSIGNMENT ( #419, #7831, ( #459 ) ) ;
#5111 = CARTESIAN_POINT ( 'NONE',  ( 10.79545792107984600, -5.840412896323268700, -5.467513475024577300 ) ) ;
#5112 = ORIENTED_EDGE ( 'NONE', *, *, #1148, .F. ) ;
#5113 = LINE ( 'NONE', #1808, #5972 ) ;
#5114 = CARTESIAN_POINT ( 'NONE',  ( -1.500000000000000000, 2.200000000000000200, 28.00000000000000000 ) ) ;
#5115 = PERSON_AND_ORGANIZATION ( #5702, #10176 ) ;
#5116 = ORIENTED_EDGE ( 'NONE', *, *, #6179, .T. ) ;
#5117 = PLANE ( 'NONE',  #8722 ) ;
#5118 = CARTESIAN_POINT ( 'NONE',  ( -18.71737791945441000, 9.535012313497670500, 0.2500000000000000000 ) ) ;
#5119 = B_SPLINE_CURVE_WITH_KNOTS ( 'NONE', 3,
 ( #1184, #5170, #414, #449, #5990, #1245, #6790, #2842, #8377, #4427, #2872, #6160, #10137, #10070, #3765, #5367, #5403, #608, #9300, #10003, #5266, #7641, #6190, #4569, #7710, #2912, #5329, #8446 ),
 .UNSPECIFIED., .F., .F.,
 ( 4, 2, 2, 2, 2, 2, 2, 2, 2, 2, 2, 2, 2, 4 ),
 ( -0.007318237898375482500, -0.006403458161080993100, -0.005488678423786504500, -0.005031288555139259300, -0.004573898686492015900, -0.003659118949197528100, -0.003201729080550284700, -0.002744339211903043900, -0.002286949343255799600, -0.001829559474608557000, -0.001372169605961312700, -0.0009147797373140692900, -0.0004573898686668249900, -1.958155859682619800E-014 ),
 .UNSPECIFIED. ) ;
#5120 = CYLINDRICAL_SURFACE ( 'NONE', #10090, 0.2999999999999999300 ) ;
#5121 = CARTESIAN_POINT ( 'NONE',  ( 21.00000000000000000, -12.99751940968679900, -15.00000000431999700 ) ) ;
#5122 = CARTESIAN_POINT ( 'NONE',  ( 10.00000000000000000, -3.849999999999999600, 4.500000000000000900 ) ) ;
#5123 = ORIENTED_EDGE ( 'NONE', *, *, #690, .T. ) ;
#5124 = CARTESIAN_POINT ( 'NONE',  ( 16.72325226350000100, -12.99751941379284600, -15.00000000000000000 ) ) ;
#5125 = ORIENTED_EDGE ( 'NONE', *, *, #6847, .F. ) ;
#5126 = AXIS2_PLACEMENT_3D ( 'NONE', #4, #9457, #8010 ) ;
#5127 = EDGE_CURVE ( 'NONE', #5766, #4115, #125, .T. ) ;
#5128 = ADVANCED_FACE ( 'NONE', ( #4589 ), #4083, .T. ) ;
#5129 = PERSON_AND_ORGANIZATION ( #9162, #4154 ) ;
#5130 = VECTOR ( 'NONE', #6826, 1000.000000000000000 ) ;
#5131 = DIRECTION ( 'NONE',  ( -1.000000000000000000, 0.0000000000000000000, 0.0000000000000000000 ) ) ;
#5132 = CARTESIAN_POINT ( 'NONE',  ( 0.0000000000000000000, -1.000000000000000000, 0.0000000000000000000 ) ) ;
#5133 = ORIENTED_EDGE ( 'NONE', *, *, #1769, .F. ) ;
#5134 = CARTESIAN_POINT ( 'NONE',  ( -3.833920890665112800, 0.0000000000000000000, 4.293257518432618300 ) ) ;
#5135 = CARTESIAN_POINT ( 'NONE',  ( 1.347560977090057600, -1.000000000000000000, 8.392501379983450200 ) ) ;
#5136 = EDGE_LOOP ( 'NONE', ( #8137, #6580 ) ) ;
#5137 = APPROVAL_DATE_TIME ( #292, #6891 ) ;
#5138 = LINE ( 'NONE', #1748, #3248 ) ;
#5139 = ADVANCED_FACE ( 'NONE', ( #8179 ), #1871, .T. ) ;
#5140 = EDGE_CURVE ( 'NONE', #8807, #2402, #6821, .T. ) ;
#5141 = AXIS2_PLACEMENT_3D ( 'NONE', #5938, #9123, #4372 ) ;
#5142 = CARTESIAN_POINT ( 'NONE',  ( 3.000000000000000400, -1.475155599687212100, -1.829437358987904700 ) ) ;
#5143 = ORIENTED_EDGE ( 'NONE', *, *, #5510, .F. ) ;
#5144 = DIRECTION ( 'NONE',  ( 1.000000000000000000, -0.0000000000000000000, 0.0000000000000000000 ) ) ;
#5145 = AXIS2_PLACEMENT_3D ( 'NONE', #7757, #7003, #682 ) ;
#5146 = FACE_OUTER_BOUND ( 'NONE', #6904, .T. ) ;
#5147 = CARTESIAN_POINT ( 'NONE',  ( 10.59447749483986300, -5.710576439879671000, -5.602834143397033500 ) ) ;
#5148 = ORIENTED_EDGE ( 'NONE', *, *, #2264, .T. ) ;
#5149 = EDGE_LOOP ( 'NONE', ( #7637, #9434, #463, #1086 ) ) ;
#5150 = LOCAL_TIME ( 15, 11, 14.00000000000000000, #9345 ) ;
#5151 = LINE ( 'NONE', #9287, #3537 ) ;
#5152 = EDGE_CURVE ( 'NONE', #7628, #3936, #8306, .T. ) ;
#5153 = DIRECTION ( 'NONE',  ( -1.000000000000000000, 2.710505431213759600E-016, 0.0000000000000000000 ) ) ;
#5154 = CARTESIAN_POINT ( 'NONE',  ( 0.0000000000000000000, 0.0000000000000000000, 0.0000000000000000000 ) ) ;
#5155 = CARTESIAN_POINT ( 'NONE',  ( 1.650000000000000100, -17.50000000000000000, 10.00000000000000000 ) ) ;
#5156 = AXIS2_PLACEMENT_3D ( 'NONE', #26, #9516, #9405 ) ;
#5157 = PLANE ( 'NONE',  #9410 ) ;
#5158 = FACE_OUTER_BOUND ( 'NONE', #2764, .T. ) ;
#5159 = EDGE_LOOP ( 'NONE', ( #6380, #3528 ) ) ;
#5160 = CARTESIAN_POINT ( 'NONE',  ( 0.0000000000000000000, 2.200000000000000200, 28.00000000000000000 ) ) ;
#5161 = CIRCLE ( 'NONE', #5406, 1.600000000000000800 ) ;
#5162 =( BOUNDED_CURVE ( )  B_SPLINE_CURVE ( 3, ( #8259, #5075, #1122, #9783 ),
 .UNSPECIFIED., .F., .F. ) 
 B_SPLINE_CURVE_WITH_KNOTS ( ( 4, 4 ),
 ( 2.886736673409879700E-012, 0.01844518449322349300 ),
 .UNSPECIFIED. ) 
 CURVE ( )  GEOMETRIC_REPRESENTATION_ITEM ( )  RATIONAL_B_SPLINE_CURVE ( ( 1.000000000000000000, 0.3333333333333330400, 0.3333333333333330400, 1.000000000000000000 ) ) 
 REPRESENTATION_ITEM ( '' )  );
#5163 = ADVANCED_FACE ( 'NONE', ( #3958 ), #3089, .T. ) ;
#5164 = CARTESIAN_POINT ( 'NONE',  ( 2.875735931672475300, 0.0000000000000000000, -2.650000000144164100 ) ) ;
#5165 = EDGE_CURVE ( 'NONE', #8723, #2840, #10033, .T. ) ;
#5166 = DIRECTION ( 'NONE',  ( 0.0000000000000000000, -0.0000000000000000000, 1.000000000000000000 ) ) ;
#5167 = CARTESIAN_POINT ( 'NONE',  ( 2.700000000192570100, 0.0000000000000000000, 0.0000000000000000000 ) ) ;
#5168 = VECTOR ( 'NONE', #9842, 1000.000000000000000 ) ;
#5169 = ORIENTED_EDGE ( 'NONE', *, *, #5582, .T. ) ;
#5170 = CARTESIAN_POINT ( 'NONE',  ( 8.641209593610724900, 4.676246533284164300, -6.494471407134828000 ) ) ;
#5171 = CARTESIAN_POINT ( 'NONE',  ( -6.250000000000000000, 0.0000000000000000000, 10.00000000000000000 ) ) ;
#5172 = ORIENTED_EDGE ( 'NONE', *, *, #884, .T. ) ;
#5173 = EDGE_CURVE ( 'NONE', #238, #2745, #377, .T. ) ;
#5174 = AXIS2_PLACEMENT_3D ( 'NONE', #8265, #8326, #6709 ) ;
#5175 = CARTESIAN_POINT ( 'NONE',  ( 9.797174393178825700E-016, -8.000000000000000000, 10.00000000000000200 ) ) ;
#5176 = FACE_OUTER_BOUND ( 'NONE', #1990, .T. ) ;
#5177 = CLOSED_SHELL ( 'NONE', ( #6940, #3134, #2947, #4604, #1337, #9376, #6214, #3290, #4326, #3866, #5827, #3183, #2580, #6843, #2005, #6477, #8454, #1857, #4236, #5163, #1987, #5178, #2786, #451, #9749, #2751, #5693, #10009, #9224, #4490, #7047, #8241, #1704, #5379, #735, #3437, #184, #1649, #6274, #5962, #9067, #4917, #1135, #3920, #7359, #7565, #5851, #6003, #6747, #9872, #1894, #6579, #1437, #8028, #6371, #4501, #9004, #405, #386, #1208, #1221, #392, #9955, #8286, #242, #9178, #1750, #8704, #6117, #1388, #2468, #5022, #3087, #9695, #3718, #2738, #4074, #9910, #7607, #3771, #7659, #7874, #1488, #9917, #8506, #8602, #4351, #1188, #2002, #7244, #7766, #8968, #6737, #7141, #10046, #6893, #645, #7817, #7523, #10259 ) ) ;
#5178 = ADVANCED_FACE ( 'NONE', ( #983 ), #7802, .T. ) ;
#5179 = CARTESIAN_POINT ( 'NONE',  ( -16.93880195695069400, 12.86351026339138100, -0.2695103735702366600 ) ) ;
#5180 = DIRECTION ( 'NONE',  ( 0.0000000000000000000, -0.0000000000000000000, 1.000000000000000000 ) ) ;
#5181 = DIRECTION ( 'NONE',  ( 0.0000000000000000000, 0.0000000000000000000, 1.000000000000000000 ) ) ;
#5182 = CARTESIAN_POINT ( 'NONE',  ( 8.488301783000002500, 16.62983158500000200, 8.500000000000000000 ) ) ;
#5183 = ORIENTED_EDGE ( 'NONE', *, *, #3199, .T. ) ;
#5184 = CYLINDRICAL_SURFACE ( 'NONE', #9991, 5.000000000000000000 ) ;
#5185 = EDGE_CURVE ( 'NONE', #3409, #8555, #10157, .T. ) ;
#5186 = ORIENTED_EDGE ( 'NONE', *, *, #9192, .T. ) ;
#5187 = PLANE ( 'NONE',  #8134 ) ;
#5188 = DATE_TIME_ROLE ( 'creation_date' ) ;
#5189 = CC_DESIGN_DATE_AND_TIME_ASSIGNMENT ( #10042, #254, ( #8168 ) ) ;
#5190 = PERSON ( 'NAUO-PER9', 'UNSPECIFIED', 'UNSPECIFIED', ('UNSPECIFIED'), ('UNSPECIFIED'), ('UNSPECIFIED') ) ;
#5191 = CARTESIAN_POINT ( 'NONE',  ( 7.200000000000001100, 0.0000000000000000000, 4.799999999999999800 ) ) ;
#5192 = CARTESIAN_POINT ( 'NONE',  ( -16.68956148147174200, 12.74592239001898300, -3.860088866779802700E-010 ) ) ;
#5193 = ORIENTED_EDGE ( 'NONE', *, *, #4875, .T. ) ;
#5194 = ADVANCED_FACE ( 'NONE', ( #1989 ), #7558, .F. ) ;
#5195 = ORIENTED_EDGE ( 'NONE', *, *, #9741, .T. ) ;
#5196 = VECTOR ( 'NONE', #3573, 1000.000000000000000 ) ;
#5197 = ORIENTED_EDGE ( 'NONE', *, *, #8250, .T. ) ;
#5198 = CIRCLE ( 'NONE', #1082, 5.755954265999998000 ) ;
#5199 = ORIENTED_EDGE ( 'NONE', *, *, #640, .T. ) ;
#5200 = LINE ( 'NONE', #6184, #1597 ) ;
#5201 = DIRECTION ( 'NONE',  ( 0.0000000000000000000, 0.0000000000000000000, -1.000000000000000000 ) ) ;
#5202 = CARTESIAN_POINT ( 'NONE',  ( 0.0000000000000000000, 2.200000000000000200, 29.50000000000000400 ) ) ;
#5203 = AXIS2_PLACEMENT_3D ( 'NONE', #8841, #4090, #9637 ) ;
#5204 = EDGE_CURVE ( 'NONE', #1144, #1051, #1491, .T. ) ;
#5205 = DIRECTION ( 'NONE',  ( -0.7071067811865473500, 8.659560562354931600E-017, 0.7071067811865477900 ) ) ;
#5206 = VECTOR ( 'NONE', #3478, 1000.000000000000000 ) ;
#5207 = ORIENTED_EDGE ( 'NONE', *, *, #7331, .F. ) ;
#5208 = DIRECTION ( 'NONE',  ( -1.000000000000000000, -0.0000000000000000000, -0.0000000000000000000 ) ) ;
#5209 = EDGE_CURVE ( 'NONE', #2474, #7725, #3591, .T. ) ;
#5210 = AXIS2_PLACEMENT_3D ( 'NONE', #1071, #5060, #3531 ) ;
#5211 = VECTOR ( 'NONE', #8496, 1000.000000000000000 ) ;
#5212 = EDGE_LOOP ( 'NONE', ( #9696, #6072 ) ) ;
#5213 = AXIS2_PLACEMENT_3D ( 'NONE', #5822, #3351, #5858 ) ;
#5214 = CARTESIAN_POINT ( 'NONE',  ( 1.000000000000000000, -1.000000000000000000, 4.931531202000000400 ) ) ;
#5215 = SECURITY_CLASSIFICATION_LEVEL ( 'unclassified' ) ;
#5216 = CARTESIAN_POINT ( 'NONE',  ( 0.0000000000000000000, 0.0000000000000000000, 0.0000000000000000000 ) ) ;
#5217 = DIRECTION ( 'NONE',  ( -0.0000000000000000000, 1.000000000000000000, 0.0000000000000000000 ) ) ;
#5218 = ORIENTED_EDGE ( 'NONE', *, *, #5432, .T. ) ;
#5219 = DIRECTION ( 'NONE',  ( -0.0000000000000000000, 0.0000000000000000000, -1.000000000000000000 ) ) ;
#5220 = DIRECTION ( 'NONE',  ( 0.0000000000000000000, -1.084202172485504400E-016, -1.000000000000000000 ) ) ;
#5221 = FACE_OUTER_BOUND ( 'NONE', #3175, .T. ) ;
#5222 = COORDINATED_UNIVERSAL_TIME_OFFSET ( 8, 0, .AHEAD. ) ;
#5223 = ORIENTED_EDGE ( 'NONE', *, *, #6739, .T. ) ;
#5224 = CARTESIAN_POINT ( 'NONE',  ( -1.650000000000000100, -17.50000000000000000, 0.0000000000000000000 ) ) ;
#5225 = ORIENTED_EDGE ( 'NONE', *, *, #915, .T. ) ;
#5226 = ADVANCED_FACE ( 'NONE', ( #9406 ), #1115, .F. ) ;
#5227 = DIRECTION ( 'NONE',  ( 0.0000000000000000000, -0.0000000000000000000, 1.000000000000000000 ) ) ;
#5228 = ORIENTED_EDGE ( 'NONE', *, *, #4706, .T. ) ;
#5229 = CARTESIAN_POINT ( 'NONE',  ( 21.00000000000000000, 12.99999999479064700, -9.940000000000003100 ) ) ;
#5230 = AXIS2_PLACEMENT_3D ( 'NONE', #7317, #8798, #3359 ) ;
#5231 = AXIS2_PLACEMENT_3D ( 'NONE', #8466, #5416, #8429 ) ;
#5232 = DIRECTION ( 'NONE',  ( 0.0000000000000000000, 0.0000000000000000000, -1.000000000000000000 ) ) ;
#5233 = CYLINDRICAL_SURFACE ( 'NONE', #280, 3.000000000000000900 ) ;
#5234 = COORDINATED_UNIVERSAL_TIME_OFFSET ( 8, 0, .AHEAD. ) ;
#5235 = ORIENTED_EDGE ( 'NONE', *, *, #7234, .F. ) ;
#5236 = CIRCLE ( 'NONE', #2023, 21.00000000000000000 ) ;
#5237 = VERTEX_POINT ( 'NONE', #10083 ) ;
#5238 = DIRECTION ( 'NONE',  ( 1.000000000000000000, 0.0000000000000000000, 0.0000000000000000000 ) ) ;
#5239 = ADVANCED_FACE ( 'NONE', ( #5452 ), #2194, .F. ) ;
#5240 = ORIENTED_EDGE ( 'NONE', *, *, #7700, .F. ) ;
#5241 = EDGE_CURVE ( 'NONE', #7669, #9769, #1672, .T. ) ;
#5242 = CARTESIAN_POINT ( 'NONE',  ( 0.0000000000000000000, 0.0000000000000000000, 4.799999999999999800 ) ) ;
#5243 = CALENDAR_DATE ( 2023, 10, 1 ) ;
#5244 = DIRECTION ( 'NONE',  ( 0.0000000000000000000, 1.000000000000000000, -1.084202172485504400E-016 ) ) ;
#5245 = ORIENTED_EDGE ( 'NONE', *, *, #1324, .T. ) ;
#5246 = CC_DESIGN_PERSON_AND_ORGANIZATION_ASSIGNMENT ( #7714, #9556, ( #400 ) ) ;
#5247 = FACE_OUTER_BOUND ( 'NONE', #5310, .T. ) ;
#5248 = CARTESIAN_POINT ( 'NONE',  ( 1.500000000000000000, 2.200000000000000200, 22.50000000000000000 ) ) ;
#5249 = VERTEX_POINT ( 'NONE', #3778 ) ;
#5250 = DIRECTION ( 'NONE',  ( 1.355252715606880800E-016, 1.000000000000000000, 0.0000000000000000000 ) ) ;
#5251 =( LENGTH_UNIT ( ) NAMED_UNIT ( * ) SI_UNIT ( .MILLI., .METRE. ) );
#5252 = DIRECTION ( 'NONE',  ( 0.0000000000000000000, -0.0000000000000000000, 1.000000000000000000 ) ) ;
#5253 = DIRECTION ( 'NONE',  ( -1.000000000000000000, 0.0000000000000000000, 0.0000000000000000000 ) ) ;
#5254 = ORIENTED_EDGE ( 'NONE', *, *, #1753, .T. ) ;
#5255 = APPROVAL_DATE_TIME ( #168, #10077 ) ;
#5256 = CYLINDRICAL_SURFACE ( 'NONE', #10002, 27.00000000000000000 ) ;
#5257 = CARTESIAN_POINT ( 'NONE',  ( 16.69036934231543900, -12.74486450321356500, 8.500000000000000000 ) ) ;
#5258 = VERTEX_POINT ( 'NONE', #4578 ) ;
#5259 = EDGE_CURVE ( 'NONE', #952, #2158, #7311, .T. ) ;
#5260 = CARTESIAN_POINT ( 'NONE',  ( 0.0000000000000000000, 0.0000000000000000000, 10.00000000000000000 ) ) ;
#5261 = ORIENTED_EDGE ( 'NONE', *, *, #681, .T. ) ;
#5262 = SHAPE_DEFINITION_REPRESENTATION ( #6512, #3706 ) ;
#5263 = ORIENTED_EDGE ( 'NONE', *, *, #5960, .F. ) ;
#5264 = CALENDAR_DATE ( 2023, 10, 1 ) ;
#5265 = LINE ( 'NONE', #7535, #8593 ) ;
#5266 = CARTESIAN_POINT ( 'NONE',  ( 8.573239169392426400, 7.578362986162696700, -2.564318657626934800 ) ) ;
#5267 = EDGE_LOOP ( 'NONE', ( #9692, #4391 ) ) ;
#5268 = CARTESIAN_POINT ( 'NONE',  ( -9.500000000000000000, 1.163414459189985500E-015, 11.00000000000000000 ) ) ;
#5269 = DIRECTION ( 'NONE',  ( 0.0000000000000000000, 0.0000000000000000000, -1.000000000000000000 ) ) ;
#5270 = ORIENTED_EDGE ( 'NONE', *, *, #8439, .F. ) ;
#5271 = EDGE_CURVE ( 'NONE', #1152, #1195, #1244, .T. ) ;
#5272 = AXIS2_PLACEMENT_3D ( 'NONE', #8114, #3405, #9818 ) ;
#5273 = EDGE_LOOP ( 'NONE', ( #9507, #4207, #7893, #4605 ) ) ;
#5274 = APPROVAL_PERSON_ORGANIZATION ( #7121, #8882, #5319 ) ;
#5275 = LINE ( 'NONE', #5519, #9596 ) ;
#5276 = CARTESIAN_POINT ( 'NONE',  ( -19.62768229802602300, -7.467222449500662100, 0.9842655239508973900 ) ) ;
#5277 = AXIS2_PLACEMENT_3D ( 'NONE', #9759, #6611, #305 ) ;
#5278 = CARTESIAN_POINT ( 'NONE',  ( 10.97874870912823700, 20.99999999999999600, -2.634429811782851100 ) ) ;
#5279 = DIRECTION ( 'NONE',  ( -1.000000000000000000, 0.0000000000000000000, 0.0000000000000000000 ) ) ;
#5280 = LINE ( 'NONE', #6699, #562 ) ;
#5281 = EDGE_LOOP ( 'NONE', ( #381, #4428 ) ) ;
#5282 = CARTESIAN_POINT ( 'NONE',  ( 0.0000000000000000000, 0.0000000000000000000, 0.0000000000000000000 ) ) ;
#5283 = ORIENTED_EDGE ( 'NONE', *, *, #4082, .F. ) ;
#5284 = ADVANCED_BREP_SHAPE_REPRESENTATION ( '', ( #1794, #2234 ), #1712 ) ;
#5285 = EDGE_CURVE ( 'NONE', #8897, #6756, #9401, .T. ) ;
#5286 = CARTESIAN_POINT ( 'NONE',  ( -12.86350988481857300, -16.93632059472309200, -0.2675340546295043600 ) ) ;
#5287 = APPLICATION_CONTEXT ( 'configuration controlled 3d designs of mechanical parts and assemblies' ) ;
#5288 = CARTESIAN_POINT ( 'NONE',  ( 10.00000000000000000, 4.499999999999948500, -4.500000000000000900 ) ) ;
#5289 = AXIS2_PLACEMENT_3D ( 'NONE', #1680, #5006, #3785 ) ;
#5290 = CARTESIAN_POINT ( 'NONE',  ( 5.755954265999998000, -0.5000000000000000000, -1.180564676255455000E-009 ) ) ;
#5291 = ADVANCED_FACE ( 'NONE', ( #6189 ), #841, .F. ) ;
#5292 = CARTESIAN_POINT ( 'NONE',  ( 6.499999998999999900, -0.6000000002252456900, -2.426932219790946600 ) ) ;
#5293 = CARTESIAN_POINT ( 'NONE',  ( 3.888301783000000200, 16.62983158500000200, -15.50000000000000000 ) ) ;
#5294 = CONICAL_SURFACE ( 'NONE', #5789, 21.00000000000000000, 0.7853981633974487200 ) ;
#5295 = ORIENTED_EDGE ( 'NONE', *, *, #3126, .T. ) ;
#5296 = CONICAL_SURFACE ( 'NONE', #9355, 20.69999999999999900, 0.7853981633974482800 ) ;
#5297 = DIRECTION ( 'NONE',  ( 1.000000000000000000, 0.0000000000000000000, 0.0000000000000000000 ) ) ;
#5298 = EDGE_CURVE ( 'NONE', #8777, #5942, #7793, .T. ) ;
#5299 = CARTESIAN_POINT ( 'NONE',  ( -17.67944947199999800, 13.00000000015400100, -15.00000000000000000 ) ) ;
#5300 = CARTESIAN_POINT ( 'NONE',  ( 0.0000000000000000000, 0.0000000000000000000, 9.500000000000000000 ) ) ;
#5301 = LINE ( 'NONE', #6128, #3797 ) ;
#5302 = DIRECTION ( 'NONE',  ( 0.0000000000000000000, 1.000000000000000000, 0.0000000000000000000 ) ) ;
#5303 = ORIENTED_EDGE ( 'NONE', *, *, #5960, .T. ) ;
#5304 = EDGE_CURVE ( 'NONE', #6004, #4485, #2967, .T. ) ;
#5305 = VERTEX_POINT ( 'NONE', #10144 ) ;
#5306 = CC_DESIGN_PERSON_AND_ORGANIZATION_ASSIGNMENT ( #6256, #2987, ( #8088 ) ) ;
#5307 = DIRECTION ( 'NONE',  ( 0.0000000000000000000, 1.000000000000000000, 0.0000000000000000000 ) ) ;
#5308 = ORIENTED_EDGE ( 'NONE', *, *, #1436, .T. ) ;
#5309 = LINE ( 'NONE', #5968, #2329 ) ;
#5310 = EDGE_LOOP ( 'NONE', ( #2001, #810, #678, #5059 ) ) ;
#5311 = CARTESIAN_POINT ( 'NONE',  ( -6.250000000000000000, 0.0000000000000000000, 10.50000000000000000 ) ) ;
#5312 = DIRECTION ( 'NONE',  ( 0.0000000000000000000, 0.0000000000000000000, -1.000000000000000000 ) ) ;
#5313 = FACE_BOUND ( 'NONE', #6504, .T. ) ;
#5314 = ORIENTED_EDGE ( 'NONE', *, *, #8, .F. ) ;
#5315 = CIRCLE ( 'NONE', #1558, 1.650000000000000100 ) ;
#5316 = EDGE_CURVE ( 'NONE', #2388, #5063, #2846, .T. ) ;
#5317 = AXIS2_PLACEMENT_3D ( 'NONE', #7599, #2862, #9200 ) ;
#5318 = DIRECTION ( 'NONE',  ( -1.000000000000000000, 0.0000000000000000000, 0.0000000000000000000 ) ) ;
#5319 = APPROVAL_ROLE ( '' ) ;
#5320 = CARTESIAN_POINT ( 'NONE',  ( 12.30441005877933100, -6.076270011900651200, 5.212452293576634900 ) ) ;
#5321 = FACE_OUTER_BOUND ( 'NONE', #6482, .T. ) ;
#5322 = DIRECTION ( 'NONE',  ( 0.0000000000000000000, 1.000000000000000000, -1.084202172485504400E-016 ) ) ;
#5323 = CARTESIAN_POINT ( 'NONE',  ( 10.00000000000000000, 4.500000000000000900, -2.100000000000000100 ) ) ;
#5324 = ORIENTED_EDGE ( 'NONE', *, *, #7841, .F. ) ;
#5325 = FACE_BOUND ( 'NONE', #6146, .T. ) ;
#5326 = ADVANCED_FACE ( 'NONE', ( #4334 ), #7790, .F. ) ;
#5327 = DIRECTION ( 'NONE',  ( 1.000000000000000000, 0.0000000000000000000, 0.0000000000000000000 ) ) ;
#5328 = VECTOR ( 'NONE', #9662, 1000.000000000000000 ) ;
#5329 = CARTESIAN_POINT ( 'NONE',  ( 9.845341069243117400, 7.719455939053701400, -2.099999999575546700 ) ) ;
#5330 = ORIENTED_EDGE ( 'NONE', *, *, #939, .T. ) ;
#5331 = AXIS2_PLACEMENT_3D ( 'NONE', #3282, #3980, #8033 ) ;
#5332 = VERTEX_POINT ( 'NONE', #6200 ) ;
#5333 = CARTESIAN_POINT ( 'NONE',  ( 1.300000000000000300, -1.000000000000000000, 8.396295449000000100 ) ) ;
#5334 = ADVANCED_FACE ( 'NONE', ( #1236 ), #8919, .T. ) ;
#5335 = VECTOR ( 'NONE', #1720, 999.9999999999998900 ) ;
#5336 = ORIENTED_EDGE ( 'NONE', *, *, #3098, .T. ) ;
#5337 = CARTESIAN_POINT ( 'NONE',  ( 5.000000000000000000, 0.0000000000000000000, 0.0000000000000000000 ) ) ;
#5338 = EDGE_CURVE ( 'NONE', #7080, #7859, #7179, .T. ) ;
#5339 = DIRECTION ( 'NONE',  ( 0.0000000000000000000, 0.0000000000000000000, 1.000000000000000000 ) ) ;
#5340 = CARTESIAN_POINT ( 'NONE',  ( 15.50000000000000000, 13.74999999999999800, -20.00000000000000400 ) ) ;
#5341 = AXIS2_PLACEMENT_3D ( 'NONE', #9026, #4241, #8953 ) ;
#5342 = CLOSED_SHELL ( 'NONE', ( #10057, #442, #355, #792, #1541, #9080, #5239, #2075, #2317, #2793, #3402, #2174, #1046 ) ) ;
#5343 = VECTOR ( 'NONE', #5641, 1000.000000000000000 ) ;
#5344 = CALENDAR_DATE ( 2023, 10, 1 ) ;
#5345 = AXIS2_PLACEMENT_3D ( 'NONE', #2085, #2780, #2744 ) ;
#5346 = VERTEX_POINT ( 'NONE', #7164 ) ;
#5347 = CARTESIAN_POINT ( 'NONE',  ( 10.00000000000000000, -4.500000000000000900, 2.100000000000000100 ) ) ;
#5348 = APPROVAL_STATUS ( 'not_yet_approved' ) ;
#5349 = LINE ( 'NONE', #8210, #3730 ) ;
#5350 = DIRECTION ( 'NONE',  ( -0.0000000000000000000, 1.000000000000000000, 0.0000000000000000000 ) ) ;
#5351 = EDGE_LOOP ( 'NONE', ( #9035, #9932, #404 ) ) ;
#5352 = CARTESIAN_POINT ( 'NONE',  ( 8.400000000000000400, 3.849999999999999600, -4.500000000000000900 ) ) ;
#5353 = EDGE_CURVE ( 'NONE', #2950, #6985, #607, .T. ) ;
#5354 = DIRECTION ( 'NONE',  ( 0.0000000000000000000, 0.0000000000000000000, -1.000000000000000000 ) ) ;
#5355 = DIRECTION ( 'NONE',  ( -0.0000000000000000000, 1.000000000000000000, 0.0000000000000000000 ) ) ;
#5356 = ORIENTED_EDGE ( 'NONE', *, *, #4058, .F. ) ;
#5357 = CARTESIAN_POINT ( 'NONE',  ( 9.500000000000001800, 0.6000000000000000900, -7.977468269999999300 ) ) ;
#5358 = LINE ( 'NONE', #4149, #7081 ) ;
#5359 = CIRCLE ( 'NONE', #1415, 4.700000000000000200 ) ;
#5360 = EDGE_LOOP ( 'NONE', ( #5537, #173 ) ) ;
#5361 = FACE_BOUND ( 'NONE', #7128, .T. ) ;
#5362 = EDGE_CURVE ( 'NONE', #3203, #297, #4822, .T. ) ;
#5363 = DIRECTION ( 'NONE',  ( 0.0000000000000000000, -0.0000000000000000000, 1.000000000000000000 ) ) ;
#5364 = CARTESIAN_POINT ( 'NONE',  ( 20.99999999769757500, -16.97056275132623800, -20.00000000000000000 ) ) ;
#5365 = CC_DESIGN_PERSON_AND_ORGANIZATION_ASSIGNMENT ( #2532, #3084, ( #9960 ) ) ;
#5366 = EDGE_LOOP ( 'NONE', ( #1322, #9127, #1123, #5207 ) ) ;
#5367 = CARTESIAN_POINT ( 'NONE',  ( 7.900730770539061300, 7.276165327433925100, -3.328253105955850900 ) ) ;
#5368 = ORIENTED_EDGE ( 'NONE', *, *, #3208, .T. ) ;
#5369 = PLANE ( 'NONE',  #3404 ) ;
#5370 = VERTEX_POINT ( 'NONE', #1530 ) ;
#5371 = COORDINATED_UNIVERSAL_TIME_OFFSET ( 8, 0, .AHEAD. ) ;
#5372 = FACE_BOUND ( 'NONE', #3983, .T. ) ;
#5373 = ORIENTED_EDGE ( 'NONE', *, *, #4775, .F. ) ;
#5374 = EDGE_CURVE ( 'NONE', #171, #6876, #1740, .T. ) ;
#5375 = DIRECTION ( 'NONE',  ( 0.0000000000000000000, 0.0000000000000000000, -1.000000000000000000 ) ) ;
#5376 = CARTESIAN_POINT ( 'NONE',  ( 3.986548546300795700, 21.00000000000000000, -0.3677399427630457800 ) ) ;
#5377 = CC_DESIGN_APPROVAL ( #1131, ( #400 ) ) ;
#5378 = CARTESIAN_POINT ( 'NONE',  ( 16.80518907124668000, -12.79751940013648900, -0.1232308730747606500 ) ) ;
#5379 = ADVANCED_FACE ( 'NONE', ( #972 ), #2734, .F. ) ;
#5380 = ORIENTED_EDGE ( 'NONE', *, *, #118, .F. ) ;
#5381 = CALENDAR_DATE ( 2023, 10, 1 ) ;
#5382 = FACE_OUTER_BOUND ( 'NONE', #4814, .T. ) ;
#5383 = CARTESIAN_POINT ( 'NONE',  ( 1.650000000000000100, 17.50000000000000000, 10.00000000000000000 ) ) ;
#5384 = ORIENTED_EDGE ( 'NONE', *, *, #1625, .F. ) ;
#5385 = CARTESIAN_POINT ( 'NONE',  ( 0.0000000000000000000, 0.0000000000000000000, 9.500000000000000000 ) ) ;
#5386 = DATE_TIME_ROLE ( 'creation_date' ) ;
#5387 = CARTESIAN_POINT ( 'NONE',  ( 15.49751941100000300, 15.50000000000000000, -15.00000000000000000 ) ) ;
#5388 = CARTESIAN_POINT ( 'NONE',  ( 10.00000000000000000, -4.500000000000000900, 6.614378277999998400 ) ) ;
#5389 = ORIENTED_EDGE ( 'NONE', *, *, #3263, .T. ) ;
#5390 = ADVANCED_FACE ( 'NONE', ( #5086 ), #6341, .F. ) ;
#5391 = CARTESIAN_POINT ( 'NONE',  ( 0.0000000000000000000, -2.065146995210484700E-016, 0.0000000000000000000 ) ) ;
#5392 = VERTEX_POINT ( 'NONE', #9485 ) ;
#5393 = APPROVAL_PERSON_ORGANIZATION ( #2541, #1790, #2961 ) ;
#5394 = DIRECTION ( 'NONE',  ( -1.000000000000000000, 0.0000000000000000000, 0.0000000000000000000 ) ) ;
#5395 = EDGE_CURVE ( 'NONE', #9062, #1090, #6932, .T. ) ;
#5396 = ORIENTED_EDGE ( 'NONE', *, *, #9230, .T. ) ;
#5397 = CARTESIAN_POINT ( 'NONE',  ( 0.0000000000000000000, -1.000000000000000000, 0.0000000000000000000 ) ) ;
#5398 = DIRECTION ( 'NONE',  ( -1.000000000000000000, 0.0000000000000000000, 0.0000000000000000000 ) ) ;
#5399 = AXIS2_PLACEMENT_3D ( 'NONE', #7937, #3114, #8772 ) ;
#5400 = DIRECTION ( 'NONE',  ( 0.0000000000000000000, 0.0000000000000000000, 1.000000000000000000 ) ) ;
#5401 = CIRCLE ( 'NONE', #759, 1.750000000000003300 ) ;
#5402 = VERTEX_POINT ( 'NONE', #1496 ) ;
#5403 = CARTESIAN_POINT ( 'NONE',  ( 7.973483467976939700, 7.330494837968440300, -3.206205685576071200 ) ) ;
#5404 = LINE ( 'NONE', #5357, #4156 ) ;
#5405 = EDGE_CURVE ( 'NONE', #8187, #2271, #10147, .T. ) ;
#5406 = AXIS2_PLACEMENT_3D ( 'NONE', #629, #9363, #604 ) ;
#5407 = CIRCLE ( 'NONE', #9664, 9.500000000000000000 ) ;
#5408 = ORIENTED_EDGE ( 'NONE', *, *, #6890, .T. ) ;
#5409 = ORIENTED_EDGE ( 'NONE', *, *, #9533, .F. ) ;
#5410 = AXIS2_PLACEMENT_3D ( 'NONE', #6515, #8177, #8138 ) ;
#5411 = DIRECTION ( 'NONE',  ( -1.000000000000000000, 0.0000000000000000000, 0.0000000000000000000 ) ) ;
#5412 = DIRECTION ( 'NONE',  ( -1.000000000000000000, 0.0000000000000000000, 0.0000000000000000000 ) ) ;
#5413 = CARTESIAN_POINT ( 'NONE',  ( 0.0000000000000000000, 0.0000000000000000000, 10.50000000000000000 ) ) ;
#5414 = VECTOR ( 'NONE', #9649, 1000.000000000000000 ) ;
#5415 = ORIENTED_EDGE ( 'NONE', *, *, #5685, .F. ) ;
#5416 = DIRECTION ( 'NONE',  ( 0.0000000000000000000, 0.5000000000933408900, -0.8660254037305483700 ) ) ;
#5417 = APPROVAL_ROLE ( '' ) ;
#5418 = CARTESIAN_POINT ( 'NONE',  ( -15.85000000000000300, 0.0000000000000000000, 10.00000000000000000 ) ) ;
#5419 = CARTESIAN_POINT ( 'NONE',  ( 5.182287187699565800, 20.35052577955186200, 5.150000000000000400 ) ) ;
#5420 = AXIS2_PLACEMENT_3D ( 'NONE', #4666, #10197, #10068 ) ;
#5421 = VERTEX_POINT ( 'NONE', #9517 ) ;
#5422 = CIRCLE ( 'NONE', #5345, 8.000000000000000000 ) ;
#5423 = VERTEX_POINT ( 'NONE', #5474 ) ;
#5424 = DIRECTION ( 'NONE',  ( -9.826173185649159900E-031, -9.912705577010326500E-016, 1.000000000000000000 ) ) ;
#5425 = ORIENTED_EDGE ( 'NONE', *, *, #8024, .F. ) ;
#5426 = DIRECTION ( 'NONE',  ( -0.0000000000000000000, -1.000000000000000000, -0.0000000000000000000 ) ) ;
#5427 = CARTESIAN_POINT ( 'NONE',  ( 1.650000000000000100, 17.50000000000000000, 0.0000000000000000000 ) ) ;
#5428 = CARTESIAN_POINT ( 'NONE',  ( 19.61579346009594400, 7.498043144390654100, 1.789495455321958600 ) ) ;
#5429 = CARTESIAN_POINT ( 'NONE',  ( 0.9239534631425043700, 3.894416520803225500, 15.80257417626826000 ) ) ;
#5430 = ORIENTED_EDGE ( 'NONE', *, *, #8118, .T. ) ;
#5431 = CIRCLE ( 'NONE', #4476, 6.500000000000000900 ) ;
#5432 = EDGE_CURVE ( 'NONE', #7644, #9643, #2604, .T. ) ;
#5433 = ORIENTED_EDGE ( 'NONE', *, *, #9146, .T. ) ;
#5434 = SECURITY_CLASSIFICATION ( '', '', #10151 ) ;
#5435 = FACE_OUTER_BOUND ( 'NONE', #1699, .T. ) ;
#5436 = CARTESIAN_POINT ( 'NONE',  ( -20.35052578200000200, 5.182287178999999400, 6.000000000000000000 ) ) ;
#5437 = ADVANCED_FACE ( 'NONE', ( #9658 ), #9916, .F. ) ;
#5438 = ORIENTED_EDGE ( 'NONE', *, *, #7873, .T. ) ;
#5439 = CYLINDRICAL_SURFACE ( 'NONE', #5465, 3.000000000000000900 ) ;
#5440 = DIRECTION ( 'NONE',  ( 0.0000000000000000000, 0.0000000000000000000, 1.000000000000000000 ) ) ;
#5441 = DIRECTION ( 'NONE',  ( 0.0000000000000000000, 1.000000000000000000, 0.0000000000000000000 ) ) ;
#5442 = DIRECTION ( 'NONE',  ( -1.000000000000000000, 0.0000000000000000000, 0.0000000000000000000 ) ) ;
#5443 = LINE ( 'NONE', #9819, #6814 ) ;
#5444 = ORIENTED_EDGE ( 'NONE', *, *, #7085, .F. ) ;
#5445 = AXIS2_PLACEMENT_3D ( 'NONE', #3823, #4699, #5398 ) ;
#5446 = DIRECTION ( 'NONE',  ( 1.000000000000000000, 0.0000000000000000000, 0.0000000000000000000 ) ) ;
#5447 = APPROVAL_STATUS ( 'not_yet_approved' ) ;
#5448 = EDGE_CURVE ( 'NONE', #1828, #774, #482, .T. ) ;
#5449 = DIRECTION ( 'NONE',  ( -1.000000000000000000, 0.0000000000000000000, 0.0000000000000000000 ) ) ;
#5450 = DIRECTION ( 'NONE',  ( -0.0000000000000000000, 0.0000000000000000000, -1.000000000000000000 ) ) ;
#5451 = DIRECTION ( 'NONE',  ( -0.0000000000000000000, -0.0000000000000000000, 1.000000000000000000 ) ) ;
#5452 = FACE_OUTER_BOUND ( 'NONE', #9221, .T. ) ;
#5453 = VERTEX_POINT ( 'NONE', #3078 ) ;
#5454 = CARTESIAN_POINT ( 'NONE',  ( 0.0000000000000000000, -1.000000000000000000, 0.0000000000000000000 ) ) ;
#5455 = EDGE_LOOP ( 'NONE', ( #5283, #6044, #4694, #2245 ) ) ;
#5456 = CARTESIAN_POINT ( 'NONE',  ( -10.78972674799032200, -2.143646078607701200, 3.367581097024035900 ) ) ;
#5457 = EDGE_CURVE ( 'NONE', #5096, #6119, #5696, .T. ) ;
#5458 = AXIS2_PLACEMENT_3D ( 'NONE', #3909, #8692, #9411 ) ;
#5459 = CARTESIAN_POINT ( 'NONE',  ( 19.62768229809489300, 7.467222449320791700, 0.9842655228876262500 ) ) ;
#5460 = LINE ( 'NONE', #2511, #1500 ) ;
#5461 = UNCERTAINTY_MEASURE_WITH_UNIT (LENGTH_MEASURE( 1.000000000000000100E-005 ), #4316, 'distance_accuracy_value', 'NONE');
#5462 = DIRECTION ( 'NONE',  ( 0.0000000000000000000, 0.0000000000000000000, -1.000000000000000000 ) ) ;
#5463 = DATE_AND_TIME ( #4095, #3096 ) ;
#5464 = VERTEX_POINT ( 'NONE', #1566 ) ;
#5465 = AXIS2_PLACEMENT_3D ( 'NONE', #6493, #1129, #4760 ) ;
#5466 = CARTESIAN_POINT ( 'NONE',  ( -5.755954265999998000, 0.0000000000000000000, 0.0000000000000000000 ) ) ;
#5467 = VERTEX_POINT ( 'NONE', #3946 ) ;
#5468 = ORIENTED_EDGE ( 'NONE', *, *, #884, .F. ) ;
#5469 = CARTESIAN_POINT ( 'NONE',  ( 9.636431114908232200, -5.606267312238205000, -5.707844904565160200 ) ) ;
#5470 = VECTOR ( 'NONE', #5850, 1000.000000000000000 ) ;
#5471 = DIRECTION ( 'NONE',  ( -0.0000000000000000000, 1.000000000000000000, 0.0000000000000000000 ) ) ;
#5472 = EDGE_CURVE ( 'NONE', #408, #6033, #3241, .T. ) ;
#5473 = ITEM_DEFINED_TRANSFORMATION ( 'NONE', 'NONE', #187,  #2234 ) ;
#5474 = CARTESIAN_POINT ( 'NONE',  ( 3.000000000231520100, 0.0000000000000000000, -2.349999999662562500 ) ) ;
#5475 = ORIENTED_EDGE ( 'NONE', *, *, #3071, .F. ) ;
#5476 = FACE_OUTER_BOUND ( 'NONE', #7590, .T. ) ;
#5477 = EDGE_LOOP ( 'NONE', ( #3378, #10085, #9383, #5468 ) ) ;
#5478 = AXIS2_PLACEMENT_3D ( 'NONE', #2131, #9228, #8534 ) ;
#5479 = ORIENTED_EDGE ( 'NONE', *, *, #2785, .F. ) ;
#5480 = DIRECTION ( 'NONE',  ( -0.7071067811865474600, 8.659560562354931600E-017, 0.7071067811865475700 ) ) ;
#5481 = APPROVAL_ROLE ( '' ) ;
#5482 = CARTESIAN_POINT ( 'NONE',  ( 12.50000000000000000, 1.530808498934191500E-015, 12.00000000000000000 ) ) ;
#5483 = DIRECTION ( 'NONE',  ( -0.0000000000000000000, 4.130293990420969400E-017, 1.000000000000000000 ) ) ;
#5484 = PERSON_AND_ORGANIZATION ( #9162, #4154 ) ;
#5485 = ORIENTED_EDGE ( 'NONE', *, *, #4191, .T. ) ;
#5486 = EDGE_CURVE ( 'NONE', #2088, #9952, #5572, .T. ) ;
#5487 = CIRCLE ( 'NONE', #713, 12.50000000000000000 ) ;
#5488 = ADVANCED_FACE ( 'NONE', ( #3585 ), #8046, .F. ) ;
#5489 = VERTEX_POINT ( 'NONE', #8065 ) ;
#5490 = DIRECTION ( 'NONE',  ( 1.000000000000000000, 0.0000000000000000000, 0.0000000000000000000 ) ) ;
#5491 = ORIENTED_EDGE ( 'NONE', *, *, #5554, .F. ) ;
#5492 = EDGE_CURVE ( 'NONE', #2747, #6519, #717, .T. ) ;
#5493 = CARTESIAN_POINT ( 'NONE',  ( -20.94311939829173100, -1.919774931358731600, -0.03091908616385748200 ) ) ;
#5494 = ORIENTED_EDGE ( 'NONE', *, *, #2381, .T. ) ;
#5495 = LOCAL_TIME ( 15, 11, 14.00000000000000000, #7362 ) ;
#5496 = CARTESIAN_POINT ( 'NONE',  ( 21.00000000000000000, 11.92228829698863800, -3.130919542348905300 ) ) ;
#5497 =( GEOMETRIC_REPRESENTATION_CONTEXT ( 3 ) GLOBAL_UNCERTAINTY_ASSIGNED_CONTEXT ( ( #2354 ) ) GLOBAL_UNIT_ASSIGNED_CONTEXT ( ( #5251, #6075, #8467 ) ) REPRESENTATION_CONTEXT ( 'NONE', 'WORKASPACE' ) );
#5498 = LINE ( 'NONE', #2362, #7846 ) ;
#5499 = CARTESIAN_POINT ( 'NONE',  ( -3.541999999999999800, -3.541999999999999800, 31.50000000000000000 ) ) ;
#5500 = ORIENTED_EDGE ( 'NONE', *, *, #7250, .F. ) ;
#5501 = CARTESIAN_POINT ( 'NONE',  ( 20.45527284379123100, 4.759450291012617700, 4.500000000000020400 ) ) ;
#5502 = DIRECTION ( 'NONE',  ( 0.0000000000000000000, 1.000000000000000000, 0.0000000000000000000 ) ) ;
#5503 = EDGE_LOOP ( 'NONE', ( #141, #8792 ) ) ;
#5504 = DIRECTION ( 'NONE',  ( -0.3826834322006654200, -0.9238795325793935900, 0.0000000000000000000 ) ) ;
#5505 = ORIENTED_EDGE ( 'NONE', *, *, #3890, .T. ) ;
#5506 = CALENDAR_DATE ( 2023, 10, 1 ) ;
#5507 = DIRECTION ( 'NONE',  ( -0.0000000000000000000, -0.0000000000000000000, -1.000000000000000000 ) ) ;
#5508 = CIRCLE ( 'NONE', #5542, 1.500000000000001300 ) ;
#5509 = ORIENTED_EDGE ( 'NONE', *, *, #2874, .T. ) ;
#5510 = EDGE_CURVE ( 'NONE', #4789, #1628, #8661, .T. ) ;
#5511 = AXIS2_PLACEMENT_3D ( 'NONE', #820, #9495, #5624 ) ;
#5512 = APPROVAL ( #7357, 'UNKNOWN' ) ;
#5513 = CARTESIAN_POINT ( 'NONE',  ( -3.200000000000000200, -1.000000000000000000, 7.549834435000000200 ) ) ;
#5514 = LINE ( 'NONE', #577, #5646 ) ;
#5515 = ORIENTED_EDGE ( 'NONE', *, *, #9331, .T. ) ;
#5516 = PRODUCT_DEFINITION_SHAPE ( 'NONE', 'NONE',  #10277 ) ;
#5517 = ORIENTED_EDGE ( 'NONE', *, *, #9124, .T. ) ;
#5518 = PERSON_AND_ORGANIZATION ( #9162, #4154 ) ;
#5519 = CARTESIAN_POINT ( 'NONE',  ( 3.500000000000000000, 4.286263797015736600E-016, 31.50000000000000000 ) ) ;
#5520 = LINE ( 'NONE', #6460, #1183 ) ;
#5521 = DIRECTION ( 'NONE',  ( 0.0000000000000000000, 0.0000000000000000000, 1.000000000000000000 ) ) ;
#5522 = PERSON_AND_ORGANIZATION_ROLE ( 'creator' ) ;
#5523 = CARTESIAN_POINT ( 'NONE',  ( 7.788273229340804300, -21.00000000000000000, -1.392173989645744300 ) ) ;
#5524 = DIRECTION ( 'NONE',  ( 0.0000000000000000000, 0.0000000000000000000, 1.000000000000000000 ) ) ;
#5525 = FACE_OUTER_BOUND ( 'NONE', #6447, .T. ) ;
#5526 = VERTEX_POINT ( 'NONE', #1008 ) ;
#5527 = AXIS2_PLACEMENT_3D ( 'NONE', #2270, #4756, #758 ) ;
#5528 = EDGE_CURVE ( 'NONE', #5464, #4930, #1481, .T. ) ;
#5529 = EDGE_LOOP ( 'NONE', ( #744, #6196, #5634, #5183, #8393, #5036 ) ) ;
#5530 = DIRECTION ( 'NONE',  ( 0.0000000000000000000, 0.0000000000000000000, 1.000000000000000000 ) ) ;
#5531 = AXIS2_PLACEMENT_3D ( 'NONE', #3596, #6762, #2087 ) ;
#5532 = CARTESIAN_POINT ( 'NONE',  ( 20.99999999988718400, 7.449399616543072300, -1.253756927738050700 ) ) ;
#5533 = CARTESIAN_POINT ( 'NONE',  ( -17.67944947199999800, 11.00000000000000000, -0.03746751599999999900 ) ) ;
#5534 = CYLINDRICAL_SURFACE ( 'NONE', #5399, 5.755954265999998000 ) ;
#5535 = CARTESIAN_POINT ( 'NONE',  ( 19.87565923484182300, 6.782029190968262200, 3.464410510323139300 ) ) ;
#5536 = ORIENTED_EDGE ( 'NONE', *, *, #8556, .T. ) ;
#5537 = ORIENTED_EDGE ( 'NONE', *, *, #1092, .F. ) ;
#5538 = CARTESIAN_POINT ( 'NONE',  ( 4.116663193031858900, 17.77788187594783100, 10.00000000000000000 ) ) ;
#5539 = VECTOR ( 'NONE', #4868, 1000.000000000000000 ) ;
#5540 = EDGE_CURVE ( 'NONE', #8130, #1073, #209, .T. ) ;
#5541 = ADVANCED_FACE ( 'NONE', ( #2471 ), #3471, .T. ) ;
#5542 = AXIS2_PLACEMENT_3D ( 'NONE', #1030, #1876, #2603 ) ;
#5543 = CARTESIAN_POINT ( 'NONE',  ( 9.334069706814435800, -5.751637238662796700, -5.560825108141469500 ) ) ;
#5544 = FACE_OUTER_BOUND ( 'NONE', #2917, .T. ) ;
#5545 = EDGE_LOOP ( 'NONE', ( #32, #1179, #2736, #5373, #2565 ) ) ;
#5546 = AXIS2_PLACEMENT_3D ( 'NONE', #6889, #4571, #1418 ) ;
#5547 = ORIENTED_EDGE ( 'NONE', *, *, #5528, .F. ) ;
#5548 = DIRECTION ( 'NONE',  ( 0.0000000000000000000, 0.0000000000000000000, -1.000000000000000000 ) ) ;
#5549 = ORIENTED_EDGE ( 'NONE', *, *, #9918, .T. ) ;
#5550 = CARTESIAN_POINT ( 'NONE',  ( 21.00000000000000000, -4.307171998821954500E-009, 0.0000000000000000000 ) ) ;
#5551 = CYLINDRICAL_SURFACE ( 'NONE', #5887, 2.000000000000005300 ) ;
#5552 = ORIENTED_EDGE ( 'NONE', *, *, #4698, .T. ) ;
#5553 = LINE ( 'NONE', #5031, #2956 ) ;
#5554 = EDGE_CURVE ( 'NONE', #5802, #2190, #4580, .T. ) ;
#5555 = CARTESIAN_POINT ( 'NONE',  ( 15.85000000000000000, 2.020667218593135200E-016, 0.0000000000000000000 ) ) ;
#5556 = ORIENTED_EDGE ( 'NONE', *, *, #118, .T. ) ;
#5557 = CYLINDRICAL_SURFACE ( 'NONE', #4940, 0.2999999999999990500 ) ;
#5558 = PRODUCT_DEFINITION ( '未知', '', #7674, #8173 ) ;
#5559 = DIRECTION ( 'NONE',  ( -0.0000000000000000000, 5.421010862427522200E-017, 1.000000000000000000 ) ) ;
#5560 = DIRECTION ( 'NONE',  ( 0.0000000000000000000, 0.0000000000000000000, -1.000000000000000000 ) ) ;
#5561 = CARTESIAN_POINT ( 'NONE',  ( 2.700000000156462600, -6.454348516475174500E-010, -2.650000000289400900 ) ) ;
#5562 = VECTOR ( 'NONE', #812, 1000.000000000000000 ) ;
#5563 = DIRECTION ( 'NONE',  ( 1.000000000000000000, 0.0000000000000000000, 0.0000000000000000000 ) ) ;
#5564 = ORIENTED_EDGE ( 'NONE', *, *, #456, .T. ) ;
#5565 = FACE_BOUND ( 'NONE', #2378, .T. ) ;
#5566 = CARTESIAN_POINT ( 'NONE',  ( 2.700000000168499200, 0.0000000000000000000, 2.650000000289401300 ) ) ;
#5567 = DIRECTION ( 'NONE',  ( 0.0000000000000000000, 0.0000000000000000000, 1.000000000000000000 ) ) ;
#5568 = EDGE_CURVE ( 'NONE', #1051, #7274, #3327, .T. ) ;
#5569 = CC_DESIGN_SECURITY_CLASSIFICATION ( #9619, ( #10272 ) ) ;
#5570 = CARTESIAN_POINT ( 'NONE',  ( -8.432905545014858000, -7.066538754535782700, -0.1063281857698705500 ) ) ;
#5571 = DIRECTION ( 'NONE',  ( 1.000000000000000000, 0.0000000000000000000, 0.0000000000000000000 ) ) ;
#5572 = LINE ( 'NONE', #4810, #5328 ) ;
#5573 = ORIENTED_EDGE ( 'NONE', *, *, #3566, .F. ) ;
#5574 = DIRECTION ( 'NONE',  ( -1.000000000000000000, 0.0000000000000000000, 0.0000000000000000000 ) ) ;
#5575 = CARTESIAN_POINT ( 'NONE',  ( -7.286400000000000400, -7.286400000000000400, 5.000000000000000000 ) ) ;
#5576 = VERTEX_POINT ( 'NONE', #2758 ) ;
#5577 = CIRCLE ( 'NONE', #7312, 2.249999999999948000 ) ;
#5578 = AXIS2_PLACEMENT_3D ( 'NONE', #1387, #6132, #2915 ) ;
#5579 = ORIENTED_EDGE ( 'NONE', *, *, #5813, .T. ) ;
#5580 = CARTESIAN_POINT ( 'NONE',  ( 0.0000000000000000000, -1.652117596085782400E-016, 6.000000000199999100 ) ) ;
#5581 = PERSON_AND_ORGANIZATION_ROLE ( 'classification_officer' ) ;
#5582 = EDGE_CURVE ( 'NONE', #6938, #6279, #5443, .T. ) ;
#5583 = CARTESIAN_POINT ( 'NONE',  ( 8.859097138728751400, -21.00000000000000000, -1.786747424789102200 ) ) ;
#5584 = CARTESIAN_POINT ( 'NONE',  ( 0.0000000000000000000, 17.50000000000000000, 10.00000000000000000 ) ) ;
#5585 = ADVANCED_FACE ( 'NONE', ( #9530 ), #1363, .F. ) ;
#5586 = DIRECTION ( 'NONE',  ( -0.0000000000000000000, -1.000000000000000000, -0.0000000000000000000 ) ) ;
#5587 = AXIS2_PLACEMENT_3D ( 'NONE', #7746, #668, #7056 ) ;
#5588 = DIRECTION ( 'NONE',  ( -1.000000000000000000, 0.0000000000000000000, 0.0000000000000000000 ) ) ;
#5589 = ORIENTED_EDGE ( 'NONE', *, *, #7854, .T. ) ;
#5590 = FACE_OUTER_BOUND ( 'NONE', #7005, .T. ) ;
#5591 =( BOUNDED_CURVE ( )  B_SPLINE_CURVE ( 3, ( #3898, #7811, #4767, #5566 ),
 .UNSPECIFIED., .F., .F. ) 
 B_SPLINE_CURVE_WITH_KNOTS ( ( 4, 4 ),
 ( 0.06314145700000134400, 0.9368585429999991600 ),
 .UNSPECIFIED. ) 
 CURVE ( )  GEOMETRIC_REPRESENTATION_ITEM ( )  RATIONAL_B_SPLINE_CURVE ( ( 0.9565783021659924900, 0.7697947703959747700, 0.7697947703959748800, 0.9565783021659926000 ) ) 
 REPRESENTATION_ITEM ( '' )  );
#5592 = CARTESIAN_POINT ( 'NONE',  ( -1.223529411148736900, -1.000000000000000000, 4.641441131809604500 ) ) ;
#5593 = DIRECTION ( 'NONE',  ( 0.0000000000000000000, 0.0000000000000000000, -1.000000000000000000 ) ) ;
#5594 = ORIENTED_EDGE ( 'NONE', *, *, #4023, .F. ) ;
#5595 = CIRCLE ( 'NONE', #5983, 3.000000000000002700 ) ;
#5596 = DIRECTION ( 'NONE',  ( -0.0000000000000000000, -0.0000000000000000000, 1.000000000000000000 ) ) ;
#5597 = DIRECTION ( 'NONE',  ( -1.000000000000000000, 0.0000000000000000000, 0.0000000000000000000 ) ) ;
#5598 = DIRECTION ( 'NONE',  ( 1.000000000000000000, 0.0000000000000000000, 0.0000000000000000000 ) ) ;
#5599 = AXIS2_PLACEMENT_3D ( 'NONE', #9532, #7148, #7943 ) ;
#5600 = VERTEX_POINT ( 'NONE', #9053 ) ;
#5601 = DIRECTION ( 'NONE',  ( 0.0000000000000000000, 0.0000000000000000000, -1.000000000000000000 ) ) ;
#5602 = CARTESIAN_POINT ( 'NONE',  ( 7.784778030130875800, -5.875987312467983300, 5.430890434317276100 ) ) ;
#5603 = DIRECTION ( 'NONE',  ( 0.0000000000000000000, 0.0000000000000000000, 1.000000000000000000 ) ) ;
#5604 = CARTESIAN_POINT ( 'NONE',  ( 15.48178128746563200, -9.659940389752325300, 10.00000000000000000 ) ) ;
#5605 = LINE ( 'NONE', #5781, #5470 ) ;
#5606 = PERSON_AND_ORGANIZATION ( #197, #7702 ) ;
#5607 = AXIS2_PLACEMENT_3D ( 'NONE', #4070, #7228, #8966 ) ;
#5608 = ORIENTED_EDGE ( 'NONE', *, *, #2192, .T. ) ;
#5609 = FACE_OUTER_BOUND ( 'NONE', #7059, .T. ) ;
#5610 = CARTESIAN_POINT ( 'NONE',  ( 12.99751941104844400, 17.52037093560399900, -0.8149038472482079700 ) ) ;
#5611 = CARTESIAN_POINT ( 'NONE',  ( -20.69999999999999900, 2.553388576222231200E-015, 0.0000000000000000000 ) ) ;
#5612 = ORIENTED_EDGE ( 'NONE', *, *, #8339, .T. ) ;
#5613 = ORIENTED_EDGE ( 'NONE', *, *, #3987, .F. ) ;
#5614 = CARTESIAN_POINT ( 'NONE',  ( -10.40419141010581000, -3.576033062641501100, -1.360613605294014800 ) ) ;
#5615 = B_SPLINE_CURVE_WITH_KNOTS ( 'NONE', 3,
 ( #6359, #3157, #8710, #7883 ),
 .UNSPECIFIED., .F., .F.,
 ( 4, 4 ),
 ( 0.0000000000000000000, 0.0007159683013890536700 ),
 .UNSPECIFIED. ) ;
#5616 = VERTEX_POINT ( 'NONE', #2791 ) ;
#5617 = CALENDAR_DATE ( 2023, 10, 1 ) ;
#5618 = CYLINDRICAL_SURFACE ( 'NONE', #761, 1.599999999999995400 ) ;
#5619 = AXIS2_PLACEMENT_3D ( 'NONE', #6327, #4827, #3892 ) ;
#5620 = ORIENTED_EDGE ( 'NONE', *, *, #8924, .F. ) ;
#5621 = DIRECTION ( 'NONE',  ( -1.000000000000000000, 0.0000000000000000000, 0.0000000000000000000 ) ) ;
#5622 = SECURITY_CLASSIFICATION_LEVEL ( 'unclassified' ) ;
#5623 = DIRECTION ( 'NONE',  ( 0.0000000000000000000, -9.912705577010312700E-016, 1.000000000000000000 ) ) ;
#5624 = DIRECTION ( 'NONE',  ( 0.0000000000000000000, -1.000000000000000000, -9.912705577010326500E-016 ) ) ;
#5625 = EDGE_CURVE ( 'NONE', #2109, #8091, #3080, .T. ) ;
#5626 = CARTESIAN_POINT ( 'NONE',  ( -16.97056275347982500, -20.99999999595721800, -15.00000000000000200 ) ) ;
#5627 = ORIENTED_EDGE ( 'NONE', *, *, #6700, .F. ) ;
#5628 = CALENDAR_DATE ( 2023, 10, 1 ) ;
#5629 = CIRCLE ( 'NONE', #9733, 6.000000000000000000 ) ;
#5630 = ORIENTED_EDGE ( 'NONE', *, *, #1456, .T. ) ;
#5631 = EDGE_CURVE ( 'NONE', #7888, #3203, #7444, .T. ) ;
#5632 = DIRECTION ( 'NONE',  ( 0.0000000000000000000, 0.0000000000000000000, -1.000000000000000000 ) ) ;
#5633 = SECURITY_CLASSIFICATION ( '', '', #8633 ) ;
#5634 = ORIENTED_EDGE ( 'NONE', *, *, #3171, .T. ) ;
#5635 = CARTESIAN_POINT ( 'NONE',  ( 3.499999998507304300, 0.0000000000000000000, 1.178085123999999700 ) ) ;
#5636 = DIRECTION ( 'NONE',  ( -0.0000000000000000000, -1.000000000000000000, -0.0000000000000000000 ) ) ;
#5637 = VERTEX_POINT ( 'NONE', #8320 ) ;
#5638 = COORDINATED_UNIVERSAL_TIME_OFFSET ( 8, 0, .AHEAD. ) ;
#5639 = CARTESIAN_POINT ( 'NONE',  ( -13.62983158500000000, 6.888301783000001100, 6.000000000000000000 ) ) ;
#5640 = VECTOR ( 'NONE', #1430, 1000.000000000000000 ) ;
#5641 = DIRECTION ( 'NONE',  ( -1.000000000000000000, 0.0000000000000000000, 0.0000000000000000000 ) ) ;
#5642 = ORIENTED_EDGE ( 'NONE', *, *, #1010, .T. ) ;
#5643 = CARTESIAN_POINT ( 'NONE',  ( 12.91037371910007400, 17.07677015730861900, -0.4077143774963871100 ) ) ;
#5644 = ADVANCED_FACE ( 'NONE', ( #5949 ), #9043, .T. ) ;
#5645 = CARTESIAN_POINT ( 'NONE',  ( -2.332238092999999100, -1.000000000000000000, 5.876889377999997800 ) ) ;
#5646 = VECTOR ( 'NONE', #1377, 1000.000000000000000 ) ;
#5647 = EDGE_LOOP ( 'NONE', ( #4751, #9722, #4430, #2979 ) ) ;
#5648 = CARTESIAN_POINT ( 'NONE',  ( -21.00000000000000000, 12.99999999479064700, -9.940000000000001300 ) ) ;
#5649 = CIRCLE ( 'NONE', #7530, 14.15000000000000000 ) ;
#5650 = EDGE_CURVE ( 'NONE', #4703, #864, #7306, .T. ) ;
#5651 = CARTESIAN_POINT ( 'NONE',  ( 9.483144465059902800, 4.447333433040492800, -6.650209241869343500 ) ) ;
#5652 = FACE_OUTER_BOUND ( 'NONE', #3122, .T. ) ;
#5653 = VERTEX_POINT ( 'NONE', #7592 ) ;
#5654 = PERSON_AND_ORGANIZATION_ROLE ( 'classification_officer' ) ;
#5655 = VERTEX_POINT ( 'NONE', #2891 ) ;
#5656 = DIRECTION ( 'NONE',  ( -1.000000000000000000, 0.0000000000000000000, 0.0000000000000000000 ) ) ;
#5657 = DIRECTION ( 'NONE',  ( -1.000000000000000000, 0.0000000000000000000, 0.0000000000000000000 ) ) ;
#5658 = DIRECTION ( 'NONE',  ( 0.0000000000000000000, -1.000000000000000000, 0.0000000000000000000 ) ) ;
#5659 = CARTESIAN_POINT ( 'NONE',  ( -13.00000000000000200, -17.67696888263815000, -0.9425438105466145100 ) ) ;
#5660 = EDGE_CURVE ( 'NONE', #4930, #5464, #372, .T. ) ;
#5661 = AXIS2_PLACEMENT_3D ( 'NONE', #2757, #2024, #6735 ) ;
#5662 = VECTOR ( 'NONE', #2664, 1000.000000000000000 ) ;
#5663 = ORIENTED_EDGE ( 'NONE', *, *, #6793, .F. ) ;
#5664 = CARTESIAN_POINT ( 'NONE',  ( 12.99751940968679900, -21.00000000000000000, -15.00000000431999700 ) ) ;
#5665 = CARTESIAN_POINT ( 'NONE',  ( 0.0000000000000000000, 0.0000000000000000000, -17.00000000000000000 ) ) ;
#5666 = CARTESIAN_POINT ( 'NONE',  ( 0.3000000000000000400, 0.0000000000000000000, 0.0000000000000000000 ) ) ;
#5667 = CARTESIAN_POINT ( 'NONE',  ( 20.51219149676611800, 4.499999999999987600, 4.500000000000636800 ) ) ;
#5668 = DIRECTION ( 'NONE',  ( 0.0000000000000000000, -0.0000000000000000000, 1.000000000000000000 ) ) ;
#5669 = CARTESIAN_POINT ( 'NONE',  ( -19.62983158500000500, 6.888301783000001100, -15.50000000000000000 ) ) ;
#5670 = CARTESIAN_POINT ( 'NONE',  ( 9.031722191268528400, 6.288595602188830300, -0.9384036727135215400 ) ) ;
#5671 = VERTEX_POINT ( 'NONE', #2129 ) ;
#5672 = DIRECTION ( 'NONE',  ( 0.0000000000000000000, 1.000000000000000000, -3.469446951953614200E-016 ) ) ;
#5673 = FACE_BOUND ( 'NONE', #5136, .T. ) ;
#5674 = VERTEX_POINT ( 'NONE', #9254 ) ;
#5675 = EDGE_CURVE ( 'NONE', #5719, #3906, #6443, .T. ) ;
#5676 = CARTESIAN_POINT ( 'NONE',  ( 12.86103023523991100, 16.93880312586313500, -0.2680115274667658200 ) ) ;
#5677 = ORIENTED_EDGE ( 'NONE', *, *, #9393, .T. ) ;
#5678 = PLANE ( 'NONE',  #4471 ) ;
#5679 = CARTESIAN_POINT ( 'NONE',  ( -17.50000000000000000, 0.0000000000000000000, 999.0085799790000500 ) ) ;
#5680 = ORIENTED_EDGE ( 'NONE', *, *, #6290, .T. ) ;
#5681 = CARTESIAN_POINT ( 'NONE',  ( 12.30441005880583200, 6.076270011974815900, -5.212452293489896200 ) ) ;
#5682 = FACE_OUTER_BOUND ( 'NONE', #5149, .T. ) ;
#5683 = CARTESIAN_POINT ( 'NONE',  ( 12.99751940763377600, -21.00000000000000000, -9.940000000000001300 ) ) ;
#5684 = ORIENTED_EDGE ( 'NONE', *, *, #6166, .F. ) ;
#5685 = EDGE_CURVE ( 'NONE', #2271, #5258, #7055, .T. ) ;
#5686 = CYLINDRICAL_SURFACE ( 'NONE', #5331, 2.999999999999998700 ) ;
#5687 = ORIENTED_EDGE ( 'NONE', *, *, #7654, .T. ) ;
#5688 = CIRCLE ( 'NONE', #7465, 1.749999999999999800 ) ;
#5689 = CARTESIAN_POINT ( 'NONE',  ( 2.999999999999999600, -0.6311000702048182900, 2.263680338759096200 ) ) ;
#5690 = CARTESIAN_POINT ( 'NONE',  ( 0.0000000000000000000, 0.0000000000000000000, 0.0000000000000000000 ) ) ;
#5691 = DIRECTION ( 'NONE',  ( -0.0000000000000000000, -0.0000000000000000000, 1.000000000000000000 ) ) ;
#5692 = EDGE_CURVE ( 'NONE', #498, #6053, #3202, .T. ) ;
#5693 = ADVANCED_FACE ( 'NONE', ( #4953 ), #8298, .F. ) ;
#5694 = CARTESIAN_POINT ( 'NONE',  ( 1.285879139104720800E-015, -10.50000000000000000, 4.336808689942017700E-016 ) ) ;
#5695 = AXIS2_PLACEMENT_3D ( 'NONE', #8196, #1967, #4245 ) ;
#5696 = CIRCLE ( 'NONE', #3669, 0.2999999999999999300 ) ;
#5697 = VERTEX_POINT ( 'NONE', #2853 ) ;
#5698 = DIRECTION ( 'NONE',  ( -0.0000000000000000000, 0.0000000000000000000, -1.000000000000000000 ) ) ;
#5699 = PLANE ( 'NONE',  #6516 ) ;
#5700 = DIRECTION ( 'NONE',  ( 1.000000000000000000, 0.0000000000000000000, 0.0000000000000000000 ) ) ;
#5701 = DIRECTION ( 'NONE',  ( 0.0000000000000000000, 0.0000000000000000000, 1.000000000000000000 ) ) ;
#5702 = PERSON ( 'NAUO-PER3', 'UNSPECIFIED', 'UNSPECIFIED', ('UNSPECIFIED'), ('UNSPECIFIED'), ('UNSPECIFIED') ) ;
#5703 = CARTESIAN_POINT ( 'NONE',  ( 15.85000000000000000, 2.020667218593135500E-016, 0.0000000000000000000 ) ) ;
#5704 = DIRECTION ( 'NONE',  ( -0.0000000000000000000, 1.000000000000000000, 0.0000000000000000000 ) ) ;
#5705 = FACE_BOUND ( 'NONE', #4689, .T. ) ;
#5706 = CARTESIAN_POINT ( 'NONE',  ( 8.069701035600644400, 7.475541679465425900, 1.062974850667904400 ) ) ;
#5707 = DIRECTION ( 'NONE',  ( 0.0000000000000000000, 0.0000000000000000000, -1.000000000000000000 ) ) ;
#5708 = ORIENTED_EDGE ( 'NONE', *, *, #928, .F. ) ;
#5709 = EDGE_CURVE ( 'NONE', #1798, #949, #2226, .T. ) ;
#5710 = AXIS2_PLACEMENT_3D ( 'NONE', #7987, #4067, #9685 ) ;
#5711 = APPROVAL ( #9629, 'UNKNOWN' ) ;
#5712 = CARTESIAN_POINT ( 'NONE',  ( -9.659869124865075200, -5.266070931181574500, -1.406813319150334900 ) ) ;
#5713 = CARTESIAN_POINT ( 'NONE',  ( 6.299999999999999800, 0.0000000000000000000, 0.0000000000000000000 ) ) ;
#5714 = VERTEX_POINT ( 'NONE', #3645 ) ;
#5715 = DIRECTION ( 'NONE',  ( -0.0000000000000000000, -1.000000000000000000, -0.0000000000000000000 ) ) ;
#5716 = CARTESIAN_POINT ( 'NONE',  ( -3.317073170240355800, 0.0000000000000000000, 7.826047890292564100 ) ) ;
#5717 = CYLINDRICAL_SURFACE ( 'NONE', #3593, 2.500000000000000000 ) ;
#5718 = CALENDAR_DATE ( 2023, 10, 1 ) ;
#5719 = VERTEX_POINT ( 'NONE', #6069 ) ;
#5720 = ORIENTED_EDGE ( 'NONE', *, *, #3444, .F. ) ;
#5721 = ORIENTED_EDGE ( 'NONE', *, *, #10117, .T. ) ;
#5722 = AXIS2_PLACEMENT_3D ( 'NONE', #932, #8013, #6356 ) ;
#5723 = CARTESIAN_POINT ( 'NONE',  ( 2.999999999999999600, -0.9693982116645950600, 2.140800768906735700 ) ) ;
#5724 = APPROVAL_STATUS ( 'not_yet_approved' ) ;
#5725 = EDGE_CURVE ( 'NONE', #9912, #6299, #115, .T. ) ;
#5726 = FACE_OUTER_BOUND ( 'NONE', #8450, .T. ) ;
#5727 = LOCAL_TIME ( 15, 11, 14.00000000000000000, #8946 ) ;
#5728 = ORIENTED_EDGE ( 'NONE', *, *, #1444, .T. ) ;
#5729 = CONICAL_SURFACE ( 'NONE', #9231, 1.250000000000000000, 0.7853981633974480600 ) ;
#5730 = CARTESIAN_POINT ( 'NONE',  ( -20.93582483672877000, -1.640864730968292700, 2.417854611681984800 ) ) ;
#5731 = AXIS2_PLACEMENT_3D ( 'NONE', #2801, #4380, #1233 ) ;
#5732 = DIRECTION ( 'NONE',  ( -0.0000000000000000000, -0.0000000000000000000, 1.000000000000000000 ) ) ;
#5733 = CARTESIAN_POINT ( 'NONE',  ( 10.19719326777663700, 4.129914518066050800, 4.482980012936174300 ) ) ;
#5734 = ORIENTED_EDGE ( 'NONE', *, *, #3314, .F. ) ;
#5735 = DIRECTION ( 'NONE',  ( 0.0000000000000000000, -1.000000000000000000, -1.284980352575412700E-016 ) ) ;
#5736 = EDGE_CURVE ( 'NONE', #297, #3570, #1860, .T. ) ;
#5737 = DATE_AND_TIME ( #5243, #3624 ) ;
#5738 = VERTEX_POINT ( 'NONE', #9986 ) ;
#5739 = FACE_OUTER_BOUND ( 'NONE', #1216, .T. ) ;
#5740 = CARTESIAN_POINT ( 'NONE',  ( 0.0000000000000000000, 5.000000000000000000, 13.49999999999999800 ) ) ;
#5741 = EDGE_CURVE ( 'NONE', #2109, #774, #7665, .T. ) ;
#5742 = ORIENTED_EDGE ( 'NONE', *, *, #10074, .F. ) ;
#5743 = CARTESIAN_POINT ( 'NONE',  ( 10.00000000000000000, -3.849999999999999600, 4.500000000000000900 ) ) ;
#5744 = CARTESIAN_POINT ( 'NONE',  ( -21.00000000000000000, -10.82571903427462300, -2.604378523503452200 ) ) ;
#5745 = DIRECTION ( 'NONE',  ( -0.0000000000000000000, -0.0000000000000000000, -1.000000000000000000 ) ) ;
#5746 = AXIS2_PLACEMENT_3D ( 'NONE', #4398, #8277, #1952 ) ;
#5747 = DIRECTION ( 'NONE',  ( -0.0000000000000000000, -0.0000000000000000000, -1.000000000000000000 ) ) ;
#5748 = ADVANCED_FACE ( 'NONE', ( #2107 ), #7434, .T. ) ;
#5749 = ORIENTED_EDGE ( 'NONE', *, *, #8227, .T. ) ;
#5750 = LOCAL_TIME ( 15, 11, 14.00000000000000000, #8347 ) ;
#5751 = LINE ( 'NONE', #3878, #2038 ) ;
#5752 = CARTESIAN_POINT ( 'NONE',  ( 1.000000000000000900, -0.5000000000000000000, 8.096295448884594800 ) ) ;
#5753 = ORIENTED_EDGE ( 'NONE', *, *, #8516, .F. ) ;
#5754 = CARTESIAN_POINT ( 'NONE',  ( 12.50000000000000000, 0.6000000000000000900, -5.202200245000000200 ) ) ;
#5755 = ORIENTED_EDGE ( 'NONE', *, *, #7520, .T. ) ;
#5756 = EDGE_CURVE ( 'NONE', #1914, #3827, #4318, .T. ) ;
#5757 = ORIENTED_EDGE ( 'NONE', *, *, #9247, .T. ) ;
#5758 = LOCAL_TIME ( 15, 11, 14.00000000000000000, #2666 ) ;
#5759 = AXIS2_PLACEMENT_3D ( 'NONE', #2050, #10032, #4426 ) ;
#5760 = CYLINDRICAL_SURFACE ( 'NONE', #7658, 10.50000000000000000 ) ;
#5761 = AXIS2_PLACEMENT_3D ( 'NONE', #38, #3952, #7072 ) ;
#5762 = CARTESIAN_POINT ( 'NONE',  ( 3.000000000000000400, -1.911260571359702800, 1.372505879676763100 ) ) ;
#5763 = CARTESIAN_POINT ( 'NONE',  ( 0.0000000000000000000, 0.0000000000000000000, -20.00000000000000000 ) ) ;
#5764 = DIRECTION ( 'NONE',  ( 0.0000000000000000000, 0.0000000000000000000, 1.000000000000000000 ) ) ;
#5765 = CONICAL_SURFACE ( 'NONE', #4493, 20.69999999999999900, 0.7853981633974510500 ) ;
#5766 = VERTEX_POINT ( 'NONE', #3045 ) ;
#5767 = ORIENTED_EDGE ( 'NONE', *, *, #656, .T. ) ;
#5768 = SHAPE_DEFINITION_REPRESENTATION ( #8333, #7768 ) ;
#5769 = CIRCLE ( 'NONE', #4951, 1.650000000000000100 ) ;
#5770 = EDGE_CURVE ( 'NONE', #6756, #3288, #5817, .T. ) ;
#5771 = DIRECTION ( 'NONE',  ( 0.0000000000000000000, 1.000000000000000000, 0.0000000000000000000 ) ) ;
#5772 = CARTESIAN_POINT ( 'NONE',  ( -21.00000000000000000, 13.00000000000000200, -15.00000000000000000 ) ) ;
#5773 = CARTESIAN_POINT ( 'NONE',  ( 20.92574863857410600, 1.769393525632716500, 0.2295491493348366400 ) ) ;
#5774 = CC_DESIGN_PERSON_AND_ORGANIZATION_ASSIGNMENT ( #5129, #5522, ( #8424 ) ) ;
#5775 = B_SPLINE_CURVE_WITH_KNOTS ( 'NONE', 3,
 ( #5667, #4942, #8958, #1763, #3335, #9756, #5011, #6430, #867, #4137, #7328, #9681, #196, #977, #7222, #8125, #3374, #8923, #4174, #9723, #5773, #2480 ),
 .UNSPECIFIED., .F., .F.,
 ( 4, 2, 2, 2, 2, 2, 2, 2, 2, 2, 4 ),
 ( 0.004787868380382138800, 0.005572548305345995100, 0.005964888267827922800, 0.006357228230309850500, 0.007141908155273706000, 0.007926588080237563200, 0.008318928042719490900, 0.008711268005201420300, 0.009495947930165277500, 0.01028062785512913500, 0.01106530778009299200 ),
 .UNSPECIFIED. ) ;
#5776 = FACE_OUTER_BOUND ( 'NONE', #2553, .T. ) ;
#5777 = VERTEX_POINT ( 'NONE', #4544 ) ;
#5778 = PLANE ( 'NONE',  #5607 ) ;
#5779 = CARTESIAN_POINT ( 'NONE',  ( 6.500000000200000000, -0.6000000000191340100, 4.963869458391717300 ) ) ;
#5780 = EDGE_LOOP ( 'NONE', ( #6461, #7998, #1429, #7692 ) ) ;
#5781 = CARTESIAN_POINT ( 'NONE',  ( -21.00000000000000000, 0.0000000000000000000, -20.00000000000000000 ) ) ;
#5782 = CONICAL_SURFACE ( 'NONE', #2017, 21.00000000000000000, 0.7853981633974485000 ) ;
#5783 = ORIENTED_EDGE ( 'NONE', *, *, #416, .T. ) ;
#5784 = ORIENTED_EDGE ( 'NONE', *, *, #2886, .F. ) ;
#5785 = AXIS2_PLACEMENT_3D ( 'NONE', #4708, #644, #8685 ) ;
#5786 = EDGE_CURVE ( 'NONE', #4043, #5402, #363, .T. ) ;
#5787 = CARTESIAN_POINT ( 'NONE',  ( -10.50000000000000000, 0.0000000000000000000, 9.500000000000000000 ) ) ;
#5788 = VECTOR ( 'NONE', #7647, 1000.000000000000000 ) ;
#5789 = AXIS2_PLACEMENT_3D ( 'NONE', #8699, #8737, #9456 ) ;
#5790 = CARTESIAN_POINT ( 'NONE',  ( 2.999999999999999600, -0.7138984255657797600, -2.239042901637502000 ) ) ;
#5791 = PERSON_AND_ORGANIZATION_ROLE ( 'classification_officer' ) ;
#5792 = FACE_OUTER_BOUND ( 'NONE', #8344, .T. ) ;
#5793 = VERTEX_POINT ( 'NONE', #1461 ) ;
#5794 = ADVANCED_FACE ( 'NONE', ( #1355 ), #8540, .T. ) ;
#5795 = CARTESIAN_POINT ( 'NONE',  ( 10.00000000000000000, 0.5999999999999998700, -4.500000000000000900 ) ) ;
#5796 = ORIENTED_EDGE ( 'NONE', *, *, #8880, .T. ) ;
#5797 = CARTESIAN_POINT ( 'NONE',  ( 10.52083216103319800, 3.216793458519619200, 4.218584156818121900 ) ) ;
#5798 = EDGE_CURVE ( 'NONE', #4243, #5305, #3462, .T. ) ;
#5799 = ORIENTED_EDGE ( 'NONE', *, *, #6213, .T. ) ;
#5800 = CARTESIAN_POINT ( 'NONE',  ( 2.998501250000000800, 4.640099949999998900, -2.320049974999999400 ) ) ;
#5801 = FACE_OUTER_BOUND ( 'NONE', #627, .T. ) ;
#5802 = VERTEX_POINT ( 'NONE', #6241 ) ;
#5803 = ORIENTED_EDGE ( 'NONE', *, *, #9527, .T. ) ;
#5804 = CARTESIAN_POINT ( 'NONE',  ( 10.35695715455259400, 5.612144848592659900, 5.701279795575658200 ) ) ;
#5805 = AXIS2_PLACEMENT_3D ( 'NONE', #7398, #1009, #9752 ) ;
#5806 = DIRECTION ( 'NONE',  ( 0.0000000000000000000, 1.000000000000000000, 0.0000000000000000000 ) ) ;
#5807 = CIRCLE ( 'NONE', #361, 5.000000000000000000 ) ;
#5808 = CARTESIAN_POINT ( 'NONE',  ( -21.00000000000000000, 0.0000000000000000000, 8.500000000000000000 ) ) ;
#5809 = EDGE_LOOP ( 'NONE', ( #4274, #2130 ) ) ;
#5810 = CIRCLE ( 'NONE', #2419, 9.500000000000000000 ) ;
#5811 = DIRECTION ( 'NONE',  ( -9.826173185649159900E-031, -9.912705577010326500E-016, 1.000000000000000000 ) ) ;
#5812 = CARTESIAN_POINT ( 'NONE',  ( 0.0000000000000000000, 0.0000000000000000000, 12.00000000000000000 ) ) ;
#5813 = EDGE_CURVE ( 'NONE', #9541, #7215, #7562, .T. ) ;
#5814 = DIRECTION ( 'NONE',  ( 0.0000000000000000000, 0.0000000000000000000, 1.000000000000000000 ) ) ;
#5815 = AXIS2_PLACEMENT_3D ( 'NONE', #4781, #4651, #9454 ) ;
#5816 = DIRECTION ( 'NONE',  ( -0.0000000000000000000, -0.0000000000000000000, 1.000000000000000000 ) ) ;
#5817 = LINE ( 'NONE', #5340, #1471 ) ;
#5818 = DIRECTION ( 'NONE',  ( 1.000000000000000000, 0.0000000000000000000, 0.0000000000000000000 ) ) ;
#5819 = VERTEX_POINT ( 'NONE', #6282 ) ;
#5820 = FACE_OUTER_BOUND ( 'NONE', #6169, .T. ) ;
#5821 = CARTESIAN_POINT ( 'NONE',  ( 1.459240929646608700, 3.725189001521395300, 28.39828823314913800 ) ) ;
#5822 = CARTESIAN_POINT ( 'NONE',  ( 10.00000000000000000, 0.6000000000000000900, -4.500000000000000900 ) ) ;
#5823 = DIRECTION ( 'NONE',  ( 1.000000000000000000, 0.0000000000000000000, 0.0000000000000000000 ) ) ;
#5824 = EDGE_CURVE ( 'NONE', #9638, #10254, #6710, .T. ) ;
#5825 = VECTOR ( 'NONE', #9085, 1000.000000000000000 ) ;
#5826 = ORIENTED_EDGE ( 'NONE', *, *, #3937, .F. ) ;
#5827 = ADVANCED_FACE ( 'NONE', ( #1731 ), #6688, .F. ) ;
#5828 = EDGE_CURVE ( 'NONE', #4485, #1003, #6431, .T. ) ;
#5829 = CARTESIAN_POINT ( 'NONE',  ( -20.84173081372579600, -2.580322484661557300, 3.820480270526715600 ) ) ;
#5830 = DIRECTION ( 'NONE',  ( 1.000000000000000000, 0.0000000000000000000, 0.0000000000000000000 ) ) ;
#5831 = ORIENTED_EDGE ( 'NONE', *, *, #10106, .T. ) ;
#5832 = APPROVAL ( #5348, '未指定' ) ;
#5833 = DIRECTION ( 'NONE',  ( -0.0000000000000000000, 1.000000000000000000, 0.0000000000000000000 ) ) ;
#5834 = VECTOR ( 'NONE', #2077, 1000.000000000000000 ) ;
#5835 = CALENDAR_DATE ( 2023, 10, 1 ) ;
#5836 = ORIENTED_EDGE ( 'NONE', *, *, #1207, .T. ) ;
#5837 = CARTESIAN_POINT ( 'NONE',  ( 10.18237624717436800, 5.572689816717222300, 5.739850983752155000 ) ) ;
#5838 = CARTESIAN_POINT ( 'NONE',  ( 6.299999999999999800, 0.0000000000000000000, 0.0000000000000000000 ) ) ;
#5839 = CARTESIAN_POINT ( 'NONE',  ( -2.087546334251260100, 2.646710530926050400, 15.75000000000000000 ) ) ;
#5840 = CARTESIAN_POINT ( 'NONE',  ( 16.97056274799999900, 21.00000000000000000, -9.940000000000001300 ) ) ;
#5841 = ORIENTED_EDGE ( 'NONE', *, *, #1477, .F. ) ;
#5842 = PLANE ( 'NONE',  #1761 ) ;
#5843 = CARTESIAN_POINT ( 'NONE',  ( 12.86102983379314900, -16.93632170374148100, -0.2660350069459705400 ) ) ;
#5844 = CYLINDRICAL_SURFACE ( 'NONE', #3056, 3.000000000000002700 ) ;
#5845 = EDGE_CURVE ( 'NONE', #771, #9079, #8172, .T. ) ;
#5846 = CONTEXT_DEPENDENT_SHAPE_REPRESENTATION ( #7275, #9659 ) ;
#5847 = EDGE_LOOP ( 'NONE', ( #2247, #4799, #1139 ) ) ;
#5848 = CC_DESIGN_SECURITY_CLASSIFICATION ( #8899, ( #10283 ) ) ;
#5849 = VECTOR ( 'NONE', #4296, 999.9999999999998900 ) ;
#5850 = DIRECTION ( 'NONE',  ( 0.0000000000000000000, 1.000000000000000000, 0.0000000000000000000 ) ) ;
#5851 = ADVANCED_FACE ( 'NONE', ( #103, #596 ), #3838, .T. ) ;
#5852 = VERTEX_POINT ( 'NONE', #616 ) ;
#5853 = CARTESIAN_POINT ( 'NONE',  ( 6.888301783000001100, 16.62983158500000200, -15.50000000000000000 ) ) ;
#5854 = ORIENTED_EDGE ( 'NONE', *, *, #9630, .F. ) ;
#5855 = PRODUCT_DEFINITION_SHAPE ( 'NONE', 'NONE',  #10281 ) ;
#5856 = CARTESIAN_POINT ( 'NONE',  ( 7.200000000000001100, 0.0000000000000000000, 5.000000000000000000 ) ) ;
#5857 = EDGE_LOOP ( 'NONE', ( #429, #6007, #324, #3097 ) ) ;
#5858 = DIRECTION ( 'NONE',  ( 0.0000000000000000000, 0.0000000000000000000, 1.000000000000000000 ) ) ;
#5859 = CARTESIAN_POINT ( 'NONE',  ( 0.0000000000000000000, 0.0000000000000000000, 0.0000000000000000000 ) ) ;
#5860 = VECTOR ( 'NONE', #8752, 1000.000000000000000 ) ;
#5861 = ORIENTED_EDGE ( 'NONE', *, *, #8896, .F. ) ;
#5862 = LINE ( 'NONE', #9793, #7958 ) ;
#5863 = VERTEX_POINT ( 'NONE', #9350 ) ;
#5864 = ORIENTED_EDGE ( 'NONE', *, *, #150, .T. ) ;
#5865 = AXIS2_PLACEMENT_3D ( 'NONE', #2065, #6702, #9857 ) ;
#5866 = CARTESIAN_POINT ( 'NONE',  ( 17.67696888200000400, 11.00000000000000000, -15.00000000000000000 ) ) ;
#5867 = ORIENTED_EDGE ( 'NONE', *, *, #3578, .F. ) ;
#5868 = DIRECTION ( 'NONE',  ( 0.3826834323276322400, 0.9238795325268022200, -0.0000000000000000000 ) ) ;
#5869 = CARTESIAN_POINT ( 'NONE',  ( -17.36708118134042100, 12.98107546354197900, -0.6822561962002367000 ) ) ;
#5870 = ORIENTED_EDGE ( 'NONE', *, *, #4812, .F. ) ;
#5871 = APPROVAL_DATE_TIME ( #5737, #1049 ) ;
#5872 = DIRECTION ( 'NONE',  ( -1.000000000000000000, -1.776356839400250500E-015, 0.0000000000000000000 ) ) ;
#5873 = VECTOR ( 'NONE', #3915, 1000.000000000000000 ) ;
#5874 = CARTESIAN_POINT ( 'NONE',  ( 11.09266949910870200, -6.145599854453723600, -5.124592937092857300 ) ) ;
#5875 = ORIENTED_EDGE ( 'NONE', *, *, #5008, .T. ) ;
#5876 = CARTESIAN_POINT ( 'NONE',  ( 2.670049974999999500, 5.297002499000000400, 2.648501250000000700 ) ) ;
#5877 = CARTESIAN_POINT ( 'NONE',  ( 10.00000000000000000, 7.310095758606722800, 3.250000000000000400 ) ) ;
#5878 = EDGE_CURVE ( 'NONE', #4754, #5526, #9784, .T. ) ;
#5879 = CARTESIAN_POINT ( 'NONE',  ( 21.00000000000000000, 4.500000000000000900, -1.499999999999999100 ) ) ;
#5880 =( LENGTH_UNIT ( ) NAMED_UNIT ( * ) SI_UNIT ( .MILLI., .METRE. ) );
#5881 = DIRECTION ( 'NONE',  ( 0.0000000000000000000, 0.0000000000000000000, -1.000000000000000000 ) ) ;
#5882 = ORIENTED_EDGE ( 'NONE', *, *, #8166, .T. ) ;
#5883 = APPROVAL_PERSON_ORGANIZATION ( #6867, #10136, #6209 ) ;
#5884 = CIRCLE ( 'NONE', #1969, 3.000000000000000900 ) ;
#5885 = PLANE ( 'NONE',  #6074 ) ;
#5886 = ORIENTED_EDGE ( 'NONE', *, *, #1248, .F. ) ;
#5887 = AXIS2_PLACEMENT_3D ( 'NONE', #5998, #4338, #9022 ) ;
#5888 = ADVANCED_FACE ( 'NONE', ( #3817 ), #7034, .F. ) ;
#5889 = DIRECTION ( 'NONE',  ( -1.000000000000000000, 0.0000000000000000000, 0.0000000000000000000 ) ) ;
#5890 = DIRECTION ( 'NONE',  ( 1.000000000000000000, -0.0000000000000000000, 0.0000000000000000000 ) ) ;
#5891 = CONICAL_SURFACE ( 'NONE', #8794, 1664.279483014394800, 1.029744258852757200 ) ;
#5892 = EDGE_CURVE ( 'NONE', #3827, #8329, #9648, .T. ) ;
#5893 = ORIENTED_EDGE ( 'NONE', *, *, #9428, .F. ) ;
#5894 = DIRECTION ( 'NONE',  ( -3.552713678800500900E-015, 1.000000000000000000, -4.130293990420969400E-017 ) ) ;
#5895 = VERTEX_POINT ( 'NONE', #9551 ) ;
#5896 = CALENDAR_DATE ( 2023, 10, 1 ) ;
#5897 = DIRECTION ( 'NONE',  ( 0.7071067811865476800, 8.659560562354931600E-017, 0.7071067811865474600 ) ) ;
#5898 = LINE ( 'NONE', #7036, #4277 ) ;
#5899 = DIRECTION ( 'NONE',  ( -1.000000000000000000, 3.552713678800500900E-015, 0.0000000000000000000 ) ) ;
#5900 = DIRECTION ( 'NONE',  ( 0.0000000000000000000, 0.0000000000000000000, -1.000000000000000000 ) ) ;
#5901 = EDGE_CURVE ( 'NONE', #725, #5982, #4450, .T. ) ;
#5902 = PRODUCT_RELATED_PRODUCT_CATEGORY ( 'detail', '', ( #7508 ) ) ;
#5903 = VERTEX_POINT ( 'NONE', #6412 ) ;
#5904 = DIRECTION ( 'NONE',  ( 0.0000000000000000000, 0.0000000000000000000, -1.000000000000000000 ) ) ;
#5905 = CYLINDRICAL_SURFACE ( 'NONE', #3416, 4.000000000000000000 ) ;
#5906 = ADVANCED_FACE ( 'NONE', ( #7545 ), #9520, .F. ) ;
#5907 = DIRECTION ( 'NONE',  ( -1.000000000000000000, 0.0000000000000000000, 0.0000000000000000000 ) ) ;
#5908 = CARTESIAN_POINT ( 'NONE',  ( 0.0000000000000000000, 0.0000000000000000000, 0.0000000000000000000 ) ) ;
#5909 = FACE_OUTER_BOUND ( 'NONE', #7774, .T. ) ;
#5910 = ORIENTED_EDGE ( 'NONE', *, *, #4875, .F. ) ;
#5911 = ORIENTED_EDGE ( 'NONE', *, *, #4415, .T. ) ;
#5912 = EDGE_CURVE ( 'NONE', #2997, #7290, #6567, .T. ) ;
#5913 = DIRECTION ( 'NONE',  ( -0.0000000000000000000, 0.5000000000933408900, 0.8660254037305483700 ) ) ;
#5914 = DIRECTION ( 'NONE',  ( 1.000000000000000000, 0.0000000000000000000, 0.0000000000000000000 ) ) ;
#5915 = DIRECTION ( 'NONE',  ( 0.0000000000000000000, 0.0000000000000000000, 1.000000000000000000 ) ) ;
#5916 = CC_DESIGN_SECURITY_CLASSIFICATION ( #1652, ( #10271 ) ) ;
#5917 = B_SPLINE_CURVE_WITH_KNOTS ( 'NONE', 3,
 ( #8188, #2584, #5733, #4968, #4931, #5797, #2551, #7365, #3367, #114, #2514, #4203, #8918, #8116, #8045, #971, #3293, #6598, #1752, #6566, #3440, #4167, #4131, #1826, #897, #2619, #9715, #6457, #8151, #6527, #1792, #7248 ),
 .UNSPECIFIED., .F., .F.,
 ( 4, 2, 2, 2, 2, 2, 2, 2, 2, 2, 2, 2, 2, 2, 2, 4 ),
 ( 0.005136826523884060000, 0.005737635692750092100, 0.006338444861616124300, 0.006939254030482157300, 0.007540063199348189500, 0.008140872368214219900, 0.008741681537080252900, 0.009943299874812315500, 0.01054410904367834900, 0.01114491821254438200, 0.01174572738141041500, 0.01234653655027644600, 0.01294734571914247700, 0.01354815488800851000, 0.01414896405687454300, 0.01474977322574057500 ),
 .UNSPECIFIED. ) ;
#5918 = DIRECTION ( 'NONE',  ( 0.0000000000000000000, 1.000000000000000000, 0.0000000000000000000 ) ) ;
#5919 = CARTESIAN_POINT ( 'NONE',  ( 18.05442518520083400, -10.72556437825002500, 10.00000000000000200 ) ) ;
#5920 = ADVANCED_FACE ( 'NONE', ( #1106, #8780, #8035 ), #8417, .T. ) ;
#5921 = CONICAL_SURFACE ( 'NONE', #8443, 21.00000000000000000, 0.7853981633974400600 ) ;
#5922 = ORIENTED_EDGE ( 'NONE', *, *, #7430, .T. ) ;
#5923 = DIRECTION ( 'NONE',  ( -1.000000000000000000, 0.0000000000000000000, 0.0000000000000000000 ) ) ;
#5924 = PLANE ( 'NONE',  #5746 ) ;
#5925 = ORIENTED_EDGE ( 'NONE', *, *, #86, .T. ) ;
#5926 = AXIS2_PLACEMENT_3D ( 'NONE', #1175, #6048, #7671 ) ;
#5927 = EDGE_CURVE ( 'NONE', #3743, #8652, #244, .T. ) ;
#5928 = FACE_OUTER_BOUND ( 'NONE', #9264, .T. ) ;
#5929 = CARTESIAN_POINT ( 'NONE',  ( 1.750000000000000000, -1.500000000000000000, -0.8660254040000001700 ) ) ;
#5930 = ORIENTED_EDGE ( 'NONE', *, *, #1850, .T. ) ;
#5931 = AXIS2_PLACEMENT_3D ( 'NONE', #5947, #1266, #2073 ) ;
#5932 = ORIENTED_EDGE ( 'NONE', *, *, #1976, .T. ) ;
#5933 = CARTESIAN_POINT ( 'NONE',  ( -1.300000000000000300, 0.0000000000000000000, 8.096295448999999400 ) ) ;
#5934 = ADVANCED_FACE ( 'NONE', ( #5321 ), #6313, .F. ) ;
#5935 = ORIENTED_EDGE ( 'NONE', *, *, #5927, .T. ) ;
#5936 = CARTESIAN_POINT ( 'NONE',  ( 10.00000000000000000, 4.500000000000000900, -6.614378277999998400 ) ) ;
#5937 = EDGE_CURVE ( 'NONE', #5903, #7446, #7784, .T. ) ;
#5938 = CARTESIAN_POINT ( 'NONE',  ( 0.0000000000000000000, 0.0000000000000000000, 19.50000000000000000 ) ) ;
#5940 = CARTESIAN_POINT ( 'NONE',  ( 11.01186093018838200, -6.038436521268709900, -5.249730531372807500 ) ) ;
#5939 = VECTOR ( 'NONE', #5442, 1000.000000000000000 ) ;
#5941 = AXIS2_PLACEMENT_3D ( 'NONE', #5397, #7051, #2306 ) ;
#5942 = VERTEX_POINT ( 'NONE', #6378 ) ;
#5943 = FACE_OUTER_BOUND ( 'NONE', #5503, .T. ) ;
#5944 = AXIS2_PLACEMENT_3D ( 'NONE', #9739, #9844, #172 ) ;
#5945 = CARTESIAN_POINT ( 'NONE',  ( -16.93888008808908200, -12.86106751468011700, -0.2680953432461303800 ) ) ;
#5946 =( NAMED_UNIT ( * ) PLANE_ANGLE_UNIT ( ) SI_UNIT ( $, .RADIAN. ) );
#5947 = CARTESIAN_POINT ( 'NONE',  ( 20.35052578200000200, -5.182287178999999400, 6.000000000000000000 ) ) ;
#5948 = CARTESIAN_POINT ( 'NONE',  ( 12.50000000000000000, 1.530808498934191500E-015, 10.00000000000000000 ) ) ;
#5949 = FACE_OUTER_BOUND ( 'NONE', #2706, .T. ) ;
#5950 = DIRECTION ( 'NONE',  ( -1.000000000000000000, 0.0000000000000000000, 0.0000000000000000000 ) ) ;
#5951 = CARTESIAN_POINT ( 'NONE',  ( 7.969340740000000700, 4.500000000000000900, -1.499999999999999100 ) ) ;
#5952 = ORIENTED_EDGE ( 'NONE', *, *, #7096, .T. ) ;
#5953 = DIRECTION ( 'NONE',  ( 0.0000000000000000000, -1.084202172485504400E-016, -1.000000000000000000 ) ) ;
#5954 = ADVANCED_FACE ( 'NONE', ( #2342, #6061 ), #883, .T. ) ;
#5955 = CARTESIAN_POINT ( 'NONE',  ( 12.50000000000000000, 0.6000000000000000900, 7.977468270035824800 ) ) ;
#5956 = AXIS2_PLACEMENT_3D ( 'NONE', #2559, #3300, #8087 ) ;
#5957 = VECTOR ( 'NONE', #9713, 1000.000000000000000 ) ;
#5958 = DIRECTION ( 'NONE',  ( -0.0000000000000000000, -0.0000000000000000000, 1.000000000000000000 ) ) ;
#5959 = ORIENTED_EDGE ( 'NONE', *, *, #5845, .F. ) ;
#5960 = EDGE_CURVE ( 'NONE', #3481, #9593, #9909, .T. ) ;
#5961 = ORIENTED_EDGE ( 'NONE', *, *, #204, .F. ) ;
#5962 = ADVANCED_FACE ( 'NONE', ( #10024 ), #1603, .T. ) ;
#5963 = CARTESIAN_POINT ( 'NONE',  ( 1.250000000000000000, 0.0000000000000000000, 31.00000000000000000 ) ) ;
#5964 = FACE_OUTER_BOUND ( 'NONE', #8338, .T. ) ;
#5965 = ORIENTED_EDGE ( 'NONE', *, *, #5140, .T. ) ;
#5966 = EDGE_CURVE ( 'NONE', #8929, #1090, #7913, .T. ) ;
#5967 = EDGE_LOOP ( 'NONE', ( #2054, #261, #2585, #3353, #1677 ) ) ;
#5968 = CARTESIAN_POINT ( 'NONE',  ( 12.50000000000000000, -0.6000000000000000900, -5.202200245000000200 ) ) ;
#5969 = CC_DESIGN_APPROVAL ( #3513, ( #459 ) ) ;
#5970 = DIRECTION ( 'NONE',  ( -0.0000000000000000000, -0.0000000000000000000, 1.000000000000000000 ) ) ;
#5971 = EDGE_LOOP ( 'NONE', ( #6681, #2335 ) ) ;
#5972 = VECTOR ( 'NONE', #8930, 1000.000000000000000 ) ;
#5973 = COORDINATED_UNIVERSAL_TIME_OFFSET ( 8, 0, .AHEAD. ) ;
#5974 = VERTEX_POINT ( 'NONE', #1632 ) ;
#5975 = CARTESIAN_POINT ( 'NONE',  ( 11.00000000000000000, 0.0000000000000000000, 12.00000000000000000 ) ) ;
#5976 = PERSON_AND_ORGANIZATION_ROLE ( 'design_owner' ) ;
#5977 = CIRCLE ( 'NONE', #527, 3.000000000000000900 ) ;
#5978 = DIRECTION ( 'NONE',  ( 0.0000000000000000000, 0.0000000000000000000, -1.000000000000000000 ) ) ;
#5979 = VERTEX_POINT ( 'NONE', #2460 ) ;
#5980 = DIRECTION ( 'NONE',  ( 0.0000000000000000000, 0.0000000000000000000, -1.000000000000000000 ) ) ;
#5981 = DIRECTION ( 'NONE',  ( 0.0000000000000000000, 0.0000000000000000000, 1.000000000000000000 ) ) ;
#5982 = VERTEX_POINT ( 'NONE', #3245 ) ;
#5983 = AXIS2_PLACEMENT_3D ( 'NONE', #3891, #10194, #2238 ) ;
#5984 = EDGE_CURVE ( 'NONE', #6540, #1917, #3192, .T. ) ;
#5985 = LOCAL_TIME ( 15, 11, 14.00000000000000000, #8085 ) ;
#5986 = ORIENTED_EDGE ( 'NONE', *, *, #8323, .T. ) ;
#5987 = FACE_OUTER_BOUND ( 'NONE', #6933, .T. ) ;
#5988 = DIRECTION ( 'NONE',  ( -0.0000000000000000000, -0.0000000000000000000, 1.000000000000000000 ) ) ;
#5989 = ORIENTED_EDGE ( 'NONE', *, *, #8830, .F. ) ;
#5990 = CARTESIAN_POINT ( 'NONE',  ( 7.994944167831280700, 5.476314503903408200, -5.838729500155031900 ) ) ;
#5991 = DIRECTION ( 'NONE',  ( 0.0000000000000000000, 0.0000000000000000000, 1.000000000000000000 ) ) ;
#5992 = VERTEX_POINT ( 'NONE', #4047 ) ;
#5993 = COORDINATED_UNIVERSAL_TIME_OFFSET ( 8, 0, .AHEAD. ) ;
#5994 = LINE ( 'NONE', #2828, #1791 ) ;
#5995 = EDGE_CURVE ( 'NONE', #10071, #297, #9038, .T. ) ;
#5996 = AXIS2_PLACEMENT_3D ( 'NONE', #2888, #5181, #3675 ) ;
#5997 = ORIENTED_EDGE ( 'NONE', *, *, #3199, .F. ) ;
#5998 = CARTESIAN_POINT ( 'NONE',  ( 17.67696888200000400, -10.99751941100000100, -0.03397028300000000400 ) ) ;
#5999 = AXIS2_PLACEMENT_3D ( 'NONE', #3165, #10201, #2448 ) ;
#6000 = ORIENTED_EDGE ( 'NONE', *, *, #4295, .F. ) ;
#6001 = DIRECTION ( 'NONE',  ( 0.0000000000000000000, 0.0000000000000000000, -1.000000000000000000 ) ) ;
#6002 = ORIENTED_EDGE ( 'NONE', *, *, #7157, .T. ) ;
#6003 = ADVANCED_FACE ( 'NONE', ( #4574 ), #5686, .F. ) ;
#6004 = VERTEX_POINT ( 'NONE', #9771 ) ;
#6005 = PERSON_AND_ORGANIZATION ( #9162, #4154 ) ;
#6006 = CIRCLE ( 'NONE', #4285, 1.599999999999999900 ) ;
#6007 = ORIENTED_EDGE ( 'NONE', *, *, #9650, .T. ) ;
#6008 = EDGE_CURVE ( 'NONE', #6519, #2747, #8291, .T. ) ;
#6009 = DIRECTION ( 'NONE',  ( 0.0000000000000000000, 0.0000000000000000000, -1.000000000000000000 ) ) ;
#6010 = AXIS2_PLACEMENT_3D ( 'NONE', #2326, #785, #747 ) ;
#6011 = DIRECTION ( 'NONE',  ( 0.0000000000000000000, 0.0000000000000000000, 1.000000000000000000 ) ) ;
#6012 = FACE_BOUND ( 'NONE', #3311, .T. ) ;
#6013 = ORIENTED_EDGE ( 'NONE', *, *, #6376, .F. ) ;
#6014 = ADVANCED_FACE ( 'NONE', ( #2962 ), #3948, .F. ) ;
#6015 = CARTESIAN_POINT ( 'NONE',  ( -9.888301782999999300, -16.62983158500000200, -20.00000000000000000 ) ) ;
#6016 = DESIGN_CONTEXT ( 'detailed design', #4584, 'design' ) ;
#6017 = ORIENTED_EDGE ( 'NONE', *, *, #2011, .F. ) ;
#6018 = DIRECTION ( 'NONE',  ( 0.0000000000000000000, -9.912705577010318600E-016, 1.000000000000000000 ) ) ;
#6019 = CIRCLE ( 'NONE', #2029, 21.00000000000000000 ) ;
#6020 = DIRECTION ( 'NONE',  ( 0.0000000000000000000, -1.000000000000000000, 0.0000000000000000000 ) ) ;
#6021 = EDGE_CURVE ( 'NONE', #4115, #1655, #5076, .T. ) ;
#6022 = CARTESIAN_POINT ( 'NONE',  ( 0.0000000000000000000, 0.0000000000000000000, 4.500000000000000900 ) ) ;
#6023 = DIRECTION ( 'NONE',  ( 1.000000000000000000, 0.0000000000000000000, 0.0000000000000000000 ) ) ;
#6024 = LINE ( 'NONE', #8258, #5034 ) ;
#6025 = VERTEX_POINT ( 'NONE', #4264 ) ;
#6026 = CARTESIAN_POINT ( 'NONE',  ( 1.000000001237808500, 0.0000000000000000000, 1.178085123999999700 ) ) ;
#6027 = DIRECTION ( 'NONE',  ( -1.000000000000000000, 0.0000000000000000000, 0.0000000000000000000 ) ) ;
#6028 = ORIENTED_EDGE ( 'NONE', *, *, #8924, .T. ) ;
#6029 = EDGE_CURVE ( 'NONE', #4096, #4252, #2220, .T. ) ;
#6030 = CC_DESIGN_PERSON_AND_ORGANIZATION_ASSIGNMENT ( #7375, #2298, ( #1868 ) ) ;
#6031 = CARTESIAN_POINT ( 'NONE',  ( 3.000000000000000000, 1.499999999485099900, 0.8660254034273998600 ) ) ;
#6032 = LINE ( 'NONE', #2467, #8510 ) ;
#6033 = VERTEX_POINT ( 'NONE', #321 ) ;
#6034 = CYLINDRICAL_SURFACE ( 'NONE', #8249, 1.000000000000000000 ) ;
#6035 = DIRECTION ( 'NONE',  ( -0.0000000000000000000, -0.0000000000000000000, 1.000000000000000000 ) ) ;
#6036 = CARTESIAN_POINT ( 'NONE',  ( -17.50000000000000000, 0.0000000000000000000, 0.0000000000000000000 ) ) ;
#6037 = FACE_OUTER_BOUND ( 'NONE', #8211, .T. ) ;
#6038 = EDGE_CURVE ( 'NONE', #437, #2070, #4066, .T. ) ;
#6039 = VERTEX_POINT ( 'NONE', #2714 ) ;
#6040 = AXIS2_PLACEMENT_3D ( 'NONE', #1133, #4321, #1020 ) ;
#6041 = APPLICATION_CONTEXT ( 'configuration controlled 3d designs of mechanical parts and assemblies' ) ;
#6042 = CC_DESIGN_DATE_AND_TIME_ASSIGNMENT ( #732, #3473, ( #7448 ) ) ;
#6043 = DIRECTION ( 'NONE',  ( -1.000000000000000000, 0.0000000000000000000, 0.0000000000000000000 ) ) ;
#6044 = ORIENTED_EDGE ( 'NONE', *, *, #5828, .T. ) ;
#6045 = DIRECTION ( 'NONE',  ( -0.9238795325793935900, 0.3826834322006654200, 0.0000000000000000000 ) ) ;
#6046 = ORIENTED_EDGE ( 'NONE', *, *, #8659, .F. ) ;
#6047 = CYLINDRICAL_SURFACE ( 'NONE', #1633, 4.000000000000000000 ) ;
#6048 = DIRECTION ( 'NONE',  ( 0.0000000000000000000, 0.0000000000000000000, -1.000000000000000000 ) ) ;
#6049 = VERTEX_POINT ( 'NONE', #9702 ) ;
#6050 = ORIENTED_EDGE ( 'NONE', *, *, #9398, .F. ) ;
#6051 = CIRCLE ( 'NONE', #8318, 3.000000000000000900 ) ;
#6052 = ADVANCED_FACE ( 'NONE', ( #4813 ), #996, .F. ) ;
#6053 = VERTEX_POINT ( 'NONE', #7454 ) ;
#6054 = VECTOR ( 'NONE', #2770, 1000.000000000000000 ) ;
#6055 = CARTESIAN_POINT ( 'NONE',  ( 2.153584602315739000E-009, 21.00000000000000000, 0.0000000000000000000 ) ) ;
#6056 = AXIS2_PLACEMENT_3D ( 'NONE', #440, #3527, #5981 ) ;
#6057 = EDGE_CURVE ( 'NONE', #1512, #9952, #831, .T. ) ;
#6058 = CARTESIAN_POINT ( 'NONE',  ( -15.85000000000000300, 0.0000000000000000000, 0.0000000000000000000 ) ) ;
#6059 = DIRECTION ( 'NONE',  ( -1.000000000000000000, 0.0000000000000000000, 0.0000000000000000000 ) ) ;
#6060 = AXIS2_PLACEMENT_3D ( 'NONE', #4744, #9590, #3316 ) ;
#6061 = FACE_OUTER_BOUND ( 'NONE', #7626, .T. ) ;
#6062 = DIRECTION ( 'NONE',  ( 0.0000000000000000000, 0.0000000000000000000, 1.000000000000000000 ) ) ;
#6063 = ADVANCED_FACE ( 'NONE', ( #6183 ), #235, .T. ) ;
#6064 = EDGE_LOOP ( 'NONE', ( #2990, #1844, #9352, #2499 ) ) ;
#6065 = CIRCLE ( 'NONE', #3731, 3.000000000000000900 ) ;
#6066 = CARTESIAN_POINT ( 'NONE',  ( 8.096000000000000100, -8.096000000000000100, 10.00000000000000000 ) ) ;
#6067 = EDGE_CURVE ( 'NONE', #2028, #6786, #10140, .T. ) ;
#6068 = DIRECTION ( 'NONE',  ( 0.0000000000000000000, 0.0000000000000000000, -1.000000000000000000 ) ) ;
#6069 = CARTESIAN_POINT ( 'NONE',  ( -9.300000000000000700, 0.0000000000000000000, 0.2000000000000000100 ) ) ;
#6070 = AXIS2_PLACEMENT_3D ( 'NONE', #117, #227, #8048 ) ;
#6071 = VECTOR ( 'NONE', #9951, 1000.000000000000000 ) ;
#6072 = ORIENTED_EDGE ( 'NONE', *, *, #9677, .F. ) ;
#6073 = DIRECTION ( 'NONE',  ( 0.0000000000000000000, 0.0000000000000000000, -1.000000000000000000 ) ) ;
#6074 = AXIS2_PLACEMENT_3D ( 'NONE', #3655, #1034, #954 ) ;
#6075 =( NAMED_UNIT ( * ) PLANE_ANGLE_UNIT ( ) SI_UNIT ( $, .RADIAN. ) );
#6076 = CARTESIAN_POINT ( 'NONE',  ( -17.67944947265668200, 13.00000000000000200, -0.9445422293612804100 ) ) ;
#6077 = DIRECTION ( 'NONE',  ( 1.000000000000000000, -0.0000000000000000000, 0.0000000000000000000 ) ) ;
#6078 = ORIENTED_EDGE ( 'NONE', *, *, #5140, .F. ) ;
#6079 = CARTESIAN_POINT ( 'NONE',  ( 12.74405737988496100, 16.69098563591137100, 4.250000000000000000 ) ) ;
#6080 = LINE ( 'NONE', #5124, #502 ) ;
#6081 = LOCAL_TIME ( 15, 11, 14.00000000000000000, #3601 ) ;
#6082 = ORIENTED_EDGE ( 'NONE', *, *, #8921, .T. ) ;
#6083 = CARTESIAN_POINT ( 'NONE',  ( -3.499999999999999600, -0.5000000000000000000, 7.549834434884593800 ) ) ;
#6084 = EDGE_CURVE ( 'NONE', #5453, #7455, #4801, .T. ) ;
#6085 = DIRECTION ( 'NONE',  ( -1.473925977847374000E-030, -9.912705577010326500E-016, 1.000000000000000000 ) ) ;
#6086 = EDGE_LOOP ( 'NONE', ( #4262, #5356, #8174, #5997, #1066, #3516 ) ) ;
#6087 = CC_DESIGN_PERSON_AND_ORGANIZATION_ASSIGNMENT ( #10098, #7596, ( #7674 ) ) ;
#6088 = AXIS2_PLACEMENT_3D ( 'NONE', #1762, #2443, #3225 ) ;
#6089 = CARTESIAN_POINT ( 'NONE',  ( -7.247121365071286900, 21.00000000000000400, -1.209262675416897600 ) ) ;
#6090 = CARTESIAN_POINT ( 'NONE',  ( -6.888301783000001100, -16.62983158500000200, 10.00000000000000000 ) ) ;
#6091 = VECTOR ( 'NONE', #9100, 1000.000000000000000 ) ;
#6092 = CARTESIAN_POINT ( 'NONE',  ( -1.459366800734955600, 3.725141062016241700, 16.60207146559025700 ) ) ;
#6093 = CALENDAR_DATE ( 2023, 10, 1 ) ;
#6094 = ORIENTED_EDGE ( 'NONE', *, *, #3479, .F. ) ;
#6095 = LINE ( 'NONE', #6851, #1895 ) ;
#6096 = ORIENTED_EDGE ( 'NONE', *, *, #8954, .F. ) ;
#6097 = CARTESIAN_POINT ( 'NONE',  ( 3.888301783000000200, 16.62983158500000200, -20.00000000000000000 ) ) ;
#6098 = DIRECTION ( 'NONE',  ( 0.0000000000000000000, 1.000000000000000000, -2.168404344971008900E-016 ) ) ;
#6099 = ORIENTED_EDGE ( 'NONE', *, *, #10106, .F. ) ;
#6100 = EDGE_CURVE ( 'NONE', #4930, #1861, #2100, .T. ) ;
#6101 = COORDINATED_UNIVERSAL_TIME_OFFSET ( 8, 0, .AHEAD. ) ;
#6102 = CARTESIAN_POINT ( 'NONE',  ( 12.99751940930323200, 20.99999999933914200, -3.696872489597906200 ) ) ;
#6103 = ORIENTED_EDGE ( 'NONE', *, *, #1185, .F. ) ;
#6104 = APPROVAL ( #7138, 'UNKNOWN' ) ;
#6105 = LINE ( 'NONE', #5290, #1019 ) ;
#6106 = CARTESIAN_POINT ( 'NONE',  ( 0.0000000000000000000, 0.0000000000000000000, 0.0000000000000000000 ) ) ;
#6107 = VERTEX_POINT ( 'NONE', #9663 ) ;
#6108 = ORIENTED_EDGE ( 'NONE', *, *, #6402, .T. ) ;
#6109 = DIRECTION ( 'NONE',  ( 0.0000000000000000000, 0.0000000000000000000, -1.000000000000000000 ) ) ;
#6110 = CARTESIAN_POINT ( 'NONE',  ( 21.00000000000000000, 1.956602898296059000, -0.09095291666472203600 ) ) ;
#6111 = PERSON_AND_ORGANIZATION_ROLE ( 'creator' ) ;
#6112 = DIRECTION ( 'NONE',  ( 0.0000000000000000000, 1.000000000000000000, -4.130293990420969400E-017 ) ) ;
#6113 = CARTESIAN_POINT ( 'NONE',  ( 21.00000000000000400, -6.202182465941371300, -0.8906770492876307000 ) ) ;
#6114 = ORIENTED_EDGE ( 'NONE', *, *, #9846, .F. ) ;
#6115 = DATE_AND_TIME ( #7349, #9440 ) ;
#6116 = CIRCLE ( 'NONE', #9958, 1.649999999999998600 ) ;
#6117 = ADVANCED_FACE ( 'NONE', ( #589 ), #7656, .T. ) ;
#6118 = DIRECTION ( 'NONE',  ( 0.0000000000000000000, -1.000000000000000000, 0.0000000000000000000 ) ) ;
#6119 = VERTEX_POINT ( 'NONE', #8102 ) ;
#6120 = AXIS2_PLACEMENT_3D ( 'NONE', #1902, #5048, #8228 ) ;
#6121 = EDGE_CURVE ( 'NONE', #2719, #5674, #5553, .T. ) ;
#6122 = CARTESIAN_POINT ( 'NONE',  ( 12.99751941100000100, -17.67696888200000400, -7.928360352999999500 ) ) ;
#6123 = VERTEX_POINT ( 'NONE', #4117 ) ;
#6124 = COORDINATED_UNIVERSAL_TIME_OFFSET ( 8, 0, .AHEAD. ) ;
#6125 = AXIS2_PLACEMENT_3D ( 'NONE', #8748, #3896, #3964 ) ;
#6126 = CARTESIAN_POINT ( 'NONE',  ( 6.499999997999999800, 0.0000000000000000000, 0.0000000000000000000 ) ) ;
#6127 = FACE_OUTER_BOUND ( 'NONE', #8804, .T. ) ;
#6128 = CARTESIAN_POINT ( 'NONE',  ( -4.000000000000000000, 0.0000000000000000000, 31.00000000000000000 ) ) ;
#6129 = ORIENTED_EDGE ( 'NONE', *, *, #328, .F. ) ;
#6130 = CARTESIAN_POINT ( 'NONE',  ( 0.0000000000000000000, 0.0000000000000000000, 0.0000000000000000000 ) ) ;
#6131 = CARTESIAN_POINT ( 'NONE',  ( 0.1985545553216656600, 3.996253239199563500, 15.50990990410091400 ) ) ;
#6132 = DIRECTION ( 'NONE',  ( 0.0000000000000000000, 0.0000000000000000000, -1.000000000000000000 ) ) ;
#6133 = ORIENTED_EDGE ( 'NONE', *, *, #5173, .T. ) ;
#6134 = AXIS2_PLACEMENT_3D ( 'NONE', #6239, #9807, #8060 ) ;
#6135 = EDGE_LOOP ( 'NONE', ( #3995, #9402 ) ) ;
#6136 = DATE_AND_TIME ( #4766, #9239 ) ;
#6137 = CARTESIAN_POINT ( 'NONE',  ( -11.00000000000000000, -17.67696888200000400, -0.03548225900000000200 ) ) ;
#6138 = VECTOR ( 'NONE', #2394, 1000.000000000000000 ) ;
#6139 = CARTESIAN_POINT ( 'NONE',  ( -20.19711233381188700, -5.755963723832776300, 4.236547789378245300 ) ) ;
#6140 = AXIS2_PLACEMENT_3D ( 'NONE', #9760, #3586, #8238 ) ;
#6141 = DIRECTION ( 'NONE',  ( 0.0000000000000000000, 1.000000000000000000, -3.469446951953614200E-016 ) ) ;
#6142 = CARTESIAN_POINT ( 'NONE',  ( 17.36609300917731600, 12.98131151178499800, -0.6816057075650170400 ) ) ;
#6143 = FACE_BOUND ( 'NONE', #7881, .T. ) ;
#6144 = ORIENTED_EDGE ( 'NONE', *, *, #8439, .T. ) ;
#6145 = CARTESIAN_POINT ( 'NONE',  ( 17.50000000000000000, 0.0000000000000000000, 999.0085799790000500 ) ) ;
#6146 = EDGE_LOOP ( 'NONE', ( #5755, #8789 ) ) ;
#6147 = CARTESIAN_POINT ( 'NONE',  ( 11.00000000000000000, 1.347111479062088400E-015, -20.00000000000000000 ) ) ;
#6148 = DATE_TIME_ROLE ( 'creation_date' ) ;
#6149 = CARTESIAN_POINT ( 'NONE',  ( 2.874016129999998900, -5.337932253999999200, -2.668966127000000000 ) ) ;
#6150 = DIRECTION ( 'NONE',  ( 0.0000000000000000000, 0.0000000000000000000, -1.000000000000000000 ) ) ;
#6151 = DIRECTION ( 'NONE',  ( 0.0000000000000000000, 0.0000000000000000000, 1.000000000000000000 ) ) ;
#6152 = CARTESIAN_POINT ( 'NONE',  ( -13.00000000000000200, 17.67944947199999800, -15.00000000000000000 ) ) ;
#6154 = FACE_OUTER_BOUND ( 'NONE', #9902, .T. ) ;
#6153 = AXIS2_PLACEMENT_3D ( 'NONE', #4962, #8145, #2615 ) ;
#6155 = ORIENTED_EDGE ( 'NONE', *, *, #4431, .F. ) ;
#6156 = DIRECTION ( 'NONE',  ( -1.000000000000000000, -0.0000000000000000000, -0.0000000000000000000 ) ) ;
#6157 = CIRCLE ( 'NONE', #4388, 2.500000000000000000 ) ;
#6158 = EDGE_CURVE ( 'NONE', #2314, #6766, #4440, .T. ) ;
#6159 = DIRECTION ( 'NONE',  ( 1.000000000000000000, 0.0000000000000000000, 0.0000000000000000000 ) ) ;
#6160 = CARTESIAN_POINT ( 'NONE',  ( 7.629682146712315900, 6.870190266625310300, -4.101691282058327600 ) ) ;
#6161 = LINE ( 'NONE', #4828, #7270 ) ;
#6162 = CARTESIAN_POINT ( 'NONE',  ( 0.0000000000000000000, 21.00000000000000000, -15.00000000647999900 ) ) ;
#6163 = VERTEX_POINT ( 'NONE', #8905 ) ;
#6164 = VERTEX_POINT ( 'NONE', #3500 ) ;
#6165 = DIRECTION ( 'NONE',  ( -0.7071067811865472400, 0.0000000000000000000, -0.7071067811865479100 ) ) ;
#6166 = EDGE_CURVE ( 'NONE', #2088, #5979, #7160, .T. ) ;
#6167 = CC_DESIGN_DATE_AND_TIME_ASSIGNMENT ( #6856, #1537, ( #5633 ) ) ;
#6168 = ADVANCED_FACE ( 'NONE', ( #8773 ), #7907, .F. ) ;
#6169 = EDGE_LOOP ( 'NONE', ( #2924, #4248, #8068, #4049, #3883 ) ) ;
#6170 = CYLINDRICAL_SURFACE ( 'NONE', #5944, 3.000000000000000900 ) ;
#6171 = ORIENTED_EDGE ( 'NONE', *, *, #4759, .T. ) ;
#6172 = CARTESIAN_POINT ( 'NONE',  ( 8.907190808787742500, 21.00000000000001100, -1.717676762140535800 ) ) ;
#6173 = CARTESIAN_POINT ( 'NONE',  ( 16.93639759237216700, 12.86354718089554100, -0.2676179065509720600 ) ) ;
#6174 = EDGE_LOOP ( 'NONE', ( #309, #8239, #1451, #7880 ) ) ;
#6175 = CIRCLE ( 'NONE', #4211, 10.50000000000000000 ) ;
#6176 = CARTESIAN_POINT ( 'NONE',  ( -4.000000000000000000, 0.0000000000000000000, 13.49999999999999800 ) ) ;
#6177 = AXIS2_PLACEMENT_3D ( 'NONE', #87, #4944, #7258 ) ;
#6178 = APPLICATION_PROTOCOL_DEFINITION ( 'international standard', 'config_control_design', 1994, #7762 ) ;
#6179 = EDGE_CURVE ( 'NONE', #64, #6468, #1593, .T. ) ;
#6180 = CC_DESIGN_DATE_AND_TIME_ASSIGNMENT ( #513, #4229, ( #9765 ) ) ;
#6181 = VERTEX_POINT ( 'NONE', #3633 ) ;
#6182 = CARTESIAN_POINT ( 'NONE',  ( 11.86445087485177100, -7.435355355910893100, 2.960126268224077400 ) ) ;
#6183 = FACE_OUTER_BOUND ( 'NONE', #2597, .T. ) ;
#6184 = CARTESIAN_POINT ( 'NONE',  ( 16.76810323750000000, -10.19275237700000000, 6.000000000000000000 ) ) ;
#6185 = CARTESIAN_POINT ( 'NONE',  ( 0.0000000000000000000, 17.50000000000000000, 10.00000000000000000 ) ) ;
#6186 = ORIENTED_EDGE ( 'NONE', *, *, #6641, .T. ) ;
#6187 = CONICAL_SURFACE ( 'NONE', #7254, 1664.279481872890500, 1.029744258549957000 ) ;
#6188 = DIRECTION ( 'NONE',  ( 0.0000000000000000000, 0.0000000000000000000, 1.000000000000000000 ) ) ;
#6189 = FACE_OUTER_BOUND ( 'NONE', #3982, .T. ) ;
#6190 = CARTESIAN_POINT ( 'NONE',  ( 8.962076780997955800, 7.653197439992571700, -2.330685126619646200 ) ) ;
#6191 = EDGE_CURVE ( 'NONE', #9660, #9963, #2594, .T. ) ;
#6192 = ORIENTED_EDGE ( 'NONE', *, *, #164, .T. ) ;
#6193 = CARTESIAN_POINT ( 'NONE',  ( 15.50000000000000000, -15.50000000000000000, -20.00000000000000000 ) ) ;
#6194 = DIRECTION ( 'NONE',  ( -0.0000000000000000000, 0.0000000000000000000, -1.000000000000000000 ) ) ;
#6195 = VECTOR ( 'NONE', #1256, 1000.000000000000100 ) ;
#6196 = ORIENTED_EDGE ( 'NONE', *, *, #2837, .F. ) ;
#6197 = B_SPLINE_CURVE_WITH_KNOTS ( 'NONE', 3,
 ( #7820, #1490, #7028, #8621, #2251, #3867, #3038, #8687, #1527, #738, #1560, #711, #8585, #3833, #3902, #7094, #3137, #5543, #3943, #5469, #9377, #10210 ),
 .UNSPECIFIED., .F., .F.,
 ( 4, 2, 2, 2, 2, 2, 2, 2, 2, 2, 4 ),
 ( 0.004364608525553594400, 0.004636518164691292800, 0.004908427803828990300, 0.005452247082104391300, 0.005996066360379793300, 0.006539885638655194300, 0.007083704916930595400, 0.007627524195205995600, 0.007899433834343695700, 0.008171343473481395800, 0.008715162751756796000 ),
 .UNSPECIFIED. ) ;
#6198 = DIRECTION ( 'NONE',  ( -1.000000000000000000, 0.0000000000000000000, 0.0000000000000000000 ) ) ;
#6199 = EDGE_CURVE ( 'NONE', #1295, #8574, #6679, .T. ) ;
#6200 = CARTESIAN_POINT ( 'NONE',  ( 1.300000000000000300, 0.0000000000000000000, 8.396295449000000100 ) ) ;
#6201 = DIRECTION ( 'NONE',  ( -0.0000000000000000000, -0.0000000000000000000, -1.000000000000000000 ) ) ;
#6202 = AXIS2_PLACEMENT_3D ( 'NONE', #8062, #132, #2490 ) ;
#6203 = EDGE_LOOP ( 'NONE', ( #5875, #8624, #3850, #2968 ) ) ;
#6204 = CARTESIAN_POINT ( 'NONE',  ( 8.763440902473329100, 6.775394973675850500, 4.257363312047052000 ) ) ;
#6205 = FACE_OUTER_BOUND ( 'NONE', #6667, .T. ) ;
#6206 = DATE_AND_TIME ( #4970, #7323 ) ;
#6207 = EDGE_LOOP ( 'NONE', ( #3477, #8601, #9882, #3269 ) ) ;
#6208 = CARTESIAN_POINT ( 'NONE',  ( 0.0000000000000000000, 0.0000000000000000000, 13.50000000000000000 ) ) ;
#6209 = APPROVAL_ROLE ( '' ) ;
#6210 = CARTESIAN_POINT ( 'NONE',  ( 0.0000000000000000000, -2.065146995210484700E-016, 0.0000000000000000000 ) ) ;
#6211 = ORIENTED_EDGE ( 'NONE', *, *, #4343, .T. ) ;
#6212 = CARTESIAN_POINT ( 'NONE',  ( -18.22983158499999900, 6.888301783000001100, 8.500000000000000000 ) ) ;
#6213 = EDGE_CURVE ( 'NONE', #2745, #6912, #4196, .T. ) ;
#6214 = ADVANCED_FACE ( 'NONE', ( #8159 ), #6805, .F. ) ;
#6215 = DIRECTION ( 'NONE',  ( 0.0000000000000000000, 0.0000000000000000000, 1.000000000000000000 ) ) ;
#6216 = PLANE ( 'NONE',  #6792 ) ;
#6217 = EDGE_LOOP ( 'NONE', ( #2913, #7910 ) ) ;
#6218 = FACE_OUTER_BOUND ( 'NONE', #2322, .T. ) ;
#6219 = PERSON_AND_ORGANIZATION ( #3375, #752 ) ;
#6220 = ORIENTED_EDGE ( 'NONE', *, *, #9280, .T. ) ;
#6221 = FACE_OUTER_BOUND ( 'NONE', #1006, .T. ) ;
#6222 = EDGE_CURVE ( 'NONE', #4921, #864, #2452, .T. ) ;
#6223 = ORIENTED_EDGE ( 'NONE', *, *, #7041, .F. ) ;
#6224 = CARTESIAN_POINT ( 'NONE',  ( 3.000000000231520100, 0.0000000000000000000, 2.349999999662562900 ) ) ;
#6225 = CARTESIAN_POINT ( 'NONE',  ( 0.0000000000000000000, 0.0000000000000000000, 10.00000000000000000 ) ) ;
#6226 = AXIS2_PLACEMENT_3D ( 'NONE', #5118, #3552, #9091 ) ;
#6227 = DIRECTION ( 'NONE',  ( 1.000000000000000000, 0.0000000000000000000, -2.220446049250313100E-014 ) ) ;
#6228 = ORIENTED_EDGE ( 'NONE', *, *, #5173, .F. ) ;
#6229 = CARTESIAN_POINT ( 'NONE',  ( 20.39407383246473100, 5.014903087549079400, 4.466908604577546300 ) ) ;
#6230 = CARTESIAN_POINT ( 'NONE',  ( 0.3925874314038519900, 3.981876312990613200, 15.54890816484990900 ) ) ;
#6231 = PERSON_AND_ORGANIZATION ( #9162, #4154 ) ;
#6232 = EDGE_LOOP ( 'NONE', ( #8386, #9319, #3310, #1888, #9263, #5720 ) ) ;
#6233 = CIRCLE ( 'NONE', #9037, 3.000000000000000900 ) ;
#6234 = CARTESIAN_POINT ( 'NONE',  ( 16.97056274823857100, -21.00000000000000000, -15.00000000323999800 ) ) ;
#6235 = CARTESIAN_POINT ( 'NONE',  ( 4.500000000000000900, -1.000000000000000000, 5.039138622000000300 ) ) ;
#6236 = VERTEX_POINT ( 'NONE', #2815 ) ;
#6237 = EDGE_CURVE ( 'NONE', #694, #4846, #821, .T. ) ;
#6238 = AXIS2_PLACEMENT_3D ( 'NONE', #3584, #6077, #2897 ) ;
#6239 = CARTESIAN_POINT ( 'NONE',  ( 10.00000000000000000, -4.500000000000000900, 4.500000000000000900 ) ) ;
#6240 = CARTESIAN_POINT ( 'NONE',  ( -15.48178128800000100, 9.659940380000000100, 6.000000000000000000 ) ) ;
#6241 = CARTESIAN_POINT ( 'NONE',  ( 8.488301783000002500, 16.62983158500000200, 8.500000000000000000 ) ) ;
#6242 = ORIENTED_EDGE ( 'NONE', *, *, #6939, .T. ) ;
#6243 = PERSON_AND_ORGANIZATION ( #9162, #4154 ) ;
#6244 = CIRCLE ( 'NONE', #6473, 8.500000000000000000 ) ;
#6245 = CARTESIAN_POINT ( 'NONE',  ( 9.640672312712295500, 7.287992873171548400, 3.299336786845795000 ) ) ;
#6246 = VERTEX_POINT ( 'NONE', #5135 ) ;
#6247 = DIRECTION ( 'NONE',  ( 0.0000000000000000000, 1.000000000000000000, -3.469446951953614200E-016 ) ) ;
#6248 = APPROVAL_STATUS ( 'not_yet_approved' ) ;
#6249 = CARTESIAN_POINT ( 'NONE',  ( 2.294053746061151000, -20.99999999979979700, -3.770943518381641000E-010 ) ) ;
#6250 = CARTESIAN_POINT ( 'NONE',  ( 11.42273596674891500, -7.579374956283615500, 2.561324023949985900 ) ) ;
#6251 = ORIENTED_EDGE ( 'NONE', *, *, #9230, .F. ) ;
#6252 = SHAPE_REPRESENTATION_RELATIONSHIP ( 'NONE' , 'NONE' ,  #8079, #4513 ) ;
#6253 = ORIENTED_EDGE ( 'NONE', *, *, #575, .T. ) ;
#6254 = CARTESIAN_POINT ( 'NONE',  ( -17.67944947199999800, -12.99751941239642300, -15.00000000000000000 ) ) ;
#6255 = ORIENTED_EDGE ( 'NONE', *, *, #2399, .T. ) ;
#6256 = PERSON_AND_ORGANIZATION ( #9162, #4154 ) ;
#6257 = DIRECTION ( 'NONE',  ( 1.355252715606880800E-016, -1.000000000000000000, 0.0000000000000000000 ) ) ;
#6258 = CYLINDRICAL_SURFACE ( 'NONE', #9060, 1.650000000000000100 ) ;
#6259 = AXIS2_PLACEMENT_3D ( 'NONE', #4386, #4419, #2735 ) ;
#6260 = EDGE_CURVE ( 'NONE', #5467, #7190, #3182, .T. ) ;
#6261 = ORIENTED_EDGE ( 'NONE', *, *, #8913, .F. ) ;
#6262 = CARTESIAN_POINT ( 'NONE',  ( 10.00000000000000000, 4.500000000000000900, -6.614378277999998400 ) ) ;
#6263 = DIRECTION ( 'NONE',  ( -0.0000000000000000000, -0.0000000000000000000, -1.000000000000000000 ) ) ;
#6264 = AXIS2_PLACEMENT_3D ( 'NONE', #2896, #8328, #10022 ) ;
#6265 = DIRECTION ( 'NONE',  ( 0.0000000000000000000, 0.0000000000000000000, 1.000000000000000000 ) ) ;
#6266 = FACE_OUTER_BOUND ( 'NONE', #1289, .T. ) ;
#6267 = EDGE_LOOP ( 'NONE', ( #8563, #4432, #4014, #97 ) ) ;
#6268 = CARTESIAN_POINT ( 'NONE',  ( -1.347560975540496500, -1.000000000000000000, 8.392501380077748200 ) ) ;
#6269 = ORIENTED_EDGE ( 'NONE', *, *, #8769, .F. ) ;
#6270 = DIRECTION ( 'NONE',  ( 0.0000000000000000000, 0.0000000000000000000, 1.000000000000000000 ) ) ;
#6271 = VECTOR ( 'NONE', #4739, 1000.000000000000000 ) ;
#6272 = EDGE_CURVE ( 'NONE', #10059, #2665, #4564, .T. ) ;
#6273 = CARTESIAN_POINT ( 'NONE',  ( 0.0000000000000000000, 0.0000000000000000000, 0.0000000000000000000 ) ) ;
#6274 = ADVANCED_FACE ( 'NONE', ( #8530 ), #1281, .F. ) ;
#6275 = AXIS2_PLACEMENT_3D ( 'NONE', #2725, #3197, #5603 ) ;
#6276 = CARTESIAN_POINT ( 'NONE',  ( 3.000000000000000000, 1.500000000000000000, 0.0000000000000000000 ) ) ;
#6277 = VECTOR ( 'NONE', #5897, 1000.000000000000000 ) ;
#6278 = ORIENTED_EDGE ( 'NONE', *, *, #1477, .T. ) ;
#6279 = VERTEX_POINT ( 'NONE', #350 ) ;
#6280 = AXIS2_PLACEMENT_3D ( 'NONE', #9710, #3604, #329 ) ;
#6281 = CARTESIAN_POINT ( 'NONE',  ( 3.833920891004353000, -0.5000000000000000000, 4.293257517760140200 ) ) ;
#6282 = CARTESIAN_POINT ( 'NONE',  ( 10.00000000000000000, -0.5999999999999998700, -3.250000000000000400 ) ) ;
#6283 = DIRECTION ( 'NONE',  ( 0.0000000000000000000, 0.0000000000000000000, -1.000000000000000000 ) ) ;
#6284 = CYLINDRICAL_SURFACE ( 'NONE', #606, 2.000000000000005300 ) ;
#6285 = VERTEX_POINT ( 'NONE', #9176 ) ;
#6286 = DIRECTION ( 'NONE',  ( 0.0000000000000000000, 0.0000000000000000000, -1.000000000000000000 ) ) ;
#6287 = APPROVAL_ROLE ( '' ) ;
#6288 = CIRCLE ( 'NONE', #8100, 21.00000000000000000 ) ;
#6289 = DIRECTION ( 'NONE',  ( 0.0000000000000000000, -1.000000000000000000, -6.424901762877063500E-017 ) ) ;
#6290 = EDGE_CURVE ( 'NONE', #8652, #3743, #5068, .T. ) ;
#6291 = DIRECTION ( 'NONE',  ( -0.0000000000000000000, 0.8660254037305482600, 0.5000000000933407800 ) ) ;
#6292 = AXIS2_PLACEMENT_3D ( 'NONE', #4593, #5426, #6982 ) ;
#6293 = AXIS2_PLACEMENT_3D ( 'NONE', #7719, #6894, #10080 ) ;
#6294 = VERTEX_POINT ( 'NONE', #5171 ) ;
#6295 = CIRCLE ( 'NONE', #7130, 2.999999999999999100 ) ;
#6296 = ORIENTED_EDGE ( 'NONE', *, *, #9618, .F. ) ;
#6297 = CARTESIAN_POINT ( 'NONE',  ( 3.000000000000000000, 7.603656202934128100E-011, -1.732050808043900100 ) ) ;
#6298 = CARTESIAN_POINT ( 'NONE',  ( 6.500000000400000000, 6.123233995736766300E-016, 5.000000000000000000 ) ) ;
#6299 = VERTEX_POINT ( 'NONE', #8379 ) ;
#6300 = CARTESIAN_POINT ( 'NONE',  ( 6.500000000000000900, -0.6000000000000000900, -5.202200245000000200 ) ) ;
#6301 = CARTESIAN_POINT ( 'NONE',  ( 7.994944167864562500, -5.476314503849611300, 5.838729500205749500 ) ) ;
#6302 = VERTEX_POINT ( 'NONE', #5268 ) ;
#6303 = CIRCLE ( 'NONE', #7001, 2.500000000000000000 ) ;
#6304 = EDGE_CURVE ( 'NONE', #8707, #5979, #5807, .T. ) ;
#6305 = EDGE_LOOP ( 'NONE', ( #1464, #2589 ) ) ;
#6306 = ORIENTED_EDGE ( 'NONE', *, *, #10040, .T. ) ;
#6307 = CC_DESIGN_PERSON_AND_ORGANIZATION_ASSIGNMENT ( #2517, #5581, ( #1652 ) ) ;
#6308 = VECTOR ( 'NONE', #7613, 1000.000000000000000 ) ;
#6309 = CARTESIAN_POINT ( 'NONE',  ( -16.97056275848251500, -20.99999999191443600, -17.50000000000000000 ) ) ;
#6310 = ORIENTED_EDGE ( 'NONE', *, *, #4819, .F. ) ;
#6311 = CIRCLE ( 'NONE', #1016, 7.200000000000001100 ) ;
#6312 = PLANE ( 'NONE',  #8531 ) ;
#6313 = CYLINDRICAL_SURFACE ( 'NONE', #6597, 1.250000000000000200 ) ;
#6314 = EDGE_LOOP ( 'NONE', ( #284, #5263, #448, #552 ) ) ;
#6315 = LINE ( 'NONE', #7154, #1735 ) ;
#6316 = CARTESIAN_POINT ( 'NONE',  ( 9.300000000000000700, 0.0000000000000000000, 4.799999999999999800 ) ) ;
#6317 = AXIS2_PLACEMENT_3D ( 'NONE', #4006, #8863, #129 ) ;
#6318 = CARTESIAN_POINT ( 'NONE',  ( 21.00000000000000000, 1.305799152397278700, -0.03057800048686745400 ) ) ;
#6319 = APPROVAL_ROLE ( '' ) ;
#6320 = EDGE_CURVE ( 'NONE', #3932, #4954, #476, .T. ) ;
#6321 = ADVANCED_FACE ( 'NONE', ( #2717, #6557 ), #10107, .F. ) ;
#6322 = CARTESIAN_POINT ( 'NONE',  ( 0.0000000000000000000, 0.0000000000000000000, 8.500000000000000000 ) ) ;
#6323 = CARTESIAN_POINT ( 'NONE',  ( 12.79751941198539500, 16.80766968521161400, -0.1252044569354249000 ) ) ;
#6324 = FACE_BOUND ( 'NONE', #1823, .T. ) ;
#6325 = ORIENTED_EDGE ( 'NONE', *, *, #9939, .F. ) ;
#6326 = ORIENTED_EDGE ( 'NONE', *, *, #3560, .T. ) ;
#6327 = CARTESIAN_POINT ( 'NONE',  ( -5.059999999999999600, -5.059999999999999600, 13.50000000000000000 ) ) ;
#6328 = CARTESIAN_POINT ( 'NONE',  ( 12.49999999999995600, 0.0000000000000000000, 0.0000000000000000000 ) ) ;
#6329 = EDGE_CURVE ( 'NONE', #1152, #7564, #352, .T. ) ;
#6330 = AXIS2_PLACEMENT_3D ( 'NONE', #6240, #2324, #10178 ) ;
#6331 = LINE ( 'NONE', #7282, #5335 ) ;
#6332 = DIRECTION ( 'NONE',  ( 0.0000000000000000000, 0.0000000000000000000, -1.000000000000000000 ) ) ;
#6333 = LOCAL_TIME ( 15, 11, 14.00000000000000000, #2492 ) ;
#6334 = ORIENTED_EDGE ( 'NONE', *, *, #6847, .T. ) ;
#6335 = AXIS2_PLACEMENT_3D ( 'NONE', #1688, #5586, #4820 ) ;
#6336 = VERTEX_POINT ( 'NONE', #6058 ) ;
#6337 = DIRECTION ( 'NONE',  ( 0.0000000000000000000, 0.0000000000000000000, 1.000000000000000000 ) ) ;
#6338 = FACE_OUTER_BOUND ( 'NONE', #704, .T. ) ;
#6339 = EDGE_CURVE ( 'NONE', #796, #102, #7046, .T. ) ;
#6340 = COORDINATED_UNIVERSAL_TIME_OFFSET ( 8, 0, .AHEAD. ) ;
#6341 = PLANE ( 'NONE',  #6330 ) ;
#6342 = ORIENTED_EDGE ( 'NONE', *, *, #5937, .F. ) ;
#6343 = FACE_OUTER_BOUND ( 'NONE', #7803, .T. ) ;
#6344 = ORIENTED_EDGE ( 'NONE', *, *, #5047, .T. ) ;
#6345 = AXIS2_PLACEMENT_3D ( 'NONE', #8922, #2479, #7292 ) ;
#6346 = VERTEX_POINT ( 'NONE', #8416 ) ;
#6347 = CARTESIAN_POINT ( 'NONE',  ( 0.0000000000000000000, 0.0000000000000000000, 10.50000000000000000 ) ) ;
#6348 = DIRECTION ( 'NONE',  ( -1.000000000000000000, 0.0000000000000000000, 0.0000000000000000000 ) ) ;
#6349 =( REPRESENTATION_RELATIONSHIP ('NONE','NONE', #4455, #8079 ) REPRESENTATION_RELATIONSHIP_WITH_TRANSFORMATION ( #1392 )SHAPE_REPRESENTATION_RELATIONSHIP( ) );
#6350 = DIRECTION ( 'NONE',  ( -1.000000000000000000, 0.0000000000000000000, 0.0000000000000000000 ) ) ;
#6351 = DATE_AND_TIME ( #1151, #1903 ) ;
#6352 = ORIENTED_EDGE ( 'NONE', *, *, #4996, .T. ) ;
#6353 = EDGE_CURVE ( 'NONE', #1546, #8376, #5198, .T. ) ;
#6354 = VECTOR ( 'NONE', #10056, 1000.000000000000000 ) ;
#6355 = CARTESIAN_POINT ( 'NONE',  ( 20.94839999999999600, -20.94839999999999600, -17.00000000000000000 ) ) ;
#6356 = DIRECTION ( 'NONE',  ( 0.0000000000000000000, 1.000000000000000000, -1.445602896647339200E-016 ) ) ;
#6357 = ORIENTED_EDGE ( 'NONE', *, *, #3802, .T. ) ;
#6358 = ORIENTED_EDGE ( 'NONE', *, *, #3543, .F. ) ;
#6359 = CARTESIAN_POINT ( 'NONE',  ( 12.49999999986513400, 0.6000000000000000900, 2.939387691202165700 ) ) ;
#6360 = EDGE_CURVE ( 'NONE', #8696, #3567, #6051, .T. ) ;
#6361 = CARTESIAN_POINT ( 'NONE',  ( 0.0000000000000000000, -1.000000000000000000, 0.0000000000000000000 ) ) ;
#6362 = ORIENTED_EDGE ( 'NONE', *, *, #2063, .F. ) ;
#6363 = LOCAL_TIME ( 15, 11, 14.00000000000000000, #4127 ) ;
#6364 = DIRECTION ( 'NONE',  ( 0.0000000000000000000, -1.000000000000000000, -9.912705577010306800E-016 ) ) ;
#6365 = CC_DESIGN_PERSON_AND_ORGANIZATION_ASSIGNMENT ( #177, #3018, ( #9078 ) ) ;
#6366 = FACE_OUTER_BOUND ( 'NONE', #9862, .T. ) ;
#6367 = ORIENTED_EDGE ( 'NONE', *, *, #2246, .T. ) ;
#6368 = ORIENTED_EDGE ( 'NONE', *, *, #3444, .T. ) ;
#6369 = DIRECTION ( 'NONE',  ( 0.0000000000000000000, -7.228014483236695800E-017, -1.000000000000000000 ) ) ;
#6370 = CARTESIAN_POINT ( 'NONE',  ( 7.600049259439536800, -6.450764450913827600, 4.741137314393872000 ) ) ;
#6371 = ADVANCED_FACE ( 'NONE', ( #5435 ), #5369, .F. ) ;
#6372 = ORIENTED_EDGE ( 'NONE', *, *, #2160, .F. ) ;
#6373 = COORDINATED_UNIVERSAL_TIME_OFFSET ( 8, 0, .AHEAD. ) ;
#6374 = DIRECTION ( 'NONE',  ( -0.0000000000000000000, -0.0000000000000000000, 1.000000000000000000 ) ) ;
#6375 = FACE_OUTER_BOUND ( 'NONE', #6593, .T. ) ;
#6376 = EDGE_CURVE ( 'NONE', #3487, #1396, #9773, .T. ) ;
#6377 = AXIS2_PLACEMENT_3D ( 'NONE', #1368, #6150, #8538 ) ;
#6378 = CARTESIAN_POINT ( 'NONE',  ( 6.123233995736766300E-016, -5.000000000000000000, 13.50000000000000200 ) ) ;
#6379 = ORIENTED_EDGE ( 'NONE', *, *, #8539, .T. ) ;
#6380 = ORIENTED_EDGE ( 'NONE', *, *, #4088, .T. ) ;
#6381 = LOCAL_TIME ( 15, 11, 14.00000000000000000, #1307 ) ;
#6382 = CARTESIAN_POINT ( 'NONE',  ( 8.987895629668033200, 6.038636495467415000, 5.249515318940258800 ) ) ;
#6383 = CIRCLE ( 'NONE', #5341, 0.2999999999999999300 ) ;
#6384 = CARTESIAN_POINT ( 'NONE',  ( 3.000000000000000400, -1.475836364763894800, 1.830645482956833000 ) ) ;
#6385 = MECHANICAL_CONTEXT ( 'NONE', #5287, 'mechanical' ) ;
#6386 = ORIENTED_EDGE ( 'NONE', *, *, #4369, .F. ) ;
#6387 = DIRECTION ( 'NONE',  ( 0.0000000000000000000, 0.0000000000000000000, -1.000000000000000000 ) ) ;
#6388 = CARTESIAN_POINT ( 'NONE',  ( -15.50000000000000000, -15.49751941100000100, 8.500000000000000000 ) ) ;
#6389 = FACE_OUTER_BOUND ( 'NONE', #8909, .T. ) ;
#6390 = ORIENTED_EDGE ( 'NONE', *, *, #9408, .T. ) ;
#6391 = AXIS2_PLACEMENT_3D ( 'NONE', #6930, #1362, #1427 ) ;
#6392 = CIRCLE ( 'NONE', #9309, 2.000000000000001800 ) ;
#6393 = DIRECTION ( 'NONE',  ( 0.0000000000000000000, 0.0000000000000000000, -1.000000000000000000 ) ) ;
#6394 = CARTESIAN_POINT ( 'NONE',  ( -21.00000000085877600, 12.99999999903504000, -3.698178070679212700 ) ) ;
#6395 = DIRECTION ( 'NONE',  ( 0.0000000000000000000, 0.0000000000000000000, 1.000000000000000000 ) ) ;
#6396 = CARTESIAN_POINT ( 'NONE',  ( -18.05442518510400200, 10.72556438738399900, 10.00000000000000000 ) ) ;
#6397 = VECTOR ( 'NONE', #4449, 1000.000000000000000 ) ;
#6398 = ORIENTED_EDGE ( 'NONE', *, *, #9780, .T. ) ;
#6399 = CARTESIAN_POINT ( 'NONE',  ( 1.650000000000000100, -17.50000000000000000, 0.0000000000000000000 ) ) ;
#6400 = CARTESIAN_POINT ( 'NONE',  ( -18.05442518324874300, 10.72556438153600100, 5.150000000000000400 ) ) ;
#6401 = LINE ( 'NONE', #4939, #74 ) ;
#6402 = EDGE_CURVE ( 'NONE', #2433, #6732, #8653, .T. ) ;
#6403 = CARTESIAN_POINT ( 'NONE',  ( -9.033347910492572900, -6.279688044477581800, 3.922331278724734600 ) ) ;
#6404 = AXIS2_PLACEMENT_3D ( 'NONE', #936, #6495, #2475 ) ;
#6405 = DIRECTION ( 'NONE',  ( 0.0000000000000000000, 1.000000000000000000, 0.0000000000000000000 ) ) ;
#6406 = DIRECTION ( 'NONE',  ( 0.0000000000000000000, 0.0000000000000000000, 1.000000000000000000 ) ) ;
#6407 = LINE ( 'NONE', #6396, #3047 ) ;
#6408 = EDGE_LOOP ( 'NONE', ( #4152, #3960, #9839, #5594 ) ) ;
#6409 = B_SPLINE_CURVE_WITH_KNOTS ( 'NONE', 3,
 ( #9595, #7204, #2464, #8004, #5651, #814 ),
 .UNSPECIFIED., .F., .F.,
 ( 4, 2, 4 ),
 ( -0.0007755362647485366300, -1.781469936845692100E-013, 0.0007755362643922426500 ),
 .UNSPECIFIED. ) ;
#6410 = AXIS2_PLACEMENT_3D ( 'NONE', #5242, #6194, #9212 ) ;
#6411 = CARTESIAN_POINT ( 'NONE',  ( 12.03771349096394500, 7.336775775720830900, -3.201514319063837100 ) ) ;
#6412 = CARTESIAN_POINT ( 'NONE',  ( -1.300000000000000300, -1.000000000000000000, 8.396295449000000100 ) ) ;
#6413 = EDGE_CURVE ( 'NONE', #9956, #212, #3069, .T. ) ;
#6414 = DIRECTION ( 'NONE',  ( 1.000000000000000000, 0.0000000000000000000, 0.0000000000000000000 ) ) ;
#6415 = CLOSED_SHELL ( 'NONE', ( #890, #1329, #9422, #9236, #3709, #9276, #2421, #3344, #8392, #5437, #4860, #6632, #5954, #1005, #3618, #9528, #344, #8655 ) ) ;
#6416 = DIRECTION ( 'NONE',  ( 0.0000000000000000000, 0.0000000000000000000, -1.000000000000000000 ) ) ;
#6417 = LINE ( 'NONE', #5202, #3924 ) ;
#6418 = EDGE_LOOP ( 'NONE', ( #9337, #8369, #7490, #9432 ) ) ;
#6419 = CARTESIAN_POINT ( 'NONE',  ( 19.90364005360209600, -12.99751941030408800, -2.764626561239897500 ) ) ;
#6420 = VECTOR ( 'NONE', #1214, 1000.000000000000000 ) ;
#6421 = EDGE_CURVE ( 'NONE', #6938, #4789, #9513, .T. ) ;
#6422 = ADVANCED_FACE ( 'NONE', ( #3319, #1226, #3452, #3938, #5313, #1849 ), #6887, .T. ) ;
#6423 = DIRECTION ( 'NONE',  ( 0.0000000000000000000, 0.0000000000000000000, -1.000000000000000000 ) ) ;
#6424 = CARTESIAN_POINT ( 'NONE',  ( -0.2000732809319861700, 4.000000000016413500, 29.50000000004376600 ) ) ;
#6425 = EDGE_LOOP ( 'NONE', ( #2418, #6995, #230, #2583 ) ) ;
#6426 = LINE ( 'NONE', #267, #6054 ) ;
#6427 = CC_DESIGN_DATE_AND_TIME_ASSIGNMENT ( #4891, #5188, ( #895 ) ) ;
#6428 = CARTESIAN_POINT ( 'NONE',  ( -21.00000000000000000, -12.99751941100000100, -15.00000000000000000 ) ) ;
#6429 = DIRECTION ( 'NONE',  ( 0.0000000000000000000, 0.0000000000000000000, 1.000000000000000000 ) ) ;
#6430 = CARTESIAN_POINT ( 'NONE',  ( 20.81528522741447100, 2.788572261295436200, 3.977656831317204900 ) ) ;
#6431 = CIRCLE ( 'NONE', #7584, 0.2999999999999990500 ) ;
#6432 = DIRECTION ( 'NONE',  ( -0.9238795331876213900, 0.3826834307322733400, 0.0000000000000000000 ) ) ;
#6433 = DIRECTION ( 'NONE',  ( 0.0000000000000000000, 0.0000000000000000000, -1.000000000000000000 ) ) ;
#6434 = ORIENTED_EDGE ( 'NONE', *, *, #4957, .T. ) ;
#6435 = LINE ( 'NONE', #933, #10142 ) ;
#6436 = CARTESIAN_POINT ( 'NONE',  ( 10.00000000000000000, -7.350356332999999700, -5.750000000000000900 ) ) ;
#6437 = CARTESIAN_POINT ( 'NONE',  ( 9.659869124937793900, 5.266070931046683300, -1.406813319183650900 ) ) ;
#6438 = DIRECTION ( 'NONE',  ( 1.000000000000000000, 0.0000000000000000000, 0.0000000000000000000 ) ) ;
#6439 = EDGE_CURVE ( 'NONE', #10071, #3422, #1132, .T. ) ;
#6440 = APPROVAL ( #5724, 'UNKNOWN' ) ;
#6441 = CARTESIAN_POINT ( 'NONE',  ( -21.00000000000000000, 4.549055537557229900, -0.4803264721441368200 ) ) ;
#6442 = DIRECTION ( 'NONE',  ( 0.0000000000000000000, 0.0000000000000000000, 1.000000000000000000 ) ) ;
#6443 = CIRCLE ( 'NONE', #9919, 9.300000000000000700 ) ;
#6444 = ORIENTED_EDGE ( 'NONE', *, *, #8580, .T. ) ;
#6445 = DIRECTION ( 'NONE',  ( 0.0000000000000000000, -0.0000000000000000000, 1.000000000000000000 ) ) ;
#6446 = CARTESIAN_POINT ( 'NONE',  ( 11.86835443284609900, 5.270568918716739000, -6.023952793729929300 ) ) ;
#6447 = EDGE_LOOP ( 'NONE', ( #4636, #6434, #6050, #3565, #4279, #5803, #2781 ) ) ;
#6448 = CARTESIAN_POINT ( 'NONE',  ( 12.49999999986513400, 0.6000000000000000900, 2.939387691202165700 ) ) ;
#6449 = FACE_OUTER_BOUND ( 'NONE', #2963, .T. ) ;
#6450 = AXIS2_PLACEMENT_3D ( 'NONE', #1738, #4216, #1837 ) ;
#6451 = VERTEX_POINT ( 'NONE', #1520 ) ;
#6452 = APPROVAL_STATUS ( 'not_yet_approved' ) ;
#6453 = EDGE_CURVE ( 'NONE', #5600, #5852, #8158, .T. ) ;
#6454 = CARTESIAN_POINT ( 'NONE',  ( 3.499999999999999600, -0.5000000000000000000, 5.039138621615311600 ) ) ;
#6455 = AXIS2_PLACEMENT_3D ( 'NONE', #9558, #7974, #8009 ) ;
#6456 = VERTEX_POINT ( 'NONE', #4496 ) ;
#6457 = CARTESIAN_POINT ( 'NONE',  ( 10.40419141016778500, 3.576033062462808500, -1.360613605238874200 ) ) ;
#6458 = CYLINDRICAL_SURFACE ( 'NONE', #7, 3.000000000000000900 ) ;
#6459 = ITEM_DEFINED_TRANSFORMATION ( 'NONE', 'NONE', #4821,  #2234 ) ;
#6460 = CARTESIAN_POINT ( 'NONE',  ( -12.50000000000000000, 0.0000000000000000000, 12.00000000000000000 ) ) ;
#6461 = ORIENTED_EDGE ( 'NONE', *, *, #7938, .F. ) ;
#6462 = VERTEX_POINT ( 'NONE', #3064 ) ;
#6463 = DIRECTION ( 'NONE',  ( 0.0000000000000000000, -0.0000000000000000000, 1.000000000000000000 ) ) ;
#6464 = EDGE_CURVE ( 'NONE', #1793, #6540, #9156, .T. ) ;
#6465 = CARTESIAN_POINT ( 'NONE',  ( 0.0000000000000000000, 0.0000000000000000000, 5.000000000000000000 ) ) ;
#6466 = DIRECTION ( 'NONE',  ( -0.0000000000000000000, -0.0000000000000000000, -1.000000000000000000 ) ) ;
#6467 = DIRECTION ( 'NONE',  ( 0.0000000000000000000, 0.0000000000000000000, -1.000000000000000000 ) ) ;
#6468 = VERTEX_POINT ( 'NONE', #1484 ) ;
#6469 = DIRECTION ( 'NONE',  ( 0.8571673007928118900, 0.0000000000000000000, 0.5150380747591046800 ) ) ;
#6470 = CARTESIAN_POINT ( 'NONE',  ( 0.0000000000000000000, 10.50000000000000000, -4.336808689942017700E-016 ) ) ;
#6471 = CYLINDRICAL_SURFACE ( 'NONE', #7899, 2.400000000000000400 ) ;
#6472 = APPROVAL_PERSON_ORGANIZATION ( #3502, #4175, #3252 ) ;
#6473 = AXIS2_PLACEMENT_3D ( 'NONE', #6525, #6596, #1858 ) ;
#6474 = EDGE_LOOP ( 'NONE', ( #1734, #7136, #7760 ) ) ;
#6475 = FACE_OUTER_BOUND ( 'NONE', #1394, .T. ) ;
#6476 = CARTESIAN_POINT ( 'NONE',  ( -21.00000000000000000, -1.885666197003393700E-009, 0.0000000000000000000 ) ) ;
#6477 = ADVANCED_FACE ( 'NONE', ( #1095 ), #8409, .F. ) ;
#6478 = ORIENTED_EDGE ( 'NONE', *, *, #5259, .F. ) ;
#6479 = DIRECTION ( 'NONE',  ( 1.000000000000000000, 0.0000000000000000000, 0.0000000000000000000 ) ) ;
#6480 = DIRECTION ( 'NONE',  ( 0.0000000000000000000, -9.912705577010312700E-016, 1.000000000000000000 ) ) ;
#6481 = DATE_AND_TIME ( #9205, #3005 ) ;
#6482 = EDGE_LOOP ( 'NONE', ( #7289, #2101, #10269, #6344 ) ) ;
#6483 = CYLINDRICAL_SURFACE ( 'NONE', #5710, 3.000000000000000900 ) ;
#6484 =( GEOMETRIC_REPRESENTATION_CONTEXT ( 3 ) GLOBAL_UNCERTAINTY_ASSIGNED_CONTEXT ( ( #2691 ) ) GLOBAL_UNIT_ASSIGNED_CONTEXT ( ( #5880, #7506, #5050 ) ) REPRESENTATION_CONTEXT ( 'NONE', 'WORKASPACE' ) );
#6485 = VERTEX_POINT ( 'NONE', #3965 ) ;
#6486 = DIRECTION ( 'NONE',  ( 0.0000000000000000000, -0.0000000000000000000, 1.000000000000000000 ) ) ;
#6487 = DIRECTION ( 'NONE',  ( -1.000000000000000000, 0.0000000000000000000, 0.0000000000000000000 ) ) ;
#6488 = EDGE_CURVE ( 'NONE', #2771, #9235, #5591, .T. ) ;
#6489 = PLANE ( 'NONE',  #300 ) ;
#6490 = EDGE_LOOP ( 'NONE', ( #157, #4350 ) ) ;
#6491 = APPROVAL_PERSON_ORGANIZATION ( #4628, #10077, #7870 ) ;
#6492 = CIRCLE ( 'NONE', #7355, 2.999999999999997300 ) ;
#6493 = CARTESIAN_POINT ( 'NONE',  ( 15.49751941100000300, 15.50000000000000000, 8.500000000000000000 ) ) ;
#6494 = VERTEX_POINT ( 'NONE', #7020 ) ;
#6495 = DIRECTION ( 'NONE',  ( 0.0000000000000000000, 0.0000000000000000000, -1.000000000000000000 ) ) ;
#6496 = EDGE_CURVE ( 'NONE', #9142, #6053, #2838, .T. ) ;
#6497 = CARTESIAN_POINT ( 'NONE',  ( -9.500000000000000000, 1.163414459189985500E-015, 11.19999999999999900 ) ) ;
#6498 = VERTEX_POINT ( 'NONE', #9403 ) ;
#6499 = DIRECTION ( 'NONE',  ( -0.0000000000000000000, 4.130293990420969400E-017, 1.000000000000000000 ) ) ;
#6500 = CC_DESIGN_APPROVAL ( #5832, ( #1192 ) ) ;
#6501 = ORIENTED_EDGE ( 'NONE', *, *, #3010, .F. ) ;
#6502 = DIRECTION ( 'NONE',  ( -1.000000000000000000, 0.0000000000000000000, 0.0000000000000000000 ) ) ;
#6503 = CARTESIAN_POINT ( 'NONE',  ( -21.00000000000000000, 2.571758278209442100E-015, -16.69999999999999900 ) ) ;
#6504 = EDGE_LOOP ( 'NONE', ( #1450, #9126 ) ) ;
#6505 = APPROVAL_PERSON_ORGANIZATION ( #2918, #4630, #7561 ) ;
#6506 = CIRCLE ( 'NONE', #3741, 4.799999999999999800 ) ;
#6507 = CARTESIAN_POINT ( 'NONE',  ( 9.244722178471853600, -7.686943060183860000, 2.216851507080694500 ) ) ;
#6508 = CARTESIAN_POINT ( 'NONE',  ( 16.80518909516607100, -12.79751941153463200, -3.249999999999999600 ) ) ;
#6509 = CARTESIAN_POINT ( 'NONE',  ( 10.00000000000000000, -0.5999999999999998700, 6.100000000000001400 ) ) ;
#6510 = CYLINDRICAL_SURFACE ( 'NONE', #5759, 2.000000000000000000 ) ;
#6511 = ORIENTED_EDGE ( 'NONE', *, *, #8, .T. ) ;
#6512 = PRODUCT_DEFINITION_SHAPE ( 'NONE', 'NONE',  #8424 ) ;
#6513 = ORIENTED_EDGE ( 'NONE', *, *, #4469, .F. ) ;
#6514 = LINE ( 'NONE', #3939, #6271 ) ;
#6515 = CARTESIAN_POINT ( 'NONE',  ( 17.50000000000000000, 0.0000000000000000000, 0.0000000000000000000 ) ) ;
#6516 = AXIS2_PLACEMENT_3D ( 'NONE', #231, #4210, #3370 ) ;
#6517 = EDGE_CURVE ( 'NONE', #8869, #5992, #9265, .T. ) ;
#6518 = CONICAL_SURFACE ( 'NONE', #2909, 1664.279483014393200, 1.029744258852756800 ) ;
#6519 = VERTEX_POINT ( 'NONE', #2313 ) ;
#6520 = CARTESIAN_POINT ( 'NONE',  ( 3.000000000000000000, -1.013047107918596300, 2.120510101438065000 ) ) ;
#6521 = APPROVAL_ROLE ( '' ) ;
#6522 = EDGE_LOOP ( 'NONE', ( #7199, #10115, #6367, #5753 ) ) ;
#6523 = CARTESIAN_POINT ( 'NONE',  ( 0.0000000000000000000, 0.0000000000000000000, 0.0000000000000000000 ) ) ;
#6524 = ADVANCED_FACE ( 'NONE', ( #9394 ), #4069, .F. ) ;
#6525 = CARTESIAN_POINT ( 'NONE',  ( 0.0000000000000000000, 0.0000000000000000000, 0.0000000000000000000 ) ) ;
#6526 = PLANE ( 'NONE',  #670 ) ;
#6527 = CARTESIAN_POINT ( 'NONE',  ( 10.19643836200661700, 4.131814254661624600, -1.483258986204075700 ) ) ;
#6528 = EDGE_CURVE ( 'NONE', #3392, #7283, #8908, .T. ) ;
#6529 = AXIS2_PLACEMENT_3D ( 'NONE', #6865, #8425, #6806 ) ;
#6530 = FACE_OUTER_BOUND ( 'NONE', #9566, .T. ) ;
#6531 = ORIENTED_EDGE ( 'NONE', *, *, #5966, .T. ) ;
#6532 = CARTESIAN_POINT ( 'NONE',  ( 16.62983158500000200, -6.888301783000001100, -15.50000000000000000 ) ) ;
#6533 = FACE_OUTER_BOUND ( 'NONE', #7272, .T. ) ;
#6534 = CARTESIAN_POINT ( 'NONE',  ( 11.05427226892588200, 7.037277529606961400, 3.807534755946067500 ) ) ;
#6535 = DIRECTION ( 'NONE',  ( 0.0000000000000000000, 0.0000000000000000000, -1.000000000000000000 ) ) ;
#6536 = CARTESIAN_POINT ( 'NONE',  ( 6.888301783000001100, 16.62983158500000200, 10.00000000000000000 ) ) ;
#6537 = CARTESIAN_POINT ( 'NONE',  ( -8.488301782999997200, -16.62983158500000200, -15.50000000000000000 ) ) ;
#6538 = CARTESIAN_POINT ( 'NONE',  ( -9.924301782999998900, -19.66583158500000300, -15.50000000000000000 ) ) ;
#6539 = CARTESIAN_POINT ( 'NONE',  ( 9.949352091739253700, 4.696461184856595100, -1.499999999999996000 ) ) ;
#6540 = VERTEX_POINT ( 'NONE', #7088 ) ;
#6541 = DIRECTION ( 'NONE',  ( -0.0000000000000000000, -0.0000000000000000000, 1.000000000000000000 ) ) ;
#6542 = CIRCLE ( 'NONE', #2031, 1.600000000000000800 ) ;
#6543 = ORIENTED_EDGE ( 'NONE', *, *, #4720, .T. ) ;
#6544 = EDGE_CURVE ( 'NONE', #7190, #5979, #1108, .T. ) ;
#6545 = CARTESIAN_POINT ( 'NONE',  ( 6.888301783000001100, 16.62983158500000200, 8.500000000000000000 ) ) ;
#6546 = AXIS2_PLACEMENT_3D ( 'NONE', #8664, #9384, #10249 ) ;
#6547 = VERTEX_POINT ( 'NONE', #10235 ) ;
#6548 = DIRECTION ( 'NONE',  ( -1.000000000000000000, 0.0000000000000000000, 0.0000000000000000000 ) ) ;
#6549 = CARTESIAN_POINT ( 'NONE',  ( 1.308923177409091900, 3.780626575510092300, 28.75811458438830900 ) ) ;
#6550 =( BOUNDED_CURVE ( )  B_SPLINE_CURVE ( 3, ( #6224, #4664, #9468, #8545 ),
 .UNSPECIFIED., .F., .F. ) 
 B_SPLINE_CURVE_WITH_KNOTS ( ( 4, 4 ),
 ( 0.0000000000000000000, 1.000000000000000000 ),
 .UNSPECIFIED. ) 
 CURVE ( )  GEOMETRIC_REPRESENTATION_ITEM ( )  RATIONAL_B_SPLINE_CURVE ( ( 0.9565783021222094000, 0.3188594340407363000, 0.3188594340407363000, 0.9565783021222094000 ) ) 
 REPRESENTATION_ITEM ( '' )  );
#6551 = DIRECTION ( 'NONE',  ( 0.0000000000000000000, 1.000000000000000000, -7.228014483236695800E-017 ) ) ;
#6552 = ORIENTED_EDGE ( 'NONE', *, *, #7583, .F. ) ;
#6553 = FACE_OUTER_BOUND ( 'NONE', #3372, .T. ) ;
#6554 = DIRECTION ( 'NONE',  ( -0.9238795325268022200, 0.3826834323276323000, 0.0000000000000000000 ) ) ;
#6555 = ORIENTED_EDGE ( 'NONE', *, *, #9069, .T. ) ;
#6556 = EDGE_CURVE ( 'NONE', #7628, #6846, #10027, .T. ) ;
#6557 = FACE_OUTER_BOUND ( 'NONE', #4758, .T. ) ;
#6558 = ORIENTED_EDGE ( 'NONE', *, *, #4504, .F. ) ;
#6559 = VECTOR ( 'NONE', #6652, 1000.000000000000000 ) ;
#6560 = CARTESIAN_POINT ( 'NONE',  ( 3.000000000000001300, -2.350022874252778200, -0.09773476029637968900 ) ) ;
#6561 =( REPRESENTATION_RELATIONSHIP ('NONE','NONE', #4455, #1113 ) REPRESENTATION_RELATIONSHIP_WITH_TRANSFORMATION ( #3612 )SHAPE_REPRESENTATION_RELATIONSHIP( ) );
#6562 = EDGE_CURVE ( 'NONE', #7324, #620, #8037, .T. ) ;
#6563 = CARTESIAN_POINT ( 'NONE',  ( 12.24999999999994800, 4.499999999999948500, -4.500000000000000900 ) ) ;
#6564 = CARTESIAN_POINT ( 'NONE',  ( 6.000000000000000000, 0.0000000000000000000, 0.0000000000000000000 ) ) ;
#6565 =( GEOMETRIC_REPRESENTATION_CONTEXT ( 3 ) GLOBAL_UNCERTAINTY_ASSIGNED_CONTEXT ( ( #5461 ) ) GLOBAL_UNIT_ASSIGNED_CONTEXT ( ( #4316, #6678, #2799 ) ) REPRESENTATION_CONTEXT ( 'NONE', 'WORKASPACE' ) );
#6567 = LINE ( 'NONE', #7201, #10267 ) ;
#6566 = CARTESIAN_POINT ( 'NONE',  ( 10.84874327696522300, 1.819653123628607300, 0.1376403762136977300 ) ) ;
#6568 = ORIENTED_EDGE ( 'NONE', *, *, #968, .T. ) ;
#6569 = CARTESIAN_POINT ( 'NONE',  ( 10.35918238928255900, 7.288004524347010200, 3.299310734543530200 ) ) ;
#6570 = DIRECTION ( 'NONE',  ( -0.0000000000000000000, 1.000000000000000000, 0.0000000000000000000 ) ) ;
#6571 = B_SPLINE_CURVE_WITH_KNOTS ( 'NONE', 3,
 ( #8774, #9529, #4861, #77 ),
 .UNSPECIFIED., .F., .F.,
 ( 4, 4 ),
 ( 0.0000000000000000000, 0.004313869313557375100 ),
 .UNSPECIFIED. ) ;
#6572 = FACE_BOUND ( 'NONE', #1160, .T. ) ;
#6573 = CARTESIAN_POINT ( 'NONE',  ( 8.142442864530425000, -7.427927984804031600, 2.973515649911437900 ) ) ;
#6574 = CARTESIAN_POINT ( 'NONE',  ( -1.300000000000000300, -1.000000000000000000, 4.931531202000000400 ) ) ;
#6575 = ORIENTED_EDGE ( 'NONE', *, *, #6517, .F. ) ;
#6576 = EDGE_CURVE ( 'NONE', #9936, #9082, #6065, .T. ) ;
#6577 = AXIS2_PLACEMENT_3D ( 'NONE', #1200, #9995, #5980 ) ;
#6578 = CC_DESIGN_DATE_AND_TIME_ASSIGNMENT ( #6583, #8110, ( #8899 ) ) ;
#6579 = ADVANCED_FACE ( 'NONE', ( #5565, #9652 ), #4794, .F. ) ;
#6580 = ORIENTED_EDGE ( 'NONE', *, *, #2081, .T. ) ;
#6581 = LINE ( 'NONE', #2368, #1621 ) ;
#6582 = DIRECTION ( 'NONE',  ( 0.0000000000000000000, 0.0000000000000000000, -1.000000000000000000 ) ) ;
#6583 = DATE_AND_TIME ( #5835, #6333 ) ;
#6584 = EDGE_LOOP ( 'NONE', ( #8595, #5728, #9843, #5027 ) ) ;
#6585 = DIRECTION ( 'NONE',  ( -0.0000000000000000000, -0.0000000000000000000, -1.000000000000000000 ) ) ;
#6586 = ORIENTED_EDGE ( 'NONE', *, *, #9253, .F. ) ;
#6587 = CARTESIAN_POINT ( 'NONE',  ( 3.000000000000000400, -2.318396836650821900, -0.3874622185087531800 ) ) ;
#6588 =( REPRESENTATION_RELATIONSHIP ('NONE','NONE', #4455, #8079 ) REPRESENTATION_RELATIONSHIP_WITH_TRANSFORMATION ( #3728 )SHAPE_REPRESENTATION_RELATIONSHIP( ) );
#6589 = EDGE_CURVE ( 'NONE', #8130, #4741, #9040, .T. ) ;
#6590 = LINE ( 'NONE', #9477, #5343 ) ;
#6591 = CARTESIAN_POINT ( 'NONE',  ( 0.0000000000000000000, 0.0000000000000000000, 4.799999999999999800 ) ) ;
#6592 = CONTEXT_DEPENDENT_SHAPE_REPRESENTATION ( #749, #36 ) ;
#6593 = EDGE_LOOP ( 'NONE', ( #10131, #887, #3022, #10243, #1340 ) ) ;
#6594 = CYLINDRICAL_SURFACE ( 'NONE', #3529, 6.000000000000000000 ) ;
#6595 = ORIENTED_EDGE ( 'NONE', *, *, #7805, .F. ) ;
#6596 = DIRECTION ( 'NONE',  ( -0.0000000000000000000, 1.000000000000000000, 0.0000000000000000000 ) ) ;
#6597 = AXIS2_PLACEMENT_3D ( 'NONE', #4811, #1636, #846 ) ;
#6598 = CARTESIAN_POINT ( 'NONE',  ( 10.88290832878069900, 1.601235221323542100, 0.7017244652296589200 ) ) ;
#6599 = ORIENTED_EDGE ( 'NONE', *, *, #690, .F. ) ;
#6600 = CARTESIAN_POINT ( 'NONE',  ( 2.874016129999999300, 0.0000000000000000000, -2.668966127000000000 ) ) ;
#6601 = DIRECTION ( 'NONE',  ( -0.0000000000000000000, 0.8660254037305482600, -0.5000000000933407800 ) ) ;
#6602 = EDGE_CURVE ( 'NONE', #2665, #10059, #4208, .T. ) ;
#6603 = ORGANIZATION ( 'NAUO-ORG5', 'UNSPECIFIED', 'UNSPECIFIED' ) ;
#6604 = VERTEX_POINT ( 'NONE', #4035 ) ;
#6605 = CARTESIAN_POINT ( 'NONE',  ( 21.00000000000000000, 1.956602898296059000, -0.09095291666472203600 ) ) ;
#6606 = DIRECTION ( 'NONE',  ( 0.0000000000000000000, -1.000000000000000000, 0.0000000000000000000 ) ) ;
#6607 = FACE_OUTER_BOUND ( 'NONE', #3532, .T. ) ;
#6608 = CARTESIAN_POINT ( 'NONE',  ( 0.0000000000000000000, 17.50000000000000000, 0.0000000000000000000 ) ) ;
#6609 = AXIS2_PLACEMENT_3D ( 'NONE', #9697, #9803, #276 ) ;
#6610 = ORIENTED_EDGE ( 'NONE', *, *, #5824, .F. ) ;
#6611 = DIRECTION ( 'NONE',  ( -0.0000000000000000000, -0.0000000000000000000, 1.000000000000000000 ) ) ;
#6612 = CARTESIAN_POINT ( 'NONE',  ( -3.499999998507302900, 0.0000000000000000000, 1.178085123999999700 ) ) ;
#6613 = CARTESIAN_POINT ( 'NONE',  ( 10.00000000000000000, 4.500000000000000900, -2.100000000000000100 ) ) ;
#6614 = AXIS2_PLACEMENT_3D ( 'NONE', #9220, #5375, #9984 ) ;
#6615 = ADVANCED_FACE ( 'NONE', ( #1605 ), #6187, .F. ) ;
#6616 = CARTESIAN_POINT ( 'NONE',  ( 16.62983158500000200, -6.888301783000001100, 8.500000000000000000 ) ) ;
#6617 = ORIENTED_EDGE ( 'NONE', *, *, #3057, .T. ) ;
#6618 = CALENDAR_DATE ( 2023, 10, 1 ) ;
#6619 = CIRCLE ( 'NONE', #3683, 11.00000000000000000 ) ;
#6620 = ORIENTED_EDGE ( 'NONE', *, *, #9975, .F. ) ;
#6621 = CARTESIAN_POINT ( 'NONE',  ( 0.0000000000000000000, 0.0000000000000000000, -20.00000000000000000 ) ) ;
#6622 = EDGE_LOOP ( 'NONE', ( #5910, #3164, #2755, #9244 ) ) ;
#6623 = DIRECTION ( 'NONE',  ( 1.000000000000000000, 0.0000000000000000000, 0.0000000000000000000 ) ) ;
#6624 = EDGE_CURVE ( 'NONE', #9956, #1318, #1979, .T. ) ;
#6625 = VERTEX_POINT ( 'NONE', #7187 ) ;
#6626 = COORDINATED_UNIVERSAL_TIME_OFFSET ( 8, 0, .AHEAD. ) ;
#6627 =( GEOMETRIC_REPRESENTATION_CONTEXT ( 3 ) GLOBAL_UNCERTAINTY_ASSIGNED_CONTEXT ( ( #8385 ) ) GLOBAL_UNIT_ASSIGNED_CONTEXT ( ( #8888, #1993, #3449 ) ) REPRESENTATION_CONTEXT ( 'NONE', 'WORKASPACE' ) );
#6628 = VECTOR ( 'NONE', #4282, 1000.000000000000000 ) ;
#6629 = AXIS2_PLACEMENT_3D ( 'NONE', #10123, #654, #3714 ) ;
#6630 = CARTESIAN_POINT ( 'NONE',  ( -6.888301783000001100, -16.62983158500000200, 8.500000000000000000 ) ) ;
#6631 = EDGE_LOOP ( 'NONE', ( #391, #1646, #2223, #514, #2518, #7260, #1164, #8396, #5932, #5864, #1604, #3024, #6774, #4108, #2884, #9206, #10139, #1299, #6947, #2788 ) ) ;
#6632 = ADVANCED_FACE ( 'NONE', ( #4319, #5943 ), #4143, .F. ) ;
#6633 = CARTESIAN_POINT ( 'NONE',  ( 12.44650452700000200, -21.00000000000000000, -15.00000000000000000 ) ) ;
#6634 = CARTESIAN_POINT ( 'NONE',  ( 19.62983158500000500, -6.888301783000001100, -20.00000000000000000 ) ) ;
#6635 = CARTESIAN_POINT ( 'NONE',  ( 10.18274024821126400, -7.305614329502558000, -3.260131981767526700 ) ) ;
#6636 = EDGE_LOOP ( 'NONE', ( #5494, #5415, #8008, #4900 ) ) ;
#6637 = ORIENTED_EDGE ( 'NONE', *, *, #8754, .T. ) ;
#6638 = APPROVAL_DATE_TIME ( #2795, #8882 ) ;
#6639 = CIRCLE ( 'NONE', #9581, 20.70000000000009500 ) ;
#6640 = CARTESIAN_POINT ( 'NONE',  ( 2.874016129999998900, 5.337932253999999200, -2.668966127000000000 ) ) ;
#6641 = EDGE_CURVE ( 'NONE', #81, #8723, #3194, .T. ) ;
#6642 = CARTESIAN_POINT ( 'NONE',  ( 11.60000000000000100, 3.849999999999999600, -4.500000000000000900 ) ) ;
#6643 = CARTESIAN_POINT ( 'NONE',  ( 0.0000000000000000000, 17.50000000000000000, 0.0000000000000000000 ) ) ;
#6644 = CARTESIAN_POINT ( 'NONE',  ( -8.975848116822833200, -13.98312105427709900, 0.2500000000000000000 ) ) ;
#6645 = SECURITY_CLASSIFICATION ( '', '', #7973 ) ;
#6646 = B_SPLINE_CURVE_WITH_KNOTS ( 'NONE', 3,
 ( #2658, #7321, #189, #258, #8883, #1050 ),
 .UNSPECIFIED., .F., .F.,
 ( 4, 2, 4 ),
 ( 0.0000000000000000000, 0.0008727285129432010700, 0.001745457025886402100 ),
 .UNSPECIFIED. ) ;
#6647 = DIRECTION ( 'NONE',  ( 0.0000000000000000000, 0.0000000000000000000, -1.000000000000000000 ) ) ;
#6648 = DIRECTION ( 'NONE',  ( -0.0000000000000000000, -0.0000000000000000000, 1.000000000000000000 ) ) ;
#6649 = CIRCLE ( 'NONE', #6153, 4.700000000000000200 ) ;
#6650 = CARTESIAN_POINT ( 'NONE',  ( -7.200000000000001100, 8.817456953860944300E-016, 5.000000000000000000 ) ) ;
#6651 = ORIENTED_EDGE ( 'NONE', *, *, #6544, .T. ) ;
#6652 = DIRECTION ( 'NONE',  ( 0.0000000000000000000, 0.0000000000000000000, 1.000000000000000000 ) ) ;
#6653 = CIRCLE ( 'NONE', #5210, 2.000000000000001800 ) ;
#6654 = DIRECTION ( 'NONE',  ( -0.0000000000000000000, -0.0000000000000000000, 1.000000000000000000 ) ) ;
#6655 = DIRECTION ( 'NONE',  ( -1.000000000000000000, 0.0000000000000000000, 0.0000000000000000000 ) ) ;
#6656 = CARTESIAN_POINT ( 'NONE',  ( 3.852301782999999700, 13.59383158500000000, -15.50000000000000000 ) ) ;
#6657 = CARTESIAN_POINT ( 'NONE',  ( 0.4868489831773051300, 3.971317610215446200, 29.42218753957030600 ) ) ;
#6658 = FACE_OUTER_BOUND ( 'NONE', #646, .T. ) ;
#6659 = ORIENTED_EDGE ( 'NONE', *, *, #3692, .T. ) ;
#6660 = AXIS2_PLACEMENT_3D ( 'NONE', #7469, #5913, #9866 ) ;
#6661 = EDGE_CURVE ( 'NONE', #8029, #8707, #2224, .T. ) ;
#6662 = DIRECTION ( 'NONE',  ( 0.0000000000000000000, 0.0000000000000000000, -1.000000000000000000 ) ) ;
#6663 = CYLINDRICAL_SURFACE ( 'NONE', #7569, 27.00000000000000000 ) ;
#6664 = AXIS2_PLACEMENT_3D ( 'NONE', #1552, #7018, #7810 ) ;
#6665 = DIRECTION ( 'NONE',  ( 0.0000000000000000000, 0.0000000000000000000, -1.000000000000000000 ) ) ;
#6666 = CYLINDRICAL_SURFACE ( 'NONE', #1689, 2.000000000000001800 ) ;
#6667 = EDGE_LOOP ( 'NONE', ( #9296, #8763, #1474, #508 ) ) ;
#6668 = EDGE_LOOP ( 'NONE', ( #4685, #203, #6798, #1508 ) ) ;
#6669 = CARTESIAN_POINT ( 'NONE',  ( 10.66631337897271300, -5.751861244938862000, -5.560595167613344700 ) ) ;
#6670 = AXIS2_PLACEMENT_3D ( 'NONE', #6532, #7287, #9608 ) ;
#6671 = EDGE_LOOP ( 'NONE', ( #2642, #1780, #5475, #2256 ) ) ;
#6672 = DIRECTION ( 'NONE',  ( 0.0000000000000000000, 0.0000000000000000000, -1.000000000000000000 ) ) ;
#6673 = FACE_BOUND ( 'NONE', #1911, .T. ) ;
#6674 = ORIENTED_EDGE ( 'NONE', *, *, #9357, .T. ) ;
#6675 = CARTESIAN_POINT ( 'NONE',  ( 12.99751941100000100, -17.67696888187445800, -0.9410742601651001000 ) ) ;
#6676 = AXIS2_PLACEMENT_3D ( 'NONE', #1338, #8507, #4520 ) ;
#6677 = DIRECTION ( 'NONE',  ( 0.8571673007928116700, 0.0000000000000000000, 0.5150380747591050100 ) ) ;
#6678 =( NAMED_UNIT ( * ) PLANE_ANGLE_UNIT ( ) SI_UNIT ( $, .RADIAN. ) );
#6679 = CIRCLE ( 'NONE', #7117, 21.00000000000000000 ) ;
#6680 = DIRECTION ( 'NONE',  ( -0.0000000000000000000, 0.0000000000000000000, -1.000000000000000000 ) ) ;
#6681 = ORIENTED_EDGE ( 'NONE', *, *, #5692, .F. ) ;
#6682 = FACE_OUTER_BOUND ( 'NONE', #6217, .T. ) ;
#6683 = DIRECTION ( 'NONE',  ( -1.000000000000000000, 0.0000000000000000000, 0.0000000000000000000 ) ) ;
#6684 = CARTESIAN_POINT ( 'NONE',  ( 6.299999999999999800, 6.123233995736766300E-016, 5.000000000000000000 ) ) ;
#6685 = MANIFOLD_SOLID_BREP ( '输入1', #8461 ) ;
#6686 = CARTESIAN_POINT ( 'NONE',  ( -15.50000000000000000, -13.75000000000000500, -14.99999999999999800 ) ) ;
#6687 = ADVANCED_FACE ( 'NONE', ( #5820 ), #3704, .F. ) ;
#6688 = CYLINDRICAL_SURFACE ( 'NONE', #4732, 2.999999999999998700 ) ;
#6689 = VERTEX_POINT ( 'NONE', #9538 ) ;
#6690 = FACE_OUTER_BOUND ( 'NONE', #7203, .T. ) ;
#6691 = DIRECTION ( 'NONE',  ( 0.0000000000000000000, -0.0000000000000000000, 1.000000000000000000 ) ) ;
#6692 = AXIS2_PLACEMENT_3D ( 'NONE', #9599, #4855, #4164 ) ;
#6693 = DIRECTION ( 'NONE',  ( -1.000000000000000000, 0.0000000000000000000, 0.0000000000000000000 ) ) ;
#6694 = DIRECTION ( 'NONE',  ( -1.000000000000000000, 0.0000000000000000000, 0.0000000000000000000 ) ) ;
#6695 = VECTOR ( 'NONE', #1601, 1000.000000000000000 ) ;
#6696 = ADVANCED_FACE ( 'NONE', ( #9522 ), #7437, .F. ) ;
#6697 = ORIENTED_EDGE ( 'NONE', *, *, #8285, .F. ) ;
#6698 = CARTESIAN_POINT ( 'NONE',  ( 3.000000000000000000, -1.755856524938669500, 1.562031795186841700 ) ) ;
#6699 = CARTESIAN_POINT ( 'NONE',  ( 10.00000000000000000, 7.350356332999999700, 5.750000000000000900 ) ) ;
#6700 = EDGE_CURVE ( 'NONE', #5402, #725, #6927, .T. ) ;
#6701 = CARTESIAN_POINT ( 'NONE',  ( 5.000000000000000000, 0.0000000000000000000, 0.0000000000000000000 ) ) ;
#6702 = DIRECTION ( 'NONE',  ( -0.0000000000000000000, 1.000000000000000000, 0.0000000000000000000 ) ) ;
#6703 = ORIENTED_EDGE ( 'NONE', *, *, #9946, .T. ) ;
#6704 = PRODUCT_RELATED_PRODUCT_CATEGORY ( 'detail', '', ( #9960 ) ) ;
#6705 = DIRECTION ( 'NONE',  ( 0.0000000000000000000, 1.000000000000000000, -8.260587980841938800E-017 ) ) ;
#6706 = VECTOR ( 'NONE', #4055, 1000.000000000000200 ) ;
#6707 = ORIENTED_EDGE ( 'NONE', *, *, #4932, .T. ) ;
#6708 = CARTESIAN_POINT ( 'NONE',  ( -17.67944947233549200, -12.99751941100000100, -0.9430728131723903300 ) ) ;
#6709 = DIRECTION ( 'NONE',  ( 1.000000000000000000, 0.0000000000000000000, 0.0000000000000000000 ) ) ;
#6710 = B_SPLINE_CURVE_WITH_KNOTS ( 'NONE', 3,
 ( #5378, #9448, #8627, #4579, #7895, #4684 ),
 .UNSPECIFIED., .F., .F.,
 ( 4, 2, 4 ),
 ( 3.670949692678217500E-011, 0.0006063048721818874800, 0.001212609707654278200 ),
 .UNSPECIFIED. ) ;
#6711 = DIRECTION ( 'NONE',  ( -0.0000000000000000000, 1.000000000000000000, 0.0000000000000000000 ) ) ;
#6712 = CARTESIAN_POINT ( 'NONE',  ( 0.0000000000000000000, -17.50000000000000000, 0.0000000000000000000 ) ) ;
#6713 = ORIENTED_EDGE ( 'NONE', *, *, #9903, .F. ) ;
#6714 = DIRECTION ( 'NONE',  ( 1.000000000000000000, 0.0000000000000000000, 0.0000000000000000000 ) ) ;
#6715 = LINE ( 'NONE', #985, #383 ) ;
#6716 = AXIS2_PLACEMENT_3D ( 'NONE', #2522, #8053, #3303 ) ;
#6717 = ITEM_DEFINED_TRANSFORMATION ( 'NONE', 'NONE', #6226,  #2234 ) ;
#6718 = ORIENTED_EDGE ( 'NONE', *, *, #7264, .T. ) ;
#6719 = EDGE_CURVE ( 'NONE', #4439, #9113, #5688, .T. ) ;
#6720 = EDGE_LOOP ( 'NONE', ( #632, #9704, #8213, #3873, #1416, #6990, #8885, #9424, #8433 ) ) ;
#6721 = PLANE ( 'NONE',  #1948 ) ;
#6722 = ORIENTED_EDGE ( 'NONE', *, *, #6021, .T. ) ;
#6723 = DIRECTION ( 'NONE',  ( 0.0000000000000000000, 0.0000000000000000000, 1.000000000000000000 ) ) ;
#6724 = LINE ( 'NONE', #2420, #9073 ) ;
#6725 = LOCAL_TIME ( 15, 11, 14.00000000000000000, #4990 ) ;
#6726 = ORIENTED_EDGE ( 'NONE', *, *, #2609, .T. ) ;
#6727 = LINE ( 'NONE', #3214, #9945 ) ;
#6728 = ORIENTED_EDGE ( 'NONE', *, *, #6753, .T. ) ;
#6729 = EDGE_CURVE ( 'NONE', #6163, #1592, #2593, .T. ) ;
#6730 = AXIS2_PLACEMENT_3D ( 'NONE', #5908, #5970, #6772 ) ;
#6731 = CARTESIAN_POINT ( 'NONE',  ( 15.50000000000000000, -15.50000000000000500, -15.00000000000000000 ) ) ;
#6732 = VERTEX_POINT ( 'NONE', #3229 ) ;
#6733 = ADVANCED_FACE ( 'NONE', ( #2110 ), #1062, .T. ) ;
#6734 = APPROVAL_DATE_TIME ( #3863, #6833 ) ;
#6735 = DIRECTION ( 'NONE',  ( 0.0000000000000000000, 0.0000000000000000000, 1.000000000000000000 ) ) ;
#6736 = CYLINDRICAL_SURFACE ( 'NONE', #6293, 21.00000000000000000 ) ;
#6737 = ADVANCED_FACE ( 'NONE', ( #8419 ), #95, .T. ) ;
#6738 = ORIENTED_EDGE ( 'NONE', *, *, #7606, .F. ) ;
#6739 = EDGE_CURVE ( 'NONE', #9769, #9541, #8784, .T. ) ;
#6740 = CARTESIAN_POINT ( 'NONE',  ( -17.07817932620515600, -12.91081848770896200, -0.4091063994181309800 ) ) ;
#6741 = DIRECTION ( 'NONE',  ( 0.0000000000000000000, 0.0000000000000000000, -1.000000000000000000 ) ) ;
#6742 = AXIS2_PLACEMENT_3D ( 'NONE', #4676, #5571, #7857 ) ;
#6743 = DIRECTION ( 'NONE',  ( -0.0000000000000000000, 1.734723475976807300E-016, 1.000000000000000000 ) ) ;
#6744 = ORIENTED_EDGE ( 'NONE', *, *, #1665, .T. ) ;
#6745 = CALENDAR_DATE ( 2023, 10, 1 ) ;
#6746 = LINE ( 'NONE', #7327, #2533 ) ;
#6747 = ADVANCED_FACE ( 'NONE', ( #5325, #2211 ), #3456, .T. ) ;
#6748 = DIRECTION ( 'NONE',  ( 0.0000000000000000000, 1.000000000000000000, -8.260587980841938800E-017 ) ) ;
#6749 = ORIENTED_EDGE ( 'NONE', *, *, #4903, .T. ) ;
#6750 = DIRECTION ( 'NONE',  ( -0.0000000000000000000, 0.0000000000000000000, -1.000000000000000000 ) ) ;
#6751 = VERTEX_POINT ( 'NONE', #6650 ) ;
#6752 = FACE_OUTER_BOUND ( 'NONE', #746, .T. ) ;
#6753 = EDGE_CURVE ( 'NONE', #7482, #5467, #7440, .T. ) ;
#6754 = ORIENTED_EDGE ( 'NONE', *, *, #1105, .T. ) ;
#6755 = CARTESIAN_POINT ( 'NONE',  ( -1.250000000000000000, 1.530808498934191600E-016, 19.50000000000000000 ) ) ;
#6756 = VERTEX_POINT ( 'NONE', #4093 ) ;
#6757 = DATE_AND_TIME ( #1053, #4276 ) ;
#6758 = DIRECTION ( 'NONE',  ( -1.000000000000000000, 0.0000000000000000000, 0.0000000000000000000 ) ) ;
#6759 = VECTOR ( 'NONE', #6442, 1000.000000000000000 ) ;
#6760 = DIRECTION ( 'NONE',  ( -0.0000000000000000000, -0.0000000000000000000, 1.000000000000000000 ) ) ;
#6761 = VERTEX_POINT ( 'NONE', #5659 ) ;
#6762 = DIRECTION ( 'NONE',  ( 0.0000000000000000000, -0.0000000000000000000, 1.000000000000000000 ) ) ;
#6763 = EDGE_CURVE ( 'NONE', #7977, #5600, #6646, .T. ) ;
#6765 = LINE ( 'NONE', #8212, #1186 ) ;
#6764 = CC_DESIGN_PERSON_AND_ORGANIZATION_ASSIGNMENT ( #9334, #1400, ( #8296 ) ) ;
#6766 = VERTEX_POINT ( 'NONE', #9794 ) ;
#6767 = EDGE_LOOP ( 'NONE', ( #1758, #3978, #7180, #7135 ) ) ;
#6768 = SHAPE_REPRESENTATION_RELATIONSHIP ( 'NONE' , 'NONE' ,  #1113, #4705 ) ;
#6769 = DIRECTION ( 'NONE',  ( 0.0000000000000000000, -9.912705577010312700E-016, 1.000000000000000000 ) ) ;
#6770 = VECTOR ( 'NONE', #4723, 1000.000000000000000 ) ;
#6771 = DIRECTION ( 'NONE',  ( 0.0000000000000000000, 0.0000000000000000000, 1.000000000000000000 ) ) ;
#6772 = DIRECTION ( 'NONE',  ( -1.000000000000000000, 0.0000000000000000000, 0.0000000000000000000 ) ) ;
#6773 = CYLINDRICAL_SURFACE ( 'NONE', #1509, 0.2999999999999999300 ) ;
#6774 = ORIENTED_EDGE ( 'NONE', *, *, #975, .T. ) ;
#6775 = ORIENTED_EDGE ( 'NONE', *, *, #4023, .T. ) ;
#6776 = EDGE_CURVE ( 'NONE', #3132, #5974, #5917, .T. ) ;
#6777 = AXIS2_PLACEMENT_3D ( 'NONE', #3336, #5636, #9725 ) ;
#6778 = DIRECTION ( 'NONE',  ( -1.000000000000000000, 0.0000000000000000000, 0.0000000000000000000 ) ) ;
#6779 = APPLICATION_PROTOCOL_DEFINITION ( 'international standard', 'config_control_design', 1994, #495 ) ;
#6780 = B_SPLINE_CURVE_WITH_KNOTS ( 'NONE', 3,
 ( #871, #6539, #9577, #6437, #1700, #8092, #5670, #2484, #8021, #1836, #3272, #5706, #7335, #3339, #8816, #3305, #8892, #8859, #2600, #9616, #4878, #945, #9900, #9002, #1872, #7539, #3526, #4289, #9873, #1101 ),
 .UNSPECIFIED., .F., .F.,
 ( 4, 2, 2, 2, 2, 2, 2, 2, 2, 2, 2, 2, 2, 2, 4 ),
 ( -0.005141019155102488300, -0.004498653800165827700, -0.003856288445229168000, -0.002571557735355849900, -0.001286827025482532700, -0.0006444616705458729900, -2.096315609214152700E-006, 0.0006402690393274464200, 0.001282634394264105200, 0.001924999749200764900, 0.002567365104137422900, 0.003209730459074081700, 0.003852095814010742300, 0.004494461168947401200, 0.005136826523884060000 ),
 .UNSPECIFIED. ) ;
#6781 = DIRECTION ( 'NONE',  ( 0.0000000000000000000, 0.0000000000000000000, -1.000000000000000000 ) ) ;
#6782 = CARTESIAN_POINT ( 'NONE',  ( 20.99999999925693900, -12.99751940970108200, -3.696872489737391900 ) ) ;
#6783 = CARTESIAN_POINT ( 'NONE',  ( -3.888301783000000200, -16.62983158500000200, 6.000000000000000000 ) ) ;
#6784 = CARTESIAN_POINT ( 'NONE',  ( 21.00000000000000000, 16.97056274823857100, -15.00000000323999800 ) ) ;
#6785 = FACE_OUTER_BOUND ( 'NONE', #4435, .T. ) ;
#6786 = VERTEX_POINT ( 'NONE', #8843 ) ;
#6787 = LINE ( 'NONE', #5007, #2316 ) ;
#6788 = ADVANCED_FACE ( 'NONE', ( #4815 ), #1475, .F. ) ;
#6789 = CARTESIAN_POINT ( 'NONE',  ( -17.50000000000000000, 0.0000000000000000000, -0.9914200209999999300 ) ) ;
#6790 = CARTESIAN_POINT ( 'NONE',  ( 7.784778030112277300, 5.875987312509405300, -5.430890434272249000 ) ) ;
#6791 = ORIENTED_EDGE ( 'NONE', *, *, #4122, .F. ) ;
#6792 = AXIS2_PLACEMENT_3D ( 'NONE', #9463, #5394, #7769 ) ;
#6793 = EDGE_CURVE ( 'NONE', #2958, #3685, #3950, .T. ) ;
#6794 = CYLINDRICAL_SURFACE ( 'NONE', #5213, 1.600000000000000800 ) ;
#6795 = CARTESIAN_POINT ( 'NONE',  ( 8.500000000000000000, -0.6000000009009824900, -2.426932219679573100 ) ) ;
#6796 = EDGE_LOOP ( 'NONE', ( #10006, #9046 ) ) ;
#6797 = AXIS2_PLACEMENT_3D ( 'NONE', #1732, #1695, #6502 ) ;
#6798 = ORIENTED_EDGE ( 'NONE', *, *, #6488, .T. ) ;
#6799 = ADVANCED_FACE ( 'NONE', ( #7169 ), #9278, .T. ) ;
#6800 = ORIENTED_EDGE ( 'NONE', *, *, #613, .F. ) ;
#6801 = FACE_OUTER_BOUND ( 'NONE', #7559, .T. ) ;
#6802 = EDGE_LOOP ( 'NONE', ( #7905, #1258, #59, #6 ) ) ;
#6803 = PLANE ( 'NONE',  #8058 ) ;
#6804 = EDGE_CURVE ( 'NONE', #7395, #5992, #8543, .T. ) ;
#6806 = DIRECTION ( 'NONE',  ( 1.000000000000000000, 0.0000000000000000000, 0.0000000000000000000 ) ) ;
#6805 = CYLINDRICAL_SURFACE ( 'NONE', #1284, 3.000000000000000900 ) ;
#6807 = AXIS2_PLACEMENT_3D ( 'NONE', #8746, #3853, #10193 ) ;
#6808 = ORIENTED_EDGE ( 'NONE', *, *, #4963, .T. ) ;
#6809 = VECTOR ( 'NONE', #7800, 1000.000000000000000 ) ;
#6810 = AXIS2_PLACEMENT_3D ( 'NONE', #2009, #3538, #3592 ) ;
#6811 = APPLICATION_CONTEXT ( 'configuration controlled 3d designs of mechanical parts and assemblies' ) ;
#6812 = DIRECTION ( 'NONE',  ( 0.0000000000000000000, -0.0000000000000000000, 1.000000000000000000 ) ) ;
#6813 = DIRECTION ( 'NONE',  ( 0.0000000000000000000, 0.0000000000000000000, -1.000000000000000000 ) ) ;
#6814 = VECTOR ( 'NONE', #364, 1000.000000000000000 ) ;
#6815 = CARTESIAN_POINT ( 'NONE',  ( 0.0000000000000000000, -1.000000000000000000, 0.0000000000000000000 ) ) ;
#6816 = ORIENTED_EDGE ( 'NONE', *, *, #4339, .T. ) ;
#6817 = CARTESIAN_POINT ( 'NONE',  ( 0.0000000000000000000, 0.0000000000000000000, 8.500000000000000000 ) ) ;
#6818 = DIRECTION ( 'NONE',  ( 0.0000000000000000000, 0.0000000000000000000, 1.000000000000000000 ) ) ;
#6819 = EDGE_CURVE ( 'NONE', #5370, #6462, #6435, .T. ) ;
#6820 = AXIS2_PLACEMENT_3D ( 'NONE', #6225, #4629, #2275 ) ;
#6821 = LINE ( 'NONE', #458, #6071 ) ;
#6822 = AXIS2_PLACEMENT_3D ( 'NONE', #1231, #5250, #5153 ) ;
#6823 = EDGE_LOOP ( 'NONE', ( #9767, #2687, #1516, #5911 ) ) ;
#6824 = ORIENTED_EDGE ( 'NONE', *, *, #603, .F. ) ;
#6825 = DIRECTION ( 'NONE',  ( 1.000000000000000000, 0.0000000000000000000, 0.0000000000000000000 ) ) ;
#6826 = DIRECTION ( 'NONE',  ( 0.8571673006368583100, 0.0000000000000000000, 0.5150380750186551700 ) ) ;
#6827 = VECTOR ( 'NONE', #7143, 1000.000000000000000 ) ;
#6828 = PERSON_AND_ORGANIZATION ( #8960, #8936 ) ;
#6829 = ORIENTED_EDGE ( 'NONE', *, *, #9428, .T. ) ;
#6830 = EDGE_CURVE ( 'NONE', #7215, #4327, #2732, .T. ) ;
#6831 = CARTESIAN_POINT ( 'NONE',  ( 12.79751941099933900, -16.80518909367566800, -15.00000000000000000 ) ) ;
#6832 = DIRECTION ( 'NONE',  ( -1.000000000000000000, 0.0000000000000000000, 0.0000000000000000000 ) ) ;
#6833 = APPROVAL ( #8698, '未指定' ) ;
#6834 = DIRECTION ( 'NONE',  ( 0.0000000000000000000, -1.000000000000000000, 0.0000000000000000000 ) ) ;
#6835 = EDGE_LOOP ( 'NONE', ( #5680, #5935 ) ) ;
#6836 = DIRECTION ( 'NONE',  ( 1.000000000000000000, 0.0000000000000000000, 0.0000000000000000000 ) ) ;
#6837 = LINE ( 'NONE', #6613, #4474 ) ;
#6838 = ORIENTED_EDGE ( 'NONE', *, *, #7504, .T. ) ;
#6839 = DATE_TIME_ROLE ( 'classification_date' ) ;
#6840 = FACE_OUTER_BOUND ( 'NONE', #8765, .T. ) ;
#6841 = DIRECTION ( 'NONE',  ( 0.0000000000000000000, -0.0000000000000000000, 1.000000000000000000 ) ) ;
#6842 = CARTESIAN_POINT ( 'NONE',  ( 0.0000000000000000000, -1.908195823574485600E-016, 12.40000000000000200 ) ) ;
#6843 = ADVANCED_FACE ( 'NONE', ( #3577 ), #5439, .F. ) ;
#6844 = CARTESIAN_POINT ( 'NONE',  ( -8.908950741248070000, -21.00000000000000000, -1.718334535560994700 ) ) ;
#6845 = CARTESIAN_POINT ( 'NONE',  ( -19.06420383200000000, 4.649475182000000700, 6.000000000000000000 ) ) ;
#6846 = VERTEX_POINT ( 'NONE', #6399 ) ;
#6847 = EDGE_CURVE ( 'NONE', #9640, #2279, #2728, .T. ) ;
#6848 = CALENDAR_DATE ( 2023, 10, 1 ) ;
#6849 = ORIENTED_EDGE ( 'NONE', *, *, #2290, .T. ) ;
#6850 = FACE_BOUND ( 'NONE', #7865, .T. ) ;
#6851 = CARTESIAN_POINT ( 'NONE',  ( 6.299999999999999800, 0.0000000000000000000, -5.000000000000000000 ) ) ;
#6852 = AXIS2_PLACEMENT_3D ( 'NONE', #819, #9526, #6289 ) ;
#6853 = CARTESIAN_POINT ( 'NONE',  ( 0.0000000000000000000, 17.50000000000000000, 999.0085799790000500 ) ) ;
#6854 = EDGE_LOOP ( 'NONE', ( #2867, #8937, #3435, #7754 ) ) ;
#6855 = ORIENTED_EDGE ( 'NONE', *, *, #1637, .T. ) ;
#6856 = DATE_AND_TIME ( #7101, #2274 ) ;
#6857 = FACE_OUTER_BOUND ( 'NONE', #3256, .T. ) ;
#6858 = EDGE_CURVE ( 'NONE', #4562, #9147, #105, .T. ) ;
#6859 = AXIS2_PLACEMENT_3D ( 'NONE', #489, #5109, #5244 ) ;
#6860 = VERTEX_POINT ( 'NONE', #9540 ) ;
#6861 = CARTESIAN_POINT ( 'NONE',  ( -19.81846583303409700, -6.946112439739921200, 3.256347308456194700 ) ) ;
#6862 = AXIS2_PLACEMENT_3D ( 'NONE', #438, #3686, #4452 ) ;
#6863 = DIRECTION ( 'NONE',  ( 0.0000000000000000000, 1.000000000000000000, 0.0000000000000000000 ) ) ;
#6864 = VERTEX_POINT ( 'NONE', #3230 ) ;
#6865 = CARTESIAN_POINT ( 'NONE',  ( 0.0000000000000000000, 0.0000000000000000000, 31.49999999999997200 ) ) ;
#6866 = ORIENTED_EDGE ( 'NONE', *, *, #7140, .F. ) ;
#6867 = PERSON_AND_ORGANIZATION ( #9162, #4154 ) ;
#6868 = LINE ( 'NONE', #4150, #6759 ) ;
#6869 = EDGE_LOOP ( 'NONE', ( #2048, #193, #2756, #1346, #1839 ) ) ;
#6870 = EDGE_CURVE ( 'NONE', #9380, #6864, #3820, .T. ) ;
#6871 = PERSON_AND_ORGANIZATION_ROLE ( 'design_owner' ) ;
#6872 = DIRECTION ( 'NONE',  ( 1.355252715606880800E-016, 1.000000000000000000, 0.0000000000000000000 ) ) ;
#6873 = AXIS2_PLACEMENT_3D ( 'NONE', #9418, #6286, #6348 ) ;
#6874 = EDGE_LOOP ( 'NONE', ( #8623, #7646, #1783, #8850 ) ) ;
#6875 = CARTESIAN_POINT ( 'NONE',  ( -10.98087762567725500, -20.99999999999999300, -2.635403691248408000 ) ) ;
#6876 = VERTEX_POINT ( 'NONE', #8718 ) ;
#6877 = PERSON_AND_ORGANIZATION ( #9162, #4154 ) ;
#6878 = DIRECTION ( 'NONE',  ( 0.0000000000000000000, 0.0000000000000000000, -1.000000000000000000 ) ) ;
#6879 = FACE_OUTER_BOUND ( 'NONE', #4640, .T. ) ;
#6880 = CARTESIAN_POINT ( 'NONE',  ( 0.0000000000000000000, 0.0000000000000000000, 8.500000000000000000 ) ) ;
#6881 = EDGE_CURVE ( 'NONE', #5992, #1152, #7670, .T. ) ;
#6882 = CARTESIAN_POINT ( 'NONE',  ( 1.300000000000000300, -1.000000000000000000, 8.096295448999999400 ) ) ;
#6883 = DIRECTION ( 'NONE',  ( -1.000000000000000000, 0.0000000000000000000, 0.0000000000000000000 ) ) ;
#6884 = LINE ( 'NONE', #1921, #9614 ) ;
#6885 = ORIENTED_EDGE ( 'NONE', *, *, #10160, .F. ) ;
#6886 = DIRECTION ( 'NONE',  ( 1.000000000000000000, 0.0000000000000000000, 0.0000000000000000000 ) ) ;
#6887 = PLANE ( 'NONE',  #8714 ) ;
#6888 = CIRCLE ( 'NONE', #2412, 2.999999999999999100 ) ;
#6889 = CARTESIAN_POINT ( 'NONE',  ( 0.0000000000000000000, 2.200000000000000200, 17.00000000000000000 ) ) ;
#6890 = EDGE_CURVE ( 'NONE', #3621, #3472, #6315, .T. ) ;
#6891 = APPROVAL ( #3812, '未指定' ) ;
#6892 = CARTESIAN_POINT ( 'NONE',  ( 0.0000000000000000000, -17.50000000000000000, 999.0085799790000500 ) ) ;
#6893 = ADVANCED_FACE ( 'NONE', ( #6690 ), #7916, .F. ) ;
#6894 = DIRECTION ( 'NONE',  ( 0.0000000000000000000, 0.0000000000000000000, -1.000000000000000000 ) ) ;
#6895 = FACE_OUTER_BOUND ( 'NONE', #7450, .T. ) ;
#6896 = ORIENTED_EDGE ( 'NONE', *, *, #6100, .T. ) ;
#6897 = CIRCLE ( 'NONE', #3467, 1.650000000000000100 ) ;
#6898 = CARTESIAN_POINT ( 'NONE',  ( 6.888301783000001100, 16.62983158500000200, 8.500000000000000000 ) ) ;
#6899 = CARTESIAN_POINT ( 'NONE',  ( 0.0000000000000000000, 0.0000000000000000000, 0.2999999999999999300 ) ) ;
#6900 = CARTESIAN_POINT ( 'NONE',  ( 0.0000000000000000000, -3.614007241618347800E-016, 0.0000000000000000000 ) ) ;
#6901 = CARTESIAN_POINT ( 'NONE',  ( -1.000000000618904000, 0.0000000000000000000, 4.931531201969234800 ) ) ;
#6902 = LINE ( 'NONE', #702, #2705 ) ;
#6903 = EDGE_CURVE ( 'NONE', #9892, #4521, #601, .T. ) ;
#6904 = EDGE_LOOP ( 'NONE', ( #9587, #4590, #9834, #1532 ) ) ;
#6905 = AXIS2_PLACEMENT_3D ( 'NONE', #1435, #2332, #10256 ) ;
#6906 = APPLICATION_PROTOCOL_DEFINITION ( 'international standard', 'config_control_design', 1994, #2829 ) ;
#6907 = CARTESIAN_POINT ( 'NONE',  ( 17.50000000000000000, 0.0000000000000000000, -0.9914200209999999300 ) ) ;
#6908 = CARTESIAN_POINT ( 'NONE',  ( 10.75310500058955100, -7.687145157969029100, 2.216144833478629600 ) ) ;
#6909 = EDGE_LOOP ( 'NONE', ( #3464, #8702 ) ) ;
#6910 = CARTESIAN_POINT ( 'NONE',  ( 1.347560978545288400, -0.5000000000000000000, 8.392501379749786500 ) ) ;
#6911 = DIRECTION ( 'NONE',  ( 0.0000000000000000000, 0.0000000000000000000, 1.000000000000000000 ) ) ;
#6912 = VERTEX_POINT ( 'NONE', #7089 ) ;
#6913 = CIRCLE ( 'NONE', #3992, 1.600000000000000800 ) ;
#6914 = EDGE_LOOP ( 'NONE', ( #1963, #5199, #1708, #2826 ) ) ;
#6915 = VECTOR ( 'NONE', #10005, 1000.000000000000000 ) ;
#6916 = DIRECTION ( 'NONE',  ( -1.734723475976807100E-015, 0.0000000000000000000, 1.000000000000000000 ) ) ;
#6917 = ORIENTED_EDGE ( 'NONE', *, *, #7914, .F. ) ;
#6918 = CIRCLE ( 'NONE', #4409, 10.50000000000000000 ) ;
#6919 = CARTESIAN_POINT ( 'NONE',  ( 0.0000000000000000000, 0.0000000000000000000, 0.0000000000000000000 ) ) ;
#6920 = CARTESIAN_POINT ( 'NONE',  ( -10.96218742957091900, 20.99999999999999600, -2.670053101066375900 ) ) ;
#6921 = CARTESIAN_POINT ( 'NONE',  ( 8.500000000000000000, 0.5999999989098960800, -2.426932220171821100 ) ) ;
#6922 = CARTESIAN_POINT ( 'NONE',  ( -9.500000000000000000, 1.163414459189985500E-015, 11.00000000000000000 ) ) ;
#6923 = AXIS2_PLACEMENT_3D ( 'NONE', #2599, #9728, #1912 ) ;
#6924 = VECTOR ( 'NONE', #4226, 1000.000000000000000 ) ;
#6925 = CARTESIAN_POINT ( 'NONE',  ( 10.00000000000000000, 4.500000000000000900, -4.500000000000000900 ) ) ;
#6926 = ORIENTED_EDGE ( 'NONE', *, *, #7583, .T. ) ;
#6928 = CARTESIAN_POINT ( 'NONE',  ( 3.000000000000000000, -1.499999999485099900, -0.8660254034274004200 ) ) ;
#6927 = CIRCLE ( 'NONE', #6923, 21.00000000000000000 ) ;
#6929 = EDGE_CURVE ( 'NONE', #1144, #8978, #9913, .T. ) ;
#6930 = CARTESIAN_POINT ( 'NONE',  ( 12.00000000000000000, 0.0000000000000000000, 0.0000000000000000000 ) ) ;
#6931 = CARTESIAN_POINT ( 'NONE',  ( 17.67696888270802100, 13.00000000000000400, -0.9425438106029003800 ) ) ;
#6932 = LINE ( 'NONE', #3106, #7675 ) ;
#6933 = EDGE_LOOP ( 'NONE', ( #870, #10236, #8532, #7904 ) ) ;
#6934 = DIRECTION ( 'NONE',  ( -0.0000000000000000000, -0.0000000000000000000, -1.000000000000000000 ) ) ;
#6935 = AXIS2_PLACEMENT_3D ( 'NONE', #9974, #4458, #9110 ) ;
#6936 = SECURITY_CLASSIFICATION_LEVEL ( 'unclassified' ) ;
#6937 = PLANE ( 'NONE',  #3382 ) ;
#6938 = VERTEX_POINT ( 'NONE', #731 ) ;
#6939 = EDGE_CURVE ( 'NONE', #862, #5616, #2964, .T. ) ;
#6940 = ADVANCED_FACE ( 'NONE', ( #7786 ), #1100, .F. ) ;
#6941 = CARTESIAN_POINT ( 'NONE',  ( 12.99751941100000100, 17.67944947199999800, -7.929365624499999000 ) ) ;
#6942 = DIRECTION ( 'NONE',  ( 0.0000000000000000000, 1.000000000000000000, 0.0000000000000000000 ) ) ;
#6943 = LINE ( 'NONE', #4523, #2866 ) ;
#6944 = ORIENTED_EDGE ( 'NONE', *, *, #1685, .F. ) ;
#6945 = EDGE_CURVE ( 'NONE', #4138, #522, #1942, .T. ) ;
#6946 = CARTESIAN_POINT ( 'NONE',  ( -3.833920890947670700, -0.4999999999999998900, 4.293257518549823200 ) ) ;
#6947 = ORIENTED_EDGE ( 'NONE', *, *, #4303, .T. ) ;
#6948 = DIRECTION ( 'NONE',  ( 0.0000000000000000000, 1.000000000000000000, -8.260587980841938800E-017 ) ) ;
#6949 = SECURITY_CLASSIFICATION ( '', '', #434 ) ;
#6950 = CARTESIAN_POINT ( 'NONE',  ( 16.62983158500000200, -6.888301783000001100, 8.500000000000000000 ) ) ;
#6951 = CIRCLE ( 'NONE', #4268, 8.000000000000000000 ) ;
#6952 = CARTESIAN_POINT ( 'NONE',  ( 0.7582473221945363900, 3.931691898237470000, 15.69111894969912200 ) ) ;
#6953 = COORDINATED_UNIVERSAL_TIME_OFFSET ( 8, 0, .AHEAD. ) ;
#6954 = ORIENTED_EDGE ( 'NONE', *, *, #5660, .F. ) ;
#6955 = ORIENTED_EDGE ( 'NONE', *, *, #6158, .T. ) ;
#6956 = DIRECTION ( 'NONE',  ( 0.9238795325793935900, -0.3826834322006654200, 0.0000000000000000000 ) ) ;
#6957 = ORIENTED_EDGE ( 'NONE', *, *, #8194, .T. ) ;
#6958 = CYLINDRICAL_SURFACE ( 'NONE', #6317, 7.200000000000001100 ) ;
#6959 = EDGE_CURVE ( 'NONE', #1563, #653, #8175, .T. ) ;
#6960 = DIRECTION ( 'NONE',  ( -0.0000000000000000000, 4.130293990420969400E-017, 1.000000000000000000 ) ) ;
#6961 = EDGE_LOOP ( 'NONE', ( #611, #10007, #4834, #5444, #10216 ) ) ;
#6962 = CC_DESIGN_PERSON_AND_ORGANIZATION_ASSIGNMENT ( #7942, #4200, ( #1524 ) ) ;
#6963 = CIRCLE ( 'NONE', #2134, 5.000000000000000000 ) ;
#6964 = DIRECTION ( 'NONE',  ( 0.0000000000000000000, -9.912705577010318600E-016, 1.000000000000000000 ) ) ;
#6965 = ORIENTED_EDGE ( 'NONE', *, *, #9044, .T. ) ;
#6966 = ORIENTED_EDGE ( 'NONE', *, *, #7642, .T. ) ;
#6967 = DIRECTION ( 'NONE',  ( -1.000000000000000000, 0.0000000000000000000, 0.0000000000000000000 ) ) ;
#6968 = PLANE ( 'NONE',  #5231 ) ;
#6969 = APPLICATION_PROTOCOL_DEFINITION ( 'international standard', 'config_control_design', 1994, #1232 ) ;
#6970 = CARTESIAN_POINT ( 'NONE',  ( 12.39933271059362200, -6.710197440198859600, 4.358475494317185700 ) ) ;
#6971 = COORDINATED_UNIVERSAL_TIME_OFFSET ( 8, 0, .AHEAD. ) ;
#6972 = VECTOR ( 'NONE', #9613, 1000.000000000000000 ) ;
#6973 = CARTESIAN_POINT ( 'NONE',  ( -1.650000000000000100, -17.50000000000000000, 0.0000000000000000000 ) ) ;
#6974 = DIRECTION ( 'NONE',  ( 0.0000000000000000000, 0.0000000000000000000, 1.000000000000000000 ) ) ;
#6975 = ORIENTED_EDGE ( 'NONE', *, *, #8345, .F. ) ;
#6976 = AXIS2_PLACEMENT_3D ( 'NONE', #6152, #8476, #6942 ) ;
#6977 = EDGE_CURVE ( 'NONE', #2089, #2605, #9588, .T. ) ;
#6978 = CARTESIAN_POINT ( 'NONE',  ( -20.97188735230645000, -1.938014982924042100, -0.06123710949739472100 ) ) ;
#6979 = ORIENTED_EDGE ( 'NONE', *, *, #9670, .F. ) ;
#6980 = PERSON_AND_ORGANIZATION ( #9162, #4154 ) ;
#6981 = AXIS2_PLACEMENT_3D ( 'NONE', #4516, #5350, #1367 ) ;
#6982 = DIRECTION ( 'NONE',  ( 0.0000000000000000000, 0.0000000000000000000, 1.000000000000000000 ) ) ;
#6983 = CIRCLE ( 'NONE', #8660, 11.00000000000000000 ) ;
#6984 = CARTESIAN_POINT ( 'NONE',  ( 2.153584602315739000E-009, 21.00000000000000000, 0.0000000000000000000 ) ) ;
#6985 = VERTEX_POINT ( 'NONE', #4948 ) ;
#6986 = DIRECTION ( 'NONE',  ( 0.0000000000000000000, 0.0000000000000000000, -1.000000000000000000 ) ) ;
#6987 =( BOUNDED_SURFACE ( )  B_SPLINE_SURFACE ( 3, 1, ( 
 ( #2122, #551 ),
 ( #8453, #3008 ),
 ( #1526, #7752 ),
 ( #10240, #5466 ) ),
 .UNSPECIFIED., .F., .F., .F. ) 
 B_SPLINE_SURFACE_WITH_KNOTS ( ( 4, 4 ),
 ( 2, 2 ),
 ( 0.0000000000000000000, 1.000000000000000000 ),
 ( 0.0000000000000000000, 1.000000000000000000 ),
 .UNSPECIFIED. ) 
 GEOMETRIC_REPRESENTATION_ITEM ( )  RATIONAL_B_SPLINE_SURFACE ( (
 ( 1.000000000000000000, 1.000000000000000000),
 ( 0.3333333333333330400, 0.3333333333333330400),
 ( 0.3333333333333330400, 0.3333333333333330400),
 ( 1.000000000000000000, 1.000000000000000000) ) ) 
 REPRESENTATION_ITEM ( '' )  SURFACE ( )  );
#6988 = CARTESIAN_POINT ( 'NONE',  ( -3.500000000000000000, 0.0000000000000000000, 31.50000000000000000 ) ) ;
#6989 = EDGE_CURVE ( 'NONE', #6163, #8869, #8232, .T. ) ;
#6990 = ORIENTED_EDGE ( 'NONE', *, *, #826, .T. ) ;
#6991 = LINE ( 'NONE', #9611, #7235 ) ;
#6992 = ORIENTED_EDGE ( 'NONE', *, *, #1385, .T. ) ;
#6993 = ADVANCED_FACE ( 'NONE', ( #9515 ), #5778, .F. ) ;
#6994 = AXIS2_PLACEMENT_3D ( 'NONE', #1142, #5890, #8209 ) ;
#6995 = ORIENTED_EDGE ( 'NONE', *, *, #7057, .F. ) ;
#6996 = DATE_AND_TIME ( #3025, #5150 ) ;
#6997 = LINE ( 'NONE', #7627, #2683 ) ;
#6998 = ORIENTED_EDGE ( 'NONE', *, *, #8194, .F. ) ;
#6999 = B_SPLINE_CURVE_WITH_KNOTS ( 'NONE', 3,
 ( #2200, #8535, #3680, #10021 ),
 .UNSPECIFIED., .F., .F.,
 ( 4, 4 ),
 ( 2.319755305936487400E-012, 0.004313764731632011400 ),
 .UNSPECIFIED. ) ;
#7000 = DIRECTION ( 'NONE',  ( 1.000000000000000000, 0.0000000000000000000, 0.0000000000000000000 ) ) ;
#7001 = AXIS2_PLACEMENT_3D ( 'NONE', #6701, #1120, #3475 ) ;
#7002 = CARTESIAN_POINT ( 'NONE',  ( -13.00000000016037300, 17.52036949704785600, -0.8163806865282718900 ) ) ;
#7003 = DIRECTION ( 'NONE',  ( -0.0000000000000000000, -0.0000000000000000000, 1.000000000000000000 ) ) ;
#7004 = CIRCLE ( 'NONE', #3821, 2.500000000000000000 ) ;
#7005 = EDGE_LOOP ( 'NONE', ( #9899, #3897, #8751 ) ) ;
#7006 = DIRECTION ( 'NONE',  ( 1.000000000000000000, 0.0000000000000000000, 0.0000000000000000000 ) ) ;
#7007 = VECTOR ( 'NONE', #5180, 1000.000000000000000 ) ;
#7008 = APPLICATION_PROTOCOL_DEFINITION ( 'international standard', 'config_control_design', 1994, #1366 ) ;
#7009 = CARTESIAN_POINT ( 'NONE',  ( -10.83248228967693700, -1.915919948866198400, 3.037138004915203900 ) ) ;
#7010 = CARTESIAN_POINT ( 'NONE',  ( 21.00000000007482700, -10.97874871014294500, -2.634429812229357000 ) ) ;
#7011 = PLANE ( 'NONE',  #7722 ) ;
#7012 =( GEOMETRIC_REPRESENTATION_CONTEXT ( 3 ) GLOBAL_UNCERTAINTY_ASSIGNED_CONTEXT ( ( #684 ) ) GLOBAL_UNIT_ASSIGNED_CONTEXT ( ( #1941, #9130, #1907 ) ) REPRESENTATION_CONTEXT ( 'NONE', 'WORKASPACE' ) );
#7013 = ORIENTED_EDGE ( 'NONE', *, *, #4706, .F. ) ;
#7014 = ORIENTED_EDGE ( 'NONE', *, *, #262, .T. ) ;
#7015 = PLANE ( 'NONE',  #9443 ) ;
#7016 = EDGE_CURVE ( 'NONE', #782, #700, #3519, .T. ) ;
#7017 = DIRECTION ( 'NONE',  ( 0.0000000000000000000, -1.000000000000000000, 0.0000000000000000000 ) ) ;
#7018 = DIRECTION ( 'NONE',  ( 0.0000000000000000000, 0.0000000000000000000, -1.000000000000000000 ) ) ;
#7019 = FACE_OUTER_BOUND ( 'NONE', #9499, .T. ) ;
#7020 = CARTESIAN_POINT ( 'NONE',  ( 10.00000000000000000, 3.849999999999999600, -6.100000000000001400 ) ) ;
#7021 = ORIENTED_EDGE ( 'NONE', *, *, #857, .F. ) ;
#7022 = ORIENTED_EDGE ( 'NONE', *, *, #5432, .F. ) ;
#7023 = CARTESIAN_POINT ( 'NONE',  ( -1.129306011150811100, 3.837936726767583900, 16.00796651724595100 ) ) ;
#7024 = LINE ( 'NONE', #3666, #5788 ) ;
#7025 = EDGE_CURVE ( 'NONE', #5974, #3132, #6780, .T. ) ;
#7026 = SECURITY_CLASSIFICATION ( '', '', #10124 ) ;
#7027 = DIRECTION ( 'NONE',  ( 0.0000000000000000000, 0.0000000000000000000, -1.000000000000000000 ) ) ;
#7028 = CARTESIAN_POINT ( 'NONE',  ( 9.817568455018555800, -7.305642286699468400, -3.260069651283796300 ) ) ;
#7029 = ORIENTED_EDGE ( 'NONE', *, *, #8800, .F. ) ;
#7030 = FACE_OUTER_BOUND ( 'NONE', #7119, .T. ) ;
#7031 = ORIENTED_EDGE ( 'NONE', *, *, #2441, .T. ) ;
#7032 = CARTESIAN_POINT ( 'NONE',  ( -20.51219149676611800, -4.499999999999987600, 4.500000000000636800 ) ) ;
#7033 = DIRECTION ( 'NONE',  ( -1.000000000000000000, 0.0000000000000000000, 0.0000000000000000000 ) ) ;
#7034 = PLANE ( 'NONE',  #1825 ) ;
#7035 = ORIENTED_EDGE ( 'NONE', *, *, #7076, .T. ) ;
#7036 = CARTESIAN_POINT ( 'NONE',  ( 15.48178128877512300, -9.659940380894394000, 8.000000000000000000 ) ) ;
#7037 = EDGE_LOOP ( 'NONE', ( #7343, #6718 ) ) ;
#7038 = AXIS2_PLACEMENT_3D ( 'NONE', #4591, #7053, #10161 ) ;
#7039 = DIRECTION ( 'NONE',  ( -0.0000000000000000000, 0.0000000000000000000, -1.000000000000000000 ) ) ;
#7040 = DATE_TIME_ROLE ( 'classification_date' ) ;
#7041 = EDGE_CURVE ( 'NONE', #9142, #8614, #478, .T. ) ;
#7042 = CIRCLE ( 'NONE', #742, 6.000000000000000000 ) ;
#7043 = ORIENTED_EDGE ( 'NONE', *, *, #4673, .T. ) ;
#7044 = CARTESIAN_POINT ( 'NONE',  ( -15.50000000000000000, 13.74999999999999500, -15.00000000000000200 ) ) ;
#7045 = CARTESIAN_POINT ( 'NONE',  ( 11.54240091650670800, -7.547250691231198500, 2.655319416159936700 ) ) ;
#7046 = LINE ( 'NONE', #10072, #1347 ) ;
#7047 = ADVANCED_FACE ( 'NONE', ( #4695 ), #2598, .F. ) ;
#7048 = CARTESIAN_POINT ( 'NONE',  ( -1.500000000277420100, 3.708099243323387900, 28.00000000234375000 ) ) ;
#7049 = ORIENTED_EDGE ( 'NONE', *, *, #8323, .F. ) ;
#7050 = CYLINDRICAL_SURFACE ( 'NONE', #6862, 2.000000000000000000 ) ;
#7051 = DIRECTION ( 'NONE',  ( -0.0000000000000000000, 1.000000000000000000, 0.0000000000000000000 ) ) ;
#7052 = DIRECTION ( 'NONE',  ( 0.0000000000000000000, 0.0000000000000000000, -1.000000000000000000 ) ) ;
#7053 = DIRECTION ( 'NONE',  ( 0.0000000000000000000, 0.0000000000000000000, -1.000000000000000000 ) ) ;
#7054 = CARTESIAN_POINT ( 'NONE',  ( 6.888301783000001100, 16.62983158500000200, 8.500000000000000000 ) ) ;
#7055 = CIRCLE ( 'NONE', #151, 27.00000000000000000 ) ;
#7056 = DIRECTION ( 'NONE',  ( -1.000000000000000000, 0.0000000000000000000, 0.0000000000000000000 ) ) ;
#7057 = EDGE_CURVE ( 'NONE', #1638, #8457, #2455, .T. ) ;
#7058 = AXIS2_PLACEMENT_3D ( 'NONE', #7964, #743, #5574 ) ;
#7059 = EDGE_LOOP ( 'NONE', ( #4847, #6002, #9976, #5959 ) ) ;
#7060 = CIRCLE ( 'NONE', #5661, 0.7500000000000006700 ) ;
#7061 = VERTEX_POINT ( 'NONE', #9796 ) ;
#7062 = DIRECTION ( 'NONE',  ( -0.0000000000000000000, 0.0000000000000000000, -1.000000000000000000 ) ) ;
#7063 = EDGE_CURVE ( 'NONE', #6049, #5237, #3186, .T. ) ;
#7064 = CARTESIAN_POINT ( 'NONE',  ( 2.332238092999999100, -1.000000000000000000, 6.626889377999998700 ) ) ;
#7065 = CARTESIAN_POINT ( 'NONE',  ( -12.79999998727530300, 16.80766965690381900, -0.1267072439093802600 ) ) ;
#7066 = AXIS2_PLACEMENT_3D ( 'NONE', #5413, #5548, #1606 ) ;
#7067 = ORIENTED_EDGE ( 'NONE', *, *, #2321, .T. ) ;
#7068 = CARTESIAN_POINT ( 'NONE',  ( 13.62983158500000000, -6.888301783000001100, -15.50000000000000000 ) ) ;
#7069 = FACE_OUTER_BOUND ( 'NONE', #1662, .T. ) ;
#7070 = APPROVAL_DATE_TIME ( #4842, #715 ) ;
#7071 = ORIENTED_EDGE ( 'NONE', *, *, #9701, .T. ) ;
#7072 = DIRECTION ( 'NONE',  ( 0.0000000000000000000, 0.0000000000000000000, 1.000000000000000000 ) ) ;
#7073 = APPROVAL_STATUS ( 'not_yet_approved' ) ;
#7074 = CARTESIAN_POINT ( 'NONE',  ( 0.0000000000000000000, 0.0000000000000000000, 5.000000000000000000 ) ) ;
#7075 = CARTESIAN_POINT ( 'NONE',  ( 0.0000000000000000000, 0.0000000000000000000, -5.700000000000000200 ) ) ;
#7076 = EDGE_CURVE ( 'NONE', #9315, #5346, #6426, .T. ) ;
#7077 = CARTESIAN_POINT ( 'NONE',  ( 21.00000000000000000, 0.0000000000000000000, -16.69999999999999900 ) ) ;
#7078 = ORIENTED_EDGE ( 'NONE', *, *, #3354, .T. ) ;
#7079 = CARTESIAN_POINT ( 'NONE',  ( 16.69036934231543900, -12.74486450321356500, 2.815176115986868800E-010 ) ) ;
#7080 = VERTEX_POINT ( 'NONE', #8201 ) ;
#7081 = VECTOR ( 'NONE', #5747, 1000.000000000000000 ) ;
#7082 = CALENDAR_DATE ( 2023, 10, 1 ) ;
#7083 = ORIENTED_EDGE ( 'NONE', *, *, #575, .F. ) ;
#7084 = CIRCLE ( 'NONE', #1361, 3.000000000000002700 ) ;
#7085 = EDGE_CURVE ( 'NONE', #9912, #10159, #9159, .T. ) ;
#7086 = ORIENTED_EDGE ( 'NONE', *, *, #10029, .F. ) ;
#7087 = ORIENTED_EDGE ( 'NONE', *, *, #2133, .F. ) ;
#7088 = CARTESIAN_POINT ( 'NONE',  ( -20.35052578120209800, 5.182287181219187700, 6.000000000200000900 ) ) ;
#7089 = CARTESIAN_POINT ( 'NONE',  ( 0.5000000000000000000, -1.500000000000000000, -0.8660254040000003900 ) ) ;
#7090 = APPROVAL_PERSON_ORGANIZATION ( #5606, #2195, #10252 ) ;
#7091 = ORIENTED_EDGE ( 'NONE', *, *, #3342, .T. ) ;
#7092 = CIRCLE ( 'NONE', #8502, 10.50000000000000000 ) ;
#7093 = ADVANCED_FACE ( 'NONE', ( #354 ), #9775, .F. ) ;
#7094 = CARTESIAN_POINT ( 'NONE',  ( 9.146706543993753200, -5.887719571502023200, -5.416677367113246400 ) ) ;
#7095 = ORIENTED_EDGE ( 'NONE', *, *, #5078, .T. ) ;
#7096 = EDGE_CURVE ( 'NONE', #5346, #4487, #824, .T. ) ;
#7097 = AXIS2_PLACEMENT_3D ( 'NONE', #7537, #8331, #3684 ) ;
#7098 = CC_DESIGN_PERSON_AND_ORGANIZATION_ASSIGNMENT ( #384, #7394, ( #8899 ) ) ;
#7099 = DIRECTION ( 'NONE',  ( -1.000000000000000000, 0.0000000000000000000, 0.0000000000000000000 ) ) ;
#7100 = VERTEX_POINT ( 'NONE', #1913 ) ;
#7101 = CALENDAR_DATE ( 2023, 10, 1 ) ;
#7102 = VECTOR ( 'NONE', #179, 1000.000000000000000 ) ;
#7103 = VERTEX_POINT ( 'NONE', #3488 ) ;
#7104 = PERSON_AND_ORGANIZATION_ROLE ( 'classification_officer' ) ;
#7105 = CARTESIAN_POINT ( 'NONE',  ( 0.0000000000000000000, 0.0000000000000000000, -16.69999999999999900 ) ) ;
#7106 = CARTESIAN_POINT ( 'NONE',  ( -2.332238092999999100, 0.0000000000000000000, 6.626889377999998700 ) ) ;
#7107 = VERTEX_POINT ( 'NONE', #1172 ) ;
#7108 = CARTESIAN_POINT ( 'NONE',  ( 6.500000000000000900, -0.6000000000000000900, -5.015438406999999500 ) ) ;
#7109 = ORIENTED_EDGE ( 'NONE', *, *, #9716, .T. ) ;
#7110 = CALENDAR_DATE ( 2023, 10, 1 ) ;
#7111 = DIRECTION ( 'NONE',  ( 0.0000000000000000000, 1.000000000000000000, 0.0000000000000000000 ) ) ;
#7112 = FACE_OUTER_BOUND ( 'NONE', #9743, .T. ) ;
#7113 = AXIS2_PLACEMENT_3D ( 'NONE', #7801, #6974, #9360 ) ;
#7114 = EDGE_CURVE ( 'NONE', #4394, #9968, #8533, .T. ) ;
#7115 = EDGE_LOOP ( 'NONE', ( #9969, #4838, #7729, #9472, #4443, #8639, #9324 ) ) ;
#7116 = CARTESIAN_POINT ( 'NONE',  ( 0.0000000000000000000, 5.000000000000000000, 12.40000000000000000 ) ) ;
#7117 = AXIS2_PLACEMENT_3D ( 'NONE', #4301, #9144, #2875 ) ;
#7118 = DIRECTION ( 'NONE',  ( 0.0000000000000000000, 0.0000000000000000000, -1.000000000000000000 ) ) ;
#7119 = EDGE_LOOP ( 'NONE', ( #10035, #2096, #8117, #10013 ) ) ;
#7120 = EDGE_LOOP ( 'NONE', ( #3925, #4377, #905, #9307 ) ) ;
#7121 = PERSON_AND_ORGANIZATION ( #9162, #4154 ) ;
#7122 = VECTOR ( 'NONE', #1398, 1000.000000000000000 ) ;
#7123 = CARTESIAN_POINT ( 'NONE',  ( -21.00000000000000000, 0.0000000000000000000, -15.00000000648000400 ) ) ;
#7124 = DIRECTION ( 'NONE',  ( 0.0000000000000000000, -4.130293990420969400E-017, -1.000000000000000000 ) ) ;
#7125 = EDGE_CURVE ( 'NONE', #6756, #8897, #1351, .T. ) ;
#7126 = AXIS2_PLACEMENT_3D ( 'NONE', #8171, #3387, #8932 ) ;
#7127 = LINE ( 'NONE', #6454, #8742 ) ;
#7128 = EDGE_LOOP ( 'NONE', ( #5384, #7083 ) ) ;
#7129 = ORIENTED_EDGE ( 'NONE', *, *, #1414, .T. ) ;
#7130 = AXIS2_PLACEMENT_3D ( 'NONE', #480, #6760, #2053 ) ;
#7131 = DIRECTION ( 'NONE',  ( -0.0000000000000000000, -1.000000000000000000, -0.0000000000000000000 ) ) ;
#7132 = CARTESIAN_POINT ( 'NONE',  ( 12.50000000000000000, 0.0000000000000000000, 0.0000000000000000000 ) ) ;
#7133 = CARTESIAN_POINT ( 'NONE',  ( 9.553567326306698200, 7.274562398508818400, 3.329033570271128900 ) ) ;
#7134 = LINE ( 'NONE', #2331, #9879 ) ;
#7135 = ORIENTED_EDGE ( 'NONE', *, *, #1489, .F. ) ;
#7136 = ORIENTED_EDGE ( 'NONE', *, *, #1864, .T. ) ;
#7137 = CARTESIAN_POINT ( 'NONE',  ( 20.99999999979979700, 0.6536102831981491800, 6.443914064036797900E-012 ) ) ;
#7138 = APPROVAL_STATUS ( 'not_yet_approved' ) ;
#7139 = CIRCLE ( 'NONE', #4717, 4.000000000000000000 ) ;
#7140 = EDGE_CURVE ( 'NONE', #5653, #6336, #1852, .T. ) ;
#7141 = ADVANCED_FACE ( 'NONE', ( #4323, #6682 ), #5842, .T. ) ;
#7142 = CARTESIAN_POINT ( 'NONE',  ( 0.0000000000000000000, 0.0000000000000000000, 4.500000000000000900 ) ) ;
#7143 = DIRECTION ( 'NONE',  ( 0.0000000000000000000, 0.0000000000000000000, -1.000000000000000000 ) ) ;
#7144 = AXIS2_PLACEMENT_3D ( 'NONE', #1866, #9031, #5915 ) ;
#7145 = AXIS2_PLACEMENT_3D ( 'NONE', #8124, #4871, #49 ) ;
#7146 = CIRCLE ( 'NONE', #8775, 3.000000000000000900 ) ;
#7147 = ORIENTED_EDGE ( 'NONE', *, *, #4072, .F. ) ;
#7148 = DIRECTION ( 'NONE',  ( -0.0000000000000000000, 1.084202172485504400E-016, 1.000000000000000000 ) ) ;
#7149 = DIRECTION ( 'NONE',  ( 0.0000000000000000000, 0.0000000000000000000, -1.000000000000000000 ) ) ;
#7150 = ORIENTED_EDGE ( 'NONE', *, *, #2718, .F. ) ;
#7151 = CARTESIAN_POINT ( 'NONE',  ( 6.299999999999999800, 0.0000000000000000000, 0.0000000000000000000 ) ) ;
#7152 = CARTESIAN_POINT ( 'NONE',  ( 0.0000000000000000000, 0.0000000000000000000, 31.00000000000002800 ) ) ;
#7153 = CARTESIAN_POINT ( 'NONE',  ( 0.0000000000000000000, 0.0000000000000000000, 9.500000000000000000 ) ) ;
#7154 = CARTESIAN_POINT ( 'NONE',  ( -13.00000000030800100, 16.72449999999999900, -15.00000000000000000 ) ) ;
#7155 = ORIENTED_EDGE ( 'NONE', *, *, #5554, .T. ) ;
#7156 = CYLINDRICAL_SURFACE ( 'NONE', #7534, 21.00000000000000000 ) ;
#7157 = EDGE_CURVE ( 'NONE', #3936, #6846, #7427, .T. ) ;
#7158 = ORIENTED_EDGE ( 'NONE', *, *, #3233, .F. ) ;
#7159 = CC_DESIGN_DATE_AND_TIME_ASSIGNMENT ( #8223, #3178, ( #8424 ) ) ;
#7160 = LINE ( 'NONE', #4399, #6308 ) ;
#7161 = VERTEX_POINT ( 'NONE', #5257 ) ;
#7162 = VECTOR ( 'NONE', #307, 1000.000000000000000 ) ;
#7163 = CARTESIAN_POINT ( 'NONE',  ( -10.11980983603906200, -4.316248369782270400, -1.500000000000005300 ) ) ;
#7164 = CARTESIAN_POINT ( 'NONE',  ( 21.00000000000000000, 12.99999999662976400, -15.00000000431999700 ) ) ;
#7165 = DIRECTION ( 'NONE',  ( -1.473925977847374000E-030, -9.912705577010326500E-016, 1.000000000000000000 ) ) ;
#7166 = VECTOR ( 'NONE', #9188, 1000.000000000000000 ) ;
#7167 = PRODUCT_DEFINITION_SHAPE ( 'NONE', 'NONE',  #895 ) ;
#7168 = ORIENTED_EDGE ( 'NONE', *, *, #9810, .F. ) ;
#7169 = FACE_OUTER_BOUND ( 'NONE', #1875, .T. ) ;
#7170 = CARTESIAN_POINT ( 'NONE',  ( 5.182287183306171700, 20.35052578067064700, 6.000000000200000000 ) ) ;
#7171 = AXIS2_PLACEMENT_3D ( 'NONE', #1165, #9824, #6429 ) ;
#7172 = CARTESIAN_POINT ( 'NONE',  ( 3.000000000000000000, -0.6109030669845990600, 2.269279948134634000 ) ) ;
#7173 = APPROVAL_STATUS ( 'not_yet_approved' ) ;
#7174 = EDGE_CURVE ( 'NONE', #6246, #9023, #10262, .T. ) ;
#7175 = CARTESIAN_POINT ( 'NONE',  ( 20.99999999925693900, -12.99751940970108200, -3.696872489737391900 ) ) ;
#7176 = CARTESIAN_POINT ( 'NONE',  ( -5.755954265999998000, -1.000000000000000000, -2.214256879247651400E-009 ) ) ;
#7177 = AXIS2_PLACEMENT_3D ( 'NONE', #8889, #5668, #2481 ) ;
#7178 = DIRECTION ( 'NONE',  ( 0.0000000000000000000, -6.424901762877064700E-017, 1.000000000000000000 ) ) ;
#7179 = CIRCLE ( 'NONE', #7981, 3.499999999999917000 ) ;
#7180 = ORIENTED_EDGE ( 'NONE', *, *, #73, .T. ) ;
#7181 = DIRECTION ( 'NONE',  ( 0.0000000000000000000, 0.0000000000000000000, -1.000000000000000000 ) ) ;
#7182 = DIRECTION ( 'NONE',  ( 1.000000000000000000, -0.0000000000000000000, -0.0000000000000000000 ) ) ;
#7183 = VERTEX_POINT ( 'NONE', #6783 ) ;
#7184 = CARTESIAN_POINT ( 'NONE',  ( 15.50000000000000000, 15.50000000000000000, -20.00000000000000000 ) ) ;
#7185 = DIRECTION ( 'NONE',  ( 1.000000000000000000, -0.0000000000000000000, -0.0000000000000000000 ) ) ;
#7186 = DIRECTION ( 'NONE',  ( 0.0000000000000000000, 0.0000000000000000000, 1.000000000000000000 ) ) ;
#7187 = CARTESIAN_POINT ( 'NONE',  ( 15.50000000000000000, 17.24999999999999300, -14.99999999999999800 ) ) ;
#7188 = LINE ( 'NONE', #5419, #5094 ) ;
#7189 = CARTESIAN_POINT ( 'NONE',  ( 7.585844693783783100, -6.627530555960807300, 4.491033446945740700 ) ) ;
#7190 = VERTEX_POINT ( 'NONE', #5292 ) ;
#7191 = AXIS2_PLACEMENT_3D ( 'NONE', #468, #9165, #5322 ) ;
#7192 = DIRECTION ( 'NONE',  ( -1.000000000000000000, 0.0000000000000000000, 0.0000000000000000000 ) ) ;
#7193 = ADVANCED_FACE ( 'NONE', ( #7299 ), #2175, .F. ) ;
#7194 = EDGE_LOOP ( 'NONE', ( #245, #7586, #1457, #9598 ) ) ;
#7195 = DIRECTION ( 'NONE',  ( 0.0000000000000000000, 0.0000000000000000000, 1.000000000000000000 ) ) ;
#7196 = LINE ( 'NONE', #1203, #2981 ) ;
#7197 = APPROVAL_PERSON_ORGANIZATION ( #7942, #6440, #2576 ) ;
#7198 = CARTESIAN_POINT ( 'NONE',  ( 10.75310500055552300, 7.687145157972183000, -2.216144833467591300 ) ) ;
#7199 = ORIENTED_EDGE ( 'NONE', *, *, #8118, .F. ) ;
#7200 = LINE ( 'NONE', #6946, #8387 ) ;
#7201 = CARTESIAN_POINT ( 'NONE',  ( 0.5000000000000000000, -0.7500000000000000000, 1.299038106000000200 ) ) ;
#7202 = ORIENTED_EDGE ( 'NONE', *, *, #2588, .T. ) ;
#7203 = EDGE_LOOP ( 'NONE', ( #7839, #7230, #2670, #6000 ) ) ;
#7204 = CARTESIAN_POINT ( 'NONE',  ( 10.51685553476533700, 4.447333433015265800, -6.650209241886089200 ) ) ;
#7205 = AXIS2_PLACEMENT_3D ( 'NONE', #7308, #8870, #1742 ) ;
#7206 = DIRECTION ( 'NONE',  ( 0.0000000000000000000, 0.0000000000000000000, -1.000000000000000000 ) ) ;
#7207 = APPROVAL_STATUS ( 'not_yet_approved' ) ;
#7208 = CYLINDRICAL_SURFACE ( 'NONE', #1476, 1.650000000000000100 ) ;
#7209 = CARTESIAN_POINT ( 'NONE',  ( 20.69999999999999900, 0.0000000000000000000, -17.00000000000000000 ) ) ;
#7210 = LOCAL_TIME ( 15, 11, 14.00000000000000000, #8324 ) ;
#7211 = ORIENTED_EDGE ( 'NONE', *, *, #1375, .F. ) ;
#7212 = EDGE_CURVE ( 'NONE', #4233, #1205, #3321, .T. ) ;
#7213 = FACE_OUTER_BOUND ( 'NONE', #9194, .T. ) ;
#7214 = DIRECTION ( 'NONE',  ( 0.0000000000000000000, 0.0000000000000000000, -1.000000000000000000 ) ) ;
#7215 = VERTEX_POINT ( 'NONE', #2864 ) ;
#7216 = ORIENTED_EDGE ( 'NONE', *, *, #7280, .F. ) ;
#7217 = DIRECTION ( 'NONE',  ( -1.000000000000000000, 0.0000000000000000000, 0.0000000000000000000 ) ) ;
#7218 = EDGE_CURVE ( 'NONE', #3409, #1588, #9397, .T. ) ;
#7219 = DIRECTION ( 'NONE',  ( 0.0000000000000000000, -1.000000000000000000, 0.0000000000000000000 ) ) ;
#7220 = ORIENTED_EDGE ( 'NONE', *, *, #9985, .T. ) ;
#7221 = DATE_AND_TIME ( #9325, #7483 ) ;
#7222 = CARTESIAN_POINT ( 'NONE',  ( 20.93582483669955600, 1.640864731341901800, 2.417854612839578800 ) ) ;
#7223 = PRODUCT_DEFINITION ( '未知', '', #642, #6016 ) ;
#7224 = CIRCLE ( 'NONE', #1027, 1.650000000000002100 ) ;
#7225 = CARTESIAN_POINT ( 'NONE',  ( 0.0000000000000000000, 0.0000000000000000000, 0.0000000000000000000 ) ) ;
#7226 = ORIENTED_EDGE ( 'NONE', *, *, #3508, .T. ) ;
#7227 = DIRECTION ( 'NONE',  ( 0.0000000000000000000, -1.000000000000000000, 0.0000000000000000000 ) ) ;
#7228 = DIRECTION ( 'NONE',  ( 1.000000000000000000, -0.0000000000000000000, 0.0000000000000000000 ) ) ;
#7229 = CARTESIAN_POINT ( 'NONE',  ( 0.0000000000000000000, 8.000000000000000000, 9.499999999999998200 ) ) ;
#7230 = ORIENTED_EDGE ( 'NONE', *, *, #232, .T. ) ;
#7231 = APPROVAL_PERSON_ORGANIZATION ( #8970, #4907, #6287 ) ;
#7232 = DIRECTION ( 'NONE',  ( 0.0000000000000000000, 0.0000000000000000000, -1.000000000000000000 ) ) ;
#7233 = FACE_OUTER_BOUND ( 'NONE', #4643, .T. ) ;
#7234 = EDGE_CURVE ( 'NONE', #6604, #8723, #9830, .T. ) ;
#7235 = VECTOR ( 'NONE', #4906, 1000.000000000000000 ) ;
#7236 = VERTEX_POINT ( 'NONE', #2831 ) ;
#7237 = VERTEX_POINT ( 'NONE', #8368 ) ;
#7238 = CALENDAR_DATE ( 2023, 10, 1 ) ;
#7239 = CYLINDRICAL_SURFACE ( 'NONE', #10119, 3.000000000000000900 ) ;
#7240 = CARTESIAN_POINT ( 'NONE',  ( 3.000000000231520100, 0.0000000000000000000, 2.349999999662562500 ) ) ;
#7241 = APPROVAL_STATUS ( 'not_yet_approved' ) ;
#7242 = ORIENTED_EDGE ( 'NONE', *, *, #7763, .F. ) ;
#7243 = CARTESIAN_POINT ( 'NONE',  ( 16.97056274823856700, -20.99999999999999600, -20.00000000000000400 ) ) ;
#7244 = ADVANCED_FACE ( 'NONE', ( #2336 ), #7050, .T. ) ;
#7245 = DIRECTION ( 'NONE',  ( 1.000000000000000000, 0.0000000000000000000, 0.0000000000000000000 ) ) ;
#7246 = CARTESIAN_POINT ( 'NONE',  ( 14.15000000000000000, 1.732875220793504900E-015, 10.50000000000000000 ) ) ;
#7247 = FACE_BOUND ( 'NONE', #8255, .T. ) ;
#7248 = CARTESIAN_POINT ( 'NONE',  ( 10.03742994994242100, 4.500000000000082600, -1.500000000000259100 ) ) ;
#7249 = ORIENTED_EDGE ( 'NONE', *, *, #5675, .F. ) ;
#7250 = EDGE_CURVE ( 'NONE', #2094, #3974, #1229, .T. ) ;
#7251 = CIRCLE ( 'NONE', #2703, 5.000000000000000000 ) ;
#7252 = CARTESIAN_POINT ( 'NONE',  ( 0.0000000000000000000, 0.0000000000000000000, 5.000000000000000000 ) ) ;
#7253 = CARTESIAN_POINT ( 'NONE',  ( 0.0000000000000000000, 0.0000000000000000000, 13.49999999999999800 ) ) ;
#7254 = AXIS2_PLACEMENT_3D ( 'NONE', #1663, #4947, #4103 ) ;
#7255 = PLANE ( 'NONE',  #6088 ) ;
#7256 = DIRECTION ( 'NONE',  ( 1.000000000000000000, 1.156482317317872500E-015, 0.0000000000000000000 ) ) ;
#7257 = DIRECTION ( 'NONE',  ( 0.9238795331876220600, -0.3826834307322716800, 0.0000000000000000000 ) ) ;
#7258 = DIRECTION ( 'NONE',  ( 1.000000000000000000, 0.0000000000000000000, 0.0000000000000000000 ) ) ;
#7259 = CIRCLE ( 'NONE', #6692, 4.700000000000000200 ) ;
#7260 = ORIENTED_EDGE ( 'NONE', *, *, #7063, .T. ) ;
#7261 = CARTESIAN_POINT ( 'NONE',  ( 8.962076781001741200, -7.653197439993059300, 2.330685126618016900 ) ) ;
#7262 = CARTESIAN_POINT ( 'NONE',  ( 1.750000000000000000, 1.500000000000000000, 0.8660254040000001700 ) ) ;
#7263 = EDGE_LOOP ( 'NONE', ( #5270, #2149 ) ) ;
#7264 = EDGE_CURVE ( 'NONE', #3994, #4197, #6311, .T. ) ;
#7265 = CARTESIAN_POINT ( 'NONE',  ( -8.069701035479427600, -7.475541679595787400, 1.062974851528848400 ) ) ;
#7266 = AXIS2_PLACEMENT_3D ( 'NONE', #2387, #8725, #67 ) ;
#7267 = DIRECTION ( 'NONE',  ( -1.000000000000000000, -0.0000000000000000000, -0.0000000000000000000 ) ) ;
#7268 = DIRECTION ( 'NONE',  ( -0.0000000000000000000, 0.0000000000000000000, -1.000000000000000000 ) ) ;
#7269 = CARTESIAN_POINT ( 'NONE',  ( -10.57120459484114300, -3.046203244994154500, -1.131645459269871300 ) ) ;
#7270 = VECTOR ( 'NONE', #85, 999.9999999999998900 ) ;
#7271 = ORIENTED_EDGE ( 'NONE', *, *, #5486, .T. ) ;
#7272 = EDGE_LOOP ( 'NONE', ( #2680, #3572, #3128, #6255 ) ) ;
#7273 = EDGE_CURVE ( 'NONE', #3567, #994, #592, .T. ) ;
#7274 = VERTEX_POINT ( 'NONE', #6015 ) ;
#7275 =( REPRESENTATION_RELATIONSHIP ('NONE','NONE', #4455, #8079 ) REPRESENTATION_RELATIONSHIP_WITH_TRANSFORMATION ( #5473 )SHAPE_REPRESENTATION_RELATIONSHIP( ) );
#7276 = FACE_BOUND ( 'NONE', #879, .T. ) ;
#7277 = ORIENTED_EDGE ( 'NONE', *, *, #6320, .T. ) ;
#7278 = DIRECTION ( 'NONE',  ( 0.0000000000000000000, 0.0000000000000000000, 1.000000000000000000 ) ) ;
#7279 = CARTESIAN_POINT ( 'NONE',  ( 6.888301783000001100, 16.62983158500000200, -15.50000000000000000 ) ) ;
#7280 = EDGE_CURVE ( 'NONE', #8929, #583, #5071, .T. ) ;
#7281 = CARTESIAN_POINT ( 'NONE',  ( -20.81528522747981900, -2.788572260811530400, 3.977656830991433100 ) ) ;
#7282 = CARTESIAN_POINT ( 'NONE',  ( 11.60000000000000100, 3.849999999999999200, -4.500000000000000900 ) ) ;
#7283 = VERTEX_POINT ( 'NONE', #9996 ) ;
#7284 = CC_DESIGN_APPROVAL ( #10136, ( #9078 ) ) ;
#7285 = CARTESIAN_POINT ( 'NONE',  ( 12.16623437901581200, -0.6000000000000000900, -2.598171426389776600 ) ) ;
#7286 = ORIENTED_EDGE ( 'NONE', *, *, #6421, .F. ) ;
#7287 = DIRECTION ( 'NONE',  ( 0.0000000000000000000, 0.0000000000000000000, -1.000000000000000000 ) ) ;
#7288 = LINE ( 'NONE', #4645, #10011 ) ;
#7289 = ORIENTED_EDGE ( 'NONE', *, *, #9504, .F. ) ;
#7290 = VERTEX_POINT ( 'NONE', #7667 ) ;
#7291 = CARTESIAN_POINT ( 'NONE',  ( 17.67696888200000400, -12.99751941239642300, -15.00000000000000000 ) ) ;
#7292 = DIRECTION ( 'NONE',  ( -1.000000000000000000, 0.0000000000000000000, 0.0000000000000000000 ) ) ;
#7293 = CARTESIAN_POINT ( 'NONE',  ( 0.0000000000000000000, 0.0000000000000000000, 10.50000000000000000 ) ) ;
#7294 = B_SPLINE_CURVE_WITH_KNOTS ( 'NONE', 3,
 ( #1434, #6249, #1469, #3748, #5523, #5583, #4690, #10255, #10221, #750 ),
 .UNSPECIFIED., .F., .F.,
 ( 4, 2, 2, 2, 4 ),
 ( 1.312347848326482100E-012, 0.006780593243619307600, 0.008475741554196046900, 0.01017088986477278700, 0.01356118648592626700 ),
 .UNSPECIFIED. ) ;
#7295 = VECTOR ( 'NONE', #1981, 1000.000000000000000 ) ;
#7296 = CARTESIAN_POINT ( 'NONE',  ( 6.888301783000001100, 16.62983158500000200, -20.00000000000000000 ) ) ;
#7297 = PLANE ( 'NONE',  #7822 ) ;
#7298 = ORIENTED_EDGE ( 'NONE', *, *, #6776, .T. ) ;
#7299 = FACE_OUTER_BOUND ( 'NONE', #6622, .T. ) ;
#7300 = CARTESIAN_POINT ( 'NONE',  ( 0.0000000000000000000, 0.0000000000000000000, 19.50000000000000000 ) ) ;
#7301 = EDGE_CURVE ( 'NONE', #6846, #3936, #5315, .T. ) ;
#7302 = AXIS2_PLACEMENT_3D ( 'NONE', #9095, #6648, #7442 ) ;
#7303 = CARTESIAN_POINT ( 'NONE',  ( 0.0000000000000000000, 0.0000000000000000000, 0.2000000000000000100 ) ) ;
#7304 = ADVANCED_FACE ( 'NONE', ( #7661 ), #4656, .F. ) ;
#7305 = CARTESIAN_POINT ( 'NONE',  ( -21.00000000000000000, 12.99999999662976400, -15.00000000432000200 ) ) ;
#7306 = CIRCLE ( 'NONE', #6529, 1.749999999999972500 ) ;
#7307 = VERTEX_POINT ( 'NONE', #1472 ) ;
#7308 = CARTESIAN_POINT ( 'NONE',  ( 0.0000000000000000000, 0.0000000000000000000, 0.0000000000000000000 ) ) ;
#7309 = DIRECTION ( 'NONE',  ( 0.0000000000000000000, -0.8660254037305482600, 0.5000000000933408900 ) ) ;
#7310 = CARTESIAN_POINT ( 'NONE',  ( 15.02983158500000000, -6.888301783000001100, 8.500000000000000000 ) ) ;
#7311 = CIRCLE ( 'NONE', #357, 1.599999999999995400 ) ;
#7312 = AXIS2_PLACEMENT_3D ( 'NONE', #1544, #6257, #9395 ) ;
#7313 = ORIENTED_EDGE ( 'NONE', *, *, #9368, .F. ) ;
#7314 = CARTESIAN_POINT ( 'NONE',  ( 3.000000000000000000, -0.1118176362369404400, 2.350000000225720900 ) ) ;
#7315 = APPROVAL_ROLE ( '' ) ;
#7316 = EDGE_CURVE ( 'NONE', #3067, #3017, #5200, .T. ) ;
#7317 = CARTESIAN_POINT ( 'NONE',  ( 0.0000000000000000000, 0.0000000000000000000, 4.500000000000000900 ) ) ;
#7318 = DIRECTION ( 'NONE',  ( -1.000000000000000000, 0.0000000000000000000, 0.0000000000000000000 ) ) ;
#7319 = AXIS2_PLACEMENT_3D ( 'NONE', #6210, #9290, #6112 ) ;
#7320 = ORIENTED_EDGE ( 'NONE', *, *, #1822, .F. ) ;
#7321 = CARTESIAN_POINT ( 'NONE',  ( 20.80832124716740200, 6.455941327542056700, -0.7856322551357150000 ) ) ;
#7322 = VECTOR ( 'NONE', #4588, 1000.000000000000000 ) ;
#7323 = LOCAL_TIME ( 15, 11, 14.00000000000000000, #5222 ) ;
#7324 = VERTEX_POINT ( 'NONE', #1438 ) ;
#7325 = CARTESIAN_POINT ( 'NONE',  ( 10.82419358039686200, 7.166408817959443000, 3.556128297026842000 ) ) ;
#7326 = EDGE_CURVE ( 'NONE', #3936, #771, #8657, .T. ) ;
#7327 = CARTESIAN_POINT ( 'NONE',  ( -12.99999999479064700, 21.00000000000000000, -9.940000000000003100 ) ) ;
#7328 = CARTESIAN_POINT ( 'NONE',  ( 20.90069638304988700, 2.044176239068344000, 3.242954711481687500 ) ) ;
#7329 = CARTESIAN_POINT ( 'NONE',  ( 0.0000000000000000000, -2.702128715719968400E-041, 13.50000000000000000 ) ) ;
#7330 = EDGE_LOOP ( 'NONE', ( #252, #2003, #3223, #519 ) ) ;
#7331 = EDGE_CURVE ( 'NONE', #326, #9892, #3073, .T. ) ;
#7332 = CARTESIAN_POINT ( 'NONE',  ( 6.899999999999999500, -0.6000000000765358700, 4.963869458387091700 ) ) ;
#7333 = ORIENTED_EDGE ( 'NONE', *, *, #8049, .T. ) ;
#7334 = CARTESIAN_POINT ( 'NONE',  ( -16.62983158500000200, 6.888301783000001100, -15.50000000000000000 ) ) ;
#7335 = CARTESIAN_POINT ( 'NONE',  ( 8.046883644441704700, 7.499844242230111000, 1.279937398128293100 ) ) ;
#7336 = CARTESIAN_POINT ( 'NONE',  ( -10.72556437412060900, -18.05442518729117300, 6.000000000100000000 ) ) ;
#7337 = LINE ( 'NONE', #6508, #4363 ) ;
#7338 = APPROVAL_PERSON_ORGANIZATION ( #1770, #3644, #6319 ) ;
#7339 = AXIS2_PLACEMENT_3D ( 'NONE', #4468, #7062, #7000 ) ;
#7340 = ORIENTED_EDGE ( 'NONE', *, *, #4644, .T. ) ;
#7341 = CIRCLE ( 'NONE', #1600, 3.000000000000000900 ) ;
#7342 = CARTESIAN_POINT ( 'NONE',  ( 10.00000000000000000, 0.5999999999999998700, 5.750000000000000900 ) ) ;
#7343 = ORIENTED_EDGE ( 'NONE', *, *, #8132, .T. ) ;
#7344 = CARTESIAN_POINT ( 'NONE',  ( 12.16623437882869800, -0.6000000000295487900, 2.598171426234224100 ) ) ;
#7345 = PRODUCT_DEFINITION_SHAPE ( 'NONE', 'NONE',  #1192 ) ;
#7346 = VERTEX_POINT ( 'NONE', #4555 ) ;
#7347 = DIRECTION ( 'NONE',  ( 0.0000000000000000000, 0.0000000000000000000, 1.000000000000000000 ) ) ;
#7348 = CARTESIAN_POINT ( 'NONE',  ( 0.0000000000000000000, 0.0000000000000000000, 19.50000000000000000 ) ) ;
#7349 = CALENDAR_DATE ( 2023, 10, 1 ) ;
#7350 = ORIENTED_EDGE ( 'NONE', *, *, #6989, .F. ) ;
#7351 = CIRCLE ( 'NONE', #7097, 3.000000000000002700 ) ;
#7352 = EDGE_CURVE ( 'NONE', #5863, #6302, #5810, .T. ) ;
#7353 = AXIS2_PLACEMENT_3D ( 'NONE', #9469, #7884, #3160 ) ;
#7354 = ORIENTED_EDGE ( 'NONE', *, *, #5078, .F. ) ;
#7355 = AXIS2_PLACEMENT_3D ( 'NONE', #7663, #1432, #5318 ) ;
#7356 = CARTESIAN_POINT ( 'NONE',  ( 3.000000000000000000, -2.147146365167489800, -0.9572472488433523300 ) ) ;
#7357 = APPROVAL_STATUS ( 'not_yet_approved' ) ;
#7358 = DIRECTION ( 'NONE',  ( -0.0000000000000000000, -0.0000000000000000000, -1.000000000000000000 ) ) ;
#7359 = ADVANCED_FACE ( 'NONE', ( #8778, #962 ), #7011, .T. ) ;
#7360 = CARTESIAN_POINT ( 'NONE',  ( -20.94376973923471800, -1.537304051908792600, 2.039332011280219300 ) ) ;
#7361 = ORIENTED_EDGE ( 'NONE', *, *, #6464, .F. ) ;
#7362 = COORDINATED_UNIVERSAL_TIME_OFFSET ( 8, 0, .AHEAD. ) ;
#7363 = CARTESIAN_POINT ( 'NONE',  ( 13.62983158500000000, -6.888301783000001100, -15.50000000000000000 ) ) ;
#7364 = CIRCLE ( 'NONE', #4696, 20.99999999999999600 ) ;
#7365 = CARTESIAN_POINT ( 'NONE',  ( 10.66091063531131100, 2.715515400275309700, 3.919462364415339500 ) ) ;
#7366 = EDGE_LOOP ( 'NONE', ( #3963, #7340, #3848, #9010, #4615, #6955, #470, #5922, #1222, #9981, #3895 ) ) ;
#7367 = EDGE_CURVE ( 'NONE', #6181, #8876, #9269, .T. ) ;
#7368 = CARTESIAN_POINT ( 'NONE',  ( 10.85365325309758000, 5.888045836949728200, 5.416319118214265600 ) ) ;
#7369 = ORIENTED_EDGE ( 'NONE', *, *, #1553, .T. ) ;
#7370 = CARTESIAN_POINT ( 'NONE',  ( 10.00000000000000000, 0.6000000000000000900, -4.500000000000000900 ) ) ;
#7371 = CC_DESIGN_PERSON_AND_ORGANIZATION_ASSIGNMENT ( #3502, #3953, ( #4836 ) ) ;
#7372 = PRODUCT ( 'M3hexagon socket head cap screw', 'M3hexagon socket head cap screw', '', ( #3747 ) ) ;
#7373 = DIRECTION ( 'NONE',  ( -0.0000000000000000000, 0.0000000000000000000, -1.000000000000000000 ) ) ;
#7374 = ORIENTED_EDGE ( 'NONE', *, *, #2935, .T. ) ;
#7375 = PERSON_AND_ORGANIZATION ( #9162, #4154 ) ;
#7376 = DIRECTION ( 'NONE',  ( 0.0000000000000000000, -1.000000000000000000, -9.912705577010326500E-016 ) ) ;
#7377 = FACE_OUTER_BOUND ( 'NONE', #8103, .T. ) ;
#7378 = CARTESIAN_POINT ( 'NONE',  ( -20.99999999882130900, -6.276053402874434400, -0.9177746650116546100 ) ) ;
#7379 = CARTESIAN_POINT ( 'NONE',  ( 0.5000000000000000000, 1.500000000000000000, -0.8660254040000003900 ) ) ;
#7380 = ORIENTED_EDGE ( 'NONE', *, *, #111, .F. ) ;
#7381 = CARTESIAN_POINT ( 'NONE',  ( -9.659940380374983700, -15.48178128821322700, 6.000000000000000000 ) ) ;
#7382 = ORIENTED_EDGE ( 'NONE', *, *, #1426, .T. ) ;
#7383 = EDGE_LOOP ( 'NONE', ( #9458, #8016, #2206, #9286 ) ) ;
#7384 = B_SPLINE_CURVE_WITH_KNOTS ( 'NONE', 3,
 ( #6323, #662, #1507, #3054 ),
 .UNSPECIFIED., .F., .F.,
 ( 4, 4 ),
 ( 6.249394050108266800E-015, 0.0001793028472423078000 ),
 .UNSPECIFIED. ) ;
#7385 = APPROVAL_DATE_TIME ( #2681, #1790 ) ;
#7386 = CIRCLE ( 'NONE', #4417, 0.2999999999999999300 ) ;
#7387 = AXIS2_PLACEMENT_3D ( 'NONE', #7303, #310, #5889 ) ;
#7388 = EDGE_CURVE ( 'NONE', #4846, #4275, #6918, .T. ) ;
#7389 = CARTESIAN_POINT ( 'NONE',  ( 0.0000000000000000000, 0.0000000000000000000, 0.0000000000000000000 ) ) ;
#7390 = AXIS2_PLACEMENT_3D ( 'NONE', #8126, #4909, #3377 ) ;
#7391 = VECTOR ( 'NONE', #5868, 999.9999999999998900 ) ;
#7392 = ORIENTED_EDGE ( 'NONE', *, *, #526, .T. ) ;
#7393 = CARTESIAN_POINT ( 'NONE',  ( 3.000000000000000000, -2.177130278526768300, 0.8936314338949275000 ) ) ;
#7394 = PERSON_AND_ORGANIZATION_ROLE ( 'classification_officer' ) ;
#7395 = VERTEX_POINT ( 'NONE', #6254 ) ;
#7396 = ADVANCED_FACE ( 'NONE', ( #3696 ), #5557, .T. ) ;
#7397 = DIRECTION ( 'NONE',  ( -0.0000000000000000000, -0.0000000000000000000, 1.000000000000000000 ) ) ;
#7398 = CARTESIAN_POINT ( 'NONE',  ( 10.00000000000000000, -4.499999999999948500, 4.500000000000000900 ) ) ;
#7399 = EDGE_CURVE ( 'NONE', #3193, #7307, #3455, .T. ) ;
#7400 = LINE ( 'NONE', #2861, #6397 ) ;
#7401 = ORIENTED_EDGE ( 'NONE', *, *, #8052, .T. ) ;
#7402 = CARTESIAN_POINT ( 'NONE',  ( -20.99999999982839700, -0.6536102855600154400, -1.046179304966701300E-010 ) ) ;
#7403 = CIRCLE ( 'NONE', #5064, 21.00000000000000000 ) ;
#7404 = AXIS2_PLACEMENT_3D ( 'NONE', #8163, #266, #7443 ) ;
#7405 = DIRECTION ( 'NONE',  ( 0.0000000000000000000, 0.8660254037305483700, -0.5000000000933407800 ) ) ;
#7406 = DIRECTION ( 'NONE',  ( 0.0000000000000000000, 1.000000000000000000, 0.0000000000000000000 ) ) ;
#7407 = DIRECTION ( 'NONE',  ( 0.0000000000000000000, -1.000000000000000000, -9.912705577010316700E-016 ) ) ;
#7408 = CARTESIAN_POINT ( 'NONE',  ( -20.60805761395221200, -6.610844631415253600, -0.6415743832975064900 ) ) ;
#7409 = DIRECTION ( 'NONE',  ( 0.0000000000000000000, 0.0000000000000000000, 1.000000000000000000 ) ) ;
#7410 = DIRECTION ( 'NONE',  ( 1.000000000000000000, 0.0000000000000000000, 0.0000000000000000000 ) ) ;
#7411 = CIRCLE ( 'NONE', #9497, 1.650000000000000100 ) ;
#7412 = ORIENTED_EDGE ( 'NONE', *, *, #8769, .T. ) ;
#7413 = EDGE_CURVE ( 'NONE', #3974, #5616, #2720, .T. ) ;
#7414 = CARTESIAN_POINT ( 'NONE',  ( -15.50000000000000000, -13.75000000000000000, -20.00000000000000000 ) ) ;
#7415 = ADVANCED_FACE ( 'NONE', ( #710 ), #2102, .F. ) ;
#7416 = AXIS2_PLACEMENT_3D ( 'NONE', #7972, #7206, #5621 ) ;
#7417 = ORIENTED_EDGE ( 'NONE', *, *, #1553, .F. ) ;
#7418 = CARTESIAN_POINT ( 'NONE',  ( 7.750000000000052400, 4.499999999999948500, -4.500000000000000900 ) ) ;
#7419 = DIRECTION ( 'NONE',  ( 0.0000000000000000000, 0.0000000000000000000, 1.000000000000000000 ) ) ;
#7420 = EDGE_LOOP ( 'NONE', ( #7499, #7521, #5103, #1397, #8586, #8630 ) ) ;
#7421 = VECTOR ( 'NONE', #1255, 1000.000000000000000 ) ;
#7422 = DIRECTION ( 'NONE',  ( -0.0000000000000000000, 0.0000000000000000000, -1.000000000000000000 ) ) ;
#7423 = ORIENTED_EDGE ( 'NONE', *, *, #5675, .T. ) ;
#7424 = EDGE_CURVE ( 'NONE', #3132, #5852, #8910, .T. ) ;
#7425 = VECTOR ( 'NONE', #3540, 1000.000000000000000 ) ;
#7426 = ORIENTED_EDGE ( 'NONE', *, *, #9192, .F. ) ;
#7427 = CIRCLE ( 'NONE', #3483, 1.650000000000000100 ) ;
#7428 = CARTESIAN_POINT ( 'NONE',  ( 3.000000000000000000, -2.211383690465553700, -0.8051481668388894600 ) ) ;
#7429 = CARTESIAN_POINT ( 'NONE',  ( -10.19275237700000000, -16.76810323750000000, 10.00000000000000000 ) ) ;
#7430 = EDGE_CURVE ( 'NONE', #7346, #8359, #2214, .T. ) ;
#7431 = DIRECTION ( 'NONE',  ( 0.0000000000000000000, 0.0000000000000000000, 1.000000000000000000 ) ) ;
#7432 = CARTESIAN_POINT ( 'NONE',  ( 8.400000000000000400, -3.849999999999999600, 4.500000000000000900 ) ) ;
#7433 = PRODUCT_RELATED_PRODUCT_CATEGORY ( 'detail', '', ( #7372 ) ) ;
#7435 = CARTESIAN_POINT ( 'NONE',  ( 10.09259479385751000, -5.562148865416814300, -5.750000000370064900 ) ) ;
#7434 = CYLINDRICAL_SURFACE ( 'NONE', #485, 5.755954265999998000 ) ;
#7436 = EDGE_LOOP ( 'NONE', ( #8956, #6513, #4062, #3598 ) ) ;
#7437 = CYLINDRICAL_SURFACE ( 'NONE', #3275, 2.500000000000000000 ) ;
#7438 = CARTESIAN_POINT ( 'NONE',  ( 2.670049974999999500, 0.0000000000000000000, -2.648501250000000700 ) ) ;
#7439 = CARTESIAN_POINT ( 'NONE',  ( 20.69999999999999900, 0.0000000000000000000, 0.0000000000000000000 ) ) ;
#7440 = B_SPLINE_CURVE_WITH_KNOTS ( 'NONE', 3,
 ( #1870, #5053, #7285, #3326 ),
 .UNSPECIFIED., .F., .F.,
 ( 4, 4 ),
 ( 0.0000000000000000000, 0.0007159683014275057700 ),
 .UNSPECIFIED. ) ;
#7441 = DIRECTION ( 'NONE',  ( -0.0000000000000000000, -0.0000000000000000000, -1.000000000000000000 ) ) ;
#7442 = DIRECTION ( 'NONE',  ( -1.000000000000000000, 0.0000000000000000000, 0.0000000000000000000 ) ) ;
#7443 = DIRECTION ( 'NONE',  ( 0.0000000000000000000, 0.0000000000000000000, 1.000000000000000000 ) ) ;
#7444 = CIRCLE ( 'NONE', #9369, 2.000000000000000000 ) ;
#7445 = CARTESIAN_POINT ( 'NONE',  ( 12.97859496730591300, -17.36460116851716900, -0.6787847040321638400 ) ) ;
#7446 = VERTEX_POINT ( 'NONE', #1506 ) ;
#7447 = AXIS2_PLACEMENT_3D ( 'NONE', #5085, #3521, #1168 ) ;
#7448 = SECURITY_CLASSIFICATION ( '', '', #9708 ) ;
#7449 = DIRECTION ( 'NONE',  ( 0.0000000000000000000, 0.0000000000000000000, 1.000000000000000000 ) ) ;
#7450 = EDGE_LOOP ( 'NONE', ( #554, #3981, #3510, #7150 ) ) ;
#7451 = CARTESIAN_POINT ( 'NONE',  ( 1.499999999245447800, 3.708099243853062900, 28.20008867833493900 ) ) ;
#7452 = FACE_BOUND ( 'NONE', #2325, .T. ) ;
#7453 = ORIENTED_EDGE ( 'NONE', *, *, #2671, .T. ) ;
#7454 = CARTESIAN_POINT ( 'NONE',  ( 7.347880794884119700E-016, -6.000000000000000000, 4.336808689942017700E-016 ) ) ;
#7455 = VERTEX_POINT ( 'NONE', #7837 ) ;
#7456 = AXIS2_PLACEMENT_3D ( 'NONE', #8589, #3206, #10212 ) ;
#7457 = CARTESIAN_POINT ( 'NONE',  ( 2.999999999999999600, -2.300308476526252000, -0.4832102229898385700 ) ) ;
#7458 = VECTOR ( 'NONE', #7124, 1000.000000000000000 ) ;
#7459 = CARTESIAN_POINT ( 'NONE',  ( -10.40420265253866500, -3.576064412211667600, 4.360710029941953900 ) ) ;
#7460 = PERSON_AND_ORGANIZATION ( #5190, #2135 ) ;
#7461 = ORIENTED_EDGE ( 'NONE', *, *, #1744, .T. ) ;
#7462 = LINE ( 'NONE', #6122, #7945 ) ;
#7463 = ADVANCED_FACE ( 'NONE', ( #98 ), #2841, .F. ) ;
#7464 = CARTESIAN_POINT ( 'NONE',  ( 12.79751941198539500, 16.80766968521161400, -0.1252044569354249000 ) ) ;
#7465 = AXIS2_PLACEMENT_3D ( 'NONE', #2632, #5811, #7376 ) ;
#7466 = DIRECTION ( 'NONE',  ( 1.000000000000000000, 0.0000000000000000000, 0.0000000000000000000 ) ) ;
#7467 = ORIENTED_EDGE ( 'NONE', *, *, #2338, .F. ) ;
#7468 = LINE ( 'NONE', #2566, #9690 ) ;
#7469 = CARTESIAN_POINT ( 'NONE',  ( 0.5000000000000000000, 1.500000000000000000, 0.8660254040000001700 ) ) ;
#7470 = EDGE_CURVE ( 'NONE', #1205, #4233, #8282, .T. ) ;
#7471 = APPROVAL_PERSON_ORGANIZATION ( #6219, #61, #2398 ) ;
#7472 = ORIENTED_EDGE ( 'NONE', *, *, #2179, .F. ) ;
#7473 = CARTESIAN_POINT ( 'NONE',  ( 9.739410358932676800, -4.418859215449642400, 6.668859215340789100 ) ) ;
#7474 = CYLINDRICAL_SURFACE ( 'NONE', #6905, 3.000000000000000900 ) ;
#7475 = AXIS2_PLACEMENT_3D ( 'NONE', #207, #8866, #99 ) ;
#7476 = CARTESIAN_POINT ( 'NONE',  ( 0.5000000000000000000, -1.500000000000000000, 0.8660254040000001700 ) ) ;
#7477 = ORIENTED_EDGE ( 'NONE', *, *, #6084, .F. ) ;
#7478 = ADVANCED_FACE ( 'NONE', ( #10134 ), #8043, .F. ) ;
#7479 = CARTESIAN_POINT ( 'NONE',  ( 12.79751940855709200, -16.80518908863305700, -0.1232308920086115100 ) ) ;
#7480 = ORIENTED_EDGE ( 'NONE', *, *, #7367, .T. ) ;
#7481 = PLANE ( 'NONE',  #5926 ) ;
#7482 = VERTEX_POINT ( 'NONE', #8603 ) ;
#7483 = LOCAL_TIME ( 15, 11, 14.00000000000000000, #3371 ) ;
#7484 = EDGE_CURVE ( 'NONE', #461, #7446, #8805, .T. ) ;
#7485 = CIRCLE ( 'NONE', #7879, 2.400000000000000400 ) ;
#7486 = CARTESIAN_POINT ( 'NONE',  ( 0.0000000000000000000, 0.0000000000000000000, 10.50000000000000000 ) ) ;
#7487 = VERTEX_POINT ( 'NONE', #7908 ) ;
#7488 = DIRECTION ( 'NONE',  ( 0.0000000000000000000, 1.000000000000000000, 0.0000000000000000000 ) ) ;
#7489 = EDGE_CURVE ( 'NONE', #6766, #7346, #9674, .T. ) ;
#7490 = ORIENTED_EDGE ( 'NONE', *, *, #7388, .T. ) ;
#7491 = DATE_AND_TIME ( #5264, #8357 ) ;
#7492 = CC_DESIGN_PERSON_AND_ORGANIZATION_ASSIGNMENT ( #1543, #5976, ( #7372 ) ) ;
#7493 = CIRCLE ( 'NONE', #2640, 7.200000000000001100 ) ;
#7494 = CARTESIAN_POINT ( 'NONE',  ( 15.02983158500000000, -6.888301783000001100, -15.50000000000000000 ) ) ;
#7495 = ORIENTED_EDGE ( 'NONE', *, *, #8913, .T. ) ;
#7496 = CARTESIAN_POINT ( 'NONE',  ( 0.0000000000000000000, 2.200000000000000200, 28.00000000000000000 ) ) ;
#7497 = CARTESIAN_POINT ( 'NONE',  ( 1.500000000000000000, 2.200000000000000200, 28.00000000000000000 ) ) ;
#7498 = CARTESIAN_POINT ( 'NONE',  ( 10.35918238926448600, -7.288004524349245700, -3.299310734538578100 ) ) ;
#7499 = ORIENTED_EDGE ( 'NONE', *, *, #4172, .F. ) ;
#7500 = ORIENTED_EDGE ( 'NONE', *, *, #296, .T. ) ;
#7501 = COORDINATED_UNIVERSAL_TIME_OFFSET ( 8, 0, .AHEAD. ) ;
#7502 = CONICAL_SURFACE ( 'NONE', #9792, 1664.279483014396600, 1.029744258852757700 ) ;
#7503 = ORIENTED_EDGE ( 'NONE', *, *, #2372, .T. ) ;
#7504 = EDGE_CURVE ( 'NONE', #6766, #782, #8548, .T. ) ;
#7505 = CARTESIAN_POINT ( 'NONE',  ( -20.99999999999999600, -16.97056274823856700, -20.00000000000000400 ) ) ;
#7506 =( NAMED_UNIT ( * ) PLANE_ANGLE_UNIT ( ) SI_UNIT ( $, .RADIAN. ) );
#7507 = PRODUCT_RELATED_PRODUCT_CATEGORY ( 'detail', '', ( #338 ) ) ;
#7508 = PRODUCT ( '6801', '6801', '', ( #2168 ) ) ;
#7509 = FACE_OUTER_BOUND ( 'NONE', #8656, .T. ) ;
#7510 = ORIENTED_EDGE ( 'NONE', *, *, #3140, .T. ) ;
#7511 = CARTESIAN_POINT ( 'NONE',  ( -17.50000000000000000, 0.0000000000000000000, 0.0000000000000000000 ) ) ;
#7512 = CARTESIAN_POINT ( 'NONE',  ( -13.00000000000000200, 17.67944947300812000, -0.9445422296444115900 ) ) ;
#7513 = CIRCLE ( 'NONE', #3872, 2.249999999999948000 ) ;
#7514 = PLANE ( 'NONE',  #9246 ) ;
#7515 = ADVANCED_FACE ( 'NONE', ( #9795 ), #8294, .F. ) ;
#7516 = ADVANCED_FACE ( 'NONE', ( #2726 ), #2437, .T. ) ;
#7517 = CIRCLE ( 'NONE', #3284, 5.755954265999998000 ) ;
#7518 = ORIENTED_EDGE ( 'NONE', *, *, #3071, .T. ) ;
#7519 = AXIS2_PLACEMENT_3D ( 'NONE', #5812, #5707, #9689 ) ;
#7520 = EDGE_CURVE ( 'NONE', #6786, #5576, #6175, .T. ) ;
#7521 = ORIENTED_EDGE ( 'NONE', *, *, #9527, .F. ) ;
#7522 = AXIS2_PLACEMENT_3D ( 'NONE', #6523, #9747, #8945 ) ;
#7523 = ADVANCED_FACE ( 'NONE', ( #1977, #4806 ), #43, .T. ) ;
#7524 = PLANE ( 'NONE',  #8469 ) ;
#7525 = VECTOR ( 'NONE', #3125, 1000.000000000000000 ) ;
#7526 = EDGE_LOOP ( 'NONE', ( #3146, #8316, #2143, #3717 ) ) ;
#7527 = CARTESIAN_POINT ( 'NONE',  ( 12.99751940930323200, 20.99999999933914200, -3.696872489597906200 ) ) ;
#7528 = EDGE_CURVE ( 'NONE', #8846, #6299, #9665, .T. ) ;
#7529 = DIRECTION ( 'NONE',  ( 0.0000000000000000000, -0.0000000000000000000, 1.000000000000000000 ) ) ;
#7530 = AXIS2_PLACEMENT_3D ( 'NONE', #3461, #9801, #6655 ) ;
#7531 = ORIENTED_EDGE ( 'NONE', *, *, #9057, .F. ) ;
#7532 = VECTOR ( 'NONE', #3004, 1000.000000000000000 ) ;
#7533 = ORIENTED_EDGE ( 'NONE', *, *, #5966, .F. ) ;
#7534 = AXIS2_PLACEMENT_3D ( 'NONE', #9750, #4165, #8184 ) ;
#7535 = CARTESIAN_POINT ( 'NONE',  ( 1.650000000000000100, 17.50000000000000000, 0.0000000000000000000 ) ) ;
#7536 = CARTESIAN_POINT ( 'NONE',  ( 0.0000000000000000000, 0.0000000000000000000, 0.0000000000000000000 ) ) ;
#7537 = CARTESIAN_POINT ( 'NONE',  ( -16.62983158500000200, 6.888301783000001100, -20.00000000000000000 ) ) ;
#7538 = ORIENTED_EDGE ( 'NONE', *, *, #5259, .T. ) ;
#7539 = CARTESIAN_POINT ( 'NONE',  ( 9.557415135945643000, 5.449516275574408700, 4.352017295835459300 ) ) ;
#7540 = CARTESIAN_POINT ( 'NONE',  ( -1.500000000000000000, 2.954049622000000300, 28.00000000000000000 ) ) ;
#7541 = ORIENTED_EDGE ( 'NONE', *, *, #7218, .F. ) ;
#7542 = VECTOR ( 'NONE', #1930, 1000.000000000000000 ) ;
#7543 = CARTESIAN_POINT ( 'NONE',  ( 7.571200000000001000, -4.500000000000000900, 6.614378277999998400 ) ) ;
#7544 = ORIENTED_EDGE ( 'NONE', *, *, #8101, .T. ) ;
#7545 = FACE_OUTER_BOUND ( 'NONE', #3261, .T. ) ;
#7546 = VERTEX_POINT ( 'NONE', #5 ) ;
#7547 = VECTOR ( 'NONE', #4037, 1000.000000000000000 ) ;
#7548 = DIRECTION ( 'NONE',  ( -0.0000000000000000000, -1.000000000000000000, -0.0000000000000000000 ) ) ;
#7549 =( GEOMETRIC_REPRESENTATION_CONTEXT ( 3 ) GLOBAL_UNCERTAINTY_ASSIGNED_CONTEXT ( ( #9922 ) ) GLOBAL_UNIT_ASSIGNED_CONTEXT ( ( #9895, #1198, #263 ) ) REPRESENTATION_CONTEXT ( 'NONE', 'WORKASPACE' ) );
#7550 = VECTOR ( 'NONE', #2291, 1000.000000000000000 ) ;
#7551 = EDGE_LOOP ( 'NONE', ( #2462, #9229, #3885, #9308 ) ) ;
#7552 = CARTESIAN_POINT ( 'NONE',  ( -3.200000000000000200, 0.0000000000000000000, 7.549834435000000200 ) ) ;
#7553 = EDGE_CURVE ( 'NONE', #7669, #8876, #6571, .T. ) ;
#7554 = PLANE ( 'NONE',  #5996 ) ;
#7555 = SECURITY_CLASSIFICATION ( '', '', #6936 ) ;
#7556 = DIRECTION ( 'NONE',  ( -1.000000000000000000, 0.0000000000000000000, 0.0000000000000000000 ) ) ;
#7557 = ADVANCED_FACE ( 'NONE', ( #4576 ), #2469, .T. ) ;
#7558 = CYLINDRICAL_SURFACE ( 'NONE', #5141, 1.250000000000000000 ) ;
#7559 = EDGE_LOOP ( 'NONE', ( #467, #7848, #8650, #6610 ) ) ;
#7560 = DIRECTION ( 'NONE',  ( 0.0000000000000000000, 0.0000000000000000000, 1.000000000000000000 ) ) ;
#7561 = APPROVAL_ROLE ( '' ) ;
#7562 = B_SPLINE_CURVE_WITH_KNOTS ( 'NONE', 3,
 ( #716, #9412, #10118, #7065 ),
 .UNSPECIFIED., .F., .F.,
 ( 4, 4 ),
 ( 4.379631038591839900E-013, 0.0001814624999340277600 ),
 .UNSPECIFIED. ) ;
#7563 = CARTESIAN_POINT ( 'NONE',  ( 0.0000000000000000000, 0.0000000000000000000, 10.50000000000000000 ) ) ;
#7564 = VERTEX_POINT ( 'NONE', #5626 ) ;
#7565 = ADVANCED_FACE ( 'NONE', ( #7452, #1972 ), #6489, .T. ) ;
#7566 = CARTESIAN_POINT ( 'NONE',  ( -2.288516988886200500, -20.99999999999999600, -0.09473388790826446600 ) ) ;
#7567 = CARTESIAN_POINT ( 'NONE',  ( 20.99999999884878900, -16.97056275132623800, -15.00000000323999800 ) ) ;
#7568 = FACE_OUTER_BOUND ( 'NONE', #591, .T. ) ;
#7569 = AXIS2_PLACEMENT_3D ( 'NONE', #7716, #9218, #3702 ) ;
#7570 = ORIENTED_EDGE ( 'NONE', *, *, #6260, .T. ) ;
#7571 = EDGE_CURVE ( 'NONE', #3193, #2659, #4057, .T. ) ;
#7572 = PLANE ( 'NONE',  #9776 ) ;
#7573 = DIRECTION ( 'NONE',  ( -0.0000000000000000000, -1.000000000000000000, -0.0000000000000000000 ) ) ;
#7574 = VERTEX_POINT ( 'NONE', #6563 ) ;
#7575 = CARTESIAN_POINT ( 'NONE',  ( 7.969340740000000700, 4.500000000000000900, 1.500000000000000000 ) ) ;
#7576 = CARTESIAN_POINT ( 'NONE',  ( 6.299999999999999800, -6.578000000000000300, -6.578000000000000300 ) ) ;
#7577 = CARTESIAN_POINT ( 'NONE',  ( 16.62983158500000200, -6.888301783000001100, -15.50000000000000000 ) ) ;
#7578 = LINE ( 'NONE', #3558, #7955 ) ;
#7579 = DATE_AND_TIME ( #860, #7691 ) ;
#7580 = ORIENTED_EDGE ( 'NONE', *, *, #559, .T. ) ;
#7581 = VECTOR ( 'NONE', #2006, 1000.000000000000100 ) ;
#7582 = DIRECTION ( 'NONE',  ( 1.000000000000000000, 0.0000000000000000000, 0.0000000000000000000 ) ) ;
#7583 = EDGE_CURVE ( 'NONE', #1454, #5453, #7084, .T. ) ;
#7584 = AXIS2_PLACEMENT_3D ( 'NONE', #5513, #3911, #2357 ) ;
#7585 = DIRECTION ( 'NONE',  ( 0.0000000000000000000, -1.000000000000000000, 0.0000000000000000000 ) ) ;
#7586 = ORIENTED_EDGE ( 'NONE', *, *, #4608, .F. ) ;
#7587 = CARTESIAN_POINT ( 'NONE',  ( -21.00000000000000000, 2.571758278209442100E-015, 0.2999999999999999300 ) ) ;
#7588 = COORDINATED_UNIVERSAL_TIME_OFFSET ( 8, 0, .AHEAD. ) ;
#7589 = CARTESIAN_POINT ( 'NONE',  ( 0.0000000000000000000, -17.50000000000000000, -0.9914200209999999300 ) ) ;
#7590 = EDGE_LOOP ( 'NONE', ( #3625, #3881, #3002, #2661, #1686, #6046, #9908, #2830 ) ) ;
#7591 = VECTOR ( 'NONE', #1661, 1000.000000000000200 ) ;
#7592 = CARTESIAN_POINT ( 'NONE',  ( -19.14999999999999900, 2.020667218593131000E-016, 0.0000000000000000000 ) ) ;
#7593 = VERTEX_POINT ( 'NONE', #1896 ) ;
#7594 = EDGE_CURVE ( 'NONE', #7925, #6025, #2800, .T. ) ;
#7595 = CARTESIAN_POINT ( 'NONE',  ( 20.35052578085444700, -5.182287182584389000, 10.00000000000000000 ) ) ;
#7596 = PERSON_AND_ORGANIZATION_ROLE ( 'design_supplier' ) ;
#7597 = CARTESIAN_POINT ( 'NONE',  ( -17.67944947199999800, -12.99751941100000100, -7.929365624499999000 ) ) ;
#7598 = AXIS2_PLACEMENT_3D ( 'NONE', #1197, #8362, #4447 ) ;
#7599 = CARTESIAN_POINT ( 'NONE',  ( 17.67696888200000400, 13.00000000000000200, -15.00000000000000000 ) ) ;
#7600 = ORIENTED_EDGE ( 'NONE', *, *, #2179, .T. ) ;
#7601 = APPROVAL_PERSON_ORGANIZATION ( #1533, #5832, #594 ) ;
#7602 = CIRCLE ( 'NONE', #9199, 2.500000000000000000 ) ;
#7603 = ORIENTED_EDGE ( 'NONE', *, *, #2874, .F. ) ;
#7604 = DIRECTION ( 'NONE',  ( 0.0000000000000000000, 0.0000000000000000000, 1.000000000000000000 ) ) ;
#7605 = ORIENTED_EDGE ( 'NONE', *, *, #7413, .F. ) ;
#7606 = EDGE_CURVE ( 'NONE', #9023, #191, #6244, .T. ) ;
#7607 = ADVANCED_FACE ( 'NONE', ( #1845 ), #7156, .T. ) ;
#7608 = ORIENTED_EDGE ( 'NONE', *, *, #3830, .T. ) ;
#7609 = LOCAL_TIME ( 15, 11, 14.00000000000000000, #6626 ) ;
#7610 = DIRECTION ( 'NONE',  ( 0.0000000000000000000, 0.0000000000000000000, 1.000000000000000000 ) ) ;
#7611 = FACE_OUTER_BOUND ( 'NONE', #8931, .T. ) ;
#7612 = ORIENTED_EDGE ( 'NONE', *, *, #356, .T. ) ;
#7613 = DIRECTION ( 'NONE',  ( -1.000000000000000000, -0.0000000000000000000, -0.0000000000000000000 ) ) ;
#7614 = EDGE_CURVE ( 'NONE', #5453, #1454, #7903, .T. ) ;
#7616 = FACE_BOUND ( 'NONE', #2136, .T. ) ;
#7615 = CC_DESIGN_PERSON_AND_ORGANIZATION_ASSIGNMENT ( #8337, #1715, ( #338 ) ) ;
#7617 = CARTESIAN_POINT ( 'NONE',  ( -10.76658795000000200, -20.39084994700000000, 6.000000000000000000 ) ) ;
#7618 = ORIENTED_EDGE ( 'NONE', *, *, #9170, .T. ) ;
#7619 = ADVANCED_FACE ( 'NONE', ( #5801 ), #3324, .F. ) ;
#7620 = EDGE_LOOP ( 'NONE', ( #2750, #2784 ) ) ;
#7621 = DIRECTION ( 'NONE',  ( -0.0000000000000000000, 1.000000000000000000, 0.0000000000000000000 ) ) ;
#7622 = LINE ( 'NONE', #7867, #3410 ) ;
#7623 = DIRECTION ( 'NONE',  ( 0.0000000000000000000, 0.0000000000000000000, 1.000000000000000000 ) ) ;
#7624 = DIRECTION ( 'NONE',  ( 1.000000000000000000, 0.0000000000000000000, 0.0000000000000000000 ) ) ;
#7625 = FACE_OUTER_BOUND ( 'NONE', #733, .T. ) ;
#7626 = EDGE_LOOP ( 'NONE', ( #7129, #7220 ) ) ;
#7627 = CARTESIAN_POINT ( 'NONE',  ( -21.00000000540428100, 16.97056274178968500, -17.49999999999999600 ) ) ;
#7628 = VERTEX_POINT ( 'NONE', #4928 ) ;
#7629 = EDGE_CURVE ( 'NONE', #171, #6346, #9770, .T. ) ;
#7630 = AXIS2_PLACEMENT_3D ( 'NONE', #9633, #5691, #5656 ) ;
#7631 = APPROVAL_STATUS ( 'not_yet_approved' ) ;
#7632 = CC_DESIGN_APPROVAL ( #2139, ( #9765 ) ) ;
#7633 = PLANE ( 'NONE',  #5931 ) ;
#7634 = CARTESIAN_POINT ( 'NONE',  ( 1.300000000000000300, -1.000000000000000000, 8.096295448999999400 ) ) ;
#7635 = CARTESIAN_POINT ( 'NONE',  ( 16.72910028772136900, -12.76164837446083300, -0.04096866394223986500 ) ) ;
#7636 = LINE ( 'NONE', #1574, #4420 ) ;
#7637 = ORIENTED_EDGE ( 'NONE', *, *, #5725, .F. ) ;
#7638 = LINE ( 'NONE', #8122, #2082 ) ;
#7639 = DIRECTION ( 'NONE',  ( 0.0000000000000000000, 0.0000000000000000000, -1.000000000000000000 ) ) ;
#7640 = CARTESIAN_POINT ( 'NONE',  ( 3.833920890693453700, -1.000000000000000000, 4.293257518037775900 ) ) ;
#7641 = CARTESIAN_POINT ( 'NONE',  ( 8.825411717877116800, 7.631457222365192200, -2.401702810737519600 ) ) ;
#7642 = EDGE_CURVE ( 'NONE', #2745, #5738, #7650, .T. ) ;
#7643 = CIRCLE ( 'NONE', #6664, 1.599999999999995400 ) ;
#7644 = VERTEX_POINT ( 'NONE', #423 ) ;
#7645 = AXIS2_PLACEMENT_3D ( 'NONE', #6193, #4462, #3698 ) ;
#7646 = ORIENTED_EDGE ( 'NONE', *, *, #6290, .F. ) ;
#7647 = DIRECTION ( 'NONE',  ( -0.0000000000000000000, -0.0000000000000000000, 1.000000000000000000 ) ) ;
#7648 = CARTESIAN_POINT ( 'NONE',  ( 10.00000000000000000, 7.350356332999999700, 4.500000000000000900 ) ) ;
#7649 = ORIENTED_EDGE ( 'NONE', *, *, #3171, .F. ) ;
#7650 = LINE ( 'NONE', #457, #5196 ) ;
#7651 = ORIENTED_EDGE ( 'NONE', *, *, #3970, .F. ) ;
#7652 = CARTESIAN_POINT ( 'NONE',  ( -20.06420545649287800, -6.203396200013044900, 3.982857238126261000 ) ) ;
#7653 = ORIENTED_EDGE ( 'NONE', *, *, #3041, .F. ) ;
#7654 = EDGE_CURVE ( 'NONE', #2391, #6468, #6303, .T. ) ;
#7655 = DIRECTION ( 'NONE',  ( -0.0000000000000000000, -0.0000000000000000000, 1.000000000000000000 ) ) ;
#7657 = CARTESIAN_POINT ( 'NONE',  ( 0.0000000000000000000, 0.0000000000000000000, 0.2000000000000000100 ) ) ;
#7656 = CONICAL_SURFACE ( 'NONE', #674, 21.00000000000000000, 0.7853981633974487200 ) ;
#7658 = AXIS2_PLACEMENT_3D ( 'NONE', #2641, #2676, #8971 ) ;
#7659 = ADVANCED_FACE ( 'NONE', ( #9904 ), #3688, .F. ) ;
#7660 = EDGE_LOOP ( 'NONE', ( #8371, #2916, #365, #9105 ) ) ;
#7661 = FACE_OUTER_BOUND ( 'NONE', #9531, .T. ) ;
#7662 = AXIS2_PLACEMENT_3D ( 'NONE', #8587, #5471, #5440 ) ;
#7663 = CARTESIAN_POINT ( 'NONE',  ( -6.888301783000001100, -16.62983158500000200, -15.50000000000000000 ) ) ;
#7664 = CARTESIAN_POINT ( 'NONE',  ( 14.54228525095190100, -4.241591251645699500, 0.2500000000000000000 ) ) ;
#7665 = LINE ( 'NONE', #490, #3575 ) ;
#7666 = ADVANCED_FACE ( 'NONE', ( #1467 ), #10253, .F. ) ;
#7667 = CARTESIAN_POINT ( 'NONE',  ( 0.5000000000000000000, -1.500000000000000000, 0.8660254040000001700 ) ) ;
#7668 = DIRECTION ( 'NONE',  ( -1.000000000000000000, 0.0000000000000000000, 0.0000000000000000000 ) ) ;
#7669 = VERTEX_POINT ( 'NONE', #7527 ) ;
#7670 = LINE ( 'NONE', #7123, #7547 ) ;
#7671 = DIRECTION ( 'NONE',  ( -1.000000000000000000, 0.0000000000000000000, 0.0000000000000000000 ) ) ;
#7672 = EDGE_CURVE ( 'NONE', #3743, #4056, #9642, .T. ) ;
#7673 = CARTESIAN_POINT ( 'NONE',  ( 1.300000000000000300, -1.000000000000000000, 8.096295448999999400 ) ) ;
#7674 = PRODUCT_DEFINITION_FORMATION_WITH_SPECIFIED_SOURCE ( '任何', '', #7508, .NOT_KNOWN. ) ;
#7675 = VECTOR ( 'NONE', #7131, 1000.000000000000000 ) ;
#7676 = AXIS2_PLACEMENT_3D ( 'NONE', #7869, #2, #1465 ) ;
#7677 = CARTESIAN_POINT ( 'NONE',  ( -12.99999999739532400, 21.00000000110064100, -3.698178070021790100 ) ) ;
#7678 = ORIENTED_EDGE ( 'NONE', *, *, #6562, .T. ) ;
#7679 = EDGE_LOOP ( 'NONE', ( #4938, #2060 ) ) ;
#7680 = CARTESIAN_POINT ( 'NONE',  ( -7.969340740000000700, -4.500000000000000900, 4.499999999999999100 ) ) ;
#7681 = DIRECTION ( 'NONE',  ( 0.0000000000000000000, 0.0000000000000000000, -1.000000000000000000 ) ) ;
#7682 = VECTOR ( 'NONE', #10260, 1000.000000000000000 ) ;
#7683 = ORIENTED_EDGE ( 'NONE', *, *, #9650, .F. ) ;
#7684 = EDGE_CURVE ( 'NONE', #393, #7482, #5309, .T. ) ;
#7685 = DIRECTION ( 'NONE',  ( -1.000000000000000000, 0.0000000000000000000, 0.0000000000000000000 ) ) ;
#7686 = CARTESIAN_POINT ( 'NONE',  ( 5.655300866047437800, 21.00000000000000000, -0.7415053719967722400 ) ) ;
#7687 = APPROVAL ( #9525, 'UNKNOWN' ) ;
#7688 = EDGE_LOOP ( 'NONE', ( #9145, #3055 ) ) ;
#7689 = CARTESIAN_POINT ( 'NONE',  ( -21.00000000000000000, -1.956602898296059000, -0.09095291666472225800 ) ) ;
#7690 = VECTOR ( 'NONE', #3166, 1000.000000000000000 ) ;
#7691 = LOCAL_TIME ( 15, 11, 14.00000000000000000, #8691 ) ;
#7692 = ORIENTED_EDGE ( 'NONE', *, *, #5127, .F. ) ;
#7693 = DIRECTION ( 'NONE',  ( 0.0000000000000000000, 0.0000000000000000000, -1.000000000000000000 ) ) ;
#7694 = APPLICATION_PROTOCOL_DEFINITION ( 'international standard', 'config_control_design', 1994, #6811 ) ;
#7695 = FACE_OUTER_BOUND ( 'NONE', #7814, .T. ) ;
#7696 = CARTESIAN_POINT ( 'NONE',  ( 10.60474158305467700, -7.699433803578135600, 2.172467745465305200 ) ) ;
#7697 = CARTESIAN_POINT ( 'NONE',  ( 16.69036934231543900, -12.74486450321356500, 2.815176115986868800E-010 ) ) ;
#7698 = EDGE_LOOP ( 'NONE', ( #1848, #9385, #5505, #2424 ) ) ;
#7699 = AXIS2_PLACEMENT_3D ( 'NONE', #7617, #1319, #5238 ) ;
#7700 = EDGE_CURVE ( 'NONE', #6033, #9624, #8154, .T. ) ;
#7701 = CIRCLE ( 'NONE', #787, 12.50000000000000000 ) ;
#7702 = ORGANIZATION ( 'NAUO-ORG4', 'UNSPECIFIED', 'UNSPECIFIED' ) ;
#7703 = ORIENTED_EDGE ( 'NONE', *, *, #10001, .T. ) ;
#7704 = CIRCLE ( 'NONE', #4776, 1.600000000000000800 ) ;
#7705 = ADVANCED_FACE ( 'NONE', ( #5682 ), #9856, .F. ) ;
#7706 = DIRECTION ( 'NONE',  ( 0.0000000000000000000, 0.0000000000000000000, 1.000000000000000000 ) ) ;
#7707 = AXIS2_PLACEMENT_3D ( 'NONE', #868, #6647, #302 ) ;
#7708 = DIRECTION ( 'NONE',  ( 1.000000000000000000, -0.0000000000000000000, -0.0000000000000000000 ) ) ;
#7709 = ORIENTED_EDGE ( 'NONE', *, *, #6191, .F. ) ;
#7710 = CARTESIAN_POINT ( 'NONE',  ( 9.390412570719531600, 7.699093861538066200, -2.173678187023840600 ) ) ;
#7711 = ORIENTED_EDGE ( 'NONE', *, *, #7890, .F. ) ;
#7712 = CARTESIAN_POINT ( 'NONE',  ( 0.1006152455504617000, 3.999956364861257300, 15.50011636043773900 ) ) ;
#7713 = EDGE_LOOP ( 'NONE', ( #8745, #5430, #7815, #8407 ) ) ;
#7714 = PERSON_AND_ORGANIZATION ( #9162, #4154 ) ;
#7715 = LINE ( 'NONE', #8665, #5873 ) ;
#7716 = CARTESIAN_POINT ( 'NONE',  ( 0.0000000000000000000, 0.0000000000000000000, -20.00000000000000000 ) ) ;
#7717 = ADVANCED_FACE ( 'NONE', ( #956 ), #6803, .T. ) ;
#7718 = AXIS2_PLACEMENT_3D ( 'NONE', #8082, #899, #9567 ) ;
#7719 = CARTESIAN_POINT ( 'NONE',  ( 0.0000000000000000000, 0.0000000000000000000, 8.500000000000000000 ) ) ;
#7720 = ORIENTED_EDGE ( 'NONE', *, *, #1294, .T. ) ;
#7721 = CARTESIAN_POINT ( 'NONE',  ( -19.68702667346695300, -7.309174562085062600, 2.561061199898614600 ) ) ;
#7722 = AXIS2_PLACEMENT_3D ( 'NONE', #4587, #598, #2204 ) ;
#7723 = DIRECTION ( 'NONE',  ( 0.0000000000000000000, 0.0000000000000000000, 1.000000000000000000 ) ) ;
#7724 = DIRECTION ( 'NONE',  ( 0.0000000000000000000, 0.0000000000000000000, -1.000000000000000000 ) ) ;
#7725 = VERTEX_POINT ( 'NONE', #7587 ) ;
#7726 = COORDINATED_UNIVERSAL_TIME_OFFSET ( 8, 0, .AHEAD. ) ;
#7727 = VECTOR ( 'NONE', #2798, 1000.000000000000000 ) ;
#7728 = DIRECTION ( 'NONE',  ( -0.0000000000000000000, 1.000000000000000000, 0.0000000000000000000 ) ) ;
#7729 = ORIENTED_EDGE ( 'NONE', *, *, #6260, .F. ) ;
#7730 = APPROVAL_ROLE ( '' ) ;
#7731 = CARTESIAN_POINT ( 'NONE',  ( -4.700000000000000200, 0.0000000000000000000, 11.19999999999999900 ) ) ;
#7732 = CARTESIAN_POINT ( 'NONE',  ( 10.15438669253622800, -7.719455939378918600, 2.100000000001056100 ) ) ;
#7733 = CIRCLE ( 'NONE', #628, 2.999999999999997300 ) ;
#7734 = ORIENTED_EDGE ( 'NONE', *, *, #6763, .T. ) ;
#7735 = DIRECTION ( 'NONE',  ( -0.0000000000000000000, 4.130293990420969400E-017, 1.000000000000000000 ) ) ;
#7736 = ORIENTED_EDGE ( 'NONE', *, *, #4135, .F. ) ;
#7737 = DATE_AND_TIME ( #1679, #3773 ) ;
#7738 = DIRECTION ( 'NONE',  ( -0.0000000000000000000, -1.000000000000000000, -0.0000000000000000000 ) ) ;
#7739 = AXIS2_PLACEMENT_3D ( 'NONE', #1445, #1480, #5327 ) ;
#7740 = CYLINDRICAL_SURFACE ( 'NONE', #3201, 4.700000000000000200 ) ;
#7741 = EDGE_LOOP ( 'NONE', ( #1579, #8098, #69, #659, #7453, #5197 ) ) ;
#7742 = CARTESIAN_POINT ( 'NONE',  ( 0.0000000000000000000, 0.0000000000000000000, 10.00000000000000000 ) ) ;
#7743 = CARTESIAN_POINT ( 'NONE',  ( 9.888301783000002800, 16.62983158500000200, -15.50000000000000000 ) ) ;
#7744 = LINE ( 'NONE', #509, #8611 ) ;
#7745 = ORIENTED_EDGE ( 'NONE', *, *, #755, .F. ) ;
#7746 = CARTESIAN_POINT ( 'NONE',  ( -11.00000000000000000, 17.67944947199999800, -0.03746751599999999900 ) ) ;
#7747 = DIRECTION ( 'NONE',  ( -0.0000000000000000000, -0.0000000000000000000, 1.000000000000000000 ) ) ;
#7748 = FACE_OUTER_BOUND ( 'NONE', #3539, .T. ) ;
#7749 = ADVANCED_BREP_SHAPE_REPRESENTATION ( '', ( #4824, #2234 ), #6484 ) ;
#7750 = EDGE_CURVE ( 'NONE', #3550, #5332, #7781, .T. ) ;
#7751 = APPROVAL ( #5447, '未指定' ) ;
#7752 = CARTESIAN_POINT ( 'NONE',  ( -5.755954265999998000, 0.0000000000000000000, -12.08025040299999900 ) ) ;
#7753 = CIRCLE ( 'NONE', #10031, 20.99999999999999600 ) ;
#7754 = ORIENTED_EDGE ( 'NONE', *, *, #9069, .F. ) ;
#7755 = ORIENTED_EDGE ( 'NONE', *, *, #7642, .F. ) ;
#7756 = DIRECTION ( 'NONE',  ( 0.0000000000000000000, -1.000000000000000000, 0.0000000000000000000 ) ) ;
#7757 = CARTESIAN_POINT ( 'NONE',  ( 0.0000000000000000000, 0.0000000000000000000, 4.500000000000000900 ) ) ;
#7758 = CARTESIAN_POINT ( 'NONE',  ( 9.310826966041386000, 7.222163034197267400, 3.441983659844521700 ) ) ;
#7759 = CONICAL_SURFACE ( 'NONE', #7845, 1664.279483014396600, 1.029744258852757700 ) ;
#7760 = ORIENTED_EDGE ( 'NONE', *, *, #6945, .T. ) ;
#7761 = CARTESIAN_POINT ( 'NONE',  ( -1.650000000000000100, 17.50000000000000000, 0.0000000000000000000 ) ) ;
#7762 = APPLICATION_CONTEXT ( 'configuration controlled 3d designs of mechanical parts and assemblies' ) ;
#7763 = EDGE_CURVE ( 'NONE', #3757, #9001, #1995, .T. ) ;
#7764 = CARTESIAN_POINT ( 'NONE',  ( 10.00000000000000000, 4.499999999999948500, -4.500000000000000900 ) ) ;
#7765 = CARTESIAN_POINT ( 'NONE',  ( 21.00000000000000000, -2.288053612427467500, -0.09469490492291744700 ) ) ;
#7766 = ADVANCED_FACE ( 'NONE', ( #6801 ), #5551, .T. ) ;
#7767 = DIRECTION ( 'NONE',  ( 0.0000000000000000000, 0.0000000000000000000, 1.000000000000000000 ) ) ;
#7768 = SHAPE_REPRESENTATION ( 'Φ10circlip', ( #2234 ), #7549 ) ;
#7769 = DIRECTION ( 'NONE',  ( 0.0000000000000000000, 0.0000000000000000000, 1.000000000000000000 ) ) ;
#7770 = VERTEX_POINT ( 'NONE', #7464 ) ;
#7771 = FACE_OUTER_BOUND ( 'NONE', #3732, .T. ) ;
#7772 = ORIENTED_EDGE ( 'NONE', *, *, #1241, .F. ) ;
#7773 = CARTESIAN_POINT ( 'NONE',  ( 9.230646701289179700, 4.499999999999948500, -6.614378277830755200 ) ) ;
#7774 = EDGE_LOOP ( 'NONE', ( #4679, #287, #1965, #9437, #8105 ) ) ;
#7775 = CARTESIAN_POINT ( 'NONE',  ( 0.0000000000000000000, 0.0000000000000000000, 5.000000000000000000 ) ) ;
#7776 = CARTESIAN_POINT ( 'NONE',  ( -9.390177000788918700, 21.00000000000000400, -1.998932350170297800 ) ) ;
#7777 = EDGE_CURVE ( 'NONE', #4056, #9039, #9388, .T. ) ;
#7778 = AXIS2_PLACEMENT_3D ( 'NONE', #3313, #66, #8872 ) ;
#7779 = DIRECTION ( 'NONE',  ( 1.000000000000000000, -0.0000000000000000000, 0.0000000000000000000 ) ) ;
#7780 = ORIENTED_EDGE ( 'NONE', *, *, #2208, .T. ) ;
#7781 = LINE ( 'NONE', #360, #7542 ) ;
#7782 = EDGE_LOOP ( 'NONE', ( #5396, #7785, #3703, #5796 ) ) ;
#7783 = ORIENTED_EDGE ( 'NONE', *, *, #424, .F. ) ;
#7784 = CIRCLE ( 'NONE', #865, 0.2999999999999999300 ) ;
#7785 = ORIENTED_EDGE ( 'NONE', *, *, #9564, .T. ) ;
#7786 = FACE_OUTER_BOUND ( 'NONE', #10261, .T. ) ;
#7787 = CARTESIAN_POINT ( 'NONE',  ( -9.888301782999999300, -16.62983158500000200, -15.50000000000000000 ) ) ;
#7788 = DIRECTION ( 'NONE',  ( -0.0000000000000000000, 0.0000000000000000000, -1.000000000000000000 ) ) ;
#7789 = EDGE_CURVE ( 'NONE', #5305, #8325, #5431, .T. ) ;
#7790 = PLANE ( 'NONE',  #7456 ) ;
#7791 = DIRECTION ( 'NONE',  ( 0.0000000000000000000, 0.0000000000000000000, 1.000000000000000000 ) ) ;
#7792 = AXIS2_PLACEMENT_3D ( 'NONE', #5282, #10088, #6109 ) ;
#7793 = CIRCLE ( 'NONE', #3001, 5.000000000000000000 ) ;
#7794 = EDGE_LOOP ( 'NONE', ( #6543, #6726 ) ) ;
#7795 = CARTESIAN_POINT ( 'NONE',  ( 8.744161160220693700, 6.676379614871113000, 4.411260636256343100 ) ) ;
#7796 = APPLICATION_PROTOCOL_DEFINITION ( 'international standard', 'config_control_design', 1994, #4584 ) ;
#7797 = CARTESIAN_POINT ( 'NONE',  ( 2.874016129999999300, 0.0000000000000000000, -2.668966127000000000 ) ) ;
#7798 = CARTESIAN_POINT ( 'NONE',  ( 20.99999999999999600, -3.986548548064063900, -0.3677399430936860200 ) ) ;
#7799 = EDGE_CURVE ( 'NONE', #212, #1502, #4436, .T. ) ;
#7800 = DIRECTION ( 'NONE',  ( 1.000000000000000000, 0.0000000000000000000, 0.0000000000000000000 ) ) ;
#7801 = CARTESIAN_POINT ( 'NONE',  ( -5.059999999999999600, -5.059999999999999600, 12.40000000000000200 ) ) ;
#7802 = CYLINDRICAL_SURFACE ( 'NONE', #1554, 14.15000000000000000 ) ;
#7803 = EDGE_LOOP ( 'NONE', ( #3877, #3646, #3602, #4796 ) ) ;
#7804 = PLANE ( 'NONE',  #9861 ) ;
#7805 = EDGE_CURVE ( 'NONE', #6468, #2391, #5066, .T. ) ;
#7806 = CARTESIAN_POINT ( 'NONE',  ( -20.91369613168839300, -1.901923792217240500, -1.114560456222372000E-010 ) ) ;
#7807 = VERTEX_POINT ( 'NONE', #4505 ) ;
#7808 = CARTESIAN_POINT ( 'NONE',  ( -13.00000000000000200, -17.67696888263815000, -0.9425438105466145100 ) ) ;
#7809 = CC_DESIGN_APPROVAL ( #2512, ( #895 ) ) ;
#7810 = DIRECTION ( 'NONE',  ( -1.000000000000000000, 0.0000000000000000000, 0.0000000000000000000 ) ) ;
#7811 = CARTESIAN_POINT ( 'NONE',  ( 3.000000000144162500, 0.0000000000000000000, 2.525735931672474800 ) ) ;
#7812 = VECTOR ( 'NONE', #2108, 1000.000000000000100 ) ;
#7813 = CARTESIAN_POINT ( 'NONE',  ( -1.250000000000000000, 1.530808498934191600E-016, 19.50000000000000000 ) ) ;
#7814 = EDGE_LOOP ( 'NONE', ( #4639, #6334, #4532, #2007 ) ) ;
#7815 = ORIENTED_EDGE ( 'NONE', *, *, #10172, .F. ) ;
#7816 = DIRECTION ( 'NONE',  ( 1.000000000000000000, 0.0000000000000000000, 0.0000000000000000000 ) ) ;
#7817 = ADVANCED_FACE ( 'NONE', ( #3066, #3934 ), #4310, .T. ) ;
#7818 = ORIENTED_EDGE ( 'NONE', *, *, #5568, .T. ) ;
#7819 = ORIENTED_EDGE ( 'NONE', *, *, #3634, .T. ) ;
#7820 = CARTESIAN_POINT ( 'NONE',  ( 10.00000000000000000, -7.310095758606722800, -3.250000000000000400 ) ) ;
#7821 = EDGE_CURVE ( 'NONE', #6123, #4252, #7042, .T. ) ;
#7822 = AXIS2_PLACEMENT_3D ( 'NONE', #4101, #907, #7186 ) ;
#7823 = LOCAL_TIME ( 15, 11, 14.00000000000000000, #6953 ) ;
#7824 = DIRECTION ( 'NONE',  ( -0.0000000000000000000, -0.0000000000000000000, 1.000000000000000000 ) ) ;
#7825 = ORIENTED_EDGE ( 'NONE', *, *, #2063, .T. ) ;
#7826 = CIRCLE ( 'NONE', #8437, 1.599999999999999900 ) ;
#7827 = CARTESIAN_POINT ( 'NONE',  ( 10.00000000000000000, -0.6000000000000000900, 4.500000000000000900 ) ) ;
#7828 = PRODUCT_DEFINITION_SHAPE ( 'NONE', 'NONE',  #10273 ) ;
#7829 = VERTEX_POINT ( 'NONE', #1360 ) ;
#7830 = DIRECTION ( 'NONE',  ( 0.0000000000000000000, 0.0000000000000000000, -1.000000000000000000 ) ) ;
#7831 = PERSON_AND_ORGANIZATION_ROLE ( 'design_supplier' ) ;
#7832 = CARTESIAN_POINT ( 'NONE',  ( -11.00000000000000000, 1.347111479062088400E-015, 12.00000000000000000 ) ) ;
#7833 = DIRECTION ( 'NONE',  ( 0.0000000000000000000, 0.0000000000000000000, 1.000000000000000000 ) ) ;
#7834 = COORDINATED_UNIVERSAL_TIME_OFFSET ( 8, 0, .AHEAD. ) ;
#7835 = ORIENTED_EDGE ( 'NONE', *, *, #3057, .F. ) ;
#7836 = LINE ( 'NONE', #9249, #1406 ) ;
#7837 = CARTESIAN_POINT ( 'NONE',  ( -13.62983158499999800, 6.888301783000001100, -20.00000000000000000 ) ) ;
#7838 = CARTESIAN_POINT ( 'NONE',  ( 2.332238092999999100, -1.000000000000000000, 5.876889377999997800 ) ) ;
#7839 = ORIENTED_EDGE ( 'NONE', *, *, #4000, .F. ) ;
#7840 = AXIS2_PLACEMENT_3D ( 'NONE', #4898, #7178, #7939 ) ;
#7841 = EDGE_CURVE ( 'NONE', #5044, #6294, #3315, .T. ) ;
#7842 = DIRECTION ( 'NONE',  ( -1.000000000000000000, 0.0000000000000000000, 0.0000000000000000000 ) ) ;
#7843 = ORIENTED_EDGE ( 'NONE', *, *, #2729, .T. ) ;
#7844 = DATE_AND_TIME ( #6745, #650 ) ;
#7845 = AXIS2_PLACEMENT_3D ( 'NONE', #2560, #9537, #2445 ) ;
#7846 = VECTOR ( 'NONE', #5480, 1000.000000000000000 ) ;
#7847 = DIRECTION ( 'NONE',  ( 0.0000000000000000000, -1.000000000000000000, 0.0000000000000000000 ) ) ;
#7848 = ORIENTED_EDGE ( 'NONE', *, *, #2948, .F. ) ;
#7849 = CARTESIAN_POINT ( 'NONE',  ( 0.0000000000000000000, 2.200000000000000200, 28.00000000000000000 ) ) ;
#7850 = DIRECTION ( 'NONE',  ( 0.0000000000000000000, 0.0000000000000000000, 1.000000000000000000 ) ) ;
#7851 = EDGE_CURVE ( 'NONE', #226, #5802, #3443, .T. ) ;
#7852 = ORIENTED_EDGE ( 'NONE', *, *, #7489, .F. ) ;
#7853 = PLANE ( 'NONE',  #2080 ) ;
#7854 = EDGE_CURVE ( 'NONE', #1592, #7925, #8364, .T. ) ;
#7855 = EDGE_LOOP ( 'NONE', ( #4315, #9225 ) ) ;
#7856 = DATE_AND_TIME ( #2403, #10209 ) ;
#7857 = DIRECTION ( 'NONE',  ( 0.0000000000000000000, 0.0000000000000000000, -1.000000000000000000 ) ) ;
#7858 = CONICAL_SURFACE ( 'NONE', #3012, 1.600000000000000800, 0.7853981633974472800 ) ;
#7859 = VERTEX_POINT ( 'NONE', #8422 ) ;
#7860 = CARTESIAN_POINT ( 'NONE',  ( -4.500000000000000900, -1.000000000000000000, 5.039138622000000300 ) ) ;
#7861 = AXIS2_PLACEMENT_3D ( 'NONE', #9336, #2184, #1353 ) ;
#7862 = CARTESIAN_POINT ( 'NONE',  ( 0.0000000000000000000, 21.00000000000000000, -20.00000000000000000 ) ) ;
#7863 = FACE_BOUND ( 'NONE', #783, .T. ) ;
#7864 = ORIENTED_EDGE ( 'NONE', *, *, #2301, .F. ) ;
#7865 = EDGE_LOOP ( 'NONE', ( #2442, #7354 ) ) ;
#7866 = SHAPE_DEFINITION_REPRESENTATION ( #9166, #1113 ) ;
#7867 = CARTESIAN_POINT ( 'NONE',  ( 0.0000000000000000000, -21.00000000000000000, -15.00000000647999900 ) ) ;
#7868 = CIRCLE ( 'NONE', #7066, 6.250000000000000000 ) ;
#7869 = CARTESIAN_POINT ( 'NONE',  ( -2.332238092999999100, -1.000000000000000000, 6.626889377999998700 ) ) ;
#7870 = APPROVAL_ROLE ( '' ) ;
#7871 = DIRECTION ( 'NONE',  ( -0.0000000000000000000, -0.0000000000000000000, 1.000000000000000000 ) ) ;
#7872 = DIRECTION ( 'NONE',  ( 0.0000000000000000000, 1.000000000000000000, -8.260587980841938800E-017 ) ) ;
#7873 = EDGE_CURVE ( 'NONE', #1542, #522, #9150, .T. ) ;
#7874 = ADVANCED_FACE ( 'NONE', ( #228 ), #2951, .F. ) ;
#7875 = DIRECTION ( 'NONE',  ( 0.0000000000000000000, -0.0000000000000000000, 1.000000000000000000 ) ) ;
#7876 = CARTESIAN_POINT ( 'NONE',  ( 1.000000000618904700, 0.0000000000000000000, 8.096295448942296200 ) ) ;
#7878 = CYLINDRICAL_SURFACE ( 'NONE', #9141, 6.500000000000000900 ) ;
#7877 = AXIS2_PLACEMENT_3D ( 'NONE', #444, #5988, #6758 ) ;
#7879 = AXIS2_PLACEMENT_3D ( 'NONE', #1218, #4367, #2093 ) ;
#7880 = ORIENTED_EDGE ( 'NONE', *, *, #4314, .F. ) ;
#7881 = EDGE_LOOP ( 'NONE', ( #2361, #5893 ) ) ;
#7882 = MANIFOLD_SOLID_BREP ( '输入1', #5342 ) ;
#7883 = CARTESIAN_POINT ( 'NONE',  ( 12.00000000025771200, 0.6000000000000000900, 2.426932220167791000 ) ) ;
#7884 = DIRECTION ( 'NONE',  ( 0.0000000000000000000, 0.0000000000000000000, 1.000000000000000000 ) ) ;
#7885 = CARTESIAN_POINT ( 'NONE',  ( 10.00000000000000000, -3.849999999999999600, 4.500000000000000900 ) ) ;
#7886 = FACE_OUTER_BOUND ( 'NONE', #3564, .T. ) ;
#7887 = CARTESIAN_POINT ( 'NONE',  ( 19.76404093591121800, 7.098076208595099200, 4.905203609557046600E-010 ) ) ;
#7888 = VERTEX_POINT ( 'NONE', #6831 ) ;
#7889 = FACE_OUTER_BOUND ( 'NONE', #7898, .T. ) ;
#7890 = EDGE_CURVE ( 'NONE', #2646, #7807, #1590, .T. ) ;
#7891 = CC_DESIGN_APPROVAL ( #6440, ( #1524 ) ) ;
#7892 = FACE_OUTER_BOUND ( 'NONE', #8066, .T. ) ;
#7893 = ORIENTED_EDGE ( 'NONE', *, *, #9478, .T. ) ;
#7894 = CARTESIAN_POINT ( 'NONE',  ( -15.50000000000000000, 15.50000000000000000, 8.500000000000000000 ) ) ;
#7895 = CARTESIAN_POINT ( 'NONE',  ( 17.51788932531798400, -12.99751941113679300, -0.8129107830275230700 ) ) ;
#7896 = VERTEX_POINT ( 'NONE', #488 ) ;
#7897 = CARTESIAN_POINT ( 'NONE',  ( 10.00000000000000000, 7.310095758606722800, 3.250000000000000400 ) ) ;
#7898 = EDGE_LOOP ( 'NONE', ( #8206, #7711, #2395, #8491 ) ) ;
#7899 = AXIS2_PLACEMENT_3D ( 'NONE', #1915, #3384, #8170 ) ;
#7900 = CARTESIAN_POINT ( 'NONE',  ( 0.0000000000000000000, 0.0000000000000000000, -20.00000000000000000 ) ) ;
#7901 = DATE_TIME_ROLE ( 'classification_date' ) ;
#7902 = EDGE_CURVE ( 'NONE', #9968, #2719, #4192, .T. ) ;
#7903 = CIRCLE ( 'NONE', #3205, 3.000000000000002700 ) ;
#7904 = ORIENTED_EDGE ( 'NONE', *, *, #9393, .F. ) ;
#7905 = ORIENTED_EDGE ( 'NONE', *, *, #9408, .F. ) ;
#7906 = DIRECTION ( 'NONE',  ( -0.0000000000000000000, -0.0000000000000000000, -1.000000000000000000 ) ) ;
#7907 = CYLINDRICAL_SURFACE ( 'NONE', #223, 1.250000000000000200 ) ;
#7908 = CARTESIAN_POINT ( 'NONE',  ( -14.15000000000000000, 0.0000000000000000000, 10.00000000000000000 ) ) ;
#7909 = AXIS2_PLACEMENT_3D ( 'NONE', #5499, #9503, #2377 ) ;
#7910 = ORIENTED_EDGE ( 'NONE', *, *, #1486, .F. ) ;
#7911 = VECTOR ( 'NONE', #571, 1000.000000000000000 ) ;
#7912 = CARTESIAN_POINT ( 'NONE',  ( 7.500000002000000200, -0.6000000000000000900, 5.202200245000000200 ) ) ;
#7913 = CIRCLE ( 'NONE', #156, 0.2999999999999999300 ) ;
#7914 = EDGE_CURVE ( 'NONE', #4365, #9552, #8405, .T. ) ;
#7915 = ORIENTED_EDGE ( 'NONE', *, *, #1885, .F. ) ;
#7916 = CYLINDRICAL_SURFACE ( 'NONE', #1904, 8.000000000000000000 ) ;
#7917 = CARTESIAN_POINT ( 'NONE',  ( 12.99751941025346200, -19.90364005316308700, -2.764626560907455000 ) ) ;
#7918 = CARTESIAN_POINT ( 'NONE',  ( 6.888301783000001100, 16.62983158500000200, -15.50000000000000000 ) ) ;
#7919 = CARTESIAN_POINT ( 'NONE',  ( 6.000000000000000000, 0.0000000000000000000, 11.19999999999999900 ) ) ;
#7920 = AXIS2_PLACEMENT_3D ( 'NONE', #5795, #1048, #7431 ) ;
#7921 = CARTESIAN_POINT ( 'NONE',  ( -9.949352091723120900, -4.696461184892579700, -1.499999999999995300 ) ) ;
#7922 = ADVANCED_FACE ( 'NONE', ( #4936, #9509 ), #6047, .T. ) ;
#7923 = CARTESIAN_POINT ( 'NONE',  ( 0.0000000000000000000, -1.000000000000000000, 0.0000000000000000000 ) ) ;
#7924 = FACE_BOUND ( 'NONE', #3549, .T. ) ;
#7925 = VERTEX_POINT ( 'NONE', #7032 ) ;
#7926 = B_SPLINE_CURVE_WITH_KNOTS ( 'NONE', 3,
 ( #7897, #1271, #2260, #6245, #7133, #7758, #3016, #10149, #652, #6204, #7795, #3046, #8764, #4849, #6382, #3984, #1639, #2500, #106, #2429, #4048, #9554 ),
 .UNSPECIFIED., .F., .F.,
 ( 4, 2, 2, 2, 2, 2, 2, 2, 2, 2, 4 ),
 ( 0.004364608524989625400, 0.004636518164145443800, 0.004908427803301262200, 0.005452247081612893900, 0.005996066359924525500, 0.006539885638236157100, 0.007083704916547788700, 0.007627524194859420400, 0.007899433834015234500, 0.008171343473171046800, 0.008715162751482675000 ),
 .UNSPECIFIED. ) ;
#7927 = EDGE_CURVE ( 'NONE', #8200, #6004, #2834, .T. ) ;
#7928 = DIRECTION ( 'NONE',  ( -0.0000000000000000000, 1.000000000000000000, 0.0000000000000000000 ) ) ;
#7929 = AXIS2_PLACEMENT_3D ( 'NONE', #7552, #7621, #2819 ) ;
#7930 = EDGE_LOOP ( 'NONE', ( #5961, #3072, #10018, #8057 ) ) ;
#7931 = DIRECTION ( 'NONE',  ( 0.0000000000000000000, -1.000000000000000000, 0.0000000000000000000 ) ) ;
#7932 = LINE ( 'NONE', #6845, #7812 ) ;
#7933 = COORDINATED_UNIVERSAL_TIME_OFFSET ( 8, 0, .AHEAD. ) ;
#7934 = ORIENTED_EDGE ( 'NONE', *, *, #42, .F. ) ;
#7935 = DIRECTION ( 'NONE',  ( -0.0000000000000000000, 4.130293990420969400E-017, 1.000000000000000000 ) ) ;
#7936 = APPLICATION_PROTOCOL_DEFINITION ( 'international standard', 'config_control_design', 1994, #5287 ) ;
#7937 = CARTESIAN_POINT ( 'NONE',  ( 0.0000000000000000000, -1.000000000000000000, 0.0000000000000000000 ) ) ;
#7938 = EDGE_CURVE ( 'NONE', #4763, #5766, #8651, .T. ) ;
#7939 = DIRECTION ( 'NONE',  ( 0.0000000000000000000, -1.000000000000000000, -1.284980352575412700E-016 ) ) ;
#7940 = ORIENTED_EDGE ( 'NONE', *, *, #494, .F. ) ;
#7941 = CIRCLE ( 'NONE', #3250, 0.2999999999999990500 ) ;
#7942 = PERSON_AND_ORGANIZATION ( #9093, #9691 ) ;
#7943 = DIRECTION ( 'NONE',  ( 0.0000000000000000000, 1.000000000000000000, -2.168404344971008900E-016 ) ) ;
#7944 = ORIENTED_EDGE ( 'NONE', *, *, #5631, .F. ) ;
#7945 = VECTOR ( 'NONE', #2047, 1000.000000000000000 ) ;
#7946 = EDGE_CURVE ( 'NONE', #1262, #8903, #7288, .T. ) ;
#7947 = CARTESIAN_POINT ( 'NONE',  ( -19.90445132831261800, 13.00000000000000200, -2.766671218399862700 ) ) ;
#7948 = DIRECTION ( 'NONE',  ( 0.0000000000000000000, 0.0000000000000000000, 1.000000000000000000 ) ) ;
#7949 = CC_DESIGN_SECURITY_CLASSIFICATION ( #7555, ( #642 ) ) ;
#7950 = CARTESIAN_POINT ( 'NONE',  ( 0.0000000000000000000, -3.212450881438531700E-016, -15.00000000000000200 ) ) ;
#7951 = ORIENTED_EDGE ( 'NONE', *, *, #8800, .T. ) ;
#7952 = ORIENTED_EDGE ( 'NONE', *, *, #9645, .T. ) ;
#7953 = DIRECTION ( 'NONE',  ( 0.0000000000000000000, -0.0000000000000000000, 1.000000000000000000 ) ) ;
#7954 = DIRECTION ( 'NONE',  ( 0.0000000000000000000, 1.000000000000000000, -2.168404344971008900E-016 ) ) ;
#7955 = VECTOR ( 'NONE', #9138, 1000.000000000000000 ) ;
#7956 = DIRECTION ( 'NONE',  ( 0.0000000000000000000, 1.000000000000000000, 0.0000000000000000000 ) ) ;
#7957 = ORIENTED_EDGE ( 'NONE', *, *, #6819, .F. ) ;
#7958 = VECTOR ( 'NONE', #3417, 1000.000000000000000 ) ;
#7959 = CARTESIAN_POINT ( 'NONE',  ( -9.558610572998325900, -5.447458903411211800, -1.352765445143279800 ) ) ;
#7960 = ORIENTED_EDGE ( 'NONE', *, *, #526, .F. ) ;
#7961 = EDGE_LOOP ( 'NONE', ( #7477, #4633, #9826, #6824 ) ) ;
#7962 = PLANE ( 'NONE',  #1853 ) ;
#7963 = AXIS2_PLACEMENT_3D ( 'NONE', #7106, #10222, #2365 ) ;
#7964 = CARTESIAN_POINT ( 'NONE',  ( -16.62983158500000200, 6.888301783000001100, -15.50000000000000000 ) ) ;
#7965 = CC_DESIGN_PERSON_AND_ORGANIZATION_ASSIGNMENT ( #9416, #5791, ( #8168 ) ) ;
#7966 = DIRECTION ( 'NONE',  ( 0.0000000000000000000, 0.0000000000000000000, 1.000000000000000000 ) ) ;
#7967 = ORIENTED_EDGE ( 'NONE', *, *, #10126, .F. ) ;
#7968 = CONTEXT_DEPENDENT_SHAPE_REPRESENTATION ( #3287, #3840 ) ;
#7969 = CIRCLE ( 'NONE', #10055, 10.50000000000000000 ) ;
#7970 = CARTESIAN_POINT ( 'NONE',  ( 17.77788187744799900, -4.116663204191999300, 10.00000000000000000 ) ) ;
#7971 = ORIENTED_EDGE ( 'NONE', *, *, #6360, .T. ) ;
#7972 = CARTESIAN_POINT ( 'NONE',  ( 0.0000000000000000000, 0.0000000000000000000, 0.0000000000000000000 ) ) ;
#7973 = SECURITY_CLASSIFICATION_LEVEL ( 'unclassified' ) ;
#7974 = DIRECTION ( 'NONE',  ( 0.0000000000000000000, 1.000000000000000000, 0.0000000000000000000 ) ) ;
#7975 = ADVANCED_FACE ( 'NONE', ( #6553 ), #1088, .F. ) ;
#7976 = CARTESIAN_POINT ( 'NONE',  ( -14.31980000000000100, -14.31980000000000100, 10.50000000000000000 ) ) ;
#7977 = VERTEX_POINT ( 'NONE', #3076 ) ;
#7978 = PERSON_AND_ORGANIZATION ( #9162, #4154 ) ;
#7979 = CARTESIAN_POINT ( 'NONE',  ( 12.00000000000000000, 0.0000000000000000000, 0.0000000000000000000 ) ) ;
#7980 = FACE_BOUND ( 'NONE', #8353, .T. ) ;
#7981 = AXIS2_PLACEMENT_3D ( 'NONE', #4713, #7824, #7033 ) ;
#7982 = CLOSED_SHELL ( 'NONE', ( #4803, #6168, #5906, #2805, #130, #6687, #1159, #1973, #691, #1287, #7975, #5074, #1959, #6696, #2221, #6788, #1119, #4709, #9132, #9120, #7478, #8133, #5920, #7463, #5888, #8403, #8441, #3759, #1070, #4451, #5226, #8336, #8183, #6993, #1809, #1949, #3973, #5934, #9634, #8299, #3609, #6321, #1237, #10154, #6063, #7304 ) ) ;
#7983 = AXIS2_PLACEMENT_3D ( 'NONE', #8938, #7422, #9012 ) ;
#7984 = CARTESIAN_POINT ( 'NONE',  ( 0.0000000000000000000, 0.0000000000000000000, 11.00000000000000000 ) ) ;
#7985 = CARTESIAN_POINT ( 'NONE',  ( 2.700000000000000200, 0.0000000000000000000, 0.0000000000000000000 ) ) ;
#7986 = VERTEX_POINT ( 'NONE', #8557 ) ;
#7987 = CARTESIAN_POINT ( 'NONE',  ( -6.888301783000001100, -16.62983158500000200, 6.000000000000000000 ) ) ;
#7988 = EDGE_LOOP ( 'NONE', ( #1787, #4610, #4194, #1971 ) ) ;
#7989 = PERSON_AND_ORGANIZATION ( #9162, #4154 ) ;
#7990 = DIRECTION ( 'NONE',  ( 0.0000000000000000000, 7.105427357601001900E-015, -1.000000000000000000 ) ) ;
#7991 = LINE ( 'NONE', #1463, #3657 ) ;
#7992 = DIRECTION ( 'NONE',  ( 1.000000000000000000, 0.0000000000000000000, 0.0000000000000000000 ) ) ;
#7993 = DIRECTION ( 'NONE',  ( -0.0000000000000000000, 0.0000000000000000000, -1.000000000000000000 ) ) ;
#7994 = EDGE_CURVE ( 'NONE', #8359, #5370, #4688, .T. ) ;
#7995 = DIRECTION ( 'NONE',  ( 0.0000000000000000000, 0.0000000000000000000, -1.000000000000000000 ) ) ;
#7996 = AXIS2_PLACEMENT_3D ( 'NONE', #5838, #3414, #2700 ) ;
#7997 = DIRECTION ( 'NONE',  ( -1.000000000000000000, 0.0000000000000000000, 0.0000000000000000000 ) ) ;
#7998 = ORIENTED_EDGE ( 'NONE', *, *, #8487, .T. ) ;
#7999 = DIRECTION ( 'NONE',  ( 0.0000000000000000000, 0.0000000000000000000, 1.000000000000000000 ) ) ;
#8000 = CIRCLE ( 'NONE', #1833, 16.00000000000000000 ) ;
#8001 = CARTESIAN_POINT ( 'NONE',  ( 11.54240091646652600, 7.547250691242882500, -2.655319416126538500 ) ) ;
#8002 = CARTESIAN_POINT ( 'NONE',  ( -1.300000000000000300, -1.000000000000000000, 4.931531202000000400 ) ) ;
#8003 = EDGE_CURVE ( 'NONE', #4240, #3856, #2095, .T. ) ;
#8004 = CARTESIAN_POINT ( 'NONE',  ( 9.739410359719409300, 4.418859215445714900, -6.668859214890919600 ) ) ;
#8005 = ORIENTED_EDGE ( 'NONE', *, *, #633, .T. ) ;
#8006 = DIRECTION ( 'NONE',  ( -0.0000000000000000000, -0.0000000000000000000, 1.000000000000000000 ) ) ;
#8007 = APPLICATION_CONTEXT ( 'configuration controlled 3d designs of mechanical parts and assemblies' ) ;
#8008 = ORIENTED_EDGE ( 'NONE', *, *, #8896, .T. ) ;
#8009 = DIRECTION ( 'NONE',  ( 0.0000000000000000000, 0.0000000000000000000, 1.000000000000000000 ) ) ;
#8010 = DIRECTION ( 'NONE',  ( -1.000000000000000000, 0.0000000000000000000, 0.0000000000000000000 ) ) ;
#8011 = EDGE_CURVE ( 'NONE', #946, #5489, #2587, .T. ) ;
#8012 = DIRECTION ( 'NONE',  ( 0.0000000000000000000, 0.0000000000000000000, -1.000000000000000000 ) ) ;
#8013 = DIRECTION ( 'NONE',  ( 0.0000000000000000000, -7.228014483236695800E-017, -1.000000000000000000 ) ) ;
#8014 = CC_DESIGN_SECURITY_CLASSIFICATION ( #6949, ( #8348 ) ) ;
#8015 = CIRCLE ( 'NONE', #6125, 11.00000000000000000 ) ;
#8016 = ORIENTED_EDGE ( 'NONE', *, *, #1576, .T. ) ;
#8017 = DIRECTION ( 'NONE',  ( 0.0000000000000000000, 0.0000000000000000000, 1.000000000000000000 ) ) ;
#8018 = PLANE ( 'NONE',  #7145 ) ;
#8019 = DIRECTION ( 'NONE',  ( -0.0000000000000000000, -0.0000000000000000000, -1.000000000000000000 ) ) ;
#8020 = CARTESIAN_POINT ( 'NONE',  ( -10.50000000000000000, 0.0000000000000000000, 9.500000000000000000 ) ) ;
#8021 = CARTESIAN_POINT ( 'NONE',  ( 8.432905545278190500, 7.066538754222829500, -0.1063281862402006600 ) ) ;
#8022 = ORIENTED_EDGE ( 'NONE', *, *, #2509, .F. ) ;
#8023 = LINE ( 'NONE', #2643, #4313 ) ;
#8024 = EDGE_CURVE ( 'NONE', #4825, #9175, #8032, .T. ) ;
#8025 = ORIENTED_EDGE ( 'NONE', *, *, #5065, .T. ) ;
#8026 = CC_DESIGN_APPROVAL ( #4109, ( #3581 ) ) ;
#8027 = CARTESIAN_POINT ( 'NONE',  ( -21.00000000000000000, 5.656435851438632600, -0.7417981226842496100 ) ) ;
#8028 = ADVANCED_FACE ( 'NONE', ( #9262 ), #221, .T. ) ;
#8029 = VERTEX_POINT ( 'NONE', #10109 ) ;
#8030 = CARTESIAN_POINT ( 'NONE',  ( 2.332238092999999100, 0.0000000000000000000, 6.626889377999998700 ) ) ;
#8031 = CARTESIAN_POINT ( 'NONE',  ( 12.39933271058880300, 6.710197440250929900, -4.358475494236903300 ) ) ;
#8032 = CIRCLE ( 'NONE', #5020, 1.650000000000002100 ) ;
#8033 = DIRECTION ( 'NONE',  ( 0.0000000000000000000, 0.0000000000000000000, 1.000000000000000000 ) ) ;
#8034 = ORIENTED_EDGE ( 'NONE', *, *, #7016, .T. ) ;
#8035 = FACE_BOUND ( 'NONE', #5360, .T. ) ;
#8036 = ORIENTED_EDGE ( 'NONE', *, *, #6339, .T. ) ;
#8037 = LINE ( 'NONE', #8054, #1359 ) ;
#8038 = CARTESIAN_POINT ( 'NONE',  ( -16.97056274799999900, 21.00000000000000000, -20.00000000000000000 ) ) ;
#8039 = DIRECTION ( 'NONE',  ( 1.000000000000000000, 0.0000000000000000000, 0.0000000000000000000 ) ) ;
#8040 = APPROVAL_ROLE ( '' ) ;
#8041 = EDGE_CURVE ( 'NONE', #7859, #6547, #8904, .T. ) ;
#8042 = DIRECTION ( 'NONE',  ( -1.000000000000000000, 0.0000000000000000000, 0.0000000000000000000 ) ) ;
#8043 = PLANE ( 'NONE',  #806 ) ;
#8044 = AXIS2_PLACEMENT_3D ( 'NONE', #3880, #5623, #1643 ) ;
#8046 = CYLINDRICAL_SURFACE ( 'NONE', #7778, 0.7500000000000006700 ) ;
#8045 = CARTESIAN_POINT ( 'NONE',  ( 10.89731298152725400, 1.499523262991839800, 1.902439453097262800 ) ) ;
#8047 = ORIENTED_EDGE ( 'NONE', *, *, #9946, .F. ) ;
#8048 = DIRECTION ( 'NONE',  ( 0.0000000000000000000, 0.0000000000000000000, -1.000000000000000000 ) ) ;
#8049 = EDGE_CURVE ( 'NONE', #6302, #3356, #1213, .T. ) ;
#8050 = DIRECTION ( 'NONE',  ( 0.0000000000000000000, 1.000000000000000000, -8.260587980841938800E-017 ) ) ;
#8051 = CARTESIAN_POINT ( 'NONE',  ( 0.0000000000000000000, 6.000000000000000000, 4.999999999999999100 ) ) ;
#8052 = EDGE_CURVE ( 'NONE', #8111, #6123, #349, .T. ) ;
#8053 = DIRECTION ( 'NONE',  ( 0.0000000000000000000, -0.0000000000000000000, 1.000000000000000000 ) ) ;
#8054 = CARTESIAN_POINT ( 'NONE',  ( 6.899999999999999500, 0.6000000009679791200, 4.963869458279339700 ) ) ;
#8055 = CIRCLE ( 'NONE', #217, 20.99999999999999600 ) ;
#8056 = CARTESIAN_POINT ( 'NONE',  ( -5.755954265999998000, -1.000000000000000000, -2.214256879247651400E-009 ) ) ;
#8057 = ORIENTED_EDGE ( 'NONE', *, *, #10040, .F. ) ;
#8058 = AXIS2_PLACEMENT_3D ( 'NONE', #2787, #9083, #4370 ) ;
#8059 = CARTESIAN_POINT ( 'NONE',  ( -8.210675130669132600, -7.320989342853486900, 2.540688339565295700 ) ) ;
#8060 = DIRECTION ( 'NONE',  ( 0.0000000000000000000, 0.0000000000000000000, -1.000000000000000000 ) ) ;
#8061 = ORIENTED_EDGE ( 'NONE', *, *, #4389, .T. ) ;
#8062 = CARTESIAN_POINT ( 'NONE',  ( 7.500000000000000000, 0.0000000000000000000, 0.0000000000000000000 ) ) ;
#8063 = CONICAL_SURFACE ( 'NONE', #6450, 1664.279481872890500, 1.029744258549957000 ) ;
#8064 = CONTEXT_DEPENDENT_SHAPE_REPRESENTATION ( #1043, #3348 ) ;
#8065 = CARTESIAN_POINT ( 'NONE',  ( 10.00000000000000000, -3.849999999999999600, 6.100000000000001400 ) ) ;
#8066 = EDGE_LOOP ( 'NONE', ( #7426, #6855, #7417 ) ) ;
#8067 = ORIENTED_EDGE ( 'NONE', *, *, #5395, .F. ) ;
#8068 = ORIENTED_EDGE ( 'NONE', *, *, #375, .T. ) ;
#8069 = AXIS2_PLACEMENT_3D ( 'NONE', #5763, #110, #1001 ) ;
#8070 = DIRECTION ( 'NONE',  ( -1.000000000000000000, 0.0000000000000000000, 0.0000000000000000000 ) ) ;
#8071 = APPROVAL_STATUS ( 'not_yet_approved' ) ;
#8072 = FACE_OUTER_BOUND ( 'NONE', #8712, .T. ) ;
#8073 = CARTESIAN_POINT ( 'NONE',  ( 19.15000000000000200, 0.0000000000000000000, 0.0000000000000000000 ) ) ;
#8074 = APPROVAL_PERSON_ORGANIZATION ( #5115, #6104, #9491 ) ;
#8075 = ORIENTED_EDGE ( 'NONE', *, *, #8939, .T. ) ;
#8076 = CYLINDRICAL_SURFACE ( 'NONE', #8690, 3.000000000000000900 ) ;
#8077 = ADVANCED_FACE ( 'NONE', ( #2086 ), #2577, .F. ) ;
#8078 = CARTESIAN_POINT ( 'NONE',  ( 2.332238092999999100, -1.000000000000000000, 7.376889377999999600 ) ) ;
#8079 = SHAPE_REPRESENTATION ( 'M3hexagon socket head cap screw', ( #2234 ), #6565 ) ;
#8080 = CARTESIAN_POINT ( 'NONE',  ( 0.0000000000000000000, 21.00000000000000000, 0.2999999999999999300 ) ) ;
#8081 = ORIENTED_EDGE ( 'NONE', *, *, #3712, .F. ) ;
#8082 = CARTESIAN_POINT ( 'NONE',  ( -9.411600000000001700, -9.411600000000001700, 4.799999999999999800 ) ) ;
#8083 = EDGE_CURVE ( 'NONE', #9944, #6039, #9896, .T. ) ;
#8084 = CARTESIAN_POINT ( 'NONE',  ( 11.24143408394746400, 6.469963370115765500, 4.708762129479517000 ) ) ;
#8085 = COORDINATED_UNIVERSAL_TIME_OFFSET ( 8, 0, .AHEAD. ) ;
#8086 = ORIENTED_EDGE ( 'NONE', *, *, #6793, .T. ) ;
#8087 = DIRECTION ( 'NONE',  ( 1.000000000000000000, 0.0000000000000000000, -2.220446049250313100E-014 ) ) ;
#8088 = PRODUCT_DEFINITION_FORMATION_WITH_SPECIFIED_SOURCE ( '任何', '', #7372, .NOT_KNOWN. ) ;
#8089 = VECTOR ( 'NONE', #6433, 1000.000000000000000 ) ;
#8090 = DIRECTION ( 'NONE',  ( -0.0000000000000000000, -0.0000000000000000000, 1.000000000000000000 ) ) ;
#8091 = VERTEX_POINT ( 'NONE', #2970 ) ;
#8092 = CARTESIAN_POINT ( 'NONE',  ( 9.244894256765865800, 5.974889835262061400, -1.139790940285508600 ) ) ;
#8093 = CARTESIAN_POINT ( 'NONE',  ( -16.62983158500000200, 6.888301783000001100, -15.50000000000000000 ) ) ;
#8094 = VERTEX_POINT ( 'NONE', #2218 ) ;
#8095 = PERSON_AND_ORGANIZATION ( #9162, #4154 ) ;
#8096 = DIRECTION ( 'NONE',  ( 1.000000000000000000, -0.0000000000000000000, 0.0000000000000000000 ) ) ;
#8097 = CIRCLE ( 'NONE', #2370, 21.00000000000000000 ) ;
#8098 = ORIENTED_EDGE ( 'NONE', *, *, #8215, .T. ) ;
#8099 = CARTESIAN_POINT ( 'NONE',  ( -1.500000001109677000, 3.708099243098945200, 22.25000000000000000 ) ) ;
#8100 = AXIS2_PLACEMENT_3D ( 'NONE', #2282, #6960, #9342 ) ;
#8101 = EDGE_CURVE ( 'NONE', #8903, #2432, #8895, .T. ) ;
#8102 = CARTESIAN_POINT ( 'NONE',  ( 1.000000000618904300, -1.000000000000000000, 4.931531202000000400 ) ) ;
#8103 = EDGE_LOOP ( 'NONE', ( #8771, #6186, #4021, #1376, #8418 ) ) ;
#8104 = ORIENTED_EDGE ( 'NONE', *, *, #6881, .F. ) ;
#8105 = ORIENTED_EDGE ( 'NONE', *, *, #5813, .F. ) ;
#8106 = APPROVAL_DATE_TIME ( #7856, #7751 ) ;
#8107 = CIRCLE ( 'NONE', #561, 3.000000000000000900 ) ;
#8108 = B_SPLINE_CURVE_WITH_KNOTS ( 'NONE', 3,
 ( #1703, #7921, #9620, #5712, #7959, #3238, #9579, #4073, #5570, #838, #807, #7265, #4837, #9542, #2528, #4802, #8059, #4111, #62, #950, #1594, #877, #6403, #8786, #1104, #3459, #4183, #274, #2674, #2602 ),
 .UNSPECIFIED., .F., .F.,
 ( 4, 2, 2, 2, 2, 2, 2, 2, 2, 2, 2, 2, 2, 2, 4 ),
 ( -0.005141019155172526000, -0.004498653800109560200, -0.003856288445046594400, -0.002571557734920662400, -0.001286827024794730000, -0.0006444616697317646600, -2.096314668798872300E-006, 0.0006402690403941669100, 0.001282634395457131800, 0.001924999750520095900, 0.002567365105583060800, 0.003209730460646025700, 0.003852095815708989800, 0.004494461170771955500, 0.005136826525834919600 ),
 .UNSPECIFIED. ) ;
#8109 = CARTESIAN_POINT ( 'NONE',  ( 0.0000000000000000000, 0.0000000000000000000, 4.799999999999999800 ) ) ;
#8110 = DATE_TIME_ROLE ( 'classification_date' ) ;
#8111 = VERTEX_POINT ( 'NONE', #3862 ) ;
#8112 = DIRECTION ( 'NONE',  ( -0.0000000000000000000, -1.000000000000000000, -0.0000000000000000000 ) ) ;
#8113 = DIRECTION ( 'NONE',  ( 0.9238795325268022200, -0.3826834323276323000, 0.0000000000000000000 ) ) ;
#8114 = CARTESIAN_POINT ( 'NONE',  ( -17.50000000000000000, 0.0000000000000000000, 0.0000000000000000000 ) ) ;
#8115 = CIRCLE ( 'NONE', #5420, 1.750000000000001600 ) ;
#8116 = CARTESIAN_POINT ( 'NONE',  ( 10.88666308401348300, 1.582956469586302500, 2.306806654044438100 ) ) ;
#8117 = ORIENTED_EDGE ( 'NONE', *, *, #4949, .T. ) ;
#8118 = EDGE_CURVE ( 'NONE', #2747, #4921, #10242, .T. ) ;
#8119 = AXIS2_PLACEMENT_3D ( 'NONE', #9284, #3780, #6834 ) ;
#8120 = EDGE_LOOP ( 'NONE', ( #5218, #9347 ) ) ;
#8121 = ORIENTED_EDGE ( 'NONE', *, *, #2022, .T. ) ;
#8122 = CARTESIAN_POINT ( 'NONE',  ( 3.000000000000000000, 0.7500000000000000000, 1.299038106000000200 ) ) ;
#8123 = AXIS2_PLACEMENT_3D ( 'NONE', #1201, #5018, #4324 ) ;
#8124 = CARTESIAN_POINT ( 'NONE',  ( -19.66583158500000300, 3.852301782999999700, -15.50000000000000000 ) ) ;
#8125 = CARTESIAN_POINT ( 'NONE',  ( 20.94376973921668400, 1.537304052158063400, 2.039332012607283600 ) ) ;
#8126 = CARTESIAN_POINT ( 'NONE',  ( 0.0000000000000000000, 0.0000000000000000000, 0.0000000000000000000 ) ) ;
#8127 = CARTESIAN_POINT ( 'NONE',  ( -17.50000000000000000, 0.0000000000000000000, 10.00000000000000000 ) ) ;
#8128 = VECTOR ( 'NONE', #9669, 1000.000000000000000 ) ;
#8129 = CARTESIAN_POINT ( 'NONE',  ( -20.80832124686708400, -6.455941327823896200, -0.7856322549286812700 ) ) ;
#8130 = VERTEX_POINT ( 'NONE', #8579 ) ;
#8131 = ORIENTED_EDGE ( 'NONE', *, *, #2113, .T. ) ;
#8132 = EDGE_CURVE ( 'NONE', #4197, #3994, #4052, .T. ) ;
#8133 = ADVANCED_FACE ( 'NONE', ( #92 ), #5885, .F. ) ;
#8134 = AXIS2_PLACEMENT_3D ( 'NONE', #5214, #6778, #2032 ) ;
#8135 = CARTESIAN_POINT ( 'NONE',  ( 12.49999999984235500, -0.6000000000000000900, 2.939387691178918500 ) ) ;
#8136 = FACE_OUTER_BOUND ( 'NONE', #6668, .T. ) ;
#8137 = ORIENTED_EDGE ( 'NONE', *, *, #889, .T. ) ;
#8138 = DIRECTION ( 'NONE',  ( 1.000000000000000000, 0.0000000000000000000, 0.0000000000000000000 ) ) ;
#8139 = CIRCLE ( 'NONE', #4922, 1.599999999999995400 ) ;
#8140 = EDGE_CURVE ( 'NONE', #6039, #5671, #10004, .T. ) ;
#8141 = CARTESIAN_POINT ( 'NONE',  ( 2.999999999999999600, -1.350463787421463800, -1.924672749711715300 ) ) ;
#8142 = APPROVAL_ROLE ( '' ) ;
#8143 = CIRCLE ( 'NONE', #1840, 6.000000000000000000 ) ;
#8144 = EDGE_LOOP ( 'NONE', ( #4686, #6697 ) ) ;
#8145 = DIRECTION ( 'NONE',  ( 0.0000000000000000000, 0.0000000000000000000, -1.000000000000000000 ) ) ;
#8146 = EDGE_CURVE ( 'NONE', #5655, #2165, #8279, .T. ) ;
#8147 = CARTESIAN_POINT ( 'NONE',  ( -16.62983158500000200, 6.888301783000001100, -15.50000000000000000 ) ) ;
#8148 = DIRECTION ( 'NONE',  ( 0.0000000000000000000, 0.0000000000000000000, 1.000000000000000000 ) ) ;
#8149 = ORIENTED_EDGE ( 'NONE', *, *, #8146, .F. ) ;
#8150 = PRODUCT_RELATED_PRODUCT_CATEGORY ( 'detail', '', ( #3582 ) ) ;
#8151 = CARTESIAN_POINT ( 'NONE',  ( 10.33859992464052100, 3.761993607576737700, -1.413887692856426100 ) ) ;
#8152 = ORIENTED_EDGE ( 'NONE', *, *, #5892, .F. ) ;
#8153 = CARTESIAN_POINT ( 'NONE',  ( -21.00000000000000000, -1.305799153977884400, -0.03057800063349983700 ) ) ;
#8154 = LINE ( 'NONE', #5936, #3571 ) ;
#8155 = ORIENTED_EDGE ( 'NONE', *, *, #5472, .F. ) ;
#8156 = DIRECTION ( 'NONE',  ( -1.000000000000000000, 0.0000000000000000000, 0.0000000000000000000 ) ) ;
#8157 = CARTESIAN_POINT ( 'NONE',  ( 7.500000001000000100, -0.6000000000000000900, 7.977468270035824800 ) ) ;
#8158 = B_SPLINE_CURVE_WITH_KNOTS ( 'NONE', 3,
 ( #7887, #3828, #768, #5459, #9438, #5428, #9474, #9371, #3163, #8679, #8578, #3930, #5535, #4634, #8648, #671, #1620, #6229, #5501, #17 ),
 .UNSPECIFIED., .F., .F.,
 ( 4, 2, 2, 2, 2, 2, 2, 2, 2, 4 ),
 ( -0.001568294485156052900, -0.0007737741269637798400, 2.074623122849325600E-005, 0.0008152665894207667900, 0.001212526768516904000, 0.001609786947613041600, 0.002404307305805315600, 0.003198827663997589100, 0.003993348022189864400, 0.004787868380382138800 ),
 .UNSPECIFIED. ) ;
#8159 = FACE_OUTER_BOUND ( 'NONE', #8952, .T. ) ;
#8160 = CARTESIAN_POINT ( 'NONE',  ( -1.000000000618904000, -1.000000000000000000, 4.931531201969234800 ) ) ;
#8161 = ORIENTED_EDGE ( 'NONE', *, *, #3776, .F. ) ;
#8162 = VECTOR ( 'NONE', #8164, 1000.000000000000000 ) ;
#8163 = CARTESIAN_POINT ( 'NONE',  ( -1.500000000000000000, 2.200000000000000200, 15.41600000000000000 ) ) ;
#8164 = DIRECTION ( 'NONE',  ( 0.0000000000000000000, 0.0000000000000000000, -1.000000000000000000 ) ) ;
#8165 = CARTESIAN_POINT ( 'NONE',  ( -16.80766968257363200, 12.79999999976337600, -3.249999999999999600 ) ) ;
#8166 = EDGE_CURVE ( 'NONE', #6053, #498, #8143, .T. ) ;
#8167 = AXIS2_PLACEMENT_3D ( 'NONE', #6621, #1920, #3496 ) ;
#8168 = SECURITY_CLASSIFICATION ( '', '', #180 ) ;
#8169 = ADVANCED_FACE ( 'NONE', ( #3058 ), #948, .F. ) ;
#8170 = DIRECTION ( 'NONE',  ( 0.0000000000000000000, 0.0000000000000000000, -1.000000000000000000 ) ) ;
#8171 = CARTESIAN_POINT ( 'NONE',  ( -6.888301783000001100, -16.62983158500000200, 6.000000000000000000 ) ) ;
#8172 = CIRCLE ( 'NONE', #8647, 1.650000000000000100 ) ;
#8173 = DESIGN_CONTEXT ( 'detailed design', #9196, 'design' ) ;
#8174 = ORIENTED_EDGE ( 'NONE', *, *, #5756, .T. ) ;
#8175 = LINE ( 'NONE', #8927, #8162 ) ;
#8176 = CARTESIAN_POINT ( 'NONE',  ( 0.1982249905385050600, 3.996255728010845900, 29.49009479157659900 ) ) ;
#8177 = DIRECTION ( 'NONE',  ( 0.0000000000000000000, -0.0000000000000000000, 1.000000000000000000 ) ) ;
#8178 = DIRECTION ( 'NONE',  ( -1.000000000000000000, 0.0000000000000000000, 0.0000000000000000000 ) ) ;
#8179 = FACE_OUTER_BOUND ( 'NONE', #2071, .T. ) ;
#8180 = ORIENTED_EDGE ( 'NONE', *, *, #5770, .T. ) ;
#8181 = CARTESIAN_POINT ( 'NONE',  ( 3.000000000000000000, -2.116601202480023100, -1.021319148266559300 ) ) ;
#8182 = EDGE_CURVE ( 'NONE', #864, #4703, #1964, .T. ) ;
#8183 = ADVANCED_FACE ( 'NONE', ( #9143 ), #6794, .F. ) ;
#8184 = DIRECTION ( 'NONE',  ( -1.000000000000000000, 0.0000000000000000000, 0.0000000000000000000 ) ) ;
#8185 = AXIS2_PLACEMENT_3D ( 'NONE', #7153, #4704, #2280 ) ;
#8186 = DIRECTION ( 'NONE',  ( -1.000000000000000000, 0.0000000000000000000, 0.0000000000000000000 ) ) ;
#8187 = VERTEX_POINT ( 'NONE', #1110 ) ;
#8188 = CARTESIAN_POINT ( 'NONE',  ( 10.03742995002864400, 4.499999999807552200, 4.500000000000000000 ) ) ;
#8189 = CYLINDRICAL_SURFACE ( 'NONE', #2148, 1.750000000000001600 ) ;
#8190 = APPROVAL_PERSON_ORGANIZATION ( #6828, #715, #4894 ) ;
#8191 = CARTESIAN_POINT ( 'NONE',  ( -9.300000000000000700, 1.138921523207038600E-015, 5.000000000000000000 ) ) ;
#8192 = VERTEX_POINT ( 'NONE', #4223 ) ;
#8193 = DIRECTION ( 'NONE',  ( -1.000000000000000000, 0.0000000000000000000, 0.0000000000000000000 ) ) ;
#8194 = EDGE_CURVE ( 'NONE', #3308, #6494, #3804, .T. ) ;
#8195 = DIRECTION ( 'NONE',  ( -1.000000000000000000, 0.0000000000000000000, 0.0000000000000000000 ) ) ;
#8196 = CARTESIAN_POINT ( 'NONE',  ( -2.087546334251260100, 2.646710530926050400, 20.25000000000000000 ) ) ;
#8197 = CARTESIAN_POINT ( 'NONE',  ( 0.0000000000000000000, 0.0000000000000000000, 10.00000000000000000 ) ) ;
#8198 = AXIS2_PLACEMENT_3D ( 'NONE', #7370, #6570, #5049 ) ;
#8199 = CARTESIAN_POINT ( 'NONE',  ( 3.000000000000000000, -5.945500168580419900E-010, 1.732050807700636700 ) ) ;
#8200 = VERTEX_POINT ( 'NONE', #8248 ) ;
#8201 = CARTESIAN_POINT ( 'NONE',  ( 3.499999999999917000, 4.592425496802523700E-016, 31.50000000000008500 ) ) ;
#8202 = CARTESIAN_POINT ( 'NONE',  ( 3.200000000000000200, 0.0000000000000000000, 7.549834435000000200 ) ) ;
#8203 = LINE ( 'NONE', #3421, #3841 ) ;
#8204 = APPROVAL_PERSON_ORGANIZATION ( #3105, #4109, #7315 ) ;
#8205 = AXIS2_PLACEMENT_3D ( 'NONE', #5337, #2225, #3777 ) ;
#8206 = ORIENTED_EDGE ( 'NONE', *, *, #1648, .F. ) ;
#8207 = LINE ( 'NONE', #6789, #273 ) ;
#8208 = CARTESIAN_POINT ( 'NONE',  ( 8.400000000000000400, -3.850000000000000100, 4.500000000000000900 ) ) ;
#8209 = DIRECTION ( 'NONE',  ( 0.0000000000000000000, 0.0000000000000000000, -1.000000000000000000 ) ) ;
#8210 = CARTESIAN_POINT ( 'NONE',  ( -12.74672861505315200, -16.68894573303290200, -3.249999999999999600 ) ) ;
#8211 = EDGE_LOOP ( 'NONE', ( #1975, #5314, #8149, #8550, #6013, #265, #9617 ) ) ;
#8212 = CARTESIAN_POINT ( 'NONE',  ( 19.62983158500000200, -6.888301783000001100, -15.50000000000000000 ) ) ;
#8213 = ORIENTED_EDGE ( 'NONE', *, *, #328, .T. ) ;
#8214 = CIRCLE ( 'NONE', #844, 2.000000000000001800 ) ;
#8215 = EDGE_CURVE ( 'NONE', #7290, #6912, #9631, .T. ) ;
#8216 = CC_DESIGN_PERSON_AND_ORGANIZATION_ASSIGNMENT ( #6877, #464, ( #895 ) ) ;
#8217 = ORIENTED_EDGE ( 'NONE', *, *, #10065, .T. ) ;
#8218 = CARTESIAN_POINT ( 'NONE',  ( 3.000000000000000000, -2.252931655179740000, 0.6701188843897263300 ) ) ;
#8219 = SECURITY_CLASSIFICATION_LEVEL ( 'unclassified' ) ;
#8220 = ORIENTED_EDGE ( 'NONE', *, *, #7125, .F. ) ;
#8221 = CARTESIAN_POINT ( 'NONE',  ( -17.67944947265668200, 13.00000000000000200, -0.9445422293612804100 ) ) ;
#8222 = ORIENTED_EDGE ( 'NONE', *, *, #800, .T. ) ;
#8223 = DATE_AND_TIME ( #1522, #1779 ) ;
#8224 = CYLINDRICAL_SURFACE ( 'NONE', #5035, 1.250000000000000200 ) ;
#8225 = CARTESIAN_POINT ( 'NONE',  ( 11.23589630017678200, -6.776882903457779300, -4.254926932759138600 ) ) ;
#8226 = VERTEX_POINT ( 'NONE', #8935 ) ;
#8227 = EDGE_CURVE ( 'NONE', #4360, #2958, #4926, .T. ) ;
#8228 = DIRECTION ( 'NONE',  ( -1.000000000000000000, -1.329954664915551700E-014, 0.0000000000000000000 ) ) ;
#8229 = CARTESIAN_POINT ( 'NONE',  ( 16.97056274799999900, -21.00000000000000000, -9.940000000000001300 ) ) ;
#8230 = DIRECTION ( 'NONE',  ( -0.001945255279673669800, -0.9999981079891585600, -0.0000000000000000000 ) ) ;
#8231 = CC_DESIGN_PERSON_AND_ORGANIZATION_ASSIGNMENT ( #5606, #8768, ( #10145 ) ) ;
#8232 = B_SPLINE_CURVE_WITH_KNOTS ( 'NONE', 3,
 ( #7378, #1766, #4913, #5744, #4104, #240 ),
 .UNSPECIFIED., .F., .F.,
 ( 4, 2, 4 ),
 ( 0.0000000000000000000, 0.003636670521081324200, 0.007273341042162648400 ),
 .UNSPECIFIED. ) ;
#8233 = CARTESIAN_POINT ( 'NONE',  ( 0.0000000000000000000, 0.0000000000000000000, 31.50000000000008500 ) ) ;
#8234 = ORIENTED_EDGE ( 'NONE', *, *, #8360, .F. ) ;
#8235 = DATE_AND_TIME ( #542, #8980 ) ;
#8236 = CARTESIAN_POINT ( 'NONE',  ( 11.13200000000000000, -11.13200000000000000, 4.500000000000000900 ) ) ;
#8237 = VECTOR ( 'NONE', #6677, 1000.000000000000300 ) ;
#8238 = DIRECTION ( 'NONE',  ( 0.0000000000000000000, -1.000000000000000000, -1.982541115402063300E-015 ) ) ;
#8239 = ORIENTED_EDGE ( 'NONE', *, *, #8674, .T. ) ;
#8240 = CARTESIAN_POINT ( 'NONE',  ( 0.0000000000000000000, 21.00000000000000000, 9.999999999999998200 ) ) ;
#8241 = ADVANCED_FACE ( 'NONE', ( #5928 ), #6170, .F. ) ;
#8242 = CARTESIAN_POINT ( 'NONE',  ( -9.300000000000000700, 1.138921523207038600E-015, 4.799999999999999800 ) ) ;
#8243 = ORIENTED_EDGE ( 'NONE', *, *, #5650, .F. ) ;
#8244 = EDGE_LOOP ( 'NONE', ( #3507, #9096, #5630, #6325, #10227 ) ) ;
#8245 = PERSON_AND_ORGANIZATION ( #9162, #4154 ) ;
#8246 = CARTESIAN_POINT ( 'NONE',  ( 10.00000000000000000, 5.562148865321747200, 5.750000000000000900 ) ) ;
#8247 = LINE ( 'NONE', #886, #6138 ) ;
#8248 = CARTESIAN_POINT ( 'NONE',  ( -3.833920890848702400, -1.000000000000000000, 4.293257518638202300 ) ) ;
#8249 = AXIS2_PLACEMENT_3D ( 'NONE', #1356, #5307, #6062 ) ;
#8250 = EDGE_CURVE ( 'NONE', #422, #2997, #8023, .T. ) ;
#8251 = ORIENTED_EDGE ( 'NONE', *, *, #9179, .T. ) ;
#8252 = DIRECTION ( 'NONE',  ( 0.0000000000000000000, -0.0000000000000000000, 1.000000000000000000 ) ) ;
#8253 = AXIS2_PLACEMENT_3D ( 'NONE', #8233, #3415, #4976 ) ;
#8254 = CYLINDRICAL_SURFACE ( 'NONE', #3629, 10.50000000000000000 ) ;
#8255 = EDGE_LOOP ( 'NONE', ( #4182, #3815 ) ) ;
#8256 = CARTESIAN_POINT ( 'NONE',  ( 2.999999999999999600, -1.063258130720172700, -2.095783516336019700 ) ) ;
#8257 = CIRCLE ( 'NONE', #5599, 8.000000000000000000 ) ;
#8258 = CARTESIAN_POINT ( 'NONE',  ( 4.000000000000000000, 4.898587196589412800E-016, 31.00000000000000000 ) ) ;
#8259 = CARTESIAN_POINT ( 'NONE',  ( 5.755954265999998000, 0.0000000000000000000, -1.180564676255455000E-009 ) ) ;
#8260 = CIRCLE ( 'NONE', #2938, 2.400000000000000400 ) ;
#8261 = EDGE_LOOP ( 'NONE', ( #9251, #3009 ) ) ;
#8262 = FACE_OUTER_BOUND ( 'NONE', #3672, .T. ) ;
#8263 = AXIS2_PLACEMENT_3D ( 'NONE', #6322, #112, #8740 ) ;
#8264 = CARTESIAN_POINT ( 'NONE',  ( -3.888301783000003700, -16.62983158500000200, -15.50000000000000000 ) ) ;
#8265 = CARTESIAN_POINT ( 'NONE',  ( -2.087546334251260100, 2.646710530926050400, 41.25000000000000000 ) ) ;
#8266 = DIRECTION ( 'NONE',  ( -1.000000000000000000, 0.0000000000000000000, 0.0000000000000000000 ) ) ;
#8267 = CARTESIAN_POINT ( 'NONE',  ( 10.00000000000000000, -7.350356332999999700, -3.250000000000000400 ) ) ;
#8268 = CARTESIAN_POINT ( 'NONE',  ( 10.62599999999999900, -10.62599999999999900, 9.500000000000000000 ) ) ;
#8269 = CARTESIAN_POINT ( 'NONE',  ( 0.0000000000000000000, -8.668666155812700900E-032, -20.00000000000000000 ) ) ;
#8270 = FACE_OUTER_BOUND ( 'NONE', #10129, .T. ) ;
#8271 = EDGE_LOOP ( 'NONE', ( #4373, #7780, #8025, #3678, #4335, #6707, #1228 ) ) ;
#8272 = DIRECTION ( 'NONE',  ( 0.0000000000000000000, 1.000000000000000000, 0.0000000000000000000 ) ) ;
#8273 = DIRECTION ( 'NONE',  ( -1.000000000000000000, 1.776356839400250500E-015, 0.0000000000000000000 ) ) ;
#8274 = DIRECTION ( 'NONE',  ( 0.0000000000000000000, 0.0000000000000000000, -1.000000000000000000 ) ) ;
#8275 = DIRECTION ( 'NONE',  ( 0.0000000000000000000, 0.0000000000000000000, -1.000000000000000000 ) ) ;
#8276 = AXIS2_PLACEMENT_3D ( 'NONE', #9366, #9399, #7017 ) ;
#8277 = DIRECTION ( 'NONE',  ( 0.0000000000000000000, 1.000000000000000000, 0.0000000000000000000 ) ) ;
#8278 = ORIENTED_EDGE ( 'NONE', *, *, #3802, .F. ) ;
#8279 = LINE ( 'NONE', #5754, #2320 ) ;
#8280 = ORIENTED_EDGE ( 'NONE', *, *, #8571, .T. ) ;
#8281 = ORIENTED_EDGE ( 'NONE', *, *, #3508, .F. ) ;
#8282 = CIRCLE ( 'NONE', #8785, 11.00000000000000000 ) ;
#8283 = CARTESIAN_POINT ( 'NONE',  ( 3.000000000000000900, -2.052156942507187900, 1.145265391131007100 ) ) ;
#8284 = CARTESIAN_POINT ( 'NONE',  ( 6.888301783000001100, 16.62983158500000200, -20.00000000000000000 ) ) ;
#8285 = EDGE_CURVE ( 'NONE', #958, #1861, #6542, .T. ) ;
#8287 = ORIENTED_EDGE ( 'NONE', *, *, #5582, .F. ) ;
#8286 = ADVANCED_FACE ( 'NONE', ( #7030 ), #9768, .F. ) ;
#8288 = DIRECTION ( 'NONE',  ( -0.0000000000000000000, -0.0000000000000000000, 1.000000000000000000 ) ) ;
#8289 = CARTESIAN_POINT ( 'NONE',  ( 1.223529411769753700, -1.000000000000000000, 4.641441131270718200 ) ) ;
#8290 = CC_DESIGN_APPROVAL ( #7751, ( #7223 ) ) ;
#8292 = DIRECTION ( 'NONE',  ( 0.0000000000000000000, 0.0000000000000000000, -1.000000000000000000 ) ) ;
#8291 = CIRCLE ( 'NONE', #1961, 1.250000000000000000 ) ;
#8293 = VERTEX_POINT ( 'NONE', #1843 ) ;
#8294 = CYLINDRICAL_SURFACE ( 'NONE', #3674, 1.000000000000000000 ) ;
#8295 = DIRECTION ( 'NONE',  ( 0.0000000000000000000, 0.0000000000000000000, -1.000000000000000000 ) ) ;
#8296 = PRODUCT ( 'nema17input flange', 'nema17input flange', '', ( #10091 ) ) ;
#8297 = DIRECTION ( 'NONE',  ( 1.000000000000000000, 0.0000000000000000000, 0.0000000000000000000 ) ) ;
#8298 = CYLINDRICAL_SURFACE ( 'NONE', #8119, 1.749999999999999800 ) ;
#8299 = ADVANCED_FACE ( 'NONE', ( #2209 ), #1716, .F. ) ;
#8300 = DIRECTION ( 'NONE',  ( 0.0000000000000000000, 0.0000000000000000000, 1.000000000000000000 ) ) ;
#8301 = ORIENTED_EDGE ( 'NONE', *, *, #1112, .F. ) ;
#8302 = AXIS2_PLACEMENT_3D ( 'NONE', #3486, #2733, #7407 ) ;
#8303 = EDGE_CURVE ( 'NONE', #3065, #620, #9379, .T. ) ;
#8304 = CARTESIAN_POINT ( 'NONE',  ( 6.000000000000000000, 0.0000000000000000000, 0.0000000000000000000 ) ) ;
#8305 = CARTESIAN_POINT ( 'NONE',  ( 9.797174393178825700E-016, -8.000000000000000000, 9.500000000000001800 ) ) ;
#8306 = LINE ( 'NONE', #7589, #4345 ) ;
#8307 = DIRECTION ( 'NONE',  ( 0.0000000000000000000, 0.0000000000000000000, 1.000000000000000000 ) ) ;
#8308 = ORIENTED_EDGE ( 'NONE', *, *, #4000, .T. ) ;
#8309 = CARTESIAN_POINT ( 'NONE',  ( -16.62983158500000200, 6.888301783000001100, -15.50000000000000000 ) ) ;
#8310 = ORIENTED_EDGE ( 'NONE', *, *, #8689, .T. ) ;
#8311 = EDGE_CURVE ( 'NONE', #774, #2314, #2825, .T. ) ;
#8312 = AXIS2_PLACEMENT_3D ( 'NONE', #1193, #5833, #331 ) ;
#8313 = CARTESIAN_POINT ( 'NONE',  ( 13.59383158500000000, -9.924301782999998900, -15.50000000000000000 ) ) ;
#8314 = VECTOR ( 'NONE', #7956, 1000.000000000000000 ) ;
#8315 = VECTOR ( 'NONE', #10237, 1000.000000000000000 ) ;
#8316 = ORIENTED_EDGE ( 'NONE', *, *, #8146, .T. ) ;
#8317 = ORIENTED_EDGE ( 'NONE', *, *, #7424, .T. ) ;
#8318 = AXIS2_PLACEMENT_3D ( 'NONE', #6090, #9301, #3003 ) ;
#8319 = DIRECTION ( 'NONE',  ( -0.0000000000000000000, -0.0000000000000000000, 1.000000000000000000 ) ) ;
#8320 = CARTESIAN_POINT ( 'NONE',  ( 3.317073170691279900, -1.000000000000000000, 7.826047889966065300 ) ) ;
#8321 = ORIENTED_EDGE ( 'NONE', *, *, #3267, .T. ) ;
#8322 = FACE_BOUND ( 'NONE', #7688, .T. ) ;
#8323 = EDGE_CURVE ( 'NONE', #3139, #1884, #6295, .T. ) ;
#8324 = COORDINATED_UNIVERSAL_TIME_OFFSET ( 8, 0, .AHEAD. ) ;
#8325 = VERTEX_POINT ( 'NONE', #9211 ) ;
#8326 = DIRECTION ( 'NONE',  ( 0.0000000000000000000, 0.0000000000000000000, 1.000000000000000000 ) ) ;
#8327 = FACE_OUTER_BOUND ( 'NONE', #8261, .T. ) ;
#8328 = DIRECTION ( 'NONE',  ( 0.0000000000000000000, -9.912705577010312700E-016, 1.000000000000000000 ) ) ;
#8329 = VERTEX_POINT ( 'NONE', #1146 ) ;
#8330 = AXIS2_PLACEMENT_3D ( 'NONE', #6428, #8847, #8017 ) ;
#8331 = DIRECTION ( 'NONE',  ( -0.0000000000000000000, -0.0000000000000000000, 1.000000000000000000 ) ) ;
#8332 = DIRECTION ( 'NONE',  ( 0.0000000000000000000, 1.000000000000000000, -1.445602896647339200E-016 ) ) ;
#8333 = PRODUCT_DEFINITION_SHAPE ( 'NONE', 'NONE',  #7223 ) ;
#8334 = CARTESIAN_POINT ( 'NONE',  ( -3.499999999253651200, -1.000000000000000000, 7.549834434942297900 ) ) ;
#8335 = ORIENTED_EDGE ( 'NONE', *, *, #10172, .T. ) ;
#8336 = ADVANCED_FACE ( 'NONE', ( #6673, #4678 ), #1980, .F. ) ;
#8337 = PERSON_AND_ORGANIZATION ( #9162, #4154 ) ;
#8338 = EDGE_LOOP ( 'NONE', ( #6926, #475, #2985, #2893 ) ) ;
#8339 = EDGE_CURVE ( 'NONE', #4225, #2804, #5422, .T. ) ;
#8340 = FACE_BOUND ( 'NONE', #3663, .T. ) ;
#8341 = ADVANCED_FACE ( 'NONE', ( #9893, #4559 ), #9174, .T. ) ;
#8342 = CARTESIAN_POINT ( 'NONE',  ( -20.99999999935839100, -12.99751940931688700, -3.696872489621460200 ) ) ;
#8343 = DIRECTION ( 'NONE',  ( 1.000000000000000000, 0.0000000000000000000, 0.0000000000000000000 ) ) ;
#8344 = EDGE_LOOP ( 'NONE', ( #7380, #4548, #5767, #2183 ) ) ;
#8345 = EDGE_CURVE ( 'NONE', #10159, #6498, #6417, .T. ) ;
#8346 = ORIENTED_EDGE ( 'NONE', *, *, #4608, .T. ) ;
#8347 = COORDINATED_UNIVERSAL_TIME_OFFSET ( 8, 0, .AHEAD. ) ;
#8348 = PRODUCT_DEFINITION_FORMATION_WITH_SPECIFIED_SOURCE ( '任何', '', #3582, .NOT_KNOWN. ) ;
#8349 = CIRCLE ( 'NONE', #3959, 10.50000000000000000 ) ;
#8350 = ADVANCED_FACE ( 'NONE', ( #5673, #4181, #1455 ), #5924, .T. ) ;
#8351 = ORIENTED_EDGE ( 'NONE', *, *, #889, .F. ) ;
#8352 = CARTESIAN_POINT ( 'NONE',  ( 0.0000000000000000000, 0.0000000000000000000, 0.0000000000000000000 ) ) ;
#8353 = EDGE_LOOP ( 'NONE', ( #8427, #9772 ) ) ;
#8354 = DIRECTION ( 'NONE',  ( 0.0000000000000000000, 0.0000000000000000000, -1.000000000000000000 ) ) ;
#8355 = ORIENTED_EDGE ( 'NONE', *, *, #8041, .T. ) ;
#8356 = ORIENTED_EDGE ( 'NONE', *, *, #7316, .F. ) ;
#8357 = LOCAL_TIME ( 15, 11, 14.00000000000000000, #7726 ) ;
#8358 = CIRCLE ( 'NONE', #6742, 2.650000000385868100 ) ;
#8359 = VERTEX_POINT ( 'NONE', #1211 ) ;
#8360 = EDGE_CURVE ( 'NONE', #6181, #8226, #3307, .T. ) ;
#8361 = AXIS2_PLACEMENT_3D ( 'NONE', #1996, #4381, #531 ) ;
#8362 = DIRECTION ( 'NONE',  ( 0.0000000000000000000, 1.000000000000000000, 0.0000000000000000000 ) ) ;
#8363 = APPLICATION_PROTOCOL_DEFINITION ( 'international standard', 'config_control_design', 1994, #4550 ) ;
#8364 = B_SPLINE_CURVE_WITH_KNOTS ( 'NONE', 3,
 ( #2851, #3641, #1325, #5276, #558, #9252, #9185, #3707, #7721, #10082, #2953, #6861, #2127, #4438, #7652, #6139, #4577, #3736, #8495, #9281 ),
 .UNSPECIFIED., .F., .F.,
 ( 4, 2, 2, 2, 2, 2, 2, 2, 2, 4 ),
 ( -0.001568294483864453300, -0.0007737741258336270100, 2.074623219719884000E-005, 0.0008152665902280238300, 0.001212526769243434800, 0.001609786948258846200, 0.002404307306289669500, 0.003198827664320493200, 0.003993348022351316000, 0.004787868380382139700 ),
 .UNSPECIFIED. ) ;
#8365 = CARTESIAN_POINT ( 'NONE',  ( 2.571758278209441700E-015, -21.00000000000000000, 10.00000000000000200 ) ) ;
#8366 = FACE_BOUND ( 'NONE', #1721, .T. ) ;
#8367 = ORIENTED_EDGE ( 'NONE', *, *, #4082, .T. ) ;
#8368 = CARTESIAN_POINT ( 'NONE',  ( -16.80766968289554300, 12.79999999986366900, -15.00000000000000000 ) ) ;
#8369 = ORIENTED_EDGE ( 'NONE', *, *, #6237, .T. ) ;
#8370 = PLANE ( 'NONE',  #6056 ) ;
#8371 = ORIENTED_EDGE ( 'NONE', *, *, #10160, .T. ) ;
#8372 = CARTESIAN_POINT ( 'NONE',  ( 0.0000000000000000000, 0.0000000000000000000, 12.40000000000000200 ) ) ;
#8373 = CARTESIAN_POINT ( 'NONE',  ( 12.50000000000000000, -0.6000000000000000900, 7.977468270035824800 ) ) ;
#8374 = CARTESIAN_POINT ( 'NONE',  ( 21.00000000000000000, 0.0000000000000000000, 0.0000000000000000000 ) ) ;
#8375 = LINE ( 'NONE', #4116, #4772 ) ;
#8376 = VERTEX_POINT ( 'NONE', #5134 ) ;
#8377 = CARTESIAN_POINT ( 'NONE',  ( 7.671789508577483700, 6.169652766820314000, -5.094906377515214600 ) ) ;
#8378 = EDGE_CURVE ( 'NONE', #6689, #4670, #2450, .T. ) ;
#8379 = CARTESIAN_POINT ( 'NONE',  ( 1.499999999999998900, 2.200000000000000200, 16.99999999984617500 ) ) ;
#8380 = ORIENTED_EDGE ( 'NONE', *, *, #7484, .T. ) ;
#8381 = AXIS2_PLACEMENT_3D ( 'NONE', #7105, #3918, #9494 ) ;
#8382 = DIRECTION ( 'NONE',  ( -1.000000000000000000, 0.0000000000000000000, 0.0000000000000000000 ) ) ;
#8383 = CARTESIAN_POINT ( 'NONE',  ( 0.0000000000000000000, 0.0000000000000000000, 10.00000000000000000 ) ) ;
#8384 = VECTOR ( 'NONE', #4481, 1000.000000000000000 ) ;
#8385 = UNCERTAINTY_MEASURE_WITH_UNIT (LENGTH_MEASURE( 1.000000000000000100E-005 ), #8888, 'distance_accuracy_value', 'NONE');
#8386 = ORIENTED_EDGE ( 'NONE', *, *, #1785, .F. ) ;
#8387 = VECTOR ( 'NONE', #1548, 1000.000000000000000 ) ;
#8388 = DIRECTION ( 'NONE',  ( -0.0000000000000000000, -0.0000000000000000000, 1.000000000000000000 ) ) ;
#8389 = EDGE_CURVE ( 'NONE', #477, #408, #5119, .T. ) ;
#8390 = DIRECTION ( 'NONE',  ( -1.000000000000000000, 0.0000000000000000000, 0.0000000000000000000 ) ) ;
#8391 = AXIS2_PLACEMENT_3D ( 'NONE', #8642, #825, #10228 ) ;
#8392 = ADVANCED_FACE ( 'NONE', ( #8526, #4429 ), #2940, .F. ) ;
#8393 = ORIENTED_EDGE ( 'NONE', *, *, #5892, .T. ) ;
#8394 = CARTESIAN_POINT ( 'NONE',  ( -1.000000000618904000, 0.0000000000000000000, 8.096295448999999400 ) ) ;
#8395 = VECTOR ( 'NONE', #5062, 1000.000000000000000 ) ;
#8396 = ORIENTED_EDGE ( 'NONE', *, *, #1725, .T. ) ;
#8397 = AXIS2_PLACEMENT_3D ( 'NONE', #1378, #10105, #6886 ) ;
#8398 = DIRECTION ( 'NONE',  ( -0.0000000000000000000, 0.0000000000000000000, -1.000000000000000000 ) ) ;
#8399 = APPLICATION_PROTOCOL_DEFINITION ( 'international standard', 'config_control_design', 1994, #6041 ) ;
#8400 = DIRECTION ( 'NONE',  ( 0.0000000000000000000, -1.734723475976807300E-016, -1.000000000000000000 ) ) ;
#8401 = DIRECTION ( 'NONE',  ( 0.0000000000000000000, 0.0000000000000000000, 1.000000000000000000 ) ) ;
#8402 = ORIENTED_EDGE ( 'NONE', *, *, #3399, .T. ) ;
#8403 = ADVANCED_FACE ( 'NONE', ( #7771 ), #5184, .T. ) ;
#8404 = ORIENTED_EDGE ( 'NONE', *, *, #5185, .T. ) ;
#8405 = LINE ( 'NONE', #2977, #1343 ) ;
#8406 = CARTESIAN_POINT ( 'NONE',  ( -21.00000000000000000, 12.44900000000000000, -15.00000000000000000 ) ) ;
#8407 = ORIENTED_EDGE ( 'NONE', *, *, #2246, .F. ) ;
#8408 = ORIENTED_EDGE ( 'NONE', *, *, #9748, .F. ) ;
#8409 = CYLINDRICAL_SURFACE ( 'NONE', #8185, 10.50000000000000000 ) ;
#8410 = EDGE_CURVE ( 'NONE', #9769, #7103, #9683, .T. ) ;
#8411 = DIRECTION ( 'NONE',  ( 0.0000000000000000000, 0.0000000000000000000, 1.000000000000000000 ) ) ;
#8412 = ORIENTED_EDGE ( 'NONE', *, *, #736, .F. ) ;
#8413 = VECTOR ( 'NONE', #7875, 1000.000000000000000 ) ;
#8414 = AXIS2_PLACEMENT_3D ( 'NONE', #1891, #5073, #289 ) ;
#8415 = AXIS2_PLACEMENT_3D ( 'NONE', #8383, #4502, #6098 ) ;
#8416 = CARTESIAN_POINT ( 'NONE',  ( 2.332238092999999100, 0.0000000000000000000, 7.376889377999999600 ) ) ;
#8417 = CYLINDRICAL_SURFACE ( 'NONE', #1419, 8.000000000000000000 ) ;
#8418 = ORIENTED_EDGE ( 'NONE', *, *, #7430, .F. ) ;
#8420 = DIRECTION ( 'NONE',  ( 0.0000000000000000000, 0.0000000000000000000, -1.000000000000000000 ) ) ;
#8419 = FACE_OUTER_BOUND ( 'NONE', #1751, .T. ) ;
#8421 = EDGE_CURVE ( 'NONE', #986, #7574, #462, .T. ) ;
#8422 = CARTESIAN_POINT ( 'NONE',  ( -3.499999999999917000, 0.0000000000000000000, 31.50000000000008500 ) ) ;
#8423 = CARTESIAN_POINT ( 'NONE',  ( 6.499999997999999800, 3.061616997868383100E-016, -2.500000000000000000 ) ) ;
#8424 = PRODUCT_DEFINITION ( '未知', '', #400, #1877 ) ;
#8425 = DIRECTION ( 'NONE',  ( -0.0000000000000000000, -0.0000000000000000000, -1.000000000000000000 ) ) ;
#8426 = FACE_OUTER_BOUND ( 'NONE', #4566, .T. ) ;
#8427 = ORIENTED_EDGE ( 'NONE', *, *, #8479, .F. ) ;
#8428 = DIRECTION ( 'NONE',  ( 0.0000000000000000000, -0.0000000000000000000, 1.000000000000000000 ) ) ;
#8429 = DIRECTION ( 'NONE',  ( 0.0000000000000000000, 0.8660254037305482600, 0.5000000000933407800 ) ) ;
#8430 = APPROVAL_ROLE ( '' ) ;
#8431 = DIRECTION ( 'NONE',  ( -1.000000000000000000, 0.0000000000000000000, 0.0000000000000000000 ) ) ;
#8432 = CARTESIAN_POINT ( 'NONE',  ( -16.80766965735587000, 12.79999998749424100, -0.1267072444016618700 ) ) ;
#8433 = ORIENTED_EDGE ( 'NONE', *, *, #5362, .T. ) ;
#8434 = CARTESIAN_POINT ( 'NONE',  ( -13.00000000007394300, -21.00000000042693300, -3.698178070858862700 ) ) ;
#8435 = CARTESIAN_POINT ( 'NONE',  ( 1.500000000000000000, 2.954049622000000300, 28.00000000000000000 ) ) ;
#8436 = LINE ( 'NONE', #7540, #2359 ) ;
#8437 = AXIS2_PLACEMENT_3D ( 'NONE', #9435, #727, #605 ) ;
#8438 = ORIENTED_EDGE ( 'NONE', *, *, #3297, .F. ) ;
#8439 = EDGE_CURVE ( 'NONE', #3028, #796, #8640, .T. ) ;
#8440 = CARTESIAN_POINT ( 'NONE',  ( 18.79766965365337600, 13.00000000000000200, -1.845383190854414300 ) ) ;
#8441 = ADVANCED_FACE ( 'NONE', ( #7276, #6037 ), #10034, .F. ) ;
#8442 = DIRECTION ( 'NONE',  ( -0.0000000000000000000, -0.0000000000000000000, -1.000000000000000000 ) ) ;
#8443 = AXIS2_PLACEMENT_3D ( 'NONE', #9612, #6467, #4874 ) ;
#8444 = ORIENTED_EDGE ( 'NONE', *, *, #8874, .T. ) ;
#8445 = CARTESIAN_POINT ( 'NONE',  ( 10.00000000000000000, 4.500000000000000900, -4.500000000000000900 ) ) ;
#8446 = CARTESIAN_POINT ( 'NONE',  ( 10.00000000000000000, 7.719455939378111300, -2.100000000000000100 ) ) ;
#8447 = DIRECTION ( 'NONE',  ( -1.000000000000000000, -0.0000000000000000000, -0.0000000000000000000 ) ) ;
#8448 = CYLINDRICAL_SURFACE ( 'NONE', #7519, 12.50000000000000000 ) ;
#8449 = LOCAL_TIME ( 15, 11, 14.00000000000000000, #6340 ) ;
#8450 = EDGE_LOOP ( 'NONE', ( #9389, #9219 ) ) ;
#8451 = CIRCLE ( 'NONE', #8167, 11.00000000000000000 ) ;
#8452 = ORIENTED_EDGE ( 'NONE', *, *, #9601, .T. ) ;
#8453 = CARTESIAN_POINT ( 'NONE',  ( 5.755954265999998000, -1.000000000000000000, -12.08025040299999900 ) ) ;
#8454 = ADVANCED_FACE ( 'NONE', ( #1838 ), #4547, .F. ) ;
#8455 = EDGE_CURVE ( 'NONE', #7190, #5089, #2713, .T. ) ;
#8456 = CARTESIAN_POINT ( 'NONE',  ( 21.00000000000000000, -4.307171998821954500E-009, 0.0000000000000000000 ) ) ;
#8457 = VERTEX_POINT ( 'NONE', #545 ) ;
#8458 = LOCAL_TIME ( 15, 11, 14.00000000000000000, #8819 ) ;
#8459 = AXIS2_PLACEMENT_3D ( 'NONE', #8236, #1835, #8965 ) ;
#8460 = DIRECTION ( 'NONE',  ( 0.0000000000000000000, -1.000000000000000000, -1.982541115402063300E-015 ) ) ;
#8461 = CLOSED_SHELL ( 'NONE', ( #7666, #5291, #2367, #8915, #5488, #8350, #2529, #7415, #5748, #7515, #76, #5128, #4337, #8801, #1274, #9327, #4554, #4294, #839, #5541, #25, #7396, #5057, #3525, #9171, #3561 ) ) ;
#8462 = VECTOR ( 'NONE', #4692, 1000.000000000000000 ) ;
#8463 = DIRECTION ( 'NONE',  ( -0.0000000000000000000, 6.424901762877064700E-017, -1.000000000000000000 ) ) ;
#8464 = ORIENTED_EDGE ( 'NONE', *, *, #7851, .F. ) ;
#8465 = EDGE_CURVE ( 'NONE', #6547, #547, #5301, .T. ) ;
#8466 = CARTESIAN_POINT ( 'NONE',  ( 0.5000000000000000000, 0.0000000000000000000, -1.732050808000000300 ) ) ;
#8467 =( NAMED_UNIT ( * ) SI_UNIT ( $, .STERADIAN. ) SOLID_ANGLE_UNIT ( ) );
#8468 = CARTESIAN_POINT ( 'NONE',  ( 1.750000000000000000, 1.500000000000000000, -0.8660254040000001700 ) ) ;
#8469 = AXIS2_PLACEMENT_3D ( 'NONE', #8313, #3670, #2883 ) ;
#8470 = CARTESIAN_POINT ( 'NONE',  ( 21.00000000000000000, 16.97056274799999900, -9.940000000000001300 ) ) ;
#8471 = ORIENTED_EDGE ( 'NONE', *, *, #2905, .F. ) ;
#8472 = PERSON_AND_ORGANIZATION ( #9162, #4154 ) ;
#8473 = CIRCLE ( 'NONE', #9813, 5.755954265999998000 ) ;
#8474 = VERTEX_POINT ( 'NONE', #729 ) ;
#8475 = CARTESIAN_POINT ( 'NONE',  ( -1.000000000000000000, -0.5000000000000000000, 4.931531201938470100 ) ) ;
#8476 = DIRECTION ( 'NONE',  ( 1.000000000000000000, 0.0000000000000000000, 0.0000000000000000000 ) ) ;
#8477 = EDGE_LOOP ( 'NONE', ( #2797, #3557, #3803, #8310 ) ) ;
#8478 = DIRECTION ( 'NONE',  ( -1.000000000000000000, 0.0000000000000000000, 0.0000000000000000000 ) ) ;
#8479 = EDGE_CURVE ( 'NONE', #3392, #946, #6913, .T. ) ;
#8480 = DIRECTION ( 'NONE',  ( -0.0000000000000000000, 1.000000000000000000, 0.0000000000000000000 ) ) ;
#8481 = ORIENTED_EDGE ( 'NONE', *, *, #1850, .F. ) ;
#8482 = CALENDAR_DATE ( 2023, 10, 1 ) ;
#8483 = CYLINDRICAL_SURFACE ( 'NONE', #8865, 1.599999999999999900 ) ;
#8484 = CARTESIAN_POINT ( 'NONE',  ( -7.789828657888959300, 21.00000000000000400, -1.392713329218848500 ) ) ;
#8485 = EDGE_LOOP ( 'NONE', ( #2612, #3813, #7086, #9470 ) ) ;
#8486 = CARTESIAN_POINT ( 'NONE',  ( 1.422202088430948100, 3.738844866064420500, 16.51320938407089000 ) ) ;
#8487 = EDGE_CURVE ( 'NONE', #4763, #1655, #4798, .T. ) ;
#8488 = APPROVAL ( #3112, '未指定' ) ;
#8489 = DIRECTION ( 'NONE',  ( -1.000000000000000000, 0.0000000000000000000, 0.0000000000000000000 ) ) ;
#8490 = ORIENTED_EDGE ( 'NONE', *, *, #8529, .T. ) ;
#8491 = ORIENTED_EDGE ( 'NONE', *, *, #8954, .T. ) ;
#8492 = PERSON_AND_ORGANIZATION ( #9162, #4154 ) ;
#8493 = CIRCLE ( 'NONE', #3345, 20.99999999999999600 ) ;
#8494 = ORIENTED_EDGE ( 'NONE', *, *, #712, .T. ) ;
#8495 = CARTESIAN_POINT ( 'NONE',  ( -20.45527284380279900, -4.759450290959897200, 4.500000000000020400 ) ) ;
#8496 = DIRECTION ( 'NONE',  ( 0.0000000000000000000, 0.0000000000000000000, -1.000000000000000000 ) ) ;
#8497 = ADVANCED_FACE ( 'NONE', ( #5544 ), #4042, .F. ) ;
#8498 = LINE ( 'NONE', #9242, #3541 ) ;
#8499 = VERTEX_POINT ( 'NONE', #6268 ) ;
#8500 = DIRECTION ( 'NONE',  ( -0.0000000000000000000, 1.000000000000000000, 0.0000000000000000000 ) ) ;
#8501 = FACE_OUTER_BOUND ( 'NONE', #1514, .T. ) ;
#8502 = AXIS2_PLACEMENT_3D ( 'NONE', #3115, #5483, #7872 ) ;
#8503 = DIRECTION ( 'NONE',  ( -1.000000000000000000, 0.0000000000000000000, 0.0000000000000000000 ) ) ;
#8504 = APPROVAL_STATUS ( 'not_yet_approved' ) ;
#8505 = CARTESIAN_POINT ( 'NONE',  ( 2.670049974999999500, -5.297002499000000400, 2.648501250000000700 ) ) ;
#8506 = ADVANCED_FACE ( 'NONE', ( #2438 ), #809, .T. ) ;
#8507 = DIRECTION ( 'NONE',  ( -0.0000000000000000000, 0.0000000000000000000, -1.000000000000000000 ) ) ;
#8508 = PRODUCT_DEFINITION_SHAPE ( 'NONE', 'NONE',  #10204 ) ;
#8509 = CARTESIAN_POINT ( 'NONE',  ( -12.74592239014637800, 16.68956148176669500, -3.249999999999999600 ) ) ;
#8510 = VECTOR ( 'NONE', #7871, 1000.000000000000000 ) ;
#8511 = EDGE_LOOP ( 'NONE', ( #2044, #9483, #3868, #2889 ) ) ;
#8512 = LINE ( 'NONE', #8848, #5539 ) ;
#8513 = DIRECTION ( 'NONE',  ( 1.000000000000000000, 0.0000000000000000000, 0.0000000000000000000 ) ) ;
#8514 = CARTESIAN_POINT ( 'NONE',  ( -13.00000000000000200, -19.90364227560132100, -2.765983309088221500 ) ) ;
#8515 = CARTESIAN_POINT ( 'NONE',  ( 6.500000000000000900, 0.6000000000000000900, -7.977468269999999300 ) ) ;
#8516 = EDGE_CURVE ( 'NONE', #4921, #1905, #4307, .T. ) ;
#8517 = AXIS2_PLACEMENT_3D ( 'NONE', #9447, #8626, #4683 ) ;
#8518 = LINE ( 'NONE', #5703, #3434 ) ;
#8519 = CARTESIAN_POINT ( 'NONE',  ( 6.000000000000000000, -6.578000000000000300, 6.578000000000000300 ) ) ;
#8520 = MANIFOLD_SOLID_BREP ( '输入1', #7982 ) ;
#8521 = ORIENTED_EDGE ( 'NONE', *, *, #6602, .T. ) ;
#8522 = CARTESIAN_POINT ( 'NONE',  ( -0.7590369555086423600, 3.931668810920542900, 15.69114565863371700 ) ) ;
#8523 = AXIS2_PLACEMENT_3D ( 'NONE', #9272, #7747, #4570 ) ;
#8524 = DIRECTION ( 'NONE',  ( 0.0000000000000000000, 0.0000000000000000000, -1.000000000000000000 ) ) ;
#8525 = EDGE_LOOP ( 'NONE', ( #5870, #7967, #7651, #847, #1304 ) ) ;
#8526 = FACE_BOUND ( 'NONE', #5971, .T. ) ;
#8527 = ORIENTED_EDGE ( 'NONE', *, *, #4622, .F. ) ;
#8528 = DIRECTION ( 'NONE',  ( -1.000000000000000000, 0.0000000000000000000, 0.0000000000000000000 ) ) ;
#8529 = EDGE_CURVE ( 'NONE', #4360, #5489, #1578, .T. ) ;
#8530 = FACE_OUTER_BOUND ( 'NONE', #504, .T. ) ;
#8531 = AXIS2_PLACEMENT_3D ( 'NONE', #4771, #4740, #3975 ) ;
#8532 = ORIENTED_EDGE ( 'NONE', *, *, #2338, .T. ) ;
#8533 = LINE ( 'NONE', #9099, #3942 ) ;
#8534 = DIRECTION ( 'NONE',  ( -1.000000000000000000, 0.0000000000000000000, 5.162867488026212500E-018 ) ) ;
#8535 = CARTESIAN_POINT ( 'NONE',  ( -13.00000000000000200, 19.90445132908780200, -2.766671219053033600 ) ) ;
#8536 = PERSON_AND_ORGANIZATION_ROLE ( 'design_supplier' ) ;
#8537 = CARTESIAN_POINT ( 'NONE',  ( 7.347880794884119700E-016, -6.000000000000000000, 5.000000000000000900 ) ) ;
#8538 = DIRECTION ( 'NONE',  ( -1.000000000000000000, 0.0000000000000000000, 0.0000000000000000000 ) ) ;
#8539 = EDGE_CURVE ( 'NONE', #9117, #1272, #8015, .T. ) ;
#8540 = CYLINDRICAL_SURFACE ( 'NONE', #4206, 12.50000000000000000 ) ;
#8541 = DIRECTION ( 'NONE',  ( 0.0000000000000000000, 0.0000000000000000000, 1.000000000000000000 ) ) ;
#8542 = ORIENTED_EDGE ( 'NONE', *, *, #7157, .F. ) ;
#8543 = LINE ( 'NONE', #4239, #1862 ) ;
#8544 = EDGE_CURVE ( 'NONE', #7236, #7482, #1956, .T. ) ;
#8545 = CARTESIAN_POINT ( 'NONE',  ( 3.000000000231520100, 0.0000000000000000000, -2.349999999662562900 ) ) ;
#8546 = DIRECTION ( 'NONE',  ( -0.0000000000000000000, 1.000000000000000000, -0.0000000000000000000 ) ) ;
#8547 = AXIS2_PLACEMENT_3D ( 'NONE', #3518, #8230, #9059 ) ;
#8548 = LINE ( 'NONE', #4025, #9164 ) ;
#8549 = CARTESIAN_POINT ( 'NONE',  ( 6.499999997999999800, 0.0000000000000000000, 0.0000000000000000000 ) ) ;
#8550 = ORIENTED_EDGE ( 'NONE', *, *, #281, .F. ) ;
#8551 = CARTESIAN_POINT ( 'NONE',  ( -0.1974721756718370000, 3.996296775203629400, 15.50979523550085300 ) ) ;
#8552 = ORIENTED_EDGE ( 'NONE', *, *, #5824, .T. ) ;
#8553 = DIRECTION ( 'NONE',  ( 0.0000000000000000000, 0.0000000000000000000, -1.000000000000000000 ) ) ;
#8554 = ADVANCED_FACE ( 'NONE', ( #1331, #7019 ), #4632, .T. ) ;
#8555 = VERTEX_POINT ( 'NONE', #5427 ) ;
#8556 = EDGE_CURVE ( 'NONE', #4220, #952, #6902, .T. ) ;
#8557 = CARTESIAN_POINT ( 'NONE',  ( -10.72556437412060900, -18.05442518729117300, 10.00000000000000200 ) ) ;
#8558 = SECURITY_CLASSIFICATION ( '', '', #4051 ) ;
#8559 = CARTESIAN_POINT ( 'NONE',  ( 0.0000000000000000000, 0.0000000000000000000, 12.00000000000000000 ) ) ;
#8560 = ORIENTED_EDGE ( 'NONE', *, *, #7789, .T. ) ;
#8561 = VECTOR ( 'NONE', #8670, 1000.000000000000000 ) ;
#8562 = CALENDAR_DATE ( 2023, 10, 1 ) ;
#8563 = ORIENTED_EDGE ( 'NONE', *, *, #7085, .T. ) ;
#8564 = APPROVAL_STATUS ( 'not_yet_approved' ) ;
#8565 = CARTESIAN_POINT ( 'NONE',  ( 3.018966126999999200, 0.0000000000000000000, 2.524016130000000100 ) ) ;
#8566 = ORIENTED_EDGE ( 'NONE', *, *, #9887, .T. ) ;
#8567 = DIRECTION ( 'NONE',  ( 0.0000000000000000000, 0.0000000000000000000, -1.000000000000000000 ) ) ;
#8568 = DIRECTION ( 'NONE',  ( 1.000000000000000000, 0.0000000000000000000, 0.0000000000000000000 ) ) ;
#8569 = EDGE_LOOP ( 'NONE', ( #10114, #3603 ) ) ;
#8570 = AXIS2_PLACEMENT_3D ( 'NONE', #536, #6878, #7668 ) ;
#8571 = EDGE_CURVE ( 'NONE', #6107, #3739, #2941, .T. ) ;
#8572 = LINE ( 'NONE', #9102, #1391 ) ;
#8573 = CALENDAR_DATE ( 2023, 10, 1 ) ;
#8574 = VERTEX_POINT ( 'NONE', #10268 ) ;
#8575 = LINE ( 'NONE', #8470, #1395 ) ;
#8576 = AXIS2_PLACEMENT_3D ( 'NONE', #7152, #2311, #6227 ) ;
#8577 = EDGE_LOOP ( 'NONE', ( #5303, #3949 ) ) ;
#8578 = CARTESIAN_POINT ( 'NONE',  ( 19.74683443640275400, 7.146156046537132800, 2.919476544830787100 ) ) ;
#8579 = CARTESIAN_POINT ( 'NONE',  ( 10.00000000000000000, -5.562148865321747200, -5.750000000000000900 ) ) ;
#8580 = EDGE_CURVE ( 'NONE', #2158, #952, #7643, .T. ) ;
#8581 = APPROVAL_PERSON_ORGANIZATION ( #409, #1867, #8040 ) ;
#8582 = ORIENTED_EDGE ( 'NONE', *, *, #1991, .F. ) ;
#8583 = VECTOR ( 'NONE', #5632, 1000.000000000000000 ) ;
#8584 = DIRECTION ( 'NONE',  ( 0.0000000000000000000, -0.0000000000000000000, 1.000000000000000000 ) ) ;
#8585 = CARTESIAN_POINT ( 'NONE',  ( 8.792631645872864600, -6.360333957578808900, -4.855523890835903500 ) ) ;
#8586 = ORIENTED_EDGE ( 'NONE', *, *, #3010, .T. ) ;
#8587 = CARTESIAN_POINT ( 'NONE',  ( 10.00000000000000000, 4.500000000000000900, -4.500000000000000900 ) ) ;
#8588 = AXIS2_PLACEMENT_3D ( 'NONE', #1960, #9888, #388 ) ;
#8589 = CARTESIAN_POINT ( 'NONE',  ( 9.659940380000000100, 15.48178128800000100, 6.000000000000000000 ) ) ;
#8590 = DIRECTION ( 'NONE',  ( 0.3826834323276322400, 0.9238795325268022200, 0.0000000000000000000 ) ) ;
#8591 = ORIENTED_EDGE ( 'NONE', *, *, #10126, .T. ) ;
#8592 = PERSON_AND_ORGANIZATION ( #9162, #4154 ) ;
#8593 = VECTOR ( 'NONE', #7560, 1000.000000000000000 ) ;
#8594 = DIRECTION ( 'NONE',  ( -1.000000000000000000, 0.0000000000000000000, 0.0000000000000000000 ) ) ;
#8595 = ORIENTED_EDGE ( 'NONE', *, *, #281, .T. ) ;
#8596 = DIRECTION ( 'NONE',  ( -1.000000000000000000, 0.0000000000000000000, 0.0000000000000000000 ) ) ;
#8597 = DATE_TIME_ROLE ( 'creation_date' ) ;
#8598 = CARTESIAN_POINT ( 'NONE',  ( 2.998501250000000300, 0.0000000000000000000, 2.320049974999999400 ) ) ;
#8599 = CARTESIAN_POINT ( 'NONE',  ( 20.99999999999999600, -4.548141238918845800, -0.4801353972519689700 ) ) ;
#8600 = ORIENTED_EDGE ( 'NONE', *, *, #1581, .F. ) ;
#8601 = ORIENTED_EDGE ( 'NONE', *, *, #5362, .F. ) ;
#8602 = ADVANCED_FACE ( 'NONE', ( #5176 ), #6666, .T. ) ;
#8603 = CARTESIAN_POINT ( 'NONE',  ( 12.49999999984744500, -0.6000000000000000900, -2.939387691184110800 ) ) ;
#8604 = ORIENTED_EDGE ( 'NONE', *, *, #2308, .T. ) ;
#8605 = PERSON_AND_ORGANIZATION ( #9162, #4154 ) ;
#8606 = AXIS2_PLACEMENT_3D ( 'NONE', #8914, #2651, #888 ) ;
#8607 = FACE_OUTER_BOUND ( 'NONE', #1345, .T. ) ;
#8608 = DIRECTION ( 'NONE',  ( 0.0000000000000000000, -4.130293990420969400E-017, -1.000000000000000000 ) ) ;
#8609 = CARTESIAN_POINT ( 'NONE',  ( 18.05442518857847400, -10.72556437256441900, 6.000000000200000000 ) ) ;
#8610 = DIRECTION ( 'NONE',  ( 0.0000000000000000000, 0.0000000000000000000, -1.000000000000000000 ) ) ;
#8611 = VECTOR ( 'NONE', #7548, 1000.000000000000000 ) ;
#8612 = ORIENTED_EDGE ( 'NONE', *, *, #9716, .F. ) ;
#8613 = DIRECTION ( 'NONE',  ( 0.0000000000000000000, 0.0000000000000000000, -1.000000000000000000 ) ) ;
#8614 = VERTEX_POINT ( 'NONE', #8051 ) ;
#8615 = CARTESIAN_POINT ( 'NONE',  ( 0.0000000000000000000, -1.652117596085781700E-016, 6.000000000200000900 ) ) ;
#8616 = FACE_BOUND ( 'NONE', #959, .T. ) ;
#8617 = CARTESIAN_POINT ( 'NONE',  ( 1.451448827274976800, 3.727429131238922300, 16.60888895261204500 ) ) ;
#8618 = EDGE_CURVE ( 'NONE', #1502, #1917, #579, .T. ) ;
#8619 = CC_DESIGN_DATE_AND_TIME_ASSIGNMENT ( #7844, #6148, ( #10204 ) ) ;
#8620 = CARTESIAN_POINT ( 'NONE',  ( -7.200000000000001100, 0.0000000000000000000, 0.2000000000000000100 ) ) ;
#8621 = CARTESIAN_POINT ( 'NONE',  ( 9.640672312741235900, -7.287992873175175700, -3.299336786837762800 ) ) ;
#8622 = VECTOR ( 'NONE', #4041, 1000.000000000000000 ) ;
#8623 = ORIENTED_EDGE ( 'NONE', *, *, #7672, .F. ) ;
#8624 = ORIENTED_EDGE ( 'NONE', *, *, #8083, .T. ) ;
#8625 = DIRECTION ( 'NONE',  ( 1.000000000000000000, 0.0000000000000000000, 0.0000000000000000000 ) ) ;
#8626 = DIRECTION ( 'NONE',  ( 0.0000000000000000000, 0.0000000000000000000, -1.000000000000000000 ) ) ;
#8627 = CARTESIAN_POINT ( 'NONE',  ( 17.07428822701306400, -12.91037329390077900, -0.4057343303991859900 ) ) ;
#8628 = DIRECTION ( 'NONE',  ( 0.0000000000000000000, 0.0000000000000000000, -1.000000000000000000 ) ) ;
#8629 = LINE ( 'NONE', #9233, #9487 ) ;
#8630 = ORIENTED_EDGE ( 'NONE', *, *, #1599, .T. ) ;
#8631 = AXIS2_PLACEMENT_3D ( 'NONE', #3661, #4528, #1348 ) ;
#8632 = DIRECTION ( 'NONE',  ( -1.000000000000000000, 0.0000000000000000000, 0.0000000000000000000 ) ) ;
#8633 = SECURITY_CLASSIFICATION_LEVEL ( 'unclassified' ) ;
#8634 = EDGE_CURVE ( 'NONE', #9952, #393, #10121, .T. ) ;
#8635 = FACE_OUTER_BOUND ( 'NONE', #8814, .T. ) ;
#8636 = DIRECTION ( 'NONE',  ( 0.0000000000000000000, 0.0000000000000000000, -1.000000000000000000 ) ) ;
#8637 = CARTESIAN_POINT ( 'NONE',  ( -5.825025717999999100, -1.000000000000000000, -6.126743725000000800 ) ) ;
#8638 = DIRECTION ( 'NONE',  ( 1.000000000000000000, -0.0000000000000000000, 0.0000000000000000000 ) ) ;
#8639 = ORIENTED_EDGE ( 'NONE', *, *, #8634, .F. ) ;
#8640 = CIRCLE ( 'NONE', #7861, 0.7500000000000006700 ) ;
#8641 = ORIENTED_EDGE ( 'NONE', *, *, #9357, .F. ) ;
#8642 = CARTESIAN_POINT ( 'NONE',  ( -15.50000000000000000, -15.50000000000000500, -15.00000000000000000 ) ) ;
#8643 = CARTESIAN_POINT ( 'NONE',  ( 12.50000000000000000, 0.6000000000000000900, 5.202200245000000200 ) ) ;
#8644 = EDGE_LOOP ( 'NONE', ( #9426, #6372 ) ) ;
#8645 = CARTESIAN_POINT ( 'NONE',  ( 0.0000000000000000000, 2.200000000000000200, 29.50000000000000400 ) ) ;
#8646 = EDGE_CURVE ( 'NONE', #2760, #1563, #9017, .T. ) ;
#8647 = AXIS2_PLACEMENT_3D ( 'NONE', #9317, #6201, #10246 ) ;
#8648 = CARTESIAN_POINT ( 'NONE',  ( 20.06420545639843000, 6.203396200319894600, 3.982857237921380000 ) ) ;
#8649 = CARTESIAN_POINT ( 'NONE',  ( 8.641209594193620400, -4.676246532726041800, 6.494471407704866200 ) ) ;
#8650 = ORIENTED_EDGE ( 'NONE', *, *, #9846, .T. ) ;
#8651 = CIRCLE ( 'NONE', #9655, 6.000000000000000000 ) ;
#8652 = VERTEX_POINT ( 'NONE', #52 ) ;
#8653 = LINE ( 'NONE', #6162, #3693 ) ;
#8654 = CARTESIAN_POINT ( 'NONE',  ( 15.49751941100000300, -15.49751941100000100, -15.00000000000000000 ) ) ;
#8655 = ADVANCED_FACE ( 'NONE', ( #5792 ), #8884, .F. ) ;
#8656 = EDGE_LOOP ( 'NONE', ( #291, #5989, #8355, #7510 ) ) ;
#8657 = LINE ( 'NONE', #6973, #4946 ) ;
#8658 = B_SPLINE_CURVE_WITH_KNOTS ( 'NONE', 3,
 ( #2104, #5286, #566, #2137, #9320, #10052 ),
 .UNSPECIFIED., .F., .F.,
 ( 4, 2, 4 ),
 ( 2.376310669230926600E-014, 0.0006062935148223110200, 0.001212587029620858900 ),
 .UNSPECIFIED. ) ;
#8659 = EDGE_CURVE ( 'NONE', #8029, #1759, #341, .T. ) ;
#8660 = AXIS2_PLACEMENT_3D ( 'NONE', #2858, #8398, #3651 ) ;
#8661 = LINE ( 'NONE', #1709, #8788 ) ;
#8662 = PRODUCT_DEFINITION_SHAPE ( 'NONE', 'NONE',  #10274 ) ;
#8663 = ORIENTED_EDGE ( 'NONE', *, *, #9014, .F. ) ;
#8664 = CARTESIAN_POINT ( 'NONE',  ( 6.299999999999999800, 0.0000000000000000000, 0.0000000000000000000 ) ) ;
#8665 = CARTESIAN_POINT ( 'NONE',  ( 6.500000000000000900, 0.6000000000000000900, 3.713466109999999300 ) ) ;
#8666 = APPROVAL_STATUS ( 'not_yet_approved' ) ;
#8667 = DIRECTION ( 'NONE',  ( 0.0000000000000000000, 1.000000000000000000, -8.260587980841938800E-017 ) ) ;
#8668 = CARTESIAN_POINT ( 'NONE',  ( -19.62983158500000500, 6.888301783000001100, -20.00000000000000000 ) ) ;
#8669 = EDGE_CURVE ( 'NONE', #5942, #8777, #934, .T. ) ;
#8670 = DIRECTION ( 'NONE',  ( -0.0000000000000000000, -1.000000000000000000, -0.0000000000000000000 ) ) ;
#8671 = LINE ( 'NONE', #822, #6706 ) ;
#8672 = ORIENTED_EDGE ( 'NONE', *, *, #5152, .T. ) ;
#8673 = DIRECTION ( 'NONE',  ( -1.000000000000000000, 0.0000000000000000000, 0.0000000000000000000 ) ) ;
#8674 = EDGE_CURVE ( 'NONE', #9593, #4439, #4788, .T. ) ;
#8675 = DIRECTION ( 'NONE',  ( -1.000000000000000000, 0.0000000000000000000, 0.0000000000000000000 ) ) ;
#8676 = ORIENTED_EDGE ( 'NONE', *, *, #3640, .F. ) ;
#8677 = CARTESIAN_POINT ( 'NONE',  ( 3.000000000000000000, 1.500000000000000000, -0.8660254022602451600 ) ) ;
#8678 = CC_DESIGN_APPROVAL ( #10077, ( #5633 ) ) ;
#8679 = CARTESIAN_POINT ( 'NONE',  ( 19.72521068173970000, 7.205492043005151900, 2.802929543544073100 ) ) ;
#8680 = CYLINDRICAL_SURFACE ( 'NONE', #5722, 6.000000000000000000 ) ;
#8681 = CARTESIAN_POINT ( 'NONE',  ( 7.704543087462603500, -6.072373064044420200, 5.210382248636979500 ) ) ;
#8682 = APPROVAL_DATE_TIME ( #5463, #5512 ) ;
#8683 = CARTESIAN_POINT ( 'NONE',  ( 0.0000000000000000000, 0.0000000000000000000, 13.49999999999999800 ) ) ;
#8684 = ORIENTED_EDGE ( 'NONE', *, *, #6121, .T. ) ;
#8685 = DIRECTION ( 'NONE',  ( 0.0000000000000000000, 0.0000000000000000000, 1.000000000000000000 ) ) ;
#8686 = ORIENTED_EDGE ( 'NONE', *, *, #2372, .F. ) ;
#8687 = CARTESIAN_POINT ( 'NONE',  ( 8.945063741682801600, -7.036914683931588100, -3.808243957370643700 ) ) ;
#8688 = FACE_OUTER_BOUND ( 'NONE', #2319, .T. ) ;
#8689 = EDGE_CURVE ( 'NONE', #3454, #4553, #9256, .T. ) ;
#8690 = AXIS2_PLACEMENT_3D ( 'NONE', #1718, #8837, #6487 ) ;
#8691 = COORDINATED_UNIVERSAL_TIME_OFFSET ( 8, 0, .AHEAD. ) ;
#8692 = DIRECTION ( 'NONE',  ( -0.0000000000000000000, 0.0000000000000000000, -1.000000000000000000 ) ) ;
#8693 = ORIENTED_EDGE ( 'NONE', *, *, #5405, .F. ) ;
#8694 = CIRCLE ( 'NONE', #4583, 3.000000000000000900 ) ;
#8695 = CARTESIAN_POINT ( 'NONE',  ( 6.500000000000000900, -0.6000000000000000900, 2.411493812999999400 ) ) ;
#8696 = VERTEX_POINT ( 'NONE', #2595 ) ;
#8697 = ORIENTED_EDGE ( 'NONE', *, *, #10132, .T. ) ;
#8698 = APPROVAL_STATUS ( 'not_yet_approved' ) ;
#8699 = CARTESIAN_POINT ( 'NONE',  ( 0.0000000000000000000, 0.0000000000000000000, 0.0000000000000000000 ) ) ;
#8700 = DIRECTION ( 'NONE',  ( -1.000000000000000000, 0.0000000000000000000, 0.0000000000000000000 ) ) ;
#8701 = LOCAL_TIME ( 15, 11, 14.00000000000000000, #874 ) ;
#8702 = ORIENTED_EDGE ( 'NONE', *, *, #5845, .T. ) ;
#8703 = LINE ( 'NONE', #3453, #10066 ) ;
#8704 = ADVANCED_FACE ( 'NONE', ( #7892 ), #5921, .T. ) ;
#8705 = EDGE_LOOP ( 'NONE', ( #869, #5608, #7029, #5324 ) ) ;
#8706 = DIRECTION ( 'NONE',  ( -1.000000000000000000, 0.0000000000000000000, 0.0000000000000000000 ) ) ;
#8707 = VERTEX_POINT ( 'NONE', #832 ) ;
#8708 = AXIS2_PLACEMENT_3D ( 'NONE', #2704, #9901, #6748 ) ;
#8709 = EDGE_CURVE ( 'NONE', #7107, #3355, #6407, .T. ) ;
#8710 = CARTESIAN_POINT ( 'NONE',  ( 12.16623437906919100, 0.6000000000000000900, 2.598171426444503900 ) ) ;
#8711 = DIRECTION ( 'NONE',  ( 0.0000000000000000000, 0.0000000000000000000, -1.000000000000000000 ) ) ;
#8712 = EDGE_LOOP ( 'NONE', ( #7957, #201, #4934, #6278, #3428, #753 ) ) ;
#8713 = COORDINATED_UNIVERSAL_TIME_OFFSET ( 8, 0, .AHEAD. ) ;
#8714 = AXIS2_PLACEMENT_3D ( 'NONE', #10036, #2969, #638 ) ;
#8715 = DIRECTION ( 'NONE',  ( -0.0000000000000000000, -0.0000000000000000000, 1.000000000000000000 ) ) ;
#8716 = CYLINDRICAL_SURFACE ( 'NONE', #10247, 21.00000000000000000 ) ;
#8717 = EDGE_LOOP ( 'NONE', ( #4877, #8121, #5425 ) ) ;
#8718 = CARTESIAN_POINT ( 'NONE',  ( 2.332238092999999100, -1.000000000000000000, 5.876889377999997800 ) ) ;
#8719 = DIRECTION ( 'NONE',  ( -1.000000000000000000, 0.0000000000000000000, 0.0000000000000000000 ) ) ;
#8720 = EDGE_CURVE ( 'NONE', #5392, #9769, #3677, .T. ) ;
#8721 = CARTESIAN_POINT ( 'NONE',  ( -21.00000000085877600, 12.99999999903504000, -3.698178070679212700 ) ) ;
#8722 = AXIS2_PLACEMENT_3D ( 'NONE', #5772, #8957, #5914 ) ;
#8723 = VERTEX_POINT ( 'NONE', #123 ) ;
#8724 = APPROVAL_DATE_TIME ( #8235, #8488 ) ;
#8725 = DIRECTION ( 'NONE',  ( 0.0000000000000000000, -1.000000000000000000, 0.0000000000000000000 ) ) ;
#8726 = FACE_OUTER_BOUND ( 'NONE', #1951, .T. ) ;
#8727 = ORIENTED_EDGE ( 'NONE', *, *, #4563, .F. ) ;
#8728 = B_SPLINE_CURVE_WITH_KNOTS ( 'NONE', 3,
 ( #8994, #1760, #5837, #5804, #154, #1091, #4904, #2556, #7368, #4134, #9679, #4173, #8084, #3332, #195, #976, #6534, #1795, #7325, #2591, #4972, #1014, #6569, #2625, #3412, #5877 ),
 .UNSPECIFIED., .F., .F.,
 ( 4, 2, 2, 2, 2, 2, 2, 2, 2, 2, 2, 2, 4 ),
 ( 1.168890072382498000E-013, 0.0002727880329214349400, 0.0005455760657259808500, 0.0008183640985305267600, 0.001091152131335072600, 0.001636728196944165700, 0.002182304262553259000, 0.002727880328162352100, 0.003273456393771445700, 0.003546244426575990700, 0.003819032459380535300, 0.004091820492185080400, 0.004364608524989625400 ),
 .UNSPECIFIED. ) ;
#8729 = AXIS2_PLACEMENT_3D ( 'NONE', #7576, #6693, #6723 ) ;
#8730 = DIRECTION ( 'NONE',  ( 0.0000000000000000000, 0.0000000000000000000, 1.000000000000000000 ) ) ;
#8731 = VERTEX_POINT ( 'NONE', #1660 ) ;
#8732 = EDGE_LOOP ( 'NONE', ( #6617, #1583, #2210, #10043 ) ) ;
#8733 = CALENDAR_DATE ( 2023, 10, 1 ) ;
#8734 = CARTESIAN_POINT ( 'NONE',  ( 5.755954265999998000, 0.0000000000000000000, -1.180564676255455000E-009 ) ) ;
#8735 = FACE_OUTER_BOUND ( 'NONE', #9277, .T. ) ;
#8736 = SECURITY_CLASSIFICATION_LEVEL ( 'unclassified' ) ;
#8737 = DIRECTION ( 'NONE',  ( 0.0000000000000000000, 0.0000000000000000000, -1.000000000000000000 ) ) ;
#8738 = CARTESIAN_POINT ( 'NONE',  ( 0.0000000000000000000, -1.000000000000000000, 0.0000000000000000000 ) ) ;
#8739 = EDGE_CURVE ( 'NONE', #7324, #5697, #5055, .T. ) ;
#8740 = DIRECTION ( 'NONE',  ( -1.000000000000000000, 0.0000000000000000000, 0.0000000000000000000 ) ) ;
#8742 = VECTOR ( 'NONE', #8112, 1000.000000000000000 ) ;
#8741 = SECURITY_CLASSIFICATION ( '', '', #5215 ) ;
#8743 = AXIS2_PLACEMENT_3D ( 'NONE', #3251, #8797, #4050 ) ;
#8744 = ORIENTED_EDGE ( 'NONE', *, *, #8339, .F. ) ;
#8745 = ORIENTED_EDGE ( 'NONE', *, *, #6008, .T. ) ;
#8746 = CARTESIAN_POINT ( 'NONE',  ( 0.0000000000000000000, -1.688830447324979900E-041, 10.00000000000000000 ) ) ;
#8747 = DIRECTION ( 'NONE',  ( -1.000000000000000000, 0.0000000000000000000, 0.0000000000000000000 ) ) ;
#8748 = CARTESIAN_POINT ( 'NONE',  ( 0.0000000000000000000, 0.0000000000000000000, 12.00000000000000000 ) ) ;
#8749 = CYLINDRICAL_SURFACE ( 'NONE', #420, 10.50000000000000000 ) ;
#8750 = CARTESIAN_POINT ( 'NONE',  ( 6.500000000400000000, 0.0000000000000000000, 0.0000000000000000000 ) ) ;
#8751 = ORIENTED_EDGE ( 'NONE', *, *, #6008, .F. ) ;
#8752 = DIRECTION ( 'NONE',  ( -1.000000000000000000, 0.0000000000000000000, 0.0000000000000000000 ) ) ;
#8753 = FACE_OUTER_BOUND ( 'NONE', #10168, .T. ) ;
#8754 = EDGE_CURVE ( 'NONE', #4825, #9643, #8518, .T. ) ;
#8755 = CC_DESIGN_APPROVAL ( #3644, ( #8558 ) ) ;
#8756 = ADVANCED_FACE ( 'NONE', ( #2198 ), #7759, .F. ) ;
#8757 = DIRECTION ( 'NONE',  ( -0.3826834323276322400, -0.9238795325268022200, 0.0000000000000000000 ) ) ;
#8758 = CARTESIAN_POINT ( 'NONE',  ( 9.659940389296032500, 15.48178128636404700, 10.00000000000000000 ) ) ;
#8759 = VECTOR ( 'NONE', #6432, 1000.000000000000200 ) ;
#8760 = EDGE_LOOP ( 'NONE', ( #4413, #10122, #3695 ) ) ;
#8761 = DIRECTION ( 'NONE',  ( 0.0000000000000000000, -0.0000000000000000000, 1.000000000000000000 ) ) ;
#8762 = DIRECTION ( 'NONE',  ( 1.000000000000000000, 0.0000000000000000000, 0.0000000000000000000 ) ) ;
#8763 = ORIENTED_EDGE ( 'NONE', *, *, #3468, .F. ) ;
#8764 = CARTESIAN_POINT ( 'NONE',  ( 8.792631645927368600, 6.360333957433970100, 4.855523891025838700 ) ) ;
#8765 = EDGE_LOOP ( 'NONE', ( #413, #2836, #815, #6228 ) ) ;
#8766 = AXIS2_PLACEMENT_3D ( 'NONE', #6616, #3423, #4219 ) ;
#8767 = CARTESIAN_POINT ( 'NONE',  ( 3.000000000000000000, -1.672928493574818100, 1.651312378957071400 ) ) ;
#8768 = PERSON_AND_ORGANIZATION_ROLE ( 'classification_officer' ) ;
#8769 = EDGE_CURVE ( 'NONE', #8457, #1638, #80, .T. ) ;
#8770 = VECTOR ( 'NONE', #6582, 1000.000000000000000 ) ;
#8771 = ORIENTED_EDGE ( 'NONE', *, *, #2748, .F. ) ;
#8772 = DIRECTION ( 'NONE',  ( 0.0000000000000000000, 0.0000000000000000000, 1.000000000000000000 ) ) ;
#8773 = FACE_OUTER_BOUND ( 'NONE', #3419, .T. ) ;
#8774 = CARTESIAN_POINT ( 'NONE',  ( 12.99751940930323200, 20.99999999933914200, -3.696872489597906200 ) ) ;
#8775 = AXIS2_PLACEMENT_3D ( 'NONE', #3485, #7373, #8297 ) ;
#8776 = CARTESIAN_POINT ( 'NONE',  ( -12.99999999479064700, -21.00000000000000000, -9.940000000000003100 ) ) ;
#8777 = VERTEX_POINT ( 'NONE', #5740 ) ;
#8778 = FACE_BOUND ( 'NONE', #813, .T. ) ;
#8779 = DIRECTION ( 'NONE',  ( -1.000000000000000000, -0.0000000000000000000, -0.0000000000000000000 ) ) ;
#8780 = FACE_BOUND ( 'NONE', #677, .T. ) ;
#8781 = DIRECTION ( 'NONE',  ( 0.0000000000000000000, 0.0000000000000000000, -1.000000000000000000 ) ) ;
#8782 = EDGE_CURVE ( 'NONE', #8192, #6164, #1707, .T. ) ;
#8783 = ORIENTED_EDGE ( 'NONE', *, *, #7114, .T. ) ;
#8784 = CIRCLE ( 'NONE', #5277, 20.99999999999999600 ) ;
#8785 = AXIS2_PLACEMENT_3D ( 'NONE', #1719, #757, #7245 ) ;
#8786 = CARTESIAN_POINT ( 'NONE',  ( -9.244133206075718000, -5.965053032143421400, 4.124613871134569900 ) ) ;
#8787 = CARTESIAN_POINT ( 'NONE',  ( -16.62983158500000200, 6.888301783000001100, 10.00000000000000000 ) ) ;
#8788 = VECTOR ( 'NONE', #6480, 1000.000000000000000 ) ;
#8789 = ORIENTED_EDGE ( 'NONE', *, *, #2699, .T. ) ;
#8790 = DIRECTION ( 'NONE',  ( 0.0000000000000000000, -0.0000000000000000000, 1.000000000000000000 ) ) ;
#8791 = CARTESIAN_POINT ( 'NONE',  ( 12.22214556742432000, 5.877040940298052800, -5.435188021878913000 ) ) ;
#8792 = ORIENTED_EDGE ( 'NONE', *, *, #7388, .F. ) ;
#8793 = CARTESIAN_POINT ( 'NONE',  ( -16.69098564124213300, -12.74405737161121400, 3.920333076924845600E-010 ) ) ;
#8794 = AXIS2_PLACEMENT_3D ( 'NONE', #8812, #5701, #4065 ) ;
#8795 = FACE_OUTER_BOUND ( 'NONE', #4844, .T. ) ;
#8796 = ORIENTED_EDGE ( 'NONE', *, *, #559, .F. ) ;
#8797 = DIRECTION ( 'NONE',  ( -1.000000000000000000, 0.0000000000000000000, 0.0000000000000000000 ) ) ;
#8798 = DIRECTION ( 'NONE',  ( 0.0000000000000000000, 0.0000000000000000000, -1.000000000000000000 ) ) ;
#8799 = CARTESIAN_POINT ( 'NONE',  ( -17.67944947199999800, 11.00000000000000000, -15.00000000000000000 ) ) ;
#8800 = EDGE_CURVE ( 'NONE', #6294, #3650, #9762, .T. ) ;
#8801 = ADVANCED_FACE ( 'NONE', ( #8270 ), #1448, .T. ) ;
#8802 = DIRECTION ( 'NONE',  ( -1.000000000000000000, 0.0000000000000000000, 0.0000000000000000000 ) ) ;
#8803 = CARTESIAN_POINT ( 'NONE',  ( 4.116663185000001900, 17.77788188200000300, 8.000000000000000000 ) ) ;
#8804 = EDGE_LOOP ( 'NONE', ( #1555, #1702, #1410 ) ) ;
#8805 = LINE ( 'NONE', #793, #8561 ) ;
#8806 = APPROVAL_DATE_TIME ( #1501, #5711 ) ;
#8807 = VERTEX_POINT ( 'NONE', #5121 ) ;
#8808 = EDGE_CURVE ( 'NONE', #10047, #238, #6161, .T. ) ;
#8809 = ORIENTED_EDGE ( 'NONE', *, *, #4431, .T. ) ;
#8810 = CARTESIAN_POINT ( 'NONE',  ( 12.50000000000000000, 0.0000000000000000000, 0.0000000000000000000 ) ) ;
#8811 = CARTESIAN_POINT ( 'NONE',  ( 0.0000000000000000000, 0.0000000000000000000, 0.2000000000000000100 ) ) ;
#8812 = CARTESIAN_POINT ( 'NONE',  ( 0.0000000000000000000, -17.50000000000000000, 999.0085799790000500 ) ) ;
#8813 = CC_DESIGN_APPROVAL ( #4573, ( #7555 ) ) ;
#8814 = EDGE_LOOP ( 'NONE', ( #2250, #4016, #9261, #818 ) ) ;
#8815 = DIRECTION ( 'NONE',  ( 1.000000000000000000, 0.0000000000000000000, 0.0000000000000000000 ) ) ;
#8816 = CARTESIAN_POINT ( 'NONE',  ( 8.068477969405229500, 7.476853047742047000, 1.927737286989110300 ) ) ;
#8817 = CARTESIAN_POINT ( 'NONE',  ( -16.62983158500000200, 6.888301783000001100, 8.500000000000000000 ) ) ;
#8818 = CIRCLE ( 'NONE', #8911, 2.400000000000000400 ) ;
#8819 = COORDINATED_UNIVERSAL_TIME_OFFSET ( 8, 0, .AHEAD. ) ;
#8820 = ORIENTED_EDGE ( 'NONE', *, *, #10132, .F. ) ;
#8821 = VECTOR ( 'NONE', #1098, 1000.000000000000000 ) ;
#8822 = CARTESIAN_POINT ( 'NONE',  ( 6.123233995736766300E-016, -5.000000000000000000, 12.40000000000000400 ) ) ;
#8823 = EDGE_LOOP ( 'NONE', ( #5549, #4773, #2288, #4890 ) ) ;
#8824 = ORIENTED_EDGE ( 'NONE', *, *, #3431, .F. ) ;
#8825 = PRODUCT_DEFINITION_SHAPE ( 'NONE', 'NONE',  #10282 ) ;
#8826 = EDGE_LOOP ( 'NONE', ( #3503, #1292, #3400, #7320 ) ) ;
#8827 = DIRECTION ( 'NONE',  ( -0.0000000000000000000, 1.000000000000000000, 0.0000000000000000000 ) ) ;
#8828 = AXIS2_PLACEMENT_3D ( 'NONE', #9332, #5424, #7219 ) ;
#8829 = DIRECTION ( 'NONE',  ( -0.0000000000000000000, 1.000000000000000000, 0.0000000000000000000 ) ) ;
#8830 = EDGE_CURVE ( 'NONE', #7859, #7080, #9623, .T. ) ;
#8831 = DIRECTION ( 'NONE',  ( -0.0000000000000000000, -0.0000000000000000000, -1.000000000000000000 ) ) ;
#8832 = COORDINATED_UNIVERSAL_TIME_OFFSET ( 8, 0, .AHEAD. ) ;
#8833 = FACE_OUTER_BOUND ( 'NONE', #2727, .T. ) ;
#8834 = VERTEX_POINT ( 'NONE', #4320 ) ;
#8835 =( REPRESENTATION_RELATIONSHIP ('NONE','NONE', #4455, #4527 ) REPRESENTATION_RELATIONSHIP_WITH_TRANSFORMATION ( #155 )SHAPE_REPRESENTATION_RELATIONSHIP( ) );
#8836 = CARTESIAN_POINT ( 'NONE',  ( 0.0000000000000000000, 5.000000000000000000, 13.49999999999999800 ) ) ;
#8837 = DIRECTION ( 'NONE',  ( 0.0000000000000000000, 0.0000000000000000000, -1.000000000000000000 ) ) ;
#8838 = CARTESIAN_POINT ( 'NONE',  ( -20.68770885795652200, -3.610358883646922500, 4.367943421737739300 ) ) ;
#8839 = EDGE_LOOP ( 'NONE', ( #9576, #6816, #385, #1269 ) ) ;
#8840 = DATE_AND_TIME ( #33, #9450 ) ;
#8841 = CARTESIAN_POINT ( 'NONE',  ( 0.0000000000000000000, -6.433639799333257600E-042, 10.00000000000000000 ) ) ;
#8842 = FACE_BOUND ( 'NONE', #5809, .T. ) ;
#8843 = CARTESIAN_POINT ( 'NONE',  ( -10.50000000000000000, 0.0000000000000000000, 4.500000000000000900 ) ) ;
#8844 = EDGE_CURVE ( 'NONE', #8555, #1588, #7411, .T. ) ;
#8845 = AXIS2_PLACEMENT_3D ( 'NONE', #5077, #7529, #7466 ) ;
#8846 = VERTEX_POINT ( 'NONE', #9724 ) ;
#8847 = DIRECTION ( 'NONE',  ( 0.0000000000000000000, 1.000000000000000000, 0.0000000000000000000 ) ) ;
#8848 = CARTESIAN_POINT ( 'NONE',  ( 16.68894573296264400, 12.74672861502274800, -3.249999999999999600 ) ) ;
#8849 = AXIS2_PLACEMENT_3D ( 'NONE', #2524, #2447, #8815 ) ;
#8850 = ORIENTED_EDGE ( 'NONE', *, *, #183, .T. ) ;
#8851 = DIRECTION ( 'NONE',  ( 0.0000000000000000000, 0.0000000000000000000, -1.000000000000000000 ) ) ;
#8852 = CARTESIAN_POINT ( 'NONE',  ( -1.500000000000000000, 2.200000000000000200, 22.50000000000000000 ) ) ;
#8853 = CYLINDRICAL_SURFACE ( 'NONE', #1313, 2.649999999999999900 ) ;
#8854 = ORIENTED_EDGE ( 'NONE', *, *, #2827, .T. ) ;
#8855 = ORIENTED_EDGE ( 'NONE', *, *, #585, .F. ) ;
#8856 = COORDINATED_UNIVERSAL_TIME_OFFSET ( 8, 0, .AHEAD. ) ;
#8857 = DIRECTION ( 'NONE',  ( 0.0000000000000000000, 0.0000000000000000000, -1.000000000000000000 ) ) ;
#8858 = CIRCLE ( 'NONE', #3553, 5.755954265999998000 ) ;
#8859 = CARTESIAN_POINT ( 'NONE',  ( 8.355267078869721000, 7.155528149640482600, 2.910384110467173300 ) ) ;
#8860 = CARTESIAN_POINT ( 'NONE',  ( 0.0000000000000000000, -1.000000000000000000, 0.0000000000000000000 ) ) ;
#8861 = ORIENTED_EDGE ( 'NONE', *, *, #4537, .T. ) ;
#8862 = EDGE_CURVE ( 'NONE', #7183, #5777, #7146, .T. ) ;
#8863 = DIRECTION ( 'NONE',  ( 0.0000000000000000000, -0.0000000000000000000, 1.000000000000000000 ) ) ;
#8864 = ADVANCED_FACE ( 'NONE', ( #3556 ), #9135, .F. ) ;
#8865 = AXIS2_PLACEMENT_3D ( 'NONE', #3517, #233, #2765 ) ;
#8866 = DIRECTION ( 'NONE',  ( 0.0000000000000000000, 0.0000000000000000000, -1.000000000000000000 ) ) ;
#8867 = CIRCLE ( 'NONE', #8941, 1.649999999999998600 ) ;
#8868 = ORIENTED_EDGE ( 'NONE', *, *, #9630, .T. ) ;
#8869 = VERTEX_POINT ( 'NONE', #1096 ) ;
#8870 = DIRECTION ( 'NONE',  ( -1.000000000000000000, -0.0000000000000000000, -0.0000000000000000000 ) ) ;
#8871 = LINE ( 'NONE', #311, #65 ) ;
#8872 = DIRECTION ( 'NONE',  ( 0.0000000000000000000, 0.0000000000000000000, 1.000000000000000000 ) ) ;
#8873 = DIRECTION ( 'NONE',  ( 0.0000000000000000000, 0.0000000000000000000, 1.000000000000000000 ) ) ;
#8874 = EDGE_CURVE ( 'NONE', #5637, #191, #3294, .T. ) ;
#8875 = CIRCLE ( 'NONE', #7522, 21.00000000000000000 ) ;
#8876 = VERTEX_POINT ( 'NONE', #8962 ) ;
#8877 = CARTESIAN_POINT ( 'NONE',  ( 3.000000000000000400, -0.8161947649081667800, 2.205485517429066200 ) ) ;
#8878 = APPROVAL_STATUS ( 'not_yet_approved' ) ;
#8879 = ORIENTED_EDGE ( 'NONE', *, *, #8487, .F. ) ;
#8880 = EDGE_CURVE ( 'NONE', #6689, #6119, #1078, .T. ) ;
#8881 = CARTESIAN_POINT ( 'NONE',  ( 0.0000000000000000000, 4.000000000000000000, 29.50000000000000400 ) ) ;
#8882 = APPROVAL ( #10053, '未指定' ) ;
#8883 = CARTESIAN_POINT ( 'NONE',  ( 19.98120532380419700, 6.999342993291640400, -0.1710109502267327400 ) ) ;
#8884 = CYLINDRICAL_SURFACE ( 'NONE', #7177, 9.300000000000000700 ) ;
#8885 = ORIENTED_EDGE ( 'NONE', *, *, #3605, .T. ) ;
#8886 = LINE ( 'NONE', #7439, #574 ) ;
#8887 = CARTESIAN_POINT ( 'NONE',  ( 12.00000000028846400, 0.5999999994549480900, -2.426932220334219200 ) ) ;
#8888 =( LENGTH_UNIT ( ) NAMED_UNIT ( * ) SI_UNIT ( .MILLI., .METRE. ) );
#8889 = CARTESIAN_POINT ( 'NONE',  ( 0.0000000000000000000, 0.0000000000000000000, 4.799999999999999800 ) ) ;
#8890 = DIRECTION ( 'NONE',  ( 1.000000000000000000, 0.0000000000000000000, 0.0000000000000000000 ) ) ;
#8891 = DIRECTION ( 'NONE',  ( -1.000000000000000000, 0.0000000000000000000, 0.0000000000000000000 ) ) ;
#8892 = CARTESIAN_POINT ( 'NONE',  ( 8.210675130331877000, 7.320989343230263700, 2.540688338539727600 ) ) ;
#8893 = ORIENTED_EDGE ( 'NONE', *, *, #3399, .F. ) ;
#8894 = DIRECTION ( 'NONE',  ( 0.0000000000000000000, 0.0000000000000000000, 1.000000000000000000 ) ) ;
#8895 = CIRCLE ( 'NONE', #1300, 21.00000000000000000 ) ;
#8896 = EDGE_CURVE ( 'NONE', #2271, #2433, #683, .T. ) ;
#8897 = VERTEX_POINT ( 'NONE', #9757 ) ;
#8898 = AXIS2_PLACEMENT_3D ( 'NONE', #6712, #5014, #5052 ) ;
#8899 = SECURITY_CLASSIFICATION ( '', '', #1856 ) ;
#8900 = ORIENTED_EDGE ( 'NONE', *, *, #6179, .F. ) ;
#8901 = CARTESIAN_POINT ( 'NONE',  ( -10.89443021165851800, -1.520867610923918100, 1.093981182884954800 ) ) ;
#8902 = DIRECTION ( 'NONE',  ( 0.0000000000000000000, 0.0000000000000000000, 1.000000000000000000 ) ) ;
#8903 = VERTEX_POINT ( 'NONE', #9832 ) ;
#8904 = LINE ( 'NONE', #6988, #1724 ) ;
#8905 = CARTESIAN_POINT ( 'NONE',  ( -20.99999999882130900, -6.276053402874434400, -0.9177746650116546100 ) ) ;
#8906 = EDGE_LOOP ( 'NONE', ( #4437, #2849, #9736, #3654 ) ) ;
#8907 = VERTEX_POINT ( 'NONE', #4247 ) ;
#8908 = LINE ( 'NONE', #1736, #366 ) ;
#8909 = EDGE_LOOP ( 'NONE', ( #9378, #9521, #1155, #6944, #649, #9894, #3691, #7361, #6791, #7211, #3346, #1624, #1668 ) ) ;
#8910 = LINE ( 'NONE', #2269, #6809 ) ;
#8911 = AXIS2_PLACEMENT_3D ( 'NONE', #6925, #4674, #5814 ) ;
#8912 = CARTESIAN_POINT ( 'NONE',  ( 3.000000000000000000, -1.393540908928987600, 1.892338629486511900 ) ) ;
#8913 = EDGE_CURVE ( 'NONE', #8574, #9553, #4298, .T. ) ;
#8914 = CARTESIAN_POINT ( 'NONE',  ( 0.0000000000000000000, 0.0000000000000000000, 5.000000000000000000 ) ) ;
#8915 = ADVANCED_FACE ( 'NONE', ( #4920 ), #1072, .T. ) ;
#8916 = DIRECTION ( 'NONE',  ( -0.0000000000000000000, -0.0000000000000000000, 1.000000000000000000 ) ) ;
#8917 = AXIS2_PLACEMENT_3D ( 'NONE', #3469, #957, #8873 ) ;
#8919 = CYLINDRICAL_SURFACE ( 'NONE', #10233, 21.00000000000000000 ) ;
#8918 = CARTESIAN_POINT ( 'NONE',  ( 10.84901641777016900, 1.818004081213825600, 2.859013567058474400 ) ) ;
#8920 = EDGE_LOOP ( 'NONE', ( #7049, #1818, #8861, #4477, #7852, #6838, #8034, #2036 ) ) ;
#8921 = EDGE_CURVE ( 'NONE', #6451, #1542, #8260, .T. ) ;
#8922 = CARTESIAN_POINT ( 'NONE',  ( 0.0000000000000000000, 0.0000000000000000000, 10.00000000000000000 ) ) ;
#8923 = CARTESIAN_POINT ( 'NONE',  ( 20.94641847664686200, 1.499184342971024100, 1.244111647873892700 ) ) ;
#8924 = EDGE_CURVE ( 'NONE', #3059, #986, #4538, .T. ) ;
#8925 = DIRECTION ( 'NONE',  ( 0.0000000000000000000, 1.000000000000000000, -1.084202172485504400E-016 ) ) ;
#8926 = CYLINDRICAL_SURFACE ( 'NONE', #1754, 6.000000000000000000 ) ;
#8927 = CARTESIAN_POINT ( 'NONE',  ( 7.200000000000001100, 8.817456953860944300E-016, 0.2000000000000000100 ) ) ;
#8928 = CARTESIAN_POINT ( 'NONE',  ( -17.67944947199999800, -10.99751941100000100, -0.03595568100000001000 ) ) ;
#8929 = VERTEX_POINT ( 'NONE', #8160 ) ;
#8930 = DIRECTION ( 'NONE',  ( 0.0000000000000000000, 0.0000000000000000000, -1.000000000000000000 ) ) ;
#8931 = EDGE_LOOP ( 'NONE', ( #6099, #9318, #5380, #1364, #3522, #6917, #7825 ) ) ;
#8932 = DIRECTION ( 'NONE',  ( 1.000000000000000000, 0.0000000000000000000, 0.0000000000000000000 ) ) ;
#8933 = CARTESIAN_POINT ( 'NONE',  ( -1.650000000000000100, 17.50000000000000000, 0.0000000000000000000 ) ) ;
#8934 = CIRCLE ( 'NONE', #8570, 3.000000000000000900 ) ;
#8935 = CARTESIAN_POINT ( 'NONE',  ( 12.79751941119530700, 16.80766968358028600, -15.00000000000000000 ) ) ;
#8936 = ORGANIZATION ( 'NAUO-ORG10', 'UNSPECIFIED', 'UNSPECIFIED' ) ;
#8937 = ORIENTED_EDGE ( 'NONE', *, *, #2905, .T. ) ;
#8938 = CARTESIAN_POINT ( 'NONE',  ( 0.0000000000000000000, 0.0000000000000000000, 5.000000000000000000 ) ) ;
#8939 = EDGE_CURVE ( 'NONE', #4233, #1272, #8629, .T. ) ;
#8940 = ORIENTED_EDGE ( 'NONE', *, *, #8465, .T. ) ;
#8941 = AXIS2_PLACEMENT_3D ( 'NONE', #2084, #9209, #1181 ) ;
#8942 = AXIS2_PLACEMENT_3D ( 'NONE', #8811, #8851, #3299 ) ;
#8943 = CARTESIAN_POINT ( 'NONE',  ( 3.000000000000000000, -1.145707035554753800, -2.052392347247002000 ) ) ;
#8944 = CIRCLE ( 'NONE', #9427, 5.000000000000000000 ) ;
#8945 = DIRECTION ( 'NONE',  ( 1.000000000000000000, 0.0000000000000000000, 0.0000000000000000000 ) ) ;
#8946 = COORDINATED_UNIVERSAL_TIME_OFFSET ( 8, 0, .AHEAD. ) ;
#8947 = EDGE_LOOP ( 'NONE', ( #7678, #3835, #3107, #2305, #2769, #4592, #4270 ) ) ;
#8948 = LINE ( 'NONE', #8620, #863 ) ;
#8949 = EDGE_LOOP ( 'NONE', ( #3656, #7720, #3180, #929 ) ) ;
#8950 = CARTESIAN_POINT ( 'NONE',  ( -20.51219149676611800, -4.499999999999987600, 4.500000000000636800 ) ) ;
#8951 = DIRECTION ( 'NONE',  ( 0.0000000000000000000, 0.0000000000000000000, -1.000000000000000000 ) ) ;
#8952 = EDGE_LOOP ( 'NONE', ( #2327, #10010, #8893, #4494 ) ) ;
#8953 = DIRECTION ( 'NONE',  ( 0.0000000000000000000, 0.0000000000000000000, 1.000000000000000000 ) ) ;
#8954 = EDGE_CURVE ( 'NONE', #326, #2152, #7753, .T. ) ;
#8955 = DIRECTION ( 'NONE',  ( 0.0000000000000000000, -0.0000000000000000000, 1.000000000000000000 ) ) ;
#8956 = ORIENTED_EDGE ( 'NONE', *, *, #5271, .T. ) ;
#8957 = DIRECTION ( 'NONE',  ( 0.0000000000000000000, -1.000000000000000000, 0.0000000000000000000 ) ) ;
#8958 = CARTESIAN_POINT ( 'NONE',  ( 20.62024367149521400, 3.983655001292931300, 4.466417197065407400 ) ) ;
#8959 = CC_DESIGN_SECURITY_CLASSIFICATION ( #2592, ( #400 ) ) ;
#8960 = PERSON ( 'NAUO-PER10', 'UNSPECIFIED', 'UNSPECIFIED', ('UNSPECIFIED'), ('UNSPECIFIED'), ('UNSPECIFIED') ) ;
#8961 = CIRCLE ( 'NONE', #8361, 1.749999999999999800 ) ;
#8962 = CARTESIAN_POINT ( 'NONE',  ( 12.99751941100000100, 17.67944947230918700, -0.9430728131512015100 ) ) ;
#8963 = DIRECTION ( 'NONE',  ( -0.0000000000000000000, 1.000000000000000000, 0.0000000000000000000 ) ) ;
#8964 = ORIENTED_EDGE ( 'NONE', *, *, #4191, .F. ) ;
#8965 = DIRECTION ( 'NONE',  ( -1.000000000000000000, 0.0000000000000000000, 0.0000000000000000000 ) ) ;
#8966 = DIRECTION ( 'NONE',  ( 0.0000000000000000000, 0.0000000000000000000, -1.000000000000000000 ) ) ;
#8967 = DIRECTION ( 'NONE',  ( 1.000000000000000000, 0.0000000000000000000, 0.0000000000000000000 ) ) ;
#8968 = ADVANCED_FACE ( 'NONE', ( #2932 ), #6284, .T. ) ;
#8969 = ORIENTED_EDGE ( 'NONE', *, *, #7125, .T. ) ;
#8970 = PERSON_AND_ORGANIZATION ( #9162, #4154 ) ;
#8971 = DIRECTION ( 'NONE',  ( 0.0000000000000000000, 1.000000000000000000, -8.260587980841938800E-017 ) ) ;
#8972 = FACE_OUTER_BOUND ( 'NONE', #2794, .T. ) ;
#8973 = CARTESIAN_POINT ( 'NONE',  ( 16.80518907124668000, -12.79751940013648900, -0.1232308730747606500 ) ) ;
#8974 = ORIENTED_EDGE ( 'NONE', *, *, #1092, .T. ) ;
#8975 = DIRECTION ( 'NONE',  ( -1.000000000000000000, 0.0000000000000000000, 0.0000000000000000000 ) ) ;
#8976 = EDGE_CURVE ( 'NONE', #5044, #3723, #10113, .T. ) ;
#8977 = DIRECTION ( 'NONE',  ( 0.0000000000000000000, -0.0000000000000000000, 1.000000000000000000 ) ) ;
#8978 = VERTEX_POINT ( 'NONE', #9961 ) ;
#8979 = ORIENTED_EDGE ( 'NONE', *, *, #5901, .T. ) ;
#8980 = LOCAL_TIME ( 15, 11, 14.00000000000000000, #775 ) ;
#8981 = CIRCLE ( 'NONE', #7126, 3.000000000000000900 ) ;
#8982 = CARTESIAN_POINT ( 'NONE',  ( 3.000000000000000400, -0.6899934227012581900, -2.246432386752029500 ) ) ;
#8983 = PERSON_AND_ORGANIZATION_ROLE ( 'classification_officer' ) ;
#8984 = EDGE_LOOP ( 'NONE', ( #3805, #8988, #9184, #4102 ) ) ;
#8985 = CARTESIAN_POINT ( 'NONE',  ( -20.91369613168839300, -1.901923792217240500, -1.114560456222372000E-010 ) ) ;
#8986 = FACE_OUTER_BOUND ( 'NONE', #3639, .T. ) ;
#8987 = DIRECTION ( 'NONE',  ( 1.000000000000000000, 0.0000000000000000000, 0.0000000000000000000 ) ) ;
#8988 = ORIENTED_EDGE ( 'NONE', *, *, #6929, .T. ) ;
#8989 = EDGE_CURVE ( 'NONE', #2173, #7395, #801, .T. ) ;
#8990 = ORIENTED_EDGE ( 'NONE', *, *, #943, .T. ) ;
#8991 = LOCAL_TIME ( 15, 11, 14.00000000000000000, #555 ) ;
#8992 = VECTOR ( 'NONE', #3111, 1000.000000000000000 ) ;
#8993 = CARTESIAN_POINT ( 'NONE',  ( 2.874016129999998900, 5.337932253999999200, 2.668966127000000000 ) ) ;
#8994 = CARTESIAN_POINT ( 'NONE',  ( 10.00000000000000000, 5.562148865321747200, 5.750000000000000900 ) ) ;
#8995 = AXIS2_PLACEMENT_3D ( 'NONE', #5054, #340, #6683 ) ;
#8996 = DIRECTION ( 'NONE',  ( -1.000000000000000000, 0.0000000000000000000, 5.162867488026212500E-018 ) ) ;
#8997 =( NAMED_UNIT ( * ) SI_UNIT ( $, .STERADIAN. ) SOLID_ANGLE_UNIT ( ) );
#8998 = DIRECTION ( 'NONE',  ( 1.000000000000000000, 0.0000000000000000000, 0.0000000000000000000 ) ) ;
#8999 = CIRCLE ( 'NONE', #7205, 5.700000000000000200 ) ;
#9000 = CARTESIAN_POINT ( 'NONE',  ( -20.99999999882130900, -6.276053402874434400, -0.9177746650116546100 ) ) ;
#9001 = VERTEX_POINT ( 'NONE', #6076 ) ;
#9002 = CARTESIAN_POINT ( 'NONE',  ( 9.244133205304926500, 5.965053033335769000, 4.124613870466941300 ) ) ;
#9003 = LINE ( 'NONE', #6262, #1189 ) ;
#9004 = ADVANCED_FACE ( 'NONE', ( #5909 ), #5782, .T. ) ;
#9005 = AXIS2_PLACEMENT_3D ( 'NONE', #9386, #8596, #5521 ) ;
#9006 = CARTESIAN_POINT ( 'NONE',  ( 12.00000000010293800, -0.6000000001706422600, 2.426932219966169100 ) ) ;
#9007 = CARTESIAN_POINT ( 'NONE',  ( -7.200000000000001100, 0.0000000000000000000, 0.2000000000000000100 ) ) ;
#9008 = DIRECTION ( 'NONE',  ( -1.000000000000000000, 0.0000000000000000000, 0.0000000000000000000 ) ) ;
#9009 = CONICAL_SURFACE ( 'NONE', #4665, 20.69999999999999900, 0.7853981633974482800 ) ;
#9010 = ORIENTED_EDGE ( 'NONE', *, *, #5448, .T. ) ;
#9011 = DIRECTION ( 'NONE',  ( 1.000000000000000000, -0.0000000000000000000, 0.0000000000000000000 ) ) ;
#9012 = DIRECTION ( 'NONE',  ( 1.000000000000000000, 0.0000000000000000000, 0.0000000000000000000 ) ) ;
#9013 = CIRCLE ( 'NONE', #3842, 8.000000000000000000 ) ;
#9014 = EDGE_CURVE ( 'NONE', #4346, #10047, #1827, .T. ) ;
#9015 = CARTESIAN_POINT ( 'NONE',  ( 2.999999999999999600, -2.084036814416972300, -1.086170516931900900 ) ) ;
#9016 = PERSON_AND_ORGANIZATION_ROLE ( 'classification_officer' ) ;
#9017 = CIRCLE ( 'NONE', #6797, 7.200000000000001100 ) ;
#9018 = ORIENTED_EDGE ( 'NONE', *, *, #10074, .T. ) ;
#9019 = DIRECTION ( 'NONE',  ( 0.0000000000000000000, 0.0000000000000000000, -1.000000000000000000 ) ) ;
#9020 = EDGE_CURVE ( 'NONE', #5942, #3734, #10234, .T. ) ;
#9021 = ADVANCED_FACE ( 'NONE', ( #6154 ), #7633, .F. ) ;
#9022 = DIRECTION ( 'NONE',  ( -1.000000000000000000, 0.0000000000000000000, 0.0000000000000000000 ) ) ;
#9023 = VERTEX_POINT ( 'NONE', #3583 ) ;
#9024 = CC_DESIGN_PERSON_AND_ORGANIZATION_ASSIGNMENT ( #6005, #3845, ( #642 ) ) ;
#9025 = ORIENTED_EDGE ( 'NONE', *, *, #5472, .T. ) ;
#9026 = CARTESIAN_POINT ( 'NONE',  ( -1.300000000000000300, 0.0000000000000000000, 4.931531202000000400 ) ) ;
#9027 = VECTOR ( 'NONE', #8307, 1000.000000000000000 ) ;
#9028 = ORIENTED_EDGE ( 'NONE', *, *, #6029, .T. ) ;
#9029 = CARTESIAN_POINT ( 'NONE',  ( -6.888301783000001100, -16.62983158500000200, -15.50000000000000000 ) ) ;
#9030 = CARTESIAN_POINT ( 'NONE',  ( 0.0000000000000000000, 0.0000000000000000000, 0.2999999999999999300 ) ) ;
#9031 = DIRECTION ( 'NONE',  ( 1.000000000000000000, 0.0000000000000000000, 0.0000000000000000000 ) ) ;
#9032 = PERSON ( 'NAUO-PER8', 'UNSPECIFIED', 'UNSPECIFIED', ('UNSPECIFIED'), ('UNSPECIFIED'), ('UNSPECIFIED') ) ;
#9033 = VECTOR ( 'NONE', #9740, 1000.000000000000000 ) ;
#9034 = DIRECTION ( 'NONE',  ( 0.0000000000000000000, 0.0000000000000000000, 1.000000000000000000 ) ) ;
#9035 = ORIENTED_EDGE ( 'NONE', *, *, #5185, .F. ) ;
#9036 = VECTOR ( 'NONE', #6151, 1000.000000000000000 ) ;
#9037 = AXIS2_PLACEMENT_3D ( 'NONE', #4910, #8090, #4876 ) ;
#9038 = LINE ( 'NONE', #5683, #4328 ) ;
#9039 = VERTEX_POINT ( 'NONE', #3682 ) ;
#9040 = LINE ( 'NONE', #6436, #3465 ) ;
#9041 = DIRECTION ( 'NONE',  ( 0.0000000000000000000, 1.000000000000000000, 0.0000000000000000000 ) ) ;
#9042 = DIRECTION ( 'NONE',  ( 0.0000000000000000000, 0.0000000000000000000, -1.000000000000000000 ) ) ;
#9043 = CYLINDRICAL_SURFACE ( 'NONE', #2818, 21.00000000000000000 ) ;
#9044 = EDGE_CURVE ( 'NONE', #8457, #2665, #7400, .T. ) ;
#9045 = AXIS2_PLACEMENT_3D ( 'NONE', #5002, #4202, #5830 ) ;
#9046 = ORIENTED_EDGE ( 'NONE', *, *, #1832, .T. ) ;
#9047 = CARTESIAN_POINT ( 'NONE',  ( 3.000000000000000000, -2.030009275878605900, 1.184093873707111600 ) ) ;
#9048 = CARTESIAN_POINT ( 'NONE',  ( -10.57167851870882200, -3.044446215696240600, 4.130503107860484100 ) ) ;
#9049 = ADVANCED_FACE ( 'NONE', ( #6895 ), #9009, .T. ) ;
#9050 = DIRECTION ( 'NONE',  ( 0.0000000000000000000, 1.000000000000000000, 0.0000000000000000000 ) ) ;
#9051 = AXIS2_PLACEMENT_3D ( 'NONE', #3947, #1710, #780 ) ;
#9052 = ORIENTED_EDGE ( 'NONE', *, *, #8544, .T. ) ;
#9053 = CARTESIAN_POINT ( 'NONE',  ( 19.76404093591121800, 7.098076208595099200, 4.905203609557046600E-010 ) ) ;
#9054 = CYLINDRICAL_SURFACE ( 'NONE', #9111, 1.650000000000002100 ) ;
#9055 = ORIENTED_EDGE ( 'NONE', *, *, #1324, .F. ) ;
#9056 = CARTESIAN_POINT ( 'NONE',  ( 16.62983158500000200, -6.888301783000001100, -20.00000000000000000 ) ) ;
#9057 = EDGE_CURVE ( 'NONE', #4789, #6938, #1950, .T. ) ;
#9058 = CARTESIAN_POINT ( 'NONE',  ( -21.00000000000000000, -16.97056274823857100, -15.00000000324000200 ) ) ;
#9059 = DIRECTION ( 'NONE',  ( 0.0000000000000000000, 0.0000000000000000000, -1.000000000000000000 ) ) ;
#9060 = AXIS2_PLACEMENT_3D ( 'NONE', #6643, #2627, #3448 ) ;
#9061 = DIRECTION ( 'NONE',  ( 0.0000000000000000000, -1.000000000000000000, 0.0000000000000000000 ) ) ;
#9062 = VERTEX_POINT ( 'NONE', #9994 ) ;
#9063 = DIRECTION ( 'NONE',  ( 0.0000000000000000000, 0.0000000000000000000, -1.000000000000000000 ) ) ;
#9064 = CIRCLE ( 'NONE', #2010, 16.00000000000000000 ) ;
#9065 = APPROVAL_PERSON_ORGANIZATION ( #7460, #2139, #1821 ) ;
#9066 = ORIENTED_EDGE ( 'NONE', *, *, #2545, .F. ) ;
#9067 = ADVANCED_FACE ( 'NONE', ( #6658 ), #1199, .F. ) ;
#9068 = ORIENTED_EDGE ( 'NONE', *, *, #8455, .T. ) ;
#9069 = EDGE_CURVE ( 'NONE', #4197, #2833, #4034, .T. ) ;
#9070 = DIRECTION ( 'NONE',  ( -0.7071067811865493500, 8.659560562354956300E-017, 0.7071067811865455700 ) ) ;
#9071 = ORIENTED_EDGE ( 'NONE', *, *, #20, .F. ) ;
#9072 = CARTESIAN_POINT ( 'NONE',  ( 0.7586881887923201400, 3.931657946299359700, 29.30879698681822300 ) ) ;
#9073 = VECTOR ( 'NONE', #2386, 1000.000000000000000 ) ;
#9074 = LOCAL_TIME ( 15, 11, 14.00000000000000000, #2996 ) ;
#9075 = ORIENTED_EDGE ( 'NONE', *, *, #8389, .F. ) ;
#9076 = FACE_OUTER_BOUND ( 'NONE', #5212, .T. ) ;
#9077 = EDGE_CURVE ( 'NONE', #842, #8329, #3671, .T. ) ;
#9078 = PRODUCT_DEFINITION ( '未知', '', #8088, #208 ) ;
#9079 = VERTEX_POINT ( 'NONE', #5155 ) ;
#9080 = ADVANCED_FACE ( 'NONE', ( #8136 ), #4060, .T. ) ;
#9081 = CARTESIAN_POINT ( 'NONE',  ( 3.000000000000000000, -1.996012578705797000, 1.241782042063765100 ) ) ;
#9082 = VERTEX_POINT ( 'NONE', #2202 ) ;
#9083 = DIRECTION ( 'NONE',  ( 0.0000000000000000000, 0.0000000000000000000, 1.000000000000000000 ) ) ;
#9084 = APPROVAL_DATE_TIME ( #9950, #1131 ) ;
#9085 = DIRECTION ( 'NONE',  ( 0.0000000000000000000, -0.0000000000000000000, 1.000000000000000000 ) ) ;
#9086 = FACE_OUTER_BOUND ( 'NONE', #5780, .T. ) ;
#9087 = CARTESIAN_POINT ( 'NONE',  ( 10.35695715456501300, -5.612144848595917800, -5.701279795572468800 ) ) ;
#9088 = ORIENTED_EDGE ( 'NONE', *, *, #4819, .T. ) ;
#9089 = EDGE_CURVE ( 'NONE', #3729, #6163, #2189, .T. ) ;
#9090 = CARTESIAN_POINT ( 'NONE',  ( 0.0000000000000000000, 0.0000000000000000000, 8.500000000000000000 ) ) ;
#9091 = DIRECTION ( 'NONE',  ( 0.0000000000000000000, 0.0000000000000000000, -1.000000000000000000 ) ) ;
#9092 = CC_DESIGN_PERSON_AND_ORGANIZATION_ASSIGNMENT ( #3511, #2502, ( #2592 ) ) ;
#9093 = PERSON ( 'NAUO-PER7', 'UNSPECIFIED', 'UNSPECIFIED', ('UNSPECIFIED'), ('UNSPECIFIED'), ('UNSPECIFIED') ) ;
#9094 = DIRECTION ( 'NONE',  ( 1.000000000000000000, 0.0000000000000000000, 0.0000000000000000000 ) ) ;
#9095 = CARTESIAN_POINT ( 'NONE',  ( 0.0000000000000000000, 0.0000000000000000000, 12.00000000000000000 ) ) ;
#9096 = ORIENTED_EDGE ( 'NONE', *, *, #4537, .F. ) ;
#9097 = LOCAL_TIME ( 15, 11, 14.00000000000000000, #893 ) ;
#9098 = CYLINDRICAL_SURFACE ( 'NONE', #6873, 2.999999999999997300 ) ;
#9099 = CARTESIAN_POINT ( 'NONE',  ( 20.99999999539515700, -16.97056275417534000, -17.50000000000000000 ) ) ;
#9100 = DIRECTION ( 'NONE',  ( 1.000000000000000000, 0.0000000000000000000, 0.0000000000000000000 ) ) ;
#9101 = ORIENTED_EDGE ( 'NONE', *, *, #3830, .F. ) ;
#9102 = CARTESIAN_POINT ( 'NONE',  ( 9.797174393178825700E-016, -8.000000000000000000, 10.00000000000000200 ) ) ;
#9103 = ORIENTED_EDGE ( 'NONE', *, *, #1685, .T. ) ;
#9104 = CIRCLE ( 'NONE', #3499, 6.500000000000000900 ) ;
#9105 = ORIENTED_EDGE ( 'NONE', *, *, #6830, .T. ) ;
#9106 = DIRECTION ( 'NONE',  ( 0.0000000000000000000, 0.0000000000000000000, -1.000000000000000000 ) ) ;
#9107 = ORIENTED_EDGE ( 'NONE', *, *, #7851, .T. ) ;
#9108 = COORDINATED_UNIVERSAL_TIME_OFFSET ( 8, 0, .AHEAD. ) ;
#9109 = CYLINDRICAL_SURFACE ( 'NONE', #4613, 1.649999999999998600 ) ;
#9110 = DIRECTION ( 'NONE',  ( 1.000000000000000000, 0.0000000000000000000, 0.0000000000000000000 ) ) ;
#9111 = AXIS2_PLACEMENT_3D ( 'NONE', #1372, #3756, #4484 ) ;
#9112 = EDGE_CURVE ( 'NONE', #7574, #9624, #9998, .T. ) ;
#9113 = VERTEX_POINT ( 'NONE', #7044 ) ;
#9114 = CARTESIAN_POINT ( 'NONE',  ( 10.00000000000000000, -7.350356332999999700, -4.500000000000000900 ) ) ;
#9115 = AXIS2_PLACEMENT_3D ( 'NONE', #1869, #3520, #8998 ) ;
#9116 = FACE_OUTER_BOUND ( 'NONE', #5351, .T. ) ;
#9117 = VERTEX_POINT ( 'NONE', #7832 ) ;
#9118 = CARTESIAN_POINT ( 'NONE',  ( 0.0000000000000000000, 0.0000000000000000000, 18.74892422600000000 ) ) ;
#9119 = CIRCLE ( 'NONE', #3940, 5.000000000000000000 ) ;
#9120 = ADVANCED_FACE ( 'NONE', ( #211 ), #10152, .F. ) ;
#9121 = DIRECTION ( 'NONE',  ( 0.0000000000000000000, 0.0000000000000000000, -1.000000000000000000 ) ) ;
#9122 = EDGE_CURVE ( 'NONE', #875, #4825, #2078, .T. ) ;
#9123 = DIRECTION ( 'NONE',  ( 0.0000000000000000000, 0.0000000000000000000, 1.000000000000000000 ) ) ;
#9124 = EDGE_CURVE ( 'NONE', #4275, #4846, #9753, .T. ) ;
#9125 = FACE_OUTER_BOUND ( 'NONE', #3690, .T. ) ;
#9126 = ORIENTED_EDGE ( 'NONE', *, *, #9810, .T. ) ;
#9127 = ORIENTED_EDGE ( 'NONE', *, *, #3987, .T. ) ;
#9128 = AXIS2_PLACEMENT_3D ( 'NONE', #6898, #8388, #1425 ) ;
#9129 = CARTESIAN_POINT ( 'NONE',  ( 19.06420383200000000, -4.649475182000000700, 6.000000000000000000 ) ) ;
#9130 =( NAMED_UNIT ( * ) PLANE_ANGLE_UNIT ( ) SI_UNIT ( $, .RADIAN. ) );
#9131 = CARTESIAN_POINT ( 'NONE',  ( 0.0000000000000000000, 0.0000000000000000000, -16.69999999999999900 ) ) ;
#9132 = ADVANCED_FACE ( 'NONE', ( #7886 ), #3790, .F. ) ;
#9133 = CARTESIAN_POINT ( 'NONE',  ( 0.0000000000000000000, 17.50000000000000000, -0.9914200209999999300 ) ) ;
#9134 = DIRECTION ( 'NONE',  ( -0.0000000000000000000, 6.424901762877064700E-017, -1.000000000000000000 ) ) ;
#9135 = CYLINDRICAL_SURFACE ( 'NONE', #9115, 9.500000000000000000 ) ;
#9136 = ORIENTED_EDGE ( 'NONE', *, *, #1357, .F. ) ;
#9137 = CIRCLE ( 'NONE', #3312, 2.999999999999999100 ) ;
#9138 = DIRECTION ( 'NONE',  ( 0.0000000000000000000, -0.0000000000000000000, 1.000000000000000000 ) ) ;
#9139 = CARTESIAN_POINT ( 'NONE',  ( 0.0000000000000000000, 0.0000000000000000000, 31.00000000000000000 ) ) ;
#9140 = DIRECTION ( 'NONE',  ( 0.0000000000000000000, -1.000000000000000000, -0.0000000000000000000 ) ) ;
#9141 = AXIS2_PLACEMENT_3D ( 'NONE', #9661, #133, #170 ) ;
#9142 = VERTEX_POINT ( 'NONE', #8537 ) ;
#9143 = FACE_OUTER_BOUND ( 'NONE', #1079, .T. ) ;
#9144 = DIRECTION ( 'NONE',  ( -0.0000000000000000000, 4.130293990420969400E-017, 1.000000000000000000 ) ) ;
#9145 = ORIENTED_EDGE ( 'NONE', *, *, #2652, .F. ) ;
#9146 = EDGE_CURVE ( 'NONE', #8723, #10071, #7294, .T. ) ;
#9147 = VERTEX_POINT ( 'NONE', #7731 ) ;
#9148 = DIRECTION ( 'NONE',  ( 0.0000000000000000000, -1.734723475976807300E-016, -1.000000000000000000 ) ) ;
#9149 = ORIENTED_EDGE ( 'NONE', *, *, #8880, .F. ) ;
#9150 = LINE ( 'NONE', #4541, #1220 ) ;
#9151 = EDGE_CURVE ( 'NONE', #2152, #326, #1569, .T. ) ;
#9152 = EDGE_LOOP ( 'NONE', ( #2631, #3861, #3330, #28 ) ) ;
#9153 = CARTESIAN_POINT ( 'NONE',  ( -17.77788188200000300, 4.116663185000001900, 8.000000000000000000 ) ) ;
#9154 = DIRECTION ( 'NONE',  ( 0.0000000000000000000, -0.0000000000000000000, 1.000000000000000000 ) ) ;
#9155 = CC_DESIGN_DATE_AND_TIME_ASSIGNMENT ( #3523, #8597, ( #7223 ) ) ;
#9157 = CARTESIAN_POINT ( 'NONE',  ( 10.44655584065173000, -7.274552704069082100, -3.329056941125237300 ) ) ;
#9156 = CIRCLE ( 'NONE', #1617, 21.00000000000000000 ) ;
#9158 = ORIENTED_EDGE ( 'NONE', *, *, #2497, .F. ) ;
#9159 = CIRCLE ( 'NONE', #4005, 1.500000000000001300 ) ;
#9160 = CARTESIAN_POINT ( 'NONE',  ( -16.80766965955086400, -12.79751939955732700, -0.1252044289903332900 ) ) ;
#9161 = APPROVAL_STATUS ( 'not_yet_approved' ) ;
#9162 = PERSON ( '未指定', '未指定', '未指定', ('未指定'), ('未指定'), ('未指定') ) ;
#9163 = DIRECTION ( 'NONE',  ( 1.000000000000000000, 0.0000000000000000000, 0.0000000000000000000 ) ) ;
#9164 = VECTOR ( 'NONE', #8012, 1000.000000000000000 ) ;
#9165 = DIRECTION ( 'NONE',  ( -0.0000000000000000000, 5.421010862427522200E-017, 1.000000000000000000 ) ) ;
#9166 = PRODUCT_DEFINITION_SHAPE ( 'NONE', 'NONE',  #5558 ) ;
#9167 = DIRECTION ( 'NONE',  ( 0.0000000000000000000, 0.0000000000000000000, 1.000000000000000000 ) ) ;
#9168 = EDGE_LOOP ( 'NONE', ( #6744, #2536 ) ) ;
#9169 = AXIS2_PLACEMENT_3D ( 'NONE', #938, #9720, #8193 ) ;
#9170 = EDGE_CURVE ( 'NONE', #2954, #3439, #7134, .T. ) ;
#9171 = ADVANCED_FACE ( 'NONE', ( #572 ), #5534, .T. ) ;
#9172 = DIRECTION ( 'NONE',  ( 0.0000000000000000000, -0.0000000000000000000, 1.000000000000000000 ) ) ;
#9173 = CIRCLE ( 'NONE', #4596, 20.99999999999999600 ) ;
#9174 = PLANE ( 'NONE',  #6935 ) ;
#9175 = VERTEX_POINT ( 'NONE', #2364 ) ;
#9176 = CARTESIAN_POINT ( 'NONE',  ( 3.499999999253652100, -1.000000000000000000, 5.039138621807656400 ) ) ;
#9177 = ORIENTED_EDGE ( 'NONE', *, *, #5457, .F. ) ;
#9178 = ADVANCED_FACE ( 'NONE', ( #6785 ), #5294, .T. ) ;
#9179 = EDGE_CURVE ( 'NONE', #4487, #2433, #453, .T. ) ;
#9180 = AXIS2_PLACEMENT_3D ( 'NONE', #186, #3438, #2655 ) ;
#9181 = CARTESIAN_POINT ( 'NONE',  ( 12.50000000000000000, 0.6000000000000000900, -8.073197889000001100 ) ) ;
#9182 = LINE ( 'NONE', #1339, #259 ) ;
#9183 = APPROVAL_PERSON_ORGANIZATION ( #9416, #529, #6521 ) ;
#9184 = ORIENTED_EDGE ( 'NONE', *, *, #3068, .F. ) ;
#9185 = CARTESIAN_POINT ( 'NONE',  ( -19.63013307323732400, -7.460810226717141400, 2.051370558344989300 ) ) ;
#9186 = AXIS2_PLACEMENT_3D ( 'NONE', #4178, #1022, #8925 ) ;
#9187 = CARTESIAN_POINT ( 'NONE',  ( 0.0000000000000000000, 0.0000000000000000000, -16.69999999999999900 ) ) ;
#9188 = DIRECTION ( 'NONE',  ( 1.000000000000000000, 0.0000000000000000000, 0.0000000000000000000 ) ) ;
#9189 = ORIENTED_EDGE ( 'NONE', *, *, #2348, .T. ) ;
#9190 = DIRECTION ( 'NONE',  ( 0.7071067811865473500, 0.0000000000000000000, 0.7071067811865477900 ) ) ;
#9191 = FACE_OUTER_BOUND ( 'NONE', #6474, .T. ) ;
#9192 = EDGE_CURVE ( 'NONE', #1944, #5714, #2695, .T. ) ;
#9193 = COORDINATED_UNIVERSAL_TIME_OFFSET ( 8, 0, .AHEAD. ) ;
#9194 = EDGE_LOOP ( 'NONE', ( #9718, #9615, #4586, #3156 ) ) ;
#9195 = DIRECTION ( 'NONE',  ( 0.0000000000000000000, 0.0000000000000000000, -1.000000000000000000 ) ) ;
#9196 = APPLICATION_CONTEXT ( 'configuration controlled 3d designs of mechanical parts and assemblies' ) ;
#9197 = CONICAL_SURFACE ( 'NONE', #8631, 3.500000000000000000, 0.7853981633974479500 ) ;
#9198 = DIRECTION ( 'NONE',  ( 0.0000000000000000000, 0.0000000000000000000, -1.000000000000000000 ) ) ;
#9199 = AXIS2_PLACEMENT_3D ( 'NONE', #120, #4099, #158 ) ;
#9200 = DIRECTION ( 'NONE',  ( 1.000000000000000000, 0.0000000000000000000, 0.0000000000000000000 ) ) ;
#9201 = CARTESIAN_POINT ( 'NONE',  ( -3.987344333137563100, -21.00000000000000400, -0.3678856412915916300 ) ) ;
#9202 = CARTESIAN_POINT ( 'NONE',  ( 16.80518907124668000, -12.79751940013648900, -0.1232308730747606500 ) ) ;
#9203 = ORIENTED_EDGE ( 'NONE', *, *, #2486, .T. ) ;
#9204 = DIRECTION ( 'NONE',  ( 0.0000000000000000000, 0.0000000000000000000, -1.000000000000000000 ) ) ;
#9205 = CALENDAR_DATE ( 2023, 10, 1 ) ;
#9206 = ORIENTED_EDGE ( 'NONE', *, *, #516, .T. ) ;
#9207 = EDGE_CURVE ( 'NONE', #5421, #2344, #9250, .T. ) ;
#9208 = VECTOR ( 'NONE', #7816, 1000.000000000000000 ) ;
#9209 = DIRECTION ( 'NONE',  ( -0.0000000000000000000, 0.0000000000000000000, -1.000000000000000000 ) ) ;
#9210 = VERTEX_POINT ( 'NONE', #40 ) ;
#9211 = CARTESIAN_POINT ( 'NONE',  ( 6.000000000000000000, 7.960204194457796500E-016, -6.500000000000000900 ) ) ;
#9212 = DIRECTION ( 'NONE',  ( 1.000000000000000000, 0.0000000000000000000, 0.0000000000000000000 ) ) ;
#9213 = EDGE_CURVE ( 'NONE', #6494, #2489, #4668, .T. ) ;
#9214 = EDGE_LOOP ( 'NONE', ( #4503, #6674, #5133, #1421 ) ) ;
#9215 = APPROVAL_PERSON_ORGANIZATION ( #1788, #3513, #2328 ) ;
#9216 = CC_DESIGN_DATE_AND_TIME_ASSIGNMENT ( #3116, #9356, ( #7026 ) ) ;
#9217 = CIRCLE ( 'NONE', #1536, 3.000000000000000900 ) ;
#9218 = DIRECTION ( 'NONE',  ( 0.0000000000000000000, -6.424901762877064700E-017, 1.000000000000000000 ) ) ;
#9219 = ORIENTED_EDGE ( 'NONE', *, *, #9297, .F. ) ;
#9220 = CARTESIAN_POINT ( 'NONE',  ( -16.62983158500000200, 6.888301783000001100, 8.500000000000000000 ) ) ;
#9221 = EDGE_LOOP ( 'NONE', ( #8131, #4189 ) ) ;
#9222 = APPROVAL_PERSON_ORGANIZATION ( #5518, #2512, #4515 ) ;
#9223 = DIRECTION ( 'NONE',  ( -0.0000000000000000000, -0.0000000000000000000, 1.000000000000000000 ) ) ;
#9224 = ADVANCED_FACE ( 'NONE', ( #6530 ), #2569, .F. ) ;
#9225 = ORIENTED_EDGE ( 'NONE', *, *, #2759, .T. ) ;
#9226 = CALENDAR_DATE ( 2023, 10, 1 ) ;
#9227 = LINE ( 'NONE', #5010, #5017 ) ;
#9228 = DIRECTION ( 'NONE',  ( 0.0000000000000000000, 0.0000000000000000000, -1.000000000000000000 ) ) ;
#9229 = ORIENTED_EDGE ( 'NONE', *, *, #8311, .F. ) ;
#9230 = EDGE_CURVE ( 'NONE', #6119, #3844, #7636, .T. ) ;
#9231 = AXIS2_PLACEMENT_3D ( 'NONE', #9139, #7419, #3533 ) ;
#9232 = DIRECTION ( 'NONE',  ( 0.0000000000000000000, 1.000000000000000000, 0.0000000000000000000 ) ) ;
#9233 = CARTESIAN_POINT ( 'NONE',  ( 11.00000000000000000, 0.0000000000000000000, 11.19999999999999900 ) ) ;
#9234 = CARTESIAN_POINT ( 'NONE',  ( -16.76879072769205300, 12.78117006385521000, -0.08436807481350046300 ) ) ;
#9235 = VERTEX_POINT ( 'NONE', #1539 ) ;
#9236 = ADVANCED_FACE ( 'NONE', ( #4779 ), #8749, .T. ) ;
#9237 = DIRECTION ( 'NONE',  ( 1.000000000000000000, 0.0000000000000000000, 0.0000000000000000000 ) ) ;
#9238 = ORIENTED_EDGE ( 'NONE', *, *, #1025, .F. ) ;
#9239 = LOCAL_TIME ( 15, 11, 14.00000000000000000, #7501 ) ;
#9240 = CIRCLE ( 'NONE', #5478, 20.99999999999999600 ) ;
#9241 = DIRECTION ( 'NONE',  ( 0.0000000000000000000, 0.0000000000000000000, 1.000000000000000000 ) ) ;
#9242 = CARTESIAN_POINT ( 'NONE',  ( 17.67696888200000400, -12.99751941100000100, -7.928360352999999500 ) ) ;
#9243 = LINE ( 'NONE', #8073, #8128 ) ;
#9244 = ORIENTED_EDGE ( 'NONE', *, *, #8003, .F. ) ;
#9245 = DIRECTION ( 'NONE',  ( 0.0000000000000000000, 0.0000000000000000000, -1.000000000000000000 ) ) ;
#9246 = AXIS2_PLACEMENT_3D ( 'NONE', #8406, #6818, #3660 ) ;
#9247 = EDGE_CURVE ( 'NONE', #2402, #10254, #2663, .T. ) ;
#9248 = ORIENTED_EDGE ( 'NONE', *, *, #2635, .T. ) ;
#9249 = CARTESIAN_POINT ( 'NONE',  ( 15.50000000000000000, 17.25000000000000000, -19.99999999999999600 ) ) ;
#9250 = LINE ( 'NONE', #5482, #3162 ) ;
#9251 = ORIENTED_EDGE ( 'NONE', *, *, #2709, .F. ) ;
#9252 = CARTESIAN_POINT ( 'NONE',  ( -19.61579346013198200, -7.498043144296390000, 1.789495456233007700 ) ) ;
#9253 = EDGE_CURVE ( 'NONE', #8226, #7770, #6032, .T. ) ;
#9254 = CARTESIAN_POINT ( 'NONE',  ( -16.97056275347982500, -20.99999999595721400, -20.00000000000000000 ) ) ;
#9255 = AXIS2_PLACEMENT_3D ( 'NONE', #4133, #1693, #7217 ) ;
#9256 = CIRCLE ( 'NONE', #1887, 3.000000000000000900 ) ;
#9257 = ORIENTED_EDGE ( 'NONE', *, *, #6121, .F. ) ;
#9258 = DIRECTION ( 'NONE',  ( -1.000000000000000000, 0.0000000000000000000, 0.0000000000000000000 ) ) ;
#9259 = ORIENTED_EDGE ( 'NONE', *, *, #736, .T. ) ;
#9260 = CARTESIAN_POINT ( 'NONE',  ( 9.888301783000002800, 16.62983158500000200, -20.00000000000000000 ) ) ;
#9261 = ORIENTED_EDGE ( 'NONE', *, *, #2921, .F. ) ;
#9262 = FACE_OUTER_BOUND ( 'NONE', #6869, .T. ) ;
#9263 = ORIENTED_EDGE ( 'NONE', *, *, #9927, .F. ) ;
#9264 = EDGE_LOOP ( 'NONE', ( #8408, #7277, #5261, #7013 ) ) ;
#9265 = LINE ( 'NONE', #4734, #960 ) ;
#9266 = EDGE_CURVE ( 'NONE', #1033, #2523, #1321, .T. ) ;
#9267 = CARTESIAN_POINT ( 'NONE',  ( 12.00000000025771200, 0.6000000000000000900, 2.426932220167791000 ) ) ;
#9268 = ORIENTED_EDGE ( 'NONE', *, *, #6439, .T. ) ;
#9269 = LINE ( 'NONE', #6941, #9036 ) ;
#9270 = AXIS2_PLACEMENT_3D ( 'NONE', #5084, #1058, #1094 ) ;
#9271 = AXIS2_PLACEMENT_3D ( 'NONE', #1389, #556, #2157 ) ;
#9272 = CARTESIAN_POINT ( 'NONE',  ( 16.62983158500000200, -6.888301783000001100, -15.50000000000000000 ) ) ;
#9273 = ADVANCED_BREP_SHAPE_REPRESENTATION ( '', ( #8520, #2234 ), #7012 ) ;
#9274 = CARTESIAN_POINT ( 'NONE',  ( -1.190824522011858700, 3.819058221461212100, 16.08270443449866600 ) ) ;
#9275 = VECTOR ( 'NONE', #4845, 1000.000000000000000 ) ;
#9276 = ADVANCED_FACE ( 'NONE', ( #2312 ), #2686, .F. ) ;
#9277 = EDGE_LOOP ( 'NONE', ( #5295, #1383, #8566, #1841 ) ) ;
#9279 = DIRECTION ( 'NONE',  ( -0.0000000000000000000, 1.000000000000000000, 0.0000000000000000000 ) ) ;
#9278 = CONICAL_SURFACE ( 'NONE', #2822, 20.69999999999999900, 0.7853981633974510500 ) ;
#9280 = EDGE_CURVE ( 'NONE', #10069, #345, #5043, .T. ) ;
#9281 = CARTESIAN_POINT ( 'NONE',  ( -20.51219149676611800, -4.499999999999987600, 4.500000000000636800 ) ) ;
#9282 = CARTESIAN_POINT ( 'NONE',  ( -3.499999998507302900, -1.000000000000000000, 1.178085123999999700 ) ) ;
#9283 = CC_DESIGN_SECURITY_CLASSIFICATION ( #1524, ( #10277 ) ) ;
#9284 = CARTESIAN_POINT ( 'NONE',  ( -15.50000000000000000, 15.50000000000000000, -20.00000000000000000 ) ) ;
#9285 = VECTOR ( 'NONE', #5339, 1000.000000000000000 ) ;
#9286 = ORIENTED_EDGE ( 'NONE', *, *, #4752, .T. ) ;
#9287 = CARTESIAN_POINT ( 'NONE',  ( 1.250000000000000000, 0.0000000000000000000, 31.00000000000000000 ) ) ;
#9288 = CARTESIAN_POINT ( 'NONE',  ( 0.0000000000000000000, 0.0000000000000000000, 8.500000000000000000 ) ) ;
#9289 = PERSON_AND_ORGANIZATION_ROLE ( 'design_supplier' ) ;
#9290 = DIRECTION ( 'NONE',  ( -0.0000000000000000000, 4.130293990420969400E-017, 1.000000000000000000 ) ) ;
#9291 = CARTESIAN_POINT ( 'NONE',  ( 12.22214556738832900, -5.877040940218265100, 5.435188021965325700 ) ) ;
#9292 = ORIENTED_EDGE ( 'NONE', *, *, #6556, .F. ) ;
#9293 = DIRECTION ( 'NONE',  ( 0.0000000000000000000, 1.000000000000000000, 0.0000000000000000000 ) ) ;
#9294 = LINE ( 'NONE', #7838, #2743 ) ;
#9295 = AXIS2_PLACEMENT_3D ( 'NONE', #7673, #1242, #8411 ) ;
#9296 = ORIENTED_EDGE ( 'NONE', *, *, #8989, .T. ) ;
#9297 = EDGE_CURVE ( 'NONE', #4521, #9892, #8875, .T. ) ;
#9298 = AXIS2_PLACEMENT_3D ( 'NONE', #7329, #906, #160 ) ;
#9299 = ORIENTED_EDGE ( 'NONE', *, *, #9381, .T. ) ;
#9300 = CARTESIAN_POINT ( 'NONE',  ( 8.239451144447214000, 7.471308099806601700, -2.862087660640894700 ) ) ;
#9301 = DIRECTION ( 'NONE',  ( 0.0000000000000000000, -0.0000000000000000000, 1.000000000000000000 ) ) ;
#9302 = CIRCLE ( 'NONE', #8708, 10.50000000000000000 ) ;
#9303 = CARTESIAN_POINT ( 'NONE',  ( -1.499999999993180800, 3.708099243550590200, 16.79983303291837500 ) ) ;
#9304 = DATE_AND_TIME ( #1138, #5727 ) ;
#9305 = ORIENTED_EDGE ( 'NONE', *, *, #150, .F. ) ;
#9306 = FACE_OUTER_BOUND ( 'NONE', #7194, .T. ) ;
#9307 = ORIENTED_EDGE ( 'NONE', *, *, #8618, .F. ) ;
#9308 = ORIENTED_EDGE ( 'NONE', *, *, #5625, .T. ) ;
#9309 = AXIS2_PLACEMENT_3D ( 'NONE', #3121, #5593, #10263 ) ;
#9310 = ORIENTED_EDGE ( 'NONE', *, *, #7684, .T. ) ;
#9311 = LINE ( 'NONE', #24, #3232 ) ;
#9312 = DIRECTION ( 'NONE',  ( 0.0000000000000000000, 0.0000000000000000000, -1.000000000000000000 ) ) ;
#9313 = ITEM_DEFINED_TRANSFORMATION ( 'NONE', 'NONE', #382,  #2234 ) ;
#9314 = AXIS2_PLACEMENT_3D ( 'NONE', #6355, #9460, #8802 ) ;
#9315 = VERTEX_POINT ( 'NONE', #182 ) ;
#9316 = LINE ( 'NONE', #7075, #3991 ) ;
#9317 = CARTESIAN_POINT ( 'NONE',  ( 0.0000000000000000000, -17.50000000000000000, 10.00000000000000000 ) ) ;
#9318 = ORIENTED_EDGE ( 'NONE', *, *, #10232, .F. ) ;
#9319 = ORIENTED_EDGE ( 'NONE', *, *, #8303, .F. ) ;
#9320 = CARTESIAN_POINT ( 'NONE',  ( -13.00000000010152400, -17.51788789516491800, -0.8143877640836516600 ) ) ;
#9321 = DATE_TIME_ROLE ( 'creation_date' ) ;
#9322 = CARTESIAN_POINT ( 'NONE',  ( 2.998501250000000800, -4.640099949999998900, -2.320049974999999400 ) ) ;
#9323 = CARTESIAN_POINT ( 'NONE',  ( 12.03771349099919500, -7.336775775697408800, 3.201514319118295800 ) ) ;
#9324 = ORIENTED_EDGE ( 'NONE', *, *, #5486, .F. ) ;
#9325 = CALENDAR_DATE ( 2023, 10, 1 ) ;
#9326 = LINE ( 'NONE', #7332, #6972 ) ;
#9327 = ADVANCED_FACE ( 'NONE', ( #9742 ), #6773, .T. ) ;
#9328 = CARTESIAN_POINT ( 'NONE',  ( -11.00000000000000000, 0.0000000000000000000, -20.00000000000000000 ) ) ;
#9329 = AXIS2_PLACEMENT_3D ( 'NONE', #3498, #9737, #246 ) ;
#9330 = ORIENTED_EDGE ( 'NONE', *, *, #4903, .F. ) ;
#9331 = EDGE_CURVE ( 'NONE', #9147, #2563, #6649, .T. ) ;
#9332 = CARTESIAN_POINT ( 'NONE',  ( -15.50000000000000000, 15.50000000000000000, -20.00000000000000000 ) ) ;
#9333 = ORIENTED_EDGE ( 'NONE', *, *, #3668, .T. ) ;
#9334 = PERSON_AND_ORGANIZATION ( #9162, #4154 ) ;
#9335 = CIRCLE ( 'NONE', #3631, 9.300000000000000700 ) ;
#9336 = CARTESIAN_POINT ( 'NONE',  ( -2.332238092999999100, -1.000000000000000000, 6.626889377999998700 ) ) ;
#9337 = ORIENTED_EDGE ( 'NONE', *, *, #4389, .F. ) ;
#9338 = CARTESIAN_POINT ( 'NONE',  ( -16.62983158500000200, 6.888301783000001100, 6.000000000000000000 ) ) ;
#9339 = CARTESIAN_POINT ( 'NONE',  ( -1.299489087700105300, 3.783463605227834300, 16.24447216619006400 ) ) ;
#9340 = EDGE_CURVE ( 'NONE', #6164, #6285, #7127, .T. ) ;
#9341 = CC_DESIGN_DATE_AND_TIME_ASSIGNMENT ( #10086, #4687, ( #7555 ) ) ;
#9342 = DIRECTION ( 'NONE',  ( -1.776356839400250500E-015, 1.000000000000000000, -8.260587980841938800E-017 ) ) ;
#9343 = EDGE_LOOP ( 'NONE', ( #1, #8220, #8180, #3643 ) ) ;
#9344 = ORIENTED_EDGE ( 'NONE', *, *, #1599, .F. ) ;
#9345 = COORDINATED_UNIVERSAL_TIME_OFFSET ( 8, 0, .AHEAD. ) ;
#9346 = LINE ( 'NONE', #10048, #5640 ) ;
#9347 = ORIENTED_EDGE ( 'NONE', *, *, #1822, .T. ) ;
#9348 = DIRECTION ( 'NONE',  ( 0.0000000000000000000, 0.0000000000000000000, -1.000000000000000000 ) ) ;
#9349 = DIRECTION ( 'NONE',  ( 0.0000000000000000000, 0.0000000000000000000, -1.000000000000000000 ) ) ;
#9350 = CARTESIAN_POINT ( 'NONE',  ( 9.500000000000000000, 0.0000000000000000000, 11.00000000000000000 ) ) ;
#9351 = FACE_BOUND ( 'NONE', #8577, .T. ) ;
#9352 = ORIENTED_EDGE ( 'NONE', *, *, #3113, .F. ) ;
#9353 = CARTESIAN_POINT ( 'NONE',  ( -16.80766965955086400, -12.79751939955732700, -0.1252044289903332900 ) ) ;
#9354 = CIRCLE ( 'NONE', #2222, 27.00000000000000000 ) ;
#9355 = AXIS2_PLACEMENT_3D ( 'NONE', #5665, #6463, #10265 ) ;
#9356 = DATE_TIME_ROLE ( 'classification_date' ) ;
#9357 = EDGE_CURVE ( 'NONE', #5637, #353, #1314, .T. ) ;
#9358 = CARTESIAN_POINT ( 'NONE',  ( 12.39151735712459200, -6.448336886530405800, 4.737340533281834400 ) ) ;
#9359 = DIRECTION ( 'NONE',  ( 0.0000000000000000000, 1.000000000000000000, -4.130293990420969400E-017 ) ) ;
#9360 = DIRECTION ( 'NONE',  ( 1.000000000000000000, 0.0000000000000000000, 0.0000000000000000000 ) ) ;
#9361 = LINE ( 'NONE', #1673, #4412 ) ;
#9362 = ORIENTED_EDGE ( 'NONE', *, *, #6776, .F. ) ;
#9363 = DIRECTION ( 'NONE',  ( 0.0000000000000000000, -1.000000000000000000, -0.0000000000000000000 ) ) ;
#9364 = ORIENTED_EDGE ( 'NONE', *, *, #656, .F. ) ;
#9365 = DIRECTION ( 'NONE',  ( -0.8571673007928116700, 1.049727191249693100E-016, 0.5150380747591050100 ) ) ;
#9366 = CARTESIAN_POINT ( 'NONE',  ( -15.50000000000000000, -15.50000000000000000, -20.00000000000000000 ) ) ;
#9367 = CARTESIAN_POINT ( 'NONE',  ( -8.860846454360645600, 20.99999999999999600, -1.787425910204579100 ) ) ;
#9368 = EDGE_CURVE ( 'NONE', #9175, #7644, #9243, .T. ) ;
#9369 = AXIS2_PLACEMENT_3D ( 'NONE', #1962, #8292, #7556 ) ;
#9370 = VECTOR ( 'NONE', #5598, 1000.000000000000000 ) ;
#9371 = CARTESIAN_POINT ( 'NONE',  ( 19.67037791138294300, 7.353753208491490900, 2.434716158970974000 ) ) ;
#9372 = ORIENTED_EDGE ( 'NONE', *, *, #2620, .F. ) ;
#9373 = CARTESIAN_POINT ( 'NONE',  ( 1.499999999738548000, 3.708099243379865900, 16.89993479987156300 ) ) ;
#9374 = AXIS2_PLACEMENT_3D ( 'NONE', #8750, #200, #7990 ) ;
#9375 = DIRECTION ( 'NONE',  ( 1.000000000000000000, 0.0000000000000000000, 0.0000000000000000000 ) ) ;
#9376 = ADVANCED_FACE ( 'NONE', ( #5525 ), #199, .F. ) ;
#9377 = CARTESIAN_POINT ( 'NONE',  ( 9.815406732227502900, -5.562148865534359400, -5.750000000256361200 ) ) ;
#9378 = ORIENTED_EDGE ( 'NONE', *, *, #4235, .F. ) ;
#9379 = CIRCLE ( 'NONE', #4292, 5.000000000000000000 ) ;
#9380 = VERTEX_POINT ( 'NONE', #2504 ) ;
#9381 = EDGE_CURVE ( 'NONE', #4562, #6456, #7259, .T. ) ;
#9382 = DIRECTION ( 'NONE',  ( -0.0000000000000000000, -1.000000000000000000, -0.0000000000000000000 ) ) ;
#9383 = ORIENTED_EDGE ( 'NONE', *, *, #7799, .T. ) ;
#9384 = DIRECTION ( 'NONE',  ( -1.000000000000000000, 0.0000000000000000000, 0.0000000000000000000 ) ) ;
#9385 = ORIENTED_EDGE ( 'NONE', *, *, #174, .F. ) ;
#9386 = CARTESIAN_POINT ( 'NONE',  ( -21.00000000000000000, -4.500000000000000900, 1.500000000000000000 ) ) ;
#9387 = PERSON_AND_ORGANIZATION_ROLE ( 'design_supplier' ) ;
#9388 = CIRCLE ( 'NONE', #8588, 1.749999999999999800 ) ;
#9389 = ORIENTED_EDGE ( 'NONE', *, *, #6903, .F. ) ;
#9390 = CARTESIAN_POINT ( 'NONE',  ( 2.874016129999999300, 0.0000000000000000000, 2.668966127000000000 ) ) ;
#9391 = ORIENTED_EDGE ( 'NONE', *, *, #1025, .T. ) ;
#9392 = CARTESIAN_POINT ( 'NONE',  ( 2.332238092999999100, 0.0000000000000000000, 5.876889377999997800 ) ) ;
#9393 = EDGE_CURVE ( 'NONE', #8777, #176, #924, .T. ) ;
#9394 = FACE_OUTER_BOUND ( 'NONE', #6267, .T. ) ;
#9395 = DIRECTION ( 'NONE',  ( 1.000000000000000000, 0.0000000000000000000, 0.0000000000000000000 ) ) ;
#9396 = ORIENTED_EDGE ( 'NONE', *, *, #4446, .F. ) ;
#9397 = LINE ( 'NONE', #9133, #4444 ) ;
#9398 = EDGE_CURVE ( 'NONE', #4497, #1492, #9482, .T. ) ;
#9399 = DIRECTION ( 'NONE',  ( -1.473925977847374000E-030, -9.912705577010326500E-016, 1.000000000000000000 ) ) ;
#9400 = CC_DESIGN_DATE_AND_TIME_ASSIGNMENT ( #2414, #9959, ( #5558 ) ) ;
#9401 = CIRCLE ( 'NONE', #2278, 1.750000000000001600 ) ;
#9402 = ORIENTED_EDGE ( 'NONE', *, *, #484, .T. ) ;
#9403 = CARTESIAN_POINT ( 'NONE',  ( 0.0000000000000000000, 4.000000000000000000, 29.50000000000000400 ) ) ;
#9404 = CARTESIAN_POINT ( 'NONE',  ( 17.50000000000000000, 0.0000000000000000000, 0.0000000000000000000 ) ) ;
#9405 = DIRECTION ( 'NONE',  ( 0.0000000000000000000, 0.0000000000000000000, -1.000000000000000000 ) ) ;
#9406 = FACE_OUTER_BOUND ( 'NONE', #6584, .T. ) ;
#9407 = VERTEX_POINT ( 'NONE', #4086 ) ;
#9408 = EDGE_CURVE ( 'NONE', #3355, #1934, #1561, .T. ) ;
#9409 = CARTESIAN_POINT ( 'NONE',  ( 4.116663204191999300, 17.77788187744799900, 10.00000000000000000 ) ) ;
#9410 = AXIS2_PLACEMENT_3D ( 'NONE', #7476, #9061, #9833 ) ;
#9411 = DIRECTION ( 'NONE',  ( 1.000000000000000000, 0.0000000000000000000, 0.0000000000000000000 ) ) ;
#9412 = CARTESIAN_POINT ( 'NONE',  ( -12.76313604903558700, 16.72941461288970500, -0.04212072519236080600 ) ) ;
#9413 = ORIENTED_EDGE ( 'NONE', *, *, #3859, .F. ) ;
#9414 = DIRECTION ( 'NONE',  ( -0.0000000000000000000, -0.0000000000000000000, -1.000000000000000000 ) ) ;
#9415 = CIRCLE ( 'NONE', #4660, 1.600000000000000800 ) ;
#9416 = PERSON_AND_ORGANIZATION ( #2520, #4224 ) ;
#9417 = EDGE_LOOP ( 'NONE', ( #7500, #1796 ) ) ;
#9418 = CARTESIAN_POINT ( 'NONE',  ( -6.888301783000001100, -16.62983158500000200, -15.50000000000000000 ) ) ;
#9419 = PERSON_AND_ORGANIZATION_ROLE ( 'creator' ) ;
#9420 = CARTESIAN_POINT ( 'NONE',  ( 17.67696888285984300, -12.99751941100000400, -0.9410742609589862800 ) ) ;
#9421 = CARTESIAN_POINT ( 'NONE',  ( 12.40323118465703600, -6.624886434655827800, 4.487128665235356800 ) ) ;
#9422 = ADVANCED_FACE ( 'NONE', ( #5776 ), #2069, .F. ) ;
#9423 = DIRECTION ( 'NONE',  ( 1.000000000000000000, 0.0000000000000000000, 0.0000000000000000000 ) ) ;
#9424 = ORIENTED_EDGE ( 'NONE', *, *, #5631, .T. ) ;
#9425 = CARTESIAN_POINT ( 'NONE',  ( -1.499999999944758200, 3.708099243847837700, 28.10004512184936900 ) ) ;
#9426 = ORIENTED_EDGE ( 'NONE', *, *, #10012, .F. ) ;
#9427 = AXIS2_PLACEMENT_3D ( 'NONE', #4770, #3130, #5672 ) ;
#9428 = EDGE_CURVE ( 'NONE', #4553, #3454, #3662, .T. ) ;
#9429 = LINE ( 'NONE', #3968, #5860 ) ;
#9430 = DATE_AND_TIME ( #6093, #8449 ) ;
#9431 = DIRECTION ( 'NONE',  ( 0.0000000000000000000, 1.000000000000000000, -1.084202172485504400E-016 ) ) ;
#9432 = ORIENTED_EDGE ( 'NONE', *, *, #237, .F. ) ;
#9433 = LINE ( 'NONE', #9940, #2015 ) ;
#9434 = ORIENTED_EDGE ( 'NONE', *, *, #4626, .F. ) ;
#9435 = CARTESIAN_POINT ( 'NONE',  ( 6.888301783000001100, 16.62983158500000200, -15.50000000000000000 ) ) ;
#9436 = AXIS2_PLACEMENT_3D ( 'NONE', #7389, #9809, #4193 ) ;
#9437 = ORIENTED_EDGE ( 'NONE', *, *, #6830, .F. ) ;
#9438 = CARTESIAN_POINT ( 'NONE',  ( 19.61435346894122500, 7.501809252421679700, 1.252590367294516200 ) ) ;
#9439 = EDGE_CURVE ( 'NONE', #2030, #8907, #6024, .T. ) ;
#9440 = LOCAL_TIME ( 15, 11, 14.00000000000000000, #8832 ) ;
#9441 = EDGE_LOOP ( 'NONE', ( #3228, #5552 ) ) ;
#9442 = LINE ( 'NONE', #8267, #754 ) ;
#9443 = AXIS2_PLACEMENT_3D ( 'NONE', #2339, #8673, #3961 ) ;
#9444 = CARTESIAN_POINT ( 'NONE',  ( 10.00000000000000000, -7.310095758606722800, -3.250000000000000400 ) ) ;
#9445 = VERTEX_POINT ( 'NONE', #1118 ) ;
#9446 = B_SPLINE_CURVE_WITH_KNOTS ( 'NONE', 3,
 ( #3746, #1399, #2894, #6110 ),
 .UNSPECIFIED., .F., .F.,
 ( 4, 4 ),
 ( 0.0000000000000000000, 1.000000000000000000 ),
 .UNSPECIFIED. ) ;
#9447 = CARTESIAN_POINT ( 'NONE',  ( 0.0000000000000000000, 0.0000000000000000000, 0.2000000000000000100 ) ) ;
#9448 = CARTESIAN_POINT ( 'NONE',  ( 16.93632166908243200, -12.86102981987870900, -0.2660349714308848900 ) ) ;
#9449 = ORIENTED_EDGE ( 'NONE', *, *, #5798, .F. ) ;
#9450 = LOCAL_TIME ( 15, 11, 14.00000000000000000, #4383 ) ;
#9451 = VECTOR ( 'NONE', #9195, 1000.000000000000000 ) ;
#9452 = CARTESIAN_POINT ( 'NONE',  ( 0.0000000000000000000, 0.0000000000000000000, 0.2999999999999999300 ) ) ;
#9453 = ORIENTED_EDGE ( 'NONE', *, *, #3699, .T. ) ;
#9454 = DIRECTION ( 'NONE',  ( 0.0000000000000000000, 0.0000000000000000000, 1.000000000000000000 ) ) ;
#9455 = APPLICATION_PROTOCOL_DEFINITION ( 'international standard', 'config_control_design', 1994, #1264 ) ;
#9456 = DIRECTION ( 'NONE',  ( -1.000000000000000000, 0.0000000000000000000, 0.0000000000000000000 ) ) ;
#9457 = DIRECTION ( 'NONE',  ( 0.0000000000000000000, 0.0000000000000000000, -1.000000000000000000 ) ) ;
#9458 = ORIENTED_EDGE ( 'NONE', *, *, #6339, .F. ) ;
#9459 = EDGE_CURVE ( 'NONE', #7986, #3567, #446, .T. ) ;
#9460 = DIRECTION ( 'NONE',  ( 0.0000000000000000000, 0.0000000000000000000, -1.000000000000000000 ) ) ;
#9461 = EDGE_LOOP ( 'NONE', ( #4463, #4733, #7819, #4256 ) ) ;
#9462 = APPROVAL_PERSON_ORGANIZATION ( #9972, #4762, #655 ) ;
#9463 = CARTESIAN_POINT ( 'NONE',  ( 5.000000000000000000, -2.529999999999999800, -2.529999999999999800 ) ) ;
#9464 = AXIS2_PLACEMENT_3D ( 'NONE', #4997, #1045, #4123 ) ;
#9465 = CYLINDRICAL_SURFACE ( 'NONE', #8198, 1.600000000000000800 ) ;
#9466 = AXIS2_PLACEMENT_3D ( 'NONE', #2297, #7830, #8632 ) ;
#9467 = ORIENTED_EDGE ( 'NONE', *, *, #1190, .T. ) ;
#9468 = CARTESIAN_POINT ( 'NONE',  ( 3.000000000385868200, 4.700000000319899800, -2.350000000225720000 ) ) ;
#9469 = CARTESIAN_POINT ( 'NONE',  ( -16.19200000000000000, -16.19200000000000000, 10.00000000000000000 ) ) ;
#9470 = ORIENTED_EDGE ( 'NONE', *, *, #4139, .T. ) ;
#9471 = CARTESIAN_POINT ( 'NONE',  ( 10.00000000000000000, -0.5999999999999998700, 4.500000000000000900 ) ) ;
#9472 = ORIENTED_EDGE ( 'NONE', *, *, #6753, .F. ) ;
#9473 = PERSON_AND_ORGANIZATION ( #9162, #4154 ) ;
#9474 = CARTESIAN_POINT ( 'NONE',  ( 19.63013307317573800, 7.460810226878560800, 2.051370557501035900 ) ) ;
#9475 = FACE_OUTER_BOUND ( 'NONE', #4677, .T. ) ;
#9476 = CARTESIAN_POINT ( 'NONE',  ( 7.777854788067734200, -7.154458223931800200, 3.582398376991236900 ) ) ;
#9477 = CARTESIAN_POINT ( 'NONE',  ( -7.969340740000000700, -4.500000000000000900, -1.499999999999999100 ) ) ;
#9478 = EDGE_CURVE ( 'NONE', #2030, #6547, #2562, .T. ) ;
#9479 = CC_DESIGN_SECURITY_CLASSIFICATION ( #8558, ( #10276 ) ) ;
#9480 = PLANE ( 'NONE',  #1341 ) ;
#9481 = ADVANCED_FACE ( 'NONE', ( #9125 ), #2923, .F. ) ;
#9482 = CIRCLE ( 'NONE', #8069, 11.00000000000000000 ) ;
#9483 = ORIENTED_EDGE ( 'NONE', *, *, #9459, .F. ) ;
#9484 = ORIENTED_EDGE ( 'NONE', *, *, #8421, .F. ) ;
#9485 = CARTESIAN_POINT ( 'NONE',  ( 12.74405737617194300, 16.69098563955666800, -6.440352211291666600E-010 ) ) ;
#9486 = DIRECTION ( 'NONE',  ( -1.000000000000000000, 0.0000000000000000000, 0.0000000000000000000 ) ) ;
#9487 = VECTOR ( 'NONE', #6812, 1000.000000000000000 ) ;
#9488 = ORIENTED_EDGE ( 'NONE', *, *, #3140, .F. ) ;
#9489 = AXIS2_PLACEMENT_3D ( 'NONE', #6361, #2407, #900 ) ;
#9490 = CARTESIAN_POINT ( 'NONE',  ( -18.22983158499999900, 6.888301783000001100, 8.500000000000000000 ) ) ;
#9491 = APPROVAL_ROLE ( '' ) ;
#9492 = EDGE_CURVE ( 'NONE', #8359, #2840, #3903, .T. ) ;
#9493 = VECTOR ( 'NONE', #1616, 1000.000000000000000 ) ;
#9494 = DIRECTION ( 'NONE',  ( 1.000000000000000000, 0.0000000000000000000, 0.0000000000000000000 ) ) ;
#9495 = DIRECTION ( 'NONE',  ( -9.826173185649159900E-031, -9.912705577010326500E-016, 1.000000000000000000 ) ) ;
#9496 = CARTESIAN_POINT ( 'NONE',  ( 4.500000000000000900, -1.000000000000000000, 5.039138622000000300 ) ) ;
#9497 = AXIS2_PLACEMENT_3D ( 'NONE', #6608, #7441, #370 ) ;
#9498 = VECTOR ( 'NONE', #9684, 1000.000000000000000 ) ;
#9499 = EDGE_LOOP ( 'NONE', ( #1443, #9726 ) ) ;
#9500 = DIRECTION ( 'NONE',  ( 0.0000000000000000000, 0.0000000000000000000, -1.000000000000000000 ) ) ;
#9501 = CARTESIAN_POINT ( 'NONE',  ( -18.79930145009842200, 13.00000000000000200, -1.846742250002596700 ) ) ;
#9502 = ORIENTED_EDGE ( 'NONE', *, *, #3314, .T. ) ;
#9503 = DIRECTION ( 'NONE',  ( 0.0000000000000000000, 0.0000000000000000000, 1.000000000000000000 ) ) ;
#9504 = EDGE_CURVE ( 'NONE', #9676, #3772, #5280, .T. ) ;
#9505 = DIRECTION ( 'NONE',  ( 0.0000000000000000000, 0.0000000000000000000, -1.000000000000000000 ) ) ;
#9506 = DIRECTION ( 'NONE',  ( 0.0000000000000000000, -1.084202172485504400E-016, -1.000000000000000000 ) ) ;
#9507 = ORIENTED_EDGE ( 'NONE', *, *, #5338, .F. ) ;
#9508 = PLANE ( 'NONE',  #926 ) ;
#9509 = FACE_OUTER_BOUND ( 'NONE', #1468, .T. ) ;
#9510 = VERTEX_POINT ( 'NONE', #3436 ) ;
#9511 = ORIENTED_EDGE ( 'NONE', *, *, #1696, .T. ) ;
#9512 = AXIS2_PLACEMENT_3D ( 'NONE', #9967, #6045, #1305 ) ;
#9513 = CIRCLE ( 'NONE', #7645, 1.750000000000001600 ) ;
#9514 = CLOSED_SHELL ( 'NONE', ( #8497, #5644, #5794, #3818, #4655, #4402, #4964, #4124, #6799, #10207, #597, #9855, #9580, #5585, #5334, #9049, #8864, #2114, #3559, #1916, #7922, #2901, #6524, #2772, #5194, #4305, #2068, #6052, #6422, #3509, #9966, #4344, #2268, #8169, #1176, #553, #2992, #7619, #3667, #3569, #951, #5390, #7193, #3037, #5326, #9021, #7557, #9800, #8341, #3460, #8756, #272, #6014, #4184, #7717, #4024, #2123, #5139, #5104, #3239, #7093, #7516, #2639, #2848, #2018, #499, #4753, #1595, #10112, #290, #9906, #2692, #8077, #7705, #9481, #8554, #6733, #4442, #4390, #6615 ) ) ;
#9515 = FACE_OUTER_BOUND ( 'NONE', #8485, .T. ) ;
#9516 = DIRECTION ( 'NONE',  ( 0.0000000000000000000, -1.000000000000000000, 0.0000000000000000000 ) ) ;
#9517 = CARTESIAN_POINT ( 'NONE',  ( 12.50000000000000000, 1.530808498934191500E-015, 12.00000000000000000 ) ) ;
#9518 = DIRECTION ( 'NONE',  ( 0.0000000000000000000, 0.0000000000000000000, -1.000000000000000000 ) ) ;
#9519 = AXIS2_PLACEMENT_3D ( 'NONE', #452, #9148, #1320 ) ;
#9520 = CYLINDRICAL_SURFACE ( 'NONE', #2881, 1.600000000000000800 ) ;
#9521 = ORIENTED_EDGE ( 'NONE', *, *, #8101, .F. ) ;
#9522 = FACE_OUTER_BOUND ( 'NONE', #222, .T. ) ;
#9523 = CARTESIAN_POINT ( 'NONE',  ( -1.000000001237808100, 0.0000000000000000000, 1.178085124000000100 ) ) ;
#9524 = CARTESIAN_POINT ( 'NONE',  ( -19.76404093444092800, -7.098076214140235200, 0.0000000000000000000 ) ) ;
#9525 = APPROVAL_STATUS ( 'not_yet_approved' ) ;
#9526 = DIRECTION ( 'NONE',  ( 0.0000000000000000000, -6.424901762877064700E-017, 1.000000000000000000 ) ) ;
#9527 = EDGE_CURVE ( 'NONE', #5526, #919, #4908, .T. ) ;
#9528 = ADVANCED_FACE ( 'NONE', ( #1440, #7625 ), #7962, .T. ) ;
#9529 = CARTESIAN_POINT ( 'NONE',  ( 12.99751940997727400, 19.90444910841782900, -2.765314509000754500 ) ) ;
#9530 = FACE_OUTER_BOUND ( 'NONE', #1618, .T. ) ;
#9531 = EDGE_LOOP ( 'NONE', ( #2259, #4358 ) ) ;
#9532 = CARTESIAN_POINT ( 'NONE',  ( 0.0000000000000000000, -1.688830447324979900E-041, 10.00000000000000000 ) ) ;
#9533 = EDGE_CURVE ( 'NONE', #2870, #9001, #9361, .T. ) ;
#9534 = ORIENTED_EDGE ( 'NONE', *, *, #7096, .F. ) ;
#9535 = CARTESIAN_POINT ( 'NONE',  ( 20.99999999882131300, 6.276053402874433500, -0.9177746650116548300 ) ) ;
#9536 = CC_DESIGN_PERSON_AND_ORGANIZATION_ASSIGNMENT ( #2163, #10184, ( #7555 ) ) ;
#9537 = DIRECTION ( 'NONE',  ( 0.0000000000000000000, -0.0000000000000000000, 1.000000000000000000 ) ) ;
#9538 = CARTESIAN_POINT ( 'NONE',  ( 1.000000000618904300, 0.0000000000000000000, 4.931531202000000400 ) ) ;
#9539 = VECTOR ( 'NONE', #7738, 1000.000000000000000 ) ;
#9540 = CARTESIAN_POINT ( 'NONE',  ( 11.00000000000000000, 1.347111479062088400E-015, 4.500000000000000900 ) ) ;
#9541 = VERTEX_POINT ( 'NONE', #4808 ) ;
#9542 = CARTESIAN_POINT ( 'NONE',  ( -8.046594709513414000, -7.500154240129081300, 1.715795184940981800 ) ) ;
#9543 = EDGE_LOOP ( 'NONE', ( #2498, #5019, #4136, #5784 ) ) ;
#9544 = DIRECTION ( 'NONE',  ( -0.0000000000000000000, 7.228014483236695800E-017, 1.000000000000000000 ) ) ;
#9545 = B_SPLINE_CURVE_WITH_KNOTS ( 'NONE', 3,
 ( #9202, #3719, #7635, #7697 ),
 .UNSPECIFIED., .F., .F.,
 ( 4, 4 ),
 ( 0.0000000000000000000, 0.0001764708003818404700 ),
 .UNSPECIFIED. ) ;
#9546 = CIRCLE ( 'NONE', #1279, 2.999999999999997300 ) ;
#9547 = CALENDAR_DATE ( 2023, 10, 1 ) ;
#9548 = CARTESIAN_POINT ( 'NONE',  ( 11.86445087481304000, 7.435355355928905400, -2.960126268178151100 ) ) ;
#9549 = VERTEX_POINT ( 'NONE', #920 ) ;
#9550 = LINE ( 'NONE', #7209, #1515 ) ;
#9551 = CARTESIAN_POINT ( 'NONE',  ( -1.300000000000000300, 0.0000000000000000000, 8.396295449000000100 ) ) ;
#9552 = VERTEX_POINT ( 'NONE', #4919 ) ;
#9553 = VERTEX_POINT ( 'NONE', #8758 ) ;
#9554 = CARTESIAN_POINT ( 'NONE',  ( 10.00000000000000000, 5.562148865321747200, 5.750000000000000900 ) ) ;
#9555 = CARTESIAN_POINT ( 'NONE',  ( 3.000000000000000400, -1.715303999011576400, 1.606442171912868300 ) ) ;
#9556 = PERSON_AND_ORGANIZATION_ROLE ( 'creator' ) ;
#9557 = VECTOR ( 'NONE', #3494, 1000.000000000000000 ) ;
#9558 = CARTESIAN_POINT ( 'NONE',  ( 10.00000000000000000, 3.849999999999999600, -4.500000000000000900 ) ) ;
#9559 = DATE_AND_TIME ( #3234, #5985 ) ;
#9560 = ORIENTED_EDGE ( 'NONE', *, *, #4424, .F. ) ;
#9561 = CYLINDRICAL_SURFACE ( 'NONE', #6716, 11.00000000000000000 ) ;
#9562 = CARTESIAN_POINT ( 'NONE',  ( -0.9241667087316601800, 3.894364153807276200, 29.19725505622515300 ) ) ;
#9563 = ORIENTED_EDGE ( 'NONE', *, *, #1625, .T. ) ;
#9564 = EDGE_CURVE ( 'NONE', #3844, #4670, #4658, .T. ) ;
#9565 = AXIS2_PLACEMENT_3D ( 'NONE', #970, #8186, #1789 ) ;
#9566 = EDGE_LOOP ( 'NONE', ( #5143, #7286, #5169, #4068 ) ) ;
#9567 = DIRECTION ( 'NONE',  ( 1.000000000000000000, 0.0000000000000000000, 0.0000000000000000000 ) ) ;
#9568 = CARTESIAN_POINT ( 'NONE',  ( 0.0000000000000000000, 0.0000000000000000000, 31.00000000000000000 ) ) ;
#9569 = ORIENTED_EDGE ( 'NONE', *, *, #7763, .T. ) ;
#9570 = LOCAL_TIME ( 15, 11, 14.00000000000000000, #7588 ) ;
#9571 = AXIS2_PLACEMENT_3D ( 'NONE', #8309, #5900, #9915 ) ;
#9572 = DIRECTION ( 'NONE',  ( 1.000000000000000000, 0.0000000000000000000, 0.0000000000000000000 ) ) ;
#9573 = CARTESIAN_POINT ( 'NONE',  ( 12.99751940931688800, -20.99999999939402400, -3.696872489651763100 ) ) ;
#9574 = FACE_OUTER_BOUND ( 'NONE', #8271, .T. ) ;
#9575 = DIRECTION ( 'NONE',  ( -0.0000000000000000000, 0.0000000000000000000, -1.000000000000000000 ) ) ;
#9576 = ORIENTED_EDGE ( 'NONE', *, *, #2436, .T. ) ;
#9577 = CARTESIAN_POINT ( 'NONE',  ( 9.854827326146118300, 4.891518469103961500, -1.480459969925565400 ) ) ;
#9578 = EDGE_CURVE ( 'NONE', #3317, #1765, #8999, .T. ) ;
#9579 = CARTESIAN_POINT ( 'NONE',  ( -9.031722191066245700, -6.288595602480606700, -0.9384036725098209300 ) ) ;
#9580 = ADVANCED_FACE ( 'NONE', ( #4159 ), #6518, .F. ) ;
#9581 = AXIS2_PLACEMENT_3D ( 'NONE', #2197, #10020, #493 ) ;
#9582 = EDGE_LOOP ( 'NONE', ( #3117, #2712, #374, #5886 ) ) ;
#9583 = PERSON_AND_ORGANIZATION ( #9162, #4154 ) ;
#9584 = DIRECTION ( 'NONE',  ( 1.000000000000000000, 0.0000000000000000000, 0.0000000000000000000 ) ) ;
#9585 = LINE ( 'NONE', #1992, #7727 ) ;
#9586 = DIRECTION ( 'NONE',  ( 1.000000000000000000, 0.0000000000000000000, 0.0000000000000000000 ) ) ;
#9587 = ORIENTED_EDGE ( 'NONE', *, *, #2192, .F. ) ;
#9588 =( BOUNDED_CURVE ( )  B_SPLINE_CURVE ( 3, ( #202, #4145, #1802, #8056 ),
 .UNSPECIFIED., .F., .F. ) 
 B_SPLINE_CURVE_WITH_KNOTS ( ( 4, 4 ),
 ( 1.443368406311726000E-012, 0.01844518449147433000 ),
 .UNSPECIFIED. ) 
 CURVE ( )  GEOMETRIC_REPRESENTATION_ITEM ( )  RATIONAL_B_SPLINE_CURVE ( ( 1.000000000000000000, 0.3333333333333330400, 0.3333333333333330400, 1.000000000000000000 ) ) 
 REPRESENTATION_ITEM ( '' )  );
#9589 = CARTESIAN_POINT ( 'NONE',  ( 10.15438669255439800, 7.719455939053702300, -2.099999999575547200 ) ) ;
#9590 = DIRECTION ( 'NONE',  ( -9.826173185649159900E-031, -9.912705577010326500E-016, 1.000000000000000000 ) ) ;
#9591 = EDGE_CURVE ( 'NONE', #4365, #3065, #1061, .T. ) ;
#9592 = ORIENTED_EDGE ( 'NONE', *, *, #8939, .F. ) ;
#9593 = VERTEX_POINT ( 'NONE', #843 ) ;
#9594 = COORDINATED_UNIVERSAL_TIME_OFFSET ( 8, 0, .AHEAD. ) ;
#9595 = CARTESIAN_POINT ( 'NONE',  ( 10.76935329871082000, 4.499999999999948500, -6.614378277830755200 ) ) ;
#9596 = VECTOR ( 'NONE', #3148, 999.9999999999998900 ) ;
#9597 = SECURITY_CLASSIFICATION_LEVEL ( 'unclassified' ) ;
#9598 = ORIENTED_EDGE ( 'NONE', *, *, #915, .F. ) ;
#9599 = CARTESIAN_POINT ( 'NONE',  ( 0.0000000000000000000, 0.0000000000000000000, 12.40000000000000200 ) ) ;
#9600 = CARTESIAN_POINT ( 'NONE',  ( 0.5000000000000000000, 1.500000000000000000, 0.0000000000000000000 ) ) ;
#9601 = EDGE_CURVE ( 'NONE', #908, #9445, #3154, .T. ) ;
#9602 = DIRECTION ( 'NONE',  ( -1.000000000000000000, 0.0000000000000000000, 0.0000000000000000000 ) ) ;
#9603 = CARTESIAN_POINT ( 'NONE',  ( 12.00000000000000000, 0.0000000000000000000, 0.0000000000000000000 ) ) ;
#9605 = CIRCLE ( 'NONE', #5033, 1.600000000000000800 ) ;
#9604 = AXIS2_PLACEMENT_3D ( 'NONE', #2138, #567, #6009 ) ;
#9606 = VERTEX_POINT ( 'NONE', #5716 ) ;
#9607 = FACE_OUTER_BOUND ( 'NONE', #10181, .T. ) ;
#9608 = DIRECTION ( 'NONE',  ( -1.000000000000000000, 0.0000000000000000000, 0.0000000000000000000 ) ) ;
#9609 = CARTESIAN_POINT ( 'NONE',  ( 10.03742995002864400, 4.499999999807552200, 4.500000000000000000 ) ) ;
#9610 = DIRECTION ( 'NONE',  ( 1.000000000000000000, 0.0000000000000000000, 0.0000000000000000000 ) ) ;
#9611 = CARTESIAN_POINT ( 'NONE',  ( 9.500000000000001800, -0.6000000000000000900, 7.977468269999999300 ) ) ;
#9612 = CARTESIAN_POINT ( 'NONE',  ( 0.0000000000000000000, 0.0000000000000000000, 0.0000000000000000000 ) ) ;
#9613 = DIRECTION ( 'NONE',  ( 1.000000000000000000, 0.0000000000000000000, 0.0000000000000000000 ) ) ;
#9614 = VECTOR ( 'NONE', #6691, 1000.000000000000000 ) ;
#9615 = ORIENTED_EDGE ( 'NONE', *, *, #7750, .T. ) ;
#9616 = CARTESIAN_POINT ( 'NONE',  ( 8.624806370168139200, 6.828901956924053000, 3.401049769808169600 ) ) ;
#9617 = ORIENTED_EDGE ( 'NONE', *, *, #8659, .T. ) ;
#9618 = EDGE_CURVE ( 'NONE', #4662, #6689, #2304, .T. ) ;
#9619 = SECURITY_CLASSIFICATION ( '', '', #5622 ) ;
#9620 = CARTESIAN_POINT ( 'NONE',  ( -9.854827326111827500, -4.891518469174656000, -1.480459969918456900 ) ) ;
#9621 = CARTESIAN_POINT ( 'NONE',  ( 12.49751941100000300, 15.50000000000000000, -15.00000000000000000 ) ) ;
#9622 = CARTESIAN_POINT ( 'NONE',  ( -10.19643836197669600, -4.131814254733639800, -1.483258986210551900 ) ) ;
#9623 = CIRCLE ( 'NONE', #8253, 3.499999999999917000 ) ;
#9624 = VERTEX_POINT ( 'NONE', #1706 ) ;
#9625 = CARTESIAN_POINT ( 'NONE',  ( 11.03556106435171800, 7.653535869043858900, -2.329568050926901000 ) ) ;
#9626 = ORIENTED_EDGE ( 'NONE', *, *, #7805, .T. ) ;
#9627 = AXIS2_PLACEMENT_3D ( 'NONE', #8928, #9797, #4180 ) ;
#9628 = DIRECTION ( 'NONE',  ( -0.0000000000000000000, 0.0000000000000000000, -1.000000000000000000 ) ) ;
#9629 = APPROVAL_STATUS ( 'not_yet_approved' ) ;
#9630 = EDGE_CURVE ( 'NONE', #5653, #8094, #8375, .T. ) ;
#9631 = LINE ( 'NONE', #1816, #8770 ) ;
#9632 = ORIENTED_EDGE ( 'NONE', *, *, #4853, .T. ) ;
#9633 = CARTESIAN_POINT ( 'NONE',  ( 0.0000000000000000000, 0.0000000000000000000, 4.500000000000000900 ) ) ;
#9634 = ADVANCED_FACE ( 'NONE', ( #5652 ), #7878, .T. ) ;
#9635 = CARTESIAN_POINT ( 'NONE',  ( -20.88484474752204500, -2.204329219639835600, 3.449278358008487400 ) ) ;
#9636 = AXIS2_PLACEMENT_3D ( 'NONE', #4284, #6711, #9791 ) ;
#9637 = DIRECTION ( 'NONE',  ( 0.0000000000000000000, 1.000000000000000000, -8.260587980841938800E-017 ) ) ;
#9638 = VERTEX_POINT ( 'NONE', #8973 ) ;
#9639 = DIRECTION ( 'NONE',  ( -1.000000000000000000, -0.0000000000000000000, -0.0000000000000000000 ) ) ;
#9640 = VERTEX_POINT ( 'NONE', #2682 ) ;
#9641 = DIRECTION ( 'NONE',  ( 1.000000000000000000, 0.0000000000000000000, 0.0000000000000000000 ) ) ;
#9642 = LINE ( 'NONE', #2021, #705 ) ;
#9643 = VERTEX_POINT ( 'NONE', #3389 ) ;
#9644 = DIRECTION ( 'NONE',  ( 0.7071067811865493500, 0.0000000000000000000, 0.7071067811865455700 ) ) ;
#9645 = EDGE_CURVE ( 'NONE', #7183, #8696, #6884, .T. ) ;
#9646 = DIRECTION ( 'NONE',  ( 0.0000000000000000000, -9.912705577010318600E-016, 1.000000000000000000 ) ) ;
#9647 = DIRECTION ( 'NONE',  ( 0.0000000000000000000, -7.228014483236695800E-017, -1.000000000000000000 ) ) ;
#9648 = LINE ( 'NONE', #1675, #5562 ) ;
#9649 = DIRECTION ( 'NONE',  ( 0.0000000000000000000, 0.0000000000000000000, 1.000000000000000000 ) ) ;
#9650 = EDGE_CURVE ( 'NONE', #2950, #2089, #7517, .T. ) ;
#9651 = ORIENTED_EDGE ( 'NONE', *, *, #9918, .F. ) ;
#9652 = FACE_OUTER_BOUND ( 'NONE', #6305, .T. ) ;
#9653 = DIRECTION ( 'NONE',  ( -1.000000000000000000, 0.0000000000000000000, 0.0000000000000000000 ) ) ;
#9654 = DIRECTION ( 'NONE',  ( 0.0000000000000000000, 0.0000000000000000000, 1.000000000000000000 ) ) ;
#9655 = AXIS2_PLACEMENT_3D ( 'NONE', #1529, #7788, #8625 ) ;
#9656 = CARTESIAN_POINT ( 'NONE',  ( -13.00000000030800100, -16.72325226350000100, -15.00000000000000000 ) ) ;
#9657 = CARTESIAN_POINT ( 'NONE',  ( -4.116663204191999300, -17.77788187744799900, 10.00000000000000000 ) ) ;
#9658 = FACE_OUTER_BOUND ( 'NONE', #2451, .T. ) ;
#9659 = PRODUCT_DEFINITION_SHAPE ( 'NONE', 'NONE',  #10278 ) ;
#9660 = VERTEX_POINT ( 'NONE', #346 ) ;
#9661 = CARTESIAN_POINT ( 'NONE',  ( 6.299999999999999800, 0.0000000000000000000, 0.0000000000000000000 ) ) ;
#9662 = DIRECTION ( 'NONE',  ( 0.0000000000000000000, 0.0000000000000000000, -1.000000000000000000 ) ) ;
#9663 = CARTESIAN_POINT ( 'NONE',  ( -16.97056274823857100, 21.00000000000000000, -15.00000000323999800 ) ) ;
#9664 = AXIS2_PLACEMENT_3D ( 'NONE', #1879, #317, #1814 ) ;
#9665 = CIRCLE ( 'NONE', #6335, 1.499999999999997800 ) ;
#9666 = ORIENTED_EDGE ( 'NONE', *, *, #5285, .F. ) ;
#9667 = DIRECTION ( 'NONE',  ( 1.000000000000000000, 0.0000000000000000000, 0.0000000000000000000 ) ) ;
#9668 = APPROVAL_ROLE ( '' ) ;
#9669 = DIRECTION ( 'NONE',  ( 0.0000000000000000000, -0.0000000000000000000, 1.000000000000000000 ) ) ;
#9670 = EDGE_CURVE ( 'NONE', #3472, #6107, #1817, .T. ) ;
#9671 = CARTESIAN_POINT ( 'NONE',  ( -12.79999999973000700, 16.80766968250473400, -3.249999999999999600 ) ) ;
#9672 = ORIENTED_EDGE ( 'NONE', *, *, #8529, .F. ) ;
#9673 = DIRECTION ( 'NONE',  ( 1.000000000000000000, 0.0000000000000000000, 0.0000000000000000000 ) ) ;
#9674 = CIRCLE ( 'NONE', #9867, 2.999999999999999100 ) ;
#9675 = DIRECTION ( 'NONE',  ( 1.355252715606880800E-016, -1.000000000000000000, 0.0000000000000000000 ) ) ;
#9676 = VERTEX_POINT ( 'NONE', #8246 ) ;
#9677 = EDGE_CURVE ( 'NONE', #6302, #5863, #5407, .T. ) ;
#9678 = ORIENTED_EDGE ( 'NONE', *, *, #2277, .F. ) ;
#9679 = CARTESIAN_POINT ( 'NONE',  ( 11.09266949910666300, 6.145599854451814900, 5.124592937094871700 ) ) ;
#9680 = DIRECTION ( 'NONE',  ( -0.0000000000000000000, 0.0000000000000000000, -1.000000000000000000 ) ) ;
#9681 = CARTESIAN_POINT ( 'NONE',  ( 20.91889444713165200, 1.845073591476985800, 2.903070252369873900 ) ) ;
#9682 = CC_DESIGN_PERSON_AND_ORGANIZATION_ASSIGNMENT ( #3014, #622, ( #7026 ) ) ;
#9683 = B_SPLINE_CURVE_WITH_KNOTS ( 'NONE', 3,
 ( #6984, #2147, #1316, #6089, #8484, #9367, #7776, #6920, #3697, #7677 ),
 .UNSPECIFIED., .F., .F.,
 ( 4, 2, 2, 2, 4 ),
 ( 0.0000000000000000000, 0.006781988658694469700, 0.008477485823368087100, 0.01017298298804171000, 0.01356397731738895700 ),
 .UNSPECIFIED. ) ;
#9684 = DIRECTION ( 'NONE',  ( 1.000000000000000000, 0.0000000000000000000, 0.0000000000000000000 ) ) ;
#9685 = DIRECTION ( 'NONE',  ( 1.000000000000000000, 0.0000000000000000000, 0.0000000000000000000 ) ) ;
#9686 = ORIENTED_EDGE ( 'NONE', *, *, #770, .F. ) ;
#9687 = CARTESIAN_POINT ( 'NONE',  ( 6.888301783000001100, 16.62983158500000200, -15.50000000000000000 ) ) ;
#9688 = CARTESIAN_POINT ( 'NONE',  ( 8.456015744117443900, -7.546844890151591700, 2.656524553513604800 ) ) ;
#9689 = DIRECTION ( 'NONE',  ( -1.000000000000000000, 0.0000000000000000000, 0.0000000000000000000 ) ) ;
#9690 = VECTOR ( 'NONE', #3343, 1000.000000000000000 ) ;
#9691 = ORGANIZATION ( 'NAUO-ORG7', 'UNSPECIFIED', 'UNSPECIFIED' ) ;
#9692 = ORIENTED_EDGE ( 'NONE', *, *, #8976, .T. ) ;
#9693 = LINE ( 'NONE', #1210, #7581 ) ;
#9694 = CARTESIAN_POINT ( 'NONE',  ( 21.00000000000000000, 0.0000000000000000000, 0.2999999999999999300 ) ) ;
#9695 = ADVANCED_FACE ( 'NONE', ( #3283 ), #4911, .F. ) ;
#9696 = ORIENTED_EDGE ( 'NONE', *, *, #7352, .F. ) ;
#9697 = CARTESIAN_POINT ( 'NONE',  ( -16.62983158500000200, 6.888301783000001100, 6.000000000000000000 ) ) ;
#9698 = ORIENTED_EDGE ( 'NONE', *, *, #3098, .F. ) ;
#9699 = CARTESIAN_POINT ( 'NONE',  ( -10.87400182031380200, -1.662062752018028700, 0.5068256453695093600 ) ) ;
#9700 = AXIS2_PLACEMENT_3D ( 'NONE', #9056, #367, #4280 ) ;
#9701 = EDGE_CURVE ( 'NONE', #8574, #5402, #1194, .T. ) ;
#9702 = CARTESIAN_POINT ( 'NONE',  ( -3.499999999253651200, 0.0000000000000000000, 5.039138622000000300 ) ) ;
#9703 = COORDINATED_UNIVERSAL_TIME_OFFSET ( 8, 0, .AHEAD. ) ;
#9704 = ORIENTED_EDGE ( 'NONE', *, *, #2886, .T. ) ;
#9705 = CIRCLE ( 'NONE', #964, 0.2999999999999999300 ) ;
#9706 = EDGE_LOOP ( 'NONE', ( #8990, #9052, #6728, #3594 ) ) ;
#9707 = CARTESIAN_POINT ( 'NONE',  ( 7.500000001000000100, 0.5999999995100809800, -4.963869458514778900 ) ) ;
#9708 = SECURITY_CLASSIFICATION_LEVEL ( 'unclassified' ) ;
#9709 = DIRECTION ( 'NONE',  ( 0.0000000000000000000, -1.734723475976807300E-016, -1.000000000000000000 ) ) ;
#9710 = CARTESIAN_POINT ( 'NONE',  ( -6.888301783000001100, -16.62983158500000200, 8.500000000000000000 ) ) ;
#9711 = ORIENTED_EDGE ( 'NONE', *, *, #2381, .F. ) ;
#9712 = DATE_AND_TIME ( #3874, #6363 ) ;
#9713 = DIRECTION ( 'NONE',  ( 0.0000000000000000000, 1.000000000000000000, 0.0000000000000000000 ) ) ;
#9714 = FACE_OUTER_BOUND ( 'NONE', #4401, .T. ) ;
#9715 = CARTESIAN_POINT ( 'NONE',  ( 10.52010811402444700, 3.219089410450302500, -1.219575915785226400 ) ) ;
#9716 = EDGE_CURVE ( 'NONE', #1765, #4252, #2813, .T. ) ;
#9717 = AXIS2_PLACEMENT_3D ( 'NONE', #7064, #9382, #30 ) ;
#9718 = ORIENTED_EDGE ( 'NONE', *, *, #2857, .T. ) ;
#9719 = DIRECTION ( 'NONE',  ( -0.0000000000000000000, 6.424901762877064700E-017, -1.000000000000000000 ) ) ;
#9720 = DIRECTION ( 'NONE',  ( -0.0000000000000000000, -0.0000000000000000000, 1.000000000000000000 ) ) ;
#9721 = AXIS2_PLACEMENT_3D ( 'NONE', #3196, #4671, #5502 ) ;
#9722 = ORIENTED_EDGE ( 'NONE', *, *, #1486, .T. ) ;
#9723 = CARTESIAN_POINT ( 'NONE',  ( 20.93378315426963000, 1.667718975221644600, 0.4766955343684504100 ) ) ;
#9724 = CARTESIAN_POINT ( 'NONE',  ( -1.500000000000000000, 2.200000000000000200, 17.00000000000000000 ) ) ;
#9725 = DIRECTION ( 'NONE',  ( 0.0000000000000000000, 0.0000000000000000000, 1.000000000000000000 ) ) ;
#9726 = ORIENTED_EDGE ( 'NONE', *, *, #5338, .T. ) ;
#9727 = LOCAL_TIME ( 15, 11, 14.00000000000000000, #2049 ) ;
#9728 = DIRECTION ( 'NONE',  ( -0.0000000000000000000, 4.130293990420969400E-017, 1.000000000000000000 ) ) ;
#9729 = LINE ( 'NONE', #6276, #4510 ) ;
#9730 = DIRECTION ( 'NONE',  ( -0.0000000000000000000, -1.000000000000000000, -0.0000000000000000000 ) ) ;
#9731 = ORIENTED_EDGE ( 'NONE', *, *, #4932, .F. ) ;
#9732 = EDGE_CURVE ( 'NONE', #6498, #9510, #4176, .T. ) ;
#9733 = AXIS2_PLACEMENT_3D ( 'NONE', #7984, #9680, #5700 ) ;
#9734 = CONICAL_SURFACE ( 'NONE', #4158, 21.00000000000000000, 0.7853981633974485000 ) ;
#9735 = EDGE_LOOP ( 'NONE', ( #1212, #3242, #9149, #6296 ) ) ;
#9736 = ORIENTED_EDGE ( 'NONE', *, *, #8989, .F. ) ;
#9737 = DIRECTION ( 'NONE',  ( 0.0000000000000000000, 0.0000000000000000000, -1.000000000000000000 ) ) ;
#9738 = LINE ( 'NONE', #6316, #1054 ) ;
#9739 = CARTESIAN_POINT ( 'NONE',  ( 16.62983158500000200, -6.888301783000001100, -15.50000000000000000 ) ) ;
#9740 = DIRECTION ( 'NONE',  ( 0.0000000000000000000, 0.0000000000000000000, -1.000000000000000000 ) ) ;
#9741 = EDGE_CURVE ( 'NONE', #9907, #5467, #7004, .T. ) ;
#9742 = FACE_OUTER_BOUND ( 'NONE', #9735, .T. ) ;
#9743 = EDGE_LOOP ( 'NONE', ( #1717, #3888, #1358, #8676 ) ) ;
#9744 = CARTESIAN_POINT ( 'NONE',  ( 3.000000000000000400, -0.9700085833602002400, -2.141511664159424700 ) ) ;
#9745 = DATE_TIME_ROLE ( 'classification_date' ) ;
#9746 = ORIENTED_EDGE ( 'NONE', *, *, #6700, .T. ) ;
#9747 = DIRECTION ( 'NONE',  ( -0.0000000000000000000, 0.0000000000000000000, -1.000000000000000000 ) ) ;
#9748 = EDGE_CURVE ( 'NONE', #3932, #4971, #6765, .T. ) ;
#9749 = ADVANCED_FACE ( 'NONE', ( #9351, #3781, #6012, #7616, #4531, #8366, #7247, #3894, #6143, #5158 ), #4188, .T. ) ;
#9750 = CARTESIAN_POINT ( 'NONE',  ( 0.0000000000000000000, 0.0000000000000000000, 8.500000000000000000 ) ) ;
#9751 = CC_DESIGN_DATE_AND_TIME_ASSIGNMENT ( #2392, #5386, ( #1192 ) ) ;
#9752 = DIRECTION ( 'NONE',  ( 1.000000000000000000, 0.0000000000000000000, 0.0000000000000000000 ) ) ;
#9753 = CIRCLE ( 'NONE', #7319, 10.50000000000000000 ) ;
#9754 = ORIENTED_EDGE ( 'NONE', *, *, #8808, .T. ) ;
#9755 = CARTESIAN_POINT ( 'NONE',  ( 2.998501250000000300, 0.0000000000000000000, -2.320049974999999400 ) ) ;
#9756 = CARTESIAN_POINT ( 'NONE',  ( 20.74789125544057100, 3.246527881526262600, 4.228695372762586200 ) ) ;
#9757 = CARTESIAN_POINT ( 'NONE',  ( 15.50000000000000000, 17.25000000000000000, -20.00000000000000000 ) ) ;
#9758 = DIRECTION ( 'NONE',  ( 0.0000000000000000000, -1.000000000000000000, 0.0000000000000000000 ) ) ;
#9759 = CARTESIAN_POINT ( 'NONE',  ( 0.0000000000000000000, 0.0000000000000000000, 0.0000000000000000000 ) ) ;
#9760 = CARTESIAN_POINT ( 'NONE',  ( 15.50000000000000000, 15.50000000000000000, -20.00000000000000000 ) ) ;
#9761 = DIRECTION ( 'NONE',  ( -0.0000000000000000000, 1.000000000000000000, 0.0000000000000000000 ) ) ;
#9762 = CIRCLE ( 'NONE', #2548, 6.250000000000000000 ) ;
#9763 = EDGE_CURVE ( 'NONE', #1588, #8731, #918, .T. ) ;
#9764 = ORIENTED_EDGE ( 'NONE', *, *, #1436, .F. ) ;
#9765 = SECURITY_CLASSIFICATION ( '', '', #8219 ) ;
#9766 = CARTESIAN_POINT ( 'NONE',  ( -11.00000000000000000, 1.347111479062088400E-015, 11.19999999999999900 ) ) ;
#9767 = ORIENTED_EDGE ( 'NONE', *, *, #10232, .T. ) ;
#9768 = PLANE ( 'NONE',  #2166 ) ;
#9769 = VERTEX_POINT ( 'NONE', #6055 ) ;
#9770 = LINE ( 'NONE', #8078, #7421 ) ;
#9771 = CARTESIAN_POINT ( 'NONE',  ( -3.499999999253651200, -1.000000000000000000, 5.039138622000000300 ) ) ;
#9772 = ORIENTED_EDGE ( 'NONE', *, *, #9957, .F. ) ;
#9773 = LINE ( 'NONE', #6921, #6915 ) ;
#9774 = ORIENTED_EDGE ( 'NONE', *, *, #8410, .F. ) ;
#9775 = CYLINDRICAL_SURFACE ( 'NONE', #4347, 9.500000000000000000 ) ;
#9776 = AXIS2_PLACEMENT_3D ( 'NONE', #7543, #6020, #9204 ) ;
#9777 = B_SPLINE_CURVE_WITH_KNOTS ( 'NONE', 3,
 ( #1344, #8440, #1310, #3689 ),
 .UNSPECIFIED., .F., .F.,
 ( 4, 4 ),
 ( 0.0000000000000000000, 0.004316949845692371600 ),
 .UNSPECIFIED. ) ;
#9778 = CARTESIAN_POINT ( 'NONE',  ( 3.000000000231520100, 0.0000000000000000000, -2.349999999662562500 ) ) ;
#9779 =( REPRESENTATION_RELATIONSHIP ('NONE','NONE', #4455, #8079 ) REPRESENTATION_RELATIONSHIP_WITH_TRANSFORMATION ( #6717 )SHAPE_REPRESENTATION_RELATIONSHIP( ) );
#9780 = EDGE_CURVE ( 'NONE', #6033, #4512, #3032, .T. ) ;
#9781 = CARTESIAN_POINT ( 'NONE',  ( -10.19719326844189100, -4.129914516420791800, 4.482980012730615200 ) ) ;
#9782 = AXIS2_PLACEMENT_3D ( 'NONE', #7334, #5601, #910 ) ;
#9783 = CARTESIAN_POINT ( 'NONE',  ( -5.755954265999998000, 0.0000000000000000000, -4.418830826122641900E-010 ) ) ;
#9785 = CARTESIAN_POINT ( 'NONE',  ( 11.20763371088288300, -6.361113780834509500, -4.854490890839218600 ) ) ;
#9784 = CIRCLE ( 'NONE', #5145, 11.00000000000000000 ) ;
#9786 = ORIENTED_EDGE ( 'NONE', *, *, #3468, .T. ) ;
#9787 = VECTOR ( 'NONE', #4769, 1000.000000000000000 ) ;
#9788 = CARTESIAN_POINT ( 'NONE',  ( 3.018966127000000100, 5.048032259000000200, 2.524016129999999200 ) ) ;
#9789 = EDGE_CURVE ( 'NONE', #5249, #5346, #4400, .T. ) ;
#9790 = DIRECTION ( 'NONE',  ( 0.0000000000000000000, 0.0000000000000000000, 1.000000000000000000 ) ) ;
#9791 = DIRECTION ( 'NONE',  ( 0.0000000000000000000, 0.0000000000000000000, 1.000000000000000000 ) ) ;
#9792 = AXIS2_PLACEMENT_3D ( 'NONE', #6145, #8428, #7006 ) ;
#9793 = CARTESIAN_POINT ( 'NONE',  ( 1.250000000000000000, 0.0000000000000000000, 19.50000000000000000 ) ) ;
#9794 = CARTESIAN_POINT ( 'NONE',  ( -16.69098564161292200, -12.74405737177159500, 8.500000000000000000 ) ) ;
#9795 = FACE_OUTER_BOUND ( 'NONE', #4091, .T. ) ;
#9796 = CARTESIAN_POINT ( 'NONE',  ( 7.500000001000000100, -0.6000000000191340100, 4.963869458391717300 ) ) ;
#9797 = DIRECTION ( 'NONE',  ( 0.0000000000000000000, 0.0000000000000000000, -1.000000000000000000 ) ) ;
#9798 = ORIENTED_EDGE ( 'NONE', *, *, #3679, .T. ) ;
#9799 = AXIS2_PLACEMENT_3D ( 'NONE', #3034, #4495, #3826 ) ;
#9800 = ADVANCED_FACE ( 'NONE', ( #323 ), #5765, .T. ) ;
#9801 = DIRECTION ( 'NONE',  ( -0.0000000000000000000, -0.0000000000000000000, 1.000000000000000000 ) ) ;
#9802 = ORIENTED_EDGE ( 'NONE', *, *, #7212, .F. ) ;
#9803 = DIRECTION ( 'NONE',  ( 0.0000000000000000000, -0.0000000000000000000, 1.000000000000000000 ) ) ;
#9804 = CARTESIAN_POINT ( 'NONE',  ( 0.1000344358152721700, 3.999999999991794100, 29.49999999997811900 ) ) ;
#9805 = FACE_OUTER_BOUND ( 'NONE', #8732, .T. ) ;
#9806 = DIRECTION ( 'NONE',  ( -1.000000000000000000, 2.710505431213759600E-016, 0.0000000000000000000 ) ) ;
#9807 = DIRECTION ( 'NONE',  ( 0.0000000000000000000, -1.000000000000000000, 0.0000000000000000000 ) ) ;
#9808 = ORIENTED_EDGE ( 'NONE', *, *, #1637, .F. ) ;
#9809 = DIRECTION ( 'NONE',  ( 1.000000000000000000, 0.0000000000000000000, 0.0000000000000000000 ) ) ;
#9810 = EDGE_CURVE ( 'NONE', #8094, #2496, #8867, .T. ) ;
#9811 = ORIENTED_EDGE ( 'NONE', *, *, #9927, .T. ) ;
#9812 = CC_DESIGN_DATE_AND_TIME_ASSIGNMENT ( #7737, #4448, ( #8741 ) ) ;
#9813 = AXIS2_PLACEMENT_3D ( 'NONE', #2446, #3268, #4140 ) ;
#9814 = CARTESIAN_POINT ( 'NONE',  ( 3.000000000000000400, -0.7693165090716641600, -2.220945669639487400 ) ) ;
#9815 = FACE_OUTER_BOUND ( 'NONE', #9152, .T. ) ;
#9816 = ORIENTED_EDGE ( 'NONE', *, *, #375, .F. ) ;
#9817 = CIRCLE ( 'NONE', #602, 4.799999999999999800 ) ;
#9818 = DIRECTION ( 'NONE',  ( 1.000000000000000000, 0.0000000000000000000, 0.0000000000000000000 ) ) ;
#9819 = CARTESIAN_POINT ( 'NONE',  ( 15.50000000000000000, -17.25000000000000000, -20.00000000000000000 ) ) ;
#9820 = ORIENTED_EDGE ( 'NONE', *, *, #7326, .T. ) ;
#9821 = CARTESIAN_POINT ( 'NONE',  ( 2.998501250000000300, 0.0000000000000000000, 2.320049974999999400 ) ) ;
#9822 = CYLINDRICAL_SURFACE ( 'NONE', #2746, 21.00000000000000000 ) ;
#9823 = EDGE_CURVE ( 'NONE', #6039, #8846, #7744, .T. ) ;
#9824 = DIRECTION ( 'NONE',  ( -1.000000000000000000, 0.0000000000000000000, 0.0000000000000000000 ) ) ;
#9825 = COORDINATED_UNIVERSAL_TIME_OFFSET ( 8, 0, .AHEAD. ) ;
#9826 = ORIENTED_EDGE ( 'NONE', *, *, #2119, .T. ) ;
#9827 = CARTESIAN_POINT ( 'NONE',  ( 10.51685553401719800, -4.447333432905217000, 6.650209241959250200 ) ) ;
#9828 = CARTESIAN_POINT ( 'NONE',  ( 14.54228525095200000, -4.241591251645349600, 47.25000000000000000 ) ) ;
#9829 = CC_DESIGN_DATE_AND_TIME_ASSIGNMENT ( #10, #4961, ( #3581 ) ) ;
#9830 = B_SPLINE_CURVE_WITH_KNOTS ( 'NONE', 3,
 ( #8434, #6875, #6844, #9933, #2039, #1370, #9201, #7566, #10058, #10025 ),
 .UNSPECIFIED., .F., .F.,
 ( 4, 2, 2, 2, 4 ),
 ( 0.0000000000000000000, 0.006781250465743329300, 0.008476563082179162200, 0.01017187569861499600, 0.01356250093148666700 ),
 .UNSPECIFIED. ) ;
#9831 = CIRCLE ( 'NONE', #1806, 1.650000000000000100 ) ;
#9832 = CARTESIAN_POINT ( 'NONE',  ( -5.182287184671388900, -20.35052578032299300, 10.00000000000000200 ) ) ;
#9833 = DIRECTION ( 'NONE',  ( 0.0000000000000000000, 0.0000000000000000000, -1.000000000000000000 ) ) ;
#9834 = ORIENTED_EDGE ( 'NONE', *, *, #7841, .T. ) ;
#9835 = DIRECTION ( 'NONE',  ( -0.0000000000000000000, 7.228014483236695800E-017, 1.000000000000000000 ) ) ;
#9836 = CARTESIAN_POINT ( 'NONE',  ( 12.99751941098006300, -17.51788932705083500, -0.8129107843357753500 ) ) ;
#9837 = ORIENTED_EDGE ( 'NONE', *, *, #7927, .F. ) ;
#9838 = CARTESIAN_POINT ( 'NONE',  ( 0.0000000000000000000, -17.50000000000000000, 0.0000000000000000000 ) ) ;
#9839 = ORIENTED_EDGE ( 'NONE', *, *, #3479, .T. ) ;
#9840 = CALENDAR_DATE ( 2023, 10, 1 ) ;
#9841 = VECTOR ( 'NONE', #6416, 1000.000000000000000 ) ;
#9842 = DIRECTION ( 'NONE',  ( 0.0000000000000000000, 0.0000000000000000000, -1.000000000000000000 ) ) ;
#9843 = ORIENTED_EDGE ( 'NONE', *, *, #220, .T. ) ;
#9844 = DIRECTION ( 'NONE',  ( 0.0000000000000000000, 0.0000000000000000000, -1.000000000000000000 ) ) ;
#9845 = AXIS2_PLACEMENT_3D ( 'NONE', #3857, #5363, #6159 ) ;
#9846 = EDGE_CURVE ( 'NONE', #4078, #10254, #8498, .T. ) ;
#9847 = DIRECTION ( 'NONE',  ( -1.000000000000000000, 0.0000000000000000000, 0.0000000000000000000 ) ) ;
#9848 = ORIENTED_EDGE ( 'NONE', *, *, #9601, .F. ) ;
#9849 = PERSON_AND_ORGANIZATION ( #9162, #4154 ) ;
#9850 = AXIS2_PLACEMENT_3D ( 'NONE', #2989, #568, #2230 ) ;
#9851 = FACE_OUTER_BOUND ( 'NONE', #3295, .T. ) ;
#9852 = CARTESIAN_POINT ( 'NONE',  ( 3.000000000000000400, -1.096381489173254800, -2.078650029616680300 ) ) ;
#9853 = ORIENTED_EDGE ( 'NONE', *, *, #6237, .F. ) ;
#9854 = CARTESIAN_POINT ( 'NONE',  ( -10.69956843535197100, -2.557461006128288100, 3.794753846517578300 ) ) ;
#9855 = ADVANCED_FACE ( 'NONE', ( #9116 ), #2550, .F. ) ;
#9856 = PLANE ( 'NONE',  #3945 ) ;
#9857 = DIRECTION ( 'NONE',  ( 0.0000000000000000000, 0.0000000000000000000, 1.000000000000000000 ) ) ;
#9858 = VECTOR ( 'NONE', #4872, 1000.000000000000000 ) ;
#9859 = CARTESIAN_POINT ( 'NONE',  ( 10.44057345119597700, -5.641044056819422900, -5.672834887703557700 ) ) ;
#9860 = ORIENTED_EDGE ( 'NONE', *, *, #2588, .F. ) ;
#9861 = AXIS2_PLACEMENT_3D ( 'NONE', #3889, #11, #6393 ) ;
#9862 = EDGE_LOOP ( 'NONE', ( #4881, #4460, #6352, #4712 ) ) ;
#9863 = PERSON_AND_ORGANIZATION ( #9162, #4154 ) ;
#9864 = LINE ( 'NONE', #773, #4144 ) ;
#9865 = ORIENTED_EDGE ( 'NONE', *, *, #6881, .T. ) ;
#9866 = DIRECTION ( 'NONE',  ( 0.0000000000000000000, -0.8660254037305482600, 0.5000000000933407800 ) ) ;
#9867 = AXIS2_PLACEMENT_3D ( 'NONE', #6388, #3152, #9602 ) ;
#9868 = CARTESIAN_POINT ( 'NONE',  ( 1.300000000000000300, -1.000000000000000000, 8.096295448999999400 ) ) ;
#9869 = CARTESIAN_POINT ( 'NONE',  ( -16.62983158500000200, 6.888301783000001100, 10.00000000000000000 ) ) ;
#9870 = CIRCLE ( 'NONE', #7877, 2.999999999999997300 ) ;
#9871 = VERTEX_POINT ( 'NONE', #5955 ) ;
#9872 = ADVANCED_FACE ( 'NONE', ( #9978 ), #2293, .F. ) ;
#9873 = CARTESIAN_POINT ( 'NONE',  ( 9.948640992994208800, 4.698047319128799700, 4.500000000106574300 ) ) ;
#9874 = CARTESIAN_POINT ( 'NONE',  ( -2.332238092999999100, 0.0000000000000000000, 7.376889377999999600 ) ) ;
#9875 = FACE_OUTER_BOUND ( 'NONE', #4889, .T. ) ;
#9876 = DIRECTION ( 'NONE',  ( 0.0000000000000000000, 0.0000000000000000000, -1.000000000000000000 ) ) ;
#9877 = CARTESIAN_POINT ( 'NONE',  ( 0.0000000000000000000, 6.980486755139913100E-016, 5.700000000000000200 ) ) ;
#9879 = VECTOR ( 'NONE', #1609, 1000.000000000000000 ) ;
#9878 = AXIS2_PLACEMENT_3D ( 'NONE', #7775, #3030, #3824 ) ;
#9880 = ORIENTED_EDGE ( 'NONE', *, *, #3413, .T. ) ;
#9881 = CARTESIAN_POINT ( 'NONE',  ( 0.0000000000000000000, 0.0000000000000000000, 8.500000000000000000 ) ) ;
#9882 = ORIENTED_EDGE ( 'NONE', *, *, #2892, .F. ) ;
#9883 = EDGE_CURVE ( 'NONE', #8978, #7274, #9870, .T. ) ;
#9884 = CARTESIAN_POINT ( 'NONE',  ( 2.999999999999999100, -2.349954251974287100, 0.1954695205927583200 ) ) ;
#9885 = VECTOR ( 'NONE', #1968, 1000.000000000000000 ) ;
#9886 = ORIENTED_EDGE ( 'NONE', *, *, #10001, .F. ) ;
#9887 = EDGE_CURVE ( 'NONE', #10069, #9235, #3653, .T. ) ;
#9888 = DIRECTION ( 'NONE',  ( -1.473925977847374000E-030, -9.912705577010326500E-016, 1.000000000000000000 ) ) ;
#9889 = DIRECTION ( 'NONE',  ( -1.000000000000000000, 0.0000000000000000000, 0.0000000000000000000 ) ) ;
#9890 = CC_DESIGN_PERSON_AND_ORGANIZATION_ASSIGNMENT ( #9964, #3879, ( #5633 ) ) ;
#9891 = CARTESIAN_POINT ( 'NONE',  ( 10.09246458549307900, -7.310095758611819200, -3.249999999988543400 ) ) ;
#9892 = VERTEX_POINT ( 'NONE', #8374 ) ;
#9893 = FACE_BOUND ( 'NONE', #2294, .T. ) ;
#9894 = ORIENTED_EDGE ( 'NONE', *, *, #4869, .F. ) ;
#9895 =( LENGTH_UNIT ( ) NAMED_UNIT ( * ) SI_UNIT ( .MILLI., .METRE. ) );
#9896 = B_SPLINE_CURVE_WITH_KNOTS ( 'NONE', 3,
 ( #10166, #9373, #610, #8617, #8486, #4599, #673, #5429, #6952, #2243, #6230, #6131, #7712, #3829, #8551, #3727, #1485, #8522, #1381, #7023, #9274, #9339, #548, #6092, #9303, #2151 ),
 .UNSPECIFIED., .F., .F.,
 ( 4, 2, 2, 2, 2, 2, 2, 2, 2, 2, 2, 2, 4 ),
 ( 1.217070340679543100E-013, 0.0002956972214135308300, 0.0005913944427053545500, 0.001182788885289002400, 0.001774183327872650600, 0.002069880549164477000, 0.002365577770456303600, 0.002661274991748129700, 0.002956972213039956300, 0.003548366655623609100, 0.003844063876915439100, 0.004139761098207270100, 0.004731155540790921500 ),
 .UNSPECIFIED. ) ;
#9897 = CARTESIAN_POINT ( 'NONE',  ( 0.0000000000000000000, 0.0000000000000000000, -17.00000000000000000 ) ) ;
#9898 = CARTESIAN_POINT ( 'NONE',  ( -17.67944947233549200, -12.99751941100000100, -0.9430728131723903300 ) ) ;
#9899 = ORIENTED_EDGE ( 'NONE', *, *, #1966, .F. ) ;
#9900 = CARTESIAN_POINT ( 'NONE',  ( 9.033347909758731500, 6.279688045531161200, 3.922331277948431200 ) ) ;
#9901 = DIRECTION ( 'NONE',  ( -0.0000000000000000000, 4.130293990420969400E-017, 1.000000000000000000 ) ) ;
#9902 = EDGE_LOOP ( 'NONE', ( #5125, #7772, #5009, #5005 ) ) ;
#9903 = EDGE_CURVE ( 'NONE', #8652, #9039, #436, .T. ) ;
#9904 = FACE_OUTER_BOUND ( 'NONE', #2239, .T. ) ;
#9905 = DIRECTION ( 'NONE',  ( -0.0000000000000000000, -1.000000000000000000, -0.0000000000000000000 ) ) ;
#9907 = VERTEX_POINT ( 'NONE', #2908 ) ;
#9906 = ADVANCED_FACE ( 'NONE', ( #7509 ), #188, .T. ) ;
#9908 = ORIENTED_EDGE ( 'NONE', *, *, #6661, .T. ) ;
#9909 = CIRCLE ( 'NONE', #6060, 1.749999999999999800 ) ;
#9910 = ADVANCED_FACE ( 'NONE', ( #4899 ), #8254, .F. ) ;
#9911 = CARTESIAN_POINT ( 'NONE',  ( 0.0000000000000000000, 0.0000000000000000000, 11.00000000000000000 ) ) ;
#9912 = VERTEX_POINT ( 'NONE', #543 ) ;
#9913 = LINE ( 'NONE', #4795, #4331 ) ;
#9914 = DIRECTION ( 'NONE',  ( 0.0000000000000000000, 0.0000000000000000000, -1.000000000000000000 ) ) ;
#9915 = DIRECTION ( 'NONE',  ( -1.000000000000000000, 0.0000000000000000000, 0.0000000000000000000 ) ) ;
#9916 = CYLINDRICAL_SURFACE ( 'NONE', #8517, 9.300000000000000700 ) ;
#9917 = ADVANCED_FACE ( 'NONE', ( #6266 ), #6510, .T. ) ;
#9918 = EDGE_CURVE ( 'NONE', #353, #6285, #2057, .T. ) ;
#9919 = AXIS2_PLACEMENT_3D ( 'NONE', #7657, #7724, #5279 ) ;
#9920 = EDGE_LOOP ( 'NONE', ( #9569, #3221, #9453, #3534, #3033 ) ) ;
#9921 = DIRECTION ( 'NONE',  ( -0.0000000000000000000, -0.0000000000000000000, 1.000000000000000000 ) ) ;
#9922 = UNCERTAINTY_MEASURE_WITH_UNIT (LENGTH_MEASURE( 1.000000000000000100E-005 ), #9895, 'distance_accuracy_value', 'NONE');
#9923 = CARTESIAN_POINT ( 'NONE',  ( -17.07676831702458000, 12.91285372328758100, -0.4092085851060758800 ) ) ;
#9924 = AXIS2_PLACEMENT_3D ( 'NONE', #1846, #8977, #282 ) ;
#9925 = CYLINDRICAL_SURFACE ( 'NONE', #5272, 1.649999999999998600 ) ;
#9926 = EDGE_LOOP ( 'NONE', ( #4227, #2284, #856, #3770, #6171, #3039 ) ) ;
#9927 = EDGE_CURVE ( 'NONE', #64, #9552, #4151, .T. ) ;
#9928 = CARTESIAN_POINT ( 'NONE',  ( 9.888301783000002800, 16.62983158500000200, -15.50000000000000000 ) ) ;
#9929 = DIRECTION ( 'NONE',  ( 1.000000000000000000, 0.0000000000000000000, 0.0000000000000000000 ) ) ;
#9930 = AXIS2_PLACEMENT_3D ( 'NONE', #9090, #1906, #8156 ) ;
#9931 = CARTESIAN_POINT ( 'NONE',  ( 0.0000000000000000000, 0.0000000000000000000, 0.2000000000000000100 ) ) ;
#9932 = ORIENTED_EDGE ( 'NONE', *, *, #7218, .T. ) ;
#9933 = CARTESIAN_POINT ( 'NONE',  ( -6.203424091315361500, -20.99999999999999600, -0.8910267690711979300 ) ) ;
#9934 = CIRCLE ( 'NONE', #10158, 7.200000000000001100 ) ;
#9935 = CONTEXT_DEPENDENT_SHAPE_REPRESENTATION ( #9779, #5855 ) ;
#9936 = VERTEX_POINT ( 'NONE', #7743 ) ;
#9937 = CARTESIAN_POINT ( 'NONE',  ( 3.000000000231520100, 0.0000000000000000000, -2.349999999662562500 ) ) ;
#9938 = EDGE_LOOP ( 'NONE', ( #914, #3760, #7818, #2004 ) ) ;
#9939 = EDGE_CURVE ( 'NONE', #6604, #6761, #4975, .T. ) ;
#9940 = CARTESIAN_POINT ( 'NONE',  ( -20.69999999999999900, 2.535018874235021200E-015, 0.0000000000000000000 ) ) ;
#9941 = ORIENTED_EDGE ( 'NONE', *, *, #2647, .T. ) ;
#9942 = CARTESIAN_POINT ( 'NONE',  ( -1.250000000000000000, 1.530808498934191600E-016, 31.00000000000000000 ) ) ;
#9943 = CONTEXT_DEPENDENT_SHAPE_REPRESENTATION ( #788, #5516 ) ;
#9944 = VERTEX_POINT ( 'NONE', #2240 ) ;
#9945 = VECTOR ( 'NONE', #7906, 1000.000000000000000 ) ;
#9946 = EDGE_CURVE ( 'NONE', #1655, #4115, #1428, .T. ) ;
#9947 = CC_DESIGN_PERSON_AND_ORGANIZATION_ASSIGNMENT ( #1936, #2895, ( #7674 ) ) ;
#9948 = ORIENTED_EDGE ( 'NONE', *, *, #4332, .T. ) ;
#9949 = CARTESIAN_POINT ( 'NONE',  ( -17.52036949651022700, 13.00000000010447100, -0.8163806860638018700 ) ) ;
#9950 = DATE_AND_TIME ( #9840, #1656 ) ;
#9951 = DIRECTION ( 'NONE',  ( 0.0000000000000000000, 0.0000000000000000000, 1.000000000000000000 ) ) ;
#9952 = VERTEX_POINT ( 'NONE', #3762 ) ;
#9953 = FACE_OUTER_BOUND ( 'NONE', #4749, .T. ) ;
#9954 = CARTESIAN_POINT ( 'NONE',  ( 0.0000000000000000000, 8.668666159944406500E-032, -20.00000000000000000 ) ) ;
#9955 = ADVANCED_FACE ( 'NONE', ( #666 ), #9734, .T. ) ;
#9956 = VERTEX_POINT ( 'NONE', #665 ) ;
#9957 = EDGE_CURVE ( 'NONE', #946, #3392, #9605, .T. ) ;
#9958 = AXIS2_PLACEMENT_3D ( 'NONE', #8127, #9575, #8890 ) ;
#9959 = DATE_TIME_ROLE ( 'creation_date' ) ;
#9960 = PRODUCT ( 'input shaft', 'input shaft', '', ( #720 ) ) ;
#9961 = CARTESIAN_POINT ( 'NONE',  ( -3.888301783000003700, -16.62983158500000200, -20.00000000000000000 ) ) ;
#9962 = CARTESIAN_POINT ( 'NONE',  ( -1.300000000000000300, -1.000000000000000000, 8.096295448999999400 ) ) ;
#9963 = VERTEX_POINT ( 'NONE', #10135 ) ;
#9964 = PERSON_AND_ORGANIZATION ( #9162, #4154 ) ;
#9965 = FACE_OUTER_BOUND ( 'NONE', #9980, .T. ) ;
#9966 = ADVANCED_FACE ( 'NONE', ( #6389 ), #4287, .T. ) ;
#9967 = CARTESIAN_POINT ( 'NONE',  ( 5.182287178999999400, 20.35052578200000200, 6.000000000000000000 ) ) ;
#9968 = VERTEX_POINT ( 'NONE', #5364 ) ;
#9969 = ORIENTED_EDGE ( 'NONE', *, *, #6166, .T. ) ;
#9970 = SHAPE_REPRESENTATION_RELATIONSHIP ( 'NONE' , 'NONE' ,  #4545, #9273 ) ;
#9971 = ORIENTED_EDGE ( 'NONE', *, *, #8011, .T. ) ;
#9972 = PERSON_AND_ORGANIZATION ( #9162, #4154 ) ;
#9973 = LINE ( 'NONE', #9657, #3648 ) ;
#9974 = CARTESIAN_POINT ( 'NONE',  ( -12.65000000000000000, -12.65000000000000000, 12.00000000000000000 ) ) ;
#9975 = EDGE_CURVE ( 'NONE', #6164, #6985, #2803, .T. ) ;
#9976 = ORIENTED_EDGE ( 'NONE', *, *, #857, .T. ) ;
#9977 = AXIS2_PLACEMENT_3D ( 'NONE', #2055, #379, #6027 ) ;
#9978 = FACE_OUTER_BOUND ( 'NONE', #1039, .T. ) ;
#9979 = DIRECTION ( 'NONE',  ( 0.0000000000000000000, -0.0000000000000000000, 1.000000000000000000 ) ) ;
#9980 = EDGE_LOOP ( 'NONE', ( #8527, #4036, #1084, #2079, #5223 ) ) ;
#9981 = ORIENTED_EDGE ( 'NONE', *, *, #2472, .T. ) ;
#9982 = DIRECTION ( 'NONE',  ( 0.0000000000000000000, -9.912705577010318600E-016, 1.000000000000000000 ) ) ;
#9983 = FACE_OUTER_BOUND ( 'NONE', #2232, .T. ) ;
#9984 = DIRECTION ( 'NONE',  ( -1.000000000000000000, 0.0000000000000000000, 0.0000000000000000000 ) ) ;
#9985 = EDGE_CURVE ( 'NONE', #6751, #2833, #1811, .T. ) ;
#9986 = CARTESIAN_POINT ( 'NONE',  ( 3.000000000000000000, -1.499999999485099900, 0.8660254034273999800 ) ) ;
#9987 = AXIS2_PLACEMENT_3D ( 'NONE', #697, #5530, #798 ) ;
#9988 = VECTOR ( 'NONE', #4271, 1000.000000000000000 ) ;
#9989 = ORIENTED_EDGE ( 'NONE', *, *, #995, .F. ) ;
#9990 = ORIENTED_EDGE ( 'NONE', *, *, #7470, .T. ) ;
#9991 = AXIS2_PLACEMENT_3D ( 'NONE', #1278, #1447, #9245 ) ;
#9992 = PLANE ( 'NONE',  #7598 ) ;
#9993 = PERSON_AND_ORGANIZATION_ROLE ( 'creator' ) ;
#9994 = CARTESIAN_POINT ( 'NONE',  ( -1.223529411102499500, 0.0000000000000000000, 4.641441131634203500 ) ) ;
#9995 = DIRECTION ( 'NONE',  ( -1.000000000000000000, -0.0000000000000000000, -0.0000000000000000000 ) ) ;
#9996 = CARTESIAN_POINT ( 'NONE',  ( 10.00000000000000000, -3.849999999999999600, 2.899999999999999900 ) ) ;
#9997 = CARTESIAN_POINT ( 'NONE',  ( 15.50000000000000000, -15.50000000000000000, -20.00000000000000000 ) ) ;
#9998 = CIRCLE ( 'NONE', #1154, 2.249999999999948000 ) ;
#9999 = ORIENTED_EDGE ( 'NONE', *, *, #6222, .T. ) ;
#10000 = CYLINDRICAL_SURFACE ( 'NONE', #5578, 4.700000000000000200 ) ;
#10001 = EDGE_CURVE ( 'NONE', #4659, #7487, #2182, .T. ) ;
#10002 = AXIS2_PLACEMENT_3D ( 'NONE', #7900, #10183, #1571 ) ;
#10003 = CARTESIAN_POINT ( 'NONE',  ( 8.456015744127363100, 7.546844890154722500, -2.656524553504862500 ) ) ;
#10004 = LINE ( 'NONE', #8099, #8395 ) ;
#10005 = DIRECTION ( 'NONE',  ( 1.000000000000000000, -0.0000000000000000000, -0.0000000000000000000 ) ) ;
#10006 = ORIENTED_EDGE ( 'NONE', *, *, #3126, .F. ) ;
#10007 = ORIENTED_EDGE ( 'NONE', *, *, #10245, .T. ) ;
#10008 = DIRECTION ( 'NONE',  ( 0.0000000000000000000, 2.664535259100375700E-015, 1.000000000000000000 ) ) ;
#10009 = ADVANCED_FACE ( 'NONE', ( #1690 ), #4027, .F. ) ;
#10010 = ORIENTED_EDGE ( 'NONE', *, *, #9748, .T. ) ;
#10011 = VECTOR ( 'NONE', #4681, 1000.000000000000000 ) ;
#10012 = EDGE_CURVE ( 'NONE', #3288, #6625, #8115, .T. ) ;
#10013 = ORIENTED_EDGE ( 'NONE', *, *, #9939, .T. ) ;
#10014 = DIRECTION ( 'NONE',  ( 0.0000000000000000000, 0.0000000000000000000, 1.000000000000000000 ) ) ;
#10015 = DIRECTION ( 'NONE',  ( 1.000000000000000000, -0.0000000000000000000, 0.0000000000000000000 ) ) ;
#10016 = CC_DESIGN_APPROVAL ( #7687, ( #1652 ) ) ;
#10017 = VECTOR ( 'NONE', #5205, 999.9999999999998900 ) ;
#10018 = ORIENTED_EDGE ( 'NONE', *, *, #6939, .F. ) ;
#10019 = VECTOR ( 'NONE', #535, 1000.000000000000000 ) ;
#10020 = DIRECTION ( 'NONE',  ( -0.0000000000000000000, 0.0000000000000000000, -1.000000000000000000 ) ) ;
#10021 = CARTESIAN_POINT ( 'NONE',  ( -13.00000000000000200, 17.67944947300812000, -0.9445422296444115900 ) ) ;
#10022 = DIRECTION ( 'NONE',  ( 0.0000000000000000000, -1.000000000000000000, 0.0000000000000000000 ) ) ;
#10023 = CARTESIAN_POINT ( 'NONE',  ( 5.000000000000000000, 3.061616997868383100E-016, -2.500000000000000000 ) ) ;
#10024 = FACE_OUTER_BOUND ( 'NONE', #9543, .T. ) ;
#10025 = CARTESIAN_POINT ( 'NONE',  ( 4.039242898490336100E-009, -21.00000000000000000, 0.0000000000000000000 ) ) ;
#10026 = ORIENTED_EDGE ( 'NONE', *, *, #6556, .T. ) ;
#10027 = LINE ( 'NONE', #1800, #5080 ) ;
#10028 = AXIS2_PLACEMENT_3D ( 'NONE', #2115, #8442, #8513 ) ;
#10029 = EDGE_CURVE ( 'NONE', #4792, #5697, #1943, .T. ) ;
#10030 = CARTESIAN_POINT ( 'NONE',  ( 16.62983158500000200, -6.888301783000001100, 6.000000000000000000 ) ) ;
#10031 = AXIS2_PLACEMENT_3D ( 'NONE', #9131, #3616, #9163 ) ;
#10032 = DIRECTION ( 'NONE',  ( 0.0000000000000000000, 0.0000000000000000000, -1.000000000000000000 ) ) ;
#10033 = CIRCLE ( 'NONE', #2473, 20.99999999999999600 ) ;
#10034 = PLANE ( 'NONE',  #1349 ) ;
#10035 = ORIENTED_EDGE ( 'NONE', *, *, #3890, .F. ) ;
#10036 = CARTESIAN_POINT ( 'NONE',  ( -21.25199999999999900, -21.25199999999999900, 10.00000000000000000 ) ) ;
#10037 = DIRECTION ( 'NONE',  ( -1.000000000000000000, 0.0000000000000000000, 0.0000000000000000000 ) ) ;
#10038 = ORIENTED_EDGE ( 'NONE', *, *, #9266, .T. ) ;
#10039 = CARTESIAN_POINT ( 'NONE',  ( 9.500000000000000000, 0.0000000000000000000, 11.00000000000000000 ) ) ;
#10040 = EDGE_CURVE ( 'NONE', #2094, #862, #5514, .T. ) ;
#10041 = LINE ( 'NONE', #469, #7322 ) ;
#10042 = DATE_AND_TIME ( #10167, #6081 ) ;
#10043 = ORIENTED_EDGE ( 'NONE', *, *, #5395, .T. ) ;
#10044 = CARTESIAN_POINT ( 'NONE',  ( 0.3000000000000000400, 0.0000000000000000000, 0.0000000000000000000 ) ) ;
#10045 = CARTESIAN_POINT ( 'NONE',  ( 1.148138814256803400, 21.00000000000000000, -7.927722877037325900E-011 ) ) ;
#10046 = ADVANCED_FACE ( 'NONE', ( #7863, #1550 ), #2939, .T. ) ;
#10047 = VERTEX_POINT ( 'NONE', #8677 ) ;
#10048 = CARTESIAN_POINT ( 'NONE',  ( -21.00000000000000000, 0.0000000000000000000, -15.00000000648000400 ) ) ;
#10049 = CYLINDRICAL_SURFACE ( 'NONE', #2337, 1.650000000000000100 ) ;
#10050 = APPROVAL_DATE_TIME ( #9430, #3644 ) ;
#10051 = ORIENTED_EDGE ( 'NONE', *, *, #9957, .T. ) ;
#10052 = CARTESIAN_POINT ( 'NONE',  ( -13.00000000000000200, -17.67696888263815000, -0.9425438105466145100 ) ) ;
#10053 = APPROVAL_STATUS ( 'not_yet_approved' ) ;
#10054 = CYLINDRICAL_SURFACE ( 'NONE', #9845, 2.999999999999997300 ) ;
#10055 = AXIS2_PLACEMENT_3D ( 'NONE', #1986, #9921, #518 ) ;
#10056 = DIRECTION ( 'NONE',  ( 0.0000000000000000000, 0.0000000000000000000, -1.000000000000000000 ) ) ;
#10057 = ADVANCED_FACE ( 'NONE', ( #10103 ), #8853, .T. ) ;
#10058 = CARTESIAN_POINT ( 'NONE',  ( -1.148374163332945000, -21.00000000000000000, 1.464738906878891100E-010 ) ) ;
#10059 = VERTEX_POINT ( 'NONE', #3997 ) ;
#10060 = CARTESIAN_POINT ( 'NONE',  ( -21.00000000270213700, 16.97056274513340700, -20.00000000000000000 ) ) ;
#10061 = EDGE_LOOP ( 'NONE', ( #2515, #7333, #1267, #6094 ) ) ;
#10062 = CIRCLE ( 'NONE', #3187, 21.00000000000000000 ) ;
#10063 = LOCAL_TIME ( 15, 11, 14.00000000000000000, #6101 ) ;
#10064 = ORIENTED_EDGE ( 'NONE', *, *, #2557, .T. ) ;
#10065 = EDGE_CURVE ( 'NONE', #5802, #226, #63, .T. ) ;
#10066 = VECTOR ( 'NONE', #1834, 1000.000000000000000 ) ;
#10067 = DIRECTION ( 'NONE',  ( 0.0000000000000000000, 0.0000000000000000000, -1.000000000000000000 ) ) ;
#10068 = DIRECTION ( 'NONE',  ( 0.0000000000000000000, -1.000000000000000000, -9.912705577010316700E-016 ) ) ;
#10069 = VERTEX_POINT ( 'NONE', #5561 ) ;
#10070 = CARTESIAN_POINT ( 'NONE',  ( 7.728819643184658100, 7.087871507808069200, -3.712667566451120400 ) ) ;
#10071 = VERTEX_POINT ( 'NONE', #9573 ) ;
#10072 = CARTESIAN_POINT ( 'NONE',  ( -2.332238092999999100, -1.000000000000000000, 5.876889377999997800 ) ) ;
#10073 = DIRECTION ( 'NONE',  ( 5.329070518200751400E-015, 1.000000000000000000, -8.260587980841938800E-017 ) ) ;
#10074 = EDGE_CURVE ( 'NONE', #1628, #6279, #5401, .T. ) ;
#10075 = ORIENTED_EDGE ( 'NONE', *, *, #5106, .T. ) ;
#10076 = APPROVAL_PERSON_ORGANIZATION ( #2517, #7687, #4782 ) ;
#10077 = APPROVAL ( #7073, '未指定' ) ;
#10078 = FACE_BOUND ( 'NONE', #6490, .T. ) ;
#10079 = DIRECTION ( 'NONE',  ( 1.000000000000000000, 0.0000000000000000000, 0.0000000000000000000 ) ) ;
#10080 = DIRECTION ( 'NONE',  ( -1.000000000000000000, 0.0000000000000000000, 0.0000000000000000000 ) ) ;
#10081 = ORIENTED_EDGE ( 'NONE', *, *, #4135, .T. ) ;
#10082 = CARTESIAN_POINT ( 'NONE',  ( -19.72521068184986200, -7.205492042703721000, 2.802929544166887800 ) ) ;
#10083 = CARTESIAN_POINT ( 'NONE',  ( -3.499999999253651200, 0.0000000000000000000, 7.549834434942297900 ) ) ;
#10084 = DIRECTION ( 'NONE',  ( 0.0000000000000000000, 1.000000000000000000, -7.228014483236695800E-017 ) ) ;
#10085 = ORIENTED_EDGE ( 'NONE', *, *, #6413, .T. ) ;
#10086 = DATE_AND_TIME ( #5628, #4008 ) ;
#10087 = VECTOR ( 'NONE', #3614, 1000.000000000000100 ) ;
#10088 = DIRECTION ( 'NONE',  ( -1.000000000000000000, -0.0000000000000000000, -0.0000000000000000000 ) ) ;
#10089 = EDGE_LOOP ( 'NONE', ( #3587, #7202, #8222, #1254 ) ) ;
#10090 = AXIS2_PLACEMENT_3D ( 'NONE', #7634, #2074, #8401 ) ;
#10091 = MECHANICAL_CONTEXT ( 'NONE', #1264, 'mechanical' ) ;
#10092 = CC_DESIGN_SECURITY_CLASSIFICATION ( #7448, ( #10280 ) ) ;
#10093 = CARTESIAN_POINT ( 'NONE',  ( 2.670049974999999500, 0.0000000000000000000, -2.648501250000000700 ) ) ;
#10094 = CARTESIAN_POINT ( 'NONE',  ( 21.00000000000000000, -4.307171998821954500E-009, 0.0000000000000000000 ) ) ;
#10095 = ORIENTED_EDGE ( 'NONE', *, *, #1067, .T. ) ;
#10096 = CARTESIAN_POINT ( 'NONE',  ( 0.0000000000000000000, -5.768399999999999700, 5.768399999999999700 ) ) ;
#10097 = ORIENTED_EDGE ( 'NONE', *, *, #6858, .T. ) ;
#10098 = PERSON_AND_ORGANIZATION ( #9162, #4154 ) ;
#10099 = DIRECTION ( 'NONE',  ( 0.0000000000000000000, -1.000000000000000000, -1.982541115402063300E-015 ) ) ;
#10100 = FACE_OUTER_BOUND ( 'NONE', #1012, .T. ) ;
#10101 = CARTESIAN_POINT ( 'NONE',  ( 0.5000000000000000000, -5.421010862427522200E-017, 1.732050808000000300 ) ) ;
#10102 = CARTESIAN_POINT ( 'NONE',  ( -13.00000000000000200, -18.79766965378853200, -1.845383190960792300 ) ) ;
#10103 = FACE_OUTER_BOUND ( 'NONE', #51, .T. ) ;
#10104 = ORIENTED_EDGE ( 'NONE', *, *, #2113, .F. ) ;
#10105 = DIRECTION ( 'NONE',  ( 0.0000000000000000000, 0.0000000000000000000, 1.000000000000000000 ) ) ;
#10106 = EDGE_CURVE ( 'NONE', #1512, #7061, #550, .T. ) ;
#10107 = PLANE ( 'NONE',  #5001 ) ;
#10108 = LINE ( 'NONE', #8242, #7007 ) ;
#10109 = CARTESIAN_POINT ( 'NONE',  ( 6.500000000400000000, 0.5999999990201617700, -4.963869458514778900 ) ) ;
#10110 = AXIS2_PLACEMENT_3D ( 'NONE', #481, #2241, #2150 ) ;
#10111 = DIRECTION ( 'NONE',  ( 1.000000000000000000, -0.0000000000000000000, -0.0000000000000000000 ) ) ;
#10112 = ADVANCED_FACE ( 'NONE', ( #781, #6752 ), #50, .T. ) ;
#10113 = CIRCLE ( 'NONE', #4128, 6.250000000000000000 ) ;
#10114 = ORIENTED_EDGE ( 'NONE', *, *, #5650, .T. ) ;
#10115 = ORIENTED_EDGE ( 'NONE', *, *, #5492, .T. ) ;
#10116 = DIRECTION ( 'NONE',  ( 0.0000000000000000000, -1.000000000000000000, 0.0000000000000000000 ) ) ;
#10117 = EDGE_CURVE ( 'NONE', #9552, #9907, #2677, .T. ) ;
#10118 = CARTESIAN_POINT ( 'NONE',  ( -12.78117006317917900, 16.76879072719010500, -0.08436807457943836000 ) ) ;
#10119 = AXIS2_PLACEMENT_3D ( 'NONE', #1121, #9914, #6059 ) ;
#10120 = CARTESIAN_POINT ( 'NONE',  ( 10.00000000000000000, -7.719455939378111300, 2.100000000000000100 ) ) ;
#10121 = LINE ( 'NONE', #4667, #9498 ) ;
#10122 = ORIENTED_EDGE ( 'NONE', *, *, #9122, .T. ) ;
#10123 = CARTESIAN_POINT ( 'NONE',  ( 0.0000000000000000000, 0.0000000000000000000, 11.19999999999999900 ) ) ;
#10124 = SECURITY_CLASSIFICATION_LEVEL ( 'unclassified' ) ;
#10125 = CARTESIAN_POINT ( 'NONE',  ( 2.571758278209442100E-015, -21.00000000000000000, 0.2999999999999999300 ) ) ;
#10126 = EDGE_CURVE ( 'NONE', #7307, #3308, #4518, .T. ) ;
#10127 = CARTESIAN_POINT ( 'NONE',  ( 10.00000000000000000, 0.6000000000000000900, -2.899999999999999900 ) ) ;
#10128 = CARTESIAN_POINT ( 'NONE',  ( -4.700000000000000200, 0.0000000000000000000, 12.40000000000000200 ) ) ;
#10129 = EDGE_LOOP ( 'NONE', ( #600, #7374, #425, #7783 ) ) ;
#10130 = VECTOR ( 'NONE', #7850, 1000.000000000000000 ) ;
#10131 = ORIENTED_EDGE ( 'NONE', *, *, #7571, .T. ) ;
#10132 = EDGE_CURVE ( 'NONE', #439, #4243, #9104, .T. ) ;
#10133 = ORIENTED_EDGE ( 'NONE', *, *, #3859, .T. ) ;
#10134 = FACE_OUTER_BOUND ( 'NONE', #4217, .T. ) ;
#10135 = CARTESIAN_POINT ( 'NONE',  ( 9.300000000000000700, 0.0000000000000000000, 4.799999999999999800 ) ) ;
#10136 = APPROVAL ( #9161, '未指定' ) ;
#10137 = CARTESIAN_POINT ( 'NONE',  ( 7.654968855058982100, 6.945971813652605900, -3.971813003417836700 ) ) ;
#10138 = VECTOR ( 'NONE', #3806, 1000.000000000000200 ) ;
#10139 = ORIENTED_EDGE ( 'NONE', *, *, #424, .T. ) ;
#10140 = LINE ( 'NONE', #5787, #3701 ) ;
#10141 = ORIENTED_EDGE ( 'NONE', *, *, #4979, .T. ) ;
#10142 = VECTOR ( 'NONE', #4865, 1000.000000000000000 ) ;
#10143 = EDGE_CURVE ( 'NONE', #7977, #5249, #979, .T. ) ;
#10144 = CARTESIAN_POINT ( 'NONE',  ( 6.000000000000000000, 0.0000000000000000000, 6.500000000000000900 ) ) ;
#10145 = SECURITY_CLASSIFICATION ( '', '', #1684 ) ;
#10146 = DIRECTION ( 'NONE',  ( 0.0000000000000000000, 0.0000000000000000000, 1.000000000000000000 ) ) ;
#10147 = LINE ( 'NONE', #7862, #6695 ) ;
#10148 = EDGE_LOOP ( 'NONE', ( #9865, #1997, #5123, #9333, #1540, #5986, #9786, #2824 ) ) ;
#10149 = CARTESIAN_POINT ( 'NONE',  ( 8.945063741620861800, 7.036914683883038500, 3.808243957461239700 ) ) ;
#10150 = CARTESIAN_POINT ( 'NONE',  ( 0.0000000000000000000, 0.0000000000000000000, 0.0000000000000000000 ) ) ;
#10151 = SECURITY_CLASSIFICATION_LEVEL ( 'unclassified' ) ;
#10152 = PLANE ( 'NONE',  #3470 ) ;
#10153 = CARTESIAN_POINT ( 'NONE',  ( 20.99999999999999600, -8.907190810003310600, -1.717676762641254400 ) ) ;
#10154 = ADVANCED_FACE ( 'NONE', ( #3768 ), #4637, .T. ) ;
#10155 = CARTESIAN_POINT ( 'NONE',  ( 2.332238092999999100, -1.000000000000000000, 6.626889377999998700 ) ) ;
#10156 = CARTESIAN_POINT ( 'NONE',  ( 9.230646701062605400, -4.500000000047208500, 6.614378277798602200 ) ) ;
#10157 = LINE ( 'NONE', #1291, #1746 ) ;
#10158 = AXIS2_PLACEMENT_3D ( 'NONE', #4624, #1473, #8706 ) ;
#10159 = VERTEX_POINT ( 'NONE', #8645 ) ;
#10160 = EDGE_CURVE ( 'NONE', #4327, #3621, #1676, .T. ) ;
#10161 = DIRECTION ( 'NONE',  ( -1.000000000000000000, 0.0000000000000000000, 0.0000000000000000000 ) ) ;
#10162 = ORIENTED_EDGE ( 'NONE', *, *, #4957, .F. ) ;
#10163 = DIRECTION ( 'NONE',  ( 0.0000000000000000000, 0.0000000000000000000, -1.000000000000000000 ) ) ;
#10164 = CARTESIAN_POINT ( 'NONE',  ( 12.99751941100000100, -17.67696888187445800, -0.9410742601651001000 ) ) ;
#10165 = LINE ( 'NONE', #2669, #2753 ) ;
#10166 = CARTESIAN_POINT ( 'NONE',  ( 1.499999999730664600, 3.708099243765733600, 16.99999999978848900 ) ) ;
#10167 = CALENDAR_DATE ( 2023, 10, 1 ) ;
#10168 = EDGE_LOOP ( 'NONE', ( #2540, #10026, #8542 ) ) ;
#10169 = ORIENTED_EDGE ( 'NONE', *, *, #2966, .T. ) ;
#10170 = EDGE_CURVE ( 'NONE', #4147, #2279, #3264, .T. ) ;
#10171 = DIRECTION ( 'NONE',  ( -1.000000000000000000, 0.0000000000000000000, 0.0000000000000000000 ) ) ;
#10172 = EDGE_CURVE ( 'NONE', #1905, #4921, #2409, .T. ) ;
#10173 = EDGE_LOOP ( 'NONE', ( #378, #3385, #7067, #27, #3864, #1804, #5579, #9632 ) ) ;
#10174 = CIRCLE ( 'NONE', #7387, 7.200000000000001100 ) ;
#10175 = B_SPLINE_CURVE_WITH_KNOTS ( 'NONE', 3,
 ( #6708, #1940, #3579, #6740, #5945, #9160 ),
 .UNSPECIFIED., .F., .F.,
 ( 4, 2, 4 ),
 ( 3.937935313039387500E-013, 0.0006062043477149903200, 0.001212408695036187100 ),
 .UNSPECIFIED. ) ;
#10176 = ORGANIZATION ( 'NAUO-ORG3', 'UNSPECIFIED', 'UNSPECIFIED' ) ;
#10177 = AXIS2_PLACEMENT_3D ( 'NONE', #639, #3800, #10037 ) ;
#10178 = DIRECTION ( 'NONE',  ( -0.9238795325268022200, 0.3826834323276323000, 0.0000000000000000000 ) ) ;
#10179 = EDGE_LOOP ( 'NONE', ( #2863, #2934 ) ) ;
#10180 = FACE_BOUND ( 'NONE', #1815, .T. ) ;
#10181 = EDGE_LOOP ( 'NONE', ( #2016, #5783, #6501 ) ) ;
#10182 = VERTEX_POINT ( 'NONE', #1584 ) ;
#10183 = DIRECTION ( 'NONE',  ( 0.0000000000000000000, -6.424901762877064700E-017, 1.000000000000000000 ) ) ;
#10184 = PERSON_AND_ORGANIZATION_ROLE ( 'classification_officer' ) ;
#10185 = DIRECTION ( 'NONE',  ( 1.355252715606880800E-016, 1.000000000000000000, 0.0000000000000000000 ) ) ;
#10186 = CARTESIAN_POINT ( 'NONE',  ( 10.00000000000000000, -7.719455939378111300, 2.100000000000000100 ) ) ;
#10187 = APPROVAL_PERSON_ORGANIZATION ( #3247, #1049, #2363 ) ;
#10188 = VERTEX_POINT ( 'NONE', #2628 ) ;
#10189 = FACE_OUTER_BOUND ( 'NONE', #706, .T. ) ;
#10190 = CARTESIAN_POINT ( 'NONE',  ( 10.00000000000000000, -0.5999999999999998700, -5.750000000000000900 ) ) ;
#10191 = AXIS2_PLACEMENT_3D ( 'NONE', #5029, #3425, #9008 ) ;
#10192 = ORIENTED_EDGE ( 'NONE', *, *, #9089, .T. ) ;
#10193 = DIRECTION ( 'NONE',  ( 0.0000000000000000000, 1.000000000000000000, -2.168404344971008900E-016 ) ) ;
#10194 = DIRECTION ( 'NONE',  ( -0.0000000000000000000, -0.0000000000000000000, -1.000000000000000000 ) ) ;
#10195 = ORIENTED_EDGE ( 'NONE', *, *, #10143, .F. ) ;
#10196 = CALENDAR_DATE ( 2023, 10, 1 ) ;
#10197 = DIRECTION ( 'NONE',  ( 0.0000000000000000000, -9.912705577010318600E-016, 1.000000000000000000 ) ) ;
#10198 = CIRCLE ( 'NONE', #3143, 20.69999999999999900 ) ;
#10199 = CARTESIAN_POINT ( 'NONE',  ( -17.77788187744799900, 4.116663204191999300, 10.00000000000000000 ) ) ;
#10200 = ORIENTED_EDGE ( 'NONE', *, *, #237, .T. ) ;
#10201 = DIRECTION ( 'NONE',  ( -0.0000000000000000000, -0.0000000000000000000, 1.000000000000000000 ) ) ;
#10202 = EDGE_CURVE ( 'NONE', #1914, #9315, #2790, .T. ) ;
#10203 = ORIENTED_EDGE ( 'NONE', *, *, #7571, .F. ) ;
#10204 = PRODUCT_DEFINITION ( '未知', '', #459, #4187 ) ;
#10205 = CARTESIAN_POINT ( 'NONE',  ( 6.250000000000000000, 7.654042494670957600E-016, 10.00000000000000000 ) ) ;
#10206 = ORIENTED_EDGE ( 'NONE', *, *, #10220, .F. ) ;
#10207 = ADVANCED_FACE ( 'NONE', ( #8986 ), #5891, .F. ) ;
#10208 = ORIENTED_EDGE ( 'NONE', *, *, #570, .F. ) ;
#10209 = LOCAL_TIME ( 15, 11, 14.00000000000000000, #6373 ) ;
#10210 = CARTESIAN_POINT ( 'NONE',  ( 10.00000000000000000, -5.562148865321747200, -5.750000000000000900 ) ) ;
#10211 = CIRCLE ( 'NONE', #5156, 1.250000000000000200 ) ;
#10212 = DIRECTION ( 'NONE',  ( 0.3826834323276323000, 0.9238795325268022200, 0.0000000000000000000 ) ) ;
#10213 = CARTESIAN_POINT ( 'NONE',  ( -7.969340740000000700, -4.500000000000000900, 1.500000000000000000 ) ) ;
#10214 = VECTOR ( 'NONE', #635, 1000.000000000000000 ) ;
#10215 = ORIENTED_EDGE ( 'NONE', *, *, #3233, .T. ) ;
#10216 = ORIENTED_EDGE ( 'NONE', *, *, #5725, .T. ) ;
#10217 = LINE ( 'NONE', #2237, #6770 ) ;
#10218 = AXIS2_PLACEMENT_3D ( 'NONE', #4098, #4729, #5560 ) ;
#10219 = APPROVAL_STATUS ( 'not_yet_approved' ) ;
#10220 = EDGE_CURVE ( 'NONE', #8614, #498, #4013, .T. ) ;
#10221 = CARTESIAN_POINT ( 'NONE',  ( 11.98668678614270500, -21.00000000000000000, -3.164889477182118800 ) ) ;
#10222 = DIRECTION ( 'NONE',  ( 0.0000000000000000000, 1.000000000000000000, 0.0000000000000000000 ) ) ;
#10223 = DIRECTION ( 'NONE',  ( 0.0000000000000000000, -1.000000000000000000, 0.0000000000000000000 ) ) ;
#10224 = CARTESIAN_POINT ( 'NONE',  ( 1.223529411815991200, 0.0000000000000000000, 4.641441131446120100 ) ) ;
#10225 = VECTOR ( 'NONE', #881, 1000.000000000000000 ) ;
#10226 = ORIENTED_EDGE ( 'NONE', *, *, #1954, .T. ) ;
#10227 = ORIENTED_EDGE ( 'NONE', *, *, #7234, .T. ) ;
#10228 = DIRECTION ( 'NONE',  ( 0.0000000000000000000, -1.000000000000000000, -9.912705577010326500E-016 ) ) ;
#10229 = DIRECTION ( 'NONE',  ( 0.0000000000000000000, 0.0000000000000000000, -1.000000000000000000 ) ) ;
#10230 = DIRECTION ( 'NONE',  ( 0.0000000000000000000, -8.881784197001252300E-016, 1.000000000000000000 ) ) ;
#10231 = DIRECTION ( 'NONE',  ( 0.0000000000000000000, 0.0000000000000000000, -1.000000000000000000 ) ) ;
#10232 = EDGE_CURVE ( 'NONE', #3013, #1512, #6991, .T. ) ;
#10233 = AXIS2_PLACEMENT_3D ( 'NONE', #714, #8761, #779 ) ;
#10234 = LINE ( 'NONE', #435, #68 ) ;
#10235 = CARTESIAN_POINT ( 'NONE',  ( -4.000000000000000000, 0.0000000000000000000, 31.00000000000000000 ) ) ;
#10236 = ORIENTED_EDGE ( 'NONE', *, *, #9020, .T. ) ;
#10237 = DIRECTION ( 'NONE',  ( 0.0000000000000000000, 0.0000000000000000000, -1.000000000000000000 ) ) ;
#10238 = FACE_BOUND ( 'NONE', #1978, .T. ) ;
#10239 = AXIS2_PLACEMENT_3D ( 'NONE', #803, #1557, #7992 ) ;
#10240 = CARTESIAN_POINT ( 'NONE',  ( -5.755954265999998000, -1.000000000000000000, 0.0000000000000000000 ) ) ;
#10241 = DIRECTION ( 'NONE',  ( 1.000000000000000000, 2.710505431213759600E-016, 0.0000000000000000000 ) ) ;
#10242 = LINE ( 'NONE', #7813, #10130 ) ;
#10243 = ORIENTED_EDGE ( 'NONE', *, *, #3970, .T. ) ;
#10244 = B_SPLINE_CURVE_WITH_KNOTS ( 'NONE', 3,
 ( #2697, #7402, #8153, #3411 ),
 .UNSPECIFIED., .F., .F.,
 ( 4, 4 ),
 ( 8.039695577117283100E-013, 0.001958715734975560600 ),
 .UNSPECIFIED. ) ;
#10245 = EDGE_CURVE ( 'NONE', #8846, #3427, #1420, .T. ) ;
#10246 = DIRECTION ( 'NONE',  ( 1.000000000000000000, 0.0000000000000000000, 0.0000000000000000000 ) ) ;
#10247 = AXIS2_PLACEMENT_3D ( 'NONE', #9288, #7693, #8503 ) ;
#10248 = ORIENTED_EDGE ( 'NONE', *, *, #7629, .T. ) ;
#10249 = DIRECTION ( 'NONE',  ( 0.0000000000000000000, 0.0000000000000000000, 1.000000000000000000 ) ) ;
#10250 = ORIENTED_EDGE ( 'NONE', *, *, #4403, .T. ) ;
#10251 = CARTESIAN_POINT ( 'NONE',  ( 0.0000000000000000000, 7.164183775012016400E-016, 5.700000000000000200 ) ) ;
#10252 = APPROVAL_ROLE ( '' ) ;
#10253 = CYLINDRICAL_SURFACE ( 'NONE', #4148, 0.7500000000000006700 ) ;
#10254 = VERTEX_POINT ( 'NONE', #121 ) ;
#10255 = CARTESIAN_POINT ( 'NONE',  ( 10.96006347252119500, -21.00000000000000000, -2.669074920593641000 ) ) ;
#10256 = DIRECTION ( 'NONE',  ( -1.000000000000000000, 0.0000000000000000000, 0.0000000000000000000 ) ) ;
#10257 = EDGE_CURVE ( 'NONE', #9553, #4240, #7733, .T. ) ;
#10258 = VECTOR ( 'NONE', #6694, 1000.000000000000000 ) ;
#10259 = ADVANCED_FACE ( 'NONE', ( #5146 ), #2171, .F. ) ;
#10260 = DIRECTION ( 'NONE',  ( 0.0000000000000000000, 0.0000000000000000000, -1.000000000000000000 ) ) ;
#10261 = EDGE_LOOP ( 'NONE', ( #397, #4959, #6829, #4999 ) ) ;
#10262 = LINE ( 'NONE', #6910, #7911 ) ;
#10263 = DIRECTION ( 'NONE',  ( -1.000000000000000000, 0.0000000000000000000, 0.0000000000000000000 ) ) ;
#10264 = EDGE_CURVE ( 'NONE', #3819, #4927, #1933, .T. ) ;
#10265 = DIRECTION ( 'NONE',  ( 1.000000000000000000, 0.0000000000000000000, 0.0000000000000000000 ) ) ;
#10266 = CC_DESIGN_PERSON_AND_ORGANIZATION_ASSIGNMENT ( #9849, #3050, ( #7223 ) ) ;
#10267 = VECTOR ( 'NONE', #923, 1000.000000000000100 ) ;
#10268 = CARTESIAN_POINT ( 'NONE',  ( 10.72556437639850900, 18.05442518630076500, 9.999999999999998200 ) ) ;
#10269 = ORIENTED_EDGE ( 'NONE', *, *, #5316, .T. ) ;
#10270 = FACE_BOUND ( 'NONE', #1713, .T. ) ;
#10271 = NEXT_ASSEMBLY_USAGE_OCCURRENCE ( 'NAUO1', ' ', ' ', #895, #8424, $ ) ;
#10272 = NEXT_ASSEMBLY_USAGE_OCCURRENCE ( 'NAUO2', ' ', ' ', #895, #1192, $ ) ;
#10273 = NEXT_ASSEMBLY_USAGE_OCCURRENCE ( 'NAUO3', ' ', ' ', #895, #10204, $ ) ;
#10274 = NEXT_ASSEMBLY_USAGE_OCCURRENCE ( 'NAUO4', ' ', ' ', #895, #7223, $ ) ;
#10275 = NEXT_ASSEMBLY_USAGE_OCCURRENCE ( 'NAUO5', ' ', ' ', #895, #9078, $ ) ;
#10276 = NEXT_ASSEMBLY_USAGE_OCCURRENCE ( 'NAUO6', ' ', ' ', #895, #9078, $ ) ;
#10277 = NEXT_ASSEMBLY_USAGE_OCCURRENCE ( 'NAUO7', ' ', ' ', #895, #9078, $ ) ;
#10278 = NEXT_ASSEMBLY_USAGE_OCCURRENCE ( 'NAUO8', ' ', ' ', #895, #9078, $ ) ;
#10279 = NEXT_ASSEMBLY_USAGE_OCCURRENCE ( 'NAUO9', ' ', ' ', #895, #5558, $ ) ;
#10280 = NEXT_ASSEMBLY_USAGE_OCCURRENCE ( 'NAUO10', ' ', ' ', #895, #9078, $ ) ;
#10281 = NEXT_ASSEMBLY_USAGE_OCCURRENCE ( 'NAUO11', ' ', ' ', #895, #9078, $ ) ;
#10282 = NEXT_ASSEMBLY_USAGE_OCCURRENCE ( 'NAUO12', ' ', ' ', #895, #9078, $ ) ;
#10283 = NEXT_ASSEMBLY_USAGE_OCCURRENCE ( 'NAUO13', ' ', ' ', #895, #9078, $ ) ;
ENDSEC;
END-ISO-10303-21;
